pdb	heavy_chain	CDR_H3	CDR_H2	CDR_H1	CDR_H1_mean_hydrophobicity	CDR_H1_mean_charge	CDR_H1_mean_polarity	CDR_H1_mean_mass	CDR_H2_mean_hydrophobicity	CDR_H2_mean_charge	CDR_H2_mean_polarity	CDR_H2_mean_mass	CDR_H3_mean_hydrophobicity	CDR_H3_mean_charge	CDR_H3_mean_polarity	CDR_H3_mean_mass	CDR_H1_count_A	CDR_H1_count_R	CDR_H1_count_N	CDR_H1_count_D	CDR_H1_count_C	CDR_H1_count_Q	CDR_H1_count_E	CDR_H1_count_G	CDR_H1_count_H	CDR_H1_count_I	CDR_H1_count_L	CDR_H1_count_K	CDR_H1_count_M	CDR_H1_count_F	CDR_H1_count_P	CDR_H1_count_S	CDR_H1_count_T	CDR_H1_count_W	CDR_H1_count_Y	CDR_H1_count_V	CDR_H2_count_A	CDR_H2_count_R	CDR_H2_count_N	CDR_H2_count_D	CDR_H2_count_C	CDR_H2_count_Q	CDR_H2_count_E	CDR_H2_count_G	CDR_H2_count_H	CDR_H2_count_I	CDR_H2_count_L	CDR_H2_count_K	CDR_H2_count_M	CDR_H2_count_F	CDR_H2_count_P	CDR_H2_count_S	CDR_H2_count_T	CDR_H2_count_W	CDR_H2_count_Y	CDR_H2_count_V	CDR_H3_count_A	CDR_H3_count_R	CDR_H3_count_N	CDR_H3_count_D	CDR_H3_count_C	CDR_H3_count_Q	CDR_H3_count_E	CDR_H3_count_G	CDR_H3_count_H	CDR_H3_count_I	CDR_H3_count_L	CDR_H3_count_K	CDR_H3_count_M	CDR_H3_count_F	CDR_H3_count_P	CDR_H3_count_S	CDR_H3_count_T	CDR_H3_count_W	CDR_H3_count_Y	CDR_H3_count_V	cdr_h1_length	cdr_h2_length	cdr_h3_length	CDR_H1_mean_hy1drophobicity	CDR_H2_mean_hy1drophobicity	CDR_H3_mean_hy1drophobicity	source	CDR_H1_relfreq_A	CDR_H1_relfreq_R	CDR_H1_relfreq_N	CDR_H1_relfreq_D	CDR_H1_relfreq_C	CDR_H1_relfreq_Q	CDR_H1_relfreq_E	CDR_H1_relfreq_G	CDR_H1_relfreq_H	CDR_H1_relfreq_I	CDR_H1_relfreq_L	CDR_H1_relfreq_K	CDR_H1_relfreq_M	CDR_H1_relfreq_F	CDR_H1_relfreq_P	CDR_H1_relfreq_S	CDR_H1_relfreq_T	CDR_H1_relfreq_W	CDR_H1_relfreq_Y	CDR_H1_relfreq_V	CDR_H2_relfreq_A	CDR_H2_relfreq_R	CDR_H2_relfreq_N	CDR_H2_relfreq_D	CDR_H2_relfreq_C	CDR_H2_relfreq_Q	CDR_H2_relfreq_E	CDR_H2_relfreq_G	CDR_H2_relfreq_H	CDR_H2_relfreq_I	CDR_H2_relfreq_L	CDR_H2_relfreq_K	CDR_H2_relfreq_M	CDR_H2_relfreq_F	CDR_H2_relfreq_P	CDR_H2_relfreq_S	CDR_H2_relfreq_T	CDR_H2_relfreq_W	CDR_H2_relfreq_Y	CDR_H2_relfreq_V	CDR_H3_relfreq_A	CDR_H3_relfreq_R	CDR_H3_relfreq_N	CDR_H3_relfreq_D	CDR_H3_relfreq_C	CDR_H3_relfreq_Q	CDR_H3_relfreq_E	CDR_H3_relfreq_G	CDR_H3_relfreq_H	CDR_H3_relfreq_I	CDR_H3_relfreq_L	CDR_H3_relfreq_K	CDR_H3_relfreq_M	CDR_H3_relfreq_F	CDR_H3_relfreq_P	CDR_H3_relfreq_S	CDR_H3_relfreq_T	CDR_H3_relfreq_W	CDR_H3_relfreq_Y	CDR_H3_relfreq_V
8rmx	E	RFVGTLDV	FWDDD	GFSLDTSGV	0.4666666666666665	-0.1111111111111111	8.222222222222221	114.00555555555556	-1.72	-0.6	9.92	153.744	0.7375	0.0	7.875	129.01874999999998	0.0	0.0	0.0	1.0	0.0	0.0	0.0	2.0	0.0	0.0	1.0	0.0	0.0	1.0	0.0	2.0	1.0	0.0	0.0	1.0	0.0	0.0	0.0	3.0	0.0	0.0	0.0	0.0	0.0	0.0	0.0	0.0	0.0	1.0	0.0	0.0	0.0	1.0	0.0	0.0	0.0	1.0	0.0	1.0	0.0	0.0	0.0	1.0	0.0	0.0	1.0	0.0	0.0	1.0	0.0	0.0	1.0	0.0	0.0	2.0	9	5	8	0.4666666666666665	-1.72	0.7375	human	0.0	0.0	0.0	0.1111111111111111	0.0	0.0	0.0	0.2222222222222222	0.0	0.0	0.1111111111111111	0.0	0.0	0.1111111111111111	0.0	0.2222222222222222	0.1111111111111111	0.0	0.0	0.1111111111111111	0.0	0.0	0.0	0.6	0.0	0.0	0.0	0.0	0.0	0.0	0.0	0.0	0.0	0.2	0.0	0.0	0.0	0.2	0.0	0.0	0.0	0.125	0.0	0.125	0.0	0.0	0.0	0.125	0.0	0.0	0.125	0.0	0.0	0.125	0.0	0.0	0.125	0.0	0.0	0.25
8rmy	E	RFVGTLDV	FWDDD	GFSLDTSGV	0.4666666666666665	-0.1111111111111111	8.222222222222221	114.00555555555556	-1.72	-0.6	9.92	153.744	0.7375	0.0	7.875	129.01874999999998	0.0	0.0	0.0	1.0	0.0	0.0	0.0	2.0	0.0	0.0	1.0	0.0	0.0	1.0	0.0	2.0	1.0	0.0	0.0	1.0	0.0	0.0	0.0	3.0	0.0	0.0	0.0	0.0	0.0	0.0	0.0	0.0	0.0	1.0	0.0	0.0	0.0	1.0	0.0	0.0	0.0	1.0	0.0	1.0	0.0	0.0	0.0	1.0	0.0	0.0	1.0	0.0	0.0	1.0	0.0	0.0	1.0	0.0	0.0	2.0	9	5	8	0.4666666666666665	-1.72	0.7375	human	0.0	0.0	0.0	0.1111111111111111	0.0	0.0	0.0	0.2222222222222222	0.0	0.0	0.1111111111111111	0.0	0.0	0.1111111111111111	0.0	0.2222222222222222	0.1111111111111111	0.0	0.0	0.1111111111111111	0.0	0.0	0.0	0.6	0.0	0.0	0.0	0.0	0.0	0.0	0.0	0.0	0.0	0.2	0.0	0.0	0.0	0.2	0.0	0.0	0.0	0.125	0.0	0.125	0.0	0.0	0.0	0.125	0.0	0.0	0.125	0.0	0.0	0.125	0.0	0.0	0.125	0.0	0.0	0.25
9avo	B	GYGWALDY	YPYYGS	GFNVSYY	-0.0428571428571428	0.0	7.614285714285714	136.71428571428572	-1.1166666666666667	0.0	7.466666666666666	139.81	-0.275	-0.125	7.725	133.76375	0.0	0.0	1.0	0.0	0.0	0.0	0.0	1.0	0.0	0.0	0.0	0.0	0.0	1.0	0.0	1.0	0.0	0.0	2.0	1.0	0.0	0.0	0.0	0.0	0.0	0.0	0.0	1.0	0.0	0.0	0.0	0.0	0.0	0.0	1.0	1.0	0.0	0.0	3.0	0.0	1.0	0.0	0.0	1.0	0.0	0.0	0.0	2.0	0.0	0.0	1.0	0.0	0.0	0.0	0.0	0.0	0.0	1.0	2.0	0.0	7	6	8	-0.0428571428571428	-1.1166666666666667	-0.275	human	0.0	0.0	0.1428571428571428	0.0	0.0	0.0	0.0	0.1428571428571428	0.0	0.0	0.0	0.0	0.0	0.1428571428571428	0.0	0.1428571428571428	0.0	0.0	0.2857142857142857	0.1428571428571428	0.0	0.0	0.0	0.0	0.0	0.0	0.0	0.1666666666666666	0.0	0.0	0.0	0.0	0.0	0.0	0.1666666666666666	0.1666666666666666	0.0	0.0	0.5	0.0	0.125	0.0	0.0	0.125	0.0	0.0	0.0	0.25	0.0	0.0	0.125	0.0	0.0	0.0	0.0	0.0	0.0	0.125	0.25	0.0
9awe	B	GYGWALDY	YPYYGS	GFNVSYY	-0.0428571428571428	0.0	7.614285714285714	136.71428571428572	-1.1166666666666667	0.0	7.466666666666666	139.81	-0.275	-0.125	7.725	133.76375	0.0	0.0	1.0	0.0	0.0	0.0	0.0	1.0	0.0	0.0	0.0	0.0	0.0	1.0	0.0	1.0	0.0	0.0	2.0	1.0	0.0	0.0	0.0	0.0	0.0	0.0	0.0	1.0	0.0	0.0	0.0	0.0	0.0	0.0	1.0	1.0	0.0	0.0	3.0	0.0	1.0	0.0	0.0	1.0	0.0	0.0	0.0	2.0	0.0	0.0	1.0	0.0	0.0	0.0	0.0	0.0	0.0	1.0	2.0	0.0	7	6	8	-0.0428571428571428	-1.1166666666666667	-0.275	human	0.0	0.0	0.1428571428571428	0.0	0.0	0.0	0.0	0.1428571428571428	0.0	0.0	0.0	0.0	0.0	0.1428571428571428	0.0	0.1428571428571428	0.0	0.0	0.2857142857142857	0.1428571428571428	0.0	0.0	0.0	0.0	0.0	0.0	0.0	0.1666666666666666	0.0	0.0	0.0	0.0	0.0	0.0	0.1666666666666666	0.1666666666666666	0.0	0.0	0.5	0.0	0.125	0.0	0.0	0.125	0.0	0.0	0.0	0.25	0.0	0.0	0.125	0.0	0.0	0.0	0.0	0.0	0.0	0.125	0.25	0.0
9dq3	H	TGWLGPFDY	SYDGRH	GFTFSKY	-0.2142857142857142	0.1428571428571428	7.814285714285715	136.72	-2.283333333333333	0.1666666666666666	9.716666666666669	137.30166666666665	-0.2444444444444444	-0.1111111111111111	7.699999999999999	133.2522222222222	0.0	0.0	0.0	0.0	0.0	0.0	0.0	1.0	0.0	0.0	0.0	1.0	0.0	2.0	0.0	1.0	1.0	0.0	1.0	0.0	0.0	1.0	0.0	1.0	0.0	0.0	0.0	1.0	1.0	0.0	0.0	0.0	0.0	0.0	0.0	1.0	0.0	0.0	1.0	0.0	0.0	0.0	0.0	1.0	0.0	0.0	0.0	2.0	0.0	0.0	1.0	0.0	0.0	1.0	1.0	0.0	1.0	1.0	1.0	0.0	7	6	9	-0.2142857142857142	-2.283333333333333	-0.2444444444444444	human	0.0	0.0	0.0	0.0	0.0	0.0	0.0	0.1428571428571428	0.0	0.0	0.0	0.1428571428571428	0.0	0.2857142857142857	0.0	0.1428571428571428	0.1428571428571428	0.0	0.1428571428571428	0.0	0.0	0.1666666666666666	0.0	0.1666666666666666	0.0	0.0	0.0	0.1666666666666666	0.1666666666666666	0.0	0.0	0.0	0.0	0.0	0.0	0.1666666666666666	0.0	0.0	0.1666666666666666	0.0	0.0	0.0	0.0	0.1111111111111111	0.0	0.0	0.0	0.2222222222222222	0.0	0.0	0.1111111111111111	0.0	0.0	0.1111111111111111	0.1111111111111111	0.0	0.1111111111111111	0.1111111111111111	0.1111111111111111	0.0
9mi6	H	LAIGDSY	GASGSQ	GFTFSTY	0.2428571428571428	0.0	7.428571428571429	132.85285714285715	-0.6833333333333335	0.0	9.166666666666666	99.26	0.5857142857142856	-0.1428571428571428	7.942857142857144	120.84	0.0	0.0	0.0	0.0	0.0	0.0	0.0	1.0	0.0	0.0	0.0	0.0	0.0	2.0	0.0	1.0	2.0	0.0	1.0	0.0	1.0	0.0	0.0	0.0	0.0	1.0	0.0	2.0	0.0	0.0	0.0	0.0	0.0	0.0	0.0	2.0	0.0	0.0	0.0	0.0	1.0	0.0	0.0	1.0	0.0	0.0	0.0	1.0	0.0	1.0	1.0	0.0	0.0	0.0	0.0	1.0	0.0	0.0	1.0	0.0	7	6	7	0.2428571428571428	-0.6833333333333335	0.5857142857142856	human	0.0	0.0	0.0	0.0	0.0	0.0	0.0	0.1428571428571428	0.0	0.0	0.0	0.0	0.0	0.2857142857142857	0.0	0.1428571428571428	0.2857142857142857	0.0	0.1428571428571428	0.0	0.1666666666666666	0.0	0.0	0.0	0.0	0.1666666666666666	0.0	0.3333333333333333	0.0	0.0	0.0	0.0	0.0	0.0	0.0	0.3333333333333333	0.0	0.0	0.0	0.0	0.1428571428571428	0.0	0.0	0.1428571428571428	0.0	0.0	0.0	0.1428571428571428	0.0	0.1428571428571428	0.1428571428571428	0.0	0.0	0.0	0.0	0.1428571428571428	0.0	0.0	0.1428571428571428	0.0
8vgn	A	STYYGGDWYFNV	YPGNGD	GYTFTSY	-0.3428571428571429	0.0	7.571428571428571	135.13857142857142	-1.7833333333333334	-0.1666666666666666	9.466666666666669	118.61333333333332	-0.5916666666666667	-0.0833333333333333	7.958333333333333	139.1425	0.0	0.0	0.0	0.0	0.0	0.0	0.0	1.0	0.0	0.0	0.0	0.0	0.0	1.0	0.0	1.0	2.0	0.0	2.0	0.0	0.0	0.0	1.0	1.0	0.0	0.0	0.0	2.0	0.0	0.0	0.0	0.0	0.0	0.0	1.0	0.0	0.0	0.0	1.0	0.0	0.0	0.0	1.0	1.0	0.0	0.0	0.0	2.0	0.0	0.0	0.0	0.0	0.0	1.0	0.0	1.0	1.0	1.0	3.0	1.0	7	6	12	-0.3428571428571429	-1.7833333333333334	-0.5916666666666667	human	0.0	0.0	0.0	0.0	0.0	0.0	0.0	0.1428571428571428	0.0	0.0	0.0	0.0	0.0	0.1428571428571428	0.0	0.1428571428571428	0.2857142857142857	0.0	0.2857142857142857	0.0	0.0	0.0	0.1666666666666666	0.1666666666666666	0.0	0.0	0.0	0.3333333333333333	0.0	0.0	0.0	0.0	0.0	0.0	0.1666666666666666	0.0	0.0	0.0	0.1666666666666666	0.0	0.0	0.0	0.0833333333333333	0.0833333333333333	0.0	0.0	0.0	0.1666666666666666	0.0	0.0	0.0	0.0	0.0	0.0833333333333333	0.0	0.0833333333333333	0.0833333333333333	0.0833333333333333	0.25	0.0833333333333333
8vgo	A	STYYGGDWYFNV	YPGNGD	GYTFTSY	-0.3428571428571429	0.0	7.571428571428571	135.13857142857142	-1.7833333333333334	-0.1666666666666666	9.466666666666669	118.61333333333332	-0.5916666666666667	-0.0833333333333333	7.958333333333333	139.1425	0.0	0.0	0.0	0.0	0.0	0.0	0.0	1.0	0.0	0.0	0.0	0.0	0.0	1.0	0.0	1.0	2.0	0.0	2.0	0.0	0.0	0.0	1.0	1.0	0.0	0.0	0.0	2.0	0.0	0.0	0.0	0.0	0.0	0.0	1.0	0.0	0.0	0.0	1.0	0.0	0.0	0.0	1.0	1.0	0.0	0.0	0.0	2.0	0.0	0.0	0.0	0.0	0.0	1.0	0.0	1.0	1.0	1.0	3.0	1.0	7	6	12	-0.3428571428571429	-1.7833333333333334	-0.5916666666666667	human	0.0	0.0	0.0	0.0	0.0	0.0	0.0	0.1428571428571428	0.0	0.0	0.0	0.0	0.0	0.1428571428571428	0.0	0.1428571428571428	0.2857142857142857	0.0	0.2857142857142857	0.0	0.0	0.0	0.1666666666666666	0.1666666666666666	0.0	0.0	0.0	0.3333333333333333	0.0	0.0	0.0	0.0	0.0	0.0	0.1666666666666666	0.0	0.0	0.0	0.1666666666666666	0.0	0.0	0.0	0.0833333333333333	0.0833333333333333	0.0	0.0	0.0	0.1666666666666666	0.0	0.0	0.0	0.0	0.0	0.0833333333333333	0.0	0.0833333333333333	0.0833333333333333	0.0833333333333333	0.25	0.0833333333333333
8vgh	H	DPRGYGAALDRLDL	SSAAT	RFSLIGY	0.5857142857142856	0.1428571428571428	7.171428571428572	137.58285714285714	0.26	0.0	8.64	101.496	-0.5857142857142856	-0.0714285714285714	8.792857142857144	126.13214285714288	0.0	1.0	0.0	0.0	0.0	0.0	0.0	1.0	0.0	1.0	1.0	0.0	0.0	1.0	0.0	1.0	0.0	0.0	1.0	0.0	2.0	0.0	0.0	0.0	0.0	0.0	0.0	0.0	0.0	0.0	0.0	0.0	0.0	0.0	0.0	2.0	1.0	0.0	0.0	0.0	2.0	2.0	0.0	3.0	0.0	0.0	0.0	2.0	0.0	0.0	3.0	0.0	0.0	0.0	1.0	0.0	0.0	0.0	1.0	0.0	7	5	14	0.5857142857142856	0.26	-0.5857142857142856	human	0.0	0.1428571428571428	0.0	0.0	0.0	0.0	0.0	0.1428571428571428	0.0	0.1428571428571428	0.1428571428571428	0.0	0.0	0.1428571428571428	0.0	0.1428571428571428	0.0	0.0	0.1428571428571428	0.0	0.4	0.0	0.0	0.0	0.0	0.0	0.0	0.0	0.0	0.0	0.0	0.0	0.0	0.0	0.0	0.4	0.2	0.0	0.0	0.0	0.1428571428571428	0.1428571428571428	0.0	0.2142857142857142	0.0	0.0	0.0	0.1428571428571428	0.0	0.0	0.2142857142857142	0.0	0.0	0.0	0.0714285714285714	0.0	0.0	0.0	0.0714285714285714	0.0
8vgi	F	DPRGYGAALDRLDL	SSAAT	RFSLIGY	0.5857142857142856	0.1428571428571428	7.171428571428572	137.58285714285714	0.26	0.0	8.64	101.496	-0.5857142857142856	-0.0714285714285714	8.792857142857144	126.13214285714288	0.0	1.0	0.0	0.0	0.0	0.0	0.0	1.0	0.0	1.0	1.0	0.0	0.0	1.0	0.0	1.0	0.0	0.0	1.0	0.0	2.0	0.0	0.0	0.0	0.0	0.0	0.0	0.0	0.0	0.0	0.0	0.0	0.0	0.0	0.0	2.0	1.0	0.0	0.0	0.0	2.0	2.0	0.0	3.0	0.0	0.0	0.0	2.0	0.0	0.0	3.0	0.0	0.0	0.0	1.0	0.0	0.0	0.0	1.0	0.0	7	5	14	0.5857142857142856	0.26	-0.5857142857142856	human	0.0	0.1428571428571428	0.0	0.0	0.0	0.0	0.0	0.1428571428571428	0.0	0.1428571428571428	0.1428571428571428	0.0	0.0	0.1428571428571428	0.0	0.1428571428571428	0.0	0.0	0.1428571428571428	0.0	0.4	0.0	0.0	0.0	0.0	0.0	0.0	0.0	0.0	0.0	0.0	0.0	0.0	0.0	0.0	0.4	0.2	0.0	0.0	0.0	0.1428571428571428	0.1428571428571428	0.0	0.2142857142857142	0.0	0.0	0.0	0.1428571428571428	0.0	0.0	0.2142857142857142	0.0	0.0	0.0	0.0714285714285714	0.0	0.0	0.0	0.0714285714285714	0.0
8vgj	F	DPRGYGAALDRLDL	SSAAT	RFSLIGY	0.5857142857142856	0.1428571428571428	7.171428571428572	137.58285714285714	0.26	0.0	8.64	101.496	-0.5857142857142856	-0.0714285714285714	8.792857142857144	126.13214285714288	0.0	1.0	0.0	0.0	0.0	0.0	0.0	1.0	0.0	1.0	1.0	0.0	0.0	1.0	0.0	1.0	0.0	0.0	1.0	0.0	2.0	0.0	0.0	0.0	0.0	0.0	0.0	0.0	0.0	0.0	0.0	0.0	0.0	0.0	0.0	2.0	1.0	0.0	0.0	0.0	2.0	2.0	0.0	3.0	0.0	0.0	0.0	2.0	0.0	0.0	3.0	0.0	0.0	0.0	1.0	0.0	0.0	0.0	1.0	0.0	7	5	14	0.5857142857142856	0.26	-0.5857142857142856	human	0.0	0.1428571428571428	0.0	0.0	0.0	0.0	0.0	0.1428571428571428	0.0	0.1428571428571428	0.1428571428571428	0.0	0.0	0.1428571428571428	0.0	0.1428571428571428	0.0	0.0	0.1428571428571428	0.0	0.4	0.0	0.0	0.0	0.0	0.0	0.0	0.0	0.0	0.0	0.0	0.0	0.0	0.0	0.0	0.4	0.2	0.0	0.0	0.0	0.1428571428571428	0.1428571428571428	0.0	0.2142857142857142	0.0	0.0	0.0	0.1428571428571428	0.0	0.0	0.2142857142857142	0.0	0.0	0.0	0.0714285714285714	0.0	0.0	0.0	0.0714285714285714	0.0
8vgk	F	DPRGYGAALDRLDL	SSAAT	RFSLIGY	0.5857142857142856	0.1428571428571428	7.171428571428572	137.58285714285714	0.26	0.0	8.64	101.496	-0.5857142857142856	-0.0714285714285714	8.792857142857144	126.13214285714288	0.0	1.0	0.0	0.0	0.0	0.0	0.0	1.0	0.0	1.0	1.0	0.0	0.0	1.0	0.0	1.0	0.0	0.0	1.0	0.0	2.0	0.0	0.0	0.0	0.0	0.0	0.0	0.0	0.0	0.0	0.0	0.0	0.0	0.0	0.0	2.0	1.0	0.0	0.0	0.0	2.0	2.0	0.0	3.0	0.0	0.0	0.0	2.0	0.0	0.0	3.0	0.0	0.0	0.0	1.0	0.0	0.0	0.0	1.0	0.0	7	5	14	0.5857142857142856	0.26	-0.5857142857142856	human	0.0	0.1428571428571428	0.0	0.0	0.0	0.0	0.0	0.1428571428571428	0.0	0.1428571428571428	0.1428571428571428	0.0	0.0	0.1428571428571428	0.0	0.1428571428571428	0.0	0.0	0.1428571428571428	0.0	0.4	0.0	0.0	0.0	0.0	0.0	0.0	0.0	0.0	0.0	0.0	0.0	0.0	0.0	0.0	0.4	0.2	0.0	0.0	0.0	0.1428571428571428	0.1428571428571428	0.0	0.2142857142857142	0.0	0.0	0.0	0.1428571428571428	0.0	0.0	0.2142857142857142	0.0	0.0	0.0	0.0714285714285714	0.0	0.0	0.0	0.0714285714285714	0.0
8vgp	H	FVFFLPYAMDY	TPAGGY	GFTISDY	0.0857142857142857	-0.1428571428571428	8.057142857142857	129.99	-0.4333333333333333	0.0	8.15	109.11166666666668	1.1272727272727274	-0.0909090909090909	6.690909090909091	144.79999999999998	0.0	0.0	0.0	1.0	0.0	0.0	0.0	1.0	0.0	1.0	0.0	0.0	0.0	1.0	0.0	1.0	1.0	0.0	1.0	0.0	1.0	0.0	0.0	0.0	0.0	0.0	0.0	2.0	0.0	0.0	0.0	0.0	0.0	0.0	1.0	0.0	1.0	0.0	1.0	0.0	1.0	0.0	0.0	1.0	0.0	0.0	0.0	0.0	0.0	0.0	1.0	0.0	1.0	3.0	1.0	0.0	0.0	0.0	2.0	1.0	7	6	11	0.0857142857142857	-0.4333333333333333	1.1272727272727274	human	0.0	0.0	0.0	0.1428571428571428	0.0	0.0	0.0	0.1428571428571428	0.0	0.1428571428571428	0.0	0.0	0.0	0.1428571428571428	0.0	0.1428571428571428	0.1428571428571428	0.0	0.1428571428571428	0.0	0.1666666666666666	0.0	0.0	0.0	0.0	0.0	0.0	0.3333333333333333	0.0	0.0	0.0	0.0	0.0	0.0	0.1666666666666666	0.0	0.1666666666666666	0.0	0.1666666666666666	0.0	0.0909090909090909	0.0	0.0	0.0909090909090909	0.0	0.0	0.0	0.0	0.0	0.0	0.0909090909090909	0.0	0.0909090909090909	0.2727272727272727	0.0909090909090909	0.0	0.0	0.0	0.1818181818181818	0.0909090909090909
8vui	A	HGYGAMDY	SPYYSY	GFNLRSY	-0.5571428571428572	0.1428571428571428	8.085714285714285	137.71857142857144	-1.1833333333333331	0.0	7.5	144.8133333333333	-0.8000000000000002	0.0	8.45	129.885	0.0	1.0	1.0	0.0	0.0	0.0	0.0	1.0	0.0	0.0	1.0	0.0	0.0	1.0	0.0	1.0	0.0	0.0	1.0	0.0	0.0	0.0	0.0	0.0	0.0	0.0	0.0	0.0	0.0	0.0	0.0	0.0	0.0	0.0	1.0	2.0	0.0	0.0	3.0	0.0	1.0	0.0	0.0	1.0	0.0	0.0	0.0	2.0	1.0	0.0	0.0	0.0	1.0	0.0	0.0	0.0	0.0	0.0	2.0	0.0	7	6	8	-0.5571428571428572	-1.1833333333333331	-0.8000000000000002	human	0.0	0.1428571428571428	0.1428571428571428	0.0	0.0	0.0	0.0	0.1428571428571428	0.0	0.0	0.1428571428571428	0.0	0.0	0.1428571428571428	0.0	0.1428571428571428	0.0	0.0	0.1428571428571428	0.0	0.0	0.0	0.0	0.0	0.0	0.0	0.0	0.0	0.0	0.0	0.0	0.0	0.0	0.0	0.1666666666666666	0.3333333333333333	0.0	0.0	0.5	0.0	0.125	0.0	0.0	0.125	0.0	0.0	0.0	0.25	0.125	0.0	0.0	0.0	0.125	0.0	0.0	0.0	0.0	0.0	0.25	0.0
8vvm	A	HGYGAMDY	SPYYSY	GFNLRSY	-0.5571428571428572	0.1428571428571428	8.085714285714285	137.71857142857144	-1.1833333333333331	0.0	7.5	144.8133333333333	-0.8000000000000002	0.0	8.45	129.885	0.0	1.0	1.0	0.0	0.0	0.0	0.0	1.0	0.0	0.0	1.0	0.0	0.0	1.0	0.0	1.0	0.0	0.0	1.0	0.0	0.0	0.0	0.0	0.0	0.0	0.0	0.0	0.0	0.0	0.0	0.0	0.0	0.0	0.0	1.0	2.0	0.0	0.0	3.0	0.0	1.0	0.0	0.0	1.0	0.0	0.0	0.0	2.0	1.0	0.0	0.0	0.0	1.0	0.0	0.0	0.0	0.0	0.0	2.0	0.0	7	6	8	-0.5571428571428572	-1.1833333333333331	-0.8000000000000002	human	0.0	0.1428571428571428	0.1428571428571428	0.0	0.0	0.0	0.0	0.1428571428571428	0.0	0.0	0.1428571428571428	0.0	0.0	0.1428571428571428	0.0	0.1428571428571428	0.0	0.0	0.1428571428571428	0.0	0.0	0.0	0.0	0.0	0.0	0.0	0.0	0.0	0.0	0.0	0.0	0.0	0.0	0.0	0.1666666666666666	0.3333333333333333	0.0	0.0	0.5	0.0	0.125	0.0	0.0	0.125	0.0	0.0	0.0	0.25	0.125	0.0	0.0	0.0	0.125	0.0	0.0	0.0	0.0	0.0	0.25	0.0
8rp8	A	SYGAFDY	SGSGGS	GFTFSSY	0.2285714285714286	0.0	7.514285714285713	130.84857142857143	-0.6	0.0	9.1	90.08	-0.3857142857142857	-0.1428571428571428	8.12857142857143	132.84571428571425	0.0	0.0	0.0	0.0	0.0	0.0	0.0	1.0	0.0	0.0	0.0	0.0	0.0	2.0	0.0	2.0	1.0	0.0	1.0	0.0	0.0	0.0	0.0	0.0	0.0	0.0	0.0	3.0	0.0	0.0	0.0	0.0	0.0	0.0	0.0	3.0	0.0	0.0	0.0	0.0	1.0	0.0	0.0	1.0	0.0	0.0	0.0	1.0	0.0	0.0	0.0	0.0	0.0	1.0	0.0	1.0	0.0	0.0	2.0	0.0	7	6	7	0.2285714285714286	-0.6	-0.3857142857142857	human	0.0	0.0	0.0	0.0	0.0	0.0	0.0	0.1428571428571428	0.0	0.0	0.0	0.0	0.0	0.2857142857142857	0.0	0.2857142857142857	0.1428571428571428	0.0	0.1428571428571428	0.0	0.0	0.0	0.0	0.0	0.0	0.0	0.0	0.5	0.0	0.0	0.0	0.0	0.0	0.0	0.0	0.5	0.0	0.0	0.0	0.0	0.1428571428571428	0.0	0.0	0.1428571428571428	0.0	0.0	0.0	0.1428571428571428	0.0	0.0	0.0	0.0	0.0	0.1428571428571428	0.0	0.1428571428571428	0.0	0.0	0.2857142857142857	0.0
8rpb	H	SYGAFDY	SGSGGS	GFTFSSY	0.2285714285714286	0.0	7.514285714285713	130.84857142857143	-0.6	0.0	9.1	90.08	-0.3857142857142857	-0.1428571428571428	8.12857142857143	132.84571428571425	0.0	0.0	0.0	0.0	0.0	0.0	0.0	1.0	0.0	0.0	0.0	0.0	0.0	2.0	0.0	2.0	1.0	0.0	1.0	0.0	0.0	0.0	0.0	0.0	0.0	0.0	0.0	3.0	0.0	0.0	0.0	0.0	0.0	0.0	0.0	3.0	0.0	0.0	0.0	0.0	1.0	0.0	0.0	1.0	0.0	0.0	0.0	1.0	0.0	0.0	0.0	0.0	0.0	1.0	0.0	1.0	0.0	0.0	2.0	0.0	7	6	7	0.2285714285714286	-0.6	-0.3857142857142857	human	0.0	0.0	0.0	0.0	0.0	0.0	0.0	0.1428571428571428	0.0	0.0	0.0	0.0	0.0	0.2857142857142857	0.0	0.2857142857142857	0.1428571428571428	0.0	0.1428571428571428	0.0	0.0	0.0	0.0	0.0	0.0	0.0	0.0	0.5	0.0	0.0	0.0	0.0	0.0	0.0	0.0	0.5	0.0	0.0	0.0	0.0	0.1428571428571428	0.0	0.0	0.1428571428571428	0.0	0.0	0.0	0.1428571428571428	0.0	0.0	0.0	0.0	0.0	0.1428571428571428	0.0	0.1428571428571428	0.0	0.0	0.2857142857142857	0.0
8u31	C	AGGAGGGVYTLTRLDL	YAGSSGN	GFSFSSTY	0.0999999999999999	0.0	7.725	127.62875	-0.7714285714285715	0.0	8.9	108.96	0.40625	0.0	8.043750000000001	111.9325	0.0	0.0	0.0	0.0	0.0	0.0	0.0	1.0	0.0	0.0	0.0	0.0	0.0	2.0	0.0	3.0	1.0	0.0	1.0	0.0	1.0	0.0	1.0	0.0	0.0	0.0	0.0	2.0	0.0	0.0	0.0	0.0	0.0	0.0	0.0	2.0	0.0	0.0	1.0	0.0	2.0	1.0	0.0	1.0	0.0	0.0	0.0	5.0	0.0	0.0	3.0	0.0	0.0	0.0	0.0	0.0	2.0	0.0	1.0	1.0	8	7	16	0.0999999999999999	-0.7714285714285715	0.40625	human	0.0	0.0	0.0	0.0	0.0	0.0	0.0	0.125	0.0	0.0	0.0	0.0	0.0	0.25	0.0	0.375	0.125	0.0	0.125	0.0	0.1428571428571428	0.0	0.1428571428571428	0.0	0.0	0.0	0.0	0.2857142857142857	0.0	0.0	0.0	0.0	0.0	0.0	0.0	0.2857142857142857	0.0	0.0	0.1428571428571428	0.0	0.125	0.0625	0.0	0.0625	0.0	0.0	0.0	0.3125	0.0	0.0	0.1875	0.0	0.0	0.0	0.0	0.0	0.125	0.0	0.0625	0.0625
8u32	C	AGGAGGGVYTLTRLDL	YVGSSGN	GFSFSSTY	0.0999999999999999	0.0	7.725	127.62875	-0.4285714285714285	0.0	8.585714285714285	112.96857142857144	0.40625	0.0	8.043750000000001	111.9325	0.0	0.0	0.0	0.0	0.0	0.0	0.0	1.0	0.0	0.0	0.0	0.0	0.0	2.0	0.0	3.0	1.0	0.0	1.0	0.0	0.0	0.0	1.0	0.0	0.0	0.0	0.0	2.0	0.0	0.0	0.0	0.0	0.0	0.0	0.0	2.0	0.0	0.0	1.0	1.0	2.0	1.0	0.0	1.0	0.0	0.0	0.0	5.0	0.0	0.0	3.0	0.0	0.0	0.0	0.0	0.0	2.0	0.0	1.0	1.0	8	7	16	0.0999999999999999	-0.4285714285714285	0.40625	human	0.0	0.0	0.0	0.0	0.0	0.0	0.0	0.125	0.0	0.0	0.0	0.0	0.0	0.25	0.0	0.375	0.125	0.0	0.125	0.0	0.0	0.0	0.1428571428571428	0.0	0.0	0.0	0.0	0.2857142857142857	0.0	0.0	0.0	0.0	0.0	0.0	0.0	0.2857142857142857	0.0	0.0	0.1428571428571428	0.1428571428571428	0.125	0.0625	0.0	0.0625	0.0	0.0	0.0	0.3125	0.0	0.0	0.1875	0.0	0.0	0.0	0.0	0.0	0.125	0.0	0.0625	0.0625
8tzw	H	TGKYYDFWSGYPPGEEYFQD	KSKTDGGT	GFTFSNA	0.2857142857142857	0.0	8.128571428571428	121.55285714285716	-1.7875	0.125	10.0	114.86875	-1.39	-0.15	8.69	139.5925	1.0	0.0	1.0	0.0	0.0	0.0	0.0	1.0	0.0	0.0	0.0	0.0	0.0	2.0	0.0	1.0	1.0	0.0	0.0	0.0	0.0	0.0	0.0	1.0	0.0	0.0	0.0	2.0	0.0	0.0	0.0	2.0	0.0	0.0	0.0	1.0	2.0	0.0	0.0	0.0	0.0	0.0	0.0	2.0	0.0	1.0	2.0	3.0	0.0	0.0	0.0	1.0	0.0	2.0	2.0	1.0	1.0	1.0	4.0	0.0	7	8	20	0.2857142857142857	-1.7875	-1.39	human	0.1428571428571428	0.0	0.1428571428571428	0.0	0.0	0.0	0.0	0.1428571428571428	0.0	0.0	0.0	0.0	0.0	0.2857142857142857	0.0	0.1428571428571428	0.1428571428571428	0.0	0.0	0.0	0.0	0.0	0.0	0.125	0.0	0.0	0.0	0.25	0.0	0.0	0.0	0.25	0.0	0.0	0.0	0.125	0.25	0.0	0.0	0.0	0.0	0.0	0.0	0.1	0.0	0.05	0.1	0.15	0.0	0.0	0.0	0.05	0.0	0.1	0.1	0.05	0.05	0.05	0.2	0.0
8u08	H	TGKYYDFWSGYPPGEEYFQD	KSKTEGGT	GFTFSNA	0.2857142857142857	0.0	8.128571428571428	121.55285714285716	-1.7875	0.125	9.9125	116.6225	-1.39	-0.15	8.69	139.5925	1.0	0.0	1.0	0.0	0.0	0.0	0.0	1.0	0.0	0.0	0.0	0.0	0.0	2.0	0.0	1.0	1.0	0.0	0.0	0.0	0.0	0.0	0.0	0.0	0.0	0.0	1.0	2.0	0.0	0.0	0.0	2.0	0.0	0.0	0.0	1.0	2.0	0.0	0.0	0.0	0.0	0.0	0.0	2.0	0.0	1.0	2.0	3.0	0.0	0.0	0.0	1.0	0.0	2.0	2.0	1.0	1.0	1.0	4.0	0.0	7	8	20	0.2857142857142857	-1.7875	-1.39	human	0.1428571428571428	0.0	0.1428571428571428	0.0	0.0	0.0	0.0	0.1428571428571428	0.0	0.0	0.0	0.0	0.0	0.2857142857142857	0.0	0.1428571428571428	0.1428571428571428	0.0	0.0	0.0	0.0	0.0	0.0	0.0	0.0	0.0	0.125	0.25	0.0	0.0	0.0	0.25	0.0	0.0	0.0	0.125	0.25	0.0	0.0	0.0	0.0	0.0	0.0	0.1	0.0	0.05	0.1	0.15	0.0	0.0	0.0	0.05	0.0	0.1	0.1	0.05	0.05	0.05	0.2	0.0
8gat	M	TSSWGDYTRGPEPKITWYFDL	NWNGDI	GFKFDDY	-1.0	-0.1428571428571428	8.985714285714286	142.71857142857144	-1.2166666666666668	-0.1666666666666666	9.3	134.635	-0.9476190476190476	-0.0476190476190476	8.419047619047618	137.14428571428573	0.0	0.0	0.0	2.0	0.0	0.0	0.0	1.0	0.0	0.0	0.0	1.0	0.0	2.0	0.0	0.0	0.0	0.0	1.0	0.0	0.0	0.0	2.0	1.0	0.0	0.0	0.0	1.0	0.0	1.0	0.0	0.0	0.0	0.0	0.0	0.0	0.0	1.0	0.0	0.0	0.0	1.0	0.0	2.0	0.0	0.0	1.0	2.0	0.0	1.0	1.0	1.0	0.0	1.0	2.0	2.0	3.0	2.0	2.0	0.0	7	6	21	-1.0	-1.2166666666666668	-0.9476190476190476	human	0.0	0.0	0.0	0.2857142857142857	0.0	0.0	0.0	0.1428571428571428	0.0	0.0	0.0	0.1428571428571428	0.0	0.2857142857142857	0.0	0.0	0.0	0.0	0.1428571428571428	0.0	0.0	0.0	0.3333333333333333	0.1666666666666666	0.0	0.0	0.0	0.1666666666666666	0.0	0.1666666666666666	0.0	0.0	0.0	0.0	0.0	0.0	0.0	0.1666666666666666	0.0	0.0	0.0	0.0476190476190476	0.0	0.0952380952380952	0.0	0.0	0.0476190476190476	0.0952380952380952	0.0	0.0476190476190476	0.0476190476190476	0.0476190476190476	0.0	0.0476190476190476	0.0952380952380952	0.0952380952380952	0.1428571428571428	0.0952380952380952	0.0952380952380952	0.0
8jel	C	QTNYDFTMDY	TKGGGS	GFTFSDY	-0.1571428571428571	-0.1428571428571428	8.057142857142857	134.85	-1.1	0.1666666666666666	9.35	99.26833333333332	-1.3299999999999998	-0.2	8.860000000000001	145.94899999999998	0.0	0.0	0.0	1.0	0.0	0.0	0.0	1.0	0.0	0.0	0.0	0.0	0.0	2.0	0.0	1.0	1.0	0.0	1.0	0.0	0.0	0.0	0.0	0.0	0.0	0.0	0.0	3.0	0.0	0.0	0.0	1.0	0.0	0.0	0.0	1.0	1.0	0.0	0.0	0.0	0.0	0.0	1.0	2.0	0.0	1.0	0.0	0.0	0.0	0.0	0.0	0.0	1.0	1.0	0.0	0.0	2.0	0.0	2.0	0.0	7	6	10	-0.1571428571428571	-1.1	-1.3299999999999998	human	0.0	0.0	0.0	0.1428571428571428	0.0	0.0	0.0	0.1428571428571428	0.0	0.0	0.0	0.0	0.0	0.2857142857142857	0.0	0.1428571428571428	0.1428571428571428	0.0	0.1428571428571428	0.0	0.0	0.0	0.0	0.0	0.0	0.0	0.0	0.5	0.0	0.0	0.0	0.1666666666666666	0.0	0.0	0.0	0.1666666666666666	0.1666666666666666	0.0	0.0	0.0	0.0	0.0	0.1	0.2	0.0	0.1	0.0	0.0	0.0	0.0	0.0	0.0	0.1	0.1	0.0	0.0	0.2	0.0	0.2	0.0
8jen	A	QTNYDFTMDY	TKGGGS	GFTFSDY	-0.1571428571428571	-0.1428571428571428	8.057142857142857	134.85	-1.1	0.1666666666666666	9.35	99.26833333333332	-1.3299999999999998	-0.2	8.860000000000001	145.94899999999998	0.0	0.0	0.0	1.0	0.0	0.0	0.0	1.0	0.0	0.0	0.0	0.0	0.0	2.0	0.0	1.0	1.0	0.0	1.0	0.0	0.0	0.0	0.0	0.0	0.0	0.0	0.0	3.0	0.0	0.0	0.0	1.0	0.0	0.0	0.0	1.0	1.0	0.0	0.0	0.0	0.0	0.0	1.0	2.0	0.0	1.0	0.0	0.0	0.0	0.0	0.0	0.0	1.0	1.0	0.0	0.0	2.0	0.0	2.0	0.0	7	6	10	-0.1571428571428571	-1.1	-1.3299999999999998	human	0.0	0.0	0.0	0.1428571428571428	0.0	0.0	0.0	0.1428571428571428	0.0	0.0	0.0	0.0	0.0	0.2857142857142857	0.0	0.1428571428571428	0.1428571428571428	0.0	0.1428571428571428	0.0	0.0	0.0	0.0	0.0	0.0	0.0	0.0	0.5	0.0	0.0	0.0	0.1666666666666666	0.0	0.0	0.0	0.1666666666666666	0.1666666666666666	0.0	0.0	0.0	0.0	0.0	0.1	0.2	0.0	0.1	0.0	0.0	0.0	0.0	0.0	0.0	0.1	0.1	0.0	0.0	0.2	0.0	0.2	0.0
8trs	A	YYAMDY	SSYYGY	GFTIYYS	0.4000000000000001	0.0	7.0857142857142845	136.86	-0.9833333333333334	0.0	7.666666666666667	138.13666666666666	-0.6166666666666667	-0.1666666666666666	7.566666666666667	152.495	0.0	0.0	0.0	0.0	0.0	0.0	0.0	1.0	0.0	1.0	0.0	0.0	0.0	1.0	0.0	1.0	1.0	0.0	2.0	0.0	0.0	0.0	0.0	0.0	0.0	0.0	0.0	1.0	0.0	0.0	0.0	0.0	0.0	0.0	0.0	2.0	0.0	0.0	3.0	0.0	1.0	0.0	0.0	1.0	0.0	0.0	0.0	0.0	0.0	0.0	0.0	0.0	1.0	0.0	0.0	0.0	0.0	0.0	3.0	0.0	7	6	6	0.4000000000000001	-0.9833333333333334	-0.6166666666666667	human	0.0	0.0	0.0	0.0	0.0	0.0	0.0	0.1428571428571428	0.0	0.1428571428571428	0.0	0.0	0.0	0.1428571428571428	0.0	0.1428571428571428	0.1428571428571428	0.0	0.2857142857142857	0.0	0.0	0.0	0.0	0.0	0.0	0.0	0.0	0.1666666666666666	0.0	0.0	0.0	0.0	0.0	0.0	0.0	0.3333333333333333	0.0	0.0	0.5	0.0	0.1666666666666666	0.0	0.0	0.1666666666666666	0.0	0.0	0.0	0.0	0.0	0.0	0.0	0.0	0.1666666666666666	0.0	0.0	0.0	0.0	0.0	0.5	0.0
8trt	A	YYAMDY	SSYYGY	GFTIYYS	0.4000000000000001	0.0	7.0857142857142845	136.86	-0.9833333333333334	0.0	7.666666666666667	138.13666666666666	-0.6166666666666667	-0.1666666666666666	7.566666666666667	152.495	0.0	0.0	0.0	0.0	0.0	0.0	0.0	1.0	0.0	1.0	0.0	0.0	0.0	1.0	0.0	1.0	1.0	0.0	2.0	0.0	0.0	0.0	0.0	0.0	0.0	0.0	0.0	1.0	0.0	0.0	0.0	0.0	0.0	0.0	0.0	2.0	0.0	0.0	3.0	0.0	1.0	0.0	0.0	1.0	0.0	0.0	0.0	0.0	0.0	0.0	0.0	0.0	1.0	0.0	0.0	0.0	0.0	0.0	3.0	0.0	7	6	6	0.4000000000000001	-0.9833333333333334	-0.6166666666666667	human	0.0	0.0	0.0	0.0	0.0	0.0	0.0	0.1428571428571428	0.0	0.1428571428571428	0.0	0.0	0.0	0.1428571428571428	0.0	0.1428571428571428	0.1428571428571428	0.0	0.2857142857142857	0.0	0.0	0.0	0.0	0.0	0.0	0.0	0.0	0.1666666666666666	0.0	0.0	0.0	0.0	0.0	0.0	0.0	0.3333333333333333	0.0	0.0	0.5	0.0	0.1666666666666666	0.0	0.0	0.1666666666666666	0.0	0.0	0.0	0.0	0.0	0.0	0.0	0.0	0.1666666666666666	0.0	0.0	0.0	0.0	0.0	0.5	0.0
8w83	A	DPLNYYYYGELNL	YGGSDT	GFTFSSSY	0.1	0.0	7.725	127.62875	-1.1833333333333331	-0.1666666666666666	9.166666666666666	114.77333333333333	-0.7538461538461539	-0.1538461538461538	8.076923076923078	142.53384615384616	0.0	0.0	0.0	0.0	0.0	0.0	0.0	1.0	0.0	0.0	0.0	0.0	0.0	2.0	0.0	3.0	1.0	0.0	1.0	0.0	0.0	0.0	0.0	1.0	0.0	0.0	0.0	2.0	0.0	0.0	0.0	0.0	0.0	0.0	0.0	1.0	1.0	0.0	1.0	0.0	0.0	0.0	2.0	1.0	0.0	0.0	1.0	1.0	0.0	0.0	3.0	0.0	0.0	0.0	1.0	0.0	0.0	0.0	4.0	0.0	8	6	13	0.1	-1.1833333333333331	-0.7538461538461539	human	0.0	0.0	0.0	0.0	0.0	0.0	0.0	0.125	0.0	0.0	0.0	0.0	0.0	0.25	0.0	0.375	0.125	0.0	0.125	0.0	0.0	0.0	0.0	0.1666666666666666	0.0	0.0	0.0	0.3333333333333333	0.0	0.0	0.0	0.0	0.0	0.0	0.0	0.1666666666666666	0.1666666666666666	0.0	0.1666666666666666	0.0	0.0	0.0	0.1538461538461538	0.0769230769230769	0.0	0.0	0.0769230769230769	0.0769230769230769	0.0	0.0	0.2307692307692307	0.0	0.0	0.0	0.0769230769230769	0.0	0.0	0.0	0.3076923076923077	0.0
8w85	A	DIGIDYNF	DTGSGS	GFTFSSWY	0.0875	0.0	7.249999999999999	140.02125	-1.1	-0.1666666666666666	9.666666666666666	102.09	-0.05	-0.25	8.55	135.26375	0.0	0.0	0.0	0.0	0.0	0.0	0.0	1.0	0.0	0.0	0.0	0.0	0.0	2.0	0.0	2.0	1.0	1.0	1.0	0.0	0.0	0.0	0.0	1.0	0.0	0.0	0.0	2.0	0.0	0.0	0.0	0.0	0.0	0.0	0.0	2.0	1.0	0.0	0.0	0.0	0.0	0.0	1.0	2.0	0.0	0.0	0.0	1.0	0.0	2.0	0.0	0.0	0.0	1.0	0.0	0.0	0.0	0.0	1.0	0.0	8	6	8	0.0875	-1.1	-0.05	human	0.0	0.0	0.0	0.0	0.0	0.0	0.0	0.125	0.0	0.0	0.0	0.0	0.0	0.25	0.0	0.25	0.125	0.125	0.125	0.0	0.0	0.0	0.0	0.1666666666666666	0.0	0.0	0.0	0.3333333333333333	0.0	0.0	0.0	0.0	0.0	0.0	0.0	0.3333333333333333	0.1666666666666666	0.0	0.0	0.0	0.0	0.0	0.125	0.25	0.0	0.0	0.0	0.125	0.0	0.25	0.0	0.0	0.0	0.125	0.0	0.0	0.0	0.0	0.125	0.0
8w86	A	DIGIDYNF	DTGSGS	GFTFSEWY	-0.25	-0.125	7.6375	145.27625	-1.1	-0.1666666666666666	9.666666666666666	102.09	-0.05	-0.25	8.55	135.26375	0.0	0.0	0.0	0.0	0.0	0.0	1.0	1.0	0.0	0.0	0.0	0.0	0.0	2.0	0.0	1.0	1.0	1.0	1.0	0.0	0.0	0.0	0.0	1.0	0.0	0.0	0.0	2.0	0.0	0.0	0.0	0.0	0.0	0.0	0.0	2.0	1.0	0.0	0.0	0.0	0.0	0.0	1.0	2.0	0.0	0.0	0.0	1.0	0.0	2.0	0.0	0.0	0.0	1.0	0.0	0.0	0.0	0.0	1.0	0.0	8	6	8	-0.25	-1.1	-0.05	human	0.0	0.0	0.0	0.0	0.0	0.0	0.125	0.125	0.0	0.0	0.0	0.0	0.0	0.25	0.0	0.125	0.125	0.125	0.125	0.0	0.0	0.0	0.0	0.1666666666666666	0.0	0.0	0.0	0.3333333333333333	0.0	0.0	0.0	0.0	0.0	0.0	0.0	0.3333333333333333	0.1666666666666666	0.0	0.0	0.0	0.0	0.0	0.125	0.25	0.0	0.0	0.0	0.125	0.0	0.25	0.0	0.0	0.0	0.125	0.0	0.0	0.0	0.0	0.125	0.0
8w84	A	DPLNYYYYGELNL	YGGSDT	GFTFSSSY	0.1	0.0	7.725	127.62875	-1.1833333333333331	-0.1666666666666666	9.166666666666666	114.77333333333333	-0.7538461538461539	-0.1538461538461538	8.076923076923078	142.53384615384616	0.0	0.0	0.0	0.0	0.0	0.0	0.0	1.0	0.0	0.0	0.0	0.0	0.0	2.0	0.0	3.0	1.0	0.0	1.0	0.0	0.0	0.0	0.0	1.0	0.0	0.0	0.0	2.0	0.0	0.0	0.0	0.0	0.0	0.0	0.0	1.0	1.0	0.0	1.0	0.0	0.0	0.0	2.0	1.0	0.0	0.0	1.0	1.0	0.0	0.0	3.0	0.0	0.0	0.0	1.0	0.0	0.0	0.0	4.0	0.0	8	6	13	0.1	-1.1833333333333331	-0.7538461538461539	human	0.0	0.0	0.0	0.0	0.0	0.0	0.0	0.125	0.0	0.0	0.0	0.0	0.0	0.25	0.0	0.375	0.125	0.0	0.125	0.0	0.0	0.0	0.0	0.1666666666666666	0.0	0.0	0.0	0.3333333333333333	0.0	0.0	0.0	0.0	0.0	0.0	0.0	0.1666666666666666	0.1666666666666666	0.0	0.1666666666666666	0.0	0.0	0.0	0.1538461538461538	0.0769230769230769	0.0	0.0	0.0769230769230769	0.0769230769230769	0.0	0.0	0.2307692307692307	0.0	0.0	0.0	0.0769230769230769	0.0	0.0	0.0	0.3076923076923077	0.0
8oxv	B	DHYLGSDSYGMDV	SWNSRS	GFTFDDY	-0.5428571428571428	-0.2857142857142857	8.6	138.85142857142858	-1.8833333333333333	0.1666666666666666	9.183333333333332	137.63666666666668	-0.676923076923077	-0.1538461538461538	8.823076923076924	128.8223076923077	0.0	0.0	0.0	2.0	0.0	0.0	0.0	1.0	0.0	0.0	0.0	0.0	0.0	2.0	0.0	0.0	1.0	0.0	1.0	0.0	0.0	1.0	1.0	0.0	0.0	0.0	0.0	0.0	0.0	0.0	0.0	0.0	0.0	0.0	0.0	3.0	0.0	1.0	0.0	0.0	0.0	0.0	0.0	3.0	0.0	0.0	0.0	2.0	1.0	0.0	1.0	0.0	1.0	0.0	0.0	2.0	0.0	0.0	2.0	1.0	7	6	13	-0.5428571428571428	-1.8833333333333333	-0.676923076923077	human	0.0	0.0	0.0	0.2857142857142857	0.0	0.0	0.0	0.1428571428571428	0.0	0.0	0.0	0.0	0.0	0.2857142857142857	0.0	0.0	0.1428571428571428	0.0	0.1428571428571428	0.0	0.0	0.1666666666666666	0.1666666666666666	0.0	0.0	0.0	0.0	0.0	0.0	0.0	0.0	0.0	0.0	0.0	0.0	0.5	0.0	0.1666666666666666	0.0	0.0	0.0	0.0	0.0	0.2307692307692307	0.0	0.0	0.0	0.1538461538461538	0.0769230769230769	0.0	0.0769230769230769	0.0	0.0769230769230769	0.0	0.0	0.1538461538461538	0.0	0.0	0.1538461538461538	0.0769230769230769
8oxw	B	DHYLGSDSYGMDV	SWNSRS	GFTFDDY	-0.5428571428571428	-0.2857142857142857	8.6	138.85142857142858	-1.8833333333333333	0.1666666666666666	9.183333333333332	137.63666666666668	-0.676923076923077	-0.1538461538461538	8.823076923076924	128.8223076923077	0.0	0.0	0.0	2.0	0.0	0.0	0.0	1.0	0.0	0.0	0.0	0.0	0.0	2.0	0.0	0.0	1.0	0.0	1.0	0.0	0.0	1.0	1.0	0.0	0.0	0.0	0.0	0.0	0.0	0.0	0.0	0.0	0.0	0.0	0.0	3.0	0.0	1.0	0.0	0.0	0.0	0.0	0.0	3.0	0.0	0.0	0.0	2.0	1.0	0.0	1.0	0.0	1.0	0.0	0.0	2.0	0.0	0.0	2.0	1.0	7	6	13	-0.5428571428571428	-1.8833333333333333	-0.676923076923077	human	0.0	0.0	0.0	0.2857142857142857	0.0	0.0	0.0	0.1428571428571428	0.0	0.0	0.0	0.0	0.0	0.2857142857142857	0.0	0.0	0.1428571428571428	0.0	0.1428571428571428	0.0	0.0	0.1666666666666666	0.1666666666666666	0.0	0.0	0.0	0.0	0.0	0.0	0.0	0.0	0.0	0.0	0.0	0.0	0.5	0.0	0.1666666666666666	0.0	0.0	0.0	0.0	0.0	0.2307692307692307	0.0	0.0	0.0	0.1538461538461538	0.0769230769230769	0.0	0.0769230769230769	0.0	0.0769230769230769	0.0	0.0	0.1538461538461538	0.0	0.0	0.1538461538461538	0.0769230769230769
8oxx	B	DHYLGSDSYGMDV	SWNSRS	GFTFDDY	-0.5428571428571428	-0.2857142857142857	8.6	138.85142857142858	-1.8833333333333333	0.1666666666666666	9.183333333333332	137.63666666666668	-0.676923076923077	-0.1538461538461538	8.823076923076924	128.8223076923077	0.0	0.0	0.0	2.0	0.0	0.0	0.0	1.0	0.0	0.0	0.0	0.0	0.0	2.0	0.0	0.0	1.0	0.0	1.0	0.0	0.0	1.0	1.0	0.0	0.0	0.0	0.0	0.0	0.0	0.0	0.0	0.0	0.0	0.0	0.0	3.0	0.0	1.0	0.0	0.0	0.0	0.0	0.0	3.0	0.0	0.0	0.0	2.0	1.0	0.0	1.0	0.0	1.0	0.0	0.0	2.0	0.0	0.0	2.0	1.0	7	6	13	-0.5428571428571428	-1.8833333333333333	-0.676923076923077	human	0.0	0.0	0.0	0.2857142857142857	0.0	0.0	0.0	0.1428571428571428	0.0	0.0	0.0	0.0	0.0	0.2857142857142857	0.0	0.0	0.1428571428571428	0.0	0.1428571428571428	0.0	0.0	0.1666666666666666	0.1666666666666666	0.0	0.0	0.0	0.0	0.0	0.0	0.0	0.0	0.0	0.0	0.0	0.0	0.5	0.0	0.1666666666666666	0.0	0.0	0.0	0.0	0.0	0.2307692307692307	0.0	0.0	0.0	0.1538461538461538	0.0769230769230769	0.0	0.0769230769230769	0.0	0.0769230769230769	0.0	0.0	0.1538461538461538	0.0	0.0	0.1538461538461538	0.0769230769230769
8oxy	B	DHYLGSDSYGMDV	SWNSRS	GFTFDDY	-0.5428571428571428	-0.2857142857142857	8.6	138.85142857142858	-1.8833333333333333	0.1666666666666666	9.183333333333332	137.63666666666668	-0.676923076923077	-0.1538461538461538	8.823076923076924	128.8223076923077	0.0	0.0	0.0	2.0	0.0	0.0	0.0	1.0	0.0	0.0	0.0	0.0	0.0	2.0	0.0	0.0	1.0	0.0	1.0	0.0	0.0	1.0	1.0	0.0	0.0	0.0	0.0	0.0	0.0	0.0	0.0	0.0	0.0	0.0	0.0	3.0	0.0	1.0	0.0	0.0	0.0	0.0	0.0	3.0	0.0	0.0	0.0	2.0	1.0	0.0	1.0	0.0	1.0	0.0	0.0	2.0	0.0	0.0	2.0	1.0	7	6	13	-0.5428571428571428	-1.8833333333333333	-0.676923076923077	human	0.0	0.0	0.0	0.2857142857142857	0.0	0.0	0.0	0.1428571428571428	0.0	0.0	0.0	0.0	0.0	0.2857142857142857	0.0	0.0	0.1428571428571428	0.0	0.1428571428571428	0.0	0.0	0.1666666666666666	0.1666666666666666	0.0	0.0	0.0	0.0	0.0	0.0	0.0	0.0	0.0	0.0	0.0	0.0	0.5	0.0	0.1666666666666666	0.0	0.0	0.0	0.0	0.0	0.2307692307692307	0.0	0.0	0.0	0.1538461538461538	0.0769230769230769	0.0	0.0769230769230769	0.0	0.0769230769230769	0.0	0.0	0.1538461538461538	0.0	0.0	0.1538461538461538	0.0769230769230769
7yk4	H	APRWYFSV	YPDNGD	GYTFTDS	-0.6571428571428573	-0.1428571428571428	8.542857142857143	128.26857142857142	-2.3000000000000003	-0.3333333333333333	10.133333333333333	128.285	-0.0374999999999999	0.125	7.312500000000001	143.90875	0.0	0.0	0.0	1.0	0.0	0.0	0.0	1.0	0.0	0.0	0.0	0.0	0.0	1.0	0.0	1.0	2.0	0.0	1.0	0.0	0.0	0.0	1.0	2.0	0.0	0.0	0.0	1.0	0.0	0.0	0.0	0.0	0.0	0.0	1.0	0.0	0.0	0.0	1.0	0.0	1.0	1.0	0.0	0.0	0.0	0.0	0.0	0.0	0.0	0.0	0.0	0.0	0.0	1.0	1.0	1.0	0.0	1.0	1.0	1.0	7	6	8	-0.6571428571428573	-2.3000000000000003	-0.0374999999999999	human	0.0	0.0	0.0	0.1428571428571428	0.0	0.0	0.0	0.1428571428571428	0.0	0.0	0.0	0.0	0.0	0.1428571428571428	0.0	0.1428571428571428	0.2857142857142857	0.0	0.1428571428571428	0.0	0.0	0.0	0.1666666666666666	0.3333333333333333	0.0	0.0	0.0	0.1666666666666666	0.0	0.0	0.0	0.0	0.0	0.0	0.1666666666666666	0.0	0.0	0.0	0.1666666666666666	0.0	0.125	0.125	0.0	0.0	0.0	0.0	0.0	0.0	0.0	0.0	0.0	0.0	0.0	0.125	0.125	0.125	0.0	0.125	0.125	0.125
8ffe	H	GSGHVNAVKNYGYVMDY	TPYGGY	GFTFTNS	-0.0714285714285714	0.0	8.2	125.84285714285714	-0.9499999999999998	0.0	7.833333333333333	124.46166666666666	-0.4235294117647059	0.0588235294117647	8.48235294117647	127.19470588235292	0.0	0.0	1.0	0.0	0.0	0.0	0.0	1.0	0.0	0.0	0.0	0.0	0.0	2.0	0.0	1.0	2.0	0.0	0.0	0.0	0.0	0.0	0.0	0.0	0.0	0.0	0.0	2.0	0.0	0.0	0.0	0.0	0.0	0.0	1.0	0.0	1.0	0.0	2.0	0.0	1.0	0.0	2.0	1.0	0.0	0.0	0.0	3.0	1.0	0.0	0.0	1.0	1.0	0.0	0.0	1.0	0.0	0.0	3.0	3.0	7	6	17	-0.0714285714285714	-0.9499999999999998	-0.4235294117647059	human	0.0	0.0	0.1428571428571428	0.0	0.0	0.0	0.0	0.1428571428571428	0.0	0.0	0.0	0.0	0.0	0.2857142857142857	0.0	0.1428571428571428	0.2857142857142857	0.0	0.0	0.0	0.0	0.0	0.0	0.0	0.0	0.0	0.0	0.3333333333333333	0.0	0.0	0.0	0.0	0.0	0.0	0.1666666666666666	0.0	0.1666666666666666	0.0	0.3333333333333333	0.0	0.0588235294117647	0.0	0.1176470588235294	0.0588235294117647	0.0	0.0	0.0	0.1764705882352941	0.0588235294117647	0.0	0.0	0.0588235294117647	0.0588235294117647	0.0	0.0	0.0588235294117647	0.0	0.0	0.1764705882352941	0.1764705882352941
7sjn	D	GYDYDYALDY	DPETEG	GYKFTDS	-1.1142857142857143	0.0	8.928571428571429	132.1357142857143	-2.2	-0.5	10.533333333333331	122.78000000000002	-1.05	-0.3	8.580000000000002	141.939	0.0	0.0	0.0	1.0	0.0	0.0	0.0	1.0	0.0	0.0	0.0	1.0	0.0	1.0	0.0	1.0	1.0	0.0	1.0	0.0	0.0	0.0	0.0	1.0	0.0	0.0	2.0	1.0	0.0	0.0	0.0	0.0	0.0	0.0	1.0	0.0	1.0	0.0	0.0	0.0	1.0	0.0	0.0	3.0	0.0	0.0	0.0	1.0	0.0	0.0	1.0	0.0	0.0	0.0	0.0	0.0	0.0	0.0	4.0	0.0	7	6	10	-1.1142857142857143	-2.2	-1.05	human	0.0	0.0	0.0	0.1428571428571428	0.0	0.0	0.0	0.1428571428571428	0.0	0.0	0.0	0.1428571428571428	0.0	0.1428571428571428	0.0	0.1428571428571428	0.1428571428571428	0.0	0.1428571428571428	0.0	0.0	0.0	0.0	0.1666666666666666	0.0	0.0	0.3333333333333333	0.1666666666666666	0.0	0.0	0.0	0.0	0.0	0.0	0.1666666666666666	0.0	0.1666666666666666	0.0	0.0	0.0	0.1	0.0	0.0	0.3	0.0	0.0	0.0	0.1	0.0	0.0	0.1	0.0	0.0	0.0	0.0	0.0	0.0	0.0	0.4	0.0
7sjo	E	GYDYDYALDY	DPETEG	GYKFTDS	-1.1142857142857143	0.0	8.928571428571429	132.1357142857143	-2.2	-0.5	10.533333333333331	122.78000000000002	-1.05	-0.3	8.580000000000002	141.939	0.0	0.0	0.0	1.0	0.0	0.0	0.0	1.0	0.0	0.0	0.0	1.0	0.0	1.0	0.0	1.0	1.0	0.0	1.0	0.0	0.0	0.0	0.0	1.0	0.0	0.0	2.0	1.0	0.0	0.0	0.0	0.0	0.0	0.0	1.0	0.0	1.0	0.0	0.0	0.0	1.0	0.0	0.0	3.0	0.0	0.0	0.0	1.0	0.0	0.0	1.0	0.0	0.0	0.0	0.0	0.0	0.0	0.0	4.0	0.0	7	6	10	-1.1142857142857143	-2.2	-1.05	human	0.0	0.0	0.0	0.1428571428571428	0.0	0.0	0.0	0.1428571428571428	0.0	0.0	0.0	0.1428571428571428	0.0	0.1428571428571428	0.0	0.1428571428571428	0.1428571428571428	0.0	0.1428571428571428	0.0	0.0	0.0	0.0	0.1666666666666666	0.0	0.0	0.3333333333333333	0.1666666666666666	0.0	0.0	0.0	0.0	0.0	0.0	0.1666666666666666	0.0	0.1666666666666666	0.0	0.0	0.0	0.1	0.0	0.0	0.3	0.0	0.0	0.0	0.1	0.0	0.0	0.1	0.0	0.0	0.0	0.0	0.0	0.0	0.0	0.4	0.0
7xw7	A	LDWNYNPLRY	YPGDSD	GYSLTDN	-0.9142857142857144	-0.1428571428571428	8.928571428571429	125.26571428571428	-1.8500000000000003	-0.3333333333333333	9.733333333333334	123.78000000000002	-1.25	0.0	8.23	151.562	0.0	0.0	1.0	1.0	0.0	0.0	0.0	1.0	0.0	0.0	1.0	0.0	0.0	0.0	0.0	1.0	1.0	0.0	1.0	0.0	0.0	0.0	0.0	2.0	0.0	0.0	0.0	1.0	0.0	0.0	0.0	0.0	0.0	0.0	1.0	1.0	0.0	0.0	1.0	0.0	0.0	1.0	2.0	1.0	0.0	0.0	0.0	0.0	0.0	0.0	2.0	0.0	0.0	0.0	1.0	0.0	0.0	1.0	2.0	0.0	7	6	10	-0.9142857142857144	-1.8500000000000003	-1.25	human	0.0	0.0	0.1428571428571428	0.1428571428571428	0.0	0.0	0.0	0.1428571428571428	0.0	0.0	0.1428571428571428	0.0	0.0	0.0	0.0	0.1428571428571428	0.1428571428571428	0.0	0.1428571428571428	0.0	0.0	0.0	0.0	0.3333333333333333	0.0	0.0	0.0	0.1666666666666666	0.0	0.0	0.0	0.0	0.0	0.0	0.1666666666666666	0.1666666666666666	0.0	0.0	0.1666666666666666	0.0	0.0	0.1	0.2	0.1	0.0	0.0	0.0	0.0	0.0	0.0	0.2	0.0	0.0	0.0	0.1	0.0	0.0	0.1	0.2	0.0
7t9n	H	LEPGYSSTWSVN	DPTDSY	GYRFTSY	-0.8857142857142858	0.1428571428571428	7.842857142857143	143.00714285714284	-1.9000000000000004	-0.3333333333333333	9.666666666666666	131.12166666666667	-0.525	-0.0833333333333333	8.291666666666668	128.13166666666666	0.0	1.0	0.0	0.0	0.0	0.0	0.0	1.0	0.0	0.0	0.0	0.0	0.0	1.0	0.0	1.0	1.0	0.0	2.0	0.0	0.0	0.0	0.0	2.0	0.0	0.0	0.0	0.0	0.0	0.0	0.0	0.0	0.0	0.0	1.0	1.0	1.0	0.0	1.0	0.0	0.0	0.0	1.0	0.0	0.0	0.0	1.0	1.0	0.0	0.0	1.0	0.0	0.0	0.0	1.0	3.0	1.0	1.0	1.0	1.0	7	6	12	-0.8857142857142858	-1.9000000000000004	-0.525	human	0.0	0.1428571428571428	0.0	0.0	0.0	0.0	0.0	0.1428571428571428	0.0	0.0	0.0	0.0	0.0	0.1428571428571428	0.0	0.1428571428571428	0.1428571428571428	0.0	0.2857142857142857	0.0	0.0	0.0	0.0	0.3333333333333333	0.0	0.0	0.0	0.0	0.0	0.0	0.0	0.0	0.0	0.0	0.1666666666666666	0.1666666666666666	0.1666666666666666	0.0	0.1666666666666666	0.0	0.0	0.0	0.0833333333333333	0.0	0.0	0.0	0.0833333333333333	0.0833333333333333	0.0	0.0	0.0833333333333333	0.0	0.0	0.0	0.0833333333333333	0.25	0.0833333333333333	0.0833333333333333	0.0833333333333333	0.0833333333333333
7sk3	D	VYPWWYYKYYHGALDY	YSSYGY	GFNFSYS	-0.1714285714285714	0.0	7.942857142857142	132.7057142857143	-0.9833333333333334	0.0	7.666666666666667	138.13666666666666	-0.7750000000000001	0.0625	7.412500000000001	153.60375000000002	0.0	0.0	1.0	0.0	0.0	0.0	0.0	1.0	0.0	0.0	0.0	0.0	0.0	2.0	0.0	2.0	0.0	0.0	1.0	0.0	0.0	0.0	0.0	0.0	0.0	0.0	0.0	1.0	0.0	0.0	0.0	0.0	0.0	0.0	0.0	2.0	0.0	0.0	3.0	0.0	1.0	0.0	0.0	1.0	0.0	0.0	0.0	1.0	1.0	0.0	1.0	1.0	0.0	0.0	1.0	0.0	0.0	2.0	6.0	1.0	7	6	16	-0.1714285714285714	-0.9833333333333334	-0.7750000000000001	human	0.0	0.0	0.1428571428571428	0.0	0.0	0.0	0.0	0.1428571428571428	0.0	0.0	0.0	0.0	0.0	0.2857142857142857	0.0	0.2857142857142857	0.0	0.0	0.1428571428571428	0.0	0.0	0.0	0.0	0.0	0.0	0.0	0.0	0.1666666666666666	0.0	0.0	0.0	0.0	0.0	0.0	0.0	0.3333333333333333	0.0	0.0	0.5	0.0	0.0625	0.0	0.0	0.0625	0.0	0.0	0.0	0.0625	0.0625	0.0	0.0625	0.0625	0.0	0.0	0.0625	0.0	0.0	0.125	0.375	0.0625
7sk4	D	VYPWWYYKYYHGALDY	YSSYGY	GFNFSYS	-0.1714285714285714	0.0	7.942857142857142	132.7057142857143	-0.9833333333333334	0.0	7.666666666666667	138.13666666666666	-0.7750000000000001	0.0625	7.412500000000001	153.60375000000002	0.0	0.0	1.0	0.0	0.0	0.0	0.0	1.0	0.0	0.0	0.0	0.0	0.0	2.0	0.0	2.0	0.0	0.0	1.0	0.0	0.0	0.0	0.0	0.0	0.0	0.0	0.0	1.0	0.0	0.0	0.0	0.0	0.0	0.0	0.0	2.0	0.0	0.0	3.0	0.0	1.0	0.0	0.0	1.0	0.0	0.0	0.0	1.0	1.0	0.0	1.0	1.0	0.0	0.0	1.0	0.0	0.0	2.0	6.0	1.0	7	6	16	-0.1714285714285714	-0.9833333333333334	-0.7750000000000001	human	0.0	0.0	0.1428571428571428	0.0	0.0	0.0	0.0	0.1428571428571428	0.0	0.0	0.0	0.0	0.0	0.2857142857142857	0.0	0.2857142857142857	0.0	0.0	0.1428571428571428	0.0	0.0	0.0	0.0	0.0	0.0	0.0	0.0	0.1666666666666666	0.0	0.0	0.0	0.0	0.0	0.0	0.0	0.3333333333333333	0.0	0.0	0.5	0.0	0.0625	0.0	0.0	0.0625	0.0	0.0	0.0	0.0625	0.0625	0.0	0.0625	0.0625	0.0	0.0	0.0625	0.0	0.0	0.125	0.375	0.0625
7sk8	D	VYPWWYYKYYHGALDY	YSSYGY	GFNFSYS	-0.1714285714285714	0.0	7.942857142857142	132.7057142857143	-0.9833333333333334	0.0	7.666666666666667	138.13666666666666	-0.7750000000000001	0.0625	7.412500000000001	153.60375000000002	0.0	0.0	1.0	0.0	0.0	0.0	0.0	1.0	0.0	0.0	0.0	0.0	0.0	2.0	0.0	2.0	0.0	0.0	1.0	0.0	0.0	0.0	0.0	0.0	0.0	0.0	0.0	1.0	0.0	0.0	0.0	0.0	0.0	0.0	0.0	2.0	0.0	0.0	3.0	0.0	1.0	0.0	0.0	1.0	0.0	0.0	0.0	1.0	1.0	0.0	1.0	1.0	0.0	0.0	1.0	0.0	0.0	2.0	6.0	1.0	7	6	16	-0.1714285714285714	-0.9833333333333334	-0.7750000000000001	human	0.0	0.0	0.1428571428571428	0.0	0.0	0.0	0.0	0.1428571428571428	0.0	0.0	0.0	0.0	0.0	0.2857142857142857	0.0	0.2857142857142857	0.0	0.0	0.1428571428571428	0.0	0.0	0.0	0.0	0.0	0.0	0.0	0.0	0.1666666666666666	0.0	0.0	0.0	0.0	0.0	0.0	0.0	0.3333333333333333	0.0	0.0	0.5	0.0	0.0625	0.0	0.0	0.0625	0.0	0.0	0.0	0.0625	0.0625	0.0	0.0625	0.0625	0.0	0.0	0.0625	0.0	0.0	0.125	0.375	0.0625
2vxs	J	DLIHGVTRN	SGSGGS	GFTFSSY	0.2285714285714286	0.0	7.514285714285713	130.84857142857143	-0.6	0.0	9.1	90.08	-0.3666666666666666	0.1111111111111111	8.788888888888888	129.80666666666664	0.0	0.0	0.0	0.0	0.0	0.0	0.0	1.0	0.0	0.0	0.0	0.0	0.0	2.0	0.0	2.0	1.0	0.0	1.0	0.0	0.0	0.0	0.0	0.0	0.0	0.0	0.0	3.0	0.0	0.0	0.0	0.0	0.0	0.0	0.0	3.0	0.0	0.0	0.0	0.0	0.0	1.0	1.0	1.0	0.0	0.0	0.0	1.0	1.0	1.0	1.0	0.0	0.0	0.0	0.0	0.0	1.0	0.0	0.0	1.0	7	6	9	0.2285714285714286	-0.6	-0.3666666666666666	human	0.0	0.0	0.0	0.0	0.0	0.0	0.0	0.1428571428571428	0.0	0.0	0.0	0.0	0.0	0.2857142857142857	0.0	0.2857142857142857	0.1428571428571428	0.0	0.1428571428571428	0.0	0.0	0.0	0.0	0.0	0.0	0.0	0.0	0.5	0.0	0.0	0.0	0.0	0.0	0.0	0.0	0.5	0.0	0.0	0.0	0.0	0.0	0.1111111111111111	0.1111111111111111	0.1111111111111111	0.0	0.0	0.0	0.1111111111111111	0.1111111111111111	0.1111111111111111	0.1111111111111111	0.0	0.0	0.0	0.0	0.0	0.1111111111111111	0.0	0.0	0.1111111111111111
6rp8	h	TGWLGPFDY	SYDGNN	GFTFSSY	0.2285714285714286	0.0	7.514285714285713	130.84857142857143	-2.1666666666666665	-0.1666666666666666	10.1	126.44833333333332	-0.2444444444444444	-0.1111111111111111	7.699999999999999	133.2522222222222	0.0	0.0	0.0	0.0	0.0	0.0	0.0	1.0	0.0	0.0	0.0	0.0	0.0	2.0	0.0	2.0	1.0	0.0	1.0	0.0	0.0	0.0	2.0	1.0	0.0	0.0	0.0	1.0	0.0	0.0	0.0	0.0	0.0	0.0	0.0	1.0	0.0	0.0	1.0	0.0	0.0	0.0	0.0	1.0	0.0	0.0	0.0	2.0	0.0	0.0	1.0	0.0	0.0	1.0	1.0	0.0	1.0	1.0	1.0	0.0	7	6	9	0.2285714285714286	-2.1666666666666665	-0.2444444444444444	human	0.0	0.0	0.0	0.0	0.0	0.0	0.0	0.1428571428571428	0.0	0.0	0.0	0.0	0.0	0.2857142857142857	0.0	0.2857142857142857	0.1428571428571428	0.0	0.1428571428571428	0.0	0.0	0.0	0.3333333333333333	0.1666666666666666	0.0	0.0	0.0	0.1666666666666666	0.0	0.0	0.0	0.0	0.0	0.0	0.0	0.1666666666666666	0.0	0.0	0.1666666666666666	0.0	0.0	0.0	0.0	0.1111111111111111	0.0	0.0	0.0	0.2222222222222222	0.0	0.0	0.1111111111111111	0.0	0.0	0.1111111111111111	0.1111111111111111	0.0	0.1111111111111111	0.1111111111111111	0.1111111111111111	0.0
4ers	H	EKDHYDILTGYNYYYGLDV	YYDGSN	GFTFSSY	0.2285714285714286	0.0	7.514285714285713	130.84857142857143	-1.8	-0.1666666666666666	9.2	134.6266666666667	-0.8578947368421053	-0.1052631578947368	8.584210526315792	140.30368421052634	0.0	0.0	0.0	0.0	0.0	0.0	0.0	1.0	0.0	0.0	0.0	0.0	0.0	2.0	0.0	2.0	1.0	0.0	1.0	0.0	0.0	0.0	1.0	1.0	0.0	0.0	0.0	1.0	0.0	0.0	0.0	0.0	0.0	0.0	0.0	1.0	0.0	0.0	2.0	0.0	0.0	0.0	1.0	3.0	0.0	0.0	1.0	2.0	1.0	1.0	2.0	1.0	0.0	0.0	0.0	0.0	1.0	0.0	5.0	1.0	7	6	19	0.2285714285714286	-1.8	-0.8578947368421053	human	0.0	0.0	0.0	0.0	0.0	0.0	0.0	0.1428571428571428	0.0	0.0	0.0	0.0	0.0	0.2857142857142857	0.0	0.2857142857142857	0.1428571428571428	0.0	0.1428571428571428	0.0	0.0	0.0	0.1666666666666666	0.1666666666666666	0.0	0.0	0.0	0.1666666666666666	0.0	0.0	0.0	0.0	0.0	0.0	0.0	0.1666666666666666	0.0	0.0	0.3333333333333333	0.0	0.0	0.0	0.0526315789473684	0.1578947368421052	0.0	0.0	0.0526315789473684	0.1052631578947368	0.0526315789473684	0.0526315789473684	0.1052631578947368	0.0526315789473684	0.0	0.0	0.0	0.0	0.0526315789473684	0.0	0.2631578947368421	0.0526315789473684
3dvn	B	EYYRWYTAIDY	SPYYGS	GFNVKTG	-0.2714285714285714	0.1428571428571428	8.657142857142857	118.55857142857144	-1.0333333333333334	0.0	7.966666666666666	127.12666666666664	-1.0909090909090908	-0.0909090909090909	7.990909090909091	156.61818181818182	0.0	0.0	1.0	0.0	0.0	0.0	0.0	2.0	0.0	0.0	0.0	1.0	0.0	1.0	0.0	0.0	1.0	0.0	0.0	1.0	0.0	0.0	0.0	0.0	0.0	0.0	0.0	1.0	0.0	0.0	0.0	0.0	0.0	0.0	1.0	2.0	0.0	0.0	2.0	0.0	1.0	1.0	0.0	1.0	0.0	0.0	1.0	0.0	0.0	1.0	0.0	0.0	0.0	0.0	0.0	0.0	1.0	1.0	4.0	0.0	7	6	11	-0.2714285714285714	-1.0333333333333334	-1.0909090909090908	human	0.0	0.0	0.1428571428571428	0.0	0.0	0.0	0.0	0.2857142857142857	0.0	0.0	0.0	0.1428571428571428	0.0	0.1428571428571428	0.0	0.0	0.1428571428571428	0.0	0.0	0.1428571428571428	0.0	0.0	0.0	0.0	0.0	0.0	0.0	0.1666666666666666	0.0	0.0	0.0	0.0	0.0	0.0	0.1666666666666666	0.3333333333333333	0.0	0.0	0.3333333333333333	0.0	0.0909090909090909	0.0909090909090909	0.0	0.0909090909090909	0.0	0.0	0.0909090909090909	0.0	0.0	0.0909090909090909	0.0	0.0	0.0	0.0	0.0	0.0	0.0909090909090909	0.0909090909090909	0.3636363636363636	0.0
6wir	A	DYYDILTDYYIHYWYFDL	NQDGSE	GFTFSNY	-0.1571428571428571	0.0	7.857142857142857	134.71	-2.5333333333333337	-0.3333333333333333	10.933333333333332	123.11	-0.4	-0.1666666666666666	7.722222222222224	154.88444444444443	0.0	0.0	1.0	0.0	0.0	0.0	0.0	1.0	0.0	0.0	0.0	0.0	0.0	2.0	0.0	1.0	1.0	0.0	1.0	0.0	0.0	0.0	1.0	1.0	0.0	1.0	1.0	1.0	0.0	0.0	0.0	0.0	0.0	0.0	0.0	1.0	0.0	0.0	0.0	0.0	0.0	0.0	0.0	4.0	0.0	0.0	0.0	0.0	1.0	2.0	2.0	0.0	0.0	1.0	0.0	0.0	1.0	1.0	6.0	0.0	7	6	18	-0.1571428571428571	-2.5333333333333337	-0.4	human	0.0	0.0	0.1428571428571428	0.0	0.0	0.0	0.0	0.1428571428571428	0.0	0.0	0.0	0.0	0.0	0.2857142857142857	0.0	0.1428571428571428	0.1428571428571428	0.0	0.1428571428571428	0.0	0.0	0.0	0.1666666666666666	0.1666666666666666	0.0	0.1666666666666666	0.1666666666666666	0.1666666666666666	0.0	0.0	0.0	0.0	0.0	0.0	0.0	0.1666666666666666	0.0	0.0	0.0	0.0	0.0	0.0	0.0	0.2222222222222222	0.0	0.0	0.0	0.0	0.0555555555555555	0.1111111111111111	0.1111111111111111	0.0	0.0	0.0555555555555555	0.0	0.0	0.0555555555555555	0.0555555555555555	0.3333333333333333	0.0
7amr	H	GNGYNFDGAYRFFDF	NPYNDD	GYKFTGF	-0.1571428571428571	0.1428571428571428	7.785714285714286	132.43142857142857	-2.8166666666666664	-0.3333333333333333	10.566666666666666	137.79333333333332	-0.62	-0.0666666666666666	8.533333333333333	136.1386666666667	0.0	0.0	0.0	0.0	0.0	0.0	0.0	2.0	0.0	0.0	0.0	1.0	0.0	2.0	0.0	0.0	1.0	0.0	1.0	0.0	0.0	0.0	2.0	2.0	0.0	0.0	0.0	0.0	0.0	0.0	0.0	0.0	0.0	0.0	1.0	0.0	0.0	0.0	1.0	0.0	1.0	1.0	2.0	2.0	0.0	0.0	0.0	3.0	0.0	0.0	0.0	0.0	0.0	4.0	0.0	0.0	0.0	0.0	2.0	0.0	7	6	15	-0.1571428571428571	-2.8166666666666664	-0.62	human	0.0	0.0	0.0	0.0	0.0	0.0	0.0	0.2857142857142857	0.0	0.0	0.0	0.1428571428571428	0.0	0.2857142857142857	0.0	0.0	0.1428571428571428	0.0	0.1428571428571428	0.0	0.0	0.0	0.3333333333333333	0.3333333333333333	0.0	0.0	0.0	0.0	0.0	0.0	0.0	0.0	0.0	0.0	0.1666666666666666	0.0	0.0	0.0	0.1666666666666666	0.0	0.0666666666666666	0.0666666666666666	0.1333333333333333	0.1333333333333333	0.0	0.0	0.0	0.2	0.0	0.0	0.0	0.0	0.0	0.2666666666666666	0.0	0.0	0.0	0.0	0.1333333333333333	0.0
5nh3	I	GGWFDY	NPVSGS	GYTFTSS	-0.2714285714285715	0.0	8.0	124.26714285714286	-0.4833333333333332	0.0	8.816666666666668	108.275	-0.6166666666666667	-0.1666666666666666	7.966666666666666	138.975	0.0	0.0	0.0	0.0	0.0	0.0	0.0	1.0	0.0	0.0	0.0	0.0	0.0	1.0	0.0	2.0	2.0	0.0	1.0	0.0	0.0	0.0	1.0	0.0	0.0	0.0	0.0	1.0	0.0	0.0	0.0	0.0	0.0	0.0	1.0	2.0	0.0	0.0	0.0	1.0	0.0	0.0	0.0	1.0	0.0	0.0	0.0	2.0	0.0	0.0	0.0	0.0	0.0	1.0	0.0	0.0	0.0	1.0	1.0	0.0	7	6	6	-0.2714285714285715	-0.4833333333333332	-0.6166666666666667	human	0.0	0.0	0.0	0.0	0.0	0.0	0.0	0.1428571428571428	0.0	0.0	0.0	0.0	0.0	0.1428571428571428	0.0	0.2857142857142857	0.2857142857142857	0.0	0.1428571428571428	0.0	0.0	0.0	0.1666666666666666	0.0	0.0	0.0	0.0	0.1666666666666666	0.0	0.0	0.0	0.0	0.0	0.0	0.1666666666666666	0.3333333333333333	0.0	0.0	0.0	0.1666666666666666	0.0	0.0	0.0	0.1666666666666666	0.0	0.0	0.0	0.3333333333333333	0.0	0.0	0.0	0.0	0.0	0.1666666666666666	0.0	0.0	0.0	0.1666666666666666	0.1666666666666666	0.0
5y9j	H	SRDLLLFPHHALSP	IPMFGT	GGTFNNN	-1.3142857142857145	0.0	9.514285714285714	118.68714285714285	1.0833333333333333	0.0	6.949999999999999	125.815	0.0428571428571427	0.1428571428571428	7.971428571428572	131.21571428571428	0.0	0.0	3.0	0.0	0.0	0.0	0.0	2.0	0.0	0.0	0.0	0.0	0.0	1.0	0.0	0.0	1.0	0.0	0.0	0.0	0.0	0.0	0.0	0.0	0.0	0.0	0.0	1.0	0.0	1.0	0.0	0.0	1.0	1.0	1.0	0.0	1.0	0.0	0.0	0.0	1.0	1.0	0.0	1.0	0.0	0.0	0.0	0.0	2.0	0.0	4.0	0.0	0.0	1.0	2.0	2.0	0.0	0.0	0.0	0.0	7	6	14	-1.3142857142857145	1.0833333333333333	0.0428571428571427	human	0.0	0.0	0.4285714285714285	0.0	0.0	0.0	0.0	0.2857142857142857	0.0	0.0	0.0	0.0	0.0	0.1428571428571428	0.0	0.0	0.1428571428571428	0.0	0.0	0.0	0.0	0.0	0.0	0.0	0.0	0.0	0.0	0.1666666666666666	0.0	0.1666666666666666	0.0	0.0	0.1666666666666666	0.1666666666666666	0.1666666666666666	0.0	0.1666666666666666	0.0	0.0	0.0	0.0714285714285714	0.0714285714285714	0.0	0.0714285714285714	0.0	0.0	0.0	0.0	0.1428571428571428	0.0	0.2857142857142857	0.0	0.0	0.0714285714285714	0.1428571428571428	0.1428571428571428	0.0	0.0	0.0	0.0
6vvu	J	DPRGYGAALDRLDL	SSAAT	RFSLIGY	0.5857142857142856	0.1428571428571428	7.171428571428572	137.58285714285714	0.26	0.0	8.64	101.496	-0.5857142857142856	-0.0714285714285714	8.792857142857144	126.13214285714288	0.0	1.0	0.0	0.0	0.0	0.0	0.0	1.0	0.0	1.0	1.0	0.0	0.0	1.0	0.0	1.0	0.0	0.0	1.0	0.0	2.0	0.0	0.0	0.0	0.0	0.0	0.0	0.0	0.0	0.0	0.0	0.0	0.0	0.0	0.0	2.0	1.0	0.0	0.0	0.0	2.0	2.0	0.0	3.0	0.0	0.0	0.0	2.0	0.0	0.0	3.0	0.0	0.0	0.0	1.0	0.0	0.0	0.0	1.0	0.0	7	5	14	0.5857142857142856	0.26	-0.5857142857142856	human	0.0	0.1428571428571428	0.0	0.0	0.0	0.0	0.0	0.1428571428571428	0.0	0.1428571428571428	0.1428571428571428	0.0	0.0	0.1428571428571428	0.0	0.1428571428571428	0.0	0.0	0.1428571428571428	0.0	0.4	0.0	0.0	0.0	0.0	0.0	0.0	0.0	0.0	0.0	0.0	0.0	0.0	0.0	0.0	0.4	0.2	0.0	0.0	0.0	0.1428571428571428	0.1428571428571428	0.0	0.2142857142857142	0.0	0.0	0.0	0.1428571428571428	0.0	0.0	0.2142857142857142	0.0	0.0	0.0	0.0714285714285714	0.0	0.0	0.0	0.0714285714285714	0.0
2vh5	H	GRFFDY	SRTSKT	GFTFSTF	0.8285714285714285	0.0	7.285714285714286	130.56714285714287	-1.9	0.3333333333333333	9.566666666666666	128.13500000000002	-0.6833333333333335	0.0	8.183333333333334	148.99	0.0	0.0	0.0	0.0	0.0	0.0	0.0	1.0	0.0	0.0	0.0	0.0	0.0	3.0	0.0	1.0	2.0	0.0	0.0	0.0	0.0	1.0	0.0	0.0	0.0	0.0	0.0	0.0	0.0	0.0	0.0	1.0	0.0	0.0	0.0	2.0	2.0	0.0	0.0	0.0	0.0	1.0	0.0	1.0	0.0	0.0	0.0	1.0	0.0	0.0	0.0	0.0	0.0	2.0	0.0	0.0	0.0	0.0	1.0	0.0	7	6	6	0.8285714285714285	-1.9	-0.6833333333333335	human	0.0	0.0	0.0	0.0	0.0	0.0	0.0	0.1428571428571428	0.0	0.0	0.0	0.0	0.0	0.4285714285714285	0.0	0.1428571428571428	0.2857142857142857	0.0	0.0	0.0	0.0	0.1666666666666666	0.0	0.0	0.0	0.0	0.0	0.0	0.0	0.0	0.0	0.1666666666666666	0.0	0.0	0.0	0.3333333333333333	0.3333333333333333	0.0	0.0	0.0	0.0	0.1666666666666666	0.0	0.1666666666666666	0.0	0.0	0.0	0.1666666666666666	0.0	0.0	0.0	0.0	0.0	0.3333333333333333	0.0	0.0	0.0	0.0	0.1666666666666666	0.0
7ams	H	GNGYNFDGAYRFFDF	NPYNDD	GYKFTGF	-0.1571428571428571	0.1428571428571428	7.785714285714286	132.43142857142857	-2.8166666666666664	-0.3333333333333333	10.566666666666666	137.79333333333332	-0.62	-0.0666666666666666	8.533333333333333	136.1386666666667	0.0	0.0	0.0	0.0	0.0	0.0	0.0	2.0	0.0	0.0	0.0	1.0	0.0	2.0	0.0	0.0	1.0	0.0	1.0	0.0	0.0	0.0	2.0	2.0	0.0	0.0	0.0	0.0	0.0	0.0	0.0	0.0	0.0	0.0	1.0	0.0	0.0	0.0	1.0	0.0	1.0	1.0	2.0	2.0	0.0	0.0	0.0	3.0	0.0	0.0	0.0	0.0	0.0	4.0	0.0	0.0	0.0	0.0	2.0	0.0	7	6	15	-0.1571428571428571	-2.8166666666666664	-0.62	human	0.0	0.0	0.0	0.0	0.0	0.0	0.0	0.2857142857142857	0.0	0.0	0.0	0.1428571428571428	0.0	0.2857142857142857	0.0	0.0	0.1428571428571428	0.0	0.1428571428571428	0.0	0.0	0.0	0.3333333333333333	0.3333333333333333	0.0	0.0	0.0	0.0	0.0	0.0	0.0	0.0	0.0	0.0	0.1666666666666666	0.0	0.0	0.0	0.1666666666666666	0.0	0.0666666666666666	0.0666666666666666	0.1333333333333333	0.1333333333333333	0.0	0.0	0.0	0.2	0.0	0.0	0.0	0.0	0.0	0.2666666666666666	0.0	0.0	0.0	0.0	0.1333333333333333	0.0
5xez	H	EKDHYDILTGYNYYYGLDV	YYDGSN	GFTFSSY	0.2285714285714286	0.0	7.514285714285713	130.84857142857143	-1.8	-0.1666666666666666	9.2	134.6266666666667	-0.8578947368421053	-0.1052631578947368	8.584210526315792	140.30368421052634	0.0	0.0	0.0	0.0	0.0	0.0	0.0	1.0	0.0	0.0	0.0	0.0	0.0	2.0	0.0	2.0	1.0	0.0	1.0	0.0	0.0	0.0	1.0	1.0	0.0	0.0	0.0	1.0	0.0	0.0	0.0	0.0	0.0	0.0	0.0	1.0	0.0	0.0	2.0	0.0	0.0	0.0	1.0	3.0	0.0	0.0	1.0	2.0	1.0	1.0	2.0	1.0	0.0	0.0	0.0	0.0	1.0	0.0	5.0	1.0	7	6	19	0.2285714285714286	-1.8	-0.8578947368421053	human	0.0	0.0	0.0	0.0	0.0	0.0	0.0	0.1428571428571428	0.0	0.0	0.0	0.0	0.0	0.2857142857142857	0.0	0.2857142857142857	0.1428571428571428	0.0	0.1428571428571428	0.0	0.0	0.0	0.1666666666666666	0.1666666666666666	0.0	0.0	0.0	0.1666666666666666	0.0	0.0	0.0	0.0	0.0	0.0	0.0	0.1666666666666666	0.0	0.0	0.3333333333333333	0.0	0.0	0.0	0.0526315789473684	0.1578947368421052	0.0	0.0	0.0526315789473684	0.1052631578947368	0.0526315789473684	0.0526315789473684	0.1052631578947368	0.0526315789473684	0.0	0.0	0.0	0.0	0.0526315789473684	0.0	0.2631578947368421	0.0526315789473684
7chz	H	FNGYWNYIMDY	WPREGF	GFTIKDM	0.1	0.0	8.285714285714286	131.29285714285714	-1.3500000000000003	0.0	8.4	146.82500000000002	-0.5909090909090909	-0.0909090909090909	7.754545454545456	151.43454545454546	0.0	0.0	0.0	1.0	0.0	0.0	0.0	1.0	0.0	1.0	0.0	1.0	1.0	1.0	0.0	0.0	1.0	0.0	0.0	0.0	0.0	1.0	0.0	0.0	0.0	0.0	1.0	1.0	0.0	0.0	0.0	0.0	0.0	1.0	1.0	0.0	0.0	1.0	0.0	0.0	0.0	0.0	2.0	1.0	0.0	0.0	0.0	1.0	0.0	1.0	0.0	0.0	1.0	1.0	0.0	0.0	0.0	1.0	3.0	0.0	7	6	11	0.1	-1.3500000000000003	-0.5909090909090909	human	0.0	0.0	0.0	0.1428571428571428	0.0	0.0	0.0	0.1428571428571428	0.0	0.1428571428571428	0.0	0.1428571428571428	0.1428571428571428	0.1428571428571428	0.0	0.0	0.1428571428571428	0.0	0.0	0.0	0.0	0.1666666666666666	0.0	0.0	0.0	0.0	0.1666666666666666	0.1666666666666666	0.0	0.0	0.0	0.0	0.0	0.1666666666666666	0.1666666666666666	0.0	0.0	0.1666666666666666	0.0	0.0	0.0	0.0	0.1818181818181818	0.0909090909090909	0.0	0.0	0.0	0.0909090909090909	0.0	0.0909090909090909	0.0	0.0	0.0909090909090909	0.0909090909090909	0.0	0.0	0.0	0.0909090909090909	0.2727272727272727	0.0
3g04	B	LEPGYSSTWSVN	DPTDSY	GYRFTSY	-0.8857142857142858	0.1428571428571428	7.842857142857143	143.00714285714284	-1.9000000000000004	-0.3333333333333333	9.666666666666666	131.12166666666667	-0.525	-0.0833333333333333	8.291666666666668	128.13166666666666	0.0	1.0	0.0	0.0	0.0	0.0	0.0	1.0	0.0	0.0	0.0	0.0	0.0	1.0	0.0	1.0	1.0	0.0	2.0	0.0	0.0	0.0	0.0	2.0	0.0	0.0	0.0	0.0	0.0	0.0	0.0	0.0	0.0	0.0	1.0	1.0	1.0	0.0	1.0	0.0	0.0	0.0	1.0	0.0	0.0	0.0	1.0	1.0	0.0	0.0	1.0	0.0	0.0	0.0	1.0	3.0	1.0	1.0	1.0	1.0	7	6	12	-0.8857142857142858	-1.9000000000000004	-0.525	human	0.0	0.1428571428571428	0.0	0.0	0.0	0.0	0.0	0.1428571428571428	0.0	0.0	0.0	0.0	0.0	0.1428571428571428	0.0	0.1428571428571428	0.1428571428571428	0.0	0.2857142857142857	0.0	0.0	0.0	0.0	0.3333333333333333	0.0	0.0	0.0	0.0	0.0	0.0	0.0	0.0	0.0	0.0	0.1666666666666666	0.1666666666666666	0.1666666666666666	0.0	0.1666666666666666	0.0	0.0	0.0	0.0833333333333333	0.0	0.0	0.0	0.0833333333333333	0.0833333333333333	0.0	0.0	0.0833333333333333	0.0	0.0	0.0	0.0833333333333333	0.25	0.0833333333333333	0.0833333333333333	0.0833333333333333	0.0833333333333333
3sob	H	GSGHVNAVKNYGYVMDY	TPYGGY	GFTFTNS	-0.0714285714285714	0.0	8.2	125.84285714285714	-0.9499999999999998	0.0	7.833333333333333	124.46166666666666	-0.4235294117647059	0.0588235294117647	8.48235294117647	127.19470588235292	0.0	0.0	1.0	0.0	0.0	0.0	0.0	1.0	0.0	0.0	0.0	0.0	0.0	2.0	0.0	1.0	2.0	0.0	0.0	0.0	0.0	0.0	0.0	0.0	0.0	0.0	0.0	2.0	0.0	0.0	0.0	0.0	0.0	0.0	1.0	0.0	1.0	0.0	2.0	0.0	1.0	0.0	2.0	1.0	0.0	0.0	0.0	3.0	1.0	0.0	0.0	1.0	1.0	0.0	0.0	1.0	0.0	0.0	3.0	3.0	7	6	17	-0.0714285714285714	-0.9499999999999998	-0.4235294117647059	human	0.0	0.0	0.1428571428571428	0.0	0.0	0.0	0.0	0.1428571428571428	0.0	0.0	0.0	0.0	0.0	0.2857142857142857	0.0	0.1428571428571428	0.2857142857142857	0.0	0.0	0.0	0.0	0.0	0.0	0.0	0.0	0.0	0.0	0.3333333333333333	0.0	0.0	0.0	0.0	0.0	0.0	0.1666666666666666	0.0	0.1666666666666666	0.0	0.3333333333333333	0.0	0.0588235294117647	0.0	0.1176470588235294	0.0588235294117647	0.0	0.0	0.0	0.1764705882352941	0.0588235294117647	0.0	0.0	0.0588235294117647	0.0588235294117647	0.0	0.0	0.0588235294117647	0.0	0.0	0.1764705882352941	0.1764705882352941
7shy	C	GSHYFGHWHFAV	TYDGS	GYSITSGY	-0.15	0.0	7.824999999999999	121.62375	-1.34	-0.2	9.2	122.71399999999998	-0.1500000000000001	0.25	7.866666666666668	136.89583333333334	0.0	0.0	0.0	0.0	0.0	0.0	0.0	2.0	0.0	1.0	0.0	0.0	0.0	0.0	0.0	2.0	1.0	0.0	2.0	0.0	0.0	0.0	0.0	1.0	0.0	0.0	0.0	1.0	0.0	0.0	0.0	0.0	0.0	0.0	0.0	1.0	1.0	0.0	1.0	0.0	1.0	0.0	0.0	0.0	0.0	0.0	0.0	2.0	3.0	0.0	0.0	0.0	0.0	2.0	0.0	1.0	0.0	1.0	1.0	1.0	8	5	12	-0.15	-1.34	-0.1500000000000001	human	0.0	0.0	0.0	0.0	0.0	0.0	0.0	0.25	0.0	0.125	0.0	0.0	0.0	0.0	0.0	0.25	0.125	0.0	0.25	0.0	0.0	0.0	0.0	0.2	0.0	0.0	0.0	0.2	0.0	0.0	0.0	0.0	0.0	0.0	0.0	0.2	0.2	0.0	0.2	0.0	0.0833333333333333	0.0	0.0	0.0	0.0	0.0	0.0	0.1666666666666666	0.25	0.0	0.0	0.0	0.0	0.1666666666666666	0.0	0.0833333333333333	0.0	0.0833333333333333	0.0833333333333333	0.0833333333333333
7amq	H	GAGYNFDGAYRFFDF	NPYNDD	GYTFTGY	-0.2857142857142857	0.0	7.542857142857143	130.85	-2.8166666666666664	-0.3333333333333333	10.566666666666666	137.79333333333332	-0.2666666666666667	-0.0666666666666666	8.3	133.27	0.0	0.0	0.0	0.0	0.0	0.0	0.0	2.0	0.0	0.0	0.0	0.0	0.0	1.0	0.0	0.0	2.0	0.0	2.0	0.0	0.0	0.0	2.0	2.0	0.0	0.0	0.0	0.0	0.0	0.0	0.0	0.0	0.0	0.0	1.0	0.0	0.0	0.0	1.0	0.0	2.0	1.0	1.0	2.0	0.0	0.0	0.0	3.0	0.0	0.0	0.0	0.0	0.0	4.0	0.0	0.0	0.0	0.0	2.0	0.0	7	6	15	-0.2857142857142857	-2.8166666666666664	-0.2666666666666667	human	0.0	0.0	0.0	0.0	0.0	0.0	0.0	0.2857142857142857	0.0	0.0	0.0	0.0	0.0	0.1428571428571428	0.0	0.0	0.2857142857142857	0.0	0.2857142857142857	0.0	0.0	0.0	0.3333333333333333	0.3333333333333333	0.0	0.0	0.0	0.0	0.0	0.0	0.0	0.0	0.0	0.0	0.1666666666666666	0.0	0.0	0.0	0.1666666666666666	0.0	0.1333333333333333	0.0666666666666666	0.0666666666666666	0.1333333333333333	0.0	0.0	0.0	0.2	0.0	0.0	0.0	0.0	0.0	0.2666666666666666	0.0	0.0	0.0	0.0	0.1333333333333333	0.0
6u36	H	ERYGYYFDY	DPGSGG	GYTFSSY	-0.3571428571428572	0.0	7.657142857142857	133.1342857142857	-1.1833333333333331	-0.1666666666666666	9.533333333333331	96.42166666666668	-1.5888888888888897	-0.1111111111111111	8.311111111111112	157.71666666666667	0.0	0.0	0.0	0.0	0.0	0.0	0.0	1.0	0.0	0.0	0.0	0.0	0.0	1.0	0.0	2.0	1.0	0.0	2.0	0.0	0.0	0.0	0.0	1.0	0.0	0.0	0.0	3.0	0.0	0.0	0.0	0.0	0.0	0.0	1.0	1.0	0.0	0.0	0.0	0.0	0.0	1.0	0.0	1.0	0.0	0.0	1.0	1.0	0.0	0.0	0.0	0.0	0.0	1.0	0.0	0.0	0.0	0.0	4.0	0.0	7	6	9	-0.3571428571428572	-1.1833333333333331	-1.5888888888888897	human	0.0	0.0	0.0	0.0	0.0	0.0	0.0	0.1428571428571428	0.0	0.0	0.0	0.0	0.0	0.1428571428571428	0.0	0.2857142857142857	0.1428571428571428	0.0	0.2857142857142857	0.0	0.0	0.0	0.0	0.1666666666666666	0.0	0.0	0.0	0.5	0.0	0.0	0.0	0.0	0.0	0.0	0.1666666666666666	0.1666666666666666	0.0	0.0	0.0	0.0	0.0	0.1111111111111111	0.0	0.1111111111111111	0.0	0.0	0.1111111111111111	0.1111111111111111	0.0	0.0	0.0	0.0	0.0	0.1111111111111111	0.0	0.0	0.0	0.0	0.4444444444444444	0.0
5hi4	C	DLIHGVTRN	SGSGGS	GFTFSSY	0.2285714285714286	0.0	7.514285714285713	130.84857142857143	-0.6	0.0	9.1	90.08	-0.3666666666666666	0.1111111111111111	8.788888888888888	129.80666666666664	0.0	0.0	0.0	0.0	0.0	0.0	0.0	1.0	0.0	0.0	0.0	0.0	0.0	2.0	0.0	2.0	1.0	0.0	1.0	0.0	0.0	0.0	0.0	0.0	0.0	0.0	0.0	3.0	0.0	0.0	0.0	0.0	0.0	0.0	0.0	3.0	0.0	0.0	0.0	0.0	0.0	1.0	1.0	1.0	0.0	0.0	0.0	1.0	1.0	1.0	1.0	0.0	0.0	0.0	0.0	0.0	1.0	0.0	0.0	1.0	7	6	9	0.2285714285714286	-0.6	-0.3666666666666666	human	0.0	0.0	0.0	0.0	0.0	0.0	0.0	0.1428571428571428	0.0	0.0	0.0	0.0	0.0	0.2857142857142857	0.0	0.2857142857142857	0.1428571428571428	0.0	0.1428571428571428	0.0	0.0	0.0	0.0	0.0	0.0	0.0	0.0	0.5	0.0	0.0	0.0	0.0	0.0	0.0	0.0	0.5	0.0	0.0	0.0	0.0	0.0	0.1111111111111111	0.1111111111111111	0.1111111111111111	0.0	0.0	0.0	0.1111111111111111	0.1111111111111111	0.1111111111111111	0.1111111111111111	0.0	0.0	0.0	0.0	0.0	0.1111111111111111	0.0	0.0	0.1111111111111111
5hys	A	GSHYFGHWHFAV	TYDGS	GYSITSGY	-0.15	0.0	7.824999999999999	121.62375	-1.34	-0.2	9.2	122.71399999999998	-0.1500000000000001	0.25	7.866666666666668	136.89583333333334	0.0	0.0	0.0	0.0	0.0	0.0	0.0	2.0	0.0	1.0	0.0	0.0	0.0	0.0	0.0	2.0	1.0	0.0	2.0	0.0	0.0	0.0	0.0	1.0	0.0	0.0	0.0	1.0	0.0	0.0	0.0	0.0	0.0	0.0	0.0	1.0	1.0	0.0	1.0	0.0	1.0	0.0	0.0	0.0	0.0	0.0	0.0	2.0	3.0	0.0	0.0	0.0	0.0	2.0	0.0	1.0	0.0	1.0	1.0	1.0	8	5	12	-0.15	-1.34	-0.1500000000000001	human	0.0	0.0	0.0	0.0	0.0	0.0	0.0	0.25	0.0	0.125	0.0	0.0	0.0	0.0	0.0	0.25	0.125	0.0	0.25	0.0	0.0	0.0	0.0	0.2	0.0	0.0	0.0	0.2	0.0	0.0	0.0	0.0	0.0	0.0	0.0	0.2	0.2	0.0	0.2	0.0	0.0833333333333333	0.0	0.0	0.0	0.0	0.0	0.0	0.1666666666666666	0.25	0.0	0.0	0.0	0.0	0.1666666666666666	0.0	0.0833333333333333	0.0	0.0833333333333333	0.0833333333333333	0.0833333333333333
5mes	H	QVGATWAFDI	SSSSSY	GFTFSSY	0.2285714285714286	0.0	7.514285714285713	130.84857142857143	-0.8833333333333333	0.0	8.700000000000001	117.77333333333335	0.61	-0.1	7.900000000000001	126.936	0.0	0.0	0.0	0.0	0.0	0.0	0.0	1.0	0.0	0.0	0.0	0.0	0.0	2.0	0.0	2.0	1.0	0.0	1.0	0.0	0.0	0.0	0.0	0.0	0.0	0.0	0.0	0.0	0.0	0.0	0.0	0.0	0.0	0.0	0.0	5.0	0.0	0.0	1.0	0.0	2.0	0.0	0.0	1.0	0.0	1.0	0.0	1.0	0.0	1.0	0.0	0.0	0.0	1.0	0.0	0.0	1.0	1.0	0.0	1.0	7	6	10	0.2285714285714286	-0.8833333333333333	0.61	human	0.0	0.0	0.0	0.0	0.0	0.0	0.0	0.1428571428571428	0.0	0.0	0.0	0.0	0.0	0.2857142857142857	0.0	0.2857142857142857	0.1428571428571428	0.0	0.1428571428571428	0.0	0.0	0.0	0.0	0.0	0.0	0.0	0.0	0.0	0.0	0.0	0.0	0.0	0.0	0.0	0.0	0.8333333333333334	0.0	0.0	0.1666666666666666	0.0	0.2	0.0	0.0	0.1	0.0	0.1	0.0	0.1	0.0	0.1	0.0	0.0	0.0	0.1	0.0	0.0	0.1	0.1	0.0	0.1
5bv7	C	EGAAVRSFYYSYYGMDV	WYDGSN	GFTFSSY	0.2285714285714286	0.0	7.514285714285713	130.84857142857143	-1.7333333333333334	-0.1666666666666666	9.066666666666666	138.46666666666667	-0.1411764705882352	-0.0588235294117647	7.994117647058823	133.31705882352944	0.0	0.0	0.0	0.0	0.0	0.0	0.0	1.0	0.0	0.0	0.0	0.0	0.0	2.0	0.0	2.0	1.0	0.0	1.0	0.0	0.0	0.0	1.0	1.0	0.0	0.0	0.0	1.0	0.0	0.0	0.0	0.0	0.0	0.0	0.0	1.0	0.0	1.0	1.0	0.0	2.0	1.0	0.0	1.0	0.0	0.0	1.0	2.0	0.0	0.0	0.0	0.0	1.0	1.0	0.0	2.0	0.0	0.0	4.0	2.0	7	6	17	0.2285714285714286	-1.7333333333333334	-0.1411764705882352	human	0.0	0.0	0.0	0.0	0.0	0.0	0.0	0.1428571428571428	0.0	0.0	0.0	0.0	0.0	0.2857142857142857	0.0	0.2857142857142857	0.1428571428571428	0.0	0.1428571428571428	0.0	0.0	0.0	0.1666666666666666	0.1666666666666666	0.0	0.0	0.0	0.1666666666666666	0.0	0.0	0.0	0.0	0.0	0.0	0.0	0.1666666666666666	0.0	0.1666666666666666	0.1666666666666666	0.0	0.1176470588235294	0.0588235294117647	0.0	0.0588235294117647	0.0	0.0	0.0588235294117647	0.1176470588235294	0.0	0.0	0.0	0.0	0.0588235294117647	0.0588235294117647	0.0	0.1176470588235294	0.0	0.0	0.2352941176470588	0.1176470588235294
6yxd	H	ETGTAWFAY	NPNSGG	GYTFTDF	-0.142857142857143	-0.1428571428571428	7.971428571428571	136.8542857142857	-1.7000000000000002	0.0	9.733333333333334	105.76666666666664	-0.1222222222222223	-0.1111111111111111	7.944444444444445	132.13666666666666	0.0	0.0	0.0	1.0	0.0	0.0	0.0	1.0	0.0	0.0	0.0	0.0	0.0	2.0	0.0	0.0	2.0	0.0	1.0	0.0	0.0	0.0	2.0	0.0	0.0	0.0	0.0	2.0	0.0	0.0	0.0	0.0	0.0	0.0	1.0	1.0	0.0	0.0	0.0	0.0	2.0	0.0	0.0	0.0	0.0	0.0	1.0	1.0	0.0	0.0	0.0	0.0	0.0	1.0	0.0	0.0	2.0	1.0	1.0	0.0	7	6	9	-0.142857142857143	-1.7000000000000002	-0.1222222222222223	human	0.0	0.0	0.0	0.1428571428571428	0.0	0.0	0.0	0.1428571428571428	0.0	0.0	0.0	0.0	0.0	0.2857142857142857	0.0	0.0	0.2857142857142857	0.0	0.1428571428571428	0.0	0.0	0.0	0.3333333333333333	0.0	0.0	0.0	0.0	0.3333333333333333	0.0	0.0	0.0	0.0	0.0	0.0	0.1666666666666666	0.1666666666666666	0.0	0.0	0.0	0.0	0.2222222222222222	0.0	0.0	0.0	0.0	0.0	0.1111111111111111	0.1111111111111111	0.0	0.0	0.0	0.0	0.0	0.1111111111111111	0.0	0.0	0.2222222222222222	0.1111111111111111	0.1111111111111111	0.0
5mev	H	QVGATWAFDI	SSSSSY	GFTFSSY	0.2285714285714286	0.0	7.514285714285713	130.84857142857143	-0.8833333333333333	0.0	8.700000000000001	117.77333333333335	0.61	-0.1	7.900000000000001	126.936	0.0	0.0	0.0	0.0	0.0	0.0	0.0	1.0	0.0	0.0	0.0	0.0	0.0	2.0	0.0	2.0	1.0	0.0	1.0	0.0	0.0	0.0	0.0	0.0	0.0	0.0	0.0	0.0	0.0	0.0	0.0	0.0	0.0	0.0	0.0	5.0	0.0	0.0	1.0	0.0	2.0	0.0	0.0	1.0	0.0	1.0	0.0	1.0	0.0	1.0	0.0	0.0	0.0	1.0	0.0	0.0	1.0	1.0	0.0	1.0	7	6	10	0.2285714285714286	-0.8833333333333333	0.61	human	0.0	0.0	0.0	0.0	0.0	0.0	0.0	0.1428571428571428	0.0	0.0	0.0	0.0	0.0	0.2857142857142857	0.0	0.2857142857142857	0.1428571428571428	0.0	0.1428571428571428	0.0	0.0	0.0	0.0	0.0	0.0	0.0	0.0	0.0	0.0	0.0	0.0	0.0	0.0	0.0	0.0	0.8333333333333334	0.0	0.0	0.1666666666666666	0.0	0.2	0.0	0.0	0.1	0.0	0.1	0.0	0.1	0.0	0.1	0.0	0.0	0.0	0.1	0.0	0.0	0.1	0.1	0.0	0.1
7si0	I	GSHYFGHWHFAV	TYDGS	GYSITSGY	-0.15	0.0	7.824999999999999	121.62375	-1.34	-0.2	9.2	122.71399999999998	-0.1500000000000001	0.25	7.866666666666668	136.89583333333334	0.0	0.0	0.0	0.0	0.0	0.0	0.0	2.0	0.0	1.0	0.0	0.0	0.0	0.0	0.0	2.0	1.0	0.0	2.0	0.0	0.0	0.0	0.0	1.0	0.0	0.0	0.0	1.0	0.0	0.0	0.0	0.0	0.0	0.0	0.0	1.0	1.0	0.0	1.0	0.0	1.0	0.0	0.0	0.0	0.0	0.0	0.0	2.0	3.0	0.0	0.0	0.0	0.0	2.0	0.0	1.0	0.0	1.0	1.0	1.0	8	5	12	-0.15	-1.34	-0.1500000000000001	human	0.0	0.0	0.0	0.0	0.0	0.0	0.0	0.25	0.0	0.125	0.0	0.0	0.0	0.0	0.0	0.25	0.125	0.0	0.25	0.0	0.0	0.0	0.0	0.2	0.0	0.0	0.0	0.2	0.0	0.0	0.0	0.0	0.0	0.0	0.0	0.2	0.2	0.0	0.2	0.0	0.0833333333333333	0.0	0.0	0.0	0.0	0.0	0.0	0.1666666666666666	0.25	0.0	0.0	0.0	0.0	0.1666666666666666	0.0	0.0833333333333333	0.0	0.0833333333333333	0.0833333333333333	0.0833333333333333
5ggs	C	RDYRFDMGFDY	NPSNGG	GYTFTNY	-0.7285714285714286	0.0	7.914285714285714	139.0	-1.7	0.0	9.733333333333333	105.76666666666664	-1.3636363636363635	-0.0909090909090909	8.863636363636365	151.33999999999995	0.0	0.0	1.0	0.0	0.0	0.0	0.0	1.0	0.0	0.0	0.0	0.0	0.0	1.0	0.0	0.0	2.0	0.0	2.0	0.0	0.0	0.0	2.0	0.0	0.0	0.0	0.0	2.0	0.0	0.0	0.0	0.0	0.0	0.0	1.0	1.0	0.0	0.0	0.0	0.0	0.0	2.0	0.0	3.0	0.0	0.0	0.0	1.0	0.0	0.0	0.0	0.0	1.0	2.0	0.0	0.0	0.0	0.0	2.0	0.0	7	6	11	-0.7285714285714286	-1.7	-1.3636363636363635	human	0.0	0.0	0.1428571428571428	0.0	0.0	0.0	0.0	0.1428571428571428	0.0	0.0	0.0	0.0	0.0	0.1428571428571428	0.0	0.0	0.2857142857142857	0.0	0.2857142857142857	0.0	0.0	0.0	0.3333333333333333	0.0	0.0	0.0	0.0	0.3333333333333333	0.0	0.0	0.0	0.0	0.0	0.0	0.1666666666666666	0.1666666666666666	0.0	0.0	0.0	0.0	0.0	0.1818181818181818	0.0	0.2727272727272727	0.0	0.0	0.0	0.0909090909090909	0.0	0.0	0.0	0.0	0.0909090909090909	0.1818181818181818	0.0	0.0	0.0	0.0	0.1818181818181818	0.0
3hae	H	ELLPYYGMDV	GSSGGG	GFTFSAY	0.6	0.0	7.357142857142857	128.56285714285715	-0.5333333333333333	0.0	9.066666666666666	85.07666666666667	0.2099999999999999	-0.2	7.610000000000002	136.151	1.0	0.0	0.0	0.0	0.0	0.0	0.0	1.0	0.0	0.0	0.0	0.0	0.0	2.0	0.0	1.0	1.0	0.0	1.0	0.0	0.0	0.0	0.0	0.0	0.0	0.0	0.0	4.0	0.0	0.0	0.0	0.0	0.0	0.0	0.0	2.0	0.0	0.0	0.0	0.0	0.0	0.0	0.0	1.0	0.0	0.0	1.0	1.0	0.0	0.0	2.0	0.0	1.0	0.0	1.0	0.0	0.0	0.0	2.0	1.0	7	6	10	0.6	-0.5333333333333333	0.2099999999999999	human	0.1428571428571428	0.0	0.0	0.0	0.0	0.0	0.0	0.1428571428571428	0.0	0.0	0.0	0.0	0.0	0.2857142857142857	0.0	0.1428571428571428	0.1428571428571428	0.0	0.1428571428571428	0.0	0.0	0.0	0.0	0.0	0.0	0.0	0.0	0.6666666666666666	0.0	0.0	0.0	0.0	0.0	0.0	0.0	0.3333333333333333	0.0	0.0	0.0	0.0	0.0	0.0	0.0	0.1	0.0	0.0	0.1	0.1	0.0	0.0	0.2	0.0	0.1	0.0	0.1	0.0	0.0	0.0	0.2	0.1
3b2u	F	VSIFGVGTFDY	YYSGS	GGSISSGDY	-0.4333333333333333	-0.1111111111111111	8.777777777777779	109.5488888888889	-0.9200000000000002	0.0	7.959999999999999	129.526	1.0363636363636362	-0.0909090909090909	7.490909090909091	125.86272727272726	0.0	0.0	0.0	1.0	0.0	0.0	0.0	3.0	0.0	1.0	0.0	0.0	0.0	0.0	0.0	3.0	0.0	0.0	1.0	0.0	0.0	0.0	0.0	0.0	0.0	0.0	0.0	1.0	0.0	0.0	0.0	0.0	0.0	0.0	0.0	2.0	0.0	0.0	2.0	0.0	0.0	0.0	0.0	1.0	0.0	0.0	0.0	2.0	0.0	1.0	0.0	0.0	0.0	2.0	0.0	1.0	1.0	0.0	1.0	2.0	9	5	11	-0.4333333333333333	-0.9200000000000002	1.0363636363636362	human	0.0	0.0	0.0	0.1111111111111111	0.0	0.0	0.0	0.3333333333333333	0.0	0.1111111111111111	0.0	0.0	0.0	0.0	0.0	0.3333333333333333	0.0	0.0	0.1111111111111111	0.0	0.0	0.0	0.0	0.0	0.0	0.0	0.0	0.2	0.0	0.0	0.0	0.0	0.0	0.0	0.0	0.4	0.0	0.0	0.4	0.0	0.0	0.0	0.0	0.0909090909090909	0.0	0.0	0.0	0.1818181818181818	0.0	0.0909090909090909	0.0	0.0	0.0	0.1818181818181818	0.0	0.0909090909090909	0.0909090909090909	0.0	0.0909090909090909	0.1818181818181818
6fxn	D	SRDLLLFPHHALSP	IPMFGT	GGTFNNN	-1.3142857142857145	0.0	9.514285714285714	118.68714285714285	1.0833333333333333	0.0	6.949999999999999	125.815	0.0428571428571427	0.1428571428571428	7.971428571428572	131.21571428571428	0.0	0.0	3.0	0.0	0.0	0.0	0.0	2.0	0.0	0.0	0.0	0.0	0.0	1.0	0.0	0.0	1.0	0.0	0.0	0.0	0.0	0.0	0.0	0.0	0.0	0.0	0.0	1.0	0.0	1.0	0.0	0.0	1.0	1.0	1.0	0.0	1.0	0.0	0.0	0.0	1.0	1.0	0.0	1.0	0.0	0.0	0.0	0.0	2.0	0.0	4.0	0.0	0.0	1.0	2.0	2.0	0.0	0.0	0.0	0.0	7	6	14	-1.3142857142857145	1.0833333333333333	0.0428571428571427	human	0.0	0.0	0.4285714285714285	0.0	0.0	0.0	0.0	0.2857142857142857	0.0	0.0	0.0	0.0	0.0	0.1428571428571428	0.0	0.0	0.1428571428571428	0.0	0.0	0.0	0.0	0.0	0.0	0.0	0.0	0.0	0.0	0.1666666666666666	0.0	0.1666666666666666	0.0	0.0	0.1666666666666666	0.1666666666666666	0.1666666666666666	0.0	0.1666666666666666	0.0	0.0	0.0	0.0714285714285714	0.0714285714285714	0.0	0.0714285714285714	0.0	0.0	0.0	0.0	0.1428571428571428	0.0	0.2857142857142857	0.0	0.0	0.0714285714285714	0.1428571428571428	0.1428571428571428	0.0	0.0	0.0	0.0
3h42	H	DYDFWSAYYDAFDV	SSSSSY	GFTFSSY	0.2285714285714286	0.0	7.514285714285713	130.84857142857143	-0.8833333333333333	0.0	8.700000000000001	117.77333333333335	-0.442857142857143	-0.2857142857142857	8.407142857142857	143.64285714285714	0.0	0.0	0.0	0.0	0.0	0.0	0.0	1.0	0.0	0.0	0.0	0.0	0.0	2.0	0.0	2.0	1.0	0.0	1.0	0.0	0.0	0.0	0.0	0.0	0.0	0.0	0.0	0.0	0.0	0.0	0.0	0.0	0.0	0.0	0.0	5.0	0.0	0.0	1.0	0.0	2.0	0.0	0.0	4.0	0.0	0.0	0.0	0.0	0.0	0.0	0.0	0.0	0.0	2.0	0.0	1.0	0.0	1.0	3.0	1.0	7	6	14	0.2285714285714286	-0.8833333333333333	-0.442857142857143	human	0.0	0.0	0.0	0.0	0.0	0.0	0.0	0.1428571428571428	0.0	0.0	0.0	0.0	0.0	0.2857142857142857	0.0	0.2857142857142857	0.1428571428571428	0.0	0.1428571428571428	0.0	0.0	0.0	0.0	0.0	0.0	0.0	0.0	0.0	0.0	0.0	0.0	0.0	0.0	0.0	0.0	0.8333333333333334	0.0	0.0	0.1666666666666666	0.0	0.1428571428571428	0.0	0.0	0.2857142857142857	0.0	0.0	0.0	0.0	0.0	0.0	0.0	0.0	0.0	0.1428571428571428	0.0	0.0714285714285714	0.0	0.0714285714285714	0.2142857142857142	0.0714285714285714
3gjf	H	ELLPYYGMDV	VSSGGS	GFTFSTY	0.2428571428571428	0.0	7.428571428571429	132.85285714285715	0.1666666666666667	0.0	8.583333333333334	97.09333333333336	0.2099999999999999	-0.2	7.610000000000002	136.151	0.0	0.0	0.0	0.0	0.0	0.0	0.0	1.0	0.0	0.0	0.0	0.0	0.0	2.0	0.0	1.0	2.0	0.0	1.0	0.0	0.0	0.0	0.0	0.0	0.0	0.0	0.0	2.0	0.0	0.0	0.0	0.0	0.0	0.0	0.0	3.0	0.0	0.0	0.0	1.0	0.0	0.0	0.0	1.0	0.0	0.0	1.0	1.0	0.0	0.0	2.0	0.0	1.0	0.0	1.0	0.0	0.0	0.0	2.0	1.0	7	6	10	0.2428571428571428	0.1666666666666667	0.2099999999999999	human	0.0	0.0	0.0	0.0	0.0	0.0	0.0	0.1428571428571428	0.0	0.0	0.0	0.0	0.0	0.2857142857142857	0.0	0.1428571428571428	0.2857142857142857	0.0	0.1428571428571428	0.0	0.0	0.0	0.0	0.0	0.0	0.0	0.0	0.3333333333333333	0.0	0.0	0.0	0.0	0.0	0.0	0.0	0.5	0.0	0.0	0.0	0.1666666666666666	0.0	0.0	0.0	0.1	0.0	0.0	0.1	0.1	0.0	0.0	0.2	0.0	0.1	0.0	0.1	0.0	0.0	0.0	0.2	0.1
4ogx	H	RRIGVPRRDEFDI	YSSGGI	GFTFSHY	-0.1142857142857143	0.1428571428571428	7.685714285714285	138.00142857142856	0.1333333333333333	0.0	7.966666666666666	112.11333333333332	-1.1153846153846154	0.0769230769230769	9.138461538461538	141.92384615384614	0.0	0.0	0.0	0.0	0.0	0.0	0.0	1.0	1.0	0.0	0.0	0.0	0.0	2.0	0.0	1.0	1.0	0.0	1.0	0.0	0.0	0.0	0.0	0.0	0.0	0.0	0.0	2.0	0.0	1.0	0.0	0.0	0.0	0.0	0.0	2.0	0.0	0.0	1.0	0.0	0.0	4.0	0.0	2.0	0.0	0.0	1.0	1.0	0.0	2.0	0.0	0.0	0.0	1.0	1.0	0.0	0.0	0.0	0.0	1.0	7	6	13	-0.1142857142857143	0.1333333333333333	-1.1153846153846154	human	0.0	0.0	0.0	0.0	0.0	0.0	0.0	0.1428571428571428	0.1428571428571428	0.0	0.0	0.0	0.0	0.2857142857142857	0.0	0.1428571428571428	0.1428571428571428	0.0	0.1428571428571428	0.0	0.0	0.0	0.0	0.0	0.0	0.0	0.0	0.3333333333333333	0.0	0.1666666666666666	0.0	0.0	0.0	0.0	0.0	0.3333333333333333	0.0	0.0	0.1666666666666666	0.0	0.0	0.3076923076923077	0.0	0.1538461538461538	0.0	0.0	0.0769230769230769	0.0769230769230769	0.0	0.1538461538461538	0.0	0.0	0.0	0.0769230769230769	0.0769230769230769	0.0	0.0	0.0	0.0	0.0769230769230769
5jxe	D	RDYRFDMGFDY	NPSNGG	GYTFTNY	-0.7285714285714286	0.0	7.914285714285714	139.0	-1.7	0.0	9.733333333333333	105.76666666666664	-1.3636363636363635	-0.0909090909090909	8.863636363636365	151.33999999999995	0.0	0.0	1.0	0.0	0.0	0.0	0.0	1.0	0.0	0.0	0.0	0.0	0.0	1.0	0.0	0.0	2.0	0.0	2.0	0.0	0.0	0.0	2.0	0.0	0.0	0.0	0.0	2.0	0.0	0.0	0.0	0.0	0.0	0.0	1.0	1.0	0.0	0.0	0.0	0.0	0.0	2.0	0.0	3.0	0.0	0.0	0.0	1.0	0.0	0.0	0.0	0.0	1.0	2.0	0.0	0.0	0.0	0.0	2.0	0.0	7	6	11	-0.7285714285714286	-1.7	-1.3636363636363635	human	0.0	0.0	0.1428571428571428	0.0	0.0	0.0	0.0	0.1428571428571428	0.0	0.0	0.0	0.0	0.0	0.1428571428571428	0.0	0.0	0.2857142857142857	0.0	0.2857142857142857	0.0	0.0	0.0	0.3333333333333333	0.0	0.0	0.0	0.0	0.3333333333333333	0.0	0.0	0.0	0.0	0.0	0.0	0.1666666666666666	0.1666666666666666	0.0	0.0	0.0	0.0	0.0	0.1818181818181818	0.0	0.2727272727272727	0.0	0.0	0.0	0.0909090909090909	0.0	0.0	0.0	0.0	0.0909090909090909	0.1818181818181818	0.0	0.0	0.0	0.0	0.1818181818181818	0.0
6b3s	C	VSIFGVGTFDY	YYSGS	GGSISSGDY	-0.4333333333333333	-0.1111111111111111	8.777777777777779	109.5488888888889	-0.9200000000000002	0.0	7.959999999999999	129.526	1.0363636363636362	-0.0909090909090909	7.490909090909091	125.86272727272726	0.0	0.0	0.0	1.0	0.0	0.0	0.0	3.0	0.0	1.0	0.0	0.0	0.0	0.0	0.0	3.0	0.0	0.0	1.0	0.0	0.0	0.0	0.0	0.0	0.0	0.0	0.0	1.0	0.0	0.0	0.0	0.0	0.0	0.0	0.0	2.0	0.0	0.0	2.0	0.0	0.0	0.0	0.0	1.0	0.0	0.0	0.0	2.0	0.0	1.0	0.0	0.0	0.0	2.0	0.0	1.0	1.0	0.0	1.0	2.0	9	5	11	-0.4333333333333333	-0.9200000000000002	1.0363636363636362	human	0.0	0.0	0.0	0.1111111111111111	0.0	0.0	0.0	0.3333333333333333	0.0	0.1111111111111111	0.0	0.0	0.0	0.0	0.0	0.3333333333333333	0.0	0.0	0.1111111111111111	0.0	0.0	0.0	0.0	0.0	0.0	0.0	0.0	0.2	0.0	0.0	0.0	0.0	0.0	0.0	0.0	0.4	0.0	0.0	0.4	0.0	0.0	0.0	0.0	0.0909090909090909	0.0	0.0	0.0	0.1818181818181818	0.0	0.0909090909090909	0.0	0.0	0.0	0.1818181818181818	0.0	0.0909090909090909	0.0909090909090909	0.0	0.0909090909090909	0.1818181818181818
4wv1	B	TYGIYDLYVDYTEYVMDY	HLGDGS	GFTFTST	0.3285714285714285	0.0	7.771428571428571	123.98571428571428	-0.75	0.0	9.25	112.44333333333331	-0.2777777777777778	-0.2222222222222222	7.905555555555556	144.04055555555558	0.0	0.0	0.0	0.0	0.0	0.0	0.0	1.0	0.0	0.0	0.0	0.0	0.0	2.0	0.0	1.0	3.0	0.0	0.0	0.0	0.0	0.0	0.0	1.0	0.0	0.0	0.0	2.0	1.0	0.0	1.0	0.0	0.0	0.0	0.0	1.0	0.0	0.0	0.0	0.0	0.0	0.0	0.0	3.0	0.0	0.0	1.0	1.0	0.0	1.0	1.0	0.0	1.0	0.0	0.0	0.0	2.0	0.0	6.0	2.0	7	6	18	0.3285714285714285	-0.75	-0.2777777777777778	human	0.0	0.0	0.0	0.0	0.0	0.0	0.0	0.1428571428571428	0.0	0.0	0.0	0.0	0.0	0.2857142857142857	0.0	0.1428571428571428	0.4285714285714285	0.0	0.0	0.0	0.0	0.0	0.0	0.1666666666666666	0.0	0.0	0.0	0.3333333333333333	0.1666666666666666	0.0	0.1666666666666666	0.0	0.0	0.0	0.0	0.1666666666666666	0.0	0.0	0.0	0.0	0.0	0.0	0.0	0.1666666666666666	0.0	0.0	0.0555555555555555	0.0555555555555555	0.0	0.0555555555555555	0.0555555555555555	0.0	0.0555555555555555	0.0	0.0	0.0	0.1111111111111111	0.0	0.3333333333333333	0.1111111111111111
7mdp	H	GSSSWYDLGPFDY	YHSGS	GGSISSSN	-0.375	0.0	8.95	104.22375	-1.3	0.2	8.8	124.32	-0.6692307692307693	-0.1538461538461538	8.26923076923077	131.51615384615386	0.0	0.0	1.0	0.0	0.0	0.0	0.0	2.0	0.0	1.0	0.0	0.0	0.0	0.0	0.0	4.0	0.0	0.0	0.0	0.0	0.0	0.0	0.0	0.0	0.0	0.0	0.0	1.0	1.0	0.0	0.0	0.0	0.0	0.0	0.0	2.0	0.0	0.0	1.0	0.0	0.0	0.0	0.0	2.0	0.0	0.0	0.0	2.0	0.0	0.0	1.0	0.0	0.0	1.0	1.0	3.0	0.0	1.0	2.0	0.0	8	5	13	-0.375	-1.3	-0.6692307692307693	human	0.0	0.0	0.125	0.0	0.0	0.0	0.0	0.25	0.0	0.125	0.0	0.0	0.0	0.0	0.0	0.5	0.0	0.0	0.0	0.0	0.0	0.0	0.0	0.0	0.0	0.0	0.0	0.2	0.2	0.0	0.0	0.0	0.0	0.0	0.0	0.4	0.0	0.0	0.2	0.0	0.0	0.0	0.0	0.1538461538461538	0.0	0.0	0.0	0.1538461538461538	0.0	0.0	0.0769230769230769	0.0	0.0	0.0769230769230769	0.0769230769230769	0.2307692307692307	0.0	0.0769230769230769	0.1538461538461538	0.0
7su0	I	TGWLGPFDY	SYDGHN	GFTFSHY	-0.1142857142857143	0.1428571428571428	7.685714285714285	138.00142857142856	-2.1166666666666667	0.0	9.9	130.28833333333333	-0.2444444444444444	-0.1111111111111111	7.699999999999999	133.2522222222222	0.0	0.0	0.0	0.0	0.0	0.0	0.0	1.0	1.0	0.0	0.0	0.0	0.0	2.0	0.0	1.0	1.0	0.0	1.0	0.0	0.0	0.0	1.0	1.0	0.0	0.0	0.0	1.0	1.0	0.0	0.0	0.0	0.0	0.0	0.0	1.0	0.0	0.0	1.0	0.0	0.0	0.0	0.0	1.0	0.0	0.0	0.0	2.0	0.0	0.0	1.0	0.0	0.0	1.0	1.0	0.0	1.0	1.0	1.0	0.0	7	6	9	-0.1142857142857143	-2.1166666666666667	-0.2444444444444444	human	0.0	0.0	0.0	0.0	0.0	0.0	0.0	0.1428571428571428	0.1428571428571428	0.0	0.0	0.0	0.0	0.2857142857142857	0.0	0.1428571428571428	0.1428571428571428	0.0	0.1428571428571428	0.0	0.0	0.0	0.1666666666666666	0.1666666666666666	0.0	0.0	0.0	0.1666666666666666	0.1666666666666666	0.0	0.0	0.0	0.0	0.0	0.0	0.1666666666666666	0.0	0.0	0.1666666666666666	0.0	0.0	0.0	0.0	0.1111111111111111	0.0	0.0	0.0	0.2222222222222222	0.0	0.0	0.1111111111111111	0.0	0.0	0.1111111111111111	0.1111111111111111	0.0	0.1111111111111111	0.1111111111111111	0.1111111111111111	0.0
5b8c	B	RDYRFDMGFDY	NPSNGG	GYTFTNY	-0.7285714285714286	0.0	7.914285714285714	139.0	-1.7	0.0	9.733333333333333	105.76666666666664	-1.3636363636363635	-0.0909090909090909	8.863636363636365	151.33999999999995	0.0	0.0	1.0	0.0	0.0	0.0	0.0	1.0	0.0	0.0	0.0	0.0	0.0	1.0	0.0	0.0	2.0	0.0	2.0	0.0	0.0	0.0	2.0	0.0	0.0	0.0	0.0	2.0	0.0	0.0	0.0	0.0	0.0	0.0	1.0	1.0	0.0	0.0	0.0	0.0	0.0	2.0	0.0	3.0	0.0	0.0	0.0	1.0	0.0	0.0	0.0	0.0	1.0	2.0	0.0	0.0	0.0	0.0	2.0	0.0	7	6	11	-0.7285714285714286	-1.7	-1.3636363636363635	human	0.0	0.0	0.1428571428571428	0.0	0.0	0.0	0.0	0.1428571428571428	0.0	0.0	0.0	0.0	0.0	0.1428571428571428	0.0	0.0	0.2857142857142857	0.0	0.2857142857142857	0.0	0.0	0.0	0.3333333333333333	0.0	0.0	0.0	0.0	0.3333333333333333	0.0	0.0	0.0	0.0	0.0	0.0	0.1666666666666666	0.1666666666666666	0.0	0.0	0.0	0.0	0.0	0.1818181818181818	0.0	0.2727272727272727	0.0	0.0	0.0	0.0909090909090909	0.0	0.0	0.0	0.0	0.0909090909090909	0.1818181818181818	0.0	0.0	0.0	0.0	0.1818181818181818	0.0
7chy	H	FNGYWNYIMDY	WPYGGF	GFTINGY	0.1428571428571428	0.0	7.828571428571428	125.56142857142858	-0.3000000000000001	0.0	7.133333333333334	135.98000000000002	-0.5909090909090909	-0.0909090909090909	7.754545454545456	151.43454545454546	0.0	0.0	1.0	0.0	0.0	0.0	0.0	2.0	0.0	1.0	0.0	0.0	0.0	1.0	0.0	0.0	1.0	0.0	1.0	0.0	0.0	0.0	0.0	0.0	0.0	0.0	0.0	2.0	0.0	0.0	0.0	0.0	0.0	1.0	1.0	0.0	0.0	1.0	1.0	0.0	0.0	0.0	2.0	1.0	0.0	0.0	0.0	1.0	0.0	1.0	0.0	0.0	1.0	1.0	0.0	0.0	0.0	1.0	3.0	0.0	7	6	11	0.1428571428571428	-0.3000000000000001	-0.5909090909090909	human	0.0	0.0	0.1428571428571428	0.0	0.0	0.0	0.0	0.2857142857142857	0.0	0.1428571428571428	0.0	0.0	0.0	0.1428571428571428	0.0	0.0	0.1428571428571428	0.0	0.1428571428571428	0.0	0.0	0.0	0.0	0.0	0.0	0.0	0.0	0.3333333333333333	0.0	0.0	0.0	0.0	0.0	0.1666666666666666	0.1666666666666666	0.0	0.0	0.1666666666666666	0.1666666666666666	0.0	0.0	0.0	0.1818181818181818	0.0909090909090909	0.0	0.0	0.0	0.0909090909090909	0.0	0.0909090909090909	0.0	0.0	0.0909090909090909	0.0909090909090909	0.0	0.0	0.0	0.0909090909090909	0.2727272727272727	0.0
7lf8	H	QIDDYYVDALDY	SRDSY	GFTFSRC	0.2428571428571428	0.1428571428571428	7.6	132.1442857142857	-2.1800000000000006	0.0	9.62	139.734	-0.5916666666666667	-0.3333333333333333	8.766666666666667	140.89166666666668	0.0	1.0	0.0	0.0	1.0	0.0	0.0	1.0	0.0	0.0	0.0	0.0	0.0	2.0	0.0	1.0	1.0	0.0	0.0	0.0	0.0	1.0	0.0	1.0	0.0	0.0	0.0	0.0	0.0	0.0	0.0	0.0	0.0	0.0	0.0	2.0	0.0	0.0	1.0	0.0	1.0	0.0	0.0	4.0	0.0	1.0	0.0	0.0	0.0	1.0	1.0	0.0	0.0	0.0	0.0	0.0	0.0	0.0	3.0	1.0	7	5	12	0.2428571428571428	-2.1800000000000006	-0.5916666666666667	human	0.0	0.1428571428571428	0.0	0.0	0.1428571428571428	0.0	0.0	0.1428571428571428	0.0	0.0	0.0	0.0	0.0	0.2857142857142857	0.0	0.1428571428571428	0.1428571428571428	0.0	0.0	0.0	0.0	0.2	0.0	0.2	0.0	0.0	0.0	0.0	0.0	0.0	0.0	0.0	0.0	0.0	0.0	0.4	0.0	0.0	0.2	0.0	0.0833333333333333	0.0	0.0	0.3333333333333333	0.0	0.0833333333333333	0.0	0.0	0.0	0.0833333333333333	0.0833333333333333	0.0	0.0	0.0	0.0	0.0	0.0	0.0	0.25	0.0833333333333333
5sx4	H	DRVTGAFDI	YYSGN	GGSVSSGDY	-0.4666666666666667	-0.1111111111111111	8.855555555555556	107.99111111111112	-1.4600000000000002	0.0	8.440000000000001	134.932	0.0777777777777777	-0.1111111111111111	8.722222222222223	126.35444444444444	0.0	0.0	0.0	1.0	0.0	0.0	0.0	3.0	0.0	0.0	0.0	0.0	0.0	0.0	0.0	3.0	0.0	0.0	1.0	1.0	0.0	0.0	1.0	0.0	0.0	0.0	0.0	1.0	0.0	0.0	0.0	0.0	0.0	0.0	0.0	1.0	0.0	0.0	2.0	0.0	1.0	1.0	0.0	2.0	0.0	0.0	0.0	1.0	0.0	1.0	0.0	0.0	0.0	1.0	0.0	0.0	1.0	0.0	0.0	1.0	9	5	9	-0.4666666666666667	-1.4600000000000002	0.0777777777777777	human	0.0	0.0	0.0	0.1111111111111111	0.0	0.0	0.0	0.3333333333333333	0.0	0.0	0.0	0.0	0.0	0.0	0.0	0.3333333333333333	0.0	0.0	0.1111111111111111	0.1111111111111111	0.0	0.0	0.2	0.0	0.0	0.0	0.0	0.2	0.0	0.0	0.0	0.0	0.0	0.0	0.0	0.2	0.0	0.0	0.4	0.0	0.1111111111111111	0.1111111111111111	0.0	0.2222222222222222	0.0	0.0	0.0	0.1111111111111111	0.0	0.1111111111111111	0.0	0.0	0.0	0.1111111111111111	0.0	0.0	0.1111111111111111	0.0	0.0	0.1111111111111111
3dvg	B	EYYRWYTAIDY	TPYYGS	GFNVKTG	-0.2714285714285714	0.1428571428571428	8.657142857142857	118.55857142857144	-1.0166666666666666	0.0	7.866666666666667	129.465	-1.0909090909090908	-0.0909090909090909	7.990909090909091	156.61818181818182	0.0	0.0	1.0	0.0	0.0	0.0	0.0	2.0	0.0	0.0	0.0	1.0	0.0	1.0	0.0	0.0	1.0	0.0	0.0	1.0	0.0	0.0	0.0	0.0	0.0	0.0	0.0	1.0	0.0	0.0	0.0	0.0	0.0	0.0	1.0	1.0	1.0	0.0	2.0	0.0	1.0	1.0	0.0	1.0	0.0	0.0	1.0	0.0	0.0	1.0	0.0	0.0	0.0	0.0	0.0	0.0	1.0	1.0	4.0	0.0	7	6	11	-0.2714285714285714	-1.0166666666666666	-1.0909090909090908	human	0.0	0.0	0.1428571428571428	0.0	0.0	0.0	0.0	0.2857142857142857	0.0	0.0	0.0	0.1428571428571428	0.0	0.1428571428571428	0.0	0.0	0.1428571428571428	0.0	0.0	0.1428571428571428	0.0	0.0	0.0	0.0	0.0	0.0	0.0	0.1666666666666666	0.0	0.0	0.0	0.0	0.0	0.0	0.1666666666666666	0.1666666666666666	0.1666666666666666	0.0	0.3333333333333333	0.0	0.0909090909090909	0.0909090909090909	0.0	0.0909090909090909	0.0	0.0	0.0909090909090909	0.0	0.0	0.0909090909090909	0.0	0.0	0.0	0.0	0.0	0.0	0.0909090909090909	0.0909090909090909	0.3636363636363636	0.0
6xm2	F	HMQVGGAPTGSMAAFDP	SYGGS	GFSLSSY	0.3571428571428571	0.0	7.557142857142858	123.98428571428572	-0.74	0.0	8.52	108.302	0.0058823529411764	0.0	8.323529411764707	115.41882352941175	0.0	0.0	0.0	0.0	0.0	0.0	0.0	1.0	0.0	0.0	1.0	0.0	0.0	1.0	0.0	3.0	0.0	0.0	1.0	0.0	0.0	0.0	0.0	0.0	0.0	0.0	0.0	2.0	0.0	0.0	0.0	0.0	0.0	0.0	0.0	2.0	0.0	0.0	1.0	0.0	3.0	0.0	0.0	1.0	0.0	1.0	0.0	3.0	1.0	0.0	0.0	0.0	2.0	1.0	2.0	1.0	1.0	0.0	0.0	1.0	7	5	17	0.3571428571428571	-0.74	0.0058823529411764	human	0.0	0.0	0.0	0.0	0.0	0.0	0.0	0.1428571428571428	0.0	0.0	0.1428571428571428	0.0	0.0	0.1428571428571428	0.0	0.4285714285714285	0.0	0.0	0.1428571428571428	0.0	0.0	0.0	0.0	0.0	0.0	0.0	0.0	0.4	0.0	0.0	0.0	0.0	0.0	0.0	0.0	0.4	0.0	0.0	0.2	0.0	0.1764705882352941	0.0	0.0	0.0588235294117647	0.0	0.0588235294117647	0.0	0.1764705882352941	0.0588235294117647	0.0	0.0	0.0	0.1176470588235294	0.0588235294117647	0.1176470588235294	0.0588235294117647	0.0588235294117647	0.0	0.0	0.0588235294117647
2wub	R	WAWPAFDY	YPAGGA	GFTINGT	0.2285714285714286	0.0	8.17142857142857	116.69428571428573	-0.0166666666666667	0.0	8.066666666666666	104.10666666666668	-0.225	-0.125	7.425000000000001	147.65625	0.0	0.0	1.0	0.0	0.0	0.0	0.0	2.0	0.0	1.0	0.0	0.0	0.0	1.0	0.0	0.0	2.0	0.0	0.0	0.0	2.0	0.0	0.0	0.0	0.0	0.0	0.0	2.0	0.0	0.0	0.0	0.0	0.0	0.0	1.0	0.0	0.0	0.0	1.0	0.0	2.0	0.0	0.0	1.0	0.0	0.0	0.0	0.0	0.0	0.0	0.0	0.0	0.0	1.0	1.0	0.0	0.0	2.0	1.0	0.0	7	6	8	0.2285714285714286	-0.0166666666666667	-0.225	human	0.0	0.0	0.1428571428571428	0.0	0.0	0.0	0.0	0.2857142857142857	0.0	0.1428571428571428	0.0	0.0	0.0	0.1428571428571428	0.0	0.0	0.2857142857142857	0.0	0.0	0.0	0.3333333333333333	0.0	0.0	0.0	0.0	0.0	0.0	0.3333333333333333	0.0	0.0	0.0	0.0	0.0	0.0	0.1666666666666666	0.0	0.0	0.0	0.1666666666666666	0.0	0.25	0.0	0.0	0.125	0.0	0.0	0.0	0.0	0.0	0.0	0.0	0.0	0.0	0.125	0.125	0.0	0.0	0.25	0.125	0.0
6ba5	F	GYSTYYGDFNI	NSGGS	GSDINDY	-1.2142857142857142	-0.2857142857142857	9.6	127.26285714285711	-1.1800000000000002	0.0	9.6	98.488	-0.5363636363636363	-0.0909090909090909	8.127272727272727	134.5	0.0	0.0	1.0	2.0	0.0	0.0	0.0	1.0	0.0	1.0	0.0	0.0	0.0	0.0	0.0	1.0	0.0	0.0	1.0	0.0	0.0	0.0	1.0	0.0	0.0	0.0	0.0	2.0	0.0	0.0	0.0	0.0	0.0	0.0	0.0	2.0	0.0	0.0	0.0	0.0	0.0	0.0	1.0	1.0	0.0	0.0	0.0	2.0	0.0	1.0	0.0	0.0	0.0	1.0	0.0	1.0	1.0	0.0	3.0	0.0	7	5	11	-1.2142857142857142	-1.1800000000000002	-0.5363636363636363	human	0.0	0.0	0.1428571428571428	0.2857142857142857	0.0	0.0	0.0	0.1428571428571428	0.0	0.1428571428571428	0.0	0.0	0.0	0.0	0.0	0.1428571428571428	0.0	0.0	0.1428571428571428	0.0	0.0	0.0	0.2	0.0	0.0	0.0	0.0	0.4	0.0	0.0	0.0	0.0	0.0	0.0	0.0	0.4	0.0	0.0	0.0	0.0	0.0	0.0	0.0909090909090909	0.0909090909090909	0.0	0.0	0.0	0.1818181818181818	0.0	0.0909090909090909	0.0	0.0	0.0	0.0909090909090909	0.0	0.0909090909090909	0.0909090909090909	0.0	0.2727272727272727	0.0
7amp	H	GAGYNFDGAYRFFDF	NPYNDD	GYTFTGY	-0.2857142857142857	0.0	7.542857142857143	130.85	-2.8166666666666664	-0.3333333333333333	10.566666666666666	137.79333333333332	-0.2666666666666667	-0.0666666666666666	8.3	133.27	0.0	0.0	0.0	0.0	0.0	0.0	0.0	2.0	0.0	0.0	0.0	0.0	0.0	1.0	0.0	0.0	2.0	0.0	2.0	0.0	0.0	0.0	2.0	2.0	0.0	0.0	0.0	0.0	0.0	0.0	0.0	0.0	0.0	0.0	1.0	0.0	0.0	0.0	1.0	0.0	2.0	1.0	1.0	2.0	0.0	0.0	0.0	3.0	0.0	0.0	0.0	0.0	0.0	4.0	0.0	0.0	0.0	0.0	2.0	0.0	7	6	15	-0.2857142857142857	-2.8166666666666664	-0.2666666666666667	human	0.0	0.0	0.0	0.0	0.0	0.0	0.0	0.2857142857142857	0.0	0.0	0.0	0.0	0.0	0.1428571428571428	0.0	0.0	0.2857142857142857	0.0	0.2857142857142857	0.0	0.0	0.0	0.3333333333333333	0.3333333333333333	0.0	0.0	0.0	0.0	0.0	0.0	0.0	0.0	0.0	0.0	0.1666666666666666	0.0	0.0	0.0	0.1666666666666666	0.0	0.1333333333333333	0.0666666666666666	0.0666666666666666	0.1333333333333333	0.0	0.0	0.0	0.2	0.0	0.0	0.0	0.0	0.0	0.2666666666666666	0.0	0.0	0.0	0.0	0.1333333333333333	0.0
1n8z	B	WGGDGFYAMDY	YPTNGY	GFNIKDT	-0.6714285714285715	0.0	9.128571428571428	128.85142857142858	-1.4666666666666668	0.0	8.266666666666667	133.97	-0.4727272727272728	-0.1818181818181818	8.163636363636364	132.86454545454546	0.0	0.0	1.0	1.0	0.0	0.0	0.0	1.0	0.0	1.0	0.0	1.0	0.0	1.0	0.0	0.0	1.0	0.0	0.0	0.0	0.0	0.0	1.0	0.0	0.0	0.0	0.0	1.0	0.0	0.0	0.0	0.0	0.0	0.0	1.0	0.0	1.0	0.0	2.0	0.0	1.0	0.0	0.0	2.0	0.0	0.0	0.0	3.0	0.0	0.0	0.0	0.0	1.0	1.0	0.0	0.0	0.0	1.0	2.0	0.0	7	6	11	-0.6714285714285715	-1.4666666666666668	-0.4727272727272728	human	0.0	0.0	0.1428571428571428	0.1428571428571428	0.0	0.0	0.0	0.1428571428571428	0.0	0.1428571428571428	0.0	0.1428571428571428	0.0	0.1428571428571428	0.0	0.0	0.1428571428571428	0.0	0.0	0.0	0.0	0.0	0.1666666666666666	0.0	0.0	0.0	0.0	0.1666666666666666	0.0	0.0	0.0	0.0	0.0	0.0	0.1666666666666666	0.0	0.1666666666666666	0.0	0.3333333333333333	0.0	0.0909090909090909	0.0	0.0	0.1818181818181818	0.0	0.0	0.0	0.2727272727272727	0.0	0.0	0.0	0.0	0.0909090909090909	0.0909090909090909	0.0	0.0	0.0	0.0909090909090909	0.1818181818181818	0.0
5hhx	H	DLIHGVTRN	SGSGGS	GFTFSSY	0.2285714285714286	0.0	7.514285714285713	130.84857142857143	-0.6	0.0	9.1	90.08	-0.3666666666666666	0.1111111111111111	8.788888888888888	129.80666666666664	0.0	0.0	0.0	0.0	0.0	0.0	0.0	1.0	0.0	0.0	0.0	0.0	0.0	2.0	0.0	2.0	1.0	0.0	1.0	0.0	0.0	0.0	0.0	0.0	0.0	0.0	0.0	3.0	0.0	0.0	0.0	0.0	0.0	0.0	0.0	3.0	0.0	0.0	0.0	0.0	0.0	1.0	1.0	1.0	0.0	0.0	0.0	1.0	1.0	1.0	1.0	0.0	0.0	0.0	0.0	0.0	1.0	0.0	0.0	1.0	7	6	9	0.2285714285714286	-0.6	-0.3666666666666666	human	0.0	0.0	0.0	0.0	0.0	0.0	0.0	0.1428571428571428	0.0	0.0	0.0	0.0	0.0	0.2857142857142857	0.0	0.2857142857142857	0.1428571428571428	0.0	0.1428571428571428	0.0	0.0	0.0	0.0	0.0	0.0	0.0	0.0	0.5	0.0	0.0	0.0	0.0	0.0	0.0	0.0	0.5	0.0	0.0	0.0	0.0	0.0	0.1111111111111111	0.1111111111111111	0.1111111111111111	0.0	0.0	0.0	0.1111111111111111	0.1111111111111111	0.1111111111111111	0.1111111111111111	0.0	0.0	0.0	0.0	0.0	0.1111111111111111	0.0	0.0	0.1111111111111111
7rco	F	HMQVGGAPTGSMAAFDP	SYGGS	GFSLSSY	0.3571428571428571	0.0	7.557142857142858	123.98428571428572	-0.74	0.0	8.52	108.302	0.0058823529411764	0.0	8.323529411764707	115.41882352941175	0.0	0.0	0.0	0.0	0.0	0.0	0.0	1.0	0.0	0.0	1.0	0.0	0.0	1.0	0.0	3.0	0.0	0.0	1.0	0.0	0.0	0.0	0.0	0.0	0.0	0.0	0.0	2.0	0.0	0.0	0.0	0.0	0.0	0.0	0.0	2.0	0.0	0.0	1.0	0.0	3.0	0.0	0.0	1.0	0.0	1.0	0.0	3.0	1.0	0.0	0.0	0.0	2.0	1.0	2.0	1.0	1.0	0.0	0.0	1.0	7	5	17	0.3571428571428571	-0.74	0.0058823529411764	human	0.0	0.0	0.0	0.0	0.0	0.0	0.0	0.1428571428571428	0.0	0.0	0.1428571428571428	0.0	0.0	0.1428571428571428	0.0	0.4285714285714285	0.0	0.0	0.1428571428571428	0.0	0.0	0.0	0.0	0.0	0.0	0.0	0.0	0.4	0.0	0.0	0.0	0.0	0.0	0.0	0.0	0.4	0.0	0.0	0.2	0.0	0.1764705882352941	0.0	0.0	0.0588235294117647	0.0	0.0588235294117647	0.0	0.1764705882352941	0.0588235294117647	0.0	0.0	0.0	0.1176470588235294	0.0588235294117647	0.1176470588235294	0.0588235294117647	0.0588235294117647	0.0	0.0	0.0588235294117647
6ogx	C	APRWYFSV	YPDNGD	GYTFTDS	-0.6571428571428573	-0.1428571428571428	8.542857142857143	128.26857142857142	-2.3000000000000003	-0.3333333333333333	10.133333333333333	128.285	-0.0374999999999999	0.125	7.312500000000001	143.90875	0.0	0.0	0.0	1.0	0.0	0.0	0.0	1.0	0.0	0.0	0.0	0.0	0.0	1.0	0.0	1.0	2.0	0.0	1.0	0.0	0.0	0.0	1.0	2.0	0.0	0.0	0.0	1.0	0.0	0.0	0.0	0.0	0.0	0.0	1.0	0.0	0.0	0.0	1.0	0.0	1.0	1.0	0.0	0.0	0.0	0.0	0.0	0.0	0.0	0.0	0.0	0.0	0.0	1.0	1.0	1.0	0.0	1.0	1.0	1.0	7	6	8	-0.6571428571428573	-2.3000000000000003	-0.0374999999999999	human	0.0	0.0	0.0	0.1428571428571428	0.0	0.0	0.0	0.1428571428571428	0.0	0.0	0.0	0.0	0.0	0.1428571428571428	0.0	0.1428571428571428	0.2857142857142857	0.0	0.1428571428571428	0.0	0.0	0.0	0.1666666666666666	0.3333333333333333	0.0	0.0	0.0	0.1666666666666666	0.0	0.0	0.0	0.0	0.0	0.0	0.1666666666666666	0.0	0.0	0.0	0.1666666666666666	0.0	0.125	0.125	0.0	0.0	0.0	0.0	0.0	0.0	0.0	0.0	0.0	0.0	0.0	0.125	0.125	0.125	0.0	0.125	0.125	0.125
5hi3	C	DLIHGVTRN	SGSGGS	GFTFSSY	0.2285714285714286	0.0	7.514285714285713	130.84857142857143	-0.6	0.0	9.1	90.08	-0.3666666666666666	0.1111111111111111	8.788888888888888	129.80666666666664	0.0	0.0	0.0	0.0	0.0	0.0	0.0	1.0	0.0	0.0	0.0	0.0	0.0	2.0	0.0	2.0	1.0	0.0	1.0	0.0	0.0	0.0	0.0	0.0	0.0	0.0	0.0	3.0	0.0	0.0	0.0	0.0	0.0	0.0	0.0	3.0	0.0	0.0	0.0	0.0	0.0	1.0	1.0	1.0	0.0	0.0	0.0	1.0	1.0	1.0	1.0	0.0	0.0	0.0	0.0	0.0	1.0	0.0	0.0	1.0	7	6	9	0.2285714285714286	-0.6	-0.3666666666666666	human	0.0	0.0	0.0	0.0	0.0	0.0	0.0	0.1428571428571428	0.0	0.0	0.0	0.0	0.0	0.2857142857142857	0.0	0.2857142857142857	0.1428571428571428	0.0	0.1428571428571428	0.0	0.0	0.0	0.0	0.0	0.0	0.0	0.0	0.5	0.0	0.0	0.0	0.0	0.0	0.0	0.0	0.5	0.0	0.0	0.0	0.0	0.0	0.1111111111111111	0.1111111111111111	0.1111111111111111	0.0	0.0	0.0	0.1111111111111111	0.1111111111111111	0.1111111111111111	0.1111111111111111	0.0	0.0	0.0	0.0	0.0	0.1111111111111111	0.0	0.0	0.1111111111111111
5hi5	C	DLIHGVTRN	SGSGGS	GFTFSSY	0.2285714285714286	0.0	7.514285714285713	130.84857142857143	-0.6	0.0	9.1	90.08	-0.3666666666666666	0.1111111111111111	8.788888888888888	129.80666666666664	0.0	0.0	0.0	0.0	0.0	0.0	0.0	1.0	0.0	0.0	0.0	0.0	0.0	2.0	0.0	2.0	1.0	0.0	1.0	0.0	0.0	0.0	0.0	0.0	0.0	0.0	0.0	3.0	0.0	0.0	0.0	0.0	0.0	0.0	0.0	3.0	0.0	0.0	0.0	0.0	0.0	1.0	1.0	1.0	0.0	0.0	0.0	1.0	1.0	1.0	1.0	0.0	0.0	0.0	0.0	0.0	1.0	0.0	0.0	1.0	7	6	9	0.2285714285714286	-0.6	-0.3666666666666666	human	0.0	0.0	0.0	0.0	0.0	0.0	0.0	0.1428571428571428	0.0	0.0	0.0	0.0	0.0	0.2857142857142857	0.0	0.2857142857142857	0.1428571428571428	0.0	0.1428571428571428	0.0	0.0	0.0	0.0	0.0	0.0	0.0	0.0	0.5	0.0	0.0	0.0	0.0	0.0	0.0	0.0	0.5	0.0	0.0	0.0	0.0	0.0	0.1111111111111111	0.1111111111111111	0.1111111111111111	0.0	0.0	0.0	0.1111111111111111	0.1111111111111111	0.1111111111111111	0.1111111111111111	0.0	0.0	0.0	0.0	0.0	0.1111111111111111	0.0	0.0	0.1111111111111111
6ban	B	GYSTYYGDFNI	NSGGS	GSDINDY	-1.2142857142857142	-0.2857142857142857	9.6	127.26285714285711	-1.1800000000000002	0.0	9.6	98.488	-0.5363636363636363	-0.0909090909090909	8.127272727272727	134.5	0.0	0.0	1.0	2.0	0.0	0.0	0.0	1.0	0.0	1.0	0.0	0.0	0.0	0.0	0.0	1.0	0.0	0.0	1.0	0.0	0.0	0.0	1.0	0.0	0.0	0.0	0.0	2.0	0.0	0.0	0.0	0.0	0.0	0.0	0.0	2.0	0.0	0.0	0.0	0.0	0.0	0.0	1.0	1.0	0.0	0.0	0.0	2.0	0.0	1.0	0.0	0.0	0.0	1.0	0.0	1.0	1.0	0.0	3.0	0.0	7	5	11	-1.2142857142857142	-1.1800000000000002	-0.5363636363636363	human	0.0	0.0	0.1428571428571428	0.2857142857142857	0.0	0.0	0.0	0.1428571428571428	0.0	0.1428571428571428	0.0	0.0	0.0	0.0	0.0	0.1428571428571428	0.0	0.0	0.1428571428571428	0.0	0.0	0.0	0.2	0.0	0.0	0.0	0.0	0.4	0.0	0.0	0.0	0.0	0.0	0.0	0.0	0.4	0.0	0.0	0.0	0.0	0.0	0.0	0.0909090909090909	0.0909090909090909	0.0	0.0	0.0	0.1818181818181818	0.0	0.0909090909090909	0.0	0.0	0.0	0.0909090909090909	0.0	0.0909090909090909	0.0909090909090909	0.0	0.2727272727272727	0.0
6mi2	D	GYGIFDY	YPGDSY	GYSFSTY	-0.3571428571428571	0.0	7.6571428571428575	133.1342857142857	-1.4833333333333334	-0.1666666666666666	8.600000000000001	131.795	0.057142857142857	-0.1428571428571428	7.685714285714286	134.56857142857143	0.0	0.0	0.0	0.0	0.0	0.0	0.0	1.0	0.0	0.0	0.0	0.0	0.0	1.0	0.0	2.0	1.0	0.0	2.0	0.0	0.0	0.0	0.0	1.0	0.0	0.0	0.0	1.0	0.0	0.0	0.0	0.0	0.0	0.0	1.0	1.0	0.0	0.0	2.0	0.0	0.0	0.0	0.0	1.0	0.0	0.0	0.0	2.0	0.0	1.0	0.0	0.0	0.0	1.0	0.0	0.0	0.0	0.0	2.0	0.0	7	6	7	-0.3571428571428571	-1.4833333333333334	0.057142857142857	human	0.0	0.0	0.0	0.0	0.0	0.0	0.0	0.1428571428571428	0.0	0.0	0.0	0.0	0.0	0.1428571428571428	0.0	0.2857142857142857	0.1428571428571428	0.0	0.2857142857142857	0.0	0.0	0.0	0.0	0.1666666666666666	0.0	0.0	0.0	0.1666666666666666	0.0	0.0	0.0	0.0	0.0	0.0	0.1666666666666666	0.1666666666666666	0.0	0.0	0.3333333333333333	0.0	0.0	0.0	0.0	0.1428571428571428	0.0	0.0	0.0	0.2857142857142857	0.0	0.1428571428571428	0.0	0.0	0.0	0.1428571428571428	0.0	0.0	0.0	0.0	0.2857142857142857	0.0
2fjg	H	FVFFLPYAMDY	TPAGGY	GFTISDY	0.0857142857142857	-0.1428571428571428	8.057142857142857	129.99	-0.4333333333333333	0.0	8.15	109.11166666666668	1.1272727272727274	-0.0909090909090909	6.690909090909091	144.79999999999998	0.0	0.0	0.0	1.0	0.0	0.0	0.0	1.0	0.0	1.0	0.0	0.0	0.0	1.0	0.0	1.0	1.0	0.0	1.0	0.0	1.0	0.0	0.0	0.0	0.0	0.0	0.0	2.0	0.0	0.0	0.0	0.0	0.0	0.0	1.0	0.0	1.0	0.0	1.0	0.0	1.0	0.0	0.0	1.0	0.0	0.0	0.0	0.0	0.0	0.0	1.0	0.0	1.0	3.0	1.0	0.0	0.0	0.0	2.0	1.0	7	6	11	0.0857142857142857	-0.4333333333333333	1.1272727272727274	human	0.0	0.0	0.0	0.1428571428571428	0.0	0.0	0.0	0.1428571428571428	0.0	0.1428571428571428	0.0	0.0	0.0	0.1428571428571428	0.0	0.1428571428571428	0.1428571428571428	0.0	0.1428571428571428	0.0	0.1666666666666666	0.0	0.0	0.0	0.0	0.0	0.0	0.3333333333333333	0.0	0.0	0.0	0.0	0.0	0.0	0.1666666666666666	0.0	0.1666666666666666	0.0	0.1666666666666666	0.0	0.0909090909090909	0.0	0.0	0.0909090909090909	0.0	0.0	0.0	0.0	0.0	0.0	0.0909090909090909	0.0	0.0909090909090909	0.2727272727272727	0.0909090909090909	0.0	0.0	0.0	0.1818181818181818	0.0909090909090909
3thm	H	RQLLDDGTGYQWAAFDV	AYRGNSNSGS	GASISANSY	0.0555555555555555	0.0	8.422222222222224	112.55555555555556	-1.4200000000000004	0.1	9.36	117.41299999999998	-0.4411764705882352	-0.1176470588235294	8.576470588235294	131.96117647058824	2.0	0.0	1.0	0.0	0.0	0.0	0.0	1.0	0.0	1.0	0.0	0.0	0.0	0.0	0.0	3.0	0.0	0.0	1.0	0.0	1.0	1.0	2.0	0.0	0.0	0.0	0.0	2.0	0.0	0.0	0.0	0.0	0.0	0.0	0.0	3.0	0.0	0.0	1.0	0.0	2.0	1.0	0.0	3.0	0.0	2.0	0.0	2.0	0.0	0.0	2.0	0.0	0.0	1.0	0.0	0.0	1.0	1.0	1.0	1.0	9	10	17	0.0555555555555555	-1.4200000000000004	-0.4411764705882352	human	0.2222222222222222	0.0	0.1111111111111111	0.0	0.0	0.0	0.0	0.1111111111111111	0.0	0.1111111111111111	0.0	0.0	0.0	0.0	0.0	0.3333333333333333	0.0	0.0	0.1111111111111111	0.0	0.1	0.1	0.2	0.0	0.0	0.0	0.0	0.2	0.0	0.0	0.0	0.0	0.0	0.0	0.0	0.3	0.0	0.0	0.1	0.0	0.1176470588235294	0.0588235294117647	0.0	0.1764705882352941	0.0	0.1176470588235294	0.0	0.1176470588235294	0.0	0.0	0.1176470588235294	0.0	0.0	0.0588235294117647	0.0	0.0	0.0588235294117647	0.0588235294117647	0.0588235294117647	0.0588235294117647
7shz	E	GSHYFGHWHFAV	KYSGE	GYSITSGY	-0.15	0.0	7.824999999999999	121.62375	-1.98	0.0	9.6	130.93400000000003	-0.1500000000000001	0.25	7.866666666666668	136.89583333333334	0.0	0.0	0.0	0.0	0.0	0.0	0.0	2.0	0.0	1.0	0.0	0.0	0.0	0.0	0.0	2.0	1.0	0.0	2.0	0.0	0.0	0.0	0.0	0.0	0.0	0.0	1.0	1.0	0.0	0.0	0.0	1.0	0.0	0.0	0.0	1.0	0.0	0.0	1.0	0.0	1.0	0.0	0.0	0.0	0.0	0.0	0.0	2.0	3.0	0.0	0.0	0.0	0.0	2.0	0.0	1.0	0.0	1.0	1.0	1.0	8	5	12	-0.15	-1.98	-0.1500000000000001	human	0.0	0.0	0.0	0.0	0.0	0.0	0.0	0.25	0.0	0.125	0.0	0.0	0.0	0.0	0.0	0.25	0.125	0.0	0.25	0.0	0.0	0.0	0.0	0.0	0.0	0.0	0.2	0.2	0.0	0.0	0.0	0.2	0.0	0.0	0.0	0.2	0.0	0.0	0.2	0.0	0.0833333333333333	0.0	0.0	0.0	0.0	0.0	0.0	0.1666666666666666	0.25	0.0	0.0	0.0	0.0	0.1666666666666666	0.0	0.0833333333333333	0.0	0.0833333333333333	0.0833333333333333	0.0833333333333333
7dha	C	DKILWFGEPVFDY	SGSGGG	GFTFNSF	0.4285714285714285	0.0	7.714285714285714	132.42428571428573	-0.5333333333333333	0.0	9.066666666666666	85.07666666666667	-0.0384615384615385	-0.1538461538461538	8.046153846153846	141.92384615384617	0.0	0.0	1.0	0.0	0.0	0.0	0.0	1.0	0.0	0.0	0.0	0.0	0.0	3.0	0.0	1.0	1.0	0.0	0.0	0.0	0.0	0.0	0.0	0.0	0.0	0.0	0.0	4.0	0.0	0.0	0.0	0.0	0.0	0.0	0.0	2.0	0.0	0.0	0.0	0.0	0.0	0.0	0.0	2.0	0.0	0.0	1.0	1.0	0.0	1.0	1.0	1.0	0.0	2.0	1.0	0.0	0.0	1.0	1.0	1.0	7	6	13	0.4285714285714285	-0.5333333333333333	-0.0384615384615385	human	0.0	0.0	0.1428571428571428	0.0	0.0	0.0	0.0	0.1428571428571428	0.0	0.0	0.0	0.0	0.0	0.4285714285714285	0.0	0.1428571428571428	0.1428571428571428	0.0	0.0	0.0	0.0	0.0	0.0	0.0	0.0	0.0	0.0	0.6666666666666666	0.0	0.0	0.0	0.0	0.0	0.0	0.0	0.3333333333333333	0.0	0.0	0.0	0.0	0.0	0.0	0.0	0.1538461538461538	0.0	0.0	0.0769230769230769	0.0769230769230769	0.0	0.0769230769230769	0.0769230769230769	0.0769230769230769	0.0	0.1538461538461538	0.0769230769230769	0.0	0.0	0.0769230769230769	0.0769230769230769	0.0769230769230769
4zff	A	FVFFLPYAMDY	TPAGGY	GFTISDY	0.0857142857142857	-0.1428571428571428	8.057142857142857	129.99	-0.4333333333333333	0.0	8.15	109.11166666666668	1.1272727272727274	-0.0909090909090909	6.690909090909091	144.79999999999998	0.0	0.0	0.0	1.0	0.0	0.0	0.0	1.0	0.0	1.0	0.0	0.0	0.0	1.0	0.0	1.0	1.0	0.0	1.0	0.0	1.0	0.0	0.0	0.0	0.0	0.0	0.0	2.0	0.0	0.0	0.0	0.0	0.0	0.0	1.0	0.0	1.0	0.0	1.0	0.0	1.0	0.0	0.0	1.0	0.0	0.0	0.0	0.0	0.0	0.0	1.0	0.0	1.0	3.0	1.0	0.0	0.0	0.0	2.0	1.0	7	6	11	0.0857142857142857	-0.4333333333333333	1.1272727272727274	human	0.0	0.0	0.0	0.1428571428571428	0.0	0.0	0.0	0.1428571428571428	0.0	0.1428571428571428	0.0	0.0	0.0	0.1428571428571428	0.0	0.1428571428571428	0.1428571428571428	0.0	0.1428571428571428	0.0	0.1666666666666666	0.0	0.0	0.0	0.0	0.0	0.0	0.3333333333333333	0.0	0.0	0.0	0.0	0.0	0.0	0.1666666666666666	0.0	0.1666666666666666	0.0	0.1666666666666666	0.0	0.0909090909090909	0.0	0.0	0.0909090909090909	0.0	0.0	0.0	0.0	0.0	0.0	0.0909090909090909	0.0	0.0909090909090909	0.2727272727272727	0.0909090909090909	0.0	0.0	0.0	0.1818181818181818	0.0909090909090909
5sx5	J	DRVTGAFDI	YYSGN	GGSVSSGDY	-0.4666666666666667	-0.1111111111111111	8.855555555555556	107.99111111111112	-1.4600000000000002	0.0	8.440000000000001	134.932	0.0777777777777777	-0.1111111111111111	8.722222222222223	126.35444444444444	0.0	0.0	0.0	1.0	0.0	0.0	0.0	3.0	0.0	0.0	0.0	0.0	0.0	0.0	0.0	3.0	0.0	0.0	1.0	1.0	0.0	0.0	1.0	0.0	0.0	0.0	0.0	1.0	0.0	0.0	0.0	0.0	0.0	0.0	0.0	1.0	0.0	0.0	2.0	0.0	1.0	1.0	0.0	2.0	0.0	0.0	0.0	1.0	0.0	1.0	0.0	0.0	0.0	1.0	0.0	0.0	1.0	0.0	0.0	1.0	9	5	9	-0.4666666666666667	-1.4600000000000002	0.0777777777777777	human	0.0	0.0	0.0	0.1111111111111111	0.0	0.0	0.0	0.3333333333333333	0.0	0.0	0.0	0.0	0.0	0.0	0.0	0.3333333333333333	0.0	0.0	0.1111111111111111	0.1111111111111111	0.0	0.0	0.2	0.0	0.0	0.0	0.0	0.2	0.0	0.0	0.0	0.0	0.0	0.0	0.0	0.2	0.0	0.0	0.4	0.0	0.1111111111111111	0.1111111111111111	0.0	0.2222222222222222	0.0	0.0	0.0	0.1111111111111111	0.0	0.1111111111111111	0.0	0.0	0.0	0.1111111111111111	0.0	0.0	0.1111111111111111	0.0	0.0	0.1111111111111111
5d72	M	GFGTDF	ENKYAGGA	GFTFSSY	0.2285714285714286	0.0	7.514285714285713	130.84857142857143	-1.175	0.0	9.45	116.86875	0.0999999999999999	-0.1666666666666666	8.333333333333334	122.12333333333332	0.0	0.0	0.0	0.0	0.0	0.0	0.0	1.0	0.0	0.0	0.0	0.0	0.0	2.0	0.0	2.0	1.0	0.0	1.0	0.0	2.0	0.0	1.0	0.0	0.0	0.0	1.0	2.0	0.0	0.0	0.0	1.0	0.0	0.0	0.0	0.0	0.0	0.0	1.0	0.0	0.0	0.0	0.0	1.0	0.0	0.0	0.0	2.0	0.0	0.0	0.0	0.0	0.0	2.0	0.0	0.0	1.0	0.0	0.0	0.0	7	8	6	0.2285714285714286	-1.175	0.0999999999999999	human	0.0	0.0	0.0	0.0	0.0	0.0	0.0	0.1428571428571428	0.0	0.0	0.0	0.0	0.0	0.2857142857142857	0.0	0.2857142857142857	0.1428571428571428	0.0	0.1428571428571428	0.0	0.25	0.0	0.125	0.0	0.0	0.0	0.125	0.25	0.0	0.0	0.0	0.125	0.0	0.0	0.0	0.0	0.0	0.0	0.125	0.0	0.0	0.0	0.0	0.1666666666666666	0.0	0.0	0.0	0.3333333333333333	0.0	0.0	0.0	0.0	0.0	0.3333333333333333	0.0	0.0	0.1666666666666666	0.0	0.0	0.0
5whk	H	LAIGDSY	GSSGGQ	GFTFSEY	-0.1571428571428571	-0.1428571428571428	7.957142857142857	136.8542857142857	-1.05	0.0	9.316666666666666	96.92333333333332	0.5857142857142856	-0.1428571428571428	7.942857142857144	120.84	0.0	0.0	0.0	0.0	0.0	0.0	1.0	1.0	0.0	0.0	0.0	0.0	0.0	2.0	0.0	1.0	1.0	0.0	1.0	0.0	0.0	0.0	0.0	0.0	0.0	1.0	0.0	3.0	0.0	0.0	0.0	0.0	0.0	0.0	0.0	2.0	0.0	0.0	0.0	0.0	1.0	0.0	0.0	1.0	0.0	0.0	0.0	1.0	0.0	1.0	1.0	0.0	0.0	0.0	0.0	1.0	0.0	0.0	1.0	0.0	7	6	7	-0.1571428571428571	-1.05	0.5857142857142856	human	0.0	0.0	0.0	0.0	0.0	0.0	0.1428571428571428	0.1428571428571428	0.0	0.0	0.0	0.0	0.0	0.2857142857142857	0.0	0.1428571428571428	0.1428571428571428	0.0	0.1428571428571428	0.0	0.0	0.0	0.0	0.0	0.0	0.1666666666666666	0.0	0.5	0.0	0.0	0.0	0.0	0.0	0.0	0.0	0.3333333333333333	0.0	0.0	0.0	0.0	0.1428571428571428	0.0	0.0	0.1428571428571428	0.0	0.0	0.0	0.1428571428571428	0.0	0.1428571428571428	0.1428571428571428	0.0	0.0	0.0	0.0	0.1428571428571428	0.0	0.0	0.1428571428571428	0.0
2wuc	H	WAWPAFDY	YPAGGA	GFTINGT	0.2285714285714286	0.0	8.17142857142857	116.69428571428573	-0.0166666666666667	0.0	8.066666666666666	104.10666666666668	-0.225	-0.125	7.425000000000001	147.65625	0.0	0.0	1.0	0.0	0.0	0.0	0.0	2.0	0.0	1.0	0.0	0.0	0.0	1.0	0.0	0.0	2.0	0.0	0.0	0.0	2.0	0.0	0.0	0.0	0.0	0.0	0.0	2.0	0.0	0.0	0.0	0.0	0.0	0.0	1.0	0.0	0.0	0.0	1.0	0.0	2.0	0.0	0.0	1.0	0.0	0.0	0.0	0.0	0.0	0.0	0.0	0.0	0.0	1.0	1.0	0.0	0.0	2.0	1.0	0.0	7	6	8	0.2285714285714286	-0.0166666666666667	-0.225	human	0.0	0.0	0.1428571428571428	0.0	0.0	0.0	0.0	0.2857142857142857	0.0	0.1428571428571428	0.0	0.0	0.0	0.1428571428571428	0.0	0.0	0.2857142857142857	0.0	0.0	0.0	0.3333333333333333	0.0	0.0	0.0	0.0	0.0	0.0	0.3333333333333333	0.0	0.0	0.0	0.0	0.0	0.0	0.1666666666666666	0.0	0.0	0.0	0.1666666666666666	0.0	0.25	0.0	0.0	0.125	0.0	0.0	0.0	0.0	0.0	0.0	0.0	0.0	0.0	0.125	0.125	0.0	0.0	0.25	0.125	0.0
3be1	H	WGGDGFYAMDY	YPTNGY	GFNIKDT	-0.6714285714285715	0.0	9.128571428571428	128.85142857142858	-1.4666666666666668	0.0	8.266666666666667	133.97	-0.4727272727272728	-0.1818181818181818	8.163636363636364	132.86454545454546	0.0	0.0	1.0	1.0	0.0	0.0	0.0	1.0	0.0	1.0	0.0	1.0	0.0	1.0	0.0	0.0	1.0	0.0	0.0	0.0	0.0	0.0	1.0	0.0	0.0	0.0	0.0	1.0	0.0	0.0	0.0	0.0	0.0	0.0	1.0	0.0	1.0	0.0	2.0	0.0	1.0	0.0	0.0	2.0	0.0	0.0	0.0	3.0	0.0	0.0	0.0	0.0	1.0	1.0	0.0	0.0	0.0	1.0	2.0	0.0	7	6	11	-0.6714285714285715	-1.4666666666666668	-0.4727272727272728	human	0.0	0.0	0.1428571428571428	0.1428571428571428	0.0	0.0	0.0	0.1428571428571428	0.0	0.1428571428571428	0.0	0.1428571428571428	0.0	0.1428571428571428	0.0	0.0	0.1428571428571428	0.0	0.0	0.0	0.0	0.0	0.1666666666666666	0.0	0.0	0.0	0.0	0.1666666666666666	0.0	0.0	0.0	0.0	0.0	0.0	0.1666666666666666	0.0	0.1666666666666666	0.0	0.3333333333333333	0.0	0.0909090909090909	0.0	0.0	0.1818181818181818	0.0	0.0	0.0	0.2727272727272727	0.0	0.0	0.0	0.0	0.0909090909090909	0.0909090909090909	0.0	0.0	0.0	0.0909090909090909	0.1818181818181818	0.0
7lf7	H	QIDDYYVDALDY	SRDSTY	GFTFSR	-0.1333333333333333	0.1666666666666666	7.949999999999999	133.97666666666666	-1.9333333333333336	0.0	9.45	136.29833333333332	-0.5916666666666667	-0.3333333333333333	8.766666666666667	140.89166666666668	0.0	1.0	0.0	0.0	0.0	0.0	0.0	1.0	0.0	0.0	0.0	0.0	0.0	2.0	0.0	1.0	1.0	0.0	0.0	0.0	0.0	1.0	0.0	1.0	0.0	0.0	0.0	0.0	0.0	0.0	0.0	0.0	0.0	0.0	0.0	2.0	1.0	0.0	1.0	0.0	1.0	0.0	0.0	4.0	0.0	1.0	0.0	0.0	0.0	1.0	1.0	0.0	0.0	0.0	0.0	0.0	0.0	0.0	3.0	1.0	6	6	12	-0.1333333333333333	-1.9333333333333336	-0.5916666666666667	human	0.0	0.1666666666666666	0.0	0.0	0.0	0.0	0.0	0.1666666666666666	0.0	0.0	0.0	0.0	0.0	0.3333333333333333	0.0	0.1666666666666666	0.1666666666666666	0.0	0.0	0.0	0.0	0.1666666666666666	0.0	0.1666666666666666	0.0	0.0	0.0	0.0	0.0	0.0	0.0	0.0	0.0	0.0	0.0	0.3333333333333333	0.1666666666666666	0.0	0.1666666666666666	0.0	0.0833333333333333	0.0	0.0	0.3333333333333333	0.0	0.0833333333333333	0.0	0.0	0.0	0.0833333333333333	0.0833333333333333	0.0	0.0	0.0	0.0	0.0	0.0	0.0	0.25	0.0833333333333333
5if0	A	ISGSYSFDY	NPNSGG	GYTFTGY	-0.2857142857142857	0.0	7.542857142857143	130.85	-1.7000000000000002	0.0	9.733333333333334	105.76666666666664	-0.1777777777777778	-0.1111111111111111	8.044444444444444	131.35333333333332	0.0	0.0	0.0	0.0	0.0	0.0	0.0	2.0	0.0	0.0	0.0	0.0	0.0	1.0	0.0	0.0	2.0	0.0	2.0	0.0	0.0	0.0	2.0	0.0	0.0	0.0	0.0	2.0	0.0	0.0	0.0	0.0	0.0	0.0	1.0	1.0	0.0	0.0	0.0	0.0	0.0	0.0	0.0	1.0	0.0	0.0	0.0	1.0	0.0	1.0	0.0	0.0	0.0	1.0	0.0	3.0	0.0	0.0	2.0	0.0	7	6	9	-0.2857142857142857	-1.7000000000000002	-0.1777777777777778	human	0.0	0.0	0.0	0.0	0.0	0.0	0.0	0.2857142857142857	0.0	0.0	0.0	0.0	0.0	0.1428571428571428	0.0	0.0	0.2857142857142857	0.0	0.2857142857142857	0.0	0.0	0.0	0.3333333333333333	0.0	0.0	0.0	0.0	0.3333333333333333	0.0	0.0	0.0	0.0	0.0	0.0	0.1666666666666666	0.1666666666666666	0.0	0.0	0.0	0.0	0.0	0.0	0.0	0.1111111111111111	0.0	0.0	0.0	0.1111111111111111	0.0	0.1111111111111111	0.0	0.0	0.0	0.1111111111111111	0.0	0.3333333333333333	0.0	0.0	0.2222222222222222	0.0
4ogy	H	RRIGVPRRDEFDI	YSSGGI	GFTFSHY	-0.1142857142857143	0.1428571428571428	7.685714285714285	138.00142857142856	0.1333333333333333	0.0	7.966666666666666	112.11333333333332	-1.1153846153846154	0.0769230769230769	9.138461538461538	141.92384615384614	0.0	0.0	0.0	0.0	0.0	0.0	0.0	1.0	1.0	0.0	0.0	0.0	0.0	2.0	0.0	1.0	1.0	0.0	1.0	0.0	0.0	0.0	0.0	0.0	0.0	0.0	0.0	2.0	0.0	1.0	0.0	0.0	0.0	0.0	0.0	2.0	0.0	0.0	1.0	0.0	0.0	4.0	0.0	2.0	0.0	0.0	1.0	1.0	0.0	2.0	0.0	0.0	0.0	1.0	1.0	0.0	0.0	0.0	0.0	1.0	7	6	13	-0.1142857142857143	0.1333333333333333	-1.1153846153846154	human	0.0	0.0	0.0	0.0	0.0	0.0	0.0	0.1428571428571428	0.1428571428571428	0.0	0.0	0.0	0.0	0.2857142857142857	0.0	0.1428571428571428	0.1428571428571428	0.0	0.1428571428571428	0.0	0.0	0.0	0.0	0.0	0.0	0.0	0.0	0.3333333333333333	0.0	0.1666666666666666	0.0	0.0	0.0	0.0	0.0	0.3333333333333333	0.0	0.0	0.1666666666666666	0.0	0.0	0.3076923076923077	0.0	0.1538461538461538	0.0	0.0	0.0769230769230769	0.0769230769230769	0.0	0.1538461538461538	0.0	0.0	0.0	0.0769230769230769	0.0769230769230769	0.0	0.0	0.0	0.0	0.0769230769230769
6qb6	H	QVGATWAFDI	SSSSSY	GFTFSSY	0.2285714285714286	0.0	7.514285714285713	130.84857142857143	-0.8833333333333333	0.0	8.700000000000001	117.77333333333335	0.61	-0.1	7.900000000000001	126.936	0.0	0.0	0.0	0.0	0.0	0.0	0.0	1.0	0.0	0.0	0.0	0.0	0.0	2.0	0.0	2.0	1.0	0.0	1.0	0.0	0.0	0.0	0.0	0.0	0.0	0.0	0.0	0.0	0.0	0.0	0.0	0.0	0.0	0.0	0.0	5.0	0.0	0.0	1.0	0.0	2.0	0.0	0.0	1.0	0.0	1.0	0.0	1.0	0.0	1.0	0.0	0.0	0.0	1.0	0.0	0.0	1.0	1.0	0.0	1.0	7	6	10	0.2285714285714286	-0.8833333333333333	0.61	human	0.0	0.0	0.0	0.0	0.0	0.0	0.0	0.1428571428571428	0.0	0.0	0.0	0.0	0.0	0.2857142857142857	0.0	0.2857142857142857	0.1428571428571428	0.0	0.1428571428571428	0.0	0.0	0.0	0.0	0.0	0.0	0.0	0.0	0.0	0.0	0.0	0.0	0.0	0.0	0.0	0.0	0.8333333333333334	0.0	0.0	0.1666666666666666	0.0	0.2	0.0	0.0	0.1	0.0	0.1	0.0	0.1	0.0	0.1	0.0	0.0	0.0	0.1	0.0	0.0	0.1	0.1	0.0	0.1
5tru	H	TGWLGPFDY	SYDGNN	GFTFSSY	0.2285714285714286	0.0	7.514285714285713	130.84857142857143	-2.1666666666666665	-0.1666666666666666	10.1	126.44833333333332	-0.2444444444444444	-0.1111111111111111	7.699999999999999	133.2522222222222	0.0	0.0	0.0	0.0	0.0	0.0	0.0	1.0	0.0	0.0	0.0	0.0	0.0	2.0	0.0	2.0	1.0	0.0	1.0	0.0	0.0	0.0	2.0	1.0	0.0	0.0	0.0	1.0	0.0	0.0	0.0	0.0	0.0	0.0	0.0	1.0	0.0	0.0	1.0	0.0	0.0	0.0	0.0	1.0	0.0	0.0	0.0	2.0	0.0	0.0	1.0	0.0	0.0	1.0	1.0	0.0	1.0	1.0	1.0	0.0	7	6	9	0.2285714285714286	-2.1666666666666665	-0.2444444444444444	human	0.0	0.0	0.0	0.0	0.0	0.0	0.0	0.1428571428571428	0.0	0.0	0.0	0.0	0.0	0.2857142857142857	0.0	0.2857142857142857	0.1428571428571428	0.0	0.1428571428571428	0.0	0.0	0.0	0.3333333333333333	0.1666666666666666	0.0	0.0	0.0	0.1666666666666666	0.0	0.0	0.0	0.0	0.0	0.0	0.0	0.1666666666666666	0.0	0.0	0.1666666666666666	0.0	0.0	0.0	0.0	0.1111111111111111	0.0	0.0	0.0	0.2222222222222222	0.0	0.0	0.1111111111111111	0.0	0.0	0.1111111111111111	0.1111111111111111	0.0	0.1111111111111111	0.1111111111111111	0.1111111111111111	0.0
5hhv	H	DLIHGVTRN	SGSGGS	GFTFSSY	0.2285714285714286	0.0	7.514285714285713	130.84857142857143	-0.6	0.0	9.1	90.08	-0.3666666666666666	0.1111111111111111	8.788888888888888	129.80666666666664	0.0	0.0	0.0	0.0	0.0	0.0	0.0	1.0	0.0	0.0	0.0	0.0	0.0	2.0	0.0	2.0	1.0	0.0	1.0	0.0	0.0	0.0	0.0	0.0	0.0	0.0	0.0	3.0	0.0	0.0	0.0	0.0	0.0	0.0	0.0	3.0	0.0	0.0	0.0	0.0	0.0	1.0	1.0	1.0	0.0	0.0	0.0	1.0	1.0	1.0	1.0	0.0	0.0	0.0	0.0	0.0	1.0	0.0	0.0	1.0	7	6	9	0.2285714285714286	-0.6	-0.3666666666666666	human	0.0	0.0	0.0	0.0	0.0	0.0	0.0	0.1428571428571428	0.0	0.0	0.0	0.0	0.0	0.2857142857142857	0.0	0.2857142857142857	0.1428571428571428	0.0	0.1428571428571428	0.0	0.0	0.0	0.0	0.0	0.0	0.0	0.0	0.5	0.0	0.0	0.0	0.0	0.0	0.0	0.0	0.5	0.0	0.0	0.0	0.0	0.0	0.1111111111111111	0.1111111111111111	0.1111111111111111	0.0	0.0	0.0	0.1111111111111111	0.1111111111111111	0.1111111111111111	0.1111111111111111	0.0	0.0	0.0	0.0	0.0	0.1111111111111111	0.0	0.0	0.1111111111111111
6a3w	A	GYGIFDY	YPGDSY	GYSFSTY	-0.3571428571428571	0.0	7.6571428571428575	133.1342857142857	-1.4833333333333334	-0.1666666666666666	8.600000000000001	131.795	0.057142857142857	-0.1428571428571428	7.685714285714286	134.56857142857143	0.0	0.0	0.0	0.0	0.0	0.0	0.0	1.0	0.0	0.0	0.0	0.0	0.0	1.0	0.0	2.0	1.0	0.0	2.0	0.0	0.0	0.0	0.0	1.0	0.0	0.0	0.0	1.0	0.0	0.0	0.0	0.0	0.0	0.0	1.0	1.0	0.0	0.0	2.0	0.0	0.0	0.0	0.0	1.0	0.0	0.0	0.0	2.0	0.0	1.0	0.0	0.0	0.0	1.0	0.0	0.0	0.0	0.0	2.0	0.0	7	6	7	-0.3571428571428571	-1.4833333333333334	0.057142857142857	human	0.0	0.0	0.0	0.0	0.0	0.0	0.0	0.1428571428571428	0.0	0.0	0.0	0.0	0.0	0.1428571428571428	0.0	0.2857142857142857	0.1428571428571428	0.0	0.2857142857142857	0.0	0.0	0.0	0.0	0.1666666666666666	0.0	0.0	0.0	0.1666666666666666	0.0	0.0	0.0	0.0	0.0	0.0	0.1666666666666666	0.1666666666666666	0.0	0.0	0.3333333333333333	0.0	0.0	0.0	0.0	0.1428571428571428	0.0	0.0	0.0	0.2857142857142857	0.0	0.1428571428571428	0.0	0.0	0.0	0.1428571428571428	0.0	0.0	0.0	0.0	0.2857142857142857	0.0
4xwg	H	EGAAVRSFYYSYYGMDV	WYDGSN	GFTFSSY	0.2285714285714286	0.0	7.514285714285713	130.84857142857143	-1.7333333333333334	-0.1666666666666666	9.066666666666666	138.46666666666667	-0.1411764705882352	-0.0588235294117647	7.994117647058823	133.31705882352944	0.0	0.0	0.0	0.0	0.0	0.0	0.0	1.0	0.0	0.0	0.0	0.0	0.0	2.0	0.0	2.0	1.0	0.0	1.0	0.0	0.0	0.0	1.0	1.0	0.0	0.0	0.0	1.0	0.0	0.0	0.0	0.0	0.0	0.0	0.0	1.0	0.0	1.0	1.0	0.0	2.0	1.0	0.0	1.0	0.0	0.0	1.0	2.0	0.0	0.0	0.0	0.0	1.0	1.0	0.0	2.0	0.0	0.0	4.0	2.0	7	6	17	0.2285714285714286	-1.7333333333333334	-0.1411764705882352	human	0.0	0.0	0.0	0.0	0.0	0.0	0.0	0.1428571428571428	0.0	0.0	0.0	0.0	0.0	0.2857142857142857	0.0	0.2857142857142857	0.1428571428571428	0.0	0.1428571428571428	0.0	0.0	0.0	0.1666666666666666	0.1666666666666666	0.0	0.0	0.0	0.1666666666666666	0.0	0.0	0.0	0.0	0.0	0.0	0.0	0.1666666666666666	0.0	0.1666666666666666	0.1666666666666666	0.0	0.1176470588235294	0.0588235294117647	0.0	0.0588235294117647	0.0	0.0	0.0588235294117647	0.1176470588235294	0.0	0.0	0.0	0.0	0.0588235294117647	0.0588235294117647	0.0	0.1176470588235294	0.0	0.0	0.2352941176470588	0.1176470588235294
5c7x	M	GFGTDF	ENKYAGGA	GFTFSSY	0.2285714285714286	0.0	7.514285714285713	130.84857142857143	-1.175	0.0	9.45	116.86875	0.0999999999999999	-0.1666666666666666	8.333333333333334	122.12333333333332	0.0	0.0	0.0	0.0	0.0	0.0	0.0	1.0	0.0	0.0	0.0	0.0	0.0	2.0	0.0	2.0	1.0	0.0	1.0	0.0	2.0	0.0	1.0	0.0	0.0	0.0	1.0	2.0	0.0	0.0	0.0	1.0	0.0	0.0	0.0	0.0	0.0	0.0	1.0	0.0	0.0	0.0	0.0	1.0	0.0	0.0	0.0	2.0	0.0	0.0	0.0	0.0	0.0	2.0	0.0	0.0	1.0	0.0	0.0	0.0	7	8	6	0.2285714285714286	-1.175	0.0999999999999999	human	0.0	0.0	0.0	0.0	0.0	0.0	0.0	0.1428571428571428	0.0	0.0	0.0	0.0	0.0	0.2857142857142857	0.0	0.2857142857142857	0.1428571428571428	0.0	0.1428571428571428	0.0	0.25	0.0	0.125	0.0	0.0	0.0	0.125	0.25	0.0	0.0	0.0	0.125	0.0	0.0	0.0	0.0	0.0	0.0	0.125	0.0	0.0	0.0	0.0	0.1666666666666666	0.0	0.0	0.0	0.3333333333333333	0.0	0.0	0.0	0.0	0.0	0.3333333333333333	0.0	0.0	0.1666666666666666	0.0	0.0	0.0
6yx9	H	ETGTAWFAY	NPNSGG	GYTFTDF	-0.142857142857143	-0.1428571428571428	7.971428571428571	136.8542857142857	-1.7000000000000002	0.0	9.733333333333334	105.76666666666664	-0.1222222222222223	-0.1111111111111111	7.944444444444445	132.13666666666666	0.0	0.0	0.0	1.0	0.0	0.0	0.0	1.0	0.0	0.0	0.0	0.0	0.0	2.0	0.0	0.0	2.0	0.0	1.0	0.0	0.0	0.0	2.0	0.0	0.0	0.0	0.0	2.0	0.0	0.0	0.0	0.0	0.0	0.0	1.0	1.0	0.0	0.0	0.0	0.0	2.0	0.0	0.0	0.0	0.0	0.0	1.0	1.0	0.0	0.0	0.0	0.0	0.0	1.0	0.0	0.0	2.0	1.0	1.0	0.0	7	6	9	-0.142857142857143	-1.7000000000000002	-0.1222222222222223	human	0.0	0.0	0.0	0.1428571428571428	0.0	0.0	0.0	0.1428571428571428	0.0	0.0	0.0	0.0	0.0	0.2857142857142857	0.0	0.0	0.2857142857142857	0.0	0.1428571428571428	0.0	0.0	0.0	0.3333333333333333	0.0	0.0	0.0	0.0	0.3333333333333333	0.0	0.0	0.0	0.0	0.0	0.0	0.1666666666666666	0.1666666666666666	0.0	0.0	0.0	0.0	0.2222222222222222	0.0	0.0	0.0	0.0	0.0	0.1111111111111111	0.1111111111111111	0.0	0.0	0.0	0.0	0.0	0.1111111111111111	0.0	0.0	0.2222222222222222	0.1111111111111111	0.1111111111111111	0.0
6wio	A	DYYDILTDYYIHYWYFDL	NQDGSE	GFTFSNY	-0.1571428571428571	0.0	7.857142857142857	134.71	-2.5333333333333337	-0.3333333333333333	10.933333333333332	123.11	-0.4	-0.1666666666666666	7.722222222222224	154.88444444444443	0.0	0.0	1.0	0.0	0.0	0.0	0.0	1.0	0.0	0.0	0.0	0.0	0.0	2.0	0.0	1.0	1.0	0.0	1.0	0.0	0.0	0.0	1.0	1.0	0.0	1.0	1.0	1.0	0.0	0.0	0.0	0.0	0.0	0.0	0.0	1.0	0.0	0.0	0.0	0.0	0.0	0.0	0.0	4.0	0.0	0.0	0.0	0.0	1.0	2.0	2.0	0.0	0.0	1.0	0.0	0.0	1.0	1.0	6.0	0.0	7	6	18	-0.1571428571428571	-2.5333333333333337	-0.4	human	0.0	0.0	0.1428571428571428	0.0	0.0	0.0	0.0	0.1428571428571428	0.0	0.0	0.0	0.0	0.0	0.2857142857142857	0.0	0.1428571428571428	0.1428571428571428	0.0	0.1428571428571428	0.0	0.0	0.0	0.1666666666666666	0.1666666666666666	0.0	0.1666666666666666	0.1666666666666666	0.1666666666666666	0.0	0.0	0.0	0.0	0.0	0.0	0.0	0.1666666666666666	0.0	0.0	0.0	0.0	0.0	0.0	0.0	0.2222222222222222	0.0	0.0	0.0	0.0	0.0555555555555555	0.1111111111111111	0.1111111111111111	0.0	0.0	0.0555555555555555	0.0	0.0	0.0555555555555555	0.0555555555555555	0.3333333333333333	0.0
5ngv	H	GGWFDY	NPVSGS	GYTFTSS	-0.2714285714285715	0.0	8.0	124.26714285714286	-0.4833333333333332	0.0	8.816666666666668	108.275	-0.6166666666666667	-0.1666666666666666	7.966666666666666	138.975	0.0	0.0	0.0	0.0	0.0	0.0	0.0	1.0	0.0	0.0	0.0	0.0	0.0	1.0	0.0	2.0	2.0	0.0	1.0	0.0	0.0	0.0	1.0	0.0	0.0	0.0	0.0	1.0	0.0	0.0	0.0	0.0	0.0	0.0	1.0	2.0	0.0	0.0	0.0	1.0	0.0	0.0	0.0	1.0	0.0	0.0	0.0	2.0	0.0	0.0	0.0	0.0	0.0	1.0	0.0	0.0	0.0	1.0	1.0	0.0	7	6	6	-0.2714285714285715	-0.4833333333333332	-0.6166666666666667	human	0.0	0.0	0.0	0.0	0.0	0.0	0.0	0.1428571428571428	0.0	0.0	0.0	0.0	0.0	0.1428571428571428	0.0	0.2857142857142857	0.2857142857142857	0.0	0.1428571428571428	0.0	0.0	0.0	0.1666666666666666	0.0	0.0	0.0	0.0	0.1666666666666666	0.0	0.0	0.0	0.0	0.0	0.0	0.1666666666666666	0.3333333333333333	0.0	0.0	0.0	0.1666666666666666	0.0	0.0	0.0	0.1666666666666666	0.0	0.0	0.0	0.3333333333333333	0.0	0.0	0.0	0.0	0.0	0.1666666666666666	0.0	0.0	0.0	0.1666666666666666	0.1666666666666666	0.0
5oca	H	DYDFWSAYYDAFDV	SSSSSY	GFTFSSY	0.2285714285714286	0.0	7.514285714285713	130.84857142857143	-0.8833333333333333	0.0	8.700000000000001	117.77333333333335	-0.442857142857143	-0.2857142857142857	8.407142857142857	143.64285714285714	0.0	0.0	0.0	0.0	0.0	0.0	0.0	1.0	0.0	0.0	0.0	0.0	0.0	2.0	0.0	2.0	1.0	0.0	1.0	0.0	0.0	0.0	0.0	0.0	0.0	0.0	0.0	0.0	0.0	0.0	0.0	0.0	0.0	0.0	0.0	5.0	0.0	0.0	1.0	0.0	2.0	0.0	0.0	4.0	0.0	0.0	0.0	0.0	0.0	0.0	0.0	0.0	0.0	2.0	0.0	1.0	0.0	1.0	3.0	1.0	7	6	14	0.2285714285714286	-0.8833333333333333	-0.442857142857143	human	0.0	0.0	0.0	0.0	0.0	0.0	0.0	0.1428571428571428	0.0	0.0	0.0	0.0	0.0	0.2857142857142857	0.0	0.2857142857142857	0.1428571428571428	0.0	0.1428571428571428	0.0	0.0	0.0	0.0	0.0	0.0	0.0	0.0	0.0	0.0	0.0	0.0	0.0	0.0	0.0	0.0	0.8333333333333334	0.0	0.0	0.1666666666666666	0.0	0.1428571428571428	0.0	0.0	0.2857142857142857	0.0	0.0	0.0	0.0	0.0	0.0	0.0	0.0	0.0	0.1428571428571428	0.0	0.0714285714285714	0.0	0.0714285714285714	0.2142857142857142	0.0714285714285714
2uzi	H	GRFFDY	SRTSKT	GFTFSTF	0.8285714285714285	0.0	7.285714285714286	130.56714285714287	-1.9	0.3333333333333333	9.566666666666666	128.13500000000002	-0.6833333333333335	0.0	8.183333333333334	148.99	0.0	0.0	0.0	0.0	0.0	0.0	0.0	1.0	0.0	0.0	0.0	0.0	0.0	3.0	0.0	1.0	2.0	0.0	0.0	0.0	0.0	1.0	0.0	0.0	0.0	0.0	0.0	0.0	0.0	0.0	0.0	1.0	0.0	0.0	0.0	2.0	2.0	0.0	0.0	0.0	0.0	1.0	0.0	1.0	0.0	0.0	0.0	1.0	0.0	0.0	0.0	0.0	0.0	2.0	0.0	0.0	0.0	0.0	1.0	0.0	7	6	6	0.8285714285714285	-1.9	-0.6833333333333335	human	0.0	0.0	0.0	0.0	0.0	0.0	0.0	0.1428571428571428	0.0	0.0	0.0	0.0	0.0	0.4285714285714285	0.0	0.1428571428571428	0.2857142857142857	0.0	0.0	0.0	0.0	0.1666666666666666	0.0	0.0	0.0	0.0	0.0	0.0	0.0	0.0	0.0	0.1666666666666666	0.0	0.0	0.0	0.3333333333333333	0.3333333333333333	0.0	0.0	0.0	0.0	0.1666666666666666	0.0	0.1666666666666666	0.0	0.0	0.0	0.1666666666666666	0.0	0.0	0.0	0.0	0.0	0.3333333333333333	0.0	0.0	0.0	0.0	0.1666666666666666	0.0
2xwt	A	LDWNYNPLRY	YPGDSD	GYSLTDN	-0.9142857142857144	-0.1428571428571428	8.928571428571429	125.26571428571428	-1.8500000000000003	-0.3333333333333333	9.733333333333334	123.78000000000002	-1.25	0.0	8.23	151.562	0.0	0.0	1.0	1.0	0.0	0.0	0.0	1.0	0.0	0.0	1.0	0.0	0.0	0.0	0.0	1.0	1.0	0.0	1.0	0.0	0.0	0.0	0.0	2.0	0.0	0.0	0.0	1.0	0.0	0.0	0.0	0.0	0.0	0.0	1.0	1.0	0.0	0.0	1.0	0.0	0.0	1.0	2.0	1.0	0.0	0.0	0.0	0.0	0.0	0.0	2.0	0.0	0.0	0.0	1.0	0.0	0.0	1.0	2.0	0.0	7	6	10	-0.9142857142857144	-1.8500000000000003	-1.25	human	0.0	0.0	0.1428571428571428	0.1428571428571428	0.0	0.0	0.0	0.1428571428571428	0.0	0.0	0.1428571428571428	0.0	0.0	0.0	0.0	0.1428571428571428	0.1428571428571428	0.0	0.1428571428571428	0.0	0.0	0.0	0.0	0.3333333333333333	0.0	0.0	0.0	0.1666666666666666	0.0	0.0	0.0	0.0	0.0	0.0	0.1666666666666666	0.1666666666666666	0.0	0.0	0.1666666666666666	0.0	0.0	0.1	0.2	0.1	0.0	0.0	0.0	0.0	0.0	0.0	0.2	0.0	0.0	0.0	0.1	0.0	0.0	0.1	0.2	0.0
5d71	H	GFGTDF	SYSGSE	GFTFSSY	0.2285714285714286	0.0	7.514285714285713	130.84857142857143	-1.2666666666666668	-0.1666666666666666	9.183333333333332	119.77666666666666	0.0999999999999999	-0.1666666666666666	8.333333333333334	122.12333333333332	0.0	0.0	0.0	0.0	0.0	0.0	0.0	1.0	0.0	0.0	0.0	0.0	0.0	2.0	0.0	2.0	1.0	0.0	1.0	0.0	0.0	0.0	0.0	0.0	0.0	0.0	1.0	1.0	0.0	0.0	0.0	0.0	0.0	0.0	0.0	3.0	0.0	0.0	1.0	0.0	0.0	0.0	0.0	1.0	0.0	0.0	0.0	2.0	0.0	0.0	0.0	0.0	0.0	2.0	0.0	0.0	1.0	0.0	0.0	0.0	7	6	6	0.2285714285714286	-1.2666666666666668	0.0999999999999999	human	0.0	0.0	0.0	0.0	0.0	0.0	0.0	0.1428571428571428	0.0	0.0	0.0	0.0	0.0	0.2857142857142857	0.0	0.2857142857142857	0.1428571428571428	0.0	0.1428571428571428	0.0	0.0	0.0	0.0	0.0	0.0	0.0	0.1666666666666666	0.1666666666666666	0.0	0.0	0.0	0.0	0.0	0.0	0.0	0.5	0.0	0.0	0.1666666666666666	0.0	0.0	0.0	0.0	0.1666666666666666	0.0	0.0	0.0	0.3333333333333333	0.0	0.0	0.0	0.0	0.0	0.3333333333333333	0.0	0.0	0.1666666666666666	0.0	0.0	0.0
7elx	H	TGWLGPFDY	SYDGNN	GFTFSSY	0.2285714285714286	0.0	7.514285714285713	130.84857142857143	-2.1666666666666665	-0.1666666666666666	10.1	126.44833333333332	-0.2444444444444444	-0.1111111111111111	7.699999999999999	133.2522222222222	0.0	0.0	0.0	0.0	0.0	0.0	0.0	1.0	0.0	0.0	0.0	0.0	0.0	2.0	0.0	2.0	1.0	0.0	1.0	0.0	0.0	0.0	2.0	1.0	0.0	0.0	0.0	1.0	0.0	0.0	0.0	0.0	0.0	0.0	0.0	1.0	0.0	0.0	1.0	0.0	0.0	0.0	0.0	1.0	0.0	0.0	0.0	2.0	0.0	0.0	1.0	0.0	0.0	1.0	1.0	0.0	1.0	1.0	1.0	0.0	7	6	9	0.2285714285714286	-2.1666666666666665	-0.2444444444444444	human	0.0	0.0	0.0	0.0	0.0	0.0	0.0	0.1428571428571428	0.0	0.0	0.0	0.0	0.0	0.2857142857142857	0.0	0.2857142857142857	0.1428571428571428	0.0	0.1428571428571428	0.0	0.0	0.0	0.3333333333333333	0.1666666666666666	0.0	0.0	0.0	0.1666666666666666	0.0	0.0	0.0	0.0	0.0	0.0	0.0	0.1666666666666666	0.0	0.0	0.1666666666666666	0.0	0.0	0.0	0.0	0.1111111111111111	0.0	0.0	0.0	0.2222222222222222	0.0	0.0	0.1111111111111111	0.0	0.0	0.1111111111111111	0.1111111111111111	0.0	0.1111111111111111	0.1111111111111111	0.1111111111111111	0.0
3bdy	H	WGGDGFYAMDY	YPTNGY	GFNIKDT	-0.6714285714285715	0.0	9.128571428571428	128.85142857142858	-1.4666666666666668	0.0	8.266666666666667	133.97	-0.4727272727272728	-0.1818181818181818	8.163636363636364	132.86454545454546	0.0	0.0	1.0	1.0	0.0	0.0	0.0	1.0	0.0	1.0	0.0	1.0	0.0	1.0	0.0	0.0	1.0	0.0	0.0	0.0	0.0	0.0	1.0	0.0	0.0	0.0	0.0	1.0	0.0	0.0	0.0	0.0	0.0	0.0	1.0	0.0	1.0	0.0	2.0	0.0	1.0	0.0	0.0	2.0	0.0	0.0	0.0	3.0	0.0	0.0	0.0	0.0	1.0	1.0	0.0	0.0	0.0	1.0	2.0	0.0	7	6	11	-0.6714285714285715	-1.4666666666666668	-0.4727272727272728	human	0.0	0.0	0.1428571428571428	0.1428571428571428	0.0	0.0	0.0	0.1428571428571428	0.0	0.1428571428571428	0.0	0.1428571428571428	0.0	0.1428571428571428	0.0	0.0	0.1428571428571428	0.0	0.0	0.0	0.0	0.0	0.1666666666666666	0.0	0.0	0.0	0.0	0.1666666666666666	0.0	0.0	0.0	0.0	0.0	0.0	0.1666666666666666	0.0	0.1666666666666666	0.0	0.3333333333333333	0.0	0.0909090909090909	0.0	0.0	0.1818181818181818	0.0	0.0	0.0	0.2727272727272727	0.0	0.0	0.0	0.0	0.0909090909090909	0.0909090909090909	0.0	0.0	0.0	0.0909090909090909	0.1818181818181818	0.0
3grw	H	TYGIYDLYVDYTEYVMDY	YPTNGS	GFTFTST	0.3285714285714285	0.0	7.771428571428571	123.98571428571428	-1.3833333333333335	0.0	8.766666666666666	121.28666666666663	-0.2777777777777778	-0.2222222222222222	7.905555555555556	144.04055555555558	0.0	0.0	0.0	0.0	0.0	0.0	0.0	1.0	0.0	0.0	0.0	0.0	0.0	2.0	0.0	1.0	3.0	0.0	0.0	0.0	0.0	0.0	1.0	0.0	0.0	0.0	0.0	1.0	0.0	0.0	0.0	0.0	0.0	0.0	1.0	1.0	1.0	0.0	1.0	0.0	0.0	0.0	0.0	3.0	0.0	0.0	1.0	1.0	0.0	1.0	1.0	0.0	1.0	0.0	0.0	0.0	2.0	0.0	6.0	2.0	7	6	18	0.3285714285714285	-1.3833333333333335	-0.2777777777777778	human	0.0	0.0	0.0	0.0	0.0	0.0	0.0	0.1428571428571428	0.0	0.0	0.0	0.0	0.0	0.2857142857142857	0.0	0.1428571428571428	0.4285714285714285	0.0	0.0	0.0	0.0	0.0	0.1666666666666666	0.0	0.0	0.0	0.0	0.1666666666666666	0.0	0.0	0.0	0.0	0.0	0.0	0.1666666666666666	0.1666666666666666	0.1666666666666666	0.0	0.1666666666666666	0.0	0.0	0.0	0.0	0.1666666666666666	0.0	0.0	0.0555555555555555	0.0555555555555555	0.0	0.0555555555555555	0.0555555555555555	0.0	0.0555555555555555	0.0	0.0	0.0	0.1111111111111111	0.0	0.3333333333333333	0.1111111111111111
6bgt	B	WGGDGFYAMDY	YPTNGY	GFNIDDT	-0.6142857142857142	-0.2857142857142857	9.37142857142857	126.98142857142857	-1.4666666666666668	0.0	8.266666666666667	133.97	-0.4727272727272728	-0.1818181818181818	8.163636363636364	132.86454545454546	0.0	0.0	1.0	2.0	0.0	0.0	0.0	1.0	0.0	1.0	0.0	0.0	0.0	1.0	0.0	0.0	1.0	0.0	0.0	0.0	0.0	0.0	1.0	0.0	0.0	0.0	0.0	1.0	0.0	0.0	0.0	0.0	0.0	0.0	1.0	0.0	1.0	0.0	2.0	0.0	1.0	0.0	0.0	2.0	0.0	0.0	0.0	3.0	0.0	0.0	0.0	0.0	1.0	1.0	0.0	0.0	0.0	1.0	2.0	0.0	7	6	11	-0.6142857142857142	-1.4666666666666668	-0.4727272727272728	human	0.0	0.0	0.1428571428571428	0.2857142857142857	0.0	0.0	0.0	0.1428571428571428	0.0	0.1428571428571428	0.0	0.0	0.0	0.1428571428571428	0.0	0.0	0.1428571428571428	0.0	0.0	0.0	0.0	0.0	0.1666666666666666	0.0	0.0	0.0	0.0	0.1666666666666666	0.0	0.0	0.0	0.0	0.0	0.0	0.1666666666666666	0.0	0.1666666666666666	0.0	0.3333333333333333	0.0	0.0909090909090909	0.0	0.0	0.1818181818181818	0.0	0.0	0.0	0.2727272727272727	0.0	0.0	0.0	0.0	0.0909090909090909	0.0909090909090909	0.0	0.0	0.0	0.0909090909090909	0.1818181818181818	0.0
3tje	H	RQLLDDGTGYQWAAFDV	AYRGNSNSGS	GASISANSY	0.0555555555555555	0.0	8.422222222222224	112.55555555555556	-1.4200000000000004	0.1	9.36	117.41299999999998	-0.4411764705882352	-0.1176470588235294	8.576470588235294	131.96117647058824	2.0	0.0	1.0	0.0	0.0	0.0	0.0	1.0	0.0	1.0	0.0	0.0	0.0	0.0	0.0	3.0	0.0	0.0	1.0	0.0	1.0	1.0	2.0	0.0	0.0	0.0	0.0	2.0	0.0	0.0	0.0	0.0	0.0	0.0	0.0	3.0	0.0	0.0	1.0	0.0	2.0	1.0	0.0	3.0	0.0	2.0	0.0	2.0	0.0	0.0	2.0	0.0	0.0	1.0	0.0	0.0	1.0	1.0	1.0	1.0	9	10	17	0.0555555555555555	-1.4200000000000004	-0.4411764705882352	human	0.2222222222222222	0.0	0.1111111111111111	0.0	0.0	0.0	0.0	0.1111111111111111	0.0	0.1111111111111111	0.0	0.0	0.0	0.0	0.0	0.3333333333333333	0.0	0.0	0.1111111111111111	0.0	0.1	0.1	0.2	0.0	0.0	0.0	0.0	0.2	0.0	0.0	0.0	0.0	0.0	0.0	0.0	0.3	0.0	0.0	0.1	0.0	0.1176470588235294	0.0588235294117647	0.0	0.1764705882352941	0.0	0.1176470588235294	0.0	0.1176470588235294	0.0	0.0	0.1176470588235294	0.0	0.0	0.0588235294117647	0.0	0.0	0.0588235294117647	0.0588235294117647	0.0588235294117647	0.0588235294117647
5ies	H	ISGSYSFDY	NPNSGG	GYTFTGY	-0.2857142857142857	0.0	7.542857142857143	130.85	-1.7000000000000002	0.0	9.733333333333334	105.76666666666664	-0.1777777777777778	-0.1111111111111111	8.044444444444444	131.35333333333332	0.0	0.0	0.0	0.0	0.0	0.0	0.0	2.0	0.0	0.0	0.0	0.0	0.0	1.0	0.0	0.0	2.0	0.0	2.0	0.0	0.0	0.0	2.0	0.0	0.0	0.0	0.0	2.0	0.0	0.0	0.0	0.0	0.0	0.0	1.0	1.0	0.0	0.0	0.0	0.0	0.0	0.0	0.0	1.0	0.0	0.0	0.0	1.0	0.0	1.0	0.0	0.0	0.0	1.0	0.0	3.0	0.0	0.0	2.0	0.0	7	6	9	-0.2857142857142857	-1.7000000000000002	-0.1777777777777778	human	0.0	0.0	0.0	0.0	0.0	0.0	0.0	0.2857142857142857	0.0	0.0	0.0	0.0	0.0	0.1428571428571428	0.0	0.0	0.2857142857142857	0.0	0.2857142857142857	0.0	0.0	0.0	0.3333333333333333	0.0	0.0	0.0	0.0	0.3333333333333333	0.0	0.0	0.0	0.0	0.0	0.0	0.1666666666666666	0.1666666666666666	0.0	0.0	0.0	0.0	0.0	0.0	0.0	0.1111111111111111	0.0	0.0	0.0	0.1111111111111111	0.0	0.1111111111111111	0.0	0.0	0.0	0.1111111111111111	0.0	0.3333333333333333	0.0	0.0	0.2222222222222222	0.0
7rp2	H	GSSSWYDLGPFDY	YHSGS	GGSISSSN	-0.375	0.0	8.95	104.22375	-1.3	0.2	8.8	124.32	-0.6692307692307693	-0.1538461538461538	8.26923076923077	131.51615384615386	0.0	0.0	1.0	0.0	0.0	0.0	0.0	2.0	0.0	1.0	0.0	0.0	0.0	0.0	0.0	4.0	0.0	0.0	0.0	0.0	0.0	0.0	0.0	0.0	0.0	0.0	0.0	1.0	1.0	0.0	0.0	0.0	0.0	0.0	0.0	2.0	0.0	0.0	1.0	0.0	0.0	0.0	0.0	2.0	0.0	0.0	0.0	2.0	0.0	0.0	1.0	0.0	0.0	1.0	1.0	3.0	0.0	1.0	2.0	0.0	8	5	13	-0.375	-1.3	-0.6692307692307693	human	0.0	0.0	0.125	0.0	0.0	0.0	0.0	0.25	0.0	0.125	0.0	0.0	0.0	0.0	0.0	0.5	0.0	0.0	0.0	0.0	0.0	0.0	0.0	0.0	0.0	0.0	0.0	0.2	0.2	0.0	0.0	0.0	0.0	0.0	0.0	0.4	0.0	0.0	0.2	0.0	0.0	0.0	0.0	0.1538461538461538	0.0	0.0	0.0	0.1538461538461538	0.0	0.0	0.0769230769230769	0.0	0.0	0.0769230769230769	0.0769230769230769	0.2307692307692307	0.0	0.0769230769230769	0.1538461538461538	0.0
7duo	H	DKILWFGEPVFDY	SGSGGG	GFTFNSF	0.4285714285714285	0.0	7.714285714285714	132.42428571428573	-0.5333333333333333	0.0	9.066666666666666	85.07666666666667	-0.0384615384615385	-0.1538461538461538	8.046153846153846	141.92384615384617	0.0	0.0	1.0	0.0	0.0	0.0	0.0	1.0	0.0	0.0	0.0	0.0	0.0	3.0	0.0	1.0	1.0	0.0	0.0	0.0	0.0	0.0	0.0	0.0	0.0	0.0	0.0	4.0	0.0	0.0	0.0	0.0	0.0	0.0	0.0	2.0	0.0	0.0	0.0	0.0	0.0	0.0	0.0	2.0	0.0	0.0	1.0	1.0	0.0	1.0	1.0	1.0	0.0	2.0	1.0	0.0	0.0	1.0	1.0	1.0	7	6	13	0.4285714285714285	-0.5333333333333333	-0.0384615384615385	human	0.0	0.0	0.1428571428571428	0.0	0.0	0.0	0.0	0.1428571428571428	0.0	0.0	0.0	0.0	0.0	0.4285714285714285	0.0	0.1428571428571428	0.1428571428571428	0.0	0.0	0.0	0.0	0.0	0.0	0.0	0.0	0.0	0.0	0.6666666666666666	0.0	0.0	0.0	0.0	0.0	0.0	0.0	0.3333333333333333	0.0	0.0	0.0	0.0	0.0	0.0	0.0	0.1538461538461538	0.0	0.0	0.0769230769230769	0.0769230769230769	0.0	0.0769230769230769	0.0769230769230769	0.0769230769230769	0.0	0.1538461538461538	0.0769230769230769	0.0	0.0	0.0769230769230769	0.0769230769230769	0.0769230769230769
6u38	H	ERYGYYFDY	DPGSGG	GYTFSSY	-0.3571428571428572	0.0	7.657142857142857	133.1342857142857	-1.1833333333333331	-0.1666666666666666	9.533333333333331	96.42166666666668	-1.5888888888888897	-0.1111111111111111	8.311111111111112	157.71666666666667	0.0	0.0	0.0	0.0	0.0	0.0	0.0	1.0	0.0	0.0	0.0	0.0	0.0	1.0	0.0	2.0	1.0	0.0	2.0	0.0	0.0	0.0	0.0	1.0	0.0	0.0	0.0	3.0	0.0	0.0	0.0	0.0	0.0	0.0	1.0	1.0	0.0	0.0	0.0	0.0	0.0	1.0	0.0	1.0	0.0	0.0	1.0	1.0	0.0	0.0	0.0	0.0	0.0	1.0	0.0	0.0	0.0	0.0	4.0	0.0	7	6	9	-0.3571428571428572	-1.1833333333333331	-1.5888888888888897	human	0.0	0.0	0.0	0.0	0.0	0.0	0.0	0.1428571428571428	0.0	0.0	0.0	0.0	0.0	0.1428571428571428	0.0	0.2857142857142857	0.1428571428571428	0.0	0.2857142857142857	0.0	0.0	0.0	0.0	0.1666666666666666	0.0	0.0	0.0	0.5	0.0	0.0	0.0	0.0	0.0	0.0	0.1666666666666666	0.1666666666666666	0.0	0.0	0.0	0.0	0.0	0.1111111111111111	0.0	0.1111111111111111	0.0	0.0	0.1111111111111111	0.1111111111111111	0.0	0.0	0.0	0.0	0.0	0.1111111111111111	0.0	0.0	0.0	0.0	0.4444444444444444	0.0
5d70	H	GFGTDF	SYSGSE	GFTFSSY	0.2285714285714286	0.0	7.514285714285713	130.84857142857143	-1.2666666666666668	-0.1666666666666666	9.183333333333332	119.77666666666666	0.0999999999999999	-0.1666666666666666	8.333333333333334	122.12333333333332	0.0	0.0	0.0	0.0	0.0	0.0	0.0	1.0	0.0	0.0	0.0	0.0	0.0	2.0	0.0	2.0	1.0	0.0	1.0	0.0	0.0	0.0	0.0	0.0	0.0	0.0	1.0	1.0	0.0	0.0	0.0	0.0	0.0	0.0	0.0	3.0	0.0	0.0	1.0	0.0	0.0	0.0	0.0	1.0	0.0	0.0	0.0	2.0	0.0	0.0	0.0	0.0	0.0	2.0	0.0	0.0	1.0	0.0	0.0	0.0	7	6	6	0.2285714285714286	-1.2666666666666668	0.0999999999999999	human	0.0	0.0	0.0	0.0	0.0	0.0	0.0	0.1428571428571428	0.0	0.0	0.0	0.0	0.0	0.2857142857142857	0.0	0.2857142857142857	0.1428571428571428	0.0	0.1428571428571428	0.0	0.0	0.0	0.0	0.0	0.0	0.0	0.1666666666666666	0.1666666666666666	0.0	0.0	0.0	0.0	0.0	0.0	0.0	0.5	0.0	0.0	0.1666666666666666	0.0	0.0	0.0	0.0	0.1666666666666666	0.0	0.0	0.0	0.3333333333333333	0.0	0.0	0.0	0.0	0.0	0.3333333333333333	0.0	0.0	0.1666666666666666	0.0	0.0	0.0
7rp3	H	GSSSWYDLGPFDY	YHSGS	GGSISSSN	-0.375	0.0	8.95	104.22375	-1.3	0.2	8.8	124.32	-0.6692307692307693	-0.1538461538461538	8.26923076923077	131.51615384615386	0.0	0.0	1.0	0.0	0.0	0.0	0.0	2.0	0.0	1.0	0.0	0.0	0.0	0.0	0.0	4.0	0.0	0.0	0.0	0.0	0.0	0.0	0.0	0.0	0.0	0.0	0.0	1.0	1.0	0.0	0.0	0.0	0.0	0.0	0.0	2.0	0.0	0.0	1.0	0.0	0.0	0.0	0.0	2.0	0.0	0.0	0.0	2.0	0.0	0.0	1.0	0.0	0.0	1.0	1.0	3.0	0.0	1.0	2.0	0.0	8	5	13	-0.375	-1.3	-0.6692307692307693	human	0.0	0.0	0.125	0.0	0.0	0.0	0.0	0.25	0.0	0.125	0.0	0.0	0.0	0.0	0.0	0.5	0.0	0.0	0.0	0.0	0.0	0.0	0.0	0.0	0.0	0.0	0.0	0.2	0.2	0.0	0.0	0.0	0.0	0.0	0.0	0.4	0.0	0.0	0.2	0.0	0.0	0.0	0.0	0.1538461538461538	0.0	0.0	0.0	0.1538461538461538	0.0	0.0	0.0769230769230769	0.0	0.0	0.0769230769230769	0.0769230769230769	0.2307692307692307	0.0	0.0769230769230769	0.1538461538461538	0.0
4zfg	H	FVFFLPYAMDY	TPAGGY	GFTISDY	0.0857142857142857	-0.1428571428571428	8.057142857142857	129.99	-0.4333333333333333	0.0	8.15	109.11166666666668	1.1272727272727274	-0.0909090909090909	6.690909090909091	144.79999999999998	0.0	0.0	0.0	1.0	0.0	0.0	0.0	1.0	0.0	1.0	0.0	0.0	0.0	1.0	0.0	1.0	1.0	0.0	1.0	0.0	1.0	0.0	0.0	0.0	0.0	0.0	0.0	2.0	0.0	0.0	0.0	0.0	0.0	0.0	1.0	0.0	1.0	0.0	1.0	0.0	1.0	0.0	0.0	1.0	0.0	0.0	0.0	0.0	0.0	0.0	1.0	0.0	1.0	3.0	1.0	0.0	0.0	0.0	2.0	1.0	7	6	11	0.0857142857142857	-0.4333333333333333	1.1272727272727274	human	0.0	0.0	0.0	0.1428571428571428	0.0	0.0	0.0	0.1428571428571428	0.0	0.1428571428571428	0.0	0.0	0.0	0.1428571428571428	0.0	0.1428571428571428	0.1428571428571428	0.0	0.1428571428571428	0.0	0.1666666666666666	0.0	0.0	0.0	0.0	0.0	0.0	0.3333333333333333	0.0	0.0	0.0	0.0	0.0	0.0	0.1666666666666666	0.0	0.1666666666666666	0.0	0.1666666666666666	0.0	0.0909090909090909	0.0	0.0	0.0909090909090909	0.0	0.0	0.0	0.0	0.0	0.0	0.0909090909090909	0.0	0.0909090909090909	0.2727272727272727	0.0909090909090909	0.0	0.0	0.0	0.1818181818181818	0.0909090909090909
9mer	H	GTEDLGYCSSGSCPNH	FYNGD	GVSVTSDIY		-0.1111111111111111	8.022222222222222	120.45888888888892		-0.2	9.0	137.334		-0.0625	8.787500000000001	118.55625	0.0	0.0	0.0	1.0	0.0	0.0	0.0	1.0	0.0	1.0	0.0	0.0	0.0	0.0	0.0	2.0	1.0	0.0	1.0	2.0	0.0	0.0	1.0	1.0	0.0	0.0	0.0	1.0	0.0	0.0	0.0	0.0	0.0	1.0	0.0	0.0	0.0	0.0	1.0	0.0	0.0	0.0	1.0	1.0	2.0	0.0	1.0	3.0	1.0	0.0	1.0	0.0	0.0	0.0	1.0	3.0	1.0	0.0	1.0	0.0	9	5	16	0.6000000000000001	-1.1800000000000002	-0.7562500000000001	influenza	0.0	0.0	0.0	0.1111111111111111	0.0	0.0	0.0	0.1111111111111111	0.0	0.1111111111111111	0.0	0.0	0.0	0.0	0.0	0.2222222222222222	0.1111111111111111	0.0	0.1111111111111111	0.2222222222222222	0.0	0.0	0.2	0.2	0.0	0.0	0.0	0.2	0.0	0.0	0.0	0.0	0.0	0.2	0.0	0.0	0.0	0.0	0.2	0.0	0.0	0.0	0.0625	0.0625	0.125	0.0	0.0625	0.1875	0.0625	0.0	0.0625	0.0	0.0	0.0	0.0625	0.1875	0.0625	0.0	0.0625	0.0
9mev	H	GTEDLGYCSSGSCPNH	FYNGD	GVSVTSDIY		-0.1111111111111111	8.022222222222222	120.45888888888892		-0.2	9.0	137.334		-0.0625	8.787500000000001	118.55625	0.0	0.0	0.0	1.0	0.0	0.0	0.0	1.0	0.0	1.0	0.0	0.0	0.0	0.0	0.0	2.0	1.0	0.0	1.0	2.0	0.0	0.0	1.0	1.0	0.0	0.0	0.0	1.0	0.0	0.0	0.0	0.0	0.0	1.0	0.0	0.0	0.0	0.0	1.0	0.0	0.0	0.0	1.0	1.0	2.0	0.0	1.0	3.0	1.0	0.0	1.0	0.0	0.0	0.0	1.0	3.0	1.0	0.0	1.0	0.0	9	5	16	0.6000000000000001	-1.1800000000000002	-0.7562500000000001	influenza	0.0	0.0	0.0	0.1111111111111111	0.0	0.0	0.0	0.1111111111111111	0.0	0.1111111111111111	0.0	0.0	0.0	0.0	0.0	0.2222222222222222	0.1111111111111111	0.0	0.1111111111111111	0.2222222222222222	0.0	0.0	0.2	0.2	0.0	0.0	0.0	0.2	0.0	0.0	0.0	0.0	0.0	0.2	0.0	0.0	0.0	0.0	0.2	0.0	0.0	0.0	0.0625	0.0625	0.125	0.0	0.0625	0.1875	0.0625	0.0	0.0625	0.0	0.0	0.0	0.0625	0.1875	0.0625	0.0	0.0625	0.0
9azr	H	GGLEPRSVDYYYYGMDV	NPNSGG	GYTFTGY		0.0	7.542857142857143	130.85		0.0	9.733333333333334	105.76666666666664		-0.1176470588235294	8.247058823529413	133.67058823529413	0.0	0.0	0.0	0.0	0.0	0.0	0.0	2.0	0.0	0.0	0.0	0.0	0.0	1.0	0.0	0.0	2.0	0.0	2.0	0.0	0.0	0.0	2.0	0.0	0.0	0.0	0.0	2.0	0.0	0.0	0.0	0.0	0.0	0.0	1.0	1.0	0.0	0.0	0.0	0.0	0.0	1.0	0.0	2.0	0.0	0.0	1.0	3.0	0.0	0.0	1.0	0.0	1.0	0.0	1.0	1.0	0.0	0.0	4.0	2.0	7	6	17	-0.2857142857142857	-1.7000000000000002	-0.5705882352941176	influenza	0.0	0.0	0.0	0.0	0.0	0.0	0.0	0.2857142857142857	0.0	0.0	0.0	0.0	0.0	0.1428571428571428	0.0	0.0	0.2857142857142857	0.0	0.2857142857142857	0.0	0.0	0.0	0.3333333333333333	0.0	0.0	0.0	0.0	0.3333333333333333	0.0	0.0	0.0	0.0	0.0	0.0	0.1666666666666666	0.1666666666666666	0.0	0.0	0.0	0.0	0.0	0.0588235294117647	0.0	0.1176470588235294	0.0	0.0	0.0588235294117647	0.1764705882352941	0.0	0.0	0.0588235294117647	0.0	0.0588235294117647	0.0	0.0588235294117647	0.0588235294117647	0.0	0.0	0.2352941176470588	0.1176470588235294
9azt	H	AGLEPRSVDYYFYGLDV	HPNSGA	GYTFTDN		-0.1428571428571428	8.885714285714284	132.13		0.1666666666666666	9.383333333333336	111.94333333333331		-0.1176470588235294	8.088235294117649	132.4929411764706	0.0	0.0	1.0	1.0	0.0	0.0	0.0	1.0	0.0	0.0	0.0	0.0	0.0	1.0	0.0	0.0	2.0	0.0	1.0	0.0	1.0	0.0	1.0	0.0	0.0	0.0	0.0	1.0	1.0	0.0	0.0	0.0	0.0	0.0	1.0	1.0	0.0	0.0	0.0	0.0	1.0	1.0	0.0	2.0	0.0	0.0	1.0	2.0	0.0	0.0	2.0	0.0	0.0	1.0	1.0	1.0	0.0	0.0	3.0	2.0	7	6	17	-1.042857142857143	-1.2833333333333337	-0.088235294117647	influenza	0.0	0.0	0.1428571428571428	0.1428571428571428	0.0	0.0	0.0	0.1428571428571428	0.0	0.0	0.0	0.0	0.0	0.1428571428571428	0.0	0.0	0.2857142857142857	0.0	0.1428571428571428	0.0	0.1666666666666666	0.0	0.1666666666666666	0.0	0.0	0.0	0.0	0.1666666666666666	0.1666666666666666	0.0	0.0	0.0	0.0	0.0	0.1666666666666666	0.1666666666666666	0.0	0.0	0.0	0.0	0.0588235294117647	0.0588235294117647	0.0	0.1176470588235294	0.0	0.0	0.0588235294117647	0.1176470588235294	0.0	0.0	0.1176470588235294	0.0	0.0	0.0588235294117647	0.0588235294117647	0.0588235294117647	0.0	0.0	0.1764705882352941	0.1176470588235294
9dwe	H	HGNYYYYSGMDV	SPIFGS	GGTSNNY		0.0	9.314285714285717	117.11142857142856		0.0	7.633333333333333	116.12333333333332		0.0	8.216666666666669	138.89416666666668	0.0	0.0	2.0	0.0	0.0	0.0	0.0	2.0	0.0	0.0	0.0	0.0	0.0	0.0	0.0	1.0	1.0	0.0	1.0	0.0	0.0	0.0	0.0	0.0	0.0	0.0	0.0	1.0	0.0	1.0	0.0	0.0	0.0	1.0	1.0	2.0	0.0	0.0	0.0	0.0	0.0	0.0	1.0	1.0	0.0	0.0	0.0	2.0	1.0	0.0	0.0	0.0	1.0	0.0	0.0	1.0	0.0	0.0	4.0	1.0	7	6	12	-1.5142857142857145	0.6166666666666666	-0.9083333333333335	influenza	0.0	0.0	0.2857142857142857	0.0	0.0	0.0	0.0	0.2857142857142857	0.0	0.0	0.0	0.0	0.0	0.0	0.0	0.1428571428571428	0.1428571428571428	0.0	0.1428571428571428	0.0	0.0	0.0	0.0	0.0	0.0	0.0	0.0	0.1666666666666666	0.0	0.1666666666666666	0.0	0.0	0.0	0.1666666666666666	0.1666666666666666	0.3333333333333333	0.0	0.0	0.0	0.0	0.0	0.0	0.0833333333333333	0.0833333333333333	0.0	0.0	0.0	0.1666666666666666	0.0833333333333333	0.0	0.0	0.0	0.0833333333333333	0.0	0.0	0.0833333333333333	0.0	0.0	0.3333333333333333	0.0833333333333333
8gat	M	TSSWGDYTRGPEPKITWYFDL	NWNGDI	GFKFDDY		-0.1428571428571428	8.985714285714286	142.71857142857144		-0.1666666666666666	9.3	134.635		-0.0476190476190476	8.419047619047618	137.14428571428573	0.0	0.0	0.0	2.0	0.0	0.0	0.0	1.0	0.0	0.0	0.0	1.0	0.0	2.0	0.0	0.0	0.0	0.0	1.0	0.0	0.0	0.0	2.0	1.0	0.0	0.0	0.0	1.0	0.0	1.0	0.0	0.0	0.0	0.0	0.0	0.0	0.0	1.0	0.0	0.0	0.0	1.0	0.0	2.0	0.0	0.0	1.0	2.0	0.0	1.0	1.0	1.0	0.0	1.0	2.0	2.0	3.0	2.0	2.0	0.0	7	6	21	-1.0	-1.2166666666666668	-0.9476190476190476	influenza	0.0	0.0	0.0	0.2857142857142857	0.0	0.0	0.0	0.1428571428571428	0.0	0.0	0.0	0.1428571428571428	0.0	0.2857142857142857	0.0	0.0	0.0	0.0	0.1428571428571428	0.0	0.0	0.0	0.3333333333333333	0.1666666666666666	0.0	0.0	0.0	0.1666666666666666	0.0	0.1666666666666666	0.0	0.0	0.0	0.0	0.0	0.0	0.0	0.1666666666666666	0.0	0.0	0.0	0.0476190476190476	0.0	0.0952380952380952	0.0	0.0	0.0476190476190476	0.0952380952380952	0.0	0.0476190476190476	0.0476190476190476	0.0476190476190476	0.0	0.0476190476190476	0.0952380952380952	0.0952380952380952	0.1428571428571428	0.0952380952380952	0.0952380952380952	0.0
8dis	H	HMGYQVRETMDV	IPIFGT	GGPFRSY		0.1428571428571428	8.157142857142858	127.27714285714286		0.0	6.866666666666666	122.80833333333334		0.0	8.641666666666667	138.6533333333333	0.0	1.0	0.0	0.0	0.0	0.0	0.0	2.0	0.0	0.0	0.0	0.0	0.0	1.0	1.0	1.0	0.0	0.0	1.0	0.0	0.0	0.0	0.0	0.0	0.0	0.0	0.0	1.0	0.0	2.0	0.0	0.0	0.0	1.0	1.0	0.0	1.0	0.0	0.0	0.0	0.0	1.0	0.0	1.0	0.0	1.0	1.0	1.0	1.0	0.0	0.0	0.0	2.0	0.0	0.0	0.0	1.0	0.0	1.0	2.0	7	6	12	-0.8857142857142858	1.5166666666666666	-0.6999999999999998	influenza	0.0	0.1428571428571428	0.0	0.0	0.0	0.0	0.0	0.2857142857142857	0.0	0.0	0.0	0.0	0.0	0.1428571428571428	0.1428571428571428	0.1428571428571428	0.0	0.0	0.1428571428571428	0.0	0.0	0.0	0.0	0.0	0.0	0.0	0.0	0.1666666666666666	0.0	0.3333333333333333	0.0	0.0	0.0	0.1666666666666666	0.1666666666666666	0.0	0.1666666666666666	0.0	0.0	0.0	0.0	0.0833333333333333	0.0	0.0833333333333333	0.0	0.0833333333333333	0.0833333333333333	0.0833333333333333	0.0833333333333333	0.0	0.0	0.0	0.1666666666666666	0.0	0.0	0.0	0.0833333333333333	0.0	0.0833333333333333	0.1666666666666666
8g3m	E	AGSDYFNRDLGWENYYFAS	FPISGT	GGSFNNQ		0.0	9.44285714285714	118.68714285714285		0.0	7.533333333333332	118.46166666666667		-0.1052631578947368	8.626315789473683	136.8221052631579	0.0	0.0	2.0	0.0	0.0	1.0	0.0	2.0	0.0	0.0	0.0	0.0	0.0	1.0	0.0	1.0	0.0	0.0	0.0	0.0	0.0	0.0	0.0	0.0	0.0	0.0	0.0	1.0	0.0	1.0	0.0	0.0	0.0	1.0	1.0	1.0	1.0	0.0	0.0	0.0	2.0	1.0	2.0	2.0	0.0	0.0	1.0	2.0	0.0	0.0	1.0	0.0	0.0	2.0	0.0	2.0	0.0	1.0	3.0	0.0	7	6	19	-1.3285714285714287	0.6333333333333332	-0.8526315789473685	influenza	0.0	0.0	0.2857142857142857	0.0	0.0	0.1428571428571428	0.0	0.2857142857142857	0.0	0.0	0.0	0.0	0.0	0.1428571428571428	0.0	0.1428571428571428	0.0	0.0	0.0	0.0	0.0	0.0	0.0	0.0	0.0	0.0	0.0	0.1666666666666666	0.0	0.1666666666666666	0.0	0.0	0.0	0.1666666666666666	0.1666666666666666	0.1666666666666666	0.1666666666666666	0.0	0.0	0.0	0.1052631578947368	0.0526315789473684	0.1052631578947368	0.1052631578947368	0.0	0.0	0.0526315789473684	0.1052631578947368	0.0	0.0	0.0526315789473684	0.0	0.0	0.1052631578947368	0.0	0.1052631578947368	0.0	0.0526315789473684	0.1578947368421052	0.0
8g3n	E	AGSDYFNRDLGWENYYFAS	FPISGT	GGSFNNQ		0.0	9.44285714285714	118.68714285714285		0.0	7.533333333333332	118.46166666666667		-0.1052631578947368	8.626315789473683	136.8221052631579	0.0	0.0	2.0	0.0	0.0	1.0	0.0	2.0	0.0	0.0	0.0	0.0	0.0	1.0	0.0	1.0	0.0	0.0	0.0	0.0	0.0	0.0	0.0	0.0	0.0	0.0	0.0	1.0	0.0	1.0	0.0	0.0	0.0	1.0	1.0	1.0	1.0	0.0	0.0	0.0	2.0	1.0	2.0	2.0	0.0	0.0	1.0	2.0	0.0	0.0	1.0	0.0	0.0	2.0	0.0	2.0	0.0	1.0	3.0	0.0	7	6	19	-1.3285714285714287	0.6333333333333332	-0.8526315789473685	influenza	0.0	0.0	0.2857142857142857	0.0	0.0	0.1428571428571428	0.0	0.2857142857142857	0.0	0.0	0.0	0.0	0.0	0.1428571428571428	0.0	0.1428571428571428	0.0	0.0	0.0	0.0	0.0	0.0	0.0	0.0	0.0	0.0	0.0	0.1666666666666666	0.0	0.1666666666666666	0.0	0.0	0.0	0.1666666666666666	0.1666666666666666	0.1666666666666666	0.1666666666666666	0.0	0.0	0.0	0.1052631578947368	0.0526315789473684	0.1052631578947368	0.1052631578947368	0.0	0.0	0.0526315789473684	0.1052631578947368	0.0	0.0	0.0526315789473684	0.0	0.0	0.1052631578947368	0.0	0.1052631578947368	0.0	0.0526315789473684	0.1578947368421052	0.0
8g3p	C	AGSDYFNRDLGWENYYFAS	FPISGT	GGSFNNQ		0.0	9.44285714285714	118.68714285714285		0.0	7.533333333333332	118.46166666666667		-0.1052631578947368	8.626315789473683	136.8221052631579	0.0	0.0	2.0	0.0	0.0	1.0	0.0	2.0	0.0	0.0	0.0	0.0	0.0	1.0	0.0	1.0	0.0	0.0	0.0	0.0	0.0	0.0	0.0	0.0	0.0	0.0	0.0	1.0	0.0	1.0	0.0	0.0	0.0	1.0	1.0	1.0	1.0	0.0	0.0	0.0	2.0	1.0	2.0	2.0	0.0	0.0	1.0	2.0	0.0	0.0	1.0	0.0	0.0	2.0	0.0	2.0	0.0	1.0	3.0	0.0	7	6	19	-1.3285714285714287	0.6333333333333332	-0.8526315789473685	influenza	0.0	0.0	0.2857142857142857	0.0	0.0	0.1428571428571428	0.0	0.2857142857142857	0.0	0.0	0.0	0.0	0.0	0.1428571428571428	0.0	0.1428571428571428	0.0	0.0	0.0	0.0	0.0	0.0	0.0	0.0	0.0	0.0	0.0	0.1666666666666666	0.0	0.1666666666666666	0.0	0.0	0.0	0.1666666666666666	0.1666666666666666	0.1666666666666666	0.1666666666666666	0.0	0.0	0.0	0.1052631578947368	0.0526315789473684	0.1052631578947368	0.1052631578947368	0.0	0.0	0.0526315789473684	0.1052631578947368	0.0	0.0	0.0526315789473684	0.0	0.0	0.1052631578947368	0.0	0.1052631578947368	0.0	0.0526315789473684	0.1578947368421052	0.0
8g3q	C	ARSDYFNRDLGWEDYYFEN	IPTSGI	GGTFSNN		0.0	9.171428571428573	114.82571428571428		0.0	7.533333333333334	112.79166666666664		-0.1578947368421052	9.126315789473685	146.56842105263158	0.0	0.0	2.0	0.0	0.0	0.0	0.0	2.0	0.0	0.0	0.0	0.0	0.0	1.0	0.0	1.0	1.0	0.0	0.0	0.0	0.0	0.0	0.0	0.0	0.0	0.0	0.0	1.0	0.0	2.0	0.0	0.0	0.0	0.0	1.0	1.0	1.0	0.0	0.0	0.0	1.0	2.0	2.0	3.0	0.0	0.0	2.0	1.0	0.0	0.0	1.0	0.0	0.0	2.0	0.0	1.0	0.0	1.0	3.0	0.0	7	6	19	-0.9285714285714286	0.9166666666666666	-1.4894736842105265	influenza	0.0	0.0	0.2857142857142857	0.0	0.0	0.0	0.0	0.2857142857142857	0.0	0.0	0.0	0.0	0.0	0.1428571428571428	0.0	0.1428571428571428	0.1428571428571428	0.0	0.0	0.0	0.0	0.0	0.0	0.0	0.0	0.0	0.0	0.1666666666666666	0.0	0.3333333333333333	0.0	0.0	0.0	0.0	0.1666666666666666	0.1666666666666666	0.1666666666666666	0.0	0.0	0.0	0.0526315789473684	0.1052631578947368	0.1052631578947368	0.1578947368421052	0.0	0.0	0.1052631578947368	0.0526315789473684	0.0	0.0	0.0526315789473684	0.0	0.0	0.1052631578947368	0.0	0.0526315789473684	0.0	0.0526315789473684	0.1578947368421052	0.0
8g3r	C	ARSDYFNRDLGWEDYYFEN	IPTSGI	GGTFSNN		0.0	9.171428571428573	114.82571428571428		0.0	7.533333333333334	112.79166666666664		-0.1578947368421052	9.126315789473685	146.56842105263158	0.0	0.0	2.0	0.0	0.0	0.0	0.0	2.0	0.0	0.0	0.0	0.0	0.0	1.0	0.0	1.0	1.0	0.0	0.0	0.0	0.0	0.0	0.0	0.0	0.0	0.0	0.0	1.0	0.0	2.0	0.0	0.0	0.0	0.0	1.0	1.0	1.0	0.0	0.0	0.0	1.0	2.0	2.0	3.0	0.0	0.0	2.0	1.0	0.0	0.0	1.0	0.0	0.0	2.0	0.0	1.0	0.0	1.0	3.0	0.0	7	6	19	-0.9285714285714286	0.9166666666666666	-1.4894736842105265	influenza	0.0	0.0	0.2857142857142857	0.0	0.0	0.0	0.0	0.2857142857142857	0.0	0.0	0.0	0.0	0.0	0.1428571428571428	0.0	0.1428571428571428	0.1428571428571428	0.0	0.0	0.0	0.0	0.0	0.0	0.0	0.0	0.0	0.0	0.1666666666666666	0.0	0.3333333333333333	0.0	0.0	0.0	0.0	0.1666666666666666	0.1666666666666666	0.1666666666666666	0.0	0.0	0.0	0.0526315789473684	0.1052631578947368	0.1052631578947368	0.1578947368421052	0.0	0.0	0.1052631578947368	0.0526315789473684	0.0	0.0	0.0526315789473684	0.0	0.0	0.1052631578947368	0.0	0.0526315789473684	0.0	0.0526315789473684	0.1578947368421052	0.0
8g3v	A	AVSDYFNRDLGWEDYYFPF	IPISGI	EGTFNKY		0.0	9.171428571428573	138.00142857142856		0.0	6.966666666666666	114.79999999999995		-0.1578947368421052	8.321052631578947	143.6221052631579	0.0	0.0	1.0	0.0	0.0	0.0	1.0	1.0	0.0	0.0	0.0	1.0	0.0	1.0	0.0	0.0	1.0	0.0	1.0	0.0	0.0	0.0	0.0	0.0	0.0	0.0	0.0	1.0	0.0	3.0	0.0	0.0	0.0	0.0	1.0	1.0	0.0	0.0	0.0	0.0	1.0	1.0	1.0	3.0	0.0	0.0	1.0	1.0	0.0	0.0	1.0	0.0	0.0	3.0	1.0	1.0	0.0	1.0	3.0	1.0	7	6	19	-1.5	1.7833333333333332	-0.6000000000000001	influenza	0.0	0.0	0.1428571428571428	0.0	0.0	0.0	0.1428571428571428	0.1428571428571428	0.0	0.0	0.0	0.1428571428571428	0.0	0.1428571428571428	0.0	0.0	0.1428571428571428	0.0	0.1428571428571428	0.0	0.0	0.0	0.0	0.0	0.0	0.0	0.0	0.1666666666666666	0.0	0.5	0.0	0.0	0.0	0.0	0.1666666666666666	0.1666666666666666	0.0	0.0	0.0	0.0	0.0526315789473684	0.0526315789473684	0.0526315789473684	0.1578947368421052	0.0	0.0	0.0526315789473684	0.0526315789473684	0.0	0.0	0.0526315789473684	0.0	0.0	0.1578947368421052	0.0526315789473684	0.0526315789473684	0.0	0.0526315789473684	0.1578947368421052	0.0526315789473684
8g40	A	AVSDYFNRDLGWEDYYFPF	IPISGI	EGTFNKY		0.0	9.171428571428573	138.00142857142856		0.0	6.966666666666666	114.79999999999995		-0.1578947368421052	8.321052631578947	143.6221052631579	0.0	0.0	1.0	0.0	0.0	0.0	1.0	1.0	0.0	0.0	0.0	1.0	0.0	1.0	0.0	0.0	1.0	0.0	1.0	0.0	0.0	0.0	0.0	0.0	0.0	0.0	0.0	1.0	0.0	3.0	0.0	0.0	0.0	0.0	1.0	1.0	0.0	0.0	0.0	0.0	1.0	1.0	1.0	3.0	0.0	0.0	1.0	1.0	0.0	0.0	1.0	0.0	0.0	3.0	1.0	1.0	0.0	1.0	3.0	1.0	7	6	19	-1.5	1.7833333333333332	-0.6000000000000001	influenza	0.0	0.0	0.1428571428571428	0.0	0.0	0.0	0.1428571428571428	0.1428571428571428	0.0	0.0	0.0	0.1428571428571428	0.0	0.1428571428571428	0.0	0.0	0.1428571428571428	0.0	0.1428571428571428	0.0	0.0	0.0	0.0	0.0	0.0	0.0	0.0	0.1666666666666666	0.0	0.5	0.0	0.0	0.0	0.0	0.1666666666666666	0.1666666666666666	0.0	0.0	0.0	0.0	0.0526315789473684	0.0526315789473684	0.0526315789473684	0.1578947368421052	0.0	0.0	0.0526315789473684	0.0526315789473684	0.0	0.0	0.0526315789473684	0.0	0.0	0.1578947368421052	0.0526315789473684	0.0526315789473684	0.0	0.0526315789473684	0.1578947368421052	0.0526315789473684
7wvg	C	PSAIFGIYIILNGLDV	SYDGSY	GFPFSSY		0.0	7.428571428571429	130.27857142857144		-0.1666666666666666	8.799999999999999	130.12166666666667		-0.0625	7.237500000000001	123.45125	0.0	0.0	0.0	0.0	0.0	0.0	0.0	1.0	0.0	0.0	0.0	0.0	0.0	2.0	1.0	2.0	0.0	0.0	1.0	0.0	0.0	0.0	0.0	1.0	0.0	0.0	0.0	1.0	0.0	0.0	0.0	0.0	0.0	0.0	0.0	2.0	0.0	0.0	2.0	0.0	1.0	0.0	1.0	1.0	0.0	0.0	0.0	2.0	0.0	4.0	2.0	0.0	0.0	1.0	1.0	1.0	0.0	0.0	1.0	1.0	7	6	16	0.0999999999999999	-1.35	1.43125	influenza	0.0	0.0	0.0	0.0	0.0	0.0	0.0	0.1428571428571428	0.0	0.0	0.0	0.0	0.0	0.2857142857142857	0.1428571428571428	0.2857142857142857	0.0	0.0	0.1428571428571428	0.0	0.0	0.0	0.0	0.1666666666666666	0.0	0.0	0.0	0.1666666666666666	0.0	0.0	0.0	0.0	0.0	0.0	0.0	0.3333333333333333	0.0	0.0	0.3333333333333333	0.0	0.0625	0.0	0.0625	0.0625	0.0	0.0	0.0	0.125	0.0	0.25	0.125	0.0	0.0	0.0625	0.0625	0.0625	0.0	0.0	0.0625	0.0625
8gv7	C	PSAIFGIYIILNGLDV	SYDGSY	GFPFSSY		0.0	7.428571428571429	130.27857142857144		-0.1666666666666666	8.799999999999999	130.12166666666667		-0.0625	7.237500000000001	123.45125	0.0	0.0	0.0	0.0	0.0	0.0	0.0	1.0	0.0	0.0	0.0	0.0	0.0	2.0	1.0	2.0	0.0	0.0	1.0	0.0	0.0	0.0	0.0	1.0	0.0	0.0	0.0	1.0	0.0	0.0	0.0	0.0	0.0	0.0	0.0	2.0	0.0	0.0	2.0	0.0	1.0	0.0	1.0	1.0	0.0	0.0	0.0	2.0	0.0	4.0	2.0	0.0	0.0	1.0	1.0	1.0	0.0	0.0	1.0	1.0	7	6	16	0.0999999999999999	-1.35	1.43125	influenza	0.0	0.0	0.0	0.0	0.0	0.0	0.0	0.1428571428571428	0.0	0.0	0.0	0.0	0.0	0.2857142857142857	0.1428571428571428	0.2857142857142857	0.0	0.0	0.1428571428571428	0.0	0.0	0.0	0.0	0.1666666666666666	0.0	0.0	0.0	0.1666666666666666	0.0	0.0	0.0	0.0	0.0	0.0	0.0	0.3333333333333333	0.0	0.0	0.3333333333333333	0.0	0.0625	0.0	0.0625	0.0625	0.0	0.0	0.0	0.125	0.0	0.25	0.125	0.0	0.0	0.0625	0.0625	0.0625	0.0	0.0	0.0625	0.0625
8diu	G	HMGYQVRETMDV	IPIFGT	GGPFRSY		0.1428571428571428	8.157142857142858	127.27714285714286		0.0	6.866666666666666	122.80833333333334		0.0	8.641666666666667	138.6533333333333	0.0	1.0	0.0	0.0	0.0	0.0	0.0	2.0	0.0	0.0	0.0	0.0	0.0	1.0	1.0	1.0	0.0	0.0	1.0	0.0	0.0	0.0	0.0	0.0	0.0	0.0	0.0	1.0	0.0	2.0	0.0	0.0	0.0	1.0	1.0	0.0	1.0	0.0	0.0	0.0	0.0	1.0	0.0	1.0	0.0	1.0	1.0	1.0	1.0	0.0	0.0	0.0	2.0	0.0	0.0	0.0	1.0	0.0	1.0	2.0	7	6	12	-0.8857142857142858	1.5166666666666666	-0.6999999999999998	influenza	0.0	0.1428571428571428	0.0	0.0	0.0	0.0	0.0	0.2857142857142857	0.0	0.0	0.0	0.0	0.0	0.1428571428571428	0.1428571428571428	0.1428571428571428	0.0	0.0	0.1428571428571428	0.0	0.0	0.0	0.0	0.0	0.0	0.0	0.0	0.1666666666666666	0.0	0.3333333333333333	0.0	0.0	0.0	0.1666666666666666	0.1666666666666666	0.0	0.1666666666666666	0.0	0.0	0.0	0.0	0.0833333333333333	0.0	0.0833333333333333	0.0	0.0833333333333333	0.0833333333333333	0.0833333333333333	0.0833333333333333	0.0	0.0	0.0	0.1666666666666666	0.0	0.0	0.0	0.0833333333333333	0.0	0.0833333333333333	0.1666666666666666
8dim	B	HMGYQVRETMDV	IPIFGT	GGPFRSY		0.1428571428571428	8.157142857142858	127.27714285714286		0.0	6.866666666666666	122.80833333333334		0.0	8.641666666666667	138.6533333333333	0.0	1.0	0.0	0.0	0.0	0.0	0.0	2.0	0.0	0.0	0.0	0.0	0.0	1.0	1.0	1.0	0.0	0.0	1.0	0.0	0.0	0.0	0.0	0.0	0.0	0.0	0.0	1.0	0.0	2.0	0.0	0.0	0.0	1.0	1.0	0.0	1.0	0.0	0.0	0.0	0.0	1.0	0.0	1.0	0.0	1.0	1.0	1.0	1.0	0.0	0.0	0.0	2.0	0.0	0.0	0.0	1.0	0.0	1.0	2.0	7	6	12	-0.8857142857142858	1.5166666666666666	-0.6999999999999998	influenza	0.0	0.1428571428571428	0.0	0.0	0.0	0.0	0.0	0.2857142857142857	0.0	0.0	0.0	0.0	0.0	0.1428571428571428	0.1428571428571428	0.1428571428571428	0.0	0.0	0.1428571428571428	0.0	0.0	0.0	0.0	0.0	0.0	0.0	0.0	0.1666666666666666	0.0	0.3333333333333333	0.0	0.0	0.0	0.1666666666666666	0.1666666666666666	0.0	0.1666666666666666	0.0	0.0	0.0	0.0	0.0833333333333333	0.0	0.0833333333333333	0.0	0.0833333333333333	0.0833333333333333	0.0833333333333333	0.0833333333333333	0.0	0.0	0.0	0.1666666666666666	0.0	0.0	0.0	0.0833333333333333	0.0	0.0833333333333333	0.1666666666666666
4fp8	I	HMSMQQVVSAGWERADLVGDAFDV	NAGGGD	GSSFGESTLSYY		-0.0833333333333333	8.183333333333335	124.62416666666668		-0.1666666666666666	9.95	96.58666666666666		-0.0833333333333333	8.516666666666666	127.63708333333334	0.0	0.0	0.0	0.0	0.0	0.0	1.0	2.0	0.0	0.0	1.0	0.0	0.0	1.0	0.0	4.0	1.0	0.0	2.0	0.0	1.0	0.0	1.0	1.0	0.0	0.0	0.0	3.0	0.0	0.0	0.0	0.0	0.0	0.0	0.0	0.0	0.0	0.0	0.0	0.0	3.0	1.0	0.0	3.0	0.0	2.0	1.0	2.0	1.0	0.0	1.0	0.0	2.0	1.0	0.0	2.0	0.0	1.0	0.0	4.0	12	6	24	-0.3500000000000001	-1.0666666666666669	0.0249999999999999	influenza	0.0	0.0	0.0	0.0	0.0	0.0	0.0833333333333333	0.1666666666666666	0.0	0.0	0.0833333333333333	0.0	0.0	0.0833333333333333	0.0	0.3333333333333333	0.0833333333333333	0.0	0.1666666666666666	0.0	0.1666666666666666	0.0	0.1666666666666666	0.1666666666666666	0.0	0.0	0.0	0.5	0.0	0.0	0.0	0.0	0.0	0.0	0.0	0.0	0.0	0.0	0.0	0.0	0.125	0.0416666666666666	0.0	0.125	0.0	0.0833333333333333	0.0416666666666666	0.0833333333333333	0.0416666666666666	0.0	0.0416666666666666	0.0	0.0833333333333333	0.0416666666666666	0.0	0.0833333333333333	0.0	0.0416666666666666	0.0	0.1666666666666666
6lxj	M	DLQDTPMVDRIIGSYYYYNGLDV	IPVYGT	GGPFSSY		0.0	7.971428571428571	117.4042857142857		0.0	7.15	123.13833333333334		-0.1304347826086956	8.3	135.1	0.0	0.0	0.0	0.0	0.0	0.0	0.0	2.0	0.0	0.0	0.0	0.0	0.0	1.0	1.0	2.0	0.0	0.0	1.0	0.0	0.0	0.0	0.0	0.0	0.0	0.0	0.0	1.0	0.0	1.0	0.0	0.0	0.0	0.0	1.0	0.0	1.0	0.0	1.0	1.0	0.0	1.0	1.0	4.0	0.0	1.0	0.0	2.0	0.0	2.0	2.0	0.0	1.0	0.0	1.0	1.0	1.0	0.0	4.0	2.0	7	6	23	-0.3571428571428572	0.7833333333333332	-0.3347826086956521	influenza	0.0	0.0	0.0	0.0	0.0	0.0	0.0	0.2857142857142857	0.0	0.0	0.0	0.0	0.0	0.1428571428571428	0.1428571428571428	0.2857142857142857	0.0	0.0	0.1428571428571428	0.0	0.0	0.0	0.0	0.0	0.0	0.0	0.0	0.1666666666666666	0.0	0.1666666666666666	0.0	0.0	0.0	0.0	0.1666666666666666	0.0	0.1666666666666666	0.0	0.1666666666666666	0.1666666666666666	0.0	0.0434782608695652	0.0434782608695652	0.1739130434782608	0.0	0.0434782608695652	0.0	0.0869565217391304	0.0	0.0869565217391304	0.0869565217391304	0.0	0.0434782608695652	0.0	0.0434782608695652	0.0434782608695652	0.0434782608695652	0.0	0.1739130434782608	0.0869565217391304
7k39	J	VEGVRGVMGFHYYPMDV	NTYDGQ	GYTLTSY		0.0	7.528571428571429	130.27857142857144		-0.1666666666666666	9.816666666666666	131.12499999999997		0.0	7.870588235294118	132.03058823529415	0.0	0.0	0.0	0.0	0.0	0.0	0.0	1.0	0.0	0.0	1.0	0.0	0.0	0.0	0.0	1.0	2.0	0.0	2.0	0.0	0.0	0.0	1.0	1.0	0.0	1.0	0.0	1.0	0.0	0.0	0.0	0.0	0.0	0.0	0.0	0.0	1.0	0.0	1.0	0.0	0.0	1.0	0.0	1.0	0.0	0.0	1.0	3.0	1.0	0.0	0.0	0.0	2.0	1.0	1.0	0.0	0.0	0.0	2.0	4.0	7	6	17	-0.2000000000000001	-2.15	0.1941176470588235	influenza	0.0	0.0	0.0	0.0	0.0	0.0	0.0	0.1428571428571428	0.0	0.0	0.1428571428571428	0.0	0.0	0.0	0.0	0.1428571428571428	0.2857142857142857	0.0	0.2857142857142857	0.0	0.0	0.0	0.1666666666666666	0.1666666666666666	0.0	0.1666666666666666	0.0	0.1666666666666666	0.0	0.0	0.0	0.0	0.0	0.0	0.0	0.0	0.1666666666666666	0.0	0.1666666666666666	0.0	0.0	0.0588235294117647	0.0	0.0588235294117647	0.0	0.0	0.0588235294117647	0.1764705882352941	0.0588235294117647	0.0	0.0	0.0	0.1176470588235294	0.0588235294117647	0.0588235294117647	0.0	0.0	0.0	0.1176470588235294	0.2352941176470588
5ugy	I	GGLEPRSVDYYYYGMDV	HPNSGD	GYTFTDY		-0.1428571428571428	8.114285714285714	139.14		0.0	10.2	119.27833333333332		-0.1176470588235294	8.247058823529413	133.67058823529413	0.0	0.0	0.0	1.0	0.0	0.0	0.0	1.0	0.0	0.0	0.0	0.0	0.0	1.0	0.0	0.0	2.0	0.0	2.0	0.0	0.0	0.0	1.0	1.0	0.0	0.0	0.0	1.0	1.0	0.0	0.0	0.0	0.0	0.0	1.0	1.0	0.0	0.0	0.0	0.0	0.0	1.0	0.0	2.0	0.0	0.0	1.0	3.0	0.0	0.0	1.0	0.0	1.0	0.0	1.0	1.0	0.0	0.0	4.0	2.0	7	6	17	-0.7285714285714286	-2.166666666666667	-0.5705882352941176	influenza	0.0	0.0	0.0	0.1428571428571428	0.0	0.0	0.0	0.1428571428571428	0.0	0.0	0.0	0.0	0.0	0.1428571428571428	0.0	0.0	0.2857142857142857	0.0	0.2857142857142857	0.0	0.0	0.0	0.1666666666666666	0.1666666666666666	0.0	0.0	0.0	0.1666666666666666	0.1666666666666666	0.0	0.0	0.0	0.0	0.0	0.1666666666666666	0.1666666666666666	0.0	0.0	0.0	0.0	0.0	0.0588235294117647	0.0	0.1176470588235294	0.0	0.0	0.0588235294117647	0.1764705882352941	0.0	0.0	0.0588235294117647	0.0	0.0588235294117647	0.0	0.0588235294117647	0.0588235294117647	0.0	0.0	0.2352941176470588	0.1176470588235294
6q0h	H	APPYCTSASCPDDYYYYYMDV	YHGGS	GGSISSSN		0.0	8.95	104.22375		0.2	8.76	118.316		-0.1428571428571428	7.904761904761903	135.61761904761906	0.0	0.0	1.0	0.0	0.0	0.0	0.0	2.0	0.0	1.0	0.0	0.0	0.0	0.0	0.0	4.0	0.0	0.0	0.0	0.0	0.0	0.0	0.0	0.0	0.0	0.0	0.0	2.0	1.0	0.0	0.0	0.0	0.0	0.0	0.0	1.0	0.0	0.0	1.0	0.0	2.0	0.0	0.0	3.0	2.0	0.0	0.0	0.0	0.0	0.0	0.0	0.0	1.0	0.0	3.0	2.0	1.0	0.0	6.0	1.0	8	5	21	-0.375	-1.2200000000000002	-0.5095238095238097	influenza	0.0	0.0	0.125	0.0	0.0	0.0	0.0	0.25	0.0	0.125	0.0	0.0	0.0	0.0	0.0	0.5	0.0	0.0	0.0	0.0	0.0	0.0	0.0	0.0	0.0	0.0	0.0	0.4	0.2	0.0	0.0	0.0	0.0	0.0	0.0	0.2	0.0	0.0	0.2	0.0	0.0952380952380952	0.0	0.0	0.1428571428571428	0.0952380952380952	0.0	0.0	0.0	0.0	0.0	0.0	0.0	0.0476190476190476	0.0	0.1428571428571428	0.0952380952380952	0.0476190476190476	0.0	0.2857142857142857	0.0476190476190476
4hkx	A	AGLEPRSVDYYFYGLDV	HPNSGA	GYTFTDN		-0.1428571428571428	8.885714285714284	132.13		0.1666666666666666	9.383333333333336	111.94333333333331		-0.1176470588235294	8.088235294117649	132.4929411764706	0.0	0.0	1.0	1.0	0.0	0.0	0.0	1.0	0.0	0.0	0.0	0.0	0.0	1.0	0.0	0.0	2.0	0.0	1.0	0.0	1.0	0.0	1.0	0.0	0.0	0.0	0.0	1.0	1.0	0.0	0.0	0.0	0.0	0.0	1.0	1.0	0.0	0.0	0.0	0.0	1.0	1.0	0.0	2.0	0.0	0.0	1.0	2.0	0.0	0.0	2.0	0.0	0.0	1.0	1.0	1.0	0.0	0.0	3.0	2.0	7	6	17	-1.042857142857143	-1.2833333333333337	-0.088235294117647	influenza	0.0	0.0	0.1428571428571428	0.1428571428571428	0.0	0.0	0.0	0.1428571428571428	0.0	0.0	0.0	0.0	0.0	0.1428571428571428	0.0	0.0	0.2857142857142857	0.0	0.1428571428571428	0.0	0.1666666666666666	0.0	0.1666666666666666	0.0	0.0	0.0	0.0	0.1666666666666666	0.1666666666666666	0.0	0.0	0.0	0.0	0.0	0.1666666666666666	0.1666666666666666	0.0	0.0	0.0	0.0	0.0588235294117647	0.0588235294117647	0.0	0.1176470588235294	0.0	0.0	0.0588235294117647	0.1176470588235294	0.0	0.0	0.1176470588235294	0.0	0.0	0.0588235294117647	0.0588235294117647	0.0588235294117647	0.0	0.0	0.1764705882352941	0.1176470588235294
7k37	J	VEGVRGVMGFHYYPMDV	NTYDGQ	GYTLTSY		0.0	7.528571428571429	130.27857142857144		-0.1666666666666666	9.816666666666666	131.12499999999997		0.0	7.870588235294118	132.03058823529415	0.0	0.0	0.0	0.0	0.0	0.0	0.0	1.0	0.0	0.0	1.0	0.0	0.0	0.0	0.0	1.0	2.0	0.0	2.0	0.0	0.0	0.0	1.0	1.0	0.0	1.0	0.0	1.0	0.0	0.0	0.0	0.0	0.0	0.0	0.0	0.0	1.0	0.0	1.0	0.0	0.0	1.0	0.0	1.0	0.0	0.0	1.0	3.0	1.0	0.0	0.0	0.0	2.0	1.0	1.0	0.0	0.0	0.0	2.0	4.0	7	6	17	-0.2000000000000001	-2.15	0.1941176470588235	influenza	0.0	0.0	0.0	0.0	0.0	0.0	0.0	0.1428571428571428	0.0	0.0	0.1428571428571428	0.0	0.0	0.0	0.0	0.1428571428571428	0.2857142857142857	0.0	0.2857142857142857	0.0	0.0	0.0	0.1666666666666666	0.1666666666666666	0.0	0.1666666666666666	0.0	0.1666666666666666	0.0	0.0	0.0	0.0	0.0	0.0	0.0	0.0	0.1666666666666666	0.0	0.1666666666666666	0.0	0.0	0.0588235294117647	0.0	0.0588235294117647	0.0	0.0	0.0588235294117647	0.1764705882352941	0.0588235294117647	0.0	0.0	0.0	0.1176470588235294	0.0588235294117647	0.0588235294117647	0.0	0.0	0.0	0.1176470588235294	0.2352941176470588
6ml8	H	HMSMQQVVSAGWERADLVGDAFDV	NAGGGD	GSSFGESTLSYY		-0.0833333333333333	8.183333333333335	124.62416666666668		-0.1666666666666666	9.95	96.58666666666666		-0.0833333333333333	8.516666666666666	127.63708333333334	0.0	0.0	0.0	0.0	0.0	0.0	1.0	2.0	0.0	0.0	1.0	0.0	0.0	1.0	0.0	4.0	1.0	0.0	2.0	0.0	1.0	0.0	1.0	1.0	0.0	0.0	0.0	3.0	0.0	0.0	0.0	0.0	0.0	0.0	0.0	0.0	0.0	0.0	0.0	0.0	3.0	1.0	0.0	3.0	0.0	2.0	1.0	2.0	1.0	0.0	1.0	0.0	2.0	1.0	0.0	2.0	0.0	1.0	0.0	4.0	12	6	24	-0.3500000000000001	-1.0666666666666669	0.0249999999999999	influenza	0.0	0.0	0.0	0.0	0.0	0.0	0.0833333333333333	0.1666666666666666	0.0	0.0	0.0833333333333333	0.0	0.0	0.0833333333333333	0.0	0.3333333333333333	0.0833333333333333	0.0	0.1666666666666666	0.0	0.1666666666666666	0.0	0.1666666666666666	0.1666666666666666	0.0	0.0	0.0	0.5	0.0	0.0	0.0	0.0	0.0	0.0	0.0	0.0	0.0	0.0	0.0	0.0	0.125	0.0416666666666666	0.0	0.125	0.0	0.0833333333333333	0.0416666666666666	0.0833333333333333	0.0416666666666666	0.0	0.0416666666666666	0.0	0.0833333333333333	0.0416666666666666	0.0	0.0833333333333333	0.0	0.0416666666666666	0.0	0.1666666666666666
4fqi	H	HGNYYYYSGMDV	SPIFGS	GGTSNNY		0.0	9.314285714285717	117.11142857142856		0.0	7.633333333333333	116.12333333333332		0.0	8.216666666666669	138.89416666666668	0.0	0.0	2.0	0.0	0.0	0.0	0.0	2.0	0.0	0.0	0.0	0.0	0.0	0.0	0.0	1.0	1.0	0.0	1.0	0.0	0.0	0.0	0.0	0.0	0.0	0.0	0.0	1.0	0.0	1.0	0.0	0.0	0.0	1.0	1.0	2.0	0.0	0.0	0.0	0.0	0.0	0.0	1.0	1.0	0.0	0.0	0.0	2.0	1.0	0.0	0.0	0.0	1.0	0.0	0.0	1.0	0.0	0.0	4.0	1.0	7	6	12	-1.5142857142857145	0.6166666666666666	-0.9083333333333335	influenza	0.0	0.0	0.2857142857142857	0.0	0.0	0.0	0.0	0.2857142857142857	0.0	0.0	0.0	0.0	0.0	0.0	0.0	0.1428571428571428	0.1428571428571428	0.0	0.1428571428571428	0.0	0.0	0.0	0.0	0.0	0.0	0.0	0.0	0.1666666666666666	0.0	0.1666666666666666	0.0	0.0	0.0	0.1666666666666666	0.1666666666666666	0.3333333333333333	0.0	0.0	0.0	0.0	0.0	0.0	0.0833333333333333	0.0833333333333333	0.0	0.0	0.0	0.1666666666666666	0.0833333333333333	0.0	0.0	0.0	0.0833333333333333	0.0	0.0	0.0833333333333333	0.0	0.0	0.3333333333333333	0.0833333333333333
6oc3	C	GTEDLGYCSSGSCPNH	FYNGD	GVSVTSDIY		-0.1111111111111111	8.022222222222222	120.45888888888892		-0.2	9.0	137.334		-0.0625	8.787500000000001	118.55625	0.0	0.0	0.0	1.0	0.0	0.0	0.0	1.0	0.0	1.0	0.0	0.0	0.0	0.0	0.0	2.0	1.0	0.0	1.0	2.0	0.0	0.0	1.0	1.0	0.0	0.0	0.0	1.0	0.0	0.0	0.0	0.0	0.0	1.0	0.0	0.0	0.0	0.0	1.0	0.0	0.0	0.0	1.0	1.0	2.0	0.0	1.0	3.0	1.0	0.0	1.0	0.0	0.0	0.0	1.0	3.0	1.0	0.0	1.0	0.0	9	5	16	0.6000000000000001	-1.1800000000000002	-0.7562500000000001	influenza	0.0	0.0	0.0	0.1111111111111111	0.0	0.0	0.0	0.1111111111111111	0.0	0.1111111111111111	0.0	0.0	0.0	0.0	0.0	0.2222222222222222	0.1111111111111111	0.0	0.1111111111111111	0.2222222222222222	0.0	0.0	0.2	0.2	0.0	0.0	0.0	0.2	0.0	0.0	0.0	0.0	0.0	0.2	0.0	0.0	0.0	0.0	0.2	0.0	0.0	0.0	0.0625	0.0625	0.125	0.0	0.0625	0.1875	0.0625	0.0	0.0625	0.0	0.0	0.0	0.0625	0.1875	0.0625	0.0	0.0625	0.0
6q0i	H	APPYCTSASCPDDYYYYYMDV	YHGGS	GGSISSSN		0.0	8.95	104.22375		0.2	8.76	118.316		-0.1428571428571428	7.904761904761903	135.61761904761906	0.0	0.0	1.0	0.0	0.0	0.0	0.0	2.0	0.0	1.0	0.0	0.0	0.0	0.0	0.0	4.0	0.0	0.0	0.0	0.0	0.0	0.0	0.0	0.0	0.0	0.0	0.0	2.0	1.0	0.0	0.0	0.0	0.0	0.0	0.0	1.0	0.0	0.0	1.0	0.0	2.0	0.0	0.0	3.0	2.0	0.0	0.0	0.0	0.0	0.0	0.0	0.0	1.0	0.0	3.0	2.0	1.0	0.0	6.0	1.0	8	5	21	-0.375	-1.2200000000000002	-0.5095238095238097	influenza	0.0	0.0	0.125	0.0	0.0	0.0	0.0	0.25	0.0	0.125	0.0	0.0	0.0	0.0	0.0	0.5	0.0	0.0	0.0	0.0	0.0	0.0	0.0	0.0	0.0	0.0	0.0	0.4	0.2	0.0	0.0	0.0	0.0	0.0	0.0	0.2	0.0	0.0	0.2	0.0	0.0952380952380952	0.0	0.0	0.1428571428571428	0.0952380952380952	0.0	0.0	0.0	0.0	0.0	0.0	0.0	0.0476190476190476	0.0	0.1428571428571428	0.0952380952380952	0.0476190476190476	0.0	0.2857142857142857	0.0476190476190476
6uyn	H	HMGYQVRETMDV	IPIFGT	GGPFRSY		0.1428571428571428	8.157142857142858	127.27714285714286		0.0	6.866666666666666	122.80833333333334		0.0	8.641666666666667	138.6533333333333	0.0	1.0	0.0	0.0	0.0	0.0	0.0	2.0	0.0	0.0	0.0	0.0	0.0	1.0	1.0	1.0	0.0	0.0	1.0	0.0	0.0	0.0	0.0	0.0	0.0	0.0	0.0	1.0	0.0	2.0	0.0	0.0	0.0	1.0	1.0	0.0	1.0	0.0	0.0	0.0	0.0	1.0	0.0	1.0	0.0	1.0	1.0	1.0	1.0	0.0	0.0	0.0	2.0	0.0	0.0	0.0	1.0	0.0	1.0	2.0	7	6	12	-0.8857142857142858	1.5166666666666666	-0.6999999999999998	influenza	0.0	0.1428571428571428	0.0	0.0	0.0	0.0	0.0	0.2857142857142857	0.0	0.0	0.0	0.0	0.0	0.1428571428571428	0.1428571428571428	0.1428571428571428	0.0	0.0	0.1428571428571428	0.0	0.0	0.0	0.0	0.0	0.0	0.0	0.0	0.1666666666666666	0.0	0.3333333333333333	0.0	0.0	0.0	0.1666666666666666	0.1666666666666666	0.0	0.1666666666666666	0.0	0.0	0.0	0.0	0.0833333333333333	0.0	0.0833333333333333	0.0	0.0833333333333333	0.0833333333333333	0.0833333333333333	0.0833333333333333	0.0	0.0	0.0	0.1666666666666666	0.0	0.0	0.0	0.0833333333333333	0.0	0.0833333333333333	0.1666666666666666
4xnm	B	VALFDILTGGWFDP	YHSGN	GGSISSSY		0.0	8.275	110.35750000000002		0.2	9.28	129.726		-0.1428571428571428	7.528571428571429	127.49642857142857	0.0	0.0	0.0	0.0	0.0	0.0	0.0	2.0	0.0	1.0	0.0	0.0	0.0	0.0	0.0	4.0	0.0	0.0	1.0	0.0	0.0	0.0	1.0	0.0	0.0	0.0	0.0	1.0	1.0	0.0	0.0	0.0	0.0	0.0	0.0	1.0	0.0	0.0	1.0	0.0	1.0	0.0	0.0	2.0	0.0	0.0	0.0	2.0	0.0	1.0	2.0	0.0	0.0	2.0	1.0	0.0	1.0	1.0	0.0	1.0	8	5	14	-0.1	-1.84	0.9071428571428576	influenza	0.0	0.0	0.0	0.0	0.0	0.0	0.0	0.25	0.0	0.125	0.0	0.0	0.0	0.0	0.0	0.5	0.0	0.0	0.125	0.0	0.0	0.0	0.2	0.0	0.0	0.0	0.0	0.2	0.2	0.0	0.0	0.0	0.0	0.0	0.0	0.2	0.0	0.0	0.2	0.0	0.0714285714285714	0.0	0.0	0.1428571428571428	0.0	0.0	0.0	0.1428571428571428	0.0	0.0714285714285714	0.1428571428571428	0.0	0.0	0.1428571428571428	0.0714285714285714	0.0	0.0714285714285714	0.0714285714285714	0.0	0.0714285714285714
3gbm	H	HMGYQVRETMDV	IPIFGT	GGPFRSY		0.1428571428571428	8.157142857142858	127.27714285714286		0.0	6.866666666666666	122.80833333333334		0.0	8.641666666666667	138.6533333333333	0.0	1.0	0.0	0.0	0.0	0.0	0.0	2.0	0.0	0.0	0.0	0.0	0.0	1.0	1.0	1.0	0.0	0.0	1.0	0.0	0.0	0.0	0.0	0.0	0.0	0.0	0.0	1.0	0.0	2.0	0.0	0.0	0.0	1.0	1.0	0.0	1.0	0.0	0.0	0.0	0.0	1.0	0.0	1.0	0.0	1.0	1.0	1.0	1.0	0.0	0.0	0.0	2.0	0.0	0.0	0.0	1.0	0.0	1.0	2.0	7	6	12	-0.8857142857142858	1.5166666666666666	-0.6999999999999998	influenza	0.0	0.1428571428571428	0.0	0.0	0.0	0.0	0.0	0.2857142857142857	0.0	0.0	0.0	0.0	0.0	0.1428571428571428	0.1428571428571428	0.1428571428571428	0.0	0.0	0.1428571428571428	0.0	0.0	0.0	0.0	0.0	0.0	0.0	0.0	0.1666666666666666	0.0	0.3333333333333333	0.0	0.0	0.0	0.1666666666666666	0.1666666666666666	0.0	0.1666666666666666	0.0	0.0	0.0	0.0	0.0833333333333333	0.0	0.0833333333333333	0.0	0.0833333333333333	0.0833333333333333	0.0833333333333333	0.0833333333333333	0.0	0.0	0.0	0.1666666666666666	0.0	0.0	0.0	0.0833333333333333	0.0	0.0833333333333333	0.1666666666666666
4xrc	B	VALFDILTGGWFDP	YHSGN	GGSISSSY		0.0	8.275	110.35750000000002		0.2	9.28	129.726		-0.1428571428571428	7.528571428571429	127.49642857142857	0.0	0.0	0.0	0.0	0.0	0.0	0.0	2.0	0.0	1.0	0.0	0.0	0.0	0.0	0.0	4.0	0.0	0.0	1.0	0.0	0.0	0.0	1.0	0.0	0.0	0.0	0.0	1.0	1.0	0.0	0.0	0.0	0.0	0.0	0.0	1.0	0.0	0.0	1.0	0.0	1.0	0.0	0.0	2.0	0.0	0.0	0.0	2.0	0.0	1.0	2.0	0.0	0.0	2.0	1.0	0.0	1.0	1.0	0.0	1.0	8	5	14	-0.1	-1.84	0.9071428571428576	influenza	0.0	0.0	0.0	0.0	0.0	0.0	0.0	0.25	0.0	0.125	0.0	0.0	0.0	0.0	0.0	0.5	0.0	0.0	0.125	0.0	0.0	0.0	0.2	0.0	0.0	0.0	0.0	0.2	0.2	0.0	0.0	0.0	0.0	0.0	0.0	0.2	0.0	0.0	0.2	0.0	0.0714285714285714	0.0	0.0	0.1428571428571428	0.0	0.0	0.0	0.1428571428571428	0.0	0.0714285714285714	0.1428571428571428	0.0	0.0	0.1428571428571428	0.0714285714285714	0.0	0.0714285714285714	0.0714285714285714	0.0	0.0714285714285714
4xnq	H	VALFDILTGGWFDP	YHSGN	GGSISSSY		0.0	8.275	110.35750000000002		0.2	9.28	129.726		-0.1428571428571428	7.528571428571429	127.49642857142857	0.0	0.0	0.0	0.0	0.0	0.0	0.0	2.0	0.0	1.0	0.0	0.0	0.0	0.0	0.0	4.0	0.0	0.0	1.0	0.0	0.0	0.0	1.0	0.0	0.0	0.0	0.0	1.0	1.0	0.0	0.0	0.0	0.0	0.0	0.0	1.0	0.0	0.0	1.0	0.0	1.0	0.0	0.0	2.0	0.0	0.0	0.0	2.0	0.0	1.0	2.0	0.0	0.0	2.0	1.0	0.0	1.0	1.0	0.0	1.0	8	5	14	-0.1	-1.84	0.9071428571428576	influenza	0.0	0.0	0.0	0.0	0.0	0.0	0.0	0.25	0.0	0.125	0.0	0.0	0.0	0.0	0.0	0.5	0.0	0.0	0.125	0.0	0.0	0.0	0.2	0.0	0.0	0.0	0.0	0.2	0.2	0.0	0.0	0.0	0.0	0.0	0.0	0.2	0.0	0.0	0.2	0.0	0.0714285714285714	0.0	0.0	0.1428571428571428	0.0	0.0	0.0	0.1428571428571428	0.0	0.0714285714285714	0.1428571428571428	0.0	0.0	0.1428571428571428	0.0714285714285714	0.0	0.0714285714285714	0.0714285714285714	0.0	0.0714285714285714
6ocb	H	GTEDLGYCSSGSCPNH	FYNGD	GVSVTSDIY		-0.1111111111111111	8.022222222222222	120.45888888888892		-0.2	9.0	137.334		-0.0625	8.787500000000001	118.55625	0.0	0.0	0.0	1.0	0.0	0.0	0.0	1.0	0.0	1.0	0.0	0.0	0.0	0.0	0.0	2.0	1.0	0.0	1.0	2.0	0.0	0.0	1.0	1.0	0.0	0.0	0.0	1.0	0.0	0.0	0.0	0.0	0.0	1.0	0.0	0.0	0.0	0.0	1.0	0.0	0.0	0.0	1.0	1.0	2.0	0.0	1.0	3.0	1.0	0.0	1.0	0.0	0.0	0.0	1.0	3.0	1.0	0.0	1.0	0.0	9	5	16	0.6000000000000001	-1.1800000000000002	-0.7562500000000001	influenza	0.0	0.0	0.0	0.1111111111111111	0.0	0.0	0.0	0.1111111111111111	0.0	0.1111111111111111	0.0	0.0	0.0	0.0	0.0	0.2222222222222222	0.1111111111111111	0.0	0.1111111111111111	0.2222222222222222	0.0	0.0	0.2	0.2	0.0	0.0	0.0	0.2	0.0	0.0	0.0	0.0	0.0	0.2	0.0	0.0	0.0	0.0	0.2	0.0	0.0	0.0	0.0625	0.0625	0.125	0.0	0.0625	0.1875	0.0625	0.0	0.0625	0.0	0.0	0.0	0.0625	0.1875	0.0625	0.0	0.0625	0.0
6q0l	H	APPYCTSASCPDDYYYYYMDV	YHGGS	GGSISSSN		0.0	8.95	104.22375		0.2	8.76	118.316		-0.1428571428571428	7.904761904761903	135.61761904761906	0.0	0.0	1.0	0.0	0.0	0.0	0.0	2.0	0.0	1.0	0.0	0.0	0.0	0.0	0.0	4.0	0.0	0.0	0.0	0.0	0.0	0.0	0.0	0.0	0.0	0.0	0.0	2.0	1.0	0.0	0.0	0.0	0.0	0.0	0.0	1.0	0.0	0.0	1.0	0.0	2.0	0.0	0.0	3.0	2.0	0.0	0.0	0.0	0.0	0.0	0.0	0.0	1.0	0.0	3.0	2.0	1.0	0.0	6.0	1.0	8	5	21	-0.375	-1.2200000000000002	-0.5095238095238097	influenza	0.0	0.0	0.125	0.0	0.0	0.0	0.0	0.25	0.0	0.125	0.0	0.0	0.0	0.0	0.0	0.5	0.0	0.0	0.0	0.0	0.0	0.0	0.0	0.0	0.0	0.0	0.0	0.4	0.2	0.0	0.0	0.0	0.0	0.0	0.0	0.2	0.0	0.0	0.2	0.0	0.0952380952380952	0.0	0.0	0.1428571428571428	0.0952380952380952	0.0	0.0	0.0	0.0	0.0	0.0	0.0	0.0476190476190476	0.0	0.1428571428571428	0.0952380952380952	0.0476190476190476	0.0	0.2857142857142857	0.0476190476190476
6lxi	C	DLQDTPMVDRIIGSYYYYNGLDV	IPVYGT	GGPFSSY		0.0	7.971428571428571	117.4042857142857		0.0	7.15	123.13833333333334		-0.1304347826086956	8.3	135.1	0.0	0.0	0.0	0.0	0.0	0.0	0.0	2.0	0.0	0.0	0.0	0.0	0.0	1.0	1.0	2.0	0.0	0.0	1.0	0.0	0.0	0.0	0.0	0.0	0.0	0.0	0.0	1.0	0.0	1.0	0.0	0.0	0.0	0.0	1.0	0.0	1.0	0.0	1.0	1.0	0.0	1.0	1.0	4.0	0.0	1.0	0.0	2.0	0.0	2.0	2.0	0.0	1.0	0.0	1.0	1.0	1.0	0.0	4.0	2.0	7	6	23	-0.3571428571428572	0.7833333333333332	-0.3347826086956521	influenza	0.0	0.0	0.0	0.0	0.0	0.0	0.0	0.2857142857142857	0.0	0.0	0.0	0.0	0.0	0.1428571428571428	0.1428571428571428	0.2857142857142857	0.0	0.0	0.1428571428571428	0.0	0.0	0.0	0.0	0.0	0.0	0.0	0.0	0.1666666666666666	0.0	0.1666666666666666	0.0	0.0	0.0	0.0	0.1666666666666666	0.0	0.1666666666666666	0.0	0.1666666666666666	0.1666666666666666	0.0	0.0434782608695652	0.0434782608695652	0.1739130434782608	0.0	0.0434782608695652	0.0	0.0869565217391304	0.0	0.0869565217391304	0.0869565217391304	0.0	0.0434782608695652	0.0	0.0434782608695652	0.0434782608695652	0.0434782608695652	0.0	0.1739130434782608	0.0869565217391304
3gbn	H	HMGYQVRETMDV	IPIFGT	GGPFRSY		0.1428571428571428	8.157142857142858	127.27714285714286		0.0	6.866666666666666	122.80833333333334		0.0	8.641666666666667	138.6533333333333	0.0	1.0	0.0	0.0	0.0	0.0	0.0	2.0	0.0	0.0	0.0	0.0	0.0	1.0	1.0	1.0	0.0	0.0	1.0	0.0	0.0	0.0	0.0	0.0	0.0	0.0	0.0	1.0	0.0	2.0	0.0	0.0	0.0	1.0	1.0	0.0	1.0	0.0	0.0	0.0	0.0	1.0	0.0	1.0	0.0	1.0	1.0	1.0	1.0	0.0	0.0	0.0	2.0	0.0	0.0	0.0	1.0	0.0	1.0	2.0	7	6	12	-0.8857142857142858	1.5166666666666666	-0.6999999999999998	influenza	0.0	0.1428571428571428	0.0	0.0	0.0	0.0	0.0	0.2857142857142857	0.0	0.0	0.0	0.0	0.0	0.1428571428571428	0.1428571428571428	0.1428571428571428	0.0	0.0	0.1428571428571428	0.0	0.0	0.0	0.0	0.0	0.0	0.0	0.0	0.1666666666666666	0.0	0.3333333333333333	0.0	0.0	0.0	0.1666666666666666	0.1666666666666666	0.0	0.1666666666666666	0.0	0.0	0.0	0.0	0.0833333333333333	0.0	0.0833333333333333	0.0	0.0833333333333333	0.0833333333333333	0.0833333333333333	0.0833333333333333	0.0	0.0	0.0	0.1666666666666666	0.0	0.0	0.0	0.0833333333333333	0.0	0.0833333333333333	0.1666666666666666
8z6r	E	QGDLGDWILLGY	YPGDSD	GYTFSYY		0.0	7.228571428571429	144.00571428571428		-0.3333333333333333	9.733333333333334	123.78000000000002		-0.1666666666666666	7.916666666666668	128.97166666666666	0.0	0.0	0.0	0.0	0.0	0.0	0.0	1.0	0.0	0.0	0.0	0.0	0.0	1.0	0.0	1.0	1.0	0.0	3.0	0.0	0.0	0.0	0.0	2.0	0.0	0.0	0.0	1.0	0.0	0.0	0.0	0.0	0.0	0.0	1.0	1.0	0.0	0.0	1.0	0.0	0.0	0.0	0.0	2.0	0.0	1.0	0.0	3.0	0.0	1.0	3.0	0.0	0.0	0.0	0.0	0.0	0.0	1.0	1.0	0.0	7	6	12	-0.4285714285714287	-1.8500000000000003	0.1666666666666666	sars_cov2	0.0	0.0	0.0	0.0	0.0	0.0	0.0	0.1428571428571428	0.0	0.0	0.0	0.0	0.0	0.1428571428571428	0.0	0.1428571428571428	0.1428571428571428	0.0	0.4285714285714285	0.0	0.0	0.0	0.0	0.3333333333333333	0.0	0.0	0.0	0.1666666666666666	0.0	0.0	0.0	0.0	0.0	0.0	0.1666666666666666	0.1666666666666666	0.0	0.0	0.1666666666666666	0.0	0.0	0.0	0.0	0.1666666666666666	0.0	0.0833333333333333	0.0	0.25	0.0	0.0833333333333333	0.25	0.0	0.0	0.0	0.0	0.0	0.0	0.0833333333333333	0.0833333333333333	0.0
8z6s	E	QGDLGDWILLGY	YPGDSD	GYTFSYY		0.0	7.228571428571429	144.00571428571428		-0.3333333333333333	9.733333333333334	123.78000000000002		-0.1666666666666666	7.916666666666668	128.97166666666666	0.0	0.0	0.0	0.0	0.0	0.0	0.0	1.0	0.0	0.0	0.0	0.0	0.0	1.0	0.0	1.0	1.0	0.0	3.0	0.0	0.0	0.0	0.0	2.0	0.0	0.0	0.0	1.0	0.0	0.0	0.0	0.0	0.0	0.0	1.0	1.0	0.0	0.0	1.0	0.0	0.0	0.0	0.0	2.0	0.0	1.0	0.0	3.0	0.0	1.0	3.0	0.0	0.0	0.0	0.0	0.0	0.0	1.0	1.0	0.0	7	6	12	-0.4285714285714287	-1.8500000000000003	0.1666666666666666	sars_cov2	0.0	0.0	0.0	0.0	0.0	0.0	0.0	0.1428571428571428	0.0	0.0	0.0	0.0	0.0	0.1428571428571428	0.0	0.1428571428571428	0.1428571428571428	0.0	0.4285714285714285	0.0	0.0	0.0	0.0	0.3333333333333333	0.0	0.0	0.0	0.1666666666666666	0.0	0.0	0.0	0.0	0.0	0.0	0.1666666666666666	0.1666666666666666	0.0	0.0	0.1666666666666666	0.0	0.0	0.0	0.0	0.1666666666666666	0.0	0.0833333333333333	0.0	0.25	0.0	0.0833333333333333	0.25	0.0	0.0	0.0	0.0	0.0	0.0	0.0833333333333333	0.0833333333333333	0.0
8z6t	B	QGDLGDWILLGY	YPGDSD	GYTFSYY		0.0	7.228571428571429	144.00571428571428		-0.3333333333333333	9.733333333333334	123.78000000000002		-0.1666666666666666	7.916666666666668	128.97166666666666	0.0	0.0	0.0	0.0	0.0	0.0	0.0	1.0	0.0	0.0	0.0	0.0	0.0	1.0	0.0	1.0	1.0	0.0	3.0	0.0	0.0	0.0	0.0	2.0	0.0	0.0	0.0	1.0	0.0	0.0	0.0	0.0	0.0	0.0	1.0	1.0	0.0	0.0	1.0	0.0	0.0	0.0	0.0	2.0	0.0	1.0	0.0	3.0	0.0	1.0	3.0	0.0	0.0	0.0	0.0	0.0	0.0	1.0	1.0	0.0	7	6	12	-0.4285714285714287	-1.8500000000000003	0.1666666666666666	sars_cov2	0.0	0.0	0.0	0.0	0.0	0.0	0.0	0.1428571428571428	0.0	0.0	0.0	0.0	0.0	0.1428571428571428	0.0	0.1428571428571428	0.1428571428571428	0.0	0.4285714285714285	0.0	0.0	0.0	0.0	0.3333333333333333	0.0	0.0	0.0	0.1666666666666666	0.0	0.0	0.0	0.0	0.0	0.0	0.1666666666666666	0.1666666666666666	0.0	0.0	0.1666666666666666	0.0	0.0	0.0	0.0	0.1666666666666666	0.0	0.0833333333333333	0.0	0.25	0.0	0.0833333333333333	0.25	0.0	0.0	0.0	0.0	0.0	0.0	0.0833333333333333	0.0833333333333333	0.0
8z6x	B	QGDLGDWILLGY	YPGDSD	GYTFSYY		0.0	7.228571428571429	144.00571428571428		-0.3333333333333333	9.733333333333334	123.78000000000002		-0.1666666666666666	7.916666666666668	128.97166666666666	0.0	0.0	0.0	0.0	0.0	0.0	0.0	1.0	0.0	0.0	0.0	0.0	0.0	1.0	0.0	1.0	1.0	0.0	3.0	0.0	0.0	0.0	0.0	2.0	0.0	0.0	0.0	1.0	0.0	0.0	0.0	0.0	0.0	0.0	1.0	1.0	0.0	0.0	1.0	0.0	0.0	0.0	0.0	2.0	0.0	1.0	0.0	3.0	0.0	1.0	3.0	0.0	0.0	0.0	0.0	0.0	0.0	1.0	1.0	0.0	7	6	12	-0.4285714285714287	-1.8500000000000003	0.1666666666666666	sars_cov2	0.0	0.0	0.0	0.0	0.0	0.0	0.0	0.1428571428571428	0.0	0.0	0.0	0.0	0.0	0.1428571428571428	0.0	0.1428571428571428	0.1428571428571428	0.0	0.4285714285714285	0.0	0.0	0.0	0.0	0.3333333333333333	0.0	0.0	0.0	0.1666666666666666	0.0	0.0	0.0	0.0	0.0	0.0	0.1666666666666666	0.1666666666666666	0.0	0.0	0.1666666666666666	0.0	0.0	0.0	0.0	0.1666666666666666	0.0	0.0833333333333333	0.0	0.25	0.0	0.0833333333333333	0.25	0.0	0.0	0.0	0.0	0.0	0.0	0.0833333333333333	0.0833333333333333	0.0
9c44	H	LKDSRYSGSYYDY	RYDGGN	GFTFNSY		0.0	7.857142857142857	134.71		0.0	9.883333333333336	128.45833333333331		0.0	8.77692307692308	140.98923076923077	0.0	0.0	1.0	0.0	0.0	0.0	0.0	1.0	0.0	0.0	0.0	0.0	0.0	2.0	0.0	1.0	1.0	0.0	1.0	0.0	0.0	1.0	1.0	1.0	0.0	0.0	0.0	2.0	0.0	0.0	0.0	0.0	0.0	0.0	0.0	0.0	0.0	0.0	1.0	0.0	0.0	1.0	0.0	2.0	0.0	0.0	0.0	1.0	0.0	0.0	1.0	1.0	0.0	0.0	0.0	3.0	0.0	0.0	4.0	0.0	7	6	13	-0.1571428571428571	-2.266666666666667	-1.507692307692308	sars_cov2	0.0	0.0	0.1428571428571428	0.0	0.0	0.0	0.0	0.1428571428571428	0.0	0.0	0.0	0.0	0.0	0.2857142857142857	0.0	0.1428571428571428	0.1428571428571428	0.0	0.1428571428571428	0.0	0.0	0.1666666666666666	0.1666666666666666	0.1666666666666666	0.0	0.0	0.0	0.3333333333333333	0.0	0.0	0.0	0.0	0.0	0.0	0.0	0.0	0.0	0.0	0.1666666666666666	0.0	0.0	0.0769230769230769	0.0	0.1538461538461538	0.0	0.0	0.0	0.0769230769230769	0.0	0.0	0.0769230769230769	0.0769230769230769	0.0	0.0	0.0	0.2307692307692307	0.0	0.0	0.3076923076923077	0.0
8s6m	H	DYYPLLSYYYGLDV	AYDGSN	GITFSSF		0.0	7.371428571428571	123.70285714285716		-0.1666666666666666	9.516666666666667	119.27666666666666		-0.1428571428571428	7.4142857142857155	141.29285714285714	0.0	0.0	0.0	0.0	0.0	0.0	0.0	1.0	0.0	1.0	0.0	0.0	0.0	2.0	0.0	2.0	1.0	0.0	0.0	0.0	1.0	0.0	1.0	1.0	0.0	0.0	0.0	1.0	0.0	0.0	0.0	0.0	0.0	0.0	0.0	1.0	0.0	0.0	1.0	0.0	0.0	0.0	0.0	2.0	0.0	0.0	0.0	1.0	0.0	0.0	3.0	0.0	0.0	0.0	1.0	1.0	0.0	0.0	5.0	1.0	7	6	14	1.0571428571428572	-1.2833333333333334	-0.05	sars_cov2	0.0	0.0	0.0	0.0	0.0	0.0	0.0	0.1428571428571428	0.0	0.1428571428571428	0.0	0.0	0.0	0.2857142857142857	0.0	0.2857142857142857	0.1428571428571428	0.0	0.0	0.0	0.1666666666666666	0.0	0.1666666666666666	0.1666666666666666	0.0	0.0	0.0	0.1666666666666666	0.0	0.0	0.0	0.0	0.0	0.0	0.0	0.1666666666666666	0.0	0.0	0.1666666666666666	0.0	0.0	0.0	0.0	0.1428571428571428	0.0	0.0	0.0	0.0714285714285714	0.0	0.0	0.2142857142857142	0.0	0.0	0.0	0.0714285714285714	0.0714285714285714	0.0	0.0	0.3571428571428571	0.0714285714285714
8wpw	A	DYTRGAWFGESLIGGFDN	STYNGN	GYPFTSY		0.0	7.485714285714287	134.56857142857143		0.0	9.366666666666664	124.11833333333333		-0.1111111111111111	8.577777777777778	128.40944444444443	0.0	0.0	0.0	0.0	0.0	0.0	0.0	1.0	0.0	0.0	0.0	0.0	0.0	1.0	1.0	1.0	1.0	0.0	2.0	0.0	0.0	0.0	2.0	0.0	0.0	0.0	0.0	1.0	0.0	0.0	0.0	0.0	0.0	0.0	0.0	1.0	1.0	0.0	1.0	0.0	1.0	1.0	1.0	2.0	0.0	0.0	1.0	4.0	0.0	1.0	1.0	0.0	0.0	2.0	0.0	1.0	1.0	1.0	1.0	0.0	7	6	18	-0.4714285714285715	-1.7	-0.45	sars_cov2	0.0	0.0	0.0	0.0	0.0	0.0	0.0	0.1428571428571428	0.0	0.0	0.0	0.0	0.0	0.1428571428571428	0.1428571428571428	0.1428571428571428	0.1428571428571428	0.0	0.2857142857142857	0.0	0.0	0.0	0.3333333333333333	0.0	0.0	0.0	0.0	0.1666666666666666	0.0	0.0	0.0	0.0	0.0	0.0	0.0	0.1666666666666666	0.1666666666666666	0.0	0.1666666666666666	0.0	0.0555555555555555	0.0555555555555555	0.0555555555555555	0.1111111111111111	0.0	0.0	0.0555555555555555	0.2222222222222222	0.0	0.0555555555555555	0.0555555555555555	0.0	0.0	0.1111111111111111	0.0	0.0555555555555555	0.0555555555555555	0.0555555555555555	0.0555555555555555	0.0
9atm	H	DYYPLLSYYYGLDV	AYDGSD	GITFSSF		0.0	7.371428571428571	123.70285714285716		-0.3333333333333333	9.75	119.44		-0.1428571428571428	7.4142857142857155	141.29285714285714	0.0	0.0	0.0	0.0	0.0	0.0	0.0	1.0	0.0	1.0	0.0	0.0	0.0	2.0	0.0	2.0	1.0	0.0	0.0	0.0	1.0	0.0	0.0	2.0	0.0	0.0	0.0	1.0	0.0	0.0	0.0	0.0	0.0	0.0	0.0	1.0	0.0	0.0	1.0	0.0	0.0	0.0	0.0	2.0	0.0	0.0	0.0	1.0	0.0	0.0	3.0	0.0	0.0	0.0	1.0	1.0	0.0	0.0	5.0	1.0	7	6	14	1.0571428571428572	-1.2833333333333334	-0.05	sars_cov2	0.0	0.0	0.0	0.0	0.0	0.0	0.0	0.1428571428571428	0.0	0.1428571428571428	0.0	0.0	0.0	0.2857142857142857	0.0	0.2857142857142857	0.1428571428571428	0.0	0.0	0.0	0.1666666666666666	0.0	0.0	0.3333333333333333	0.0	0.0	0.0	0.1666666666666666	0.0	0.0	0.0	0.0	0.0	0.0	0.0	0.1666666666666666	0.0	0.0	0.1666666666666666	0.0	0.0	0.0	0.0	0.1428571428571428	0.0	0.0	0.0	0.0714285714285714	0.0	0.0	0.2142857142857142	0.0	0.0	0.0	0.0714285714285714	0.0714285714285714	0.0	0.0	0.3571428571428571	0.0714285714285714
9au1	M	DYTRGAWFGESLIGGFDN	STYNGN	GYPFTSY		0.0	7.485714285714287	134.56857142857143		0.0	9.366666666666664	124.11833333333333		-0.1111111111111111	8.577777777777778	128.40944444444443	0.0	0.0	0.0	0.0	0.0	0.0	0.0	1.0	0.0	0.0	0.0	0.0	0.0	1.0	1.0	1.0	1.0	0.0	2.0	0.0	0.0	0.0	2.0	0.0	0.0	0.0	0.0	1.0	0.0	0.0	0.0	0.0	0.0	0.0	0.0	1.0	1.0	0.0	1.0	0.0	1.0	1.0	1.0	2.0	0.0	0.0	1.0	4.0	0.0	1.0	1.0	0.0	0.0	2.0	0.0	1.0	1.0	1.0	1.0	0.0	7	6	18	-0.4714285714285715	-1.7	-0.45	sars_cov2	0.0	0.0	0.0	0.0	0.0	0.0	0.0	0.1428571428571428	0.0	0.0	0.0	0.0	0.0	0.1428571428571428	0.1428571428571428	0.1428571428571428	0.1428571428571428	0.0	0.2857142857142857	0.0	0.0	0.0	0.3333333333333333	0.0	0.0	0.0	0.0	0.1666666666666666	0.0	0.0	0.0	0.0	0.0	0.0	0.0	0.1666666666666666	0.1666666666666666	0.0	0.1666666666666666	0.0	0.0555555555555555	0.0555555555555555	0.0555555555555555	0.1111111111111111	0.0	0.0	0.0555555555555555	0.2222222222222222	0.0	0.0555555555555555	0.0555555555555555	0.0	0.0	0.1111111111111111	0.0	0.0555555555555555	0.0555555555555555	0.0555555555555555	0.0555555555555555	0.0
8keo	E	PHCNRTNCHDGFDI	VFGSSN	VFSFDTS		-0.1428571428571428	8.042857142857143	129.99000000000004		0.0	8.35	116.61833333333334		0.0714285714285714	9.107142857142858	133.06714285714287	0.0	0.0	0.0	1.0	0.0	0.0	0.0	0.0	0.0	0.0	0.0	0.0	0.0	2.0	0.0	2.0	1.0	0.0	0.0	1.0	0.0	0.0	1.0	0.0	0.0	0.0	0.0	1.0	0.0	0.0	0.0	0.0	0.0	1.0	0.0	2.0	0.0	0.0	0.0	1.0	0.0	1.0	2.0	2.0	2.0	0.0	0.0	1.0	2.0	1.0	0.0	0.0	0.0	1.0	1.0	0.0	1.0	0.0	0.0	0.0	7	6	14	0.5714285714285714	0.25	-1.0928571428571427	sars_cov2	0.0	0.0	0.0	0.1428571428571428	0.0	0.0	0.0	0.0	0.0	0.0	0.0	0.0	0.0	0.2857142857142857	0.0	0.2857142857142857	0.1428571428571428	0.0	0.0	0.1428571428571428	0.0	0.0	0.1666666666666666	0.0	0.0	0.0	0.0	0.1666666666666666	0.0	0.0	0.0	0.0	0.0	0.1666666666666666	0.0	0.3333333333333333	0.0	0.0	0.0	0.1666666666666666	0.0	0.0714285714285714	0.1428571428571428	0.1428571428571428	0.1428571428571428	0.0	0.0	0.0714285714285714	0.1428571428571428	0.0714285714285714	0.0	0.0	0.0	0.0714285714285714	0.0714285714285714	0.0	0.0714285714285714	0.0	0.0	0.0
8kep	H	PHCNRTNCHDGFDI	VFGSSN	VFSFDTS		-0.1428571428571428	8.042857142857143	129.99000000000004		0.0	8.35	116.61833333333334		0.0714285714285714	9.107142857142858	133.06714285714287	0.0	0.0	0.0	1.0	0.0	0.0	0.0	0.0	0.0	0.0	0.0	0.0	0.0	2.0	0.0	2.0	1.0	0.0	0.0	1.0	0.0	0.0	1.0	0.0	0.0	0.0	0.0	1.0	0.0	0.0	0.0	0.0	0.0	1.0	0.0	2.0	0.0	0.0	0.0	1.0	0.0	1.0	2.0	2.0	2.0	0.0	0.0	1.0	2.0	1.0	0.0	0.0	0.0	1.0	1.0	0.0	1.0	0.0	0.0	0.0	7	6	14	0.5714285714285714	0.25	-1.0928571428571427	sars_cov2	0.0	0.0	0.0	0.1428571428571428	0.0	0.0	0.0	0.0	0.0	0.0	0.0	0.0	0.0	0.2857142857142857	0.0	0.2857142857142857	0.1428571428571428	0.0	0.0	0.1428571428571428	0.0	0.0	0.1666666666666666	0.0	0.0	0.0	0.0	0.1666666666666666	0.0	0.0	0.0	0.0	0.0	0.1666666666666666	0.0	0.3333333333333333	0.0	0.0	0.0	0.1666666666666666	0.0	0.0714285714285714	0.1428571428571428	0.1428571428571428	0.1428571428571428	0.0	0.0	0.0714285714285714	0.1428571428571428	0.0714285714285714	0.0	0.0	0.0	0.0714285714285714	0.0714285714285714	0.0	0.0714285714285714	0.0	0.0	0.0
8q5y	R	DLGTYDDS	SYDGIT	GFTFSNY		0.0	7.857142857142857	134.71		-0.1666666666666666	8.533333333333333	124.12333333333332		-0.375	9.6125	126.3675	0.0	0.0	1.0	0.0	0.0	0.0	0.0	1.0	0.0	0.0	0.0	0.0	0.0	2.0	0.0	1.0	1.0	0.0	1.0	0.0	0.0	0.0	0.0	1.0	0.0	0.0	0.0	1.0	0.0	1.0	0.0	0.0	0.0	0.0	0.0	1.0	1.0	0.0	1.0	0.0	0.0	0.0	0.0	3.0	0.0	0.0	0.0	1.0	0.0	0.0	1.0	0.0	0.0	0.0	0.0	1.0	1.0	0.0	1.0	0.0	7	6	8	-0.1571428571428571	-0.3666666666666667	-1.2375	sars_cov2	0.0	0.0	0.1428571428571428	0.0	0.0	0.0	0.0	0.1428571428571428	0.0	0.0	0.0	0.0	0.0	0.2857142857142857	0.0	0.1428571428571428	0.1428571428571428	0.0	0.1428571428571428	0.0	0.0	0.0	0.0	0.1666666666666666	0.0	0.0	0.0	0.1666666666666666	0.0	0.1666666666666666	0.0	0.0	0.0	0.0	0.0	0.1666666666666666	0.1666666666666666	0.0	0.1666666666666666	0.0	0.0	0.0	0.0	0.375	0.0	0.0	0.0	0.125	0.0	0.0	0.125	0.0	0.0	0.0	0.0	0.125	0.125	0.0	0.125	0.0
8xsf	H	QEGTYCSGGSCYSGLDY	WYDGSN	GFTFSRY		0.1428571428571428	7.7	140.72142857142856		-0.1666666666666666	9.066666666666666	138.46666666666667		-0.1176470588235294	8.382352941176471	122.2405882352941	0.0	1.0	0.0	0.0	0.0	0.0	0.0	1.0	0.0	0.0	0.0	0.0	0.0	2.0	0.0	1.0	1.0	0.0	1.0	0.0	0.0	0.0	1.0	1.0	0.0	0.0	0.0	1.0	0.0	0.0	0.0	0.0	0.0	0.0	0.0	1.0	0.0	1.0	1.0	0.0	0.0	0.0	0.0	1.0	2.0	1.0	1.0	4.0	0.0	0.0	1.0	0.0	0.0	0.0	0.0	3.0	1.0	0.0	3.0	0.0	7	6	17	-0.2999999999999999	-1.7333333333333334	-0.6058823529411768	sars_cov2	0.0	0.1428571428571428	0.0	0.0	0.0	0.0	0.0	0.1428571428571428	0.0	0.0	0.0	0.0	0.0	0.2857142857142857	0.0	0.1428571428571428	0.1428571428571428	0.0	0.1428571428571428	0.0	0.0	0.0	0.1666666666666666	0.1666666666666666	0.0	0.0	0.0	0.1666666666666666	0.0	0.0	0.0	0.0	0.0	0.0	0.0	0.1666666666666666	0.0	0.1666666666666666	0.1666666666666666	0.0	0.0	0.0	0.0	0.0588235294117647	0.1176470588235294	0.0588235294117647	0.0588235294117647	0.2352941176470588	0.0	0.0	0.0588235294117647	0.0	0.0	0.0	0.0	0.1764705882352941	0.0588235294117647	0.0	0.1764705882352941	0.0
8xsi	H	QEGTYCSGGSCYSGLDY	WYDGSN	GFTFSRY		0.1428571428571428	7.7	140.72142857142856		-0.1666666666666666	9.066666666666666	138.46666666666667		-0.1176470588235294	8.382352941176471	122.2405882352941	0.0	1.0	0.0	0.0	0.0	0.0	0.0	1.0	0.0	0.0	0.0	0.0	0.0	2.0	0.0	1.0	1.0	0.0	1.0	0.0	0.0	0.0	1.0	1.0	0.0	0.0	0.0	1.0	0.0	0.0	0.0	0.0	0.0	0.0	0.0	1.0	0.0	1.0	1.0	0.0	0.0	0.0	0.0	1.0	2.0	1.0	1.0	4.0	0.0	0.0	1.0	0.0	0.0	0.0	0.0	3.0	1.0	0.0	3.0	0.0	7	6	17	-0.2999999999999999	-1.7333333333333334	-0.6058823529411768	sars_cov2	0.0	0.1428571428571428	0.0	0.0	0.0	0.0	0.0	0.1428571428571428	0.0	0.0	0.0	0.0	0.0	0.2857142857142857	0.0	0.1428571428571428	0.1428571428571428	0.0	0.1428571428571428	0.0	0.0	0.0	0.1666666666666666	0.1666666666666666	0.0	0.0	0.0	0.1666666666666666	0.0	0.0	0.0	0.0	0.0	0.0	0.0	0.1666666666666666	0.0	0.1666666666666666	0.1666666666666666	0.0	0.0	0.0	0.0	0.0588235294117647	0.1176470588235294	0.0588235294117647	0.0588235294117647	0.2352941176470588	0.0	0.0	0.0588235294117647	0.0	0.0	0.0	0.0	0.1764705882352941	0.0588235294117647	0.0	0.1764705882352941	0.0
8y6a	C	DYTRGAWFGESLIGGFDN	STYNGN	GYPFTSY		0.0	7.485714285714287	134.56857142857143		0.0	9.366666666666664	124.11833333333333		-0.1111111111111111	8.577777777777778	128.40944444444443	0.0	0.0	0.0	0.0	0.0	0.0	0.0	1.0	0.0	0.0	0.0	0.0	0.0	1.0	1.0	1.0	1.0	0.0	2.0	0.0	0.0	0.0	2.0	0.0	0.0	0.0	0.0	1.0	0.0	0.0	0.0	0.0	0.0	0.0	0.0	1.0	1.0	0.0	1.0	0.0	1.0	1.0	1.0	2.0	0.0	0.0	1.0	4.0	0.0	1.0	1.0	0.0	0.0	2.0	0.0	1.0	1.0	1.0	1.0	0.0	7	6	18	-0.4714285714285715	-1.7	-0.45	sars_cov2	0.0	0.0	0.0	0.0	0.0	0.0	0.0	0.1428571428571428	0.0	0.0	0.0	0.0	0.0	0.1428571428571428	0.1428571428571428	0.1428571428571428	0.1428571428571428	0.0	0.2857142857142857	0.0	0.0	0.0	0.3333333333333333	0.0	0.0	0.0	0.0	0.1666666666666666	0.0	0.0	0.0	0.0	0.0	0.0	0.0	0.1666666666666666	0.1666666666666666	0.0	0.1666666666666666	0.0	0.0555555555555555	0.0555555555555555	0.0555555555555555	0.1111111111111111	0.0	0.0	0.0555555555555555	0.2222222222222222	0.0	0.0555555555555555	0.0555555555555555	0.0	0.0	0.1111111111111111	0.0	0.0555555555555555	0.0555555555555555	0.0555555555555555	0.0555555555555555	0.0
8c0y	B	DYGDFYFDY	YPGGS	EFIVSAN		-0.1428571428571428	8.214285714285714	126.7057142857143		0.0	8.280000000000001	110.31		-0.3333333333333333	8.555555555555557	149.81333333333333	1.0	0.0	1.0	0.0	0.0	0.0	1.0	0.0	0.0	1.0	0.0	0.0	0.0	1.0	0.0	1.0	0.0	0.0	0.0	1.0	0.0	0.0	0.0	0.0	0.0	0.0	0.0	2.0	0.0	0.0	0.0	0.0	0.0	0.0	1.0	1.0	0.0	0.0	1.0	0.0	0.0	0.0	0.0	3.0	0.0	0.0	0.0	1.0	0.0	0.0	0.0	0.0	0.0	2.0	0.0	0.0	0.0	0.0	3.0	0.0	7	5	9	0.7857142857142857	-0.9	-1.022222222222222	sars_cov2	0.1428571428571428	0.0	0.1428571428571428	0.0	0.0	0.0	0.1428571428571428	0.0	0.0	0.1428571428571428	0.0	0.0	0.0	0.1428571428571428	0.0	0.1428571428571428	0.0	0.0	0.0	0.1428571428571428	0.0	0.0	0.0	0.0	0.0	0.0	0.0	0.4	0.0	0.0	0.0	0.0	0.0	0.0	0.2	0.2	0.0	0.0	0.2	0.0	0.0	0.0	0.0	0.3333333333333333	0.0	0.0	0.0	0.1111111111111111	0.0	0.0	0.0	0.0	0.0	0.2222222222222222	0.0	0.0	0.0	0.0	0.3333333333333333	0.0
8qh0	H	DLVVYGMDV	YPGGS	GITVTSN		0.0	8.3	114.12		0.0	8.280000000000001	110.31		-0.2222222222222222	7.722222222222222	128.25444444444443	0.0	0.0	1.0	0.0	0.0	0.0	0.0	1.0	0.0	1.0	0.0	0.0	0.0	0.0	0.0	1.0	2.0	0.0	0.0	1.0	0.0	0.0	0.0	0.0	0.0	0.0	0.0	2.0	0.0	0.0	0.0	0.0	0.0	0.0	1.0	1.0	0.0	0.0	1.0	0.0	0.0	0.0	0.0	2.0	0.0	0.0	0.0	1.0	0.0	0.0	1.0	0.0	1.0	0.0	0.0	0.0	0.0	0.0	1.0	3.0	7	5	9	0.3714285714285714	-0.9	1.0666666666666664	sars_cov2	0.0	0.0	0.1428571428571428	0.0	0.0	0.0	0.0	0.1428571428571428	0.0	0.1428571428571428	0.0	0.0	0.0	0.0	0.0	0.1428571428571428	0.2857142857142857	0.0	0.0	0.1428571428571428	0.0	0.0	0.0	0.0	0.0	0.0	0.0	0.4	0.0	0.0	0.0	0.0	0.0	0.0	0.2	0.2	0.0	0.0	0.2	0.0	0.0	0.0	0.0	0.2222222222222222	0.0	0.0	0.0	0.1111111111111111	0.0	0.0	0.1111111111111111	0.0	0.1111111111111111	0.0	0.0	0.0	0.0	0.0	0.1111111111111111	0.3333333333333333
8qh1	H	DLVVYGMDV	YPGGS	GITVTSN		0.0	8.3	114.12		0.0	8.280000000000001	110.31		-0.2222222222222222	7.722222222222222	128.25444444444443	0.0	0.0	1.0	0.0	0.0	0.0	0.0	1.0	0.0	1.0	0.0	0.0	0.0	0.0	0.0	1.0	2.0	0.0	0.0	1.0	0.0	0.0	0.0	0.0	0.0	0.0	0.0	2.0	0.0	0.0	0.0	0.0	0.0	0.0	1.0	1.0	0.0	0.0	1.0	0.0	0.0	0.0	0.0	2.0	0.0	0.0	0.0	1.0	0.0	0.0	1.0	0.0	1.0	0.0	0.0	0.0	0.0	0.0	1.0	3.0	7	5	9	0.3714285714285714	-0.9	1.0666666666666664	sars_cov2	0.0	0.0	0.1428571428571428	0.0	0.0	0.0	0.0	0.1428571428571428	0.0	0.1428571428571428	0.0	0.0	0.0	0.0	0.0	0.1428571428571428	0.2857142857142857	0.0	0.0	0.1428571428571428	0.0	0.0	0.0	0.0	0.0	0.0	0.0	0.4	0.0	0.0	0.0	0.0	0.0	0.0	0.2	0.2	0.0	0.0	0.2	0.0	0.0	0.0	0.0	0.2222222222222222	0.0	0.0	0.0	0.1111111111111111	0.0	0.0	0.1111111111111111	0.0	0.1111111111111111	0.0	0.0	0.0	0.0	0.0	0.1111111111111111	0.3333333333333333
8p5m	G	DLGTYDDS	SYDGIT	GFTFSNY		0.0	7.857142857142857	134.71		-0.1666666666666666	8.533333333333333	124.12333333333332		-0.375	9.6125	126.3675	0.0	0.0	1.0	0.0	0.0	0.0	0.0	1.0	0.0	0.0	0.0	0.0	0.0	2.0	0.0	1.0	1.0	0.0	1.0	0.0	0.0	0.0	0.0	1.0	0.0	0.0	0.0	1.0	0.0	1.0	0.0	0.0	0.0	0.0	0.0	1.0	1.0	0.0	1.0	0.0	0.0	0.0	0.0	3.0	0.0	0.0	0.0	1.0	0.0	0.0	1.0	0.0	0.0	0.0	0.0	1.0	1.0	0.0	1.0	0.0	7	6	8	-0.1571428571428571	-0.3666666666666667	-1.2375	sars_cov2	0.0	0.0	0.1428571428571428	0.0	0.0	0.0	0.0	0.1428571428571428	0.0	0.0	0.0	0.0	0.0	0.2857142857142857	0.0	0.1428571428571428	0.1428571428571428	0.0	0.1428571428571428	0.0	0.0	0.0	0.0	0.1666666666666666	0.0	0.0	0.0	0.1666666666666666	0.0	0.1666666666666666	0.0	0.0	0.0	0.0	0.0	0.1666666666666666	0.1666666666666666	0.0	0.1666666666666666	0.0	0.0	0.0	0.0	0.375	0.0	0.0	0.0	0.125	0.0	0.0	0.125	0.0	0.0	0.0	0.0	0.125	0.125	0.0	0.125	0.0
8v4f	B	DYGDFYFDY	YPGGS	EFIVSAN		-0.1428571428571428	8.214285714285714	126.7057142857143		0.0	8.280000000000001	110.31		-0.3333333333333333	8.555555555555557	149.81333333333333	1.0	0.0	1.0	0.0	0.0	0.0	1.0	0.0	0.0	1.0	0.0	0.0	0.0	1.0	0.0	1.0	0.0	0.0	0.0	1.0	0.0	0.0	0.0	0.0	0.0	0.0	0.0	2.0	0.0	0.0	0.0	0.0	0.0	0.0	1.0	1.0	0.0	0.0	1.0	0.0	0.0	0.0	0.0	3.0	0.0	0.0	0.0	1.0	0.0	0.0	0.0	0.0	0.0	2.0	0.0	0.0	0.0	0.0	3.0	0.0	7	5	9	0.7857142857142857	-0.9	-1.022222222222222	sars_cov2	0.1428571428571428	0.0	0.1428571428571428	0.0	0.0	0.0	0.1428571428571428	0.0	0.0	0.1428571428571428	0.0	0.0	0.0	0.1428571428571428	0.0	0.1428571428571428	0.0	0.0	0.0	0.1428571428571428	0.0	0.0	0.0	0.0	0.0	0.0	0.0	0.4	0.0	0.0	0.0	0.0	0.0	0.0	0.2	0.2	0.0	0.0	0.2	0.0	0.0	0.0	0.0	0.3333333333333333	0.0	0.0	0.0	0.1111111111111111	0.0	0.0	0.0	0.0	0.0	0.2222222222222222	0.0	0.0	0.0	0.0	0.3333333333333333	0.0
8c2r	F	DYGDFYFDY	YPGGS	EFIVSAN		-0.1428571428571428	8.214285714285714	126.7057142857143		0.0	8.280000000000001	110.31		-0.3333333333333333	8.555555555555557	149.81333333333333	1.0	0.0	1.0	0.0	0.0	0.0	1.0	0.0	0.0	1.0	0.0	0.0	0.0	1.0	0.0	1.0	0.0	0.0	0.0	1.0	0.0	0.0	0.0	0.0	0.0	0.0	0.0	2.0	0.0	0.0	0.0	0.0	0.0	0.0	1.0	1.0	0.0	0.0	1.0	0.0	0.0	0.0	0.0	3.0	0.0	0.0	0.0	1.0	0.0	0.0	0.0	0.0	0.0	2.0	0.0	0.0	0.0	0.0	3.0	0.0	7	5	9	0.7857142857142857	-0.9	-1.022222222222222	sars_cov2	0.1428571428571428	0.0	0.1428571428571428	0.0	0.0	0.0	0.1428571428571428	0.0	0.0	0.1428571428571428	0.0	0.0	0.0	0.1428571428571428	0.0	0.1428571428571428	0.0	0.0	0.0	0.1428571428571428	0.0	0.0	0.0	0.0	0.0	0.0	0.0	0.4	0.0	0.0	0.0	0.0	0.0	0.0	0.2	0.2	0.0	0.0	0.2	0.0	0.0	0.0	0.0	0.3333333333333333	0.0	0.0	0.0	0.1111111111111111	0.0	0.0	0.0	0.0	0.0	0.2222222222222222	0.0	0.0	0.0	0.0	0.3333333333333333	0.0
8vye	B	LKDSRYSGSYYDY	RYDGGN	GFTFNSY		0.0	7.857142857142857	134.71		0.0	9.883333333333336	128.45833333333331		0.0	8.77692307692308	140.98923076923077	0.0	0.0	1.0	0.0	0.0	0.0	0.0	1.0	0.0	0.0	0.0	0.0	0.0	2.0	0.0	1.0	1.0	0.0	1.0	0.0	0.0	1.0	1.0	1.0	0.0	0.0	0.0	2.0	0.0	0.0	0.0	0.0	0.0	0.0	0.0	0.0	0.0	0.0	1.0	0.0	0.0	1.0	0.0	2.0	0.0	0.0	0.0	1.0	0.0	0.0	1.0	1.0	0.0	0.0	0.0	3.0	0.0	0.0	4.0	0.0	7	6	13	-0.1571428571428571	-2.266666666666667	-1.507692307692308	sars_cov2	0.0	0.0	0.1428571428571428	0.0	0.0	0.0	0.0	0.1428571428571428	0.0	0.0	0.0	0.0	0.0	0.2857142857142857	0.0	0.1428571428571428	0.1428571428571428	0.0	0.1428571428571428	0.0	0.0	0.1666666666666666	0.1666666666666666	0.1666666666666666	0.0	0.0	0.0	0.3333333333333333	0.0	0.0	0.0	0.0	0.0	0.0	0.0	0.0	0.0	0.0	0.1666666666666666	0.0	0.0	0.0769230769230769	0.0	0.1538461538461538	0.0	0.0	0.0	0.0769230769230769	0.0	0.0	0.0769230769230769	0.0769230769230769	0.0	0.0	0.0	0.2307692307692307	0.0	0.0	0.3076923076923077	0.0
8cbf	A	VSQWALILF	IPLFGS	GGTFSSS		0.0	8.485714285714286	107.10285714285716		0.0	6.916666666666667	120.47		0.0	6.5888888888888895	135.60111111111112	0.0	0.0	0.0	0.0	0.0	0.0	0.0	2.0	0.0	0.0	0.0	0.0	0.0	1.0	0.0	3.0	1.0	0.0	0.0	0.0	0.0	0.0	0.0	0.0	0.0	0.0	0.0	1.0	0.0	1.0	1.0	0.0	0.0	1.0	1.0	1.0	0.0	0.0	0.0	0.0	1.0	0.0	0.0	0.0	0.0	1.0	0.0	0.0	0.0	1.0	2.0	0.0	0.0	1.0	0.0	1.0	0.0	1.0	0.0	1.0	7	6	9	-0.1571428571428572	1.383333333333333	1.744444444444445	sars_cov2	0.0	0.0	0.0	0.0	0.0	0.0	0.0	0.2857142857142857	0.0	0.0	0.0	0.0	0.0	0.1428571428571428	0.0	0.4285714285714285	0.1428571428571428	0.0	0.0	0.0	0.0	0.0	0.0	0.0	0.0	0.0	0.0	0.1666666666666666	0.0	0.1666666666666666	0.1666666666666666	0.0	0.0	0.1666666666666666	0.1666666666666666	0.1666666666666666	0.0	0.0	0.0	0.0	0.1111111111111111	0.0	0.0	0.0	0.0	0.1111111111111111	0.0	0.0	0.0	0.1111111111111111	0.2222222222222222	0.0	0.0	0.1111111111111111	0.0	0.1111111111111111	0.0	0.1111111111111111	0.0	0.1111111111111111
8hp9	H	FFSHYDSSNYYYGSWFDP	YWDND	GFSLSTSGV		0.0	7.800000000000001	110.89333333333336		-0.4	9.84	156.748		-0.0555555555555555	8.200000000000001	143.8111111111111	0.0	0.0	0.0	0.0	0.0	0.0	0.0	2.0	0.0	0.0	1.0	0.0	0.0	1.0	0.0	3.0	1.0	0.0	0.0	1.0	0.0	0.0	1.0	2.0	0.0	0.0	0.0	0.0	0.0	0.0	0.0	0.0	0.0	0.0	0.0	0.0	0.0	1.0	1.0	0.0	0.0	0.0	1.0	2.0	0.0	0.0	0.0	1.0	1.0	0.0	0.0	0.0	0.0	3.0	1.0	4.0	0.0	1.0	4.0	0.0	9	5	18	0.7666666666666667	-2.54	-0.9222222222222224	sars_cov2	0.0	0.0	0.0	0.0	0.0	0.0	0.0	0.2222222222222222	0.0	0.0	0.1111111111111111	0.0	0.0	0.1111111111111111	0.0	0.3333333333333333	0.1111111111111111	0.0	0.0	0.1111111111111111	0.0	0.0	0.2	0.4	0.0	0.0	0.0	0.0	0.0	0.0	0.0	0.0	0.0	0.0	0.0	0.0	0.0	0.2	0.2	0.0	0.0	0.0	0.0555555555555555	0.1111111111111111	0.0	0.0	0.0	0.0555555555555555	0.0555555555555555	0.0	0.0	0.0	0.0	0.1666666666666666	0.0555555555555555	0.2222222222222222	0.0	0.0555555555555555	0.2222222222222222	0.0
8hpq	H	FFSHYDSSNYYYGSWFDP	YWDND	GFSLSTSGV		0.0	7.800000000000001	110.89333333333336		-0.4	9.84	156.748		-0.0555555555555555	8.200000000000001	143.8111111111111	0.0	0.0	0.0	0.0	0.0	0.0	0.0	2.0	0.0	0.0	1.0	0.0	0.0	1.0	0.0	3.0	1.0	0.0	0.0	1.0	0.0	0.0	1.0	2.0	0.0	0.0	0.0	0.0	0.0	0.0	0.0	0.0	0.0	0.0	0.0	0.0	0.0	1.0	1.0	0.0	0.0	0.0	1.0	2.0	0.0	0.0	0.0	1.0	1.0	0.0	0.0	0.0	0.0	3.0	1.0	4.0	0.0	1.0	4.0	0.0	9	5	18	0.7666666666666667	-2.54	-0.9222222222222224	sars_cov2	0.0	0.0	0.0	0.0	0.0	0.0	0.0	0.2222222222222222	0.0	0.0	0.1111111111111111	0.0	0.0	0.1111111111111111	0.0	0.3333333333333333	0.1111111111111111	0.0	0.0	0.1111111111111111	0.0	0.0	0.2	0.4	0.0	0.0	0.0	0.0	0.0	0.0	0.0	0.0	0.0	0.0	0.0	0.0	0.0	0.2	0.2	0.0	0.0	0.0	0.0555555555555555	0.1111111111111111	0.0	0.0	0.0	0.0555555555555555	0.0555555555555555	0.0	0.0	0.0	0.0	0.1666666666666666	0.0555555555555555	0.2222222222222222	0.0	0.0555555555555555	0.2222222222222222	0.0
8hpv	M	ESGGFPLAEGAFDI	YPGGS	EITVSSN		-0.1428571428571428	8.857142857142858	122.41		0.0	8.280000000000001	110.31		-0.2142857142857142	8.464285714285714	117.40642857142856	0.0	0.0	1.0	0.0	0.0	0.0	1.0	0.0	0.0	1.0	0.0	0.0	0.0	0.0	0.0	2.0	1.0	0.0	0.0	1.0	0.0	0.0	0.0	0.0	0.0	0.0	0.0	2.0	0.0	0.0	0.0	0.0	0.0	0.0	1.0	1.0	0.0	0.0	1.0	0.0	2.0	0.0	0.0	1.0	0.0	0.0	2.0	3.0	0.0	1.0	1.0	0.0	0.0	2.0	1.0	1.0	0.0	0.0	0.0	0.0	7	5	14	-0.0857142857142856	-0.9	0.2428571428571427	sars_cov2	0.0	0.0	0.1428571428571428	0.0	0.0	0.0	0.1428571428571428	0.0	0.0	0.1428571428571428	0.0	0.0	0.0	0.0	0.0	0.2857142857142857	0.1428571428571428	0.0	0.0	0.1428571428571428	0.0	0.0	0.0	0.0	0.0	0.0	0.0	0.4	0.0	0.0	0.0	0.0	0.0	0.0	0.2	0.2	0.0	0.0	0.2	0.0	0.1428571428571428	0.0	0.0	0.0714285714285714	0.0	0.0	0.1428571428571428	0.2142857142857142	0.0	0.0714285714285714	0.0714285714285714	0.0	0.0	0.1428571428571428	0.0714285714285714	0.0714285714285714	0.0	0.0	0.0	0.0
8hpf	H	FFSHYDSSNYYYGSWFDP	YWDND	GFSLSTSGV		0.0	7.800000000000001	110.89333333333336		-0.4	9.84	156.748		-0.0555555555555555	8.200000000000001	143.8111111111111	0.0	0.0	0.0	0.0	0.0	0.0	0.0	2.0	0.0	0.0	1.0	0.0	0.0	1.0	0.0	3.0	1.0	0.0	0.0	1.0	0.0	0.0	1.0	2.0	0.0	0.0	0.0	0.0	0.0	0.0	0.0	0.0	0.0	0.0	0.0	0.0	0.0	1.0	1.0	0.0	0.0	0.0	1.0	2.0	0.0	0.0	0.0	1.0	1.0	0.0	0.0	0.0	0.0	3.0	1.0	4.0	0.0	1.0	4.0	0.0	9	5	18	0.7666666666666667	-2.54	-0.9222222222222224	sars_cov2	0.0	0.0	0.0	0.0	0.0	0.0	0.0	0.2222222222222222	0.0	0.0	0.1111111111111111	0.0	0.0	0.1111111111111111	0.0	0.3333333333333333	0.1111111111111111	0.0	0.0	0.1111111111111111	0.0	0.0	0.2	0.4	0.0	0.0	0.0	0.0	0.0	0.0	0.0	0.0	0.0	0.0	0.0	0.0	0.0	0.2	0.2	0.0	0.0	0.0	0.0555555555555555	0.1111111111111111	0.0	0.0	0.0	0.0555555555555555	0.0555555555555555	0.0	0.0	0.0	0.0	0.1666666666666666	0.0555555555555555	0.2222222222222222	0.0	0.0555555555555555	0.2222222222222222	0.0
8hpu	H	FFSHYDSSNYYYGSWFDP	YWDND	GFSLSTSGV		0.0	7.800000000000001	110.89333333333336		-0.4	9.84	156.748		-0.0555555555555555	8.200000000000001	143.8111111111111	0.0	0.0	0.0	0.0	0.0	0.0	0.0	2.0	0.0	0.0	1.0	0.0	0.0	1.0	0.0	3.0	1.0	0.0	0.0	1.0	0.0	0.0	1.0	2.0	0.0	0.0	0.0	0.0	0.0	0.0	0.0	0.0	0.0	0.0	0.0	0.0	0.0	1.0	1.0	0.0	0.0	0.0	1.0	2.0	0.0	0.0	0.0	1.0	1.0	0.0	0.0	0.0	0.0	3.0	1.0	4.0	0.0	1.0	4.0	0.0	9	5	18	0.7666666666666667	-2.54	-0.9222222222222224	sars_cov2	0.0	0.0	0.0	0.0	0.0	0.0	0.0	0.2222222222222222	0.0	0.0	0.1111111111111111	0.0	0.0	0.1111111111111111	0.0	0.3333333333333333	0.1111111111111111	0.0	0.0	0.1111111111111111	0.0	0.0	0.2	0.4	0.0	0.0	0.0	0.0	0.0	0.0	0.0	0.0	0.0	0.0	0.0	0.0	0.0	0.2	0.2	0.0	0.0	0.0	0.0555555555555555	0.1111111111111111	0.0	0.0	0.0	0.0555555555555555	0.0555555555555555	0.0	0.0	0.0	0.0	0.1666666666666666	0.0555555555555555	0.2222222222222222	0.0	0.0555555555555555	0.2222222222222222	0.0
8hq7	M	ESGGFPLAEGAFDI	YPGGS	EITVSSN		-0.1428571428571428	8.857142857142858	122.41		0.0	8.280000000000001	110.31		-0.2142857142857142	8.464285714285714	117.40642857142856	0.0	0.0	1.0	0.0	0.0	0.0	1.0	0.0	0.0	1.0	0.0	0.0	0.0	0.0	0.0	2.0	1.0	0.0	0.0	1.0	0.0	0.0	0.0	0.0	0.0	0.0	0.0	2.0	0.0	0.0	0.0	0.0	0.0	0.0	1.0	1.0	0.0	0.0	1.0	0.0	2.0	0.0	0.0	1.0	0.0	0.0	2.0	3.0	0.0	1.0	1.0	0.0	0.0	2.0	1.0	1.0	0.0	0.0	0.0	0.0	7	5	14	-0.0857142857142856	-0.9	0.2428571428571427	sars_cov2	0.0	0.0	0.1428571428571428	0.0	0.0	0.0	0.1428571428571428	0.0	0.0	0.1428571428571428	0.0	0.0	0.0	0.0	0.0	0.2857142857142857	0.1428571428571428	0.0	0.0	0.1428571428571428	0.0	0.0	0.0	0.0	0.0	0.0	0.0	0.4	0.0	0.0	0.0	0.0	0.0	0.0	0.2	0.2	0.0	0.0	0.2	0.0	0.1428571428571428	0.0	0.0	0.0714285714285714	0.0	0.0	0.1428571428571428	0.2142857142857142	0.0	0.0714285714285714	0.0714285714285714	0.0	0.0	0.1428571428571428	0.0714285714285714	0.0714285714285714	0.0	0.0	0.0	0.0
8hws	H	DLGPYGMDV	YSGGS	GIIVSSN		0.0	7.9	113.83714285714288		0.0	8.52	108.302		-0.2222222222222222	8.300000000000002	123.35444444444444	0.0	0.0	1.0	0.0	0.0	0.0	0.0	1.0	0.0	2.0	0.0	0.0	0.0	0.0	0.0	2.0	0.0	0.0	0.0	1.0	0.0	0.0	0.0	0.0	0.0	0.0	0.0	2.0	0.0	0.0	0.0	0.0	0.0	0.0	0.0	2.0	0.0	0.0	1.0	0.0	0.0	0.0	0.0	2.0	0.0	0.0	0.0	2.0	0.0	0.0	1.0	0.0	1.0	0.0	1.0	0.0	0.0	0.0	1.0	1.0	7	5	9	1.1	-0.74	-0.0888888888888888	sars_cov2	0.0	0.0	0.1428571428571428	0.0	0.0	0.0	0.0	0.1428571428571428	0.0	0.2857142857142857	0.0	0.0	0.0	0.0	0.0	0.2857142857142857	0.0	0.0	0.0	0.1428571428571428	0.0	0.0	0.0	0.0	0.0	0.0	0.0	0.4	0.0	0.0	0.0	0.0	0.0	0.0	0.0	0.4	0.0	0.0	0.2	0.0	0.0	0.0	0.0	0.2222222222222222	0.0	0.0	0.0	0.2222222222222222	0.0	0.0	0.1111111111111111	0.0	0.1111111111111111	0.0	0.1111111111111111	0.0	0.0	0.0	0.1111111111111111	0.1111111111111111
8hwt	H	DLGPYGMDV	YSGGS	GIIVSSN		0.0	7.9	113.83714285714288		0.0	8.52	108.302		-0.2222222222222222	8.300000000000002	123.35444444444444	0.0	0.0	1.0	0.0	0.0	0.0	0.0	1.0	0.0	2.0	0.0	0.0	0.0	0.0	0.0	2.0	0.0	0.0	0.0	1.0	0.0	0.0	0.0	0.0	0.0	0.0	0.0	2.0	0.0	0.0	0.0	0.0	0.0	0.0	0.0	2.0	0.0	0.0	1.0	0.0	0.0	0.0	0.0	2.0	0.0	0.0	0.0	2.0	0.0	0.0	1.0	0.0	1.0	0.0	1.0	0.0	0.0	0.0	1.0	1.0	7	5	9	1.1	-0.74	-0.0888888888888888	sars_cov2	0.0	0.0	0.1428571428571428	0.0	0.0	0.0	0.0	0.1428571428571428	0.0	0.2857142857142857	0.0	0.0	0.0	0.0	0.0	0.2857142857142857	0.0	0.0	0.0	0.1428571428571428	0.0	0.0	0.0	0.0	0.0	0.0	0.0	0.4	0.0	0.0	0.0	0.0	0.0	0.0	0.0	0.4	0.0	0.0	0.2	0.0	0.0	0.0	0.0	0.2222222222222222	0.0	0.0	0.0	0.2222222222222222	0.0	0.0	0.1111111111111111	0.0	0.1111111111111111	0.0	0.1111111111111111	0.0	0.0	0.0	0.1111111111111111	0.1111111111111111
8gf2	C	DFGDFYFDY	YSGGS	GFTVSSN		0.0	8.385714285714284	116.97571428571428		0.0	8.52	108.302		-0.3333333333333333	8.444444444444446	148.03555555555556	0.0	0.0	1.0	0.0	0.0	0.0	0.0	1.0	0.0	0.0	0.0	0.0	0.0	1.0	0.0	2.0	1.0	0.0	0.0	1.0	0.0	0.0	0.0	0.0	0.0	0.0	0.0	2.0	0.0	0.0	0.0	0.0	0.0	0.0	0.0	2.0	0.0	0.0	1.0	0.0	0.0	0.0	0.0	3.0	0.0	0.0	0.0	1.0	0.0	0.0	0.0	0.0	0.0	3.0	0.0	0.0	0.0	0.0	2.0	0.0	7	5	9	0.1142857142857144	-0.74	-0.5666666666666667	sars_cov2	0.0	0.0	0.1428571428571428	0.0	0.0	0.0	0.0	0.1428571428571428	0.0	0.0	0.0	0.0	0.0	0.1428571428571428	0.0	0.2857142857142857	0.1428571428571428	0.0	0.0	0.1428571428571428	0.0	0.0	0.0	0.0	0.0	0.0	0.0	0.4	0.0	0.0	0.0	0.0	0.0	0.0	0.0	0.4	0.0	0.0	0.2	0.0	0.0	0.0	0.0	0.3333333333333333	0.0	0.0	0.0	0.1111111111111111	0.0	0.0	0.0	0.0	0.0	0.3333333333333333	0.0	0.0	0.0	0.0	0.2222222222222222	0.0
7yd1	A	LTAADTIFDC	YWDDD	GFSLSTPGG		0.0	8.011111111111111	107.33333333333331		-0.6	10.12	156.94400000000002		-0.2	8.020000000000001	123.13	0.0	0.0	0.0	0.0	0.0	0.0	0.0	3.0	0.0	0.0	1.0	0.0	0.0	1.0	1.0	2.0	1.0	0.0	0.0	0.0	0.0	0.0	0.0	3.0	0.0	0.0	0.0	0.0	0.0	0.0	0.0	0.0	0.0	0.0	0.0	0.0	0.0	1.0	1.0	0.0	2.0	0.0	0.0	2.0	1.0	0.0	0.0	0.0	0.0	1.0	1.0	0.0	0.0	1.0	0.0	0.0	2.0	0.0	0.0	0.0	9	5	10	0.1666666666666666	-2.54	0.8799999999999999	sars_cov2	0.0	0.0	0.0	0.0	0.0	0.0	0.0	0.3333333333333333	0.0	0.0	0.1111111111111111	0.0	0.0	0.1111111111111111	0.1111111111111111	0.2222222222222222	0.1111111111111111	0.0	0.0	0.0	0.0	0.0	0.0	0.6	0.0	0.0	0.0	0.0	0.0	0.0	0.0	0.0	0.0	0.0	0.0	0.0	0.0	0.2	0.2	0.0	0.2	0.0	0.0	0.2	0.1	0.0	0.0	0.0	0.0	0.1	0.1	0.0	0.0	0.1	0.0	0.0	0.2	0.0	0.0	0.0
7xeg	C	VLPMYGDYLDY	YPGGT	GFTVGWN		0.0	7.814285714285714	126.85		0.0	8.16	113.116		-0.1818181818181818	7.545454545454547	138.97	0.0	0.0	1.0	0.0	0.0	0.0	0.0	2.0	0.0	0.0	0.0	0.0	0.0	1.0	0.0	0.0	1.0	1.0	0.0	1.0	0.0	0.0	0.0	0.0	0.0	0.0	0.0	2.0	0.0	0.0	0.0	0.0	0.0	0.0	1.0	0.0	1.0	0.0	1.0	0.0	0.0	0.0	0.0	2.0	0.0	0.0	0.0	1.0	0.0	0.0	2.0	0.0	1.0	0.0	1.0	0.0	0.0	0.0	3.0	1.0	7	5	11	0.157142857142857	-0.8800000000000001	0.0727272727272727	sars_cov2	0.0	0.0	0.1428571428571428	0.0	0.0	0.0	0.0	0.2857142857142857	0.0	0.0	0.0	0.0	0.0	0.1428571428571428	0.0	0.0	0.1428571428571428	0.1428571428571428	0.0	0.1428571428571428	0.0	0.0	0.0	0.0	0.0	0.0	0.0	0.4	0.0	0.0	0.0	0.0	0.0	0.0	0.2	0.0	0.2	0.0	0.2	0.0	0.0	0.0	0.0	0.1818181818181818	0.0	0.0	0.0	0.0909090909090909	0.0	0.0	0.1818181818181818	0.0	0.0909090909090909	0.0	0.0909090909090909	0.0	0.0	0.0	0.2727272727272727	0.0909090909090909
7xei	C	VLPMYGDYLDY	YPGGT	GFTVGWN		0.0	7.814285714285714	126.85		0.0	8.16	113.116		-0.1818181818181818	7.545454545454547	138.97	0.0	0.0	1.0	0.0	0.0	0.0	0.0	2.0	0.0	0.0	0.0	0.0	0.0	1.0	0.0	0.0	1.0	1.0	0.0	1.0	0.0	0.0	0.0	0.0	0.0	0.0	0.0	2.0	0.0	0.0	0.0	0.0	0.0	0.0	1.0	0.0	1.0	0.0	1.0	0.0	0.0	0.0	0.0	2.0	0.0	0.0	0.0	1.0	0.0	0.0	2.0	0.0	1.0	0.0	1.0	0.0	0.0	0.0	3.0	1.0	7	5	11	0.157142857142857	-0.8800000000000001	0.0727272727272727	sars_cov2	0.0	0.0	0.1428571428571428	0.0	0.0	0.0	0.0	0.2857142857142857	0.0	0.0	0.0	0.0	0.0	0.1428571428571428	0.0	0.0	0.1428571428571428	0.1428571428571428	0.0	0.1428571428571428	0.0	0.0	0.0	0.0	0.0	0.0	0.0	0.4	0.0	0.0	0.0	0.0	0.0	0.0	0.2	0.0	0.2	0.0	0.2	0.0	0.0	0.0	0.0	0.1818181818181818	0.0	0.0	0.0	0.0909090909090909	0.0	0.0	0.1818181818181818	0.0	0.0909090909090909	0.0	0.0909090909090909	0.0	0.0	0.0	0.2727272727272727	0.0909090909090909
8cwi	H	EATAGFDY	WYDGSD	GFTFSSY		0.0	7.514285714285713	130.84857142857143		-0.3333333333333333	9.3	138.63		-0.25	8.812500000000002	124.8725	0.0	0.0	0.0	0.0	0.0	0.0	0.0	1.0	0.0	0.0	0.0	0.0	0.0	2.0	0.0	2.0	1.0	0.0	1.0	0.0	0.0	0.0	0.0	2.0	0.0	0.0	0.0	1.0	0.0	0.0	0.0	0.0	0.0	0.0	0.0	1.0	0.0	1.0	1.0	0.0	2.0	0.0	0.0	1.0	0.0	0.0	1.0	1.0	0.0	0.0	0.0	0.0	0.0	1.0	0.0	0.0	1.0	0.0	1.0	0.0	7	6	8	0.2285714285714286	-1.7333333333333334	-0.375	sars_cov2	0.0	0.0	0.0	0.0	0.0	0.0	0.0	0.1428571428571428	0.0	0.0	0.0	0.0	0.0	0.2857142857142857	0.0	0.2857142857142857	0.1428571428571428	0.0	0.1428571428571428	0.0	0.0	0.0	0.0	0.3333333333333333	0.0	0.0	0.0	0.1666666666666666	0.0	0.0	0.0	0.0	0.0	0.0	0.0	0.1666666666666666	0.0	0.1666666666666666	0.1666666666666666	0.0	0.25	0.0	0.0	0.125	0.0	0.0	0.125	0.125	0.0	0.0	0.0	0.0	0.0	0.125	0.0	0.0	0.125	0.0	0.125	0.0
8cwk	H	EATAGFDY	WYDGSD	GFTFSSY		0.0	7.514285714285713	130.84857142857143		-0.3333333333333333	9.3	138.63		-0.25	8.812500000000002	124.8725	0.0	0.0	0.0	0.0	0.0	0.0	0.0	1.0	0.0	0.0	0.0	0.0	0.0	2.0	0.0	2.0	1.0	0.0	1.0	0.0	0.0	0.0	0.0	2.0	0.0	0.0	0.0	1.0	0.0	0.0	0.0	0.0	0.0	0.0	0.0	1.0	0.0	1.0	1.0	0.0	2.0	0.0	0.0	1.0	0.0	0.0	1.0	1.0	0.0	0.0	0.0	0.0	0.0	1.0	0.0	0.0	1.0	0.0	1.0	0.0	7	6	8	0.2285714285714286	-1.7333333333333334	-0.375	sars_cov2	0.0	0.0	0.0	0.0	0.0	0.0	0.0	0.1428571428571428	0.0	0.0	0.0	0.0	0.0	0.2857142857142857	0.0	0.2857142857142857	0.1428571428571428	0.0	0.1428571428571428	0.0	0.0	0.0	0.0	0.3333333333333333	0.0	0.0	0.0	0.1666666666666666	0.0	0.0	0.0	0.0	0.0	0.0	0.0	0.1666666666666666	0.0	0.1666666666666666	0.1666666666666666	0.0	0.25	0.0	0.0	0.125	0.0	0.0	0.125	0.125	0.0	0.0	0.0	0.0	0.0	0.125	0.0	0.0	0.125	0.0	0.125	0.0
7xik	H	EAYGMDV	YPGGS	GFIVGWN		0.0	7.328571428571428	128.57142857142856		0.0	8.280000000000001	110.31		-0.2857142857142857	8.6	127.42	0.0	0.0	1.0	0.0	0.0	0.0	0.0	2.0	0.0	1.0	0.0	0.0	0.0	1.0	0.0	0.0	0.0	1.0	0.0	1.0	0.0	0.0	0.0	0.0	0.0	0.0	0.0	2.0	0.0	0.0	0.0	0.0	0.0	0.0	1.0	1.0	0.0	0.0	1.0	0.0	1.0	0.0	0.0	1.0	0.0	0.0	1.0	1.0	0.0	0.0	0.0	0.0	1.0	0.0	0.0	0.0	0.0	0.0	1.0	1.0	7	5	7	0.9000000000000001	-0.9	-0.1142857142857142	sars_cov2	0.0	0.0	0.1428571428571428	0.0	0.0	0.0	0.0	0.2857142857142857	0.0	0.1428571428571428	0.0	0.0	0.0	0.1428571428571428	0.0	0.0	0.0	0.1428571428571428	0.0	0.1428571428571428	0.0	0.0	0.0	0.0	0.0	0.0	0.0	0.4	0.0	0.0	0.0	0.0	0.0	0.0	0.2	0.2	0.0	0.0	0.2	0.0	0.1428571428571428	0.0	0.0	0.1428571428571428	0.0	0.0	0.1428571428571428	0.1428571428571428	0.0	0.0	0.0	0.0	0.1428571428571428	0.0	0.0	0.0	0.0	0.0	0.1428571428571428	0.1428571428571428
7xil	H	EAYGMDV	YPGGS	GFIVGWN		0.0	7.328571428571428	128.57142857142856		0.0	8.280000000000001	110.31		-0.2857142857142857	8.6	127.42	0.0	0.0	1.0	0.0	0.0	0.0	0.0	2.0	0.0	1.0	0.0	0.0	0.0	1.0	0.0	0.0	0.0	1.0	0.0	1.0	0.0	0.0	0.0	0.0	0.0	0.0	0.0	2.0	0.0	0.0	0.0	0.0	0.0	0.0	1.0	1.0	0.0	0.0	1.0	0.0	1.0	0.0	0.0	1.0	0.0	0.0	1.0	1.0	0.0	0.0	0.0	0.0	1.0	0.0	0.0	0.0	0.0	0.0	1.0	1.0	7	5	7	0.9000000000000001	-0.9	-0.1142857142857142	sars_cov2	0.0	0.0	0.1428571428571428	0.0	0.0	0.0	0.0	0.2857142857142857	0.0	0.1428571428571428	0.0	0.0	0.0	0.1428571428571428	0.0	0.0	0.0	0.1428571428571428	0.0	0.1428571428571428	0.0	0.0	0.0	0.0	0.0	0.0	0.0	0.4	0.0	0.0	0.0	0.0	0.0	0.0	0.2	0.2	0.0	0.0	0.2	0.0	0.1428571428571428	0.0	0.0	0.1428571428571428	0.0	0.0	0.1428571428571428	0.1428571428571428	0.0	0.0	0.0	0.0	0.1428571428571428	0.0	0.0	0.0	0.0	0.0	0.1428571428571428	0.1428571428571428
7wnb	H	DLVVYGLDY	YSGGS	GFIVSRN		0.1428571428571428	8.085714285714285	128.57		0.0	8.52	108.302		-0.2222222222222222	7.666666666666667	133.36555555555557	0.0	1.0	1.0	0.0	0.0	0.0	0.0	1.0	0.0	1.0	0.0	0.0	0.0	1.0	0.0	1.0	0.0	0.0	0.0	1.0	0.0	0.0	0.0	0.0	0.0	0.0	0.0	2.0	0.0	0.0	0.0	0.0	0.0	0.0	0.0	2.0	0.0	0.0	1.0	0.0	0.0	0.0	0.0	2.0	0.0	0.0	0.0	1.0	0.0	0.0	2.0	0.0	0.0	0.0	0.0	0.0	0.0	0.0	2.0	2.0	7	5	9	0.3285714285714287	-0.74	0.6666666666666665	sars_cov2	0.0	0.1428571428571428	0.1428571428571428	0.0	0.0	0.0	0.0	0.1428571428571428	0.0	0.1428571428571428	0.0	0.0	0.0	0.1428571428571428	0.0	0.1428571428571428	0.0	0.0	0.0	0.1428571428571428	0.0	0.0	0.0	0.0	0.0	0.0	0.0	0.4	0.0	0.0	0.0	0.0	0.0	0.0	0.0	0.4	0.0	0.0	0.2	0.0	0.0	0.0	0.0	0.2222222222222222	0.0	0.0	0.0	0.1111111111111111	0.0	0.0	0.2222222222222222	0.0	0.0	0.0	0.0	0.0	0.0	0.0	0.2222222222222222	0.2222222222222222
7xj6	E	GTEYGDYDVSHD	IPILGI	GGTFSSY		0.0	8.057142857142859	117.9742857142857		0.0	6.25	119.14666666666666		-0.25	9.65	129.62249999999997	0.0	0.0	0.0	0.0	0.0	0.0	0.0	2.0	0.0	0.0	0.0	0.0	0.0	1.0	0.0	2.0	1.0	0.0	1.0	0.0	0.0	0.0	0.0	0.0	0.0	0.0	0.0	1.0	0.0	3.0	1.0	0.0	0.0	0.0	1.0	0.0	0.0	0.0	0.0	0.0	0.0	0.0	0.0	3.0	0.0	0.0	1.0	2.0	1.0	0.0	0.0	0.0	0.0	0.0	0.0	1.0	1.0	0.0	2.0	1.0	7	6	12	-0.2285714285714286	2.55	-1.491666666666667	sars_cov2	0.0	0.0	0.0	0.0	0.0	0.0	0.0	0.2857142857142857	0.0	0.0	0.0	0.0	0.0	0.1428571428571428	0.0	0.2857142857142857	0.1428571428571428	0.0	0.1428571428571428	0.0	0.0	0.0	0.0	0.0	0.0	0.0	0.0	0.1666666666666666	0.0	0.5	0.1666666666666666	0.0	0.0	0.0	0.1666666666666666	0.0	0.0	0.0	0.0	0.0	0.0	0.0	0.0	0.25	0.0	0.0	0.0833333333333333	0.1666666666666666	0.0833333333333333	0.0	0.0	0.0	0.0	0.0	0.0	0.0833333333333333	0.0833333333333333	0.0	0.1666666666666666	0.0833333333333333
7xj8	G	GTEYGDYDVSHD	IPILGI	GGTFSSY		0.0	8.057142857142859	117.9742857142857		0.0	6.25	119.14666666666666		-0.25	9.65	129.62249999999997	0.0	0.0	0.0	0.0	0.0	0.0	0.0	2.0	0.0	0.0	0.0	0.0	0.0	1.0	0.0	2.0	1.0	0.0	1.0	0.0	0.0	0.0	0.0	0.0	0.0	0.0	0.0	1.0	0.0	3.0	1.0	0.0	0.0	0.0	1.0	0.0	0.0	0.0	0.0	0.0	0.0	0.0	0.0	3.0	0.0	0.0	1.0	2.0	1.0	0.0	0.0	0.0	0.0	0.0	0.0	1.0	1.0	0.0	2.0	1.0	7	6	12	-0.2285714285714286	2.55	-1.491666666666667	sars_cov2	0.0	0.0	0.0	0.0	0.0	0.0	0.0	0.2857142857142857	0.0	0.0	0.0	0.0	0.0	0.1428571428571428	0.0	0.2857142857142857	0.1428571428571428	0.0	0.1428571428571428	0.0	0.0	0.0	0.0	0.0	0.0	0.0	0.0	0.1666666666666666	0.0	0.5	0.1666666666666666	0.0	0.0	0.0	0.1666666666666666	0.0	0.0	0.0	0.0	0.0	0.0	0.0	0.0	0.25	0.0	0.0	0.0833333333333333	0.1666666666666666	0.0833333333333333	0.0	0.0	0.0	0.0	0.0	0.0	0.0833333333333333	0.0833333333333333	0.0	0.1666666666666666	0.0833333333333333
7xj9	G	GTEYGDYDVSHD	IPILGI	GGTFSSY		0.0	8.057142857142859	117.9742857142857		0.0	6.25	119.14666666666666		-0.25	9.65	129.62249999999997	0.0	0.0	0.0	0.0	0.0	0.0	0.0	2.0	0.0	0.0	0.0	0.0	0.0	1.0	0.0	2.0	1.0	0.0	1.0	0.0	0.0	0.0	0.0	0.0	0.0	0.0	0.0	1.0	0.0	3.0	1.0	0.0	0.0	0.0	1.0	0.0	0.0	0.0	0.0	0.0	0.0	0.0	0.0	3.0	0.0	0.0	1.0	2.0	1.0	0.0	0.0	0.0	0.0	0.0	0.0	1.0	1.0	0.0	2.0	1.0	7	6	12	-0.2285714285714286	2.55	-1.491666666666667	sars_cov2	0.0	0.0	0.0	0.0	0.0	0.0	0.0	0.2857142857142857	0.0	0.0	0.0	0.0	0.0	0.1428571428571428	0.0	0.2857142857142857	0.1428571428571428	0.0	0.1428571428571428	0.0	0.0	0.0	0.0	0.0	0.0	0.0	0.0	0.1666666666666666	0.0	0.5	0.1666666666666666	0.0	0.0	0.0	0.1666666666666666	0.0	0.0	0.0	0.0	0.0	0.0	0.0	0.0	0.25	0.0	0.0	0.0833333333333333	0.1666666666666666	0.0833333333333333	0.0	0.0	0.0	0.0	0.0	0.0	0.0833333333333333	0.0833333333333333	0.0	0.1666666666666666	0.0833333333333333
8i5h	H	DLVVYGLDY	YSGGS	GFIVSRN		0.1428571428571428	8.085714285714285	128.57		0.0	8.52	108.302		-0.2222222222222222	7.666666666666667	133.36555555555557	0.0	1.0	1.0	0.0	0.0	0.0	0.0	1.0	0.0	1.0	0.0	0.0	0.0	1.0	0.0	1.0	0.0	0.0	0.0	1.0	0.0	0.0	0.0	0.0	0.0	0.0	0.0	2.0	0.0	0.0	0.0	0.0	0.0	0.0	0.0	2.0	0.0	0.0	1.0	0.0	0.0	0.0	0.0	2.0	0.0	0.0	0.0	1.0	0.0	0.0	2.0	0.0	0.0	0.0	0.0	0.0	0.0	0.0	2.0	2.0	7	5	9	0.3285714285714287	-0.74	0.6666666666666665	sars_cov2	0.0	0.1428571428571428	0.1428571428571428	0.0	0.0	0.0	0.0	0.1428571428571428	0.0	0.1428571428571428	0.0	0.0	0.0	0.1428571428571428	0.0	0.1428571428571428	0.0	0.0	0.0	0.1428571428571428	0.0	0.0	0.0	0.0	0.0	0.0	0.0	0.4	0.0	0.0	0.0	0.0	0.0	0.0	0.0	0.4	0.0	0.0	0.2	0.0	0.0	0.0	0.0	0.2222222222222222	0.0	0.0	0.0	0.1111111111111111	0.0	0.0	0.2222222222222222	0.0	0.0	0.0	0.0	0.0	0.0	0.0	0.2222222222222222	0.2222222222222222
7ru8	H	DFRYCSSTRCYFWFDP	IPIIGT	GGTFSIY		0.0	7.485714285714287	121.69999999999996		0.0	6.866666666666666	117.13833333333334		0.0	7.9	147.719375	0.0	0.0	0.0	0.0	0.0	0.0	0.0	2.0	0.0	1.0	0.0	0.0	0.0	1.0	0.0	1.0	1.0	0.0	1.0	0.0	0.0	0.0	0.0	0.0	0.0	0.0	0.0	1.0	0.0	3.0	0.0	0.0	0.0	0.0	1.0	0.0	1.0	0.0	0.0	0.0	0.0	2.0	0.0	2.0	2.0	0.0	0.0	0.0	0.0	0.0	0.0	0.0	0.0	3.0	1.0	2.0	1.0	1.0	2.0	0.0	7	6	16	0.5285714285714286	1.8	-0.6250000000000001	sars_cov2	0.0	0.0	0.0	0.0	0.0	0.0	0.0	0.2857142857142857	0.0	0.1428571428571428	0.0	0.0	0.0	0.1428571428571428	0.0	0.1428571428571428	0.1428571428571428	0.0	0.1428571428571428	0.0	0.0	0.0	0.0	0.0	0.0	0.0	0.0	0.1666666666666666	0.0	0.5	0.0	0.0	0.0	0.0	0.1666666666666666	0.0	0.1666666666666666	0.0	0.0	0.0	0.0	0.125	0.0	0.125	0.125	0.0	0.0	0.0	0.0	0.0	0.0	0.0	0.0	0.1875	0.0625	0.125	0.0625	0.0625	0.125	0.0
7ru5	H	DFRYCSSTRCYFWFDP	IPIIGT	GGTFSIY		0.0	7.485714285714287	121.69999999999996		0.0	6.866666666666666	117.13833333333334		0.0	7.9	147.719375	0.0	0.0	0.0	0.0	0.0	0.0	0.0	2.0	0.0	1.0	0.0	0.0	0.0	1.0	0.0	1.0	1.0	0.0	1.0	0.0	0.0	0.0	0.0	0.0	0.0	0.0	0.0	1.0	0.0	3.0	0.0	0.0	0.0	0.0	1.0	0.0	1.0	0.0	0.0	0.0	0.0	2.0	0.0	2.0	2.0	0.0	0.0	0.0	0.0	0.0	0.0	0.0	0.0	3.0	1.0	2.0	1.0	1.0	2.0	0.0	7	6	16	0.5285714285714286	1.8	-0.6250000000000001	sars_cov2	0.0	0.0	0.0	0.0	0.0	0.0	0.0	0.2857142857142857	0.0	0.1428571428571428	0.0	0.0	0.0	0.1428571428571428	0.0	0.1428571428571428	0.1428571428571428	0.0	0.1428571428571428	0.0	0.0	0.0	0.0	0.0	0.0	0.0	0.0	0.1666666666666666	0.0	0.5	0.0	0.0	0.0	0.0	0.1666666666666666	0.0	0.1666666666666666	0.0	0.0	0.0	0.0	0.125	0.0	0.125	0.125	0.0	0.0	0.0	0.0	0.0	0.0	0.0	0.0	0.1875	0.0625	0.125	0.0625	0.0625	0.125	0.0
7e9o	H	AVEMVRGLGADPEYGMDV	SWNSGT	GFTFDDY		-0.2857142857142857	8.6	138.85142857142858		0.0	8.833333333333334	123.45333333333332		-0.1666666666666666	8.472222222222221	123.07833333333336	0.0	0.0	0.0	2.0	0.0	0.0	0.0	1.0	0.0	0.0	0.0	0.0	0.0	2.0	0.0	0.0	1.0	0.0	1.0	0.0	0.0	0.0	1.0	0.0	0.0	0.0	0.0	1.0	0.0	0.0	0.0	0.0	0.0	0.0	0.0	2.0	1.0	1.0	0.0	0.0	2.0	1.0	0.0	2.0	0.0	0.0	2.0	3.0	0.0	0.0	1.0	0.0	2.0	0.0	1.0	0.0	0.0	0.0	1.0	3.0	7	6	18	-0.5428571428571428	-1.1833333333333331	0.0666666666666667	sars_cov2	0.0	0.0	0.0	0.2857142857142857	0.0	0.0	0.0	0.1428571428571428	0.0	0.0	0.0	0.0	0.0	0.2857142857142857	0.0	0.0	0.1428571428571428	0.0	0.1428571428571428	0.0	0.0	0.0	0.1666666666666666	0.0	0.0	0.0	0.0	0.1666666666666666	0.0	0.0	0.0	0.0	0.0	0.0	0.0	0.3333333333333333	0.1666666666666666	0.1666666666666666	0.0	0.0	0.1111111111111111	0.0555555555555555	0.0	0.1111111111111111	0.0	0.0	0.1111111111111111	0.1666666666666666	0.0	0.0	0.0555555555555555	0.0	0.1111111111111111	0.0	0.0555555555555555	0.0	0.0	0.0	0.0555555555555555	0.1666666666666666
7ru4	H	RNQWDLLVY	IPILDI	GGTFSSS		0.0	8.485714285714286	107.10285714285716		-0.1666666666666666	6.916666666666667	128.81833333333333		0.0	8.100000000000001	150.05333333333337	0.0	0.0	0.0	0.0	0.0	0.0	0.0	2.0	0.0	0.0	0.0	0.0	0.0	1.0	0.0	3.0	1.0	0.0	0.0	0.0	0.0	0.0	0.0	1.0	0.0	0.0	0.0	0.0	0.0	3.0	1.0	0.0	0.0	0.0	1.0	0.0	0.0	0.0	0.0	0.0	0.0	1.0	1.0	1.0	0.0	1.0	0.0	0.0	0.0	0.0	2.0	0.0	0.0	0.0	0.0	0.0	0.0	1.0	1.0	1.0	7	6	9	-0.1571428571428572	2.033333333333333	-0.6000000000000001	sars_cov2	0.0	0.0	0.0	0.0	0.0	0.0	0.0	0.2857142857142857	0.0	0.0	0.0	0.0	0.0	0.1428571428571428	0.0	0.4285714285714285	0.1428571428571428	0.0	0.0	0.0	0.0	0.0	0.0	0.1666666666666666	0.0	0.0	0.0	0.0	0.0	0.5	0.1666666666666666	0.0	0.0	0.0	0.1666666666666666	0.0	0.0	0.0	0.0	0.0	0.0	0.1111111111111111	0.1111111111111111	0.1111111111111111	0.0	0.1111111111111111	0.0	0.0	0.0	0.0	0.2222222222222222	0.0	0.0	0.0	0.0	0.0	0.0	0.1111111111111111	0.1111111111111111	0.1111111111111111
7ru3	H	RNQWDLLVY	IPILDI	GGTFSSS		0.0	8.485714285714286	107.10285714285716		-0.1666666666666666	6.916666666666667	128.81833333333333		0.0	8.100000000000001	150.05333333333337	0.0	0.0	0.0	0.0	0.0	0.0	0.0	2.0	0.0	0.0	0.0	0.0	0.0	1.0	0.0	3.0	1.0	0.0	0.0	0.0	0.0	0.0	0.0	1.0	0.0	0.0	0.0	0.0	0.0	3.0	1.0	0.0	0.0	0.0	1.0	0.0	0.0	0.0	0.0	0.0	0.0	1.0	1.0	1.0	0.0	1.0	0.0	0.0	0.0	0.0	2.0	0.0	0.0	0.0	0.0	0.0	0.0	1.0	1.0	1.0	7	6	9	-0.1571428571428572	2.033333333333333	-0.6000000000000001	sars_cov2	0.0	0.0	0.0	0.0	0.0	0.0	0.0	0.2857142857142857	0.0	0.0	0.0	0.0	0.0	0.1428571428571428	0.0	0.4285714285714285	0.1428571428571428	0.0	0.0	0.0	0.0	0.0	0.0	0.1666666666666666	0.0	0.0	0.0	0.0	0.0	0.5	0.1666666666666666	0.0	0.0	0.0	0.1666666666666666	0.0	0.0	0.0	0.0	0.0	0.0	0.1111111111111111	0.1111111111111111	0.1111111111111111	0.0	0.1111111111111111	0.0	0.0	0.0	0.0	0.2222222222222222	0.0	0.0	0.0	0.0	0.0	0.0	0.1111111111111111	0.1111111111111111	0.1111111111111111
7s5r	H	PPRNYYDRSGYYQRAEYFQH	NSSGGS	GYTFTSY		0.0	7.571428571428571	135.13857142857142		0.0	9.533333333333331	99.58833333333332		0.1	8.915000000000001	147.65300000000002	0.0	0.0	0.0	0.0	0.0	0.0	0.0	1.0	0.0	0.0	0.0	0.0	0.0	1.0	0.0	1.0	2.0	0.0	2.0	0.0	0.0	0.0	1.0	0.0	0.0	0.0	0.0	2.0	0.0	0.0	0.0	0.0	0.0	0.0	0.0	3.0	0.0	0.0	0.0	0.0	1.0	3.0	1.0	1.0	0.0	2.0	1.0	1.0	1.0	0.0	0.0	0.0	0.0	1.0	2.0	1.0	0.0	0.0	5.0	0.0	7	6	20	-0.3428571428571429	-1.1166666666666667	-2.025	sars_cov2	0.0	0.0	0.0	0.0	0.0	0.0	0.0	0.1428571428571428	0.0	0.0	0.0	0.0	0.0	0.1428571428571428	0.0	0.1428571428571428	0.2857142857142857	0.0	0.2857142857142857	0.0	0.0	0.0	0.1666666666666666	0.0	0.0	0.0	0.0	0.3333333333333333	0.0	0.0	0.0	0.0	0.0	0.0	0.0	0.5	0.0	0.0	0.0	0.0	0.05	0.15	0.05	0.05	0.0	0.1	0.05	0.05	0.05	0.0	0.0	0.0	0.0	0.05	0.1	0.05	0.0	0.0	0.25	0.0
7x63	H	DLGEAGGMDV	YPGGS	GITVGWN		0.0	7.814285714285714	121.99		0.0	8.280000000000001	110.31		-0.3	8.990000000000002	112.516	0.0	0.0	1.0	0.0	0.0	0.0	0.0	2.0	0.0	1.0	0.0	0.0	0.0	0.0	0.0	0.0	1.0	1.0	0.0	1.0	0.0	0.0	0.0	0.0	0.0	0.0	0.0	2.0	0.0	0.0	0.0	0.0	0.0	0.0	1.0	1.0	0.0	0.0	1.0	0.0	1.0	0.0	0.0	2.0	0.0	0.0	1.0	3.0	0.0	0.0	1.0	0.0	1.0	0.0	0.0	0.0	0.0	0.0	0.0	1.0	7	5	10	0.3999999999999998	-0.9	0.0	sars_cov2	0.0	0.0	0.1428571428571428	0.0	0.0	0.0	0.0	0.2857142857142857	0.0	0.1428571428571428	0.0	0.0	0.0	0.0	0.0	0.0	0.1428571428571428	0.1428571428571428	0.0	0.1428571428571428	0.0	0.0	0.0	0.0	0.0	0.0	0.0	0.4	0.0	0.0	0.0	0.0	0.0	0.0	0.2	0.2	0.0	0.0	0.2	0.0	0.1	0.0	0.0	0.2	0.0	0.0	0.1	0.3	0.0	0.0	0.1	0.0	0.1	0.0	0.0	0.0	0.0	0.0	0.0	0.1
7x66	H	DLGEAGGMDV	YPGGS	GITVGWN		0.0	7.814285714285714	121.99		0.0	8.280000000000001	110.31		-0.3	8.990000000000002	112.516	0.0	0.0	1.0	0.0	0.0	0.0	0.0	2.0	0.0	1.0	0.0	0.0	0.0	0.0	0.0	0.0	1.0	1.0	0.0	1.0	0.0	0.0	0.0	0.0	0.0	0.0	0.0	2.0	0.0	0.0	0.0	0.0	0.0	0.0	1.0	1.0	0.0	0.0	1.0	0.0	1.0	0.0	0.0	2.0	0.0	0.0	1.0	3.0	0.0	0.0	1.0	0.0	1.0	0.0	0.0	0.0	0.0	0.0	0.0	1.0	7	5	10	0.3999999999999998	-0.9	0.0	sars_cov2	0.0	0.0	0.1428571428571428	0.0	0.0	0.0	0.0	0.2857142857142857	0.0	0.1428571428571428	0.0	0.0	0.0	0.0	0.0	0.0	0.1428571428571428	0.1428571428571428	0.0	0.1428571428571428	0.0	0.0	0.0	0.0	0.0	0.0	0.0	0.4	0.0	0.0	0.0	0.0	0.0	0.0	0.2	0.2	0.0	0.0	0.2	0.0	0.1	0.0	0.0	0.2	0.0	0.0	0.1	0.3	0.0	0.0	0.1	0.0	0.1	0.0	0.0	0.0	0.0	0.0	0.0	0.1
7u0q	G	DYGDFYFDY	YSGGS	EITVSRN		0.0	9.042857142857144	132.28285714285713		0.0	8.52	108.302		-0.3333333333333333	8.555555555555557	149.81333333333333	0.0	1.0	1.0	0.0	0.0	0.0	1.0	0.0	0.0	1.0	0.0	0.0	0.0	0.0	0.0	1.0	1.0	0.0	0.0	1.0	0.0	0.0	0.0	0.0	0.0	0.0	0.0	2.0	0.0	0.0	0.0	0.0	0.0	0.0	0.0	2.0	0.0	0.0	1.0	0.0	0.0	0.0	0.0	3.0	0.0	0.0	0.0	1.0	0.0	0.0	0.0	0.0	0.0	2.0	0.0	0.0	0.0	0.0	3.0	0.0	7	5	9	-0.6142857142857142	-0.74	-1.022222222222222	sars_cov2	0.0	0.1428571428571428	0.1428571428571428	0.0	0.0	0.0	0.1428571428571428	0.0	0.0	0.1428571428571428	0.0	0.0	0.0	0.0	0.0	0.1428571428571428	0.1428571428571428	0.0	0.0	0.1428571428571428	0.0	0.0	0.0	0.0	0.0	0.0	0.0	0.4	0.0	0.0	0.0	0.0	0.0	0.0	0.0	0.4	0.0	0.0	0.2	0.0	0.0	0.0	0.0	0.3333333333333333	0.0	0.0	0.0	0.1111111111111111	0.0	0.0	0.0	0.0	0.0	0.2222222222222222	0.0	0.0	0.0	0.0	0.3333333333333333	0.0
7xda	B	ELGHDY	NHSGN	GESFSGY		-0.1428571428571428	8.585714285714287	121.97571428571428		0.2	10.36	119.912		-0.1666666666666666	9.3	137.13666666666666	0.0	0.0	0.0	0.0	0.0	0.0	1.0	2.0	0.0	0.0	0.0	0.0	0.0	1.0	0.0	2.0	0.0	0.0	1.0	0.0	0.0	0.0	2.0	0.0	0.0	0.0	0.0	1.0	1.0	0.0	0.0	0.0	0.0	0.0	0.0	1.0	0.0	0.0	0.0	0.0	0.0	0.0	0.0	1.0	0.0	0.0	1.0	1.0	1.0	0.0	1.0	0.0	0.0	0.0	0.0	0.0	0.0	0.0	1.0	0.0	7	5	6	-0.6285714285714287	-2.28	-1.3500000000000003	sars_cov2	0.0	0.0	0.0	0.0	0.0	0.0	0.1428571428571428	0.2857142857142857	0.0	0.0	0.0	0.0	0.0	0.1428571428571428	0.0	0.2857142857142857	0.0	0.0	0.1428571428571428	0.0	0.0	0.0	0.4	0.0	0.0	0.0	0.0	0.2	0.2	0.0	0.0	0.0	0.0	0.0	0.0	0.2	0.0	0.0	0.0	0.0	0.0	0.0	0.0	0.1666666666666666	0.0	0.0	0.1666666666666666	0.1666666666666666	0.1666666666666666	0.0	0.1666666666666666	0.0	0.0	0.0	0.0	0.0	0.0	0.0	0.1666666666666666	0.0
7xdk	F	ELGHDY	NHSGN	GESFSGY		-0.1428571428571428	8.585714285714287	121.97571428571428		0.2	10.36	119.912		-0.1666666666666666	9.3	137.13666666666666	0.0	0.0	0.0	0.0	0.0	0.0	1.0	2.0	0.0	0.0	0.0	0.0	0.0	1.0	0.0	2.0	0.0	0.0	1.0	0.0	0.0	0.0	2.0	0.0	0.0	0.0	0.0	1.0	1.0	0.0	0.0	0.0	0.0	0.0	0.0	1.0	0.0	0.0	0.0	0.0	0.0	0.0	0.0	1.0	0.0	0.0	1.0	1.0	1.0	0.0	1.0	0.0	0.0	0.0	0.0	0.0	0.0	0.0	1.0	0.0	7	5	6	-0.6285714285714287	-2.28	-1.3500000000000003	sars_cov2	0.0	0.0	0.0	0.0	0.0	0.0	0.1428571428571428	0.2857142857142857	0.0	0.0	0.0	0.0	0.0	0.1428571428571428	0.0	0.2857142857142857	0.0	0.0	0.1428571428571428	0.0	0.0	0.0	0.4	0.0	0.0	0.0	0.0	0.2	0.2	0.0	0.0	0.0	0.0	0.0	0.0	0.2	0.0	0.0	0.0	0.0	0.0	0.0	0.0	0.1666666666666666	0.0	0.0	0.1666666666666666	0.1666666666666666	0.1666666666666666	0.0	0.1666666666666666	0.0	0.0	0.0	0.0	0.0	0.0	0.0	0.1666666666666666	0.0
7wwi	E	GTEYGDYDVSHD	IPILGI	GGTFSSY		0.0	8.057142857142859	117.9742857142857		0.0	6.25	119.14666666666666		-0.25	9.65	129.62249999999997	0.0	0.0	0.0	0.0	0.0	0.0	0.0	2.0	0.0	0.0	0.0	0.0	0.0	1.0	0.0	2.0	1.0	0.0	1.0	0.0	0.0	0.0	0.0	0.0	0.0	0.0	0.0	1.0	0.0	3.0	1.0	0.0	0.0	0.0	1.0	0.0	0.0	0.0	0.0	0.0	0.0	0.0	0.0	3.0	0.0	0.0	1.0	2.0	1.0	0.0	0.0	0.0	0.0	0.0	0.0	1.0	1.0	0.0	2.0	1.0	7	6	12	-0.2285714285714286	2.55	-1.491666666666667	sars_cov2	0.0	0.0	0.0	0.0	0.0	0.0	0.0	0.2857142857142857	0.0	0.0	0.0	0.0	0.0	0.1428571428571428	0.0	0.2857142857142857	0.1428571428571428	0.0	0.1428571428571428	0.0	0.0	0.0	0.0	0.0	0.0	0.0	0.0	0.1666666666666666	0.0	0.5	0.1666666666666666	0.0	0.0	0.0	0.1666666666666666	0.0	0.0	0.0	0.0	0.0	0.0	0.0	0.0	0.25	0.0	0.0	0.0833333333333333	0.1666666666666666	0.0833333333333333	0.0	0.0	0.0	0.0	0.0	0.0	0.0833333333333333	0.0833333333333333	0.0	0.1666666666666666	0.0833333333333333
7wwj	G	GTEYGDYDVSHD	IPILGI	GGTFSSY		0.0	8.057142857142859	117.9742857142857		0.0	6.25	119.14666666666666		-0.25	9.65	129.62249999999997	0.0	0.0	0.0	0.0	0.0	0.0	0.0	2.0	0.0	0.0	0.0	0.0	0.0	1.0	0.0	2.0	1.0	0.0	1.0	0.0	0.0	0.0	0.0	0.0	0.0	0.0	0.0	1.0	0.0	3.0	1.0	0.0	0.0	0.0	1.0	0.0	0.0	0.0	0.0	0.0	0.0	0.0	0.0	3.0	0.0	0.0	1.0	2.0	1.0	0.0	0.0	0.0	0.0	0.0	0.0	1.0	1.0	0.0	2.0	1.0	7	6	12	-0.2285714285714286	2.55	-1.491666666666667	sars_cov2	0.0	0.0	0.0	0.0	0.0	0.0	0.0	0.2857142857142857	0.0	0.0	0.0	0.0	0.0	0.1428571428571428	0.0	0.2857142857142857	0.1428571428571428	0.0	0.1428571428571428	0.0	0.0	0.0	0.0	0.0	0.0	0.0	0.0	0.1666666666666666	0.0	0.5	0.1666666666666666	0.0	0.0	0.0	0.1666666666666666	0.0	0.0	0.0	0.0	0.0	0.0	0.0	0.0	0.25	0.0	0.0	0.0833333333333333	0.1666666666666666	0.0833333333333333	0.0	0.0	0.0	0.0	0.0	0.0	0.0833333333333333	0.0833333333333333	0.0	0.1666666666666666	0.0833333333333333
7wwk	G	GTEYGDYDVSHD	IPILGI	GGTFSSY		0.0	8.057142857142859	117.9742857142857		0.0	6.25	119.14666666666666		-0.25	9.65	129.62249999999997	0.0	0.0	0.0	0.0	0.0	0.0	0.0	2.0	0.0	0.0	0.0	0.0	0.0	1.0	0.0	2.0	1.0	0.0	1.0	0.0	0.0	0.0	0.0	0.0	0.0	0.0	0.0	1.0	0.0	3.0	1.0	0.0	0.0	0.0	1.0	0.0	0.0	0.0	0.0	0.0	0.0	0.0	0.0	3.0	0.0	0.0	1.0	2.0	1.0	0.0	0.0	0.0	0.0	0.0	0.0	1.0	1.0	0.0	2.0	1.0	7	6	12	-0.2285714285714286	2.55	-1.491666666666667	sars_cov2	0.0	0.0	0.0	0.0	0.0	0.0	0.0	0.2857142857142857	0.0	0.0	0.0	0.0	0.0	0.1428571428571428	0.0	0.2857142857142857	0.1428571428571428	0.0	0.1428571428571428	0.0	0.0	0.0	0.0	0.0	0.0	0.0	0.0	0.1666666666666666	0.0	0.5	0.1666666666666666	0.0	0.0	0.0	0.1666666666666666	0.0	0.0	0.0	0.0	0.0	0.0	0.0	0.0	0.25	0.0	0.0	0.0833333333333333	0.1666666666666666	0.0833333333333333	0.0	0.0	0.0	0.0	0.0	0.0	0.0833333333333333	0.0833333333333333	0.0	0.1666666666666666	0.0833333333333333
7yck	C	GFGEYYYYAMDV	SYDGSN	GFTFSSY		0.0	7.514285714285713	130.84857142857143		-0.1666666666666666	9.7	121.94333333333331		-0.1666666666666666	7.750000000000001	139.6475	0.0	0.0	0.0	0.0	0.0	0.0	0.0	1.0	0.0	0.0	0.0	0.0	0.0	2.0	0.0	2.0	1.0	0.0	1.0	0.0	0.0	0.0	1.0	1.0	0.0	0.0	0.0	1.0	0.0	0.0	0.0	0.0	0.0	0.0	0.0	2.0	0.0	0.0	1.0	0.0	1.0	0.0	0.0	1.0	0.0	0.0	1.0	2.0	0.0	0.0	0.0	0.0	1.0	1.0	0.0	0.0	0.0	0.0	4.0	1.0	7	6	12	0.2285714285714286	-1.7166666666666668	-0.1916666666666666	sars_cov2	0.0	0.0	0.0	0.0	0.0	0.0	0.0	0.1428571428571428	0.0	0.0	0.0	0.0	0.0	0.2857142857142857	0.0	0.2857142857142857	0.1428571428571428	0.0	0.1428571428571428	0.0	0.0	0.0	0.1666666666666666	0.1666666666666666	0.0	0.0	0.0	0.1666666666666666	0.0	0.0	0.0	0.0	0.0	0.0	0.0	0.3333333333333333	0.0	0.0	0.1666666666666666	0.0	0.0833333333333333	0.0	0.0	0.0833333333333333	0.0	0.0	0.0833333333333333	0.1666666666666666	0.0	0.0	0.0	0.0	0.0833333333333333	0.0833333333333333	0.0	0.0	0.0	0.0	0.3333333333333333	0.0833333333333333
7ycl	A	GRNYLDSRGRFDY	DPSDSY	GYSFTNY		0.0	8.0	136.99571428571429		-0.3333333333333333	9.766666666666667	128.78333333333333		0.0769230769230769	9.13846153846154	141.1453846153846	0.0	0.0	1.0	0.0	0.0	0.0	0.0	1.0	0.0	0.0	0.0	0.0	0.0	1.0	0.0	1.0	1.0	0.0	2.0	0.0	0.0	0.0	0.0	2.0	0.0	0.0	0.0	0.0	0.0	0.0	0.0	0.0	0.0	0.0	1.0	2.0	0.0	0.0	1.0	0.0	0.0	3.0	1.0	2.0	0.0	0.0	0.0	2.0	0.0	0.0	1.0	0.0	0.0	1.0	0.0	1.0	0.0	0.0	2.0	0.0	7	6	13	-0.7428571428571429	-1.9166666666666667	-1.6615384615384616	sars_cov2	0.0	0.0	0.1428571428571428	0.0	0.0	0.0	0.0	0.1428571428571428	0.0	0.0	0.0	0.0	0.0	0.1428571428571428	0.0	0.1428571428571428	0.1428571428571428	0.0	0.2857142857142857	0.0	0.0	0.0	0.0	0.3333333333333333	0.0	0.0	0.0	0.0	0.0	0.0	0.0	0.0	0.0	0.0	0.1666666666666666	0.3333333333333333	0.0	0.0	0.1666666666666666	0.0	0.0	0.2307692307692307	0.0769230769230769	0.1538461538461538	0.0	0.0	0.0	0.1538461538461538	0.0	0.0	0.0769230769230769	0.0	0.0	0.0769230769230769	0.0	0.0769230769230769	0.0	0.0	0.1538461538461538	0.0
7ycn	K	GLGIFGVVTLSDV	NHSGS	GGSFSGY		0.0	8.114285714285714	111.68142857142855		0.2	9.88	114.506		-0.0769230769230769	7.361538461538462	114.8207692307692	0.0	0.0	0.0	0.0	0.0	0.0	0.0	3.0	0.0	0.0	0.0	0.0	0.0	1.0	0.0	2.0	0.0	0.0	1.0	0.0	0.0	0.0	1.0	0.0	0.0	0.0	0.0	1.0	1.0	0.0	0.0	0.0	0.0	0.0	0.0	2.0	0.0	0.0	0.0	0.0	0.0	0.0	0.0	1.0	0.0	0.0	0.0	3.0	0.0	1.0	2.0	0.0	0.0	1.0	0.0	1.0	1.0	0.0	0.0	3.0	7	5	13	-0.1857142857142857	-1.7400000000000002	1.6384615384615384	sars_cov2	0.0	0.0	0.0	0.0	0.0	0.0	0.0	0.4285714285714285	0.0	0.0	0.0	0.0	0.0	0.1428571428571428	0.0	0.2857142857142857	0.0	0.0	0.1428571428571428	0.0	0.0	0.0	0.2	0.0	0.0	0.0	0.0	0.2	0.2	0.0	0.0	0.0	0.0	0.0	0.0	0.4	0.0	0.0	0.0	0.0	0.0	0.0	0.0	0.0769230769230769	0.0	0.0	0.0	0.2307692307692307	0.0	0.0769230769230769	0.1538461538461538	0.0	0.0	0.0769230769230769	0.0	0.0769230769230769	0.0769230769230769	0.0	0.0	0.2307692307692307
8hhx	F	GFGEYYYYAMDV	SYDGSN	GFTFSSY		0.0	7.514285714285713	130.84857142857143		-0.1666666666666666	9.7	121.94333333333331		-0.1666666666666666	7.750000000000001	139.6475	0.0	0.0	0.0	0.0	0.0	0.0	0.0	1.0	0.0	0.0	0.0	0.0	0.0	2.0	0.0	2.0	1.0	0.0	1.0	0.0	0.0	0.0	1.0	1.0	0.0	0.0	0.0	1.0	0.0	0.0	0.0	0.0	0.0	0.0	0.0	2.0	0.0	0.0	1.0	0.0	1.0	0.0	0.0	1.0	0.0	0.0	1.0	2.0	0.0	0.0	0.0	0.0	1.0	1.0	0.0	0.0	0.0	0.0	4.0	1.0	7	6	12	0.2285714285714286	-1.7166666666666668	-0.1916666666666666	sars_cov2	0.0	0.0	0.0	0.0	0.0	0.0	0.0	0.1428571428571428	0.0	0.0	0.0	0.0	0.0	0.2857142857142857	0.0	0.2857142857142857	0.1428571428571428	0.0	0.1428571428571428	0.0	0.0	0.0	0.1666666666666666	0.1666666666666666	0.0	0.0	0.0	0.1666666666666666	0.0	0.0	0.0	0.0	0.0	0.0	0.0	0.3333333333333333	0.0	0.0	0.1666666666666666	0.0	0.0833333333333333	0.0	0.0	0.0833333333333333	0.0	0.0	0.0833333333333333	0.1666666666666666	0.0	0.0	0.0	0.0	0.0833333333333333	0.0833333333333333	0.0	0.0	0.0	0.0	0.3333333333333333	0.0833333333333333
8hhy	H	GRNYLDSRGRFDY	DPSDSY	GYSFTNY		0.0	8.0	136.99571428571429		-0.3333333333333333	9.766666666666667	128.78333333333333		0.0769230769230769	9.13846153846154	141.1453846153846	0.0	0.0	1.0	0.0	0.0	0.0	0.0	1.0	0.0	0.0	0.0	0.0	0.0	1.0	0.0	1.0	1.0	0.0	2.0	0.0	0.0	0.0	0.0	2.0	0.0	0.0	0.0	0.0	0.0	0.0	0.0	0.0	0.0	0.0	1.0	2.0	0.0	0.0	1.0	0.0	0.0	3.0	1.0	2.0	0.0	0.0	0.0	2.0	0.0	0.0	1.0	0.0	0.0	1.0	0.0	1.0	0.0	0.0	2.0	0.0	7	6	13	-0.7428571428571429	-1.9166666666666667	-1.6615384615384616	sars_cov2	0.0	0.0	0.1428571428571428	0.0	0.0	0.0	0.0	0.1428571428571428	0.0	0.0	0.0	0.0	0.0	0.1428571428571428	0.0	0.1428571428571428	0.1428571428571428	0.0	0.2857142857142857	0.0	0.0	0.0	0.0	0.3333333333333333	0.0	0.0	0.0	0.0	0.0	0.0	0.0	0.0	0.0	0.0	0.1666666666666666	0.3333333333333333	0.0	0.0	0.1666666666666666	0.0	0.0	0.2307692307692307	0.0769230769230769	0.1538461538461538	0.0	0.0	0.0	0.1538461538461538	0.0	0.0	0.0769230769230769	0.0	0.0	0.0769230769230769	0.0	0.0769230769230769	0.0	0.0	0.1538461538461538	0.0
8hhz	E	GLGIFGVVTLSDV	NHSGS	GGSFSGY		0.0	8.114285714285714	111.68142857142855		0.2	9.88	114.506		-0.0769230769230769	7.361538461538462	114.8207692307692	0.0	0.0	0.0	0.0	0.0	0.0	0.0	3.0	0.0	0.0	0.0	0.0	0.0	1.0	0.0	2.0	0.0	0.0	1.0	0.0	0.0	0.0	1.0	0.0	0.0	0.0	0.0	1.0	1.0	0.0	0.0	0.0	0.0	0.0	0.0	2.0	0.0	0.0	0.0	0.0	0.0	0.0	0.0	1.0	0.0	0.0	0.0	3.0	0.0	1.0	2.0	0.0	0.0	1.0	0.0	1.0	1.0	0.0	0.0	3.0	7	5	13	-0.1857142857142857	-1.7400000000000002	1.6384615384615384	sars_cov2	0.0	0.0	0.0	0.0	0.0	0.0	0.0	0.4285714285714285	0.0	0.0	0.0	0.0	0.0	0.1428571428571428	0.0	0.2857142857142857	0.0	0.0	0.1428571428571428	0.0	0.0	0.0	0.2	0.0	0.0	0.0	0.0	0.2	0.2	0.0	0.0	0.0	0.0	0.0	0.0	0.4	0.0	0.0	0.0	0.0	0.0	0.0	0.0	0.0769230769230769	0.0	0.0	0.0	0.2307692307692307	0.0	0.0769230769230769	0.1538461538461538	0.0	0.0	0.0769230769230769	0.0	0.0769230769230769	0.0769230769230769	0.0	0.0	0.2307692307692307
8dm3	H	STAVAGTPDLFDYYYGMDV	DPEDGE	GYTLTEL		-0.1428571428571428	7.785714285714285	129.13857142857142		-0.6666666666666666	11.266666666666666	125.11		-0.1578947368421052	8.094736842105263	126.81684210526316	0.0	0.0	0.0	0.0	0.0	0.0	1.0	1.0	0.0	0.0	2.0	0.0	0.0	0.0	0.0	0.0	2.0	0.0	1.0	0.0	0.0	0.0	0.0	2.0	0.0	0.0	2.0	1.0	0.0	0.0	0.0	0.0	0.0	0.0	1.0	0.0	0.0	0.0	0.0	0.0	2.0	0.0	0.0	3.0	0.0	0.0	0.0	2.0	0.0	0.0	1.0	0.0	1.0	1.0	1.0	1.0	2.0	0.0	3.0	2.0	7	6	19	0.1428571428571427	-2.6666666666666665	0.0789473684210525	sars_cov2	0.0	0.0	0.0	0.0	0.0	0.0	0.1428571428571428	0.1428571428571428	0.0	0.0	0.2857142857142857	0.0	0.0	0.0	0.0	0.0	0.2857142857142857	0.0	0.1428571428571428	0.0	0.0	0.0	0.0	0.3333333333333333	0.0	0.0	0.3333333333333333	0.1666666666666666	0.0	0.0	0.0	0.0	0.0	0.0	0.1666666666666666	0.0	0.0	0.0	0.0	0.0	0.1052631578947368	0.0	0.0	0.1578947368421052	0.0	0.0	0.0	0.1052631578947368	0.0	0.0	0.0526315789473684	0.0	0.0526315789473684	0.0526315789473684	0.0526315789473684	0.0526315789473684	0.1052631578947368	0.0	0.1578947368421052	0.1052631578947368
8dm4	H	STAVAGTPDLFDYYYGMDV	DPEDGE	GYTLTEL		-0.1428571428571428	7.785714285714285	129.13857142857142		-0.6666666666666666	11.266666666666666	125.11		-0.1578947368421052	8.094736842105263	126.81684210526316	0.0	0.0	0.0	0.0	0.0	0.0	1.0	1.0	0.0	0.0	2.0	0.0	0.0	0.0	0.0	0.0	2.0	0.0	1.0	0.0	0.0	0.0	0.0	2.0	0.0	0.0	2.0	1.0	0.0	0.0	0.0	0.0	0.0	0.0	1.0	0.0	0.0	0.0	0.0	0.0	2.0	0.0	0.0	3.0	0.0	0.0	0.0	2.0	0.0	0.0	1.0	0.0	1.0	1.0	1.0	1.0	2.0	0.0	3.0	2.0	7	6	19	0.1428571428571427	-2.6666666666666665	0.0789473684210525	sars_cov2	0.0	0.0	0.0	0.0	0.0	0.0	0.1428571428571428	0.1428571428571428	0.0	0.0	0.2857142857142857	0.0	0.0	0.0	0.0	0.0	0.2857142857142857	0.0	0.1428571428571428	0.0	0.0	0.0	0.0	0.3333333333333333	0.0	0.0	0.3333333333333333	0.1666666666666666	0.0	0.0	0.0	0.0	0.0	0.0	0.1666666666666666	0.0	0.0	0.0	0.0	0.0	0.1052631578947368	0.0	0.0	0.1578947368421052	0.0	0.0	0.0	0.1052631578947368	0.0	0.0	0.0526315789473684	0.0	0.0526315789473684	0.0526315789473684	0.0526315789473684	0.0526315789473684	0.1052631578947368	0.0	0.1578947368421052	0.1052631578947368
8hc2	H	GLGDYLDS	YAGGS	GLTVSSN		0.0	8.342857142857143	112.11571428571428		0.0	8.3	105.102		-0.25	8.65	120.62	0.0	0.0	1.0	0.0	0.0	0.0	0.0	1.0	0.0	0.0	1.0	0.0	0.0	0.0	0.0	2.0	1.0	0.0	0.0	1.0	1.0	0.0	0.0	0.0	0.0	0.0	0.0	2.0	0.0	0.0	0.0	0.0	0.0	0.0	0.0	1.0	0.0	0.0	1.0	0.0	0.0	0.0	0.0	2.0	0.0	0.0	0.0	2.0	0.0	0.0	2.0	0.0	0.0	0.0	0.0	1.0	0.0	0.0	1.0	0.0	7	5	8	0.2571428571428572	-0.22	-0.2875	sars_cov2	0.0	0.0	0.1428571428571428	0.0	0.0	0.0	0.0	0.1428571428571428	0.0	0.0	0.1428571428571428	0.0	0.0	0.0	0.0	0.2857142857142857	0.1428571428571428	0.0	0.0	0.1428571428571428	0.2	0.0	0.0	0.0	0.0	0.0	0.0	0.4	0.0	0.0	0.0	0.0	0.0	0.0	0.0	0.2	0.0	0.0	0.2	0.0	0.0	0.0	0.0	0.25	0.0	0.0	0.0	0.25	0.0	0.0	0.25	0.0	0.0	0.0	0.0	0.125	0.0	0.0	0.125	0.0
8hc3	H	GLGDYLDS	YAGGS	GLTVSSN		0.0	8.342857142857143	112.11571428571428		0.0	8.3	105.102		-0.25	8.65	120.62	0.0	0.0	1.0	0.0	0.0	0.0	0.0	1.0	0.0	0.0	1.0	0.0	0.0	0.0	0.0	2.0	1.0	0.0	0.0	1.0	1.0	0.0	0.0	0.0	0.0	0.0	0.0	2.0	0.0	0.0	0.0	0.0	0.0	0.0	0.0	1.0	0.0	0.0	1.0	0.0	0.0	0.0	0.0	2.0	0.0	0.0	0.0	2.0	0.0	0.0	2.0	0.0	0.0	0.0	0.0	1.0	0.0	0.0	1.0	0.0	7	5	8	0.2571428571428572	-0.22	-0.2875	sars_cov2	0.0	0.0	0.1428571428571428	0.0	0.0	0.0	0.0	0.1428571428571428	0.0	0.0	0.1428571428571428	0.0	0.0	0.0	0.0	0.2857142857142857	0.1428571428571428	0.0	0.0	0.1428571428571428	0.2	0.0	0.0	0.0	0.0	0.0	0.0	0.4	0.0	0.0	0.0	0.0	0.0	0.0	0.0	0.2	0.0	0.0	0.2	0.0	0.0	0.0	0.0	0.25	0.0	0.0	0.0	0.25	0.0	0.0	0.25	0.0	0.0	0.0	0.0	0.125	0.0	0.0	0.125	0.0
8hc5	H	GLGDYLDS	YAGGS	GLTVSSN		0.0	8.342857142857143	112.11571428571428		0.0	8.3	105.102		-0.25	8.65	120.62	0.0	0.0	1.0	0.0	0.0	0.0	0.0	1.0	0.0	0.0	1.0	0.0	0.0	0.0	0.0	2.0	1.0	0.0	0.0	1.0	1.0	0.0	0.0	0.0	0.0	0.0	0.0	2.0	0.0	0.0	0.0	0.0	0.0	0.0	0.0	1.0	0.0	0.0	1.0	0.0	0.0	0.0	0.0	2.0	0.0	0.0	0.0	2.0	0.0	0.0	2.0	0.0	0.0	0.0	0.0	1.0	0.0	0.0	1.0	0.0	7	5	8	0.2571428571428572	-0.22	-0.2875	sars_cov2	0.0	0.0	0.1428571428571428	0.0	0.0	0.0	0.0	0.1428571428571428	0.0	0.0	0.1428571428571428	0.0	0.0	0.0	0.0	0.2857142857142857	0.1428571428571428	0.0	0.0	0.1428571428571428	0.2	0.0	0.0	0.0	0.0	0.0	0.0	0.4	0.0	0.0	0.0	0.0	0.0	0.0	0.0	0.2	0.0	0.0	0.2	0.0	0.0	0.0	0.0	0.25	0.0	0.0	0.0	0.25	0.0	0.0	0.25	0.0	0.0	0.0	0.0	0.125	0.0	0.0	0.125	0.0
8hc6	H	GLGDYLDS	YAGGS	GLTVSSN		0.0	8.342857142857143	112.11571428571428		0.0	8.3	105.102		-0.25	8.65	120.62	0.0	0.0	1.0	0.0	0.0	0.0	0.0	1.0	0.0	0.0	1.0	0.0	0.0	0.0	0.0	2.0	1.0	0.0	0.0	1.0	1.0	0.0	0.0	0.0	0.0	0.0	0.0	2.0	0.0	0.0	0.0	0.0	0.0	0.0	0.0	1.0	0.0	0.0	1.0	0.0	0.0	0.0	0.0	2.0	0.0	0.0	0.0	2.0	0.0	0.0	2.0	0.0	0.0	0.0	0.0	1.0	0.0	0.0	1.0	0.0	7	5	8	0.2571428571428572	-0.22	-0.2875	sars_cov2	0.0	0.0	0.1428571428571428	0.0	0.0	0.0	0.0	0.1428571428571428	0.0	0.0	0.1428571428571428	0.0	0.0	0.0	0.0	0.2857142857142857	0.1428571428571428	0.0	0.0	0.1428571428571428	0.2	0.0	0.0	0.0	0.0	0.0	0.0	0.4	0.0	0.0	0.0	0.0	0.0	0.0	0.0	0.2	0.0	0.0	0.2	0.0	0.0	0.0	0.0	0.25	0.0	0.0	0.0	0.25	0.0	0.0	0.25	0.0	0.0	0.0	0.0	0.125	0.0	0.0	0.125	0.0
8hc7	H	GLGDYLDS	YAGGS	GLTVSSN		0.0	8.342857142857143	112.11571428571428		0.0	8.3	105.102		-0.25	8.65	120.62	0.0	0.0	1.0	0.0	0.0	0.0	0.0	1.0	0.0	0.0	1.0	0.0	0.0	0.0	0.0	2.0	1.0	0.0	0.0	1.0	1.0	0.0	0.0	0.0	0.0	0.0	0.0	2.0	0.0	0.0	0.0	0.0	0.0	0.0	0.0	1.0	0.0	0.0	1.0	0.0	0.0	0.0	0.0	2.0	0.0	0.0	0.0	2.0	0.0	0.0	2.0	0.0	0.0	0.0	0.0	1.0	0.0	0.0	1.0	0.0	7	5	8	0.2571428571428572	-0.22	-0.2875	sars_cov2	0.0	0.0	0.1428571428571428	0.0	0.0	0.0	0.0	0.1428571428571428	0.0	0.0	0.1428571428571428	0.0	0.0	0.0	0.0	0.2857142857142857	0.1428571428571428	0.0	0.0	0.1428571428571428	0.2	0.0	0.0	0.0	0.0	0.0	0.0	0.4	0.0	0.0	0.0	0.0	0.0	0.0	0.0	0.2	0.0	0.0	0.2	0.0	0.0	0.0	0.0	0.25	0.0	0.0	0.0	0.25	0.0	0.0	0.25	0.0	0.0	0.0	0.0	0.125	0.0	0.0	0.125	0.0
8hc8	H	TRSRSVRNCTSATCPVDAFDL	SSNILSSTSY	GFSFITY		0.0	6.942857142857143	134.5742857142857		0.0	8.25	122.022		0.0476190476190476	8.552380952380952	126.65809523809524	0.0	0.0	0.0	0.0	0.0	0.0	0.0	1.0	0.0	1.0	0.0	0.0	0.0	2.0	0.0	1.0	1.0	0.0	1.0	0.0	0.0	0.0	1.0	0.0	0.0	0.0	0.0	0.0	0.0	1.0	1.0	0.0	0.0	0.0	0.0	5.0	1.0	0.0	1.0	0.0	2.0	3.0	1.0	2.0	2.0	0.0	0.0	0.0	0.0	0.0	1.0	0.0	0.0	1.0	1.0	3.0	3.0	0.0	0.0	2.0	7	10	21	0.9857142857142857	-0.1199999999999999	-0.3095238095238094	sars_cov2	0.0	0.0	0.0	0.0	0.0	0.0	0.0	0.1428571428571428	0.0	0.1428571428571428	0.0	0.0	0.0	0.2857142857142857	0.0	0.1428571428571428	0.1428571428571428	0.0	0.1428571428571428	0.0	0.0	0.0	0.1	0.0	0.0	0.0	0.0	0.0	0.0	0.1	0.1	0.0	0.0	0.0	0.0	0.5	0.1	0.0	0.1	0.0	0.0952380952380952	0.1428571428571428	0.0476190476190476	0.0952380952380952	0.0952380952380952	0.0	0.0	0.0	0.0	0.0	0.0476190476190476	0.0	0.0	0.0476190476190476	0.0476190476190476	0.1428571428571428	0.1428571428571428	0.0	0.0	0.0952380952380952
8hc9	D	TRSRSVRNCTSATCPVDAFDL	SSNILSSTSY	GFSFITY		0.0	6.942857142857143	134.5742857142857		0.0	8.25	122.022		0.0476190476190476	8.552380952380952	126.65809523809524	0.0	0.0	0.0	0.0	0.0	0.0	0.0	1.0	0.0	1.0	0.0	0.0	0.0	2.0	0.0	1.0	1.0	0.0	1.0	0.0	0.0	0.0	1.0	0.0	0.0	0.0	0.0	0.0	0.0	1.0	1.0	0.0	0.0	0.0	0.0	5.0	1.0	0.0	1.0	0.0	2.0	3.0	1.0	2.0	2.0	0.0	0.0	0.0	0.0	0.0	1.0	0.0	0.0	1.0	1.0	3.0	3.0	0.0	0.0	2.0	7	10	21	0.9857142857142857	-0.1199999999999999	-0.3095238095238094	sars_cov2	0.0	0.0	0.0	0.0	0.0	0.0	0.0	0.1428571428571428	0.0	0.1428571428571428	0.0	0.0	0.0	0.2857142857142857	0.0	0.1428571428571428	0.1428571428571428	0.0	0.1428571428571428	0.0	0.0	0.0	0.1	0.0	0.0	0.0	0.0	0.0	0.0	0.1	0.1	0.0	0.0	0.0	0.0	0.5	0.1	0.0	0.1	0.0	0.0952380952380952	0.1428571428571428	0.0476190476190476	0.0952380952380952	0.0952380952380952	0.0	0.0	0.0	0.0	0.0	0.0476190476190476	0.0	0.0	0.0476190476190476	0.0476190476190476	0.1428571428571428	0.1428571428571428	0.0	0.0	0.0952380952380952
8hca	D	TRSRSVRNCTSATCPVDAFDL	SSNILSSTSY	GFSFITY		0.0	6.942857142857143	134.5742857142857		0.0	8.25	122.022		0.0476190476190476	8.552380952380952	126.65809523809524	0.0	0.0	0.0	0.0	0.0	0.0	0.0	1.0	0.0	1.0	0.0	0.0	0.0	2.0	0.0	1.0	1.0	0.0	1.0	0.0	0.0	0.0	1.0	0.0	0.0	0.0	0.0	0.0	0.0	1.0	1.0	0.0	0.0	0.0	0.0	5.0	1.0	0.0	1.0	0.0	2.0	3.0	1.0	2.0	2.0	0.0	0.0	0.0	0.0	0.0	1.0	0.0	0.0	1.0	1.0	3.0	3.0	0.0	0.0	2.0	7	10	21	0.9857142857142857	-0.1199999999999999	-0.3095238095238094	sars_cov2	0.0	0.0	0.0	0.0	0.0	0.0	0.0	0.1428571428571428	0.0	0.1428571428571428	0.0	0.0	0.0	0.2857142857142857	0.0	0.1428571428571428	0.1428571428571428	0.0	0.1428571428571428	0.0	0.0	0.0	0.1	0.0	0.0	0.0	0.0	0.0	0.0	0.1	0.1	0.0	0.0	0.0	0.0	0.5	0.1	0.0	0.1	0.0	0.0952380952380952	0.1428571428571428	0.0476190476190476	0.0952380952380952	0.0952380952380952	0.0	0.0	0.0	0.0	0.0	0.0476190476190476	0.0	0.0	0.0476190476190476	0.0476190476190476	0.1428571428571428	0.1428571428571428	0.0	0.0	0.0952380952380952
8hcb	D	TRSRSVRNCTSATCPVDAFDL	SSNILSSTSY	GFSFITY		0.0	6.942857142857143	134.5742857142857		0.0	8.25	122.022		0.0476190476190476	8.552380952380952	126.65809523809524	0.0	0.0	0.0	0.0	0.0	0.0	0.0	1.0	0.0	1.0	0.0	0.0	0.0	2.0	0.0	1.0	1.0	0.0	1.0	0.0	0.0	0.0	1.0	0.0	0.0	0.0	0.0	0.0	0.0	1.0	1.0	0.0	0.0	0.0	0.0	5.0	1.0	0.0	1.0	0.0	2.0	3.0	1.0	2.0	2.0	0.0	0.0	0.0	0.0	0.0	1.0	0.0	0.0	1.0	1.0	3.0	3.0	0.0	0.0	2.0	7	10	21	0.9857142857142857	-0.1199999999999999	-0.3095238095238094	sars_cov2	0.0	0.0	0.0	0.0	0.0	0.0	0.0	0.1428571428571428	0.0	0.1428571428571428	0.0	0.0	0.0	0.2857142857142857	0.0	0.1428571428571428	0.1428571428571428	0.0	0.1428571428571428	0.0	0.0	0.0	0.1	0.0	0.0	0.0	0.0	0.0	0.0	0.1	0.1	0.0	0.0	0.0	0.0	0.5	0.1	0.0	0.1	0.0	0.0952380952380952	0.1428571428571428	0.0476190476190476	0.0952380952380952	0.0952380952380952	0.0	0.0	0.0	0.0	0.0	0.0476190476190476	0.0	0.0	0.0476190476190476	0.0476190476190476	0.1428571428571428	0.1428571428571428	0.0	0.0	0.0952380952380952
7wh8	B	EGLAFLGYGMDV	LPTFGT	GGTFSNY		0.0	8.4	121.83571428571427		0.0	7.383333333333334	120.79999999999995		-0.1666666666666666	7.766666666666668	122.46750000000002	0.0	0.0	1.0	0.0	0.0	0.0	0.0	2.0	0.0	0.0	0.0	0.0	0.0	1.0	0.0	1.0	1.0	0.0	1.0	0.0	0.0	0.0	0.0	0.0	0.0	0.0	0.0	1.0	0.0	0.0	1.0	0.0	0.0	1.0	1.0	0.0	2.0	0.0	0.0	0.0	1.0	0.0	0.0	1.0	0.0	0.0	1.0	3.0	0.0	0.0	2.0	0.0	1.0	1.0	0.0	0.0	0.0	0.0	1.0	1.0	7	6	12	-0.6142857142857142	0.5333333333333333	0.7333333333333334	sars_cov2	0.0	0.0	0.1428571428571428	0.0	0.0	0.0	0.0	0.2857142857142857	0.0	0.0	0.0	0.0	0.0	0.1428571428571428	0.0	0.1428571428571428	0.1428571428571428	0.0	0.1428571428571428	0.0	0.0	0.0	0.0	0.0	0.0	0.0	0.0	0.1666666666666666	0.0	0.0	0.1666666666666666	0.0	0.0	0.1666666666666666	0.1666666666666666	0.0	0.3333333333333333	0.0	0.0	0.0	0.0833333333333333	0.0	0.0	0.0833333333333333	0.0	0.0	0.0833333333333333	0.25	0.0	0.0	0.1666666666666666	0.0	0.0833333333333333	0.0833333333333333	0.0	0.0	0.0	0.0	0.0833333333333333	0.0833333333333333
7whb	D	EGLAFLGYGMDV	LPTFGT	GGTFSNY		0.0	8.4	121.83571428571427		0.0	7.383333333333334	120.79999999999995		-0.1666666666666666	7.766666666666668	122.46750000000002	0.0	0.0	1.0	0.0	0.0	0.0	0.0	2.0	0.0	0.0	0.0	0.0	0.0	1.0	0.0	1.0	1.0	0.0	1.0	0.0	0.0	0.0	0.0	0.0	0.0	0.0	0.0	1.0	0.0	0.0	1.0	0.0	0.0	1.0	1.0	0.0	2.0	0.0	0.0	0.0	1.0	0.0	0.0	1.0	0.0	0.0	1.0	3.0	0.0	0.0	2.0	0.0	1.0	1.0	0.0	0.0	0.0	0.0	1.0	1.0	7	6	12	-0.6142857142857142	0.5333333333333333	0.7333333333333334	sars_cov2	0.0	0.0	0.1428571428571428	0.0	0.0	0.0	0.0	0.2857142857142857	0.0	0.0	0.0	0.0	0.0	0.1428571428571428	0.0	0.1428571428571428	0.1428571428571428	0.0	0.1428571428571428	0.0	0.0	0.0	0.0	0.0	0.0	0.0	0.0	0.1666666666666666	0.0	0.0	0.1666666666666666	0.0	0.0	0.1666666666666666	0.1666666666666666	0.0	0.3333333333333333	0.0	0.0	0.0	0.0833333333333333	0.0	0.0	0.0833333333333333	0.0	0.0	0.0833333333333333	0.25	0.0	0.0	0.1666666666666666	0.0	0.0833333333333333	0.0833333333333333	0.0	0.0	0.0	0.0	0.0833333333333333	0.0833333333333333
7whd	D	EGLAFLGYGMDV	LPTFGT	GGTFSNY		0.0	8.4	121.83571428571427		0.0	7.383333333333334	120.79999999999995		-0.1666666666666666	7.766666666666668	122.46750000000002	0.0	0.0	1.0	0.0	0.0	0.0	0.0	2.0	0.0	0.0	0.0	0.0	0.0	1.0	0.0	1.0	1.0	0.0	1.0	0.0	0.0	0.0	0.0	0.0	0.0	0.0	0.0	1.0	0.0	0.0	1.0	0.0	0.0	1.0	1.0	0.0	2.0	0.0	0.0	0.0	1.0	0.0	0.0	1.0	0.0	0.0	1.0	3.0	0.0	0.0	2.0	0.0	1.0	1.0	0.0	0.0	0.0	0.0	1.0	1.0	7	6	12	-0.6142857142857142	0.5333333333333333	0.7333333333333334	sars_cov2	0.0	0.0	0.1428571428571428	0.0	0.0	0.0	0.0	0.2857142857142857	0.0	0.0	0.0	0.0	0.0	0.1428571428571428	0.0	0.1428571428571428	0.1428571428571428	0.0	0.1428571428571428	0.0	0.0	0.0	0.0	0.0	0.0	0.0	0.0	0.1666666666666666	0.0	0.0	0.1666666666666666	0.0	0.0	0.1666666666666666	0.1666666666666666	0.0	0.3333333333333333	0.0	0.0	0.0	0.0833333333333333	0.0	0.0	0.0833333333333333	0.0	0.0	0.0833333333333333	0.25	0.0	0.0	0.1666666666666666	0.0	0.0833333333333333	0.0833333333333333	0.0	0.0	0.0	0.0	0.0833333333333333	0.0833333333333333
8dxu	H	EATAGFDY	WYDGSD	GFTFSSY		0.0	7.514285714285713	130.84857142857143		-0.3333333333333333	9.3	138.63		-0.25	8.812500000000002	124.8725	0.0	0.0	0.0	0.0	0.0	0.0	0.0	1.0	0.0	0.0	0.0	0.0	0.0	2.0	0.0	2.0	1.0	0.0	1.0	0.0	0.0	0.0	0.0	2.0	0.0	0.0	0.0	1.0	0.0	0.0	0.0	0.0	0.0	0.0	0.0	1.0	0.0	1.0	1.0	0.0	2.0	0.0	0.0	1.0	0.0	0.0	1.0	1.0	0.0	0.0	0.0	0.0	0.0	1.0	0.0	0.0	1.0	0.0	1.0	0.0	7	6	8	0.2285714285714286	-1.7333333333333334	-0.375	sars_cov2	0.0	0.0	0.0	0.0	0.0	0.0	0.0	0.1428571428571428	0.0	0.0	0.0	0.0	0.0	0.2857142857142857	0.0	0.2857142857142857	0.1428571428571428	0.0	0.1428571428571428	0.0	0.0	0.0	0.0	0.3333333333333333	0.0	0.0	0.0	0.1666666666666666	0.0	0.0	0.0	0.0	0.0	0.0	0.0	0.1666666666666666	0.0	0.1666666666666666	0.1666666666666666	0.0	0.25	0.0	0.0	0.125	0.0	0.0	0.125	0.125	0.0	0.0	0.0	0.0	0.0	0.125	0.0	0.0	0.125	0.0	0.125	0.0
7wcp	D	DYGDFYFDY	YPGGS	EFIVSRN		0.0	8.557142857142857	138.86428571428573		0.0	8.280000000000001	110.31		-0.3333333333333333	8.555555555555557	149.81333333333333	0.0	1.0	1.0	0.0	0.0	0.0	1.0	0.0	0.0	1.0	0.0	0.0	0.0	1.0	0.0	1.0	0.0	0.0	0.0	1.0	0.0	0.0	0.0	0.0	0.0	0.0	0.0	2.0	0.0	0.0	0.0	0.0	0.0	0.0	1.0	1.0	0.0	0.0	1.0	0.0	0.0	0.0	0.0	3.0	0.0	0.0	0.0	1.0	0.0	0.0	0.0	0.0	0.0	2.0	0.0	0.0	0.0	0.0	3.0	0.0	7	5	9	-0.1142857142857142	-0.9	-1.022222222222222	sars_cov2	0.0	0.1428571428571428	0.1428571428571428	0.0	0.0	0.0	0.1428571428571428	0.0	0.0	0.1428571428571428	0.0	0.0	0.0	0.1428571428571428	0.0	0.1428571428571428	0.0	0.0	0.0	0.1428571428571428	0.0	0.0	0.0	0.0	0.0	0.0	0.0	0.4	0.0	0.0	0.0	0.0	0.0	0.0	0.2	0.2	0.0	0.0	0.2	0.0	0.0	0.0	0.0	0.3333333333333333	0.0	0.0	0.0	0.1111111111111111	0.0	0.0	0.0	0.0	0.0	0.2222222222222222	0.0	0.0	0.0	0.0	0.3333333333333333	0.0
7wcu	A	DYGDFYFDY	YPGGS	EFIVSRN		0.0	8.557142857142857	138.86428571428573		0.0	8.280000000000001	110.31		-0.3333333333333333	8.555555555555557	149.81333333333333	0.0	1.0	1.0	0.0	0.0	0.0	1.0	0.0	0.0	1.0	0.0	0.0	0.0	1.0	0.0	1.0	0.0	0.0	0.0	1.0	0.0	0.0	0.0	0.0	0.0	0.0	0.0	2.0	0.0	0.0	0.0	0.0	0.0	0.0	1.0	1.0	0.0	0.0	1.0	0.0	0.0	0.0	0.0	3.0	0.0	0.0	0.0	1.0	0.0	0.0	0.0	0.0	0.0	2.0	0.0	0.0	0.0	0.0	3.0	0.0	7	5	9	-0.1142857142857142	-0.9	-1.022222222222222	sars_cov2	0.0	0.1428571428571428	0.1428571428571428	0.0	0.0	0.0	0.1428571428571428	0.0	0.0	0.1428571428571428	0.0	0.0	0.0	0.1428571428571428	0.0	0.1428571428571428	0.0	0.0	0.0	0.1428571428571428	0.0	0.0	0.0	0.0	0.0	0.0	0.0	0.4	0.0	0.0	0.0	0.0	0.0	0.0	0.2	0.2	0.0	0.0	0.2	0.0	0.0	0.0	0.0	0.3333333333333333	0.0	0.0	0.0	0.1111111111111111	0.0	0.0	0.0	0.0	0.0	0.2222222222222222	0.0	0.0	0.0	0.0	0.3333333333333333	0.0
7wti	H	HKIEYIFDY	YWDGD	GFSLNTGGA		0.0	8.288888888888888	107.44333333333331		-0.4	9.32	145.338		0.0	8.333333333333336	152.38777777777776	1.0	0.0	1.0	0.0	0.0	0.0	0.0	3.0	0.0	0.0	1.0	0.0	0.0	1.0	0.0	1.0	1.0	0.0	0.0	0.0	0.0	0.0	0.0	2.0	0.0	0.0	0.0	1.0	0.0	0.0	0.0	0.0	0.0	0.0	0.0	0.0	0.0	1.0	1.0	0.0	0.0	0.0	0.0	1.0	0.0	0.0	1.0	0.0	1.0	2.0	0.0	1.0	0.0	1.0	0.0	0.0	0.0	0.0	2.0	0.0	9	5	9	0.2444444444444443	-1.9200000000000004	-0.5444444444444444	sars_cov2	0.1111111111111111	0.0	0.1111111111111111	0.0	0.0	0.0	0.0	0.3333333333333333	0.0	0.0	0.1111111111111111	0.0	0.0	0.1111111111111111	0.0	0.1111111111111111	0.1111111111111111	0.0	0.0	0.0	0.0	0.0	0.0	0.4	0.0	0.0	0.0	0.2	0.0	0.0	0.0	0.0	0.0	0.0	0.0	0.0	0.0	0.2	0.2	0.0	0.0	0.0	0.0	0.1111111111111111	0.0	0.0	0.1111111111111111	0.0	0.1111111111111111	0.2222222222222222	0.0	0.1111111111111111	0.0	0.1111111111111111	0.0	0.0	0.0	0.0	0.2222222222222222	0.0
7wtf	H	LDGYSFGHDRYYQDGMDD	IPIFGT	GGTFSNY		0.0	8.4	121.83571428571427		0.0	6.866666666666666	122.80833333333334		-0.1666666666666666	9.27777777777778	136.69166666666666	0.0	0.0	1.0	0.0	0.0	0.0	0.0	2.0	0.0	0.0	0.0	0.0	0.0	1.0	0.0	1.0	1.0	0.0	1.0	0.0	0.0	0.0	0.0	0.0	0.0	0.0	0.0	1.0	0.0	2.0	0.0	0.0	0.0	1.0	1.0	0.0	1.0	0.0	0.0	0.0	0.0	1.0	0.0	5.0	0.0	1.0	0.0	3.0	1.0	0.0	1.0	0.0	1.0	1.0	0.0	1.0	0.0	0.0	3.0	0.0	7	6	18	-0.6142857142857142	1.5166666666666666	-1.4500000000000002	sars_cov2	0.0	0.0	0.1428571428571428	0.0	0.0	0.0	0.0	0.2857142857142857	0.0	0.0	0.0	0.0	0.0	0.1428571428571428	0.0	0.1428571428571428	0.1428571428571428	0.0	0.1428571428571428	0.0	0.0	0.0	0.0	0.0	0.0	0.0	0.0	0.1666666666666666	0.0	0.3333333333333333	0.0	0.0	0.0	0.1666666666666666	0.1666666666666666	0.0	0.1666666666666666	0.0	0.0	0.0	0.0	0.0555555555555555	0.0	0.2777777777777778	0.0	0.0555555555555555	0.0	0.1666666666666666	0.0555555555555555	0.0	0.0555555555555555	0.0	0.0555555555555555	0.0555555555555555	0.0	0.0555555555555555	0.0	0.0	0.1666666666666666	0.0
7wtg	H	LDGYSFGHDRYYQDGMDD	IPIFGT	GGTFSNY		0.0	8.4	121.83571428571427		0.0	6.866666666666666	122.80833333333334		-0.1666666666666666	9.27777777777778	136.69166666666666	0.0	0.0	1.0	0.0	0.0	0.0	0.0	2.0	0.0	0.0	0.0	0.0	0.0	1.0	0.0	1.0	1.0	0.0	1.0	0.0	0.0	0.0	0.0	0.0	0.0	0.0	0.0	1.0	0.0	2.0	0.0	0.0	0.0	1.0	1.0	0.0	1.0	0.0	0.0	0.0	0.0	1.0	0.0	5.0	0.0	1.0	0.0	3.0	1.0	0.0	1.0	0.0	1.0	1.0	0.0	1.0	0.0	0.0	3.0	0.0	7	6	18	-0.6142857142857142	1.5166666666666666	-1.4500000000000002	sars_cov2	0.0	0.0	0.1428571428571428	0.0	0.0	0.0	0.0	0.2857142857142857	0.0	0.0	0.0	0.0	0.0	0.1428571428571428	0.0	0.1428571428571428	0.1428571428571428	0.0	0.1428571428571428	0.0	0.0	0.0	0.0	0.0	0.0	0.0	0.0	0.1666666666666666	0.0	0.3333333333333333	0.0	0.0	0.0	0.1666666666666666	0.1666666666666666	0.0	0.1666666666666666	0.0	0.0	0.0	0.0	0.0555555555555555	0.0	0.2777777777777778	0.0	0.0555555555555555	0.0	0.1666666666666666	0.0555555555555555	0.0	0.0555555555555555	0.0	0.0555555555555555	0.0555555555555555	0.0	0.0555555555555555	0.0	0.0	0.1666666666666666	0.0
7wth	H	HKIEYIFDY	YWDGD	GFSLNTGGA		0.0	8.288888888888888	107.44333333333331		-0.4	9.32	145.338		0.0	8.333333333333336	152.38777777777776	1.0	0.0	1.0	0.0	0.0	0.0	0.0	3.0	0.0	0.0	1.0	0.0	0.0	1.0	0.0	1.0	1.0	0.0	0.0	0.0	0.0	0.0	0.0	2.0	0.0	0.0	0.0	1.0	0.0	0.0	0.0	0.0	0.0	0.0	0.0	0.0	0.0	1.0	1.0	0.0	0.0	0.0	0.0	1.0	0.0	0.0	1.0	0.0	1.0	2.0	0.0	1.0	0.0	1.0	0.0	0.0	0.0	0.0	2.0	0.0	9	5	9	0.2444444444444443	-1.9200000000000004	-0.5444444444444444	sars_cov2	0.1111111111111111	0.0	0.1111111111111111	0.0	0.0	0.0	0.0	0.3333333333333333	0.0	0.0	0.1111111111111111	0.0	0.0	0.1111111111111111	0.0	0.1111111111111111	0.1111111111111111	0.0	0.0	0.0	0.0	0.0	0.0	0.4	0.0	0.0	0.0	0.2	0.0	0.0	0.0	0.0	0.0	0.0	0.0	0.0	0.0	0.2	0.2	0.0	0.0	0.0	0.0	0.1111111111111111	0.0	0.0	0.1111111111111111	0.0	0.1111111111111111	0.2222222222222222	0.0	0.1111111111111111	0.0	0.1111111111111111	0.0	0.0	0.0	0.0	0.2222222222222222	0.0
7wtj	H	AEGSSWLGWFDP	NPGDGG	GYTFSSY		0.0	7.657142857142857	133.1342857142857		-0.1666666666666666	9.933333333333334	100.92666666666666		-0.1666666666666666	8.225	129.13250000000002	0.0	0.0	0.0	0.0	0.0	0.0	0.0	1.0	0.0	0.0	0.0	0.0	0.0	1.0	0.0	2.0	1.0	0.0	2.0	0.0	0.0	0.0	1.0	1.0	0.0	0.0	0.0	3.0	0.0	0.0	0.0	0.0	0.0	0.0	1.0	0.0	0.0	0.0	0.0	0.0	1.0	0.0	0.0	1.0	0.0	0.0	1.0	2.0	0.0	0.0	1.0	0.0	0.0	1.0	1.0	2.0	0.0	2.0	0.0	0.0	7	6	12	-0.3571428571428572	-1.6333333333333335	-0.3666666666666667	sars_cov2	0.0	0.0	0.0	0.0	0.0	0.0	0.0	0.1428571428571428	0.0	0.0	0.0	0.0	0.0	0.1428571428571428	0.0	0.2857142857142857	0.1428571428571428	0.0	0.2857142857142857	0.0	0.0	0.0	0.1666666666666666	0.1666666666666666	0.0	0.0	0.0	0.5	0.0	0.0	0.0	0.0	0.0	0.0	0.1666666666666666	0.0	0.0	0.0	0.0	0.0	0.0833333333333333	0.0	0.0	0.0833333333333333	0.0	0.0	0.0833333333333333	0.1666666666666666	0.0	0.0	0.0833333333333333	0.0	0.0	0.0833333333333333	0.0833333333333333	0.1666666666666666	0.0	0.1666666666666666	0.0	0.0
7wtk	H	AEGSSWLGWFDP	NPGDGG	GYTFSSY		0.0	7.657142857142857	133.1342857142857		-0.1666666666666666	9.933333333333334	100.92666666666666		-0.1666666666666666	8.225	129.13250000000002	0.0	0.0	0.0	0.0	0.0	0.0	0.0	1.0	0.0	0.0	0.0	0.0	0.0	1.0	0.0	2.0	1.0	0.0	2.0	0.0	0.0	0.0	1.0	1.0	0.0	0.0	0.0	3.0	0.0	0.0	0.0	0.0	0.0	0.0	1.0	0.0	0.0	0.0	0.0	0.0	1.0	0.0	0.0	1.0	0.0	0.0	1.0	2.0	0.0	0.0	1.0	0.0	0.0	1.0	1.0	2.0	0.0	2.0	0.0	0.0	7	6	12	-0.3571428571428572	-1.6333333333333335	-0.3666666666666667	sars_cov2	0.0	0.0	0.0	0.0	0.0	0.0	0.0	0.1428571428571428	0.0	0.0	0.0	0.0	0.0	0.1428571428571428	0.0	0.2857142857142857	0.1428571428571428	0.0	0.2857142857142857	0.0	0.0	0.0	0.1666666666666666	0.1666666666666666	0.0	0.0	0.0	0.5	0.0	0.0	0.0	0.0	0.0	0.0	0.1666666666666666	0.0	0.0	0.0	0.0	0.0	0.0833333333333333	0.0	0.0	0.0833333333333333	0.0	0.0	0.0833333333333333	0.1666666666666666	0.0	0.0	0.0833333333333333	0.0	0.0	0.0833333333333333	0.0833333333333333	0.1666666666666666	0.0	0.1666666666666666	0.0	0.0
8dw2	D	DYTRGAWFGESLIGGFDN	STYNGN	GYPFTSY		0.0	7.485714285714287	134.56857142857143		0.0	9.366666666666664	124.11833333333333		-0.1111111111111111	8.577777777777778	128.40944444444443	0.0	0.0	0.0	0.0	0.0	0.0	0.0	1.0	0.0	0.0	0.0	0.0	0.0	1.0	1.0	1.0	1.0	0.0	2.0	0.0	0.0	0.0	2.0	0.0	0.0	0.0	0.0	1.0	0.0	0.0	0.0	0.0	0.0	0.0	0.0	1.0	1.0	0.0	1.0	0.0	1.0	1.0	1.0	2.0	0.0	0.0	1.0	4.0	0.0	1.0	1.0	0.0	0.0	2.0	0.0	1.0	1.0	1.0	1.0	0.0	7	6	18	-0.4714285714285715	-1.7	-0.45	sars_cov2	0.0	0.0	0.0	0.0	0.0	0.0	0.0	0.1428571428571428	0.0	0.0	0.0	0.0	0.0	0.1428571428571428	0.1428571428571428	0.1428571428571428	0.1428571428571428	0.0	0.2857142857142857	0.0	0.0	0.0	0.3333333333333333	0.0	0.0	0.0	0.0	0.1666666666666666	0.0	0.0	0.0	0.0	0.0	0.0	0.0	0.1666666666666666	0.1666666666666666	0.0	0.1666666666666666	0.0	0.0555555555555555	0.0555555555555555	0.0555555555555555	0.1111111111111111	0.0	0.0	0.0555555555555555	0.2222222222222222	0.0	0.0555555555555555	0.0555555555555555	0.0	0.0	0.1111111111111111	0.0	0.0555555555555555	0.0555555555555555	0.0555555555555555	0.0555555555555555	0.0
8dw3	D	DYTRGAWFGESLIGGFDN	STYNGN	GYPFTSY		0.0	7.485714285714287	134.56857142857143		0.0	9.366666666666664	124.11833333333333		-0.1111111111111111	8.577777777777778	128.40944444444443	0.0	0.0	0.0	0.0	0.0	0.0	0.0	1.0	0.0	0.0	0.0	0.0	0.0	1.0	1.0	1.0	1.0	0.0	2.0	0.0	0.0	0.0	2.0	0.0	0.0	0.0	0.0	1.0	0.0	0.0	0.0	0.0	0.0	0.0	0.0	1.0	1.0	0.0	1.0	0.0	1.0	1.0	1.0	2.0	0.0	0.0	1.0	4.0	0.0	1.0	1.0	0.0	0.0	2.0	0.0	1.0	1.0	1.0	1.0	0.0	7	6	18	-0.4714285714285715	-1.7	-0.45	sars_cov2	0.0	0.0	0.0	0.0	0.0	0.0	0.0	0.1428571428571428	0.0	0.0	0.0	0.0	0.0	0.1428571428571428	0.1428571428571428	0.1428571428571428	0.1428571428571428	0.0	0.2857142857142857	0.0	0.0	0.0	0.3333333333333333	0.0	0.0	0.0	0.0	0.1666666666666666	0.0	0.0	0.0	0.0	0.0	0.0	0.0	0.1666666666666666	0.1666666666666666	0.0	0.1666666666666666	0.0	0.0555555555555555	0.0555555555555555	0.0555555555555555	0.1111111111111111	0.0	0.0	0.0555555555555555	0.2222222222222222	0.0	0.0555555555555555	0.0555555555555555	0.0	0.0	0.1111111111111111	0.0	0.0555555555555555	0.0555555555555555	0.0555555555555555	0.0555555555555555	0.0
7yr0	C	DYTRGAWFGESLIGGFDN	STYNGN	GYPFTSY		0.0	7.485714285714287	134.56857142857143		0.0	9.366666666666664	124.11833333333333		-0.1111111111111111	8.577777777777778	128.40944444444443	0.0	0.0	0.0	0.0	0.0	0.0	0.0	1.0	0.0	0.0	0.0	0.0	0.0	1.0	1.0	1.0	1.0	0.0	2.0	0.0	0.0	0.0	2.0	0.0	0.0	0.0	0.0	1.0	0.0	0.0	0.0	0.0	0.0	0.0	0.0	1.0	1.0	0.0	1.0	0.0	1.0	1.0	1.0	2.0	0.0	0.0	1.0	4.0	0.0	1.0	1.0	0.0	0.0	2.0	0.0	1.0	1.0	1.0	1.0	0.0	7	6	18	-0.4714285714285715	-1.7	-0.45	sars_cov2	0.0	0.0	0.0	0.0	0.0	0.0	0.0	0.1428571428571428	0.0	0.0	0.0	0.0	0.0	0.1428571428571428	0.1428571428571428	0.1428571428571428	0.1428571428571428	0.0	0.2857142857142857	0.0	0.0	0.0	0.3333333333333333	0.0	0.0	0.0	0.0	0.1666666666666666	0.0	0.0	0.0	0.0	0.0	0.0	0.0	0.1666666666666666	0.1666666666666666	0.0	0.1666666666666666	0.0	0.0555555555555555	0.0555555555555555	0.0555555555555555	0.1111111111111111	0.0	0.0	0.0555555555555555	0.2222222222222222	0.0	0.0555555555555555	0.0555555555555555	0.0	0.0	0.1111111111111111	0.0	0.0555555555555555	0.0555555555555555	0.0555555555555555	0.0555555555555555	0.0
7xco	H	DYTRGAWFGESLIGGFDN	STYNGN	GYPFTSY		0.0	7.485714285714287	134.56857142857143		0.0	9.366666666666664	124.11833333333333		-0.1111111111111111	8.577777777777778	128.40944444444443	0.0	0.0	0.0	0.0	0.0	0.0	0.0	1.0	0.0	0.0	0.0	0.0	0.0	1.0	1.0	1.0	1.0	0.0	2.0	0.0	0.0	0.0	2.0	0.0	0.0	0.0	0.0	1.0	0.0	0.0	0.0	0.0	0.0	0.0	0.0	1.0	1.0	0.0	1.0	0.0	1.0	1.0	1.0	2.0	0.0	0.0	1.0	4.0	0.0	1.0	1.0	0.0	0.0	2.0	0.0	1.0	1.0	1.0	1.0	0.0	7	6	18	-0.4714285714285715	-1.7	-0.45	sars_cov2	0.0	0.0	0.0	0.0	0.0	0.0	0.0	0.1428571428571428	0.0	0.0	0.0	0.0	0.0	0.1428571428571428	0.1428571428571428	0.1428571428571428	0.1428571428571428	0.0	0.2857142857142857	0.0	0.0	0.0	0.3333333333333333	0.0	0.0	0.0	0.0	0.1666666666666666	0.0	0.0	0.0	0.0	0.0	0.0	0.0	0.1666666666666666	0.1666666666666666	0.0	0.1666666666666666	0.0	0.0555555555555555	0.0555555555555555	0.0555555555555555	0.1111111111111111	0.0	0.0	0.0555555555555555	0.2222222222222222	0.0	0.0555555555555555	0.0555555555555555	0.0	0.0	0.1111111111111111	0.0	0.0555555555555555	0.0555555555555555	0.0555555555555555	0.0555555555555555	0.0
7xck	A	DYTRGAWFGESLIGGFDN	STYNGN	GYPFTSY		0.0	7.485714285714287	134.56857142857143		0.0	9.366666666666664	124.11833333333333		-0.1111111111111111	8.577777777777778	128.40944444444443	0.0	0.0	0.0	0.0	0.0	0.0	0.0	1.0	0.0	0.0	0.0	0.0	0.0	1.0	1.0	1.0	1.0	0.0	2.0	0.0	0.0	0.0	2.0	0.0	0.0	0.0	0.0	1.0	0.0	0.0	0.0	0.0	0.0	0.0	0.0	1.0	1.0	0.0	1.0	0.0	1.0	1.0	1.0	2.0	0.0	0.0	1.0	4.0	0.0	1.0	1.0	0.0	0.0	2.0	0.0	1.0	1.0	1.0	1.0	0.0	7	6	18	-0.4714285714285715	-1.7	-0.45	sars_cov2	0.0	0.0	0.0	0.0	0.0	0.0	0.0	0.1428571428571428	0.0	0.0	0.0	0.0	0.0	0.1428571428571428	0.1428571428571428	0.1428571428571428	0.1428571428571428	0.0	0.2857142857142857	0.0	0.0	0.0	0.3333333333333333	0.0	0.0	0.0	0.0	0.1666666666666666	0.0	0.0	0.0	0.0	0.0	0.0	0.0	0.1666666666666666	0.1666666666666666	0.0	0.1666666666666666	0.0	0.0555555555555555	0.0555555555555555	0.0555555555555555	0.1111111111111111	0.0	0.0	0.0555555555555555	0.2222222222222222	0.0	0.0555555555555555	0.0555555555555555	0.0	0.0	0.1111111111111111	0.0	0.0555555555555555	0.0555555555555555	0.0555555555555555	0.0555555555555555	0.0
7xcp	H	GDSSGYYYYFDY	GTAGD	GFTFSSY		0.0	7.514285714285713	130.84857142857143		-0.2	9.54	98.29		-0.1666666666666666	8.216666666666667	141.47166666666666	0.0	0.0	0.0	0.0	0.0	0.0	0.0	1.0	0.0	0.0	0.0	0.0	0.0	2.0	0.0	2.0	1.0	0.0	1.0	0.0	1.0	0.0	0.0	1.0	0.0	0.0	0.0	2.0	0.0	0.0	0.0	0.0	0.0	0.0	0.0	0.0	1.0	0.0	0.0	0.0	0.0	0.0	0.0	2.0	0.0	0.0	0.0	2.0	0.0	0.0	0.0	0.0	0.0	1.0	0.0	2.0	0.0	0.0	5.0	0.0	7	5	12	0.2285714285714286	-0.64	-1.0916666666666668	sars_cov2	0.0	0.0	0.0	0.0	0.0	0.0	0.0	0.1428571428571428	0.0	0.0	0.0	0.0	0.0	0.2857142857142857	0.0	0.2857142857142857	0.1428571428571428	0.0	0.1428571428571428	0.0	0.2	0.0	0.0	0.2	0.0	0.0	0.0	0.4	0.0	0.0	0.0	0.0	0.0	0.0	0.0	0.0	0.2	0.0	0.0	0.0	0.0	0.0	0.0	0.1666666666666666	0.0	0.0	0.0	0.1666666666666666	0.0	0.0	0.0	0.0	0.0	0.0833333333333333	0.0	0.1666666666666666	0.0	0.0	0.4166666666666667	0.0
7yad	A	DYTRGAWFGESLIGGFDN	STYNGN	GYPFTSY		0.0	7.485714285714287	134.56857142857143		0.0	9.366666666666664	124.11833333333333		-0.1111111111111111	8.577777777777778	128.40944444444443	0.0	0.0	0.0	0.0	0.0	0.0	0.0	1.0	0.0	0.0	0.0	0.0	0.0	1.0	1.0	1.0	1.0	0.0	2.0	0.0	0.0	0.0	2.0	0.0	0.0	0.0	0.0	1.0	0.0	0.0	0.0	0.0	0.0	0.0	0.0	1.0	1.0	0.0	1.0	0.0	1.0	1.0	1.0	2.0	0.0	0.0	1.0	4.0	0.0	1.0	1.0	0.0	0.0	2.0	0.0	1.0	1.0	1.0	1.0	0.0	7	6	18	-0.4714285714285715	-1.7	-0.45	sars_cov2	0.0	0.0	0.0	0.0	0.0	0.0	0.0	0.1428571428571428	0.0	0.0	0.0	0.0	0.0	0.1428571428571428	0.1428571428571428	0.1428571428571428	0.1428571428571428	0.0	0.2857142857142857	0.0	0.0	0.0	0.3333333333333333	0.0	0.0	0.0	0.0	0.1666666666666666	0.0	0.0	0.0	0.0	0.0	0.0	0.0	0.1666666666666666	0.1666666666666666	0.0	0.1666666666666666	0.0	0.0555555555555555	0.0555555555555555	0.0555555555555555	0.1111111111111111	0.0	0.0	0.0555555555555555	0.2222222222222222	0.0	0.0555555555555555	0.0555555555555555	0.0	0.0	0.1111111111111111	0.0	0.0555555555555555	0.0555555555555555	0.0555555555555555	0.0555555555555555	0.0
8dls	H	STAVAGTPDLFDYYYGMDV	DPEDGE	GYTLTEL		-0.1428571428571428	7.785714285714285	129.13857142857142		-0.6666666666666666	11.266666666666666	125.11		-0.1578947368421052	8.094736842105263	126.81684210526316	0.0	0.0	0.0	0.0	0.0	0.0	1.0	1.0	0.0	0.0	2.0	0.0	0.0	0.0	0.0	0.0	2.0	0.0	1.0	0.0	0.0	0.0	0.0	2.0	0.0	0.0	2.0	1.0	0.0	0.0	0.0	0.0	0.0	0.0	1.0	0.0	0.0	0.0	0.0	0.0	2.0	0.0	0.0	3.0	0.0	0.0	0.0	2.0	0.0	0.0	1.0	0.0	1.0	1.0	1.0	1.0	2.0	0.0	3.0	2.0	7	6	19	0.1428571428571427	-2.6666666666666665	0.0789473684210525	sars_cov2	0.0	0.0	0.0	0.0	0.0	0.0	0.1428571428571428	0.1428571428571428	0.0	0.0	0.2857142857142857	0.0	0.0	0.0	0.0	0.0	0.2857142857142857	0.0	0.1428571428571428	0.0	0.0	0.0	0.0	0.3333333333333333	0.0	0.0	0.3333333333333333	0.1666666666666666	0.0	0.0	0.0	0.0	0.0	0.0	0.1666666666666666	0.0	0.0	0.0	0.0	0.0	0.1052631578947368	0.0	0.0	0.1578947368421052	0.0	0.0	0.0	0.1052631578947368	0.0	0.0	0.0526315789473684	0.0	0.0526315789473684	0.0526315789473684	0.0526315789473684	0.0526315789473684	0.1052631578947368	0.0	0.1578947368421052	0.1052631578947368
8dlw	C	AAPFYDFWSGYSYFDY	NPISSG	GYTFTGY		0.0	7.542857142857143	130.85		0.0	8.700000000000001	110.61166666666668		-0.125	7.712500000000001	141.8325	0.0	0.0	0.0	0.0	0.0	0.0	0.0	2.0	0.0	0.0	0.0	0.0	0.0	1.0	0.0	0.0	2.0	0.0	2.0	0.0	0.0	0.0	1.0	0.0	0.0	0.0	0.0	1.0	0.0	1.0	0.0	0.0	0.0	0.0	1.0	2.0	0.0	0.0	0.0	0.0	2.0	0.0	0.0	2.0	0.0	0.0	0.0	1.0	0.0	0.0	0.0	0.0	0.0	3.0	1.0	2.0	0.0	1.0	4.0	0.0	7	6	16	-0.2857142857142857	-0.4333333333333333	-0.29375	sars_cov2	0.0	0.0	0.0	0.0	0.0	0.0	0.0	0.2857142857142857	0.0	0.0	0.0	0.0	0.0	0.1428571428571428	0.0	0.0	0.2857142857142857	0.0	0.2857142857142857	0.0	0.0	0.0	0.1666666666666666	0.0	0.0	0.0	0.0	0.1666666666666666	0.0	0.1666666666666666	0.0	0.0	0.0	0.0	0.1666666666666666	0.3333333333333333	0.0	0.0	0.0	0.0	0.125	0.0	0.0	0.125	0.0	0.0	0.0	0.0625	0.0	0.0	0.0	0.0	0.0	0.1875	0.0625	0.125	0.0	0.0625	0.25	0.0
8dzh	E	GGYEDVFDI	YPGDSD	GFSFTSY		0.0	7.514285714285713	130.84857142857143		-0.3333333333333333	9.733333333333334	123.78000000000002		-0.3333333333333333	8.755555555555555	128.68555555555554	0.0	0.0	0.0	0.0	0.0	0.0	0.0	1.0	0.0	0.0	0.0	0.0	0.0	2.0	0.0	2.0	1.0	0.0	1.0	0.0	0.0	0.0	0.0	2.0	0.0	0.0	0.0	1.0	0.0	0.0	0.0	0.0	0.0	0.0	1.0	1.0	0.0	0.0	1.0	0.0	0.0	0.0	0.0	2.0	0.0	0.0	1.0	2.0	0.0	1.0	0.0	0.0	0.0	1.0	0.0	0.0	0.0	0.0	1.0	1.0	7	6	9	0.2285714285714284	-1.8500000000000003	-0.1222222222222221	sars_cov2	0.0	0.0	0.0	0.0	0.0	0.0	0.0	0.1428571428571428	0.0	0.0	0.0	0.0	0.0	0.2857142857142857	0.0	0.2857142857142857	0.1428571428571428	0.0	0.1428571428571428	0.0	0.0	0.0	0.0	0.3333333333333333	0.0	0.0	0.0	0.1666666666666666	0.0	0.0	0.0	0.0	0.0	0.0	0.1666666666666666	0.1666666666666666	0.0	0.0	0.1666666666666666	0.0	0.0	0.0	0.0	0.2222222222222222	0.0	0.0	0.1111111111111111	0.2222222222222222	0.0	0.1111111111111111	0.0	0.0	0.0	0.1111111111111111	0.0	0.0	0.0	0.0	0.1111111111111111	0.1111111111111111
8dzi	H	GGYEDVFDI	YPGDSD	GFSFTSY		0.0	7.514285714285713	130.84857142857143		-0.3333333333333333	9.733333333333334	123.78000000000002		-0.3333333333333333	8.755555555555555	128.68555555555554	0.0	0.0	0.0	0.0	0.0	0.0	0.0	1.0	0.0	0.0	0.0	0.0	0.0	2.0	0.0	2.0	1.0	0.0	1.0	0.0	0.0	0.0	0.0	2.0	0.0	0.0	0.0	1.0	0.0	0.0	0.0	0.0	0.0	0.0	1.0	1.0	0.0	0.0	1.0	0.0	0.0	0.0	0.0	2.0	0.0	0.0	1.0	2.0	0.0	1.0	0.0	0.0	0.0	1.0	0.0	0.0	0.0	0.0	1.0	1.0	7	6	9	0.2285714285714284	-1.8500000000000003	-0.1222222222222221	sars_cov2	0.0	0.0	0.0	0.0	0.0	0.0	0.0	0.1428571428571428	0.0	0.0	0.0	0.0	0.0	0.2857142857142857	0.0	0.2857142857142857	0.1428571428571428	0.0	0.1428571428571428	0.0	0.0	0.0	0.0	0.3333333333333333	0.0	0.0	0.0	0.1666666666666666	0.0	0.0	0.0	0.0	0.0	0.0	0.1666666666666666	0.1666666666666666	0.0	0.0	0.1666666666666666	0.0	0.0	0.0	0.0	0.2222222222222222	0.0	0.0	0.1111111111111111	0.2222222222222222	0.0	0.1111111111111111	0.0	0.0	0.0	0.1111111111111111	0.0	0.0	0.0	0.0	0.1111111111111111	0.1111111111111111
7upl	E	GEMTAVFGDY	YPGDSD	GYNFAYY		0.0	7.5	143.57714285714286		-0.3333333333333333	9.733333333333334	123.78000000000002		-0.2	8.3	125.132	1.0	0.0	1.0	0.0	0.0	0.0	0.0	1.0	0.0	0.0	0.0	0.0	0.0	1.0	0.0	0.0	0.0	0.0	3.0	0.0	0.0	0.0	0.0	2.0	0.0	0.0	0.0	1.0	0.0	0.0	0.0	0.0	0.0	0.0	1.0	1.0	0.0	0.0	1.0	0.0	1.0	0.0	0.0	1.0	0.0	0.0	1.0	2.0	0.0	0.0	0.0	0.0	1.0	1.0	0.0	0.0	1.0	0.0	1.0	1.0	7	6	10	-0.4571428571428572	-1.8500000000000003	0.0899999999999999	sars_cov2	0.1428571428571428	0.0	0.1428571428571428	0.0	0.0	0.0	0.0	0.1428571428571428	0.0	0.0	0.0	0.0	0.0	0.1428571428571428	0.0	0.0	0.0	0.0	0.4285714285714285	0.0	0.0	0.0	0.0	0.3333333333333333	0.0	0.0	0.0	0.1666666666666666	0.0	0.0	0.0	0.0	0.0	0.0	0.1666666666666666	0.1666666666666666	0.0	0.0	0.1666666666666666	0.0	0.1	0.0	0.0	0.1	0.0	0.0	0.1	0.2	0.0	0.0	0.0	0.0	0.1	0.1	0.0	0.0	0.1	0.0	0.1	0.1
7u0p	E	GEMTAVFGDY	YPGDSD	GYNFAYY		0.0	7.5	143.57714285714286		-0.3333333333333333	9.733333333333334	123.78000000000002		-0.2	8.3	125.132	1.0	0.0	1.0	0.0	0.0	0.0	0.0	1.0	0.0	0.0	0.0	0.0	0.0	1.0	0.0	0.0	0.0	0.0	3.0	0.0	0.0	0.0	0.0	2.0	0.0	0.0	0.0	1.0	0.0	0.0	0.0	0.0	0.0	0.0	1.0	1.0	0.0	0.0	1.0	0.0	1.0	0.0	0.0	1.0	0.0	0.0	1.0	2.0	0.0	0.0	0.0	0.0	1.0	1.0	0.0	0.0	1.0	0.0	1.0	1.0	7	6	10	-0.4571428571428572	-1.8500000000000003	0.0899999999999999	sars_cov2	0.1428571428571428	0.0	0.1428571428571428	0.0	0.0	0.0	0.0	0.1428571428571428	0.0	0.0	0.0	0.0	0.0	0.1428571428571428	0.0	0.0	0.0	0.0	0.4285714285714285	0.0	0.0	0.0	0.0	0.3333333333333333	0.0	0.0	0.0	0.1666666666666666	0.0	0.0	0.0	0.0	0.0	0.0	0.1666666666666666	0.1666666666666666	0.0	0.0	0.1666666666666666	0.0	0.1	0.0	0.0	0.1	0.0	0.0	0.1	0.2	0.0	0.0	0.0	0.0	0.1	0.1	0.0	0.0	0.1	0.0	0.1	0.1
7v23	O	NGGAHSSTWSFYGMDV	SSSGSQ	EFTFSSY		-0.1428571428571428	7.985714285714287	141.14285714285714		0.0	9.383333333333333	106.93		0.0	8.418750000000001	124.1275	0.0	0.0	0.0	0.0	0.0	0.0	1.0	0.0	0.0	0.0	0.0	0.0	0.0	2.0	0.0	2.0	1.0	0.0	1.0	0.0	0.0	0.0	0.0	0.0	0.0	1.0	0.0	1.0	0.0	0.0	0.0	0.0	0.0	0.0	0.0	4.0	0.0	0.0	0.0	0.0	1.0	0.0	1.0	1.0	0.0	0.0	0.0	3.0	1.0	0.0	0.0	0.0	1.0	1.0	0.0	3.0	1.0	1.0	1.0	1.0	7	6	16	-0.2142857142857143	-1.1833333333333331	-0.375	sars_cov2	0.0	0.0	0.0	0.0	0.0	0.0	0.1428571428571428	0.0	0.0	0.0	0.0	0.0	0.0	0.2857142857142857	0.0	0.2857142857142857	0.1428571428571428	0.0	0.1428571428571428	0.0	0.0	0.0	0.0	0.0	0.0	0.1666666666666666	0.0	0.1666666666666666	0.0	0.0	0.0	0.0	0.0	0.0	0.0	0.6666666666666666	0.0	0.0	0.0	0.0	0.0625	0.0	0.0625	0.0625	0.0	0.0	0.0	0.1875	0.0625	0.0	0.0	0.0	0.0625	0.0625	0.0	0.1875	0.0625	0.0625	0.0625	0.0625
7v24	H	NGGAHSSTWSFYGMDV	SSSGSQ	EFTFSSY		-0.1428571428571428	7.985714285714287	141.14285714285714		0.0	9.383333333333333	106.93		0.0	8.418750000000001	124.1275	0.0	0.0	0.0	0.0	0.0	0.0	1.0	0.0	0.0	0.0	0.0	0.0	0.0	2.0	0.0	2.0	1.0	0.0	1.0	0.0	0.0	0.0	0.0	0.0	0.0	1.0	0.0	1.0	0.0	0.0	0.0	0.0	0.0	0.0	0.0	4.0	0.0	0.0	0.0	0.0	1.0	0.0	1.0	1.0	0.0	0.0	0.0	3.0	1.0	0.0	0.0	0.0	1.0	1.0	0.0	3.0	1.0	1.0	1.0	1.0	7	6	16	-0.2142857142857143	-1.1833333333333331	-0.375	sars_cov2	0.0	0.0	0.0	0.0	0.0	0.0	0.1428571428571428	0.0	0.0	0.0	0.0	0.0	0.0	0.2857142857142857	0.0	0.2857142857142857	0.1428571428571428	0.0	0.1428571428571428	0.0	0.0	0.0	0.0	0.0	0.0	0.1666666666666666	0.0	0.1666666666666666	0.0	0.0	0.0	0.0	0.0	0.0	0.0	0.6666666666666666	0.0	0.0	0.0	0.0	0.0625	0.0	0.0625	0.0625	0.0	0.0	0.0	0.1875	0.0625	0.0	0.0	0.0	0.0625	0.0625	0.0	0.1875	0.0625	0.0625	0.0625	0.0625
7v27	B	LTAADTIFDC	YWDDD	GFSLSTPGG		0.0	8.011111111111111	107.33333333333331		-0.6	10.12	156.94400000000002		-0.2	8.020000000000001	123.13	0.0	0.0	0.0	0.0	0.0	0.0	0.0	3.0	0.0	0.0	1.0	0.0	0.0	1.0	1.0	2.0	1.0	0.0	0.0	0.0	0.0	0.0	0.0	3.0	0.0	0.0	0.0	0.0	0.0	0.0	0.0	0.0	0.0	0.0	0.0	0.0	0.0	1.0	1.0	0.0	2.0	0.0	0.0	2.0	1.0	0.0	0.0	0.0	0.0	1.0	1.0	0.0	0.0	1.0	0.0	0.0	2.0	0.0	0.0	0.0	9	5	10	0.1666666666666666	-2.54	0.8799999999999999	sars_cov2	0.0	0.0	0.0	0.0	0.0	0.0	0.0	0.3333333333333333	0.0	0.0	0.1111111111111111	0.0	0.0	0.1111111111111111	0.1111111111111111	0.2222222222222222	0.1111111111111111	0.0	0.0	0.0	0.0	0.0	0.0	0.6	0.0	0.0	0.0	0.0	0.0	0.0	0.0	0.0	0.0	0.0	0.0	0.0	0.0	0.2	0.2	0.0	0.2	0.0	0.0	0.2	0.1	0.0	0.0	0.0	0.0	0.1	0.1	0.0	0.0	0.1	0.0	0.0	0.2	0.0	0.0	0.0
7qti	G	DRHYDSSGYFVNGFDI	SWNSNN	GFRFDDY		-0.1428571428571428	8.871428571428572	146.72		0.0	9.766666666666667	135.12833333333333		-0.0625	8.8625	135.13625	0.0	1.0	0.0	2.0	0.0	0.0	0.0	1.0	0.0	0.0	0.0	0.0	0.0	2.0	0.0	0.0	0.0	0.0	1.0	0.0	0.0	0.0	3.0	0.0	0.0	0.0	0.0	0.0	0.0	0.0	0.0	0.0	0.0	0.0	0.0	2.0	0.0	1.0	0.0	0.0	0.0	1.0	1.0	3.0	0.0	0.0	0.0	2.0	1.0	1.0	0.0	0.0	0.0	2.0	0.0	2.0	0.0	0.0	2.0	1.0	7	6	16	-1.085714285714286	-2.1666666666666665	-0.7749999999999999	sars_cov2	0.0	0.1428571428571428	0.0	0.2857142857142857	0.0	0.0	0.0	0.1428571428571428	0.0	0.0	0.0	0.0	0.0	0.2857142857142857	0.0	0.0	0.0	0.0	0.1428571428571428	0.0	0.0	0.0	0.5	0.0	0.0	0.0	0.0	0.0	0.0	0.0	0.0	0.0	0.0	0.0	0.0	0.3333333333333333	0.0	0.1666666666666666	0.0	0.0	0.0	0.0625	0.0625	0.1875	0.0	0.0	0.0	0.125	0.0625	0.0625	0.0	0.0	0.0	0.125	0.0	0.125	0.0	0.0	0.125	0.0625
7qtj	B	DRHYDSSGYFVNGFDI	SWNSNN	GFRFDDY		-0.1428571428571428	8.871428571428572	146.72		0.0	9.766666666666667	135.12833333333333		-0.0625	8.8625	135.13625	0.0	1.0	0.0	2.0	0.0	0.0	0.0	1.0	0.0	0.0	0.0	0.0	0.0	2.0	0.0	0.0	0.0	0.0	1.0	0.0	0.0	0.0	3.0	0.0	0.0	0.0	0.0	0.0	0.0	0.0	0.0	0.0	0.0	0.0	0.0	2.0	0.0	1.0	0.0	0.0	0.0	1.0	1.0	3.0	0.0	0.0	0.0	2.0	1.0	1.0	0.0	0.0	0.0	2.0	0.0	2.0	0.0	0.0	2.0	1.0	7	6	16	-1.085714285714286	-2.1666666666666665	-0.7749999999999999	sars_cov2	0.0	0.1428571428571428	0.0	0.2857142857142857	0.0	0.0	0.0	0.1428571428571428	0.0	0.0	0.0	0.0	0.0	0.2857142857142857	0.0	0.0	0.0	0.0	0.1428571428571428	0.0	0.0	0.0	0.5	0.0	0.0	0.0	0.0	0.0	0.0	0.0	0.0	0.0	0.0	0.0	0.0	0.3333333333333333	0.0	0.1666666666666666	0.0	0.0	0.0	0.0625	0.0625	0.1875	0.0	0.0	0.0	0.125	0.0625	0.0625	0.0	0.0	0.0	0.125	0.0	0.125	0.0	0.0	0.125	0.0625
7qtk	B	DRHYDSSGYFVNGFDI	SWNSNN	GFRFDDY		-0.1428571428571428	8.871428571428572	146.72		0.0	9.766666666666667	135.12833333333333		-0.0625	8.8625	135.13625	0.0	1.0	0.0	2.0	0.0	0.0	0.0	1.0	0.0	0.0	0.0	0.0	0.0	2.0	0.0	0.0	0.0	0.0	1.0	0.0	0.0	0.0	3.0	0.0	0.0	0.0	0.0	0.0	0.0	0.0	0.0	0.0	0.0	0.0	0.0	2.0	0.0	1.0	0.0	0.0	0.0	1.0	1.0	3.0	0.0	0.0	0.0	2.0	1.0	1.0	0.0	0.0	0.0	2.0	0.0	2.0	0.0	0.0	2.0	1.0	7	6	16	-1.085714285714286	-2.1666666666666665	-0.7749999999999999	sars_cov2	0.0	0.1428571428571428	0.0	0.2857142857142857	0.0	0.0	0.0	0.1428571428571428	0.0	0.0	0.0	0.0	0.0	0.2857142857142857	0.0	0.0	0.0	0.0	0.1428571428571428	0.0	0.0	0.0	0.5	0.0	0.0	0.0	0.0	0.0	0.0	0.0	0.0	0.0	0.0	0.0	0.0	0.3333333333333333	0.0	0.1666666666666666	0.0	0.0	0.0	0.0625	0.0625	0.1875	0.0	0.0	0.0	0.125	0.0625	0.0625	0.0	0.0	0.0	0.125	0.0	0.125	0.0	0.0	0.125	0.0625
8df5	A	DYTRGAWFGESLIGGFDN	STYNGN	GYPFTSY		0.0	7.485714285714287	134.56857142857143		0.0	9.366666666666664	124.11833333333333		-0.1111111111111111	8.577777777777778	128.40944444444443	0.0	0.0	0.0	0.0	0.0	0.0	0.0	1.0	0.0	0.0	0.0	0.0	0.0	1.0	1.0	1.0	1.0	0.0	2.0	0.0	0.0	0.0	2.0	0.0	0.0	0.0	0.0	1.0	0.0	0.0	0.0	0.0	0.0	0.0	0.0	1.0	1.0	0.0	1.0	0.0	1.0	1.0	1.0	2.0	0.0	0.0	1.0	4.0	0.0	1.0	1.0	0.0	0.0	2.0	0.0	1.0	1.0	1.0	1.0	0.0	7	6	18	-0.4714285714285715	-1.7	-0.45	sars_cov2	0.0	0.0	0.0	0.0	0.0	0.0	0.0	0.1428571428571428	0.0	0.0	0.0	0.0	0.0	0.1428571428571428	0.1428571428571428	0.1428571428571428	0.1428571428571428	0.0	0.2857142857142857	0.0	0.0	0.0	0.3333333333333333	0.0	0.0	0.0	0.0	0.1666666666666666	0.0	0.0	0.0	0.0	0.0	0.0	0.0	0.1666666666666666	0.1666666666666666	0.0	0.1666666666666666	0.0	0.0555555555555555	0.0555555555555555	0.0555555555555555	0.1111111111111111	0.0	0.0	0.0555555555555555	0.2222222222222222	0.0	0.0555555555555555	0.0555555555555555	0.0	0.0	0.1111111111111111	0.0	0.0555555555555555	0.0555555555555555	0.0555555555555555	0.0555555555555555	0.0
7wjy	B	HHQIAVAGDAEDYYFDY	TWNSGT	GFTFDDY		-0.2857142857142857	8.6	138.85142857142858		0.0	8.733333333333333	125.79166666666669		-0.1176470588235294	8.870588235294116	135.4305882352941	0.0	0.0	0.0	2.0	0.0	0.0	0.0	1.0	0.0	0.0	0.0	0.0	0.0	2.0	0.0	0.0	1.0	0.0	1.0	0.0	0.0	0.0	1.0	0.0	0.0	0.0	0.0	1.0	0.0	0.0	0.0	0.0	0.0	0.0	0.0	1.0	2.0	1.0	0.0	0.0	3.0	0.0	0.0	3.0	0.0	1.0	1.0	1.0	2.0	1.0	0.0	0.0	0.0	1.0	0.0	0.0	0.0	0.0	3.0	1.0	7	6	17	-0.5428571428571428	-1.1666666666666667	-0.6647058823529413	sars_cov2	0.0	0.0	0.0	0.2857142857142857	0.0	0.0	0.0	0.1428571428571428	0.0	0.0	0.0	0.0	0.0	0.2857142857142857	0.0	0.0	0.1428571428571428	0.0	0.1428571428571428	0.0	0.0	0.0	0.1666666666666666	0.0	0.0	0.0	0.0	0.1666666666666666	0.0	0.0	0.0	0.0	0.0	0.0	0.0	0.1666666666666666	0.3333333333333333	0.1666666666666666	0.0	0.0	0.1764705882352941	0.0	0.0	0.1764705882352941	0.0	0.0588235294117647	0.0588235294117647	0.0588235294117647	0.1176470588235294	0.0588235294117647	0.0	0.0	0.0	0.0588235294117647	0.0	0.0	0.0	0.0	0.1764705882352941	0.0588235294117647
7wo4	D	VWYYYGPRDY	NQDGGE	GFTFSSY		0.0	7.514285714285713	130.84857142857143		-0.3333333333333333	10.9	118.10666666666668		0.0	7.660000000000001	154.364	0.0	0.0	0.0	0.0	0.0	0.0	0.0	1.0	0.0	0.0	0.0	0.0	0.0	2.0	0.0	2.0	1.0	0.0	1.0	0.0	0.0	0.0	1.0	1.0	0.0	1.0	1.0	2.0	0.0	0.0	0.0	0.0	0.0	0.0	0.0	0.0	0.0	0.0	0.0	0.0	0.0	1.0	0.0	1.0	0.0	0.0	0.0	1.0	0.0	0.0	0.0	0.0	0.0	0.0	1.0	0.0	0.0	1.0	4.0	1.0	7	6	10	0.2285714285714286	-2.466666666666667	-1.19	sars_cov2	0.0	0.0	0.0	0.0	0.0	0.0	0.0	0.1428571428571428	0.0	0.0	0.0	0.0	0.0	0.2857142857142857	0.0	0.2857142857142857	0.1428571428571428	0.0	0.1428571428571428	0.0	0.0	0.0	0.1666666666666666	0.1666666666666666	0.0	0.1666666666666666	0.1666666666666666	0.3333333333333333	0.0	0.0	0.0	0.0	0.0	0.0	0.0	0.0	0.0	0.0	0.0	0.0	0.0	0.1	0.0	0.1	0.0	0.0	0.0	0.1	0.0	0.0	0.0	0.0	0.0	0.0	0.1	0.0	0.0	0.1	0.4	0.1
7wo5	D	VWYYYGPRDY	NQDGGE	GFTFSSY		0.0	7.514285714285713	130.84857142857143		-0.3333333333333333	10.9	118.10666666666668		0.0	7.660000000000001	154.364	0.0	0.0	0.0	0.0	0.0	0.0	0.0	1.0	0.0	0.0	0.0	0.0	0.0	2.0	0.0	2.0	1.0	0.0	1.0	0.0	0.0	0.0	1.0	1.0	0.0	1.0	1.0	2.0	0.0	0.0	0.0	0.0	0.0	0.0	0.0	0.0	0.0	0.0	0.0	0.0	0.0	1.0	0.0	1.0	0.0	0.0	0.0	1.0	0.0	0.0	0.0	0.0	0.0	0.0	1.0	0.0	0.0	1.0	4.0	1.0	7	6	10	0.2285714285714286	-2.466666666666667	-1.19	sars_cov2	0.0	0.0	0.0	0.0	0.0	0.0	0.0	0.1428571428571428	0.0	0.0	0.0	0.0	0.0	0.2857142857142857	0.0	0.2857142857142857	0.1428571428571428	0.0	0.1428571428571428	0.0	0.0	0.0	0.1666666666666666	0.1666666666666666	0.0	0.1666666666666666	0.1666666666666666	0.3333333333333333	0.0	0.0	0.0	0.0	0.0	0.0	0.0	0.0	0.0	0.0	0.0	0.0	0.0	0.1	0.0	0.1	0.0	0.0	0.0	0.1	0.0	0.0	0.0	0.0	0.0	0.0	0.1	0.0	0.0	0.1	0.4	0.1
7wo7	A	VWYYYGPRDY	NQDGGE	GFTFSSY		0.0	7.514285714285713	130.84857142857143		-0.3333333333333333	10.9	118.10666666666668		0.0	7.660000000000001	154.364	0.0	0.0	0.0	0.0	0.0	0.0	0.0	1.0	0.0	0.0	0.0	0.0	0.0	2.0	0.0	2.0	1.0	0.0	1.0	0.0	0.0	0.0	1.0	1.0	0.0	1.0	1.0	2.0	0.0	0.0	0.0	0.0	0.0	0.0	0.0	0.0	0.0	0.0	0.0	0.0	0.0	1.0	0.0	1.0	0.0	0.0	0.0	1.0	0.0	0.0	0.0	0.0	0.0	0.0	1.0	0.0	0.0	1.0	4.0	1.0	7	6	10	0.2285714285714286	-2.466666666666667	-1.19	sars_cov2	0.0	0.0	0.0	0.0	0.0	0.0	0.0	0.1428571428571428	0.0	0.0	0.0	0.0	0.0	0.2857142857142857	0.0	0.2857142857142857	0.1428571428571428	0.0	0.1428571428571428	0.0	0.0	0.0	0.1666666666666666	0.1666666666666666	0.0	0.1666666666666666	0.1666666666666666	0.3333333333333333	0.0	0.0	0.0	0.0	0.0	0.0	0.0	0.0	0.0	0.0	0.0	0.0	0.0	0.1	0.0	0.1	0.0	0.0	0.0	0.1	0.0	0.0	0.0	0.0	0.0	0.0	0.1	0.0	0.0	0.1	0.4	0.1
7woa	D	VFRGSQYWFDP	IPILDI	GDTFINY		-0.1428571428571428	8.400000000000002	133.85142857142858		-0.1666666666666666	6.916666666666667	128.81833333333333		0.0	8.009090909090908	143.79	0.0	0.0	1.0	1.0	0.0	0.0	0.0	1.0	0.0	1.0	0.0	0.0	0.0	1.0	0.0	0.0	1.0	0.0	1.0	0.0	0.0	0.0	0.0	1.0	0.0	0.0	0.0	0.0	0.0	3.0	1.0	0.0	0.0	0.0	1.0	0.0	0.0	0.0	0.0	0.0	0.0	1.0	0.0	1.0	0.0	1.0	0.0	1.0	0.0	0.0	0.0	0.0	0.0	2.0	1.0	1.0	0.0	1.0	1.0	1.0	7	6	11	-0.2999999999999999	2.033333333333333	-0.6090909090909092	sars_cov2	0.0	0.0	0.1428571428571428	0.1428571428571428	0.0	0.0	0.0	0.1428571428571428	0.0	0.1428571428571428	0.0	0.0	0.0	0.1428571428571428	0.0	0.0	0.1428571428571428	0.0	0.1428571428571428	0.0	0.0	0.0	0.0	0.1666666666666666	0.0	0.0	0.0	0.0	0.0	0.5	0.1666666666666666	0.0	0.0	0.0	0.1666666666666666	0.0	0.0	0.0	0.0	0.0	0.0	0.0909090909090909	0.0	0.0909090909090909	0.0	0.0909090909090909	0.0	0.0909090909090909	0.0	0.0	0.0	0.0	0.0	0.1818181818181818	0.0909090909090909	0.0909090909090909	0.0	0.0909090909090909	0.0909090909090909	0.0909090909090909
7wob	D	VFRGSQYWFDP	IPILDI	GDTFINY		-0.1428571428571428	8.400000000000002	133.85142857142858		-0.1666666666666666	6.916666666666667	128.81833333333333		0.0	8.009090909090908	143.79	0.0	0.0	1.0	1.0	0.0	0.0	0.0	1.0	0.0	1.0	0.0	0.0	0.0	1.0	0.0	0.0	1.0	0.0	1.0	0.0	0.0	0.0	0.0	1.0	0.0	0.0	0.0	0.0	0.0	3.0	1.0	0.0	0.0	0.0	1.0	0.0	0.0	0.0	0.0	0.0	0.0	1.0	0.0	1.0	0.0	1.0	0.0	1.0	0.0	0.0	0.0	0.0	0.0	2.0	1.0	1.0	0.0	1.0	1.0	1.0	7	6	11	-0.2999999999999999	2.033333333333333	-0.6090909090909092	sars_cov2	0.0	0.0	0.1428571428571428	0.1428571428571428	0.0	0.0	0.0	0.1428571428571428	0.0	0.1428571428571428	0.0	0.0	0.0	0.1428571428571428	0.0	0.0	0.1428571428571428	0.0	0.1428571428571428	0.0	0.0	0.0	0.0	0.1666666666666666	0.0	0.0	0.0	0.0	0.0	0.5	0.1666666666666666	0.0	0.0	0.0	0.1666666666666666	0.0	0.0	0.0	0.0	0.0	0.0	0.0909090909090909	0.0	0.0909090909090909	0.0	0.0909090909090909	0.0	0.0909090909090909	0.0	0.0	0.0	0.0	0.0	0.1818181818181818	0.0909090909090909	0.0909090909090909	0.0	0.0909090909090909	0.0909090909090909	0.0909090909090909
7woc	A	VFRGSQYWFDP	IPILDI	GDTFINY		-0.1428571428571428	8.400000000000002	133.85142857142858		-0.1666666666666666	6.916666666666667	128.81833333333333		0.0	8.009090909090908	143.79	0.0	0.0	1.0	1.0	0.0	0.0	0.0	1.0	0.0	1.0	0.0	0.0	0.0	1.0	0.0	0.0	1.0	0.0	1.0	0.0	0.0	0.0	0.0	1.0	0.0	0.0	0.0	0.0	0.0	3.0	1.0	0.0	0.0	0.0	1.0	0.0	0.0	0.0	0.0	0.0	0.0	1.0	0.0	1.0	0.0	1.0	0.0	1.0	0.0	0.0	0.0	0.0	0.0	2.0	1.0	1.0	0.0	1.0	1.0	1.0	7	6	11	-0.2999999999999999	2.033333333333333	-0.6090909090909092	sars_cov2	0.0	0.0	0.1428571428571428	0.1428571428571428	0.0	0.0	0.0	0.1428571428571428	0.0	0.1428571428571428	0.0	0.0	0.0	0.1428571428571428	0.0	0.0	0.1428571428571428	0.0	0.1428571428571428	0.0	0.0	0.0	0.0	0.1666666666666666	0.0	0.0	0.0	0.0	0.0	0.5	0.1666666666666666	0.0	0.0	0.0	0.1666666666666666	0.0	0.0	0.0	0.0	0.0	0.0	0.0909090909090909	0.0	0.0909090909090909	0.0	0.0909090909090909	0.0	0.0909090909090909	0.0	0.0	0.0	0.0	0.0	0.1818181818181818	0.0909090909090909	0.0909090909090909	0.0	0.0909090909090909	0.0909090909090909	0.0909090909090909
7wjz	A	HHQIAVAGDAEDYYFDY	TWNSGT	GFTFDDY		-0.2857142857142857	8.6	138.85142857142858		0.0	8.733333333333333	125.79166666666669		-0.1176470588235294	8.870588235294116	135.4305882352941	0.0	0.0	0.0	2.0	0.0	0.0	0.0	1.0	0.0	0.0	0.0	0.0	0.0	2.0	0.0	0.0	1.0	0.0	1.0	0.0	0.0	0.0	1.0	0.0	0.0	0.0	0.0	1.0	0.0	0.0	0.0	0.0	0.0	0.0	0.0	1.0	2.0	1.0	0.0	0.0	3.0	0.0	0.0	3.0	0.0	1.0	1.0	1.0	2.0	1.0	0.0	0.0	0.0	1.0	0.0	0.0	0.0	0.0	3.0	1.0	7	6	17	-0.5428571428571428	-1.1666666666666667	-0.6647058823529413	sars_cov2	0.0	0.0	0.0	0.2857142857142857	0.0	0.0	0.0	0.1428571428571428	0.0	0.0	0.0	0.0	0.0	0.2857142857142857	0.0	0.0	0.1428571428571428	0.0	0.1428571428571428	0.0	0.0	0.0	0.1666666666666666	0.0	0.0	0.0	0.0	0.1666666666666666	0.0	0.0	0.0	0.0	0.0	0.0	0.0	0.1666666666666666	0.3333333333333333	0.1666666666666666	0.0	0.0	0.1764705882352941	0.0	0.0	0.1764705882352941	0.0	0.0588235294117647	0.0588235294117647	0.0588235294117647	0.1176470588235294	0.0588235294117647	0.0	0.0	0.0	0.0588235294117647	0.0	0.0	0.0	0.0	0.1764705882352941	0.0588235294117647
7wk0	A	HHQIAVAGDAEDYYFDY	TWNSGT	GFTFDDY		-0.2857142857142857	8.6	138.85142857142858		0.0	8.733333333333333	125.79166666666669		-0.1176470588235294	8.870588235294116	135.4305882352941	0.0	0.0	0.0	2.0	0.0	0.0	0.0	1.0	0.0	0.0	0.0	0.0	0.0	2.0	0.0	0.0	1.0	0.0	1.0	0.0	0.0	0.0	1.0	0.0	0.0	0.0	0.0	1.0	0.0	0.0	0.0	0.0	0.0	0.0	0.0	1.0	2.0	1.0	0.0	0.0	3.0	0.0	0.0	3.0	0.0	1.0	1.0	1.0	2.0	1.0	0.0	0.0	0.0	1.0	0.0	0.0	0.0	0.0	3.0	1.0	7	6	17	-0.5428571428571428	-1.1666666666666667	-0.6647058823529413	sars_cov2	0.0	0.0	0.0	0.2857142857142857	0.0	0.0	0.0	0.1428571428571428	0.0	0.0	0.0	0.0	0.0	0.2857142857142857	0.0	0.0	0.1428571428571428	0.0	0.1428571428571428	0.0	0.0	0.0	0.1666666666666666	0.0	0.0	0.0	0.0	0.1666666666666666	0.0	0.0	0.0	0.0	0.0	0.0	0.0	0.1666666666666666	0.3333333333333333	0.1666666666666666	0.0	0.0	0.1764705882352941	0.0	0.0	0.1764705882352941	0.0	0.0588235294117647	0.0588235294117647	0.0588235294117647	0.1176470588235294	0.0588235294117647	0.0	0.0	0.0	0.0588235294117647	0.0	0.0	0.0	0.0	0.1764705882352941	0.0588235294117647
8dcc	H	AVVGIVVVPAAGRRAFDI	YHSGS	GYSISSGY		0.0	7.9	119.87		0.2	8.8	124.32		0.0555555555555555	7.638888888888887	117.57833333333332	0.0	0.0	0.0	0.0	0.0	0.0	0.0	2.0	0.0	1.0	0.0	0.0	0.0	0.0	0.0	3.0	0.0	0.0	2.0	0.0	0.0	0.0	0.0	0.0	0.0	0.0	0.0	1.0	1.0	0.0	0.0	0.0	0.0	0.0	0.0	2.0	0.0	0.0	1.0	0.0	4.0	2.0	0.0	1.0	0.0	0.0	0.0	2.0	0.0	2.0	0.0	0.0	0.0	1.0	1.0	0.0	0.0	0.0	0.0	5.0	8	5	18	-0.1625	-1.3	1.3944444444444446	sars_cov2	0.0	0.0	0.0	0.0	0.0	0.0	0.0	0.25	0.0	0.125	0.0	0.0	0.0	0.0	0.0	0.375	0.0	0.0	0.25	0.0	0.0	0.0	0.0	0.0	0.0	0.0	0.0	0.2	0.2	0.0	0.0	0.0	0.0	0.0	0.0	0.4	0.0	0.0	0.2	0.0	0.2222222222222222	0.1111111111111111	0.0	0.0555555555555555	0.0	0.0	0.0	0.1111111111111111	0.0	0.1111111111111111	0.0	0.0	0.0	0.0555555555555555	0.0555555555555555	0.0	0.0	0.0	0.0	0.2777777777777778
7x1m	A	DYTRGAWFGESLIGGFDN	STYNGN	GYPFTSY		0.0	7.485714285714287	134.56857142857143		0.0	9.366666666666664	124.11833333333333		-0.1111111111111111	8.577777777777778	128.40944444444443	0.0	0.0	0.0	0.0	0.0	0.0	0.0	1.0	0.0	0.0	0.0	0.0	0.0	1.0	1.0	1.0	1.0	0.0	2.0	0.0	0.0	0.0	2.0	0.0	0.0	0.0	0.0	1.0	0.0	0.0	0.0	0.0	0.0	0.0	0.0	1.0	1.0	0.0	1.0	0.0	1.0	1.0	1.0	2.0	0.0	0.0	1.0	4.0	0.0	1.0	1.0	0.0	0.0	2.0	0.0	1.0	1.0	1.0	1.0	0.0	7	6	18	-0.4714285714285715	-1.7	-0.45	sars_cov2	0.0	0.0	0.0	0.0	0.0	0.0	0.0	0.1428571428571428	0.0	0.0	0.0	0.0	0.0	0.1428571428571428	0.1428571428571428	0.1428571428571428	0.1428571428571428	0.0	0.2857142857142857	0.0	0.0	0.0	0.3333333333333333	0.0	0.0	0.0	0.0	0.1666666666666666	0.0	0.0	0.0	0.0	0.0	0.0	0.0	0.1666666666666666	0.1666666666666666	0.0	0.1666666666666666	0.0	0.0555555555555555	0.0555555555555555	0.0555555555555555	0.1111111111111111	0.0	0.0	0.0555555555555555	0.2222222222222222	0.0	0.0555555555555555	0.0555555555555555	0.0	0.0	0.1111111111111111	0.0	0.0555555555555555	0.0555555555555555	0.0555555555555555	0.0555555555555555	0.0
7orb	E	DVVVVVAARNHYYNGMDV	SQDGGN	GFTFNNY		0.0	8.2	138.57142857142858		-0.1666666666666666	10.383333333333336	111.1		0.0	8.266666666666666	129.30777777777777	0.0	0.0	2.0	0.0	0.0	0.0	0.0	1.0	0.0	0.0	0.0	0.0	0.0	2.0	0.0	0.0	1.0	0.0	1.0	0.0	0.0	0.0	1.0	1.0	0.0	1.0	0.0	2.0	0.0	0.0	0.0	0.0	0.0	0.0	0.0	1.0	0.0	0.0	0.0	0.0	2.0	1.0	2.0	2.0	0.0	0.0	0.0	1.0	1.0	0.0	0.0	0.0	1.0	0.0	0.0	0.0	0.0	0.0	2.0	6.0	7	6	18	-0.5428571428571428	-2.0166666666666666	0.3333333333333334	sars_cov2	0.0	0.0	0.2857142857142857	0.0	0.0	0.0	0.0	0.1428571428571428	0.0	0.0	0.0	0.0	0.0	0.2857142857142857	0.0	0.0	0.1428571428571428	0.0	0.1428571428571428	0.0	0.0	0.0	0.1666666666666666	0.1666666666666666	0.0	0.1666666666666666	0.0	0.3333333333333333	0.0	0.0	0.0	0.0	0.0	0.0	0.0	0.1666666666666666	0.0	0.0	0.0	0.0	0.1111111111111111	0.0555555555555555	0.1111111111111111	0.1111111111111111	0.0	0.0	0.0	0.0555555555555555	0.0555555555555555	0.0	0.0	0.0	0.0555555555555555	0.0	0.0	0.0	0.0	0.0	0.1111111111111111	0.3333333333333333
7tn0	M	GDSSGYYYYFDY	GTAGD	GFTFSSY		0.0	7.514285714285713	130.84857142857143		-0.2	9.54	98.29		-0.1666666666666666	8.216666666666667	141.47166666666666	0.0	0.0	0.0	0.0	0.0	0.0	0.0	1.0	0.0	0.0	0.0	0.0	0.0	2.0	0.0	2.0	1.0	0.0	1.0	0.0	1.0	0.0	0.0	1.0	0.0	0.0	0.0	2.0	0.0	0.0	0.0	0.0	0.0	0.0	0.0	0.0	1.0	0.0	0.0	0.0	0.0	0.0	0.0	2.0	0.0	0.0	0.0	2.0	0.0	0.0	0.0	0.0	0.0	1.0	0.0	2.0	0.0	0.0	5.0	0.0	7	5	12	0.2285714285714286	-0.64	-1.0916666666666668	sars_cov2	0.0	0.0	0.0	0.0	0.0	0.0	0.0	0.1428571428571428	0.0	0.0	0.0	0.0	0.0	0.2857142857142857	0.0	0.2857142857142857	0.1428571428571428	0.0	0.1428571428571428	0.0	0.2	0.0	0.0	0.2	0.0	0.0	0.0	0.4	0.0	0.0	0.0	0.0	0.0	0.0	0.0	0.0	0.2	0.0	0.0	0.0	0.0	0.0	0.0	0.1666666666666666	0.0	0.0	0.0	0.1666666666666666	0.0	0.0	0.0	0.0	0.0	0.0833333333333333	0.0	0.1666666666666666	0.0	0.0	0.4166666666666667	0.0
7bej	H	DLGSGDMDV	YPGGS	GVTVSSN		0.0	8.485714285714286	110.11285714285717		0.0	8.280000000000001	110.31		-0.3333333333333333	9.18888888888889	116.89555555555556	0.0	0.0	1.0	0.0	0.0	0.0	0.0	1.0	0.0	0.0	0.0	0.0	0.0	0.0	0.0	2.0	1.0	0.0	0.0	2.0	0.0	0.0	0.0	0.0	0.0	0.0	0.0	2.0	0.0	0.0	0.0	0.0	0.0	0.0	1.0	1.0	0.0	0.0	1.0	0.0	0.0	0.0	0.0	3.0	0.0	0.0	0.0	2.0	0.0	0.0	1.0	0.0	1.0	0.0	0.0	1.0	0.0	0.0	0.0	1.0	7	5	9	0.3142857142857144	-0.9	-0.2444444444444444	sars_cov2	0.0	0.0	0.1428571428571428	0.0	0.0	0.0	0.0	0.1428571428571428	0.0	0.0	0.0	0.0	0.0	0.0	0.0	0.2857142857142857	0.1428571428571428	0.0	0.0	0.2857142857142857	0.0	0.0	0.0	0.0	0.0	0.0	0.0	0.4	0.0	0.0	0.0	0.0	0.0	0.0	0.2	0.2	0.0	0.0	0.2	0.0	0.0	0.0	0.0	0.3333333333333333	0.0	0.0	0.0	0.2222222222222222	0.0	0.0	0.1111111111111111	0.0	0.1111111111111111	0.0	0.0	0.1111111111111111	0.0	0.0	0.0	0.1111111111111111
7k43	C	AAPFYDFWSGYSYFDY	NPISSG	GYTFTGY		0.0	7.542857142857143	130.85		0.0	8.700000000000001	110.61166666666668		-0.125	7.712500000000001	141.8325	0.0	0.0	0.0	0.0	0.0	0.0	0.0	2.0	0.0	0.0	0.0	0.0	0.0	1.0	0.0	0.0	2.0	0.0	2.0	0.0	0.0	0.0	1.0	0.0	0.0	0.0	0.0	1.0	0.0	1.0	0.0	0.0	0.0	0.0	1.0	2.0	0.0	0.0	0.0	0.0	2.0	0.0	0.0	2.0	0.0	0.0	0.0	1.0	0.0	0.0	0.0	0.0	0.0	3.0	1.0	2.0	0.0	1.0	4.0	0.0	7	6	16	-0.2857142857142857	-0.4333333333333333	-0.29375	sars_cov2	0.0	0.0	0.0	0.0	0.0	0.0	0.0	0.2857142857142857	0.0	0.0	0.0	0.0	0.0	0.1428571428571428	0.0	0.0	0.2857142857142857	0.0	0.2857142857142857	0.0	0.0	0.0	0.1666666666666666	0.0	0.0	0.0	0.0	0.1666666666666666	0.0	0.1666666666666666	0.0	0.0	0.0	0.0	0.1666666666666666	0.3333333333333333	0.0	0.0	0.0	0.0	0.125	0.0	0.0	0.125	0.0	0.0	0.0	0.0625	0.0	0.0	0.0	0.0	0.0	0.1875	0.0625	0.125	0.0	0.0625	0.25	0.0
7nx7	H	DGGKLWVYYFDY	SYDGSN	AFTFSSY		0.0	7.385714285714286	132.85142857142858		-0.1666666666666666	9.7	121.94333333333331		-0.0833333333333333	7.941666666666666	143.65333333333334	1.0	0.0	0.0	0.0	0.0	0.0	0.0	0.0	0.0	0.0	0.0	0.0	0.0	2.0	0.0	2.0	1.0	0.0	1.0	0.0	0.0	0.0	1.0	1.0	0.0	0.0	0.0	1.0	0.0	0.0	0.0	0.0	0.0	0.0	0.0	2.0	0.0	0.0	1.0	0.0	0.0	0.0	0.0	2.0	0.0	0.0	0.0	2.0	0.0	0.0	1.0	1.0	0.0	1.0	0.0	0.0	0.0	1.0	3.0	1.0	7	6	12	0.5428571428571428	-1.7166666666666668	-0.4749999999999999	sars_cov2	0.1428571428571428	0.0	0.0	0.0	0.0	0.0	0.0	0.0	0.0	0.0	0.0	0.0	0.0	0.2857142857142857	0.0	0.2857142857142857	0.1428571428571428	0.0	0.1428571428571428	0.0	0.0	0.0	0.1666666666666666	0.1666666666666666	0.0	0.0	0.0	0.1666666666666666	0.0	0.0	0.0	0.0	0.0	0.0	0.0	0.3333333333333333	0.0	0.0	0.1666666666666666	0.0	0.0	0.0	0.0	0.1666666666666666	0.0	0.0	0.0	0.1666666666666666	0.0	0.0	0.0833333333333333	0.0833333333333333	0.0	0.0833333333333333	0.0	0.0	0.0	0.0833333333333333	0.25	0.0833333333333333
7nxa	A	GEGSPGNWFDP	YSGGS	GLTVSSN		0.0	8.342857142857143	112.11571428571428		0.0	8.52	108.302		-0.1818181818181818	9.063636363636364	122.03	0.0	0.0	1.0	0.0	0.0	0.0	0.0	1.0	0.0	0.0	1.0	0.0	0.0	0.0	0.0	2.0	1.0	0.0	0.0	1.0	0.0	0.0	0.0	0.0	0.0	0.0	0.0	2.0	0.0	0.0	0.0	0.0	0.0	0.0	0.0	2.0	0.0	0.0	1.0	0.0	0.0	0.0	1.0	1.0	0.0	0.0	1.0	3.0	0.0	0.0	0.0	0.0	0.0	1.0	2.0	1.0	0.0	1.0	0.0	0.0	7	5	11	0.2571428571428572	-0.74	-1.2545454545454544	sars_cov2	0.0	0.0	0.1428571428571428	0.0	0.0	0.0	0.0	0.1428571428571428	0.0	0.0	0.1428571428571428	0.0	0.0	0.0	0.0	0.2857142857142857	0.1428571428571428	0.0	0.0	0.1428571428571428	0.0	0.0	0.0	0.0	0.0	0.0	0.0	0.4	0.0	0.0	0.0	0.0	0.0	0.0	0.0	0.4	0.0	0.0	0.2	0.0	0.0	0.0	0.0909090909090909	0.0909090909090909	0.0	0.0	0.0909090909090909	0.2727272727272727	0.0	0.0	0.0	0.0	0.0	0.0909090909090909	0.1818181818181818	0.0909090909090909	0.0	0.0909090909090909	0.0	0.0
7c01	H	VLPMYGDYLDY	YSGGS	GFTVSSN		0.0	8.385714285714284	116.97571428571428		0.0	8.52	108.302		-0.1818181818181818	7.545454545454547	138.97	0.0	0.0	1.0	0.0	0.0	0.0	0.0	1.0	0.0	0.0	0.0	0.0	0.0	1.0	0.0	2.0	1.0	0.0	0.0	1.0	0.0	0.0	0.0	0.0	0.0	0.0	0.0	2.0	0.0	0.0	0.0	0.0	0.0	0.0	0.0	2.0	0.0	0.0	1.0	0.0	0.0	0.0	0.0	2.0	0.0	0.0	0.0	1.0	0.0	0.0	2.0	0.0	1.0	0.0	1.0	0.0	0.0	0.0	3.0	1.0	7	5	11	0.1142857142857144	-0.74	0.0727272727272727	sars_cov2	0.0	0.0	0.1428571428571428	0.0	0.0	0.0	0.0	0.1428571428571428	0.0	0.0	0.0	0.0	0.0	0.1428571428571428	0.0	0.2857142857142857	0.1428571428571428	0.0	0.0	0.1428571428571428	0.0	0.0	0.0	0.0	0.0	0.0	0.0	0.4	0.0	0.0	0.0	0.0	0.0	0.0	0.0	0.4	0.0	0.0	0.2	0.0	0.0	0.0	0.0	0.1818181818181818	0.0	0.0	0.0	0.0909090909090909	0.0	0.0	0.1818181818181818	0.0	0.0909090909090909	0.0	0.0909090909090909	0.0	0.0	0.0	0.2727272727272727	0.0909090909090909
7pqy	H	DHVRPGMNI	YSGGS	GFTVSSN		0.0	8.385714285714284	116.97571428571428		0.0	8.52	108.302		0.1111111111111111	8.81111111111111	131.36777777777775	0.0	0.0	1.0	0.0	0.0	0.0	0.0	1.0	0.0	0.0	0.0	0.0	0.0	1.0	0.0	2.0	1.0	0.0	0.0	1.0	0.0	0.0	0.0	0.0	0.0	0.0	0.0	2.0	0.0	0.0	0.0	0.0	0.0	0.0	0.0	2.0	0.0	0.0	1.0	0.0	0.0	1.0	1.0	1.0	0.0	0.0	0.0	1.0	1.0	1.0	0.0	0.0	1.0	0.0	1.0	0.0	0.0	0.0	0.0	1.0	7	5	9	0.1142857142857144	-0.74	-0.6777777777777777	sars_cov2	0.0	0.0	0.1428571428571428	0.0	0.0	0.0	0.0	0.1428571428571428	0.0	0.0	0.0	0.0	0.0	0.1428571428571428	0.0	0.2857142857142857	0.1428571428571428	0.0	0.0	0.1428571428571428	0.0	0.0	0.0	0.0	0.0	0.0	0.0	0.4	0.0	0.0	0.0	0.0	0.0	0.0	0.0	0.4	0.0	0.0	0.2	0.0	0.0	0.1111111111111111	0.1111111111111111	0.1111111111111111	0.0	0.0	0.0	0.1111111111111111	0.1111111111111111	0.1111111111111111	0.0	0.0	0.1111111111111111	0.0	0.1111111111111111	0.0	0.0	0.0	0.0	0.1111111111111111
7qnw	A	PRPPDYYDNSGALLFDI	YYSGI	GDSISSSRY		0.0	8.966666666666667	123.8988888888889		0.0	7.160000000000001	134.742		-0.1176470588235294	8.470588235294118	131.8435294117647	0.0	1.0	0.0	1.0	0.0	0.0	0.0	1.0	0.0	1.0	0.0	0.0	0.0	0.0	0.0	4.0	0.0	0.0	1.0	0.0	0.0	0.0	0.0	0.0	0.0	0.0	0.0	1.0	0.0	1.0	0.0	0.0	0.0	0.0	0.0	1.0	0.0	0.0	2.0	0.0	1.0	1.0	1.0	3.0	0.0	0.0	0.0	1.0	0.0	1.0	2.0	0.0	0.0	1.0	3.0	1.0	0.0	0.0	2.0	0.0	9	5	17	-0.9333333333333332	0.1399999999999999	-0.6117647058823527	sars_cov2	0.0	0.1111111111111111	0.0	0.1111111111111111	0.0	0.0	0.0	0.1111111111111111	0.0	0.1111111111111111	0.0	0.0	0.0	0.0	0.0	0.4444444444444444	0.0	0.0	0.1111111111111111	0.0	0.0	0.0	0.0	0.0	0.0	0.0	0.0	0.2	0.0	0.2	0.0	0.0	0.0	0.0	0.0	0.2	0.0	0.0	0.4	0.0	0.0588235294117647	0.0588235294117647	0.0588235294117647	0.1764705882352941	0.0	0.0	0.0	0.0588235294117647	0.0	0.0588235294117647	0.1176470588235294	0.0	0.0	0.0588235294117647	0.1764705882352941	0.0588235294117647	0.0	0.0	0.1176470588235294	0.0
6yla	H	GSGISTPMDV	YPGDSE	GYGFITY		0.0	7.057142857142858	132.57142857142858		-0.3333333333333333	9.616666666666667	126.11833333333334		-0.1	8.280000000000001	112.52	0.0	0.0	0.0	0.0	0.0	0.0	0.0	2.0	0.0	1.0	0.0	0.0	0.0	1.0	0.0	0.0	1.0	0.0	2.0	0.0	0.0	0.0	0.0	1.0	0.0	0.0	1.0	1.0	0.0	0.0	0.0	0.0	0.0	0.0	1.0	1.0	0.0	0.0	1.0	0.0	0.0	0.0	0.0	1.0	0.0	0.0	0.0	2.0	0.0	1.0	0.0	0.0	1.0	0.0	1.0	2.0	1.0	0.0	0.0	1.0	7	6	10	0.457142857142857	-1.8500000000000003	0.2399999999999999	sars_cov2	0.0	0.0	0.0	0.0	0.0	0.0	0.0	0.2857142857142857	0.0	0.1428571428571428	0.0	0.0	0.0	0.1428571428571428	0.0	0.0	0.1428571428571428	0.0	0.2857142857142857	0.0	0.0	0.0	0.0	0.1666666666666666	0.0	0.0	0.1666666666666666	0.1666666666666666	0.0	0.0	0.0	0.0	0.0	0.0	0.1666666666666666	0.1666666666666666	0.0	0.0	0.1666666666666666	0.0	0.0	0.0	0.0	0.1	0.0	0.0	0.0	0.2	0.0	0.1	0.0	0.0	0.1	0.0	0.1	0.2	0.1	0.0	0.0	0.1
6xc7	C	DFGDFYFDY	YSGGS	GFTVSSN		0.0	8.385714285714284	116.97571428571428		0.0	8.52	108.302		-0.3333333333333333	8.444444444444446	148.03555555555556	0.0	0.0	1.0	0.0	0.0	0.0	0.0	1.0	0.0	0.0	0.0	0.0	0.0	1.0	0.0	2.0	1.0	0.0	0.0	1.0	0.0	0.0	0.0	0.0	0.0	0.0	0.0	2.0	0.0	0.0	0.0	0.0	0.0	0.0	0.0	2.0	0.0	0.0	1.0	0.0	0.0	0.0	0.0	3.0	0.0	0.0	0.0	1.0	0.0	0.0	0.0	0.0	0.0	3.0	0.0	0.0	0.0	0.0	2.0	0.0	7	5	9	0.1142857142857144	-0.74	-0.5666666666666667	sars_cov2	0.0	0.0	0.1428571428571428	0.0	0.0	0.0	0.0	0.1428571428571428	0.0	0.0	0.0	0.0	0.0	0.1428571428571428	0.0	0.2857142857142857	0.1428571428571428	0.0	0.0	0.1428571428571428	0.0	0.0	0.0	0.0	0.0	0.0	0.0	0.4	0.0	0.0	0.0	0.0	0.0	0.0	0.0	0.4	0.0	0.0	0.2	0.0	0.0	0.0	0.0	0.3333333333333333	0.0	0.0	0.0	0.1111111111111111	0.0	0.0	0.0	0.0	0.0	0.3333333333333333	0.0	0.0	0.0	0.0	0.2222222222222222	0.0
7lxz	H	DGNAYKWLLAENVRFDY	SSSSNY	GFTFSDY		-0.1428571428571428	8.057142857142857	134.85		0.0	9.1	122.27833333333336		-0.0588235294117647	8.658823529411764	138.97058823529412	0.0	0.0	0.0	1.0	0.0	0.0	0.0	1.0	0.0	0.0	0.0	0.0	0.0	2.0	0.0	1.0	1.0	0.0	1.0	0.0	0.0	0.0	1.0	0.0	0.0	0.0	0.0	0.0	0.0	0.0	0.0	0.0	0.0	0.0	0.0	4.0	0.0	0.0	1.0	0.0	2.0	1.0	2.0	2.0	0.0	0.0	1.0	1.0	0.0	0.0	2.0	1.0	0.0	1.0	0.0	0.0	0.0	1.0	2.0	1.0	7	6	17	-0.1571428571428571	-1.3333333333333333	-0.6823529411764707	sars_cov2	0.0	0.0	0.0	0.1428571428571428	0.0	0.0	0.0	0.1428571428571428	0.0	0.0	0.0	0.0	0.0	0.2857142857142857	0.0	0.1428571428571428	0.1428571428571428	0.0	0.1428571428571428	0.0	0.0	0.0	0.1666666666666666	0.0	0.0	0.0	0.0	0.0	0.0	0.0	0.0	0.0	0.0	0.0	0.0	0.6666666666666666	0.0	0.0	0.1666666666666666	0.0	0.1176470588235294	0.0588235294117647	0.1176470588235294	0.1176470588235294	0.0	0.0	0.0588235294117647	0.0588235294117647	0.0	0.0	0.1176470588235294	0.0588235294117647	0.0	0.0588235294117647	0.0	0.0	0.0	0.0588235294117647	0.1176470588235294	0.0588235294117647
7kfv	F	GDVSGYRYGLDY	YSGGA	GFTVSSN		0.0	8.385714285714284	116.97571428571428		0.0	8.3	105.102		-0.0833333333333333	8.508333333333335	130.21583333333334	0.0	0.0	1.0	0.0	0.0	0.0	0.0	1.0	0.0	0.0	0.0	0.0	0.0	1.0	0.0	2.0	1.0	0.0	0.0	1.0	1.0	0.0	0.0	0.0	0.0	0.0	0.0	2.0	0.0	0.0	0.0	0.0	0.0	0.0	0.0	1.0	0.0	0.0	1.0	0.0	0.0	1.0	0.0	2.0	0.0	0.0	0.0	3.0	0.0	0.0	1.0	0.0	0.0	0.0	0.0	1.0	0.0	0.0	3.0	1.0	7	5	12	0.1142857142857144	-0.2199999999999999	-0.7833333333333332	sars_cov2	0.0	0.0	0.1428571428571428	0.0	0.0	0.0	0.0	0.1428571428571428	0.0	0.0	0.0	0.0	0.0	0.1428571428571428	0.0	0.2857142857142857	0.1428571428571428	0.0	0.0	0.1428571428571428	0.2	0.0	0.0	0.0	0.0	0.0	0.0	0.4	0.0	0.0	0.0	0.0	0.0	0.0	0.0	0.2	0.0	0.0	0.2	0.0	0.0	0.0833333333333333	0.0	0.1666666666666666	0.0	0.0	0.0	0.25	0.0	0.0	0.0833333333333333	0.0	0.0	0.0	0.0	0.0833333333333333	0.0	0.0	0.25	0.0833333333333333
7lxx	H	DGNAYKWLLAENVRFDY	SSSSNY	GFTFSDY		-0.1428571428571428	8.057142857142857	134.85		0.0	9.1	122.27833333333336		-0.0588235294117647	8.658823529411764	138.97058823529412	0.0	0.0	0.0	1.0	0.0	0.0	0.0	1.0	0.0	0.0	0.0	0.0	0.0	2.0	0.0	1.0	1.0	0.0	1.0	0.0	0.0	0.0	1.0	0.0	0.0	0.0	0.0	0.0	0.0	0.0	0.0	0.0	0.0	0.0	0.0	4.0	0.0	0.0	1.0	0.0	2.0	1.0	2.0	2.0	0.0	0.0	1.0	1.0	0.0	0.0	2.0	1.0	0.0	1.0	0.0	0.0	0.0	1.0	2.0	1.0	7	6	17	-0.1571428571428571	-1.3333333333333333	-0.6823529411764707	sars_cov2	0.0	0.0	0.0	0.1428571428571428	0.0	0.0	0.0	0.1428571428571428	0.0	0.0	0.0	0.0	0.0	0.2857142857142857	0.0	0.1428571428571428	0.1428571428571428	0.0	0.1428571428571428	0.0	0.0	0.0	0.1666666666666666	0.0	0.0	0.0	0.0	0.0	0.0	0.0	0.0	0.0	0.0	0.0	0.0	0.6666666666666666	0.0	0.0	0.1666666666666666	0.0	0.1176470588235294	0.0588235294117647	0.1176470588235294	0.1176470588235294	0.0	0.0	0.0588235294117647	0.0588235294117647	0.0	0.0	0.1176470588235294	0.0588235294117647	0.0	0.0588235294117647	0.0	0.0	0.0	0.0588235294117647	0.1176470588235294	0.0588235294117647
7l0n	M	GDSSGYYYYFDY	GTAGD	GFTFSSY		0.0	7.514285714285713	130.84857142857143		-0.2	9.54	98.29		-0.1666666666666666	8.216666666666667	141.47166666666666	0.0	0.0	0.0	0.0	0.0	0.0	0.0	1.0	0.0	0.0	0.0	0.0	0.0	2.0	0.0	2.0	1.0	0.0	1.0	0.0	1.0	0.0	0.0	1.0	0.0	0.0	0.0	2.0	0.0	0.0	0.0	0.0	0.0	0.0	0.0	0.0	1.0	0.0	0.0	0.0	0.0	0.0	0.0	2.0	0.0	0.0	0.0	2.0	0.0	0.0	0.0	0.0	0.0	1.0	0.0	2.0	0.0	0.0	5.0	0.0	7	5	12	0.2285714285714286	-0.64	-1.0916666666666668	sars_cov2	0.0	0.0	0.0	0.0	0.0	0.0	0.0	0.1428571428571428	0.0	0.0	0.0	0.0	0.0	0.2857142857142857	0.0	0.2857142857142857	0.1428571428571428	0.0	0.1428571428571428	0.0	0.2	0.0	0.0	0.2	0.0	0.0	0.0	0.4	0.0	0.0	0.0	0.0	0.0	0.0	0.0	0.0	0.2	0.0	0.0	0.0	0.0	0.0	0.0	0.1666666666666666	0.0	0.0	0.0	0.1666666666666666	0.0	0.0	0.0	0.0	0.0	0.0833333333333333	0.0	0.1666666666666666	0.0	0.0	0.4166666666666667	0.0
7kfw	C	GDVSGYRYGLDY	YSGGT	GFTVSSN		0.0	8.385714285714284	116.97571428571428		0.0	8.4	111.108		-0.0833333333333333	8.508333333333335	130.21583333333334	0.0	0.0	1.0	0.0	0.0	0.0	0.0	1.0	0.0	0.0	0.0	0.0	0.0	1.0	0.0	2.0	1.0	0.0	0.0	1.0	0.0	0.0	0.0	0.0	0.0	0.0	0.0	2.0	0.0	0.0	0.0	0.0	0.0	0.0	0.0	1.0	1.0	0.0	1.0	0.0	0.0	1.0	0.0	2.0	0.0	0.0	0.0	3.0	0.0	0.0	1.0	0.0	0.0	0.0	0.0	1.0	0.0	0.0	3.0	1.0	7	5	12	0.1142857142857144	-0.72	-0.7833333333333332	sars_cov2	0.0	0.0	0.1428571428571428	0.0	0.0	0.0	0.0	0.1428571428571428	0.0	0.0	0.0	0.0	0.0	0.1428571428571428	0.0	0.2857142857142857	0.1428571428571428	0.0	0.0	0.1428571428571428	0.0	0.0	0.0	0.0	0.0	0.0	0.0	0.4	0.0	0.0	0.0	0.0	0.0	0.0	0.0	0.2	0.2	0.0	0.2	0.0	0.0	0.0833333333333333	0.0	0.1666666666666666	0.0	0.0	0.0	0.25	0.0	0.0	0.0833333333333333	0.0	0.0	0.0	0.0	0.0833333333333333	0.0	0.0	0.25	0.0833333333333333
7neg	H	DFYEGSFDI	YSGGS	GLTVNRN		0.1428571428571428	8.871428571428572	125.85		0.0	8.52	108.302		-0.3333333333333333	8.700000000000001	137.35888888888886	0.0	1.0	2.0	0.0	0.0	0.0	0.0	1.0	0.0	0.0	1.0	0.0	0.0	0.0	0.0	0.0	1.0	0.0	0.0	1.0	0.0	0.0	0.0	0.0	0.0	0.0	0.0	2.0	0.0	0.0	0.0	0.0	0.0	0.0	0.0	2.0	0.0	0.0	1.0	0.0	0.0	0.0	0.0	2.0	0.0	0.0	1.0	1.0	0.0	1.0	0.0	0.0	0.0	2.0	0.0	1.0	0.0	0.0	1.0	0.0	7	5	9	-0.6571428571428571	-0.74	-0.3222222222222222	sars_cov2	0.0	0.1428571428571428	0.2857142857142857	0.0	0.0	0.0	0.0	0.1428571428571428	0.0	0.0	0.1428571428571428	0.0	0.0	0.0	0.0	0.0	0.1428571428571428	0.0	0.0	0.1428571428571428	0.0	0.0	0.0	0.0	0.0	0.0	0.0	0.4	0.0	0.0	0.0	0.0	0.0	0.0	0.0	0.4	0.0	0.0	0.2	0.0	0.0	0.0	0.0	0.2222222222222222	0.0	0.0	0.1111111111111111	0.1111111111111111	0.0	0.1111111111111111	0.0	0.0	0.0	0.2222222222222222	0.0	0.1111111111111111	0.0	0.0	0.1111111111111111	0.0
7r8l	H	DLYSSGGTDI	YAGGS	GITVSSN		0.0	8.385714285714284	112.11571428571428		0.0	8.3	105.102		-0.2	8.73	118.917	0.0	0.0	1.0	0.0	0.0	0.0	0.0	1.0	0.0	1.0	0.0	0.0	0.0	0.0	0.0	2.0	1.0	0.0	0.0	1.0	1.0	0.0	0.0	0.0	0.0	0.0	0.0	2.0	0.0	0.0	0.0	0.0	0.0	0.0	0.0	1.0	0.0	0.0	1.0	0.0	0.0	0.0	0.0	2.0	0.0	0.0	0.0	2.0	0.0	1.0	1.0	0.0	0.0	0.0	0.0	2.0	1.0	0.0	1.0	0.0	7	5	10	0.3571428571428571	-0.22	-0.31	sars_cov2	0.0	0.0	0.1428571428571428	0.0	0.0	0.0	0.0	0.1428571428571428	0.0	0.1428571428571428	0.0	0.0	0.0	0.0	0.0	0.2857142857142857	0.1428571428571428	0.0	0.0	0.1428571428571428	0.2	0.0	0.0	0.0	0.0	0.0	0.0	0.4	0.0	0.0	0.0	0.0	0.0	0.0	0.0	0.2	0.0	0.0	0.2	0.0	0.0	0.0	0.0	0.2	0.0	0.0	0.0	0.2	0.0	0.1	0.1	0.0	0.0	0.0	0.0	0.2	0.1	0.0	0.1	0.0
7ora	H	PHCNSTSCYDAFDI	VVGSGN	GFTFTTS		0.0	7.77142857142857	123.98571428571428		0.0	8.433333333333334	103.60833333333336		-0.0714285714285714	8.47857142857143	129.06071428571428	0.0	0.0	0.0	0.0	0.0	0.0	0.0	1.0	0.0	0.0	0.0	0.0	0.0	2.0	0.0	1.0	3.0	0.0	0.0	0.0	0.0	0.0	1.0	0.0	0.0	0.0	0.0	2.0	0.0	0.0	0.0	0.0	0.0	0.0	0.0	1.0	0.0	0.0	0.0	2.0	1.0	0.0	1.0	2.0	2.0	0.0	0.0	0.0	1.0	1.0	0.0	0.0	0.0	1.0	1.0	2.0	1.0	0.0	1.0	0.0	7	6	14	0.3285714285714285	0.5499999999999999	-0.3428571428571429	sars_cov2	0.0	0.0	0.0	0.0	0.0	0.0	0.0	0.1428571428571428	0.0	0.0	0.0	0.0	0.0	0.2857142857142857	0.0	0.1428571428571428	0.4285714285714285	0.0	0.0	0.0	0.0	0.0	0.1666666666666666	0.0	0.0	0.0	0.0	0.3333333333333333	0.0	0.0	0.0	0.0	0.0	0.0	0.0	0.1666666666666666	0.0	0.0	0.0	0.3333333333333333	0.0714285714285714	0.0	0.0714285714285714	0.1428571428571428	0.1428571428571428	0.0	0.0	0.0	0.0714285714285714	0.0714285714285714	0.0	0.0	0.0	0.0714285714285714	0.0714285714285714	0.1428571428571428	0.0714285714285714	0.0	0.0714285714285714	0.0
7mzj	F	VGWGAFDI	SGSGGS	GFTFSRF		0.1428571428571428	7.557142857142857	138.43571428571428		0.0	9.1	90.08		-0.125	7.6	123.75875	0.0	1.0	0.0	0.0	0.0	0.0	0.0	1.0	0.0	0.0	0.0	0.0	0.0	3.0	0.0	1.0	1.0	0.0	0.0	0.0	0.0	0.0	0.0	0.0	0.0	0.0	0.0	3.0	0.0	0.0	0.0	0.0	0.0	0.0	0.0	3.0	0.0	0.0	0.0	0.0	1.0	0.0	0.0	1.0	0.0	0.0	0.0	2.0	0.0	1.0	0.0	0.0	0.0	1.0	0.0	0.0	0.0	1.0	0.0	1.0	7	6	8	0.2857142857142857	-0.6	1.0125000000000002	sars_cov2	0.0	0.1428571428571428	0.0	0.0	0.0	0.0	0.0	0.1428571428571428	0.0	0.0	0.0	0.0	0.0	0.4285714285714285	0.0	0.1428571428571428	0.1428571428571428	0.0	0.0	0.0	0.0	0.0	0.0	0.0	0.0	0.0	0.0	0.5	0.0	0.0	0.0	0.0	0.0	0.0	0.0	0.5	0.0	0.0	0.0	0.0	0.125	0.0	0.0	0.125	0.0	0.0	0.0	0.25	0.0	0.125	0.0	0.0	0.0	0.125	0.0	0.0	0.0	0.125	0.0	0.125
7qnx	A	PRPPDYYDNSGALLFDI	YYSGI	GDSISSSRY		0.0	8.966666666666667	123.8988888888889		0.0	7.160000000000001	134.742		-0.1176470588235294	8.470588235294118	131.8435294117647	0.0	1.0	0.0	1.0	0.0	0.0	0.0	1.0	0.0	1.0	0.0	0.0	0.0	0.0	0.0	4.0	0.0	0.0	1.0	0.0	0.0	0.0	0.0	0.0	0.0	0.0	0.0	1.0	0.0	1.0	0.0	0.0	0.0	0.0	0.0	1.0	0.0	0.0	2.0	0.0	1.0	1.0	1.0	3.0	0.0	0.0	0.0	1.0	0.0	1.0	2.0	0.0	0.0	1.0	3.0	1.0	0.0	0.0	2.0	0.0	9	5	17	-0.9333333333333332	0.1399999999999999	-0.6117647058823527	sars_cov2	0.0	0.1111111111111111	0.0	0.1111111111111111	0.0	0.0	0.0	0.1111111111111111	0.0	0.1111111111111111	0.0	0.0	0.0	0.0	0.0	0.4444444444444444	0.0	0.0	0.1111111111111111	0.0	0.0	0.0	0.0	0.0	0.0	0.0	0.0	0.2	0.0	0.2	0.0	0.0	0.0	0.0	0.0	0.2	0.0	0.0	0.4	0.0	0.0588235294117647	0.0588235294117647	0.0588235294117647	0.1764705882352941	0.0	0.0	0.0	0.0588235294117647	0.0	0.0588235294117647	0.1176470588235294	0.0	0.0	0.0588235294117647	0.1764705882352941	0.0588235294117647	0.0	0.0	0.1176470588235294	0.0
7wlz	P	AVEMVRGLGADPEYGMDV	SWNSGT	GFTFDDY		-0.2857142857142857	8.6	138.85142857142858		0.0	8.833333333333334	123.45333333333332		-0.1666666666666666	8.472222222222221	123.07833333333336	0.0	0.0	0.0	2.0	0.0	0.0	0.0	1.0	0.0	0.0	0.0	0.0	0.0	2.0	0.0	0.0	1.0	0.0	1.0	0.0	0.0	0.0	1.0	0.0	0.0	0.0	0.0	1.0	0.0	0.0	0.0	0.0	0.0	0.0	0.0	2.0	1.0	1.0	0.0	0.0	2.0	1.0	0.0	2.0	0.0	0.0	2.0	3.0	0.0	0.0	1.0	0.0	2.0	0.0	1.0	0.0	0.0	0.0	1.0	3.0	7	6	18	-0.5428571428571428	-1.1833333333333331	0.0666666666666667	sars_cov2	0.0	0.0	0.0	0.2857142857142857	0.0	0.0	0.0	0.1428571428571428	0.0	0.0	0.0	0.0	0.0	0.2857142857142857	0.0	0.0	0.1428571428571428	0.0	0.1428571428571428	0.0	0.0	0.0	0.1666666666666666	0.0	0.0	0.0	0.0	0.1666666666666666	0.0	0.0	0.0	0.0	0.0	0.0	0.0	0.3333333333333333	0.1666666666666666	0.1666666666666666	0.0	0.0	0.1111111111111111	0.0555555555555555	0.0	0.1111111111111111	0.0	0.0	0.1111111111111111	0.1666666666666666	0.0	0.0	0.0555555555555555	0.0	0.1111111111111111	0.0	0.0555555555555555	0.0	0.0	0.0	0.0555555555555555	0.1666666666666666
7qez	E	GSGISTPMDV	YPGDSE	GYGFITY		0.0	7.057142857142858	132.57142857142858		-0.3333333333333333	9.616666666666667	126.11833333333334		-0.1	8.280000000000001	112.52	0.0	0.0	0.0	0.0	0.0	0.0	0.0	2.0	0.0	1.0	0.0	0.0	0.0	1.0	0.0	0.0	1.0	0.0	2.0	0.0	0.0	0.0	0.0	1.0	0.0	0.0	1.0	1.0	0.0	0.0	0.0	0.0	0.0	0.0	1.0	1.0	0.0	0.0	1.0	0.0	0.0	0.0	0.0	1.0	0.0	0.0	0.0	2.0	0.0	1.0	0.0	0.0	1.0	0.0	1.0	2.0	1.0	0.0	0.0	1.0	7	6	10	0.457142857142857	-1.8500000000000003	0.2399999999999999	sars_cov2	0.0	0.0	0.0	0.0	0.0	0.0	0.0	0.2857142857142857	0.0	0.1428571428571428	0.0	0.0	0.0	0.1428571428571428	0.0	0.0	0.1428571428571428	0.0	0.2857142857142857	0.0	0.0	0.0	0.0	0.1666666666666666	0.0	0.0	0.1666666666666666	0.1666666666666666	0.0	0.0	0.0	0.0	0.0	0.0	0.1666666666666666	0.1666666666666666	0.0	0.0	0.1666666666666666	0.0	0.0	0.0	0.0	0.1	0.0	0.0	0.0	0.2	0.0	0.1	0.0	0.0	0.1	0.0	0.1	0.2	0.1	0.0	0.0	0.1
7zf8	H	DLMVYGIDV	YSGGT	GVTVSSN		0.0	8.485714285714286	110.11285714285717		0.0	8.4	111.108		-0.2222222222222222	7.644444444444446	129.8122222222222	0.0	0.0	1.0	0.0	0.0	0.0	0.0	1.0	0.0	0.0	0.0	0.0	0.0	0.0	0.0	2.0	1.0	0.0	0.0	2.0	0.0	0.0	0.0	0.0	0.0	0.0	0.0	2.0	0.0	0.0	0.0	0.0	0.0	0.0	0.0	1.0	1.0	0.0	1.0	0.0	0.0	0.0	0.0	2.0	0.0	0.0	0.0	1.0	0.0	1.0	1.0	0.0	1.0	0.0	0.0	0.0	0.0	0.0	1.0	2.0	7	5	9	0.3142857142857144	-0.72	1.1	sars_cov2	0.0	0.0	0.1428571428571428	0.0	0.0	0.0	0.0	0.1428571428571428	0.0	0.0	0.0	0.0	0.0	0.0	0.0	0.2857142857142857	0.1428571428571428	0.0	0.0	0.2857142857142857	0.0	0.0	0.0	0.0	0.0	0.0	0.0	0.4	0.0	0.0	0.0	0.0	0.0	0.0	0.0	0.2	0.2	0.0	0.2	0.0	0.0	0.0	0.0	0.2222222222222222	0.0	0.0	0.0	0.1111111111111111	0.0	0.1111111111111111	0.1111111111111111	0.0	0.1111111111111111	0.0	0.0	0.0	0.0	0.0	0.1111111111111111	0.2222222222222222
7l7e	T	PYCSSISCNDGFDI	VIGSGN	GFTFMSS		0.0	7.442857142857142	126.28		0.0	8.316666666666666	105.945		-0.1428571428571428	8.214285714285714	125.34357142857142	0.0	0.0	0.0	0.0	0.0	0.0	0.0	1.0	0.0	0.0	0.0	0.0	1.0	2.0	0.0	2.0	1.0	0.0	0.0	0.0	0.0	0.0	1.0	0.0	0.0	0.0	0.0	2.0	0.0	1.0	0.0	0.0	0.0	0.0	0.0	1.0	0.0	0.0	0.0	1.0	0.0	0.0	1.0	2.0	2.0	0.0	0.0	1.0	0.0	2.0	0.0	0.0	0.0	1.0	1.0	3.0	0.0	0.0	1.0	0.0	7	6	14	0.6857142857142858	0.5999999999999998	0.0428571428571428	sars_cov2	0.0	0.0	0.0	0.0	0.0	0.0	0.0	0.1428571428571428	0.0	0.0	0.0	0.0	0.1428571428571428	0.2857142857142857	0.0	0.2857142857142857	0.1428571428571428	0.0	0.0	0.0	0.0	0.0	0.1666666666666666	0.0	0.0	0.0	0.0	0.3333333333333333	0.0	0.1666666666666666	0.0	0.0	0.0	0.0	0.0	0.1666666666666666	0.0	0.0	0.0	0.1666666666666666	0.0	0.0	0.0714285714285714	0.1428571428571428	0.1428571428571428	0.0	0.0	0.0714285714285714	0.0	0.1428571428571428	0.0	0.0	0.0	0.0714285714285714	0.0714285714285714	0.2142857142857142	0.0	0.0	0.0714285714285714	0.0
7jx3	H	GDSSGYYYYFDY	GTAGD	GFTFSSY		0.0	7.514285714285713	130.84857142857143		-0.2	9.54	98.29		-0.1666666666666666	8.216666666666667	141.47166666666666	0.0	0.0	0.0	0.0	0.0	0.0	0.0	1.0	0.0	0.0	0.0	0.0	0.0	2.0	0.0	2.0	1.0	0.0	1.0	0.0	1.0	0.0	0.0	1.0	0.0	0.0	0.0	2.0	0.0	0.0	0.0	0.0	0.0	0.0	0.0	0.0	1.0	0.0	0.0	0.0	0.0	0.0	0.0	2.0	0.0	0.0	0.0	2.0	0.0	0.0	0.0	0.0	0.0	1.0	0.0	2.0	0.0	0.0	5.0	0.0	7	5	12	0.2285714285714286	-0.64	-1.0916666666666668	sars_cov2	0.0	0.0	0.0	0.0	0.0	0.0	0.0	0.1428571428571428	0.0	0.0	0.0	0.0	0.0	0.2857142857142857	0.0	0.2857142857142857	0.1428571428571428	0.0	0.1428571428571428	0.0	0.2	0.0	0.0	0.2	0.0	0.0	0.0	0.4	0.0	0.0	0.0	0.0	0.0	0.0	0.0	0.0	0.2	0.0	0.0	0.0	0.0	0.0	0.0	0.1666666666666666	0.0	0.0	0.0	0.1666666666666666	0.0	0.0	0.0	0.0	0.0	0.0833333333333333	0.0	0.1666666666666666	0.0	0.0	0.4166666666666667	0.0
7n8h	E	AAPFYDFWSGYSYFDY	NPISSG	GYTFTGY		0.0	7.542857142857143	130.85		0.0	8.700000000000001	110.61166666666668		-0.125	7.712500000000001	141.8325	0.0	0.0	0.0	0.0	0.0	0.0	0.0	2.0	0.0	0.0	0.0	0.0	0.0	1.0	0.0	0.0	2.0	0.0	2.0	0.0	0.0	0.0	1.0	0.0	0.0	0.0	0.0	1.0	0.0	1.0	0.0	0.0	0.0	0.0	1.0	2.0	0.0	0.0	0.0	0.0	2.0	0.0	0.0	2.0	0.0	0.0	0.0	1.0	0.0	0.0	0.0	0.0	0.0	3.0	1.0	2.0	0.0	1.0	4.0	0.0	7	6	16	-0.2857142857142857	-0.4333333333333333	-0.29375	sars_cov2	0.0	0.0	0.0	0.0	0.0	0.0	0.0	0.2857142857142857	0.0	0.0	0.0	0.0	0.0	0.1428571428571428	0.0	0.0	0.2857142857142857	0.0	0.2857142857142857	0.0	0.0	0.0	0.1666666666666666	0.0	0.0	0.0	0.0	0.1666666666666666	0.0	0.1666666666666666	0.0	0.0	0.0	0.0	0.1666666666666666	0.3333333333333333	0.0	0.0	0.0	0.0	0.125	0.0	0.0	0.125	0.0	0.0	0.0	0.0625	0.0	0.0	0.0	0.0	0.0	0.1875	0.0625	0.125	0.0	0.0625	0.25	0.0
7n3i	H	DLYSSGGTDI	YSGGS	GFTVSSN		0.0	8.385714285714284	116.97571428571428		0.0	8.52	108.302		-0.2	8.73	118.917	0.0	0.0	1.0	0.0	0.0	0.0	0.0	1.0	0.0	0.0	0.0	0.0	0.0	1.0	0.0	2.0	1.0	0.0	0.0	1.0	0.0	0.0	0.0	0.0	0.0	0.0	0.0	2.0	0.0	0.0	0.0	0.0	0.0	0.0	0.0	2.0	0.0	0.0	1.0	0.0	0.0	0.0	0.0	2.0	0.0	0.0	0.0	2.0	0.0	1.0	1.0	0.0	0.0	0.0	0.0	2.0	1.0	0.0	1.0	0.0	7	5	10	0.1142857142857144	-0.74	-0.31	sars_cov2	0.0	0.0	0.1428571428571428	0.0	0.0	0.0	0.0	0.1428571428571428	0.0	0.0	0.0	0.0	0.0	0.1428571428571428	0.0	0.2857142857142857	0.1428571428571428	0.0	0.0	0.1428571428571428	0.0	0.0	0.0	0.0	0.0	0.0	0.0	0.4	0.0	0.0	0.0	0.0	0.0	0.0	0.0	0.4	0.0	0.0	0.2	0.0	0.0	0.0	0.0	0.2	0.0	0.0	0.0	0.2	0.0	0.1	0.1	0.0	0.0	0.0	0.0	0.2	0.1	0.0	0.1	0.0
7nx8	H	DGGKLWVYYFDY	SYDGSN	AFTFSSY		0.0	7.385714285714286	132.85142857142858		-0.1666666666666666	9.7	121.94333333333331		-0.0833333333333333	7.941666666666666	143.65333333333334	1.0	0.0	0.0	0.0	0.0	0.0	0.0	0.0	0.0	0.0	0.0	0.0	0.0	2.0	0.0	2.0	1.0	0.0	1.0	0.0	0.0	0.0	1.0	1.0	0.0	0.0	0.0	1.0	0.0	0.0	0.0	0.0	0.0	0.0	0.0	2.0	0.0	0.0	1.0	0.0	0.0	0.0	0.0	2.0	0.0	0.0	0.0	2.0	0.0	0.0	1.0	1.0	0.0	1.0	0.0	0.0	0.0	1.0	3.0	1.0	7	6	12	0.5428571428571428	-1.7166666666666668	-0.4749999999999999	sars_cov2	0.1428571428571428	0.0	0.0	0.0	0.0	0.0	0.0	0.0	0.0	0.0	0.0	0.0	0.0	0.2857142857142857	0.0	0.2857142857142857	0.1428571428571428	0.0	0.1428571428571428	0.0	0.0	0.0	0.1666666666666666	0.1666666666666666	0.0	0.0	0.0	0.1666666666666666	0.0	0.0	0.0	0.0	0.0	0.0	0.0	0.3333333333333333	0.0	0.0	0.1666666666666666	0.0	0.0	0.0	0.0	0.1666666666666666	0.0	0.0	0.0	0.1666666666666666	0.0	0.0	0.0833333333333333	0.0833333333333333	0.0	0.0833333333333333	0.0	0.0	0.0	0.0833333333333333	0.25	0.0833333333333333
7sob	G	DYTRGAWFGESLIGGFDN	STYNGN	GYPFTSY		0.0	7.485714285714287	134.56857142857143		0.0	9.366666666666664	124.11833333333333		-0.1111111111111111	8.577777777777778	128.40944444444443	0.0	0.0	0.0	0.0	0.0	0.0	0.0	1.0	0.0	0.0	0.0	0.0	0.0	1.0	1.0	1.0	1.0	0.0	2.0	0.0	0.0	0.0	2.0	0.0	0.0	0.0	0.0	1.0	0.0	0.0	0.0	0.0	0.0	0.0	0.0	1.0	1.0	0.0	1.0	0.0	1.0	1.0	1.0	2.0	0.0	0.0	1.0	4.0	0.0	1.0	1.0	0.0	0.0	2.0	0.0	1.0	1.0	1.0	1.0	0.0	7	6	18	-0.4714285714285715	-1.7	-0.45	sars_cov2	0.0	0.0	0.0	0.0	0.0	0.0	0.0	0.1428571428571428	0.0	0.0	0.0	0.0	0.0	0.1428571428571428	0.1428571428571428	0.1428571428571428	0.1428571428571428	0.0	0.2857142857142857	0.0	0.0	0.0	0.3333333333333333	0.0	0.0	0.0	0.0	0.1666666666666666	0.0	0.0	0.0	0.0	0.0	0.0	0.0	0.1666666666666666	0.1666666666666666	0.0	0.1666666666666666	0.0	0.0555555555555555	0.0555555555555555	0.0555555555555555	0.1111111111111111	0.0	0.0	0.0555555555555555	0.2222222222222222	0.0	0.0555555555555555	0.0555555555555555	0.0	0.0	0.1111111111111111	0.0	0.0555555555555555	0.0555555555555555	0.0555555555555555	0.0555555555555555	0.0
7kzb	A	GSGISTPMDV	YPGDSE	FITY		0.0	6.3	149.16750000000002		-0.3333333333333333	9.616666666666667	126.11833333333334		-0.1	8.280000000000001	112.52	0.0	0.0	0.0	0.0	0.0	0.0	0.0	0.0	0.0	1.0	0.0	0.0	0.0	1.0	0.0	0.0	1.0	0.0	1.0	0.0	0.0	0.0	0.0	1.0	0.0	0.0	1.0	1.0	0.0	0.0	0.0	0.0	0.0	0.0	1.0	1.0	0.0	0.0	1.0	0.0	0.0	0.0	0.0	1.0	0.0	0.0	0.0	2.0	0.0	1.0	0.0	0.0	1.0	0.0	1.0	2.0	1.0	0.0	0.0	1.0	4	6	10	1.325	-1.8500000000000003	0.2399999999999999	sars_cov2	0.0	0.0	0.0	0.0	0.0	0.0	0.0	0.0	0.0	0.25	0.0	0.0	0.0	0.25	0.0	0.0	0.25	0.0	0.25	0.0	0.0	0.0	0.0	0.1666666666666666	0.0	0.0	0.1666666666666666	0.1666666666666666	0.0	0.0	0.0	0.0	0.0	0.0	0.1666666666666666	0.1666666666666666	0.0	0.0	0.1666666666666666	0.0	0.0	0.0	0.0	0.1	0.0	0.0	0.0	0.2	0.0	0.1	0.0	0.0	0.1	0.0	0.1	0.2	0.1	0.0	0.0	0.1
7f6z	H	DAAVYGIDV	YAGGS	GLIVSSN		0.0	7.857142857142858	113.83714285714288		0.0	8.3	105.102		-0.2222222222222222	8.266666666666667	118.45666666666664	0.0	0.0	1.0	0.0	0.0	0.0	0.0	1.0	0.0	1.0	1.0	0.0	0.0	0.0	0.0	2.0	0.0	0.0	0.0	1.0	1.0	0.0	0.0	0.0	0.0	0.0	0.0	2.0	0.0	0.0	0.0	0.0	0.0	0.0	0.0	1.0	0.0	0.0	1.0	0.0	2.0	0.0	0.0	2.0	0.0	0.0	0.0	1.0	0.0	1.0	0.0	0.0	0.0	0.0	0.0	0.0	0.0	0.0	1.0	2.0	7	5	9	1.0	-0.22	0.8666666666666668	sars_cov2	0.0	0.0	0.1428571428571428	0.0	0.0	0.0	0.0	0.1428571428571428	0.0	0.1428571428571428	0.1428571428571428	0.0	0.0	0.0	0.0	0.2857142857142857	0.0	0.0	0.0	0.1428571428571428	0.2	0.0	0.0	0.0	0.0	0.0	0.0	0.4	0.0	0.0	0.0	0.0	0.0	0.0	0.0	0.2	0.0	0.0	0.2	0.0	0.2222222222222222	0.0	0.0	0.2222222222222222	0.0	0.0	0.0	0.1111111111111111	0.0	0.1111111111111111	0.0	0.0	0.0	0.0	0.0	0.0	0.0	0.0	0.1111111111111111	0.2222222222222222
7m7b	H	RWWLRGAFDI	NHSGS	GGSFSGY		0.0	8.114285714285714	111.68142857142855		0.2	9.88	114.506		0.1	7.720000000000001	148.165	0.0	0.0	0.0	0.0	0.0	0.0	0.0	3.0	0.0	0.0	0.0	0.0	0.0	1.0	0.0	2.0	0.0	0.0	1.0	0.0	0.0	0.0	1.0	0.0	0.0	0.0	0.0	1.0	1.0	0.0	0.0	0.0	0.0	0.0	0.0	2.0	0.0	0.0	0.0	0.0	1.0	2.0	0.0	1.0	0.0	0.0	0.0	1.0	0.0	1.0	1.0	0.0	0.0	1.0	0.0	0.0	0.0	2.0	0.0	0.0	7	5	10	-0.1857142857142857	-1.7400000000000002	-0.1800000000000001	sars_cov2	0.0	0.0	0.0	0.0	0.0	0.0	0.0	0.4285714285714285	0.0	0.0	0.0	0.0	0.0	0.1428571428571428	0.0	0.2857142857142857	0.0	0.0	0.1428571428571428	0.0	0.0	0.0	0.2	0.0	0.0	0.0	0.0	0.2	0.2	0.0	0.0	0.0	0.0	0.0	0.0	0.4	0.0	0.0	0.0	0.0	0.1	0.2	0.0	0.1	0.0	0.0	0.0	0.1	0.0	0.1	0.1	0.0	0.0	0.1	0.0	0.0	0.0	0.2	0.0	0.0
7nx9	A	GEGSPGNWFDP	YSGGS	GLTVSSN		0.0	8.342857142857143	112.11571428571428		0.0	8.52	108.302		-0.1818181818181818	9.063636363636364	122.03	0.0	0.0	1.0	0.0	0.0	0.0	0.0	1.0	0.0	0.0	1.0	0.0	0.0	0.0	0.0	2.0	1.0	0.0	0.0	1.0	0.0	0.0	0.0	0.0	0.0	0.0	0.0	2.0	0.0	0.0	0.0	0.0	0.0	0.0	0.0	2.0	0.0	0.0	1.0	0.0	0.0	0.0	1.0	1.0	0.0	0.0	1.0	3.0	0.0	0.0	0.0	0.0	0.0	1.0	2.0	1.0	0.0	1.0	0.0	0.0	7	5	11	0.2571428571428572	-0.74	-1.2545454545454544	sars_cov2	0.0	0.0	0.1428571428571428	0.0	0.0	0.0	0.0	0.1428571428571428	0.0	0.0	0.1428571428571428	0.0	0.0	0.0	0.0	0.2857142857142857	0.1428571428571428	0.0	0.0	0.1428571428571428	0.0	0.0	0.0	0.0	0.0	0.0	0.0	0.4	0.0	0.0	0.0	0.0	0.0	0.0	0.0	0.4	0.0	0.0	0.2	0.0	0.0	0.0	0.0909090909090909	0.0909090909090909	0.0	0.0	0.0909090909090909	0.2727272727272727	0.0	0.0	0.0	0.0	0.0	0.0909090909090909	0.1818181818181818	0.0909090909090909	0.0	0.0909090909090909	0.0	0.0
6xc4	H	DFGDFYFDY	YSGGS	GFTVSSN		0.0	8.385714285714284	116.97571428571428		0.0	8.52	108.302		-0.3333333333333333	8.444444444444446	148.03555555555556	0.0	0.0	1.0	0.0	0.0	0.0	0.0	1.0	0.0	0.0	0.0	0.0	0.0	1.0	0.0	2.0	1.0	0.0	0.0	1.0	0.0	0.0	0.0	0.0	0.0	0.0	0.0	2.0	0.0	0.0	0.0	0.0	0.0	0.0	0.0	2.0	0.0	0.0	1.0	0.0	0.0	0.0	0.0	3.0	0.0	0.0	0.0	1.0	0.0	0.0	0.0	0.0	0.0	3.0	0.0	0.0	0.0	0.0	2.0	0.0	7	5	9	0.1142857142857144	-0.74	-0.5666666666666667	sars_cov2	0.0	0.0	0.1428571428571428	0.0	0.0	0.0	0.0	0.1428571428571428	0.0	0.0	0.0	0.0	0.0	0.1428571428571428	0.0	0.2857142857142857	0.1428571428571428	0.0	0.0	0.1428571428571428	0.0	0.0	0.0	0.0	0.0	0.0	0.0	0.4	0.0	0.0	0.0	0.0	0.0	0.0	0.0	0.4	0.0	0.0	0.2	0.0	0.0	0.0	0.0	0.3333333333333333	0.0	0.0	0.0	0.1111111111111111	0.0	0.0	0.0	0.0	0.0	0.3333333333333333	0.0	0.0	0.0	0.0	0.2222222222222222	0.0
7s4s	H	DLEVAGAIDY	YSGGS	GFIVSRN		0.1428571428571428	8.085714285714285	128.57		0.0	8.52	108.302		-0.3	8.57	122.726	0.0	1.0	1.0	0.0	0.0	0.0	0.0	1.0	0.0	1.0	0.0	0.0	0.0	1.0	0.0	1.0	0.0	0.0	0.0	1.0	0.0	0.0	0.0	0.0	0.0	0.0	0.0	2.0	0.0	0.0	0.0	0.0	0.0	0.0	0.0	2.0	0.0	0.0	1.0	0.0	2.0	0.0	0.0	2.0	0.0	0.0	1.0	1.0	0.0	1.0	1.0	0.0	0.0	0.0	0.0	0.0	0.0	0.0	1.0	1.0	7	5	10	0.3285714285714287	-0.74	0.3899999999999999	sars_cov2	0.0	0.1428571428571428	0.1428571428571428	0.0	0.0	0.0	0.0	0.1428571428571428	0.0	0.1428571428571428	0.0	0.0	0.0	0.1428571428571428	0.0	0.1428571428571428	0.0	0.0	0.0	0.1428571428571428	0.0	0.0	0.0	0.0	0.0	0.0	0.0	0.4	0.0	0.0	0.0	0.0	0.0	0.0	0.0	0.4	0.0	0.0	0.2	0.0	0.2	0.0	0.0	0.2	0.0	0.0	0.1	0.1	0.0	0.1	0.1	0.0	0.0	0.0	0.0	0.0	0.0	0.0	0.1	0.1
7ly3	F	AVAGEWYFDY	WYDGSN	GFTFSSY		0.0	7.514285714285713	130.84857142857143		-0.1666666666666666	9.066666666666666	138.46666666666667		-0.2	7.940000000000002	138.243	0.0	0.0	0.0	0.0	0.0	0.0	0.0	1.0	0.0	0.0	0.0	0.0	0.0	2.0	0.0	2.0	1.0	0.0	1.0	0.0	0.0	0.0	1.0	1.0	0.0	0.0	0.0	1.0	0.0	0.0	0.0	0.0	0.0	0.0	0.0	1.0	0.0	1.0	1.0	0.0	2.0	0.0	0.0	1.0	0.0	0.0	1.0	1.0	0.0	0.0	0.0	0.0	0.0	1.0	0.0	0.0	0.0	1.0	2.0	1.0	7	6	10	0.2285714285714286	-1.7333333333333334	-0.03	sars_cov2	0.0	0.0	0.0	0.0	0.0	0.0	0.0	0.1428571428571428	0.0	0.0	0.0	0.0	0.0	0.2857142857142857	0.0	0.2857142857142857	0.1428571428571428	0.0	0.1428571428571428	0.0	0.0	0.0	0.1666666666666666	0.1666666666666666	0.0	0.0	0.0	0.1666666666666666	0.0	0.0	0.0	0.0	0.0	0.0	0.0	0.1666666666666666	0.0	0.1666666666666666	0.1666666666666666	0.0	0.2	0.0	0.0	0.1	0.0	0.0	0.1	0.1	0.0	0.0	0.0	0.0	0.0	0.1	0.0	0.0	0.0	0.1	0.2	0.1
7ben	G	DVVVVVAARNHYYNGMDV	SQDGGN	GFTFNNY		0.0	8.2	138.57142857142858		-0.1666666666666666	10.383333333333336	111.1		0.0	8.266666666666666	129.30777777777777	0.0	0.0	2.0	0.0	0.0	0.0	0.0	1.0	0.0	0.0	0.0	0.0	0.0	2.0	0.0	0.0	1.0	0.0	1.0	0.0	0.0	0.0	1.0	1.0	0.0	1.0	0.0	2.0	0.0	0.0	0.0	0.0	0.0	0.0	0.0	1.0	0.0	0.0	0.0	0.0	2.0	1.0	2.0	2.0	0.0	0.0	0.0	1.0	1.0	0.0	0.0	0.0	1.0	0.0	0.0	0.0	0.0	0.0	2.0	6.0	7	6	18	-0.5428571428571428	-2.0166666666666666	0.3333333333333334	sars_cov2	0.0	0.0	0.2857142857142857	0.0	0.0	0.0	0.0	0.1428571428571428	0.0	0.0	0.0	0.0	0.0	0.2857142857142857	0.0	0.0	0.1428571428571428	0.0	0.1428571428571428	0.0	0.0	0.0	0.1666666666666666	0.1666666666666666	0.0	0.1666666666666666	0.0	0.3333333333333333	0.0	0.0	0.0	0.0	0.0	0.0	0.0	0.1666666666666666	0.0	0.0	0.0	0.0	0.1111111111111111	0.0555555555555555	0.1111111111111111	0.1111111111111111	0.0	0.0	0.0	0.0555555555555555	0.0555555555555555	0.0	0.0	0.0	0.0555555555555555	0.0	0.0	0.0	0.0	0.0	0.1111111111111111	0.3333333333333333
7ly2	F	AAPFYDFWSGYSYFDY	NPISSG	GYTFTGY		0.0	7.542857142857143	130.85		0.0	8.700000000000001	110.61166666666668		-0.125	7.712500000000001	141.8325	0.0	0.0	0.0	0.0	0.0	0.0	0.0	2.0	0.0	0.0	0.0	0.0	0.0	1.0	0.0	0.0	2.0	0.0	2.0	0.0	0.0	0.0	1.0	0.0	0.0	0.0	0.0	1.0	0.0	1.0	0.0	0.0	0.0	0.0	1.0	2.0	0.0	0.0	0.0	0.0	2.0	0.0	0.0	2.0	0.0	0.0	0.0	1.0	0.0	0.0	0.0	0.0	0.0	3.0	1.0	2.0	0.0	1.0	4.0	0.0	7	6	16	-0.2857142857142857	-0.4333333333333333	-0.29375	sars_cov2	0.0	0.0	0.0	0.0	0.0	0.0	0.0	0.2857142857142857	0.0	0.0	0.0	0.0	0.0	0.1428571428571428	0.0	0.0	0.2857142857142857	0.0	0.2857142857142857	0.0	0.0	0.0	0.1666666666666666	0.0	0.0	0.0	0.0	0.1666666666666666	0.0	0.1666666666666666	0.0	0.0	0.0	0.0	0.1666666666666666	0.3333333333333333	0.0	0.0	0.0	0.0	0.125	0.0	0.0	0.125	0.0	0.0	0.0	0.0625	0.0	0.0	0.0	0.0	0.0	0.1875	0.0625	0.125	0.0	0.0625	0.25	0.0
7chc	H	DYGDYYFDY	YSGGS	EFIVSRN		0.0	8.557142857142857	138.86428571428573		0.0	8.52	108.302		-0.3333333333333333	8.666666666666668	151.5911111111111	0.0	1.0	1.0	0.0	0.0	0.0	1.0	0.0	0.0	1.0	0.0	0.0	0.0	1.0	0.0	1.0	0.0	0.0	0.0	1.0	0.0	0.0	0.0	0.0	0.0	0.0	0.0	2.0	0.0	0.0	0.0	0.0	0.0	0.0	0.0	2.0	0.0	0.0	1.0	0.0	0.0	0.0	0.0	3.0	0.0	0.0	0.0	1.0	0.0	0.0	0.0	0.0	0.0	1.0	0.0	0.0	0.0	0.0	4.0	0.0	7	5	9	-0.1142857142857142	-0.74	-1.477777777777778	sars_cov2	0.0	0.1428571428571428	0.1428571428571428	0.0	0.0	0.0	0.1428571428571428	0.0	0.0	0.1428571428571428	0.0	0.0	0.0	0.1428571428571428	0.0	0.1428571428571428	0.0	0.0	0.0	0.1428571428571428	0.0	0.0	0.0	0.0	0.0	0.0	0.0	0.4	0.0	0.0	0.0	0.0	0.0	0.0	0.0	0.4	0.0	0.0	0.2	0.0	0.0	0.0	0.0	0.3333333333333333	0.0	0.0	0.0	0.1111111111111111	0.0	0.0	0.0	0.0	0.0	0.1111111111111111	0.0	0.0	0.0	0.0	0.4444444444444444	0.0
7kqb	K	LITMVRGEDY	SYDGSN	GFTFSSY		0.0	7.514285714285713	130.84857142857143		-0.1666666666666666	9.7	121.94333333333331		-0.1	8.13	135.85099999999997	0.0	0.0	0.0	0.0	0.0	0.0	0.0	1.0	0.0	0.0	0.0	0.0	0.0	2.0	0.0	2.0	1.0	0.0	1.0	0.0	0.0	0.0	1.0	1.0	0.0	0.0	0.0	1.0	0.0	0.0	0.0	0.0	0.0	0.0	0.0	2.0	0.0	0.0	1.0	0.0	0.0	1.0	0.0	1.0	0.0	0.0	1.0	1.0	0.0	1.0	1.0	0.0	1.0	0.0	0.0	0.0	1.0	0.0	1.0	1.0	7	6	10	0.2285714285714286	-1.7166666666666668	0.0499999999999998	sars_cov2	0.0	0.0	0.0	0.0	0.0	0.0	0.0	0.1428571428571428	0.0	0.0	0.0	0.0	0.0	0.2857142857142857	0.0	0.2857142857142857	0.1428571428571428	0.0	0.1428571428571428	0.0	0.0	0.0	0.1666666666666666	0.1666666666666666	0.0	0.0	0.0	0.1666666666666666	0.0	0.0	0.0	0.0	0.0	0.0	0.0	0.3333333333333333	0.0	0.0	0.1666666666666666	0.0	0.0	0.1	0.0	0.1	0.0	0.0	0.1	0.1	0.0	0.1	0.1	0.0	0.1	0.0	0.0	0.0	0.1	0.0	0.1	0.1
7fcp	H	EARGYYDRSGYYHPGYFDY	KPSDDS	GYIFTSY		0.0	7.0857142857142845	136.86		-0.1666666666666666	10.616666666666667	122.95		0.0	8.652631578947368	142.30210526315787	0.0	0.0	0.0	0.0	0.0	0.0	0.0	1.0	0.0	1.0	0.0	0.0	0.0	1.0	0.0	1.0	1.0	0.0	2.0	0.0	0.0	0.0	0.0	2.0	0.0	0.0	0.0	0.0	0.0	0.0	0.0	1.0	0.0	0.0	1.0	2.0	0.0	0.0	0.0	0.0	1.0	2.0	0.0	2.0	0.0	0.0	1.0	3.0	1.0	0.0	0.0	0.0	0.0	1.0	1.0	1.0	0.0	0.0	6.0	0.0	7	6	19	0.3999999999999999	-2.35	-1.5526315789473686	sars_cov2	0.0	0.0	0.0	0.0	0.0	0.0	0.0	0.1428571428571428	0.0	0.1428571428571428	0.0	0.0	0.0	0.1428571428571428	0.0	0.1428571428571428	0.1428571428571428	0.0	0.2857142857142857	0.0	0.0	0.0	0.0	0.3333333333333333	0.0	0.0	0.0	0.0	0.0	0.0	0.0	0.1666666666666666	0.0	0.0	0.1666666666666666	0.3333333333333333	0.0	0.0	0.0	0.0	0.0526315789473684	0.1052631578947368	0.0	0.1052631578947368	0.0	0.0	0.0526315789473684	0.1578947368421052	0.0526315789473684	0.0	0.0	0.0	0.0	0.0526315789473684	0.0526315789473684	0.0526315789473684	0.0	0.0	0.3157894736842105	0.0
7kfy	H	GDVSGYRYGLDY	YSGGT	GFTVSSN		0.0	8.385714285714284	116.97571428571428		0.0	8.4	111.108		-0.0833333333333333	8.508333333333335	130.21583333333334	0.0	0.0	1.0	0.0	0.0	0.0	0.0	1.0	0.0	0.0	0.0	0.0	0.0	1.0	0.0	2.0	1.0	0.0	0.0	1.0	0.0	0.0	0.0	0.0	0.0	0.0	0.0	2.0	0.0	0.0	0.0	0.0	0.0	0.0	0.0	1.0	1.0	0.0	1.0	0.0	0.0	1.0	0.0	2.0	0.0	0.0	0.0	3.0	0.0	0.0	1.0	0.0	0.0	0.0	0.0	1.0	0.0	0.0	3.0	1.0	7	5	12	0.1142857142857144	-0.72	-0.7833333333333332	sars_cov2	0.0	0.0	0.1428571428571428	0.0	0.0	0.0	0.0	0.1428571428571428	0.0	0.0	0.0	0.0	0.0	0.1428571428571428	0.0	0.2857142857142857	0.1428571428571428	0.0	0.0	0.1428571428571428	0.0	0.0	0.0	0.0	0.0	0.0	0.0	0.4	0.0	0.0	0.0	0.0	0.0	0.0	0.0	0.2	0.2	0.0	0.2	0.0	0.0	0.0833333333333333	0.0	0.1666666666666666	0.0	0.0	0.0	0.25	0.0	0.0	0.0833333333333333	0.0	0.0	0.0	0.0	0.0833333333333333	0.0	0.0	0.25	0.0833333333333333
7r6w	A	DYTRGAWFGESLIGGFDN	STYNGN	GYPFTSY		0.0	7.485714285714287	134.56857142857143		0.0	9.366666666666664	124.11833333333333		-0.1111111111111111	8.577777777777778	128.40944444444443	0.0	0.0	0.0	0.0	0.0	0.0	0.0	1.0	0.0	0.0	0.0	0.0	0.0	1.0	1.0	1.0	1.0	0.0	2.0	0.0	0.0	0.0	2.0	0.0	0.0	0.0	0.0	1.0	0.0	0.0	0.0	0.0	0.0	0.0	0.0	1.0	1.0	0.0	1.0	0.0	1.0	1.0	1.0	2.0	0.0	0.0	1.0	4.0	0.0	1.0	1.0	0.0	0.0	2.0	0.0	1.0	1.0	1.0	1.0	0.0	7	6	18	-0.4714285714285715	-1.7	-0.45	sars_cov2	0.0	0.0	0.0	0.0	0.0	0.0	0.0	0.1428571428571428	0.0	0.0	0.0	0.0	0.0	0.1428571428571428	0.1428571428571428	0.1428571428571428	0.1428571428571428	0.0	0.2857142857142857	0.0	0.0	0.0	0.3333333333333333	0.0	0.0	0.0	0.0	0.1666666666666666	0.0	0.0	0.0	0.0	0.0	0.0	0.0	0.1666666666666666	0.1666666666666666	0.0	0.1666666666666666	0.0	0.0555555555555555	0.0555555555555555	0.0555555555555555	0.1111111111111111	0.0	0.0	0.0555555555555555	0.2222222222222222	0.0	0.0555555555555555	0.0555555555555555	0.0	0.0	0.1111111111111111	0.0	0.0555555555555555	0.0555555555555555	0.0555555555555555	0.0555555555555555	0.0
7qny	H	DLGSGDMDV	YPGGS	GVTVSSN		0.0	8.485714285714286	110.11285714285717		0.0	8.280000000000001	110.31		-0.3333333333333333	9.18888888888889	116.89555555555556	0.0	0.0	1.0	0.0	0.0	0.0	0.0	1.0	0.0	0.0	0.0	0.0	0.0	0.0	0.0	2.0	1.0	0.0	0.0	2.0	0.0	0.0	0.0	0.0	0.0	0.0	0.0	2.0	0.0	0.0	0.0	0.0	0.0	0.0	1.0	1.0	0.0	0.0	1.0	0.0	0.0	0.0	0.0	3.0	0.0	0.0	0.0	2.0	0.0	0.0	1.0	0.0	1.0	0.0	0.0	1.0	0.0	0.0	0.0	1.0	7	5	9	0.3142857142857144	-0.9	-0.2444444444444444	sars_cov2	0.0	0.0	0.1428571428571428	0.0	0.0	0.0	0.0	0.1428571428571428	0.0	0.0	0.0	0.0	0.0	0.0	0.0	0.2857142857142857	0.1428571428571428	0.0	0.0	0.2857142857142857	0.0	0.0	0.0	0.0	0.0	0.0	0.0	0.4	0.0	0.0	0.0	0.0	0.0	0.0	0.2	0.2	0.0	0.0	0.2	0.0	0.0	0.0	0.0	0.3333333333333333	0.0	0.0	0.0	0.2222222222222222	0.0	0.0	0.1111111111111111	0.0	0.1111111111111111	0.0	0.0	0.1111111111111111	0.0	0.0	0.0	0.1111111111111111
7lm8	H	PPRNYYDRSGYYQRAEYFQH	NSSGGS	GYTFTSY		0.0	7.571428571428571	135.13857142857142		0.0	9.533333333333331	99.58833333333332		0.1	8.915000000000001	147.65300000000002	0.0	0.0	0.0	0.0	0.0	0.0	0.0	1.0	0.0	0.0	0.0	0.0	0.0	1.0	0.0	1.0	2.0	0.0	2.0	0.0	0.0	0.0	1.0	0.0	0.0	0.0	0.0	2.0	0.0	0.0	0.0	0.0	0.0	0.0	0.0	3.0	0.0	0.0	0.0	0.0	1.0	3.0	1.0	1.0	0.0	2.0	1.0	1.0	1.0	0.0	0.0	0.0	0.0	1.0	2.0	1.0	0.0	0.0	5.0	0.0	7	6	20	-0.3428571428571429	-1.1166666666666667	-2.025	sars_cov2	0.0	0.0	0.0	0.0	0.0	0.0	0.0	0.1428571428571428	0.0	0.0	0.0	0.0	0.0	0.1428571428571428	0.0	0.1428571428571428	0.2857142857142857	0.0	0.2857142857142857	0.0	0.0	0.0	0.1666666666666666	0.0	0.0	0.0	0.0	0.3333333333333333	0.0	0.0	0.0	0.0	0.0	0.0	0.0	0.5	0.0	0.0	0.0	0.0	0.05	0.15	0.05	0.05	0.0	0.1	0.05	0.05	0.05	0.0	0.0	0.0	0.0	0.05	0.1	0.05	0.0	0.0	0.25	0.0
7lxy	F	AAPFYDFWSGYSYFDY	NPISSG	GYTFTGY		0.0	7.542857142857143	130.85		0.0	8.700000000000001	110.61166666666668		-0.125	7.712500000000001	141.8325	0.0	0.0	0.0	0.0	0.0	0.0	0.0	2.0	0.0	0.0	0.0	0.0	0.0	1.0	0.0	0.0	2.0	0.0	2.0	0.0	0.0	0.0	1.0	0.0	0.0	0.0	0.0	1.0	0.0	1.0	0.0	0.0	0.0	0.0	1.0	2.0	0.0	0.0	0.0	0.0	2.0	0.0	0.0	2.0	0.0	0.0	0.0	1.0	0.0	0.0	0.0	0.0	0.0	3.0	1.0	2.0	0.0	1.0	4.0	0.0	7	6	16	-0.2857142857142857	-0.4333333333333333	-0.29375	sars_cov2	0.0	0.0	0.0	0.0	0.0	0.0	0.0	0.2857142857142857	0.0	0.0	0.0	0.0	0.0	0.1428571428571428	0.0	0.0	0.2857142857142857	0.0	0.2857142857142857	0.0	0.0	0.0	0.1666666666666666	0.0	0.0	0.0	0.0	0.1666666666666666	0.0	0.1666666666666666	0.0	0.0	0.0	0.0	0.1666666666666666	0.3333333333333333	0.0	0.0	0.0	0.0	0.125	0.0	0.0	0.125	0.0	0.0	0.0	0.0625	0.0	0.0	0.0	0.0	0.0	0.1875	0.0625	0.125	0.0	0.0625	0.25	0.0
7urq	H	DLEVAGAIDY	YSGGS	GFIVSRN		0.1428571428571428	8.085714285714285	128.57		0.0	8.52	108.302		-0.3	8.57	122.726	0.0	1.0	1.0	0.0	0.0	0.0	0.0	1.0	0.0	1.0	0.0	0.0	0.0	1.0	0.0	1.0	0.0	0.0	0.0	1.0	0.0	0.0	0.0	0.0	0.0	0.0	0.0	2.0	0.0	0.0	0.0	0.0	0.0	0.0	0.0	2.0	0.0	0.0	1.0	0.0	2.0	0.0	0.0	2.0	0.0	0.0	1.0	1.0	0.0	1.0	1.0	0.0	0.0	0.0	0.0	0.0	0.0	0.0	1.0	1.0	7	5	10	0.3285714285714287	-0.74	0.3899999999999999	sars_cov2	0.0	0.1428571428571428	0.1428571428571428	0.0	0.0	0.0	0.0	0.1428571428571428	0.0	0.1428571428571428	0.0	0.0	0.0	0.1428571428571428	0.0	0.1428571428571428	0.0	0.0	0.0	0.1428571428571428	0.0	0.0	0.0	0.0	0.0	0.0	0.0	0.4	0.0	0.0	0.0	0.0	0.0	0.0	0.0	0.4	0.0	0.0	0.2	0.0	0.2	0.0	0.0	0.2	0.0	0.0	0.1	0.1	0.0	0.1	0.1	0.0	0.0	0.0	0.0	0.0	0.0	0.0	0.1	0.1
7n8i	H	LKDSRYSGSYYDY	RYDGGN	GFTFNSY		0.0	7.857142857142857	134.71		0.0	9.883333333333336	128.45833333333331		0.0	8.77692307692308	140.98923076923077	0.0	0.0	1.0	0.0	0.0	0.0	0.0	1.0	0.0	0.0	0.0	0.0	0.0	2.0	0.0	1.0	1.0	0.0	1.0	0.0	0.0	1.0	1.0	1.0	0.0	0.0	0.0	2.0	0.0	0.0	0.0	0.0	0.0	0.0	0.0	0.0	0.0	0.0	1.0	0.0	0.0	1.0	0.0	2.0	0.0	0.0	0.0	1.0	0.0	0.0	1.0	1.0	0.0	0.0	0.0	3.0	0.0	0.0	4.0	0.0	7	6	13	-0.1571428571428571	-2.266666666666667	-1.507692307692308	sars_cov2	0.0	0.0	0.1428571428571428	0.0	0.0	0.0	0.0	0.1428571428571428	0.0	0.0	0.0	0.0	0.0	0.2857142857142857	0.0	0.1428571428571428	0.1428571428571428	0.0	0.1428571428571428	0.0	0.0	0.1666666666666666	0.1666666666666666	0.1666666666666666	0.0	0.0	0.0	0.3333333333333333	0.0	0.0	0.0	0.0	0.0	0.0	0.0	0.0	0.0	0.0	0.1666666666666666	0.0	0.0	0.0769230769230769	0.0	0.1538461538461538	0.0	0.0	0.0	0.0769230769230769	0.0	0.0	0.0769230769230769	0.0769230769230769	0.0	0.0	0.0	0.2307692307692307	0.0	0.0	0.3076923076923077	0.0
7bz5	H	EAYGMDV	YSGGS	GFIVSSN		0.0	7.9	118.69714285714284		0.0	8.52	108.302		-0.2857142857142857	8.6	127.42	0.0	0.0	1.0	0.0	0.0	0.0	0.0	1.0	0.0	1.0	0.0	0.0	0.0	1.0	0.0	2.0	0.0	0.0	0.0	1.0	0.0	0.0	0.0	0.0	0.0	0.0	0.0	2.0	0.0	0.0	0.0	0.0	0.0	0.0	0.0	2.0	0.0	0.0	1.0	0.0	1.0	0.0	0.0	1.0	0.0	0.0	1.0	1.0	0.0	0.0	0.0	0.0	1.0	0.0	0.0	0.0	0.0	0.0	1.0	1.0	7	5	7	0.8571428571428571	-0.74	-0.1142857142857142	sars_cov2	0.0	0.0	0.1428571428571428	0.0	0.0	0.0	0.0	0.1428571428571428	0.0	0.1428571428571428	0.0	0.0	0.0	0.1428571428571428	0.0	0.2857142857142857	0.0	0.0	0.0	0.1428571428571428	0.0	0.0	0.0	0.0	0.0	0.0	0.0	0.4	0.0	0.0	0.0	0.0	0.0	0.0	0.0	0.4	0.0	0.0	0.2	0.0	0.1428571428571428	0.0	0.0	0.1428571428571428	0.0	0.0	0.1428571428571428	0.1428571428571428	0.0	0.0	0.0	0.0	0.1428571428571428	0.0	0.0	0.0	0.0	0.0	0.1428571428571428	0.1428571428571428
7r6x	H	GDSSGYYYYFDY	GTAGD	GFTFSSY		0.0	7.514285714285713	130.84857142857143		-0.2	9.54	98.29		-0.1666666666666666	8.216666666666667	141.47166666666666	0.0	0.0	0.0	0.0	0.0	0.0	0.0	1.0	0.0	0.0	0.0	0.0	0.0	2.0	0.0	2.0	1.0	0.0	1.0	0.0	1.0	0.0	0.0	1.0	0.0	0.0	0.0	2.0	0.0	0.0	0.0	0.0	0.0	0.0	0.0	0.0	1.0	0.0	0.0	0.0	0.0	0.0	0.0	2.0	0.0	0.0	0.0	2.0	0.0	0.0	0.0	0.0	0.0	1.0	0.0	2.0	0.0	0.0	5.0	0.0	7	5	12	0.2285714285714286	-0.64	-1.0916666666666668	sars_cov2	0.0	0.0	0.0	0.0	0.0	0.0	0.0	0.1428571428571428	0.0	0.0	0.0	0.0	0.0	0.2857142857142857	0.0	0.2857142857142857	0.1428571428571428	0.0	0.1428571428571428	0.0	0.2	0.0	0.0	0.2	0.0	0.0	0.0	0.4	0.0	0.0	0.0	0.0	0.0	0.0	0.0	0.0	0.2	0.0	0.0	0.0	0.0	0.0	0.0	0.1666666666666666	0.0	0.0	0.0	0.1666666666666666	0.0	0.0	0.0	0.0	0.0	0.0833333333333333	0.0	0.1666666666666666	0.0	0.0	0.4166666666666667	0.0
7lop	W	GSGISTPMDV	YPGDSE	GYGFITY		0.0	7.057142857142858	132.57142857142858		-0.3333333333333333	9.616666666666667	126.11833333333334		-0.1	8.280000000000001	112.52	0.0	0.0	0.0	0.0	0.0	0.0	0.0	2.0	0.0	1.0	0.0	0.0	0.0	1.0	0.0	0.0	1.0	0.0	2.0	0.0	0.0	0.0	0.0	1.0	0.0	0.0	1.0	1.0	0.0	0.0	0.0	0.0	0.0	0.0	1.0	1.0	0.0	0.0	1.0	0.0	0.0	0.0	0.0	1.0	0.0	0.0	0.0	2.0	0.0	1.0	0.0	0.0	1.0	0.0	1.0	2.0	1.0	0.0	0.0	1.0	7	6	10	0.457142857142857	-1.8500000000000003	0.2399999999999999	sars_cov2	0.0	0.0	0.0	0.0	0.0	0.0	0.0	0.2857142857142857	0.0	0.1428571428571428	0.0	0.0	0.0	0.1428571428571428	0.0	0.0	0.1428571428571428	0.0	0.2857142857142857	0.0	0.0	0.0	0.0	0.1666666666666666	0.0	0.0	0.1666666666666666	0.1666666666666666	0.0	0.0	0.0	0.0	0.0	0.0	0.1666666666666666	0.1666666666666666	0.0	0.0	0.1666666666666666	0.0	0.0	0.0	0.0	0.1	0.0	0.0	0.0	0.2	0.0	0.1	0.0	0.0	0.1	0.0	0.1	0.2	0.1	0.0	0.0	0.1
7cdi	H	DLVVYGMDV	YSGGS	GITVSSN		0.0	8.385714285714284	112.11571428571428		0.0	8.52	108.302		-0.2222222222222222	7.722222222222222	128.25444444444443	0.0	0.0	1.0	0.0	0.0	0.0	0.0	1.0	0.0	1.0	0.0	0.0	0.0	0.0	0.0	2.0	1.0	0.0	0.0	1.0	0.0	0.0	0.0	0.0	0.0	0.0	0.0	2.0	0.0	0.0	0.0	0.0	0.0	0.0	0.0	2.0	0.0	0.0	1.0	0.0	0.0	0.0	0.0	2.0	0.0	0.0	0.0	1.0	0.0	0.0	1.0	0.0	1.0	0.0	0.0	0.0	0.0	0.0	1.0	3.0	7	5	9	0.3571428571428571	-0.74	1.0666666666666664	sars_cov2	0.0	0.0	0.1428571428571428	0.0	0.0	0.0	0.0	0.1428571428571428	0.0	0.1428571428571428	0.0	0.0	0.0	0.0	0.0	0.2857142857142857	0.1428571428571428	0.0	0.0	0.1428571428571428	0.0	0.0	0.0	0.0	0.0	0.0	0.0	0.4	0.0	0.0	0.0	0.0	0.0	0.0	0.0	0.4	0.0	0.0	0.2	0.0	0.0	0.0	0.0	0.2222222222222222	0.0	0.0	0.0	0.1111111111111111	0.0	0.0	0.1111111111111111	0.0	0.1111111111111111	0.0	0.0	0.0	0.0	0.0	0.1111111111111111	0.3333333333333333
7kqe	J	RWWLRGAFDI	NHSGS	GGSFSGY		0.0	8.114285714285714	111.68142857142855		0.2	9.88	114.506		0.1	7.720000000000001	148.165	0.0	0.0	0.0	0.0	0.0	0.0	0.0	3.0	0.0	0.0	0.0	0.0	0.0	1.0	0.0	2.0	0.0	0.0	1.0	0.0	0.0	0.0	1.0	0.0	0.0	0.0	0.0	1.0	1.0	0.0	0.0	0.0	0.0	0.0	0.0	2.0	0.0	0.0	0.0	0.0	1.0	2.0	0.0	1.0	0.0	0.0	0.0	1.0	0.0	1.0	1.0	0.0	0.0	1.0	0.0	0.0	0.0	2.0	0.0	0.0	7	5	10	-0.1857142857142857	-1.7400000000000002	-0.1800000000000001	sars_cov2	0.0	0.0	0.0	0.0	0.0	0.0	0.0	0.4285714285714285	0.0	0.0	0.0	0.0	0.0	0.1428571428571428	0.0	0.2857142857142857	0.0	0.0	0.1428571428571428	0.0	0.0	0.0	0.2	0.0	0.0	0.0	0.0	0.2	0.2	0.0	0.0	0.0	0.0	0.0	0.0	0.4	0.0	0.0	0.0	0.0	0.1	0.2	0.0	0.1	0.0	0.0	0.0	0.1	0.0	0.1	0.1	0.0	0.0	0.1	0.0	0.0	0.0	0.2	0.0	0.0
7nd9	H	PHCNSTSCYDAFDI	VVGSGN	GFTFTTS		0.0	7.77142857142857	123.98571428571428		0.0	8.433333333333334	103.60833333333336		-0.0714285714285714	8.47857142857143	129.06071428571428	0.0	0.0	0.0	0.0	0.0	0.0	0.0	1.0	0.0	0.0	0.0	0.0	0.0	2.0	0.0	1.0	3.0	0.0	0.0	0.0	0.0	0.0	1.0	0.0	0.0	0.0	0.0	2.0	0.0	0.0	0.0	0.0	0.0	0.0	0.0	1.0	0.0	0.0	0.0	2.0	1.0	0.0	1.0	2.0	2.0	0.0	0.0	0.0	1.0	1.0	0.0	0.0	0.0	1.0	1.0	2.0	1.0	0.0	1.0	0.0	7	6	14	0.3285714285714285	0.5499999999999999	-0.3428571428571429	sars_cov2	0.0	0.0	0.0	0.0	0.0	0.0	0.0	0.1428571428571428	0.0	0.0	0.0	0.0	0.0	0.2857142857142857	0.0	0.1428571428571428	0.4285714285714285	0.0	0.0	0.0	0.0	0.0	0.1666666666666666	0.0	0.0	0.0	0.0	0.3333333333333333	0.0	0.0	0.0	0.0	0.0	0.0	0.0	0.1666666666666666	0.0	0.0	0.0	0.3333333333333333	0.0714285714285714	0.0	0.0714285714285714	0.1428571428571428	0.1428571428571428	0.0	0.0	0.0	0.0714285714285714	0.0714285714285714	0.0	0.0	0.0	0.0714285714285714	0.0714285714285714	0.1428571428571428	0.0714285714285714	0.0	0.0714285714285714	0.0
7bwj	H	AVVGIVVVPAAGRRAFDI	YHSGS	GYSISSGY		0.0	7.9	119.87		0.2	8.8	124.32		0.0555555555555555	7.638888888888887	117.57833333333332	0.0	0.0	0.0	0.0	0.0	0.0	0.0	2.0	0.0	1.0	0.0	0.0	0.0	0.0	0.0	3.0	0.0	0.0	2.0	0.0	0.0	0.0	0.0	0.0	0.0	0.0	0.0	1.0	1.0	0.0	0.0	0.0	0.0	0.0	0.0	2.0	0.0	0.0	1.0	0.0	4.0	2.0	0.0	1.0	0.0	0.0	0.0	2.0	0.0	2.0	0.0	0.0	0.0	1.0	1.0	0.0	0.0	0.0	0.0	5.0	8	5	18	-0.1625	-1.3	1.3944444444444446	sars_cov2	0.0	0.0	0.0	0.0	0.0	0.0	0.0	0.25	0.0	0.125	0.0	0.0	0.0	0.0	0.0	0.375	0.0	0.0	0.25	0.0	0.0	0.0	0.0	0.0	0.0	0.0	0.0	0.2	0.2	0.0	0.0	0.0	0.0	0.0	0.0	0.4	0.0	0.0	0.2	0.0	0.2222222222222222	0.1111111111111111	0.0	0.0555555555555555	0.0	0.0	0.0	0.1111111111111111	0.0	0.1111111111111111	0.0	0.0	0.0	0.0555555555555555	0.0555555555555555	0.0	0.0	0.0	0.0	0.2777777777777778
7urs	H	DLEVAGAIDY	YSGGS	GFIVSRN		0.1428571428571428	8.085714285714285	128.57		0.0	8.52	108.302		-0.3	8.57	122.726	0.0	1.0	1.0	0.0	0.0	0.0	0.0	1.0	0.0	1.0	0.0	0.0	0.0	1.0	0.0	1.0	0.0	0.0	0.0	1.0	0.0	0.0	0.0	0.0	0.0	0.0	0.0	2.0	0.0	0.0	0.0	0.0	0.0	0.0	0.0	2.0	0.0	0.0	1.0	0.0	2.0	0.0	0.0	2.0	0.0	0.0	1.0	1.0	0.0	1.0	1.0	0.0	0.0	0.0	0.0	0.0	0.0	0.0	1.0	1.0	7	5	10	0.3285714285714287	-0.74	0.3899999999999999	sars_cov2	0.0	0.1428571428571428	0.1428571428571428	0.0	0.0	0.0	0.0	0.1428571428571428	0.0	0.1428571428571428	0.0	0.0	0.0	0.1428571428571428	0.0	0.1428571428571428	0.0	0.0	0.0	0.1428571428571428	0.0	0.0	0.0	0.0	0.0	0.0	0.0	0.4	0.0	0.0	0.0	0.0	0.0	0.0	0.0	0.4	0.0	0.0	0.2	0.0	0.2	0.0	0.0	0.2	0.0	0.0	0.1	0.1	0.0	0.1	0.1	0.0	0.0	0.0	0.0	0.0	0.0	0.0	0.1	0.1
7nx6	H	DGGKLWVYYFDY	SYDGSN	AFTFSSY		0.0	7.385714285714286	132.85142857142858		-0.1666666666666666	9.7	121.94333333333331		-0.0833333333333333	7.941666666666666	143.65333333333334	1.0	0.0	0.0	0.0	0.0	0.0	0.0	0.0	0.0	0.0	0.0	0.0	0.0	2.0	0.0	2.0	1.0	0.0	1.0	0.0	0.0	0.0	1.0	1.0	0.0	0.0	0.0	1.0	0.0	0.0	0.0	0.0	0.0	0.0	0.0	2.0	0.0	0.0	1.0	0.0	0.0	0.0	0.0	2.0	0.0	0.0	0.0	2.0	0.0	0.0	1.0	1.0	0.0	1.0	0.0	0.0	0.0	1.0	3.0	1.0	7	6	12	0.5428571428571428	-1.7166666666666668	-0.4749999999999999	sars_cov2	0.1428571428571428	0.0	0.0	0.0	0.0	0.0	0.0	0.0	0.0	0.0	0.0	0.0	0.0	0.2857142857142857	0.0	0.2857142857142857	0.1428571428571428	0.0	0.1428571428571428	0.0	0.0	0.0	0.1666666666666666	0.1666666666666666	0.0	0.0	0.0	0.1666666666666666	0.0	0.0	0.0	0.0	0.0	0.0	0.0	0.3333333333333333	0.0	0.0	0.1666666666666666	0.0	0.0	0.0	0.0	0.1666666666666666	0.0	0.0	0.0	0.1666666666666666	0.0	0.0	0.0833333333333333	0.0833333333333333	0.0	0.0833333333333333	0.0	0.0	0.0	0.0833333333333333	0.25	0.0833333333333333
7f6y	H	DAAVYGIDV	YAGGS	GLIVSSN		0.0	7.857142857142858	113.83714285714288		0.0	8.3	105.102		-0.2222222222222222	8.266666666666667	118.45666666666664	0.0	0.0	1.0	0.0	0.0	0.0	0.0	1.0	0.0	1.0	1.0	0.0	0.0	0.0	0.0	2.0	0.0	0.0	0.0	1.0	1.0	0.0	0.0	0.0	0.0	0.0	0.0	2.0	0.0	0.0	0.0	0.0	0.0	0.0	0.0	1.0	0.0	0.0	1.0	0.0	2.0	0.0	0.0	2.0	0.0	0.0	0.0	1.0	0.0	1.0	0.0	0.0	0.0	0.0	0.0	0.0	0.0	0.0	1.0	2.0	7	5	9	1.0	-0.22	0.8666666666666668	sars_cov2	0.0	0.0	0.1428571428571428	0.0	0.0	0.0	0.0	0.1428571428571428	0.0	0.1428571428571428	0.1428571428571428	0.0	0.0	0.0	0.0	0.2857142857142857	0.0	0.0	0.0	0.1428571428571428	0.2	0.0	0.0	0.0	0.0	0.0	0.0	0.4	0.0	0.0	0.0	0.0	0.0	0.0	0.0	0.2	0.0	0.0	0.2	0.0	0.2222222222222222	0.0	0.0	0.2222222222222222	0.0	0.0	0.0	0.1111111111111111	0.0	0.1111111111111111	0.0	0.0	0.0	0.0	0.0	0.0	0.0	0.0	0.1111111111111111	0.2222222222222222
7q6e	H	VSQWALILF	IPLFGS	GGTFSSS		0.0	8.485714285714286	107.10285714285716		0.0	6.916666666666667	120.47		0.0	6.5888888888888895	135.60111111111112	0.0	0.0	0.0	0.0	0.0	0.0	0.0	2.0	0.0	0.0	0.0	0.0	0.0	1.0	0.0	3.0	1.0	0.0	0.0	0.0	0.0	0.0	0.0	0.0	0.0	0.0	0.0	1.0	0.0	1.0	1.0	0.0	0.0	1.0	1.0	1.0	0.0	0.0	0.0	0.0	1.0	0.0	0.0	0.0	0.0	1.0	0.0	0.0	0.0	1.0	2.0	0.0	0.0	1.0	0.0	1.0	0.0	1.0	0.0	1.0	7	6	9	-0.1571428571428572	1.383333333333333	1.744444444444445	sars_cov2	0.0	0.0	0.0	0.0	0.0	0.0	0.0	0.2857142857142857	0.0	0.0	0.0	0.0	0.0	0.1428571428571428	0.0	0.4285714285714285	0.1428571428571428	0.0	0.0	0.0	0.0	0.0	0.0	0.0	0.0	0.0	0.0	0.1666666666666666	0.0	0.1666666666666666	0.1666666666666666	0.0	0.0	0.1666666666666666	0.1666666666666666	0.1666666666666666	0.0	0.0	0.0	0.0	0.1111111111111111	0.0	0.0	0.0	0.0	0.1111111111111111	0.0	0.0	0.0	0.1111111111111111	0.2222222222222222	0.0	0.0	0.1111111111111111	0.0	0.1111111111111111	0.0	0.1111111111111111	0.0	0.1111111111111111
7q0g	H	DHVRPGMNI	YSGGS	GFTVSSN		0.0	8.385714285714284	116.97571428571428		0.0	8.52	108.302		0.1111111111111111	8.81111111111111	131.36777777777775	0.0	0.0	1.0	0.0	0.0	0.0	0.0	1.0	0.0	0.0	0.0	0.0	0.0	1.0	0.0	2.0	1.0	0.0	0.0	1.0	0.0	0.0	0.0	0.0	0.0	0.0	0.0	2.0	0.0	0.0	0.0	0.0	0.0	0.0	0.0	2.0	0.0	0.0	1.0	0.0	0.0	1.0	1.0	1.0	0.0	0.0	0.0	1.0	1.0	1.0	0.0	0.0	1.0	0.0	1.0	0.0	0.0	0.0	0.0	1.0	7	5	9	0.1142857142857144	-0.74	-0.6777777777777777	sars_cov2	0.0	0.0	0.1428571428571428	0.0	0.0	0.0	0.0	0.1428571428571428	0.0	0.0	0.0	0.0	0.0	0.1428571428571428	0.0	0.2857142857142857	0.1428571428571428	0.0	0.0	0.1428571428571428	0.0	0.0	0.0	0.0	0.0	0.0	0.0	0.4	0.0	0.0	0.0	0.0	0.0	0.0	0.0	0.4	0.0	0.0	0.2	0.0	0.0	0.1111111111111111	0.1111111111111111	0.1111111111111111	0.0	0.0	0.0	0.1111111111111111	0.1111111111111111	0.1111111111111111	0.0	0.0	0.1111111111111111	0.0	0.1111111111111111	0.0	0.0	0.0	0.0	0.1111111111111111
6xc3	H	GSGISTPMDV	YPGDSE	GYGFITY		0.0	7.057142857142858	132.57142857142858		-0.3333333333333333	9.616666666666667	126.11833333333334		-0.1	8.280000000000001	112.52	0.0	0.0	0.0	0.0	0.0	0.0	0.0	2.0	0.0	1.0	0.0	0.0	0.0	1.0	0.0	0.0	1.0	0.0	2.0	0.0	0.0	0.0	0.0	1.0	0.0	0.0	1.0	1.0	0.0	0.0	0.0	0.0	0.0	0.0	1.0	1.0	0.0	0.0	1.0	0.0	0.0	0.0	0.0	1.0	0.0	0.0	0.0	2.0	0.0	1.0	0.0	0.0	1.0	0.0	1.0	2.0	1.0	0.0	0.0	1.0	7	6	10	0.457142857142857	-1.8500000000000003	0.2399999999999999	sars_cov2	0.0	0.0	0.0	0.0	0.0	0.0	0.0	0.2857142857142857	0.0	0.1428571428571428	0.0	0.0	0.0	0.1428571428571428	0.0	0.0	0.1428571428571428	0.0	0.2857142857142857	0.0	0.0	0.0	0.0	0.1666666666666666	0.0	0.0	0.1666666666666666	0.1666666666666666	0.0	0.0	0.0	0.0	0.0	0.0	0.1666666666666666	0.1666666666666666	0.0	0.0	0.1666666666666666	0.0	0.0	0.0	0.0	0.1	0.0	0.0	0.0	0.2	0.0	0.1	0.0	0.0	0.1	0.0	0.1	0.2	0.1	0.0	0.0	0.1
7neh	H	DFYEGSFDI	YSGGS	GLTVNRN		0.1428571428571428	8.871428571428572	125.85		0.0	8.52	108.302		-0.3333333333333333	8.700000000000001	137.35888888888886	0.0	1.0	2.0	0.0	0.0	0.0	0.0	1.0	0.0	0.0	1.0	0.0	0.0	0.0	0.0	0.0	1.0	0.0	0.0	1.0	0.0	0.0	0.0	0.0	0.0	0.0	0.0	2.0	0.0	0.0	0.0	0.0	0.0	0.0	0.0	2.0	0.0	0.0	1.0	0.0	0.0	0.0	0.0	2.0	0.0	0.0	1.0	1.0	0.0	1.0	0.0	0.0	0.0	2.0	0.0	1.0	0.0	0.0	1.0	0.0	7	5	9	-0.6571428571428571	-0.74	-0.3222222222222222	sars_cov2	0.0	0.1428571428571428	0.2857142857142857	0.0	0.0	0.0	0.0	0.1428571428571428	0.0	0.0	0.1428571428571428	0.0	0.0	0.0	0.0	0.0	0.1428571428571428	0.0	0.0	0.1428571428571428	0.0	0.0	0.0	0.0	0.0	0.0	0.0	0.4	0.0	0.0	0.0	0.0	0.0	0.0	0.0	0.4	0.0	0.0	0.2	0.0	0.0	0.0	0.0	0.2222222222222222	0.0	0.0	0.1111111111111111	0.1111111111111111	0.0	0.1111111111111111	0.0	0.0	0.0	0.2222222222222222	0.0	0.1111111111111111	0.0	0.0	0.1111111111111111	0.0
7jmw	H	PPRNYYDRSGYYQRAEYFQH	NSSGGS	GYTFTSY		0.0	7.571428571428571	135.13857142857142		0.0	9.533333333333331	99.58833333333332		0.1	8.915000000000001	147.65300000000002	0.0	0.0	0.0	0.0	0.0	0.0	0.0	1.0	0.0	0.0	0.0	0.0	0.0	1.0	0.0	1.0	2.0	0.0	2.0	0.0	0.0	0.0	1.0	0.0	0.0	0.0	0.0	2.0	0.0	0.0	0.0	0.0	0.0	0.0	0.0	3.0	0.0	0.0	0.0	0.0	1.0	3.0	1.0	1.0	0.0	2.0	1.0	1.0	1.0	0.0	0.0	0.0	0.0	1.0	2.0	1.0	0.0	0.0	5.0	0.0	7	6	20	-0.3428571428571429	-1.1166666666666667	-2.025	sars_cov2	0.0	0.0	0.0	0.0	0.0	0.0	0.0	0.1428571428571428	0.0	0.0	0.0	0.0	0.0	0.1428571428571428	0.0	0.1428571428571428	0.2857142857142857	0.0	0.2857142857142857	0.0	0.0	0.0	0.1666666666666666	0.0	0.0	0.0	0.0	0.3333333333333333	0.0	0.0	0.0	0.0	0.0	0.0	0.0	0.5	0.0	0.0	0.0	0.0	0.05	0.15	0.05	0.05	0.0	0.1	0.05	0.05	0.05	0.0	0.0	0.0	0.0	0.05	0.1	0.05	0.0	0.0	0.25	0.0
7ps1	A	DLVVYGMDV	YSGGS	GLTVRSN		0.1428571428571428	8.528571428571428	121.98857142857145		0.0	8.52	108.302		-0.2222222222222222	7.722222222222222	128.25444444444443	0.0	1.0	1.0	0.0	0.0	0.0	0.0	1.0	0.0	0.0	1.0	0.0	0.0	0.0	0.0	1.0	1.0	0.0	0.0	1.0	0.0	0.0	0.0	0.0	0.0	0.0	0.0	2.0	0.0	0.0	0.0	0.0	0.0	0.0	0.0	2.0	0.0	0.0	1.0	0.0	0.0	0.0	0.0	2.0	0.0	0.0	0.0	1.0	0.0	0.0	1.0	0.0	1.0	0.0	0.0	0.0	0.0	0.0	1.0	3.0	7	5	9	-0.2714285714285714	-0.74	1.0666666666666664	sars_cov2	0.0	0.1428571428571428	0.1428571428571428	0.0	0.0	0.0	0.0	0.1428571428571428	0.0	0.0	0.1428571428571428	0.0	0.0	0.0	0.0	0.1428571428571428	0.1428571428571428	0.0	0.0	0.1428571428571428	0.0	0.0	0.0	0.0	0.0	0.0	0.0	0.4	0.0	0.0	0.0	0.0	0.0	0.0	0.0	0.4	0.0	0.0	0.2	0.0	0.0	0.0	0.0	0.2222222222222222	0.0	0.0	0.0	0.1111111111111111	0.0	0.0	0.1111111111111111	0.0	0.1111111111111111	0.0	0.0	0.0	0.0	0.0	0.1111111111111111	0.3333333333333333
7so9	E	AAPFYDFWSGYSYFDY	NPISSG	GYTFTGY		0.0	7.542857142857143	130.85		0.0	8.700000000000001	110.61166666666668		-0.125	7.712500000000001	141.8325	0.0	0.0	0.0	0.0	0.0	0.0	0.0	2.0	0.0	0.0	0.0	0.0	0.0	1.0	0.0	0.0	2.0	0.0	2.0	0.0	0.0	0.0	1.0	0.0	0.0	0.0	0.0	1.0	0.0	1.0	0.0	0.0	0.0	0.0	1.0	2.0	0.0	0.0	0.0	0.0	2.0	0.0	0.0	2.0	0.0	0.0	0.0	1.0	0.0	0.0	0.0	0.0	0.0	3.0	1.0	2.0	0.0	1.0	4.0	0.0	7	6	16	-0.2857142857142857	-0.4333333333333333	-0.29375	sars_cov2	0.0	0.0	0.0	0.0	0.0	0.0	0.0	0.2857142857142857	0.0	0.0	0.0	0.0	0.0	0.1428571428571428	0.0	0.0	0.2857142857142857	0.0	0.2857142857142857	0.0	0.0	0.0	0.1666666666666666	0.0	0.0	0.0	0.0	0.1666666666666666	0.0	0.1666666666666666	0.0	0.0	0.0	0.0	0.1666666666666666	0.3333333333333333	0.0	0.0	0.0	0.0	0.125	0.0	0.0	0.125	0.0	0.0	0.0	0.0625	0.0	0.0	0.0	0.0	0.0	0.1875	0.0625	0.125	0.0	0.0625	0.25	0.0
7kfx	H	GDVSGYRYGLDY	YSGGT	GFTVSNN		0.0	8.728571428571428	120.83714285714288		0.0	8.4	111.108		-0.0833333333333333	8.508333333333335	130.21583333333334	0.0	0.0	2.0	0.0	0.0	0.0	0.0	1.0	0.0	0.0	0.0	0.0	0.0	1.0	0.0	1.0	1.0	0.0	0.0	1.0	0.0	0.0	0.0	0.0	0.0	0.0	0.0	2.0	0.0	0.0	0.0	0.0	0.0	0.0	0.0	1.0	1.0	0.0	1.0	0.0	0.0	1.0	0.0	2.0	0.0	0.0	0.0	3.0	0.0	0.0	1.0	0.0	0.0	0.0	0.0	1.0	0.0	0.0	3.0	1.0	7	5	12	-0.2714285714285713	-0.72	-0.7833333333333332	sars_cov2	0.0	0.0	0.2857142857142857	0.0	0.0	0.0	0.0	0.1428571428571428	0.0	0.0	0.0	0.0	0.0	0.1428571428571428	0.0	0.1428571428571428	0.1428571428571428	0.0	0.0	0.1428571428571428	0.0	0.0	0.0	0.0	0.0	0.0	0.0	0.4	0.0	0.0	0.0	0.0	0.0	0.0	0.0	0.2	0.2	0.0	0.2	0.0	0.0	0.0833333333333333	0.0	0.1666666666666666	0.0	0.0	0.0	0.25	0.0	0.0	0.0833333333333333	0.0	0.0	0.0	0.0	0.0833333333333333	0.0	0.0	0.25	0.0833333333333333
7bem	H	DFYEGSFDI	YSGGS	GLTVNRN		0.1428571428571428	8.871428571428572	125.85		0.0	8.52	108.302		-0.3333333333333333	8.700000000000001	137.35888888888886	0.0	1.0	2.0	0.0	0.0	0.0	0.0	1.0	0.0	0.0	1.0	0.0	0.0	0.0	0.0	0.0	1.0	0.0	0.0	1.0	0.0	0.0	0.0	0.0	0.0	0.0	0.0	2.0	0.0	0.0	0.0	0.0	0.0	0.0	0.0	2.0	0.0	0.0	1.0	0.0	0.0	0.0	0.0	2.0	0.0	0.0	1.0	1.0	0.0	1.0	0.0	0.0	0.0	2.0	0.0	1.0	0.0	0.0	1.0	0.0	7	5	9	-0.6571428571428571	-0.74	-0.3222222222222222	sars_cov2	0.0	0.1428571428571428	0.2857142857142857	0.0	0.0	0.0	0.0	0.1428571428571428	0.0	0.0	0.1428571428571428	0.0	0.0	0.0	0.0	0.0	0.1428571428571428	0.0	0.0	0.1428571428571428	0.0	0.0	0.0	0.0	0.0	0.0	0.0	0.4	0.0	0.0	0.0	0.0	0.0	0.0	0.0	0.4	0.0	0.0	0.2	0.0	0.0	0.0	0.0	0.2222222222222222	0.0	0.0	0.1111111111111111	0.1111111111111111	0.0	0.1111111111111111	0.0	0.0	0.0	0.2222222222222222	0.0	0.1111111111111111	0.0	0.0	0.1111111111111111	0.0
7chb	H	DLGEAGGMDV	YSGGS	GITVSSN		0.0	8.385714285714284	112.11571428571428		0.0	8.52	108.302		-0.3	8.990000000000002	112.516	0.0	0.0	1.0	0.0	0.0	0.0	0.0	1.0	0.0	1.0	0.0	0.0	0.0	0.0	0.0	2.0	1.0	0.0	0.0	1.0	0.0	0.0	0.0	0.0	0.0	0.0	0.0	2.0	0.0	0.0	0.0	0.0	0.0	0.0	0.0	2.0	0.0	0.0	1.0	0.0	1.0	0.0	0.0	2.0	0.0	0.0	1.0	3.0	0.0	0.0	1.0	0.0	1.0	0.0	0.0	0.0	0.0	0.0	0.0	1.0	7	5	10	0.3571428571428571	-0.74	0.0	sars_cov2	0.0	0.0	0.1428571428571428	0.0	0.0	0.0	0.0	0.1428571428571428	0.0	0.1428571428571428	0.0	0.0	0.0	0.0	0.0	0.2857142857142857	0.1428571428571428	0.0	0.0	0.1428571428571428	0.0	0.0	0.0	0.0	0.0	0.0	0.0	0.4	0.0	0.0	0.0	0.0	0.0	0.0	0.0	0.4	0.0	0.0	0.2	0.0	0.1	0.0	0.0	0.2	0.0	0.0	0.1	0.3	0.0	0.0	0.1	0.0	0.1	0.0	0.0	0.0	0.0	0.0	0.0	0.1
7mzi	H	VGWGAFDI	SGSGGS	GFTFSRF		0.1428571428571428	7.557142857142857	138.43571428571428		0.0	9.1	90.08		-0.125	7.6	123.75875	0.0	1.0	0.0	0.0	0.0	0.0	0.0	1.0	0.0	0.0	0.0	0.0	0.0	3.0	0.0	1.0	1.0	0.0	0.0	0.0	0.0	0.0	0.0	0.0	0.0	0.0	0.0	3.0	0.0	0.0	0.0	0.0	0.0	0.0	0.0	3.0	0.0	0.0	0.0	0.0	1.0	0.0	0.0	1.0	0.0	0.0	0.0	2.0	0.0	1.0	0.0	0.0	0.0	1.0	0.0	0.0	0.0	1.0	0.0	1.0	7	6	8	0.2857142857142857	-0.6	1.0125000000000002	sars_cov2	0.0	0.1428571428571428	0.0	0.0	0.0	0.0	0.0	0.1428571428571428	0.0	0.0	0.0	0.0	0.0	0.4285714285714285	0.0	0.1428571428571428	0.1428571428571428	0.0	0.0	0.0	0.0	0.0	0.0	0.0	0.0	0.0	0.0	0.5	0.0	0.0	0.0	0.0	0.0	0.0	0.0	0.5	0.0	0.0	0.0	0.0	0.125	0.0	0.0	0.125	0.0	0.0	0.0	0.25	0.0	0.125	0.0	0.0	0.0	0.125	0.0	0.0	0.0	0.125	0.0	0.125
7ly0	H	AVAGEWYFDY	WYDGSN	GFTFSSY		0.0	7.514285714285713	130.84857142857143		-0.1666666666666666	9.066666666666666	138.46666666666667		-0.2	7.940000000000002	138.243	0.0	0.0	0.0	0.0	0.0	0.0	0.0	1.0	0.0	0.0	0.0	0.0	0.0	2.0	0.0	2.0	1.0	0.0	1.0	0.0	0.0	0.0	1.0	1.0	0.0	0.0	0.0	1.0	0.0	0.0	0.0	0.0	0.0	0.0	0.0	1.0	0.0	1.0	1.0	0.0	2.0	0.0	0.0	1.0	0.0	0.0	1.0	1.0	0.0	0.0	0.0	0.0	0.0	1.0	0.0	0.0	0.0	1.0	2.0	1.0	7	6	10	0.2285714285714286	-1.7333333333333334	-0.03	sars_cov2	0.0	0.0	0.0	0.0	0.0	0.0	0.0	0.1428571428571428	0.0	0.0	0.0	0.0	0.0	0.2857142857142857	0.0	0.2857142857142857	0.1428571428571428	0.0	0.1428571428571428	0.0	0.0	0.0	0.1666666666666666	0.1666666666666666	0.0	0.0	0.0	0.1666666666666666	0.0	0.0	0.0	0.0	0.0	0.0	0.0	0.1666666666666666	0.0	0.1666666666666666	0.1666666666666666	0.0	0.2	0.0	0.0	0.1	0.0	0.0	0.1	0.1	0.0	0.0	0.0	0.0	0.0	0.1	0.0	0.0	0.0	0.1	0.2	0.1
7nxb	A	GEGSPGNWFDP	YSGGS	GLTVSSN		0.0	8.342857142857143	112.11571428571428		0.0	8.52	108.302		-0.1818181818181818	9.063636363636364	122.03	0.0	0.0	1.0	0.0	0.0	0.0	0.0	1.0	0.0	0.0	1.0	0.0	0.0	0.0	0.0	2.0	1.0	0.0	0.0	1.0	0.0	0.0	0.0	0.0	0.0	0.0	0.0	2.0	0.0	0.0	0.0	0.0	0.0	0.0	0.0	2.0	0.0	0.0	1.0	0.0	0.0	0.0	1.0	1.0	0.0	0.0	1.0	3.0	0.0	0.0	0.0	0.0	0.0	1.0	2.0	1.0	0.0	1.0	0.0	0.0	7	5	11	0.2571428571428572	-0.74	-1.2545454545454544	sars_cov2	0.0	0.0	0.1428571428571428	0.0	0.0	0.0	0.0	0.1428571428571428	0.0	0.0	0.1428571428571428	0.0	0.0	0.0	0.0	0.2857142857142857	0.1428571428571428	0.0	0.0	0.1428571428571428	0.0	0.0	0.0	0.0	0.0	0.0	0.0	0.4	0.0	0.0	0.0	0.0	0.0	0.0	0.0	0.4	0.0	0.0	0.2	0.0	0.0	0.0	0.0909090909090909	0.0909090909090909	0.0	0.0	0.0909090909090909	0.2727272727272727	0.0	0.0	0.0	0.0	0.0	0.0909090909090909	0.1818181818181818	0.0909090909090909	0.0	0.0909090909090909	0.0	0.0
7ch5	H	DYGDYYFDY	YSGGS	EFIVSRN		0.0	8.557142857142857	138.86428571428573		0.0	8.52	108.302		-0.3333333333333333	8.666666666666668	151.5911111111111	0.0	1.0	1.0	0.0	0.0	0.0	1.0	0.0	0.0	1.0	0.0	0.0	0.0	1.0	0.0	1.0	0.0	0.0	0.0	1.0	0.0	0.0	0.0	0.0	0.0	0.0	0.0	2.0	0.0	0.0	0.0	0.0	0.0	0.0	0.0	2.0	0.0	0.0	1.0	0.0	0.0	0.0	0.0	3.0	0.0	0.0	0.0	1.0	0.0	0.0	0.0	0.0	0.0	1.0	0.0	0.0	0.0	0.0	4.0	0.0	7	5	9	-0.1142857142857142	-0.74	-1.477777777777778	sars_cov2	0.0	0.1428571428571428	0.1428571428571428	0.0	0.0	0.0	0.1428571428571428	0.0	0.0	0.1428571428571428	0.0	0.0	0.0	0.1428571428571428	0.0	0.1428571428571428	0.0	0.0	0.0	0.1428571428571428	0.0	0.0	0.0	0.0	0.0	0.0	0.0	0.4	0.0	0.0	0.0	0.0	0.0	0.0	0.0	0.4	0.0	0.0	0.2	0.0	0.0	0.0	0.0	0.3333333333333333	0.0	0.0	0.0	0.1111111111111111	0.0	0.0	0.0	0.0	0.0	0.1111111111111111	0.0	0.0	0.0	0.0	0.4444444444444444	0.0
7m71	H	LITMVRGEDY	SYDGSN	GFTFSSY		0.0	7.514285714285713	130.84857142857143		-0.1666666666666666	9.7	121.94333333333331		-0.1	8.13	135.85099999999997	0.0	0.0	0.0	0.0	0.0	0.0	0.0	1.0	0.0	0.0	0.0	0.0	0.0	2.0	0.0	2.0	1.0	0.0	1.0	0.0	0.0	0.0	1.0	1.0	0.0	0.0	0.0	1.0	0.0	0.0	0.0	0.0	0.0	0.0	0.0	2.0	0.0	0.0	1.0	0.0	0.0	1.0	0.0	1.0	0.0	0.0	1.0	1.0	0.0	1.0	1.0	0.0	1.0	0.0	0.0	0.0	1.0	0.0	1.0	1.0	7	6	10	0.2285714285714286	-1.7166666666666668	0.0499999999999998	sars_cov2	0.0	0.0	0.0	0.0	0.0	0.0	0.0	0.1428571428571428	0.0	0.0	0.0	0.0	0.0	0.2857142857142857	0.0	0.2857142857142857	0.1428571428571428	0.0	0.1428571428571428	0.0	0.0	0.0	0.1666666666666666	0.1666666666666666	0.0	0.0	0.0	0.1666666666666666	0.0	0.0	0.0	0.0	0.0	0.0	0.0	0.3333333333333333	0.0	0.0	0.1666666666666666	0.0	0.0	0.1	0.0	0.1	0.0	0.0	0.1	0.1	0.0	0.1	0.1	0.0	0.1	0.0	0.0	0.0	0.1	0.0	0.1	0.1
7fcq	H	EARGYYDRSGYYHPGYFDY	KPSDDS	GYIFTSY		0.0	7.0857142857142845	136.86		-0.1666666666666666	10.616666666666667	122.95		0.0	8.652631578947368	142.30210526315787	0.0	0.0	0.0	0.0	0.0	0.0	0.0	1.0	0.0	1.0	0.0	0.0	0.0	1.0	0.0	1.0	1.0	0.0	2.0	0.0	0.0	0.0	0.0	2.0	0.0	0.0	0.0	0.0	0.0	0.0	0.0	1.0	0.0	0.0	1.0	2.0	0.0	0.0	0.0	0.0	1.0	2.0	0.0	2.0	0.0	0.0	1.0	3.0	1.0	0.0	0.0	0.0	0.0	1.0	1.0	1.0	0.0	0.0	6.0	0.0	7	6	19	0.3999999999999999	-2.35	-1.5526315789473686	sars_cov2	0.0	0.0	0.0	0.0	0.0	0.0	0.0	0.1428571428571428	0.0	0.1428571428571428	0.0	0.0	0.0	0.1428571428571428	0.0	0.1428571428571428	0.1428571428571428	0.0	0.2857142857142857	0.0	0.0	0.0	0.0	0.3333333333333333	0.0	0.0	0.0	0.0	0.0	0.0	0.0	0.1666666666666666	0.0	0.0	0.1666666666666666	0.3333333333333333	0.0	0.0	0.0	0.0	0.0526315789473684	0.1052631578947368	0.0	0.1052631578947368	0.0	0.0	0.0526315789473684	0.1578947368421052	0.0526315789473684	0.0	0.0	0.0	0.0	0.0526315789473684	0.0526315789473684	0.0526315789473684	0.0	0.0	0.3157894736842105	0.0
7ek0	H	DAAVYGIDV	YAGGS	GLIVSSN		0.0	7.857142857142858	113.83714285714288		0.0	8.3	105.102		-0.2222222222222222	8.266666666666667	118.45666666666664	0.0	0.0	1.0	0.0	0.0	0.0	0.0	1.0	0.0	1.0	1.0	0.0	0.0	0.0	0.0	2.0	0.0	0.0	0.0	1.0	1.0	0.0	0.0	0.0	0.0	0.0	0.0	2.0	0.0	0.0	0.0	0.0	0.0	0.0	0.0	1.0	0.0	0.0	1.0	0.0	2.0	0.0	0.0	2.0	0.0	0.0	0.0	1.0	0.0	1.0	0.0	0.0	0.0	0.0	0.0	0.0	0.0	0.0	1.0	2.0	7	5	9	1.0	-0.22	0.8666666666666668	sars_cov2	0.0	0.0	0.1428571428571428	0.0	0.0	0.0	0.0	0.1428571428571428	0.0	0.1428571428571428	0.1428571428571428	0.0	0.0	0.0	0.0	0.2857142857142857	0.0	0.0	0.0	0.1428571428571428	0.2	0.0	0.0	0.0	0.0	0.0	0.0	0.4	0.0	0.0	0.0	0.0	0.0	0.0	0.0	0.2	0.0	0.0	0.2	0.0	0.2222222222222222	0.0	0.0	0.2222222222222222	0.0	0.0	0.0	0.1111111111111111	0.0	0.1111111111111111	0.0	0.0	0.0	0.0	0.0	0.0	0.0	0.0	0.1111111111111111	0.2222222222222222
7e8m	H	DLVVYGMDV	YSGGS	GITVSSN		0.0	8.385714285714284	112.11571428571428		0.0	8.52	108.302		-0.2222222222222222	7.722222222222222	128.25444444444443	0.0	0.0	1.0	0.0	0.0	0.0	0.0	1.0	0.0	1.0	0.0	0.0	0.0	0.0	0.0	2.0	1.0	0.0	0.0	1.0	0.0	0.0	0.0	0.0	0.0	0.0	0.0	2.0	0.0	0.0	0.0	0.0	0.0	0.0	0.0	2.0	0.0	0.0	1.0	0.0	0.0	0.0	0.0	2.0	0.0	0.0	0.0	1.0	0.0	0.0	1.0	0.0	1.0	0.0	0.0	0.0	0.0	0.0	1.0	3.0	7	5	9	0.3571428571428571	-0.74	1.0666666666666664	sars_cov2	0.0	0.0	0.1428571428571428	0.0	0.0	0.0	0.0	0.1428571428571428	0.0	0.1428571428571428	0.0	0.0	0.0	0.0	0.0	0.2857142857142857	0.1428571428571428	0.0	0.0	0.1428571428571428	0.0	0.0	0.0	0.0	0.0	0.0	0.0	0.4	0.0	0.0	0.0	0.0	0.0	0.0	0.0	0.4	0.0	0.0	0.2	0.0	0.0	0.0	0.0	0.2222222222222222	0.0	0.0	0.0	0.1111111111111111	0.0	0.0	0.1111111111111111	0.0	0.1111111111111111	0.0	0.0	0.0	0.0	0.0	0.1111111111111111	0.3333333333333333
7bek	H	DLGSGDMDV	YPGGS	GVTVSSN		0.0	8.485714285714286	110.11285714285717		0.0	8.280000000000001	110.31		-0.3333333333333333	9.18888888888889	116.89555555555556	0.0	0.0	1.0	0.0	0.0	0.0	0.0	1.0	0.0	0.0	0.0	0.0	0.0	0.0	0.0	2.0	1.0	0.0	0.0	2.0	0.0	0.0	0.0	0.0	0.0	0.0	0.0	2.0	0.0	0.0	0.0	0.0	0.0	0.0	1.0	1.0	0.0	0.0	1.0	0.0	0.0	0.0	0.0	3.0	0.0	0.0	0.0	2.0	0.0	0.0	1.0	0.0	1.0	0.0	0.0	1.0	0.0	0.0	0.0	1.0	7	5	9	0.3142857142857144	-0.9	-0.2444444444444444	sars_cov2	0.0	0.0	0.1428571428571428	0.0	0.0	0.0	0.0	0.1428571428571428	0.0	0.0	0.0	0.0	0.0	0.0	0.0	0.2857142857142857	0.1428571428571428	0.0	0.0	0.2857142857142857	0.0	0.0	0.0	0.0	0.0	0.0	0.0	0.4	0.0	0.0	0.0	0.0	0.0	0.0	0.2	0.2	0.0	0.0	0.2	0.0	0.0	0.0	0.0	0.3333333333333333	0.0	0.0	0.0	0.2222222222222222	0.0	0.0	0.1111111111111111	0.0	0.1111111111111111	0.0	0.0	0.1111111111111111	0.0	0.0	0.0	0.1111111111111111
7bei	H	DLMVYGIDV	YSGGT	GVTVSSN		0.0	8.485714285714286	110.11285714285717		0.0	8.4	111.108		-0.2222222222222222	7.644444444444446	129.8122222222222	0.0	0.0	1.0	0.0	0.0	0.0	0.0	1.0	0.0	0.0	0.0	0.0	0.0	0.0	0.0	2.0	1.0	0.0	0.0	2.0	0.0	0.0	0.0	0.0	0.0	0.0	0.0	2.0	0.0	0.0	0.0	0.0	0.0	0.0	0.0	1.0	1.0	0.0	1.0	0.0	0.0	0.0	0.0	2.0	0.0	0.0	0.0	1.0	0.0	1.0	1.0	0.0	1.0	0.0	0.0	0.0	0.0	0.0	1.0	2.0	7	5	9	0.3142857142857144	-0.72	1.1	sars_cov2	0.0	0.0	0.1428571428571428	0.0	0.0	0.0	0.0	0.1428571428571428	0.0	0.0	0.0	0.0	0.0	0.0	0.0	0.2857142857142857	0.1428571428571428	0.0	0.0	0.2857142857142857	0.0	0.0	0.0	0.0	0.0	0.0	0.0	0.4	0.0	0.0	0.0	0.0	0.0	0.0	0.0	0.2	0.2	0.0	0.2	0.0	0.0	0.0	0.0	0.2222222222222222	0.0	0.0	0.0	0.1111111111111111	0.0	0.1111111111111111	0.1111111111111111	0.0	0.1111111111111111	0.0	0.0	0.0	0.0	0.0	0.1111111111111111	0.2222222222222222
7tly	A	DYTRGAWFGESLIGGFDN	STYNGN	GYPFTSY		0.0	7.485714285714287	134.56857142857143		0.0	9.366666666666664	124.11833333333333		-0.1111111111111111	8.577777777777778	128.40944444444443	0.0	0.0	0.0	0.0	0.0	0.0	0.0	1.0	0.0	0.0	0.0	0.0	0.0	1.0	1.0	1.0	1.0	0.0	2.0	0.0	0.0	0.0	2.0	0.0	0.0	0.0	0.0	1.0	0.0	0.0	0.0	0.0	0.0	0.0	0.0	1.0	1.0	0.0	1.0	0.0	1.0	1.0	1.0	2.0	0.0	0.0	1.0	4.0	0.0	1.0	1.0	0.0	0.0	2.0	0.0	1.0	1.0	1.0	1.0	0.0	7	6	18	-0.4714285714285715	-1.7	-0.45	sars_cov2	0.0	0.0	0.0	0.0	0.0	0.0	0.0	0.1428571428571428	0.0	0.0	0.0	0.0	0.0	0.1428571428571428	0.1428571428571428	0.1428571428571428	0.1428571428571428	0.0	0.2857142857142857	0.0	0.0	0.0	0.3333333333333333	0.0	0.0	0.0	0.0	0.1666666666666666	0.0	0.0	0.0	0.0	0.0	0.0	0.0	0.1666666666666666	0.1666666666666666	0.0	0.1666666666666666	0.0	0.0555555555555555	0.0555555555555555	0.0555555555555555	0.1111111111111111	0.0	0.0	0.0555555555555555	0.2222222222222222	0.0	0.0555555555555555	0.0555555555555555	0.0	0.0	0.1111111111111111	0.0	0.0555555555555555	0.0555555555555555	0.0555555555555555	0.0555555555555555	0.0
7l7d	H	PYCSSISCNDGFDI	VIGSGN	GFTFMSS		0.0	7.442857142857142	126.28		0.0	8.316666666666666	105.945		-0.1428571428571428	8.214285714285714	125.34357142857142	0.0	0.0	0.0	0.0	0.0	0.0	0.0	1.0	0.0	0.0	0.0	0.0	1.0	2.0	0.0	2.0	1.0	0.0	0.0	0.0	0.0	0.0	1.0	0.0	0.0	0.0	0.0	2.0	0.0	1.0	0.0	0.0	0.0	0.0	0.0	1.0	0.0	0.0	0.0	1.0	0.0	0.0	1.0	2.0	2.0	0.0	0.0	1.0	0.0	2.0	0.0	0.0	0.0	1.0	1.0	3.0	0.0	0.0	1.0	0.0	7	6	14	0.6857142857142858	0.5999999999999998	0.0428571428571428	sars_cov2	0.0	0.0	0.0	0.0	0.0	0.0	0.0	0.1428571428571428	0.0	0.0	0.0	0.0	0.1428571428571428	0.2857142857142857	0.0	0.2857142857142857	0.1428571428571428	0.0	0.0	0.0	0.0	0.0	0.1666666666666666	0.0	0.0	0.0	0.0	0.3333333333333333	0.0	0.1666666666666666	0.0	0.0	0.0	0.0	0.0	0.1666666666666666	0.0	0.0	0.0	0.1666666666666666	0.0	0.0	0.0714285714285714	0.1428571428571428	0.1428571428571428	0.0	0.0	0.0714285714285714	0.0	0.1428571428571428	0.0	0.0	0.0	0.0714285714285714	0.0714285714285714	0.2142857142857142	0.0	0.0	0.0714285714285714	0.0
