pdb	heavy_chain	CDR_H3	CDR_H2	CDR_H1	CDR_H1_mean_hydrophobicity	CDR_H1_mean_charge	CDR_H1_mean_polarity	CDR_H1_mean_mass	CDR_H2_mean_hydrophobicity	CDR_H2_mean_charge	CDR_H2_mean_polarity	CDR_H2_mean_mass	CDR_H3_mean_hydrophobicity	CDR_H3_mean_charge	CDR_H3_mean_polarity	CDR_H3_mean_mass	CDR_H1_count_A	CDR_H1_count_R	CDR_H1_count_N	CDR_H1_count_D	CDR_H1_count_C	CDR_H1_count_Q	CDR_H1_count_E	CDR_H1_count_G	CDR_H1_count_H	CDR_H1_count_I	CDR_H1_count_L	CDR_H1_count_K	CDR_H1_count_M	CDR_H1_count_F	CDR_H1_count_P	CDR_H1_count_S	CDR_H1_count_T	CDR_H1_count_W	CDR_H1_count_Y	CDR_H1_count_V	CDR_H2_count_A	CDR_H2_count_R	CDR_H2_count_N	CDR_H2_count_D	CDR_H2_count_C	CDR_H2_count_Q	CDR_H2_count_E	CDR_H2_count_G	CDR_H2_count_H	CDR_H2_count_I	CDR_H2_count_L	CDR_H2_count_K	CDR_H2_count_M	CDR_H2_count_F	CDR_H2_count_P	CDR_H2_count_S	CDR_H2_count_T	CDR_H2_count_W	CDR_H2_count_Y	CDR_H2_count_V	CDR_H3_count_A	CDR_H3_count_R	CDR_H3_count_N	CDR_H3_count_D	CDR_H3_count_C	CDR_H3_count_Q	CDR_H3_count_E	CDR_H3_count_G	CDR_H3_count_H	CDR_H3_count_I	CDR_H3_count_L	CDR_H3_count_K	CDR_H3_count_M	CDR_H3_count_F	CDR_H3_count_P	CDR_H3_count_S	CDR_H3_count_T	CDR_H3_count_W	CDR_H3_count_Y	CDR_H3_count_V	cdr_h1_length	cdr_h2_length	cdr_h3_length	source	CDR_H1_relfreq_A	CDR_H1_relfreq_R	CDR_H1_relfreq_N	CDR_H1_relfreq_D	CDR_H1_relfreq_C	CDR_H1_relfreq_Q	CDR_H1_relfreq_E	CDR_H1_relfreq_G	CDR_H1_relfreq_H	CDR_H1_relfreq_I	CDR_H1_relfreq_L	CDR_H1_relfreq_K	CDR_H1_relfreq_M	CDR_H1_relfreq_F	CDR_H1_relfreq_P	CDR_H1_relfreq_S	CDR_H1_relfreq_T	CDR_H1_relfreq_W	CDR_H1_relfreq_Y	CDR_H1_relfreq_V	CDR_H2_relfreq_A	CDR_H2_relfreq_R	CDR_H2_relfreq_N	CDR_H2_relfreq_D	CDR_H2_relfreq_C	CDR_H2_relfreq_Q	CDR_H2_relfreq_E	CDR_H2_relfreq_G	CDR_H2_relfreq_H	CDR_H2_relfreq_I	CDR_H2_relfreq_L	CDR_H2_relfreq_K	CDR_H2_relfreq_M	CDR_H2_relfreq_F	CDR_H2_relfreq_P	CDR_H2_relfreq_S	CDR_H2_relfreq_T	CDR_H2_relfreq_W	CDR_H2_relfreq_Y	CDR_H2_relfreq_V	CDR_H3_relfreq_A	CDR_H3_relfreq_R	CDR_H3_relfreq_N	CDR_H3_relfreq_D	CDR_H3_relfreq_C	CDR_H3_relfreq_Q	CDR_H3_relfreq_E	CDR_H3_relfreq_G	CDR_H3_relfreq_H	CDR_H3_relfreq_I	CDR_H3_relfreq_L	CDR_H3_relfreq_K	CDR_H3_relfreq_M	CDR_H3_relfreq_F	CDR_H3_relfreq_P	CDR_H3_relfreq_S	CDR_H3_relfreq_T	CDR_H3_relfreq_W	CDR_H3_relfreq_Y	CDR_H3_relfreq_V
8rmx	E	RFVGTLDV	FWDDD	GFSLDTSGV	0.4666666666666665	-0.1111111111111111	8.222222222222221	114.00555555555556	-1.72	-0.6	9.92	153.744	0.7375	0.0	7.875	129.01874999999998	0.0	0.0	0.0	1.0	0.0	0.0	0.0	2.0	0.0	0.0	1.0	0.0	0.0	1.0	0.0	2.0	1.0	0.0	0.0	1.0	0.0	0.0	0.0	3.0	0.0	0.0	0.0	0.0	0.0	0.0	0.0	0.0	0.0	1.0	0.0	0.0	0.0	1.0	0.0	0.0	0.0	1.0	0.0	1.0	0.0	0.0	0.0	1.0	0.0	0.0	1.0	0.0	0.0	1.0	0.0	0.0	1.0	0.0	0.0	2.0	9.0	5.0	8.0	human	0.0	0.0	0.0	0.1111111111111111	0.0	0.0	0.0	0.2222222222222222	0.0	0.0	0.1111111111111111	0.0	0.0	0.1111111111111111	0.0	0.2222222222222222	0.1111111111111111	0.0	0.0	0.1111111111111111	0.0	0.0	0.0	0.6	0.0	0.0	0.0	0.0	0.0	0.0	0.0	0.0	0.0	0.2	0.0	0.0	0.0	0.2	0.0	0.0	0.0	0.125	0.0	0.125	0.0	0.0	0.0	0.125	0.0	0.0	0.125	0.0	0.0	0.125	0.0	0.0	0.125	0.0	0.0	0.25
8rmy	E	RFVGTLDV	FWDDD	GFSLDTSGV	0.4666666666666665	-0.1111111111111111	8.222222222222221	114.00555555555556	-1.72	-0.6	9.92	153.744	0.7375	0.0	7.875	129.01874999999998	0.0	0.0	0.0	1.0	0.0	0.0	0.0	2.0	0.0	0.0	1.0	0.0	0.0	1.0	0.0	2.0	1.0	0.0	0.0	1.0	0.0	0.0	0.0	3.0	0.0	0.0	0.0	0.0	0.0	0.0	0.0	0.0	0.0	1.0	0.0	0.0	0.0	1.0	0.0	0.0	0.0	1.0	0.0	1.0	0.0	0.0	0.0	1.0	0.0	0.0	1.0	0.0	0.0	1.0	0.0	0.0	1.0	0.0	0.0	2.0	9.0	5.0	8.0	human	0.0	0.0	0.0	0.1111111111111111	0.0	0.0	0.0	0.2222222222222222	0.0	0.0	0.1111111111111111	0.0	0.0	0.1111111111111111	0.0	0.2222222222222222	0.1111111111111111	0.0	0.0	0.1111111111111111	0.0	0.0	0.0	0.6	0.0	0.0	0.0	0.0	0.0	0.0	0.0	0.0	0.0	0.2	0.0	0.0	0.0	0.2	0.0	0.0	0.0	0.125	0.0	0.125	0.0	0.0	0.0	0.125	0.0	0.0	0.125	0.0	0.0	0.125	0.0	0.0	0.125	0.0	0.0	0.25
9avo	B	GYGWALDY	YPYYGS	GFNVSYY	-0.0428571428571428	0.0	7.614285714285714	136.71428571428572	-1.1166666666666667	0.0	7.466666666666666	139.81	-0.275	-0.125	7.725	133.76375	0.0	0.0	1.0	0.0	0.0	0.0	0.0	1.0	0.0	0.0	0.0	0.0	0.0	1.0	0.0	1.0	0.0	0.0	2.0	1.0	0.0	0.0	0.0	0.0	0.0	0.0	0.0	1.0	0.0	0.0	0.0	0.0	0.0	0.0	1.0	1.0	0.0	0.0	3.0	0.0	1.0	0.0	0.0	1.0	0.0	0.0	0.0	2.0	0.0	0.0	1.0	0.0	0.0	0.0	0.0	0.0	0.0	1.0	2.0	0.0	7.0	6.0	8.0	human	0.0	0.0	0.14285714285714285	0.0	0.0	0.0	0.0	0.14285714285714285	0.0	0.0	0.0	0.0	0.0	0.14285714285714285	0.0	0.14285714285714285	0.0	0.0	0.2857142857142857	0.14285714285714285	0.0	0.0	0.0	0.0	0.0	0.0	0.0	0.16666666666666666	0.0	0.0	0.0	0.0	0.0	0.0	0.16666666666666666	0.16666666666666666	0.0	0.0	0.5	0.0	0.125	0.0	0.0	0.125	0.0	0.0	0.0	0.25	0.0	0.0	0.125	0.0	0.0	0.0	0.0	0.0	0.0	0.125	0.25	0.0
9awe	B	GYGWALDY	YPYYGS	GFNVSYY	-0.0428571428571428	0.0	7.614285714285714	136.71428571428572	-1.1166666666666667	0.0	7.466666666666666	139.81	-0.275	-0.125	7.725	133.76375	0.0	0.0	1.0	0.0	0.0	0.0	0.0	1.0	0.0	0.0	0.0	0.0	0.0	1.0	0.0	1.0	0.0	0.0	2.0	1.0	0.0	0.0	0.0	0.0	0.0	0.0	0.0	1.0	0.0	0.0	0.0	0.0	0.0	0.0	1.0	1.0	0.0	0.0	3.0	0.0	1.0	0.0	0.0	1.0	0.0	0.0	0.0	2.0	0.0	0.0	1.0	0.0	0.0	0.0	0.0	0.0	0.0	1.0	2.0	0.0	7.0	6.0	8.0	human	0.0	0.0	0.14285714285714285	0.0	0.0	0.0	0.0	0.14285714285714285	0.0	0.0	0.0	0.0	0.0	0.14285714285714285	0.0	0.14285714285714285	0.0	0.0	0.2857142857142857	0.14285714285714285	0.0	0.0	0.0	0.0	0.0	0.0	0.0	0.16666666666666666	0.0	0.0	0.0	0.0	0.0	0.0	0.16666666666666666	0.16666666666666666	0.0	0.0	0.5	0.0	0.125	0.0	0.0	0.125	0.0	0.0	0.0	0.25	0.0	0.0	0.125	0.0	0.0	0.0	0.0	0.0	0.0	0.125	0.25	0.0
9dq3	H	TGWLGPFDY	SYDGRH	GFTFSKY	-0.2142857142857142	0.1428571428571428	7.814285714285715	136.72	-2.283333333333333	0.1666666666666666	9.716666666666669	137.30166666666665	-0.2444444444444444	-0.1111111111111111	7.699999999999999	133.2522222222222	0.0	0.0	0.0	0.0	0.0	0.0	0.0	1.0	0.0	0.0	0.0	1.0	0.0	2.0	0.0	1.0	1.0	0.0	1.0	0.0	0.0	1.0	0.0	1.0	0.0	0.0	0.0	1.0	1.0	0.0	0.0	0.0	0.0	0.0	0.0	1.0	0.0	0.0	1.0	0.0	0.0	0.0	0.0	1.0	0.0	0.0	0.0	2.0	0.0	0.0	1.0	0.0	0.0	1.0	1.0	0.0	1.0	1.0	1.0	0.0	7.0	6.0	9.0	human	0.0	0.0	0.0	0.0	0.0	0.0	0.0	0.14285714285714285	0.0	0.0	0.0	0.14285714285714285	0.0	0.2857142857142857	0.0	0.14285714285714285	0.14285714285714285	0.0	0.14285714285714285	0.0	0.0	0.16666666666666666	0.0	0.16666666666666666	0.0	0.0	0.0	0.16666666666666666	0.16666666666666666	0.0	0.0	0.0	0.0	0.0	0.0	0.16666666666666666	0.0	0.0	0.16666666666666666	0.0	0.0	0.0	0.0	0.1111111111111111	0.0	0.0	0.0	0.2222222222222222	0.0	0.0	0.1111111111111111	0.0	0.0	0.1111111111111111	0.1111111111111111	0.0	0.1111111111111111	0.1111111111111111	0.1111111111111111	0.0
9gox	H	SRGYYGSFYFDI	IPVIDD	GGFFSHY	-0.0714285714285714	0.1428571428571428	7.742857142857142	131.70857142857145	0.7666666666666666	-0.3333333333333333	8.383333333333333	126.80333333333334	-0.3500000000000002	0.0	7.841666666666668	139.395	0.0	0.0	0.0	0.0	0.0	0.0	0.0	2.0	1.0	0.0	0.0	0.0	0.0	2.0	0.0	1.0	0.0	0.0	1.0	0.0	0.0	0.0	0.0	2.0	0.0	0.0	0.0	0.0	0.0	2.0	0.0	0.0	0.0	0.0	1.0	0.0	0.0	0.0	0.0	1.0	0.0	1.0	0.0	1.0	0.0	0.0	0.0	2.0	0.0	1.0	0.0	0.0	0.0	2.0	0.0	2.0	0.0	0.0	3.0	0.0	7.0	6.0	12.0	human	0.0	0.0	0.0	0.0	0.0	0.0	0.0	0.2857142857142857	0.14285714285714285	0.0	0.0	0.0	0.0	0.2857142857142857	0.0	0.14285714285714285	0.0	0.0	0.14285714285714285	0.0	0.0	0.0	0.0	0.3333333333333333	0.0	0.0	0.0	0.0	0.0	0.3333333333333333	0.0	0.0	0.0	0.0	0.16666666666666666	0.0	0.0	0.0	0.0	0.16666666666666666	0.0	0.08333333333333333	0.0	0.08333333333333333	0.0	0.0	0.0	0.16666666666666666	0.0	0.08333333333333333	0.0	0.0	0.0	0.16666666666666666	0.0	0.16666666666666666	0.0	0.0	0.25	0.0
9goy	H	GLGYYLYSSYYFDI	IPRLDA	GLPDATY	-0.2714285714285714	-0.1428571428571428	8.257142857142858	120.55285714285716	0.0833333333333333	0.0	8.283333333333333	128.97666666666666	0.1785714285714285	-0.0714285714285714	7.185714285714286	139.86214285714286	1.0	0.0	0.0	1.0	0.0	0.0	0.0	1.0	0.0	0.0	1.0	0.0	0.0	0.0	1.0	0.0	1.0	0.0	1.0	0.0	1.0	1.0	0.0	1.0	0.0	0.0	0.0	0.0	0.0	1.0	1.0	0.0	0.0	0.0	1.0	0.0	0.0	0.0	0.0	0.0	0.0	0.0	0.0	1.0	0.0	0.0	0.0	2.0	0.0	1.0	2.0	0.0	0.0	1.0	0.0	2.0	0.0	0.0	5.0	0.0	7.0	6.0	14.0	human	0.14285714285714285	0.0	0.0	0.14285714285714285	0.0	0.0	0.0	0.14285714285714285	0.0	0.0	0.14285714285714285	0.0	0.0	0.0	0.14285714285714285	0.0	0.14285714285714285	0.0	0.14285714285714285	0.0	0.16666666666666666	0.16666666666666666	0.0	0.16666666666666666	0.0	0.0	0.0	0.0	0.0	0.16666666666666666	0.16666666666666666	0.0	0.0	0.0	0.16666666666666666	0.0	0.0	0.0	0.0	0.0	0.0	0.0	0.0	0.07142857142857142	0.0	0.0	0.0	0.14285714285714285	0.0	0.07142857142857142	0.14285714285714285	0.0	0.0	0.07142857142857142	0.0	0.14285714285714285	0.0	0.0	0.35714285714285715	0.0
9mi6	H	LAIGDSY	GASGSQ	GFTFSTY	0.2428571428571428	0.0	7.428571428571429	132.85285714285715	-0.6833333333333335	0.0	9.166666666666666	99.26	0.5857142857142856	-0.1428571428571428	7.942857142857144	120.84	0.0	0.0	0.0	0.0	0.0	0.0	0.0	1.0	0.0	0.0	0.0	0.0	0.0	2.0	0.0	1.0	2.0	0.0	1.0	0.0	1.0	0.0	0.0	0.0	0.0	1.0	0.0	2.0	0.0	0.0	0.0	0.0	0.0	0.0	0.0	2.0	0.0	0.0	0.0	0.0	1.0	0.0	0.0	1.0	0.0	0.0	0.0	1.0	0.0	1.0	1.0	0.0	0.0	0.0	0.0	1.0	0.0	0.0	1.0	0.0	7.0	6.0	7.0	human	0.0	0.0	0.0	0.0	0.0	0.0	0.0	0.14285714285714285	0.0	0.0	0.0	0.0	0.0	0.2857142857142857	0.0	0.14285714285714285	0.2857142857142857	0.0	0.14285714285714285	0.0	0.16666666666666666	0.0	0.0	0.0	0.0	0.16666666666666666	0.0	0.3333333333333333	0.0	0.0	0.0	0.0	0.0	0.0	0.0	0.3333333333333333	0.0	0.0	0.0	0.0	0.14285714285714285	0.0	0.0	0.14285714285714285	0.0	0.0	0.0	0.14285714285714285	0.0	0.14285714285714285	0.14285714285714285	0.0	0.0	0.0	0.0	0.14285714285714285	0.0	0.0	0.14285714285714285	0.0
9l1s	C	NLGPSFYFDY	NPNSGG	GFTFSAY	0.6	0.0	7.357142857142857	128.56285714285715	-1.7000000000000002	0.0	9.733333333333334	105.76666666666664	-0.3	-0.1	7.850000000000001	138.44400000000002	1.0	0.0	0.0	0.0	0.0	0.0	0.0	1.0	0.0	0.0	0.0	0.0	0.0	2.0	0.0	1.0	1.0	0.0	1.0	0.0	0.0	0.0	2.0	0.0	0.0	0.0	0.0	2.0	0.0	0.0	0.0	0.0	0.0	0.0	1.0	1.0	0.0	0.0	0.0	0.0	0.0	0.0	1.0	1.0	0.0	0.0	0.0	1.0	0.0	0.0	1.0	0.0	0.0	2.0	1.0	1.0	0.0	0.0	2.0	0.0	7.0	6.0	10.0	human	0.14285714285714285	0.0	0.0	0.0	0.0	0.0	0.0	0.14285714285714285	0.0	0.0	0.0	0.0	0.0	0.2857142857142857	0.0	0.14285714285714285	0.14285714285714285	0.0	0.14285714285714285	0.0	0.0	0.0	0.3333333333333333	0.0	0.0	0.0	0.0	0.3333333333333333	0.0	0.0	0.0	0.0	0.0	0.0	0.16666666666666666	0.16666666666666666	0.0	0.0	0.0	0.0	0.0	0.0	0.1	0.1	0.0	0.0	0.0	0.1	0.0	0.0	0.1	0.0	0.0	0.2	0.1	0.1	0.0	0.0	0.2	0.0
8v9d	I	VNYDLLTGRANFFDP	YTSGS	GGYISSGSH	-0.4000000000000001	0.1111111111111111	8.488888888888889	112.0	-0.8	0.0	8.440000000000001	117.112	-0.22	-0.0666666666666666	8.379999999999999	132.9406666666667	0.0	0.0	0.0	0.0	0.0	0.0	0.0	3.0	1.0	1.0	0.0	0.0	0.0	0.0	0.0	3.0	0.0	0.0	1.0	0.0	0.0	0.0	0.0	0.0	0.0	0.0	0.0	1.0	0.0	0.0	0.0	0.0	0.0	0.0	0.0	2.0	1.0	0.0	1.0	0.0	1.0	1.0	2.0	2.0	0.0	0.0	0.0	1.0	0.0	0.0	2.0	0.0	0.0	2.0	1.0	0.0	1.0	0.0	1.0	1.0	9.0	5.0	15.0	human	0.0	0.0	0.0	0.0	0.0	0.0	0.0	0.3333333333333333	0.1111111111111111	0.1111111111111111	0.0	0.0	0.0	0.0	0.0	0.3333333333333333	0.0	0.0	0.1111111111111111	0.0	0.0	0.0	0.0	0.0	0.0	0.0	0.0	0.2	0.0	0.0	0.0	0.0	0.0	0.0	0.0	0.4	0.2	0.0	0.2	0.0	0.06666666666666667	0.06666666666666667	0.13333333333333333	0.13333333333333333	0.0	0.0	0.0	0.06666666666666667	0.0	0.0	0.13333333333333333	0.0	0.0	0.13333333333333333	0.06666666666666667	0.0	0.06666666666666667	0.0	0.06666666666666667	0.06666666666666667
8v91	J	GDYVFDY	SGSGSI	GFTFRGY	-0.2428571428571428	0.1428571428571428	7.671428571428572	136.43285714285713	0.2166666666666666	0.0	8.466666666666667	99.43	-0.4285714285714285	-0.2857142857142857	8.357142857142858	140.8557142857143	0.0	1.0	0.0	0.0	0.0	0.0	0.0	2.0	0.0	0.0	0.0	0.0	0.0	2.0	0.0	0.0	1.0	0.0	1.0	0.0	0.0	0.0	0.0	0.0	0.0	0.0	0.0	2.0	0.0	1.0	0.0	0.0	0.0	0.0	0.0	3.0	0.0	0.0	0.0	0.0	0.0	0.0	0.0	2.0	0.0	0.0	0.0	1.0	0.0	0.0	0.0	0.0	0.0	1.0	0.0	0.0	0.0	0.0	2.0	1.0	7.0	6.0	7.0	human	0.0	0.14285714285714285	0.0	0.0	0.0	0.0	0.0	0.2857142857142857	0.0	0.0	0.0	0.0	0.0	0.2857142857142857	0.0	0.0	0.14285714285714285	0.0	0.14285714285714285	0.0	0.0	0.0	0.0	0.0	0.0	0.0	0.0	0.3333333333333333	0.0	0.16666666666666666	0.0	0.0	0.0	0.0	0.0	0.5	0.0	0.0	0.0	0.0	0.0	0.0	0.0	0.2857142857142857	0.0	0.0	0.0	0.14285714285714285	0.0	0.0	0.0	0.0	0.0	0.14285714285714285	0.0	0.0	0.0	0.0	0.2857142857142857	0.14285714285714285
8vc7	J	YYYTRGYPDGMDY	YPSSGY	GFNLYSS	-0.0285714285714286	0.0	7.899999999999999	127.8457142857143	-1.0333333333333334	0.0	7.966666666666666	127.12666666666668	-1.4769230769230768	-0.0769230769230769	8.292307692307693	144.61153846153843	0.0	0.0	1.0	0.0	0.0	0.0	0.0	1.0	0.0	0.0	1.0	0.0	0.0	1.0	0.0	2.0	0.0	0.0	1.0	0.0	0.0	0.0	0.0	0.0	0.0	0.0	0.0	1.0	0.0	0.0	0.0	0.0	0.0	0.0	1.0	2.0	0.0	0.0	2.0	0.0	0.0	1.0	0.0	2.0	0.0	0.0	0.0	2.0	0.0	0.0	0.0	0.0	1.0	0.0	1.0	0.0	1.0	0.0	5.0	0.0	7.0	6.0	13.0	human	0.0	0.0	0.14285714285714285	0.0	0.0	0.0	0.0	0.14285714285714285	0.0	0.0	0.14285714285714285	0.0	0.0	0.14285714285714285	0.0	0.2857142857142857	0.0	0.0	0.14285714285714285	0.0	0.0	0.0	0.0	0.0	0.0	0.0	0.0	0.16666666666666666	0.0	0.0	0.0	0.0	0.0	0.0	0.16666666666666666	0.3333333333333333	0.0	0.0	0.3333333333333333	0.0	0.0	0.07692307692307693	0.0	0.15384615384615385	0.0	0.0	0.0	0.15384615384615385	0.0	0.0	0.0	0.0	0.07692307692307693	0.0	0.07692307692307693	0.0	0.07692307692307693	0.0	0.38461538461538464	0.0
8y31	B	EDVAVYMAIDL	NVYGG	GFSLSSY	0.3571428571428571	0.0	7.557142857142858	123.98428571428572	-0.2799999999999999	0.0	8.34	116.12	0.9454545454545452	-0.2727272727272727	8.02727272727273	128.95909090909092	0.0	0.0	0.0	0.0	0.0	0.0	0.0	1.0	0.0	0.0	1.0	0.0	0.0	1.0	0.0	3.0	0.0	0.0	1.0	0.0	0.0	0.0	1.0	0.0	0.0	0.0	0.0	2.0	0.0	0.0	0.0	0.0	0.0	0.0	0.0	0.0	0.0	0.0	1.0	1.0	2.0	0.0	0.0	2.0	0.0	0.0	1.0	0.0	0.0	1.0	1.0	0.0	1.0	0.0	0.0	0.0	0.0	0.0	1.0	2.0	7.0	5.0	11.0	human	0.0	0.0	0.0	0.0	0.0	0.0	0.0	0.14285714285714285	0.0	0.0	0.14285714285714285	0.0	0.0	0.14285714285714285	0.0	0.42857142857142855	0.0	0.0	0.14285714285714285	0.0	0.0	0.0	0.2	0.0	0.0	0.0	0.0	0.4	0.0	0.0	0.0	0.0	0.0	0.0	0.0	0.0	0.0	0.0	0.2	0.2	0.18181818181818182	0.0	0.0	0.18181818181818182	0.0	0.0	0.09090909090909091	0.0	0.0	0.09090909090909091	0.09090909090909091	0.0	0.09090909090909091	0.0	0.0	0.0	0.0	0.0	0.09090909090909091	0.18181818181818182
9dh2	A	MGEFYFDY	DLSDSE	GYTFTSY	-0.3428571428571429	0.0	7.571428571428571	135.13857142857142	-1.3833333333333335	-0.5	10.266666666666666	125.78000000000002	-0.3125	-0.25	7.850000000000001	149.65875	0.0	0.0	0.0	0.0	0.0	0.0	0.0	1.0	0.0	0.0	0.0	0.0	0.0	1.0	0.0	1.0	2.0	0.0	2.0	0.0	0.0	0.0	0.0	2.0	0.0	0.0	1.0	0.0	0.0	0.0	1.0	0.0	0.0	0.0	0.0	2.0	0.0	0.0	0.0	0.0	0.0	0.0	0.0	1.0	0.0	0.0	1.0	1.0	0.0	0.0	0.0	0.0	1.0	2.0	0.0	0.0	0.0	0.0	2.0	0.0	7.0	6.0	8.0	human	0.0	0.0	0.0	0.0	0.0	0.0	0.0	0.14285714285714285	0.0	0.0	0.0	0.0	0.0	0.14285714285714285	0.0	0.14285714285714285	0.2857142857142857	0.0	0.2857142857142857	0.0	0.0	0.0	0.0	0.3333333333333333	0.0	0.0	0.16666666666666666	0.0	0.0	0.0	0.16666666666666666	0.0	0.0	0.0	0.0	0.3333333333333333	0.0	0.0	0.0	0.0	0.0	0.0	0.0	0.125	0.0	0.0	0.125	0.125	0.0	0.0	0.0	0.0	0.125	0.25	0.0	0.0	0.0	0.0	0.25	0.0
8vgn	A	STYYGGDWYFNV	YPGNGD	GYTFTSY	-0.3428571428571429	0.0	7.571428571428571	135.13857142857142	-1.7833333333333334	-0.1666666666666666	9.466666666666669	118.61333333333332	-0.5916666666666667	-0.0833333333333333	7.958333333333333	139.1425	0.0	0.0	0.0	0.0	0.0	0.0	0.0	1.0	0.0	0.0	0.0	0.0	0.0	1.0	0.0	1.0	2.0	0.0	2.0	0.0	0.0	0.0	1.0	1.0	0.0	0.0	0.0	2.0	0.0	0.0	0.0	0.0	0.0	0.0	1.0	0.0	0.0	0.0	1.0	0.0	0.0	0.0	1.0	1.0	0.0	0.0	0.0	2.0	0.0	0.0	0.0	0.0	0.0	1.0	0.0	1.0	1.0	1.0	3.0	1.0	7.0	6.0	12.0	human	0.0	0.0	0.0	0.0	0.0	0.0	0.0	0.14285714285714285	0.0	0.0	0.0	0.0	0.0	0.14285714285714285	0.0	0.14285714285714285	0.2857142857142857	0.0	0.2857142857142857	0.0	0.0	0.0	0.16666666666666666	0.16666666666666666	0.0	0.0	0.0	0.3333333333333333	0.0	0.0	0.0	0.0	0.0	0.0	0.16666666666666666	0.0	0.0	0.0	0.16666666666666666	0.0	0.0	0.0	0.08333333333333333	0.08333333333333333	0.0	0.0	0.0	0.16666666666666666	0.0	0.0	0.0	0.0	0.0	0.08333333333333333	0.0	0.08333333333333333	0.08333333333333333	0.08333333333333333	0.25	0.08333333333333333
8vgo	A	STYYGGDWYFNV	YPGNGD	GYTFTSY	-0.3428571428571429	0.0	7.571428571428571	135.13857142857142	-1.7833333333333334	-0.1666666666666666	9.466666666666669	118.61333333333332	-0.5916666666666667	-0.0833333333333333	7.958333333333333	139.1425	0.0	0.0	0.0	0.0	0.0	0.0	0.0	1.0	0.0	0.0	0.0	0.0	0.0	1.0	0.0	1.0	2.0	0.0	2.0	0.0	0.0	0.0	1.0	1.0	0.0	0.0	0.0	2.0	0.0	0.0	0.0	0.0	0.0	0.0	1.0	0.0	0.0	0.0	1.0	0.0	0.0	0.0	1.0	1.0	0.0	0.0	0.0	2.0	0.0	0.0	0.0	0.0	0.0	1.0	0.0	1.0	1.0	1.0	3.0	1.0	7.0	6.0	12.0	human	0.0	0.0	0.0	0.0	0.0	0.0	0.0	0.14285714285714285	0.0	0.0	0.0	0.0	0.0	0.14285714285714285	0.0	0.14285714285714285	0.2857142857142857	0.0	0.2857142857142857	0.0	0.0	0.0	0.16666666666666666	0.16666666666666666	0.0	0.0	0.0	0.3333333333333333	0.0	0.0	0.0	0.0	0.0	0.0	0.16666666666666666	0.0	0.0	0.0	0.16666666666666666	0.0	0.0	0.0	0.08333333333333333	0.08333333333333333	0.0	0.0	0.0	0.16666666666666666	0.0	0.0	0.0	0.0	0.0	0.08333333333333333	0.0	0.08333333333333333	0.08333333333333333	0.08333333333333333	0.25	0.08333333333333333
8ywq	H	RANYGTSYDYGMDY	WWDDD	GFSLSTSGM	0.5111111111111111	0.0	7.777777777777778	114.45555555555558	-2.46	-0.6	9.96	161.552	-1.342857142857143	-0.0714285714285714	8.750000000000002	136.42357142857142	0.0	0.0	0.0	0.0	0.0	0.0	0.0	2.0	0.0	0.0	1.0	0.0	1.0	1.0	0.0	3.0	1.0	0.0	0.0	0.0	0.0	0.0	0.0	3.0	0.0	0.0	0.0	0.0	0.0	0.0	0.0	0.0	0.0	0.0	0.0	0.0	0.0	2.0	0.0	0.0	1.0	1.0	1.0	2.0	0.0	0.0	0.0	2.0	0.0	0.0	0.0	0.0	1.0	0.0	0.0	1.0	1.0	0.0	4.0	0.0	9.0	5.0	14.0	human	0.0	0.0	0.0	0.0	0.0	0.0	0.0	0.2222222222222222	0.0	0.0	0.1111111111111111	0.0	0.1111111111111111	0.1111111111111111	0.0	0.3333333333333333	0.1111111111111111	0.0	0.0	0.0	0.0	0.0	0.0	0.6	0.0	0.0	0.0	0.0	0.0	0.0	0.0	0.0	0.0	0.0	0.0	0.0	0.0	0.4	0.0	0.0	0.07142857142857142	0.07142857142857142	0.07142857142857142	0.14285714285714285	0.0	0.0	0.0	0.14285714285714285	0.0	0.0	0.0	0.0	0.07142857142857142	0.0	0.0	0.07142857142857142	0.07142857142857142	0.0	0.2857142857142857	0.0
8vgh	H	DPRGYGAALDRLDL	SSAAT	RFSLIGY	0.5857142857142856	0.1428571428571428	7.171428571428572	137.58285714285714	0.26	0.0	8.64	101.496	-0.5857142857142856	-0.0714285714285714	8.792857142857144	126.13214285714288	0.0	1.0	0.0	0.0	0.0	0.0	0.0	1.0	0.0	1.0	1.0	0.0	0.0	1.0	0.0	1.0	0.0	0.0	1.0	0.0	2.0	0.0	0.0	0.0	0.0	0.0	0.0	0.0	0.0	0.0	0.0	0.0	0.0	0.0	0.0	2.0	1.0	0.0	0.0	0.0	2.0	2.0	0.0	3.0	0.0	0.0	0.0	2.0	0.0	0.0	3.0	0.0	0.0	0.0	1.0	0.0	0.0	0.0	1.0	0.0	7.0	5.0	14.0	human	0.0	0.14285714285714285	0.0	0.0	0.0	0.0	0.0	0.14285714285714285	0.0	0.14285714285714285	0.14285714285714285	0.0	0.0	0.14285714285714285	0.0	0.14285714285714285	0.0	0.0	0.14285714285714285	0.0	0.4	0.0	0.0	0.0	0.0	0.0	0.0	0.0	0.0	0.0	0.0	0.0	0.0	0.0	0.0	0.4	0.2	0.0	0.0	0.0	0.14285714285714285	0.14285714285714285	0.0	0.21428571428571427	0.0	0.0	0.0	0.14285714285714285	0.0	0.0	0.21428571428571427	0.0	0.0	0.0	0.07142857142857142	0.0	0.0	0.0	0.07142857142857142	0.0
8vgi	F	DPRGYGAALDRLDL	SSAAT	RFSLIGY	0.5857142857142856	0.1428571428571428	7.171428571428572	137.58285714285714	0.26	0.0	8.64	101.496	-0.5857142857142856	-0.0714285714285714	8.792857142857144	126.13214285714288	0.0	1.0	0.0	0.0	0.0	0.0	0.0	1.0	0.0	1.0	1.0	0.0	0.0	1.0	0.0	1.0	0.0	0.0	1.0	0.0	2.0	0.0	0.0	0.0	0.0	0.0	0.0	0.0	0.0	0.0	0.0	0.0	0.0	0.0	0.0	2.0	1.0	0.0	0.0	0.0	2.0	2.0	0.0	3.0	0.0	0.0	0.0	2.0	0.0	0.0	3.0	0.0	0.0	0.0	1.0	0.0	0.0	0.0	1.0	0.0	7.0	5.0	14.0	human	0.0	0.14285714285714285	0.0	0.0	0.0	0.0	0.0	0.14285714285714285	0.0	0.14285714285714285	0.14285714285714285	0.0	0.0	0.14285714285714285	0.0	0.14285714285714285	0.0	0.0	0.14285714285714285	0.0	0.4	0.0	0.0	0.0	0.0	0.0	0.0	0.0	0.0	0.0	0.0	0.0	0.0	0.0	0.0	0.4	0.2	0.0	0.0	0.0	0.14285714285714285	0.14285714285714285	0.0	0.21428571428571427	0.0	0.0	0.0	0.14285714285714285	0.0	0.0	0.21428571428571427	0.0	0.0	0.0	0.07142857142857142	0.0	0.0	0.0	0.07142857142857142	0.0
8vgj	F	DPRGYGAALDRLDL	SSAAT	RFSLIGY	0.5857142857142856	0.1428571428571428	7.171428571428572	137.58285714285714	0.26	0.0	8.64	101.496	-0.5857142857142856	-0.0714285714285714	8.792857142857144	126.13214285714288	0.0	1.0	0.0	0.0	0.0	0.0	0.0	1.0	0.0	1.0	1.0	0.0	0.0	1.0	0.0	1.0	0.0	0.0	1.0	0.0	2.0	0.0	0.0	0.0	0.0	0.0	0.0	0.0	0.0	0.0	0.0	0.0	0.0	0.0	0.0	2.0	1.0	0.0	0.0	0.0	2.0	2.0	0.0	3.0	0.0	0.0	0.0	2.0	0.0	0.0	3.0	0.0	0.0	0.0	1.0	0.0	0.0	0.0	1.0	0.0	7.0	5.0	14.0	human	0.0	0.14285714285714285	0.0	0.0	0.0	0.0	0.0	0.14285714285714285	0.0	0.14285714285714285	0.14285714285714285	0.0	0.0	0.14285714285714285	0.0	0.14285714285714285	0.0	0.0	0.14285714285714285	0.0	0.4	0.0	0.0	0.0	0.0	0.0	0.0	0.0	0.0	0.0	0.0	0.0	0.0	0.0	0.0	0.4	0.2	0.0	0.0	0.0	0.14285714285714285	0.14285714285714285	0.0	0.21428571428571427	0.0	0.0	0.0	0.14285714285714285	0.0	0.0	0.21428571428571427	0.0	0.0	0.0	0.07142857142857142	0.0	0.0	0.0	0.07142857142857142	0.0
8vgk	F	DPRGYGAALDRLDL	SSAAT	RFSLIGY	0.5857142857142856	0.1428571428571428	7.171428571428572	137.58285714285714	0.26	0.0	8.64	101.496	-0.5857142857142856	-0.0714285714285714	8.792857142857144	126.13214285714288	0.0	1.0	0.0	0.0	0.0	0.0	0.0	1.0	0.0	1.0	1.0	0.0	0.0	1.0	0.0	1.0	0.0	0.0	1.0	0.0	2.0	0.0	0.0	0.0	0.0	0.0	0.0	0.0	0.0	0.0	0.0	0.0	0.0	0.0	0.0	2.0	1.0	0.0	0.0	0.0	2.0	2.0	0.0	3.0	0.0	0.0	0.0	2.0	0.0	0.0	3.0	0.0	0.0	0.0	1.0	0.0	0.0	0.0	1.0	0.0	7.0	5.0	14.0	human	0.0	0.14285714285714285	0.0	0.0	0.0	0.0	0.0	0.14285714285714285	0.0	0.14285714285714285	0.14285714285714285	0.0	0.0	0.14285714285714285	0.0	0.14285714285714285	0.0	0.0	0.14285714285714285	0.0	0.4	0.0	0.0	0.0	0.0	0.0	0.0	0.0	0.0	0.0	0.0	0.0	0.0	0.0	0.0	0.4	0.2	0.0	0.0	0.0	0.14285714285714285	0.14285714285714285	0.0	0.21428571428571427	0.0	0.0	0.0	0.14285714285714285	0.0	0.0	0.21428571428571427	0.0	0.0	0.0	0.07142857142857142	0.0	0.0	0.0	0.07142857142857142	0.0
8vgp	H	FVFFLPYAMDY	TPAGGY	GFTISDY	0.0857142857142857	-0.1428571428571428	8.057142857142857	129.99	-0.4333333333333333	0.0	8.15	109.11166666666668	1.1272727272727274	-0.0909090909090909	6.690909090909091	144.79999999999998	0.0	0.0	0.0	1.0	0.0	0.0	0.0	1.0	0.0	1.0	0.0	0.0	0.0	1.0	0.0	1.0	1.0	0.0	1.0	0.0	1.0	0.0	0.0	0.0	0.0	0.0	0.0	2.0	0.0	0.0	0.0	0.0	0.0	0.0	1.0	0.0	1.0	0.0	1.0	0.0	1.0	0.0	0.0	1.0	0.0	0.0	0.0	0.0	0.0	0.0	1.0	0.0	1.0	3.0	1.0	0.0	0.0	0.0	2.0	1.0	7.0	6.0	11.0	human	0.0	0.0	0.0	0.14285714285714285	0.0	0.0	0.0	0.14285714285714285	0.0	0.14285714285714285	0.0	0.0	0.0	0.14285714285714285	0.0	0.14285714285714285	0.14285714285714285	0.0	0.14285714285714285	0.0	0.16666666666666666	0.0	0.0	0.0	0.0	0.0	0.0	0.3333333333333333	0.0	0.0	0.0	0.0	0.0	0.0	0.16666666666666666	0.0	0.16666666666666666	0.0	0.16666666666666666	0.0	0.09090909090909091	0.0	0.0	0.09090909090909091	0.0	0.0	0.0	0.0	0.0	0.0	0.09090909090909091	0.0	0.09090909090909091	0.2727272727272727	0.09090909090909091	0.0	0.0	0.0	0.18181818181818182	0.09090909090909091
9gwt	H	ERPLTGVMDY	WAGGG	GFSLTNY	-0.0142857142857143	0.0	7.814285714285715	129.85	-0.06	0.0	8.1	103.706	-0.56	-0.1	8.41	134.247	0.0	0.0	1.0	0.0	0.0	0.0	0.0	1.0	0.0	0.0	1.0	0.0	0.0	1.0	0.0	1.0	1.0	0.0	1.0	0.0	1.0	0.0	0.0	0.0	0.0	0.0	0.0	3.0	0.0	0.0	0.0	0.0	0.0	0.0	0.0	0.0	0.0	1.0	0.0	0.0	0.0	1.0	0.0	1.0	0.0	0.0	1.0	1.0	0.0	0.0	1.0	0.0	1.0	0.0	1.0	0.0	1.0	0.0	1.0	1.0	7.0	5.0	10.0	human	0.0	0.0	0.14285714285714285	0.0	0.0	0.0	0.0	0.14285714285714285	0.0	0.0	0.14285714285714285	0.0	0.0	0.14285714285714285	0.0	0.14285714285714285	0.14285714285714285	0.0	0.14285714285714285	0.0	0.2	0.0	0.0	0.0	0.0	0.0	0.0	0.6	0.0	0.0	0.0	0.0	0.0	0.0	0.0	0.0	0.0	0.2	0.0	0.0	0.0	0.1	0.0	0.1	0.0	0.0	0.1	0.1	0.0	0.0	0.1	0.0	0.1	0.0	0.1	0.0	0.1	0.0	0.1	0.1
8vqd	C	YGTYELKSYGSWESLPAFDY	YSAGGY	GFTWSGA	0.1999999999999999	0.0	7.785714285714285	118.98	-0.4000000000000001	0.0	7.95	117.78333333333336	-0.6900000000000002	-0.1	8.22	135.94099999999997	1.0	0.0	0.0	0.0	0.0	0.0	0.0	2.0	0.0	0.0	0.0	0.0	0.0	1.0	0.0	1.0	1.0	1.0	0.0	0.0	1.0	0.0	0.0	0.0	0.0	0.0	0.0	2.0	0.0	0.0	0.0	0.0	0.0	0.0	0.0	1.0	0.0	0.0	2.0	0.0	1.0	0.0	0.0	1.0	0.0	0.0	2.0	2.0	0.0	0.0	2.0	1.0	0.0	1.0	1.0	3.0	1.0	1.0	4.0	0.0	7.0	6.0	20.0	human	0.14285714285714285	0.0	0.0	0.0	0.0	0.0	0.0	0.2857142857142857	0.0	0.0	0.0	0.0	0.0	0.14285714285714285	0.0	0.14285714285714285	0.14285714285714285	0.14285714285714285	0.0	0.0	0.16666666666666666	0.0	0.0	0.0	0.0	0.0	0.0	0.3333333333333333	0.0	0.0	0.0	0.0	0.0	0.0	0.0	0.16666666666666666	0.0	0.0	0.3333333333333333	0.0	0.05	0.0	0.0	0.05	0.0	0.0	0.1	0.1	0.0	0.0	0.1	0.05	0.0	0.05	0.05	0.15	0.05	0.05	0.2	0.0
8vsj	H	AYGDYVHYAMDY	WAGGS	GFSLTSY	0.3714285714285714	0.0	7.471428571428571	125.98857142857145	-0.14	0.0	8.14	109.71	-0.5083333333333334	-0.0833333333333333	8.166666666666666	138.8108333333333	0.0	0.0	0.0	0.0	0.0	0.0	0.0	1.0	0.0	0.0	1.0	0.0	0.0	1.0	0.0	2.0	1.0	0.0	1.0	0.0	1.0	0.0	0.0	0.0	0.0	0.0	0.0	2.0	0.0	0.0	0.0	0.0	0.0	0.0	0.0	1.0	0.0	1.0	0.0	0.0	2.0	0.0	0.0	2.0	0.0	0.0	0.0	1.0	1.0	0.0	0.0	0.0	1.0	0.0	0.0	0.0	0.0	0.0	4.0	1.0	7.0	5.0	12.0	human	0.0	0.0	0.0	0.0	0.0	0.0	0.0	0.14285714285714285	0.0	0.0	0.14285714285714285	0.0	0.0	0.14285714285714285	0.0	0.2857142857142857	0.14285714285714285	0.0	0.14285714285714285	0.0	0.2	0.0	0.0	0.0	0.0	0.0	0.0	0.4	0.0	0.0	0.0	0.0	0.0	0.0	0.0	0.2	0.0	0.2	0.0	0.0	0.16666666666666666	0.0	0.0	0.16666666666666666	0.0	0.0	0.0	0.08333333333333333	0.08333333333333333	0.0	0.0	0.0	0.08333333333333333	0.0	0.0	0.0	0.0	0.0	0.3333333333333333	0.08333333333333333
8tbb	H	SWETARILPGAFDI	SGSGRS	GFTFSSY	0.2285714285714286	0.0	7.514285714285713	130.84857142857143	-1.2833333333333334	0.1666666666666666	9.35	106.60166666666667	0.2357142857142855	-0.0714285714285714	8.05	129.28214285714284	0.0	0.0	0.0	0.0	0.0	0.0	0.0	1.0	0.0	0.0	0.0	0.0	0.0	2.0	0.0	2.0	1.0	0.0	1.0	0.0	0.0	1.0	0.0	0.0	0.0	0.0	0.0	2.0	0.0	0.0	0.0	0.0	0.0	0.0	0.0	3.0	0.0	0.0	0.0	0.0	2.0	1.0	0.0	1.0	0.0	0.0	1.0	1.0	0.0	2.0	1.0	0.0	0.0	1.0	1.0	1.0	1.0	1.0	0.0	0.0	7.0	6.0	14.0	human	0.0	0.0	0.0	0.0	0.0	0.0	0.0	0.14285714285714285	0.0	0.0	0.0	0.0	0.0	0.2857142857142857	0.0	0.2857142857142857	0.14285714285714285	0.0	0.14285714285714285	0.0	0.0	0.16666666666666666	0.0	0.0	0.0	0.0	0.0	0.3333333333333333	0.0	0.0	0.0	0.0	0.0	0.0	0.0	0.5	0.0	0.0	0.0	0.0	0.14285714285714285	0.07142857142857142	0.0	0.07142857142857142	0.0	0.0	0.07142857142857142	0.07142857142857142	0.0	0.14285714285714285	0.07142857142857142	0.0	0.0	0.07142857142857142	0.07142857142857142	0.07142857142857142	0.07142857142857142	0.07142857142857142	0.0	0.0
8tft	I	GSYGTYYGNYFEY	SGSGGS	GFTFSSY	0.2285714285714286	0.0	7.514285714285713	130.84857142857143	-0.6	0.0	9.1	90.08	-1.0307692307692309	-0.0769230769230769	8.069230769230769	138.4469230769231	0.0	0.0	0.0	0.0	0.0	0.0	0.0	1.0	0.0	0.0	0.0	0.0	0.0	2.0	0.0	2.0	1.0	0.0	1.0	0.0	0.0	0.0	0.0	0.0	0.0	0.0	0.0	3.0	0.0	0.0	0.0	0.0	0.0	0.0	0.0	3.0	0.0	0.0	0.0	0.0	0.0	0.0	1.0	0.0	0.0	0.0	1.0	3.0	0.0	0.0	0.0	0.0	0.0	1.0	0.0	1.0	1.0	0.0	5.0	0.0	7.0	6.0	13.0	human	0.0	0.0	0.0	0.0	0.0	0.0	0.0	0.14285714285714285	0.0	0.0	0.0	0.0	0.0	0.2857142857142857	0.0	0.2857142857142857	0.14285714285714285	0.0	0.14285714285714285	0.0	0.0	0.0	0.0	0.0	0.0	0.0	0.0	0.5	0.0	0.0	0.0	0.0	0.0	0.0	0.0	0.5	0.0	0.0	0.0	0.0	0.0	0.0	0.07692307692307693	0.0	0.0	0.0	0.07692307692307693	0.23076923076923078	0.0	0.0	0.0	0.0	0.0	0.07692307692307693	0.0	0.07692307692307693	0.07692307692307693	0.0	0.38461538461538464	0.0
8udz	C	PRIAARRGGFGY	SHEGSL	GFTFRSY	-0.3	0.1428571428571428	7.700000000000001	140.72142857142856	-0.8166666666666669	0.0	9.166666666666668	119.78499999999998	-0.5583333333333335	0.25	8.275	126.55583333333334	0.0	1.0	0.0	0.0	0.0	0.0	0.0	1.0	0.0	0.0	0.0	0.0	0.0	2.0	0.0	1.0	1.0	0.0	1.0	0.0	0.0	0.0	0.0	0.0	0.0	0.0	1.0	1.0	1.0	0.0	1.0	0.0	0.0	0.0	0.0	2.0	0.0	0.0	0.0	0.0	2.0	3.0	0.0	0.0	0.0	0.0	0.0	3.0	0.0	1.0	0.0	0.0	0.0	1.0	1.0	0.0	0.0	0.0	1.0	0.0	7.0	6.0	12.0	human	0.0	0.14285714285714285	0.0	0.0	0.0	0.0	0.0	0.14285714285714285	0.0	0.0	0.0	0.0	0.0	0.2857142857142857	0.0	0.14285714285714285	0.14285714285714285	0.0	0.14285714285714285	0.0	0.0	0.0	0.0	0.0	0.0	0.0	0.16666666666666666	0.16666666666666666	0.16666666666666666	0.0	0.16666666666666666	0.0	0.0	0.0	0.0	0.3333333333333333	0.0	0.0	0.0	0.0	0.16666666666666666	0.25	0.0	0.0	0.0	0.0	0.0	0.25	0.0	0.08333333333333333	0.0	0.0	0.0	0.08333333333333333	0.08333333333333333	0.0	0.0	0.0	0.08333333333333333	0.0
8vui	A	HGYGAMDY	SPYYSY	GFNLRSY	-0.5571428571428572	0.1428571428571428	8.085714285714285	137.71857142857144	-1.1833333333333331	0.0	7.5	144.8133333333333	-0.8000000000000002	0.0	8.45	129.885	0.0	1.0	1.0	0.0	0.0	0.0	0.0	1.0	0.0	0.0	1.0	0.0	0.0	1.0	0.0	1.0	0.0	0.0	1.0	0.0	0.0	0.0	0.0	0.0	0.0	0.0	0.0	0.0	0.0	0.0	0.0	0.0	0.0	0.0	1.0	2.0	0.0	0.0	3.0	0.0	1.0	0.0	0.0	1.0	0.0	0.0	0.0	2.0	1.0	0.0	0.0	0.0	1.0	0.0	0.0	0.0	0.0	0.0	2.0	0.0	7.0	6.0	8.0	human	0.0	0.14285714285714285	0.14285714285714285	0.0	0.0	0.0	0.0	0.14285714285714285	0.0	0.0	0.14285714285714285	0.0	0.0	0.14285714285714285	0.0	0.14285714285714285	0.0	0.0	0.14285714285714285	0.0	0.0	0.0	0.0	0.0	0.0	0.0	0.0	0.0	0.0	0.0	0.0	0.0	0.0	0.0	0.16666666666666666	0.3333333333333333	0.0	0.0	0.5	0.0	0.125	0.0	0.0	0.125	0.0	0.0	0.0	0.25	0.125	0.0	0.0	0.0	0.125	0.0	0.0	0.0	0.0	0.0	0.25	0.0
8vvm	A	HGYGAMDY	SPYYSY	GFNLRSY	-0.5571428571428572	0.1428571428571428	8.085714285714285	137.71857142857144	-1.1833333333333331	0.0	7.5	144.8133333333333	-0.8000000000000002	0.0	8.45	129.885	0.0	1.0	1.0	0.0	0.0	0.0	0.0	1.0	0.0	0.0	1.0	0.0	0.0	1.0	0.0	1.0	0.0	0.0	1.0	0.0	0.0	0.0	0.0	0.0	0.0	0.0	0.0	0.0	0.0	0.0	0.0	0.0	0.0	0.0	1.0	2.0	0.0	0.0	3.0	0.0	1.0	0.0	0.0	1.0	0.0	0.0	0.0	2.0	1.0	0.0	0.0	0.0	1.0	0.0	0.0	0.0	0.0	0.0	2.0	0.0	7.0	6.0	8.0	human	0.0	0.14285714285714285	0.14285714285714285	0.0	0.0	0.0	0.0	0.14285714285714285	0.0	0.0	0.14285714285714285	0.0	0.0	0.14285714285714285	0.0	0.14285714285714285	0.0	0.0	0.14285714285714285	0.0	0.0	0.0	0.0	0.0	0.0	0.0	0.0	0.0	0.0	0.0	0.0	0.0	0.0	0.0	0.16666666666666666	0.3333333333333333	0.0	0.0	0.5	0.0	0.125	0.0	0.0	0.125	0.0	0.0	0.0	0.25	0.125	0.0	0.0	0.0	0.125	0.0	0.0	0.0	0.0	0.0	0.25	0.0
8tv1	D	SHYSVWWGWHSVSYYAAFDY	SSYYGS	GFTISSS	0.5428571428571429	0.0	7.942857142857142	115.11714285714288	-0.9	0.0	8.166666666666666	125.45333333333332	-0.3299999999999999	0.05	7.689999999999999	142.69850000000002	0.0	0.0	0.0	0.0	0.0	0.0	0.0	1.0	0.0	1.0	0.0	0.0	0.0	1.0	0.0	3.0	1.0	0.0	0.0	0.0	0.0	0.0	0.0	0.0	0.0	0.0	0.0	1.0	0.0	0.0	0.0	0.0	0.0	0.0	0.0	3.0	0.0	0.0	2.0	0.0	2.0	0.0	0.0	1.0	0.0	0.0	0.0	1.0	2.0	0.0	0.0	0.0	0.0	1.0	0.0	4.0	0.0	3.0	4.0	2.0	7.0	6.0	20.0	human	0.0	0.0	0.0	0.0	0.0	0.0	0.0	0.14285714285714285	0.0	0.14285714285714285	0.0	0.0	0.0	0.14285714285714285	0.0	0.42857142857142855	0.14285714285714285	0.0	0.0	0.0	0.0	0.0	0.0	0.0	0.0	0.0	0.0	0.16666666666666666	0.0	0.0	0.0	0.0	0.0	0.0	0.0	0.5	0.0	0.0	0.3333333333333333	0.0	0.1	0.0	0.0	0.05	0.0	0.0	0.0	0.05	0.1	0.0	0.0	0.0	0.0	0.05	0.0	0.2	0.0	0.15	0.2	0.1
8rp8	A	SYGAFDY	SGSGGS	GFTFSSY	0.2285714285714286	0.0	7.514285714285713	130.84857142857143	-0.6	0.0	9.1	90.08	-0.3857142857142857	-0.1428571428571428	8.12857142857143	132.84571428571425	0.0	0.0	0.0	0.0	0.0	0.0	0.0	1.0	0.0	0.0	0.0	0.0	0.0	2.0	0.0	2.0	1.0	0.0	1.0	0.0	0.0	0.0	0.0	0.0	0.0	0.0	0.0	3.0	0.0	0.0	0.0	0.0	0.0	0.0	0.0	3.0	0.0	0.0	0.0	0.0	1.0	0.0	0.0	1.0	0.0	0.0	0.0	1.0	0.0	0.0	0.0	0.0	0.0	1.0	0.0	1.0	0.0	0.0	2.0	0.0	7.0	6.0	7.0	human	0.0	0.0	0.0	0.0	0.0	0.0	0.0	0.14285714285714285	0.0	0.0	0.0	0.0	0.0	0.2857142857142857	0.0	0.2857142857142857	0.14285714285714285	0.0	0.14285714285714285	0.0	0.0	0.0	0.0	0.0	0.0	0.0	0.0	0.5	0.0	0.0	0.0	0.0	0.0	0.0	0.0	0.5	0.0	0.0	0.0	0.0	0.14285714285714285	0.0	0.0	0.14285714285714285	0.0	0.0	0.0	0.14285714285714285	0.0	0.0	0.0	0.0	0.0	0.14285714285714285	0.0	0.14285714285714285	0.0	0.0	0.2857142857142857	0.0
8rpb	H	SYGAFDY	SGSGGS	GFTFSSY	0.2285714285714286	0.0	7.514285714285713	130.84857142857143	-0.6	0.0	9.1	90.08	-0.3857142857142857	-0.1428571428571428	8.12857142857143	132.84571428571425	0.0	0.0	0.0	0.0	0.0	0.0	0.0	1.0	0.0	0.0	0.0	0.0	0.0	2.0	0.0	2.0	1.0	0.0	1.0	0.0	0.0	0.0	0.0	0.0	0.0	0.0	0.0	3.0	0.0	0.0	0.0	0.0	0.0	0.0	0.0	3.0	0.0	0.0	0.0	0.0	1.0	0.0	0.0	1.0	0.0	0.0	0.0	1.0	0.0	0.0	0.0	0.0	0.0	1.0	0.0	1.0	0.0	0.0	2.0	0.0	7.0	6.0	7.0	human	0.0	0.0	0.0	0.0	0.0	0.0	0.0	0.14285714285714285	0.0	0.0	0.0	0.0	0.0	0.2857142857142857	0.0	0.2857142857142857	0.14285714285714285	0.0	0.14285714285714285	0.0	0.0	0.0	0.0	0.0	0.0	0.0	0.0	0.5	0.0	0.0	0.0	0.0	0.0	0.0	0.0	0.5	0.0	0.0	0.0	0.0	0.14285714285714285	0.0	0.0	0.14285714285714285	0.0	0.0	0.0	0.14285714285714285	0.0	0.0	0.0	0.0	0.0	0.14285714285714285	0.0	0.14285714285714285	0.0	0.0	0.2857142857142857	0.0
8ts0	H	KGRDYGTSHYFDY	FPRSDN	GYTFTNY	-0.7285714285714286	0.0	7.914285714285714	139.0	-1.8500000000000003	0.0	9.583333333333334	137.47166666666666	-1.6923076923076923	0.0769230769230769	9.061538461538465	140.37384615384616	0.0	0.0	1.0	0.0	0.0	0.0	0.0	1.0	0.0	0.0	0.0	0.0	0.0	1.0	0.0	0.0	2.0	0.0	2.0	0.0	0.0	1.0	1.0	1.0	0.0	0.0	0.0	0.0	0.0	0.0	0.0	0.0	0.0	1.0	1.0	1.0	0.0	0.0	0.0	0.0	0.0	1.0	0.0	2.0	0.0	0.0	0.0	2.0	1.0	0.0	0.0	1.0	0.0	1.0	0.0	1.0	1.0	0.0	3.0	0.0	7.0	6.0	13.0	human	0.0	0.0	0.14285714285714285	0.0	0.0	0.0	0.0	0.14285714285714285	0.0	0.0	0.0	0.0	0.0	0.14285714285714285	0.0	0.0	0.2857142857142857	0.0	0.2857142857142857	0.0	0.0	0.16666666666666666	0.16666666666666666	0.16666666666666666	0.0	0.0	0.0	0.0	0.0	0.0	0.0	0.0	0.0	0.16666666666666666	0.16666666666666666	0.16666666666666666	0.0	0.0	0.0	0.0	0.0	0.07692307692307693	0.0	0.15384615384615385	0.0	0.0	0.0	0.15384615384615385	0.07692307692307693	0.0	0.0	0.07692307692307693	0.0	0.07692307692307693	0.0	0.07692307692307693	0.07692307692307693	0.0	0.23076923076923078	0.0
8u31	C	AGGAGGGVYTLTRLDL	YAGSSGN	GFSFSSTY	0.0999999999999999	0.0	7.725	127.62875	-0.7714285714285715	0.0	8.9	108.96	0.40625	0.0	8.043750000000001	111.9325	0.0	0.0	0.0	0.0	0.0	0.0	0.0	1.0	0.0	0.0	0.0	0.0	0.0	2.0	0.0	3.0	1.0	0.0	1.0	0.0	1.0	0.0	1.0	0.0	0.0	0.0	0.0	2.0	0.0	0.0	0.0	0.0	0.0	0.0	0.0	2.0	0.0	0.0	1.0	0.0	2.0	1.0	0.0	1.0	0.0	0.0	0.0	5.0	0.0	0.0	3.0	0.0	0.0	0.0	0.0	0.0	2.0	0.0	1.0	1.0	8.0	7.0	16.0	human	0.0	0.0	0.0	0.0	0.0	0.0	0.0	0.125	0.0	0.0	0.0	0.0	0.0	0.25	0.0	0.375	0.125	0.0	0.125	0.0	0.14285714285714285	0.0	0.14285714285714285	0.0	0.0	0.0	0.0	0.2857142857142857	0.0	0.0	0.0	0.0	0.0	0.0	0.0	0.2857142857142857	0.0	0.0	0.14285714285714285	0.0	0.125	0.0625	0.0	0.0625	0.0	0.0	0.0	0.3125	0.0	0.0	0.1875	0.0	0.0	0.0	0.0	0.0	0.125	0.0	0.0625	0.0625
8u32	C	AGGAGGGVYTLTRLDL	YVGSSGN	GFSFSSTY	0.0999999999999999	0.0	7.725	127.62875	-0.4285714285714285	0.0	8.585714285714285	112.96857142857144	0.40625	0.0	8.043750000000001	111.9325	0.0	0.0	0.0	0.0	0.0	0.0	0.0	1.0	0.0	0.0	0.0	0.0	0.0	2.0	0.0	3.0	1.0	0.0	1.0	0.0	0.0	0.0	1.0	0.0	0.0	0.0	0.0	2.0	0.0	0.0	0.0	0.0	0.0	0.0	0.0	2.0	0.0	0.0	1.0	1.0	2.0	1.0	0.0	1.0	0.0	0.0	0.0	5.0	0.0	0.0	3.0	0.0	0.0	0.0	0.0	0.0	2.0	0.0	1.0	1.0	8.0	7.0	16.0	human	0.0	0.0	0.0	0.0	0.0	0.0	0.0	0.125	0.0	0.0	0.0	0.0	0.0	0.25	0.0	0.375	0.125	0.0	0.125	0.0	0.0	0.0	0.14285714285714285	0.0	0.0	0.0	0.0	0.2857142857142857	0.0	0.0	0.0	0.0	0.0	0.0	0.0	0.2857142857142857	0.0	0.0	0.14285714285714285	0.14285714285714285	0.125	0.0625	0.0	0.0625	0.0	0.0	0.0	0.3125	0.0	0.0	0.1875	0.0	0.0	0.0	0.0	0.0	0.125	0.0	0.0625	0.0625
8urf	H	SRYRNGLDY	FPATGS	GYTFLTY	0.3142857142857141	0.0	6.957142857142857	138.8642857142857	0.1833333333333333	0.0	8.016666666666666	111.44833333333332	-1.7777777777777777	0.1111111111111111	9.011111111111113	143.03666666666666	0.0	0.0	0.0	0.0	0.0	0.0	0.0	1.0	0.0	0.0	1.0	0.0	0.0	1.0	0.0	0.0	2.0	0.0	2.0	0.0	1.0	0.0	0.0	0.0	0.0	0.0	0.0	1.0	0.0	0.0	0.0	0.0	0.0	1.0	1.0	1.0	1.0	0.0	0.0	0.0	0.0	2.0	1.0	1.0	0.0	0.0	0.0	1.0	0.0	0.0	1.0	0.0	0.0	0.0	0.0	1.0	0.0	0.0	2.0	0.0	7.0	6.0	9.0	human	0.0	0.0	0.0	0.0	0.0	0.0	0.0	0.14285714285714285	0.0	0.0	0.14285714285714285	0.0	0.0	0.14285714285714285	0.0	0.0	0.2857142857142857	0.0	0.2857142857142857	0.0	0.16666666666666666	0.0	0.0	0.0	0.0	0.0	0.0	0.16666666666666666	0.0	0.0	0.0	0.0	0.0	0.16666666666666666	0.16666666666666666	0.16666666666666666	0.16666666666666666	0.0	0.0	0.0	0.0	0.2222222222222222	0.1111111111111111	0.1111111111111111	0.0	0.0	0.0	0.1111111111111111	0.0	0.0	0.1111111111111111	0.0	0.0	0.0	0.0	0.1111111111111111	0.0	0.0	0.2222222222222222	0.0
8tzw	H	TGKYYDFWSGYPPGEEYFQD	KSKTDGGT	GFTFSNA	0.2857142857142857	0.0	8.128571428571428	121.55285714285716	-1.7875	0.125	10.0	114.86875	-1.39	-0.15	8.69	139.5925	1.0	0.0	1.0	0.0	0.0	0.0	0.0	1.0	0.0	0.0	0.0	0.0	0.0	2.0	0.0	1.0	1.0	0.0	0.0	0.0	0.0	0.0	0.0	1.0	0.0	0.0	0.0	2.0	0.0	0.0	0.0	2.0	0.0	0.0	0.0	1.0	2.0	0.0	0.0	0.0	0.0	0.0	0.0	2.0	0.0	1.0	2.0	3.0	0.0	0.0	0.0	1.0	0.0	2.0	2.0	1.0	1.0	1.0	4.0	0.0	7.0	8.0	20.0	human	0.14285714285714285	0.0	0.14285714285714285	0.0	0.0	0.0	0.0	0.14285714285714285	0.0	0.0	0.0	0.0	0.0	0.2857142857142857	0.0	0.14285714285714285	0.14285714285714285	0.0	0.0	0.0	0.0	0.0	0.0	0.125	0.0	0.0	0.0	0.25	0.0	0.0	0.0	0.25	0.0	0.0	0.0	0.125	0.25	0.0	0.0	0.0	0.0	0.0	0.0	0.1	0.0	0.05	0.1	0.15	0.0	0.0	0.0	0.05	0.0	0.1	0.1	0.05	0.05	0.05	0.2	0.0
8u03	H	VQTYYDFWSGYYQQHYYFDY	KSKTDGGT	GFTFSNA	0.2857142857142857	0.0	8.128571428571428	121.55285714285716	-1.7875	0.125	10.0	114.86875	-1.14	-0.05	7.989999999999999	153.959	1.0	0.0	1.0	0.0	0.0	0.0	0.0	1.0	0.0	0.0	0.0	0.0	0.0	2.0	0.0	1.0	1.0	0.0	0.0	0.0	0.0	0.0	0.0	1.0	0.0	0.0	0.0	2.0	0.0	0.0	0.0	2.0	0.0	0.0	0.0	1.0	2.0	0.0	0.0	0.0	0.0	0.0	0.0	2.0	0.0	3.0	0.0	1.0	1.0	0.0	0.0	0.0	0.0	2.0	0.0	1.0	1.0	1.0	7.0	1.0	7.0	8.0	20.0	human	0.14285714285714285	0.0	0.14285714285714285	0.0	0.0	0.0	0.0	0.14285714285714285	0.0	0.0	0.0	0.0	0.0	0.2857142857142857	0.0	0.14285714285714285	0.14285714285714285	0.0	0.0	0.0	0.0	0.0	0.0	0.125	0.0	0.0	0.0	0.25	0.0	0.0	0.0	0.25	0.0	0.0	0.0	0.125	0.25	0.0	0.0	0.0	0.0	0.0	0.0	0.1	0.0	0.15	0.0	0.05	0.05	0.0	0.0	0.0	0.0	0.1	0.0	0.05	0.05	0.05	0.35	0.05
8u08	H	TGKYYDFWSGYPPGEEYFQD	KSKTEGGT	GFTFSNA	0.2857142857142857	0.0	8.128571428571428	121.55285714285716	-1.7875	0.125	9.9125	116.6225	-1.39	-0.15	8.69	139.5925	1.0	0.0	1.0	0.0	0.0	0.0	0.0	1.0	0.0	0.0	0.0	0.0	0.0	2.0	0.0	1.0	1.0	0.0	0.0	0.0	0.0	0.0	0.0	0.0	0.0	0.0	1.0	2.0	0.0	0.0	0.0	2.0	0.0	0.0	0.0	1.0	2.0	0.0	0.0	0.0	0.0	0.0	0.0	2.0	0.0	1.0	2.0	3.0	0.0	0.0	0.0	1.0	0.0	2.0	2.0	1.0	1.0	1.0	4.0	0.0	7.0	8.0	20.0	human	0.14285714285714285	0.0	0.14285714285714285	0.0	0.0	0.0	0.0	0.14285714285714285	0.0	0.0	0.0	0.0	0.0	0.2857142857142857	0.0	0.14285714285714285	0.14285714285714285	0.0	0.0	0.0	0.0	0.0	0.0	0.0	0.0	0.0	0.125	0.25	0.0	0.0	0.0	0.25	0.0	0.0	0.0	0.125	0.25	0.0	0.0	0.0	0.0	0.0	0.0	0.1	0.0	0.05	0.1	0.15	0.0	0.0	0.0	0.05	0.0	0.1	0.1	0.05	0.05	0.05	0.2	0.0
8yx1	H	PVVRYFGWFDP	YKSGS	GGSISSPGY	-0.2222222222222222	0.0	8.222222222222221	107.55222222222224	-1.44	0.2	8.98	122.526	0.0181818181818182	0.0	7.481818181818183	142.06636363636363	0.0	0.0	0.0	0.0	0.0	0.0	0.0	3.0	0.0	1.0	0.0	0.0	0.0	0.0	1.0	3.0	0.0	0.0	1.0	0.0	0.0	0.0	0.0	0.0	0.0	0.0	0.0	1.0	0.0	0.0	0.0	1.0	0.0	0.0	0.0	2.0	0.0	0.0	1.0	0.0	0.0	1.0	0.0	1.0	0.0	0.0	0.0	1.0	0.0	0.0	0.0	0.0	0.0	2.0	2.0	0.0	0.0	1.0	1.0	2.0	9.0	5.0	11.0	human	0.0	0.0	0.0	0.0	0.0	0.0	0.0	0.3333333333333333	0.0	0.1111111111111111	0.0	0.0	0.0	0.0	0.1111111111111111	0.3333333333333333	0.0	0.0	0.1111111111111111	0.0	0.0	0.0	0.0	0.0	0.0	0.0	0.0	0.2	0.0	0.0	0.0	0.2	0.0	0.0	0.0	0.4	0.0	0.0	0.2	0.0	0.0	0.09090909090909091	0.0	0.09090909090909091	0.0	0.0	0.0	0.09090909090909091	0.0	0.0	0.0	0.0	0.0	0.18181818181818182	0.18181818181818182	0.0	0.0	0.09090909090909091	0.09090909090909091	0.18181818181818182
8yx9	H	EGIYW	IPNAGG	GYSFTGY	-0.3	0.0	7.628571428571428	128.8457142857143	0.0666666666666666	0.0	8.483333333333333	102.94166666666663	-0.32	-0.2	7.62	147.75799999999998	0.0	0.0	0.0	0.0	0.0	0.0	0.0	2.0	0.0	0.0	0.0	0.0	0.0	1.0	0.0	1.0	1.0	0.0	2.0	0.0	1.0	0.0	1.0	0.0	0.0	0.0	0.0	2.0	0.0	1.0	0.0	0.0	0.0	0.0	1.0	0.0	0.0	0.0	0.0	0.0	0.0	0.0	0.0	0.0	0.0	0.0	1.0	1.0	0.0	1.0	0.0	0.0	0.0	0.0	0.0	0.0	0.0	1.0	1.0	0.0	7.0	6.0	5.0	human	0.0	0.0	0.0	0.0	0.0	0.0	0.0	0.2857142857142857	0.0	0.0	0.0	0.0	0.0	0.14285714285714285	0.0	0.14285714285714285	0.14285714285714285	0.0	0.2857142857142857	0.0	0.16666666666666666	0.0	0.16666666666666666	0.0	0.0	0.0	0.0	0.3333333333333333	0.0	0.16666666666666666	0.0	0.0	0.0	0.0	0.16666666666666666	0.0	0.0	0.0	0.0	0.0	0.0	0.0	0.0	0.0	0.0	0.0	0.2	0.2	0.0	0.2	0.0	0.0	0.0	0.0	0.0	0.0	0.0	0.2	0.2	0.0
8ruu	B	PPQYYEGSIYRLWFAH	TYEGRN	GFTFSDY	-0.1571428571428571	-0.1428571428571428	8.057142857142857	134.85	-2.316666666666667	0.0	9.7	138.13833333333335	-0.6875000000000003	0.0625	7.831250000000002	143.5925	0.0	0.0	0.0	1.0	0.0	0.0	0.0	1.0	0.0	0.0	0.0	0.0	0.0	2.0	0.0	1.0	1.0	0.0	1.0	0.0	0.0	1.0	1.0	0.0	0.0	0.0	1.0	1.0	0.0	0.0	0.0	0.0	0.0	0.0	0.0	0.0	1.0	0.0	1.0	0.0	1.0	1.0	0.0	0.0	0.0	1.0	1.0	1.0	1.0	1.0	1.0	0.0	0.0	1.0	2.0	1.0	0.0	1.0	3.0	0.0	7.0	6.0	16.0	human	0.0	0.0	0.0	0.14285714285714285	0.0	0.0	0.0	0.14285714285714285	0.0	0.0	0.0	0.0	0.0	0.2857142857142857	0.0	0.14285714285714285	0.14285714285714285	0.0	0.14285714285714285	0.0	0.0	0.16666666666666666	0.16666666666666666	0.0	0.0	0.0	0.16666666666666666	0.16666666666666666	0.0	0.0	0.0	0.0	0.0	0.0	0.0	0.0	0.16666666666666666	0.0	0.16666666666666666	0.0	0.0625	0.0625	0.0	0.0	0.0	0.0625	0.0625	0.0625	0.0625	0.0625	0.0625	0.0	0.0	0.0625	0.125	0.0625	0.0	0.0625	0.1875	0.0
8uky	H	PSLYGSFDY	NPGSGG	GYAFTNY	-0.3714285714285715	0.0	7.8428571428571425	134.71	-1.1833333333333331	0.0	9.3	96.25833333333333	-0.3444444444444445	-0.1111111111111111	7.877777777777778	132.46888888888887	1.0	0.0	1.0	0.0	0.0	0.0	0.0	1.0	0.0	0.0	0.0	0.0	0.0	1.0	0.0	0.0	1.0	0.0	2.0	0.0	0.0	0.0	1.0	0.0	0.0	0.0	0.0	3.0	0.0	0.0	0.0	0.0	0.0	0.0	1.0	1.0	0.0	0.0	0.0	0.0	0.0	0.0	0.0	1.0	0.0	0.0	0.0	1.0	0.0	0.0	1.0	0.0	0.0	1.0	1.0	2.0	0.0	0.0	2.0	0.0	7.0	6.0	9.0	human	0.14285714285714285	0.0	0.14285714285714285	0.0	0.0	0.0	0.0	0.14285714285714285	0.0	0.0	0.0	0.0	0.0	0.14285714285714285	0.0	0.0	0.14285714285714285	0.0	0.2857142857142857	0.0	0.0	0.0	0.16666666666666666	0.0	0.0	0.0	0.0	0.5	0.0	0.0	0.0	0.0	0.0	0.0	0.16666666666666666	0.16666666666666666	0.0	0.0	0.0	0.0	0.0	0.0	0.0	0.1111111111111111	0.0	0.0	0.0	0.1111111111111111	0.0	0.0	0.1111111111111111	0.0	0.0	0.1111111111111111	0.1111111111111111	0.2222222222222222	0.0	0.0	0.2222222222222222	0.0
8v52	D	APGGSFDY	VSKTYNYA	GFDFNSY	-0.5571428571428572	-0.1428571428571428	8.485714285714286	136.70714285714286	-0.6875	0.125	8.387500000000001	133.89249999999998	-0.425	-0.125	8.4625	117.36624999999998	0.0	0.0	1.0	1.0	0.0	0.0	0.0	1.0	0.0	0.0	0.0	0.0	0.0	2.0	0.0	1.0	0.0	0.0	1.0	0.0	1.0	0.0	1.0	0.0	0.0	0.0	0.0	0.0	0.0	0.0	0.0	1.0	0.0	0.0	0.0	1.0	1.0	0.0	2.0	1.0	1.0	0.0	0.0	1.0	0.0	0.0	0.0	2.0	0.0	0.0	0.0	0.0	0.0	1.0	1.0	1.0	0.0	0.0	1.0	0.0	7.0	8.0	8.0	human	0.0	0.0	0.14285714285714285	0.14285714285714285	0.0	0.0	0.0	0.14285714285714285	0.0	0.0	0.0	0.0	0.0	0.2857142857142857	0.0	0.14285714285714285	0.0	0.0	0.14285714285714285	0.0	0.125	0.0	0.125	0.0	0.0	0.0	0.0	0.0	0.0	0.0	0.0	0.125	0.0	0.0	0.0	0.125	0.125	0.0	0.25	0.125	0.125	0.0	0.0	0.125	0.0	0.0	0.0	0.25	0.0	0.0	0.0	0.0	0.0	0.125	0.125	0.125	0.0	0.0	0.125	0.0
8tbq	H	EAGGVLGRVDFQH	SSDADT	GFTFDDY	-0.5428571428571428	-0.2857142857142857	8.6	138.85142857142858	-1.25	-0.3333333333333333	10.183333333333334	114.09833333333334	-0.2	0.0	8.746153846153847	123.13076923076925	0.0	0.0	0.0	2.0	0.0	0.0	0.0	1.0	0.0	0.0	0.0	0.0	0.0	2.0	0.0	0.0	1.0	0.0	1.0	0.0	1.0	0.0	0.0	2.0	0.0	0.0	0.0	0.0	0.0	0.0	0.0	0.0	0.0	0.0	0.0	2.0	1.0	0.0	0.0	0.0	1.0	1.0	0.0	1.0	0.0	1.0	1.0	3.0	1.0	0.0	1.0	0.0	0.0	1.0	0.0	0.0	0.0	0.0	0.0	2.0	7.0	6.0	13.0	human	0.0	0.0	0.0	0.2857142857142857	0.0	0.0	0.0	0.14285714285714285	0.0	0.0	0.0	0.0	0.0	0.2857142857142857	0.0	0.0	0.14285714285714285	0.0	0.14285714285714285	0.0	0.16666666666666666	0.0	0.0	0.3333333333333333	0.0	0.0	0.0	0.0	0.0	0.0	0.0	0.0	0.0	0.0	0.0	0.3333333333333333	0.16666666666666666	0.0	0.0	0.0	0.07692307692307693	0.07692307692307693	0.0	0.07692307692307693	0.0	0.07692307692307693	0.07692307692307693	0.23076923076923078	0.07692307692307693	0.0	0.07692307692307693	0.0	0.0	0.07692307692307693	0.0	0.0	0.0	0.0	0.0	0.15384615384615385
8r1d	F	HYCSGGSCPFDY	SGSGDS	GVTFSSY	0.4285714285714287	0.0	7.614285714285714	123.9857142857143	-1.1166666666666667	-0.1666666666666666	9.766666666666666	99.75166666666668	-0.4583333333333332	0.0	8.033333333333333	127.79833333333332	0.0	0.0	0.0	0.0	0.0	0.0	0.0	1.0	0.0	0.0	0.0	0.0	0.0	1.0	0.0	2.0	1.0	0.0	1.0	1.0	0.0	0.0	0.0	1.0	0.0	0.0	0.0	2.0	0.0	0.0	0.0	0.0	0.0	0.0	0.0	3.0	0.0	0.0	0.0	0.0	0.0	0.0	0.0	1.0	2.0	0.0	0.0	2.0	1.0	0.0	0.0	0.0	0.0	1.0	1.0	2.0	0.0	0.0	2.0	0.0	7.0	6.0	12.0	human	0.0	0.0	0.0	0.0	0.0	0.0	0.0	0.14285714285714285	0.0	0.0	0.0	0.0	0.0	0.14285714285714285	0.0	0.2857142857142857	0.14285714285714285	0.0	0.14285714285714285	0.14285714285714285	0.0	0.0	0.0	0.16666666666666666	0.0	0.0	0.0	0.3333333333333333	0.0	0.0	0.0	0.0	0.0	0.0	0.0	0.5	0.0	0.0	0.0	0.0	0.0	0.0	0.0	0.08333333333333333	0.16666666666666666	0.0	0.0	0.16666666666666666	0.08333333333333333	0.0	0.0	0.0	0.0	0.08333333333333333	0.08333333333333333	0.16666666666666666	0.0	0.0	0.16666666666666666	0.0
8gat	M	TSSWGDYTRGPEPKITWYFDL	NWNGDI	GFKFDDY	-1.0	-0.1428571428571428	8.985714285714286	142.71857142857144	-1.2166666666666668	-0.1666666666666666	9.3	134.635	-0.9476190476190476	-0.0476190476190476	8.419047619047618	137.14428571428573	0.0	0.0	0.0	2.0	0.0	0.0	0.0	1.0	0.0	0.0	0.0	1.0	0.0	2.0	0.0	0.0	0.0	0.0	1.0	0.0	0.0	0.0	2.0	1.0	0.0	0.0	0.0	1.0	0.0	1.0	0.0	0.0	0.0	0.0	0.0	0.0	0.0	1.0	0.0	0.0	0.0	1.0	0.0	2.0	0.0	0.0	1.0	2.0	0.0	1.0	1.0	1.0	0.0	1.0	2.0	2.0	3.0	2.0	2.0	0.0	7.0	6.0	21.0	human	0.0	0.0	0.0	0.2857142857142857	0.0	0.0	0.0	0.14285714285714285	0.0	0.0	0.0	0.14285714285714285	0.0	0.2857142857142857	0.0	0.0	0.0	0.0	0.14285714285714285	0.0	0.0	0.0	0.3333333333333333	0.16666666666666666	0.0	0.0	0.0	0.16666666666666666	0.0	0.16666666666666666	0.0	0.0	0.0	0.0	0.0	0.0	0.0	0.16666666666666666	0.0	0.0	0.0	0.047619047619047616	0.0	0.09523809523809523	0.0	0.0	0.047619047619047616	0.09523809523809523	0.0	0.047619047619047616	0.047619047619047616	0.047619047619047616	0.0	0.047619047619047616	0.09523809523809523	0.09523809523809523	0.14285714285714285	0.09523809523809523	0.09523809523809523	0.0
8jel	C	QTNYDFTMDY	TKGGGS	GFTFSDY	-0.1571428571428571	-0.1428571428571428	8.057142857142857	134.85	-1.1	0.1666666666666666	9.35	99.26833333333332	-1.3299999999999998	-0.2	8.860000000000001	145.94899999999998	0.0	0.0	0.0	1.0	0.0	0.0	0.0	1.0	0.0	0.0	0.0	0.0	0.0	2.0	0.0	1.0	1.0	0.0	1.0	0.0	0.0	0.0	0.0	0.0	0.0	0.0	0.0	3.0	0.0	0.0	0.0	1.0	0.0	0.0	0.0	1.0	1.0	0.0	0.0	0.0	0.0	0.0	1.0	2.0	0.0	1.0	0.0	0.0	0.0	0.0	0.0	0.0	1.0	1.0	0.0	0.0	2.0	0.0	2.0	0.0	7.0	6.0	10.0	human	0.0	0.0	0.0	0.14285714285714285	0.0	0.0	0.0	0.14285714285714285	0.0	0.0	0.0	0.0	0.0	0.2857142857142857	0.0	0.14285714285714285	0.14285714285714285	0.0	0.14285714285714285	0.0	0.0	0.0	0.0	0.0	0.0	0.0	0.0	0.5	0.0	0.0	0.0	0.16666666666666666	0.0	0.0	0.0	0.16666666666666666	0.16666666666666666	0.0	0.0	0.0	0.0	0.0	0.1	0.2	0.0	0.1	0.0	0.0	0.0	0.0	0.0	0.0	0.1	0.1	0.0	0.0	0.2	0.0	0.2	0.0
8jen	A	QTNYDFTMDY	TKGGGS	GFTFSDY	-0.1571428571428571	-0.1428571428571428	8.057142857142857	134.85	-1.1	0.1666666666666666	9.35	99.26833333333332	-1.3299999999999998	-0.2	8.860000000000001	145.94899999999998	0.0	0.0	0.0	1.0	0.0	0.0	0.0	1.0	0.0	0.0	0.0	0.0	0.0	2.0	0.0	1.0	1.0	0.0	1.0	0.0	0.0	0.0	0.0	0.0	0.0	0.0	0.0	3.0	0.0	0.0	0.0	1.0	0.0	0.0	0.0	1.0	1.0	0.0	0.0	0.0	0.0	0.0	1.0	2.0	0.0	1.0	0.0	0.0	0.0	0.0	0.0	0.0	1.0	1.0	0.0	0.0	2.0	0.0	2.0	0.0	7.0	6.0	10.0	human	0.0	0.0	0.0	0.14285714285714285	0.0	0.0	0.0	0.14285714285714285	0.0	0.0	0.0	0.0	0.0	0.2857142857142857	0.0	0.14285714285714285	0.14285714285714285	0.0	0.14285714285714285	0.0	0.0	0.0	0.0	0.0	0.0	0.0	0.0	0.5	0.0	0.0	0.0	0.16666666666666666	0.0	0.0	0.0	0.16666666666666666	0.16666666666666666	0.0	0.0	0.0	0.0	0.0	0.1	0.2	0.0	0.1	0.0	0.0	0.0	0.0	0.0	0.0	0.1	0.1	0.0	0.0	0.2	0.0	0.2	0.0
8jeo	B	ESTTYDLLAGPFDY	YYRFKWY	GDSVSSNSA	-0.5111111111111111	-0.1111111111111111	9.377777777777776	107.43222222222224	-1.4857142857142858	0.2857142857142857	7.285714285714286	176.19714285714286	-0.3642857142857143	-0.2142857142857142	8.371428571428572	130.41857142857145	1.0	0.0	1.0	1.0	0.0	0.0	0.0	1.0	0.0	0.0	0.0	0.0	0.0	0.0	0.0	4.0	0.0	0.0	0.0	1.0	0.0	1.0	0.0	0.0	0.0	0.0	0.0	0.0	0.0	0.0	0.0	1.0	0.0	1.0	0.0	0.0	0.0	1.0	3.0	0.0	1.0	0.0	0.0	2.0	0.0	0.0	1.0	1.0	0.0	0.0	2.0	0.0	0.0	1.0	1.0	1.0	2.0	0.0	2.0	0.0	9.0	7.0	14.0	human	0.1111111111111111	0.0	0.1111111111111111	0.1111111111111111	0.0	0.0	0.0	0.1111111111111111	0.0	0.0	0.0	0.0	0.0	0.0	0.0	0.4444444444444444	0.0	0.0	0.0	0.1111111111111111	0.0	0.14285714285714285	0.0	0.0	0.0	0.0	0.0	0.0	0.0	0.0	0.0	0.14285714285714285	0.0	0.14285714285714285	0.0	0.0	0.0	0.14285714285714285	0.42857142857142855	0.0	0.07142857142857142	0.0	0.0	0.14285714285714285	0.0	0.0	0.07142857142857142	0.07142857142857142	0.0	0.0	0.14285714285714285	0.0	0.0	0.07142857142857142	0.07142857142857142	0.07142857142857142	0.14285714285714285	0.0	0.14285714285714285	0.0
8jnk	I	GDSWYAMDY	YSSSGY	GFNFSYS	-0.1714285714285714	0.0	7.942857142857142	132.7057142857143	-0.9	0.0	8.166666666666666	125.45333333333332	-0.8888888888888891	-0.2222222222222222	8.422222222222224	139.03000000000003	0.0	0.0	1.0	0.0	0.0	0.0	0.0	1.0	0.0	0.0	0.0	0.0	0.0	2.0	0.0	2.0	0.0	0.0	1.0	0.0	0.0	0.0	0.0	0.0	0.0	0.0	0.0	1.0	0.0	0.0	0.0	0.0	0.0	0.0	0.0	3.0	0.0	0.0	2.0	0.0	1.0	0.0	0.0	2.0	0.0	0.0	0.0	1.0	0.0	0.0	0.0	0.0	1.0	0.0	0.0	1.0	0.0	1.0	2.0	0.0	7.0	6.0	9.0	human	0.0	0.0	0.14285714285714285	0.0	0.0	0.0	0.0	0.14285714285714285	0.0	0.0	0.0	0.0	0.0	0.2857142857142857	0.0	0.2857142857142857	0.0	0.0	0.14285714285714285	0.0	0.0	0.0	0.0	0.0	0.0	0.0	0.0	0.16666666666666666	0.0	0.0	0.0	0.0	0.0	0.0	0.0	0.5	0.0	0.0	0.3333333333333333	0.0	0.1111111111111111	0.0	0.0	0.2222222222222222	0.0	0.0	0.0	0.1111111111111111	0.0	0.0	0.0	0.0	0.1111111111111111	0.0	0.0	0.1111111111111111	0.0	0.1111111111111111	0.2222222222222222	0.0
8b7h	H	DARGSGSYYPNHFDY	DPEDGE	GYTFTDY	-0.7285714285714286	-0.1428571428571428	8.114285714285714	139.14	-2.6666666666666665	-0.6666666666666666	11.266666666666666	125.11	-1.4333333333333336	0.0	8.986666666666668	133.39866666666666	0.0	0.0	0.0	1.0	0.0	0.0	0.0	1.0	0.0	0.0	0.0	0.0	0.0	1.0	0.0	0.0	2.0	0.0	2.0	0.0	0.0	0.0	0.0	2.0	0.0	0.0	2.0	1.0	0.0	0.0	0.0	0.0	0.0	0.0	1.0	0.0	0.0	0.0	0.0	0.0	1.0	1.0	1.0	2.0	0.0	0.0	0.0	2.0	1.0	0.0	0.0	0.0	0.0	1.0	1.0	2.0	0.0	0.0	3.0	0.0	7.0	6.0	15.0	human	0.0	0.0	0.0	0.14285714285714285	0.0	0.0	0.0	0.14285714285714285	0.0	0.0	0.0	0.0	0.0	0.14285714285714285	0.0	0.0	0.2857142857142857	0.0	0.2857142857142857	0.0	0.0	0.0	0.0	0.3333333333333333	0.0	0.0	0.3333333333333333	0.16666666666666666	0.0	0.0	0.0	0.0	0.0	0.0	0.16666666666666666	0.0	0.0	0.0	0.0	0.0	0.06666666666666667	0.06666666666666667	0.06666666666666667	0.13333333333333333	0.0	0.0	0.0	0.13333333333333333	0.06666666666666667	0.0	0.0	0.0	0.0	0.06666666666666667	0.06666666666666667	0.13333333333333333	0.0	0.0	0.2	0.0
8fja	E	DWRRTNYYGMDV	SWNSGS	GFTFDDY	-0.5428571428571428	-0.2857142857142857	8.6	138.85142857142858	-1.2	0.0	8.933333333333332	121.115	-1.5000000000000002	0.0	8.8	147.82333333333335	0.0	0.0	0.0	2.0	0.0	0.0	0.0	1.0	0.0	0.0	0.0	0.0	0.0	2.0	0.0	0.0	1.0	0.0	1.0	0.0	0.0	0.0	1.0	0.0	0.0	0.0	0.0	1.0	0.0	0.0	0.0	0.0	0.0	0.0	0.0	3.0	0.0	1.0	0.0	0.0	0.0	2.0	1.0	2.0	0.0	0.0	0.0	1.0	0.0	0.0	0.0	0.0	1.0	0.0	0.0	0.0	1.0	1.0	2.0	1.0	7.0	6.0	12.0	human	0.0	0.0	0.0	0.2857142857142857	0.0	0.0	0.0	0.14285714285714285	0.0	0.0	0.0	0.0	0.0	0.2857142857142857	0.0	0.0	0.14285714285714285	0.0	0.14285714285714285	0.0	0.0	0.0	0.16666666666666666	0.0	0.0	0.0	0.0	0.16666666666666666	0.0	0.0	0.0	0.0	0.0	0.0	0.0	0.5	0.0	0.16666666666666666	0.0	0.0	0.0	0.16666666666666666	0.08333333333333333	0.16666666666666666	0.0	0.0	0.0	0.08333333333333333	0.0	0.0	0.0	0.0	0.08333333333333333	0.0	0.0	0.0	0.08333333333333333	0.08333333333333333	0.16666666666666666	0.08333333333333333
8r8d	E	ALPRSGYLISPHYYYYALDV	DIPTKG	GFTFSKY	-0.2142857142857142	0.1428571428571428	7.814285714285715	136.72	-0.9333333333333336	0.0	9.183333333333332	119.96333333333332	0.0399999999999999	0.05	7.515000000000001	135.1965	0.0	0.0	0.0	0.0	0.0	0.0	0.0	1.0	0.0	0.0	0.0	1.0	0.0	2.0	0.0	1.0	1.0	0.0	1.0	0.0	0.0	0.0	0.0	1.0	0.0	0.0	0.0	1.0	0.0	1.0	0.0	1.0	0.0	0.0	1.0	0.0	1.0	0.0	0.0	0.0	2.0	1.0	0.0	1.0	0.0	0.0	0.0	1.0	1.0	1.0	3.0	0.0	0.0	0.0	2.0	2.0	0.0	0.0	5.0	1.0	7.0	6.0	20.0	human	0.0	0.0	0.0	0.0	0.0	0.0	0.0	0.14285714285714285	0.0	0.0	0.0	0.14285714285714285	0.0	0.2857142857142857	0.0	0.14285714285714285	0.14285714285714285	0.0	0.14285714285714285	0.0	0.0	0.0	0.0	0.16666666666666666	0.0	0.0	0.0	0.16666666666666666	0.0	0.16666666666666666	0.0	0.16666666666666666	0.0	0.0	0.16666666666666666	0.0	0.16666666666666666	0.0	0.0	0.0	0.1	0.05	0.0	0.05	0.0	0.0	0.0	0.05	0.05	0.05	0.15	0.0	0.0	0.0	0.1	0.1	0.0	0.0	0.25	0.05
8tui	H	IPSGSYYYDYDMDV	IPIFGA	GGTFSFY	0.2857142857142857	0.0	7.485714285714287	126.56000000000002	1.933333333333333	0.0	6.783333333333332	117.80333333333334	-0.6214285714285713	-0.2142857142857142	8.285714285714286	137.28357142857143	0.0	0.0	0.0	0.0	0.0	0.0	0.0	2.0	0.0	0.0	0.0	0.0	0.0	2.0	0.0	1.0	1.0	0.0	1.0	0.0	1.0	0.0	0.0	0.0	0.0	0.0	0.0	1.0	0.0	2.0	0.0	0.0	0.0	1.0	1.0	0.0	0.0	0.0	0.0	0.0	0.0	0.0	0.0	3.0	0.0	0.0	0.0	1.0	0.0	1.0	0.0	0.0	1.0	0.0	1.0	2.0	0.0	0.0	4.0	1.0	7.0	6.0	14.0	human	0.0	0.0	0.0	0.0	0.0	0.0	0.0	0.2857142857142857	0.0	0.0	0.0	0.0	0.0	0.2857142857142857	0.0	0.14285714285714285	0.14285714285714285	0.0	0.14285714285714285	0.0	0.16666666666666666	0.0	0.0	0.0	0.0	0.0	0.0	0.16666666666666666	0.0	0.3333333333333333	0.0	0.0	0.0	0.16666666666666666	0.16666666666666666	0.0	0.0	0.0	0.0	0.0	0.0	0.0	0.0	0.21428571428571427	0.0	0.0	0.0	0.07142857142857142	0.0	0.07142857142857142	0.0	0.0	0.07142857142857142	0.0	0.07142857142857142	0.14285714285714285	0.0	0.0	0.2857142857142857	0.07142857142857142
8ucd	H	WGYYGTRGYFNV	LPGSGQ	GYTFSTY	-0.3428571428571429	0.0	7.571428571428571	135.13857142857142	-0.4833333333333334	0.0	8.433333333333332	107.94666666666669	-0.6416666666666668	0.0833333333333333	7.733333333333333	140.06583333333333	0.0	0.0	0.0	0.0	0.0	0.0	0.0	1.0	0.0	0.0	0.0	0.0	0.0	1.0	0.0	1.0	2.0	0.0	2.0	0.0	0.0	0.0	0.0	0.0	0.0	1.0	0.0	2.0	0.0	0.0	1.0	0.0	0.0	0.0	1.0	1.0	0.0	0.0	0.0	0.0	0.0	1.0	1.0	0.0	0.0	0.0	0.0	3.0	0.0	0.0	0.0	0.0	0.0	1.0	0.0	0.0	1.0	1.0	3.0	1.0	7.0	6.0	12.0	human	0.0	0.0	0.0	0.0	0.0	0.0	0.0	0.14285714285714285	0.0	0.0	0.0	0.0	0.0	0.14285714285714285	0.0	0.14285714285714285	0.2857142857142857	0.0	0.2857142857142857	0.0	0.0	0.0	0.0	0.0	0.0	0.16666666666666666	0.0	0.3333333333333333	0.0	0.0	0.16666666666666666	0.0	0.0	0.0	0.16666666666666666	0.16666666666666666	0.0	0.0	0.0	0.0	0.0	0.08333333333333333	0.08333333333333333	0.0	0.0	0.0	0.0	0.25	0.0	0.0	0.0	0.0	0.0	0.08333333333333333	0.0	0.0	0.08333333333333333	0.08333333333333333	0.25	0.08333333333333333
8trs	A	YYAMDY	SSYYGY	GFTIYYS	0.4000000000000001	0.0	7.0857142857142845	136.86	-0.9833333333333334	0.0	7.666666666666667	138.13666666666666	-0.6166666666666667	-0.1666666666666666	7.566666666666667	152.495	0.0	0.0	0.0	0.0	0.0	0.0	0.0	1.0	0.0	1.0	0.0	0.0	0.0	1.0	0.0	1.0	1.0	0.0	2.0	0.0	0.0	0.0	0.0	0.0	0.0	0.0	0.0	1.0	0.0	0.0	0.0	0.0	0.0	0.0	0.0	2.0	0.0	0.0	3.0	0.0	1.0	0.0	0.0	1.0	0.0	0.0	0.0	0.0	0.0	0.0	0.0	0.0	1.0	0.0	0.0	0.0	0.0	0.0	3.0	0.0	7.0	6.0	6.0	human	0.0	0.0	0.0	0.0	0.0	0.0	0.0	0.14285714285714285	0.0	0.14285714285714285	0.0	0.0	0.0	0.14285714285714285	0.0	0.14285714285714285	0.14285714285714285	0.0	0.2857142857142857	0.0	0.0	0.0	0.0	0.0	0.0	0.0	0.0	0.16666666666666666	0.0	0.0	0.0	0.0	0.0	0.0	0.0	0.3333333333333333	0.0	0.0	0.5	0.0	0.16666666666666666	0.0	0.0	0.16666666666666666	0.0	0.0	0.0	0.0	0.0	0.0	0.0	0.0	0.16666666666666666	0.0	0.0	0.0	0.0	0.0	0.5	0.0
8trt	A	YYAMDY	SSYYGY	GFTIYYS	0.4000000000000001	0.0	7.0857142857142845	136.86	-0.9833333333333334	0.0	7.666666666666667	138.13666666666666	-0.6166666666666667	-0.1666666666666666	7.566666666666667	152.495	0.0	0.0	0.0	0.0	0.0	0.0	0.0	1.0	0.0	1.0	0.0	0.0	0.0	1.0	0.0	1.0	1.0	0.0	2.0	0.0	0.0	0.0	0.0	0.0	0.0	0.0	0.0	1.0	0.0	0.0	0.0	0.0	0.0	0.0	0.0	2.0	0.0	0.0	3.0	0.0	1.0	0.0	0.0	1.0	0.0	0.0	0.0	0.0	0.0	0.0	0.0	0.0	1.0	0.0	0.0	0.0	0.0	0.0	3.0	0.0	7.0	6.0	6.0	human	0.0	0.0	0.0	0.0	0.0	0.0	0.0	0.14285714285714285	0.0	0.14285714285714285	0.0	0.0	0.0	0.14285714285714285	0.0	0.14285714285714285	0.14285714285714285	0.0	0.2857142857142857	0.0	0.0	0.0	0.0	0.0	0.0	0.0	0.0	0.16666666666666666	0.0	0.0	0.0	0.0	0.0	0.0	0.0	0.3333333333333333	0.0	0.0	0.5	0.0	0.16666666666666666	0.0	0.0	0.16666666666666666	0.0	0.0	0.0	0.0	0.0	0.0	0.0	0.0	0.16666666666666666	0.0	0.0	0.0	0.0	0.0	0.5	0.0
8w83	A	DPLNYYYYGELNL	YGGSDT	GFTFSSSY	0.1	0.0	7.725	127.62875	-1.1833333333333331	-0.1666666666666666	9.166666666666666	114.77333333333333	-0.7538461538461539	-0.1538461538461538	8.076923076923078	142.53384615384616	0.0	0.0	0.0	0.0	0.0	0.0	0.0	1.0	0.0	0.0	0.0	0.0	0.0	2.0	0.0	3.0	1.0	0.0	1.0	0.0	0.0	0.0	0.0	1.0	0.0	0.0	0.0	2.0	0.0	0.0	0.0	0.0	0.0	0.0	0.0	1.0	1.0	0.0	1.0	0.0	0.0	0.0	2.0	1.0	0.0	0.0	1.0	1.0	0.0	0.0	3.0	0.0	0.0	0.0	1.0	0.0	0.0	0.0	4.0	0.0	8.0	6.0	13.0	human	0.0	0.0	0.0	0.0	0.0	0.0	0.0	0.125	0.0	0.0	0.0	0.0	0.0	0.25	0.0	0.375	0.125	0.0	0.125	0.0	0.0	0.0	0.0	0.16666666666666666	0.0	0.0	0.0	0.3333333333333333	0.0	0.0	0.0	0.0	0.0	0.0	0.0	0.16666666666666666	0.16666666666666666	0.0	0.16666666666666666	0.0	0.0	0.0	0.15384615384615385	0.07692307692307693	0.0	0.0	0.07692307692307693	0.07692307692307693	0.0	0.0	0.23076923076923078	0.0	0.0	0.0	0.07692307692307693	0.0	0.0	0.0	0.3076923076923077	0.0
8w85	A	DIGIDYNF	DTGSGS	GFTFSSWY	0.0875	0.0	7.249999999999999	140.02125	-1.1	-0.1666666666666666	9.666666666666666	102.09	-0.05	-0.25	8.55	135.26375	0.0	0.0	0.0	0.0	0.0	0.0	0.0	1.0	0.0	0.0	0.0	0.0	0.0	2.0	0.0	2.0	1.0	1.0	1.0	0.0	0.0	0.0	0.0	1.0	0.0	0.0	0.0	2.0	0.0	0.0	0.0	0.0	0.0	0.0	0.0	2.0	1.0	0.0	0.0	0.0	0.0	0.0	1.0	2.0	0.0	0.0	0.0	1.0	0.0	2.0	0.0	0.0	0.0	1.0	0.0	0.0	0.0	0.0	1.0	0.0	8.0	6.0	8.0	human	0.0	0.0	0.0	0.0	0.0	0.0	0.0	0.125	0.0	0.0	0.0	0.0	0.0	0.25	0.0	0.25	0.125	0.125	0.125	0.0	0.0	0.0	0.0	0.16666666666666666	0.0	0.0	0.0	0.3333333333333333	0.0	0.0	0.0	0.0	0.0	0.0	0.0	0.3333333333333333	0.16666666666666666	0.0	0.0	0.0	0.0	0.0	0.125	0.25	0.0	0.0	0.0	0.125	0.0	0.25	0.0	0.0	0.0	0.125	0.0	0.0	0.0	0.0	0.125	0.0
8w86	A	DIGIDYNF	DTGSGS	GFTFSEWY	-0.25	-0.125	7.6375	145.27625	-1.1	-0.1666666666666666	9.666666666666666	102.09	-0.05	-0.25	8.55	135.26375	0.0	0.0	0.0	0.0	0.0	0.0	1.0	1.0	0.0	0.0	0.0	0.0	0.0	2.0	0.0	1.0	1.0	1.0	1.0	0.0	0.0	0.0	0.0	1.0	0.0	0.0	0.0	2.0	0.0	0.0	0.0	0.0	0.0	0.0	0.0	2.0	1.0	0.0	0.0	0.0	0.0	0.0	1.0	2.0	0.0	0.0	0.0	1.0	0.0	2.0	0.0	0.0	0.0	1.0	0.0	0.0	0.0	0.0	1.0	0.0	8.0	6.0	8.0	human	0.0	0.0	0.0	0.0	0.0	0.0	0.125	0.125	0.0	0.0	0.0	0.0	0.0	0.25	0.0	0.125	0.125	0.125	0.125	0.0	0.0	0.0	0.0	0.16666666666666666	0.0	0.0	0.0	0.3333333333333333	0.0	0.0	0.0	0.0	0.0	0.0	0.0	0.3333333333333333	0.16666666666666666	0.0	0.0	0.0	0.0	0.0	0.125	0.25	0.0	0.0	0.0	0.125	0.0	0.25	0.0	0.0	0.0	0.125	0.0	0.0	0.0	0.0	0.125	0.0
8w84	A	DPLNYYYYGELNL	YGGSDT	GFTFSSSY	0.1	0.0	7.725	127.62875	-1.1833333333333331	-0.1666666666666666	9.166666666666666	114.77333333333333	-0.7538461538461539	-0.1538461538461538	8.076923076923078	142.53384615384616	0.0	0.0	0.0	0.0	0.0	0.0	0.0	1.0	0.0	0.0	0.0	0.0	0.0	2.0	0.0	3.0	1.0	0.0	1.0	0.0	0.0	0.0	0.0	1.0	0.0	0.0	0.0	2.0	0.0	0.0	0.0	0.0	0.0	0.0	0.0	1.0	1.0	0.0	1.0	0.0	0.0	0.0	2.0	1.0	0.0	0.0	1.0	1.0	0.0	0.0	3.0	0.0	0.0	0.0	1.0	0.0	0.0	0.0	4.0	0.0	8.0	6.0	13.0	human	0.0	0.0	0.0	0.0	0.0	0.0	0.0	0.125	0.0	0.0	0.0	0.0	0.0	0.25	0.0	0.375	0.125	0.0	0.125	0.0	0.0	0.0	0.0	0.16666666666666666	0.0	0.0	0.0	0.3333333333333333	0.0	0.0	0.0	0.0	0.0	0.0	0.0	0.16666666666666666	0.16666666666666666	0.0	0.16666666666666666	0.0	0.0	0.0	0.15384615384615385	0.07692307692307693	0.0	0.0	0.07692307692307693	0.07692307692307693	0.0	0.0	0.23076923076923078	0.0	0.0	0.0	0.07692307692307693	0.0	0.0	0.0	0.3076923076923077	0.0
8oxv	B	DHYLGSDSYGMDV	SWNSRS	GFTFDDY	-0.5428571428571428	-0.2857142857142857	8.6	138.85142857142858	-1.8833333333333333	0.1666666666666666	9.183333333333332	137.63666666666668	-0.676923076923077	-0.1538461538461538	8.823076923076924	128.8223076923077	0.0	0.0	0.0	2.0	0.0	0.0	0.0	1.0	0.0	0.0	0.0	0.0	0.0	2.0	0.0	0.0	1.0	0.0	1.0	0.0	0.0	1.0	1.0	0.0	0.0	0.0	0.0	0.0	0.0	0.0	0.0	0.0	0.0	0.0	0.0	3.0	0.0	1.0	0.0	0.0	0.0	0.0	0.0	3.0	0.0	0.0	0.0	2.0	1.0	0.0	1.0	0.0	1.0	0.0	0.0	2.0	0.0	0.0	2.0	1.0	7.0	6.0	13.0	human	0.0	0.0	0.0	0.2857142857142857	0.0	0.0	0.0	0.14285714285714285	0.0	0.0	0.0	0.0	0.0	0.2857142857142857	0.0	0.0	0.14285714285714285	0.0	0.14285714285714285	0.0	0.0	0.16666666666666666	0.16666666666666666	0.0	0.0	0.0	0.0	0.0	0.0	0.0	0.0	0.0	0.0	0.0	0.0	0.5	0.0	0.16666666666666666	0.0	0.0	0.0	0.0	0.0	0.23076923076923078	0.0	0.0	0.0	0.15384615384615385	0.07692307692307693	0.0	0.07692307692307693	0.0	0.07692307692307693	0.0	0.0	0.15384615384615385	0.0	0.0	0.15384615384615385	0.07692307692307693
8oxw	B	DHYLGSDSYGMDV	SWNSRS	GFTFDDY	-0.5428571428571428	-0.2857142857142857	8.6	138.85142857142858	-1.8833333333333333	0.1666666666666666	9.183333333333332	137.63666666666668	-0.676923076923077	-0.1538461538461538	8.823076923076924	128.8223076923077	0.0	0.0	0.0	2.0	0.0	0.0	0.0	1.0	0.0	0.0	0.0	0.0	0.0	2.0	0.0	0.0	1.0	0.0	1.0	0.0	0.0	1.0	1.0	0.0	0.0	0.0	0.0	0.0	0.0	0.0	0.0	0.0	0.0	0.0	0.0	3.0	0.0	1.0	0.0	0.0	0.0	0.0	0.0	3.0	0.0	0.0	0.0	2.0	1.0	0.0	1.0	0.0	1.0	0.0	0.0	2.0	0.0	0.0	2.0	1.0	7.0	6.0	13.0	human	0.0	0.0	0.0	0.2857142857142857	0.0	0.0	0.0	0.14285714285714285	0.0	0.0	0.0	0.0	0.0	0.2857142857142857	0.0	0.0	0.14285714285714285	0.0	0.14285714285714285	0.0	0.0	0.16666666666666666	0.16666666666666666	0.0	0.0	0.0	0.0	0.0	0.0	0.0	0.0	0.0	0.0	0.0	0.0	0.5	0.0	0.16666666666666666	0.0	0.0	0.0	0.0	0.0	0.23076923076923078	0.0	0.0	0.0	0.15384615384615385	0.07692307692307693	0.0	0.07692307692307693	0.0	0.07692307692307693	0.0	0.0	0.15384615384615385	0.0	0.0	0.15384615384615385	0.07692307692307693
8oxx	B	DHYLGSDSYGMDV	SWNSRS	GFTFDDY	-0.5428571428571428	-0.2857142857142857	8.6	138.85142857142858	-1.8833333333333333	0.1666666666666666	9.183333333333332	137.63666666666668	-0.676923076923077	-0.1538461538461538	8.823076923076924	128.8223076923077	0.0	0.0	0.0	2.0	0.0	0.0	0.0	1.0	0.0	0.0	0.0	0.0	0.0	2.0	0.0	0.0	1.0	0.0	1.0	0.0	0.0	1.0	1.0	0.0	0.0	0.0	0.0	0.0	0.0	0.0	0.0	0.0	0.0	0.0	0.0	3.0	0.0	1.0	0.0	0.0	0.0	0.0	0.0	3.0	0.0	0.0	0.0	2.0	1.0	0.0	1.0	0.0	1.0	0.0	0.0	2.0	0.0	0.0	2.0	1.0	7.0	6.0	13.0	human	0.0	0.0	0.0	0.2857142857142857	0.0	0.0	0.0	0.14285714285714285	0.0	0.0	0.0	0.0	0.0	0.2857142857142857	0.0	0.0	0.14285714285714285	0.0	0.14285714285714285	0.0	0.0	0.16666666666666666	0.16666666666666666	0.0	0.0	0.0	0.0	0.0	0.0	0.0	0.0	0.0	0.0	0.0	0.0	0.5	0.0	0.16666666666666666	0.0	0.0	0.0	0.0	0.0	0.23076923076923078	0.0	0.0	0.0	0.15384615384615385	0.07692307692307693	0.0	0.07692307692307693	0.0	0.07692307692307693	0.0	0.0	0.15384615384615385	0.0	0.0	0.15384615384615385	0.07692307692307693
8oxy	B	DHYLGSDSYGMDV	SWNSRS	GFTFDDY	-0.5428571428571428	-0.2857142857142857	8.6	138.85142857142858	-1.8833333333333333	0.1666666666666666	9.183333333333332	137.63666666666668	-0.676923076923077	-0.1538461538461538	8.823076923076924	128.8223076923077	0.0	0.0	0.0	2.0	0.0	0.0	0.0	1.0	0.0	0.0	0.0	0.0	0.0	2.0	0.0	0.0	1.0	0.0	1.0	0.0	0.0	1.0	1.0	0.0	0.0	0.0	0.0	0.0	0.0	0.0	0.0	0.0	0.0	0.0	0.0	3.0	0.0	1.0	0.0	0.0	0.0	0.0	0.0	3.0	0.0	0.0	0.0	2.0	1.0	0.0	1.0	0.0	1.0	0.0	0.0	2.0	0.0	0.0	2.0	1.0	7.0	6.0	13.0	human	0.0	0.0	0.0	0.2857142857142857	0.0	0.0	0.0	0.14285714285714285	0.0	0.0	0.0	0.0	0.0	0.2857142857142857	0.0	0.0	0.14285714285714285	0.0	0.14285714285714285	0.0	0.0	0.16666666666666666	0.16666666666666666	0.0	0.0	0.0	0.0	0.0	0.0	0.0	0.0	0.0	0.0	0.0	0.0	0.5	0.0	0.16666666666666666	0.0	0.0	0.0	0.0	0.0	0.23076923076923078	0.0	0.0	0.0	0.15384615384615385	0.07692307692307693	0.0	0.07692307692307693	0.0	0.07692307692307693	0.0	0.0	0.15384615384615385	0.0	0.0	0.15384615384615385	0.07692307692307693
8gy5	A	WGNIYFDY	SGGGRD	GFTFSNF	0.4285714285714285	0.0	7.714285714285714	132.42428571428573	-1.6666666666666667	0.0	9.95	106.26666666666664	-0.4499999999999999	-0.125	7.725	150.4075	0.0	0.0	1.0	0.0	0.0	0.0	0.0	1.0	0.0	0.0	0.0	0.0	0.0	3.0	0.0	1.0	1.0	0.0	0.0	0.0	0.0	1.0	0.0	1.0	0.0	0.0	0.0	3.0	0.0	0.0	0.0	0.0	0.0	0.0	0.0	1.0	0.0	0.0	0.0	0.0	0.0	0.0	1.0	1.0	0.0	0.0	0.0	1.0	0.0	1.0	0.0	0.0	0.0	1.0	0.0	0.0	0.0	1.0	2.0	0.0	7.0	6.0	8.0	human	0.0	0.0	0.14285714285714285	0.0	0.0	0.0	0.0	0.14285714285714285	0.0	0.0	0.0	0.0	0.0	0.42857142857142855	0.0	0.14285714285714285	0.14285714285714285	0.0	0.0	0.0	0.0	0.16666666666666666	0.0	0.16666666666666666	0.0	0.0	0.0	0.5	0.0	0.0	0.0	0.0	0.0	0.0	0.0	0.16666666666666666	0.0	0.0	0.0	0.0	0.0	0.0	0.125	0.125	0.0	0.0	0.0	0.125	0.0	0.125	0.0	0.0	0.0	0.125	0.0	0.0	0.0	0.125	0.25	0.0
8gye	B	VTGTWYFDV	WPGGS	GSSLTSY	-0.1428571428571428	0.0	8.042857142857143	117.40285714285712	-0.82	0.0	8.12	114.918	0.4111111111111111	-0.1111111111111111	7.533333333333335	136.81333333333336	0.0	0.0	0.0	0.0	0.0	0.0	0.0	1.0	0.0	0.0	1.0	0.0	0.0	0.0	0.0	3.0	1.0	0.0	1.0	0.0	0.0	0.0	0.0	0.0	0.0	0.0	0.0	2.0	0.0	0.0	0.0	0.0	0.0	0.0	1.0	1.0	0.0	1.0	0.0	0.0	0.0	0.0	0.0	1.0	0.0	0.0	0.0	1.0	0.0	0.0	0.0	0.0	0.0	1.0	0.0	0.0	2.0	1.0	1.0	2.0	7.0	5.0	9.0	human	0.0	0.0	0.0	0.0	0.0	0.0	0.0	0.14285714285714285	0.0	0.0	0.14285714285714285	0.0	0.0	0.0	0.0	0.42857142857142855	0.14285714285714285	0.0	0.14285714285714285	0.0	0.0	0.0	0.0	0.0	0.0	0.0	0.0	0.4	0.0	0.0	0.0	0.0	0.0	0.0	0.2	0.2	0.0	0.2	0.0	0.0	0.0	0.0	0.0	0.1111111111111111	0.0	0.0	0.0	0.1111111111111111	0.0	0.0	0.0	0.0	0.0	0.1111111111111111	0.0	0.0	0.2222222222222222	0.1111111111111111	0.1111111111111111	0.2222222222222222
8pg0	H	YYIKRWWLMSWEDYSMGLDY	SSSSGS	GFNFSSS	-0.1	0.0	8.37142857142857	121.83428571428573	-0.7333333333333334	0.0	9.166666666666666	100.08666666666666	-0.6450000000000001	-0.05	7.745	152.41750000000002	0.0	0.0	1.0	0.0	0.0	0.0	0.0	1.0	0.0	0.0	0.0	0.0	0.0	2.0	0.0	3.0	0.0	0.0	0.0	0.0	0.0	0.0	0.0	0.0	0.0	0.0	0.0	1.0	0.0	0.0	0.0	0.0	0.0	0.0	0.0	5.0	0.0	0.0	0.0	0.0	0.0	1.0	0.0	2.0	0.0	0.0	1.0	1.0	0.0	1.0	2.0	1.0	2.0	0.0	0.0	2.0	0.0	3.0	4.0	0.0	7.0	6.0	20.0	human	0.0	0.0	0.14285714285714285	0.0	0.0	0.0	0.0	0.14285714285714285	0.0	0.0	0.0	0.0	0.0	0.2857142857142857	0.0	0.42857142857142855	0.0	0.0	0.0	0.0	0.0	0.0	0.0	0.0	0.0	0.0	0.0	0.16666666666666666	0.0	0.0	0.0	0.0	0.0	0.0	0.0	0.8333333333333334	0.0	0.0	0.0	0.0	0.0	0.05	0.0	0.1	0.0	0.0	0.05	0.05	0.0	0.05	0.1	0.05	0.1	0.0	0.0	0.1	0.0	0.15	0.2	0.0
8szy	A	GVRFALDY	FPYNGG	GYSFTGY	-0.3	0.0	7.628571428571428	128.8457142857143	-0.7333333333333335	0.0	8.166666666666666	123.96166666666666	0.3625	0.0	7.85	133.26999999999998	0.0	0.0	0.0	0.0	0.0	0.0	0.0	2.0	0.0	0.0	0.0	0.0	0.0	1.0	0.0	1.0	1.0	0.0	2.0	0.0	0.0	0.0	1.0	0.0	0.0	0.0	0.0	2.0	0.0	0.0	0.0	0.0	0.0	1.0	1.0	0.0	0.0	0.0	1.0	0.0	1.0	1.0	0.0	1.0	0.0	0.0	0.0	1.0	0.0	0.0	1.0	0.0	0.0	1.0	0.0	0.0	0.0	0.0	1.0	1.0	7.0	6.0	8.0	human	0.0	0.0	0.0	0.0	0.0	0.0	0.0	0.2857142857142857	0.0	0.0	0.0	0.0	0.0	0.14285714285714285	0.0	0.14285714285714285	0.14285714285714285	0.0	0.2857142857142857	0.0	0.0	0.0	0.16666666666666666	0.0	0.0	0.0	0.0	0.3333333333333333	0.0	0.0	0.0	0.0	0.0	0.16666666666666666	0.16666666666666666	0.0	0.0	0.0	0.16666666666666666	0.0	0.125	0.125	0.0	0.125	0.0	0.0	0.0	0.125	0.0	0.0	0.125	0.0	0.0	0.125	0.0	0.0	0.0	0.0	0.125	0.125
8caf	B	DPFGWAAHGVGLDY	SSSYGY	GFNFSSS	-0.1	0.0	8.37142857142857	121.83428571428573	-0.9	0.0	8.166666666666666	125.45333333333332	-0.0571428571428571	-0.0714285714285714	8.22857142857143	124.20071428571428	0.0	0.0	1.0	0.0	0.0	0.0	0.0	1.0	0.0	0.0	0.0	0.0	0.0	2.0	0.0	3.0	0.0	0.0	0.0	0.0	0.0	0.0	0.0	0.0	0.0	0.0	0.0	1.0	0.0	0.0	0.0	0.0	0.0	0.0	0.0	3.0	0.0	0.0	2.0	0.0	2.0	0.0	0.0	2.0	0.0	0.0	0.0	3.0	1.0	0.0	1.0	0.0	0.0	1.0	1.0	0.0	0.0	1.0	1.0	1.0	7.0	6.0	14.0	human	0.0	0.0	0.14285714285714285	0.0	0.0	0.0	0.0	0.14285714285714285	0.0	0.0	0.0	0.0	0.0	0.2857142857142857	0.0	0.42857142857142855	0.0	0.0	0.0	0.0	0.0	0.0	0.0	0.0	0.0	0.0	0.0	0.16666666666666666	0.0	0.0	0.0	0.0	0.0	0.0	0.0	0.5	0.0	0.0	0.3333333333333333	0.0	0.14285714285714285	0.0	0.0	0.14285714285714285	0.0	0.0	0.0	0.21428571428571427	0.07142857142857142	0.0	0.07142857142857142	0.0	0.0	0.07142857142857142	0.07142857142857142	0.0	0.0	0.07142857142857142	0.07142857142857142	0.07142857142857142
8fgx	B	SLMVTTGAPFDY	YPGDDD	GYAFSSY	-6.344131569286607e-17	0.0	7.5857142857142845	128.84428571428572	-2.3000000000000003	-0.5	10.366666666666667	128.44833333333335	0.4583333333333334	-0.0833333333333333	7.7	124.96916666666668	1.0	0.0	0.0	0.0	0.0	0.0	0.0	1.0	0.0	0.0	0.0	0.0	0.0	1.0	0.0	2.0	0.0	0.0	2.0	0.0	0.0	0.0	0.0	3.0	0.0	0.0	0.0	1.0	0.0	0.0	0.0	0.0	0.0	0.0	1.0	0.0	0.0	0.0	1.0	0.0	1.0	0.0	0.0	1.0	0.0	0.0	0.0	1.0	0.0	0.0	1.0	0.0	1.0	1.0	1.0	1.0	2.0	0.0	1.0	1.0	7.0	6.0	12.0	human	0.14285714285714285	0.0	0.0	0.0	0.0	0.0	0.0	0.14285714285714285	0.0	0.0	0.0	0.0	0.0	0.14285714285714285	0.0	0.2857142857142857	0.0	0.0	0.2857142857142857	0.0	0.0	0.0	0.0	0.5	0.0	0.0	0.0	0.16666666666666666	0.0	0.0	0.0	0.0	0.0	0.0	0.16666666666666666	0.0	0.0	0.0	0.16666666666666666	0.0	0.08333333333333333	0.0	0.0	0.08333333333333333	0.0	0.0	0.0	0.08333333333333333	0.0	0.0	0.08333333333333333	0.0	0.08333333333333333	0.08333333333333333	0.08333333333333333	0.08333333333333333	0.16666666666666666	0.0	0.08333333333333333	0.08333333333333333
7yk4	H	APRWYFSV	YPDNGD	GYTFTDS	-0.6571428571428573	-0.1428571428571428	8.542857142857143	128.26857142857142	-2.3000000000000003	-0.3333333333333333	10.133333333333333	128.285	-0.0374999999999999	0.125	7.312500000000001	143.90875	0.0	0.0	0.0	1.0	0.0	0.0	0.0	1.0	0.0	0.0	0.0	0.0	0.0	1.0	0.0	1.0	2.0	0.0	1.0	0.0	0.0	0.0	1.0	2.0	0.0	0.0	0.0	1.0	0.0	0.0	0.0	0.0	0.0	0.0	1.0	0.0	0.0	0.0	1.0	0.0	1.0	1.0	0.0	0.0	0.0	0.0	0.0	0.0	0.0	0.0	0.0	0.0	0.0	1.0	1.0	1.0	0.0	1.0	1.0	1.0	7.0	6.0	8.0	human	0.0	0.0	0.0	0.14285714285714285	0.0	0.0	0.0	0.14285714285714285	0.0	0.0	0.0	0.0	0.0	0.14285714285714285	0.0	0.14285714285714285	0.2857142857142857	0.0	0.14285714285714285	0.0	0.0	0.0	0.16666666666666666	0.3333333333333333	0.0	0.0	0.0	0.16666666666666666	0.0	0.0	0.0	0.0	0.0	0.0	0.16666666666666666	0.0	0.0	0.0	0.16666666666666666	0.0	0.125	0.125	0.0	0.0	0.0	0.0	0.0	0.0	0.0	0.0	0.0	0.0	0.0	0.125	0.125	0.125	0.0	0.125	0.125	0.125
7yv1	H	QRYWSKSYFRP	YHSGS	GYSISSGY	-0.1625	0.0	7.9	119.87	-1.3	0.2	8.8	124.32	-1.845454545454546	0.2727272727272727	8.381818181818183	154.35	0.0	0.0	0.0	0.0	0.0	0.0	0.0	2.0	0.0	1.0	0.0	0.0	0.0	0.0	0.0	3.0	0.0	0.0	2.0	0.0	0.0	0.0	0.0	0.0	0.0	0.0	0.0	1.0	1.0	0.0	0.0	0.0	0.0	0.0	0.0	2.0	0.0	0.0	1.0	0.0	0.0	2.0	0.0	0.0	0.0	1.0	0.0	0.0	0.0	0.0	0.0	1.0	0.0	1.0	1.0	2.0	0.0	1.0	2.0	0.0	8.0	5.0	11.0	human	0.0	0.0	0.0	0.0	0.0	0.0	0.0	0.25	0.0	0.125	0.0	0.0	0.0	0.0	0.0	0.375	0.0	0.0	0.25	0.0	0.0	0.0	0.0	0.0	0.0	0.0	0.0	0.2	0.2	0.0	0.0	0.0	0.0	0.0	0.0	0.4	0.0	0.0	0.2	0.0	0.0	0.18181818181818182	0.0	0.0	0.0	0.09090909090909091	0.0	0.0	0.0	0.0	0.0	0.09090909090909091	0.0	0.09090909090909091	0.09090909090909091	0.18181818181818182	0.0	0.09090909090909091	0.18181818181818182	0.0
7yds	B	DRPDGAATNL	SYVSR	GIDLSSY	0.2142857142857142	-0.1428571428571428	8.1	123.1257142857143	-0.64	0.2	8.2	136.544	-1.0299999999999998	-0.1	9.48	119.119	0.0	0.0	0.0	1.0	0.0	0.0	0.0	1.0	0.0	1.0	1.0	0.0	0.0	0.0	0.0	2.0	0.0	0.0	1.0	0.0	0.0	1.0	0.0	0.0	0.0	0.0	0.0	0.0	0.0	0.0	0.0	0.0	0.0	0.0	0.0	2.0	0.0	0.0	1.0	1.0	2.0	1.0	1.0	2.0	0.0	0.0	0.0	1.0	0.0	0.0	1.0	0.0	0.0	0.0	1.0	0.0	1.0	0.0	0.0	0.0	7.0	5.0	10.0	human	0.0	0.0	0.0	0.14285714285714285	0.0	0.0	0.0	0.14285714285714285	0.0	0.14285714285714285	0.14285714285714285	0.0	0.0	0.0	0.0	0.2857142857142857	0.0	0.0	0.14285714285714285	0.0	0.0	0.2	0.0	0.0	0.0	0.0	0.0	0.0	0.0	0.0	0.0	0.0	0.0	0.0	0.0	0.4	0.0	0.0	0.2	0.2	0.2	0.1	0.1	0.2	0.0	0.0	0.0	0.1	0.0	0.0	0.1	0.0	0.0	0.0	0.1	0.0	0.1	0.0	0.0	0.0
8ol9	B	AFGSGSYYNGFDY	SWNSDN	GFIFDDY	0.1999999999999999	-0.2857142857142857	8.114285714285714	140.57285714285717	-2.1666666666666665	-0.1666666666666666	10.0	135.29166666666666	-0.4846153846153846	-0.0769230769230769	8.23846153846154	127.97307692307692	0.0	0.0	0.0	2.0	0.0	0.0	0.0	1.0	0.0	1.0	0.0	0.0	0.0	2.0	0.0	0.0	0.0	0.0	1.0	0.0	0.0	0.0	2.0	1.0	0.0	0.0	0.0	0.0	0.0	0.0	0.0	0.0	0.0	0.0	0.0	2.0	0.0	1.0	0.0	0.0	1.0	0.0	1.0	1.0	0.0	0.0	0.0	3.0	0.0	0.0	0.0	0.0	0.0	2.0	0.0	2.0	0.0	0.0	3.0	0.0	7.0	6.0	13.0	human	0.0	0.0	0.0	0.2857142857142857	0.0	0.0	0.0	0.14285714285714285	0.0	0.14285714285714285	0.0	0.0	0.0	0.2857142857142857	0.0	0.0	0.0	0.0	0.14285714285714285	0.0	0.0	0.0	0.3333333333333333	0.16666666666666666	0.0	0.0	0.0	0.0	0.0	0.0	0.0	0.0	0.0	0.0	0.0	0.3333333333333333	0.0	0.16666666666666666	0.0	0.0	0.07692307692307693	0.0	0.07692307692307693	0.07692307692307693	0.0	0.0	0.0	0.23076923076923078	0.0	0.0	0.0	0.0	0.0	0.15384615384615385	0.0	0.15384615384615385	0.0	0.0	0.23076923076923078	0.0
8byu	H	EPGERDPDAVDI	IRFLGI	GGTFSSY	-0.2285714285714286	0.0	8.057142857142859	117.9742857142857	1.7833333333333332	0.1666666666666666	6.666666666666667	134.66166666666666	-1.2583333333333335	-0.3333333333333333	9.858333333333333	125.875	0.0	0.0	0.0	0.0	0.0	0.0	0.0	2.0	0.0	0.0	0.0	0.0	0.0	1.0	0.0	2.0	1.0	0.0	1.0	0.0	0.0	1.0	0.0	0.0	0.0	0.0	0.0	1.0	0.0	2.0	1.0	0.0	0.0	1.0	0.0	0.0	0.0	0.0	0.0	0.0	1.0	1.0	0.0	3.0	0.0	0.0	2.0	1.0	0.0	1.0	0.0	0.0	0.0	0.0	2.0	0.0	0.0	0.0	0.0	1.0	7.0	6.0	12.0	human	0.0	0.0	0.0	0.0	0.0	0.0	0.0	0.2857142857142857	0.0	0.0	0.0	0.0	0.0	0.14285714285714285	0.0	0.2857142857142857	0.14285714285714285	0.0	0.14285714285714285	0.0	0.0	0.16666666666666666	0.0	0.0	0.0	0.0	0.0	0.16666666666666666	0.0	0.3333333333333333	0.16666666666666666	0.0	0.0	0.16666666666666666	0.0	0.0	0.0	0.0	0.0	0.0	0.08333333333333333	0.08333333333333333	0.0	0.25	0.0	0.0	0.16666666666666666	0.08333333333333333	0.0	0.08333333333333333	0.0	0.0	0.0	0.0	0.16666666666666666	0.0	0.0	0.0	0.0	0.08333333333333333
8ivx	H	NSYSSGYYAMDY	WSGGS	GFSLTSY	0.3714285714285714	0.0	7.471428571428571	125.98857142857145	-0.6599999999999999	0.0	8.36	112.91	-0.9416666666666668	-0.0833333333333333	8.316666666666666	134.88500000000002	0.0	0.0	0.0	0.0	0.0	0.0	0.0	1.0	0.0	0.0	1.0	0.0	0.0	1.0	0.0	2.0	1.0	0.0	1.0	0.0	0.0	0.0	0.0	0.0	0.0	0.0	0.0	2.0	0.0	0.0	0.0	0.0	0.0	0.0	0.0	2.0	0.0	1.0	0.0	0.0	1.0	0.0	1.0	1.0	0.0	0.0	0.0	1.0	0.0	0.0	0.0	0.0	1.0	0.0	0.0	3.0	0.0	0.0	4.0	0.0	7.0	5.0	12.0	human	0.0	0.0	0.0	0.0	0.0	0.0	0.0	0.14285714285714285	0.0	0.0	0.14285714285714285	0.0	0.0	0.14285714285714285	0.0	0.2857142857142857	0.14285714285714285	0.0	0.14285714285714285	0.0	0.0	0.0	0.0	0.0	0.0	0.0	0.0	0.4	0.0	0.0	0.0	0.0	0.0	0.0	0.0	0.4	0.0	0.2	0.0	0.0	0.08333333333333333	0.0	0.08333333333333333	0.08333333333333333	0.0	0.0	0.0	0.08333333333333333	0.0	0.0	0.0	0.0	0.08333333333333333	0.0	0.0	0.25	0.0	0.0	0.3333333333333333	0.0
7zoz	H	WWDYGSSYDYFDY	YCGSDT	GYTFTSY	-0.3428571428571429	0.0	7.571428571428571	135.13857142857142	-0.7000000000000001	-0.1666666666666666	8.583333333333334	122.45333333333332	-1.284615384615385	-0.2307692307692307	8.246153846153847	152.53538461538463	0.0	0.0	0.0	0.0	0.0	0.0	0.0	1.0	0.0	0.0	0.0	0.0	0.0	1.0	0.0	1.0	2.0	0.0	2.0	0.0	0.0	0.0	0.0	1.0	1.0	0.0	0.0	1.0	0.0	0.0	0.0	0.0	0.0	0.0	0.0	1.0	1.0	0.0	1.0	0.0	0.0	0.0	0.0	3.0	0.0	0.0	0.0	1.0	0.0	0.0	0.0	0.0	0.0	1.0	0.0	2.0	0.0	2.0	4.0	0.0	7.0	6.0	13.0	human	0.0	0.0	0.0	0.0	0.0	0.0	0.0	0.14285714285714285	0.0	0.0	0.0	0.0	0.0	0.14285714285714285	0.0	0.14285714285714285	0.2857142857142857	0.0	0.2857142857142857	0.0	0.0	0.0	0.0	0.16666666666666666	0.16666666666666666	0.0	0.0	0.16666666666666666	0.0	0.0	0.0	0.0	0.0	0.0	0.0	0.16666666666666666	0.16666666666666666	0.0	0.16666666666666666	0.0	0.0	0.0	0.0	0.23076923076923078	0.0	0.0	0.0	0.07692307692307693	0.0	0.0	0.0	0.0	0.0	0.07692307692307693	0.0	0.15384615384615385	0.0	0.15384615384615385	0.3076923076923077	0.0
7quh	H	DGSSPYYYSMEY	WAGGS	GFSLTIY	1.1285714285714286	0.0	6.9	129.71428571428572	-0.14	0.0	8.14	109.71	-1.2250000000000003	-0.1666666666666666	8.366666666666667	138.30583333333334	0.0	0.0	0.0	0.0	0.0	0.0	0.0	1.0	0.0	1.0	1.0	0.0	0.0	1.0	0.0	1.0	1.0	0.0	1.0	0.0	1.0	0.0	0.0	0.0	0.0	0.0	0.0	2.0	0.0	0.0	0.0	0.0	0.0	0.0	0.0	1.0	0.0	1.0	0.0	0.0	0.0	0.0	0.0	1.0	0.0	0.0	1.0	1.0	0.0	0.0	0.0	0.0	1.0	0.0	1.0	3.0	0.0	0.0	4.0	0.0	7.0	5.0	12.0	human	0.0	0.0	0.0	0.0	0.0	0.0	0.0	0.14285714285714285	0.0	0.14285714285714285	0.14285714285714285	0.0	0.0	0.14285714285714285	0.0	0.14285714285714285	0.14285714285714285	0.0	0.14285714285714285	0.0	0.2	0.0	0.0	0.0	0.0	0.0	0.0	0.4	0.0	0.0	0.0	0.0	0.0	0.0	0.0	0.2	0.0	0.2	0.0	0.0	0.0	0.0	0.0	0.08333333333333333	0.0	0.0	0.08333333333333333	0.08333333333333333	0.0	0.0	0.0	0.0	0.08333333333333333	0.0	0.08333333333333333	0.25	0.0	0.0	0.3333333333333333	0.0
7xjf	A	EGDFYANYGRLGFAY	NPYNDA	GYKFTNY	-1.1857142857142855	0.1428571428571428	8.3	142.86714285714285	-1.933333333333333	-0.1666666666666666	9.75	130.45833333333334	-0.4733333333333334	-0.0666666666666666	8.3	133.00400000000002	0.0	0.0	1.0	0.0	0.0	0.0	0.0	1.0	0.0	0.0	0.0	1.0	0.0	1.0	0.0	0.0	1.0	0.0	2.0	0.0	1.0	0.0	2.0	1.0	0.0	0.0	0.0	0.0	0.0	0.0	0.0	0.0	0.0	0.0	1.0	0.0	0.0	0.0	1.0	0.0	2.0	1.0	1.0	1.0	0.0	0.0	1.0	3.0	0.0	0.0	1.0	0.0	0.0	2.0	0.0	0.0	0.0	0.0	3.0	0.0	7.0	6.0	15.0	human	0.0	0.0	0.14285714285714285	0.0	0.0	0.0	0.0	0.14285714285714285	0.0	0.0	0.0	0.14285714285714285	0.0	0.14285714285714285	0.0	0.0	0.14285714285714285	0.0	0.2857142857142857	0.0	0.16666666666666666	0.0	0.3333333333333333	0.16666666666666666	0.0	0.0	0.0	0.0	0.0	0.0	0.0	0.0	0.0	0.0	0.16666666666666666	0.0	0.0	0.0	0.16666666666666666	0.0	0.13333333333333333	0.06666666666666667	0.06666666666666667	0.06666666666666667	0.0	0.0	0.06666666666666667	0.2	0.0	0.0	0.06666666666666667	0.0	0.0	0.13333333333333333	0.0	0.0	0.0	0.0	0.2	0.0
8f6l	A	DAGAGGVQDYLTL	SDDGT	GFSLWTY	0.357142857142857	0.0	6.928571428571429	140.15142857142857	-1.7799999999999998	-0.4	10.56	113.096	0.1307692307692307	-0.1538461538461538	8.476923076923077	115.04153846153848	0.0	0.0	0.0	0.0	0.0	0.0	0.0	1.0	0.0	0.0	1.0	0.0	0.0	1.0	0.0	1.0	1.0	1.0	1.0	0.0	0.0	0.0	0.0	2.0	0.0	0.0	0.0	1.0	0.0	0.0	0.0	0.0	0.0	0.0	0.0	1.0	1.0	0.0	0.0	0.0	2.0	0.0	0.0	2.0	0.0	1.0	0.0	3.0	0.0	0.0	2.0	0.0	0.0	0.0	0.0	0.0	1.0	0.0	1.0	1.0	7.0	5.0	13.0	human	0.0	0.0	0.0	0.0	0.0	0.0	0.0	0.14285714285714285	0.0	0.0	0.14285714285714285	0.0	0.0	0.14285714285714285	0.0	0.14285714285714285	0.14285714285714285	0.14285714285714285	0.14285714285714285	0.0	0.0	0.0	0.0	0.4	0.0	0.0	0.0	0.2	0.0	0.0	0.0	0.0	0.0	0.0	0.0	0.2	0.2	0.0	0.0	0.0	0.15384615384615385	0.0	0.0	0.15384615384615385	0.0	0.07692307692307693	0.0	0.23076923076923078	0.0	0.0	0.15384615384615385	0.0	0.0	0.0	0.0	0.0	0.07692307692307693	0.0	0.07692307692307693	0.07692307692307693
8f6o	A	GDYYDDYVYVYALDI	SYDGI	GFSLSSY	0.3571428571428571	0.0	7.557142857142858	123.98428571428572	-0.3	-0.2	8.52	125.124	-0.1600000000000001	-0.2666666666666666	8.133333333333335	139.94333333333333	0.0	0.0	0.0	0.0	0.0	0.0	0.0	1.0	0.0	0.0	1.0	0.0	0.0	1.0	0.0	3.0	0.0	0.0	1.0	0.0	0.0	0.0	0.0	1.0	0.0	0.0	0.0	1.0	0.0	1.0	0.0	0.0	0.0	0.0	0.0	1.0	0.0	0.0	1.0	0.0	1.0	0.0	0.0	4.0	0.0	0.0	0.0	1.0	0.0	1.0	1.0	0.0	0.0	0.0	0.0	0.0	0.0	0.0	5.0	2.0	7.0	5.0	15.0	human	0.0	0.0	0.0	0.0	0.0	0.0	0.0	0.14285714285714285	0.0	0.0	0.14285714285714285	0.0	0.0	0.14285714285714285	0.0	0.42857142857142855	0.0	0.0	0.14285714285714285	0.0	0.0	0.0	0.0	0.2	0.0	0.0	0.0	0.2	0.0	0.2	0.0	0.0	0.0	0.0	0.0	0.2	0.0	0.0	0.2	0.0	0.06666666666666667	0.0	0.0	0.26666666666666666	0.0	0.0	0.0	0.06666666666666667	0.0	0.06666666666666667	0.06666666666666667	0.0	0.0	0.0	0.0	0.0	0.0	0.0	0.3333333333333333	0.13333333333333333
7st5	H	EAGSSWYDFDL	SAYGGE	GYTFRGY	-0.8285714285714286	0.1428571428571428	7.814285714285715	138.71857142857144	-0.7666666666666666	-0.1666666666666666	8.966666666666667	112.10666666666668	-0.5727272727272729	-0.2727272727272727	8.681818181818183	133.58636363636364	0.0	1.0	0.0	0.0	0.0	0.0	0.0	2.0	0.0	0.0	0.0	0.0	0.0	1.0	0.0	0.0	1.0	0.0	2.0	0.0	1.0	0.0	0.0	0.0	0.0	0.0	1.0	2.0	0.0	0.0	0.0	0.0	0.0	0.0	0.0	1.0	0.0	0.0	1.0	0.0	1.0	0.0	0.0	2.0	0.0	0.0	1.0	1.0	0.0	0.0	1.0	0.0	0.0	1.0	0.0	2.0	0.0	1.0	1.0	0.0	7.0	6.0	11.0	human	0.0	0.14285714285714285	0.0	0.0	0.0	0.0	0.0	0.2857142857142857	0.0	0.0	0.0	0.0	0.0	0.14285714285714285	0.0	0.0	0.14285714285714285	0.0	0.2857142857142857	0.0	0.16666666666666666	0.0	0.0	0.0	0.0	0.0	0.16666666666666666	0.3333333333333333	0.0	0.0	0.0	0.0	0.0	0.0	0.0	0.16666666666666666	0.0	0.0	0.16666666666666666	0.0	0.09090909090909091	0.0	0.0	0.18181818181818182	0.0	0.0	0.09090909090909091	0.09090909090909091	0.0	0.0	0.09090909090909091	0.0	0.0	0.09090909090909091	0.0	0.18181818181818182	0.0	0.09090909090909091	0.09090909090909091	0.0
4edw	H	GGYWYATSYYFDY	WGDGT	GFSLIGY	1.171428571428571	0.0	6.957142857142857	123.42142857142858	-1.1800000000000002	-0.2	9.0	121.31799999999998	-0.6615384615384615	-0.0769230769230769	7.576923076923078	143.99307692307693	0.0	0.0	0.0	0.0	0.0	0.0	0.0	2.0	0.0	1.0	1.0	0.0	0.0	1.0	0.0	1.0	0.0	0.0	1.0	0.0	0.0	0.0	0.0	1.0	0.0	0.0	0.0	2.0	0.0	0.0	0.0	0.0	0.0	0.0	0.0	0.0	1.0	1.0	0.0	0.0	1.0	0.0	0.0	1.0	0.0	0.0	0.0	2.0	0.0	0.0	0.0	0.0	0.0	1.0	0.0	1.0	1.0	1.0	5.0	0.0	7.0	5.0	13.0	human	0.0	0.0	0.0	0.0	0.0	0.0	0.0	0.2857142857142857	0.0	0.14285714285714285	0.14285714285714285	0.0	0.0	0.14285714285714285	0.0	0.14285714285714285	0.0	0.0	0.14285714285714285	0.0	0.0	0.0	0.0	0.2	0.0	0.0	0.0	0.4	0.0	0.0	0.0	0.0	0.0	0.0	0.0	0.0	0.2	0.2	0.0	0.0	0.07692307692307693	0.0	0.0	0.07692307692307693	0.0	0.0	0.0	0.15384615384615385	0.0	0.0	0.0	0.0	0.0	0.07692307692307693	0.0	0.07692307692307693	0.07692307692307693	0.07692307692307693	0.38461538461538464	0.0
8d7e	F	EFWSAFDL	WYDGIN	GFTFSTS	0.3142857142857143	0.0	7.857142857142857	121.98142857142857	-0.8500000000000001	-0.1666666666666666	8.4	142.8133333333333	0.3124999999999999	-0.25	7.9125	142.52375	0.0	0.0	0.0	0.0	0.0	0.0	0.0	1.0	0.0	0.0	0.0	0.0	0.0	2.0	0.0	2.0	2.0	0.0	0.0	0.0	0.0	0.0	1.0	1.0	0.0	0.0	0.0	1.0	0.0	1.0	0.0	0.0	0.0	0.0	0.0	0.0	0.0	1.0	1.0	0.0	1.0	0.0	0.0	1.0	0.0	0.0	1.0	0.0	0.0	0.0	1.0	0.0	0.0	2.0	0.0	1.0	0.0	1.0	0.0	0.0	7.0	6.0	8.0	human	0.0	0.0	0.0	0.0	0.0	0.0	0.0	0.14285714285714285	0.0	0.0	0.0	0.0	0.0	0.2857142857142857	0.0	0.2857142857142857	0.2857142857142857	0.0	0.0	0.0	0.0	0.0	0.16666666666666666	0.16666666666666666	0.0	0.0	0.0	0.16666666666666666	0.0	0.16666666666666666	0.0	0.0	0.0	0.0	0.0	0.0	0.0	0.16666666666666666	0.16666666666666666	0.0	0.125	0.0	0.0	0.125	0.0	0.0	0.125	0.0	0.0	0.0	0.125	0.0	0.0	0.25	0.0	0.125	0.0	0.125	0.0	0.0
8il3	B	GETPGTFPY	YPRNGA	GYTFTDY	-0.7285714285714286	-0.1428571428571428	8.114285714285714	139.14	-1.5833333333333333	0.1666666666666666	8.9	127.8	-0.8222222222222222	-0.1111111111111111	8.322222222222223	123.5722222222222	0.0	0.0	0.0	1.0	0.0	0.0	0.0	1.0	0.0	0.0	0.0	0.0	0.0	1.0	0.0	0.0	2.0	0.0	2.0	0.0	1.0	1.0	1.0	0.0	0.0	0.0	0.0	1.0	0.0	0.0	0.0	0.0	0.0	0.0	1.0	0.0	0.0	0.0	1.0	0.0	0.0	0.0	0.0	0.0	0.0	0.0	1.0	2.0	0.0	0.0	0.0	0.0	0.0	1.0	2.0	0.0	2.0	0.0	1.0	0.0	7.0	6.0	9.0	human	0.0	0.0	0.0	0.14285714285714285	0.0	0.0	0.0	0.14285714285714285	0.0	0.0	0.0	0.0	0.0	0.14285714285714285	0.0	0.0	0.2857142857142857	0.0	0.2857142857142857	0.0	0.16666666666666666	0.16666666666666666	0.16666666666666666	0.0	0.0	0.0	0.0	0.16666666666666666	0.0	0.0	0.0	0.0	0.0	0.0	0.16666666666666666	0.0	0.0	0.0	0.16666666666666666	0.0	0.0	0.0	0.0	0.0	0.0	0.0	0.1111111111111111	0.2222222222222222	0.0	0.0	0.0	0.0	0.0	0.1111111111111111	0.2222222222222222	0.0	0.2222222222222222	0.0	0.1111111111111111	0.0
7wsl	H	PYYAMDY	SGGGSY	GFTFSSY	0.2285714285714286	0.0	7.514285714285713	130.84857142857143	-0.6833333333333332	0.0	8.600000000000001	102.76333333333332	-0.7571428571428571	-0.1428571428571428	7.628571428571429	147.15714285714287	0.0	0.0	0.0	0.0	0.0	0.0	0.0	1.0	0.0	0.0	0.0	0.0	0.0	2.0	0.0	2.0	1.0	0.0	1.0	0.0	0.0	0.0	0.0	0.0	0.0	0.0	0.0	3.0	0.0	0.0	0.0	0.0	0.0	0.0	0.0	2.0	0.0	0.0	1.0	0.0	1.0	0.0	0.0	1.0	0.0	0.0	0.0	0.0	0.0	0.0	0.0	0.0	1.0	0.0	1.0	0.0	0.0	0.0	3.0	0.0	7.0	6.0	7.0	human	0.0	0.0	0.0	0.0	0.0	0.0	0.0	0.14285714285714285	0.0	0.0	0.0	0.0	0.0	0.2857142857142857	0.0	0.2857142857142857	0.14285714285714285	0.0	0.14285714285714285	0.0	0.0	0.0	0.0	0.0	0.0	0.0	0.0	0.5	0.0	0.0	0.0	0.0	0.0	0.0	0.0	0.3333333333333333	0.0	0.0	0.16666666666666666	0.0	0.14285714285714285	0.0	0.0	0.14285714285714285	0.0	0.0	0.0	0.0	0.0	0.0	0.0	0.0	0.14285714285714285	0.0	0.14285714285714285	0.0	0.0	0.0	0.42857142857142855	0.0
8ffe	H	GSGHVNAVKNYGYVMDY	TPYGGY	GFTFTNS	-0.0714285714285714	0.0	8.2	125.84285714285714	-0.9499999999999998	0.0	7.833333333333333	124.46166666666666	-0.4235294117647059	0.0588235294117647	8.48235294117647	127.19470588235292	0.0	0.0	1.0	0.0	0.0	0.0	0.0	1.0	0.0	0.0	0.0	0.0	0.0	2.0	0.0	1.0	2.0	0.0	0.0	0.0	0.0	0.0	0.0	0.0	0.0	0.0	0.0	2.0	0.0	0.0	0.0	0.0	0.0	0.0	1.0	0.0	1.0	0.0	2.0	0.0	1.0	0.0	2.0	1.0	0.0	0.0	0.0	3.0	1.0	0.0	0.0	1.0	1.0	0.0	0.0	1.0	0.0	0.0	3.0	3.0	7.0	6.0	17.0	human	0.0	0.0	0.14285714285714285	0.0	0.0	0.0	0.0	0.14285714285714285	0.0	0.0	0.0	0.0	0.0	0.2857142857142857	0.0	0.14285714285714285	0.2857142857142857	0.0	0.0	0.0	0.0	0.0	0.0	0.0	0.0	0.0	0.0	0.3333333333333333	0.0	0.0	0.0	0.0	0.0	0.0	0.16666666666666666	0.0	0.16666666666666666	0.0	0.3333333333333333	0.0	0.058823529411764705	0.0	0.11764705882352941	0.058823529411764705	0.0	0.0	0.0	0.17647058823529413	0.058823529411764705	0.0	0.0	0.058823529411764705	0.058823529411764705	0.0	0.0	0.058823529411764705	0.0	0.0	0.17647058823529413	0.17647058823529413
8c7h	L	NEWETVVVGDLMYEYEY	DPEDGG	GYRFTSY	-0.8857142857142858	0.1428571428571428	7.842857142857143	143.00714285714284	-2.15	-0.5	10.716666666666669	113.09999999999998	-0.5058823529411764	-0.2941176470588235	8.452941176470588	142.79764705882354	0.0	1.0	0.0	0.0	0.0	0.0	0.0	1.0	0.0	0.0	0.0	0.0	0.0	1.0	0.0	1.0	1.0	0.0	2.0	0.0	0.0	0.0	0.0	2.0	0.0	0.0	1.0	2.0	0.0	0.0	0.0	0.0	0.0	0.0	1.0	0.0	0.0	0.0	0.0	0.0	0.0	0.0	1.0	1.0	0.0	0.0	4.0	1.0	0.0	0.0	1.0	0.0	1.0	0.0	0.0	0.0	1.0	1.0	3.0	3.0	7.0	6.0	17.0	human	0.0	0.14285714285714285	0.0	0.0	0.0	0.0	0.0	0.14285714285714285	0.0	0.0	0.0	0.0	0.0	0.14285714285714285	0.0	0.14285714285714285	0.14285714285714285	0.0	0.2857142857142857	0.0	0.0	0.0	0.0	0.3333333333333333	0.0	0.0	0.16666666666666666	0.3333333333333333	0.0	0.0	0.0	0.0	0.0	0.0	0.16666666666666666	0.0	0.0	0.0	0.0	0.0	0.0	0.0	0.058823529411764705	0.058823529411764705	0.0	0.0	0.23529411764705882	0.058823529411764705	0.0	0.0	0.058823529411764705	0.0	0.058823529411764705	0.0	0.0	0.0	0.058823529411764705	0.058823529411764705	0.17647058823529413	0.17647058823529413
8ath	E	ANWDVAFAY	YPGNGD	GYIFTNY	0.0142857142857142	0.0	7.428571428571429	140.72142857142856	-1.7833333333333334	-0.1666666666666666	9.466666666666669	118.61333333333332	0.3555555555555555	-0.1111111111111111	7.955555555555557	133.36111111111111	0.0	0.0	1.0	0.0	0.0	0.0	0.0	1.0	0.0	1.0	0.0	0.0	0.0	1.0	0.0	0.0	1.0	0.0	2.0	0.0	0.0	0.0	1.0	1.0	0.0	0.0	0.0	2.0	0.0	0.0	0.0	0.0	0.0	0.0	1.0	0.0	0.0	0.0	1.0	0.0	3.0	0.0	1.0	1.0	0.0	0.0	0.0	0.0	0.0	0.0	0.0	0.0	0.0	1.0	0.0	0.0	0.0	1.0	1.0	1.0	7.0	6.0	9.0	human	0.0	0.0	0.14285714285714285	0.0	0.0	0.0	0.0	0.14285714285714285	0.0	0.14285714285714285	0.0	0.0	0.0	0.14285714285714285	0.0	0.0	0.14285714285714285	0.0	0.2857142857142857	0.0	0.0	0.0	0.16666666666666666	0.16666666666666666	0.0	0.0	0.0	0.3333333333333333	0.0	0.0	0.0	0.0	0.0	0.0	0.16666666666666666	0.0	0.0	0.0	0.16666666666666666	0.0	0.3333333333333333	0.0	0.1111111111111111	0.1111111111111111	0.0	0.0	0.0	0.0	0.0	0.0	0.0	0.0	0.0	0.1111111111111111	0.0	0.0	0.0	0.1111111111111111	0.1111111111111111	0.1111111111111111
7z2m	B	YPNYGAFDI	YPSDSD	GYSFTSY	-0.3571428571428571	0.0	7.657142857142857	133.1342857142857	-1.9166666666666667	-0.3333333333333333	9.766666666666666	128.78333333333333	-0.2777777777777778	-0.1111111111111111	8.055555555555557	133.69444444444446	0.0	0.0	0.0	0.0	0.0	0.0	0.0	1.0	0.0	0.0	0.0	0.0	0.0	1.0	0.0	2.0	1.0	0.0	2.0	0.0	0.0	0.0	0.0	2.0	0.0	0.0	0.0	0.0	0.0	0.0	0.0	0.0	0.0	0.0	1.0	2.0	0.0	0.0	1.0	0.0	1.0	0.0	1.0	1.0	0.0	0.0	0.0	1.0	0.0	1.0	0.0	0.0	0.0	1.0	1.0	0.0	0.0	0.0	2.0	0.0	7.0	6.0	9.0	human	0.0	0.0	0.0	0.0	0.0	0.0	0.0	0.14285714285714285	0.0	0.0	0.0	0.0	0.0	0.14285714285714285	0.0	0.2857142857142857	0.14285714285714285	0.0	0.2857142857142857	0.0	0.0	0.0	0.0	0.3333333333333333	0.0	0.0	0.0	0.0	0.0	0.0	0.0	0.0	0.0	0.0	0.16666666666666666	0.3333333333333333	0.0	0.0	0.16666666666666666	0.0	0.1111111111111111	0.0	0.1111111111111111	0.1111111111111111	0.0	0.0	0.0	0.1111111111111111	0.0	0.1111111111111111	0.0	0.0	0.0	0.1111111111111111	0.1111111111111111	0.0	0.0	0.0	0.2222222222222222	0.0
7x8t	C	SGYGGSWGGYIADDIDA	DDDGSY	GFTFSSF	0.8142857142857143	0.0	7.371428571428571	128.56285714285715	-2.166666666666667	-0.5	10.566666666666668	126.77499999999998	-0.2941176470588236	-0.1764705882352941	8.635294117647058	117.1741176470588	0.0	0.0	0.0	0.0	0.0	0.0	0.0	1.0	0.0	0.0	0.0	0.0	0.0	3.0	0.0	2.0	1.0	0.0	0.0	0.0	0.0	0.0	0.0	3.0	0.0	0.0	0.0	1.0	0.0	0.0	0.0	0.0	0.0	0.0	0.0	1.0	0.0	0.0	1.0	0.0	2.0	0.0	0.0	3.0	0.0	0.0	0.0	5.0	0.0	2.0	0.0	0.0	0.0	0.0	0.0	2.0	0.0	1.0	2.0	0.0	7.0	6.0	17.0	human	0.0	0.0	0.0	0.0	0.0	0.0	0.0	0.14285714285714285	0.0	0.0	0.0	0.0	0.0	0.42857142857142855	0.0	0.2857142857142857	0.14285714285714285	0.0	0.0	0.0	0.0	0.0	0.0	0.5	0.0	0.0	0.0	0.16666666666666666	0.0	0.0	0.0	0.0	0.0	0.0	0.0	0.16666666666666666	0.0	0.0	0.16666666666666666	0.0	0.11764705882352941	0.0	0.0	0.17647058823529413	0.0	0.0	0.0	0.29411764705882354	0.0	0.11764705882352941	0.0	0.0	0.0	0.0	0.0	0.11764705882352941	0.0	0.058823529411764705	0.11764705882352941	0.0
7yxu	H	SSYYGSYYSIDY	SSGSGS	GFTFSYG	0.2857142857142857	0.0	7.485714285714286	126.55999999999996	-0.6666666666666666	0.0	9.133333333333333	95.08333333333331	-0.7583333333333334	-0.0833333333333333	7.916666666666668	138.80416666666665	0.0	0.0	0.0	0.0	0.0	0.0	0.0	2.0	0.0	0.0	0.0	0.0	0.0	2.0	0.0	1.0	1.0	0.0	1.0	0.0	0.0	0.0	0.0	0.0	0.0	0.0	0.0	2.0	0.0	0.0	0.0	0.0	0.0	0.0	0.0	4.0	0.0	0.0	0.0	0.0	0.0	0.0	0.0	1.0	0.0	0.0	0.0	1.0	0.0	1.0	0.0	0.0	0.0	0.0	0.0	4.0	0.0	0.0	5.0	0.0	7.0	6.0	12.0	human	0.0	0.0	0.0	0.0	0.0	0.0	0.0	0.2857142857142857	0.0	0.0	0.0	0.0	0.0	0.2857142857142857	0.0	0.14285714285714285	0.14285714285714285	0.0	0.14285714285714285	0.0	0.0	0.0	0.0	0.0	0.0	0.0	0.0	0.3333333333333333	0.0	0.0	0.0	0.0	0.0	0.0	0.0	0.6666666666666666	0.0	0.0	0.0	0.0	0.0	0.0	0.0	0.08333333333333333	0.0	0.0	0.0	0.08333333333333333	0.0	0.08333333333333333	0.0	0.0	0.0	0.0	0.0	0.3333333333333333	0.0	0.0	0.4166666666666667	0.0
7wn8	H	GTVYFDY	SAYNGN	GYTFTSY	-0.3428571428571429	0.0	7.571428571428571	135.13857142857142	-1.2833333333333334	0.0	9.283333333333331	119.11333333333332	-0.0285714285714286	-0.1428571428571428	7.728571428571429	138.85857142857142	0.0	0.0	0.0	0.0	0.0	0.0	0.0	1.0	0.0	0.0	0.0	0.0	0.0	1.0	0.0	1.0	2.0	0.0	2.0	0.0	1.0	0.0	2.0	0.0	0.0	0.0	0.0	1.0	0.0	0.0	0.0	0.0	0.0	0.0	0.0	1.0	0.0	0.0	1.0	0.0	0.0	0.0	0.0	1.0	0.0	0.0	0.0	1.0	0.0	0.0	0.0	0.0	0.0	1.0	0.0	0.0	1.0	0.0	2.0	1.0	7.0	6.0	7.0	human	0.0	0.0	0.0	0.0	0.0	0.0	0.0	0.14285714285714285	0.0	0.0	0.0	0.0	0.0	0.14285714285714285	0.0	0.14285714285714285	0.2857142857142857	0.0	0.2857142857142857	0.0	0.16666666666666666	0.0	0.3333333333333333	0.0	0.0	0.0	0.0	0.16666666666666666	0.0	0.0	0.0	0.0	0.0	0.0	0.0	0.16666666666666666	0.0	0.0	0.16666666666666666	0.0	0.0	0.0	0.0	0.14285714285714285	0.0	0.0	0.0	0.14285714285714285	0.0	0.0	0.0	0.0	0.0	0.14285714285714285	0.0	0.0	0.14285714285714285	0.0	0.2857142857142857	0.14285714285714285
7ox1	A	AGEGRSWYPGYYYGMDY	ARDGS	GGSITTGYY	-0.1666666666666666	0.0	7.888888888888889	118.01000000000002	-1.48	0.0	9.96	115.31	-1.1294117647058823	-0.0588235294117647	8.188235294117646	136.67117647058822	0.0	0.0	0.0	0.0	0.0	0.0	0.0	3.0	0.0	1.0	0.0	0.0	0.0	0.0	0.0	1.0	2.0	0.0	2.0	0.0	1.0	1.0	0.0	1.0	0.0	0.0	0.0	1.0	0.0	0.0	0.0	0.0	0.0	0.0	0.0	1.0	0.0	0.0	0.0	0.0	1.0	1.0	0.0	1.0	0.0	0.0	1.0	4.0	0.0	0.0	0.0	0.0	1.0	0.0	1.0	1.0	0.0	1.0	5.0	0.0	9.0	5.0	17.0	human	0.0	0.0	0.0	0.0	0.0	0.0	0.0	0.3333333333333333	0.0	0.1111111111111111	0.0	0.0	0.0	0.0	0.0	0.1111111111111111	0.2222222222222222	0.0	0.2222222222222222	0.0	0.2	0.2	0.0	0.2	0.0	0.0	0.0	0.2	0.0	0.0	0.0	0.0	0.0	0.0	0.0	0.2	0.0	0.0	0.0	0.0	0.058823529411764705	0.058823529411764705	0.0	0.058823529411764705	0.0	0.0	0.058823529411764705	0.23529411764705882	0.0	0.0	0.0	0.0	0.058823529411764705	0.0	0.058823529411764705	0.058823529411764705	0.0	0.058823529411764705	0.29411764705882354	0.0
7ox3	A	VSAATLFLDY	DYDGS	GGPITTRYY	-0.7111111111111111	0.1111111111111111	7.922222222222222	130.14	-1.9000000000000004	-0.4	10.080000000000002	125.51000000000002	1.19	-0.1	7.410000000000001	126.136	0.0	1.0	0.0	0.0	0.0	0.0	0.0	2.0	0.0	1.0	0.0	0.0	0.0	0.0	1.0	0.0	2.0	0.0	2.0	0.0	0.0	0.0	0.0	2.0	0.0	0.0	0.0	1.0	0.0	0.0	0.0	0.0	0.0	0.0	0.0	1.0	0.0	0.0	1.0	0.0	2.0	0.0	0.0	1.0	0.0	0.0	0.0	0.0	0.0	0.0	2.0	0.0	0.0	1.0	0.0	1.0	1.0	0.0	1.0	1.0	9.0	5.0	10.0	human	0.0	0.1111111111111111	0.0	0.0	0.0	0.0	0.0	0.2222222222222222	0.0	0.1111111111111111	0.0	0.0	0.0	0.0	0.1111111111111111	0.0	0.2222222222222222	0.0	0.2222222222222222	0.0	0.0	0.0	0.0	0.4	0.0	0.0	0.0	0.2	0.0	0.0	0.0	0.0	0.0	0.0	0.0	0.2	0.0	0.0	0.2	0.0	0.2	0.0	0.0	0.1	0.0	0.0	0.0	0.0	0.0	0.0	0.2	0.0	0.0	0.1	0.0	0.1	0.1	0.0	0.1	0.1
7df1	H	GYYDILTGSRPIFFDI	NPSGGS	GYTFTSY	-0.3428571428571429	0.0	7.571428571428571	135.13857142857142	-1.25	0.0	9.333333333333334	101.26166666666668	0.3062499999999999	-0.0625	7.725	134.2075	0.0	0.0	0.0	0.0	0.0	0.0	0.0	1.0	0.0	0.0	0.0	0.0	0.0	1.0	0.0	1.0	2.0	0.0	2.0	0.0	0.0	0.0	1.0	0.0	0.0	0.0	0.0	2.0	0.0	0.0	0.0	0.0	0.0	0.0	1.0	2.0	0.0	0.0	0.0	0.0	0.0	1.0	0.0	2.0	0.0	0.0	0.0	2.0	0.0	3.0	1.0	0.0	0.0	2.0	1.0	1.0	1.0	0.0	2.0	0.0	7.0	6.0	16.0	human	0.0	0.0	0.0	0.0	0.0	0.0	0.0	0.14285714285714285	0.0	0.0	0.0	0.0	0.0	0.14285714285714285	0.0	0.14285714285714285	0.2857142857142857	0.0	0.2857142857142857	0.0	0.0	0.0	0.16666666666666666	0.0	0.0	0.0	0.0	0.3333333333333333	0.0	0.0	0.0	0.0	0.0	0.0	0.16666666666666666	0.3333333333333333	0.0	0.0	0.0	0.0	0.0	0.0625	0.0	0.125	0.0	0.0	0.0	0.125	0.0	0.1875	0.0625	0.0	0.0	0.125	0.0625	0.0625	0.0625	0.0	0.125	0.0
8eb2	J	EEITYAMDY	YPGNVN	GYTFTSY	-0.3428571428571429	0.0	7.571428571428571	135.13857142857142	-1.0166666666666668	0.0	8.716666666666667	125.46333333333332	-0.6222222222222222	-0.3333333333333333	8.622222222222224	142.0366666666667	0.0	0.0	0.0	0.0	0.0	0.0	0.0	1.0	0.0	0.0	0.0	0.0	0.0	1.0	0.0	1.0	2.0	0.0	2.0	0.0	0.0	0.0	2.0	0.0	0.0	0.0	0.0	1.0	0.0	0.0	0.0	0.0	0.0	0.0	1.0	0.0	0.0	0.0	1.0	1.0	1.0	0.0	0.0	1.0	0.0	0.0	2.0	0.0	0.0	1.0	0.0	0.0	1.0	0.0	0.0	0.0	1.0	0.0	2.0	0.0	7.0	6.0	9.0	human	0.0	0.0	0.0	0.0	0.0	0.0	0.0	0.14285714285714285	0.0	0.0	0.0	0.0	0.0	0.14285714285714285	0.0	0.14285714285714285	0.2857142857142857	0.0	0.2857142857142857	0.0	0.0	0.0	0.3333333333333333	0.0	0.0	0.0	0.0	0.16666666666666666	0.0	0.0	0.0	0.0	0.0	0.0	0.16666666666666666	0.0	0.0	0.0	0.16666666666666666	0.16666666666666666	0.1111111111111111	0.0	0.0	0.1111111111111111	0.0	0.0	0.2222222222222222	0.0	0.0	0.1111111111111111	0.0	0.0	0.1111111111111111	0.0	0.0	0.0	0.1111111111111111	0.0	0.2222222222222222	0.0
7tr4	L	ELLPGYGMDV	VSSGGS	GFTFSTY	0.2428571428571428	0.0	7.428571428571429	132.85285714285715	0.1666666666666667	0.0	8.583333333333334	97.09333333333336	0.2999999999999999	-0.2	7.890000000000001	125.539	0.0	0.0	0.0	0.0	0.0	0.0	0.0	1.0	0.0	0.0	0.0	0.0	0.0	2.0	0.0	1.0	2.0	0.0	1.0	0.0	0.0	0.0	0.0	0.0	0.0	0.0	0.0	2.0	0.0	0.0	0.0	0.0	0.0	0.0	0.0	3.0	0.0	0.0	0.0	1.0	0.0	0.0	0.0	1.0	0.0	0.0	1.0	2.0	0.0	0.0	2.0	0.0	1.0	0.0	1.0	0.0	0.0	0.0	1.0	1.0	7.0	6.0	10.0	human	0.0	0.0	0.0	0.0	0.0	0.0	0.0	0.14285714285714285	0.0	0.0	0.0	0.0	0.0	0.2857142857142857	0.0	0.14285714285714285	0.2857142857142857	0.0	0.14285714285714285	0.0	0.0	0.0	0.0	0.0	0.0	0.0	0.0	0.3333333333333333	0.0	0.0	0.0	0.0	0.0	0.0	0.0	0.5	0.0	0.0	0.0	0.16666666666666666	0.0	0.0	0.0	0.1	0.0	0.0	0.1	0.2	0.0	0.0	0.2	0.0	0.1	0.0	0.1	0.0	0.0	0.0	0.1	0.1
7zxk	H	DGGRTSYTATAHNWFDP	SSSGSY	GFTFRSY	-0.3	0.1428571428571428	7.700000000000001	140.72142857142856	-0.8166666666666668	0.0	8.666666666666666	112.76999999999998	-1.1352941176470586	0.0	8.970588235294116	128.48176470588237	0.0	1.0	0.0	0.0	0.0	0.0	0.0	1.0	0.0	0.0	0.0	0.0	0.0	2.0	0.0	1.0	1.0	0.0	1.0	0.0	0.0	0.0	0.0	0.0	0.0	0.0	0.0	1.0	0.0	0.0	0.0	0.0	0.0	0.0	0.0	4.0	0.0	0.0	1.0	0.0	2.0	1.0	1.0	2.0	0.0	0.0	0.0	2.0	1.0	0.0	0.0	0.0	0.0	1.0	1.0	1.0	3.0	1.0	1.0	0.0	7.0	6.0	17.0	human	0.0	0.14285714285714285	0.0	0.0	0.0	0.0	0.0	0.14285714285714285	0.0	0.0	0.0	0.0	0.0	0.2857142857142857	0.0	0.14285714285714285	0.14285714285714285	0.0	0.14285714285714285	0.0	0.0	0.0	0.0	0.0	0.0	0.0	0.0	0.16666666666666666	0.0	0.0	0.0	0.0	0.0	0.0	0.0	0.6666666666666666	0.0	0.0	0.16666666666666666	0.0	0.11764705882352941	0.058823529411764705	0.058823529411764705	0.11764705882352941	0.0	0.0	0.0	0.11764705882352941	0.058823529411764705	0.0	0.0	0.0	0.0	0.058823529411764705	0.058823529411764705	0.058823529411764705	0.17647058823529413	0.058823529411764705	0.058823529411764705	0.0
7uvf	H	GYGYYVFDH	DPANDN	GFNIKDT	-0.6714285714285715	0.0	9.128571428571428	128.85142857142858	-2.3000000000000003	-0.3333333333333333	10.883333333333333	122.44333333333331	-0.4888888888888889	0.0	7.900000000000001	140.4788888888889	0.0	0.0	1.0	1.0	0.0	0.0	0.0	1.0	0.0	1.0	0.0	1.0	0.0	1.0	0.0	0.0	1.0	0.0	0.0	0.0	1.0	0.0	2.0	2.0	0.0	0.0	0.0	0.0	0.0	0.0	0.0	0.0	0.0	0.0	1.0	0.0	0.0	0.0	0.0	0.0	0.0	0.0	0.0	1.0	0.0	0.0	0.0	2.0	1.0	0.0	0.0	0.0	0.0	1.0	0.0	0.0	0.0	0.0	3.0	1.0	7.0	6.0	9.0	human	0.0	0.0	0.14285714285714285	0.14285714285714285	0.0	0.0	0.0	0.14285714285714285	0.0	0.14285714285714285	0.0	0.14285714285714285	0.0	0.14285714285714285	0.0	0.0	0.14285714285714285	0.0	0.0	0.0	0.16666666666666666	0.0	0.3333333333333333	0.3333333333333333	0.0	0.0	0.0	0.0	0.0	0.0	0.0	0.0	0.0	0.0	0.16666666666666666	0.0	0.0	0.0	0.0	0.0	0.0	0.0	0.0	0.1111111111111111	0.0	0.0	0.0	0.2222222222222222	0.1111111111111111	0.0	0.0	0.0	0.0	0.1111111111111111	0.0	0.0	0.0	0.0	0.3333333333333333	0.1111111111111111
7s7i	H	WGYGSGGFDY	SYRSRT	GFTFSTY	0.2428571428571428	0.0	7.428571428571429	132.85285714285715	-2.1	0.3333333333333333	9.033333333333331	143.14833333333334	-0.66	-0.1	8.120000000000001	127.027	0.0	0.0	0.0	0.0	0.0	0.0	0.0	1.0	0.0	0.0	0.0	0.0	0.0	2.0	0.0	1.0	2.0	0.0	1.0	0.0	0.0	2.0	0.0	0.0	0.0	0.0	0.0	0.0	0.0	0.0	0.0	0.0	0.0	0.0	0.0	2.0	1.0	0.0	1.0	0.0	0.0	0.0	0.0	1.0	0.0	0.0	0.0	4.0	0.0	0.0	0.0	0.0	0.0	1.0	0.0	1.0	0.0	1.0	2.0	0.0	7.0	6.0	10.0	human	0.0	0.0	0.0	0.0	0.0	0.0	0.0	0.14285714285714285	0.0	0.0	0.0	0.0	0.0	0.2857142857142857	0.0	0.14285714285714285	0.2857142857142857	0.0	0.14285714285714285	0.0	0.0	0.3333333333333333	0.0	0.0	0.0	0.0	0.0	0.0	0.0	0.0	0.0	0.0	0.0	0.0	0.0	0.3333333333333333	0.16666666666666666	0.0	0.16666666666666666	0.0	0.0	0.0	0.0	0.1	0.0	0.0	0.0	0.4	0.0	0.0	0.0	0.0	0.0	0.1	0.0	0.1	0.0	0.1	0.2	0.0
8e7m	H	DWAMVGADAFDI	SGSGDR	GFTFSSY	0.2285714285714286	0.0	7.514285714285713	130.84857142857143	-1.7333333333333334	0.0	9.983333333333333	111.26999999999998	0.5833333333333333	-0.25	8.308333333333334	125.71583333333332	0.0	0.0	0.0	0.0	0.0	0.0	0.0	1.0	0.0	0.0	0.0	0.0	0.0	2.0	0.0	2.0	1.0	0.0	1.0	0.0	0.0	1.0	0.0	1.0	0.0	0.0	0.0	2.0	0.0	0.0	0.0	0.0	0.0	0.0	0.0	2.0	0.0	0.0	0.0	0.0	3.0	0.0	0.0	3.0	0.0	0.0	0.0	1.0	0.0	1.0	0.0	0.0	1.0	1.0	0.0	0.0	0.0	1.0	0.0	1.0	7.0	6.0	12.0	human	0.0	0.0	0.0	0.0	0.0	0.0	0.0	0.14285714285714285	0.0	0.0	0.0	0.0	0.0	0.2857142857142857	0.0	0.2857142857142857	0.14285714285714285	0.0	0.14285714285714285	0.0	0.0	0.16666666666666666	0.0	0.16666666666666666	0.0	0.0	0.0	0.3333333333333333	0.0	0.0	0.0	0.0	0.0	0.0	0.0	0.3333333333333333	0.0	0.0	0.0	0.0	0.25	0.0	0.0	0.25	0.0	0.0	0.0	0.08333333333333333	0.0	0.08333333333333333	0.0	0.0	0.08333333333333333	0.08333333333333333	0.0	0.0	0.0	0.08333333333333333	0.0	0.08333333333333333
7sjn	D	GYDYDYALDY	DPETEG	GYKFTDS	-1.1142857142857143	0.0	8.928571428571429	132.1357142857143	-2.2	-0.5	10.533333333333331	122.78000000000002	-1.05	-0.3	8.580000000000002	141.939	0.0	0.0	0.0	1.0	0.0	0.0	0.0	1.0	0.0	0.0	0.0	1.0	0.0	1.0	0.0	1.0	1.0	0.0	1.0	0.0	0.0	0.0	0.0	1.0	0.0	0.0	2.0	1.0	0.0	0.0	0.0	0.0	0.0	0.0	1.0	0.0	1.0	0.0	0.0	0.0	1.0	0.0	0.0	3.0	0.0	0.0	0.0	1.0	0.0	0.0	1.0	0.0	0.0	0.0	0.0	0.0	0.0	0.0	4.0	0.0	7.0	6.0	10.0	human	0.0	0.0	0.0	0.14285714285714285	0.0	0.0	0.0	0.14285714285714285	0.0	0.0	0.0	0.14285714285714285	0.0	0.14285714285714285	0.0	0.14285714285714285	0.14285714285714285	0.0	0.14285714285714285	0.0	0.0	0.0	0.0	0.16666666666666666	0.0	0.0	0.3333333333333333	0.16666666666666666	0.0	0.0	0.0	0.0	0.0	0.0	0.16666666666666666	0.0	0.16666666666666666	0.0	0.0	0.0	0.1	0.0	0.0	0.3	0.0	0.0	0.0	0.1	0.0	0.0	0.1	0.0	0.0	0.0	0.0	0.0	0.0	0.0	0.4	0.0
7sjo	E	GYDYDYALDY	DPETEG	GYKFTDS	-1.1142857142857143	0.0	8.928571428571429	132.1357142857143	-2.2	-0.5	10.533333333333331	122.78000000000002	-1.05	-0.3	8.580000000000002	141.939	0.0	0.0	0.0	1.0	0.0	0.0	0.0	1.0	0.0	0.0	0.0	1.0	0.0	1.0	0.0	1.0	1.0	0.0	1.0	0.0	0.0	0.0	0.0	1.0	0.0	0.0	2.0	1.0	0.0	0.0	0.0	0.0	0.0	0.0	1.0	0.0	1.0	0.0	0.0	0.0	1.0	0.0	0.0	3.0	0.0	0.0	0.0	1.0	0.0	0.0	1.0	0.0	0.0	0.0	0.0	0.0	0.0	0.0	4.0	0.0	7.0	6.0	10.0	human	0.0	0.0	0.0	0.14285714285714285	0.0	0.0	0.0	0.14285714285714285	0.0	0.0	0.0	0.14285714285714285	0.0	0.14285714285714285	0.0	0.14285714285714285	0.14285714285714285	0.0	0.14285714285714285	0.0	0.0	0.0	0.0	0.16666666666666666	0.0	0.0	0.3333333333333333	0.16666666666666666	0.0	0.0	0.0	0.0	0.0	0.0	0.16666666666666666	0.0	0.16666666666666666	0.0	0.0	0.0	0.1	0.0	0.0	0.3	0.0	0.0	0.0	0.1	0.0	0.0	0.1	0.0	0.0	0.0	0.0	0.0	0.0	0.0	0.4	0.0
7ubr	E	PLYDYYAMDY	DPANGY	GFNIKDT	-0.6714285714285715	0.0	9.128571428571428	128.85142857142858	-1.4166666666666667	-0.1666666666666666	9.316666666666668	120.95	-0.63	-0.2	7.750000000000002	147.55599999999998	0.0	0.0	1.0	1.0	0.0	0.0	0.0	1.0	0.0	1.0	0.0	1.0	0.0	1.0	0.0	0.0	1.0	0.0	0.0	0.0	1.0	0.0	1.0	1.0	0.0	0.0	0.0	1.0	0.0	0.0	0.0	0.0	0.0	0.0	1.0	0.0	0.0	0.0	1.0	0.0	1.0	0.0	0.0	2.0	0.0	0.0	0.0	0.0	0.0	0.0	1.0	0.0	1.0	0.0	1.0	0.0	0.0	0.0	4.0	0.0	7.0	6.0	10.0	human	0.0	0.0	0.14285714285714285	0.14285714285714285	0.0	0.0	0.0	0.14285714285714285	0.0	0.14285714285714285	0.0	0.14285714285714285	0.0	0.14285714285714285	0.0	0.0	0.14285714285714285	0.0	0.0	0.0	0.16666666666666666	0.0	0.16666666666666666	0.16666666666666666	0.0	0.0	0.0	0.16666666666666666	0.0	0.0	0.0	0.0	0.0	0.0	0.16666666666666666	0.0	0.0	0.0	0.16666666666666666	0.0	0.1	0.0	0.0	0.2	0.0	0.0	0.0	0.0	0.0	0.0	0.1	0.0	0.1	0.0	0.1	0.0	0.0	0.0	0.4	0.0
7xw7	A	LDWNYNPLRY	YPGDSD	GYSLTDN	-0.9142857142857144	-0.1428571428571428	8.928571428571429	125.26571428571428	-1.8500000000000003	-0.3333333333333333	9.733333333333334	123.78000000000002	-1.25	0.0	8.23	151.562	0.0	0.0	1.0	1.0	0.0	0.0	0.0	1.0	0.0	0.0	1.0	0.0	0.0	0.0	0.0	1.0	1.0	0.0	1.0	0.0	0.0	0.0	0.0	2.0	0.0	0.0	0.0	1.0	0.0	0.0	0.0	0.0	0.0	0.0	1.0	1.0	0.0	0.0	1.0	0.0	0.0	1.0	2.0	1.0	0.0	0.0	0.0	0.0	0.0	0.0	2.0	0.0	0.0	0.0	1.0	0.0	0.0	1.0	2.0	0.0	7.0	6.0	10.0	human	0.0	0.0	0.14285714285714285	0.14285714285714285	0.0	0.0	0.0	0.14285714285714285	0.0	0.0	0.14285714285714285	0.0	0.0	0.0	0.0	0.14285714285714285	0.14285714285714285	0.0	0.14285714285714285	0.0	0.0	0.0	0.0	0.3333333333333333	0.0	0.0	0.0	0.16666666666666666	0.0	0.0	0.0	0.0	0.0	0.0	0.16666666666666666	0.16666666666666666	0.0	0.0	0.16666666666666666	0.0	0.0	0.1	0.2	0.1	0.0	0.0	0.0	0.0	0.0	0.0	0.2	0.0	0.0	0.0	0.1	0.0	0.0	0.1	0.2	0.0
7t9n	H	LEPGYSSTWSVN	DPTDSY	GYRFTSY	-0.8857142857142858	0.1428571428571428	7.842857142857143	143.00714285714284	-1.9000000000000004	-0.3333333333333333	9.666666666666666	131.12166666666667	-0.525	-0.0833333333333333	8.291666666666668	128.13166666666666	0.0	1.0	0.0	0.0	0.0	0.0	0.0	1.0	0.0	0.0	0.0	0.0	0.0	1.0	0.0	1.0	1.0	0.0	2.0	0.0	0.0	0.0	0.0	2.0	0.0	0.0	0.0	0.0	0.0	0.0	0.0	0.0	0.0	0.0	1.0	1.0	1.0	0.0	1.0	0.0	0.0	0.0	1.0	0.0	0.0	0.0	1.0	1.0	0.0	0.0	1.0	0.0	0.0	0.0	1.0	3.0	1.0	1.0	1.0	1.0	7.0	6.0	12.0	human	0.0	0.14285714285714285	0.0	0.0	0.0	0.0	0.0	0.14285714285714285	0.0	0.0	0.0	0.0	0.0	0.14285714285714285	0.0	0.14285714285714285	0.14285714285714285	0.0	0.2857142857142857	0.0	0.0	0.0	0.0	0.3333333333333333	0.0	0.0	0.0	0.0	0.0	0.0	0.0	0.0	0.0	0.0	0.16666666666666666	0.16666666666666666	0.16666666666666666	0.0	0.16666666666666666	0.0	0.0	0.0	0.08333333333333333	0.0	0.0	0.0	0.08333333333333333	0.08333333333333333	0.0	0.0	0.08333333333333333	0.0	0.0	0.0	0.08333333333333333	0.25	0.08333333333333333	0.08333333333333333	0.08333333333333333	0.08333333333333333
7re7	I	YYVSLVDI	DPGDSY	GYSFPNY	-0.8714285714285716	0.0	7.914285714285714	136.4257142857143	-1.8500000000000003	-0.3333333333333333	9.733333333333334	123.78000000000002	1.225	-0.125	7.0625	137.15125	0.0	0.0	1.0	0.0	0.0	0.0	0.0	1.0	0.0	0.0	0.0	0.0	0.0	1.0	1.0	1.0	0.0	0.0	2.0	0.0	0.0	0.0	0.0	2.0	0.0	0.0	0.0	1.0	0.0	0.0	0.0	0.0	0.0	0.0	1.0	1.0	0.0	0.0	1.0	0.0	0.0	0.0	0.0	1.0	0.0	0.0	0.0	0.0	0.0	1.0	1.0	0.0	0.0	0.0	0.0	1.0	0.0	0.0	2.0	2.0	7.0	6.0	8.0	human	0.0	0.0	0.14285714285714285	0.0	0.0	0.0	0.0	0.14285714285714285	0.0	0.0	0.0	0.0	0.0	0.14285714285714285	0.14285714285714285	0.14285714285714285	0.0	0.0	0.2857142857142857	0.0	0.0	0.0	0.0	0.3333333333333333	0.0	0.0	0.0	0.16666666666666666	0.0	0.0	0.0	0.0	0.0	0.0	0.16666666666666666	0.16666666666666666	0.0	0.0	0.16666666666666666	0.0	0.0	0.0	0.0	0.125	0.0	0.0	0.0	0.0	0.0	0.125	0.125	0.0	0.0	0.0	0.0	0.125	0.0	0.0	0.25	0.25
7t0w	H	GEQSYDRTGYSDWFDP	DPKSGN	GYTFISY	0.3999999999999999	0.0	7.0857142857142845	136.86	-2.2833333333333337	0.0	10.35	117.78333333333332	-1.7125	-0.1875	9.26875	137.071875	0.0	0.0	0.0	0.0	0.0	0.0	0.0	1.0	0.0	1.0	0.0	0.0	0.0	1.0	0.0	1.0	1.0	0.0	2.0	0.0	0.0	0.0	1.0	1.0	0.0	0.0	0.0	1.0	0.0	0.0	0.0	1.0	0.0	0.0	1.0	1.0	0.0	0.0	0.0	0.0	0.0	1.0	0.0	3.0	0.0	1.0	1.0	2.0	0.0	0.0	0.0	0.0	0.0	1.0	1.0	2.0	1.0	1.0	2.0	0.0	7.0	6.0	16.0	human	0.0	0.0	0.0	0.0	0.0	0.0	0.0	0.14285714285714285	0.0	0.14285714285714285	0.0	0.0	0.0	0.14285714285714285	0.0	0.14285714285714285	0.14285714285714285	0.0	0.2857142857142857	0.0	0.0	0.0	0.16666666666666666	0.16666666666666666	0.0	0.0	0.0	0.16666666666666666	0.0	0.0	0.0	0.16666666666666666	0.0	0.0	0.16666666666666666	0.16666666666666666	0.0	0.0	0.0	0.0	0.0	0.0625	0.0	0.1875	0.0	0.0625	0.0625	0.125	0.0	0.0	0.0	0.0	0.0	0.0625	0.0625	0.125	0.0625	0.0625	0.125	0.0
7t0z	H	EPPAMVWFGGGYFDY	SGSGAS	GFTFKTY	-0.1999999999999999	0.1428571428571428	7.728571428571429	138.7242857142857	-0.2333333333333333	0.0	8.950000000000001	92.41666666666669	-0.0933333333333333	-0.1333333333333333	7.746666666666667	132.54266666666666	0.0	0.0	0.0	0.0	0.0	0.0	0.0	1.0	0.0	0.0	0.0	1.0	0.0	2.0	0.0	0.0	2.0	0.0	1.0	0.0	1.0	0.0	0.0	0.0	0.0	0.0	0.0	2.0	0.0	0.0	0.0	0.0	0.0	0.0	0.0	3.0	0.0	0.0	0.0	0.0	1.0	0.0	0.0	1.0	0.0	0.0	1.0	3.0	0.0	0.0	0.0	0.0	1.0	2.0	2.0	0.0	0.0	1.0	2.0	1.0	7.0	6.0	15.0	human	0.0	0.0	0.0	0.0	0.0	0.0	0.0	0.14285714285714285	0.0	0.0	0.0	0.14285714285714285	0.0	0.2857142857142857	0.0	0.0	0.2857142857142857	0.0	0.14285714285714285	0.0	0.16666666666666666	0.0	0.0	0.0	0.0	0.0	0.0	0.3333333333333333	0.0	0.0	0.0	0.0	0.0	0.0	0.0	0.5	0.0	0.0	0.0	0.0	0.06666666666666667	0.0	0.0	0.06666666666666667	0.0	0.0	0.06666666666666667	0.2	0.0	0.0	0.0	0.0	0.06666666666666667	0.13333333333333333	0.13333333333333333	0.0	0.0	0.06666666666666667	0.13333333333333333	0.06666666666666667
7sk3	D	VYPWWYYKYYHGALDY	YSSYGY	GFNFSYS	-0.1714285714285714	0.0	7.942857142857142	132.7057142857143	-0.9833333333333334	0.0	7.666666666666667	138.13666666666666	-0.7750000000000001	0.0625	7.412500000000001	153.60375000000002	0.0	0.0	1.0	0.0	0.0	0.0	0.0	1.0	0.0	0.0	0.0	0.0	0.0	2.0	0.0	2.0	0.0	0.0	1.0	0.0	0.0	0.0	0.0	0.0	0.0	0.0	0.0	1.0	0.0	0.0	0.0	0.0	0.0	0.0	0.0	2.0	0.0	0.0	3.0	0.0	1.0	0.0	0.0	1.0	0.0	0.0	0.0	1.0	1.0	0.0	1.0	1.0	0.0	0.0	1.0	0.0	0.0	2.0	6.0	1.0	7.0	6.0	16.0	human	0.0	0.0	0.14285714285714285	0.0	0.0	0.0	0.0	0.14285714285714285	0.0	0.0	0.0	0.0	0.0	0.2857142857142857	0.0	0.2857142857142857	0.0	0.0	0.14285714285714285	0.0	0.0	0.0	0.0	0.0	0.0	0.0	0.0	0.16666666666666666	0.0	0.0	0.0	0.0	0.0	0.0	0.0	0.3333333333333333	0.0	0.0	0.5	0.0	0.0625	0.0	0.0	0.0625	0.0	0.0	0.0	0.0625	0.0625	0.0	0.0625	0.0625	0.0	0.0	0.0625	0.0	0.0	0.125	0.375	0.0625
7sk4	D	VYPWWYYKYYHGALDY	YSSYGY	GFNFSYS	-0.1714285714285714	0.0	7.942857142857142	132.7057142857143	-0.9833333333333334	0.0	7.666666666666667	138.13666666666666	-0.7750000000000001	0.0625	7.412500000000001	153.60375000000002	0.0	0.0	1.0	0.0	0.0	0.0	0.0	1.0	0.0	0.0	0.0	0.0	0.0	2.0	0.0	2.0	0.0	0.0	1.0	0.0	0.0	0.0	0.0	0.0	0.0	0.0	0.0	1.0	0.0	0.0	0.0	0.0	0.0	0.0	0.0	2.0	0.0	0.0	3.0	0.0	1.0	0.0	0.0	1.0	0.0	0.0	0.0	1.0	1.0	0.0	1.0	1.0	0.0	0.0	1.0	0.0	0.0	2.0	6.0	1.0	7.0	6.0	16.0	human	0.0	0.0	0.14285714285714285	0.0	0.0	0.0	0.0	0.14285714285714285	0.0	0.0	0.0	0.0	0.0	0.2857142857142857	0.0	0.2857142857142857	0.0	0.0	0.14285714285714285	0.0	0.0	0.0	0.0	0.0	0.0	0.0	0.0	0.16666666666666666	0.0	0.0	0.0	0.0	0.0	0.0	0.0	0.3333333333333333	0.0	0.0	0.5	0.0	0.0625	0.0	0.0	0.0625	0.0	0.0	0.0	0.0625	0.0625	0.0	0.0625	0.0625	0.0	0.0	0.0625	0.0	0.0	0.125	0.375	0.0625
7sk8	D	VYPWWYYKYYHGALDY	YSSYGY	GFNFSYS	-0.1714285714285714	0.0	7.942857142857142	132.7057142857143	-0.9833333333333334	0.0	7.666666666666667	138.13666666666666	-0.7750000000000001	0.0625	7.412500000000001	153.60375000000002	0.0	0.0	1.0	0.0	0.0	0.0	0.0	1.0	0.0	0.0	0.0	0.0	0.0	2.0	0.0	2.0	0.0	0.0	1.0	0.0	0.0	0.0	0.0	0.0	0.0	0.0	0.0	1.0	0.0	0.0	0.0	0.0	0.0	0.0	0.0	2.0	0.0	0.0	3.0	0.0	1.0	0.0	0.0	1.0	0.0	0.0	0.0	1.0	1.0	0.0	1.0	1.0	0.0	0.0	1.0	0.0	0.0	2.0	6.0	1.0	7.0	6.0	16.0	human	0.0	0.0	0.14285714285714285	0.0	0.0	0.0	0.0	0.14285714285714285	0.0	0.0	0.0	0.0	0.0	0.2857142857142857	0.0	0.2857142857142857	0.0	0.0	0.14285714285714285	0.0	0.0	0.0	0.0	0.0	0.0	0.0	0.0	0.16666666666666666	0.0	0.0	0.0	0.0	0.0	0.0	0.0	0.3333333333333333	0.0	0.0	0.5	0.0	0.0625	0.0	0.0	0.0625	0.0	0.0	0.0	0.0625	0.0625	0.0	0.0625	0.0625	0.0	0.0	0.0625	0.0	0.0	0.125	0.375	0.0625
7sk9	F	VSYWDWTWGWSKYEGMDY	SPSYGY	GFNISSS	0.1428571428571428	0.0	8.37142857142857	116.97428571428571	-1.0333333333333334	0.0	7.966666666666668	127.12666666666668	-1.05	-0.1111111111111111	8.133333333333333	148.1005555555556	0.0	0.0	1.0	0.0	0.0	0.0	0.0	1.0	0.0	1.0	0.0	0.0	0.0	1.0	0.0	3.0	0.0	0.0	0.0	0.0	0.0	0.0	0.0	0.0	0.0	0.0	0.0	1.0	0.0	0.0	0.0	0.0	0.0	0.0	1.0	2.0	0.0	0.0	2.0	0.0	0.0	0.0	0.0	2.0	0.0	0.0	1.0	2.0	0.0	0.0	0.0	1.0	1.0	0.0	0.0	2.0	1.0	4.0	3.0	1.0	7.0	6.0	18.0	human	0.0	0.0	0.14285714285714285	0.0	0.0	0.0	0.0	0.14285714285714285	0.0	0.14285714285714285	0.0	0.0	0.0	0.14285714285714285	0.0	0.42857142857142855	0.0	0.0	0.0	0.0	0.0	0.0	0.0	0.0	0.0	0.0	0.0	0.16666666666666666	0.0	0.0	0.0	0.0	0.0	0.0	0.16666666666666666	0.3333333333333333	0.0	0.0	0.3333333333333333	0.0	0.0	0.0	0.0	0.1111111111111111	0.0	0.0	0.05555555555555555	0.1111111111111111	0.0	0.0	0.0	0.05555555555555555	0.05555555555555555	0.0	0.0	0.1111111111111111	0.05555555555555555	0.2222222222222222	0.16666666666666666	0.05555555555555555
4ypg	H	DPIAAGY	SVYNGN	GYTFTSY	-0.3428571428571429	0.0	7.571428571428571	135.13857142857142	-0.8833333333333332	0.0	8.916666666666666	123.78999999999998	0.1857142857142857	-0.1428571428571428	8.22857142857143	116.26285714285716	0.0	0.0	0.0	0.0	0.0	0.0	0.0	1.0	0.0	0.0	0.0	0.0	0.0	1.0	0.0	1.0	2.0	0.0	2.0	0.0	0.0	0.0	2.0	0.0	0.0	0.0	0.0	1.0	0.0	0.0	0.0	0.0	0.0	0.0	0.0	1.0	0.0	0.0	1.0	1.0	2.0	0.0	0.0	1.0	0.0	0.0	0.0	1.0	0.0	1.0	0.0	0.0	0.0	0.0	1.0	0.0	0.0	0.0	1.0	0.0	7.0	6.0	7.0	human	0.0	0.0	0.0	0.0	0.0	0.0	0.0	0.14285714285714285	0.0	0.0	0.0	0.0	0.0	0.14285714285714285	0.0	0.14285714285714285	0.2857142857142857	0.0	0.2857142857142857	0.0	0.0	0.0	0.3333333333333333	0.0	0.0	0.0	0.0	0.16666666666666666	0.0	0.0	0.0	0.0	0.0	0.0	0.0	0.16666666666666666	0.0	0.0	0.16666666666666666	0.16666666666666666	0.2857142857142857	0.0	0.0	0.14285714285714285	0.0	0.0	0.0	0.14285714285714285	0.0	0.14285714285714285	0.0	0.0	0.0	0.0	0.14285714285714285	0.0	0.0	0.0	0.14285714285714285	0.0
2vxs	J	DLIHGVTRN	SGSGGS	GFTFSSY	0.2285714285714286	0.0	7.514285714285713	130.84857142857143	-0.6	0.0	9.1	90.08	-0.3666666666666666	0.1111111111111111	8.788888888888888	129.80666666666664	0.0	0.0	0.0	0.0	0.0	0.0	0.0	1.0	0.0	0.0	0.0	0.0	0.0	2.0	0.0	2.0	1.0	0.0	1.0	0.0	0.0	0.0	0.0	0.0	0.0	0.0	0.0	3.0	0.0	0.0	0.0	0.0	0.0	0.0	0.0	3.0	0.0	0.0	0.0	0.0	0.0	1.0	1.0	1.0	0.0	0.0	0.0	1.0	1.0	1.0	1.0	0.0	0.0	0.0	0.0	0.0	1.0	0.0	0.0	1.0	7.0	6.0	9.0	human	0.0	0.0	0.0	0.0	0.0	0.0	0.0	0.14285714285714285	0.0	0.0	0.0	0.0	0.0	0.2857142857142857	0.0	0.2857142857142857	0.14285714285714285	0.0	0.14285714285714285	0.0	0.0	0.0	0.0	0.0	0.0	0.0	0.0	0.5	0.0	0.0	0.0	0.0	0.0	0.0	0.0	0.5	0.0	0.0	0.0	0.0	0.0	0.1111111111111111	0.1111111111111111	0.1111111111111111	0.0	0.0	0.0	0.1111111111111111	0.1111111111111111	0.1111111111111111	0.1111111111111111	0.0	0.0	0.0	0.0	0.0	0.1111111111111111	0.0	0.0	0.1111111111111111
7dc8	B	YGKLYSLNWVFDY	SSQSYH	GFTFSSY	0.2285714285714286	0.0	7.514285714285713	130.84857142857143	-1.7333333333333332	0.1666666666666666	9.116666666666664	132.96166666666667	-0.1769230769230769	0.0	7.615384615384617	144.9269230769231	0.0	0.0	0.0	0.0	0.0	0.0	0.0	1.0	0.0	0.0	0.0	0.0	0.0	2.0	0.0	2.0	1.0	0.0	1.0	0.0	0.0	0.0	0.0	0.0	0.0	1.0	0.0	0.0	1.0	0.0	0.0	0.0	0.0	0.0	0.0	3.0	0.0	0.0	1.0	0.0	0.0	0.0	1.0	1.0	0.0	0.0	0.0	1.0	0.0	0.0	2.0	1.0	0.0	1.0	0.0	1.0	0.0	1.0	3.0	1.0	7.0	6.0	13.0	human	0.0	0.0	0.0	0.0	0.0	0.0	0.0	0.14285714285714285	0.0	0.0	0.0	0.0	0.0	0.2857142857142857	0.0	0.2857142857142857	0.14285714285714285	0.0	0.14285714285714285	0.0	0.0	0.0	0.0	0.0	0.0	0.16666666666666666	0.0	0.0	0.16666666666666666	0.0	0.0	0.0	0.0	0.0	0.0	0.5	0.0	0.0	0.16666666666666666	0.0	0.0	0.0	0.07692307692307693	0.07692307692307693	0.0	0.0	0.0	0.07692307692307693	0.0	0.0	0.15384615384615385	0.07692307692307693	0.0	0.07692307692307693	0.0	0.07692307692307693	0.0	0.07692307692307693	0.23076923076923078	0.07692307692307693
3x3f	H	SYGSGSYYRDYYYGMDV	NPDTDS	GYTFTNY	-0.7285714285714286	0.0	7.914285714285714	139.0	-2.2666666666666666	-0.3333333333333333	10.566666666666668	122.94333333333334	-0.9882352941176472	-0.0588235294117647	8.229411764705883	137.3164705882353	0.0	0.0	1.0	0.0	0.0	0.0	0.0	1.0	0.0	0.0	0.0	0.0	0.0	1.0	0.0	0.0	2.0	0.0	2.0	0.0	0.0	0.0	1.0	2.0	0.0	0.0	0.0	0.0	0.0	0.0	0.0	0.0	0.0	0.0	1.0	1.0	1.0	0.0	0.0	0.0	0.0	1.0	0.0	2.0	0.0	0.0	0.0	3.0	0.0	0.0	0.0	0.0	1.0	0.0	0.0	3.0	0.0	0.0	6.0	1.0	7.0	6.0	17.0	human	0.0	0.0	0.14285714285714285	0.0	0.0	0.0	0.0	0.14285714285714285	0.0	0.0	0.0	0.0	0.0	0.14285714285714285	0.0	0.0	0.2857142857142857	0.0	0.2857142857142857	0.0	0.0	0.0	0.16666666666666666	0.3333333333333333	0.0	0.0	0.0	0.0	0.0	0.0	0.0	0.0	0.0	0.0	0.16666666666666666	0.16666666666666666	0.16666666666666666	0.0	0.0	0.0	0.0	0.058823529411764705	0.0	0.11764705882352941	0.0	0.0	0.0	0.17647058823529413	0.0	0.0	0.0	0.0	0.058823529411764705	0.0	0.0	0.17647058823529413	0.0	0.0	0.35294117647058826	0.058823529411764705
6okm	H	DRLDY	NPGSGD	GYAFTNY	-0.3714285714285715	0.0	7.8428571428571425	134.71	-1.7	-0.1666666666666666	9.966666666666669	105.93	-1.8	-0.2	9.52	150.552	1.0	0.0	1.0	0.0	0.0	0.0	0.0	1.0	0.0	0.0	0.0	0.0	0.0	1.0	0.0	0.0	1.0	0.0	2.0	0.0	0.0	0.0	1.0	1.0	0.0	0.0	0.0	2.0	0.0	0.0	0.0	0.0	0.0	0.0	1.0	1.0	0.0	0.0	0.0	0.0	0.0	1.0	0.0	2.0	0.0	0.0	0.0	0.0	0.0	0.0	1.0	0.0	0.0	0.0	0.0	0.0	0.0	0.0	1.0	0.0	7.0	6.0	5.0	human	0.14285714285714285	0.0	0.14285714285714285	0.0	0.0	0.0	0.0	0.14285714285714285	0.0	0.0	0.0	0.0	0.0	0.14285714285714285	0.0	0.0	0.14285714285714285	0.0	0.2857142857142857	0.0	0.0	0.0	0.16666666666666666	0.16666666666666666	0.0	0.0	0.0	0.3333333333333333	0.0	0.0	0.0	0.0	0.0	0.0	0.16666666666666666	0.16666666666666666	0.0	0.0	0.0	0.0	0.0	0.2	0.0	0.4	0.0	0.0	0.0	0.0	0.0	0.0	0.2	0.0	0.0	0.0	0.0	0.0	0.0	0.0	0.2	0.0
6rp8	h	TGWLGPFDY	SYDGNN	GFTFSSY	0.2285714285714286	0.0	7.514285714285713	130.84857142857143	-2.1666666666666665	-0.1666666666666666	10.1	126.44833333333332	-0.2444444444444444	-0.1111111111111111	7.699999999999999	133.2522222222222	0.0	0.0	0.0	0.0	0.0	0.0	0.0	1.0	0.0	0.0	0.0	0.0	0.0	2.0	0.0	2.0	1.0	0.0	1.0	0.0	0.0	0.0	2.0	1.0	0.0	0.0	0.0	1.0	0.0	0.0	0.0	0.0	0.0	0.0	0.0	1.0	0.0	0.0	1.0	0.0	0.0	0.0	0.0	1.0	0.0	0.0	0.0	2.0	0.0	0.0	1.0	0.0	0.0	1.0	1.0	0.0	1.0	1.0	1.0	0.0	7.0	6.0	9.0	human	0.0	0.0	0.0	0.0	0.0	0.0	0.0	0.14285714285714285	0.0	0.0	0.0	0.0	0.0	0.2857142857142857	0.0	0.2857142857142857	0.14285714285714285	0.0	0.14285714285714285	0.0	0.0	0.0	0.3333333333333333	0.16666666666666666	0.0	0.0	0.0	0.16666666666666666	0.0	0.0	0.0	0.0	0.0	0.0	0.0	0.16666666666666666	0.0	0.0	0.16666666666666666	0.0	0.0	0.0	0.0	0.1111111111111111	0.0	0.0	0.0	0.2222222222222222	0.0	0.0	0.1111111111111111	0.0	0.0	0.1111111111111111	0.1111111111111111	0.0	0.1111111111111111	0.1111111111111111	0.1111111111111111	0.0
3hi6	H	SYDFWSNAFDI	WPSGGN	GFTFSRY	-0.2999999999999999	0.1428571428571428	7.7	140.72142857142856	-1.2666666666666666	0.0	8.700000000000001	117.785	-0.2181818181818182	-0.1818181818181818	8.3	140.41454545454545	0.0	1.0	0.0	0.0	0.0	0.0	0.0	1.0	0.0	0.0	0.0	0.0	0.0	2.0	0.0	1.0	1.0	0.0	1.0	0.0	0.0	0.0	1.0	0.0	0.0	0.0	0.0	2.0	0.0	0.0	0.0	0.0	0.0	0.0	1.0	1.0	0.0	1.0	0.0	0.0	1.0	0.0	1.0	2.0	0.0	0.0	0.0	0.0	0.0	1.0	0.0	0.0	0.0	2.0	0.0	2.0	0.0	1.0	1.0	0.0	7.0	6.0	11.0	human	0.0	0.14285714285714285	0.0	0.0	0.0	0.0	0.0	0.14285714285714285	0.0	0.0	0.0	0.0	0.0	0.2857142857142857	0.0	0.14285714285714285	0.14285714285714285	0.0	0.14285714285714285	0.0	0.0	0.0	0.16666666666666666	0.0	0.0	0.0	0.0	0.3333333333333333	0.0	0.0	0.0	0.0	0.0	0.0	0.16666666666666666	0.16666666666666666	0.0	0.16666666666666666	0.0	0.0	0.09090909090909091	0.0	0.09090909090909091	0.18181818181818182	0.0	0.0	0.0	0.0	0.0	0.09090909090909091	0.0	0.0	0.0	0.18181818181818182	0.0	0.18181818181818182	0.0	0.09090909090909091	0.09090909090909091	0.0
4qhu	B	QLTLDV	SLTSGF	GFTFSSY	0.2285714285714286	0.0	7.514285714285713	130.84857142857143	0.6499999999999999	0.0	7.683333333333334	116.78833333333334	0.6833333333333332	-0.1666666666666666	7.966666666666666	129.64333333333337	0.0	0.0	0.0	0.0	0.0	0.0	0.0	1.0	0.0	0.0	0.0	0.0	0.0	2.0	0.0	2.0	1.0	0.0	1.0	0.0	0.0	0.0	0.0	0.0	0.0	0.0	0.0	1.0	0.0	0.0	1.0	0.0	0.0	1.0	0.0	2.0	1.0	0.0	0.0	0.0	0.0	0.0	0.0	1.0	0.0	1.0	0.0	0.0	0.0	0.0	2.0	0.0	0.0	0.0	0.0	0.0	1.0	0.0	0.0	1.0	7.0	6.0	6.0	human	0.0	0.0	0.0	0.0	0.0	0.0	0.0	0.14285714285714285	0.0	0.0	0.0	0.0	0.0	0.2857142857142857	0.0	0.2857142857142857	0.14285714285714285	0.0	0.14285714285714285	0.0	0.0	0.0	0.0	0.0	0.0	0.0	0.0	0.16666666666666666	0.0	0.0	0.16666666666666666	0.0	0.0	0.16666666666666666	0.0	0.3333333333333333	0.16666666666666666	0.0	0.0	0.0	0.0	0.0	0.0	0.16666666666666666	0.0	0.16666666666666666	0.0	0.0	0.0	0.0	0.3333333333333333	0.0	0.0	0.0	0.0	0.0	0.16666666666666666	0.0	0.0	0.16666666666666666
6nms	B	ENNRYRFFDD	SGSGEI	GFTFSSY	0.2285714285714286	0.0	7.514285714285713	130.84857142857143	-0.2333333333333334	-0.1666666666666666	8.983333333333334	106.43666666666668	-2.22	-0.1	9.91	153.754	0.0	0.0	0.0	0.0	0.0	0.0	0.0	1.0	0.0	0.0	0.0	0.0	0.0	2.0	0.0	2.0	1.0	0.0	1.0	0.0	0.0	0.0	0.0	0.0	0.0	0.0	1.0	2.0	0.0	1.0	0.0	0.0	0.0	0.0	0.0	2.0	0.0	0.0	0.0	0.0	0.0	2.0	2.0	2.0	0.0	0.0	1.0	0.0	0.0	0.0	0.0	0.0	0.0	2.0	0.0	0.0	0.0	0.0	1.0	0.0	7.0	6.0	10.0	human	0.0	0.0	0.0	0.0	0.0	0.0	0.0	0.14285714285714285	0.0	0.0	0.0	0.0	0.0	0.2857142857142857	0.0	0.2857142857142857	0.14285714285714285	0.0	0.14285714285714285	0.0	0.0	0.0	0.0	0.0	0.0	0.0	0.16666666666666666	0.3333333333333333	0.0	0.16666666666666666	0.0	0.0	0.0	0.0	0.0	0.3333333333333333	0.0	0.0	0.0	0.0	0.0	0.2	0.2	0.2	0.0	0.0	0.1	0.0	0.0	0.0	0.0	0.0	0.0	0.2	0.0	0.0	0.0	0.0	0.1	0.0
6vmj	F	EGGFAY	NPTSGG	GYTFTSY	-0.3428571428571429	0.0	7.571428571428571	135.13857142857142	-1.2333333333333334	0.0	9.233333333333334	103.59999999999998	-0.1666666666666666	-0.1666666666666666	8.3	122.12333333333332	0.0	0.0	0.0	0.0	0.0	0.0	0.0	1.0	0.0	0.0	0.0	0.0	0.0	1.0	0.0	1.0	2.0	0.0	2.0	0.0	0.0	0.0	1.0	0.0	0.0	0.0	0.0	2.0	0.0	0.0	0.0	0.0	0.0	0.0	1.0	1.0	1.0	0.0	0.0	0.0	1.0	0.0	0.0	0.0	0.0	0.0	1.0	2.0	0.0	0.0	0.0	0.0	0.0	1.0	0.0	0.0	0.0	0.0	1.0	0.0	7.0	6.0	6.0	human	0.0	0.0	0.0	0.0	0.0	0.0	0.0	0.14285714285714285	0.0	0.0	0.0	0.0	0.0	0.14285714285714285	0.0	0.14285714285714285	0.2857142857142857	0.0	0.2857142857142857	0.0	0.0	0.0	0.16666666666666666	0.0	0.0	0.0	0.0	0.3333333333333333	0.0	0.0	0.0	0.0	0.0	0.0	0.16666666666666666	0.16666666666666666	0.16666666666666666	0.0	0.0	0.0	0.16666666666666666	0.0	0.0	0.0	0.0	0.0	0.16666666666666666	0.3333333333333333	0.0	0.0	0.0	0.0	0.0	0.16666666666666666	0.0	0.0	0.0	0.0	0.16666666666666666	0.0
4ers	H	EKDHYDILTGYNYYYGLDV	YYDGSN	GFTFSSY	0.2285714285714286	0.0	7.514285714285713	130.84857142857143	-1.8	-0.1666666666666666	9.2	134.6266666666667	-0.8578947368421053	-0.1052631578947368	8.584210526315792	140.30368421052634	0.0	0.0	0.0	0.0	0.0	0.0	0.0	1.0	0.0	0.0	0.0	0.0	0.0	2.0	0.0	2.0	1.0	0.0	1.0	0.0	0.0	0.0	1.0	1.0	0.0	0.0	0.0	1.0	0.0	0.0	0.0	0.0	0.0	0.0	0.0	1.0	0.0	0.0	2.0	0.0	0.0	0.0	1.0	3.0	0.0	0.0	1.0	2.0	1.0	1.0	2.0	1.0	0.0	0.0	0.0	0.0	1.0	0.0	5.0	1.0	7.0	6.0	19.0	human	0.0	0.0	0.0	0.0	0.0	0.0	0.0	0.14285714285714285	0.0	0.0	0.0	0.0	0.0	0.2857142857142857	0.0	0.2857142857142857	0.14285714285714285	0.0	0.14285714285714285	0.0	0.0	0.0	0.16666666666666666	0.16666666666666666	0.0	0.0	0.0	0.16666666666666666	0.0	0.0	0.0	0.0	0.0	0.0	0.0	0.16666666666666666	0.0	0.0	0.3333333333333333	0.0	0.0	0.0	0.05263157894736842	0.15789473684210525	0.0	0.0	0.05263157894736842	0.10526315789473684	0.05263157894736842	0.05263157894736842	0.10526315789473684	0.05263157894736842	0.0	0.0	0.0	0.0	0.05263157894736842	0.0	0.2631578947368421	0.05263157894736842
6xp6	H	DVQRMGMDV	IPIFGT	GGTVRSRVH	-0.6777777777777777	0.3333333333333333	8.777777777777779	123.57888888888888	1.5166666666666666	0.0	6.866666666666666	122.80833333333334	-0.3555555555555555	-0.1111111111111111	8.800000000000002	132.70444444444445	0.0	2.0	0.0	0.0	0.0	0.0	0.0	2.0	1.0	0.0	0.0	0.0	0.0	0.0	0.0	1.0	1.0	0.0	0.0	2.0	0.0	0.0	0.0	0.0	0.0	0.0	0.0	1.0	0.0	2.0	0.0	0.0	0.0	1.0	1.0	0.0	1.0	0.0	0.0	0.0	0.0	1.0	0.0	2.0	0.0	1.0	0.0	1.0	0.0	0.0	0.0	0.0	2.0	0.0	0.0	0.0	0.0	0.0	0.0	2.0	9.0	6.0	9.0	human	0.0	0.2222222222222222	0.0	0.0	0.0	0.0	0.0	0.2222222222222222	0.1111111111111111	0.0	0.0	0.0	0.0	0.0	0.0	0.1111111111111111	0.1111111111111111	0.0	0.0	0.2222222222222222	0.0	0.0	0.0	0.0	0.0	0.0	0.0	0.16666666666666666	0.0	0.3333333333333333	0.0	0.0	0.0	0.16666666666666666	0.16666666666666666	0.0	0.16666666666666666	0.0	0.0	0.0	0.0	0.1111111111111111	0.0	0.2222222222222222	0.0	0.1111111111111111	0.0	0.1111111111111111	0.0	0.0	0.0	0.0	0.2222222222222222	0.0	0.0	0.0	0.0	0.0	0.0	0.2222222222222222
3dvn	B	EYYRWYTAIDY	SPYYGS	GFNVKTG	-0.2714285714285714	0.1428571428571428	8.657142857142857	118.55857142857144	-1.0333333333333334	0.0	7.966666666666666	127.12666666666664	-1.0909090909090908	-0.0909090909090909	7.990909090909091	156.61818181818182	0.0	0.0	1.0	0.0	0.0	0.0	0.0	2.0	0.0	0.0	0.0	1.0	0.0	1.0	0.0	0.0	1.0	0.0	0.0	1.0	0.0	0.0	0.0	0.0	0.0	0.0	0.0	1.0	0.0	0.0	0.0	0.0	0.0	0.0	1.0	2.0	0.0	0.0	2.0	0.0	1.0	1.0	0.0	1.0	0.0	0.0	1.0	0.0	0.0	1.0	0.0	0.0	0.0	0.0	0.0	0.0	1.0	1.0	4.0	0.0	7.0	6.0	11.0	human	0.0	0.0	0.14285714285714285	0.0	0.0	0.0	0.0	0.2857142857142857	0.0	0.0	0.0	0.14285714285714285	0.0	0.14285714285714285	0.0	0.0	0.14285714285714285	0.0	0.0	0.14285714285714285	0.0	0.0	0.0	0.0	0.0	0.0	0.0	0.16666666666666666	0.0	0.0	0.0	0.0	0.0	0.0	0.16666666666666666	0.3333333333333333	0.0	0.0	0.3333333333333333	0.0	0.09090909090909091	0.09090909090909091	0.0	0.09090909090909091	0.0	0.0	0.09090909090909091	0.0	0.0	0.09090909090909091	0.0	0.0	0.0	0.0	0.0	0.0	0.09090909090909091	0.09090909090909091	0.36363636363636365	0.0
4kxz	Q	TLGLVLDAMDY	IPIVDI	GYTFSSN	-0.6714285714285716	0.0	8.428571428571427	126.12428571428572	2.1	-0.1666666666666666	7.083333333333333	126.48166666666668	0.9	-0.1818181818181818	7.654545454545455	126.41272727272728	0.0	0.0	1.0	0.0	0.0	0.0	0.0	1.0	0.0	0.0	0.0	0.0	0.0	1.0	0.0	2.0	1.0	0.0	1.0	0.0	0.0	0.0	0.0	1.0	0.0	0.0	0.0	0.0	0.0	3.0	0.0	0.0	0.0	0.0	1.0	0.0	0.0	0.0	0.0	1.0	1.0	0.0	0.0	2.0	0.0	0.0	0.0	1.0	0.0	0.0	3.0	0.0	1.0	0.0	0.0	0.0	1.0	0.0	1.0	1.0	7.0	6.0	11.0	human	0.0	0.0	0.14285714285714285	0.0	0.0	0.0	0.0	0.14285714285714285	0.0	0.0	0.0	0.0	0.0	0.14285714285714285	0.0	0.2857142857142857	0.14285714285714285	0.0	0.14285714285714285	0.0	0.0	0.0	0.0	0.16666666666666666	0.0	0.0	0.0	0.0	0.0	0.5	0.0	0.0	0.0	0.0	0.16666666666666666	0.0	0.0	0.0	0.0	0.16666666666666666	0.09090909090909091	0.0	0.0	0.18181818181818182	0.0	0.0	0.0	0.09090909090909091	0.0	0.0	0.2727272727272727	0.0	0.09090909090909091	0.0	0.0	0.0	0.09090909090909091	0.0	0.09090909090909091	0.09090909090909091
5xmh	H	GIASAGTPDYFFY	IPLFGT	GGTFSSY	-0.2285714285714286	0.0	8.057142857142859	117.9742857142857	1.4	0.0	6.816666666666666	122.80833333333334	0.2846153846153845	-0.0769230769230769	7.769230769230769	124.97615384615384	0.0	0.0	0.0	0.0	0.0	0.0	0.0	2.0	0.0	0.0	0.0	0.0	0.0	1.0	0.0	2.0	1.0	0.0	1.0	0.0	0.0	0.0	0.0	0.0	0.0	0.0	0.0	1.0	0.0	1.0	1.0	0.0	0.0	1.0	1.0	0.0	1.0	0.0	0.0	0.0	2.0	0.0	0.0	1.0	0.0	0.0	0.0	2.0	0.0	1.0	0.0	0.0	0.0	2.0	1.0	1.0	1.0	0.0	2.0	0.0	7.0	6.0	13.0	human	0.0	0.0	0.0	0.0	0.0	0.0	0.0	0.2857142857142857	0.0	0.0	0.0	0.0	0.0	0.14285714285714285	0.0	0.2857142857142857	0.14285714285714285	0.0	0.14285714285714285	0.0	0.0	0.0	0.0	0.0	0.0	0.0	0.0	0.16666666666666666	0.0	0.16666666666666666	0.16666666666666666	0.0	0.0	0.16666666666666666	0.16666666666666666	0.0	0.16666666666666666	0.0	0.0	0.0	0.15384615384615385	0.0	0.0	0.07692307692307693	0.0	0.0	0.0	0.15384615384615385	0.0	0.07692307692307693	0.0	0.0	0.0	0.15384615384615385	0.07692307692307693	0.07692307692307693	0.07692307692307693	0.0	0.15384615384615385	0.0
6rlo	C	AVSGYFPYFDY	SWNSGS	GFTFDDY	-0.5428571428571428	-0.2857142857142857	8.6	138.85142857142858	-1.2	0.0	8.933333333333332	121.115	0.1272727272727272	-0.0909090909090909	7.472727272727274	137.14363636363635	0.0	0.0	0.0	2.0	0.0	0.0	0.0	1.0	0.0	0.0	0.0	0.0	0.0	2.0	0.0	0.0	1.0	0.0	1.0	0.0	0.0	0.0	1.0	0.0	0.0	0.0	0.0	1.0	0.0	0.0	0.0	0.0	0.0	0.0	0.0	3.0	0.0	1.0	0.0	0.0	1.0	0.0	0.0	1.0	0.0	0.0	0.0	1.0	0.0	0.0	0.0	0.0	0.0	2.0	1.0	1.0	0.0	0.0	3.0	1.0	7.0	6.0	11.0	human	0.0	0.0	0.0	0.2857142857142857	0.0	0.0	0.0	0.14285714285714285	0.0	0.0	0.0	0.0	0.0	0.2857142857142857	0.0	0.0	0.14285714285714285	0.0	0.14285714285714285	0.0	0.0	0.0	0.16666666666666666	0.0	0.0	0.0	0.0	0.16666666666666666	0.0	0.0	0.0	0.0	0.0	0.0	0.0	0.5	0.0	0.16666666666666666	0.0	0.0	0.09090909090909091	0.0	0.0	0.09090909090909091	0.0	0.0	0.0	0.09090909090909091	0.0	0.0	0.0	0.0	0.0	0.18181818181818182	0.09090909090909091	0.09090909090909091	0.0	0.0	0.2727272727272727	0.09090909090909091
6wir	A	DYYDILTDYYIHYWYFDL	NQDGSE	GFTFSNY	-0.1571428571428571	0.0	7.857142857142857	134.71	-2.5333333333333337	-0.3333333333333333	10.933333333333332	123.11	-0.4	-0.1666666666666666	7.722222222222224	154.88444444444443	0.0	0.0	1.0	0.0	0.0	0.0	0.0	1.0	0.0	0.0	0.0	0.0	0.0	2.0	0.0	1.0	1.0	0.0	1.0	0.0	0.0	0.0	1.0	1.0	0.0	1.0	1.0	1.0	0.0	0.0	0.0	0.0	0.0	0.0	0.0	1.0	0.0	0.0	0.0	0.0	0.0	0.0	0.0	4.0	0.0	0.0	0.0	0.0	1.0	2.0	2.0	0.0	0.0	1.0	0.0	0.0	1.0	1.0	6.0	0.0	7.0	6.0	18.0	human	0.0	0.0	0.14285714285714285	0.0	0.0	0.0	0.0	0.14285714285714285	0.0	0.0	0.0	0.0	0.0	0.2857142857142857	0.0	0.14285714285714285	0.14285714285714285	0.0	0.14285714285714285	0.0	0.0	0.0	0.16666666666666666	0.16666666666666666	0.0	0.16666666666666666	0.16666666666666666	0.16666666666666666	0.0	0.0	0.0	0.0	0.0	0.0	0.0	0.16666666666666666	0.0	0.0	0.0	0.0	0.0	0.0	0.0	0.2222222222222222	0.0	0.0	0.0	0.0	0.05555555555555555	0.1111111111111111	0.1111111111111111	0.0	0.0	0.05555555555555555	0.0	0.0	0.05555555555555555	0.05555555555555555	0.3333333333333333	0.0
7vux	H	PYGGYFDV	SGGGRY	GFAFSSY	0.5857142857142857	0.0	7.442857142857142	126.55857142857144	-1.3	0.1666666666666666	8.816666666666668	114.28166666666664	-0.1875	-0.125	7.812500000000001	130.38625	1.0	0.0	0.0	0.0	0.0	0.0	0.0	1.0	0.0	0.0	0.0	0.0	0.0	2.0	0.0	2.0	0.0	0.0	1.0	0.0	0.0	1.0	0.0	0.0	0.0	0.0	0.0	3.0	0.0	0.0	0.0	0.0	0.0	0.0	0.0	1.0	0.0	0.0	1.0	0.0	0.0	0.0	0.0	1.0	0.0	0.0	0.0	2.0	0.0	0.0	0.0	0.0	0.0	1.0	1.0	0.0	0.0	0.0	2.0	1.0	7.0	6.0	8.0	human	0.14285714285714285	0.0	0.0	0.0	0.0	0.0	0.0	0.14285714285714285	0.0	0.0	0.0	0.0	0.0	0.2857142857142857	0.0	0.2857142857142857	0.0	0.0	0.14285714285714285	0.0	0.0	0.16666666666666666	0.0	0.0	0.0	0.0	0.0	0.5	0.0	0.0	0.0	0.0	0.0	0.0	0.0	0.16666666666666666	0.0	0.0	0.16666666666666666	0.0	0.0	0.0	0.0	0.125	0.0	0.0	0.0	0.25	0.0	0.0	0.0	0.0	0.0	0.125	0.125	0.0	0.0	0.0	0.25	0.125
4dn4	H	YDGIYGELDF	IPIFGT	GGTFSSY	-0.2285714285714286	0.0	8.057142857142859	117.9742857142857	1.5166666666666666	0.0	6.866666666666666	122.80833333333334	-0.2800000000000001	-0.3	8.400000000000002	135.338	0.0	0.0	0.0	0.0	0.0	0.0	0.0	2.0	0.0	0.0	0.0	0.0	0.0	1.0	0.0	2.0	1.0	0.0	1.0	0.0	0.0	0.0	0.0	0.0	0.0	0.0	0.0	1.0	0.0	2.0	0.0	0.0	0.0	1.0	1.0	0.0	1.0	0.0	0.0	0.0	0.0	0.0	0.0	2.0	0.0	0.0	1.0	2.0	0.0	1.0	1.0	0.0	0.0	1.0	0.0	0.0	0.0	0.0	2.0	0.0	7.0	6.0	10.0	human	0.0	0.0	0.0	0.0	0.0	0.0	0.0	0.2857142857142857	0.0	0.0	0.0	0.0	0.0	0.14285714285714285	0.0	0.2857142857142857	0.14285714285714285	0.0	0.14285714285714285	0.0	0.0	0.0	0.0	0.0	0.0	0.0	0.0	0.16666666666666666	0.0	0.3333333333333333	0.0	0.0	0.0	0.16666666666666666	0.16666666666666666	0.0	0.16666666666666666	0.0	0.0	0.0	0.0	0.0	0.0	0.2	0.0	0.0	0.1	0.2	0.0	0.1	0.1	0.0	0.0	0.1	0.0	0.0	0.0	0.0	0.2	0.0
7amr	H	GNGYNFDGAYRFFDF	NPYNDD	GYKFTGF	-0.1571428571428571	0.1428571428571428	7.785714285714286	132.43142857142857	-2.8166666666666664	-0.3333333333333333	10.566666666666666	137.79333333333332	-0.62	-0.0666666666666666	8.533333333333333	136.1386666666667	0.0	0.0	0.0	0.0	0.0	0.0	0.0	2.0	0.0	0.0	0.0	1.0	0.0	2.0	0.0	0.0	1.0	0.0	1.0	0.0	0.0	0.0	2.0	2.0	0.0	0.0	0.0	0.0	0.0	0.0	0.0	0.0	0.0	0.0	1.0	0.0	0.0	0.0	1.0	0.0	1.0	1.0	2.0	2.0	0.0	0.0	0.0	3.0	0.0	0.0	0.0	0.0	0.0	4.0	0.0	0.0	0.0	0.0	2.0	0.0	7.0	6.0	15.0	human	0.0	0.0	0.0	0.0	0.0	0.0	0.0	0.2857142857142857	0.0	0.0	0.0	0.14285714285714285	0.0	0.2857142857142857	0.0	0.0	0.14285714285714285	0.0	0.14285714285714285	0.0	0.0	0.0	0.3333333333333333	0.3333333333333333	0.0	0.0	0.0	0.0	0.0	0.0	0.0	0.0	0.0	0.0	0.16666666666666666	0.0	0.0	0.0	0.16666666666666666	0.0	0.06666666666666667	0.06666666666666667	0.13333333333333333	0.13333333333333333	0.0	0.0	0.0	0.2	0.0	0.0	0.0	0.0	0.0	0.26666666666666666	0.0	0.0	0.0	0.0	0.13333333333333333	0.0
1jps	H	DTAAYFDY	DPEQGN	GFNIKEY	-0.7571428571428571	0.0	8.685714285714285	139.72285714285712	-2.6666666666666665	-0.3333333333333333	10.733333333333333	124.78333333333332	-0.4875	-0.25	8.55	136.38375	0.0	0.0	1.0	0.0	0.0	0.0	1.0	1.0	0.0	1.0	0.0	1.0	0.0	1.0	0.0	0.0	0.0	0.0	1.0	0.0	0.0	0.0	1.0	1.0	0.0	1.0	1.0	1.0	0.0	0.0	0.0	0.0	0.0	0.0	1.0	0.0	0.0	0.0	0.0	0.0	2.0	0.0	0.0	2.0	0.0	0.0	0.0	0.0	0.0	0.0	0.0	0.0	0.0	1.0	0.0	0.0	1.0	0.0	2.0	0.0	7.0	6.0	8.0	human	0.0	0.0	0.14285714285714285	0.0	0.0	0.0	0.14285714285714285	0.14285714285714285	0.0	0.14285714285714285	0.0	0.14285714285714285	0.0	0.14285714285714285	0.0	0.0	0.0	0.0	0.14285714285714285	0.0	0.0	0.0	0.16666666666666666	0.16666666666666666	0.0	0.16666666666666666	0.16666666666666666	0.16666666666666666	0.0	0.0	0.0	0.0	0.0	0.0	0.16666666666666666	0.0	0.0	0.0	0.0	0.0	0.25	0.0	0.0	0.25	0.0	0.0	0.0	0.0	0.0	0.0	0.0	0.0	0.0	0.125	0.0	0.0	0.125	0.0	0.25	0.0
4hj0	C	GPIVGAPTDY	IPTFGT	GGTFSSY	-0.2285714285714286	0.0	8.057142857142859	117.9742857142857	0.6499999999999999	0.0	7.433333333333334	120.79999999999995	0.0999999999999999	-0.1	8.100000000000001	115.122	0.0	0.0	0.0	0.0	0.0	0.0	0.0	2.0	0.0	0.0	0.0	0.0	0.0	1.0	0.0	2.0	1.0	0.0	1.0	0.0	0.0	0.0	0.0	0.0	0.0	0.0	0.0	1.0	0.0	1.0	0.0	0.0	0.0	1.0	1.0	0.0	2.0	0.0	0.0	0.0	1.0	0.0	0.0	1.0	0.0	0.0	0.0	2.0	0.0	1.0	0.0	0.0	0.0	0.0	2.0	0.0	1.0	0.0	1.0	1.0	7.0	6.0	10.0	human	0.0	0.0	0.0	0.0	0.0	0.0	0.0	0.2857142857142857	0.0	0.0	0.0	0.0	0.0	0.14285714285714285	0.0	0.2857142857142857	0.14285714285714285	0.0	0.14285714285714285	0.0	0.0	0.0	0.0	0.0	0.0	0.0	0.0	0.16666666666666666	0.0	0.16666666666666666	0.0	0.0	0.0	0.16666666666666666	0.16666666666666666	0.0	0.3333333333333333	0.0	0.0	0.0	0.1	0.0	0.0	0.1	0.0	0.0	0.0	0.2	0.0	0.1	0.0	0.0	0.0	0.0	0.2	0.0	0.1	0.0	0.1	0.1
5nh3	I	GGWFDY	NPVSGS	GYTFTSS	-0.2714285714285715	0.0	8.0	124.26714285714286	-0.4833333333333332	0.0	8.816666666666668	108.275	-0.6166666666666667	-0.1666666666666666	7.966666666666666	138.975	0.0	0.0	0.0	0.0	0.0	0.0	0.0	1.0	0.0	0.0	0.0	0.0	0.0	1.0	0.0	2.0	2.0	0.0	1.0	0.0	0.0	0.0	1.0	0.0	0.0	0.0	0.0	1.0	0.0	0.0	0.0	0.0	0.0	0.0	1.0	2.0	0.0	0.0	0.0	1.0	0.0	0.0	0.0	1.0	0.0	0.0	0.0	2.0	0.0	0.0	0.0	0.0	0.0	1.0	0.0	0.0	0.0	1.0	1.0	0.0	7.0	6.0	6.0	human	0.0	0.0	0.0	0.0	0.0	0.0	0.0	0.14285714285714285	0.0	0.0	0.0	0.0	0.0	0.14285714285714285	0.0	0.2857142857142857	0.2857142857142857	0.0	0.14285714285714285	0.0	0.0	0.0	0.16666666666666666	0.0	0.0	0.0	0.0	0.16666666666666666	0.0	0.0	0.0	0.0	0.0	0.0	0.16666666666666666	0.3333333333333333	0.0	0.0	0.0	0.16666666666666666	0.0	0.0	0.0	0.16666666666666666	0.0	0.0	0.0	0.3333333333333333	0.0	0.0	0.0	0.0	0.0	0.16666666666666666	0.0	0.0	0.0	0.16666666666666666	0.16666666666666666	0.0
6mvl	H	VPGYSGGWIDAEDD	DWNSEN	GFTLEDY	-0.3999999999999999	-0.2857142857142857	8.457142857142857	135.99571428571429	-2.6166666666666667	-0.3333333333333333	10.516666666666667	142.29833333333332	-0.6642857142857144	-0.2857142857142857	9.02142857142857	122.47785714285712	0.0	0.0	0.0	1.0	0.0	0.0	1.0	1.0	0.0	0.0	1.0	0.0	0.0	1.0	0.0	0.0	1.0	0.0	1.0	0.0	0.0	0.0	2.0	1.0	0.0	0.0	1.0	0.0	0.0	0.0	0.0	0.0	0.0	0.0	0.0	1.0	0.0	1.0	0.0	0.0	1.0	0.0	0.0	3.0	0.0	0.0	1.0	3.0	0.0	1.0	0.0	0.0	0.0	0.0	1.0	1.0	0.0	1.0	1.0	1.0	7.0	6.0	14.0	human	0.0	0.0	0.0	0.14285714285714285	0.0	0.0	0.14285714285714285	0.14285714285714285	0.0	0.0	0.14285714285714285	0.0	0.0	0.14285714285714285	0.0	0.0	0.14285714285714285	0.0	0.14285714285714285	0.0	0.0	0.0	0.3333333333333333	0.16666666666666666	0.0	0.0	0.16666666666666666	0.0	0.0	0.0	0.0	0.0	0.0	0.0	0.0	0.16666666666666666	0.0	0.16666666666666666	0.0	0.0	0.07142857142857142	0.0	0.0	0.21428571428571427	0.0	0.0	0.07142857142857142	0.21428571428571427	0.0	0.07142857142857142	0.0	0.0	0.0	0.0	0.07142857142857142	0.07142857142857142	0.0	0.07142857142857142	0.07142857142857142	0.07142857142857142
4z5r	W	WISDFFDY	NPDYDI	GYTFTEY	-0.7285714285714286	-0.1428571428571428	8.014285714285714	141.1442857142857	-1.4833333333333334	-0.3333333333333333	9.500000000000002	137.635	0.0124999999999999	-0.25	7.800000000000001	152.2825	0.0	0.0	0.0	0.0	0.0	0.0	1.0	1.0	0.0	0.0	0.0	0.0	0.0	1.0	0.0	0.0	2.0	0.0	2.0	0.0	0.0	0.0	1.0	2.0	0.0	0.0	0.0	0.0	0.0	1.0	0.0	0.0	0.0	0.0	1.0	0.0	0.0	0.0	1.0	0.0	0.0	0.0	0.0	2.0	0.0	0.0	0.0	0.0	0.0	1.0	0.0	0.0	0.0	2.0	0.0	1.0	0.0	1.0	1.0	0.0	7.0	6.0	8.0	human	0.0	0.0	0.0	0.0	0.0	0.0	0.14285714285714285	0.14285714285714285	0.0	0.0	0.0	0.0	0.0	0.14285714285714285	0.0	0.0	0.2857142857142857	0.0	0.2857142857142857	0.0	0.0	0.0	0.16666666666666666	0.3333333333333333	0.0	0.0	0.0	0.0	0.0	0.16666666666666666	0.0	0.0	0.0	0.0	0.16666666666666666	0.0	0.0	0.0	0.16666666666666666	0.0	0.0	0.0	0.0	0.25	0.0	0.0	0.0	0.0	0.0	0.125	0.0	0.0	0.0	0.25	0.0	0.125	0.0	0.125	0.125	0.0
3so3	C	DLGIAARRFVSGAFDI	SGSGGS	GFTFSSY	0.2285714285714286	0.0	7.514285714285713	130.84857142857143	-0.6	0.0	9.1	90.08	0.6499999999999999	0.0	8.131250000000001	123.63375	0.0	0.0	0.0	0.0	0.0	0.0	0.0	1.0	0.0	0.0	0.0	0.0	0.0	2.0	0.0	2.0	1.0	0.0	1.0	0.0	0.0	0.0	0.0	0.0	0.0	0.0	0.0	3.0	0.0	0.0	0.0	0.0	0.0	0.0	0.0	3.0	0.0	0.0	0.0	0.0	3.0	2.0	0.0	2.0	0.0	0.0	0.0	2.0	0.0	2.0	1.0	0.0	0.0	2.0	0.0	1.0	0.0	0.0	0.0	1.0	7.0	6.0	16.0	human	0.0	0.0	0.0	0.0	0.0	0.0	0.0	0.14285714285714285	0.0	0.0	0.0	0.0	0.0	0.2857142857142857	0.0	0.2857142857142857	0.14285714285714285	0.0	0.14285714285714285	0.0	0.0	0.0	0.0	0.0	0.0	0.0	0.0	0.5	0.0	0.0	0.0	0.0	0.0	0.0	0.0	0.5	0.0	0.0	0.0	0.0	0.1875	0.125	0.0	0.125	0.0	0.0	0.0	0.125	0.0	0.125	0.0625	0.0	0.0	0.125	0.0	0.0625	0.0	0.0	0.0	0.0625
5mvz	H	FVSLDAFDI	YPGDSD	GYTFTSY	-0.3428571428571429	0.0	7.571428571428571	135.13857142857142	-1.8500000000000003	-0.3333333333333333	9.733333333333334	123.78000000000002	1.3444444444444446	-0.2222222222222222	7.7444444444444445	130.02777777777777	0.0	0.0	0.0	0.0	0.0	0.0	0.0	1.0	0.0	0.0	0.0	0.0	0.0	1.0	0.0	1.0	2.0	0.0	2.0	0.0	0.0	0.0	0.0	2.0	0.0	0.0	0.0	1.0	0.0	0.0	0.0	0.0	0.0	0.0	1.0	1.0	0.0	0.0	1.0	0.0	1.0	0.0	0.0	2.0	0.0	0.0	0.0	0.0	0.0	1.0	1.0	0.0	0.0	2.0	0.0	1.0	0.0	0.0	0.0	1.0	7.0	6.0	9.0	human	0.0	0.0	0.0	0.0	0.0	0.0	0.0	0.14285714285714285	0.0	0.0	0.0	0.0	0.0	0.14285714285714285	0.0	0.14285714285714285	0.2857142857142857	0.0	0.2857142857142857	0.0	0.0	0.0	0.0	0.3333333333333333	0.0	0.0	0.0	0.16666666666666666	0.0	0.0	0.0	0.0	0.0	0.0	0.16666666666666666	0.16666666666666666	0.0	0.0	0.16666666666666666	0.0	0.1111111111111111	0.0	0.0	0.2222222222222222	0.0	0.0	0.0	0.0	0.0	0.1111111111111111	0.1111111111111111	0.0	0.0	0.2222222222222222	0.0	0.1111111111111111	0.0	0.0	0.0	0.1111111111111111
5bo1	I	AGTLFAY	TPDGGY	GFTFSNY	-0.1571428571428571	0.0	7.857142857142857	134.71	-1.3166666666666669	-0.1666666666666666	8.966666666666667	116.44666666666669	1.1142857142857143	0.0	7.157142857142858	121.41714285714284	0.0	0.0	1.0	0.0	0.0	0.0	0.0	1.0	0.0	0.0	0.0	0.0	0.0	2.0	0.0	1.0	1.0	0.0	1.0	0.0	0.0	0.0	0.0	1.0	0.0	0.0	0.0	2.0	0.0	0.0	0.0	0.0	0.0	0.0	1.0	0.0	1.0	0.0	1.0	0.0	2.0	0.0	0.0	0.0	0.0	0.0	0.0	1.0	0.0	0.0	1.0	0.0	0.0	1.0	0.0	0.0	1.0	0.0	1.0	0.0	7.0	6.0	7.0	human	0.0	0.0	0.14285714285714285	0.0	0.0	0.0	0.0	0.14285714285714285	0.0	0.0	0.0	0.0	0.0	0.2857142857142857	0.0	0.14285714285714285	0.14285714285714285	0.0	0.14285714285714285	0.0	0.0	0.0	0.0	0.16666666666666666	0.0	0.0	0.0	0.3333333333333333	0.0	0.0	0.0	0.0	0.0	0.0	0.16666666666666666	0.0	0.16666666666666666	0.0	0.16666666666666666	0.0	0.2857142857142857	0.0	0.0	0.0	0.0	0.0	0.0	0.14285714285714285	0.0	0.0	0.14285714285714285	0.0	0.0	0.14285714285714285	0.0	0.0	0.14285714285714285	0.0	0.14285714285714285	0.0
6ye3	D	HMGYNDYLAWFAY	SGGGSY	GFSFSNY	-0.1714285714285714	0.0	7.942857142857143	132.7057142857143	-0.6833333333333332	0.0	8.600000000000001	102.76333333333332	-0.2538461538461539	0.0	7.6923076923076925	143.6153846153846	0.0	0.0	1.0	0.0	0.0	0.0	0.0	1.0	0.0	0.0	0.0	0.0	0.0	2.0	0.0	2.0	0.0	0.0	1.0	0.0	0.0	0.0	0.0	0.0	0.0	0.0	0.0	3.0	0.0	0.0	0.0	0.0	0.0	0.0	0.0	2.0	0.0	0.0	1.0	0.0	2.0	0.0	1.0	1.0	0.0	0.0	0.0	1.0	1.0	0.0	1.0	0.0	1.0	1.0	0.0	0.0	0.0	1.0	3.0	0.0	7.0	6.0	13.0	human	0.0	0.0	0.14285714285714285	0.0	0.0	0.0	0.0	0.14285714285714285	0.0	0.0	0.0	0.0	0.0	0.2857142857142857	0.0	0.2857142857142857	0.0	0.0	0.14285714285714285	0.0	0.0	0.0	0.0	0.0	0.0	0.0	0.0	0.5	0.0	0.0	0.0	0.0	0.0	0.0	0.0	0.3333333333333333	0.0	0.0	0.16666666666666666	0.0	0.15384615384615385	0.0	0.07692307692307693	0.07692307692307693	0.0	0.0	0.0	0.07692307692307693	0.07692307692307693	0.0	0.07692307692307693	0.0	0.07692307692307693	0.07692307692307693	0.0	0.0	0.0	0.07692307692307693	0.23076923076923078	0.0
6svl	O	GGFDTNHYAMDY	DPENSN	GFNIKDY	-0.7571428571428571	0.0	8.785714285714286	137.71857142857144	-2.733333333333333	-0.3333333333333333	10.949999999999998	127.44833333333334	-0.9416666666666668	-0.0833333333333333	8.833333333333334	132.38416666666666	0.0	0.0	1.0	1.0	0.0	0.0	0.0	1.0	0.0	1.0	0.0	1.0	0.0	1.0	0.0	0.0	0.0	0.0	1.0	0.0	0.0	0.0	2.0	1.0	0.0	0.0	1.0	0.0	0.0	0.0	0.0	0.0	0.0	0.0	1.0	1.0	0.0	0.0	0.0	0.0	1.0	0.0	1.0	2.0	0.0	0.0	0.0	2.0	1.0	0.0	0.0	0.0	1.0	1.0	0.0	0.0	1.0	0.0	2.0	0.0	7.0	6.0	12.0	human	0.0	0.0	0.14285714285714285	0.14285714285714285	0.0	0.0	0.0	0.14285714285714285	0.0	0.14285714285714285	0.0	0.14285714285714285	0.0	0.14285714285714285	0.0	0.0	0.0	0.0	0.14285714285714285	0.0	0.0	0.0	0.3333333333333333	0.16666666666666666	0.0	0.0	0.16666666666666666	0.0	0.0	0.0	0.0	0.0	0.0	0.0	0.16666666666666666	0.16666666666666666	0.0	0.0	0.0	0.0	0.08333333333333333	0.0	0.08333333333333333	0.16666666666666666	0.0	0.0	0.0	0.16666666666666666	0.08333333333333333	0.0	0.0	0.0	0.08333333333333333	0.08333333333333333	0.0	0.0	0.08333333333333333	0.0	0.16666666666666666	0.0
5y9j	H	SRDLLLFPHHALSP	IPMFGT	GGTFNNN	-1.3142857142857145	0.0	9.514285714285714	118.68714285714285	1.0833333333333333	0.0	6.949999999999999	125.815	0.0428571428571427	0.1428571428571428	7.971428571428572	131.21571428571428	0.0	0.0	3.0	0.0	0.0	0.0	0.0	2.0	0.0	0.0	0.0	0.0	0.0	1.0	0.0	0.0	1.0	0.0	0.0	0.0	0.0	0.0	0.0	0.0	0.0	0.0	0.0	1.0	0.0	1.0	0.0	0.0	1.0	1.0	1.0	0.0	1.0	0.0	0.0	0.0	1.0	1.0	0.0	1.0	0.0	0.0	0.0	0.0	2.0	0.0	4.0	0.0	0.0	1.0	2.0	2.0	0.0	0.0	0.0	0.0	7.0	6.0	14.0	human	0.0	0.0	0.42857142857142855	0.0	0.0	0.0	0.0	0.2857142857142857	0.0	0.0	0.0	0.0	0.0	0.14285714285714285	0.0	0.0	0.14285714285714285	0.0	0.0	0.0	0.0	0.0	0.0	0.0	0.0	0.0	0.0	0.16666666666666666	0.0	0.16666666666666666	0.0	0.0	0.16666666666666666	0.16666666666666666	0.16666666666666666	0.0	0.16666666666666666	0.0	0.0	0.0	0.07142857142857142	0.07142857142857142	0.0	0.07142857142857142	0.0	0.0	0.0	0.0	0.14285714285714285	0.0	0.2857142857142857	0.0	0.0	0.07142857142857142	0.14285714285714285	0.14285714285714285	0.0	0.0	0.0	0.0
6vvu	J	DPRGYGAALDRLDL	SSAAT	RFSLIGY	0.5857142857142856	0.1428571428571428	7.171428571428572	137.58285714285714	0.26	0.0	8.64	101.496	-0.5857142857142856	-0.0714285714285714	8.792857142857144	126.13214285714288	0.0	1.0	0.0	0.0	0.0	0.0	0.0	1.0	0.0	1.0	1.0	0.0	0.0	1.0	0.0	1.0	0.0	0.0	1.0	0.0	2.0	0.0	0.0	0.0	0.0	0.0	0.0	0.0	0.0	0.0	0.0	0.0	0.0	0.0	0.0	2.0	1.0	0.0	0.0	0.0	2.0	2.0	0.0	3.0	0.0	0.0	0.0	2.0	0.0	0.0	3.0	0.0	0.0	0.0	1.0	0.0	0.0	0.0	1.0	0.0	7.0	5.0	14.0	human	0.0	0.14285714285714285	0.0	0.0	0.0	0.0	0.0	0.14285714285714285	0.0	0.14285714285714285	0.14285714285714285	0.0	0.0	0.14285714285714285	0.0	0.14285714285714285	0.0	0.0	0.14285714285714285	0.0	0.4	0.0	0.0	0.0	0.0	0.0	0.0	0.0	0.0	0.0	0.0	0.0	0.0	0.0	0.0	0.4	0.2	0.0	0.0	0.0	0.14285714285714285	0.14285714285714285	0.0	0.21428571428571427	0.0	0.0	0.0	0.14285714285714285	0.0	0.0	0.21428571428571427	0.0	0.0	0.0	0.07142857142857142	0.0	0.0	0.0	0.07142857142857142	0.0
6xlq	E	RHSDMIGYYYGMDV	NPNSGG	GYTFTGY	-0.2857142857142857	0.0	7.542857142857143	130.85	-1.7000000000000002	0.0	9.733333333333334	105.76666666666664	-0.55	0.0	8.22857142857143	138.65	0.0	0.0	0.0	0.0	0.0	0.0	0.0	2.0	0.0	0.0	0.0	0.0	0.0	1.0	0.0	0.0	2.0	0.0	2.0	0.0	0.0	0.0	2.0	0.0	0.0	0.0	0.0	2.0	0.0	0.0	0.0	0.0	0.0	0.0	1.0	1.0	0.0	0.0	0.0	0.0	0.0	1.0	0.0	2.0	0.0	0.0	0.0	2.0	1.0	1.0	0.0	0.0	2.0	0.0	0.0	1.0	0.0	0.0	3.0	1.0	7.0	6.0	14.0	human	0.0	0.0	0.0	0.0	0.0	0.0	0.0	0.2857142857142857	0.0	0.0	0.0	0.0	0.0	0.14285714285714285	0.0	0.0	0.2857142857142857	0.0	0.2857142857142857	0.0	0.0	0.0	0.3333333333333333	0.0	0.0	0.0	0.0	0.3333333333333333	0.0	0.0	0.0	0.0	0.0	0.0	0.16666666666666666	0.16666666666666666	0.0	0.0	0.0	0.0	0.0	0.07142857142857142	0.0	0.14285714285714285	0.0	0.0	0.0	0.14285714285714285	0.07142857142857142	0.07142857142857142	0.0	0.0	0.14285714285714285	0.0	0.0	0.07142857142857142	0.0	0.0	0.21428571428571427	0.07142857142857142
5ggv	H	DPRGATLYYYYYGMDV	WYDGSN	GFTFSSY	0.2285714285714286	0.0	7.514285714285713	130.84857142857143	-1.7333333333333334	-0.1666666666666666	9.066666666666666	138.46666666666667	-0.5874999999999999	-0.0625	7.918750000000001	138.585	0.0	0.0	0.0	0.0	0.0	0.0	0.0	1.0	0.0	0.0	0.0	0.0	0.0	2.0	0.0	2.0	1.0	0.0	1.0	0.0	0.0	0.0	1.0	1.0	0.0	0.0	0.0	1.0	0.0	0.0	0.0	0.0	0.0	0.0	0.0	1.0	0.0	1.0	1.0	0.0	1.0	1.0	0.0	2.0	0.0	0.0	0.0	2.0	0.0	0.0	1.0	0.0	1.0	0.0	1.0	0.0	1.0	0.0	5.0	1.0	7.0	6.0	16.0	human	0.0	0.0	0.0	0.0	0.0	0.0	0.0	0.14285714285714285	0.0	0.0	0.0	0.0	0.0	0.2857142857142857	0.0	0.2857142857142857	0.14285714285714285	0.0	0.14285714285714285	0.0	0.0	0.0	0.16666666666666666	0.16666666666666666	0.0	0.0	0.0	0.16666666666666666	0.0	0.0	0.0	0.0	0.0	0.0	0.0	0.16666666666666666	0.0	0.16666666666666666	0.16666666666666666	0.0	0.0625	0.0625	0.0	0.125	0.0	0.0	0.0	0.125	0.0	0.0	0.0625	0.0	0.0625	0.0	0.0625	0.0	0.0625	0.0	0.3125	0.0625
2vh5	H	GRFFDY	SRTSKT	GFTFSTF	0.8285714285714285	0.0	7.285714285714286	130.56714285714287	-1.9	0.3333333333333333	9.566666666666666	128.13500000000002	-0.6833333333333335	0.0	8.183333333333334	148.99	0.0	0.0	0.0	0.0	0.0	0.0	0.0	1.0	0.0	0.0	0.0	0.0	0.0	3.0	0.0	1.0	2.0	0.0	0.0	0.0	0.0	1.0	0.0	0.0	0.0	0.0	0.0	0.0	0.0	0.0	0.0	1.0	0.0	0.0	0.0	2.0	2.0	0.0	0.0	0.0	0.0	1.0	0.0	1.0	0.0	0.0	0.0	1.0	0.0	0.0	0.0	0.0	0.0	2.0	0.0	0.0	0.0	0.0	1.0	0.0	7.0	6.0	6.0	human	0.0	0.0	0.0	0.0	0.0	0.0	0.0	0.14285714285714285	0.0	0.0	0.0	0.0	0.0	0.42857142857142855	0.0	0.14285714285714285	0.2857142857142857	0.0	0.0	0.0	0.0	0.16666666666666666	0.0	0.0	0.0	0.0	0.0	0.0	0.0	0.0	0.0	0.16666666666666666	0.0	0.0	0.0	0.3333333333333333	0.3333333333333333	0.0	0.0	0.0	0.0	0.16666666666666666	0.0	0.16666666666666666	0.0	0.0	0.0	0.16666666666666666	0.0	0.0	0.0	0.0	0.0	0.3333333333333333	0.0	0.0	0.0	0.0	0.16666666666666666	0.0
7ams	H	GNGYNFDGAYRFFDF	NPYNDD	GYKFTGF	-0.1571428571428571	0.1428571428571428	7.785714285714286	132.43142857142857	-2.8166666666666664	-0.3333333333333333	10.566666666666666	137.79333333333332	-0.62	-0.0666666666666666	8.533333333333333	136.1386666666667	0.0	0.0	0.0	0.0	0.0	0.0	0.0	2.0	0.0	0.0	0.0	1.0	0.0	2.0	0.0	0.0	1.0	0.0	1.0	0.0	0.0	0.0	2.0	2.0	0.0	0.0	0.0	0.0	0.0	0.0	0.0	0.0	0.0	0.0	1.0	0.0	0.0	0.0	1.0	0.0	1.0	1.0	2.0	2.0	0.0	0.0	0.0	3.0	0.0	0.0	0.0	0.0	0.0	4.0	0.0	0.0	0.0	0.0	2.0	0.0	7.0	6.0	15.0	human	0.0	0.0	0.0	0.0	0.0	0.0	0.0	0.2857142857142857	0.0	0.0	0.0	0.14285714285714285	0.0	0.2857142857142857	0.0	0.0	0.14285714285714285	0.0	0.14285714285714285	0.0	0.0	0.0	0.3333333333333333	0.3333333333333333	0.0	0.0	0.0	0.0	0.0	0.0	0.0	0.0	0.0	0.0	0.16666666666666666	0.0	0.0	0.0	0.16666666666666666	0.0	0.06666666666666667	0.06666666666666667	0.13333333333333333	0.13333333333333333	0.0	0.0	0.0	0.2	0.0	0.0	0.0	0.0	0.0	0.26666666666666666	0.0	0.0	0.0	0.0	0.13333333333333333	0.0
5xez	H	EKDHYDILTGYNYYYGLDV	YYDGSN	GFTFSSY	0.2285714285714286	0.0	7.514285714285713	130.84857142857143	-1.8	-0.1666666666666666	9.2	134.6266666666667	-0.8578947368421053	-0.1052631578947368	8.584210526315792	140.30368421052634	0.0	0.0	0.0	0.0	0.0	0.0	0.0	1.0	0.0	0.0	0.0	0.0	0.0	2.0	0.0	2.0	1.0	0.0	1.0	0.0	0.0	0.0	1.0	1.0	0.0	0.0	0.0	1.0	0.0	0.0	0.0	0.0	0.0	0.0	0.0	1.0	0.0	0.0	2.0	0.0	0.0	0.0	1.0	3.0	0.0	0.0	1.0	2.0	1.0	1.0	2.0	1.0	0.0	0.0	0.0	0.0	1.0	0.0	5.0	1.0	7.0	6.0	19.0	human	0.0	0.0	0.0	0.0	0.0	0.0	0.0	0.14285714285714285	0.0	0.0	0.0	0.0	0.0	0.2857142857142857	0.0	0.2857142857142857	0.14285714285714285	0.0	0.14285714285714285	0.0	0.0	0.0	0.16666666666666666	0.16666666666666666	0.0	0.0	0.0	0.16666666666666666	0.0	0.0	0.0	0.0	0.0	0.0	0.0	0.16666666666666666	0.0	0.0	0.3333333333333333	0.0	0.0	0.0	0.05263157894736842	0.15789473684210525	0.0	0.0	0.05263157894736842	0.10526315789473684	0.05263157894736842	0.05263157894736842	0.10526315789473684	0.05263157894736842	0.0	0.0	0.0	0.0	0.05263157894736842	0.0	0.2631578947368421	0.05263157894736842
7chz	H	FNGYWNYIMDY	WPREGF	GFTIKDM	0.1	0.0	8.285714285714286	131.29285714285714	-1.3500000000000003	0.0	8.4	146.82500000000002	-0.5909090909090909	-0.0909090909090909	7.754545454545456	151.43454545454546	0.0	0.0	0.0	1.0	0.0	0.0	0.0	1.0	0.0	1.0	0.0	1.0	1.0	1.0	0.0	0.0	1.0	0.0	0.0	0.0	0.0	1.0	0.0	0.0	0.0	0.0	1.0	1.0	0.0	0.0	0.0	0.0	0.0	1.0	1.0	0.0	0.0	1.0	0.0	0.0	0.0	0.0	2.0	1.0	0.0	0.0	0.0	1.0	0.0	1.0	0.0	0.0	1.0	1.0	0.0	0.0	0.0	1.0	3.0	0.0	7.0	6.0	11.0	human	0.0	0.0	0.0	0.14285714285714285	0.0	0.0	0.0	0.14285714285714285	0.0	0.14285714285714285	0.0	0.14285714285714285	0.14285714285714285	0.14285714285714285	0.0	0.0	0.14285714285714285	0.0	0.0	0.0	0.0	0.16666666666666666	0.0	0.0	0.0	0.0	0.16666666666666666	0.16666666666666666	0.0	0.0	0.0	0.0	0.0	0.16666666666666666	0.16666666666666666	0.0	0.0	0.16666666666666666	0.0	0.0	0.0	0.0	0.18181818181818182	0.09090909090909091	0.0	0.0	0.0	0.09090909090909091	0.0	0.09090909090909091	0.0	0.0	0.09090909090909091	0.09090909090909091	0.0	0.0	0.0	0.09090909090909091	0.2727272727272727	0.0
5lsp	H	DATTPYWGMMW	DPEDGE	GYTFTDY	-0.7285714285714286	-0.1428571428571428	8.114285714285714	139.14	-2.6666666666666665	-0.6666666666666666	11.266666666666666	125.11	-0.4	-0.0909090909090909	7.60909090909091	139.88181818181818	0.0	0.0	0.0	1.0	0.0	0.0	0.0	1.0	0.0	0.0	0.0	0.0	0.0	1.0	0.0	0.0	2.0	0.0	2.0	0.0	0.0	0.0	0.0	2.0	0.0	0.0	2.0	1.0	0.0	0.0	0.0	0.0	0.0	0.0	1.0	0.0	0.0	0.0	0.0	0.0	1.0	0.0	0.0	1.0	0.0	0.0	0.0	1.0	0.0	0.0	0.0	0.0	2.0	0.0	1.0	0.0	2.0	2.0	1.0	0.0	7.0	6.0	11.0	human	0.0	0.0	0.0	0.14285714285714285	0.0	0.0	0.0	0.14285714285714285	0.0	0.0	0.0	0.0	0.0	0.14285714285714285	0.0	0.0	0.2857142857142857	0.0	0.2857142857142857	0.0	0.0	0.0	0.0	0.3333333333333333	0.0	0.0	0.3333333333333333	0.16666666666666666	0.0	0.0	0.0	0.0	0.0	0.0	0.16666666666666666	0.0	0.0	0.0	0.0	0.0	0.09090909090909091	0.0	0.0	0.09090909090909091	0.0	0.0	0.0	0.09090909090909091	0.0	0.0	0.0	0.0	0.18181818181818182	0.0	0.09090909090909091	0.0	0.18181818181818182	0.18181818181818182	0.09090909090909091	0.0
3g04	B	LEPGYSSTWSVN	DPTDSY	GYRFTSY	-0.8857142857142858	0.1428571428571428	7.842857142857143	143.00714285714284	-1.9000000000000004	-0.3333333333333333	9.666666666666666	131.12166666666667	-0.525	-0.0833333333333333	8.291666666666668	128.13166666666666	0.0	1.0	0.0	0.0	0.0	0.0	0.0	1.0	0.0	0.0	0.0	0.0	0.0	1.0	0.0	1.0	1.0	0.0	2.0	0.0	0.0	0.0	0.0	2.0	0.0	0.0	0.0	0.0	0.0	0.0	0.0	0.0	0.0	0.0	1.0	1.0	1.0	0.0	1.0	0.0	0.0	0.0	1.0	0.0	0.0	0.0	1.0	1.0	0.0	0.0	1.0	0.0	0.0	0.0	1.0	3.0	1.0	1.0	1.0	1.0	7.0	6.0	12.0	human	0.0	0.14285714285714285	0.0	0.0	0.0	0.0	0.0	0.14285714285714285	0.0	0.0	0.0	0.0	0.0	0.14285714285714285	0.0	0.14285714285714285	0.14285714285714285	0.0	0.2857142857142857	0.0	0.0	0.0	0.0	0.3333333333333333	0.0	0.0	0.0	0.0	0.0	0.0	0.0	0.0	0.0	0.0	0.16666666666666666	0.16666666666666666	0.16666666666666666	0.0	0.16666666666666666	0.0	0.0	0.0	0.08333333333333333	0.0	0.0	0.0	0.08333333333333333	0.08333333333333333	0.0	0.0	0.08333333333333333	0.0	0.0	0.0	0.08333333333333333	0.25	0.08333333333333333	0.08333333333333333	0.08333333333333333	0.08333333333333333
3sob	H	GSGHVNAVKNYGYVMDY	TPYGGY	GFTFTNS	-0.0714285714285714	0.0	8.2	125.84285714285714	-0.9499999999999998	0.0	7.833333333333333	124.46166666666666	-0.4235294117647059	0.0588235294117647	8.48235294117647	127.19470588235292	0.0	0.0	1.0	0.0	0.0	0.0	0.0	1.0	0.0	0.0	0.0	0.0	0.0	2.0	0.0	1.0	2.0	0.0	0.0	0.0	0.0	0.0	0.0	0.0	0.0	0.0	0.0	2.0	0.0	0.0	0.0	0.0	0.0	0.0	1.0	0.0	1.0	0.0	2.0	0.0	1.0	0.0	2.0	1.0	0.0	0.0	0.0	3.0	1.0	0.0	0.0	1.0	1.0	0.0	0.0	1.0	0.0	0.0	3.0	3.0	7.0	6.0	17.0	human	0.0	0.0	0.14285714285714285	0.0	0.0	0.0	0.0	0.14285714285714285	0.0	0.0	0.0	0.0	0.0	0.2857142857142857	0.0	0.14285714285714285	0.2857142857142857	0.0	0.0	0.0	0.0	0.0	0.0	0.0	0.0	0.0	0.0	0.3333333333333333	0.0	0.0	0.0	0.0	0.0	0.0	0.16666666666666666	0.0	0.16666666666666666	0.0	0.3333333333333333	0.0	0.058823529411764705	0.0	0.11764705882352941	0.058823529411764705	0.0	0.0	0.0	0.17647058823529413	0.058823529411764705	0.0	0.0	0.058823529411764705	0.058823529411764705	0.0	0.0	0.058823529411764705	0.0	0.0	0.17647058823529413	0.17647058823529413
3eoa	H	GIYFYGTTYFDY	HPSDSE	GYSFTGH	-0.5714285714285714	0.1428571428571428	8.228571428571428	125.12714285714286	-2.233333333333334	-0.1666666666666666	10.35	126.78333333333336	-0.0666666666666666	-0.0833333333333333	7.383333333333334	142.31583333333333	0.0	0.0	0.0	0.0	0.0	0.0	0.0	2.0	1.0	0.0	0.0	0.0	0.0	1.0	0.0	1.0	1.0	0.0	1.0	0.0	0.0	0.0	0.0	1.0	0.0	0.0	1.0	0.0	1.0	0.0	0.0	0.0	0.0	0.0	1.0	2.0	0.0	0.0	0.0	0.0	0.0	0.0	0.0	1.0	0.0	0.0	0.0	2.0	0.0	1.0	0.0	0.0	0.0	2.0	0.0	0.0	2.0	0.0	4.0	0.0	7.0	6.0	12.0	human	0.0	0.0	0.0	0.0	0.0	0.0	0.0	0.2857142857142857	0.14285714285714285	0.0	0.0	0.0	0.0	0.14285714285714285	0.0	0.14285714285714285	0.14285714285714285	0.0	0.14285714285714285	0.0	0.0	0.0	0.0	0.16666666666666666	0.0	0.0	0.16666666666666666	0.0	0.16666666666666666	0.0	0.0	0.0	0.0	0.0	0.16666666666666666	0.3333333333333333	0.0	0.0	0.0	0.0	0.0	0.0	0.0	0.08333333333333333	0.0	0.0	0.0	0.16666666666666666	0.0	0.08333333333333333	0.0	0.0	0.0	0.16666666666666666	0.0	0.0	0.16666666666666666	0.0	0.3333333333333333	0.0
3nps	B	TFHIRRYRSGYYDKMDH	IPIFGT	GGTFSSY	-0.2285714285714286	0.0	8.057142857142859	117.9742857142857	1.5166666666666666	0.0	6.866666666666666	122.80833333333334	-1.611764705882353	0.2352941176470588	8.88823529411765	149.04294117647055	0.0	0.0	0.0	0.0	0.0	0.0	0.0	2.0	0.0	0.0	0.0	0.0	0.0	1.0	0.0	2.0	1.0	0.0	1.0	0.0	0.0	0.0	0.0	0.0	0.0	0.0	0.0	1.0	0.0	2.0	0.0	0.0	0.0	1.0	1.0	0.0	1.0	0.0	0.0	0.0	0.0	3.0	0.0	2.0	0.0	0.0	0.0	1.0	2.0	1.0	0.0	1.0	1.0	1.0	0.0	1.0	1.0	0.0	3.0	0.0	7.0	6.0	17.0	human	0.0	0.0	0.0	0.0	0.0	0.0	0.0	0.2857142857142857	0.0	0.0	0.0	0.0	0.0	0.14285714285714285	0.0	0.2857142857142857	0.14285714285714285	0.0	0.14285714285714285	0.0	0.0	0.0	0.0	0.0	0.0	0.0	0.0	0.16666666666666666	0.0	0.3333333333333333	0.0	0.0	0.0	0.16666666666666666	0.16666666666666666	0.0	0.16666666666666666	0.0	0.0	0.0	0.0	0.17647058823529413	0.0	0.11764705882352941	0.0	0.0	0.0	0.058823529411764705	0.11764705882352941	0.058823529411764705	0.0	0.058823529411764705	0.058823529411764705	0.058823529411764705	0.0	0.058823529411764705	0.058823529411764705	0.0	0.17647058823529413	0.0
7shy	C	GSHYFGHWHFAV	TYDGS	GYSITSGY	-0.15	0.0	7.824999999999999	121.62375	-1.34	-0.2	9.2	122.71399999999998	-0.1500000000000001	0.25	7.866666666666668	136.89583333333334	0.0	0.0	0.0	0.0	0.0	0.0	0.0	2.0	0.0	1.0	0.0	0.0	0.0	0.0	0.0	2.0	1.0	0.0	2.0	0.0	0.0	0.0	0.0	1.0	0.0	0.0	0.0	1.0	0.0	0.0	0.0	0.0	0.0	0.0	0.0	1.0	1.0	0.0	1.0	0.0	1.0	0.0	0.0	0.0	0.0	0.0	0.0	2.0	3.0	0.0	0.0	0.0	0.0	2.0	0.0	1.0	0.0	1.0	1.0	1.0	8.0	5.0	12.0	human	0.0	0.0	0.0	0.0	0.0	0.0	0.0	0.25	0.0	0.125	0.0	0.0	0.0	0.0	0.0	0.25	0.125	0.0	0.25	0.0	0.0	0.0	0.0	0.2	0.0	0.0	0.0	0.2	0.0	0.0	0.0	0.0	0.0	0.0	0.0	0.2	0.2	0.0	0.2	0.0	0.08333333333333333	0.0	0.0	0.0	0.0	0.0	0.0	0.16666666666666666	0.25	0.0	0.0	0.0	0.0	0.16666666666666666	0.0	0.08333333333333333	0.0	0.08333333333333333	0.08333333333333333	0.08333333333333333
7amq	H	GAGYNFDGAYRFFDF	NPYNDD	GYTFTGY	-0.2857142857142857	0.0	7.542857142857143	130.85	-2.8166666666666664	-0.3333333333333333	10.566666666666666	137.79333333333332	-0.2666666666666667	-0.0666666666666666	8.3	133.27	0.0	0.0	0.0	0.0	0.0	0.0	0.0	2.0	0.0	0.0	0.0	0.0	0.0	1.0	0.0	0.0	2.0	0.0	2.0	0.0	0.0	0.0	2.0	2.0	0.0	0.0	0.0	0.0	0.0	0.0	0.0	0.0	0.0	0.0	1.0	0.0	0.0	0.0	1.0	0.0	2.0	1.0	1.0	2.0	0.0	0.0	0.0	3.0	0.0	0.0	0.0	0.0	0.0	4.0	0.0	0.0	0.0	0.0	2.0	0.0	7.0	6.0	15.0	human	0.0	0.0	0.0	0.0	0.0	0.0	0.0	0.2857142857142857	0.0	0.0	0.0	0.0	0.0	0.14285714285714285	0.0	0.0	0.2857142857142857	0.0	0.2857142857142857	0.0	0.0	0.0	0.3333333333333333	0.3333333333333333	0.0	0.0	0.0	0.0	0.0	0.0	0.0	0.0	0.0	0.0	0.16666666666666666	0.0	0.0	0.0	0.16666666666666666	0.0	0.13333333333333333	0.06666666666666667	0.06666666666666667	0.13333333333333333	0.0	0.0	0.0	0.2	0.0	0.0	0.0	0.0	0.0	0.26666666666666666	0.0	0.0	0.0	0.0	0.13333333333333333	0.0
6u36	H	ERYGYYFDY	DPGSGG	GYTFSSY	-0.3571428571428572	0.0	7.657142857142857	133.1342857142857	-1.1833333333333331	-0.1666666666666666	9.533333333333331	96.42166666666668	-1.5888888888888897	-0.1111111111111111	8.311111111111112	157.71666666666667	0.0	0.0	0.0	0.0	0.0	0.0	0.0	1.0	0.0	0.0	0.0	0.0	0.0	1.0	0.0	2.0	1.0	0.0	2.0	0.0	0.0	0.0	0.0	1.0	0.0	0.0	0.0	3.0	0.0	0.0	0.0	0.0	0.0	0.0	1.0	1.0	0.0	0.0	0.0	0.0	0.0	1.0	0.0	1.0	0.0	0.0	1.0	1.0	0.0	0.0	0.0	0.0	0.0	1.0	0.0	0.0	0.0	0.0	4.0	0.0	7.0	6.0	9.0	human	0.0	0.0	0.0	0.0	0.0	0.0	0.0	0.14285714285714285	0.0	0.0	0.0	0.0	0.0	0.14285714285714285	0.0	0.2857142857142857	0.14285714285714285	0.0	0.2857142857142857	0.0	0.0	0.0	0.0	0.16666666666666666	0.0	0.0	0.0	0.5	0.0	0.0	0.0	0.0	0.0	0.0	0.16666666666666666	0.16666666666666666	0.0	0.0	0.0	0.0	0.0	0.1111111111111111	0.0	0.1111111111111111	0.0	0.0	0.1111111111111111	0.1111111111111111	0.0	0.0	0.0	0.0	0.0	0.1111111111111111	0.0	0.0	0.0	0.0	0.4444444444444444	0.0
5hi4	C	DLIHGVTRN	SGSGGS	GFTFSSY	0.2285714285714286	0.0	7.514285714285713	130.84857142857143	-0.6	0.0	9.1	90.08	-0.3666666666666666	0.1111111111111111	8.788888888888888	129.80666666666664	0.0	0.0	0.0	0.0	0.0	0.0	0.0	1.0	0.0	0.0	0.0	0.0	0.0	2.0	0.0	2.0	1.0	0.0	1.0	0.0	0.0	0.0	0.0	0.0	0.0	0.0	0.0	3.0	0.0	0.0	0.0	0.0	0.0	0.0	0.0	3.0	0.0	0.0	0.0	0.0	0.0	1.0	1.0	1.0	0.0	0.0	0.0	1.0	1.0	1.0	1.0	0.0	0.0	0.0	0.0	0.0	1.0	0.0	0.0	1.0	7.0	6.0	9.0	human	0.0	0.0	0.0	0.0	0.0	0.0	0.0	0.14285714285714285	0.0	0.0	0.0	0.0	0.0	0.2857142857142857	0.0	0.2857142857142857	0.14285714285714285	0.0	0.14285714285714285	0.0	0.0	0.0	0.0	0.0	0.0	0.0	0.0	0.5	0.0	0.0	0.0	0.0	0.0	0.0	0.0	0.5	0.0	0.0	0.0	0.0	0.0	0.1111111111111111	0.1111111111111111	0.1111111111111111	0.0	0.0	0.0	0.1111111111111111	0.1111111111111111	0.1111111111111111	0.1111111111111111	0.0	0.0	0.0	0.0	0.0	0.1111111111111111	0.0	0.0	0.1111111111111111
7kql	H	GGPYGDYAHWFEP	YYSGF	GGSISSRSY	-0.5888888888888889	0.1111111111111111	8.522222222222222	117.4511111111111	-0.2000000000000001	0.0	7.160000000000001	141.546	-1.0384615384615383	-0.0769230769230769	8.446153846153846	131.67307692307693	0.0	1.0	0.0	0.0	0.0	0.0	0.0	2.0	0.0	1.0	0.0	0.0	0.0	0.0	0.0	4.0	0.0	0.0	1.0	0.0	0.0	0.0	0.0	0.0	0.0	0.0	0.0	1.0	0.0	0.0	0.0	0.0	0.0	1.0	0.0	1.0	0.0	0.0	2.0	0.0	1.0	0.0	0.0	1.0	0.0	0.0	1.0	3.0	1.0	0.0	0.0	0.0	0.0	1.0	2.0	0.0	0.0	1.0	2.0	0.0	9.0	5.0	13.0	human	0.0	0.1111111111111111	0.0	0.0	0.0	0.0	0.0	0.2222222222222222	0.0	0.1111111111111111	0.0	0.0	0.0	0.0	0.0	0.4444444444444444	0.0	0.0	0.1111111111111111	0.0	0.0	0.0	0.0	0.0	0.0	0.0	0.0	0.2	0.0	0.0	0.0	0.0	0.0	0.2	0.0	0.2	0.0	0.0	0.4	0.0	0.07692307692307693	0.0	0.0	0.07692307692307693	0.0	0.0	0.07692307692307693	0.23076923076923078	0.07692307692307693	0.0	0.0	0.0	0.0	0.07692307692307693	0.15384615384615385	0.0	0.0	0.07692307692307693	0.15384615384615385	0.0
5hys	A	GSHYFGHWHFAV	TYDGS	GYSITSGY	-0.15	0.0	7.824999999999999	121.62375	-1.34	-0.2	9.2	122.71399999999998	-0.1500000000000001	0.25	7.866666666666668	136.89583333333334	0.0	0.0	0.0	0.0	0.0	0.0	0.0	2.0	0.0	1.0	0.0	0.0	0.0	0.0	0.0	2.0	1.0	0.0	2.0	0.0	0.0	0.0	0.0	1.0	0.0	0.0	0.0	1.0	0.0	0.0	0.0	0.0	0.0	0.0	0.0	1.0	1.0	0.0	1.0	0.0	1.0	0.0	0.0	0.0	0.0	0.0	0.0	2.0	3.0	0.0	0.0	0.0	0.0	2.0	0.0	1.0	0.0	1.0	1.0	1.0	8.0	5.0	12.0	human	0.0	0.0	0.0	0.0	0.0	0.0	0.0	0.25	0.0	0.125	0.0	0.0	0.0	0.0	0.0	0.25	0.125	0.0	0.25	0.0	0.0	0.0	0.0	0.2	0.0	0.0	0.0	0.2	0.0	0.0	0.0	0.0	0.0	0.0	0.0	0.2	0.2	0.0	0.2	0.0	0.08333333333333333	0.0	0.0	0.0	0.0	0.0	0.0	0.16666666666666666	0.25	0.0	0.0	0.0	0.0	0.16666666666666666	0.0	0.08333333333333333	0.0	0.08333333333333333	0.08333333333333333	0.08333333333333333
5mes	H	QVGATWAFDI	SSSSSY	GFTFSSY	0.2285714285714286	0.0	7.514285714285713	130.84857142857143	-0.8833333333333333	0.0	8.700000000000001	117.77333333333335	0.61	-0.1	7.900000000000001	126.936	0.0	0.0	0.0	0.0	0.0	0.0	0.0	1.0	0.0	0.0	0.0	0.0	0.0	2.0	0.0	2.0	1.0	0.0	1.0	0.0	0.0	0.0	0.0	0.0	0.0	0.0	0.0	0.0	0.0	0.0	0.0	0.0	0.0	0.0	0.0	5.0	0.0	0.0	1.0	0.0	2.0	0.0	0.0	1.0	0.0	1.0	0.0	1.0	0.0	1.0	0.0	0.0	0.0	1.0	0.0	0.0	1.0	1.0	0.0	1.0	7.0	6.0	10.0	human	0.0	0.0	0.0	0.0	0.0	0.0	0.0	0.14285714285714285	0.0	0.0	0.0	0.0	0.0	0.2857142857142857	0.0	0.2857142857142857	0.14285714285714285	0.0	0.14285714285714285	0.0	0.0	0.0	0.0	0.0	0.0	0.0	0.0	0.0	0.0	0.0	0.0	0.0	0.0	0.0	0.0	0.8333333333333334	0.0	0.0	0.16666666666666666	0.0	0.2	0.0	0.0	0.1	0.0	0.1	0.0	0.1	0.0	0.1	0.0	0.0	0.0	0.1	0.0	0.0	0.1	0.1	0.0	0.1
3nfp	H	GGGVFDY	NPSTGY	GYTFTSY	-0.3428571428571429	0.0	7.571428571428571	135.13857142857142	-1.3833333333333335	0.0	8.766666666666667	121.28666666666668	0.1428571428571428	-0.1428571428571428	8.185714285714287	117.40571428571428	0.0	0.0	0.0	0.0	0.0	0.0	0.0	1.0	0.0	0.0	0.0	0.0	0.0	1.0	0.0	1.0	2.0	0.0	2.0	0.0	0.0	0.0	1.0	0.0	0.0	0.0	0.0	1.0	0.0	0.0	0.0	0.0	0.0	0.0	1.0	1.0	1.0	0.0	1.0	0.0	0.0	0.0	0.0	1.0	0.0	0.0	0.0	3.0	0.0	0.0	0.0	0.0	0.0	1.0	0.0	0.0	0.0	0.0	1.0	1.0	7.0	6.0	7.0	human	0.0	0.0	0.0	0.0	0.0	0.0	0.0	0.14285714285714285	0.0	0.0	0.0	0.0	0.0	0.14285714285714285	0.0	0.14285714285714285	0.2857142857142857	0.0	0.2857142857142857	0.0	0.0	0.0	0.16666666666666666	0.0	0.0	0.0	0.0	0.16666666666666666	0.0	0.0	0.0	0.0	0.0	0.0	0.16666666666666666	0.16666666666666666	0.16666666666666666	0.0	0.16666666666666666	0.0	0.0	0.0	0.0	0.14285714285714285	0.0	0.0	0.0	0.42857142857142855	0.0	0.0	0.0	0.0	0.0	0.14285714285714285	0.0	0.0	0.0	0.0	0.14285714285714285	0.14285714285714285
7keo	E	YGFAGQPETWYAMDY	YSYYGS	GFNVSYS	0.0285714285714285	0.0	8.042857142857143	125.84285714285714	-0.9833333333333334	0.0	7.666666666666667	138.13666666666668	-0.6733333333333336	-0.1333333333333333	8.1	136.7433333333333	0.0	0.0	1.0	0.0	0.0	0.0	0.0	1.0	0.0	0.0	0.0	0.0	0.0	1.0	0.0	2.0	0.0	0.0	1.0	1.0	0.0	0.0	0.0	0.0	0.0	0.0	0.0	1.0	0.0	0.0	0.0	0.0	0.0	0.0	0.0	2.0	0.0	0.0	3.0	0.0	2.0	0.0	0.0	1.0	0.0	1.0	1.0	2.0	0.0	0.0	0.0	0.0	1.0	1.0	1.0	0.0	1.0	1.0	3.0	0.0	7.0	6.0	15.0	human	0.0	0.0	0.14285714285714285	0.0	0.0	0.0	0.0	0.14285714285714285	0.0	0.0	0.0	0.0	0.0	0.14285714285714285	0.0	0.2857142857142857	0.0	0.0	0.14285714285714285	0.14285714285714285	0.0	0.0	0.0	0.0	0.0	0.0	0.0	0.16666666666666666	0.0	0.0	0.0	0.0	0.0	0.0	0.0	0.3333333333333333	0.0	0.0	0.5	0.0	0.13333333333333333	0.0	0.0	0.06666666666666667	0.0	0.06666666666666667	0.06666666666666667	0.13333333333333333	0.0	0.0	0.0	0.0	0.06666666666666667	0.06666666666666667	0.06666666666666667	0.0	0.06666666666666667	0.06666666666666667	0.2	0.0
5bv7	C	EGAAVRSFYYSYYGMDV	WYDGSN	GFTFSSY	0.2285714285714286	0.0	7.514285714285713	130.84857142857143	-1.7333333333333334	-0.1666666666666666	9.066666666666666	138.46666666666667	-0.1411764705882352	-0.0588235294117647	7.994117647058823	133.31705882352944	0.0	0.0	0.0	0.0	0.0	0.0	0.0	1.0	0.0	0.0	0.0	0.0	0.0	2.0	0.0	2.0	1.0	0.0	1.0	0.0	0.0	0.0	1.0	1.0	0.0	0.0	0.0	1.0	0.0	0.0	0.0	0.0	0.0	0.0	0.0	1.0	0.0	1.0	1.0	0.0	2.0	1.0	0.0	1.0	0.0	0.0	1.0	2.0	0.0	0.0	0.0	0.0	1.0	1.0	0.0	2.0	0.0	0.0	4.0	2.0	7.0	6.0	17.0	human	0.0	0.0	0.0	0.0	0.0	0.0	0.0	0.14285714285714285	0.0	0.0	0.0	0.0	0.0	0.2857142857142857	0.0	0.2857142857142857	0.14285714285714285	0.0	0.14285714285714285	0.0	0.0	0.0	0.16666666666666666	0.16666666666666666	0.0	0.0	0.0	0.16666666666666666	0.0	0.0	0.0	0.0	0.0	0.0	0.0	0.16666666666666666	0.0	0.16666666666666666	0.16666666666666666	0.0	0.11764705882352941	0.058823529411764705	0.0	0.058823529411764705	0.0	0.0	0.058823529411764705	0.11764705882352941	0.0	0.0	0.0	0.0	0.058823529411764705	0.058823529411764705	0.0	0.11764705882352941	0.0	0.0	0.23529411764705882	0.11764705882352941
6yxd	H	ETGTAWFAY	NPNSGG	GYTFTDF	-0.142857142857143	-0.1428571428571428	7.971428571428571	136.8542857142857	-1.7000000000000002	0.0	9.733333333333334	105.76666666666664	-0.1222222222222223	-0.1111111111111111	7.944444444444445	132.13666666666666	0.0	0.0	0.0	1.0	0.0	0.0	0.0	1.0	0.0	0.0	0.0	0.0	0.0	2.0	0.0	0.0	2.0	0.0	1.0	0.0	0.0	0.0	2.0	0.0	0.0	0.0	0.0	2.0	0.0	0.0	0.0	0.0	0.0	0.0	1.0	1.0	0.0	0.0	0.0	0.0	2.0	0.0	0.0	0.0	0.0	0.0	1.0	1.0	0.0	0.0	0.0	0.0	0.0	1.0	0.0	0.0	2.0	1.0	1.0	0.0	7.0	6.0	9.0	human	0.0	0.0	0.0	0.14285714285714285	0.0	0.0	0.0	0.14285714285714285	0.0	0.0	0.0	0.0	0.0	0.2857142857142857	0.0	0.0	0.2857142857142857	0.0	0.14285714285714285	0.0	0.0	0.0	0.3333333333333333	0.0	0.0	0.0	0.0	0.3333333333333333	0.0	0.0	0.0	0.0	0.0	0.0	0.16666666666666666	0.16666666666666666	0.0	0.0	0.0	0.0	0.2222222222222222	0.0	0.0	0.0	0.0	0.0	0.1111111111111111	0.1111111111111111	0.0	0.0	0.0	0.0	0.0	0.1111111111111111	0.0	0.0	0.2222222222222222	0.1111111111111111	0.1111111111111111	0.0
5mev	H	QVGATWAFDI	SSSSSY	GFTFSSY	0.2285714285714286	0.0	7.514285714285713	130.84857142857143	-0.8833333333333333	0.0	8.700000000000001	117.77333333333335	0.61	-0.1	7.900000000000001	126.936	0.0	0.0	0.0	0.0	0.0	0.0	0.0	1.0	0.0	0.0	0.0	0.0	0.0	2.0	0.0	2.0	1.0	0.0	1.0	0.0	0.0	0.0	0.0	0.0	0.0	0.0	0.0	0.0	0.0	0.0	0.0	0.0	0.0	0.0	0.0	5.0	0.0	0.0	1.0	0.0	2.0	0.0	0.0	1.0	0.0	1.0	0.0	1.0	0.0	1.0	0.0	0.0	0.0	1.0	0.0	0.0	1.0	1.0	0.0	1.0	7.0	6.0	10.0	human	0.0	0.0	0.0	0.0	0.0	0.0	0.0	0.14285714285714285	0.0	0.0	0.0	0.0	0.0	0.2857142857142857	0.0	0.2857142857142857	0.14285714285714285	0.0	0.14285714285714285	0.0	0.0	0.0	0.0	0.0	0.0	0.0	0.0	0.0	0.0	0.0	0.0	0.0	0.0	0.0	0.0	0.8333333333333334	0.0	0.0	0.16666666666666666	0.0	0.2	0.0	0.0	0.1	0.0	0.1	0.0	0.1	0.0	0.1	0.0	0.0	0.0	0.1	0.0	0.0	0.1	0.1	0.0	0.1
7si0	I	GSHYFGHWHFAV	TYDGS	GYSITSGY	-0.15	0.0	7.824999999999999	121.62375	-1.34	-0.2	9.2	122.71399999999998	-0.1500000000000001	0.25	7.866666666666668	136.89583333333334	0.0	0.0	0.0	0.0	0.0	0.0	0.0	2.0	0.0	1.0	0.0	0.0	0.0	0.0	0.0	2.0	1.0	0.0	2.0	0.0	0.0	0.0	0.0	1.0	0.0	0.0	0.0	1.0	0.0	0.0	0.0	0.0	0.0	0.0	0.0	1.0	1.0	0.0	1.0	0.0	1.0	0.0	0.0	0.0	0.0	0.0	0.0	2.0	3.0	0.0	0.0	0.0	0.0	2.0	0.0	1.0	0.0	1.0	1.0	1.0	8.0	5.0	12.0	human	0.0	0.0	0.0	0.0	0.0	0.0	0.0	0.25	0.0	0.125	0.0	0.0	0.0	0.0	0.0	0.25	0.125	0.0	0.25	0.0	0.0	0.0	0.0	0.2	0.0	0.0	0.0	0.2	0.0	0.0	0.0	0.0	0.0	0.0	0.0	0.2	0.2	0.0	0.2	0.0	0.08333333333333333	0.0	0.0	0.0	0.0	0.0	0.0	0.16666666666666666	0.25	0.0	0.0	0.0	0.0	0.16666666666666666	0.0	0.08333333333333333	0.0	0.08333333333333333	0.08333333333333333	0.08333333333333333
7ahu	B	LHYYNSEEFDV	DPSDSF	GYSFSTS	-0.2857142857142857	0.0	8.085714285714285	122.26285714285714	-1.2333333333333332	-0.3333333333333333	9.6	126.11666666666667	-0.890909090909091	-0.1818181818181818	8.836363636363636	145.05636363636367	0.0	0.0	0.0	0.0	0.0	0.0	0.0	1.0	0.0	0.0	0.0	0.0	0.0	1.0	0.0	3.0	1.0	0.0	1.0	0.0	0.0	0.0	0.0	2.0	0.0	0.0	0.0	0.0	0.0	0.0	0.0	0.0	0.0	1.0	1.0	2.0	0.0	0.0	0.0	0.0	0.0	0.0	1.0	1.0	0.0	0.0	2.0	0.0	1.0	0.0	1.0	0.0	0.0	1.0	0.0	1.0	0.0	0.0	2.0	1.0	7.0	6.0	11.0	human	0.0	0.0	0.0	0.0	0.0	0.0	0.0	0.14285714285714285	0.0	0.0	0.0	0.0	0.0	0.14285714285714285	0.0	0.42857142857142855	0.14285714285714285	0.0	0.14285714285714285	0.0	0.0	0.0	0.0	0.3333333333333333	0.0	0.0	0.0	0.0	0.0	0.0	0.0	0.0	0.0	0.16666666666666666	0.16666666666666666	0.3333333333333333	0.0	0.0	0.0	0.0	0.0	0.0	0.09090909090909091	0.09090909090909091	0.0	0.0	0.18181818181818182	0.0	0.09090909090909091	0.0	0.09090909090909091	0.0	0.0	0.09090909090909091	0.0	0.09090909090909091	0.0	0.0	0.18181818181818182	0.09090909090909091
5ggs	C	RDYRFDMGFDY	NPSNGG	GYTFTNY	-0.7285714285714286	0.0	7.914285714285714	139.0	-1.7	0.0	9.733333333333333	105.76666666666664	-1.3636363636363635	-0.0909090909090909	8.863636363636365	151.33999999999995	0.0	0.0	1.0	0.0	0.0	0.0	0.0	1.0	0.0	0.0	0.0	0.0	0.0	1.0	0.0	0.0	2.0	0.0	2.0	0.0	0.0	0.0	2.0	0.0	0.0	0.0	0.0	2.0	0.0	0.0	0.0	0.0	0.0	0.0	1.0	1.0	0.0	0.0	0.0	0.0	0.0	2.0	0.0	3.0	0.0	0.0	0.0	1.0	0.0	0.0	0.0	0.0	1.0	2.0	0.0	0.0	0.0	0.0	2.0	0.0	7.0	6.0	11.0	human	0.0	0.0	0.14285714285714285	0.0	0.0	0.0	0.0	0.14285714285714285	0.0	0.0	0.0	0.0	0.0	0.14285714285714285	0.0	0.0	0.2857142857142857	0.0	0.2857142857142857	0.0	0.0	0.0	0.3333333333333333	0.0	0.0	0.0	0.0	0.3333333333333333	0.0	0.0	0.0	0.0	0.0	0.0	0.16666666666666666	0.16666666666666666	0.0	0.0	0.0	0.0	0.0	0.18181818181818182	0.0	0.2727272727272727	0.0	0.0	0.0	0.09090909090909091	0.0	0.0	0.0	0.0	0.09090909090909091	0.18181818181818182	0.0	0.0	0.0	0.0	0.18181818181818182	0.0
4d9r	H	EGGVNN	NTYTGE	GYTFTNY	-0.7285714285714286	0.0	7.914285714285714	139.0	-1.6833333333333336	-0.1666666666666666	9.383333333333333	128.95833333333331	-1.1833333333333331	-0.1666666666666666	9.9	113.11	0.0	0.0	1.0	0.0	0.0	0.0	0.0	1.0	0.0	0.0	0.0	0.0	0.0	1.0	0.0	0.0	2.0	0.0	2.0	0.0	0.0	0.0	1.0	0.0	0.0	0.0	1.0	1.0	0.0	0.0	0.0	0.0	0.0	0.0	0.0	0.0	2.0	0.0	1.0	0.0	0.0	0.0	2.0	0.0	0.0	0.0	1.0	2.0	0.0	0.0	0.0	0.0	0.0	0.0	0.0	0.0	0.0	0.0	0.0	1.0	7.0	6.0	6.0	human	0.0	0.0	0.14285714285714285	0.0	0.0	0.0	0.0	0.14285714285714285	0.0	0.0	0.0	0.0	0.0	0.14285714285714285	0.0	0.0	0.2857142857142857	0.0	0.2857142857142857	0.0	0.0	0.0	0.16666666666666666	0.0	0.0	0.0	0.16666666666666666	0.16666666666666666	0.0	0.0	0.0	0.0	0.0	0.0	0.0	0.0	0.3333333333333333	0.0	0.16666666666666666	0.0	0.0	0.0	0.3333333333333333	0.0	0.0	0.0	0.16666666666666666	0.3333333333333333	0.0	0.0	0.0	0.0	0.0	0.0	0.0	0.0	0.0	0.0	0.0	0.16666666666666666
4lmq	E	DQGLNYGSLFDY	WGSGG	GFSLTVY	1.0857142857142856	0.0	7.0	127.71142857142856	-0.58	0.0	8.32	106.906	-0.6500000000000001	-0.1666666666666666	8.558333333333335	132.4675	0.0	0.0	0.0	0.0	0.0	0.0	0.0	1.0	0.0	0.0	1.0	0.0	0.0	1.0	0.0	1.0	1.0	0.0	1.0	1.0	0.0	0.0	0.0	0.0	0.0	0.0	0.0	3.0	0.0	0.0	0.0	0.0	0.0	0.0	0.0	1.0	0.0	1.0	0.0	0.0	0.0	0.0	1.0	2.0	0.0	1.0	0.0	2.0	0.0	0.0	2.0	0.0	0.0	1.0	0.0	1.0	0.0	0.0	2.0	0.0	7.0	5.0	12.0	human	0.0	0.0	0.0	0.0	0.0	0.0	0.0	0.14285714285714285	0.0	0.0	0.14285714285714285	0.0	0.0	0.14285714285714285	0.0	0.14285714285714285	0.14285714285714285	0.0	0.14285714285714285	0.14285714285714285	0.0	0.0	0.0	0.0	0.0	0.0	0.0	0.6	0.0	0.0	0.0	0.0	0.0	0.0	0.0	0.2	0.0	0.2	0.0	0.0	0.0	0.0	0.08333333333333333	0.16666666666666666	0.0	0.08333333333333333	0.0	0.16666666666666666	0.0	0.0	0.16666666666666666	0.0	0.0	0.08333333333333333	0.0	0.08333333333333333	0.0	0.0	0.16666666666666666	0.0
3hae	H	ELLPYYGMDV	GSSGGG	GFTFSAY	0.6	0.0	7.357142857142857	128.56285714285715	-0.5333333333333333	0.0	9.066666666666666	85.07666666666667	0.2099999999999999	-0.2	7.610000000000002	136.151	1.0	0.0	0.0	0.0	0.0	0.0	0.0	1.0	0.0	0.0	0.0	0.0	0.0	2.0	0.0	1.0	1.0	0.0	1.0	0.0	0.0	0.0	0.0	0.0	0.0	0.0	0.0	4.0	0.0	0.0	0.0	0.0	0.0	0.0	0.0	2.0	0.0	0.0	0.0	0.0	0.0	0.0	0.0	1.0	0.0	0.0	1.0	1.0	0.0	0.0	2.0	0.0	1.0	0.0	1.0	0.0	0.0	0.0	2.0	1.0	7.0	6.0	10.0	human	0.14285714285714285	0.0	0.0	0.0	0.0	0.0	0.0	0.14285714285714285	0.0	0.0	0.0	0.0	0.0	0.2857142857142857	0.0	0.14285714285714285	0.14285714285714285	0.0	0.14285714285714285	0.0	0.0	0.0	0.0	0.0	0.0	0.0	0.0	0.6666666666666666	0.0	0.0	0.0	0.0	0.0	0.0	0.0	0.3333333333333333	0.0	0.0	0.0	0.0	0.0	0.0	0.0	0.1	0.0	0.0	0.1	0.1	0.0	0.0	0.2	0.0	0.1	0.0	0.1	0.0	0.0	0.0	0.2	0.1
5xwd	H	LPMVTMSFDY	YYSGS	GGSISSSSY	-0.1777777777777778	0.0	8.377777777777778	109.77222222222224	-0.9200000000000002	0.0	7.959999999999999	129.526	0.67	-0.1	7.24	136.55599999999998	0.0	0.0	0.0	0.0	0.0	0.0	0.0	2.0	0.0	1.0	0.0	0.0	0.0	0.0	0.0	5.0	0.0	0.0	1.0	0.0	0.0	0.0	0.0	0.0	0.0	0.0	0.0	1.0	0.0	0.0	0.0	0.0	0.0	0.0	0.0	2.0	0.0	0.0	2.0	0.0	0.0	0.0	0.0	1.0	0.0	0.0	0.0	0.0	0.0	0.0	1.0	0.0	2.0	1.0	1.0	1.0	1.0	0.0	1.0	1.0	9.0	5.0	10.0	human	0.0	0.0	0.0	0.0	0.0	0.0	0.0	0.2222222222222222	0.0	0.1111111111111111	0.0	0.0	0.0	0.0	0.0	0.5555555555555556	0.0	0.0	0.1111111111111111	0.0	0.0	0.0	0.0	0.0	0.0	0.0	0.0	0.2	0.0	0.0	0.0	0.0	0.0	0.0	0.0	0.4	0.0	0.0	0.4	0.0	0.0	0.0	0.0	0.1	0.0	0.0	0.0	0.0	0.0	0.0	0.1	0.0	0.2	0.1	0.1	0.1	0.1	0.0	0.1	0.1
3b2u	F	VSIFGVGTFDY	YYSGS	GGSISSGDY	-0.4333333333333333	-0.1111111111111111	8.777777777777779	109.5488888888889	-0.9200000000000002	0.0	7.959999999999999	129.526	1.0363636363636362	-0.0909090909090909	7.490909090909091	125.86272727272726	0.0	0.0	0.0	1.0	0.0	0.0	0.0	3.0	0.0	1.0	0.0	0.0	0.0	0.0	0.0	3.0	0.0	0.0	1.0	0.0	0.0	0.0	0.0	0.0	0.0	0.0	0.0	1.0	0.0	0.0	0.0	0.0	0.0	0.0	0.0	2.0	0.0	0.0	2.0	0.0	0.0	0.0	0.0	1.0	0.0	0.0	0.0	2.0	0.0	1.0	0.0	0.0	0.0	2.0	0.0	1.0	1.0	0.0	1.0	2.0	9.0	5.0	11.0	human	0.0	0.0	0.0	0.1111111111111111	0.0	0.0	0.0	0.3333333333333333	0.0	0.1111111111111111	0.0	0.0	0.0	0.0	0.0	0.3333333333333333	0.0	0.0	0.1111111111111111	0.0	0.0	0.0	0.0	0.0	0.0	0.0	0.0	0.2	0.0	0.0	0.0	0.0	0.0	0.0	0.0	0.4	0.0	0.0	0.4	0.0	0.0	0.0	0.0	0.09090909090909091	0.0	0.0	0.0	0.18181818181818182	0.0	0.09090909090909091	0.0	0.0	0.0	0.18181818181818182	0.0	0.09090909090909091	0.09090909090909091	0.0	0.09090909090909091	0.18181818181818182
6fxn	D	SRDLLLFPHHALSP	IPMFGT	GGTFNNN	-1.3142857142857145	0.0	9.514285714285714	118.68714285714285	1.0833333333333333	0.0	6.949999999999999	125.815	0.0428571428571427	0.1428571428571428	7.971428571428572	131.21571428571428	0.0	0.0	3.0	0.0	0.0	0.0	0.0	2.0	0.0	0.0	0.0	0.0	0.0	1.0	0.0	0.0	1.0	0.0	0.0	0.0	0.0	0.0	0.0	0.0	0.0	0.0	0.0	1.0	0.0	1.0	0.0	0.0	1.0	1.0	1.0	0.0	1.0	0.0	0.0	0.0	1.0	1.0	0.0	1.0	0.0	0.0	0.0	0.0	2.0	0.0	4.0	0.0	0.0	1.0	2.0	2.0	0.0	0.0	0.0	0.0	7.0	6.0	14.0	human	0.0	0.0	0.42857142857142855	0.0	0.0	0.0	0.0	0.2857142857142857	0.0	0.0	0.0	0.0	0.0	0.14285714285714285	0.0	0.0	0.14285714285714285	0.0	0.0	0.0	0.0	0.0	0.0	0.0	0.0	0.0	0.0	0.16666666666666666	0.0	0.16666666666666666	0.0	0.0	0.16666666666666666	0.16666666666666666	0.16666666666666666	0.0	0.16666666666666666	0.0	0.0	0.0	0.07142857142857142	0.07142857142857142	0.0	0.07142857142857142	0.0	0.0	0.0	0.0	0.14285714285714285	0.0	0.2857142857142857	0.0	0.0	0.07142857142857142	0.14285714285714285	0.14285714285714285	0.0	0.0	0.0	0.0
3nh7	K	ERWHVRGYFDH	SSSGSL	GFTFSNY	-0.1571428571428571	0.0	7.857142857142857	134.71	0.0333333333333332	0.0	8.45	104.43333333333332	-1.636363636363637	0.1818181818181818	8.981818181818182	152.8890909090909	0.0	0.0	1.0	0.0	0.0	0.0	0.0	1.0	0.0	0.0	0.0	0.0	0.0	2.0	0.0	1.0	1.0	0.0	1.0	0.0	0.0	0.0	0.0	0.0	0.0	0.0	0.0	1.0	0.0	0.0	1.0	0.0	0.0	0.0	0.0	4.0	0.0	0.0	0.0	0.0	0.0	2.0	0.0	1.0	0.0	0.0	1.0	1.0	2.0	0.0	0.0	0.0	0.0	1.0	0.0	0.0	0.0	1.0	1.0	1.0	7.0	6.0	11.0	human	0.0	0.0	0.14285714285714285	0.0	0.0	0.0	0.0	0.14285714285714285	0.0	0.0	0.0	0.0	0.0	0.2857142857142857	0.0	0.14285714285714285	0.14285714285714285	0.0	0.14285714285714285	0.0	0.0	0.0	0.0	0.0	0.0	0.0	0.0	0.16666666666666666	0.0	0.0	0.16666666666666666	0.0	0.0	0.0	0.0	0.6666666666666666	0.0	0.0	0.0	0.0	0.0	0.18181818181818182	0.0	0.09090909090909091	0.0	0.0	0.09090909090909091	0.09090909090909091	0.18181818181818182	0.0	0.0	0.0	0.0	0.09090909090909091	0.0	0.0	0.0	0.09090909090909091	0.09090909090909091	0.09090909090909091
5tz2	H	VGRFASHQLDY	YPGDSD	GYSFTDY	-0.7428571428571429	-0.1428571428571428	8.2	137.1357142857143	-1.8500000000000003	-0.3333333333333333	9.733333333333334	123.78000000000002	-0.4181818181818181	0.0909090909090909	8.445454545454545	133.86909090909091	0.0	0.0	0.0	1.0	0.0	0.0	0.0	1.0	0.0	0.0	0.0	0.0	0.0	1.0	0.0	1.0	1.0	0.0	2.0	0.0	0.0	0.0	0.0	2.0	0.0	0.0	0.0	1.0	0.0	0.0	0.0	0.0	0.0	0.0	1.0	1.0	0.0	0.0	1.0	0.0	1.0	1.0	0.0	1.0	0.0	1.0	0.0	1.0	1.0	0.0	1.0	0.0	0.0	1.0	0.0	1.0	0.0	0.0	1.0	1.0	7.0	6.0	11.0	human	0.0	0.0	0.0	0.14285714285714285	0.0	0.0	0.0	0.14285714285714285	0.0	0.0	0.0	0.0	0.0	0.14285714285714285	0.0	0.14285714285714285	0.14285714285714285	0.0	0.2857142857142857	0.0	0.0	0.0	0.0	0.3333333333333333	0.0	0.0	0.0	0.16666666666666666	0.0	0.0	0.0	0.0	0.0	0.0	0.16666666666666666	0.16666666666666666	0.0	0.0	0.16666666666666666	0.0	0.09090909090909091	0.09090909090909091	0.0	0.09090909090909091	0.0	0.09090909090909091	0.0	0.09090909090909091	0.09090909090909091	0.0	0.09090909090909091	0.0	0.0	0.09090909090909091	0.0	0.09090909090909091	0.0	0.0	0.09090909090909091	0.09090909090909091
5yoy	P	DRGIAAGGNYYYYGMDV	SYDGSN	GFIFSSY	0.9714285714285712	0.0	7.028571428571429	132.57	-1.7166666666666668	-0.1666666666666666	9.7	121.94333333333331	-0.4470588235294118	-0.0588235294117647	8.347058823529412	127.83941176470589	0.0	0.0	0.0	0.0	0.0	0.0	0.0	1.0	0.0	1.0	0.0	0.0	0.0	2.0	0.0	2.0	0.0	0.0	1.0	0.0	0.0	0.0	1.0	1.0	0.0	0.0	0.0	1.0	0.0	0.0	0.0	0.0	0.0	0.0	0.0	2.0	0.0	0.0	1.0	0.0	2.0	1.0	1.0	2.0	0.0	0.0	0.0	4.0	0.0	1.0	0.0	0.0	1.0	0.0	0.0	0.0	0.0	0.0	4.0	1.0	7.0	6.0	17.0	human	0.0	0.0	0.0	0.0	0.0	0.0	0.0	0.14285714285714285	0.0	0.14285714285714285	0.0	0.0	0.0	0.2857142857142857	0.0	0.2857142857142857	0.0	0.0	0.14285714285714285	0.0	0.0	0.0	0.16666666666666666	0.16666666666666666	0.0	0.0	0.0	0.16666666666666666	0.0	0.0	0.0	0.0	0.0	0.0	0.0	0.3333333333333333	0.0	0.0	0.16666666666666666	0.0	0.11764705882352941	0.058823529411764705	0.058823529411764705	0.11764705882352941	0.0	0.0	0.0	0.23529411764705882	0.0	0.058823529411764705	0.0	0.0	0.058823529411764705	0.0	0.0	0.0	0.0	0.0	0.23529411764705882	0.058823529411764705
3h42	H	DYDFWSAYYDAFDV	SSSSSY	GFTFSSY	0.2285714285714286	0.0	7.514285714285713	130.84857142857143	-0.8833333333333333	0.0	8.700000000000001	117.77333333333335	-0.442857142857143	-0.2857142857142857	8.407142857142857	143.64285714285714	0.0	0.0	0.0	0.0	0.0	0.0	0.0	1.0	0.0	0.0	0.0	0.0	0.0	2.0	0.0	2.0	1.0	0.0	1.0	0.0	0.0	0.0	0.0	0.0	0.0	0.0	0.0	0.0	0.0	0.0	0.0	0.0	0.0	0.0	0.0	5.0	0.0	0.0	1.0	0.0	2.0	0.0	0.0	4.0	0.0	0.0	0.0	0.0	0.0	0.0	0.0	0.0	0.0	2.0	0.0	1.0	0.0	1.0	3.0	1.0	7.0	6.0	14.0	human	0.0	0.0	0.0	0.0	0.0	0.0	0.0	0.14285714285714285	0.0	0.0	0.0	0.0	0.0	0.2857142857142857	0.0	0.2857142857142857	0.14285714285714285	0.0	0.14285714285714285	0.0	0.0	0.0	0.0	0.0	0.0	0.0	0.0	0.0	0.0	0.0	0.0	0.0	0.0	0.0	0.0	0.8333333333333334	0.0	0.0	0.16666666666666666	0.0	0.14285714285714285	0.0	0.0	0.2857142857142857	0.0	0.0	0.0	0.0	0.0	0.0	0.0	0.0	0.0	0.14285714285714285	0.0	0.07142857142857142	0.0	0.07142857142857142	0.21428571428571427	0.07142857142857142
3gjf	H	ELLPYYGMDV	VSSGGS	GFTFSTY	0.2428571428571428	0.0	7.428571428571429	132.85285714285715	0.1666666666666667	0.0	8.583333333333334	97.09333333333336	0.2099999999999999	-0.2	7.610000000000002	136.151	0.0	0.0	0.0	0.0	0.0	0.0	0.0	1.0	0.0	0.0	0.0	0.0	0.0	2.0	0.0	1.0	2.0	0.0	1.0	0.0	0.0	0.0	0.0	0.0	0.0	0.0	0.0	2.0	0.0	0.0	0.0	0.0	0.0	0.0	0.0	3.0	0.0	0.0	0.0	1.0	0.0	0.0	0.0	1.0	0.0	0.0	1.0	1.0	0.0	0.0	2.0	0.0	1.0	0.0	1.0	0.0	0.0	0.0	2.0	1.0	7.0	6.0	10.0	human	0.0	0.0	0.0	0.0	0.0	0.0	0.0	0.14285714285714285	0.0	0.0	0.0	0.0	0.0	0.2857142857142857	0.0	0.14285714285714285	0.2857142857142857	0.0	0.14285714285714285	0.0	0.0	0.0	0.0	0.0	0.0	0.0	0.0	0.3333333333333333	0.0	0.0	0.0	0.0	0.0	0.0	0.0	0.5	0.0	0.0	0.0	0.16666666666666666	0.0	0.0	0.0	0.1	0.0	0.0	0.1	0.1	0.0	0.0	0.2	0.0	0.1	0.0	0.1	0.0	0.0	0.0	0.2	0.1
4ogx	H	RRIGVPRRDEFDI	YSSGGI	GFTFSHY	-0.1142857142857143	0.1428571428571428	7.685714285714285	138.00142857142856	0.1333333333333333	0.0	7.966666666666666	112.11333333333332	-1.1153846153846154	0.0769230769230769	9.138461538461538	141.92384615384614	0.0	0.0	0.0	0.0	0.0	0.0	0.0	1.0	1.0	0.0	0.0	0.0	0.0	2.0	0.0	1.0	1.0	0.0	1.0	0.0	0.0	0.0	0.0	0.0	0.0	0.0	0.0	2.0	0.0	1.0	0.0	0.0	0.0	0.0	0.0	2.0	0.0	0.0	1.0	0.0	0.0	4.0	0.0	2.0	0.0	0.0	1.0	1.0	0.0	2.0	0.0	0.0	0.0	1.0	1.0	0.0	0.0	0.0	0.0	1.0	7.0	6.0	13.0	human	0.0	0.0	0.0	0.0	0.0	0.0	0.0	0.14285714285714285	0.14285714285714285	0.0	0.0	0.0	0.0	0.2857142857142857	0.0	0.14285714285714285	0.14285714285714285	0.0	0.14285714285714285	0.0	0.0	0.0	0.0	0.0	0.0	0.0	0.0	0.3333333333333333	0.0	0.16666666666666666	0.0	0.0	0.0	0.0	0.0	0.3333333333333333	0.0	0.0	0.16666666666666666	0.0	0.0	0.3076923076923077	0.0	0.15384615384615385	0.0	0.0	0.07692307692307693	0.07692307692307693	0.0	0.15384615384615385	0.0	0.0	0.0	0.07692307692307693	0.07692307692307693	0.0	0.0	0.0	0.0	0.07692307692307693
6pe8	H	SWGYFDV	SSGRGN	GFTFSDY	-0.1571428571428571	-0.1428571428571428	8.057142857142857	134.85	-1.7333333333333334	0.1666666666666666	9.75	111.10666666666668	0.0142857142857142	-0.1428571428571428	7.7	140.1457142857143	0.0	0.0	0.0	1.0	0.0	0.0	0.0	1.0	0.0	0.0	0.0	0.0	0.0	2.0	0.0	1.0	1.0	0.0	1.0	0.0	0.0	1.0	1.0	0.0	0.0	0.0	0.0	2.0	0.0	0.0	0.0	0.0	0.0	0.0	0.0	2.0	0.0	0.0	0.0	0.0	0.0	0.0	0.0	1.0	0.0	0.0	0.0	1.0	0.0	0.0	0.0	0.0	0.0	1.0	0.0	1.0	0.0	1.0	1.0	1.0	7.0	6.0	7.0	human	0.0	0.0	0.0	0.14285714285714285	0.0	0.0	0.0	0.14285714285714285	0.0	0.0	0.0	0.0	0.0	0.2857142857142857	0.0	0.14285714285714285	0.14285714285714285	0.0	0.14285714285714285	0.0	0.0	0.16666666666666666	0.16666666666666666	0.0	0.0	0.0	0.0	0.3333333333333333	0.0	0.0	0.0	0.0	0.0	0.0	0.0	0.3333333333333333	0.0	0.0	0.0	0.0	0.0	0.0	0.0	0.14285714285714285	0.0	0.0	0.0	0.14285714285714285	0.0	0.0	0.0	0.0	0.0	0.14285714285714285	0.0	0.14285714285714285	0.0	0.14285714285714285	0.14285714285714285	0.14285714285714285
5ggt	H	KFHFVSGSPFGMDV	IPIFGK	GDTFSTY	-0.6571428571428571	-0.1428571428571428	8.542857142857143	128.26857142857142	0.9833333333333332	0.1666666666666666	7.3166666666666655	127.32	0.2928571428571427	0.0714285714285714	8.014285714285716	127.7842857142857	0.0	0.0	0.0	1.0	0.0	0.0	0.0	1.0	0.0	0.0	0.0	0.0	0.0	1.0	0.0	1.0	2.0	0.0	1.0	0.0	0.0	0.0	0.0	0.0	0.0	0.0	0.0	1.0	0.0	2.0	0.0	1.0	0.0	1.0	1.0	0.0	0.0	0.0	0.0	0.0	0.0	0.0	0.0	1.0	0.0	0.0	0.0	2.0	1.0	0.0	0.0	1.0	1.0	3.0	1.0	2.0	0.0	0.0	0.0	2.0	7.0	6.0	14.0	human	0.0	0.0	0.0	0.14285714285714285	0.0	0.0	0.0	0.14285714285714285	0.0	0.0	0.0	0.0	0.0	0.14285714285714285	0.0	0.14285714285714285	0.2857142857142857	0.0	0.14285714285714285	0.0	0.0	0.0	0.0	0.0	0.0	0.0	0.0	0.16666666666666666	0.0	0.3333333333333333	0.0	0.16666666666666666	0.0	0.16666666666666666	0.16666666666666666	0.0	0.0	0.0	0.0	0.0	0.0	0.0	0.0	0.07142857142857142	0.0	0.0	0.0	0.14285714285714285	0.07142857142857142	0.0	0.0	0.07142857142857142	0.07142857142857142	0.21428571428571427	0.07142857142857142	0.14285714285714285	0.0	0.0	0.0	0.14285714285714285
6mhr	A	DYGPGNYDWYFDL	NHGGY	GGSFSGY	-0.1857142857142857	0.0	8.114285714285714	111.68142857142855	-1.7600000000000002	0.2	9.24	123.72199999999998	-1.123076923076923	-0.2307692307692307	8.515384615384617	141.60384615384615	0.0	0.0	0.0	0.0	0.0	0.0	0.0	3.0	0.0	0.0	0.0	0.0	0.0	1.0	0.0	2.0	0.0	0.0	1.0	0.0	0.0	0.0	1.0	0.0	0.0	0.0	0.0	2.0	1.0	0.0	0.0	0.0	0.0	0.0	0.0	0.0	0.0	0.0	1.0	0.0	0.0	0.0	1.0	3.0	0.0	0.0	0.0	2.0	0.0	0.0	1.0	0.0	0.0	1.0	1.0	0.0	0.0	1.0	3.0	0.0	7.0	5.0	13.0	human	0.0	0.0	0.0	0.0	0.0	0.0	0.0	0.42857142857142855	0.0	0.0	0.0	0.0	0.0	0.14285714285714285	0.0	0.2857142857142857	0.0	0.0	0.14285714285714285	0.0	0.0	0.0	0.2	0.0	0.0	0.0	0.0	0.4	0.2	0.0	0.0	0.0	0.0	0.0	0.0	0.0	0.0	0.0	0.2	0.0	0.0	0.0	0.07692307692307693	0.23076923076923078	0.0	0.0	0.0	0.15384615384615385	0.0	0.0	0.07692307692307693	0.0	0.0	0.07692307692307693	0.07692307692307693	0.0	0.0	0.07692307692307693	0.23076923076923078	0.0
6o3b	G	SSPGADYGLDY	YSSYSY	GFNIYYY	-0.0714285714285715	0.0	7.085714285714286	149.58857142857144	-1.05	0.0	7.7	143.14	-0.7272727272727273	-0.1818181818181818	8.70909090909091	120.39	0.0	0.0	1.0	0.0	0.0	0.0	0.0	1.0	0.0	1.0	0.0	0.0	0.0	1.0	0.0	0.0	0.0	0.0	3.0	0.0	0.0	0.0	0.0	0.0	0.0	0.0	0.0	0.0	0.0	0.0	0.0	0.0	0.0	0.0	0.0	3.0	0.0	0.0	3.0	0.0	1.0	0.0	0.0	2.0	0.0	0.0	0.0	2.0	0.0	0.0	1.0	0.0	0.0	0.0	1.0	2.0	0.0	0.0	2.0	0.0	7.0	6.0	11.0	human	0.0	0.0	0.14285714285714285	0.0	0.0	0.0	0.0	0.14285714285714285	0.0	0.14285714285714285	0.0	0.0	0.0	0.14285714285714285	0.0	0.0	0.0	0.0	0.42857142857142855	0.0	0.0	0.0	0.0	0.0	0.0	0.0	0.0	0.0	0.0	0.0	0.0	0.0	0.0	0.0	0.0	0.5	0.0	0.0	0.5	0.0	0.09090909090909091	0.0	0.0	0.18181818181818182	0.0	0.0	0.0	0.18181818181818182	0.0	0.0	0.09090909090909091	0.0	0.0	0.0	0.09090909090909091	0.18181818181818182	0.0	0.0	0.18181818181818182	0.0
4i2x	D	GNYDRAWFAY	FPGSGN	GYSFTSY	-0.3571428571428571	0.0	7.657142857142857	133.1342857142857	-0.65	0.0	8.666666666666666	111.27833333333332	-0.9	0.0	8.33	142.447	0.0	0.0	0.0	0.0	0.0	0.0	0.0	1.0	0.0	0.0	0.0	0.0	0.0	1.0	0.0	2.0	1.0	0.0	2.0	0.0	0.0	0.0	1.0	0.0	0.0	0.0	0.0	2.0	0.0	0.0	0.0	0.0	0.0	1.0	1.0	1.0	0.0	0.0	0.0	0.0	2.0	1.0	1.0	1.0	0.0	0.0	0.0	1.0	0.0	0.0	0.0	0.0	0.0	1.0	0.0	0.0	0.0	1.0	2.0	0.0	7.0	6.0	10.0	human	0.0	0.0	0.0	0.0	0.0	0.0	0.0	0.14285714285714285	0.0	0.0	0.0	0.0	0.0	0.14285714285714285	0.0	0.2857142857142857	0.14285714285714285	0.0	0.2857142857142857	0.0	0.0	0.0	0.16666666666666666	0.0	0.0	0.0	0.0	0.3333333333333333	0.0	0.0	0.0	0.0	0.0	0.16666666666666666	0.16666666666666666	0.16666666666666666	0.0	0.0	0.0	0.0	0.2	0.1	0.1	0.1	0.0	0.0	0.0	0.1	0.0	0.0	0.0	0.0	0.0	0.1	0.0	0.0	0.0	0.1	0.2	0.0
3t2n	H	GFAY	NTETGS	GYTFTDY	-0.7285714285714286	-0.1428571428571428	8.114285714285714	139.14	-1.6000000000000003	-0.1666666666666666	9.883333333333333	116.275	0.7250000000000001	0.0	7.124999999999999	127.635	0.0	0.0	0.0	1.0	0.0	0.0	0.0	1.0	0.0	0.0	0.0	0.0	0.0	1.0	0.0	0.0	2.0	0.0	2.0	0.0	0.0	0.0	1.0	0.0	0.0	0.0	1.0	1.0	0.0	0.0	0.0	0.0	0.0	0.0	0.0	1.0	2.0	0.0	0.0	0.0	1.0	0.0	0.0	0.0	0.0	0.0	0.0	1.0	0.0	0.0	0.0	0.0	0.0	1.0	0.0	0.0	0.0	0.0	1.0	0.0	7.0	6.0	4.0	human	0.0	0.0	0.0	0.14285714285714285	0.0	0.0	0.0	0.14285714285714285	0.0	0.0	0.0	0.0	0.0	0.14285714285714285	0.0	0.0	0.2857142857142857	0.0	0.2857142857142857	0.0	0.0	0.0	0.16666666666666666	0.0	0.0	0.0	0.16666666666666666	0.16666666666666666	0.0	0.0	0.0	0.0	0.0	0.0	0.0	0.16666666666666666	0.3333333333333333	0.0	0.0	0.0	0.25	0.0	0.0	0.0	0.0	0.0	0.0	0.25	0.0	0.0	0.0	0.0	0.0	0.25	0.0	0.0	0.0	0.0	0.25	0.0
5jxe	D	RDYRFDMGFDY	NPSNGG	GYTFTNY	-0.7285714285714286	0.0	7.914285714285714	139.0	-1.7	0.0	9.733333333333333	105.76666666666664	-1.3636363636363635	-0.0909090909090909	8.863636363636365	151.33999999999995	0.0	0.0	1.0	0.0	0.0	0.0	0.0	1.0	0.0	0.0	0.0	0.0	0.0	1.0	0.0	0.0	2.0	0.0	2.0	0.0	0.0	0.0	2.0	0.0	0.0	0.0	0.0	2.0	0.0	0.0	0.0	0.0	0.0	0.0	1.0	1.0	0.0	0.0	0.0	0.0	0.0	2.0	0.0	3.0	0.0	0.0	0.0	1.0	0.0	0.0	0.0	0.0	1.0	2.0	0.0	0.0	0.0	0.0	2.0	0.0	7.0	6.0	11.0	human	0.0	0.0	0.14285714285714285	0.0	0.0	0.0	0.0	0.14285714285714285	0.0	0.0	0.0	0.0	0.0	0.14285714285714285	0.0	0.0	0.2857142857142857	0.0	0.2857142857142857	0.0	0.0	0.0	0.3333333333333333	0.0	0.0	0.0	0.0	0.3333333333333333	0.0	0.0	0.0	0.0	0.0	0.0	0.16666666666666666	0.16666666666666666	0.0	0.0	0.0	0.0	0.0	0.18181818181818182	0.0	0.2727272727272727	0.0	0.0	0.0	0.09090909090909091	0.0	0.0	0.0	0.0	0.09090909090909091	0.18181818181818182	0.0	0.0	0.0	0.0	0.18181818181818182	0.0
3p0y	H	ESRVSFEAAMDY	SAAGGY	GFTLSGD	0.1142857142857142	-0.1428571428571428	8.414285714285713	114.83	0.1166666666666666	0.0	8.266666666666667	102.43333333333332	-0.4500000000000001	-0.1666666666666666	8.808333333333332	133.55499999999998	0.0	0.0	0.0	1.0	0.0	0.0	0.0	2.0	0.0	0.0	1.0	0.0	0.0	1.0	0.0	1.0	1.0	0.0	0.0	0.0	2.0	0.0	0.0	0.0	0.0	0.0	0.0	2.0	0.0	0.0	0.0	0.0	0.0	0.0	0.0	1.0	0.0	0.0	1.0	0.0	2.0	1.0	0.0	1.0	0.0	0.0	2.0	0.0	0.0	0.0	0.0	0.0	1.0	1.0	0.0	2.0	0.0	0.0	1.0	1.0	7.0	6.0	12.0	human	0.0	0.0	0.0	0.14285714285714285	0.0	0.0	0.0	0.2857142857142857	0.0	0.0	0.14285714285714285	0.0	0.0	0.14285714285714285	0.0	0.14285714285714285	0.14285714285714285	0.0	0.0	0.0	0.3333333333333333	0.0	0.0	0.0	0.0	0.0	0.0	0.3333333333333333	0.0	0.0	0.0	0.0	0.0	0.0	0.0	0.16666666666666666	0.0	0.0	0.16666666666666666	0.0	0.16666666666666666	0.08333333333333333	0.0	0.08333333333333333	0.0	0.0	0.16666666666666666	0.0	0.0	0.0	0.0	0.0	0.08333333333333333	0.08333333333333333	0.0	0.16666666666666666	0.0	0.0	0.08333333333333333	0.08333333333333333
5tzt	H	GGWHAMDS	YPYNGG	GYTFTDY	-0.7285714285714286	-0.1428571428571428	8.114285714285714	139.14	-1.4166666666666667	0.0	8.333333333333334	126.62833333333332	-0.6875000000000001	0.0	8.725	123.2525	0.0	0.0	0.0	1.0	0.0	0.0	0.0	1.0	0.0	0.0	0.0	0.0	0.0	1.0	0.0	0.0	2.0	0.0	2.0	0.0	0.0	0.0	1.0	0.0	0.0	0.0	0.0	2.0	0.0	0.0	0.0	0.0	0.0	0.0	1.0	0.0	0.0	0.0	2.0	0.0	1.0	0.0	0.0	1.0	0.0	0.0	0.0	2.0	1.0	0.0	0.0	0.0	1.0	0.0	0.0	1.0	0.0	1.0	0.0	0.0	7.0	6.0	8.0	human	0.0	0.0	0.0	0.14285714285714285	0.0	0.0	0.0	0.14285714285714285	0.0	0.0	0.0	0.0	0.0	0.14285714285714285	0.0	0.0	0.2857142857142857	0.0	0.2857142857142857	0.0	0.0	0.0	0.16666666666666666	0.0	0.0	0.0	0.0	0.3333333333333333	0.0	0.0	0.0	0.0	0.0	0.0	0.16666666666666666	0.0	0.0	0.0	0.3333333333333333	0.0	0.125	0.0	0.0	0.125	0.0	0.0	0.0	0.25	0.125	0.0	0.0	0.0	0.125	0.0	0.0	0.125	0.0	0.125	0.0	0.0
1w72	I	GRGFHYYYYGMDI	SWNSGS	GFTFDDY	-0.5428571428571428	-0.2857142857142857	8.6	138.85142857142858	-1.2	0.0	8.933333333333332	121.115	-0.6461538461538463	0.0769230769230769	7.830769230769231	142.92307692307693	0.0	0.0	0.0	2.0	0.0	0.0	0.0	1.0	0.0	0.0	0.0	0.0	0.0	2.0	0.0	0.0	1.0	0.0	1.0	0.0	0.0	0.0	1.0	0.0	0.0	0.0	0.0	1.0	0.0	0.0	0.0	0.0	0.0	0.0	0.0	3.0	0.0	1.0	0.0	0.0	0.0	1.0	0.0	1.0	0.0	0.0	0.0	3.0	1.0	1.0	0.0	0.0	1.0	1.0	0.0	0.0	0.0	0.0	4.0	0.0	7.0	6.0	13.0	human	0.0	0.0	0.0	0.2857142857142857	0.0	0.0	0.0	0.14285714285714285	0.0	0.0	0.0	0.0	0.0	0.2857142857142857	0.0	0.0	0.14285714285714285	0.0	0.14285714285714285	0.0	0.0	0.0	0.16666666666666666	0.0	0.0	0.0	0.0	0.16666666666666666	0.0	0.0	0.0	0.0	0.0	0.0	0.0	0.5	0.0	0.16666666666666666	0.0	0.0	0.0	0.07692307692307693	0.0	0.07692307692307693	0.0	0.0	0.0	0.23076923076923078	0.07692307692307693	0.07692307692307693	0.0	0.0	0.07692307692307693	0.07692307692307693	0.0	0.0	0.0	0.0	0.3076923076923077	0.0
6b3s	C	VSIFGVGTFDY	YYSGS	GGSISSGDY	-0.4333333333333333	-0.1111111111111111	8.777777777777779	109.5488888888889	-0.9200000000000002	0.0	7.959999999999999	129.526	1.0363636363636362	-0.0909090909090909	7.490909090909091	125.86272727272726	0.0	0.0	0.0	1.0	0.0	0.0	0.0	3.0	0.0	1.0	0.0	0.0	0.0	0.0	0.0	3.0	0.0	0.0	1.0	0.0	0.0	0.0	0.0	0.0	0.0	0.0	0.0	1.0	0.0	0.0	0.0	0.0	0.0	0.0	0.0	2.0	0.0	0.0	2.0	0.0	0.0	0.0	0.0	1.0	0.0	0.0	0.0	2.0	0.0	1.0	0.0	0.0	0.0	2.0	0.0	1.0	1.0	0.0	1.0	2.0	9.0	5.0	11.0	human	0.0	0.0	0.0	0.1111111111111111	0.0	0.0	0.0	0.3333333333333333	0.0	0.1111111111111111	0.0	0.0	0.0	0.0	0.0	0.3333333333333333	0.0	0.0	0.1111111111111111	0.0	0.0	0.0	0.0	0.0	0.0	0.0	0.0	0.2	0.0	0.0	0.0	0.0	0.0	0.0	0.0	0.4	0.0	0.0	0.4	0.0	0.0	0.0	0.0	0.09090909090909091	0.0	0.0	0.0	0.18181818181818182	0.0	0.09090909090909091	0.0	0.0	0.0	0.18181818181818182	0.0	0.09090909090909091	0.09090909090909091	0.0	0.09090909090909091	0.18181818181818182
4wv1	B	TYGIYDLYVDYTEYVMDY	HLGDGS	GFTFTST	0.3285714285714285	0.0	7.771428571428571	123.98571428571428	-0.75	0.0	9.25	112.44333333333331	-0.2777777777777778	-0.2222222222222222	7.905555555555556	144.04055555555558	0.0	0.0	0.0	0.0	0.0	0.0	0.0	1.0	0.0	0.0	0.0	0.0	0.0	2.0	0.0	1.0	3.0	0.0	0.0	0.0	0.0	0.0	0.0	1.0	0.0	0.0	0.0	2.0	1.0	0.0	1.0	0.0	0.0	0.0	0.0	1.0	0.0	0.0	0.0	0.0	0.0	0.0	0.0	3.0	0.0	0.0	1.0	1.0	0.0	1.0	1.0	0.0	1.0	0.0	0.0	0.0	2.0	0.0	6.0	2.0	7.0	6.0	18.0	human	0.0	0.0	0.0	0.0	0.0	0.0	0.0	0.14285714285714285	0.0	0.0	0.0	0.0	0.0	0.2857142857142857	0.0	0.14285714285714285	0.42857142857142855	0.0	0.0	0.0	0.0	0.0	0.0	0.16666666666666666	0.0	0.0	0.0	0.3333333333333333	0.16666666666666666	0.0	0.16666666666666666	0.0	0.0	0.0	0.0	0.16666666666666666	0.0	0.0	0.0	0.0	0.0	0.0	0.0	0.16666666666666666	0.0	0.0	0.05555555555555555	0.05555555555555555	0.0	0.05555555555555555	0.05555555555555555	0.0	0.05555555555555555	0.0	0.0	0.0	0.1111111111111111	0.0	0.3333333333333333	0.1111111111111111
5wi9	H	DRAAAGLHYYYGMDV	WYDGSI	GFTFSNY	-0.1571428571428571	0.0	7.857142857142857	134.71	-0.4000000000000001	-0.1666666666666666	8.0	138.3083333333333	-0.2733333333333334	0.0	8.286666666666669	130.27133333333333	0.0	0.0	1.0	0.0	0.0	0.0	0.0	1.0	0.0	0.0	0.0	0.0	0.0	2.0	0.0	1.0	1.0	0.0	1.0	0.0	0.0	0.0	0.0	1.0	0.0	0.0	0.0	1.0	0.0	1.0	0.0	0.0	0.0	0.0	0.0	1.0	0.0	1.0	1.0	0.0	3.0	1.0	0.0	2.0	0.0	0.0	0.0	2.0	1.0	0.0	1.0	0.0	1.0	0.0	0.0	0.0	0.0	0.0	3.0	1.0	7.0	6.0	15.0	human	0.0	0.0	0.14285714285714285	0.0	0.0	0.0	0.0	0.14285714285714285	0.0	0.0	0.0	0.0	0.0	0.2857142857142857	0.0	0.14285714285714285	0.14285714285714285	0.0	0.14285714285714285	0.0	0.0	0.0	0.0	0.16666666666666666	0.0	0.0	0.0	0.16666666666666666	0.0	0.16666666666666666	0.0	0.0	0.0	0.0	0.0	0.16666666666666666	0.0	0.16666666666666666	0.16666666666666666	0.0	0.2	0.06666666666666667	0.0	0.13333333333333333	0.0	0.0	0.0	0.13333333333333333	0.06666666666666667	0.0	0.06666666666666667	0.0	0.06666666666666667	0.0	0.0	0.0	0.0	0.0	0.2	0.06666666666666667
7seg	H	GSAYYYDFADY	EPMYGS	GYTFTSY	-0.3428571428571429	0.0	7.571428571428571	135.13857142857142	-0.95	-0.1666666666666666	8.4	128.80333333333334	-0.6363636363636364	-0.1818181818181818	8.218181818181819	137.68090909090907	0.0	0.0	0.0	0.0	0.0	0.0	0.0	1.0	0.0	0.0	0.0	0.0	0.0	1.0	0.0	1.0	2.0	0.0	2.0	0.0	0.0	0.0	0.0	0.0	0.0	0.0	1.0	1.0	0.0	0.0	0.0	0.0	1.0	0.0	1.0	1.0	0.0	0.0	1.0	0.0	2.0	0.0	0.0	2.0	0.0	0.0	0.0	1.0	0.0	0.0	0.0	0.0	0.0	1.0	0.0	1.0	0.0	0.0	4.0	0.0	7.0	6.0	11.0	human	0.0	0.0	0.0	0.0	0.0	0.0	0.0	0.14285714285714285	0.0	0.0	0.0	0.0	0.0	0.14285714285714285	0.0	0.14285714285714285	0.2857142857142857	0.0	0.2857142857142857	0.0	0.0	0.0	0.0	0.0	0.0	0.0	0.16666666666666666	0.16666666666666666	0.0	0.0	0.0	0.0	0.16666666666666666	0.0	0.16666666666666666	0.16666666666666666	0.0	0.0	0.16666666666666666	0.0	0.18181818181818182	0.0	0.0	0.18181818181818182	0.0	0.0	0.0	0.09090909090909091	0.0	0.0	0.0	0.0	0.0	0.09090909090909091	0.0	0.09090909090909091	0.0	0.0	0.36363636363636365	0.0
6m58	C	ETVMAGKALDY	SSSGRY	GFMFRAY	0.4428571428571428	0.1428571428571428	7.128571428571428	142.73428571428573	-1.4333333333333336	0.1666666666666666	8.883333333333333	124.28833333333334	0.0181818181818181	-0.0909090909090909	8.463636363636365	125.22818181818182	1.0	1.0	0.0	0.0	0.0	0.0	0.0	1.0	0.0	0.0	0.0	0.0	1.0	2.0	0.0	0.0	0.0	0.0	1.0	0.0	0.0	1.0	0.0	0.0	0.0	0.0	0.0	1.0	0.0	0.0	0.0	0.0	0.0	0.0	0.0	3.0	0.0	0.0	1.0	0.0	2.0	0.0	0.0	1.0	0.0	0.0	1.0	1.0	0.0	0.0	1.0	1.0	1.0	0.0	0.0	0.0	1.0	0.0	1.0	1.0	7.0	6.0	11.0	human	0.14285714285714285	0.14285714285714285	0.0	0.0	0.0	0.0	0.0	0.14285714285714285	0.0	0.0	0.0	0.0	0.14285714285714285	0.2857142857142857	0.0	0.0	0.0	0.0	0.14285714285714285	0.0	0.0	0.16666666666666666	0.0	0.0	0.0	0.0	0.0	0.16666666666666666	0.0	0.0	0.0	0.0	0.0	0.0	0.0	0.5	0.0	0.0	0.16666666666666666	0.0	0.18181818181818182	0.0	0.0	0.09090909090909091	0.0	0.0	0.09090909090909091	0.09090909090909091	0.0	0.0	0.09090909090909091	0.09090909090909091	0.09090909090909091	0.0	0.0	0.0	0.09090909090909091	0.0	0.09090909090909091	0.09090909090909091
6pi7	C	SHYRPWYKWAYGLDY	YPYYGS	GFNVSYY	-0.0428571428571428	0.0	7.614285714285714	136.71428571428572	-1.1166666666666667	0.0	7.466666666666666	139.81	-1.2866666666666664	0.1333333333333333	8.000000000000002	150.49466666666666	0.0	0.0	1.0	0.0	0.0	0.0	0.0	1.0	0.0	0.0	0.0	0.0	0.0	1.0	0.0	1.0	0.0	0.0	2.0	1.0	0.0	0.0	0.0	0.0	0.0	0.0	0.0	1.0	0.0	0.0	0.0	0.0	0.0	0.0	1.0	1.0	0.0	0.0	3.0	0.0	1.0	1.0	0.0	1.0	0.0	0.0	0.0	1.0	1.0	0.0	1.0	1.0	0.0	0.0	1.0	1.0	0.0	2.0	4.0	0.0	7.0	6.0	15.0	human	0.0	0.0	0.14285714285714285	0.0	0.0	0.0	0.0	0.14285714285714285	0.0	0.0	0.0	0.0	0.0	0.14285714285714285	0.0	0.14285714285714285	0.0	0.0	0.2857142857142857	0.14285714285714285	0.0	0.0	0.0	0.0	0.0	0.0	0.0	0.16666666666666666	0.0	0.0	0.0	0.0	0.0	0.0	0.16666666666666666	0.16666666666666666	0.0	0.0	0.5	0.0	0.06666666666666667	0.06666666666666667	0.0	0.06666666666666667	0.0	0.0	0.0	0.06666666666666667	0.06666666666666667	0.0	0.06666666666666667	0.06666666666666667	0.0	0.0	0.06666666666666667	0.06666666666666667	0.0	0.13333333333333333	0.26666666666666666	0.0
7mdp	H	GSSSWYDLGPFDY	YHSGS	GGSISSSN	-0.375	0.0	8.95	104.22375	-1.3	0.2	8.8	124.32	-0.6692307692307693	-0.1538461538461538	8.26923076923077	131.51615384615386	0.0	0.0	1.0	0.0	0.0	0.0	0.0	2.0	0.0	1.0	0.0	0.0	0.0	0.0	0.0	4.0	0.0	0.0	0.0	0.0	0.0	0.0	0.0	0.0	0.0	0.0	0.0	1.0	1.0	0.0	0.0	0.0	0.0	0.0	0.0	2.0	0.0	0.0	1.0	0.0	0.0	0.0	0.0	2.0	0.0	0.0	0.0	2.0	0.0	0.0	1.0	0.0	0.0	1.0	1.0	3.0	0.0	1.0	2.0	0.0	8.0	5.0	13.0	human	0.0	0.0	0.125	0.0	0.0	0.0	0.0	0.25	0.0	0.125	0.0	0.0	0.0	0.0	0.0	0.5	0.0	0.0	0.0	0.0	0.0	0.0	0.0	0.0	0.0	0.0	0.0	0.2	0.2	0.0	0.0	0.0	0.0	0.0	0.0	0.4	0.0	0.0	0.2	0.0	0.0	0.0	0.0	0.15384615384615385	0.0	0.0	0.0	0.15384615384615385	0.0	0.0	0.07692307692307693	0.0	0.0	0.07692307692307693	0.07692307692307693	0.23076923076923078	0.0	0.07692307692307693	0.15384615384615385	0.0
4s1q	H	KGPSCPHCGDFHWQH	KGMWGA	GYNFREY	-1.6714285714285717	0.0	8.714285714285714	150.86999999999998	-0.3166666666666666	0.1666666666666666	8.083333333333334	123.14333333333332	-1.2266666666666668	0.2	8.72	132.542	0.0	1.0	1.0	0.0	0.0	0.0	1.0	1.0	0.0	0.0	0.0	0.0	0.0	1.0	0.0	0.0	0.0	0.0	2.0	0.0	1.0	0.0	0.0	0.0	0.0	0.0	0.0	2.0	0.0	0.0	0.0	1.0	1.0	0.0	0.0	0.0	0.0	1.0	0.0	0.0	0.0	0.0	0.0	1.0	2.0	1.0	0.0	2.0	3.0	0.0	0.0	1.0	0.0	1.0	2.0	1.0	0.0	1.0	0.0	0.0	7.0	6.0	15.0	human	0.0	0.14285714285714285	0.14285714285714285	0.0	0.0	0.0	0.14285714285714285	0.14285714285714285	0.0	0.0	0.0	0.0	0.0	0.14285714285714285	0.0	0.0	0.0	0.0	0.2857142857142857	0.0	0.16666666666666666	0.0	0.0	0.0	0.0	0.0	0.0	0.3333333333333333	0.0	0.0	0.0	0.16666666666666666	0.16666666666666666	0.0	0.0	0.0	0.0	0.16666666666666666	0.0	0.0	0.0	0.0	0.0	0.06666666666666667	0.13333333333333333	0.06666666666666667	0.0	0.13333333333333333	0.2	0.0	0.0	0.06666666666666667	0.0	0.06666666666666667	0.13333333333333333	0.06666666666666667	0.0	0.06666666666666667	0.0	0.0
6ktr	A	DNWQELLFDY	SGSGGS	GFTFSSY	0.2285714285714286	0.0	7.514285714285713	130.84857142857143	-0.6	0.0	9.1	90.08	-0.9300000000000004	-0.3	8.7	150.45499999999998	0.0	0.0	0.0	0.0	0.0	0.0	0.0	1.0	0.0	0.0	0.0	0.0	0.0	2.0	0.0	2.0	1.0	0.0	1.0	0.0	0.0	0.0	0.0	0.0	0.0	0.0	0.0	3.0	0.0	0.0	0.0	0.0	0.0	0.0	0.0	3.0	0.0	0.0	0.0	0.0	0.0	0.0	1.0	2.0	0.0	1.0	1.0	0.0	0.0	0.0	2.0	0.0	0.0	1.0	0.0	0.0	0.0	1.0	1.0	0.0	7.0	6.0	10.0	human	0.0	0.0	0.0	0.0	0.0	0.0	0.0	0.14285714285714285	0.0	0.0	0.0	0.0	0.0	0.2857142857142857	0.0	0.2857142857142857	0.14285714285714285	0.0	0.14285714285714285	0.0	0.0	0.0	0.0	0.0	0.0	0.0	0.0	0.5	0.0	0.0	0.0	0.0	0.0	0.0	0.0	0.5	0.0	0.0	0.0	0.0	0.0	0.0	0.1	0.2	0.0	0.1	0.1	0.0	0.0	0.0	0.2	0.0	0.0	0.1	0.0	0.0	0.0	0.1	0.1	0.0
7su0	I	TGWLGPFDY	SYDGHN	GFTFSHY	-0.1142857142857143	0.1428571428571428	7.685714285714285	138.00142857142856	-2.1166666666666667	0.0	9.9	130.28833333333333	-0.2444444444444444	-0.1111111111111111	7.699999999999999	133.2522222222222	0.0	0.0	0.0	0.0	0.0	0.0	0.0	1.0	1.0	0.0	0.0	0.0	0.0	2.0	0.0	1.0	1.0	0.0	1.0	0.0	0.0	0.0	1.0	1.0	0.0	0.0	0.0	1.0	1.0	0.0	0.0	0.0	0.0	0.0	0.0	1.0	0.0	0.0	1.0	0.0	0.0	0.0	0.0	1.0	0.0	0.0	0.0	2.0	0.0	0.0	1.0	0.0	0.0	1.0	1.0	0.0	1.0	1.0	1.0	0.0	7.0	6.0	9.0	human	0.0	0.0	0.0	0.0	0.0	0.0	0.0	0.14285714285714285	0.14285714285714285	0.0	0.0	0.0	0.0	0.2857142857142857	0.0	0.14285714285714285	0.14285714285714285	0.0	0.14285714285714285	0.0	0.0	0.0	0.16666666666666666	0.16666666666666666	0.0	0.0	0.0	0.16666666666666666	0.16666666666666666	0.0	0.0	0.0	0.0	0.0	0.0	0.16666666666666666	0.0	0.0	0.16666666666666666	0.0	0.0	0.0	0.0	0.1111111111111111	0.0	0.0	0.0	0.2222222222222222	0.0	0.0	0.1111111111111111	0.0	0.0	0.1111111111111111	0.1111111111111111	0.0	0.1111111111111111	0.1111111111111111	0.1111111111111111	0.0
5anm	H	VMGGGYDY	DPDNGE	GYIFTDY	0.0142857142857142	-0.1428571428571428	7.628571428571428	140.86142857142858	-2.6666666666666665	-0.5	11.15	122.60833333333332	-0.1500000000000001	-0.125	8.0	123.38125	0.0	0.0	0.0	1.0	0.0	0.0	0.0	1.0	0.0	1.0	0.0	0.0	0.0	1.0	0.0	0.0	1.0	0.0	2.0	0.0	0.0	0.0	1.0	2.0	0.0	0.0	1.0	1.0	0.0	0.0	0.0	0.0	0.0	0.0	1.0	0.0	0.0	0.0	0.0	0.0	0.0	0.0	0.0	1.0	0.0	0.0	0.0	3.0	0.0	0.0	0.0	0.0	1.0	0.0	0.0	0.0	0.0	0.0	2.0	1.0	7.0	6.0	8.0	human	0.0	0.0	0.0	0.14285714285714285	0.0	0.0	0.0	0.14285714285714285	0.0	0.14285714285714285	0.0	0.0	0.0	0.14285714285714285	0.0	0.0	0.14285714285714285	0.0	0.2857142857142857	0.0	0.0	0.0	0.16666666666666666	0.3333333333333333	0.0	0.0	0.16666666666666666	0.16666666666666666	0.0	0.0	0.0	0.0	0.0	0.0	0.16666666666666666	0.0	0.0	0.0	0.0	0.0	0.0	0.0	0.0	0.125	0.0	0.0	0.0	0.375	0.0	0.0	0.0	0.0	0.125	0.0	0.0	0.0	0.0	0.0	0.25	0.125
6o3a	B	GYFYTWGGMDY	YPSYDY	GFNFSSS	-0.1	0.0	8.37142857142857	121.83428571428573	-1.6333333333333335	-0.1666666666666666	8.133333333333333	149.48166666666663	-0.5	-0.0909090909090909	7.590909090909091	139.96636363636364	0.0	0.0	1.0	0.0	0.0	0.0	0.0	1.0	0.0	0.0	0.0	0.0	0.0	2.0	0.0	3.0	0.0	0.0	0.0	0.0	0.0	0.0	0.0	1.0	0.0	0.0	0.0	0.0	0.0	0.0	0.0	0.0	0.0	0.0	1.0	1.0	0.0	0.0	3.0	0.0	0.0	0.0	0.0	1.0	0.0	0.0	0.0	3.0	0.0	0.0	0.0	0.0	1.0	1.0	0.0	0.0	1.0	1.0	3.0	0.0	7.0	6.0	11.0	human	0.0	0.0	0.14285714285714285	0.0	0.0	0.0	0.0	0.14285714285714285	0.0	0.0	0.0	0.0	0.0	0.2857142857142857	0.0	0.42857142857142855	0.0	0.0	0.0	0.0	0.0	0.0	0.0	0.16666666666666666	0.0	0.0	0.0	0.0	0.0	0.0	0.0	0.0	0.0	0.0	0.16666666666666666	0.16666666666666666	0.0	0.0	0.5	0.0	0.0	0.0	0.0	0.09090909090909091	0.0	0.0	0.0	0.2727272727272727	0.0	0.0	0.0	0.0	0.09090909090909091	0.09090909090909091	0.0	0.0	0.09090909090909091	0.09090909090909091	0.2727272727272727	0.0
6id4	H	VTTVIAGPVFDY	NPNSGG	GYTFTGY	-0.2857142857142857	0.0	7.542857142857143	130.85	-1.7000000000000002	0.0	9.733333333333334	105.76666666666664	1.125	-0.0833333333333333	7.466666666666668	123.3025	0.0	0.0	0.0	0.0	0.0	0.0	0.0	2.0	0.0	0.0	0.0	0.0	0.0	1.0	0.0	0.0	2.0	0.0	2.0	0.0	0.0	0.0	2.0	0.0	0.0	0.0	0.0	2.0	0.0	0.0	0.0	0.0	0.0	0.0	1.0	1.0	0.0	0.0	0.0	0.0	1.0	0.0	0.0	1.0	0.0	0.0	0.0	1.0	0.0	1.0	0.0	0.0	0.0	1.0	1.0	0.0	2.0	0.0	1.0	3.0	7.0	6.0	12.0	human	0.0	0.0	0.0	0.0	0.0	0.0	0.0	0.2857142857142857	0.0	0.0	0.0	0.0	0.0	0.14285714285714285	0.0	0.0	0.2857142857142857	0.0	0.2857142857142857	0.0	0.0	0.0	0.3333333333333333	0.0	0.0	0.0	0.0	0.3333333333333333	0.0	0.0	0.0	0.0	0.0	0.0	0.16666666666666666	0.16666666666666666	0.0	0.0	0.0	0.0	0.08333333333333333	0.0	0.0	0.08333333333333333	0.0	0.0	0.0	0.08333333333333333	0.0	0.08333333333333333	0.0	0.0	0.0	0.08333333333333333	0.08333333333333333	0.0	0.16666666666666666	0.0	0.08333333333333333	0.25
5b8c	B	RDYRFDMGFDY	NPSNGG	GYTFTNY	-0.7285714285714286	0.0	7.914285714285714	139.0	-1.7	0.0	9.733333333333333	105.76666666666664	-1.3636363636363635	-0.0909090909090909	8.863636363636365	151.33999999999995	0.0	0.0	1.0	0.0	0.0	0.0	0.0	1.0	0.0	0.0	0.0	0.0	0.0	1.0	0.0	0.0	2.0	0.0	2.0	0.0	0.0	0.0	2.0	0.0	0.0	0.0	0.0	2.0	0.0	0.0	0.0	0.0	0.0	0.0	1.0	1.0	0.0	0.0	0.0	0.0	0.0	2.0	0.0	3.0	0.0	0.0	0.0	1.0	0.0	0.0	0.0	0.0	1.0	2.0	0.0	0.0	0.0	0.0	2.0	0.0	7.0	6.0	11.0	human	0.0	0.0	0.14285714285714285	0.0	0.0	0.0	0.0	0.14285714285714285	0.0	0.0	0.0	0.0	0.0	0.14285714285714285	0.0	0.0	0.2857142857142857	0.0	0.2857142857142857	0.0	0.0	0.0	0.3333333333333333	0.0	0.0	0.0	0.0	0.3333333333333333	0.0	0.0	0.0	0.0	0.0	0.0	0.16666666666666666	0.16666666666666666	0.0	0.0	0.0	0.0	0.0	0.18181818181818182	0.0	0.2727272727272727	0.0	0.0	0.0	0.09090909090909091	0.0	0.0	0.0	0.0	0.09090909090909091	0.18181818181818182	0.0	0.0	0.0	0.0	0.18181818181818182	0.0
7chy	H	FNGYWNYIMDY	WPYGGF	GFTINGY	0.1428571428571428	0.0	7.828571428571428	125.56142857142858	-0.3000000000000001	0.0	7.133333333333334	135.98000000000002	-0.5909090909090909	-0.0909090909090909	7.754545454545456	151.43454545454546	0.0	0.0	1.0	0.0	0.0	0.0	0.0	2.0	0.0	1.0	0.0	0.0	0.0	1.0	0.0	0.0	1.0	0.0	1.0	0.0	0.0	0.0	0.0	0.0	0.0	0.0	0.0	2.0	0.0	0.0	0.0	0.0	0.0	1.0	1.0	0.0	0.0	1.0	1.0	0.0	0.0	0.0	2.0	1.0	0.0	0.0	0.0	1.0	0.0	1.0	0.0	0.0	1.0	1.0	0.0	0.0	0.0	1.0	3.0	0.0	7.0	6.0	11.0	human	0.0	0.0	0.14285714285714285	0.0	0.0	0.0	0.0	0.2857142857142857	0.0	0.14285714285714285	0.0	0.0	0.0	0.14285714285714285	0.0	0.0	0.14285714285714285	0.0	0.14285714285714285	0.0	0.0	0.0	0.0	0.0	0.0	0.0	0.0	0.3333333333333333	0.0	0.0	0.0	0.0	0.0	0.16666666666666666	0.16666666666666666	0.0	0.0	0.16666666666666666	0.16666666666666666	0.0	0.0	0.0	0.18181818181818182	0.09090909090909091	0.0	0.0	0.0	0.09090909090909091	0.0	0.09090909090909091	0.0	0.0	0.09090909090909091	0.09090909090909091	0.0	0.0	0.0	0.09090909090909091	0.2727272727272727	0.0
7lf8	H	QIDDYYVDALDY	SRDSY	GFTFSRC	0.2428571428571428	0.1428571428571428	7.6	132.1442857142857	-2.1800000000000006	0.0	9.62	139.734	-0.5916666666666667	-0.3333333333333333	8.766666666666667	140.89166666666668	0.0	1.0	0.0	0.0	1.0	0.0	0.0	1.0	0.0	0.0	0.0	0.0	0.0	2.0	0.0	1.0	1.0	0.0	0.0	0.0	0.0	1.0	0.0	1.0	0.0	0.0	0.0	0.0	0.0	0.0	0.0	0.0	0.0	0.0	0.0	2.0	0.0	0.0	1.0	0.0	1.0	0.0	0.0	4.0	0.0	1.0	0.0	0.0	0.0	1.0	1.0	0.0	0.0	0.0	0.0	0.0	0.0	0.0	3.0	1.0	7.0	5.0	12.0	human	0.0	0.14285714285714285	0.0	0.0	0.14285714285714285	0.0	0.0	0.14285714285714285	0.0	0.0	0.0	0.0	0.0	0.2857142857142857	0.0	0.14285714285714285	0.14285714285714285	0.0	0.0	0.0	0.0	0.2	0.0	0.2	0.0	0.0	0.0	0.0	0.0	0.0	0.0	0.0	0.0	0.0	0.0	0.4	0.0	0.0	0.2	0.0	0.08333333333333333	0.0	0.0	0.3333333333333333	0.0	0.08333333333333333	0.0	0.0	0.0	0.08333333333333333	0.08333333333333333	0.0	0.0	0.0	0.0	0.0	0.0	0.0	0.25	0.08333333333333333
6umx	H	DLLVRFLYWSHYYGMDV	SYDGSR	GFTFSSY	0.2285714285714286	0.0	7.514285714285713	130.84857142857143	-1.8833333333333333	0.0	9.516666666666666	128.95666666666668	0.2235294117647058	0.0	7.441176470588236	145.04294117647058	0.0	0.0	0.0	0.0	0.0	0.0	0.0	1.0	0.0	0.0	0.0	0.0	0.0	2.0	0.0	2.0	1.0	0.0	1.0	0.0	0.0	1.0	0.0	1.0	0.0	0.0	0.0	1.0	0.0	0.0	0.0	0.0	0.0	0.0	0.0	2.0	0.0	0.0	1.0	0.0	0.0	1.0	0.0	2.0	0.0	0.0	0.0	1.0	1.0	0.0	3.0	0.0	1.0	1.0	0.0	1.0	0.0	1.0	3.0	2.0	7.0	6.0	17.0	human	0.0	0.0	0.0	0.0	0.0	0.0	0.0	0.14285714285714285	0.0	0.0	0.0	0.0	0.0	0.2857142857142857	0.0	0.2857142857142857	0.14285714285714285	0.0	0.14285714285714285	0.0	0.0	0.16666666666666666	0.0	0.16666666666666666	0.0	0.0	0.0	0.16666666666666666	0.0	0.0	0.0	0.0	0.0	0.0	0.0	0.3333333333333333	0.0	0.0	0.16666666666666666	0.0	0.0	0.058823529411764705	0.0	0.11764705882352941	0.0	0.0	0.0	0.058823529411764705	0.058823529411764705	0.0	0.17647058823529413	0.0	0.058823529411764705	0.058823529411764705	0.0	0.058823529411764705	0.0	0.058823529411764705	0.17647058823529413	0.11764705882352941
3kr3	H	DNGDYVGEKGFDI	SSSGGM	GFTFSNY	-0.1571428571428571	0.0	7.857142857142857	134.71	-0.2166666666666667	0.0	8.549999999999999	102.43666666666668	-0.9538461538461538	-0.2307692307692307	9.515384615384615	126.51153846153844	0.0	0.0	1.0	0.0	0.0	0.0	0.0	1.0	0.0	0.0	0.0	0.0	0.0	2.0	0.0	1.0	1.0	0.0	1.0	0.0	0.0	0.0	0.0	0.0	0.0	0.0	0.0	2.0	0.0	0.0	0.0	0.0	1.0	0.0	0.0	3.0	0.0	0.0	0.0	0.0	0.0	0.0	1.0	3.0	0.0	0.0	1.0	3.0	0.0	1.0	0.0	1.0	0.0	1.0	0.0	0.0	0.0	0.0	1.0	1.0	7.0	6.0	13.0	human	0.0	0.0	0.14285714285714285	0.0	0.0	0.0	0.0	0.14285714285714285	0.0	0.0	0.0	0.0	0.0	0.2857142857142857	0.0	0.14285714285714285	0.14285714285714285	0.0	0.14285714285714285	0.0	0.0	0.0	0.0	0.0	0.0	0.0	0.0	0.3333333333333333	0.0	0.0	0.0	0.0	0.16666666666666666	0.0	0.0	0.5	0.0	0.0	0.0	0.0	0.0	0.0	0.07692307692307693	0.23076923076923078	0.0	0.0	0.07692307692307693	0.23076923076923078	0.0	0.07692307692307693	0.0	0.07692307692307693	0.0	0.07692307692307693	0.0	0.0	0.0	0.0	0.07692307692307693	0.07692307692307693
3hmx	H	RRPGQGYFDF	SPVDSD	GYSFTTY	-0.3428571428571429	0.0	7.571428571428571	135.13857142857142	-1.0	-0.3333333333333333	9.716666666666669	118.11	-1.4099999999999997	0.1	8.71	140.449	0.0	0.0	0.0	0.0	0.0	0.0	0.0	1.0	0.0	0.0	0.0	0.0	0.0	1.0	0.0	1.0	2.0	0.0	2.0	0.0	0.0	0.0	0.0	2.0	0.0	0.0	0.0	0.0	0.0	0.0	0.0	0.0	0.0	0.0	1.0	2.0	0.0	0.0	0.0	1.0	0.0	2.0	0.0	1.0	0.0	1.0	0.0	2.0	0.0	0.0	0.0	0.0	0.0	2.0	1.0	0.0	0.0	0.0	1.0	0.0	7.0	6.0	10.0	human	0.0	0.0	0.0	0.0	0.0	0.0	0.0	0.14285714285714285	0.0	0.0	0.0	0.0	0.0	0.14285714285714285	0.0	0.14285714285714285	0.2857142857142857	0.0	0.2857142857142857	0.0	0.0	0.0	0.0	0.3333333333333333	0.0	0.0	0.0	0.0	0.0	0.0	0.0	0.0	0.0	0.0	0.16666666666666666	0.3333333333333333	0.0	0.0	0.0	0.16666666666666666	0.0	0.2	0.0	0.1	0.0	0.1	0.0	0.2	0.0	0.0	0.0	0.0	0.0	0.2	0.1	0.0	0.0	0.0	0.1	0.0
3bn9	D	PYLTYPQRRGPQNVSPFDN	SGSGGS	GFTFSSY	0.2285714285714286	0.0	7.514285714285713	130.84857142857143	-0.6	0.0	9.1	90.08	-1.4000000000000004	0.0526315789473684	8.705263157894738	135.4594736842105	0.0	0.0	0.0	0.0	0.0	0.0	0.0	1.0	0.0	0.0	0.0	0.0	0.0	2.0	0.0	2.0	1.0	0.0	1.0	0.0	0.0	0.0	0.0	0.0	0.0	0.0	0.0	3.0	0.0	0.0	0.0	0.0	0.0	0.0	0.0	3.0	0.0	0.0	0.0	0.0	0.0	2.0	2.0	1.0	0.0	2.0	0.0	1.0	0.0	0.0	1.0	0.0	0.0	1.0	4.0	1.0	1.0	0.0	2.0	1.0	7.0	6.0	19.0	human	0.0	0.0	0.0	0.0	0.0	0.0	0.0	0.14285714285714285	0.0	0.0	0.0	0.0	0.0	0.2857142857142857	0.0	0.2857142857142857	0.14285714285714285	0.0	0.14285714285714285	0.0	0.0	0.0	0.0	0.0	0.0	0.0	0.0	0.5	0.0	0.0	0.0	0.0	0.0	0.0	0.0	0.5	0.0	0.0	0.0	0.0	0.0	0.10526315789473684	0.10526315789473684	0.05263157894736842	0.0	0.10526315789473684	0.0	0.05263157894736842	0.0	0.0	0.05263157894736842	0.0	0.0	0.05263157894736842	0.21052631578947367	0.05263157894736842	0.05263157894736842	0.0	0.10526315789473684	0.05263157894736842
6nmr	A	DSTVSWSGDFFDY	GSGD	GFSFSNF	0.4142857142857142	0.0	7.8	130.42000000000002	-1.275	-0.25	10.05	97.0825	-0.4923076923076923	-0.2307692307692307	8.623076923076923	133.9776923076923	0.0	0.0	1.0	0.0	0.0	0.0	0.0	1.0	0.0	0.0	0.0	0.0	0.0	3.0	0.0	2.0	0.0	0.0	0.0	0.0	0.0	0.0	0.0	1.0	0.0	0.0	0.0	2.0	0.0	0.0	0.0	0.0	0.0	0.0	0.0	1.0	0.0	0.0	0.0	0.0	0.0	0.0	0.0	3.0	0.0	0.0	0.0	1.0	0.0	0.0	0.0	0.0	0.0	2.0	0.0	3.0	1.0	1.0	1.0	1.0	7.0	4.0	13.0	human	0.0	0.0	0.14285714285714285	0.0	0.0	0.0	0.0	0.14285714285714285	0.0	0.0	0.0	0.0	0.0	0.42857142857142855	0.0	0.2857142857142857	0.0	0.0	0.0	0.0	0.0	0.0	0.0	0.25	0.0	0.0	0.0	0.5	0.0	0.0	0.0	0.0	0.0	0.0	0.0	0.25	0.0	0.0	0.0	0.0	0.0	0.0	0.0	0.23076923076923078	0.0	0.0	0.0	0.07692307692307693	0.0	0.0	0.0	0.0	0.0	0.15384615384615385	0.0	0.23076923076923078	0.07692307692307693	0.07692307692307693	0.07692307692307693	0.07692307692307693
4dkf	H	GGPDYAMDV	DWYGGD	GFSFTSY	0.2285714285714284	0.0	7.514285714285713	130.84857142857143	-1.6666666666666667	-0.3333333333333333	9.266666666666666	133.62666666666664	-0.3111111111111111	-0.2222222222222222	8.655555555555557	118.6788888888889	0.0	0.0	0.0	0.0	0.0	0.0	0.0	1.0	0.0	0.0	0.0	0.0	0.0	2.0	0.0	2.0	1.0	0.0	1.0	0.0	0.0	0.0	0.0	2.0	0.0	0.0	0.0	2.0	0.0	0.0	0.0	0.0	0.0	0.0	0.0	0.0	0.0	1.0	1.0	0.0	1.0	0.0	0.0	2.0	0.0	0.0	0.0	2.0	0.0	0.0	0.0	0.0	1.0	0.0	1.0	0.0	0.0	0.0	1.0	1.0	7.0	6.0	9.0	human	0.0	0.0	0.0	0.0	0.0	0.0	0.0	0.14285714285714285	0.0	0.0	0.0	0.0	0.0	0.2857142857142857	0.0	0.2857142857142857	0.14285714285714285	0.0	0.14285714285714285	0.0	0.0	0.0	0.0	0.3333333333333333	0.0	0.0	0.0	0.3333333333333333	0.0	0.0	0.0	0.0	0.0	0.0	0.0	0.0	0.0	0.16666666666666666	0.16666666666666666	0.0	0.1111111111111111	0.0	0.0	0.2222222222222222	0.0	0.0	0.0	0.2222222222222222	0.0	0.0	0.0	0.0	0.1111111111111111	0.0	0.1111111111111111	0.0	0.0	0.0	0.1111111111111111	0.1111111111111111
5sx4	H	DRVTGAFDI	YYSGN	GGSVSSGDY	-0.4666666666666667	-0.1111111111111111	8.855555555555556	107.99111111111112	-1.4600000000000002	0.0	8.440000000000001	134.932	0.0777777777777777	-0.1111111111111111	8.722222222222223	126.35444444444444	0.0	0.0	0.0	1.0	0.0	0.0	0.0	3.0	0.0	0.0	0.0	0.0	0.0	0.0	0.0	3.0	0.0	0.0	1.0	1.0	0.0	0.0	1.0	0.0	0.0	0.0	0.0	1.0	0.0	0.0	0.0	0.0	0.0	0.0	0.0	1.0	0.0	0.0	2.0	0.0	1.0	1.0	0.0	2.0	0.0	0.0	0.0	1.0	0.0	1.0	0.0	0.0	0.0	1.0	0.0	0.0	1.0	0.0	0.0	1.0	9.0	5.0	9.0	human	0.0	0.0	0.0	0.1111111111111111	0.0	0.0	0.0	0.3333333333333333	0.0	0.0	0.0	0.0	0.0	0.0	0.0	0.3333333333333333	0.0	0.0	0.1111111111111111	0.1111111111111111	0.0	0.0	0.2	0.0	0.0	0.0	0.0	0.2	0.0	0.0	0.0	0.0	0.0	0.0	0.0	0.2	0.0	0.0	0.4	0.0	0.1111111111111111	0.1111111111111111	0.0	0.2222222222222222	0.0	0.0	0.0	0.1111111111111111	0.0	0.1111111111111111	0.0	0.0	0.0	0.1111111111111111	0.0	0.0	0.1111111111111111	0.0	0.0	0.1111111111111111
3dvg	B	EYYRWYTAIDY	TPYYGS	GFNVKTG	-0.2714285714285714	0.1428571428571428	8.657142857142857	118.55857142857144	-1.0166666666666666	0.0	7.866666666666667	129.465	-1.0909090909090908	-0.0909090909090909	7.990909090909091	156.61818181818182	0.0	0.0	1.0	0.0	0.0	0.0	0.0	2.0	0.0	0.0	0.0	1.0	0.0	1.0	0.0	0.0	1.0	0.0	0.0	1.0	0.0	0.0	0.0	0.0	0.0	0.0	0.0	1.0	0.0	0.0	0.0	0.0	0.0	0.0	1.0	1.0	1.0	0.0	2.0	0.0	1.0	1.0	0.0	1.0	0.0	0.0	1.0	0.0	0.0	1.0	0.0	0.0	0.0	0.0	0.0	0.0	1.0	1.0	4.0	0.0	7.0	6.0	11.0	human	0.0	0.0	0.14285714285714285	0.0	0.0	0.0	0.0	0.2857142857142857	0.0	0.0	0.0	0.14285714285714285	0.0	0.14285714285714285	0.0	0.0	0.14285714285714285	0.0	0.0	0.14285714285714285	0.0	0.0	0.0	0.0	0.0	0.0	0.0	0.16666666666666666	0.0	0.0	0.0	0.0	0.0	0.0	0.16666666666666666	0.16666666666666666	0.16666666666666666	0.0	0.3333333333333333	0.0	0.09090909090909091	0.09090909090909091	0.0	0.09090909090909091	0.0	0.0	0.09090909090909091	0.0	0.0	0.09090909090909091	0.0	0.0	0.0	0.0	0.0	0.0	0.09090909090909091	0.09090909090909091	0.36363636363636365	0.0
6xm2	F	HMQVGGAPTGSMAAFDP	SYGGS	GFSLSSY	0.3571428571428571	0.0	7.557142857142858	123.98428571428572	-0.74	0.0	8.52	108.302	0.0058823529411764	0.0	8.323529411764707	115.41882352941175	0.0	0.0	0.0	0.0	0.0	0.0	0.0	1.0	0.0	0.0	1.0	0.0	0.0	1.0	0.0	3.0	0.0	0.0	1.0	0.0	0.0	0.0	0.0	0.0	0.0	0.0	0.0	2.0	0.0	0.0	0.0	0.0	0.0	0.0	0.0	2.0	0.0	0.0	1.0	0.0	3.0	0.0	0.0	1.0	0.0	1.0	0.0	3.0	1.0	0.0	0.0	0.0	2.0	1.0	2.0	1.0	1.0	0.0	0.0	1.0	7.0	5.0	17.0	human	0.0	0.0	0.0	0.0	0.0	0.0	0.0	0.14285714285714285	0.0	0.0	0.14285714285714285	0.0	0.0	0.14285714285714285	0.0	0.42857142857142855	0.0	0.0	0.14285714285714285	0.0	0.0	0.0	0.0	0.0	0.0	0.0	0.0	0.4	0.0	0.0	0.0	0.0	0.0	0.0	0.0	0.4	0.0	0.0	0.2	0.0	0.17647058823529413	0.0	0.0	0.058823529411764705	0.0	0.058823529411764705	0.0	0.17647058823529413	0.058823529411764705	0.0	0.0	0.0	0.11764705882352941	0.058823529411764705	0.11764705882352941	0.058823529411764705	0.058823529411764705	0.0	0.0	0.058823529411764705
5czx	H	DDYSTYAFAY	VPYHGI	GGTFRTY	-0.7428571428571429	0.1428571428571428	8.157142857142857	129.85142857142858	0.3666666666666666	0.1666666666666666	7.45	129.145	-0.6000000000000001	-0.2	8.38	137.735	0.0	1.0	0.0	0.0	0.0	0.0	0.0	2.0	0.0	0.0	0.0	0.0	0.0	1.0	0.0	0.0	2.0	0.0	1.0	0.0	0.0	0.0	0.0	0.0	0.0	0.0	0.0	1.0	1.0	1.0	0.0	0.0	0.0	0.0	1.0	0.0	0.0	0.0	1.0	1.0	2.0	0.0	0.0	2.0	0.0	0.0	0.0	0.0	0.0	0.0	0.0	0.0	0.0	1.0	0.0	1.0	1.0	0.0	3.0	0.0	7.0	6.0	10.0	human	0.0	0.14285714285714285	0.0	0.0	0.0	0.0	0.0	0.2857142857142857	0.0	0.0	0.0	0.0	0.0	0.14285714285714285	0.0	0.0	0.2857142857142857	0.0	0.14285714285714285	0.0	0.0	0.0	0.0	0.0	0.0	0.0	0.0	0.16666666666666666	0.16666666666666666	0.16666666666666666	0.0	0.0	0.0	0.0	0.16666666666666666	0.0	0.0	0.0	0.16666666666666666	0.16666666666666666	0.2	0.0	0.0	0.2	0.0	0.0	0.0	0.0	0.0	0.0	0.0	0.0	0.0	0.1	0.0	0.1	0.1	0.0	0.3	0.0
7kf1	D	LGIGYYYYGMDV	YPTNGY	GFNIKDT	-0.6714285714285715	0.0	9.128571428571428	128.85142857142858	-1.4666666666666668	0.0	8.266666666666667	133.97	0.375	-0.0833333333333333	7.208333333333335	134.3141666666667	0.0	0.0	1.0	1.0	0.0	0.0	0.0	1.0	0.0	1.0	0.0	1.0	0.0	1.0	0.0	0.0	1.0	0.0	0.0	0.0	0.0	0.0	1.0	0.0	0.0	0.0	0.0	1.0	0.0	0.0	0.0	0.0	0.0	0.0	1.0	0.0	1.0	0.0	2.0	0.0	0.0	0.0	0.0	1.0	0.0	0.0	0.0	3.0	0.0	1.0	1.0	0.0	1.0	0.0	0.0	0.0	0.0	0.0	4.0	1.0	7.0	6.0	12.0	human	0.0	0.0	0.14285714285714285	0.14285714285714285	0.0	0.0	0.0	0.14285714285714285	0.0	0.14285714285714285	0.0	0.14285714285714285	0.0	0.14285714285714285	0.0	0.0	0.14285714285714285	0.0	0.0	0.0	0.0	0.0	0.16666666666666666	0.0	0.0	0.0	0.0	0.16666666666666666	0.0	0.0	0.0	0.0	0.0	0.0	0.16666666666666666	0.0	0.16666666666666666	0.0	0.3333333333333333	0.0	0.0	0.0	0.0	0.08333333333333333	0.0	0.0	0.0	0.25	0.0	0.08333333333333333	0.08333333333333333	0.0	0.08333333333333333	0.0	0.0	0.0	0.0	0.0	0.3333333333333333	0.08333333333333333
4g3y	H	NYYGSTYDY	RSKSINSA	GFIFSNH	0.314285714285714	0.1428571428571428	7.971428571428571	132.71285714285713	-1.0	0.25	9.2875	123.505	-1.5666666666666669	-0.1111111111111111	8.466666666666667	143.2511111111111	0.0	0.0	1.0	0.0	0.0	0.0	0.0	1.0	1.0	1.0	0.0	0.0	0.0	2.0	0.0	1.0	0.0	0.0	0.0	0.0	1.0	1.0	1.0	0.0	0.0	0.0	0.0	0.0	0.0	1.0	0.0	1.0	0.0	0.0	0.0	3.0	0.0	0.0	0.0	0.0	0.0	0.0	1.0	1.0	0.0	0.0	0.0	1.0	0.0	0.0	0.0	0.0	0.0	0.0	0.0	1.0	1.0	0.0	4.0	0.0	7.0	8.0	9.0	human	0.0	0.0	0.14285714285714285	0.0	0.0	0.0	0.0	0.14285714285714285	0.14285714285714285	0.14285714285714285	0.0	0.0	0.0	0.2857142857142857	0.0	0.14285714285714285	0.0	0.0	0.0	0.0	0.125	0.125	0.125	0.0	0.0	0.0	0.0	0.0	0.0	0.125	0.0	0.125	0.0	0.0	0.0	0.375	0.0	0.0	0.0	0.0	0.0	0.0	0.1111111111111111	0.1111111111111111	0.0	0.0	0.0	0.1111111111111111	0.0	0.0	0.0	0.0	0.0	0.0	0.0	0.1111111111111111	0.1111111111111111	0.0	0.4444444444444444	0.0
7shu	E	GNNYFGHWHFAV	TYDGS	GYNITSGY	-0.4875	0.0	8.125	125.0025	-1.34	-0.2	9.2	122.71399999999998	-0.3999999999999999	0.1666666666666666	8.166666666666668	137.22833333333332	0.0	0.0	1.0	0.0	0.0	0.0	0.0	2.0	0.0	1.0	0.0	0.0	0.0	0.0	0.0	1.0	1.0	0.0	2.0	0.0	0.0	0.0	0.0	1.0	0.0	0.0	0.0	1.0	0.0	0.0	0.0	0.0	0.0	0.0	0.0	1.0	1.0	0.0	1.0	0.0	1.0	0.0	2.0	0.0	0.0	0.0	0.0	2.0	2.0	0.0	0.0	0.0	0.0	2.0	0.0	0.0	0.0	1.0	1.0	1.0	8.0	5.0	12.0	human	0.0	0.0	0.125	0.0	0.0	0.0	0.0	0.25	0.0	0.125	0.0	0.0	0.0	0.0	0.0	0.125	0.125	0.0	0.25	0.0	0.0	0.0	0.0	0.2	0.0	0.0	0.0	0.2	0.0	0.0	0.0	0.0	0.0	0.0	0.0	0.2	0.2	0.0	0.2	0.0	0.08333333333333333	0.0	0.16666666666666666	0.0	0.0	0.0	0.0	0.16666666666666666	0.16666666666666666	0.0	0.0	0.0	0.0	0.16666666666666666	0.0	0.0	0.0	0.08333333333333333	0.08333333333333333	0.08333333333333333
6d2p	H	SLGRDWFDP	NPNSGG	GYTFTGY	-0.2857142857142857	0.0	7.542857142857143	130.85	-1.7000000000000002	0.0	9.733333333333334	105.76666666666664	-0.9555555555555556	-0.1111111111111111	8.68888888888889	137.36444444444442	0.0	0.0	0.0	0.0	0.0	0.0	0.0	2.0	0.0	0.0	0.0	0.0	0.0	1.0	0.0	0.0	2.0	0.0	2.0	0.0	0.0	0.0	2.0	0.0	0.0	0.0	0.0	2.0	0.0	0.0	0.0	0.0	0.0	0.0	1.0	1.0	0.0	0.0	0.0	0.0	0.0	1.0	0.0	2.0	0.0	0.0	0.0	1.0	0.0	0.0	1.0	0.0	0.0	1.0	1.0	1.0	0.0	1.0	0.0	0.0	7.0	6.0	9.0	human	0.0	0.0	0.0	0.0	0.0	0.0	0.0	0.2857142857142857	0.0	0.0	0.0	0.0	0.0	0.14285714285714285	0.0	0.0	0.2857142857142857	0.0	0.2857142857142857	0.0	0.0	0.0	0.3333333333333333	0.0	0.0	0.0	0.0	0.3333333333333333	0.0	0.0	0.0	0.0	0.0	0.0	0.16666666666666666	0.16666666666666666	0.0	0.0	0.0	0.0	0.0	0.1111111111111111	0.0	0.2222222222222222	0.0	0.0	0.0	0.1111111111111111	0.0	0.0	0.1111111111111111	0.0	0.0	0.1111111111111111	0.1111111111111111	0.1111111111111111	0.0	0.1111111111111111	0.0	0.0
5wux	C	GYRSYAMDY	NTYIGE	GYVFTDY	-0.0285714285714286	-0.1428571428571428	7.728571428571429	138.85857142857142	-0.8166666666666668	-0.1666666666666666	8.816666666666665	130.96666666666667	-1.0444444444444447	0.0	8.233333333333334	141.0366666666667	0.0	0.0	0.0	1.0	0.0	0.0	0.0	1.0	0.0	0.0	0.0	0.0	0.0	1.0	0.0	0.0	1.0	0.0	2.0	1.0	0.0	0.0	1.0	0.0	0.0	0.0	1.0	1.0	0.0	1.0	0.0	0.0	0.0	0.0	0.0	0.0	1.0	0.0	1.0	0.0	1.0	1.0	0.0	1.0	0.0	0.0	0.0	1.0	0.0	0.0	0.0	0.0	1.0	0.0	0.0	1.0	0.0	0.0	3.0	0.0	7.0	6.0	9.0	human	0.0	0.0	0.0	0.14285714285714285	0.0	0.0	0.0	0.14285714285714285	0.0	0.0	0.0	0.0	0.0	0.14285714285714285	0.0	0.0	0.14285714285714285	0.0	0.2857142857142857	0.14285714285714285	0.0	0.0	0.16666666666666666	0.0	0.0	0.0	0.16666666666666666	0.16666666666666666	0.0	0.16666666666666666	0.0	0.0	0.0	0.0	0.0	0.0	0.16666666666666666	0.0	0.16666666666666666	0.0	0.1111111111111111	0.1111111111111111	0.0	0.1111111111111111	0.0	0.0	0.0	0.1111111111111111	0.0	0.0	0.0	0.0	0.1111111111111111	0.0	0.0	0.1111111111111111	0.0	0.0	0.3333333333333333	0.0
2wub	R	WAWPAFDY	YPAGGA	GFTINGT	0.2285714285714286	0.0	8.17142857142857	116.69428571428573	-0.0166666666666667	0.0	8.066666666666666	104.10666666666668	-0.225	-0.125	7.425000000000001	147.65625	0.0	0.0	1.0	0.0	0.0	0.0	0.0	2.0	0.0	1.0	0.0	0.0	0.0	1.0	0.0	0.0	2.0	0.0	0.0	0.0	2.0	0.0	0.0	0.0	0.0	0.0	0.0	2.0	0.0	0.0	0.0	0.0	0.0	0.0	1.0	0.0	0.0	0.0	1.0	0.0	2.0	0.0	0.0	1.0	0.0	0.0	0.0	0.0	0.0	0.0	0.0	0.0	0.0	1.0	1.0	0.0	0.0	2.0	1.0	0.0	7.0	6.0	8.0	human	0.0	0.0	0.14285714285714285	0.0	0.0	0.0	0.0	0.2857142857142857	0.0	0.14285714285714285	0.0	0.0	0.0	0.14285714285714285	0.0	0.0	0.2857142857142857	0.0	0.0	0.0	0.3333333333333333	0.0	0.0	0.0	0.0	0.0	0.0	0.3333333333333333	0.0	0.0	0.0	0.0	0.0	0.0	0.16666666666666666	0.0	0.0	0.0	0.16666666666666666	0.0	0.25	0.0	0.0	0.125	0.0	0.0	0.0	0.0	0.0	0.0	0.0	0.0	0.0	0.125	0.125	0.0	0.0	0.25	0.125	0.0
6ba5	F	GYSTYYGDFNI	NSGGS	GSDINDY	-1.2142857142857142	-0.2857142857142857	9.6	127.26285714285711	-1.1800000000000002	0.0	9.6	98.488	-0.5363636363636363	-0.0909090909090909	8.127272727272727	134.5	0.0	0.0	1.0	2.0	0.0	0.0	0.0	1.0	0.0	1.0	0.0	0.0	0.0	0.0	0.0	1.0	0.0	0.0	1.0	0.0	0.0	0.0	1.0	0.0	0.0	0.0	0.0	2.0	0.0	0.0	0.0	0.0	0.0	0.0	0.0	2.0	0.0	0.0	0.0	0.0	0.0	0.0	1.0	1.0	0.0	0.0	0.0	2.0	0.0	1.0	0.0	0.0	0.0	1.0	0.0	1.0	1.0	0.0	3.0	0.0	7.0	5.0	11.0	human	0.0	0.0	0.14285714285714285	0.2857142857142857	0.0	0.0	0.0	0.14285714285714285	0.0	0.14285714285714285	0.0	0.0	0.0	0.0	0.0	0.14285714285714285	0.0	0.0	0.14285714285714285	0.0	0.0	0.0	0.2	0.0	0.0	0.0	0.0	0.4	0.0	0.0	0.0	0.0	0.0	0.0	0.0	0.4	0.0	0.0	0.0	0.0	0.0	0.0	0.09090909090909091	0.09090909090909091	0.0	0.0	0.0	0.18181818181818182	0.0	0.09090909090909091	0.0	0.0	0.0	0.09090909090909091	0.0	0.09090909090909091	0.09090909090909091	0.0	0.2727272727272727	0.0
6jjp	D	PDSSGVAY	SGGGSY	GFTFSSY	0.2285714285714286	0.0	7.514285714285713	130.84857142857143	-0.6833333333333332	0.0	8.600000000000001	102.76333333333332	-0.2999999999999999	-0.125	8.575	115.11375	0.0	0.0	0.0	0.0	0.0	0.0	0.0	1.0	0.0	0.0	0.0	0.0	0.0	2.0	0.0	2.0	1.0	0.0	1.0	0.0	0.0	0.0	0.0	0.0	0.0	0.0	0.0	3.0	0.0	0.0	0.0	0.0	0.0	0.0	0.0	2.0	0.0	0.0	1.0	0.0	1.0	0.0	0.0	1.0	0.0	0.0	0.0	1.0	0.0	0.0	0.0	0.0	0.0	0.0	1.0	2.0	0.0	0.0	1.0	1.0	7.0	6.0	8.0	human	0.0	0.0	0.0	0.0	0.0	0.0	0.0	0.14285714285714285	0.0	0.0	0.0	0.0	0.0	0.2857142857142857	0.0	0.2857142857142857	0.14285714285714285	0.0	0.14285714285714285	0.0	0.0	0.0	0.0	0.0	0.0	0.0	0.0	0.5	0.0	0.0	0.0	0.0	0.0	0.0	0.0	0.3333333333333333	0.0	0.0	0.16666666666666666	0.0	0.125	0.0	0.0	0.125	0.0	0.0	0.0	0.125	0.0	0.0	0.0	0.0	0.0	0.0	0.125	0.25	0.0	0.0	0.125	0.125
4y5v	D	VSRGGSYSD	KPDGSE	GFTFSSY	0.2285714285714286	0.0	7.514285714285713	130.84857142857143	-2.2833333333333337	-0.1666666666666666	10.466666666666669	120.28499999999998	-0.922222222222222	0.0	9.022222222222222	119.00555555555556	0.0	0.0	0.0	0.0	0.0	0.0	0.0	1.0	0.0	0.0	0.0	0.0	0.0	2.0	0.0	2.0	1.0	0.0	1.0	0.0	0.0	0.0	0.0	1.0	0.0	0.0	1.0	1.0	0.0	0.0	0.0	1.0	0.0	0.0	1.0	1.0	0.0	0.0	0.0	0.0	0.0	1.0	0.0	1.0	0.0	0.0	0.0	2.0	0.0	0.0	0.0	0.0	0.0	0.0	0.0	3.0	0.0	0.0	1.0	1.0	7.0	6.0	9.0	human	0.0	0.0	0.0	0.0	0.0	0.0	0.0	0.14285714285714285	0.0	0.0	0.0	0.0	0.0	0.2857142857142857	0.0	0.2857142857142857	0.14285714285714285	0.0	0.14285714285714285	0.0	0.0	0.0	0.0	0.16666666666666666	0.0	0.0	0.16666666666666666	0.16666666666666666	0.0	0.0	0.0	0.16666666666666666	0.0	0.0	0.16666666666666666	0.16666666666666666	0.0	0.0	0.0	0.0	0.0	0.1111111111111111	0.0	0.1111111111111111	0.0	0.0	0.0	0.2222222222222222	0.0	0.0	0.0	0.0	0.0	0.0	0.0	0.3333333333333333	0.0	0.0	0.1111111111111111	0.1111111111111111
6bfq	H	ITGTTDL	YASGS	DSAIRKY	-1.1	0.1428571428571428	9.071428571428571	137.14714285714285	-0.3	0.0	8.34	111.106	0.3285714285714285	-0.1428571428571428	8.27142857142857	118.26714285714286	1.0	1.0	0.0	1.0	0.0	0.0	0.0	0.0	0.0	1.0	0.0	1.0	0.0	0.0	0.0	1.0	0.0	0.0	1.0	0.0	1.0	0.0	0.0	0.0	0.0	0.0	0.0	1.0	0.0	0.0	0.0	0.0	0.0	0.0	0.0	2.0	0.0	0.0	1.0	0.0	0.0	0.0	0.0	1.0	0.0	0.0	0.0	1.0	0.0	1.0	1.0	0.0	0.0	0.0	0.0	0.0	3.0	0.0	0.0	0.0	7.0	5.0	7.0	human	0.14285714285714285	0.14285714285714285	0.0	0.14285714285714285	0.0	0.0	0.0	0.0	0.0	0.14285714285714285	0.0	0.14285714285714285	0.0	0.0	0.0	0.14285714285714285	0.0	0.0	0.14285714285714285	0.0	0.2	0.0	0.0	0.0	0.0	0.0	0.0	0.2	0.0	0.0	0.0	0.0	0.0	0.0	0.0	0.4	0.0	0.0	0.2	0.0	0.0	0.0	0.0	0.14285714285714285	0.0	0.0	0.0	0.14285714285714285	0.0	0.14285714285714285	0.14285714285714285	0.0	0.0	0.0	0.0	0.0	0.42857142857142855	0.0	0.0	0.0
7kpg	H	ETWNHLFDY	SSGSD	GFTFSSN	-0.0857142857142856	0.0	8.285714285714285	123.83857142857144	-1.26	-0.2	9.919999999999998	104.68800000000002	-1.1111111111111112	-0.1111111111111111	8.622222222222224	152.04555555555555	0.0	0.0	1.0	0.0	0.0	0.0	0.0	1.0	0.0	0.0	0.0	0.0	0.0	2.0	0.0	2.0	1.0	0.0	0.0	0.0	0.0	0.0	0.0	1.0	0.0	0.0	0.0	1.0	0.0	0.0	0.0	0.0	0.0	0.0	0.0	3.0	0.0	0.0	0.0	0.0	0.0	0.0	1.0	1.0	0.0	0.0	1.0	0.0	1.0	0.0	1.0	0.0	0.0	1.0	0.0	0.0	1.0	1.0	1.0	0.0	7.0	5.0	9.0	human	0.0	0.0	0.14285714285714285	0.0	0.0	0.0	0.0	0.14285714285714285	0.0	0.0	0.0	0.0	0.0	0.2857142857142857	0.0	0.2857142857142857	0.14285714285714285	0.0	0.0	0.0	0.0	0.0	0.0	0.2	0.0	0.0	0.0	0.2	0.0	0.0	0.0	0.0	0.0	0.0	0.0	0.6	0.0	0.0	0.0	0.0	0.0	0.0	0.1111111111111111	0.1111111111111111	0.0	0.0	0.1111111111111111	0.0	0.1111111111111111	0.0	0.1111111111111111	0.0	0.0	0.1111111111111111	0.0	0.0	0.1111111111111111	0.1111111111111111	0.1111111111111111	0.0
5wk3	W	VGPADVWDSFDY	DPSDSD	GYSFTSY	-0.3571428571428571	0.0	7.657142857142857	133.1342857142857	-2.283333333333333	-0.5	10.9	120.76833333333332	-0.2083333333333333	-0.25	8.491666666666667	130.71583333333334	0.0	0.0	0.0	0.0	0.0	0.0	0.0	1.0	0.0	0.0	0.0	0.0	0.0	1.0	0.0	2.0	1.0	0.0	2.0	0.0	0.0	0.0	0.0	3.0	0.0	0.0	0.0	0.0	0.0	0.0	0.0	0.0	0.0	0.0	1.0	2.0	0.0	0.0	0.0	0.0	1.0	0.0	0.0	3.0	0.0	0.0	0.0	1.0	0.0	0.0	0.0	0.0	0.0	1.0	1.0	1.0	0.0	1.0	1.0	2.0	7.0	6.0	12.0	human	0.0	0.0	0.0	0.0	0.0	0.0	0.0	0.14285714285714285	0.0	0.0	0.0	0.0	0.0	0.14285714285714285	0.0	0.2857142857142857	0.14285714285714285	0.0	0.2857142857142857	0.0	0.0	0.0	0.0	0.5	0.0	0.0	0.0	0.0	0.0	0.0	0.0	0.0	0.0	0.0	0.16666666666666666	0.3333333333333333	0.0	0.0	0.0	0.0	0.08333333333333333	0.0	0.0	0.25	0.0	0.0	0.0	0.08333333333333333	0.0	0.0	0.0	0.0	0.0	0.08333333333333333	0.08333333333333333	0.08333333333333333	0.0	0.08333333333333333	0.08333333333333333	0.16666666666666666
7amp	H	GAGYNFDGAYRFFDF	NPYNDD	GYTFTGY	-0.2857142857142857	0.0	7.542857142857143	130.85	-2.8166666666666664	-0.3333333333333333	10.566666666666666	137.79333333333332	-0.2666666666666667	-0.0666666666666666	8.3	133.27	0.0	0.0	0.0	0.0	0.0	0.0	0.0	2.0	0.0	0.0	0.0	0.0	0.0	1.0	0.0	0.0	2.0	0.0	2.0	0.0	0.0	0.0	2.0	2.0	0.0	0.0	0.0	0.0	0.0	0.0	0.0	0.0	0.0	0.0	1.0	0.0	0.0	0.0	1.0	0.0	2.0	1.0	1.0	2.0	0.0	0.0	0.0	3.0	0.0	0.0	0.0	0.0	0.0	4.0	0.0	0.0	0.0	0.0	2.0	0.0	7.0	6.0	15.0	human	0.0	0.0	0.0	0.0	0.0	0.0	0.0	0.2857142857142857	0.0	0.0	0.0	0.0	0.0	0.14285714285714285	0.0	0.0	0.2857142857142857	0.0	0.2857142857142857	0.0	0.0	0.0	0.3333333333333333	0.3333333333333333	0.0	0.0	0.0	0.0	0.0	0.0	0.0	0.0	0.0	0.0	0.16666666666666666	0.0	0.0	0.0	0.16666666666666666	0.0	0.13333333333333333	0.06666666666666667	0.06666666666666667	0.13333333333333333	0.0	0.0	0.0	0.2	0.0	0.0	0.0	0.0	0.0	0.26666666666666666	0.0	0.0	0.0	0.0	0.13333333333333333	0.0
3u30	F	TWLLRWVMDL	TPSSGQ	GFTFSNT	-0.0714285714285714	0.0	8.2	125.84285714285714	-1.3	0.0	9.083333333333334	110.94166666666666	0.7	0.0	6.92	149.475	0.0	0.0	1.0	0.0	0.0	0.0	0.0	1.0	0.0	0.0	0.0	0.0	0.0	2.0	0.0	1.0	2.0	0.0	0.0	0.0	0.0	0.0	0.0	0.0	0.0	1.0	0.0	1.0	0.0	0.0	0.0	0.0	0.0	0.0	1.0	2.0	1.0	0.0	0.0	0.0	0.0	1.0	0.0	1.0	0.0	0.0	0.0	0.0	0.0	0.0	3.0	0.0	1.0	0.0	0.0	0.0	1.0	2.0	0.0	1.0	7.0	6.0	10.0	human	0.0	0.0	0.14285714285714285	0.0	0.0	0.0	0.0	0.14285714285714285	0.0	0.0	0.0	0.0	0.0	0.2857142857142857	0.0	0.14285714285714285	0.2857142857142857	0.0	0.0	0.0	0.0	0.0	0.0	0.0	0.0	0.16666666666666666	0.0	0.16666666666666666	0.0	0.0	0.0	0.0	0.0	0.0	0.16666666666666666	0.3333333333333333	0.16666666666666666	0.0	0.0	0.0	0.0	0.1	0.0	0.1	0.0	0.0	0.0	0.0	0.0	0.0	0.3	0.0	0.1	0.0	0.0	0.0	0.1	0.2	0.0	0.1
6xxv	A	DRTYYSGVYYTEDGLDS	NSGGGI	GFTFSPY	0.1142857142857143	0.0	7.3428571428571425	132.28285714285715	-0.1666666666666668	0.0	8.833333333333334	98.93166666666666	-1.1470588235294117	-0.1764705882352941	8.882352941176471	134.8394117647059	0.0	0.0	0.0	0.0	0.0	0.0	0.0	1.0	0.0	0.0	0.0	0.0	0.0	2.0	1.0	1.0	1.0	0.0	1.0	0.0	0.0	0.0	1.0	0.0	0.0	0.0	0.0	3.0	0.0	1.0	0.0	0.0	0.0	0.0	0.0	1.0	0.0	0.0	0.0	0.0	0.0	1.0	0.0	3.0	0.0	0.0	1.0	2.0	0.0	0.0	1.0	0.0	0.0	0.0	0.0	2.0	2.0	0.0	4.0	1.0	7.0	6.0	17.0	human	0.0	0.0	0.0	0.0	0.0	0.0	0.0	0.14285714285714285	0.0	0.0	0.0	0.0	0.0	0.2857142857142857	0.14285714285714285	0.14285714285714285	0.14285714285714285	0.0	0.14285714285714285	0.0	0.0	0.0	0.16666666666666666	0.0	0.0	0.0	0.0	0.5	0.0	0.16666666666666666	0.0	0.0	0.0	0.0	0.0	0.16666666666666666	0.0	0.0	0.0	0.0	0.0	0.058823529411764705	0.0	0.17647058823529413	0.0	0.0	0.058823529411764705	0.11764705882352941	0.0	0.0	0.058823529411764705	0.0	0.0	0.0	0.0	0.11764705882352941	0.11764705882352941	0.0	0.23529411764705882	0.058823529411764705
7wkx	A	YGWGYFDY	DTNTGE	EYIFTNY	-0.4285714285714285	-0.1428571428571428	7.9	151.0157142857143	-2.0500000000000003	-0.3333333333333333	10.516666666666667	120.94333333333331	-0.7875	-0.125	7.525000000000001	149.52875	0.0	0.0	1.0	0.0	0.0	0.0	1.0	0.0	0.0	1.0	0.0	0.0	0.0	1.0	0.0	0.0	1.0	0.0	2.0	0.0	0.0	0.0	1.0	1.0	0.0	0.0	1.0	1.0	0.0	0.0	0.0	0.0	0.0	0.0	0.0	0.0	2.0	0.0	0.0	0.0	0.0	0.0	0.0	1.0	0.0	0.0	0.0	2.0	0.0	0.0	0.0	0.0	0.0	1.0	0.0	0.0	0.0	1.0	3.0	0.0	7.0	6.0	8.0	human	0.0	0.0	0.14285714285714285	0.0	0.0	0.0	0.14285714285714285	0.0	0.0	0.14285714285714285	0.0	0.0	0.0	0.14285714285714285	0.0	0.0	0.14285714285714285	0.0	0.2857142857142857	0.0	0.0	0.0	0.16666666666666666	0.16666666666666666	0.0	0.0	0.16666666666666666	0.16666666666666666	0.0	0.0	0.0	0.0	0.0	0.0	0.0	0.0	0.3333333333333333	0.0	0.0	0.0	0.0	0.0	0.0	0.125	0.0	0.0	0.0	0.25	0.0	0.0	0.0	0.0	0.0	0.125	0.0	0.0	0.0	0.125	0.375	0.0
6bft	A	YPHYYGSSHWYFDV	NTYTGE	GYDFDNY	-1.5285714285714287	-0.2857142857142857	9.171428571428573	142.99428571428572	-1.6833333333333336	-0.1666666666666666	9.383333333333333	128.95833333333331	-0.9000000000000001	0.0714285714285714	7.892857142857145	146.79500000000002	0.0	0.0	1.0	2.0	0.0	0.0	0.0	1.0	0.0	0.0	0.0	0.0	0.0	1.0	0.0	0.0	0.0	0.0	2.0	0.0	0.0	0.0	1.0	0.0	0.0	0.0	1.0	1.0	0.0	0.0	0.0	0.0	0.0	0.0	0.0	0.0	2.0	0.0	1.0	0.0	0.0	0.0	0.0	1.0	0.0	0.0	0.0	1.0	2.0	0.0	0.0	0.0	0.0	1.0	1.0	2.0	0.0	1.0	4.0	1.0	7.0	6.0	14.0	human	0.0	0.0	0.14285714285714285	0.2857142857142857	0.0	0.0	0.0	0.14285714285714285	0.0	0.0	0.0	0.0	0.0	0.14285714285714285	0.0	0.0	0.0	0.0	0.2857142857142857	0.0	0.0	0.0	0.16666666666666666	0.0	0.0	0.0	0.16666666666666666	0.16666666666666666	0.0	0.0	0.0	0.0	0.0	0.0	0.0	0.0	0.3333333333333333	0.0	0.16666666666666666	0.0	0.0	0.0	0.0	0.07142857142857142	0.0	0.0	0.0	0.07142857142857142	0.14285714285714285	0.0	0.0	0.0	0.0	0.07142857142857142	0.07142857142857142	0.14285714285714285	0.0	0.07142857142857142	0.2857142857142857	0.07142857142857142
6nmu	B	QYDWNSFFDY	NSGGGG	GFSFSSY	0.2142857142857142	0.0	7.6	128.84428571428572	-0.9833333333333336	0.0	9.466666666666669	89.58166666666666	-1.2700000000000002	-0.2	8.55	154.65500000000003	0.0	0.0	0.0	0.0	0.0	0.0	0.0	1.0	0.0	0.0	0.0	0.0	0.0	2.0	0.0	3.0	0.0	0.0	1.0	0.0	0.0	0.0	1.0	0.0	0.0	0.0	0.0	4.0	0.0	0.0	0.0	0.0	0.0	0.0	0.0	1.0	0.0	0.0	0.0	0.0	0.0	0.0	1.0	2.0	0.0	1.0	0.0	0.0	0.0	0.0	0.0	0.0	0.0	2.0	0.0	1.0	0.0	1.0	2.0	0.0	7.0	6.0	10.0	human	0.0	0.0	0.0	0.0	0.0	0.0	0.0	0.14285714285714285	0.0	0.0	0.0	0.0	0.0	0.2857142857142857	0.0	0.42857142857142855	0.0	0.0	0.14285714285714285	0.0	0.0	0.0	0.16666666666666666	0.0	0.0	0.0	0.0	0.6666666666666666	0.0	0.0	0.0	0.0	0.0	0.0	0.0	0.16666666666666666	0.0	0.0	0.0	0.0	0.0	0.0	0.1	0.2	0.0	0.1	0.0	0.0	0.0	0.0	0.0	0.0	0.0	0.2	0.0	0.1	0.0	0.1	0.2	0.0
1n8z	B	WGGDGFYAMDY	YPTNGY	GFNIKDT	-0.6714285714285715	0.0	9.128571428571428	128.85142857142858	-1.4666666666666668	0.0	8.266666666666667	133.97	-0.4727272727272728	-0.1818181818181818	8.163636363636364	132.86454545454546	0.0	0.0	1.0	1.0	0.0	0.0	0.0	1.0	0.0	1.0	0.0	1.0	0.0	1.0	0.0	0.0	1.0	0.0	0.0	0.0	0.0	0.0	1.0	0.0	0.0	0.0	0.0	1.0	0.0	0.0	0.0	0.0	0.0	0.0	1.0	0.0	1.0	0.0	2.0	0.0	1.0	0.0	0.0	2.0	0.0	0.0	0.0	3.0	0.0	0.0	0.0	0.0	1.0	1.0	0.0	0.0	0.0	1.0	2.0	0.0	7.0	6.0	11.0	human	0.0	0.0	0.14285714285714285	0.14285714285714285	0.0	0.0	0.0	0.14285714285714285	0.0	0.14285714285714285	0.0	0.14285714285714285	0.0	0.14285714285714285	0.0	0.0	0.14285714285714285	0.0	0.0	0.0	0.0	0.0	0.16666666666666666	0.0	0.0	0.0	0.0	0.16666666666666666	0.0	0.0	0.0	0.0	0.0	0.0	0.16666666666666666	0.0	0.16666666666666666	0.0	0.3333333333333333	0.0	0.09090909090909091	0.0	0.0	0.18181818181818182	0.0	0.0	0.0	0.2727272727272727	0.0	0.0	0.0	0.0	0.09090909090909091	0.09090909090909091	0.0	0.0	0.0	0.09090909090909091	0.18181818181818182	0.0
5hhx	H	DLIHGVTRN	SGSGGS	GFTFSSY	0.2285714285714286	0.0	7.514285714285713	130.84857142857143	-0.6	0.0	9.1	90.08	-0.3666666666666666	0.1111111111111111	8.788888888888888	129.80666666666664	0.0	0.0	0.0	0.0	0.0	0.0	0.0	1.0	0.0	0.0	0.0	0.0	0.0	2.0	0.0	2.0	1.0	0.0	1.0	0.0	0.0	0.0	0.0	0.0	0.0	0.0	0.0	3.0	0.0	0.0	0.0	0.0	0.0	0.0	0.0	3.0	0.0	0.0	0.0	0.0	0.0	1.0	1.0	1.0	0.0	0.0	0.0	1.0	1.0	1.0	1.0	0.0	0.0	0.0	0.0	0.0	1.0	0.0	0.0	1.0	7.0	6.0	9.0	human	0.0	0.0	0.0	0.0	0.0	0.0	0.0	0.14285714285714285	0.0	0.0	0.0	0.0	0.0	0.2857142857142857	0.0	0.2857142857142857	0.14285714285714285	0.0	0.14285714285714285	0.0	0.0	0.0	0.0	0.0	0.0	0.0	0.0	0.5	0.0	0.0	0.0	0.0	0.0	0.0	0.0	0.5	0.0	0.0	0.0	0.0	0.0	0.1111111111111111	0.1111111111111111	0.1111111111111111	0.0	0.0	0.0	0.1111111111111111	0.1111111111111111	0.1111111111111111	0.1111111111111111	0.0	0.0	0.0	0.0	0.0	0.1111111111111111	0.0	0.0	0.1111111111111111
2xqb	H	DPAAWPLQQSLAWFDP	SAFNGY	GYSFSSF	0.2142857142857142	0.0	7.6	128.84428571428572	-0.2333333333333334	0.0	8.216666666666667	124.625	-0.35	-0.125	8.14375	132.015	0.0	0.0	0.0	0.0	0.0	0.0	0.0	1.0	0.0	0.0	0.0	0.0	0.0	2.0	0.0	3.0	0.0	0.0	1.0	0.0	1.0	0.0	1.0	0.0	0.0	0.0	0.0	1.0	0.0	0.0	0.0	0.0	0.0	1.0	0.0	1.0	0.0	0.0	1.0	0.0	3.0	0.0	0.0	2.0	0.0	2.0	0.0	0.0	0.0	0.0	2.0	0.0	0.0	1.0	3.0	1.0	0.0	2.0	0.0	0.0	7.0	6.0	16.0	human	0.0	0.0	0.0	0.0	0.0	0.0	0.0	0.14285714285714285	0.0	0.0	0.0	0.0	0.0	0.2857142857142857	0.0	0.42857142857142855	0.0	0.0	0.14285714285714285	0.0	0.16666666666666666	0.0	0.16666666666666666	0.0	0.0	0.0	0.0	0.16666666666666666	0.0	0.0	0.0	0.0	0.0	0.16666666666666666	0.0	0.16666666666666666	0.0	0.0	0.16666666666666666	0.0	0.1875	0.0	0.0	0.125	0.0	0.125	0.0	0.0	0.0	0.0	0.125	0.0	0.0	0.0625	0.1875	0.0625	0.0	0.125	0.0	0.0
5wt9	H	NDDY	WYDGSK	GITFSNS	0.157142857142857	0.0	8.285714285714286	118.97857142857144	-1.8	0.0	9.016666666666666	140.81166666666664	-2.95	-0.5	10.95	144.8775	0.0	0.0	1.0	0.0	0.0	0.0	0.0	1.0	0.0	1.0	0.0	0.0	0.0	1.0	0.0	2.0	1.0	0.0	0.0	0.0	0.0	0.0	0.0	1.0	0.0	0.0	0.0	1.0	0.0	0.0	0.0	1.0	0.0	0.0	0.0	1.0	0.0	1.0	1.0	0.0	0.0	0.0	1.0	2.0	0.0	0.0	0.0	0.0	0.0	0.0	0.0	0.0	0.0	0.0	0.0	0.0	0.0	0.0	1.0	0.0	7.0	6.0	4.0	human	0.0	0.0	0.14285714285714285	0.0	0.0	0.0	0.0	0.14285714285714285	0.0	0.14285714285714285	0.0	0.0	0.0	0.14285714285714285	0.0	0.2857142857142857	0.14285714285714285	0.0	0.0	0.0	0.0	0.0	0.0	0.16666666666666666	0.0	0.0	0.0	0.16666666666666666	0.0	0.0	0.0	0.16666666666666666	0.0	0.0	0.0	0.16666666666666666	0.0	0.16666666666666666	0.16666666666666666	0.0	0.0	0.0	0.25	0.5	0.0	0.0	0.0	0.0	0.0	0.0	0.0	0.0	0.0	0.0	0.0	0.0	0.0	0.0	0.25	0.0
7rco	F	HMQVGGAPTGSMAAFDP	SYGGS	GFSLSSY	0.3571428571428571	0.0	7.557142857142858	123.98428571428572	-0.74	0.0	8.52	108.302	0.0058823529411764	0.0	8.323529411764707	115.41882352941175	0.0	0.0	0.0	0.0	0.0	0.0	0.0	1.0	0.0	0.0	1.0	0.0	0.0	1.0	0.0	3.0	0.0	0.0	1.0	0.0	0.0	0.0	0.0	0.0	0.0	0.0	0.0	2.0	0.0	0.0	0.0	0.0	0.0	0.0	0.0	2.0	0.0	0.0	1.0	0.0	3.0	0.0	0.0	1.0	0.0	1.0	0.0	3.0	1.0	0.0	0.0	0.0	2.0	1.0	2.0	1.0	1.0	0.0	0.0	1.0	7.0	5.0	17.0	human	0.0	0.0	0.0	0.0	0.0	0.0	0.0	0.14285714285714285	0.0	0.0	0.14285714285714285	0.0	0.0	0.14285714285714285	0.0	0.42857142857142855	0.0	0.0	0.14285714285714285	0.0	0.0	0.0	0.0	0.0	0.0	0.0	0.0	0.4	0.0	0.0	0.0	0.0	0.0	0.0	0.0	0.4	0.0	0.0	0.2	0.0	0.17647058823529413	0.0	0.0	0.058823529411764705	0.0	0.058823529411764705	0.0	0.17647058823529413	0.058823529411764705	0.0	0.0	0.0	0.11764705882352941	0.058823529411764705	0.11764705882352941	0.058823529411764705	0.058823529411764705	0.0	0.0	0.058823529411764705
6ogx	C	APRWYFSV	YPDNGD	GYTFTDS	-0.6571428571428573	-0.1428571428571428	8.542857142857143	128.26857142857142	-2.3000000000000003	-0.3333333333333333	10.133333333333333	128.285	-0.0374999999999999	0.125	7.312500000000001	143.90875	0.0	0.0	0.0	1.0	0.0	0.0	0.0	1.0	0.0	0.0	0.0	0.0	0.0	1.0	0.0	1.0	2.0	0.0	1.0	0.0	0.0	0.0	1.0	2.0	0.0	0.0	0.0	1.0	0.0	0.0	0.0	0.0	0.0	0.0	1.0	0.0	0.0	0.0	1.0	0.0	1.0	1.0	0.0	0.0	0.0	0.0	0.0	0.0	0.0	0.0	0.0	0.0	0.0	1.0	1.0	1.0	0.0	1.0	1.0	1.0	7.0	6.0	8.0	human	0.0	0.0	0.0	0.14285714285714285	0.0	0.0	0.0	0.14285714285714285	0.0	0.0	0.0	0.0	0.0	0.14285714285714285	0.0	0.14285714285714285	0.2857142857142857	0.0	0.14285714285714285	0.0	0.0	0.0	0.16666666666666666	0.3333333333333333	0.0	0.0	0.0	0.16666666666666666	0.0	0.0	0.0	0.0	0.0	0.0	0.16666666666666666	0.0	0.0	0.0	0.16666666666666666	0.0	0.125	0.125	0.0	0.0	0.0	0.0	0.0	0.0	0.0	0.0	0.0	0.0	0.0	0.125	0.125	0.125	0.0	0.125	0.125	0.125
5hi3	C	DLIHGVTRN	SGSGGS	GFTFSSY	0.2285714285714286	0.0	7.514285714285713	130.84857142857143	-0.6	0.0	9.1	90.08	-0.3666666666666666	0.1111111111111111	8.788888888888888	129.80666666666664	0.0	0.0	0.0	0.0	0.0	0.0	0.0	1.0	0.0	0.0	0.0	0.0	0.0	2.0	0.0	2.0	1.0	0.0	1.0	0.0	0.0	0.0	0.0	0.0	0.0	0.0	0.0	3.0	0.0	0.0	0.0	0.0	0.0	0.0	0.0	3.0	0.0	0.0	0.0	0.0	0.0	1.0	1.0	1.0	0.0	0.0	0.0	1.0	1.0	1.0	1.0	0.0	0.0	0.0	0.0	0.0	1.0	0.0	0.0	1.0	7.0	6.0	9.0	human	0.0	0.0	0.0	0.0	0.0	0.0	0.0	0.14285714285714285	0.0	0.0	0.0	0.0	0.0	0.2857142857142857	0.0	0.2857142857142857	0.14285714285714285	0.0	0.14285714285714285	0.0	0.0	0.0	0.0	0.0	0.0	0.0	0.0	0.5	0.0	0.0	0.0	0.0	0.0	0.0	0.0	0.5	0.0	0.0	0.0	0.0	0.0	0.1111111111111111	0.1111111111111111	0.1111111111111111	0.0	0.0	0.0	0.1111111111111111	0.1111111111111111	0.1111111111111111	0.1111111111111111	0.0	0.0	0.0	0.0	0.0	0.1111111111111111	0.0	0.0	0.1111111111111111
5hi5	C	DLIHGVTRN	SGSGGS	GFTFSSY	0.2285714285714286	0.0	7.514285714285713	130.84857142857143	-0.6	0.0	9.1	90.08	-0.3666666666666666	0.1111111111111111	8.788888888888888	129.80666666666664	0.0	0.0	0.0	0.0	0.0	0.0	0.0	1.0	0.0	0.0	0.0	0.0	0.0	2.0	0.0	2.0	1.0	0.0	1.0	0.0	0.0	0.0	0.0	0.0	0.0	0.0	0.0	3.0	0.0	0.0	0.0	0.0	0.0	0.0	0.0	3.0	0.0	0.0	0.0	0.0	0.0	1.0	1.0	1.0	0.0	0.0	0.0	1.0	1.0	1.0	1.0	0.0	0.0	0.0	0.0	0.0	1.0	0.0	0.0	1.0	7.0	6.0	9.0	human	0.0	0.0	0.0	0.0	0.0	0.0	0.0	0.14285714285714285	0.0	0.0	0.0	0.0	0.0	0.2857142857142857	0.0	0.2857142857142857	0.14285714285714285	0.0	0.14285714285714285	0.0	0.0	0.0	0.0	0.0	0.0	0.0	0.0	0.5	0.0	0.0	0.0	0.0	0.0	0.0	0.0	0.5	0.0	0.0	0.0	0.0	0.0	0.1111111111111111	0.1111111111111111	0.1111111111111111	0.0	0.0	0.0	0.1111111111111111	0.1111111111111111	0.1111111111111111	0.1111111111111111	0.0	0.0	0.0	0.0	0.0	0.1111111111111111	0.0	0.0	0.1111111111111111
4zso	D	EGLGALLRDLYY	YPGNGD	GYTFTSY	-0.3428571428571429	0.0	7.571428571428571	135.13857142857142	-1.7833333333333334	-0.1666666666666666	9.466666666666669	118.61333333333332	0.1749999999999999	-0.0833333333333333	7.825	131.72666666666666	0.0	0.0	0.0	0.0	0.0	0.0	0.0	1.0	0.0	0.0	0.0	0.0	0.0	1.0	0.0	1.0	2.0	0.0	2.0	0.0	0.0	0.0	1.0	1.0	0.0	0.0	0.0	2.0	0.0	0.0	0.0	0.0	0.0	0.0	1.0	0.0	0.0	0.0	1.0	0.0	1.0	1.0	0.0	1.0	0.0	0.0	1.0	2.0	0.0	0.0	4.0	0.0	0.0	0.0	0.0	0.0	0.0	0.0	2.0	0.0	7.0	6.0	12.0	human	0.0	0.0	0.0	0.0	0.0	0.0	0.0	0.14285714285714285	0.0	0.0	0.0	0.0	0.0	0.14285714285714285	0.0	0.14285714285714285	0.2857142857142857	0.0	0.2857142857142857	0.0	0.0	0.0	0.16666666666666666	0.16666666666666666	0.0	0.0	0.0	0.3333333333333333	0.0	0.0	0.0	0.0	0.0	0.0	0.16666666666666666	0.0	0.0	0.0	0.16666666666666666	0.0	0.08333333333333333	0.08333333333333333	0.0	0.08333333333333333	0.0	0.0	0.08333333333333333	0.16666666666666666	0.0	0.0	0.3333333333333333	0.0	0.0	0.0	0.0	0.0	0.0	0.0	0.16666666666666666	0.0
5utz	F	TPTVTGDWFDP	YYSGS	GGSISSGGY	-0.0888888888888889	0.0	8.333333333333334	103.10111111111112	-0.9200000000000002	0.0	7.959999999999999	129.526	-0.6	-0.1818181818181818	8.481818181818182	128.67818181818183	0.0	0.0	0.0	0.0	0.0	0.0	0.0	4.0	0.0	1.0	0.0	0.0	0.0	0.0	0.0	3.0	0.0	0.0	1.0	0.0	0.0	0.0	0.0	0.0	0.0	0.0	0.0	1.0	0.0	0.0	0.0	0.0	0.0	0.0	0.0	2.0	0.0	0.0	2.0	0.0	0.0	0.0	0.0	2.0	0.0	0.0	0.0	1.0	0.0	0.0	0.0	0.0	0.0	1.0	2.0	0.0	3.0	1.0	0.0	1.0	9.0	5.0	11.0	human	0.0	0.0	0.0	0.0	0.0	0.0	0.0	0.4444444444444444	0.0	0.1111111111111111	0.0	0.0	0.0	0.0	0.0	0.3333333333333333	0.0	0.0	0.1111111111111111	0.0	0.0	0.0	0.0	0.0	0.0	0.0	0.0	0.2	0.0	0.0	0.0	0.0	0.0	0.0	0.0	0.4	0.0	0.0	0.4	0.0	0.0	0.0	0.0	0.18181818181818182	0.0	0.0	0.0	0.09090909090909091	0.0	0.0	0.0	0.0	0.0	0.09090909090909091	0.18181818181818182	0.0	0.2727272727272727	0.09090909090909091	0.0	0.09090909090909091
4dke	I	GLGKGSKRGAMDY	SPYYYY	GFTFSST	0.3142857142857143	0.0	7.857142857142856	121.98142857142857	-1.2666666666666666	0.0	7.0	157.49666666666667	-0.9230769230769232	0.1538461538461538	8.938461538461539	119.67	0.0	0.0	0.0	0.0	0.0	0.0	0.0	1.0	0.0	0.0	0.0	0.0	0.0	2.0	0.0	2.0	2.0	0.0	0.0	0.0	0.0	0.0	0.0	0.0	0.0	0.0	0.0	0.0	0.0	0.0	0.0	0.0	0.0	0.0	1.0	1.0	0.0	0.0	4.0	0.0	1.0	1.0	0.0	1.0	0.0	0.0	0.0	4.0	0.0	0.0	1.0	2.0	1.0	0.0	0.0	1.0	0.0	0.0	1.0	0.0	7.0	6.0	13.0	human	0.0	0.0	0.0	0.0	0.0	0.0	0.0	0.14285714285714285	0.0	0.0	0.0	0.0	0.0	0.2857142857142857	0.0	0.2857142857142857	0.2857142857142857	0.0	0.0	0.0	0.0	0.0	0.0	0.0	0.0	0.0	0.0	0.0	0.0	0.0	0.0	0.0	0.0	0.0	0.16666666666666666	0.16666666666666666	0.0	0.0	0.6666666666666666	0.0	0.07692307692307693	0.07692307692307693	0.0	0.07692307692307693	0.0	0.0	0.0	0.3076923076923077	0.0	0.0	0.07692307692307693	0.15384615384615385	0.07692307692307693	0.0	0.0	0.07692307692307693	0.0	0.0	0.07692307692307693	0.0
3mxw	H	DWERGDFFDY	RPYSGE	GYTFIDE	-0.3000000000000001	-0.2857142857142857	8.5	135.99571428571429	-2.0166666666666666	0.0	9.2	132.96833333333333	-1.55	-0.3	9.28	151.15	0.0	0.0	0.0	1.0	0.0	0.0	1.0	1.0	0.0	1.0	0.0	0.0	0.0	1.0	0.0	0.0	1.0	0.0	1.0	0.0	0.0	1.0	0.0	0.0	0.0	0.0	1.0	1.0	0.0	0.0	0.0	0.0	0.0	0.0	1.0	1.0	0.0	0.0	1.0	0.0	0.0	1.0	0.0	3.0	0.0	0.0	1.0	1.0	0.0	0.0	0.0	0.0	0.0	2.0	0.0	0.0	0.0	1.0	1.0	0.0	7.0	6.0	10.0	human	0.0	0.0	0.0	0.14285714285714285	0.0	0.0	0.14285714285714285	0.14285714285714285	0.0	0.14285714285714285	0.0	0.0	0.0	0.14285714285714285	0.0	0.0	0.14285714285714285	0.0	0.14285714285714285	0.0	0.0	0.16666666666666666	0.0	0.0	0.0	0.0	0.16666666666666666	0.16666666666666666	0.0	0.0	0.0	0.0	0.0	0.0	0.16666666666666666	0.16666666666666666	0.0	0.0	0.16666666666666666	0.0	0.0	0.1	0.0	0.3	0.0	0.0	0.1	0.1	0.0	0.0	0.0	0.0	0.0	0.2	0.0	0.0	0.0	0.1	0.1	0.0
7e9b	H	YYYGIDF	SGGGSN	GFTFSNY	-0.1571428571428571	0.0	7.857142857142857	134.71	-1.05	0.0	9.500000000000002	94.585	-0.0714285714285715	-0.1428571428571428	7.2857142857142865	149.72857142857143	0.0	0.0	1.0	0.0	0.0	0.0	0.0	1.0	0.0	0.0	0.0	0.0	0.0	2.0	0.0	1.0	1.0	0.0	1.0	0.0	0.0	0.0	1.0	0.0	0.0	0.0	0.0	3.0	0.0	0.0	0.0	0.0	0.0	0.0	0.0	2.0	0.0	0.0	0.0	0.0	0.0	0.0	0.0	1.0	0.0	0.0	0.0	1.0	0.0	1.0	0.0	0.0	0.0	1.0	0.0	0.0	0.0	0.0	3.0	0.0	7.0	6.0	7.0	human	0.0	0.0	0.14285714285714285	0.0	0.0	0.0	0.0	0.14285714285714285	0.0	0.0	0.0	0.0	0.0	0.2857142857142857	0.0	0.14285714285714285	0.14285714285714285	0.0	0.14285714285714285	0.0	0.0	0.0	0.16666666666666666	0.0	0.0	0.0	0.0	0.5	0.0	0.0	0.0	0.0	0.0	0.0	0.0	0.3333333333333333	0.0	0.0	0.0	0.0	0.0	0.0	0.0	0.14285714285714285	0.0	0.0	0.0	0.14285714285714285	0.0	0.14285714285714285	0.0	0.0	0.0	0.14285714285714285	0.0	0.0	0.0	0.0	0.42857142857142855	0.0
6ban	B	GYSTYYGDFNI	NSGGS	GSDINDY	-1.2142857142857142	-0.2857142857142857	9.6	127.26285714285711	-1.1800000000000002	0.0	9.6	98.488	-0.5363636363636363	-0.0909090909090909	8.127272727272727	134.5	0.0	0.0	1.0	2.0	0.0	0.0	0.0	1.0	0.0	1.0	0.0	0.0	0.0	0.0	0.0	1.0	0.0	0.0	1.0	0.0	0.0	0.0	1.0	0.0	0.0	0.0	0.0	2.0	0.0	0.0	0.0	0.0	0.0	0.0	0.0	2.0	0.0	0.0	0.0	0.0	0.0	0.0	1.0	1.0	0.0	0.0	0.0	2.0	0.0	1.0	0.0	0.0	0.0	1.0	0.0	1.0	1.0	0.0	3.0	0.0	7.0	5.0	11.0	human	0.0	0.0	0.14285714285714285	0.2857142857142857	0.0	0.0	0.0	0.14285714285714285	0.0	0.14285714285714285	0.0	0.0	0.0	0.0	0.0	0.14285714285714285	0.0	0.0	0.14285714285714285	0.0	0.0	0.0	0.2	0.0	0.0	0.0	0.0	0.4	0.0	0.0	0.0	0.0	0.0	0.0	0.0	0.4	0.0	0.0	0.0	0.0	0.0	0.0	0.09090909090909091	0.09090909090909091	0.0	0.0	0.0	0.18181818181818182	0.0	0.09090909090909091	0.0	0.0	0.0	0.09090909090909091	0.0	0.09090909090909091	0.09090909090909091	0.0	0.2727272727272727	0.0
2h9g	H	RLALVRMWMDY	YPHDGN	GFSIGKS	0.1428571428571427	0.1428571428571428	8.299999999999999	114.69571428571427	-2.2500000000000004	0.0	9.7	131.96166666666667	0.2454545454545454	0.0909090909090909	7.345454545454545	148.5381818181818	0.0	0.0	0.0	0.0	0.0	0.0	0.0	2.0	0.0	1.0	0.0	1.0	0.0	1.0	0.0	2.0	0.0	0.0	0.0	0.0	0.0	0.0	1.0	1.0	0.0	0.0	0.0	1.0	1.0	0.0	0.0	0.0	0.0	0.0	1.0	0.0	0.0	0.0	1.0	0.0	1.0	2.0	0.0	1.0	0.0	0.0	0.0	0.0	0.0	0.0	2.0	0.0	2.0	0.0	0.0	0.0	0.0	1.0	1.0	1.0	7.0	6.0	11.0	human	0.0	0.0	0.0	0.0	0.0	0.0	0.0	0.2857142857142857	0.0	0.14285714285714285	0.0	0.14285714285714285	0.0	0.14285714285714285	0.0	0.2857142857142857	0.0	0.0	0.0	0.0	0.0	0.0	0.16666666666666666	0.16666666666666666	0.0	0.0	0.0	0.16666666666666666	0.16666666666666666	0.0	0.0	0.0	0.0	0.0	0.16666666666666666	0.0	0.0	0.0	0.16666666666666666	0.0	0.09090909090909091	0.18181818181818182	0.0	0.09090909090909091	0.0	0.0	0.0	0.0	0.0	0.0	0.18181818181818182	0.0	0.18181818181818182	0.0	0.0	0.0	0.0	0.09090909090909091	0.09090909090909091	0.09090909090909091
6mi2	D	GYGIFDY	YPGDSY	GYSFSTY	-0.3571428571428571	0.0	7.6571428571428575	133.1342857142857	-1.4833333333333334	-0.1666666666666666	8.600000000000001	131.795	0.057142857142857	-0.1428571428571428	7.685714285714286	134.56857142857143	0.0	0.0	0.0	0.0	0.0	0.0	0.0	1.0	0.0	0.0	0.0	0.0	0.0	1.0	0.0	2.0	1.0	0.0	2.0	0.0	0.0	0.0	0.0	1.0	0.0	0.0	0.0	1.0	0.0	0.0	0.0	0.0	0.0	0.0	1.0	1.0	0.0	0.0	2.0	0.0	0.0	0.0	0.0	1.0	0.0	0.0	0.0	2.0	0.0	1.0	0.0	0.0	0.0	1.0	0.0	0.0	0.0	0.0	2.0	0.0	7.0	6.0	7.0	human	0.0	0.0	0.0	0.0	0.0	0.0	0.0	0.14285714285714285	0.0	0.0	0.0	0.0	0.0	0.14285714285714285	0.0	0.2857142857142857	0.14285714285714285	0.0	0.2857142857142857	0.0	0.0	0.0	0.0	0.16666666666666666	0.0	0.0	0.0	0.16666666666666666	0.0	0.0	0.0	0.0	0.0	0.0	0.16666666666666666	0.16666666666666666	0.0	0.0	0.3333333333333333	0.0	0.0	0.0	0.0	0.14285714285714285	0.0	0.0	0.0	0.2857142857142857	0.0	0.14285714285714285	0.0	0.0	0.0	0.14285714285714285	0.0	0.0	0.0	0.0	0.2857142857142857	0.0
2fjg	H	FVFFLPYAMDY	TPAGGY	GFTISDY	0.0857142857142857	-0.1428571428571428	8.057142857142857	129.99	-0.4333333333333333	0.0	8.15	109.11166666666668	1.1272727272727274	-0.0909090909090909	6.690909090909091	144.79999999999998	0.0	0.0	0.0	1.0	0.0	0.0	0.0	1.0	0.0	1.0	0.0	0.0	0.0	1.0	0.0	1.0	1.0	0.0	1.0	0.0	1.0	0.0	0.0	0.0	0.0	0.0	0.0	2.0	0.0	0.0	0.0	0.0	0.0	0.0	1.0	0.0	1.0	0.0	1.0	0.0	1.0	0.0	0.0	1.0	0.0	0.0	0.0	0.0	0.0	0.0	1.0	0.0	1.0	3.0	1.0	0.0	0.0	0.0	2.0	1.0	7.0	6.0	11.0	human	0.0	0.0	0.0	0.14285714285714285	0.0	0.0	0.0	0.14285714285714285	0.0	0.14285714285714285	0.0	0.0	0.0	0.14285714285714285	0.0	0.14285714285714285	0.14285714285714285	0.0	0.14285714285714285	0.0	0.16666666666666666	0.0	0.0	0.0	0.0	0.0	0.0	0.3333333333333333	0.0	0.0	0.0	0.0	0.0	0.0	0.16666666666666666	0.0	0.16666666666666666	0.0	0.16666666666666666	0.0	0.09090909090909091	0.0	0.0	0.09090909090909091	0.0	0.0	0.0	0.0	0.0	0.0	0.09090909090909091	0.0	0.09090909090909091	0.2727272727272727	0.09090909090909091	0.0	0.0	0.0	0.18181818181818182	0.09090909090909091
5x8m	B	EGGWFGELAFDY	KQDGSE	GFTFSRY	-0.2999999999999999	0.1428571428571428	7.7	140.72142857142856	-2.6	-0.1666666666666666	10.883333333333333	125.455	-0.2250000000000001	-0.25	8.3	132.38583333333332	0.0	1.0	0.0	0.0	0.0	0.0	0.0	1.0	0.0	0.0	0.0	0.0	0.0	2.0	0.0	1.0	1.0	0.0	1.0	0.0	0.0	0.0	0.0	1.0	0.0	1.0	1.0	1.0	0.0	0.0	0.0	1.0	0.0	0.0	0.0	1.0	0.0	0.0	0.0	0.0	1.0	0.0	0.0	1.0	0.0	0.0	2.0	3.0	0.0	0.0	1.0	0.0	0.0	2.0	0.0	0.0	0.0	1.0	1.0	0.0	7.0	6.0	12.0	human	0.0	0.14285714285714285	0.0	0.0	0.0	0.0	0.0	0.14285714285714285	0.0	0.0	0.0	0.0	0.0	0.2857142857142857	0.0	0.14285714285714285	0.14285714285714285	0.0	0.14285714285714285	0.0	0.0	0.0	0.0	0.16666666666666666	0.0	0.16666666666666666	0.16666666666666666	0.16666666666666666	0.0	0.0	0.0	0.16666666666666666	0.0	0.0	0.0	0.16666666666666666	0.0	0.0	0.0	0.0	0.08333333333333333	0.0	0.0	0.08333333333333333	0.0	0.0	0.16666666666666666	0.25	0.0	0.0	0.08333333333333333	0.0	0.0	0.16666666666666666	0.0	0.0	0.0	0.08333333333333333	0.08333333333333333	0.0
5xxy	H	RHWPGGFDY	SPYGGS	GFTFSDS	-0.0857142857142857	-0.1428571428571428	8.485714285714284	123.97857142857144	-0.8833333333333334	0.0	8.433333333333332	109.44	-1.4444444444444444	0.1111111111111111	8.522222222222222	142.03777777777776	0.0	0.0	0.0	1.0	0.0	0.0	0.0	1.0	0.0	0.0	0.0	0.0	0.0	2.0	0.0	2.0	1.0	0.0	0.0	0.0	0.0	0.0	0.0	0.0	0.0	0.0	0.0	2.0	0.0	0.0	0.0	0.0	0.0	0.0	1.0	2.0	0.0	0.0	1.0	0.0	0.0	1.0	0.0	1.0	0.0	0.0	0.0	2.0	1.0	0.0	0.0	0.0	0.0	1.0	1.0	0.0	0.0	1.0	1.0	0.0	7.0	6.0	9.0	human	0.0	0.0	0.0	0.14285714285714285	0.0	0.0	0.0	0.14285714285714285	0.0	0.0	0.0	0.0	0.0	0.2857142857142857	0.0	0.2857142857142857	0.14285714285714285	0.0	0.0	0.0	0.0	0.0	0.0	0.0	0.0	0.0	0.0	0.3333333333333333	0.0	0.0	0.0	0.0	0.0	0.0	0.16666666666666666	0.3333333333333333	0.0	0.0	0.16666666666666666	0.0	0.0	0.1111111111111111	0.0	0.1111111111111111	0.0	0.0	0.0	0.2222222222222222	0.1111111111111111	0.0	0.0	0.0	0.0	0.1111111111111111	0.1111111111111111	0.0	0.0	0.1111111111111111	0.1111111111111111	0.0
4j4p	H	DGEISYDYYYYGMDV	YYRSKWY	GDSVSSNSA	-0.5111111111111111	-0.1111111111111111	9.377777777777776	107.43222222222224	-2.0	0.2857142857142857	7.857142857142856	167.61142857142858	-0.7666666666666669	-0.2666666666666666	8.420000000000002	140.34266666666664	1.0	0.0	1.0	1.0	0.0	0.0	0.0	1.0	0.0	0.0	0.0	0.0	0.0	0.0	0.0	4.0	0.0	0.0	0.0	1.0	0.0	1.0	0.0	0.0	0.0	0.0	0.0	0.0	0.0	0.0	0.0	1.0	0.0	0.0	0.0	1.0	0.0	1.0	3.0	0.0	0.0	0.0	0.0	3.0	0.0	0.0	1.0	2.0	0.0	1.0	0.0	0.0	1.0	0.0	0.0	1.0	0.0	0.0	5.0	1.0	9.0	7.0	15.0	human	0.1111111111111111	0.0	0.1111111111111111	0.1111111111111111	0.0	0.0	0.0	0.1111111111111111	0.0	0.0	0.0	0.0	0.0	0.0	0.0	0.4444444444444444	0.0	0.0	0.0	0.1111111111111111	0.0	0.14285714285714285	0.0	0.0	0.0	0.0	0.0	0.0	0.0	0.0	0.0	0.14285714285714285	0.0	0.0	0.0	0.14285714285714285	0.0	0.14285714285714285	0.42857142857142855	0.0	0.0	0.0	0.0	0.2	0.0	0.0	0.06666666666666667	0.13333333333333333	0.0	0.06666666666666667	0.0	0.0	0.06666666666666667	0.0	0.0	0.06666666666666667	0.0	0.0	0.3333333333333333	0.06666666666666667
6wmw	H	RYGPEDIDY	NTYTGE	GYTFTDY	-0.7285714285714286	-0.1428571428571428	8.114285714285714	139.14	-1.6833333333333336	-0.1666666666666666	9.383333333333333	128.95833333333331	-1.677777777777778	-0.2222222222222222	9.266666666666667	141.25333333333333	0.0	0.0	0.0	1.0	0.0	0.0	0.0	1.0	0.0	0.0	0.0	0.0	0.0	1.0	0.0	0.0	2.0	0.0	2.0	0.0	0.0	0.0	1.0	0.0	0.0	0.0	1.0	1.0	0.0	0.0	0.0	0.0	0.0	0.0	0.0	0.0	2.0	0.0	1.0	0.0	0.0	1.0	0.0	2.0	0.0	0.0	1.0	1.0	0.0	1.0	0.0	0.0	0.0	0.0	1.0	0.0	0.0	0.0	2.0	0.0	7.0	6.0	9.0	human	0.0	0.0	0.0	0.14285714285714285	0.0	0.0	0.0	0.14285714285714285	0.0	0.0	0.0	0.0	0.0	0.14285714285714285	0.0	0.0	0.2857142857142857	0.0	0.2857142857142857	0.0	0.0	0.0	0.16666666666666666	0.0	0.0	0.0	0.16666666666666666	0.16666666666666666	0.0	0.0	0.0	0.0	0.0	0.0	0.0	0.0	0.3333333333333333	0.0	0.16666666666666666	0.0	0.0	0.1111111111111111	0.0	0.2222222222222222	0.0	0.0	0.1111111111111111	0.1111111111111111	0.0	0.1111111111111111	0.0	0.0	0.0	0.0	0.1111111111111111	0.0	0.0	0.0	0.2222222222222222	0.0
7lfa	H	ENLYGYYFDY	YPGDGD	GYTFTSH	-0.6142857142857144	0.1428571428571428	8.17142857142857	131.42	-1.7833333333333334	-0.3333333333333333	9.7	118.77666666666666	-0.95	-0.2	8.080000000000002	150.85399999999998	0.0	0.0	0.0	0.0	0.0	0.0	0.0	1.0	1.0	0.0	0.0	0.0	0.0	1.0	0.0	1.0	2.0	0.0	1.0	0.0	0.0	0.0	0.0	2.0	0.0	0.0	0.0	2.0	0.0	0.0	0.0	0.0	0.0	0.0	1.0	0.0	0.0	0.0	1.0	0.0	0.0	0.0	1.0	1.0	0.0	0.0	1.0	1.0	0.0	0.0	1.0	0.0	0.0	1.0	0.0	0.0	0.0	0.0	4.0	0.0	7.0	6.0	10.0	human	0.0	0.0	0.0	0.0	0.0	0.0	0.0	0.14285714285714285	0.14285714285714285	0.0	0.0	0.0	0.0	0.14285714285714285	0.0	0.14285714285714285	0.2857142857142857	0.0	0.14285714285714285	0.0	0.0	0.0	0.0	0.3333333333333333	0.0	0.0	0.0	0.3333333333333333	0.0	0.0	0.0	0.0	0.0	0.0	0.16666666666666666	0.0	0.0	0.0	0.16666666666666666	0.0	0.0	0.0	0.1	0.1	0.0	0.0	0.1	0.1	0.0	0.0	0.1	0.0	0.0	0.1	0.0	0.0	0.0	0.0	0.4	0.0
6umg	H	DRLNYYDSSGYYHYKYYGMAV	SFDGS	GFTFSSF	0.8142857142857143	0.0	7.371428571428571	128.56285714285715	-0.54	-0.2	9.12	116.708	-1.042857142857143	0.0476190476190476	8.295238095238094	142.34	0.0	0.0	0.0	0.0	0.0	0.0	0.0	1.0	0.0	0.0	0.0	0.0	0.0	3.0	0.0	2.0	1.0	0.0	0.0	0.0	0.0	0.0	0.0	1.0	0.0	0.0	0.0	1.0	0.0	0.0	0.0	0.0	0.0	1.0	0.0	2.0	0.0	0.0	0.0	0.0	1.0	1.0	1.0	2.0	0.0	0.0	0.0	2.0	1.0	0.0	1.0	1.0	1.0	0.0	0.0	2.0	0.0	0.0	7.0	1.0	7.0	5.0	21.0	human	0.0	0.0	0.0	0.0	0.0	0.0	0.0	0.14285714285714285	0.0	0.0	0.0	0.0	0.0	0.42857142857142855	0.0	0.2857142857142857	0.14285714285714285	0.0	0.0	0.0	0.0	0.0	0.0	0.2	0.0	0.0	0.0	0.2	0.0	0.0	0.0	0.0	0.0	0.2	0.0	0.4	0.0	0.0	0.0	0.0	0.047619047619047616	0.047619047619047616	0.047619047619047616	0.09523809523809523	0.0	0.0	0.0	0.09523809523809523	0.047619047619047616	0.0	0.047619047619047616	0.047619047619047616	0.047619047619047616	0.0	0.0	0.09523809523809523	0.0	0.0	0.3333333333333333	0.047619047619047616
5veb	H	QWGSYAFDS	SGSGSN	GFTFSSH	-0.0428571428571428	0.1428571428571428	8.114285714285712	127.13	-1.1166666666666667	0.0	9.533333333333331	99.58833333333332	-0.7333333333333334	-0.1111111111111111	8.422222222222222	133.79999999999998	0.0	0.0	0.0	0.0	0.0	0.0	0.0	1.0	1.0	0.0	0.0	0.0	0.0	2.0	0.0	2.0	1.0	0.0	0.0	0.0	0.0	0.0	1.0	0.0	0.0	0.0	0.0	2.0	0.0	0.0	0.0	0.0	0.0	0.0	0.0	3.0	0.0	0.0	0.0	0.0	1.0	0.0	0.0	1.0	0.0	1.0	0.0	1.0	0.0	0.0	0.0	0.0	0.0	1.0	0.0	2.0	0.0	1.0	1.0	0.0	7.0	6.0	9.0	human	0.0	0.0	0.0	0.0	0.0	0.0	0.0	0.14285714285714285	0.14285714285714285	0.0	0.0	0.0	0.0	0.2857142857142857	0.0	0.2857142857142857	0.14285714285714285	0.0	0.0	0.0	0.0	0.0	0.16666666666666666	0.0	0.0	0.0	0.0	0.3333333333333333	0.0	0.0	0.0	0.0	0.0	0.0	0.0	0.5	0.0	0.0	0.0	0.0	0.1111111111111111	0.0	0.0	0.1111111111111111	0.0	0.1111111111111111	0.0	0.1111111111111111	0.0	0.0	0.0	0.0	0.0	0.1111111111111111	0.0	0.2222222222222222	0.0	0.1111111111111111	0.1111111111111111	0.0
3thm	H	RQLLDDGTGYQWAAFDV	AYRGNSNSGS	GASISANSY	0.0555555555555555	0.0	8.422222222222224	112.55555555555556	-1.4200000000000004	0.1	9.36	117.41299999999998	-0.4411764705882352	-0.1176470588235294	8.576470588235294	131.96117647058824	2.0	0.0	1.0	0.0	0.0	0.0	0.0	1.0	0.0	1.0	0.0	0.0	0.0	0.0	0.0	3.0	0.0	0.0	1.0	0.0	1.0	1.0	2.0	0.0	0.0	0.0	0.0	2.0	0.0	0.0	0.0	0.0	0.0	0.0	0.0	3.0	0.0	0.0	1.0	0.0	2.0	1.0	0.0	3.0	0.0	2.0	0.0	2.0	0.0	0.0	2.0	0.0	0.0	1.0	0.0	0.0	1.0	1.0	1.0	1.0	9.0	10.0	17.0	human	0.2222222222222222	0.0	0.1111111111111111	0.0	0.0	0.0	0.0	0.1111111111111111	0.0	0.1111111111111111	0.0	0.0	0.0	0.0	0.0	0.3333333333333333	0.0	0.0	0.1111111111111111	0.0	0.1	0.1	0.2	0.0	0.0	0.0	0.0	0.2	0.0	0.0	0.0	0.0	0.0	0.0	0.0	0.3	0.0	0.0	0.1	0.0	0.11764705882352941	0.058823529411764705	0.0	0.17647058823529413	0.0	0.11764705882352941	0.0	0.11764705882352941	0.0	0.0	0.11764705882352941	0.0	0.0	0.058823529411764705	0.0	0.0	0.058823529411764705	0.058823529411764705	0.058823529411764705	0.058823529411764705
5occ	H	SVGAYANDAFDI	SGSGGN	GFTLSSY	0.3714285714285715	0.0	7.471428571428571	125.98857142857145	-1.05	0.0	9.5	94.585	0.325	-0.1666666666666666	8.55	120.0375	0.0	0.0	0.0	0.0	0.0	0.0	0.0	1.0	0.0	0.0	1.0	0.0	0.0	1.0	0.0	2.0	1.0	0.0	1.0	0.0	0.0	0.0	1.0	0.0	0.0	0.0	0.0	3.0	0.0	0.0	0.0	0.0	0.0	0.0	0.0	2.0	0.0	0.0	0.0	0.0	3.0	0.0	1.0	2.0	0.0	0.0	0.0	1.0	0.0	1.0	0.0	0.0	0.0	1.0	0.0	1.0	0.0	0.0	1.0	1.0	7.0	6.0	12.0	human	0.0	0.0	0.0	0.0	0.0	0.0	0.0	0.14285714285714285	0.0	0.0	0.14285714285714285	0.0	0.0	0.14285714285714285	0.0	0.2857142857142857	0.14285714285714285	0.0	0.14285714285714285	0.0	0.0	0.0	0.16666666666666666	0.0	0.0	0.0	0.0	0.5	0.0	0.0	0.0	0.0	0.0	0.0	0.0	0.3333333333333333	0.0	0.0	0.0	0.0	0.25	0.0	0.08333333333333333	0.16666666666666666	0.0	0.0	0.0	0.08333333333333333	0.0	0.08333333333333333	0.0	0.0	0.0	0.08333333333333333	0.0	0.08333333333333333	0.0	0.0	0.08333333333333333	0.08333333333333333
7shz	E	GSHYFGHWHFAV	KYSGE	GYSITSGY	-0.15	0.0	7.824999999999999	121.62375	-1.98	0.0	9.6	130.93400000000003	-0.1500000000000001	0.25	7.866666666666668	136.89583333333334	0.0	0.0	0.0	0.0	0.0	0.0	0.0	2.0	0.0	1.0	0.0	0.0	0.0	0.0	0.0	2.0	1.0	0.0	2.0	0.0	0.0	0.0	0.0	0.0	0.0	0.0	1.0	1.0	0.0	0.0	0.0	1.0	0.0	0.0	0.0	1.0	0.0	0.0	1.0	0.0	1.0	0.0	0.0	0.0	0.0	0.0	0.0	2.0	3.0	0.0	0.0	0.0	0.0	2.0	0.0	1.0	0.0	1.0	1.0	1.0	8.0	5.0	12.0	human	0.0	0.0	0.0	0.0	0.0	0.0	0.0	0.25	0.0	0.125	0.0	0.0	0.0	0.0	0.0	0.25	0.125	0.0	0.25	0.0	0.0	0.0	0.0	0.0	0.0	0.0	0.2	0.2	0.0	0.0	0.0	0.2	0.0	0.0	0.0	0.2	0.0	0.0	0.2	0.0	0.08333333333333333	0.0	0.0	0.0	0.0	0.0	0.0	0.16666666666666666	0.25	0.0	0.0	0.0	0.0	0.16666666666666666	0.0	0.08333333333333333	0.0	0.08333333333333333	0.08333333333333333	0.08333333333333333
2j6e	I	LGPDDYTLDGMDV	YYSGN	GGSISRGSH	-0.7555555555555556	0.2222222222222222	8.966666666666667	111.22333333333331	-1.4600000000000002	0.0	8.440000000000001	134.932	-0.3615384615384615	-0.3076923076923077	8.784615384615385	125.12923076923076	0.0	1.0	0.0	0.0	0.0	0.0	0.0	3.0	1.0	1.0	0.0	0.0	0.0	0.0	0.0	3.0	0.0	0.0	0.0	0.0	0.0	0.0	1.0	0.0	0.0	0.0	0.0	1.0	0.0	0.0	0.0	0.0	0.0	0.0	0.0	1.0	0.0	0.0	2.0	0.0	0.0	0.0	0.0	4.0	0.0	0.0	0.0	2.0	0.0	0.0	2.0	0.0	1.0	0.0	1.0	0.0	1.0	0.0	1.0	1.0	9.0	5.0	13.0	human	0.0	0.1111111111111111	0.0	0.0	0.0	0.0	0.0	0.3333333333333333	0.1111111111111111	0.1111111111111111	0.0	0.0	0.0	0.0	0.0	0.3333333333333333	0.0	0.0	0.0	0.0	0.0	0.0	0.2	0.0	0.0	0.0	0.0	0.2	0.0	0.0	0.0	0.0	0.0	0.0	0.0	0.2	0.0	0.0	0.4	0.0	0.0	0.0	0.0	0.3076923076923077	0.0	0.0	0.0	0.15384615384615385	0.0	0.0	0.15384615384615385	0.0	0.07692307692307693	0.0	0.07692307692307693	0.0	0.07692307692307693	0.0	0.07692307692307693	0.07692307692307693
7dha	C	DKILWFGEPVFDY	SGSGGG	GFTFNSF	0.4285714285714285	0.0	7.714285714285714	132.42428571428573	-0.5333333333333333	0.0	9.066666666666666	85.07666666666667	-0.0384615384615385	-0.1538461538461538	8.046153846153846	141.92384615384617	0.0	0.0	1.0	0.0	0.0	0.0	0.0	1.0	0.0	0.0	0.0	0.0	0.0	3.0	0.0	1.0	1.0	0.0	0.0	0.0	0.0	0.0	0.0	0.0	0.0	0.0	0.0	4.0	0.0	0.0	0.0	0.0	0.0	0.0	0.0	2.0	0.0	0.0	0.0	0.0	0.0	0.0	0.0	2.0	0.0	0.0	1.0	1.0	0.0	1.0	1.0	1.0	0.0	2.0	1.0	0.0	0.0	1.0	1.0	1.0	7.0	6.0	13.0	human	0.0	0.0	0.14285714285714285	0.0	0.0	0.0	0.0	0.14285714285714285	0.0	0.0	0.0	0.0	0.0	0.42857142857142855	0.0	0.14285714285714285	0.14285714285714285	0.0	0.0	0.0	0.0	0.0	0.0	0.0	0.0	0.0	0.0	0.6666666666666666	0.0	0.0	0.0	0.0	0.0	0.0	0.0	0.3333333333333333	0.0	0.0	0.0	0.0	0.0	0.0	0.0	0.15384615384615385	0.0	0.0	0.07692307692307693	0.07692307692307693	0.0	0.07692307692307693	0.07692307692307693	0.07692307692307693	0.0	0.15384615384615385	0.07692307692307693	0.0	0.0	0.07692307692307693	0.07692307692307693	0.07692307692307693
4hcr	M	EGSSSSGDYYYGMDV	SVYSGN	GYTFTSY	-0.3428571428571429	0.0	7.571428571428571	135.13857142857142	-0.4333333333333333	0.0	8.516666666666667	119.28499999999998	-0.8466666666666669	-0.2	8.82	124.58866666666668	0.0	0.0	0.0	0.0	0.0	0.0	0.0	1.0	0.0	0.0	0.0	0.0	0.0	1.0	0.0	1.0	2.0	0.0	2.0	0.0	0.0	0.0	1.0	0.0	0.0	0.0	0.0	1.0	0.0	0.0	0.0	0.0	0.0	0.0	0.0	2.0	0.0	0.0	1.0	1.0	0.0	0.0	0.0	2.0	0.0	0.0	1.0	3.0	0.0	0.0	0.0	0.0	1.0	0.0	0.0	4.0	0.0	0.0	3.0	1.0	7.0	6.0	15.0	human	0.0	0.0	0.0	0.0	0.0	0.0	0.0	0.14285714285714285	0.0	0.0	0.0	0.0	0.0	0.14285714285714285	0.0	0.14285714285714285	0.2857142857142857	0.0	0.2857142857142857	0.0	0.0	0.0	0.16666666666666666	0.0	0.0	0.0	0.0	0.16666666666666666	0.0	0.0	0.0	0.0	0.0	0.0	0.0	0.3333333333333333	0.0	0.0	0.16666666666666666	0.16666666666666666	0.0	0.0	0.0	0.13333333333333333	0.0	0.0	0.06666666666666667	0.2	0.0	0.0	0.0	0.0	0.06666666666666667	0.0	0.0	0.26666666666666666	0.0	0.0	0.2	0.06666666666666667
3l5x	H	MGSDYDVWFDY	WWDDV	GFSLSTYGM	0.4555555555555555	0.0	7.444444444444445	122.91111111111113	-0.9200000000000002	-0.4	8.54	158.362	-0.5727272727272728	-0.2727272727272727	8.345454545454546	143.42000000000002	0.0	0.0	0.0	0.0	0.0	0.0	0.0	2.0	0.0	0.0	1.0	0.0	1.0	1.0	0.0	2.0	1.0	0.0	1.0	0.0	0.0	0.0	0.0	2.0	0.0	0.0	0.0	0.0	0.0	0.0	0.0	0.0	0.0	0.0	0.0	0.0	0.0	2.0	0.0	1.0	0.0	0.0	0.0	3.0	0.0	0.0	0.0	1.0	0.0	0.0	0.0	0.0	1.0	1.0	0.0	1.0	0.0	1.0	2.0	1.0	9.0	5.0	11.0	human	0.0	0.0	0.0	0.0	0.0	0.0	0.0	0.2222222222222222	0.0	0.0	0.1111111111111111	0.0	0.1111111111111111	0.1111111111111111	0.0	0.2222222222222222	0.1111111111111111	0.0	0.1111111111111111	0.0	0.0	0.0	0.0	0.4	0.0	0.0	0.0	0.0	0.0	0.0	0.0	0.0	0.0	0.0	0.0	0.0	0.0	0.4	0.0	0.2	0.0	0.0	0.0	0.2727272727272727	0.0	0.0	0.0	0.09090909090909091	0.0	0.0	0.0	0.0	0.09090909090909091	0.09090909090909091	0.0	0.09090909090909091	0.0	0.09090909090909091	0.18181818181818182	0.09090909090909091
6nha	H	STTVRPPGI	YPRSGN	GYTFTSY	-0.3428571428571429	0.0	7.571428571428571	135.13857142857142	-2.016666666666667	0.1666666666666666	9.083333333333334	130.46666666666667	-0.1777777777777777	0.1111111111111111	8.11111111111111	119.02	0.0	0.0	0.0	0.0	0.0	0.0	0.0	1.0	0.0	0.0	0.0	0.0	0.0	1.0	0.0	1.0	2.0	0.0	2.0	0.0	0.0	1.0	1.0	0.0	0.0	0.0	0.0	1.0	0.0	0.0	0.0	0.0	0.0	0.0	1.0	1.0	0.0	0.0	1.0	0.0	0.0	1.0	0.0	0.0	0.0	0.0	0.0	1.0	0.0	1.0	0.0	0.0	0.0	0.0	2.0	1.0	2.0	0.0	0.0	1.0	7.0	6.0	9.0	human	0.0	0.0	0.0	0.0	0.0	0.0	0.0	0.14285714285714285	0.0	0.0	0.0	0.0	0.0	0.14285714285714285	0.0	0.14285714285714285	0.2857142857142857	0.0	0.2857142857142857	0.0	0.0	0.16666666666666666	0.16666666666666666	0.0	0.0	0.0	0.0	0.16666666666666666	0.0	0.0	0.0	0.0	0.0	0.0	0.16666666666666666	0.16666666666666666	0.0	0.0	0.16666666666666666	0.0	0.0	0.1111111111111111	0.0	0.0	0.0	0.0	0.0	0.1111111111111111	0.0	0.1111111111111111	0.0	0.0	0.0	0.0	0.2222222222222222	0.1111111111111111	0.2222222222222222	0.0	0.0	0.1111111111111111
5tzu	H	SLAGNAMDY	TSGGTY	GFTFSGY	0.2857142857142857	0.0	7.485714285714286	126.56000000000002	-0.7166666666666667	0.0	8.433333333333334	112.44333333333331	-0.0222222222222222	-0.1111111111111111	8.422222222222222	120.57	0.0	0.0	0.0	0.0	0.0	0.0	0.0	2.0	0.0	0.0	0.0	0.0	0.0	2.0	0.0	1.0	1.0	0.0	1.0	0.0	0.0	0.0	0.0	0.0	0.0	0.0	0.0	2.0	0.0	0.0	0.0	0.0	0.0	0.0	0.0	1.0	2.0	0.0	1.0	0.0	2.0	0.0	1.0	1.0	0.0	0.0	0.0	1.0	0.0	0.0	1.0	0.0	1.0	0.0	0.0	1.0	0.0	0.0	1.0	0.0	7.0	6.0	9.0	human	0.0	0.0	0.0	0.0	0.0	0.0	0.0	0.2857142857142857	0.0	0.0	0.0	0.0	0.0	0.2857142857142857	0.0	0.14285714285714285	0.14285714285714285	0.0	0.14285714285714285	0.0	0.0	0.0	0.0	0.0	0.0	0.0	0.0	0.3333333333333333	0.0	0.0	0.0	0.0	0.0	0.0	0.0	0.16666666666666666	0.3333333333333333	0.0	0.16666666666666666	0.0	0.2222222222222222	0.0	0.1111111111111111	0.1111111111111111	0.0	0.0	0.0	0.1111111111111111	0.0	0.0	0.1111111111111111	0.0	0.1111111111111111	0.0	0.0	0.1111111111111111	0.0	0.0	0.1111111111111111	0.0
4zff	A	FVFFLPYAMDY	TPAGGY	GFTISDY	0.0857142857142857	-0.1428571428571428	8.057142857142857	129.99	-0.4333333333333333	0.0	8.15	109.11166666666668	1.1272727272727274	-0.0909090909090909	6.690909090909091	144.79999999999998	0.0	0.0	0.0	1.0	0.0	0.0	0.0	1.0	0.0	1.0	0.0	0.0	0.0	1.0	0.0	1.0	1.0	0.0	1.0	0.0	1.0	0.0	0.0	0.0	0.0	0.0	0.0	2.0	0.0	0.0	0.0	0.0	0.0	0.0	1.0	0.0	1.0	0.0	1.0	0.0	1.0	0.0	0.0	1.0	0.0	0.0	0.0	0.0	0.0	0.0	1.0	0.0	1.0	3.0	1.0	0.0	0.0	0.0	2.0	1.0	7.0	6.0	11.0	human	0.0	0.0	0.0	0.14285714285714285	0.0	0.0	0.0	0.14285714285714285	0.0	0.14285714285714285	0.0	0.0	0.0	0.14285714285714285	0.0	0.14285714285714285	0.14285714285714285	0.0	0.14285714285714285	0.0	0.16666666666666666	0.0	0.0	0.0	0.0	0.0	0.0	0.3333333333333333	0.0	0.0	0.0	0.0	0.0	0.0	0.16666666666666666	0.0	0.16666666666666666	0.0	0.16666666666666666	0.0	0.09090909090909091	0.0	0.0	0.09090909090909091	0.0	0.0	0.0	0.0	0.0	0.0	0.09090909090909091	0.0	0.09090909090909091	0.2727272727272727	0.09090909090909091	0.0	0.0	0.0	0.18181818181818182	0.09090909090909091
6fgb	H	GIVRPFLY	DSDGDN	GFTFSNY	-0.1571428571428571	0.0	7.857142857142857	134.71	-2.533333333333333	-0.5	11.466666666666669	118.59666666666664	0.9375	0.125	6.862500000000001	136.28375	0.0	0.0	1.0	0.0	0.0	0.0	0.0	1.0	0.0	0.0	0.0	0.0	0.0	2.0	0.0	1.0	1.0	0.0	1.0	0.0	0.0	0.0	1.0	3.0	0.0	0.0	0.0	1.0	0.0	0.0	0.0	0.0	0.0	0.0	0.0	1.0	0.0	0.0	0.0	0.0	0.0	1.0	0.0	0.0	0.0	0.0	0.0	1.0	0.0	1.0	1.0	0.0	0.0	1.0	1.0	0.0	0.0	0.0	1.0	1.0	7.0	6.0	8.0	human	0.0	0.0	0.14285714285714285	0.0	0.0	0.0	0.0	0.14285714285714285	0.0	0.0	0.0	0.0	0.0	0.2857142857142857	0.0	0.14285714285714285	0.14285714285714285	0.0	0.14285714285714285	0.0	0.0	0.0	0.16666666666666666	0.5	0.0	0.0	0.0	0.16666666666666666	0.0	0.0	0.0	0.0	0.0	0.0	0.0	0.16666666666666666	0.0	0.0	0.0	0.0	0.0	0.125	0.0	0.0	0.0	0.0	0.0	0.125	0.0	0.125	0.125	0.0	0.0	0.125	0.125	0.0	0.0	0.0	0.125	0.125
7vyt	B	RSGSGWFGALDY	NPSGGS	GYTFTSY	-0.3428571428571429	0.0	7.571428571428571	135.13857142857142	-1.25	0.0	9.333333333333334	101.26166666666668	-0.3833333333333334	0.0	8.225	126.13	0.0	0.0	0.0	0.0	0.0	0.0	0.0	1.0	0.0	0.0	0.0	0.0	0.0	1.0	0.0	1.0	2.0	0.0	2.0	0.0	0.0	0.0	1.0	0.0	0.0	0.0	0.0	2.0	0.0	0.0	0.0	0.0	0.0	0.0	1.0	2.0	0.0	0.0	0.0	0.0	1.0	1.0	0.0	1.0	0.0	0.0	0.0	3.0	0.0	0.0	1.0	0.0	0.0	1.0	0.0	2.0	0.0	1.0	1.0	0.0	7.0	6.0	12.0	human	0.0	0.0	0.0	0.0	0.0	0.0	0.0	0.14285714285714285	0.0	0.0	0.0	0.0	0.0	0.14285714285714285	0.0	0.14285714285714285	0.2857142857142857	0.0	0.2857142857142857	0.0	0.0	0.0	0.16666666666666666	0.0	0.0	0.0	0.0	0.3333333333333333	0.0	0.0	0.0	0.0	0.0	0.0	0.16666666666666666	0.3333333333333333	0.0	0.0	0.0	0.0	0.08333333333333333	0.08333333333333333	0.0	0.08333333333333333	0.0	0.0	0.0	0.25	0.0	0.0	0.08333333333333333	0.0	0.0	0.08333333333333333	0.0	0.16666666666666666	0.0	0.08333333333333333	0.08333333333333333	0.0
7lfb	H	LIYDGDYISSDF	NTNTGQ	GYAFTNY	-0.3714285714285715	0.0	7.8428571428571425	134.71	-2.0500000000000003	0.0	9.983333333333333	120.61666666666666	0.0416666666666667	-0.25	8.275	133.80249999999998	1.0	0.0	1.0	0.0	0.0	0.0	0.0	1.0	0.0	0.0	0.0	0.0	0.0	1.0	0.0	0.0	1.0	0.0	2.0	0.0	0.0	0.0	2.0	0.0	0.0	1.0	0.0	1.0	0.0	0.0	0.0	0.0	0.0	0.0	0.0	0.0	2.0	0.0	0.0	0.0	0.0	0.0	0.0	3.0	0.0	0.0	0.0	1.0	0.0	2.0	1.0	0.0	0.0	1.0	0.0	2.0	0.0	0.0	2.0	0.0	7.0	6.0	12.0	human	0.14285714285714285	0.0	0.14285714285714285	0.0	0.0	0.0	0.0	0.14285714285714285	0.0	0.0	0.0	0.0	0.0	0.14285714285714285	0.0	0.0	0.14285714285714285	0.0	0.2857142857142857	0.0	0.0	0.0	0.3333333333333333	0.0	0.0	0.16666666666666666	0.0	0.16666666666666666	0.0	0.0	0.0	0.0	0.0	0.0	0.0	0.0	0.3333333333333333	0.0	0.0	0.0	0.0	0.0	0.0	0.25	0.0	0.0	0.0	0.08333333333333333	0.0	0.16666666666666666	0.08333333333333333	0.0	0.0	0.08333333333333333	0.0	0.16666666666666666	0.0	0.0	0.16666666666666666	0.0
6o9h	A	GKYPTWIAY	SSGSST	GFTFSSF	0.8142857142857143	0.0	7.371428571428571	128.56285714285715	-0.7166666666666667	0.0	9.066666666666666	102.425	-0.4222222222222221	0.1111111111111111	7.555555555555555	138.04222222222222	0.0	0.0	0.0	0.0	0.0	0.0	0.0	1.0	0.0	0.0	0.0	0.0	0.0	3.0	0.0	2.0	1.0	0.0	0.0	0.0	0.0	0.0	0.0	0.0	0.0	0.0	0.0	1.0	0.0	0.0	0.0	0.0	0.0	0.0	0.0	4.0	1.0	0.0	0.0	0.0	1.0	0.0	0.0	0.0	0.0	0.0	0.0	1.0	0.0	1.0	0.0	1.0	0.0	0.0	1.0	0.0	1.0	1.0	2.0	0.0	7.0	6.0	9.0	human	0.0	0.0	0.0	0.0	0.0	0.0	0.0	0.14285714285714285	0.0	0.0	0.0	0.0	0.0	0.42857142857142855	0.0	0.2857142857142857	0.14285714285714285	0.0	0.0	0.0	0.0	0.0	0.0	0.0	0.0	0.0	0.0	0.16666666666666666	0.0	0.0	0.0	0.0	0.0	0.0	0.0	0.6666666666666666	0.16666666666666666	0.0	0.0	0.0	0.1111111111111111	0.0	0.0	0.0	0.0	0.0	0.0	0.1111111111111111	0.0	0.1111111111111111	0.0	0.1111111111111111	0.0	0.0	0.1111111111111111	0.0	0.1111111111111111	0.1111111111111111	0.2222222222222222	0.0
6ztr	H	GEGYGREGFAI	YYRSKWY	GDSVSSQSA	-0.5111111111111111	-0.1111111111111111	9.255555555555556	108.99111111111112	-2.0	0.2857142857142857	7.857142857142856	167.61142857142858	-0.4818181818181818	-0.0909090909090909	8.709090909090909	121.39818181818184	1.0	0.0	0.0	1.0	0.0	1.0	0.0	1.0	0.0	0.0	0.0	0.0	0.0	0.0	0.0	4.0	0.0	0.0	0.0	1.0	0.0	1.0	0.0	0.0	0.0	0.0	0.0	0.0	0.0	0.0	0.0	1.0	0.0	0.0	0.0	1.0	0.0	1.0	3.0	0.0	1.0	1.0	0.0	0.0	0.0	0.0	2.0	4.0	0.0	1.0	0.0	0.0	0.0	1.0	0.0	0.0	0.0	0.0	1.0	0.0	9.0	7.0	11.0	human	0.1111111111111111	0.0	0.0	0.1111111111111111	0.0	0.1111111111111111	0.0	0.1111111111111111	0.0	0.0	0.0	0.0	0.0	0.0	0.0	0.4444444444444444	0.0	0.0	0.0	0.1111111111111111	0.0	0.14285714285714285	0.0	0.0	0.0	0.0	0.0	0.0	0.0	0.0	0.0	0.14285714285714285	0.0	0.0	0.0	0.14285714285714285	0.0	0.14285714285714285	0.42857142857142855	0.0	0.09090909090909091	0.09090909090909091	0.0	0.0	0.0	0.0	0.18181818181818182	0.36363636363636365	0.0	0.09090909090909091	0.0	0.0	0.0	0.09090909090909091	0.0	0.0	0.0	0.0	0.09090909090909091	0.0
7bbg	H	SIELWWGGFDY	IPIFGT	GGTFSSY	-0.2285714285714286	0.0	8.057142857142859	117.9742857142857	1.5166666666666666	0.0	6.866666666666666	122.80833333333334	-0.0545454545454545	-0.1818181818181818	7.709090909090909	141.1490909090909	0.0	0.0	0.0	0.0	0.0	0.0	0.0	2.0	0.0	0.0	0.0	0.0	0.0	1.0	0.0	2.0	1.0	0.0	1.0	0.0	0.0	0.0	0.0	0.0	0.0	0.0	0.0	1.0	0.0	2.0	0.0	0.0	0.0	1.0	1.0	0.0	1.0	0.0	0.0	0.0	0.0	0.0	0.0	1.0	0.0	0.0	1.0	2.0	0.0	1.0	1.0	0.0	0.0	1.0	0.0	1.0	0.0	2.0	1.0	0.0	7.0	6.0	11.0	human	0.0	0.0	0.0	0.0	0.0	0.0	0.0	0.2857142857142857	0.0	0.0	0.0	0.0	0.0	0.14285714285714285	0.0	0.2857142857142857	0.14285714285714285	0.0	0.14285714285714285	0.0	0.0	0.0	0.0	0.0	0.0	0.0	0.0	0.16666666666666666	0.0	0.3333333333333333	0.0	0.0	0.0	0.16666666666666666	0.16666666666666666	0.0	0.16666666666666666	0.0	0.0	0.0	0.0	0.0	0.0	0.09090909090909091	0.0	0.0	0.09090909090909091	0.18181818181818182	0.0	0.09090909090909091	0.09090909090909091	0.0	0.0	0.09090909090909091	0.0	0.09090909090909091	0.0	0.18181818181818182	0.09090909090909091	0.0
5ob5	H	SGYDRTWFAH	YSGGGY	GYTFTNY	-0.7285714285714286	0.0	7.914285714285714	139.0	-0.7666666666666666	0.0	8.1	115.44666666666666	-1.07	0.1	8.559999999999999	140.144	0.0	0.0	1.0	0.0	0.0	0.0	0.0	1.0	0.0	0.0	0.0	0.0	0.0	1.0	0.0	0.0	2.0	0.0	2.0	0.0	0.0	0.0	0.0	0.0	0.0	0.0	0.0	3.0	0.0	0.0	0.0	0.0	0.0	0.0	0.0	1.0	0.0	0.0	2.0	0.0	1.0	1.0	0.0	1.0	0.0	0.0	0.0	1.0	1.0	0.0	0.0	0.0	0.0	1.0	0.0	1.0	1.0	1.0	1.0	0.0	7.0	6.0	10.0	human	0.0	0.0	0.14285714285714285	0.0	0.0	0.0	0.0	0.14285714285714285	0.0	0.0	0.0	0.0	0.0	0.14285714285714285	0.0	0.0	0.2857142857142857	0.0	0.2857142857142857	0.0	0.0	0.0	0.0	0.0	0.0	0.0	0.0	0.5	0.0	0.0	0.0	0.0	0.0	0.0	0.0	0.16666666666666666	0.0	0.0	0.3333333333333333	0.0	0.1	0.1	0.0	0.1	0.0	0.0	0.0	0.1	0.1	0.0	0.0	0.0	0.0	0.1	0.0	0.1	0.1	0.1	0.1	0.0
5sx5	J	DRVTGAFDI	YYSGN	GGSVSSGDY	-0.4666666666666667	-0.1111111111111111	8.855555555555556	107.99111111111112	-1.4600000000000002	0.0	8.440000000000001	134.932	0.0777777777777777	-0.1111111111111111	8.722222222222223	126.35444444444444	0.0	0.0	0.0	1.0	0.0	0.0	0.0	3.0	0.0	0.0	0.0	0.0	0.0	0.0	0.0	3.0	0.0	0.0	1.0	1.0	0.0	0.0	1.0	0.0	0.0	0.0	0.0	1.0	0.0	0.0	0.0	0.0	0.0	0.0	0.0	1.0	0.0	0.0	2.0	0.0	1.0	1.0	0.0	2.0	0.0	0.0	0.0	1.0	0.0	1.0	0.0	0.0	0.0	1.0	0.0	0.0	1.0	0.0	0.0	1.0	9.0	5.0	9.0	human	0.0	0.0	0.0	0.1111111111111111	0.0	0.0	0.0	0.3333333333333333	0.0	0.0	0.0	0.0	0.0	0.0	0.0	0.3333333333333333	0.0	0.0	0.1111111111111111	0.1111111111111111	0.0	0.0	0.2	0.0	0.0	0.0	0.0	0.2	0.0	0.0	0.0	0.0	0.0	0.0	0.0	0.2	0.0	0.0	0.4	0.0	0.1111111111111111	0.1111111111111111	0.0	0.2222222222222222	0.0	0.0	0.0	0.1111111111111111	0.0	0.1111111111111111	0.0	0.0	0.0	0.1111111111111111	0.0	0.0	0.1111111111111111	0.0	0.0	0.1111111111111111
6mft	A	GKNSDYNWDFQH	NPNSGG	GYTFTGY	-0.2857142857142857	0.0	7.542857142857143	130.85	-1.7000000000000002	0.0	9.733333333333334	105.76666666666664	-2.1	0.0	9.7	142.3925	0.0	0.0	0.0	0.0	0.0	0.0	0.0	2.0	0.0	0.0	0.0	0.0	0.0	1.0	0.0	0.0	2.0	0.0	2.0	0.0	0.0	0.0	2.0	0.0	0.0	0.0	0.0	2.0	0.0	0.0	0.0	0.0	0.0	0.0	1.0	1.0	0.0	0.0	0.0	0.0	0.0	0.0	2.0	2.0	0.0	1.0	0.0	1.0	1.0	0.0	0.0	1.0	0.0	1.0	0.0	1.0	0.0	1.0	1.0	0.0	7.0	6.0	12.0	human	0.0	0.0	0.0	0.0	0.0	0.0	0.0	0.2857142857142857	0.0	0.0	0.0	0.0	0.0	0.14285714285714285	0.0	0.0	0.2857142857142857	0.0	0.2857142857142857	0.0	0.0	0.0	0.3333333333333333	0.0	0.0	0.0	0.0	0.3333333333333333	0.0	0.0	0.0	0.0	0.0	0.0	0.16666666666666666	0.16666666666666666	0.0	0.0	0.0	0.0	0.0	0.0	0.16666666666666666	0.16666666666666666	0.0	0.08333333333333333	0.0	0.08333333333333333	0.08333333333333333	0.0	0.0	0.08333333333333333	0.0	0.08333333333333333	0.0	0.08333333333333333	0.0	0.08333333333333333	0.08333333333333333	0.0
1uj3	B	DSGYAMDY	DPANGH	GFNIKDY	-0.7571428571428571	0.0	8.785714285714286	137.71857142857144	-1.7333333333333334	0.0	10.016666666666667	116.61166666666666	-0.8875000000000001	-0.25	8.8	130.88	0.0	0.0	1.0	1.0	0.0	0.0	0.0	1.0	0.0	1.0	0.0	1.0	0.0	1.0	0.0	0.0	0.0	0.0	1.0	0.0	1.0	0.0	1.0	1.0	0.0	0.0	0.0	1.0	1.0	0.0	0.0	0.0	0.0	0.0	1.0	0.0	0.0	0.0	0.0	0.0	1.0	0.0	0.0	2.0	0.0	0.0	0.0	1.0	0.0	0.0	0.0	0.0	1.0	0.0	0.0	1.0	0.0	0.0	2.0	0.0	7.0	6.0	8.0	human	0.0	0.0	0.14285714285714285	0.14285714285714285	0.0	0.0	0.0	0.14285714285714285	0.0	0.14285714285714285	0.0	0.14285714285714285	0.0	0.14285714285714285	0.0	0.0	0.0	0.0	0.14285714285714285	0.0	0.16666666666666666	0.0	0.16666666666666666	0.16666666666666666	0.0	0.0	0.0	0.16666666666666666	0.16666666666666666	0.0	0.0	0.0	0.0	0.0	0.16666666666666666	0.0	0.0	0.0	0.0	0.0	0.125	0.0	0.0	0.25	0.0	0.0	0.0	0.125	0.0	0.0	0.0	0.0	0.125	0.0	0.0	0.125	0.0	0.0	0.25	0.0
6aod	B	LASGFRDY	DPDEGD	GYTFTGY	-0.2857142857142857	0.0	7.542857142857143	130.85	-2.6666666666666665	-0.6666666666666666	11.383333333333333	122.77166666666666	-0.2625	0.0	8.2625	131.7625	0.0	0.0	0.0	0.0	0.0	0.0	0.0	2.0	0.0	0.0	0.0	0.0	0.0	1.0	0.0	0.0	2.0	0.0	2.0	0.0	0.0	0.0	0.0	3.0	0.0	0.0	1.0	1.0	0.0	0.0	0.0	0.0	0.0	0.0	1.0	0.0	0.0	0.0	0.0	0.0	1.0	1.0	0.0	1.0	0.0	0.0	0.0	1.0	0.0	0.0	1.0	0.0	0.0	1.0	0.0	1.0	0.0	0.0	1.0	0.0	7.0	6.0	8.0	human	0.0	0.0	0.0	0.0	0.0	0.0	0.0	0.2857142857142857	0.0	0.0	0.0	0.0	0.0	0.14285714285714285	0.0	0.0	0.2857142857142857	0.0	0.2857142857142857	0.0	0.0	0.0	0.0	0.5	0.0	0.0	0.16666666666666666	0.16666666666666666	0.0	0.0	0.0	0.0	0.0	0.0	0.16666666666666666	0.0	0.0	0.0	0.0	0.0	0.125	0.125	0.0	0.125	0.0	0.0	0.0	0.125	0.0	0.0	0.125	0.0	0.0	0.125	0.0	0.125	0.0	0.0	0.125	0.0
6was	H	APVWTGYTSLDV	SYDSDN	GITFSED	-0.2285714285714286	-0.2857142857142857	8.928571428571429	125.12428571428572	-2.233333333333333	-0.3333333333333333	10.366666666666664	131.615	0.3416666666666667	-0.0833333333333333	7.733333333333334	125.55083333333334	0.0	0.0	0.0	1.0	0.0	0.0	1.0	1.0	0.0	1.0	0.0	0.0	0.0	1.0	0.0	1.0	1.0	0.0	0.0	0.0	0.0	0.0	1.0	2.0	0.0	0.0	0.0	0.0	0.0	0.0	0.0	0.0	0.0	0.0	0.0	2.0	0.0	0.0	1.0	0.0	1.0	0.0	0.0	1.0	0.0	0.0	0.0	1.0	0.0	0.0	1.0	0.0	0.0	0.0	1.0	1.0	2.0	1.0	1.0	2.0	7.0	6.0	12.0	human	0.0	0.0	0.0	0.14285714285714285	0.0	0.0	0.14285714285714285	0.14285714285714285	0.0	0.14285714285714285	0.0	0.0	0.0	0.14285714285714285	0.0	0.14285714285714285	0.14285714285714285	0.0	0.0	0.0	0.0	0.0	0.16666666666666666	0.3333333333333333	0.0	0.0	0.0	0.0	0.0	0.0	0.0	0.0	0.0	0.0	0.0	0.3333333333333333	0.0	0.0	0.16666666666666666	0.0	0.08333333333333333	0.0	0.0	0.08333333333333333	0.0	0.0	0.0	0.08333333333333333	0.0	0.0	0.08333333333333333	0.0	0.0	0.0	0.08333333333333333	0.08333333333333333	0.16666666666666666	0.08333333333333333	0.08333333333333333	0.16666666666666666
5d72	M	GFGTDF	ENKYAGGA	GFTFSSY	0.2285714285714286	0.0	7.514285714285713	130.84857142857143	-1.175	0.0	9.45	116.86875	0.0999999999999999	-0.1666666666666666	8.333333333333334	122.12333333333332	0.0	0.0	0.0	0.0	0.0	0.0	0.0	1.0	0.0	0.0	0.0	0.0	0.0	2.0	0.0	2.0	1.0	0.0	1.0	0.0	2.0	0.0	1.0	0.0	0.0	0.0	1.0	2.0	0.0	0.0	0.0	1.0	0.0	0.0	0.0	0.0	0.0	0.0	1.0	0.0	0.0	0.0	0.0	1.0	0.0	0.0	0.0	2.0	0.0	0.0	0.0	0.0	0.0	2.0	0.0	0.0	1.0	0.0	0.0	0.0	7.0	8.0	6.0	human	0.0	0.0	0.0	0.0	0.0	0.0	0.0	0.14285714285714285	0.0	0.0	0.0	0.0	0.0	0.2857142857142857	0.0	0.2857142857142857	0.14285714285714285	0.0	0.14285714285714285	0.0	0.25	0.0	0.125	0.0	0.0	0.0	0.125	0.25	0.0	0.0	0.0	0.125	0.0	0.0	0.0	0.0	0.0	0.0	0.125	0.0	0.0	0.0	0.0	0.16666666666666666	0.0	0.0	0.0	0.3333333333333333	0.0	0.0	0.0	0.0	0.0	0.3333333333333333	0.0	0.0	0.16666666666666666	0.0	0.0	0.0
2xtj	D	HYEIQIGRYGMNVYYLMYRFAS	NPILGI	GGTFNSH	-0.8857142857142858	0.1428571428571428	8.999999999999998	118.11714285714284	1.2166666666666668	0.0	7.316666666666667	119.30499999999996	-0.2454545454545456	0.0909090909090909	7.722727272727272	143.34090909090912	0.0	0.0	1.0	0.0	0.0	0.0	0.0	2.0	1.0	0.0	0.0	0.0	0.0	1.0	0.0	1.0	1.0	0.0	0.0	0.0	0.0	0.0	1.0	0.0	0.0	0.0	0.0	1.0	0.0	2.0	1.0	0.0	0.0	0.0	1.0	0.0	0.0	0.0	0.0	0.0	1.0	2.0	1.0	0.0	0.0	1.0	1.0	2.0	1.0	2.0	1.0	0.0	2.0	1.0	0.0	1.0	0.0	0.0	5.0	1.0	7.0	6.0	22.0	human	0.0	0.0	0.14285714285714285	0.0	0.0	0.0	0.0	0.2857142857142857	0.14285714285714285	0.0	0.0	0.0	0.0	0.14285714285714285	0.0	0.14285714285714285	0.14285714285714285	0.0	0.0	0.0	0.0	0.0	0.16666666666666666	0.0	0.0	0.0	0.0	0.16666666666666666	0.0	0.3333333333333333	0.16666666666666666	0.0	0.0	0.0	0.16666666666666666	0.0	0.0	0.0	0.0	0.0	0.045454545454545456	0.09090909090909091	0.045454545454545456	0.0	0.0	0.045454545454545456	0.045454545454545456	0.09090909090909091	0.045454545454545456	0.09090909090909091	0.045454545454545456	0.0	0.09090909090909091	0.045454545454545456	0.0	0.045454545454545456	0.0	0.0	0.22727272727272727	0.045454545454545456
5whk	H	LAIGDSY	GSSGGQ	GFTFSEY	-0.1571428571428571	-0.1428571428571428	7.957142857142857	136.8542857142857	-1.05	0.0	9.316666666666666	96.92333333333332	0.5857142857142856	-0.1428571428571428	7.942857142857144	120.84	0.0	0.0	0.0	0.0	0.0	0.0	1.0	1.0	0.0	0.0	0.0	0.0	0.0	2.0	0.0	1.0	1.0	0.0	1.0	0.0	0.0	0.0	0.0	0.0	0.0	1.0	0.0	3.0	0.0	0.0	0.0	0.0	0.0	0.0	0.0	2.0	0.0	0.0	0.0	0.0	1.0	0.0	0.0	1.0	0.0	0.0	0.0	1.0	0.0	1.0	1.0	0.0	0.0	0.0	0.0	1.0	0.0	0.0	1.0	0.0	7.0	6.0	7.0	human	0.0	0.0	0.0	0.0	0.0	0.0	0.14285714285714285	0.14285714285714285	0.0	0.0	0.0	0.0	0.0	0.2857142857142857	0.0	0.14285714285714285	0.14285714285714285	0.0	0.14285714285714285	0.0	0.0	0.0	0.0	0.0	0.0	0.16666666666666666	0.0	0.5	0.0	0.0	0.0	0.0	0.0	0.0	0.0	0.3333333333333333	0.0	0.0	0.0	0.0	0.14285714285714285	0.0	0.0	0.14285714285714285	0.0	0.0	0.0	0.14285714285714285	0.0	0.14285714285714285	0.14285714285714285	0.0	0.0	0.0	0.0	0.14285714285714285	0.0	0.0	0.14285714285714285	0.0
2wuc	H	WAWPAFDY	YPAGGA	GFTINGT	0.2285714285714286	0.0	8.17142857142857	116.69428571428573	-0.0166666666666667	0.0	8.066666666666666	104.10666666666668	-0.225	-0.125	7.425000000000001	147.65625	0.0	0.0	1.0	0.0	0.0	0.0	0.0	2.0	0.0	1.0	0.0	0.0	0.0	1.0	0.0	0.0	2.0	0.0	0.0	0.0	2.0	0.0	0.0	0.0	0.0	0.0	0.0	2.0	0.0	0.0	0.0	0.0	0.0	0.0	1.0	0.0	0.0	0.0	1.0	0.0	2.0	0.0	0.0	1.0	0.0	0.0	0.0	0.0	0.0	0.0	0.0	0.0	0.0	1.0	1.0	0.0	0.0	2.0	1.0	0.0	7.0	6.0	8.0	human	0.0	0.0	0.14285714285714285	0.0	0.0	0.0	0.0	0.2857142857142857	0.0	0.14285714285714285	0.0	0.0	0.0	0.14285714285714285	0.0	0.0	0.2857142857142857	0.0	0.0	0.0	0.3333333333333333	0.0	0.0	0.0	0.0	0.0	0.0	0.3333333333333333	0.0	0.0	0.0	0.0	0.0	0.0	0.16666666666666666	0.0	0.0	0.0	0.16666666666666666	0.0	0.25	0.0	0.0	0.125	0.0	0.0	0.0	0.0	0.0	0.0	0.0	0.0	0.0	0.125	0.125	0.0	0.0	0.25	0.125	0.0
2qqk	H	EDFRNRRRLWYVMDY	YPDSGY	GFTISGY	0.5285714285714286	0.0	7.485714285714286	121.70000000000002	-1.4833333333333334	-0.1666666666666666	8.6	131.795	-1.52	0.0666666666666666	8.76	158.10533333333336	0.0	0.0	0.0	0.0	0.0	0.0	0.0	2.0	0.0	1.0	0.0	0.0	0.0	1.0	0.0	1.0	1.0	0.0	1.0	0.0	0.0	0.0	0.0	1.0	0.0	0.0	0.0	1.0	0.0	0.0	0.0	0.0	0.0	0.0	1.0	1.0	0.0	0.0	2.0	0.0	0.0	4.0	1.0	2.0	0.0	0.0	1.0	0.0	0.0	0.0	1.0	0.0	1.0	1.0	0.0	0.0	0.0	1.0	2.0	1.0	7.0	6.0	15.0	human	0.0	0.0	0.0	0.0	0.0	0.0	0.0	0.2857142857142857	0.0	0.14285714285714285	0.0	0.0	0.0	0.14285714285714285	0.0	0.14285714285714285	0.14285714285714285	0.0	0.14285714285714285	0.0	0.0	0.0	0.0	0.16666666666666666	0.0	0.0	0.0	0.16666666666666666	0.0	0.0	0.0	0.0	0.0	0.0	0.16666666666666666	0.16666666666666666	0.0	0.0	0.3333333333333333	0.0	0.0	0.26666666666666666	0.06666666666666667	0.13333333333333333	0.0	0.0	0.06666666666666667	0.0	0.0	0.0	0.06666666666666667	0.0	0.06666666666666667	0.06666666666666667	0.0	0.0	0.0	0.06666666666666667	0.13333333333333333	0.06666666666666667
3be1	H	WGGDGFYAMDY	YPTNGY	GFNIKDT	-0.6714285714285715	0.0	9.128571428571428	128.85142857142858	-1.4666666666666668	0.0	8.266666666666667	133.97	-0.4727272727272728	-0.1818181818181818	8.163636363636364	132.86454545454546	0.0	0.0	1.0	1.0	0.0	0.0	0.0	1.0	0.0	1.0	0.0	1.0	0.0	1.0	0.0	0.0	1.0	0.0	0.0	0.0	0.0	0.0	1.0	0.0	0.0	0.0	0.0	1.0	0.0	0.0	0.0	0.0	0.0	0.0	1.0	0.0	1.0	0.0	2.0	0.0	1.0	0.0	0.0	2.0	0.0	0.0	0.0	3.0	0.0	0.0	0.0	0.0	1.0	1.0	0.0	0.0	0.0	1.0	2.0	0.0	7.0	6.0	11.0	human	0.0	0.0	0.14285714285714285	0.14285714285714285	0.0	0.0	0.0	0.14285714285714285	0.0	0.14285714285714285	0.0	0.14285714285714285	0.0	0.14285714285714285	0.0	0.0	0.14285714285714285	0.0	0.0	0.0	0.0	0.0	0.16666666666666666	0.0	0.0	0.0	0.0	0.16666666666666666	0.0	0.0	0.0	0.0	0.0	0.0	0.16666666666666666	0.0	0.16666666666666666	0.0	0.3333333333333333	0.0	0.09090909090909091	0.0	0.0	0.18181818181818182	0.0	0.0	0.0	0.2727272727272727	0.0	0.0	0.0	0.0	0.09090909090909091	0.09090909090909091	0.0	0.0	0.0	0.09090909090909091	0.18181818181818182	0.0
7lf7	H	QIDDYYVDALDY	SRDSTY	GFTFSR	-0.1333333333333333	0.1666666666666666	7.949999999999999	133.97666666666666	-1.9333333333333336	0.0	9.45	136.29833333333332	-0.5916666666666667	-0.3333333333333333	8.766666666666667	140.89166666666668	0.0	1.0	0.0	0.0	0.0	0.0	0.0	1.0	0.0	0.0	0.0	0.0	0.0	2.0	0.0	1.0	1.0	0.0	0.0	0.0	0.0	1.0	0.0	1.0	0.0	0.0	0.0	0.0	0.0	0.0	0.0	0.0	0.0	0.0	0.0	2.0	1.0	0.0	1.0	0.0	1.0	0.0	0.0	4.0	0.0	1.0	0.0	0.0	0.0	1.0	1.0	0.0	0.0	0.0	0.0	0.0	0.0	0.0	3.0	1.0	6.0	6.0	12.0	human	0.0	0.16666666666666666	0.0	0.0	0.0	0.0	0.0	0.16666666666666666	0.0	0.0	0.0	0.0	0.0	0.3333333333333333	0.0	0.16666666666666666	0.16666666666666666	0.0	0.0	0.0	0.0	0.16666666666666666	0.0	0.16666666666666666	0.0	0.0	0.0	0.0	0.0	0.0	0.0	0.0	0.0	0.0	0.0	0.3333333333333333	0.16666666666666666	0.0	0.16666666666666666	0.0	0.08333333333333333	0.0	0.0	0.3333333333333333	0.0	0.08333333333333333	0.0	0.0	0.0	0.08333333333333333	0.08333333333333333	0.0	0.0	0.0	0.0	0.0	0.0	0.0	0.25	0.08333333333333333
3sqo	H	ERPLYASDL	SPFGGR	GYTFTSY	-0.3428571428571429	0.0	7.571428571428571	135.13857142857142	-0.8166666666666668	0.1666666666666666	8.483333333333333	118.29166666666669	-0.6444444444444444	-0.1111111111111111	8.566666666666668	134.14111111111112	0.0	0.0	0.0	0.0	0.0	0.0	0.0	1.0	0.0	0.0	0.0	0.0	0.0	1.0	0.0	1.0	2.0	0.0	2.0	0.0	0.0	1.0	0.0	0.0	0.0	0.0	0.0	2.0	0.0	0.0	0.0	0.0	0.0	1.0	1.0	1.0	0.0	0.0	0.0	0.0	1.0	1.0	0.0	1.0	0.0	0.0	1.0	0.0	0.0	0.0	2.0	0.0	0.0	0.0	1.0	1.0	0.0	0.0	1.0	0.0	7.0	6.0	9.0	human	0.0	0.0	0.0	0.0	0.0	0.0	0.0	0.14285714285714285	0.0	0.0	0.0	0.0	0.0	0.14285714285714285	0.0	0.14285714285714285	0.2857142857142857	0.0	0.2857142857142857	0.0	0.0	0.16666666666666666	0.0	0.0	0.0	0.0	0.0	0.3333333333333333	0.0	0.0	0.0	0.0	0.0	0.16666666666666666	0.16666666666666666	0.16666666666666666	0.0	0.0	0.0	0.0	0.1111111111111111	0.1111111111111111	0.0	0.1111111111111111	0.0	0.0	0.1111111111111111	0.0	0.0	0.0	0.2222222222222222	0.0	0.0	0.0	0.1111111111111111	0.1111111111111111	0.0	0.0	0.1111111111111111	0.0
5if0	A	ISGSYSFDY	NPNSGG	GYTFTGY	-0.2857142857142857	0.0	7.542857142857143	130.85	-1.7000000000000002	0.0	9.733333333333334	105.76666666666664	-0.1777777777777778	-0.1111111111111111	8.044444444444444	131.35333333333332	0.0	0.0	0.0	0.0	0.0	0.0	0.0	2.0	0.0	0.0	0.0	0.0	0.0	1.0	0.0	0.0	2.0	0.0	2.0	0.0	0.0	0.0	2.0	0.0	0.0	0.0	0.0	2.0	0.0	0.0	0.0	0.0	0.0	0.0	1.0	1.0	0.0	0.0	0.0	0.0	0.0	0.0	0.0	1.0	0.0	0.0	0.0	1.0	0.0	1.0	0.0	0.0	0.0	1.0	0.0	3.0	0.0	0.0	2.0	0.0	7.0	6.0	9.0	human	0.0	0.0	0.0	0.0	0.0	0.0	0.0	0.2857142857142857	0.0	0.0	0.0	0.0	0.0	0.14285714285714285	0.0	0.0	0.2857142857142857	0.0	0.2857142857142857	0.0	0.0	0.0	0.3333333333333333	0.0	0.0	0.0	0.0	0.3333333333333333	0.0	0.0	0.0	0.0	0.0	0.0	0.16666666666666666	0.16666666666666666	0.0	0.0	0.0	0.0	0.0	0.0	0.0	0.1111111111111111	0.0	0.0	0.0	0.1111111111111111	0.0	0.1111111111111111	0.0	0.0	0.0	0.1111111111111111	0.0	0.3333333333333333	0.0	0.0	0.2222222222222222	0.0
6ppg	H	DIGGFGEFYWNFGL	NWSSGG	GFTFDDY	-0.5428571428571428	-0.2857142857142857	8.6	138.85142857142858	-1.1333333333333335	0.0	8.9	116.11166666666668	0.1714285714285714	-0.1428571428571428	7.871428571428573	132.5685714285714	0.0	0.0	0.0	2.0	0.0	0.0	0.0	1.0	0.0	0.0	0.0	0.0	0.0	2.0	0.0	0.0	1.0	0.0	1.0	0.0	0.0	0.0	1.0	0.0	0.0	0.0	0.0	2.0	0.0	0.0	0.0	0.0	0.0	0.0	0.0	2.0	0.0	1.0	0.0	0.0	0.0	0.0	1.0	1.0	0.0	0.0	1.0	4.0	0.0	1.0	1.0	0.0	0.0	3.0	0.0	0.0	0.0	1.0	1.0	0.0	7.0	6.0	14.0	human	0.0	0.0	0.0	0.2857142857142857	0.0	0.0	0.0	0.14285714285714285	0.0	0.0	0.0	0.0	0.0	0.2857142857142857	0.0	0.0	0.14285714285714285	0.0	0.14285714285714285	0.0	0.0	0.0	0.16666666666666666	0.0	0.0	0.0	0.0	0.3333333333333333	0.0	0.0	0.0	0.0	0.0	0.0	0.0	0.3333333333333333	0.0	0.16666666666666666	0.0	0.0	0.0	0.0	0.07142857142857142	0.07142857142857142	0.0	0.0	0.07142857142857142	0.2857142857142857	0.0	0.07142857142857142	0.07142857142857142	0.0	0.0	0.21428571428571427	0.0	0.0	0.0	0.07142857142857142	0.07142857142857142	0.0
6fax	H	REVYGRNYYALDY	IPNNGG	GYTFTEY	-0.7285714285714286	-0.1428571428571428	8.014285714285714	141.1442857142857	-0.8166666666666668	0.0	9.066666666666666	110.1133333333333	-1.176923076923077	0.0	8.507692307692308	145.99923076923076	0.0	0.0	0.0	0.0	0.0	0.0	1.0	1.0	0.0	0.0	0.0	0.0	0.0	1.0	0.0	0.0	2.0	0.0	2.0	0.0	0.0	0.0	2.0	0.0	0.0	0.0	0.0	2.0	0.0	1.0	0.0	0.0	0.0	0.0	1.0	0.0	0.0	0.0	0.0	0.0	1.0	2.0	1.0	1.0	0.0	0.0	1.0	1.0	0.0	0.0	1.0	0.0	0.0	0.0	0.0	0.0	0.0	0.0	4.0	1.0	7.0	6.0	13.0	human	0.0	0.0	0.0	0.0	0.0	0.0	0.14285714285714285	0.14285714285714285	0.0	0.0	0.0	0.0	0.0	0.14285714285714285	0.0	0.0	0.2857142857142857	0.0	0.2857142857142857	0.0	0.0	0.0	0.3333333333333333	0.0	0.0	0.0	0.0	0.3333333333333333	0.0	0.16666666666666666	0.0	0.0	0.0	0.0	0.16666666666666666	0.0	0.0	0.0	0.0	0.0	0.07692307692307693	0.15384615384615385	0.07692307692307693	0.07692307692307693	0.0	0.0	0.07692307692307693	0.07692307692307693	0.0	0.0	0.07692307692307693	0.0	0.0	0.0	0.0	0.0	0.0	0.0	0.3076923076923077	0.07692307692307693
6hhc	H	GGPYYYYGMDV	GPSGGS	GFTFSQY	-0.1571428571428571	0.0	7.7	136.71428571428572	-0.7333333333333333	0.0	8.9	91.75333333333332	-0.4909090909090908	-0.0909090909090909	7.672727272727275	133.14181818181817	0.0	0.0	0.0	0.0	0.0	1.0	0.0	1.0	0.0	0.0	0.0	0.0	0.0	2.0	0.0	1.0	1.0	0.0	1.0	0.0	0.0	0.0	0.0	0.0	0.0	0.0	0.0	3.0	0.0	0.0	0.0	0.0	0.0	0.0	1.0	2.0	0.0	0.0	0.0	0.0	0.0	0.0	0.0	1.0	0.0	0.0	0.0	3.0	0.0	0.0	0.0	0.0	1.0	0.0	1.0	0.0	0.0	0.0	4.0	1.0	7.0	6.0	11.0	human	0.0	0.0	0.0	0.0	0.0	0.14285714285714285	0.0	0.14285714285714285	0.0	0.0	0.0	0.0	0.0	0.2857142857142857	0.0	0.14285714285714285	0.14285714285714285	0.0	0.14285714285714285	0.0	0.0	0.0	0.0	0.0	0.0	0.0	0.0	0.5	0.0	0.0	0.0	0.0	0.0	0.0	0.16666666666666666	0.3333333333333333	0.0	0.0	0.0	0.0	0.0	0.0	0.0	0.09090909090909091	0.0	0.0	0.0	0.2727272727272727	0.0	0.0	0.0	0.0	0.09090909090909091	0.0	0.09090909090909091	0.0	0.0	0.0	0.36363636363636365	0.09090909090909091
6uj9	H	SYWRYSVDV	SPGYDY	GFNVKYY	-0.4857142857142856	0.1428571428571428	7.9142857142857155	142.58571428571432	-1.4833333333333334	-0.1666666666666666	8.6	131.795	-0.5222222222222225	0.0	7.944444444444445	146.48777777777778	0.0	0.0	1.0	0.0	0.0	0.0	0.0	1.0	0.0	0.0	0.0	1.0	0.0	1.0	0.0	0.0	0.0	0.0	2.0	1.0	0.0	0.0	0.0	1.0	0.0	0.0	0.0	1.0	0.0	0.0	0.0	0.0	0.0	0.0	1.0	1.0	0.0	0.0	2.0	0.0	0.0	1.0	0.0	1.0	0.0	0.0	0.0	0.0	0.0	0.0	0.0	0.0	0.0	0.0	0.0	2.0	0.0	1.0	2.0	2.0	7.0	6.0	9.0	human	0.0	0.0	0.14285714285714285	0.0	0.0	0.0	0.0	0.14285714285714285	0.0	0.0	0.0	0.14285714285714285	0.0	0.14285714285714285	0.0	0.0	0.0	0.0	0.2857142857142857	0.14285714285714285	0.0	0.0	0.0	0.16666666666666666	0.0	0.0	0.0	0.16666666666666666	0.0	0.0	0.0	0.0	0.0	0.0	0.16666666666666666	0.16666666666666666	0.0	0.0	0.3333333333333333	0.0	0.0	0.1111111111111111	0.0	0.1111111111111111	0.0	0.0	0.0	0.0	0.0	0.0	0.0	0.0	0.0	0.0	0.0	0.2222222222222222	0.0	0.1111111111111111	0.2222222222222222	0.2222222222222222
4ogy	H	RRIGVPRRDEFDI	YSSGGI	GFTFSHY	-0.1142857142857143	0.1428571428571428	7.685714285714285	138.00142857142856	0.1333333333333333	0.0	7.966666666666666	112.11333333333332	-1.1153846153846154	0.0769230769230769	9.138461538461538	141.92384615384614	0.0	0.0	0.0	0.0	0.0	0.0	0.0	1.0	1.0	0.0	0.0	0.0	0.0	2.0	0.0	1.0	1.0	0.0	1.0	0.0	0.0	0.0	0.0	0.0	0.0	0.0	0.0	2.0	0.0	1.0	0.0	0.0	0.0	0.0	0.0	2.0	0.0	0.0	1.0	0.0	0.0	4.0	0.0	2.0	0.0	0.0	1.0	1.0	0.0	2.0	0.0	0.0	0.0	1.0	1.0	0.0	0.0	0.0	0.0	1.0	7.0	6.0	13.0	human	0.0	0.0	0.0	0.0	0.0	0.0	0.0	0.14285714285714285	0.14285714285714285	0.0	0.0	0.0	0.0	0.2857142857142857	0.0	0.14285714285714285	0.14285714285714285	0.0	0.14285714285714285	0.0	0.0	0.0	0.0	0.0	0.0	0.0	0.0	0.3333333333333333	0.0	0.16666666666666666	0.0	0.0	0.0	0.0	0.0	0.3333333333333333	0.0	0.0	0.16666666666666666	0.0	0.0	0.3076923076923077	0.0	0.15384615384615385	0.0	0.0	0.07692307692307693	0.07692307692307693	0.0	0.15384615384615385	0.0	0.0	0.0	0.07692307692307693	0.07692307692307693	0.0	0.0	0.0	0.0	0.07692307692307693
6qb6	H	QVGATWAFDI	SSSSSY	GFTFSSY	0.2285714285714286	0.0	7.514285714285713	130.84857142857143	-0.8833333333333333	0.0	8.700000000000001	117.77333333333335	0.61	-0.1	7.900000000000001	126.936	0.0	0.0	0.0	0.0	0.0	0.0	0.0	1.0	0.0	0.0	0.0	0.0	0.0	2.0	0.0	2.0	1.0	0.0	1.0	0.0	0.0	0.0	0.0	0.0	0.0	0.0	0.0	0.0	0.0	0.0	0.0	0.0	0.0	0.0	0.0	5.0	0.0	0.0	1.0	0.0	2.0	0.0	0.0	1.0	0.0	1.0	0.0	1.0	0.0	1.0	0.0	0.0	0.0	1.0	0.0	0.0	1.0	1.0	0.0	1.0	7.0	6.0	10.0	human	0.0	0.0	0.0	0.0	0.0	0.0	0.0	0.14285714285714285	0.0	0.0	0.0	0.0	0.0	0.2857142857142857	0.0	0.2857142857142857	0.14285714285714285	0.0	0.14285714285714285	0.0	0.0	0.0	0.0	0.0	0.0	0.0	0.0	0.0	0.0	0.0	0.0	0.0	0.0	0.0	0.0	0.8333333333333334	0.0	0.0	0.16666666666666666	0.0	0.2	0.0	0.0	0.1	0.0	0.1	0.0	0.1	0.0	0.1	0.0	0.0	0.0	0.1	0.0	0.0	0.1	0.1	0.0	0.1
4h8w	H	DLRLGGGSDY	NNSGRN	GFTFSTY	0.2428571428571428	0.0	7.428571428571429	132.85285714285715	-2.7	0.1666666666666666	10.583333333333334	125.12	-0.72	-0.1	8.870000000000001	121.423	0.0	0.0	0.0	0.0	0.0	0.0	0.0	1.0	0.0	0.0	0.0	0.0	0.0	2.0	0.0	1.0	2.0	0.0	1.0	0.0	0.0	1.0	3.0	0.0	0.0	0.0	0.0	1.0	0.0	0.0	0.0	0.0	0.0	0.0	0.0	1.0	0.0	0.0	0.0	0.0	0.0	1.0	0.0	2.0	0.0	0.0	0.0	3.0	0.0	0.0	2.0	0.0	0.0	0.0	0.0	1.0	0.0	0.0	1.0	0.0	7.0	6.0	10.0	human	0.0	0.0	0.0	0.0	0.0	0.0	0.0	0.14285714285714285	0.0	0.0	0.0	0.0	0.0	0.2857142857142857	0.0	0.14285714285714285	0.2857142857142857	0.0	0.14285714285714285	0.0	0.0	0.16666666666666666	0.5	0.0	0.0	0.0	0.0	0.16666666666666666	0.0	0.0	0.0	0.0	0.0	0.0	0.0	0.16666666666666666	0.0	0.0	0.0	0.0	0.0	0.1	0.0	0.2	0.0	0.0	0.0	0.3	0.0	0.0	0.2	0.0	0.0	0.0	0.0	0.1	0.0	0.0	0.1	0.0
5b71	D	DAGYDYPTHAMHY	FTGSGA	GFTVHSSY	-0.0249999999999999	0.125	7.9625	127.8825	0.3833333333333333	0.0	8.183333333333334	104.77166666666666	-1.1153846153846154	0.0	8.684615384615386	135.13846153846154	0.0	0.0	0.0	0.0	0.0	0.0	0.0	1.0	1.0	0.0	0.0	0.0	0.0	1.0	0.0	2.0	1.0	0.0	1.0	1.0	1.0	0.0	0.0	0.0	0.0	0.0	0.0	2.0	0.0	0.0	0.0	0.0	0.0	1.0	0.0	1.0	1.0	0.0	0.0	0.0	2.0	0.0	0.0	2.0	0.0	0.0	0.0	1.0	2.0	0.0	0.0	0.0	1.0	0.0	1.0	0.0	1.0	0.0	3.0	0.0	8.0	6.0	13.0	human	0.0	0.0	0.0	0.0	0.0	0.0	0.0	0.125	0.125	0.0	0.0	0.0	0.0	0.125	0.0	0.25	0.125	0.0	0.125	0.125	0.16666666666666666	0.0	0.0	0.0	0.0	0.0	0.0	0.3333333333333333	0.0	0.0	0.0	0.0	0.0	0.16666666666666666	0.0	0.16666666666666666	0.16666666666666666	0.0	0.0	0.0	0.15384615384615385	0.0	0.0	0.15384615384615385	0.0	0.0	0.0	0.07692307692307693	0.15384615384615385	0.0	0.0	0.0	0.07692307692307693	0.0	0.07692307692307693	0.0	0.07692307692307693	0.0	0.23076923076923078	0.0
6vc9	H	EHYVSGTSLDN	YISGT	GGSIRNN	-1.2285714285714284	0.1428571428571428	9.44285714285714	117.8342857142857	0.2600000000000001	0.0	7.640000000000001	122.32800000000002	-0.8818181818181817	-0.0909090909090909	9.118181818181816	127.3990909090909	0.0	1.0	2.0	0.0	0.0	0.0	0.0	2.0	0.0	1.0	0.0	0.0	0.0	0.0	0.0	1.0	0.0	0.0	0.0	0.0	0.0	0.0	0.0	0.0	0.0	0.0	0.0	1.0	0.0	1.0	0.0	0.0	0.0	0.0	0.0	1.0	1.0	0.0	1.0	0.0	0.0	0.0	1.0	1.0	0.0	0.0	1.0	1.0	1.0	0.0	1.0	0.0	0.0	0.0	0.0	2.0	1.0	0.0	1.0	1.0	7.0	5.0	11.0	human	0.0	0.14285714285714285	0.2857142857142857	0.0	0.0	0.0	0.0	0.2857142857142857	0.0	0.14285714285714285	0.0	0.0	0.0	0.0	0.0	0.14285714285714285	0.0	0.0	0.0	0.0	0.0	0.0	0.0	0.0	0.0	0.0	0.0	0.2	0.0	0.2	0.0	0.0	0.0	0.0	0.0	0.2	0.2	0.0	0.2	0.0	0.0	0.0	0.09090909090909091	0.09090909090909091	0.0	0.0	0.09090909090909091	0.09090909090909091	0.09090909090909091	0.0	0.09090909090909091	0.0	0.0	0.0	0.0	0.18181818181818182	0.09090909090909091	0.0	0.09090909090909091	0.09090909090909091
3d85	B	NWDVAY	NPYNDG	GYTFTSN	-0.6571428571428573	0.0	8.342857142857143	128.12857142857143	-2.3	-0.1666666666666666	9.9	128.12166666666667	-0.5333333333333333	-0.1666666666666666	8.366666666666667	142.81333333333336	0.0	0.0	1.0	0.0	0.0	0.0	0.0	1.0	0.0	0.0	0.0	0.0	0.0	1.0	0.0	1.0	2.0	0.0	1.0	0.0	0.0	0.0	2.0	1.0	0.0	0.0	0.0	1.0	0.0	0.0	0.0	0.0	0.0	0.0	1.0	0.0	0.0	0.0	1.0	0.0	1.0	0.0	1.0	1.0	0.0	0.0	0.0	0.0	0.0	0.0	0.0	0.0	0.0	0.0	0.0	0.0	0.0	1.0	1.0	1.0	7.0	6.0	6.0	human	0.0	0.0	0.14285714285714285	0.0	0.0	0.0	0.0	0.14285714285714285	0.0	0.0	0.0	0.0	0.0	0.14285714285714285	0.0	0.14285714285714285	0.2857142857142857	0.0	0.14285714285714285	0.0	0.0	0.0	0.3333333333333333	0.16666666666666666	0.0	0.0	0.0	0.16666666666666666	0.0	0.0	0.0	0.0	0.0	0.0	0.16666666666666666	0.0	0.0	0.0	0.16666666666666666	0.0	0.16666666666666666	0.0	0.16666666666666666	0.16666666666666666	0.0	0.0	0.0	0.0	0.0	0.0	0.0	0.0	0.0	0.0	0.0	0.0	0.0	0.16666666666666666	0.16666666666666666	0.16666666666666666
5tru	H	TGWLGPFDY	SYDGNN	GFTFSSY	0.2285714285714286	0.0	7.514285714285713	130.84857142857143	-2.1666666666666665	-0.1666666666666666	10.1	126.44833333333332	-0.2444444444444444	-0.1111111111111111	7.699999999999999	133.2522222222222	0.0	0.0	0.0	0.0	0.0	0.0	0.0	1.0	0.0	0.0	0.0	0.0	0.0	2.0	0.0	2.0	1.0	0.0	1.0	0.0	0.0	0.0	2.0	1.0	0.0	0.0	0.0	1.0	0.0	0.0	0.0	0.0	0.0	0.0	0.0	1.0	0.0	0.0	1.0	0.0	0.0	0.0	0.0	1.0	0.0	0.0	0.0	2.0	0.0	0.0	1.0	0.0	0.0	1.0	1.0	0.0	1.0	1.0	1.0	0.0	7.0	6.0	9.0	human	0.0	0.0	0.0	0.0	0.0	0.0	0.0	0.14285714285714285	0.0	0.0	0.0	0.0	0.0	0.2857142857142857	0.0	0.2857142857142857	0.14285714285714285	0.0	0.14285714285714285	0.0	0.0	0.0	0.3333333333333333	0.16666666666666666	0.0	0.0	0.0	0.16666666666666666	0.0	0.0	0.0	0.0	0.0	0.0	0.0	0.16666666666666666	0.0	0.0	0.16666666666666666	0.0	0.0	0.0	0.0	0.1111111111111111	0.0	0.0	0.0	0.2222222222222222	0.0	0.0	0.1111111111111111	0.0	0.0	0.1111111111111111	0.1111111111111111	0.0	0.1111111111111111	0.1111111111111111	0.1111111111111111	0.0
6nmt	B	DFGSGVGSIDA	TSGSR	GFIFSDY	0.5857142857142855	-0.1428571428571428	7.571428571428571	136.57142857142858	-1.44	0.2	9.3	115.71399999999998	0.3181818181818182	-0.1818181818181818	8.709090909090909	109.47181818181816	0.0	0.0	0.0	1.0	0.0	0.0	0.0	1.0	0.0	1.0	0.0	0.0	0.0	2.0	0.0	1.0	0.0	0.0	1.0	0.0	0.0	1.0	0.0	0.0	0.0	0.0	0.0	1.0	0.0	0.0	0.0	0.0	0.0	0.0	0.0	2.0	1.0	0.0	0.0	0.0	1.0	0.0	0.0	2.0	0.0	0.0	0.0	3.0	0.0	1.0	0.0	0.0	0.0	1.0	0.0	2.0	0.0	0.0	0.0	1.0	7.0	5.0	11.0	human	0.0	0.0	0.0	0.14285714285714285	0.0	0.0	0.0	0.14285714285714285	0.0	0.14285714285714285	0.0	0.0	0.0	0.2857142857142857	0.0	0.14285714285714285	0.0	0.0	0.14285714285714285	0.0	0.0	0.2	0.0	0.0	0.0	0.0	0.0	0.2	0.0	0.0	0.0	0.0	0.0	0.0	0.0	0.4	0.2	0.0	0.0	0.0	0.09090909090909091	0.0	0.0	0.18181818181818182	0.0	0.0	0.0	0.2727272727272727	0.0	0.09090909090909091	0.0	0.0	0.0	0.09090909090909091	0.0	0.18181818181818182	0.0	0.0	0.0	0.09090909090909091
5hhv	H	DLIHGVTRN	SGSGGS	GFTFSSY	0.2285714285714286	0.0	7.514285714285713	130.84857142857143	-0.6	0.0	9.1	90.08	-0.3666666666666666	0.1111111111111111	8.788888888888888	129.80666666666664	0.0	0.0	0.0	0.0	0.0	0.0	0.0	1.0	0.0	0.0	0.0	0.0	0.0	2.0	0.0	2.0	1.0	0.0	1.0	0.0	0.0	0.0	0.0	0.0	0.0	0.0	0.0	3.0	0.0	0.0	0.0	0.0	0.0	0.0	0.0	3.0	0.0	0.0	0.0	0.0	0.0	1.0	1.0	1.0	0.0	0.0	0.0	1.0	1.0	1.0	1.0	0.0	0.0	0.0	0.0	0.0	1.0	0.0	0.0	1.0	7.0	6.0	9.0	human	0.0	0.0	0.0	0.0	0.0	0.0	0.0	0.14285714285714285	0.0	0.0	0.0	0.0	0.0	0.2857142857142857	0.0	0.2857142857142857	0.14285714285714285	0.0	0.14285714285714285	0.0	0.0	0.0	0.0	0.0	0.0	0.0	0.0	0.5	0.0	0.0	0.0	0.0	0.0	0.0	0.0	0.5	0.0	0.0	0.0	0.0	0.0	0.1111111111111111	0.1111111111111111	0.1111111111111111	0.0	0.0	0.0	0.1111111111111111	0.1111111111111111	0.1111111111111111	0.1111111111111111	0.0	0.0	0.0	0.0	0.0	0.1111111111111111	0.0	0.0	0.1111111111111111
6k0y	A	DLDIATTRDY	YHSGS	GHSIRGSY	-0.8625	0.25	8.5875	125.255	-1.3	0.2	8.8	124.32	-0.76	-0.2	9.11	134.43599999999998	0.0	1.0	0.0	0.0	0.0	0.0	0.0	2.0	1.0	1.0	0.0	0.0	0.0	0.0	0.0	2.0	0.0	0.0	1.0	0.0	0.0	0.0	0.0	0.0	0.0	0.0	0.0	1.0	1.0	0.0	0.0	0.0	0.0	0.0	0.0	2.0	0.0	0.0	1.0	0.0	1.0	1.0	0.0	3.0	0.0	0.0	0.0	0.0	0.0	1.0	1.0	0.0	0.0	0.0	0.0	0.0	2.0	0.0	1.0	0.0	8.0	5.0	10.0	human	0.0	0.125	0.0	0.0	0.0	0.0	0.0	0.25	0.125	0.125	0.0	0.0	0.0	0.0	0.0	0.25	0.0	0.0	0.125	0.0	0.0	0.0	0.0	0.0	0.0	0.0	0.0	0.2	0.2	0.0	0.0	0.0	0.0	0.0	0.0	0.4	0.0	0.0	0.2	0.0	0.1	0.1	0.0	0.3	0.0	0.0	0.0	0.0	0.0	0.1	0.1	0.0	0.0	0.0	0.0	0.0	0.2	0.0	0.1	0.0
6rps	N	DFGYFDGSSPFDY	WYDGD	GFSLTTY	0.3857142857142856	0.0	7.385714285714286	127.99285714285716	-1.9200000000000004	-0.4	9.32	145.338	-0.6692307692307693	-0.2307692307692307	8.569230769230769	133.28461538461536	0.0	0.0	0.0	0.0	0.0	0.0	0.0	1.0	0.0	0.0	1.0	0.0	0.0	1.0	0.0	1.0	2.0	0.0	1.0	0.0	0.0	0.0	0.0	2.0	0.0	0.0	0.0	1.0	0.0	0.0	0.0	0.0	0.0	0.0	0.0	0.0	0.0	1.0	1.0	0.0	0.0	0.0	0.0	3.0	0.0	0.0	0.0	2.0	0.0	0.0	0.0	0.0	0.0	3.0	1.0	2.0	0.0	0.0	2.0	0.0	7.0	5.0	13.0	human	0.0	0.0	0.0	0.0	0.0	0.0	0.0	0.14285714285714285	0.0	0.0	0.14285714285714285	0.0	0.0	0.14285714285714285	0.0	0.14285714285714285	0.2857142857142857	0.0	0.14285714285714285	0.0	0.0	0.0	0.0	0.4	0.0	0.0	0.0	0.2	0.0	0.0	0.0	0.0	0.0	0.0	0.0	0.0	0.0	0.2	0.2	0.0	0.0	0.0	0.0	0.23076923076923078	0.0	0.0	0.0	0.15384615384615385	0.0	0.0	0.0	0.0	0.0	0.23076923076923078	0.07692307692307693	0.15384615384615385	0.0	0.0	0.15384615384615385	0.0
6xkr	H	LSTGTFAY	YPGSSL	GYTFTSY	-0.3428571428571429	0.0	7.571428571428571	135.13857142857142	-0.1833333333333334	0.0	7.749999999999999	118.79	0.5625	0.0	7.475	123.13	0.0	0.0	0.0	0.0	0.0	0.0	0.0	1.0	0.0	0.0	0.0	0.0	0.0	1.0	0.0	1.0	2.0	0.0	2.0	0.0	0.0	0.0	0.0	0.0	0.0	0.0	0.0	1.0	0.0	0.0	1.0	0.0	0.0	0.0	1.0	2.0	0.0	0.0	1.0	0.0	1.0	0.0	0.0	0.0	0.0	0.0	0.0	1.0	0.0	0.0	1.0	0.0	0.0	1.0	0.0	1.0	2.0	0.0	1.0	0.0	7.0	6.0	8.0	human	0.0	0.0	0.0	0.0	0.0	0.0	0.0	0.14285714285714285	0.0	0.0	0.0	0.0	0.0	0.14285714285714285	0.0	0.14285714285714285	0.2857142857142857	0.0	0.2857142857142857	0.0	0.0	0.0	0.0	0.0	0.0	0.0	0.0	0.16666666666666666	0.0	0.0	0.16666666666666666	0.0	0.0	0.0	0.16666666666666666	0.3333333333333333	0.0	0.0	0.16666666666666666	0.0	0.125	0.0	0.0	0.0	0.0	0.0	0.0	0.125	0.0	0.0	0.125	0.0	0.0	0.125	0.0	0.125	0.25	0.0	0.125	0.0
7e72	A	GLYGNS	HPSDSE	GYSFTSY	-0.3571428571428571	0.0	7.657142857142857	133.1342857142857	-2.233333333333334	-0.1666666666666666	10.35	126.78333333333336	-0.4333333333333334	0.0	8.316666666666668	116.61833333333333	0.0	0.0	0.0	0.0	0.0	0.0	0.0	1.0	0.0	0.0	0.0	0.0	0.0	1.0	0.0	2.0	1.0	0.0	2.0	0.0	0.0	0.0	0.0	1.0	0.0	0.0	1.0	0.0	1.0	0.0	0.0	0.0	0.0	0.0	1.0	2.0	0.0	0.0	0.0	0.0	0.0	0.0	1.0	0.0	0.0	0.0	0.0	2.0	0.0	0.0	1.0	0.0	0.0	0.0	0.0	1.0	0.0	0.0	1.0	0.0	7.0	6.0	6.0	human	0.0	0.0	0.0	0.0	0.0	0.0	0.0	0.14285714285714285	0.0	0.0	0.0	0.0	0.0	0.14285714285714285	0.0	0.2857142857142857	0.14285714285714285	0.0	0.2857142857142857	0.0	0.0	0.0	0.0	0.16666666666666666	0.0	0.0	0.16666666666666666	0.0	0.16666666666666666	0.0	0.0	0.0	0.0	0.0	0.16666666666666666	0.3333333333333333	0.0	0.0	0.0	0.0	0.0	0.0	0.16666666666666666	0.0	0.0	0.0	0.0	0.3333333333333333	0.0	0.0	0.16666666666666666	0.0	0.0	0.0	0.0	0.16666666666666666	0.0	0.0	0.16666666666666666	0.0
6a3w	A	GYGIFDY	YPGDSY	GYSFSTY	-0.3571428571428571	0.0	7.6571428571428575	133.1342857142857	-1.4833333333333334	-0.1666666666666666	8.600000000000001	131.795	0.057142857142857	-0.1428571428571428	7.685714285714286	134.56857142857143	0.0	0.0	0.0	0.0	0.0	0.0	0.0	1.0	0.0	0.0	0.0	0.0	0.0	1.0	0.0	2.0	1.0	0.0	2.0	0.0	0.0	0.0	0.0	1.0	0.0	0.0	0.0	1.0	0.0	0.0	0.0	0.0	0.0	0.0	1.0	1.0	0.0	0.0	2.0	0.0	0.0	0.0	0.0	1.0	0.0	0.0	0.0	2.0	0.0	1.0	0.0	0.0	0.0	1.0	0.0	0.0	0.0	0.0	2.0	0.0	7.0	6.0	7.0	human	0.0	0.0	0.0	0.0	0.0	0.0	0.0	0.14285714285714285	0.0	0.0	0.0	0.0	0.0	0.14285714285714285	0.0	0.2857142857142857	0.14285714285714285	0.0	0.2857142857142857	0.0	0.0	0.0	0.0	0.16666666666666666	0.0	0.0	0.0	0.16666666666666666	0.0	0.0	0.0	0.0	0.0	0.0	0.16666666666666666	0.16666666666666666	0.0	0.0	0.3333333333333333	0.0	0.0	0.0	0.0	0.14285714285714285	0.0	0.0	0.0	0.2857142857142857	0.0	0.14285714285714285	0.0	0.0	0.0	0.14285714285714285	0.0	0.0	0.0	0.0	0.2857142857142857	0.0
4qci	H	HPYWYGGQLDL	SDDGSL	GFTFSSY	0.2285714285714286	0.0	7.514285714285713	130.84857142857143	-0.8666666666666667	-0.3333333333333333	9.716666666666669	113.76999999999998	-0.7727272727272727	0.0	7.954545454545456	138.96636363636364	0.0	0.0	0.0	0.0	0.0	0.0	0.0	1.0	0.0	0.0	0.0	0.0	0.0	2.0	0.0	2.0	1.0	0.0	1.0	0.0	0.0	0.0	0.0	2.0	0.0	0.0	0.0	1.0	0.0	0.0	1.0	0.0	0.0	0.0	0.0	2.0	0.0	0.0	0.0	0.0	0.0	0.0	0.0	1.0	0.0	1.0	0.0	2.0	1.0	0.0	2.0	0.0	0.0	0.0	1.0	0.0	0.0	1.0	2.0	0.0	7.0	6.0	11.0	human	0.0	0.0	0.0	0.0	0.0	0.0	0.0	0.14285714285714285	0.0	0.0	0.0	0.0	0.0	0.2857142857142857	0.0	0.2857142857142857	0.14285714285714285	0.0	0.14285714285714285	0.0	0.0	0.0	0.0	0.3333333333333333	0.0	0.0	0.0	0.16666666666666666	0.0	0.0	0.16666666666666666	0.0	0.0	0.0	0.0	0.3333333333333333	0.0	0.0	0.0	0.0	0.0	0.0	0.0	0.09090909090909091	0.0	0.09090909090909091	0.0	0.18181818181818182	0.09090909090909091	0.0	0.18181818181818182	0.0	0.0	0.0	0.09090909090909091	0.0	0.0	0.09090909090909091	0.18181818181818182	0.0
6nmv	H	DTFDH	STSGVI	GFTFTSS	0.3142857142857143	0.0	7.857142857142857	121.98142857142857	1.0	0.0	7.85	108.78166666666664	-1.6200000000000003	-0.2	10.04	141.134	0.0	0.0	0.0	0.0	0.0	0.0	0.0	1.0	0.0	0.0	0.0	0.0	0.0	2.0	0.0	2.0	2.0	0.0	0.0	0.0	0.0	0.0	0.0	0.0	0.0	0.0	0.0	1.0	0.0	1.0	0.0	0.0	0.0	0.0	0.0	2.0	1.0	0.0	0.0	1.0	0.0	0.0	0.0	2.0	0.0	0.0	0.0	0.0	1.0	0.0	0.0	0.0	0.0	1.0	0.0	0.0	1.0	0.0	0.0	0.0	7.0	6.0	5.0	human	0.0	0.0	0.0	0.0	0.0	0.0	0.0	0.14285714285714285	0.0	0.0	0.0	0.0	0.0	0.2857142857142857	0.0	0.2857142857142857	0.2857142857142857	0.0	0.0	0.0	0.0	0.0	0.0	0.0	0.0	0.0	0.0	0.16666666666666666	0.0	0.16666666666666666	0.0	0.0	0.0	0.0	0.0	0.3333333333333333	0.16666666666666666	0.0	0.0	0.16666666666666666	0.0	0.0	0.0	0.4	0.0	0.0	0.0	0.0	0.2	0.0	0.0	0.0	0.0	0.2	0.0	0.0	0.2	0.0	0.0	0.0
7cj2	C	VGTFDV	SGSGGT	GFTFSNY	-0.1571428571428571	0.0	7.857142857142857	134.71	-0.5833333333333334	0.0	9.0	92.41833333333334	1.1	-0.1666666666666666	7.933333333333334	121.13	0.0	0.0	1.0	0.0	0.0	0.0	0.0	1.0	0.0	0.0	0.0	0.0	0.0	2.0	0.0	1.0	1.0	0.0	1.0	0.0	0.0	0.0	0.0	0.0	0.0	0.0	0.0	3.0	0.0	0.0	0.0	0.0	0.0	0.0	0.0	2.0	1.0	0.0	0.0	0.0	0.0	0.0	0.0	1.0	0.0	0.0	0.0	1.0	0.0	0.0	0.0	0.0	0.0	1.0	0.0	0.0	1.0	0.0	0.0	2.0	7.0	6.0	6.0	human	0.0	0.0	0.14285714285714285	0.0	0.0	0.0	0.0	0.14285714285714285	0.0	0.0	0.0	0.0	0.0	0.2857142857142857	0.0	0.14285714285714285	0.14285714285714285	0.0	0.14285714285714285	0.0	0.0	0.0	0.0	0.0	0.0	0.0	0.0	0.5	0.0	0.0	0.0	0.0	0.0	0.0	0.0	0.3333333333333333	0.16666666666666666	0.0	0.0	0.0	0.0	0.0	0.0	0.16666666666666666	0.0	0.0	0.0	0.16666666666666666	0.0	0.0	0.0	0.0	0.0	0.16666666666666666	0.0	0.0	0.16666666666666666	0.0	0.0	0.3333333333333333
4hwb	H	MPNWGSFDY	YPGDSY	GYSFTSY	-0.3571428571428571	0.0	7.657142857142857	133.1342857142857	-1.4833333333333334	-0.1666666666666666	8.600000000000001	131.795	-0.8111111111111112	-0.1111111111111111	8.144444444444444	140.03666666666666	0.0	0.0	0.0	0.0	0.0	0.0	0.0	1.0	0.0	0.0	0.0	0.0	0.0	1.0	0.0	2.0	1.0	0.0	2.0	0.0	0.0	0.0	0.0	1.0	0.0	0.0	0.0	1.0	0.0	0.0	0.0	0.0	0.0	0.0	1.0	1.0	0.0	0.0	2.0	0.0	0.0	0.0	1.0	1.0	0.0	0.0	0.0	1.0	0.0	0.0	0.0	0.0	1.0	1.0	1.0	1.0	0.0	1.0	1.0	0.0	7.0	6.0	9.0	human	0.0	0.0	0.0	0.0	0.0	0.0	0.0	0.14285714285714285	0.0	0.0	0.0	0.0	0.0	0.14285714285714285	0.0	0.2857142857142857	0.14285714285714285	0.0	0.2857142857142857	0.0	0.0	0.0	0.0	0.16666666666666666	0.0	0.0	0.0	0.16666666666666666	0.0	0.0	0.0	0.0	0.0	0.0	0.16666666666666666	0.16666666666666666	0.0	0.0	0.3333333333333333	0.0	0.0	0.0	0.1111111111111111	0.1111111111111111	0.0	0.0	0.0	0.1111111111111111	0.0	0.0	0.0	0.0	0.1111111111111111	0.1111111111111111	0.1111111111111111	0.1111111111111111	0.0	0.1111111111111111	0.1111111111111111	0.0
4xwg	H	EGAAVRSFYYSYYGMDV	WYDGSN	GFTFSSY	0.2285714285714286	0.0	7.514285714285713	130.84857142857143	-1.7333333333333334	-0.1666666666666666	9.066666666666666	138.46666666666667	-0.1411764705882352	-0.0588235294117647	7.994117647058823	133.31705882352944	0.0	0.0	0.0	0.0	0.0	0.0	0.0	1.0	0.0	0.0	0.0	0.0	0.0	2.0	0.0	2.0	1.0	0.0	1.0	0.0	0.0	0.0	1.0	1.0	0.0	0.0	0.0	1.0	0.0	0.0	0.0	0.0	0.0	0.0	0.0	1.0	0.0	1.0	1.0	0.0	2.0	1.0	0.0	1.0	0.0	0.0	1.0	2.0	0.0	0.0	0.0	0.0	1.0	1.0	0.0	2.0	0.0	0.0	4.0	2.0	7.0	6.0	17.0	human	0.0	0.0	0.0	0.0	0.0	0.0	0.0	0.14285714285714285	0.0	0.0	0.0	0.0	0.0	0.2857142857142857	0.0	0.2857142857142857	0.14285714285714285	0.0	0.14285714285714285	0.0	0.0	0.0	0.16666666666666666	0.16666666666666666	0.0	0.0	0.0	0.16666666666666666	0.0	0.0	0.0	0.0	0.0	0.0	0.0	0.16666666666666666	0.0	0.16666666666666666	0.16666666666666666	0.0	0.11764705882352941	0.058823529411764705	0.0	0.058823529411764705	0.0	0.0	0.058823529411764705	0.11764705882352941	0.0	0.0	0.0	0.0	0.058823529411764705	0.058823529411764705	0.0	0.11764705882352941	0.0	0.0	0.23529411764705882	0.11764705882352941
6dkj	H	DQAIFGVVPDY	WFDASD	GFTFSNY	-0.1571428571428571	0.0	7.857142857142857	134.71	-0.6833333333333332	-0.3333333333333333	8.983333333333334	138.3	0.3363636363636365	-0.1818181818181818	8.181818181818183	127.58999999999996	0.0	0.0	1.0	0.0	0.0	0.0	0.0	1.0	0.0	0.0	0.0	0.0	0.0	2.0	0.0	1.0	1.0	0.0	1.0	0.0	1.0	0.0	0.0	2.0	0.0	0.0	0.0	0.0	0.0	0.0	0.0	0.0	0.0	1.0	0.0	1.0	0.0	1.0	0.0	0.0	1.0	0.0	0.0	2.0	0.0	1.0	0.0	1.0	0.0	1.0	0.0	0.0	0.0	1.0	1.0	0.0	0.0	0.0	1.0	2.0	7.0	6.0	11.0	human	0.0	0.0	0.14285714285714285	0.0	0.0	0.0	0.0	0.14285714285714285	0.0	0.0	0.0	0.0	0.0	0.2857142857142857	0.0	0.14285714285714285	0.14285714285714285	0.0	0.14285714285714285	0.0	0.16666666666666666	0.0	0.0	0.3333333333333333	0.0	0.0	0.0	0.0	0.0	0.0	0.0	0.0	0.0	0.16666666666666666	0.0	0.16666666666666666	0.0	0.16666666666666666	0.0	0.0	0.09090909090909091	0.0	0.0	0.18181818181818182	0.0	0.09090909090909091	0.0	0.09090909090909091	0.0	0.09090909090909091	0.0	0.0	0.0	0.09090909090909091	0.09090909090909091	0.0	0.0	0.0	0.09090909090909091	0.18181818181818182
6m3b	C	TGRSGWMRFPNWFDP	SWNGSR	GFTFSSY	0.2285714285714286	0.0	7.514285714285713	130.84857142857143	-1.8166666666666669	0.1666666666666666	9.15	132.63333333333333	-1.0533333333333337	0.0666666666666666	8.286666666666667	140.41866666666667	0.0	0.0	0.0	0.0	0.0	0.0	0.0	1.0	0.0	0.0	0.0	0.0	0.0	2.0	0.0	2.0	1.0	0.0	1.0	0.0	0.0	1.0	1.0	0.0	0.0	0.0	0.0	1.0	0.0	0.0	0.0	0.0	0.0	0.0	0.0	2.0	0.0	1.0	0.0	0.0	0.0	2.0	1.0	1.0	0.0	0.0	0.0	2.0	0.0	0.0	0.0	0.0	1.0	2.0	2.0	1.0	1.0	2.0	0.0	0.0	7.0	6.0	15.0	human	0.0	0.0	0.0	0.0	0.0	0.0	0.0	0.14285714285714285	0.0	0.0	0.0	0.0	0.0	0.2857142857142857	0.0	0.2857142857142857	0.14285714285714285	0.0	0.14285714285714285	0.0	0.0	0.16666666666666666	0.16666666666666666	0.0	0.0	0.0	0.0	0.16666666666666666	0.0	0.0	0.0	0.0	0.0	0.0	0.0	0.3333333333333333	0.0	0.16666666666666666	0.0	0.0	0.0	0.13333333333333333	0.06666666666666667	0.06666666666666667	0.0	0.0	0.0	0.13333333333333333	0.0	0.0	0.0	0.0	0.06666666666666667	0.13333333333333333	0.13333333333333333	0.06666666666666667	0.06666666666666667	0.13333333333333333	0.0	0.0
3r1g	H	GPFSPWVMDY	SPAGGS	GFTFLGY	0.942857142857143	0.0	6.871428571428572	130.28571428571428	-0.3666666666666667	0.0	8.75	94.09	-0.12	-0.1	7.56	136.049	0.0	0.0	0.0	0.0	0.0	0.0	0.0	2.0	0.0	0.0	1.0	0.0	0.0	2.0	0.0	0.0	1.0	0.0	1.0	0.0	1.0	0.0	0.0	0.0	0.0	0.0	0.0	2.0	0.0	0.0	0.0	0.0	0.0	0.0	1.0	2.0	0.0	0.0	0.0	0.0	0.0	0.0	0.0	1.0	0.0	0.0	0.0	1.0	0.0	0.0	0.0	0.0	1.0	1.0	2.0	1.0	0.0	1.0	1.0	1.0	7.0	6.0	10.0	human	0.0	0.0	0.0	0.0	0.0	0.0	0.0	0.2857142857142857	0.0	0.0	0.14285714285714285	0.0	0.0	0.2857142857142857	0.0	0.0	0.14285714285714285	0.0	0.14285714285714285	0.0	0.16666666666666666	0.0	0.0	0.0	0.0	0.0	0.0	0.3333333333333333	0.0	0.0	0.0	0.0	0.0	0.0	0.16666666666666666	0.3333333333333333	0.0	0.0	0.0	0.0	0.0	0.0	0.0	0.1	0.0	0.0	0.0	0.1	0.0	0.0	0.0	0.0	0.1	0.1	0.2	0.1	0.0	0.1	0.1	0.1
7kez	H	GGAVAGTGVYYFDY	YPTNGY	GFNIKDT	-0.6714285714285715	0.0	9.128571428571428	128.85142857142858	-1.4666666666666668	0.0	8.266666666666667	133.97	0.3642857142857142	-0.0714285714285714	7.814285714285716	119.55285714285716	0.0	0.0	1.0	1.0	0.0	0.0	0.0	1.0	0.0	1.0	0.0	1.0	0.0	1.0	0.0	0.0	1.0	0.0	0.0	0.0	0.0	0.0	1.0	0.0	0.0	0.0	0.0	1.0	0.0	0.0	0.0	0.0	0.0	0.0	1.0	0.0	1.0	0.0	2.0	0.0	2.0	0.0	0.0	1.0	0.0	0.0	0.0	4.0	0.0	0.0	0.0	0.0	0.0	1.0	0.0	0.0	1.0	0.0	3.0	2.0	7.0	6.0	14.0	human	0.0	0.0	0.14285714285714285	0.14285714285714285	0.0	0.0	0.0	0.14285714285714285	0.0	0.14285714285714285	0.0	0.14285714285714285	0.0	0.14285714285714285	0.0	0.0	0.14285714285714285	0.0	0.0	0.0	0.0	0.0	0.16666666666666666	0.0	0.0	0.0	0.0	0.16666666666666666	0.0	0.0	0.0	0.0	0.0	0.0	0.16666666666666666	0.0	0.16666666666666666	0.0	0.3333333333333333	0.0	0.14285714285714285	0.0	0.0	0.07142857142857142	0.0	0.0	0.0	0.2857142857142857	0.0	0.0	0.0	0.0	0.0	0.07142857142857142	0.0	0.0	0.07142857142857142	0.0	0.21428571428571427	0.14285714285714285
7kf0	A	GGSFYYYYMDV	YPTNGY	GFNIKDT	-0.6714285714285715	0.0	9.128571428571428	128.85142857142858	-1.4666666666666668	0.0	8.266666666666667	133.97	-0.1272727272727272	-0.0909090909090909	7.436363636363637	140.4218181818182	0.0	0.0	1.0	1.0	0.0	0.0	0.0	1.0	0.0	1.0	0.0	1.0	0.0	1.0	0.0	0.0	1.0	0.0	0.0	0.0	0.0	0.0	1.0	0.0	0.0	0.0	0.0	1.0	0.0	0.0	0.0	0.0	0.0	0.0	1.0	0.0	1.0	0.0	2.0	0.0	0.0	0.0	0.0	1.0	0.0	0.0	0.0	2.0	0.0	0.0	0.0	0.0	1.0	1.0	0.0	1.0	0.0	0.0	4.0	1.0	7.0	6.0	11.0	human	0.0	0.0	0.14285714285714285	0.14285714285714285	0.0	0.0	0.0	0.14285714285714285	0.0	0.14285714285714285	0.0	0.14285714285714285	0.0	0.14285714285714285	0.0	0.0	0.14285714285714285	0.0	0.0	0.0	0.0	0.0	0.16666666666666666	0.0	0.0	0.0	0.0	0.16666666666666666	0.0	0.0	0.0	0.0	0.0	0.0	0.16666666666666666	0.0	0.16666666666666666	0.0	0.3333333333333333	0.0	0.0	0.0	0.0	0.09090909090909091	0.0	0.0	0.0	0.18181818181818182	0.0	0.0	0.0	0.0	0.09090909090909091	0.09090909090909091	0.0	0.09090909090909091	0.0	0.0	0.36363636363636365	0.09090909090909091
1iqd	B	PDPDAFDI	DPESGE	GYTLTEL	0.1428571428571427	-0.1428571428571428	7.785714285714285	129.13857142857142	-2.216666666666667	-0.5	10.633333333333333	120.44166666666666	-0.5749999999999997	-0.375	9.187500000000002	126.87625	0.0	0.0	0.0	0.0	0.0	0.0	1.0	1.0	0.0	0.0	2.0	0.0	0.0	0.0	0.0	0.0	2.0	0.0	1.0	0.0	0.0	0.0	0.0	1.0	0.0	0.0	2.0	1.0	0.0	0.0	0.0	0.0	0.0	0.0	1.0	1.0	0.0	0.0	0.0	0.0	1.0	0.0	0.0	3.0	0.0	0.0	0.0	0.0	0.0	1.0	0.0	0.0	0.0	1.0	2.0	0.0	0.0	0.0	0.0	0.0	7.0	6.0	8.0	human	0.0	0.0	0.0	0.0	0.0	0.0	0.14285714285714285	0.14285714285714285	0.0	0.0	0.2857142857142857	0.0	0.0	0.0	0.0	0.0	0.2857142857142857	0.0	0.14285714285714285	0.0	0.0	0.0	0.0	0.16666666666666666	0.0	0.0	0.3333333333333333	0.16666666666666666	0.0	0.0	0.0	0.0	0.0	0.0	0.16666666666666666	0.16666666666666666	0.0	0.0	0.0	0.0	0.125	0.0	0.0	0.375	0.0	0.0	0.0	0.0	0.0	0.125	0.0	0.0	0.0	0.125	0.25	0.0	0.0	0.0	0.0	0.0
4g6m	H	NRYDPPWFVD	WWDGD	GFSLSTSGM	0.5111111111111111	0.0	7.777777777777778	114.45555555555558	-1.84	-0.4	9.16	149.94599999999997	-1.34	-0.1	8.68	147.054	0.0	0.0	0.0	0.0	0.0	0.0	0.0	2.0	0.0	0.0	1.0	0.0	1.0	1.0	0.0	3.0	1.0	0.0	0.0	0.0	0.0	0.0	0.0	2.0	0.0	0.0	0.0	1.0	0.0	0.0	0.0	0.0	0.0	0.0	0.0	0.0	0.0	2.0	0.0	0.0	0.0	1.0	1.0	2.0	0.0	0.0	0.0	0.0	0.0	0.0	0.0	0.0	0.0	1.0	2.0	0.0	0.0	1.0	1.0	1.0	9.0	5.0	10.0	human	0.0	0.0	0.0	0.0	0.0	0.0	0.0	0.2222222222222222	0.0	0.0	0.1111111111111111	0.0	0.1111111111111111	0.1111111111111111	0.0	0.3333333333333333	0.1111111111111111	0.0	0.0	0.0	0.0	0.0	0.0	0.4	0.0	0.0	0.0	0.2	0.0	0.0	0.0	0.0	0.0	0.0	0.0	0.0	0.0	0.4	0.0	0.0	0.0	0.1	0.1	0.2	0.0	0.0	0.0	0.0	0.0	0.0	0.0	0.0	0.0	0.1	0.2	0.0	0.0	0.1	0.1	0.1
6wgl	A	DRLSITIRPRYYGLDV	SGSGGN	GFTFRDY	-0.6857142857142857	0.0	8.242857142857144	144.72285714285712	-1.05	0.0	9.5	94.585	-0.3625000000000002	0.0625	8.175	137.96375	0.0	1.0	0.0	1.0	0.0	0.0	0.0	1.0	0.0	0.0	0.0	0.0	0.0	2.0	0.0	0.0	1.0	0.0	1.0	0.0	0.0	0.0	1.0	0.0	0.0	0.0	0.0	3.0	0.0	0.0	0.0	0.0	0.0	0.0	0.0	2.0	0.0	0.0	0.0	0.0	0.0	3.0	0.0	2.0	0.0	0.0	0.0	1.0	0.0	2.0	2.0	0.0	0.0	0.0	1.0	1.0	1.0	0.0	2.0	1.0	7.0	6.0	16.0	human	0.0	0.14285714285714285	0.0	0.14285714285714285	0.0	0.0	0.0	0.14285714285714285	0.0	0.0	0.0	0.0	0.0	0.2857142857142857	0.0	0.0	0.14285714285714285	0.0	0.14285714285714285	0.0	0.0	0.0	0.16666666666666666	0.0	0.0	0.0	0.0	0.5	0.0	0.0	0.0	0.0	0.0	0.0	0.0	0.3333333333333333	0.0	0.0	0.0	0.0	0.0	0.1875	0.0	0.125	0.0	0.0	0.0	0.0625	0.0	0.125	0.125	0.0	0.0	0.0	0.0625	0.0625	0.0625	0.0	0.125	0.0625
5c7x	M	GFGTDF	ENKYAGGA	GFTFSSY	0.2285714285714286	0.0	7.514285714285713	130.84857142857143	-1.175	0.0	9.45	116.86875	0.0999999999999999	-0.1666666666666666	8.333333333333334	122.12333333333332	0.0	0.0	0.0	0.0	0.0	0.0	0.0	1.0	0.0	0.0	0.0	0.0	0.0	2.0	0.0	2.0	1.0	0.0	1.0	0.0	2.0	0.0	1.0	0.0	0.0	0.0	1.0	2.0	0.0	0.0	0.0	1.0	0.0	0.0	0.0	0.0	0.0	0.0	1.0	0.0	0.0	0.0	0.0	1.0	0.0	0.0	0.0	2.0	0.0	0.0	0.0	0.0	0.0	2.0	0.0	0.0	1.0	0.0	0.0	0.0	7.0	8.0	6.0	human	0.0	0.0	0.0	0.0	0.0	0.0	0.0	0.14285714285714285	0.0	0.0	0.0	0.0	0.0	0.2857142857142857	0.0	0.2857142857142857	0.14285714285714285	0.0	0.14285714285714285	0.0	0.25	0.0	0.125	0.0	0.0	0.0	0.125	0.25	0.0	0.0	0.0	0.125	0.0	0.0	0.0	0.0	0.0	0.0	0.125	0.0	0.0	0.0	0.0	0.16666666666666666	0.0	0.0	0.0	0.3333333333333333	0.0	0.0	0.0	0.0	0.0	0.3333333333333333	0.0	0.0	0.16666666666666666	0.0	0.0	0.0
6al5	H	RETTTVGRYYYAMDY	WPGDSD	GYAFSSY	-6.344131569286607e-17	0.0	7.5857142857142845	128.84428571428572	-1.7833333333333332	-0.3333333333333333	9.6	127.62	-1.0533333333333332	0.0	8.373333333333333	142.75133333333332	1.0	0.0	0.0	0.0	0.0	0.0	0.0	1.0	0.0	0.0	0.0	0.0	0.0	1.0	0.0	2.0	0.0	0.0	2.0	0.0	0.0	0.0	0.0	2.0	0.0	0.0	0.0	1.0	0.0	0.0	0.0	0.0	0.0	0.0	1.0	1.0	0.0	1.0	0.0	0.0	1.0	2.0	0.0	1.0	0.0	0.0	1.0	1.0	0.0	0.0	0.0	0.0	1.0	0.0	0.0	0.0	3.0	0.0	4.0	1.0	7.0	6.0	15.0	human	0.14285714285714285	0.0	0.0	0.0	0.0	0.0	0.0	0.14285714285714285	0.0	0.0	0.0	0.0	0.0	0.14285714285714285	0.0	0.2857142857142857	0.0	0.0	0.2857142857142857	0.0	0.0	0.0	0.0	0.3333333333333333	0.0	0.0	0.0	0.16666666666666666	0.0	0.0	0.0	0.0	0.0	0.0	0.16666666666666666	0.16666666666666666	0.0	0.16666666666666666	0.0	0.0	0.06666666666666667	0.13333333333333333	0.0	0.06666666666666667	0.0	0.0	0.06666666666666667	0.06666666666666667	0.0	0.0	0.0	0.0	0.06666666666666667	0.0	0.0	0.0	0.2	0.0	0.26666666666666666	0.06666666666666667
6yx9	H	ETGTAWFAY	NPNSGG	GYTFTDF	-0.142857142857143	-0.1428571428571428	7.971428571428571	136.8542857142857	-1.7000000000000002	0.0	9.733333333333334	105.76666666666664	-0.1222222222222223	-0.1111111111111111	7.944444444444445	132.13666666666666	0.0	0.0	0.0	1.0	0.0	0.0	0.0	1.0	0.0	0.0	0.0	0.0	0.0	2.0	0.0	0.0	2.0	0.0	1.0	0.0	0.0	0.0	2.0	0.0	0.0	0.0	0.0	2.0	0.0	0.0	0.0	0.0	0.0	0.0	1.0	1.0	0.0	0.0	0.0	0.0	2.0	0.0	0.0	0.0	0.0	0.0	1.0	1.0	0.0	0.0	0.0	0.0	0.0	1.0	0.0	0.0	2.0	1.0	1.0	0.0	7.0	6.0	9.0	human	0.0	0.0	0.0	0.14285714285714285	0.0	0.0	0.0	0.14285714285714285	0.0	0.0	0.0	0.0	0.0	0.2857142857142857	0.0	0.0	0.2857142857142857	0.0	0.14285714285714285	0.0	0.0	0.0	0.3333333333333333	0.0	0.0	0.0	0.0	0.3333333333333333	0.0	0.0	0.0	0.0	0.0	0.0	0.16666666666666666	0.16666666666666666	0.0	0.0	0.0	0.0	0.2222222222222222	0.0	0.0	0.0	0.0	0.0	0.1111111111111111	0.1111111111111111	0.0	0.0	0.0	0.0	0.0	0.1111111111111111	0.0	0.0	0.2222222222222222	0.1111111111111111	0.1111111111111111	0.0
5e8e	B	GDFSEFEPFSMDYFHF	DPQDGE	GYTLTEA	-0.1428571428571429	-0.1428571428571428	8.242857142857142	123.12714285714286	-2.6666666666666665	-0.5	10.966666666666669	124.94666666666666	-0.3875000000000001	-0.1875	8.39375	142.021875	1.0	0.0	0.0	0.0	0.0	0.0	1.0	1.0	0.0	0.0	1.0	0.0	0.0	0.0	0.0	0.0	2.0	0.0	1.0	0.0	0.0	0.0	0.0	2.0	0.0	1.0	1.0	1.0	0.0	0.0	0.0	0.0	0.0	0.0	1.0	0.0	0.0	0.0	0.0	0.0	0.0	0.0	0.0	2.0	0.0	0.0	2.0	1.0	1.0	0.0	0.0	0.0	1.0	5.0	1.0	2.0	0.0	0.0	1.0	0.0	7.0	6.0	16.0	human	0.14285714285714285	0.0	0.0	0.0	0.0	0.0	0.14285714285714285	0.14285714285714285	0.0	0.0	0.14285714285714285	0.0	0.0	0.0	0.0	0.0	0.2857142857142857	0.0	0.14285714285714285	0.0	0.0	0.0	0.0	0.3333333333333333	0.0	0.16666666666666666	0.16666666666666666	0.16666666666666666	0.0	0.0	0.0	0.0	0.0	0.0	0.16666666666666666	0.0	0.0	0.0	0.0	0.0	0.0	0.0	0.0	0.125	0.0	0.0	0.125	0.0625	0.0625	0.0	0.0	0.0	0.0625	0.3125	0.0625	0.125	0.0	0.0	0.0625	0.0
5j13	C	APQWELVHEAFDI	WYDGSN	GFTFRTY	-0.2857142857142857	0.1428571428571428	7.614285714285715	142.72571428571428	-1.7333333333333334	-0.1666666666666666	9.066666666666666	138.46666666666667	-0.0615384615384615	-0.1538461538461538	8.407692307692308	136.2223076923077	0.0	1.0	0.0	0.0	0.0	0.0	0.0	1.0	0.0	0.0	0.0	0.0	0.0	2.0	0.0	0.0	2.0	0.0	1.0	0.0	0.0	0.0	1.0	1.0	0.0	0.0	0.0	1.0	0.0	0.0	0.0	0.0	0.0	0.0	0.0	1.0	0.0	1.0	1.0	0.0	2.0	0.0	0.0	1.0	0.0	1.0	2.0	0.0	1.0	1.0	1.0	0.0	0.0	1.0	1.0	0.0	0.0	1.0	0.0	1.0	7.0	6.0	13.0	human	0.0	0.14285714285714285	0.0	0.0	0.0	0.0	0.0	0.14285714285714285	0.0	0.0	0.0	0.0	0.0	0.2857142857142857	0.0	0.0	0.2857142857142857	0.0	0.14285714285714285	0.0	0.0	0.0	0.16666666666666666	0.16666666666666666	0.0	0.0	0.0	0.16666666666666666	0.0	0.0	0.0	0.0	0.0	0.0	0.0	0.16666666666666666	0.0	0.16666666666666666	0.16666666666666666	0.0	0.15384615384615385	0.0	0.0	0.07692307692307693	0.0	0.07692307692307693	0.15384615384615385	0.0	0.07692307692307693	0.07692307692307693	0.07692307692307693	0.0	0.0	0.07692307692307693	0.07692307692307693	0.0	0.0	0.07692307692307693	0.0	0.07692307692307693
5n7w	H	FPYYYGNWDV	LPGSGS	GYTFSSY	-0.3571428571428572	0.0	7.657142857142857	133.1342857142857	-0.0333333333333333	0.0	8.216666666666667	101.10333333333334	-0.6799999999999999	-0.1	7.67	148.55599999999998	0.0	0.0	0.0	0.0	0.0	0.0	0.0	1.0	0.0	0.0	0.0	0.0	0.0	1.0	0.0	2.0	1.0	0.0	2.0	0.0	0.0	0.0	0.0	0.0	0.0	0.0	0.0	2.0	0.0	0.0	1.0	0.0	0.0	0.0	1.0	2.0	0.0	0.0	0.0	0.0	0.0	0.0	1.0	1.0	0.0	0.0	0.0	1.0	0.0	0.0	0.0	0.0	0.0	1.0	1.0	0.0	0.0	1.0	3.0	1.0	7.0	6.0	10.0	human	0.0	0.0	0.0	0.0	0.0	0.0	0.0	0.14285714285714285	0.0	0.0	0.0	0.0	0.0	0.14285714285714285	0.0	0.2857142857142857	0.14285714285714285	0.0	0.2857142857142857	0.0	0.0	0.0	0.0	0.0	0.0	0.0	0.0	0.3333333333333333	0.0	0.0	0.16666666666666666	0.0	0.0	0.0	0.16666666666666666	0.3333333333333333	0.0	0.0	0.0	0.0	0.0	0.0	0.1	0.1	0.0	0.0	0.0	0.1	0.0	0.0	0.0	0.0	0.0	0.1	0.1	0.0	0.0	0.1	0.3	0.1
2h32	H	HYYYYYGMDV	YPGDSD	GYSFTSY	-0.3571428571428571	0.0	7.657142857142857	133.1342857142857	-1.8500000000000003	-0.3333333333333333	9.733333333333334	123.78000000000002	-0.7500000000000001	0.0	7.500000000000002	153.56400000000002	0.0	0.0	0.0	0.0	0.0	0.0	0.0	1.0	0.0	0.0	0.0	0.0	0.0	1.0	0.0	2.0	1.0	0.0	2.0	0.0	0.0	0.0	0.0	2.0	0.0	0.0	0.0	1.0	0.0	0.0	0.0	0.0	0.0	0.0	1.0	1.0	0.0	0.0	1.0	0.0	0.0	0.0	0.0	1.0	0.0	0.0	0.0	1.0	1.0	0.0	0.0	0.0	1.0	0.0	0.0	0.0	0.0	0.0	5.0	1.0	7.0	6.0	10.0	human	0.0	0.0	0.0	0.0	0.0	0.0	0.0	0.14285714285714285	0.0	0.0	0.0	0.0	0.0	0.14285714285714285	0.0	0.2857142857142857	0.14285714285714285	0.0	0.2857142857142857	0.0	0.0	0.0	0.0	0.3333333333333333	0.0	0.0	0.0	0.16666666666666666	0.0	0.0	0.0	0.0	0.0	0.0	0.16666666666666666	0.16666666666666666	0.0	0.0	0.16666666666666666	0.0	0.0	0.0	0.0	0.1	0.0	0.0	0.0	0.1	0.1	0.0	0.0	0.0	0.1	0.0	0.0	0.0	0.0	0.0	0.5	0.1
5l6y	H	DSSSSWARWFFDL	SANNGD	GYTFTNY	-0.7285714285714286	0.0	7.914285714285714	139.0	-1.65	-0.1666666666666666	10.416666666666666	111.09833333333334	-0.4076923076923078	-0.0769230769230769	8.26923076923077	139.98923076923077	0.0	0.0	1.0	0.0	0.0	0.0	0.0	1.0	0.0	0.0	0.0	0.0	0.0	1.0	0.0	0.0	2.0	0.0	2.0	0.0	1.0	0.0	2.0	1.0	0.0	0.0	0.0	1.0	0.0	0.0	0.0	0.0	0.0	0.0	0.0	1.0	0.0	0.0	0.0	0.0	1.0	1.0	0.0	2.0	0.0	0.0	0.0	0.0	0.0	0.0	1.0	0.0	0.0	2.0	0.0	4.0	0.0	2.0	0.0	0.0	7.0	6.0	13.0	human	0.0	0.0	0.14285714285714285	0.0	0.0	0.0	0.0	0.14285714285714285	0.0	0.0	0.0	0.0	0.0	0.14285714285714285	0.0	0.0	0.2857142857142857	0.0	0.2857142857142857	0.0	0.16666666666666666	0.0	0.3333333333333333	0.16666666666666666	0.0	0.0	0.0	0.16666666666666666	0.0	0.0	0.0	0.0	0.0	0.0	0.0	0.16666666666666666	0.0	0.0	0.0	0.0	0.07692307692307693	0.07692307692307693	0.0	0.15384615384615385	0.0	0.0	0.0	0.0	0.0	0.0	0.07692307692307693	0.0	0.0	0.15384615384615385	0.0	0.3076923076923077	0.0	0.15384615384615385	0.0	0.0
6wio	A	DYYDILTDYYIHYWYFDL	NQDGSE	GFTFSNY	-0.1571428571428571	0.0	7.857142857142857	134.71	-2.5333333333333337	-0.3333333333333333	10.933333333333332	123.11	-0.4	-0.1666666666666666	7.722222222222224	154.88444444444443	0.0	0.0	1.0	0.0	0.0	0.0	0.0	1.0	0.0	0.0	0.0	0.0	0.0	2.0	0.0	1.0	1.0	0.0	1.0	0.0	0.0	0.0	1.0	1.0	0.0	1.0	1.0	1.0	0.0	0.0	0.0	0.0	0.0	0.0	0.0	1.0	0.0	0.0	0.0	0.0	0.0	0.0	0.0	4.0	0.0	0.0	0.0	0.0	1.0	2.0	2.0	0.0	0.0	1.0	0.0	0.0	1.0	1.0	6.0	0.0	7.0	6.0	18.0	human	0.0	0.0	0.14285714285714285	0.0	0.0	0.0	0.0	0.14285714285714285	0.0	0.0	0.0	0.0	0.0	0.2857142857142857	0.0	0.14285714285714285	0.14285714285714285	0.0	0.14285714285714285	0.0	0.0	0.0	0.16666666666666666	0.16666666666666666	0.0	0.16666666666666666	0.16666666666666666	0.16666666666666666	0.0	0.0	0.0	0.0	0.0	0.0	0.0	0.16666666666666666	0.0	0.0	0.0	0.0	0.0	0.0	0.0	0.2222222222222222	0.0	0.0	0.0	0.0	0.05555555555555555	0.1111111111111111	0.1111111111111111	0.0	0.0	0.05555555555555555	0.0	0.0	0.05555555555555555	0.05555555555555555	0.3333333333333333	0.0
4cni	H	ESYYGFTSY	RNKNYQYG	GFNFNDY	-0.942857142857143	-0.1428571428571428	8.828571428571427	140.56857142857143	-2.7375	0.25	9.6125	146.02874999999997	-0.8111111111111111	-0.1111111111111111	8.011111111111113	140.0288888888889	0.0	0.0	2.0	1.0	0.0	0.0	0.0	1.0	0.0	0.0	0.0	0.0	0.0	2.0	0.0	0.0	0.0	0.0	1.0	0.0	0.0	1.0	2.0	0.0	0.0	1.0	0.0	1.0	0.0	0.0	0.0	1.0	0.0	0.0	0.0	0.0	0.0	0.0	2.0	0.0	0.0	0.0	0.0	0.0	0.0	0.0	1.0	1.0	0.0	0.0	0.0	0.0	0.0	1.0	0.0	2.0	1.0	0.0	3.0	0.0	7.0	8.0	9.0	human	0.0	0.0	0.2857142857142857	0.14285714285714285	0.0	0.0	0.0	0.14285714285714285	0.0	0.0	0.0	0.0	0.0	0.2857142857142857	0.0	0.0	0.0	0.0	0.14285714285714285	0.0	0.0	0.125	0.25	0.0	0.0	0.125	0.0	0.125	0.0	0.0	0.0	0.125	0.0	0.0	0.0	0.0	0.0	0.0	0.25	0.0	0.0	0.0	0.0	0.0	0.0	0.0	0.1111111111111111	0.1111111111111111	0.0	0.0	0.0	0.0	0.0	0.1111111111111111	0.0	0.2222222222222222	0.1111111111111111	0.0	0.3333333333333333	0.0
5ngv	H	GGWFDY	NPVSGS	GYTFTSS	-0.2714285714285715	0.0	8.0	124.26714285714286	-0.4833333333333332	0.0	8.816666666666668	108.275	-0.6166666666666667	-0.1666666666666666	7.966666666666666	138.975	0.0	0.0	0.0	0.0	0.0	0.0	0.0	1.0	0.0	0.0	0.0	0.0	0.0	1.0	0.0	2.0	2.0	0.0	1.0	0.0	0.0	0.0	1.0	0.0	0.0	0.0	0.0	1.0	0.0	0.0	0.0	0.0	0.0	0.0	1.0	2.0	0.0	0.0	0.0	1.0	0.0	0.0	0.0	1.0	0.0	0.0	0.0	2.0	0.0	0.0	0.0	0.0	0.0	1.0	0.0	0.0	0.0	1.0	1.0	0.0	7.0	6.0	6.0	human	0.0	0.0	0.0	0.0	0.0	0.0	0.0	0.14285714285714285	0.0	0.0	0.0	0.0	0.0	0.14285714285714285	0.0	0.2857142857142857	0.2857142857142857	0.0	0.14285714285714285	0.0	0.0	0.0	0.16666666666666666	0.0	0.0	0.0	0.0	0.16666666666666666	0.0	0.0	0.0	0.0	0.0	0.0	0.16666666666666666	0.3333333333333333	0.0	0.0	0.0	0.16666666666666666	0.0	0.0	0.0	0.16666666666666666	0.0	0.0	0.0	0.3333333333333333	0.0	0.0	0.0	0.0	0.0	0.16666666666666666	0.0	0.0	0.0	0.16666666666666666	0.16666666666666666	0.0
3skj	H	YDSGYDYVAVAGPAEYFQH	GPSGGP	GFTFSHY	-0.1142857142857143	0.1428571428571428	7.685714285714285	138.00142857142856	-0.8666666666666666	0.0	8.700000000000001	93.42666666666666	-0.4736842105263159	-0.1052631578947368	8.44736842105263	130.34315789473683	0.0	0.0	0.0	0.0	0.0	0.0	0.0	1.0	1.0	0.0	0.0	0.0	0.0	2.0	0.0	1.0	1.0	0.0	1.0	0.0	0.0	0.0	0.0	0.0	0.0	0.0	0.0	3.0	0.0	0.0	0.0	0.0	0.0	0.0	2.0	1.0	0.0	0.0	0.0	0.0	3.0	0.0	0.0	2.0	0.0	1.0	1.0	2.0	1.0	0.0	0.0	0.0	0.0	1.0	1.0	1.0	0.0	0.0	4.0	2.0	7.0	6.0	19.0	human	0.0	0.0	0.0	0.0	0.0	0.0	0.0	0.14285714285714285	0.14285714285714285	0.0	0.0	0.0	0.0	0.2857142857142857	0.0	0.14285714285714285	0.14285714285714285	0.0	0.14285714285714285	0.0	0.0	0.0	0.0	0.0	0.0	0.0	0.0	0.5	0.0	0.0	0.0	0.0	0.0	0.0	0.3333333333333333	0.16666666666666666	0.0	0.0	0.0	0.0	0.15789473684210525	0.0	0.0	0.10526315789473684	0.0	0.05263157894736842	0.05263157894736842	0.10526315789473684	0.05263157894736842	0.0	0.0	0.0	0.0	0.05263157894736842	0.05263157894736842	0.05263157894736842	0.0	0.0	0.21052631578947367	0.10526315789473684
6vgr	C	RAAAYYSNPEWFAY	LPGSGN	GGTFSSY	-0.2285714285714286	0.0	8.057142857142859	117.9742857142857	-0.4833333333333334	0.0	8.616666666666665	105.60833333333336	-0.6214285714285713	0.0	8.085714285714285	138.78714285714287	0.0	0.0	0.0	0.0	0.0	0.0	0.0	2.0	0.0	0.0	0.0	0.0	0.0	1.0	0.0	2.0	1.0	0.0	1.0	0.0	0.0	0.0	1.0	0.0	0.0	0.0	0.0	2.0	0.0	0.0	1.0	0.0	0.0	0.0	1.0	1.0	0.0	0.0	0.0	0.0	4.0	1.0	1.0	0.0	0.0	0.0	1.0	0.0	0.0	0.0	0.0	0.0	0.0	1.0	1.0	1.0	0.0	1.0	3.0	0.0	7.0	6.0	14.0	human	0.0	0.0	0.0	0.0	0.0	0.0	0.0	0.2857142857142857	0.0	0.0	0.0	0.0	0.0	0.14285714285714285	0.0	0.2857142857142857	0.14285714285714285	0.0	0.14285714285714285	0.0	0.0	0.0	0.16666666666666666	0.0	0.0	0.0	0.0	0.3333333333333333	0.0	0.0	0.16666666666666666	0.0	0.0	0.0	0.16666666666666666	0.16666666666666666	0.0	0.0	0.0	0.0	0.2857142857142857	0.07142857142857142	0.07142857142857142	0.0	0.0	0.0	0.07142857142857142	0.0	0.0	0.0	0.0	0.0	0.0	0.07142857142857142	0.07142857142857142	0.07142857142857142	0.0	0.07142857142857142	0.21428571428571427	0.0
5oca	H	DYDFWSAYYDAFDV	SSSSSY	GFTFSSY	0.2285714285714286	0.0	7.514285714285713	130.84857142857143	-0.8833333333333333	0.0	8.700000000000001	117.77333333333335	-0.442857142857143	-0.2857142857142857	8.407142857142857	143.64285714285714	0.0	0.0	0.0	0.0	0.0	0.0	0.0	1.0	0.0	0.0	0.0	0.0	0.0	2.0	0.0	2.0	1.0	0.0	1.0	0.0	0.0	0.0	0.0	0.0	0.0	0.0	0.0	0.0	0.0	0.0	0.0	0.0	0.0	0.0	0.0	5.0	0.0	0.0	1.0	0.0	2.0	0.0	0.0	4.0	0.0	0.0	0.0	0.0	0.0	0.0	0.0	0.0	0.0	2.0	0.0	1.0	0.0	1.0	3.0	1.0	7.0	6.0	14.0	human	0.0	0.0	0.0	0.0	0.0	0.0	0.0	0.14285714285714285	0.0	0.0	0.0	0.0	0.0	0.2857142857142857	0.0	0.2857142857142857	0.14285714285714285	0.0	0.14285714285714285	0.0	0.0	0.0	0.0	0.0	0.0	0.0	0.0	0.0	0.0	0.0	0.0	0.0	0.0	0.0	0.0	0.8333333333333334	0.0	0.0	0.16666666666666666	0.0	0.14285714285714285	0.0	0.0	0.2857142857142857	0.0	0.0	0.0	0.0	0.0	0.0	0.0	0.0	0.0	0.14285714285714285	0.0	0.07142857142857142	0.0	0.07142857142857142	0.21428571428571427	0.07142857142857142
2uzi	H	GRFFDY	SRTSKT	GFTFSTF	0.8285714285714285	0.0	7.285714285714286	130.56714285714287	-1.9	0.3333333333333333	9.566666666666666	128.13500000000002	-0.6833333333333335	0.0	8.183333333333334	148.99	0.0	0.0	0.0	0.0	0.0	0.0	0.0	1.0	0.0	0.0	0.0	0.0	0.0	3.0	0.0	1.0	2.0	0.0	0.0	0.0	0.0	1.0	0.0	0.0	0.0	0.0	0.0	0.0	0.0	0.0	0.0	1.0	0.0	0.0	0.0	2.0	2.0	0.0	0.0	0.0	0.0	1.0	0.0	1.0	0.0	0.0	0.0	1.0	0.0	0.0	0.0	0.0	0.0	2.0	0.0	0.0	0.0	0.0	1.0	0.0	7.0	6.0	6.0	human	0.0	0.0	0.0	0.0	0.0	0.0	0.0	0.14285714285714285	0.0	0.0	0.0	0.0	0.0	0.42857142857142855	0.0	0.14285714285714285	0.2857142857142857	0.0	0.0	0.0	0.0	0.16666666666666666	0.0	0.0	0.0	0.0	0.0	0.0	0.0	0.0	0.0	0.16666666666666666	0.0	0.0	0.0	0.3333333333333333	0.3333333333333333	0.0	0.0	0.0	0.0	0.16666666666666666	0.0	0.16666666666666666	0.0	0.0	0.0	0.16666666666666666	0.0	0.0	0.0	0.0	0.0	0.3333333333333333	0.0	0.0	0.0	0.0	0.16666666666666666	0.0
2xwt	A	LDWNYNPLRY	YPGDSD	GYSLTDN	-0.9142857142857144	-0.1428571428571428	8.928571428571429	125.26571428571428	-1.8500000000000003	-0.3333333333333333	9.733333333333334	123.78000000000002	-1.25	0.0	8.23	151.562	0.0	0.0	1.0	1.0	0.0	0.0	0.0	1.0	0.0	0.0	1.0	0.0	0.0	0.0	0.0	1.0	1.0	0.0	1.0	0.0	0.0	0.0	0.0	2.0	0.0	0.0	0.0	1.0	0.0	0.0	0.0	0.0	0.0	0.0	1.0	1.0	0.0	0.0	1.0	0.0	0.0	1.0	2.0	1.0	0.0	0.0	0.0	0.0	0.0	0.0	2.0	0.0	0.0	0.0	1.0	0.0	0.0	1.0	2.0	0.0	7.0	6.0	10.0	human	0.0	0.0	0.14285714285714285	0.14285714285714285	0.0	0.0	0.0	0.14285714285714285	0.0	0.0	0.14285714285714285	0.0	0.0	0.0	0.0	0.14285714285714285	0.14285714285714285	0.0	0.14285714285714285	0.0	0.0	0.0	0.0	0.3333333333333333	0.0	0.0	0.0	0.16666666666666666	0.0	0.0	0.0	0.0	0.0	0.0	0.16666666666666666	0.16666666666666666	0.0	0.0	0.16666666666666666	0.0	0.0	0.1	0.2	0.1	0.0	0.0	0.0	0.0	0.0	0.0	0.2	0.0	0.0	0.0	0.1	0.0	0.0	0.1	0.2	0.0
6yio	H	GGSVSGTLVDFDI	IPIFGT	GGTFSSL	0.4999999999999999	0.0	7.871428571428572	110.82857142857142	1.5166666666666666	0.0	6.866666666666666	122.80833333333334	0.6923076923076923	-0.1538461538461538	8.23846153846154	114.04153846153848	0.0	0.0	0.0	0.0	0.0	0.0	0.0	2.0	0.0	0.0	1.0	0.0	0.0	1.0	0.0	2.0	1.0	0.0	0.0	0.0	0.0	0.0	0.0	0.0	0.0	0.0	0.0	1.0	0.0	2.0	0.0	0.0	0.0	1.0	1.0	0.0	1.0	0.0	0.0	0.0	0.0	0.0	0.0	2.0	0.0	0.0	0.0	3.0	0.0	1.0	1.0	0.0	0.0	1.0	0.0	2.0	1.0	0.0	0.0	2.0	7.0	6.0	13.0	human	0.0	0.0	0.0	0.0	0.0	0.0	0.0	0.2857142857142857	0.0	0.0	0.14285714285714285	0.0	0.0	0.14285714285714285	0.0	0.2857142857142857	0.14285714285714285	0.0	0.0	0.0	0.0	0.0	0.0	0.0	0.0	0.0	0.0	0.16666666666666666	0.0	0.3333333333333333	0.0	0.0	0.0	0.16666666666666666	0.16666666666666666	0.0	0.16666666666666666	0.0	0.0	0.0	0.0	0.0	0.0	0.15384615384615385	0.0	0.0	0.0	0.23076923076923078	0.0	0.07692307692307693	0.07692307692307693	0.0	0.0	0.07692307692307693	0.0	0.15384615384615385	0.07692307692307693	0.0	0.0	0.15384615384615385
5d71	H	GFGTDF	SYSGSE	GFTFSSY	0.2285714285714286	0.0	7.514285714285713	130.84857142857143	-1.2666666666666668	-0.1666666666666666	9.183333333333332	119.77666666666666	0.0999999999999999	-0.1666666666666666	8.333333333333334	122.12333333333332	0.0	0.0	0.0	0.0	0.0	0.0	0.0	1.0	0.0	0.0	0.0	0.0	0.0	2.0	0.0	2.0	1.0	0.0	1.0	0.0	0.0	0.0	0.0	0.0	0.0	0.0	1.0	1.0	0.0	0.0	0.0	0.0	0.0	0.0	0.0	3.0	0.0	0.0	1.0	0.0	0.0	0.0	0.0	1.0	0.0	0.0	0.0	2.0	0.0	0.0	0.0	0.0	0.0	2.0	0.0	0.0	1.0	0.0	0.0	0.0	7.0	6.0	6.0	human	0.0	0.0	0.0	0.0	0.0	0.0	0.0	0.14285714285714285	0.0	0.0	0.0	0.0	0.0	0.2857142857142857	0.0	0.2857142857142857	0.14285714285714285	0.0	0.14285714285714285	0.0	0.0	0.0	0.0	0.0	0.0	0.0	0.16666666666666666	0.16666666666666666	0.0	0.0	0.0	0.0	0.0	0.0	0.0	0.5	0.0	0.0	0.16666666666666666	0.0	0.0	0.0	0.0	0.16666666666666666	0.0	0.0	0.0	0.3333333333333333	0.0	0.0	0.0	0.0	0.0	0.3333333333333333	0.0	0.0	0.16666666666666666	0.0	0.0	0.0
6wzm	C	EGPYSYYPSREYYGSDL	SPNSGS	GYEFTSY	-0.7428571428571429	-0.1428571428571428	8.1	139.14	-1.3166666666666669	0.0	9.366666666666667	106.265	-1.4176470588235297	-0.1176470588235294	8.564705882352943	137.31470588235294	0.0	0.0	0.0	0.0	0.0	0.0	1.0	1.0	0.0	0.0	0.0	0.0	0.0	1.0	0.0	1.0	1.0	0.0	2.0	0.0	0.0	0.0	1.0	0.0	0.0	0.0	0.0	1.0	0.0	0.0	0.0	0.0	0.0	0.0	1.0	3.0	0.0	0.0	0.0	0.0	0.0	1.0	0.0	1.0	0.0	0.0	2.0	2.0	0.0	0.0	1.0	0.0	0.0	0.0	2.0	3.0	0.0	0.0	5.0	0.0	7.0	6.0	17.0	human	0.0	0.0	0.0	0.0	0.0	0.0	0.14285714285714285	0.14285714285714285	0.0	0.0	0.0	0.0	0.0	0.14285714285714285	0.0	0.14285714285714285	0.14285714285714285	0.0	0.2857142857142857	0.0	0.0	0.0	0.16666666666666666	0.0	0.0	0.0	0.0	0.16666666666666666	0.0	0.0	0.0	0.0	0.0	0.0	0.16666666666666666	0.5	0.0	0.0	0.0	0.0	0.0	0.058823529411764705	0.0	0.058823529411764705	0.0	0.0	0.11764705882352941	0.11764705882352941	0.0	0.0	0.058823529411764705	0.0	0.0	0.0	0.11764705882352941	0.17647058823529413	0.0	0.0	0.29411764705882354	0.0
3k2u	H	WWAWPAFDY	YPAGGA	GFTINGT	0.2285714285714286	0.0	8.17142857142857	116.69428571428573	-0.0166666666666667	0.0	8.066666666666666	104.10666666666668	-0.3	-0.1111111111111111	7.199999999999999	153.94222222222223	0.0	0.0	1.0	0.0	0.0	0.0	0.0	2.0	0.0	1.0	0.0	0.0	0.0	1.0	0.0	0.0	2.0	0.0	0.0	0.0	2.0	0.0	0.0	0.0	0.0	0.0	0.0	2.0	0.0	0.0	0.0	0.0	0.0	0.0	1.0	0.0	0.0	0.0	1.0	0.0	2.0	0.0	0.0	1.0	0.0	0.0	0.0	0.0	0.0	0.0	0.0	0.0	0.0	1.0	1.0	0.0	0.0	3.0	1.0	0.0	7.0	6.0	9.0	human	0.0	0.0	0.14285714285714285	0.0	0.0	0.0	0.0	0.2857142857142857	0.0	0.14285714285714285	0.0	0.0	0.0	0.14285714285714285	0.0	0.0	0.2857142857142857	0.0	0.0	0.0	0.3333333333333333	0.0	0.0	0.0	0.0	0.0	0.0	0.3333333333333333	0.0	0.0	0.0	0.0	0.0	0.0	0.16666666666666666	0.0	0.0	0.0	0.16666666666666666	0.0	0.2222222222222222	0.0	0.0	0.1111111111111111	0.0	0.0	0.0	0.0	0.0	0.0	0.0	0.0	0.0	0.1111111111111111	0.1111111111111111	0.0	0.0	0.3333333333333333	0.1111111111111111	0.0
6o9i	D	FYYGTSWFAY	NPSNGR	GYTFTSN	-0.6571428571428573	0.0	8.342857142857143	128.12857142857143	-2.3833333333333333	0.1666666666666666	9.983333333333333	122.28833333333334	0.0699999999999999	0.0	6.9300000000000015	146.655	0.0	0.0	1.0	0.0	0.0	0.0	0.0	1.0	0.0	0.0	0.0	0.0	0.0	1.0	0.0	1.0	2.0	0.0	1.0	0.0	0.0	1.0	2.0	0.0	0.0	0.0	0.0	1.0	0.0	0.0	0.0	0.0	0.0	0.0	1.0	1.0	0.0	0.0	0.0	0.0	1.0	0.0	0.0	0.0	0.0	0.0	0.0	1.0	0.0	0.0	0.0	0.0	0.0	2.0	0.0	1.0	1.0	1.0	3.0	0.0	7.0	6.0	10.0	human	0.0	0.0	0.14285714285714285	0.0	0.0	0.0	0.0	0.14285714285714285	0.0	0.0	0.0	0.0	0.0	0.14285714285714285	0.0	0.14285714285714285	0.2857142857142857	0.0	0.14285714285714285	0.0	0.0	0.16666666666666666	0.3333333333333333	0.0	0.0	0.0	0.0	0.16666666666666666	0.0	0.0	0.0	0.0	0.0	0.0	0.16666666666666666	0.16666666666666666	0.0	0.0	0.0	0.0	0.1	0.0	0.0	0.0	0.0	0.0	0.0	0.1	0.0	0.0	0.0	0.0	0.0	0.2	0.0	0.1	0.1	0.1	0.3	0.0
7d85	B	DLHMGPEGPFDY	DLDSGS	GFTFSDY	-0.1571428571428571	-0.1428571428571428	8.057142857142857	134.85	-0.8666666666666667	-0.3333333333333333	9.716666666666669	113.77	-0.875	-0.1666666666666666	8.725	131.30416666666667	0.0	0.0	0.0	1.0	0.0	0.0	0.0	1.0	0.0	0.0	0.0	0.0	0.0	2.0	0.0	1.0	1.0	0.0	1.0	0.0	0.0	0.0	0.0	2.0	0.0	0.0	0.0	1.0	0.0	0.0	1.0	0.0	0.0	0.0	0.0	2.0	0.0	0.0	0.0	0.0	0.0	0.0	0.0	2.0	0.0	0.0	1.0	2.0	1.0	0.0	1.0	0.0	1.0	1.0	2.0	0.0	0.0	0.0	1.0	0.0	7.0	6.0	12.0	human	0.0	0.0	0.0	0.14285714285714285	0.0	0.0	0.0	0.14285714285714285	0.0	0.0	0.0	0.0	0.0	0.2857142857142857	0.0	0.14285714285714285	0.14285714285714285	0.0	0.14285714285714285	0.0	0.0	0.0	0.0	0.3333333333333333	0.0	0.0	0.0	0.16666666666666666	0.0	0.0	0.16666666666666666	0.0	0.0	0.0	0.0	0.3333333333333333	0.0	0.0	0.0	0.0	0.0	0.0	0.0	0.16666666666666666	0.0	0.0	0.08333333333333333	0.16666666666666666	0.08333333333333333	0.0	0.08333333333333333	0.0	0.08333333333333333	0.08333333333333333	0.16666666666666666	0.0	0.0	0.0	0.08333333333333333	0.0
4y5y	D	VSRGGSFSD	PDGSE	GFTFSY	0.4000000000000001	0.0	7.233333333333333	135.14166666666665	-1.96	-0.4	10.3	115.104	-0.4666666666666665	0.0	8.911111111111111	117.22777777777776	0.0	0.0	0.0	0.0	0.0	0.0	0.0	1.0	0.0	0.0	0.0	0.0	0.0	2.0	0.0	1.0	1.0	0.0	1.0	0.0	0.0	0.0	0.0	1.0	0.0	0.0	1.0	1.0	0.0	0.0	0.0	0.0	0.0	0.0	1.0	1.0	0.0	0.0	0.0	0.0	0.0	1.0	0.0	1.0	0.0	0.0	0.0	2.0	0.0	0.0	0.0	0.0	0.0	1.0	0.0	3.0	0.0	0.0	0.0	1.0	6.0	5.0	9.0	human	0.0	0.0	0.0	0.0	0.0	0.0	0.0	0.16666666666666666	0.0	0.0	0.0	0.0	0.0	0.3333333333333333	0.0	0.16666666666666666	0.16666666666666666	0.0	0.16666666666666666	0.0	0.0	0.0	0.0	0.2	0.0	0.0	0.2	0.2	0.0	0.0	0.0	0.0	0.0	0.0	0.2	0.2	0.0	0.0	0.0	0.0	0.0	0.1111111111111111	0.0	0.1111111111111111	0.0	0.0	0.0	0.2222222222222222	0.0	0.0	0.0	0.0	0.0	0.1111111111111111	0.0	0.3333333333333333	0.0	0.0	0.0	0.1111111111111111
6o39	B	YHHPFGYALDY	YSSFGS	GFNIHSS	-0.2	0.1428571428571428	8.542857142857143	124.12714285714286	-0.2166666666666667	0.0	8.0	122.78666666666663	-0.6727272727272728	0.0909090909090909	7.963636363636365	142.0581818181818	0.0	0.0	1.0	0.0	0.0	0.0	0.0	1.0	1.0	1.0	0.0	0.0	0.0	1.0	0.0	2.0	0.0	0.0	0.0	0.0	0.0	0.0	0.0	0.0	0.0	0.0	0.0	1.0	0.0	0.0	0.0	0.0	0.0	1.0	0.0	3.0	0.0	0.0	1.0	0.0	1.0	0.0	0.0	1.0	0.0	0.0	0.0	1.0	2.0	0.0	1.0	0.0	0.0	1.0	1.0	0.0	0.0	0.0	3.0	0.0	7.0	6.0	11.0	human	0.0	0.0	0.14285714285714285	0.0	0.0	0.0	0.0	0.14285714285714285	0.14285714285714285	0.14285714285714285	0.0	0.0	0.0	0.14285714285714285	0.0	0.2857142857142857	0.0	0.0	0.0	0.0	0.0	0.0	0.0	0.0	0.0	0.0	0.0	0.16666666666666666	0.0	0.0	0.0	0.0	0.0	0.16666666666666666	0.0	0.5	0.0	0.0	0.16666666666666666	0.0	0.09090909090909091	0.0	0.0	0.09090909090909091	0.0	0.0	0.0	0.09090909090909091	0.18181818181818182	0.0	0.09090909090909091	0.0	0.0	0.09090909090909091	0.09090909090909091	0.0	0.0	0.0	0.2727272727272727	0.0
7mrz	X	DSLRYGMDV	SYSGS	GGSISSSSY	-0.1777777777777778	0.0	8.377777777777778	109.77222222222224	-0.8200000000000001	0.0	8.559999999999999	114.306	-0.4555555555555556	-0.1111111111111111	8.600000000000001	133.25333333333333	0.0	0.0	0.0	0.0	0.0	0.0	0.0	2.0	0.0	1.0	0.0	0.0	0.0	0.0	0.0	5.0	0.0	0.0	1.0	0.0	0.0	0.0	0.0	0.0	0.0	0.0	0.0	1.0	0.0	0.0	0.0	0.0	0.0	0.0	0.0	3.0	0.0	0.0	1.0	0.0	0.0	1.0	0.0	2.0	0.0	0.0	0.0	1.0	0.0	0.0	1.0	0.0	1.0	0.0	0.0	1.0	0.0	0.0	1.0	1.0	9.0	5.0	9.0	human	0.0	0.0	0.0	0.0	0.0	0.0	0.0	0.2222222222222222	0.0	0.1111111111111111	0.0	0.0	0.0	0.0	0.0	0.5555555555555556	0.0	0.0	0.1111111111111111	0.0	0.0	0.0	0.0	0.0	0.0	0.0	0.0	0.2	0.0	0.0	0.0	0.0	0.0	0.0	0.0	0.6	0.0	0.0	0.2	0.0	0.0	0.1111111111111111	0.0	0.2222222222222222	0.0	0.0	0.0	0.1111111111111111	0.0	0.0	0.1111111111111111	0.0	0.1111111111111111	0.0	0.0	0.1111111111111111	0.0	0.0	0.1111111111111111	0.1111111111111111
7su1	H	HGWLGPFDY	SYDGHN	GFTFSHY	-0.1142857142857143	0.1428571428571428	7.685714285714285	138.00142857142856	-2.1166666666666667	0.0	9.9	130.28833333333333	-0.5222222222222223	0.0	7.900000000000001	137.25666666666666	0.0	0.0	0.0	0.0	0.0	0.0	0.0	1.0	1.0	0.0	0.0	0.0	0.0	2.0	0.0	1.0	1.0	0.0	1.0	0.0	0.0	0.0	1.0	1.0	0.0	0.0	0.0	1.0	1.0	0.0	0.0	0.0	0.0	0.0	0.0	1.0	0.0	0.0	1.0	0.0	0.0	0.0	0.0	1.0	0.0	0.0	0.0	2.0	1.0	0.0	1.0	0.0	0.0	1.0	1.0	0.0	0.0	1.0	1.0	0.0	7.0	6.0	9.0	human	0.0	0.0	0.0	0.0	0.0	0.0	0.0	0.14285714285714285	0.14285714285714285	0.0	0.0	0.0	0.0	0.2857142857142857	0.0	0.14285714285714285	0.14285714285714285	0.0	0.14285714285714285	0.0	0.0	0.0	0.16666666666666666	0.16666666666666666	0.0	0.0	0.0	0.16666666666666666	0.16666666666666666	0.0	0.0	0.0	0.0	0.0	0.0	0.16666666666666666	0.0	0.0	0.16666666666666666	0.0	0.0	0.0	0.0	0.1111111111111111	0.0	0.0	0.0	0.2222222222222222	0.1111111111111111	0.0	0.1111111111111111	0.0	0.0	0.1111111111111111	0.1111111111111111	0.0	0.0	0.1111111111111111	0.1111111111111111	0.0
4uu9	H	DDDYEEWPWYYGMDV	SGSGGS	GFTFSSY	0.2285714285714286	0.0	7.514285714285713	130.84857142857143	-0.6	0.0	9.1	90.08	-1.5066666666666668	-0.4	8.973333333333334	149.0166666666667	0.0	0.0	0.0	0.0	0.0	0.0	0.0	1.0	0.0	0.0	0.0	0.0	0.0	2.0	0.0	2.0	1.0	0.0	1.0	0.0	0.0	0.0	0.0	0.0	0.0	0.0	0.0	3.0	0.0	0.0	0.0	0.0	0.0	0.0	0.0	3.0	0.0	0.0	0.0	0.0	0.0	0.0	0.0	4.0	0.0	0.0	2.0	1.0	0.0	0.0	0.0	0.0	1.0	0.0	1.0	0.0	0.0	2.0	3.0	1.0	7.0	6.0	15.0	human	0.0	0.0	0.0	0.0	0.0	0.0	0.0	0.14285714285714285	0.0	0.0	0.0	0.0	0.0	0.2857142857142857	0.0	0.2857142857142857	0.14285714285714285	0.0	0.14285714285714285	0.0	0.0	0.0	0.0	0.0	0.0	0.0	0.0	0.5	0.0	0.0	0.0	0.0	0.0	0.0	0.0	0.5	0.0	0.0	0.0	0.0	0.0	0.0	0.0	0.26666666666666666	0.0	0.0	0.13333333333333333	0.06666666666666667	0.0	0.0	0.0	0.0	0.06666666666666667	0.0	0.06666666666666667	0.0	0.0	0.13333333333333333	0.2	0.06666666666666667
4uv7	H	HGSPGYTLYAWDY	LGGSER	GFTFSDY	-0.1571428571428571	-0.1428571428571428	8.057142857142857	134.85	-0.9666666666666668	0.0	9.15	117.955	-0.7538461538461539	0.0	8.015384615384615	134.2923076923077	0.0	0.0	0.0	1.0	0.0	0.0	0.0	1.0	0.0	0.0	0.0	0.0	0.0	2.0	0.0	1.0	1.0	0.0	1.0	0.0	0.0	1.0	0.0	0.0	0.0	0.0	1.0	2.0	0.0	0.0	1.0	0.0	0.0	0.0	0.0	1.0	0.0	0.0	0.0	0.0	1.0	0.0	0.0	1.0	0.0	0.0	0.0	2.0	1.0	0.0	1.0	0.0	0.0	0.0	1.0	1.0	1.0	1.0	3.0	0.0	7.0	6.0	13.0	human	0.0	0.0	0.0	0.14285714285714285	0.0	0.0	0.0	0.14285714285714285	0.0	0.0	0.0	0.0	0.0	0.2857142857142857	0.0	0.14285714285714285	0.14285714285714285	0.0	0.14285714285714285	0.0	0.0	0.16666666666666666	0.0	0.0	0.0	0.0	0.16666666666666666	0.3333333333333333	0.0	0.0	0.16666666666666666	0.0	0.0	0.0	0.0	0.16666666666666666	0.0	0.0	0.0	0.0	0.07692307692307693	0.0	0.0	0.07692307692307693	0.0	0.0	0.0	0.15384615384615385	0.07692307692307693	0.0	0.07692307692307693	0.0	0.0	0.0	0.07692307692307693	0.07692307692307693	0.07692307692307693	0.07692307692307693	0.23076923076923078	0.0
4dtg	H	LGGYDEGDAMDS	SRSGSY	GFTFSNY	-0.1571428571428571	0.0	7.857142857142857	134.71	-1.4333333333333331	0.1666666666666666	8.883333333333333	124.28833333333334	-0.8166666666666668	-0.3333333333333333	9.366666666666664	118.94916666666666	0.0	0.0	1.0	0.0	0.0	0.0	0.0	1.0	0.0	0.0	0.0	0.0	0.0	2.0	0.0	1.0	1.0	0.0	1.0	0.0	0.0	1.0	0.0	0.0	0.0	0.0	0.0	1.0	0.0	0.0	0.0	0.0	0.0	0.0	0.0	3.0	0.0	0.0	1.0	0.0	1.0	0.0	0.0	3.0	0.0	0.0	1.0	3.0	0.0	0.0	1.0	0.0	1.0	0.0	0.0	1.0	0.0	0.0	1.0	0.0	7.0	6.0	12.0	human	0.0	0.0	0.14285714285714285	0.0	0.0	0.0	0.0	0.14285714285714285	0.0	0.0	0.0	0.0	0.0	0.2857142857142857	0.0	0.14285714285714285	0.14285714285714285	0.0	0.14285714285714285	0.0	0.0	0.16666666666666666	0.0	0.0	0.0	0.0	0.0	0.16666666666666666	0.0	0.0	0.0	0.0	0.0	0.0	0.0	0.5	0.0	0.0	0.16666666666666666	0.0	0.08333333333333333	0.0	0.0	0.25	0.0	0.0	0.08333333333333333	0.25	0.0	0.0	0.08333333333333333	0.0	0.08333333333333333	0.0	0.0	0.08333333333333333	0.0	0.0	0.08333333333333333	0.0
7elx	H	TGWLGPFDY	SYDGNN	GFTFSSY	0.2285714285714286	0.0	7.514285714285713	130.84857142857143	-2.1666666666666665	-0.1666666666666666	10.1	126.44833333333332	-0.2444444444444444	-0.1111111111111111	7.699999999999999	133.2522222222222	0.0	0.0	0.0	0.0	0.0	0.0	0.0	1.0	0.0	0.0	0.0	0.0	0.0	2.0	0.0	2.0	1.0	0.0	1.0	0.0	0.0	0.0	2.0	1.0	0.0	0.0	0.0	1.0	0.0	0.0	0.0	0.0	0.0	0.0	0.0	1.0	0.0	0.0	1.0	0.0	0.0	0.0	0.0	1.0	0.0	0.0	0.0	2.0	0.0	0.0	1.0	0.0	0.0	1.0	1.0	0.0	1.0	1.0	1.0	0.0	7.0	6.0	9.0	human	0.0	0.0	0.0	0.0	0.0	0.0	0.0	0.14285714285714285	0.0	0.0	0.0	0.0	0.0	0.2857142857142857	0.0	0.2857142857142857	0.14285714285714285	0.0	0.14285714285714285	0.0	0.0	0.0	0.3333333333333333	0.16666666666666666	0.0	0.0	0.0	0.16666666666666666	0.0	0.0	0.0	0.0	0.0	0.0	0.0	0.16666666666666666	0.0	0.0	0.16666666666666666	0.0	0.0	0.0	0.0	0.1111111111111111	0.0	0.0	0.0	0.2222222222222222	0.0	0.0	0.1111111111111111	0.0	0.0	0.1111111111111111	0.1111111111111111	0.0	0.1111111111111111	0.1111111111111111	0.1111111111111111	0.0
4i77	H	DGYYPYAMDN	WGDGK	GFSLSAY	0.7285714285714285	0.0	7.4	121.69857142857144	-1.82	0.0	9.54	126.732	-1.27	-0.2	8.7	137.039	1.0	0.0	0.0	0.0	0.0	0.0	0.0	1.0	0.0	0.0	1.0	0.0	0.0	1.0	0.0	2.0	0.0	0.0	1.0	0.0	0.0	0.0	0.0	1.0	0.0	0.0	0.0	2.0	0.0	0.0	0.0	1.0	0.0	0.0	0.0	0.0	0.0	1.0	0.0	0.0	1.0	0.0	1.0	2.0	0.0	0.0	0.0	1.0	0.0	0.0	0.0	0.0	1.0	0.0	1.0	0.0	0.0	0.0	3.0	0.0	7.0	5.0	10.0	human	0.14285714285714285	0.0	0.0	0.0	0.0	0.0	0.0	0.14285714285714285	0.0	0.0	0.14285714285714285	0.0	0.0	0.14285714285714285	0.0	0.2857142857142857	0.0	0.0	0.14285714285714285	0.0	0.0	0.0	0.0	0.2	0.0	0.0	0.0	0.4	0.0	0.0	0.0	0.2	0.0	0.0	0.0	0.0	0.0	0.2	0.0	0.0	0.1	0.0	0.1	0.2	0.0	0.0	0.0	0.1	0.0	0.0	0.0	0.0	0.1	0.0	0.1	0.0	0.0	0.0	0.3	0.0
3bdy	H	WGGDGFYAMDY	YPTNGY	GFNIKDT	-0.6714285714285715	0.0	9.128571428571428	128.85142857142858	-1.4666666666666668	0.0	8.266666666666667	133.97	-0.4727272727272728	-0.1818181818181818	8.163636363636364	132.86454545454546	0.0	0.0	1.0	1.0	0.0	0.0	0.0	1.0	0.0	1.0	0.0	1.0	0.0	1.0	0.0	0.0	1.0	0.0	0.0	0.0	0.0	0.0	1.0	0.0	0.0	0.0	0.0	1.0	0.0	0.0	0.0	0.0	0.0	0.0	1.0	0.0	1.0	0.0	2.0	0.0	1.0	0.0	0.0	2.0	0.0	0.0	0.0	3.0	0.0	0.0	0.0	0.0	1.0	1.0	0.0	0.0	0.0	1.0	2.0	0.0	7.0	6.0	11.0	human	0.0	0.0	0.14285714285714285	0.14285714285714285	0.0	0.0	0.0	0.14285714285714285	0.0	0.14285714285714285	0.0	0.14285714285714285	0.0	0.14285714285714285	0.0	0.0	0.14285714285714285	0.0	0.0	0.0	0.0	0.0	0.16666666666666666	0.0	0.0	0.0	0.0	0.16666666666666666	0.0	0.0	0.0	0.0	0.0	0.0	0.16666666666666666	0.0	0.16666666666666666	0.0	0.3333333333333333	0.0	0.09090909090909091	0.0	0.0	0.18181818181818182	0.0	0.0	0.0	0.2727272727272727	0.0	0.0	0.0	0.0	0.09090909090909091	0.09090909090909091	0.0	0.0	0.0	0.09090909090909091	0.18181818181818182	0.0
1h0d	B	LGDYGYAYTMDY	SSGGGN	GFTFSSY	0.2285714285714286	0.0	7.514285714285713	130.84857142857143	-1.05	0.0	9.5	94.585	-0.5166666666666667	-0.1666666666666666	8.008333333333335	135.8075	0.0	0.0	0.0	0.0	0.0	0.0	0.0	1.0	0.0	0.0	0.0	0.0	0.0	2.0	0.0	2.0	1.0	0.0	1.0	0.0	0.0	0.0	1.0	0.0	0.0	0.0	0.0	3.0	0.0	0.0	0.0	0.0	0.0	0.0	0.0	2.0	0.0	0.0	0.0	0.0	1.0	0.0	0.0	2.0	0.0	0.0	0.0	2.0	0.0	0.0	1.0	0.0	1.0	0.0	0.0	0.0	1.0	0.0	4.0	0.0	7.0	6.0	12.0	human	0.0	0.0	0.0	0.0	0.0	0.0	0.0	0.14285714285714285	0.0	0.0	0.0	0.0	0.0	0.2857142857142857	0.0	0.2857142857142857	0.14285714285714285	0.0	0.14285714285714285	0.0	0.0	0.0	0.16666666666666666	0.0	0.0	0.0	0.0	0.5	0.0	0.0	0.0	0.0	0.0	0.0	0.0	0.3333333333333333	0.0	0.0	0.0	0.0	0.08333333333333333	0.0	0.0	0.16666666666666666	0.0	0.0	0.0	0.16666666666666666	0.0	0.0	0.08333333333333333	0.0	0.08333333333333333	0.0	0.0	0.0	0.08333333333333333	0.0	0.3333333333333333	0.0
3grw	H	TYGIYDLYVDYTEYVMDY	YPTNGS	GFTFTST	0.3285714285714285	0.0	7.771428571428571	123.98571428571428	-1.3833333333333335	0.0	8.766666666666666	121.28666666666663	-0.2777777777777778	-0.2222222222222222	7.905555555555556	144.04055555555558	0.0	0.0	0.0	0.0	0.0	0.0	0.0	1.0	0.0	0.0	0.0	0.0	0.0	2.0	0.0	1.0	3.0	0.0	0.0	0.0	0.0	0.0	1.0	0.0	0.0	0.0	0.0	1.0	0.0	0.0	0.0	0.0	0.0	0.0	1.0	1.0	1.0	0.0	1.0	0.0	0.0	0.0	0.0	3.0	0.0	0.0	1.0	1.0	0.0	1.0	1.0	0.0	1.0	0.0	0.0	0.0	2.0	0.0	6.0	2.0	7.0	6.0	18.0	human	0.0	0.0	0.0	0.0	0.0	0.0	0.0	0.14285714285714285	0.0	0.0	0.0	0.0	0.0	0.2857142857142857	0.0	0.14285714285714285	0.42857142857142855	0.0	0.0	0.0	0.0	0.0	0.16666666666666666	0.0	0.0	0.0	0.0	0.16666666666666666	0.0	0.0	0.0	0.0	0.0	0.0	0.16666666666666666	0.16666666666666666	0.16666666666666666	0.0	0.16666666666666666	0.0	0.0	0.0	0.0	0.16666666666666666	0.0	0.0	0.05555555555555555	0.05555555555555555	0.0	0.05555555555555555	0.05555555555555555	0.0	0.05555555555555555	0.0	0.0	0.0	0.1111111111111111	0.0	0.3333333333333333	0.1111111111111111
6o1f	H	RNYDDWYFDV	SSGSST	GFTFSDY	-0.1571428571428571	-0.1428571428571428	8.057142857142857	134.85	-0.7166666666666667	0.0	9.066666666666666	102.425	-1.5	-0.2	9.0	155.45700000000002	0.0	0.0	0.0	1.0	0.0	0.0	0.0	1.0	0.0	0.0	0.0	0.0	0.0	2.0	0.0	1.0	1.0	0.0	1.0	0.0	0.0	0.0	0.0	0.0	0.0	0.0	0.0	1.0	0.0	0.0	0.0	0.0	0.0	0.0	0.0	4.0	1.0	0.0	0.0	0.0	0.0	1.0	1.0	3.0	0.0	0.0	0.0	0.0	0.0	0.0	0.0	0.0	0.0	1.0	0.0	0.0	0.0	1.0	2.0	1.0	7.0	6.0	10.0	human	0.0	0.0	0.0	0.14285714285714285	0.0	0.0	0.0	0.14285714285714285	0.0	0.0	0.0	0.0	0.0	0.2857142857142857	0.0	0.14285714285714285	0.14285714285714285	0.0	0.14285714285714285	0.0	0.0	0.0	0.0	0.0	0.0	0.0	0.0	0.16666666666666666	0.0	0.0	0.0	0.0	0.0	0.0	0.0	0.6666666666666666	0.16666666666666666	0.0	0.0	0.0	0.0	0.1	0.1	0.3	0.0	0.0	0.0	0.0	0.0	0.0	0.0	0.0	0.0	0.1	0.0	0.0	0.0	0.1	0.2	0.1
2qqn	H	GELPYYRMSKVMDV	SPAGGY	GFTFSSY	0.2285714285714286	0.0	7.514285714285713	130.84857142857143	-0.45	0.0	8.25	106.77333333333333	-0.3428571428571428	0.0	8.12857142857143	137.29857142857145	0.0	0.0	0.0	0.0	0.0	0.0	0.0	1.0	0.0	0.0	0.0	0.0	0.0	2.0	0.0	2.0	1.0	0.0	1.0	0.0	1.0	0.0	0.0	0.0	0.0	0.0	0.0	2.0	0.0	0.0	0.0	0.0	0.0	0.0	1.0	1.0	0.0	0.0	1.0	0.0	0.0	1.0	0.0	1.0	0.0	0.0	1.0	1.0	0.0	0.0	1.0	1.0	2.0	0.0	1.0	1.0	0.0	0.0	2.0	2.0	7.0	6.0	14.0	human	0.0	0.0	0.0	0.0	0.0	0.0	0.0	0.14285714285714285	0.0	0.0	0.0	0.0	0.0	0.2857142857142857	0.0	0.2857142857142857	0.14285714285714285	0.0	0.14285714285714285	0.0	0.16666666666666666	0.0	0.0	0.0	0.0	0.0	0.0	0.3333333333333333	0.0	0.0	0.0	0.0	0.0	0.0	0.16666666666666666	0.16666666666666666	0.0	0.0	0.16666666666666666	0.0	0.0	0.07142857142857142	0.0	0.07142857142857142	0.0	0.0	0.07142857142857142	0.07142857142857142	0.0	0.0	0.07142857142857142	0.07142857142857142	0.14285714285714285	0.0	0.07142857142857142	0.07142857142857142	0.0	0.0	0.14285714285714285	0.14285714285714285
6bgt	B	WGGDGFYAMDY	YPTNGY	GFNIDDT	-0.6142857142857142	-0.2857142857142857	9.37142857142857	126.98142857142857	-1.4666666666666668	0.0	8.266666666666667	133.97	-0.4727272727272728	-0.1818181818181818	8.163636363636364	132.86454545454546	0.0	0.0	1.0	2.0	0.0	0.0	0.0	1.0	0.0	1.0	0.0	0.0	0.0	1.0	0.0	0.0	1.0	0.0	0.0	0.0	0.0	0.0	1.0	0.0	0.0	0.0	0.0	1.0	0.0	0.0	0.0	0.0	0.0	0.0	1.0	0.0	1.0	0.0	2.0	0.0	1.0	0.0	0.0	2.0	0.0	0.0	0.0	3.0	0.0	0.0	0.0	0.0	1.0	1.0	0.0	0.0	0.0	1.0	2.0	0.0	7.0	6.0	11.0	human	0.0	0.0	0.14285714285714285	0.2857142857142857	0.0	0.0	0.0	0.14285714285714285	0.0	0.14285714285714285	0.0	0.0	0.0	0.14285714285714285	0.0	0.0	0.14285714285714285	0.0	0.0	0.0	0.0	0.0	0.16666666666666666	0.0	0.0	0.0	0.0	0.16666666666666666	0.0	0.0	0.0	0.0	0.0	0.0	0.16666666666666666	0.0	0.16666666666666666	0.0	0.3333333333333333	0.0	0.09090909090909091	0.0	0.0	0.18181818181818182	0.0	0.0	0.0	0.2727272727272727	0.0	0.0	0.0	0.0	0.09090909090909091	0.09090909090909091	0.0	0.0	0.0	0.09090909090909091	0.18181818181818182	0.0
3tje	H	RQLLDDGTGYQWAAFDV	AYRGNSNSGS	GASISANSY	0.0555555555555555	0.0	8.422222222222224	112.55555555555556	-1.4200000000000004	0.1	9.36	117.41299999999998	-0.4411764705882352	-0.1176470588235294	8.576470588235294	131.96117647058824	2.0	0.0	1.0	0.0	0.0	0.0	0.0	1.0	0.0	1.0	0.0	0.0	0.0	0.0	0.0	3.0	0.0	0.0	1.0	0.0	1.0	1.0	2.0	0.0	0.0	0.0	0.0	2.0	0.0	0.0	0.0	0.0	0.0	0.0	0.0	3.0	0.0	0.0	1.0	0.0	2.0	1.0	0.0	3.0	0.0	2.0	0.0	2.0	0.0	0.0	2.0	0.0	0.0	1.0	0.0	0.0	1.0	1.0	1.0	1.0	9.0	10.0	17.0	human	0.2222222222222222	0.0	0.1111111111111111	0.0	0.0	0.0	0.0	0.1111111111111111	0.0	0.1111111111111111	0.0	0.0	0.0	0.0	0.0	0.3333333333333333	0.0	0.0	0.1111111111111111	0.0	0.1	0.1	0.2	0.0	0.0	0.0	0.0	0.2	0.0	0.0	0.0	0.0	0.0	0.0	0.0	0.3	0.0	0.0	0.1	0.0	0.11764705882352941	0.058823529411764705	0.0	0.17647058823529413	0.0	0.11764705882352941	0.0	0.11764705882352941	0.0	0.0	0.11764705882352941	0.0	0.0	0.058823529411764705	0.0	0.0	0.058823529411764705	0.058823529411764705	0.058823529411764705	0.058823529411764705
5ies	H	ISGSYSFDY	NPNSGG	GYTFTGY	-0.2857142857142857	0.0	7.542857142857143	130.85	-1.7000000000000002	0.0	9.733333333333334	105.76666666666664	-0.1777777777777778	-0.1111111111111111	8.044444444444444	131.35333333333332	0.0	0.0	0.0	0.0	0.0	0.0	0.0	2.0	0.0	0.0	0.0	0.0	0.0	1.0	0.0	0.0	2.0	0.0	2.0	0.0	0.0	0.0	2.0	0.0	0.0	0.0	0.0	2.0	0.0	0.0	0.0	0.0	0.0	0.0	1.0	1.0	0.0	0.0	0.0	0.0	0.0	0.0	0.0	1.0	0.0	0.0	0.0	1.0	0.0	1.0	0.0	0.0	0.0	1.0	0.0	3.0	0.0	0.0	2.0	0.0	7.0	6.0	9.0	human	0.0	0.0	0.0	0.0	0.0	0.0	0.0	0.2857142857142857	0.0	0.0	0.0	0.0	0.0	0.14285714285714285	0.0	0.0	0.2857142857142857	0.0	0.2857142857142857	0.0	0.0	0.0	0.3333333333333333	0.0	0.0	0.0	0.0	0.3333333333333333	0.0	0.0	0.0	0.0	0.0	0.0	0.16666666666666666	0.16666666666666666	0.0	0.0	0.0	0.0	0.0	0.0	0.0	0.1111111111111111	0.0	0.0	0.0	0.1111111111111111	0.0	0.1111111111111111	0.0	0.0	0.0	0.1111111111111111	0.0	0.3333333333333333	0.0	0.0	0.2222222222222222	0.0
7o52	H	EVTGDLEDAFDI	YYRSKWY	GDSVSSNSA	-0.5111111111111111	-0.1111111111111111	9.377777777777776	107.43222222222224	-2.0	0.2857142857142857	7.857142857142856	167.61142857142858	-0.125	-0.4166666666666667	9.208333333333334	126.79333333333334	1.0	0.0	1.0	1.0	0.0	0.0	0.0	1.0	0.0	0.0	0.0	0.0	0.0	0.0	0.0	4.0	0.0	0.0	0.0	1.0	0.0	1.0	0.0	0.0	0.0	0.0	0.0	0.0	0.0	0.0	0.0	1.0	0.0	0.0	0.0	1.0	0.0	1.0	3.0	0.0	1.0	0.0	0.0	3.0	0.0	0.0	2.0	1.0	0.0	1.0	1.0	0.0	0.0	1.0	0.0	0.0	1.0	0.0	0.0	1.0	9.0	7.0	12.0	human	0.1111111111111111	0.0	0.1111111111111111	0.1111111111111111	0.0	0.0	0.0	0.1111111111111111	0.0	0.0	0.0	0.0	0.0	0.0	0.0	0.4444444444444444	0.0	0.0	0.0	0.1111111111111111	0.0	0.14285714285714285	0.0	0.0	0.0	0.0	0.0	0.0	0.0	0.0	0.0	0.14285714285714285	0.0	0.0	0.0	0.14285714285714285	0.0	0.14285714285714285	0.42857142857142855	0.0	0.08333333333333333	0.0	0.0	0.25	0.0	0.0	0.16666666666666666	0.08333333333333333	0.0	0.08333333333333333	0.08333333333333333	0.0	0.0	0.08333333333333333	0.0	0.0	0.08333333333333333	0.0	0.0	0.08333333333333333
7daa	H	YYAGSDI	YASGS	GFSLSDY	-0.0285714285714286	-0.1428571428571428	8.1	127.9857142857143	-0.3	0.0	8.34	111.106	-0.1428571428571428	-0.1428571428571428	8.12857142857143	127.98571428571428	0.0	0.0	0.0	1.0	0.0	0.0	0.0	1.0	0.0	0.0	1.0	0.0	0.0	1.0	0.0	2.0	0.0	0.0	1.0	0.0	1.0	0.0	0.0	0.0	0.0	0.0	0.0	1.0	0.0	0.0	0.0	0.0	0.0	0.0	0.0	2.0	0.0	0.0	1.0	0.0	1.0	0.0	0.0	1.0	0.0	0.0	0.0	1.0	0.0	1.0	0.0	0.0	0.0	0.0	0.0	1.0	0.0	0.0	2.0	0.0	7.0	5.0	7.0	human	0.0	0.0	0.0	0.14285714285714285	0.0	0.0	0.0	0.14285714285714285	0.0	0.0	0.14285714285714285	0.0	0.0	0.14285714285714285	0.0	0.2857142857142857	0.0	0.0	0.14285714285714285	0.0	0.2	0.0	0.0	0.0	0.0	0.0	0.0	0.2	0.0	0.0	0.0	0.0	0.0	0.0	0.0	0.4	0.0	0.0	0.2	0.0	0.14285714285714285	0.0	0.0	0.14285714285714285	0.0	0.0	0.0	0.14285714285714285	0.0	0.14285714285714285	0.0	0.0	0.0	0.0	0.0	0.14285714285714285	0.0	0.0	0.2857142857142857	0.0
6u6u	H	VFYGEPYFPY	NPGNVR	GYSFTSS	-0.2857142857142857	0.0	8.085714285714285	122.26285714285714	-1.55	0.1666666666666666	9.433333333333334	124.29833333333332	-0.12	-0.1	7.220000000000001	144.356	0.0	0.0	0.0	0.0	0.0	0.0	0.0	1.0	0.0	0.0	0.0	0.0	0.0	1.0	0.0	3.0	1.0	0.0	1.0	0.0	0.0	1.0	2.0	0.0	0.0	0.0	0.0	1.0	0.0	0.0	0.0	0.0	0.0	0.0	1.0	0.0	0.0	0.0	0.0	1.0	0.0	0.0	0.0	0.0	0.0	0.0	1.0	1.0	0.0	0.0	0.0	0.0	0.0	2.0	2.0	0.0	0.0	0.0	3.0	1.0	7.0	6.0	10.0	human	0.0	0.0	0.0	0.0	0.0	0.0	0.0	0.14285714285714285	0.0	0.0	0.0	0.0	0.0	0.14285714285714285	0.0	0.42857142857142855	0.14285714285714285	0.0	0.14285714285714285	0.0	0.0	0.16666666666666666	0.3333333333333333	0.0	0.0	0.0	0.0	0.16666666666666666	0.0	0.0	0.0	0.0	0.0	0.0	0.16666666666666666	0.0	0.0	0.0	0.0	0.16666666666666666	0.0	0.0	0.0	0.0	0.0	0.0	0.1	0.1	0.0	0.0	0.0	0.0	0.0	0.2	0.2	0.0	0.0	0.0	0.3	0.1
5bvp	H	DLRTGPFDY	WYDGDN	GFTFSVY	0.942857142857143	0.0	7.042857142857143	132.57142857142858	-2.1833333333333336	-0.3333333333333333	9.7	143.135	-0.9888888888888888	-0.1111111111111111	8.711111111111112	136.36333333333332	0.0	0.0	0.0	0.0	0.0	0.0	0.0	1.0	0.0	0.0	0.0	0.0	0.0	2.0	0.0	1.0	1.0	0.0	1.0	1.0	0.0	0.0	1.0	2.0	0.0	0.0	0.0	1.0	0.0	0.0	0.0	0.0	0.0	0.0	0.0	0.0	0.0	1.0	1.0	0.0	0.0	1.0	0.0	2.0	0.0	0.0	0.0	1.0	0.0	0.0	1.0	0.0	0.0	1.0	1.0	0.0	1.0	0.0	1.0	0.0	7.0	6.0	9.0	human	0.0	0.0	0.0	0.0	0.0	0.0	0.0	0.14285714285714285	0.0	0.0	0.0	0.0	0.0	0.2857142857142857	0.0	0.14285714285714285	0.14285714285714285	0.0	0.14285714285714285	0.14285714285714285	0.0	0.0	0.16666666666666666	0.3333333333333333	0.0	0.0	0.0	0.16666666666666666	0.0	0.0	0.0	0.0	0.0	0.0	0.0	0.0	0.0	0.16666666666666666	0.16666666666666666	0.0	0.0	0.1111111111111111	0.0	0.2222222222222222	0.0	0.0	0.0	0.1111111111111111	0.0	0.0	0.1111111111111111	0.0	0.0	0.1111111111111111	0.1111111111111111	0.0	0.1111111111111111	0.0	0.1111111111111111	0.0
7rp2	H	GSSSWYDLGPFDY	YHSGS	GGSISSSN	-0.375	0.0	8.95	104.22375	-1.3	0.2	8.8	124.32	-0.6692307692307693	-0.1538461538461538	8.26923076923077	131.51615384615386	0.0	0.0	1.0	0.0	0.0	0.0	0.0	2.0	0.0	1.0	0.0	0.0	0.0	0.0	0.0	4.0	0.0	0.0	0.0	0.0	0.0	0.0	0.0	0.0	0.0	0.0	0.0	1.0	1.0	0.0	0.0	0.0	0.0	0.0	0.0	2.0	0.0	0.0	1.0	0.0	0.0	0.0	0.0	2.0	0.0	0.0	0.0	2.0	0.0	0.0	1.0	0.0	0.0	1.0	1.0	3.0	0.0	1.0	2.0	0.0	8.0	5.0	13.0	human	0.0	0.0	0.125	0.0	0.0	0.0	0.0	0.25	0.0	0.125	0.0	0.0	0.0	0.0	0.0	0.5	0.0	0.0	0.0	0.0	0.0	0.0	0.0	0.0	0.0	0.0	0.0	0.2	0.2	0.0	0.0	0.0	0.0	0.0	0.0	0.4	0.0	0.0	0.2	0.0	0.0	0.0	0.0	0.15384615384615385	0.0	0.0	0.0	0.15384615384615385	0.0	0.0	0.07692307692307693	0.0	0.0	0.07692307692307693	0.07692307692307693	0.23076923076923078	0.0	0.07692307692307693	0.15384615384615385	0.0
7duo	H	DKILWFGEPVFDY	SGSGGG	GFTFNSF	0.4285714285714285	0.0	7.714285714285714	132.42428571428573	-0.5333333333333333	0.0	9.066666666666666	85.07666666666667	-0.0384615384615385	-0.1538461538461538	8.046153846153846	141.92384615384617	0.0	0.0	1.0	0.0	0.0	0.0	0.0	1.0	0.0	0.0	0.0	0.0	0.0	3.0	0.0	1.0	1.0	0.0	0.0	0.0	0.0	0.0	0.0	0.0	0.0	0.0	0.0	4.0	0.0	0.0	0.0	0.0	0.0	0.0	0.0	2.0	0.0	0.0	0.0	0.0	0.0	0.0	0.0	2.0	0.0	0.0	1.0	1.0	0.0	1.0	1.0	1.0	0.0	2.0	1.0	0.0	0.0	1.0	1.0	1.0	7.0	6.0	13.0	human	0.0	0.0	0.14285714285714285	0.0	0.0	0.0	0.0	0.14285714285714285	0.0	0.0	0.0	0.0	0.0	0.42857142857142855	0.0	0.14285714285714285	0.14285714285714285	0.0	0.0	0.0	0.0	0.0	0.0	0.0	0.0	0.0	0.0	0.6666666666666666	0.0	0.0	0.0	0.0	0.0	0.0	0.0	0.3333333333333333	0.0	0.0	0.0	0.0	0.0	0.0	0.0	0.15384615384615385	0.0	0.0	0.07692307692307693	0.07692307692307693	0.0	0.07692307692307693	0.07692307692307693	0.07692307692307693	0.0	0.15384615384615385	0.07692307692307693	0.0	0.0	0.07692307692307693	0.07692307692307693	0.07692307692307693
6u38	H	ERYGYYFDY	DPGSGG	GYTFSSY	-0.3571428571428572	0.0	7.657142857142857	133.1342857142857	-1.1833333333333331	-0.1666666666666666	9.533333333333331	96.42166666666668	-1.5888888888888897	-0.1111111111111111	8.311111111111112	157.71666666666667	0.0	0.0	0.0	0.0	0.0	0.0	0.0	1.0	0.0	0.0	0.0	0.0	0.0	1.0	0.0	2.0	1.0	0.0	2.0	0.0	0.0	0.0	0.0	1.0	0.0	0.0	0.0	3.0	0.0	0.0	0.0	0.0	0.0	0.0	1.0	1.0	0.0	0.0	0.0	0.0	0.0	1.0	0.0	1.0	0.0	0.0	1.0	1.0	0.0	0.0	0.0	0.0	0.0	1.0	0.0	0.0	0.0	0.0	4.0	0.0	7.0	6.0	9.0	human	0.0	0.0	0.0	0.0	0.0	0.0	0.0	0.14285714285714285	0.0	0.0	0.0	0.0	0.0	0.14285714285714285	0.0	0.2857142857142857	0.14285714285714285	0.0	0.2857142857142857	0.0	0.0	0.0	0.0	0.16666666666666666	0.0	0.0	0.0	0.5	0.0	0.0	0.0	0.0	0.0	0.0	0.16666666666666666	0.16666666666666666	0.0	0.0	0.0	0.0	0.0	0.1111111111111111	0.0	0.1111111111111111	0.0	0.0	0.1111111111111111	0.1111111111111111	0.0	0.0	0.0	0.0	0.0	0.1111111111111111	0.0	0.0	0.0	0.0	0.4444444444444444	0.0
5d70	H	GFGTDF	SYSGSE	GFTFSSY	0.2285714285714286	0.0	7.514285714285713	130.84857142857143	-1.2666666666666668	-0.1666666666666666	9.183333333333332	119.77666666666666	0.0999999999999999	-0.1666666666666666	8.333333333333334	122.12333333333332	0.0	0.0	0.0	0.0	0.0	0.0	0.0	1.0	0.0	0.0	0.0	0.0	0.0	2.0	0.0	2.0	1.0	0.0	1.0	0.0	0.0	0.0	0.0	0.0	0.0	0.0	1.0	1.0	0.0	0.0	0.0	0.0	0.0	0.0	0.0	3.0	0.0	0.0	1.0	0.0	0.0	0.0	0.0	1.0	0.0	0.0	0.0	2.0	0.0	0.0	0.0	0.0	0.0	2.0	0.0	0.0	1.0	0.0	0.0	0.0	7.0	6.0	6.0	human	0.0	0.0	0.0	0.0	0.0	0.0	0.0	0.14285714285714285	0.0	0.0	0.0	0.0	0.0	0.2857142857142857	0.0	0.2857142857142857	0.14285714285714285	0.0	0.14285714285714285	0.0	0.0	0.0	0.0	0.0	0.0	0.0	0.16666666666666666	0.16666666666666666	0.0	0.0	0.0	0.0	0.0	0.0	0.0	0.5	0.0	0.0	0.16666666666666666	0.0	0.0	0.0	0.0	0.16666666666666666	0.0	0.0	0.0	0.3333333333333333	0.0	0.0	0.0	0.0	0.0	0.3333333333333333	0.0	0.0	0.16666666666666666	0.0	0.0	0.0
5o4g	B	PPVYYDSAWFAY	YPGSGY	GYTFTAY	0.0285714285714285	0.0	7.414285714285714	132.85285714285715	-0.9666666666666668	0.0	7.933333333333334	122.12333333333332	-0.1416666666666667	-0.0833333333333333	7.458333333333333	139.73083333333332	1.0	0.0	0.0	0.0	0.0	0.0	0.0	1.0	0.0	0.0	0.0	0.0	0.0	1.0	0.0	0.0	2.0	0.0	2.0	0.0	0.0	0.0	0.0	0.0	0.0	0.0	0.0	2.0	0.0	0.0	0.0	0.0	0.0	0.0	1.0	1.0	0.0	0.0	2.0	0.0	2.0	0.0	0.0	1.0	0.0	0.0	0.0	0.0	0.0	0.0	0.0	0.0	0.0	1.0	2.0	1.0	0.0	1.0	3.0	1.0	7.0	6.0	12.0	human	0.14285714285714285	0.0	0.0	0.0	0.0	0.0	0.0	0.14285714285714285	0.0	0.0	0.0	0.0	0.0	0.14285714285714285	0.0	0.0	0.2857142857142857	0.0	0.2857142857142857	0.0	0.0	0.0	0.0	0.0	0.0	0.0	0.0	0.3333333333333333	0.0	0.0	0.0	0.0	0.0	0.0	0.16666666666666666	0.16666666666666666	0.0	0.0	0.3333333333333333	0.0	0.16666666666666666	0.0	0.0	0.08333333333333333	0.0	0.0	0.0	0.0	0.0	0.0	0.0	0.0	0.0	0.08333333333333333	0.16666666666666666	0.08333333333333333	0.0	0.08333333333333333	0.25	0.08333333333333333
7rp3	H	GSSSWYDLGPFDY	YHSGS	GGSISSSN	-0.375	0.0	8.95	104.22375	-1.3	0.2	8.8	124.32	-0.6692307692307693	-0.1538461538461538	8.26923076923077	131.51615384615386	0.0	0.0	1.0	0.0	0.0	0.0	0.0	2.0	0.0	1.0	0.0	0.0	0.0	0.0	0.0	4.0	0.0	0.0	0.0	0.0	0.0	0.0	0.0	0.0	0.0	0.0	0.0	1.0	1.0	0.0	0.0	0.0	0.0	0.0	0.0	2.0	0.0	0.0	1.0	0.0	0.0	0.0	0.0	2.0	0.0	0.0	0.0	2.0	0.0	0.0	1.0	0.0	0.0	1.0	1.0	3.0	0.0	1.0	2.0	0.0	8.0	5.0	13.0	human	0.0	0.0	0.125	0.0	0.0	0.0	0.0	0.25	0.0	0.125	0.0	0.0	0.0	0.0	0.0	0.5	0.0	0.0	0.0	0.0	0.0	0.0	0.0	0.0	0.0	0.0	0.0	0.2	0.2	0.0	0.0	0.0	0.0	0.0	0.0	0.4	0.0	0.0	0.2	0.0	0.0	0.0	0.0	0.15384615384615385	0.0	0.0	0.0	0.15384615384615385	0.0	0.0	0.07692307692307693	0.0	0.0	0.07692307692307693	0.07692307692307693	0.23076923076923078	0.0	0.07692307692307693	0.15384615384615385	0.0
3q1s	H	VAIGVSGFLNYYYYMDV	IYGGT	GGSMINY	-3.1720657846433036e-17	0.0	7.985714285714287	121.27428571428572	0.3400000000000001	0.0	7.6	116.324	0.7999999999999998	-0.0588235294117647	7.258823529411766	133.0876470588235	0.0	0.0	1.0	0.0	0.0	0.0	0.0	2.0	0.0	1.0	0.0	0.0	1.0	0.0	0.0	1.0	0.0	0.0	1.0	0.0	0.0	0.0	0.0	0.0	0.0	0.0	0.0	2.0	0.0	1.0	0.0	0.0	0.0	0.0	0.0	0.0	1.0	0.0	1.0	0.0	1.0	0.0	1.0	1.0	0.0	0.0	0.0	2.0	0.0	1.0	1.0	0.0	1.0	1.0	0.0	1.0	0.0	0.0	4.0	3.0	7.0	5.0	17.0	human	0.0	0.0	0.14285714285714285	0.0	0.0	0.0	0.0	0.2857142857142857	0.0	0.14285714285714285	0.0	0.0	0.14285714285714285	0.0	0.0	0.14285714285714285	0.0	0.0	0.14285714285714285	0.0	0.0	0.0	0.0	0.0	0.0	0.0	0.0	0.4	0.0	0.2	0.0	0.0	0.0	0.0	0.0	0.0	0.2	0.0	0.2	0.0	0.058823529411764705	0.0	0.058823529411764705	0.058823529411764705	0.0	0.0	0.0	0.11764705882352941	0.0	0.058823529411764705	0.058823529411764705	0.0	0.058823529411764705	0.058823529411764705	0.0	0.058823529411764705	0.0	0.0	0.23529411764705882	0.17647058823529413
4zfg	H	FVFFLPYAMDY	TPAGGY	GFTISDY	0.0857142857142857	-0.1428571428571428	8.057142857142857	129.99	-0.4333333333333333	0.0	8.15	109.11166666666668	1.1272727272727274	-0.0909090909090909	6.690909090909091	144.79999999999998	0.0	0.0	0.0	1.0	0.0	0.0	0.0	1.0	0.0	1.0	0.0	0.0	0.0	1.0	0.0	1.0	1.0	0.0	1.0	0.0	1.0	0.0	0.0	0.0	0.0	0.0	0.0	2.0	0.0	0.0	0.0	0.0	0.0	0.0	1.0	0.0	1.0	0.0	1.0	0.0	1.0	0.0	0.0	1.0	0.0	0.0	0.0	0.0	0.0	0.0	1.0	0.0	1.0	3.0	1.0	0.0	0.0	0.0	2.0	1.0	7.0	6.0	11.0	human	0.0	0.0	0.0	0.14285714285714285	0.0	0.0	0.0	0.14285714285714285	0.0	0.14285714285714285	0.0	0.0	0.0	0.14285714285714285	0.0	0.14285714285714285	0.14285714285714285	0.0	0.14285714285714285	0.0	0.16666666666666666	0.0	0.0	0.0	0.0	0.0	0.0	0.3333333333333333	0.0	0.0	0.0	0.0	0.0	0.0	0.16666666666666666	0.0	0.16666666666666666	0.0	0.16666666666666666	0.0	0.09090909090909091	0.0	0.0	0.09090909090909091	0.0	0.0	0.0	0.0	0.0	0.0	0.09090909090909091	0.0	0.09090909090909091	0.2727272727272727	0.09090909090909091	0.0	0.0	0.0	0.18181818181818182	0.09090909090909091
4ps4	H	LGSDYDVWFDY	WWDDV	GFSLSTYGV	0.7111111111111111	0.0	7.466666666666667	119.3488888888889	-0.9200000000000002	-0.4	8.54	158.362	-0.4	-0.2727272727272727	8.272727272727273	141.78	0.0	0.0	0.0	0.0	0.0	0.0	0.0	2.0	0.0	0.0	1.0	0.0	0.0	1.0	0.0	2.0	1.0	0.0	1.0	1.0	0.0	0.0	0.0	2.0	0.0	0.0	0.0	0.0	0.0	0.0	0.0	0.0	0.0	0.0	0.0	0.0	0.0	2.0	0.0	1.0	0.0	0.0	0.0	3.0	0.0	0.0	0.0	1.0	0.0	0.0	1.0	0.0	0.0	1.0	0.0	1.0	0.0	1.0	2.0	1.0	9.0	5.0	11.0	human	0.0	0.0	0.0	0.0	0.0	0.0	0.0	0.2222222222222222	0.0	0.0	0.1111111111111111	0.0	0.0	0.1111111111111111	0.0	0.2222222222222222	0.1111111111111111	0.0	0.1111111111111111	0.1111111111111111	0.0	0.0	0.0	0.4	0.0	0.0	0.0	0.0	0.0	0.0	0.0	0.0	0.0	0.0	0.0	0.0	0.0	0.4	0.0	0.2	0.0	0.0	0.0	0.2727272727272727	0.0	0.0	0.0	0.09090909090909091	0.0	0.0	0.09090909090909091	0.0	0.0	0.09090909090909091	0.0	0.09090909090909091	0.0	0.09090909090909091	0.18181818181818182	0.09090909090909091
8veb	G	VPFYYDTRGVFYGNAEGGFEI	TYSGD	GGSVSRGGY																																																																												influenza																																																												
8ved	H	GRLDYSDTTGYYKPPPLDY	YTSGN	GASVSSY																																																																												influenza																																																												
9dpc	H	SYSGYDRIQYYYSGMDV	IPFLGT	GDTFSSY																																																																												influenza																																																												
9dru	H	GAQAGYSSFFPPTTF	SSSSLS	GFTFNTY																																																																												influenza																																																												
9ds1	H	DAISGQIWLQGTFDY	SGSGIS	GFTFSKY																																																																												influenza																																																												
9mer	H	GTEDLGYCSSGSCPNH	FYNGD	GVSVTSDIY																																																																												influenza																																																												
9mev	H	GTEDLGYCSSGSCPNH	FYNGD	GVSVTSDIY																																																																												influenza																																																												
9azr	H	GGLEPRSVDYYYYGMDV	NPNSGG	GYTFTGY																																																																												influenza																																																												
9azt	H	AGLEPRSVDYYFYGLDV	HPNSGA	GYTFTDN																																																																												influenza																																																												
9dm0	C	DPSNPPHWGNFDS	SNEGTN	GFTFRIY																																																																												influenza																																																												
8zr4	A	GSDPDYDKGWGAYRNTDRPSYDGLDV	SKDGNN	GFTLETY																																																																												influenza																																																												
9ekf	D	HRRGHFYGSGSAWDWFES	DPTDSY	AYSSTYF																																																																												influenza																																																												
9dwe	H	HGNYYYYSGMDV	SPIFGS	GGTSNNY																																																																												influenza																																																												
8tx3	H	SGYSNYPFDY	DPSDSY	GYTFISW																																																																												influenza																																																												
8txp	H	EATWKGSSIGVLGI	IPIVGT	GVTFSSY																																																																												influenza																																																												
8ut3	F	GLLQGVVILDSYYYTMDV	SAYNGN	GYTFTSY																																																																												influenza																																																												
8gat	M	TSSWGDYTRGPEPKITWYFDL	NWNGDI	GFKFDDY																																																																												influenza																																																												
8gav	H	GDPHYIWGTYLDS	TSSGRP	GFTFSDY																																																																												influenza																																																												
8ez3	H	SNSNTWSREYFQH	NSIGN	GASISDVDF																																																																												influenza																																																												
8ez7	H	QRSVYSTSRSNWSVFLDD	SGNGDT	GFDFSSF																																																																												influenza																																																												
8ez8	H	DKGGLRWGSRGSDVFDI	SNSGS	GDSIRNS																																																																												influenza																																																												
8tpa	H	EGWVPDYGGRNYYLDF	YYNGV	GDSISNGGL																																																																												influenza																																																												
8tp5	E	DGGDKFHSSGHFETNQGYFDH	IPVFGM	GDTFNSY																																																																												influenza																																																												
8tp7	D	HVYYSDTNSYTYFFDY	YYSGT	GGSISGSRY																																																																												influenza																																																												
8e6j	H	HVTSISSWNRGVYLDS	FYSGN	GDSISSSYY																																																																												influenza																																																												
7trh	H	LLDSIVWGEGWYYGMDV	TSSGSR	AFTFSSY																																																																												influenza																																																												
8dis	H	HMGYQVRETMDV	IPIFGT	GGPFRSY																																																																												influenza																																																												
8g3m	E	AGSDYFNRDLGWENYYFAS	FPISGT	GGSFNNQ																																																																												influenza																																																												
8g3n	E	AGSDYFNRDLGWENYYFAS	FPISGT	GGSFNNQ																																																																												influenza																																																												
8g3p	C	AGSDYFNRDLGWENYYFAS	FPISGT	GGSFNNQ																																																																												influenza																																																												
8g3q	C	ARSDYFNRDLGWEDYYFEN	IPTSGI	GGTFSNN																																																																												influenza																																																												
8g3r	C	ARSDYFNRDLGWEDYYFEN	IPTSGI	GGTFSNN																																																																												influenza																																																												
8g3v	A	AVSDYFNRDLGWEDYYFPF	IPISGI	EGTFNKY																																																																												influenza																																																												
8g40	A	AVSDYFNRDLGWEDYYFPF	IPISGI	EGTFNKY																																																																												influenza																																																												
8d21	H	DRLDTAVPRGWFDS	SGSSLS	GFSFSRH																																																																												influenza																																																												
7wvg	C	PSAIFGIYIILNGLDV	SYDGSY	GFPFSSY																																																																												influenza																																																												
8gv7	C	PSAIFGIYIILNGLDV	SYDGSY	GFPFSSY																																																																												influenza																																																												
8diu	G	HMGYQVRETMDV	IPIFGT	GGPFRSY																																																																												influenza																																																												
8dim	B	HMGYQVRETMDV	IPIFGT	GGPFRSY																																																																												influenza																																																												
5w08	K	DLTLMYVFDSGWARGAHDYYGMDV	NPNTGD	GYTFTAY																																																																												influenza																																																												
6q18	H	VPPYCTSASCPDDYYYHYMDV	QHGGG	GGSISSSN																																																																												influenza																																																												
6pzw	F	DKRFITMILVGPFDY	SYDGSN	GFTFNNY																																																																												influenza																																																												
4fp8	I	HMSMQQVVSAGWERADLVGDAFDV	NAGGGD	GSSFGESTLSYY																																																																												influenza																																																												
6wxl	K	KRGAVTAMVYYYFYGMDV	NPDTGG	GYTFTGY																																																																												influenza																																																												
4m5z	H	HVRSGYPDTAYYFDK	YHSGS	GYSISSNY																																																																												influenza																																																												
5k9q	U	DKKQGEVVLPAASFRWFAP	SGYTGN	GYSFSRY																																																																												influenza																																																												
6lxj	M	DLQDTPMVDRIIGSYYYYNGLDV	IPVYGT	GGPFSSY																																																																												influenza																																																												
5xku	C	GSTGDRHYYYYGMDV	YYSGS	GGSISSGGY																																																																												influenza																																																												
6iut	H	GFWGLDGFDI	FDSGS	GGSINSY																																																																												influenza																																																												
7k39	J	VEGVRGVMGFHYYPMDV	NTYDGQ	GYTLTSY																																																																												influenza																																																												
5dur	H	ALLTTVTTFEY	HGSGH	GDSVSSGSY																																																																												influenza																																																												
6e4x	Z	GGVENLMLVAVIQEMWYFDL	YHSGS	GGSVSSNIY																																																																												influenza																																																												
5ugy	I	GGLEPRSVDYYYYGMDV	HPNSGD	GYTFTDY																																																																												influenza																																																												
3lzf	H	TLRVSGDYVRDFDL	DWDDDTYY	GFSLSTSGM																																																																												influenza																																																												
6q0h	H	APPYCTSASCPDDYYYYYMDV	YHGGS	GGSISSSN																																																																												influenza																																																												
4yk4	C	RRSDFETVDFIYHYMDV	YYSGS	GGSISSY																																																																												influenza																																																												
6urm	H	MLYGDLGGRFDP	DWDDN	GFSLSTSGM																																																																												influenza																																																												
6xq0	B	ALTEWLFQRGTRNHYYYGMDV	GKGGE	GFMFRSY																																																																												influenza																																																												
7l0l	G	HSGYHITNTFFDY	VAIFGT	GGIFRSN																																																																												influenza																																																												
5y2l	I	DPLTKLLPFDWVSGGYFDY	TFDGGY	GFTSSAY																																																																												influenza																																																												
4hkx	A	AGLEPRSVDYYFYGLDV	HPNSGA	GYTFTDN																																																																												influenza																																																												
6q0o	Z	APPYCSSASCPDDYYYFFLDV	SHGVY	GGSISSSQ																																																																												influenza																																																												
7k37	J	VEGVRGVMGFHYYPMDV	NTYDGQ	GYTLTSY																																																																												influenza																																																												
6ml8	H	HMSMQQVVSAGWERADLVGDAFDV	NAGGGD	GSSFGESTLSYY																																																																												influenza																																																												
4fqi	H	HGNYYYYSGMDV	SPIFGS	GGTSNNY																																																																												influenza																																																												
6pzf	H	STAAEFFDY	KQDGSE	GFTFSSY																																																																												influenza																																																												
6pze	H	DPGLEWELSVLSNWFDP	YYSGS	GGSISSSSY																																																																												influenza																																																												
4py8	I	DLGGYFIRGIMDV	SYDGSN	EFTFRMY																																																																												influenza																																																												
6whk	C	DWVRDIILLPALHLDY	RSKVYGGT	GFTFGDY																																																																												influenza																																																												
6oc3	C	GTEDLGYCSSGSCPNH	FYNGD	GVSVTSDIY																																																																												influenza																																																												
6q0i	H	APPYCTSASCPDDYYYYYMDV	YHGGS	GGSISSSN																																																																												influenza																																																												
5a3i	G	HASCSARSCYWGPVDY	YPASSE	GYSFSDY																																																																												influenza																																																												
6a67	C	AENLLSPYLAEGFDP	YHSGS	GGSISSGTY																																																																												influenza																																																												
6uyn	H	HMGYQVRETMDV	IPIFGT	GGPFRSY																																																																												influenza																																																												
6iuv	C	RATYYYGSGSYFDAFDI	DPSDSD	GNNFPSY																																																																												influenza																																																												
6p3r	C	GFLERLLLGRQGAYYYGMDV	KQDGSE	RFTSSSY																																																																												influenza																																																												
5umn	E	HMSMQQVPGSGWERADLVGDAFDV	NAGGGD	GSSFGESTLSYY																																																																												influenza																																																												
4xnm	B	VALFDILTGGWFDP	YHSGN	GGSISSSY																																																																												influenza																																																												
3sdy	H	EPPLFYSSWSLDN	SAYNGD	GYTFTSF																																																																												influenza																																																												
6q20	H	VRTWGDYTTGEEIINSWYFDL	NWNGDI	GFTFDDY																																																																												influenza																																																												
6q0e	H	APPYCSSTSCPDDYYYYYMDV	YHSGS	GGSISSSN																																																																												influenza																																																												
5kan	H	NRVQMEVSPATQSTWYMDL	SGYTGD	GYTFTRF																																																																												influenza																																																												
3gbm	H	HMGYQVRETMDV	IPIFGT	GGPFRSY																																																																												influenza																																																												
4xrc	B	VALFDILTGGWFDP	YHSGN	GGSISSSY																																																																												influenza																																																												
6xpx	B	DRGGLDV	SFDGGE	GFTFRDS																																																																												influenza																																																												
6nz7	G	GITVFGLLIINSAMDV	SYDGSN	GFSFSTS																																																																												influenza																																																												
5k9k	H	GSAMIFGIVIILES	YYRSKWY	GDTVSSNRA																																																																												influenza																																																												
4xnq	H	VALFDILTGGWFDP	YHSGN	GGSISSSY																																																																												influenza																																																												
6ocb	H	GTEDLGYCSSGSCPNH	FYNGD	GVSVTSDIY																																																																												influenza																																																												
4o58	H	PSITESHYCLDCAAKDYYYGLDV	IPFFGT	GTFYKY																																																																												influenza																																																												
6e3h	H	EFRTQIVLGYFDWLEGNAFDM	SAYDAK	GFTFTSY																																																																												influenza																																																												
4r8w	H	DKVQGRVEVGSGGRHDY	SAYTGI	GYSFSTY																																																																												influenza																																																												
5w0d	B	DLTLMYVHSSGWERGVYYYYGMDV	NPNSGG	GYTFTGY																																																																												influenza																																																												
6e56	G	SSNYYGSGSYSPDDYYHMDV	SGSGRS	GFTFNHY																																																																												influenza																																																												
6q0l	H	APPYCTSASCPDDYYYYYMDV	YHGGS	GGSISSSN																																																																												influenza																																																												
5gjs	H	EEHITFGGVIVRY	YTSGS	GASISSY																																																																												influenza																																																												
5vag	C	DPSFWAAEYFQH	IPIFGT	GGTFSSY																																																																												influenza																																																												
6lxi	C	DLQDTPMVDRIIGSYYYYNGLDV	IPVYGT	GGPFSSY																																																																												influenza																																																												
5w6g	H	SYVDNWHAGLHWFDS	FYSGG	GGSIKNKDF																																																																												influenza																																																												
3gbn	H	HMGYQVRETMDV	IPIFGT	GGPFRSY																																																																												influenza																																																												
9cci	B	TFGTYYDNTEDWFFDF	YGGDSD	GYSFSSF																																																																												sars_cov2																																																												
9ccj	H	LPLGERIDY	YYSGT	GGSINTNMY																																																																												sars_cov2																																																												
9bj2	H	HNGDPYDFWSGYNTWAGGLDV	IPFLDV	GVIFSRN																																																																												sars_cov2																																																												
8z6r	E	QGDLGDWILLGY	YPGDSD	GYTFSYY																																																																												sars_cov2																																																												
8z6s	E	QGDLGDWILLGY	YPGDSD	GYTFSYY																																																																												sars_cov2																																																												
8z6t	B	QGDLGDWILLGY	YPGDSD	GYTFSYY																																																																												sars_cov2																																																												
8z6x	B	QGDLGDWILLGY	YPGDSD	GYTFSYY																																																																												sars_cov2																																																												
8v5v	b	CGARSYYYDSGDYCAFDI	NPNSGG	GYTFTGY																																																																												sars_cov2																																																												
9c44	H	LKDSRYSGSYYDY	RYDGGN	GFTFNSY																																																																												sars_cov2																																																												
8s6m	H	DYYPLLSYYYGLDV	AYDGSN	GITFSSF																																																																												sars_cov2																																																												
8wpw	A	DYTRGAWFGESLIGGFDN	STYNGN	GYPFTSY																																																																												sars_cov2																																																												
9atm	H	DYYPLLSYYYGLDV	AYDGSD	GITFSSF																																																																												sars_cov2																																																												
9au1	M	DYTRGAWFGESLIGGFDN	STYNGN	GYPFTSY																																																																												sars_cov2																																																												
8kdm	E	DLFFIPAANSFDY	NPDAGS	GYTFTDH																																																																												sars_cov2																																																												
8keo	E	PHCNRTNCHDGFDI	VFGSSN	VFSFDTS																																																																												sars_cov2																																																												
8kep	H	PHCNRTNCHDGFDI	VFGSSN	VFSFDTS																																																																												sars_cov2																																																												
8ker	I	GDASPDNIYYYMDV	GTSGD	GFTFRNY																																																																												sars_cov2																																																												
8sdh	H	GGIAVASGAFDI	YPGDSD	GYTFTRH																																																																												sars_cov2																																																												
8vcr	D	GFLGYCAGGSCFLNWLDP	YYNGR	GDSISNSSY																																																																												sars_cov2																																																												
8yww	H	DSYYDILTGYSGAFDM	NWNGDN	GLKFDDF																																																																												sars_cov2																																																												
8q5y	R	DLGTYDDS	SYDGIT	GFTFSNY																																																																												sars_cov2																																																												
8xse	H	DHLITMVQPEYFHH	SGSGGS	GFTFSSY																																																																												sars_cov2																																																												
8xsf	H	QEGTYCSGGSCYSGLDY	WYDGSN	GFTFSRY																																																																												sars_cov2																																																												
8xsi	H	QEGTYCSGGSCYSGLDY	WYDGSN	GFTFSRY																																																																												sars_cov2																																																												
8xsj	H	GGGYSYVVDMGPY	SHDASN	GFTFSNY																																																																												sars_cov2																																																												
8y6a	C	DYTRGAWFGESLIGGFDN	STYNGN	GYPFTSY																																																																												sars_cov2																																																												
8c0y	B	DYGDFYFDY	YPGGS	EFIVSAN																																																																												sars_cov2																																																												
8qh0	H	DLVVYGMDV	YPGGS	GITVTSN																																																																												sars_cov2																																																												
8qh1	H	DLVVYGMDV	YPGGS	GITVTSN																																																																												sars_cov2																																																												
8hlc	H	GGWELRSLAGGYYGMDV	SSSGST	GFTFSDY																																																																												sars_cov2																																																												
8hld	H	SPPDFLGWFDP	SAYKGN	GYTFSRY																																																																												sars_cov2																																																												
8p5m	G	DLGTYDDS	SYDGIT	GFTFSNY																																																																												sars_cov2																																																												
8v4f	B	DYGDFYFDY	YPGGS	EFIVSAN																																																																												sars_cov2																																																												
8x0y	E	MRGIFDY	FHSGT	GASISSGD																																																																												sars_cov2																																																												
8c2r	F	DYGDFYFDY	YPGGS	EFIVSAN																																																																												sars_cov2																																																												
8xi6	D	PPLGSNLFAVGYHFDY	SGSADS	GFSFSGY																																																																												sars_cov2																																																												
8khc	F	GVDIVVMMYADDAFDI	SSEIGGGT	GFSFSDA																																																																												sars_cov2																																																												
8vye	B	LKDSRYSGSYYDY	RYDGGN	GFTFNSY																																																																												sars_cov2																																																												
8r1c	H	LDNCSAGYCHAFDI	HSSGS	GDSISSGTY																																																																												sars_cov2																																																												
8sdf	H	DNERYQMQNYYHYYGMDV	NPDSGG	GYTFTDY																																																																												sars_cov2																																																												
8sdg	G	VPVLEYYQYGMDV	SSNVNNDA	GFTLSDS																																																																												sars_cov2																																																												
8siq	H	GVVGYYDMLTGPPDNWLDA	SSSGS	GFTFSSR																																																																												sars_cov2																																																												
8sit	H	AGRDYYDRSGYQRFPGFDY	RSSGNY	GFTFSPY																																																																												sars_cov2																																																												
8cin	E	DSVWYTGSYGLIY	YYGGS	GGSIDNF																																																																												sars_cov2																																																												
8cbf	A	VSQWALILF	IPLFGS	GGTFSSS																																																																												sars_cov2																																																												
8hp9	H	FFSHYDSSNYYYGSWFDP	YWDND	GFSLSTSGV																																																																												sars_cov2																																																												
8hpq	H	FFSHYDSSNYYYGSWFDP	YWDND	GFSLSTSGV																																																																												sars_cov2																																																												
8hpv	M	ESGGFPLAEGAFDI	YPGGS	EITVSSN																																																																												sars_cov2																																																												
8tm1	H	GTIYFDRSGYRRVDPFHI	YFSGN	GGSFATENY																																																																												sars_cov2																																																												
7y3o	H	AQTPTLWWLQDAFDI	SGDGSY	GFTFDDY																																																																												sars_cov2																																																												
8hpf	H	FFSHYDSSNYYYGSWFDP	YWDND	GFSLSTSGV																																																																												sars_cov2																																																												
8hpu	H	FFSHYDSSNYYYGSWFDP	YWDND	GFSLSTSGV																																																																												sars_cov2																																																												
8hq7	M	ESGGFPLAEGAFDI	YPGGS	EITVSSN																																																																												sars_cov2																																																												
8hrd	O	FGAGMTGMPRYFDTTRWFDP	YPDDSD	GYNFSRY																																																																												sars_cov2																																																												
8hws	H	DLGPYGMDV	YSGGS	GIIVSSN																																																																												sars_cov2																																																												
8hwt	H	DLGPYGMDV	YSGGS	GIIVSSN																																																																												sars_cov2																																																												
8hes	H	DGGYNILTAYYHAPSY	KHDESE	GFTFYSY																																																																												sars_cov2																																																												
8hgl	H	PNCTGGSCYDGFNL	AVGSGK	GFTFYYS																																																																												sars_cov2																																																												
8h7l	D	VSYPLTKYYYGMDV	SYDGSN	EFTFSSF																																																																												sars_cov2																																																												
8gf2	C	DFGDFYFDY	YSGGS	GFTVSSN																																																																												sars_cov2																																																												
8el2	H	GHTYNWNYAYCDY	NPISGG	GYTFTGY																																																																												sars_cov2																																																												
7yd1	A	LTAADTIFDC	YWDDD	GFSLSTPGG																																																																												sars_cov2																																																												
8cim	D	DQHIYDSSGHGGLWFDP	IPIQGT	GGSFSTS																																																																												sars_cov2																																																												
8e1g	H	DRGPWLHDY	YSGGT	EFIVSSN																																																																												sars_cov2																																																												
8eoo	A	LAWLRGYFDY	YYGGS	GGSISGSNY																																																																												sars_cov2																																																												
7xeg	C	VLPMYGDYLDY	YPGGT	GFTVGWN																																																																												sars_cov2																																																												
7xei	C	VLPMYGDYLDY	YPGGT	GFTVGWN																																																																												sars_cov2																																																												
8h07	E	GSGGIHDAFDI	YTGGN	GFTVS																																																																												sars_cov2																																																												
7xsc	A	HPYGDHA	YSGGS	GFTVSSN																																																																												sars_cov2																																																												
8cwi	H	EATAGFDY	WYDGSD	GFTFSSY																																																																												sars_cov2																																																												
8cwk	H	EATAGFDY	WYDGSD	GFTFSSY																																																																												sars_cov2																																																												
8bse	H	EPYGDKA	YSGGS	GFTVSSN																																																																												sars_cov2																																																												
8bsf	H	HPIHGYGSGSLYNPDY	YPGDSD	GYSFANY																																																																												sars_cov2																																																												
8hn6	A	DLSYYGMDV	YAGGS	GLTVSSN																																																																												sars_cov2																																																												
8hn7	B	ALRYSTSWYDY	HNSGNP	GFAFSTY																																																																												sars_cov2																																																												
7xsa	B	HRIGYIFDY	YWDDD	GFSLSTSGV																																																																												sars_cov2																																																												
8a99	R	SAYYSESSGYYLDY	IPMFGI	GGTFNTY																																																																												sars_cov2																																																												
8gs9	H	SLGDRFDF	YAGGS	EIIVSRN																																																																												sars_cov2																																																												
7xik	H	EAYGMDV	YPGGS	GFIVGWN																																																																												sars_cov2																																																												
7xil	H	EAYGMDV	YPGGS	GFIVGWN																																																																												sars_cov2																																																												
7xs8	A	DLQVYGMDV	YSGGS	GITVSSN																																																																												sars_cov2																																																												
7wn2	H	EFDLTKIIMVPPY	SSSGSS	GFTFSDY																																																																												sars_cov2																																																												
7wnb	H	DLVVYGLDY	YSGGS	GFIVSRN																																																																												sars_cov2																																																												
7xj6	E	GTEYGDYDVSHD	IPILGI	GGTFSSY																																																																												sars_cov2																																																												
7xj8	G	GTEYGDYDVSHD	IPILGI	GGTFSSY																																																																												sars_cov2																																																												
7xj9	G	GTEYGDYDVSHD	IPILGI	GGTFSSY																																																																												sars_cov2																																																												
7zjl	j	GSDYGDYLLVY	SYDGSN	GFTFSNY																																																																												sars_cov2																																																												
8i5h	H	DLVVYGLDY	YSGGS	GFIVSRN																																																																												sars_cov2																																																												
7x93	E	DAEGGWVAALDY	SYDGNN	GFTFSDY																																																																												sars_cov2																																																												
7x94	H	IPIRDYDYDGSGYYYFLDY	NTNTGN	GYTFINH																																																																												sars_cov2																																																												
7x95	H	TQSLWFGQFYYIYGMDV	SPDGKN	GFTFSSY																																																																												sars_cov2																																																												
7x96	H	HIVVLDRWFDP	DPSRGT	GYTFTSY																																																																												sars_cov2																																																												
8bbo	H	GGTDDYVDY	FTSGT	GDSINSGIN																																																																												sars_cov2																																																												
8bcz	H	PIVGGIAGMDV	YSGGS	GFTVTVN																																																																												sars_cov2																																																												
7u8e	H	SPIGYCSSTKCYIDKPFDS	HHSGK	GDSIGTY																																																																												sars_cov2																																																												
7soe	B	VLVWFGEVLPDAFDV	YWNDD	GFSVNTGGV																																																																												sars_cov2																																																												
7ru8	H	DFRYCSSTRCYFWFDP	IPIIGT	GGTFSIY																																																																												sars_cov2																																																												
7s5q	B	PYCSGGTCHDGFDI	VVGSGN	GITFTSS																																																																												sars_cov2																																																												
7ru5	H	DFRYCSSTRCYFWFDP	IPIIGT	GGTFSIY																																																																												sars_cov2																																																												
7e9o	H	AVEMVRGLGADPEYGMDV	SWNSGT	GFTFDDY																																																																												sars_cov2																																																												
7ru4	H	RNQWDLLVY	IPILDI	GGTFSSS																																																																												sars_cov2																																																												
7s5p	H	GTAMAYGMDV	YSGGS	GFTVSSN																																																																												sars_cov2																																																												
7ru3	H	RNQWDLLVY	IPILDI	GGTFSSS																																																																												sars_cov2																																																												
7s5r	H	PPRNYYDRSGYYQRAEYFQH	NSSGGS	GYTFTSY																																																																												sars_cov2																																																												
7ul0	H	DLELGGGFDY	SPYNGN	GYTFSSY																																																																												sars_cov2																																																												
7x63	H	DLGEAGGMDV	YPGGS	GITVGWN																																																																												sars_cov2																																																												
7x66	H	DLGEAGGMDV	YPGGS	GITVGWN																																																																												sars_cov2																																																												
7u0q	G	DYGDFYFDY	YSGGS	EITVSRN																																																																												sars_cov2																																																												
7u0x	F	DLSAGHCTGGVCYTAGGIDY	SYDGSD	GFTFRSY																																																																												sars_cov2																																																												
7x2h	A	DSSGWHWGVPFDY	SYDGSN	GFTFSTY																																																																												sars_cov2																																																												
7xcz	D	ASITTTDDGMDV	SFDGSN	GFTFSSY																																																																												sars_cov2																																																												
7xda	B	ELGHDY	NHSGN	GESFSGY																																																																												sars_cov2																																																												
7xdb	D	HPGGGDWYFDL	YPDDSD	GYSFTSYY																																																																												sars_cov2																																																												
7xdk	F	ELGHDY	NHSGN	GESFSGY																																																																												sars_cov2																																																												
7wwi	E	GTEYGDYDVSHD	IPILGI	GGTFSSY																																																																												sars_cov2																																																												
7wwj	G	GTEYGDYDVSHD	IPILGI	GGTFSSY																																																																												sars_cov2																																																												
7wwk	G	GTEYGDYDVSHD	IPILGI	GGTFSSY																																																																												sars_cov2																																																												
7yck	C	GFGEYYYYAMDV	SYDGSN	GFTFSSY																																																																												sars_cov2																																																												
7ycl	A	GRNYLDSRGRFDY	DPSDSY	GYSFTNY																																																																												sars_cov2																																																												
7ycn	K	GLGIFGVVTLSDV	NHSGS	GGSFSGY																																																																												sars_cov2																																																												
8hhx	F	GFGEYYYYAMDV	SYDGSN	GFTFSSY																																																																												sars_cov2																																																												
8hhy	H	GRNYLDSRGRFDY	DPSDSY	GYSFTNY																																																																												sars_cov2																																																												
8hhz	E	GLGIFGVVTLSDV	NHSGS	GGSFSGY																																																																												sars_cov2																																																												
8d48	H	DGSAGDNSWFDP	DPSGGS	GYTFTSF																																																																												sars_cov2																																																												
8dm3	H	STAVAGTPDLFDYYYGMDV	DPEDGE	GYTLTEL																																																																												sars_cov2																																																												
8dm4	H	STAVAGTPDLFDYYYGMDV	DPEDGE	GYTLTEL																																																																												sars_cov2																																																												
8hc2	H	GLGDYLDS	YAGGS	GLTVSSN																																																																												sars_cov2																																																												
8hc3	H	GLGDYLDS	YAGGS	GLTVSSN																																																																												sars_cov2																																																												
8hc4	D	ENGYSGYGAAANFDL	IPILGI	GGTFSSY																																																																												sars_cov2																																																												
8hc5	H	GLGDYLDS	YAGGS	GLTVSSN																																																																												sars_cov2																																																												
8hc6	H	GLGDYLDS	YAGGS	GLTVSSN																																																																												sars_cov2																																																												
8hc7	H	GLGDYLDS	YAGGS	GLTVSSN																																																																												sars_cov2																																																												
8hc8	H	TRSRSVRNCTSATCPVDAFDL	SSNILSSTSY	GFSFITY																																																																												sars_cov2																																																												
8hc9	D	TRSRSVRNCTSATCPVDAFDL	SSNILSSTSY	GFSFITY																																																																												sars_cov2																																																												
8hca	D	TRSRSVRNCTSATCPVDAFDL	SSNILSSTSY	GFSFITY																																																																												sars_cov2																																																												
8hcb	D	TRSRSVRNCTSATCPVDAFDL	SSNILSSTSY	GFSFITY																																																																												sars_cov2																																																												
7wh8	B	EGLAFLGYGMDV	LPTFGT	GGTFSNY																																																																												sars_cov2																																																												
7whb	D	EGLAFLGYGMDV	LPTFGT	GGTFSNY																																																																												sars_cov2																																																												
7whd	D	EGLAFLGYGMDV	LPTFGT	GGTFSNY																																																																												sars_cov2																																																												
7x25	A	EGGSGYDFFDY	IPILGI	GGTFSSY																																																																												sars_cov2																																																												
8dxt	H	SGEQQLVQAEYFHH	SGSGGS	GFTFSSY																																																																												sars_cov2																																																												
8dxu	H	EATAGFDY	WYDGSD	GFTFSSY																																																																												sars_cov2																																																												
7wck	A	NHCSNTTCLDGFDI	VVASGN	GFTFTNS																																																																												sars_cov2																																																												
7wcp	D	DYGDFYFDY	YPGGS	EFIVSRN																																																																												sars_cov2																																																												
7wcu	A	DYGDFYFDY	YPGGS	EFIVSRN																																																																												sars_cov2																																																												
7ykj	A	AISRYPWGCLDY	SGTGDD	GFTFSNY																																																																												sars_cov2																																																												
7wti	H	HKIEYIFDY	YWDGD	GFSLNTGGA																																																																												sars_cov2																																																												
7wtf	H	LDGYSFGHDRYYQDGMDD	IPIFGT	GGTFSNY																																																																												sars_cov2																																																												
7wtg	H	LDGYSFGHDRYYQDGMDD	IPIFGT	GGTFSNY																																																																												sars_cov2																																																												
7wth	H	HKIEYIFDY	YWDGD	GFSLNTGGA																																																																												sars_cov2																																																												
7wtj	H	AEGSSWLGWFDP	NPGDGG	GYTFSSY																																																																												sars_cov2																																																												
7wtk	H	AEGSSWLGWFDP	NPGDGG	GYTFSSY																																																																												sars_cov2																																																												
7x8w	H	DLAFSMVRGALDY	NPNSGA	GFLFTGY																																																																												sars_cov2																																																												
7x8y	H	ADYDILTGTPASPY	KSKTDGGT	GFTFNNA																																																																												sars_cov2																																																												
7x90	E	LITMIRGVPDY	SYDGSN	GFTFSHY																																																																												sars_cov2																																																												
7x91	H	FPYYYDNSGSGP	VVGSGN	GFIFTNS																																																																												sars_cov2																																																												
7x92	H	DGTVAVRGVMNPFFDY	WYDGSK	GFTFSNS																																																																												sars_cov2																																																												
8dw2	D	DYTRGAWFGESLIGGFDN	STYNGN	GYPFTSY																																																																												sars_cov2																																																												
8dw3	D	DYTRGAWFGESLIGGFDN	STYNGN	GYPFTSY																																																																												sars_cov2																																																												
7u9o	H	EETIVGATPPYGLDV	NPNSGV	GDGY																																																																												sars_cov2																																																												
7u9p	H	DPHCTGGVCDAFDL	WYSGSD	GFSFNSY																																																																												sars_cov2																																																												
7six	H																																																																															sars_cov2																																																												
7sj0	B	GSPFDRTQNWFDP	DPEDGE	GYTLTEL																																																																												sars_cov2																																																												
7yr1	H	AQGGWELPGAGYYYFYGMDV	YRGGS	GLTVSSN																																																																												sars_cov2																																																												
7yr0	C	DYTRGAWFGESLIGGFDN	STYNGN	GYPFTSY																																																																												sars_cov2																																																												
7wrj	A	RPDLDSDLIVVDAFDM	YWDDS	GFSLKKNGV																																																																												sars_cov2																																																												
7y0c	A	VSQWELLVY	IPIFNT	GGTFSTY																																																																												sars_cov2																																																												
7y0v	H	GRGSPPHYYFYFGLDV	YYTGS	GASITSSDS																																																																												sars_cov2																																																												
7xco	H	DYTRGAWFGESLIGGFDN	STYNGN	GYPFTSY																																																																												sars_cov2																																																												
7xxl	A	EEQQLVHDYYYYGMDV	YYRSKWY	GDSVSSNSA																																																																												sars_cov2																																																												
7wbz	H	DLAVYGMDV	YSGGS	GFTVRSN																																																																												sars_cov2																																																												
7xck	A	DYTRGAWFGESLIGGFDN	STYNGN	GYPFTSY																																																																												sars_cov2																																																												
7xcp	H	GDSSGYYYYFDY	GTAGD	GFTFSSY																																																																												sars_cov2																																																												
7yad	A	DYTRGAWFGESLIGGFDN	STYNGN	GYPFTSY																																																																												sars_cov2																																																												
8dad	H	PYCNKTNCRDGFDM	VVGSGN	QFTFSIS																																																																												sars_cov2																																																												
8dlr	H	LQTVDTAIEKYYGMDV	IPILGI	GGTFSSH																																																																												sars_cov2																																																												
8dls	H	STAVAGTPDLFDYYYGMDV	DPEDGE	GYTLTEL																																																																												sars_cov2																																																												
8dlw	C	AAPFYDFWSGYSYFDY	NPISSG	GYTFTGY																																																																												sars_cov2																																																												
8dzh	E	GGYEDVFDI	YPGDSD	GFSFTSY																																																																												sars_cov2																																																												
8dzi	H	GGYEDVFDI	YPGDSD	GFSFTSY																																																																												sars_cov2																																																												
7zbu	H	ADYYDFWSGYQKTYYYYMDV	SYDGSY	GFIFSSY																																																																												sars_cov2																																																												
7upl	E	GEMTAVFGDY	YPGDSD	GYNFAYY																																																																												sars_cov2																																																												
7u0p	E	GEMTAVFGDY	YPGDSD	GYNFAYY																																																																												sars_cov2																																																												
7fjc	H	GGGRRLQFDYFDY	NAGNGN	GYTFTTY																																																																												sars_cov2																																																												
7str	H	IYDSSGYYHPVFDY	YYSGS	GGSISSY																																																																												sars_cov2																																																												
7sts	A	DYYQLPMDV	YYSGS	GGSISSY																																																																												sars_cov2																																																												
7sue	H	GWEFGSGSYYRDYYYYAMDV	IPILGI	GGTFSSC																																																																												sars_cov2																																																												
7v23	O	NGGAHSSTWSFYGMDV	SSSGSQ	EFTFSSY																																																																												sars_cov2																																																												
7v24	H	NGGAHSSTWSFYGMDV	SSSGSQ	EFTFSSY																																																																												sars_cov2																																																												
7v27	B	LTAADTIFDC	YWDDD	GFSLSTPGG																																																																												sars_cov2																																																												
7wcd	E	GWATYYDILTGYSLFDY	NPNSGG	GYTFTGY																																																																												sars_cov2																																																												
7qti	G	DRHYDSSGYFVNGFDI	SWNSNN	GFRFDDY																																																																												sars_cov2																																																												
7qtj	B	DRHYDSSGYFVNGFDI	SWNSNN	GFRFDDY																																																																												sars_cov2																																																												
7qtk	B	DRHYDSSGYFVNGFDI	SWNSNN	GFRFDDY																																																																												sars_cov2																																																												
7t7b	H	AARPYYDRRGYFFRADYFQH	NAGDGD	GYTFSVF																																																																												sars_cov2																																																												
8df5	A	DYTRGAWFGESLIGGFDN	STYNGN	GYPFTSY																																																																												sars_cov2																																																												
7wjy	B	HHQIAVAGDAEDYYFDY	TWNSGT	GFTFDDY																																																																												sars_cov2																																																												
7wo4	D	VWYYYGPRDY	NQDGGE	GFTFSSY																																																																												sars_cov2																																																												
7wo5	D	VWYYYGPRDY	NQDGGE	GFTFSSY																																																																												sars_cov2																																																												
7wo7	A	VWYYYGPRDY	NQDGGE	GFTFSSY																																																																												sars_cov2																																																												
7woa	D	VFRGSQYWFDP	IPILDI	GDTFINY																																																																												sars_cov2																																																												
7wob	D	VFRGSQYWFDP	IPILDI	GDTFINY																																																																												sars_cov2																																																												
7woc	A	VFRGSQYWFDP	IPILDI	GDTFINY																																																																												sars_cov2																																																												
7wog	A	DSSSWYNYYGMDV	SGSGGS	GFTFSSY																																																																												sars_cov2																																																												
7wp0	H	GVQGYYDRSGYYNLDYNYGMDV	SFDGSI	GFTFSSI																																																																												sars_cov2																																																												
7wjz	A	HHQIAVAGDAEDYYFDY	TWNSGT	GFTFDDY																																																																												sars_cov2																																																												
7wk0	A	HHQIAVAGDAEDYYFDY	TWNSGT	GFTFDDY																																																																												sars_cov2																																																												
7x6a	H	ERDYSDYFFDY	NTDTGT	GHSFTSN																																																																												sars_cov2																																																												
8dcc	H	AVVGIVVVPAAGRRAFDI	YHSGS	GYSISSGY																																																																												sars_cov2																																																												
7x1m	A	DYTRGAWFGESLIGGFDN	STYNGN	GYPFTSY																																																																												sars_cov2																																																												
7jmo	H	DLERAGGMDV	YSGGS	GFTVSSN																																																																												sars_cov2																																																												
7orb	E	DVVVVVAARNHYYNGMDV	SQDGGN	GFTFNNY																																																																												sars_cov2																																																												
7tn0	M	GDSSGYYYYFDY	GTAGD	GFTFSSY																																																																												sars_cov2																																																												
7bel	C	GGSYAYYYYMDV	SYDGSN	GFTFSTY																																																																												sars_cov2																																																												
7bej	H	DLGSGDMDV	YPGGS	GVTVSSN																																																																												sars_cov2																																																												
7l2e	H	DSGYNYGYSWFDP	SYDGSN	GFTFSSY																																																																												sars_cov2																																																												
7wwl	J	DRTDWELIRGYFGH	KQDGSE	GFSFSNY																																																																												sars_cov2																																																												
7mzk	H	DRVTIFWGNGMDV	NPSGGG	GYTFTSY																																																																												sars_cov2																																																												
7czx	I	NGQYYDILTGQPPDYWYFDL	SYSGS	GGSISSY																																																																												sars_cov2																																																												
7k43	C	AAPFYDFWSGYSYFDY	NPISSG	GYTFTGY																																																																												sars_cov2																																																												
7ps0	H	LVVPSPKGSWFDP	YYTGS	DGSISSSDY																																																																												sars_cov2																																																												
7nx7	H	DGGKLWVYYFDY	SYDGSN	AFTFSSY																																																																												sars_cov2																																																												
7dk2	D	DLGILWFGDYP	KQDASE	GFTFSSY																																																																												sars_cov2																																																												
7ps2	H	HVVALTHLYPDY	DPSDSY	GHNSPSY																																																																												sars_cov2																																																												
6xkq	H	SDNYGFPYNGMDV	SGYNGD	GYNFTNF																																																																												sars_cov2																																																												
7nxa	A	GEGSPGNWFDP	YSGGS	GLTVSSN																																																																												sars_cov2																																																												
7c01	H	VLPMYGDYLDY	YSGGS	GFTVSSN																																																																												sars_cov2																																																												
7qf1	C	LPYYYDSSGYYYFDY	IPILGI	GGTYSSY																																																																												sars_cov2																																																												
7pqy	H	DHVRPGMNI	YSGGS	GFTVSSN																																																																												sars_cov2																																																												
7qnw	A	PRPPDYYDNSGALLFDI	YYSGI	GDSISSSRY																																																																												sars_cov2																																																												
6yla	H	GSGISTPMDV	YPGDSE	GYGFITY																																																																												sars_cov2																																																												
7kn4	M	PGAIMGALHI	YYSGS	SLSSVNY																																																																												sars_cov2																																																												
6xc7	C	DFGDFYFDY	YSGGS	GFTVSSN																																																																												sars_cov2																																																												
7wwm	I	HGGTYYYDKNILA	SFDGSS	GFSFSHY																																																																												sars_cov2																																																												
7m7w	C	QWSHYTYDYYY	YPGDSD	GYSFTSY																																																																												sars_cov2																																																												
7lxz	H	DGNAYKWLLAENVRFDY	SSSSNY	GFTFSDY																																																																												sars_cov2																																																												
7kfv	F	GDVSGYRYGLDY	YSGGA	GFTVSSN																																																																												sars_cov2																																																												
7chf	A	TRGRGLYDYVWGSKDY	SDGGGS	GFAFTTY																																																																												sars_cov2																																																												
7r40	D	EGTYYYGSGSF	SGSGGN	GFTFSSY																																																																												sars_cov2																																																												
7lxx	H	DGNAYKWLLAENVRFDY	SSSSNY	GFTFSDY																																																																												sars_cov2																																																												
7cho	H	ALQVGATSDYFDY	YSGGS	GFIVSSN																																																																												sars_cov2																																																												
7l0n	M	GDSSGYYYYFDY	GTAGD	GFTFSSY																																																																												sars_cov2																																																												
7mzg	H	DAVYYGMDV	YPGGS	GLTVSSN																																																																												sars_cov2																																																												
7kfw	C	GDVSGYRYGLDY	YSGGT	GFTVSSN																																																																												sars_cov2																																																												
7tb8	J	DLAIAVAGTWHYYNGMDV	SYDGSN	GFTFSSY																																																																												sars_cov2																																																												
7neg	H	DFYEGSFDI	YSGGS	GLTVNRN																																																																												sars_cov2																																																												
7epx	H	DRSYGPPDVFNYEYGMDV	SGDGGS	GFRFDDH																																																																												sars_cov2																																																												
7czp	J	LERDWPLDAFDI	YYSGS	GGSISSY																																																																												sars_cov2																																																												
7r8l	H	DLYSSGGTDI	YAGGS	GITVSSN																																																																												sars_cov2																																																												
7mmo	A	HSISTIFDH	YWDDD	GFSLSISGV																																																																												sars_cov2																																																												
7ora	H	PHCNSTSCYDAFDI	VVGSGN	GFTFTTS																																																																												sars_cov2																																																												
7mzj	F	VGWGAFDI	SGSGGS	GFTFSRF																																																																												sars_cov2																																																												
7qnx	A	PRPPDYYDNSGALLFDI	YYSGI	GDSISSSRY																																																																												sars_cov2																																																												
7wlz	P	AVEMVRGLGADPEYGMDV	SWNSGT	GFTFDDY																																																																												sars_cov2																																																												
7jmp	H	AHVDTAMVESGAFDI	YTGGT	GFTVSSN																																																																												sars_cov2																																																												
7mw2	F	EGHRVGPAY	NPTSGY	GYTFTSY																																																																												sars_cov2																																																												
7mzh	B	SYYDY	NPNSGG	GYTFTGY																																																																												sars_cov2																																																												
6xkp	M	ARGSSGWYRIGTRWGNWFDP	SSSGST	GFTFSDY																																																																												sars_cov2																																																												
7jv6	F	SSGYSGYAGNY	KQDGSE	GFTFSSY																																																																												sars_cov2																																																												
7lxw	H	AFPDSSSWSGFTIDY	WYDGSN	GFTFSNY																																																																												sars_cov2																																																												
7qez	E	GSGISTPMDV	YPGDSE	GYGFITY																																																																												sars_cov2																																																												
7zf8	H	DLMVYGIDV	YSGGT	GVTVSSN																																																																												sars_cov2																																																												
7e86	A	DAQNYGMDV	YSGGS	GFIVSSN																																																																												sars_cov2																																																												
7l7e	T	PYCSSISCNDGFDI	VIGSGN	GFTFMSS																																																																												sars_cov2																																																												
7q0i	H	SYCSGGFCFGYYYGLDV	WYDGSN	GFTFSSY																																																																												sars_cov2																																																												
7jx3	H	GDSSGYYYYFDY	GTAGD	GFTFSSY																																																																												sars_cov2																																																												
7n8h	E	AAPFYDFWSGYSYFDY	NPISSG	GYTFTGY																																																																												sars_cov2																																																												
7cm4	H	IPGFLRYRNRYYYYGMDV	DWDDN	GFSLSTSGV																																																																												sars_cov2																																																												
7n3i	H	DLYSSGGTDI	YSGGS	GFTVSSN																																																																												sars_cov2																																																												
7nx8	H	DGGKLWVYYFDY	SYDGSN	AFTFSSY																																																																												sars_cov2																																																												
7uap	M	PQYHYYDTSTYHSYGFDI	TTSGHA	GFTFSIY																																																																												sars_cov2																																																												
7sob	G	DYTRGAWFGESLIGGFDN	STYNGN	GYPFTSY																																																																												sars_cov2																																																												
7kzb	A	GSGISTPMDV	YPGDSE	FITY																																																																												sars_cov2																																																												
7f6z	H	DAAVYGIDV	YAGGS	GLIVSSN																																																																												sars_cov2																																																												
7z0x	H	LVGALTNIVVSGDGGAFDI	YSGDS	GFTVSSN																																																																												sars_cov2																																																												
7m7b	H	RWWLRGAFDI	NHSGS	GGSFSGY																																																																												sars_cov2																																																												
7nx9	A	GEGSPGNWFDP	YSGGS	GLTVSSN																																																																												sars_cov2																																																												
6xc4	H	DFGDFYFDY	YSGGS	GFTVSSN																																																																												sars_cov2																																																												
7s4s	H	DLEVAGAIDY	YSGGS	GFIVSRN																																																																												sars_cov2																																																												
7ly3	F	AVAGEWYFDY	WYDGSN	GFTFSSY																																																																												sars_cov2																																																												
7bep	D	GGVLRFLEWPLNAFDI	RSSGHT	GFTFSDY																																																																												sars_cov2																																																												
7ben	G	DVVVVVAARNHYYNGMDV	SQDGGN	GFTFNNY																																																																												sars_cov2																																																												
7ly2	F	AAPFYDFWSGYSYFDY	NPISSG	GYTFTGY																																																																												sars_cov2																																																												
7msq	D	EMRRGYSGYDYWDLYAFDI	YYSGN	GGSISSY																																																																												sars_cov2																																																												
7k9z	H	DRGDTIDY	IPMFGT	GYTFTSY																																																																												sars_cov2																																																												
7chc	H	DYGDYYFDY	YSGGS	EFIVSRN																																																																												sars_cov2																																																												
7e7x	H	GPAIAAAETNWFDL	DPEAGE	GYTLIEI																																																																												sars_cov2																																																												
7kqb	K	LITMVRGEDY	SYDGSN	GFTFSSY																																																																												sars_cov2																																																												
7fcp	H	EARGYYDRSGYYHPGYFDY	KPSDDS	GYIFTSY																																																																												sars_cov2																																																												
7vyr	H	ETEQGGMDV	DPSRGE	GGTFGNW																																																																												sars_cov2																																																												
7e7y	C	LINHYYDSGDGGAFDI	YSGGS	GVTVSSN																																																																												sars_cov2																																																												
7wr8	A	DRFPLSDPYVWGSPLGGLDV	DPSGRG	GYRFISH																																																																												sars_cov2																																																												
7or9	H	DGGILTGYLDYFDH	SANNGY	GYIFIRY																																																																												sars_cov2																																																												
7kfy	H	GDVSGYRYGLDY	YSGGT	GFTVSSN																																																																												sars_cov2																																																												
7bnv	H	HPSPYYYGSGSYSGGFDY	YPGDSD	GYSFTSY																																																																												sars_cov2																																																												
7r6w	A	DYTRGAWFGESLIGGFDN	STYNGN	GYPFTSY																																																																												sars_cov2																																																												
7qny	H	DLGSGDMDV	YPGGS	GVTVSSN																																																																												sars_cov2																																																												
7f7e	C	SLIYGHYDILTGAYYFDY	VGSGGS	GFTFSSY																																																																												sars_cov2																																																												
7np1	I	GEGGSIVGVTSDY	YSGGS	GITVSSN																																																																												sars_cov2																																																												
7czw	H	ERCYYGSGRAPRCVWFDP	YYSGS	GDSVSSGSY																																																																												sars_cov2																																																												
7m3i	H	SQRPDGNLYYFDY	YYSGS	GGSISSY																																																																												sars_cov2																																																												
7u2e	H	DFSGHTAVAGTGFEY	SSDGYN	GFTFSSY																																																																												sars_cov2																																																												
7u2d	H	DFSGHTAWAGTGFEY	SEDGYS	GFTFSSY																																																																												sars_cov2																																																												
7cjf	A	DLQELGSLDY	YSGGS	GFIVSSN																																																																												sars_cov2																																																												
7mzf	H	DRGDYLFDY	YSGGT	EFIVSRN																																																																												sars_cov2																																																												
7lm8	H	PPRNYYDRSGYYQRAEYFQH	NSSGGS	GYTFTSY																																																																												sars_cov2																																																												
7lxy	F	AAPFYDFWSGYSYFDY	NPISSG	GYTFTGY																																																																												sars_cov2																																																												
7wph	E	DRAGGTYSGFDF	HHSGG	GGSISSNN																																																																												sars_cov2																																																												
7urq	H	DLEVAGAIDY	YSGGS	GFIVSRN																																																																												sars_cov2																																																												
7n8i	H	LKDSRYSGSYYDY	RYDGGN	GFTFNSY																																																																												sars_cov2																																																												
7czt	I	WFHTGGYFDY	WYDGSN	GFTFSSY																																																																												sars_cov2																																																												
7bz5	H	EAYGMDV	YSGGS	GFIVSSN																																																																												sars_cov2																																																												
7r6x	H	GDSSGYYYYFDY	GTAGD	GFTFSSY																																																																												sars_cov2																																																												
7lop	W	GSGISTPMDV	YPGDSE	GYGFITY																																																																												sars_cov2																																																												
7chs	H	DRDYYGMDV	YSGGS	GFTVSSN																																																																												sars_cov2																																																												
7cdi	H	DLVVYGMDV	YSGGS	GITVSSN																																																																												sars_cov2																																																												
7kqe	J	RWWLRGAFDI	NHSGS	GGSFSGY																																																																												sars_cov2																																																												
7nd9	H	PHCNSTSCYDAFDI	VVGSGN	GFTFTTS																																																																												sars_cov2																																																												
7fjs	C	DGENVLDY	FPENDD	GYRFTSY																																																																												sars_cov2																																																												
7bwj	H	AVVGIVVVPAAGRRAFDI	YHSGS	GYSISSGY																																																																												sars_cov2																																																												
7xh8	B	PSCSRTICSDGFDI	VLASGN	GFTFITPV																																																																												sars_cov2																																																												
7urs	H	DLEVAGAIDY	YSGGS	GFIVSRN																																																																												sars_cov2																																																												
7kmh	A	SPYGGNS	YSGGS	GLTVSSN																																																																												sars_cov2																																																												
7nx6	H	DGGKLWVYYFDY	SYDGSN	AFTFSSY																																																																												sars_cov2																																																												
7cr5	H	ETGDYSSSWYDS	SYDGSN	GFTFSSY																																																																												sars_cov2																																																												
7f6y	H	DAAVYGIDV	YAGGS	GLIVSSN																																																																												sars_cov2																																																												
7q6e	H	VSQWALILF	IPLFGS	GGTFSSS																																																																												sars_cov2																																																												
7q0g	H	DHVRPGMNI	YSGGS	GFTVSSN																																																																												sars_cov2																																																												
6xc3	H	GSGISTPMDV	YPGDSE	GYGFITY																																																																												sars_cov2																																																												
7neh	H	DFYEGSFDI	YSGGS	GLTVNRN																																																																												sars_cov2																																																												
7z0y	H	VADTAMVPEWYFDL	SYDGSN	GFTFSNY																																																																												sars_cov2																																																												
7d00	J	ETLAFDY	YPGGS	GFTVSSN																																																																												sars_cov2																																																												
7kmg	A	GYYEARHYYYYYAMDV	IPILGI	GGTFSNY																																																																												sars_cov2																																																												
7klh	H	SYYYGGFGMDY	YASGGA	GFDLGGY																																																																												sars_cov2																																																												
7jmw	H	PPRNYYDRSGYYQRAEYFQH	NSSGGS	GYTFTSY																																																																												sars_cov2																																																												
7djz	A	DRFVEPATGPFFDY	IPVLGI	GGTFSSF																																																																												sars_cov2																																																												
7sbu	H	RAIDSDTYVEQSHFDY	IPILDR	GGTFSSY																																																																												sars_cov2																																																												
7lab	Y	SSGPSRLCGGGSCYHSFDY	DPEDGE	GYTFTDY																																																																												sars_cov2																																																												
7ps1	A	DLVVYGMDV	YSGGS	GLTVRSN																																																																												sars_cov2																																																												
7s0b	C	DLWGSGFFAFDV	SGSGGS	GFTFSSY																																																																												sars_cov2																																																												
7ps4	B	SRVGATGGYYDYYMDV	YPGDSG	GYSFTNY																																																																												sars_cov2																																																												
7pr0	C	PGGITAAGTSVLFGYYGMDV	SSSSST	GFTFSSY																																																																												sars_cov2																																																												
7so9	E	AAPFYDFWSGYSYFDY	NPISSG	GYTFTGY																																																																												sars_cov2																																																												
7kfx	H	GDVSGYRYGLDY	YSGGT	GFTVSNN																																																																												sars_cov2																																																												
7bem	H	DFYEGSFDI	YSGGS	GLTVNRN																																																																												sars_cov2																																																												
7chb	H	DLGEAGGMDV	YSGGS	GITVSSN																																																																												sars_cov2																																																												
7mzm	H	SPPTSDWYDSPAYNNYYMDV	SGGSSF	GFTFSDY																																																																												sars_cov2																																																												
7b0b	H	PHCSSTICYDGFDI	VVGSGN	GFTFTSS																																																																												sars_cov2																																																												
7b3o	H	DVADAFDI	YSGGS	GLTVSSN																																																																												sars_cov2																																																												
7mzi	H	VGWGAFDI	SGSGGS	GFTFSRF																																																																												sars_cov2																																																												
7ly0	H	AVAGEWYFDY	WYDGSN	GFTFSSY																																																																												sars_cov2																																																												
7sd5	H	TFPSYYDRSGYHYLNYGMDV	TYSGR	GGSISSSNF																																																																												sars_cov2																																																												
7nxb	A	GEGSPGNWFDP	YSGGS	GLTVSSN																																																																												sars_cov2																																																												
7qf0	H	DGDYYGMDV	YSGGS	GFTVSRN																																																																												sars_cov2																																																												
7e3o	H	GLGLRFLEWPISSY	SYDGS	GFTFSSY																																																																												sars_cov2																																																												
7ch5	H	DYGDYYFDY	YSGGS	EFIVSRN																																																																												sars_cov2																																																												
7t01	H	GLFSSSDWGGLDV	YWDDD	GFSLSTIGV																																																																												sars_cov2																																																												
7m71	H	LITMVRGEDY	SYDGSN	GFTFSSY																																																																												sars_cov2																																																												
7kn3	M	EYYYGMDV	YGDGN	GFTVSLS																																																																												sars_cov2																																																												
7czq	J	EGPKSITGTAFDI	YSGGS	GFTVSSN																																																																												sars_cov2																																																												
7e5o	H	GWDLDYYYGMDV	NHSGS	GGSFSGY																																																																												sars_cov2																																																												
7enf	P	DTEDCSSTTCYVDY	SYDGSN	GFTFSSY																																																																												sars_cov2																																																												
6xe1	H	DLDVSGGMDV	YSGGS	GVIVSSN																																																																												sars_cov2																																																												
7kmi	A	EVAGTYDY	YPGGS	GFTVSSN																																																																												sars_cov2																																																												
7n3c	H	LSVRVWFGELPHYGMDV	DPSDSN	GYSFSSY																																																																												sars_cov2																																																												
7mf1	H	EGRRYGSGWYISTGYFDY	IPIFGT	GGTFSTY																																																																												sars_cov2																																																												
7fcq	H	EARGYYDRSGYYHPGYFDY	KPSDDS	GYIFTSY																																																																												sars_cov2																																																												
7ek0	H	DAAVYGIDV	YAGGS	GLIVSSN																																																																												sars_cov2																																																												
7e8m	H	DLVVYGMDV	YSGGS	GITVSSN																																																																												sars_cov2																																																												
7n4j	H	ERPPFDVVVVPAARPYNWFDP	YYIKN	GDSISSSDY																																																																												sars_cov2																																																												
7beh	H	DMAFSMVRGSFDY	NPNSGG	GYTFTGY																																																																												sars_cov2																																																												
7ps6	H	QIGPKRPSQVADWFDP	YYSGS	GGSITSSNH																																																																												sars_cov2																																																												
7bek	H	DLGSGDMDV	YPGGS	GVTVSSN																																																																												sars_cov2																																																												
7bei	H	DLMVYGIDV	YSGGT	GVTVSSN																																																																												sars_cov2																																																												
7tly	A	DYTRGAWFGESLIGGFDN	STYNGN	GYPFTSY																																																																												sars_cov2																																																												
7chp	H	DLQEHGMDV	YSGGS	GFTVSSN																																																																												sars_cov2																																																												
7n4i	H	LLYYSDSSPLDS	YPGDSD	GYSFISY																																																																												sars_cov2																																																												
7l7d	H	PYCSSISCNDGFDI	VIGSGN	GFTFMSS																																																																												sars_cov2																																																												
7n3d	H	HSRIEVAGTLDFDY	YYSGN	GGSISSY																																																																												sars_cov2																																																												
