0,1,3.0
0,2,7.0
0,3,4.0
0,4,4.0
0,5,4.0
0,6,4.0
0,7,7.0
0,8,4.0
0,9,3.0
0,10,6.0
0,11,3.0
0,12,6.0
0,13,4.0
0,14,5.0
0,15,5.0
0,16,4.0
0,17,3.0
0,18,6.0
0,19,6.0
0,20,5.0
0,21,4.0
0,22,5.0
0,23,5.0
0,24,4.0
0,25,6.0
0,26,5.0
0,27,2.0
0,28,2.0
0,29,4.0
0,30,5.0
0,31,5.0
0,32,5.0
0,33,3.0
0,34,5.0
0,35,5.0
0,36,6.0
0,37,4.0
0,38,4.0
0,39,4.0
0,40,3.0
0,41,8.0
0,42,7.0
0,43,4.0
0,44,2.0
0,45,7.0
0,46,7.0
0,47,4.0
0,48,6.0
0,49,5.0
0,50,7.0
0,51,7.0
0,52,4.0
0,53,9.0
0,54,3.0
0,55,3.0
0,56,4.0
0,57,5.0
0,58,4.0
0,59,6.0
0,60,6.0
0,61,5.0
0,62,5.0
0,63,3.0
0,64,4.0
0,65,3.0
0,66,3.0
0,67,4.0
0,68,2.0
0,69,4.0
0,70,4.0
0,71,2.0
0,72,5.0
0,73,3.0
0,74,4.0
0,75,4.0
0,76,4.0
0,77,5.0
0,78,2.0
0,79,2.0
0,80,2.0
0,81,3.0
0,82,2.0
0,83,6.0
0,84,6.0
0,85,6.0
0,86,3.0
0,87,2.0
0,88,4.0
0,89,5.0
0,90,6.0
0,91,4.0
0,92,5.0
0,93,2.0
0,94,6.0
0,95,6.0
0,96,6.0
0,97,5.0
0,98,6.0
0,99,4.0
0,100,3.0
0,101,4.0
0,102,3.0
0,103,5.0
0,104,4.0
0,105,3.0
0,106,3.0
0,107,5.0
0,108,5.0
0,109,4.0
0,110,5.0
0,111,2.0
0,112,5.0
0,113,2.0
0,114,6.0
0,115,6.0
0,116,6.0
0,117,5.0
0,118,5.0
0,119,4.0
0,120,5.0
0,121,5.0
0,122,4.0
0,123,6.0
0,124,6.0
0,125,6.0
0,126,3.0
0,127,3.0
0,128,6.0
0,129,3.0
0,130,3.0
0,131,3.0
0,132,6.0
0,133,6.0
0,134,6.0
0,135,6.0
0,136,4.0
0,137,4.0
0,138,4.0
0,139,6.0
0,140,3.0
0,141,4.0
0,142,5.0
0,143,5.0
0,144,5.0
0,145,3.0
0,146,3.0
0,147,7.0
0,148,7.0
0,149,3.0
0,150,4.0
0,151,4.0
0,152,3.0
0,153,4.0
0,154,3.0
0,155,5.0
0,156,6.0
0,157,6.0
0,158,6.0
0,159,5.0
0,160,5.0
0,161,6.0
0,162,5.0
0,163,6.0
0,164,4.0
0,165,1.0
0,166,6.0
0,167,6.0
0,168,3.0
0,169,2.0
0,170,6.0
0,171,5.0
0,172,6.0
0,173,6.0
0,174,5.0
0,175,6.0
0,176,6.0
0,177,6.0
0,178,6.0
0,179,6.0
0,180,4.0
0,181,4.0
0,182,4.0
0,183,5.0
0,184,3.0
0,185,6.0
0,186,5.0
0,187,5.0
0,188,5.0
0,189,8.0
0,190,5.0
0,191,5.0
0,192,5.0
0,193,7.0
0,194,6.0
0,195,6.0
0,196,3.0
0,197,3.0
0,198,3.0
0,199,6.0
0,200,6.0
0,201,6.0
0,202,3.0
0,203,7.0
0,204,6.0
0,205,6.0
0,206,5.0
0,207,3.0
0,208,6.0
0,209,3.0
0,210,4.0
0,211,5.0
0,212,4.0
0,213,3.0
0,214,6.0
0,215,5.0
0,216,5.0
0,217,9.0
0,218,6.0
0,219,4.0
0,220,5.0
0,221,4.0
0,222,3.0
0,223,4.0
0,224,5.0
0,225,3.0
0,226,5.0
0,227,2.0
0,228,6.0
0,229,3.0
0,230,1.0
0,231,6.0
0,232,6.0
0,233,3.0
0,234,5.0
0,235,4.0
0,236,6.0
0,237,5.0
0,238,5.0
0,239,5.0
0,240,5.0
0,241,3.0
0,242,4.0
0,243,6.0
0,244,5.0
0,245,5.0
0,246,5.0
0,247,3.0
0,248,3.0
0,249,5.0
0,250,4.0
0,251,6.0
0,252,4.0
0,253,5.0
0,254,2.0
0,255,3.0
0,256,6.0
0,257,4.0
0,258,5.0
0,259,3.0
0,260,2.0
0,261,3.0
0,262,5.0
0,263,5.0
0,264,5.0
0,265,6.0
0,266,4.0
0,267,3.0
0,268,5.0
0,269,6.0
0,270,6.0
0,271,3.0
0,272,2.0
0,273,6.0
0,274,3.0
0,275,5.0
0,276,6.0
0,277,3.0
0,278,5.0
0,279,5.0
0,280,4.0
0,281,6.0
0,282,7.0
0,283,4.0
0,284,5.0
0,285,6.0
0,286,4.0
0,287,6.0
0,288,3.0
0,289,6.0
0,290,4.0
0,291,6.0
0,292,4.0
0,293,4.0
0,294,6.0
0,295,3.0
0,296,6.0
0,297,3.0
0,298,5.0
0,299,5.0
0,300,5.0
0,301,5.0
0,302,3.0
0,303,4.0
0,304,5.0
0,305,6.0
0,306,6.0
0,307,3.0
0,308,4.0
0,309,5.0
0,310,2.0
0,311,5.0
0,312,3.0
0,313,3.0
0,314,2.0
0,315,3.0
0,316,5.0
0,317,3.0
0,318,3.0
0,319,4.0
0,320,3.0
0,321,2.0
0,322,5.0
0,323,5.0
0,324,2.0
0,325,2.0
0,326,2.0
0,327,3.0
0,328,5.0
0,329,6.0
0,330,3.0
0,331,5.0
0,332,4.0
0,333,5.0
0,334,5.0
0,335,5.0
0,336,4.0
0,337,2.0
0,338,5.0
0,339,6.0
0,340,6.0
0,341,6.0
0,342,4.0
0,343,5.0
0,344,3.0
0,345,5.0
0,346,5.0
0,347,4.0
0,348,4.0
0,349,5.0
0,350,7.0
0,351,5.0
0,352,4.0
0,353,3.0
0,354,5.0
0,355,4.0
0,356,4.0
0,357,3.0
0,358,5.0
0,359,4.0
0,360,5.0
0,361,3.0
0,362,4.0
0,363,4.0
0,364,6.0
0,365,6.0
0,366,2.0
0,367,2.0
0,368,6.0
0,369,4.0
0,370,5.0
0,371,3.0
0,372,2.0
0,373,6.0
0,374,3.0
0,375,4.0
0,376,5.0
0,377,5.0
1,2,3.0
1,3,4.0
1,4,4.0
1,5,4.0
1,6,4.0
1,7,4.0
1,8,4.0
1,9,4.0
1,10,4.0
1,11,4.0
1,12,4.0
1,13,4.0
1,14,3.0
1,15,3.0
1,16,3.0
1,17,3.0
1,18,3.0
1,19,3.0
1,20,3.0
1,21,4.0
1,22,3.0
1,23,3.0
1,24,3.0
1,25,4.0
1,26,3.0
1,27,3.0
1,28,3.0
1,29,4.0
1,30,4.0
1,31,3.0
1,32,3.0
1,33,4.0
1,34,3.0
1,35,5.0
1,36,3.0
1,37,4.0
1,38,3.0
1,39,3.0
1,40,4.0
1,41,4.0
1,42,4.0
1,43,3.0
1,44,2.0
1,45,2.0
1,46,2.0
1,47,4.0
1,48,4.0
1,49,3.0
1,50,2.0
1,51,2.0
1,52,4.0
1,53,3.0
1,54,4.0
1,55,4.0
1,56,3.0
1,57,3.0
1,58,4.0
1,59,3.0
1,60,3.0
1,61,3.0
1,62,2.0
1,63,4.0
1,64,5.0
1,65,5.0
1,66,5.0
1,67,3.0
1,68,3.0
1,69,3.0
1,70,3.0
1,71,3.0
1,72,4.0
1,73,3.0
1,74,4.0
1,75,4.0
1,76,3.0
1,77,4.0
1,78,2.0
1,79,2.0
1,80,3.0
1,81,3.0
1,82,4.0
1,83,4.0
1,84,4.0
1,85,4.0
1,86,3.0
1,87,4.0
1,88,3.0
1,89,4.0
1,90,4.0
1,91,3.0
1,92,3.0
1,93,4.0
1,94,4.0
1,95,4.0
1,96,2.0
1,97,3.0
1,98,2.0
1,99,4.0
1,100,3.0
1,101,2.0
1,102,3.0
1,103,4.0
1,104,5.0
1,105,4.0
1,106,4.0
1,107,3.0
1,108,5.0
1,109,3.0
1,110,2.0
1,111,4.0
1,112,4.0
1,113,4.0
1,114,4.0
1,115,4.0
1,116,4.0
1,117,3.0
1,118,5.0
1,119,4.0
1,120,3.0
1,121,5.0
1,122,4.0
1,123,2.0
1,124,4.0
1,125,4.0
1,126,4.0
1,127,4.0
1,128,2.0
1,129,4.0
1,130,4.0
1,131,4.0
1,132,2.0
1,133,2.0
1,134,2.0
1,135,2.0
1,136,4.0
1,137,4.0
1,138,4.0
1,139,3.0
1,140,3.0
1,141,3.0
1,142,3.0
1,143,3.0
1,144,3.0
1,145,4.0
1,146,4.0
1,147,4.0
1,148,4.0
1,149,4.0
1,150,3.0
1,151,3.0
1,152,4.0
1,153,3.0
1,154,4.0
1,155,2.0
1,156,4.0
1,157,4.0
1,158,4.0
1,159,3.0
1,160,3.0
1,161,3.0
1,162,4.0
1,163,4.0
1,164,4.0
1,165,3.0
1,166,3.0
1,167,4.0
1,168,3.0
1,169,3.0
1,170,4.0
1,171,3.0
1,172,4.0
1,173,3.0
1,174,3.0
1,175,4.0
1,176,4.0
1,177,3.0
1,178,3.0
1,179,2.0
1,180,4.0
1,181,4.0
1,182,4.0
1,183,3.0
1,184,3.0
1,185,5.0
1,186,2.0
1,187,2.0
1,188,3.0
1,189,4.0
1,190,3.0
1,191,3.0
1,192,3.0
1,193,5.0
1,194,4.0
1,195,4.0
1,196,4.0
1,197,4.0
1,198,4.0
1,199,2.0
1,200,2.0
1,201,2.0
1,202,2.0
1,203,4.0
1,204,4.0
1,205,4.0
1,206,4.0
1,207,4.0
1,208,4.0
1,209,4.0
1,210,2.0
1,211,3.0
1,212,2.0
1,213,3.0
1,214,2.0
1,215,3.0
1,216,3.0
1,217,4.0
1,218,4.0
1,219,4.0
1,220,3.0
1,221,5.0
1,222,4.0
1,223,3.0
1,224,3.0
1,225,5.0
1,226,5.0
1,227,3.0
1,228,4.0
1,229,3.0
1,230,3.0
1,231,3.0
1,232,2.0
1,233,2.0
1,234,6.0
1,235,4.0
1,236,4.0
1,237,2.0
1,238,6.0
1,239,4.0
1,240,3.0
1,241,2.0
1,242,4.0
1,243,3.0
1,244,2.0
1,245,3.0
1,246,4.0
1,247,3.0
1,248,2.0
1,249,2.0
1,250,2.0
1,251,4.0
1,252,4.0
1,253,2.0
1,254,3.0
1,255,2.0
1,256,4.0
1,257,2.0
1,258,5.0
1,259,3.0
1,260,4.0
1,261,2.0
1,262,3.0
1,263,2.0
1,264,3.0
1,265,4.0
1,266,4.0
1,267,3.0
1,268,3.0
1,269,3.0
1,270,4.0
1,271,3.0
1,272,3.0
1,273,4.0
1,274,3.0
1,275,3.0
1,276,3.0
1,277,5.0
1,278,4.0
1,279,4.0
1,280,2.0
1,281,4.0
1,282,4.0
1,283,4.0
1,284,3.0
1,285,3.0
1,286,5.0
1,287,4.0
1,288,2.0
1,289,3.0
1,290,5.0
1,291,4.0
1,292,4.0
1,293,4.0
1,294,4.0
1,295,3.0
1,296,5.0
1,297,5.0
1,298,3.0
1,299,4.0
1,300,3.0
1,301,3.0
1,302,5.0
1,303,3.0
1,304,4.0
1,305,4.0
1,306,2.0
1,307,5.0
1,308,4.0
1,309,3.0
1,310,2.0
1,311,3.0
1,312,3.0
1,313,3.0
1,314,3.0
1,315,3.0
1,316,2.0
1,317,4.0
1,318,4.0
1,319,4.0
1,320,5.0
1,321,2.0
1,322,3.0
1,323,3.0
1,324,3.0
1,325,2.0
1,326,3.0
1,327,3.0
1,328,2.0
1,329,3.0
1,330,3.0
1,331,4.0
1,332,3.0
1,333,4.0
1,334,4.0
1,335,4.0
1,336,5.0
1,337,3.0
1,338,3.0
1,339,3.0
1,340,4.0
1,341,4.0
1,342,4.0
1,343,2.0
1,344,4.0
1,345,3.0
1,346,3.0
1,347,1.0
1,348,2.0
1,349,4.0
1,350,4.0
1,351,3.0
1,352,3.0
1,353,5.0
1,354,3.0
1,355,3.0
1,356,5.0
1,357,2.0
1,358,3.0
1,359,3.0
1,360,3.0
1,361,3.0
1,362,3.0
1,363,4.0
1,364,5.0
1,365,4.0
1,366,3.0
1,367,3.0
1,368,4.0
1,369,3.0
1,370,3.0
1,371,3.0
1,372,4.0
1,373,4.0
1,374,3.0
1,375,4.0
1,376,3.0
1,377,4.0
2,3,6.0
2,4,6.0
2,5,6.0
2,6,6.0
2,7,8.0
2,8,6.0
2,9,8.0
2,10,7.0
2,11,8.0
2,12,7.0
2,13,4.0
2,14,5.0
2,15,5.0
2,16,7.0
2,17,5.0
2,18,9.0
2,19,7.0
2,20,4.0
2,21,4.0
2,22,8.0
2,23,8.0
2,24,5.0
2,25,7.0
2,26,6.0
2,27,5.0
2,28,5.0
2,29,8.0
2,30,6.0
2,31,4.0
2,32,6.0
2,33,3.0
2,34,6.0
2,35,6.0
2,36,6.0
2,37,6.0
2,38,6.0
2,39,6.0
2,40,6.0
2,41,8.0
2,42,9.0
2,43,7.0
2,44,4.0
2,45,7.0
2,46,7.0
2,47,5.0
2,48,7.0
2,49,5.0
2,50,7.0
2,51,7.0
2,52,5.0
2,53,7.0
2,54,6.0
2,55,6.0
2,56,6.0
2,57,7.0
2,58,6.0
2,59,5.0
2,60,6.0
2,61,3.0
2,62,9.0
2,63,5.0
2,64,4.0
2,65,6.0
2,66,6.0
2,67,5.0
2,68,5.0
2,69,4.0
2,70,4.0
2,71,4.0
2,72,8.0
2,73,6.0
2,74,5.0
2,75,5.0
2,76,6.0
2,77,4.0
2,78,4.0
2,79,4.0
2,80,5.0
2,81,3.0
2,82,5.0
2,83,6.0
2,84,6.0
2,85,6.0
2,86,7.0
2,87,5.0
2,88,6.0
2,89,8.0
2,90,6.0
2,91,4.0
2,92,5.0
2,93,6.0
2,94,5.0
2,95,6.0
2,96,6.0
2,97,7.0
2,98,6.0
2,99,7.0
2,100,4.0
2,101,6.0
2,102,4.0
2,103,7.0
2,104,5.0
2,105,7.0
2,106,7.0
2,107,6.0
2,108,9.0
2,109,6.0
2,110,5.0
2,111,3.0
2,112,6.0
2,113,3.0
2,114,6.0
2,115,6.0
2,116,6.0
2,117,7.0
2,118,6.0
2,119,7.0
2,120,7.0
2,121,6.0
2,122,7.0
2,123,6.0
2,124,8.0
2,125,8.0
2,126,5.0
2,127,5.0
2,128,8.0
2,129,5.0
2,130,5.0
2,131,5.0
2,132,5.0
2,133,5.0
2,134,5.0
2,135,5.0
2,136,7.0
2,137,7.0
2,138,7.0
2,139,5.0
2,140,4.0
2,141,4.0
2,142,6.0
2,143,6.0
2,144,6.0
2,145,6.0
2,146,4.0
2,147,7.0
2,148,7.0
2,149,4.0
2,150,5.0
2,151,5.0
2,152,7.0
2,153,6.0
2,154,4.0
2,155,6.0
2,156,6.0
2,157,7.0
2,158,7.0
2,159,7.0
2,160,6.0
2,161,6.0
2,162,8.0
2,163,7.0
2,164,5.0
2,165,4.0
2,166,9.0
2,167,7.0
2,168,7.0
2,169,5.0
2,170,7.0
2,171,6.0
2,172,7.0
2,173,6.0
2,174,6.0
2,175,8.0
2,176,9.0
2,177,5.0
2,178,5.0
2,179,11.0
2,180,5.0
2,181,5.0
2,182,5.0
2,183,6.0
2,184,6.0
2,185,8.0
2,186,8.0
2,187,8.0
2,188,3.0
2,189,7.0
2,190,9.0
2,191,9.0
2,192,9.0
2,193,7.0
2,194,7.0
2,195,6.0
2,196,4.0
2,197,4.0
2,198,4.0
2,199,5.0
2,200,5.0
2,201,5.0
2,202,7.0
2,203,10.0
2,204,6.0
2,205,6.0
2,206,5.0
2,207,5.0
2,208,7.0
2,209,6.0
2,210,7.0
2,211,6.0
2,212,6.0
2,213,5.0
2,214,7.0
2,215,6.0
2,216,8.0
2,217,8.0
2,218,9.0
2,219,5.0
2,220,5.0
2,221,5.0
2,222,4.0
2,223,8.0
2,224,6.0
2,225,6.0
2,226,7.0
2,227,4.0
2,228,8.0
2,229,6.0
2,230,5.0
2,231,5.0
2,232,6.0
2,233,5.0
2,234,6.0
2,235,8.0
2,236,7.0
2,237,5.0
2,238,6.0
2,239,5.0
2,240,6.0
2,241,6.0
2,242,8.0
2,243,7.0
2,244,5.0
2,245,8.0
2,246,5.0
2,247,6.0
2,248,4.0
2,249,6.0
2,250,5.0
2,251,8.0
2,252,7.0
2,253,6.0
2,254,4.0
2,255,3.0
2,256,8.0
2,257,7.0
2,258,7.0
2,259,6.0
2,260,5.0
2,261,5.0
2,262,6.0
2,263,8.0
2,264,6.0
2,265,9.0
2,266,7.0
2,267,6.0
2,268,5.0
2,269,7.0
2,270,7.0
2,271,6.0
2,272,5.0
2,273,6.0
2,274,4.0
2,275,6.0
2,276,5.0
2,277,4.0
2,278,4.0
2,279,6.0
2,280,7.0
2,281,9.0
2,282,8.0
2,283,4.0
2,284,5.0
2,285,5.0
2,286,3.0
2,287,8.0
2,288,5.0
2,289,8.0
2,290,10.0
2,291,6.0
2,292,8.0
2,293,9.0
2,294,7.0
2,295,5.0
2,296,6.0
2,297,5.0
2,298,5.0
2,299,6.0
2,300,8.0
2,301,9.0
2,302,4.0
2,303,5.0
2,304,7.0
2,305,9.0
2,306,5.0
2,307,4.0
2,308,6.0
2,309,5.0
2,310,4.0
2,311,6.0
2,312,6.0
2,313,6.0
2,314,5.0
2,315,4.0
2,316,6.0
2,317,5.0
2,318,5.0
2,319,5.0
2,320,4.0
2,321,4.0
2,322,5.0
2,323,6.0
2,324,5.0
2,325,4.0
2,326,4.0
2,327,6.0
2,328,5.0
2,329,5.0
2,330,3.0
2,331,6.0
2,332,5.0
2,333,7.0
2,334,5.0
2,335,4.0
2,336,7.0
2,337,5.0
2,338,7.0
2,339,7.0
2,340,8.0
2,341,9.0
2,342,8.0
2,343,5.0
2,344,7.0
2,345,8.0
2,346,5.0
2,347,4.0
2,348,5.0
2,349,4.0
2,350,10.0
2,351,6.0
2,352,7.0
2,353,5.0
2,354,5.0
2,355,9.0
2,356,3.0
2,357,5.0
2,358,7.0
2,359,7.0
2,360,5.0
2,361,7.0
2,362,4.0
2,363,6.0
2,364,8.0
2,365,8.0
2,366,5.0
2,367,5.0
2,368,6.0
2,369,5.0
2,370,5.0
2,371,5.0
2,372,5.0
2,373,7.0
2,374,4.0
2,375,5.0
2,376,6.0
2,377,6.0
3,4,12.0
3,5,12.0
3,6,12.0
3,7,5.0
3,8,4.0
3,9,4.0
3,10,5.0
3,11,4.0
3,12,5.0
3,13,4.0
3,14,4.0
3,15,4.0
3,16,5.0
3,17,4.0
3,18,5.0
3,19,6.0
3,20,4.0
3,21,4.0
3,22,5.0
3,23,5.0
3,24,5.0
3,25,5.0
3,26,4.0
3,27,4.0
3,28,4.0
3,29,7.0
3,30,4.0
3,31,4.0
3,32,4.0
3,33,3.0
3,34,4.0
3,35,5.0
3,36,4.0
3,37,4.0
3,38,4.0
3,39,3.0
3,40,3.0
3,41,7.0
3,42,5.0
3,43,4.0
3,44,4.0
3,45,3.0
3,46,3.0
3,47,5.0
3,48,5.0
3,49,4.0
3,50,3.0
3,51,3.0
3,52,5.0
3,53,4.0
3,54,4.0
3,55,4.0
3,56,5.0
3,57,4.0
3,58,3.0
3,59,4.0
3,60,3.0
3,61,3.0
3,62,4.0
3,63,5.0
3,64,5.0
3,65,5.0
3,66,5.0
3,67,4.0
3,68,2.0
3,69,3.0
3,70,3.0
3,71,2.0
3,72,4.0
3,73,4.0
3,74,3.0
3,75,3.0
3,76,4.0
3,77,3.0
3,78,2.0
3,79,2.0
3,80,4.0
3,81,4.0
3,82,5.0
3,83,4.0
3,84,4.0
3,85,4.0
3,86,7.0
3,87,5.0
3,88,5.0
3,89,4.0
3,90,5.0
3,91,3.0
3,92,4.0
3,93,4.0
3,94,3.0
3,95,3.0
3,96,2.0
3,97,5.0
3,98,2.0
3,99,5.0
3,100,5.0
3,101,3.0
3,102,5.0
3,103,3.0
3,104,5.0
3,105,4.0
3,106,4.0
3,107,4.0
3,108,5.0
3,109,5.0
3,110,3.0
3,111,4.0
3,112,5.0
3,113,4.0
3,114,4.0
3,115,4.0
3,116,4.0
3,117,3.0
3,118,5.0
3,119,5.0
3,120,3.0
3,121,5.0
3,122,5.0
3,123,4.0
3,124,5.0
3,125,5.0
3,126,5.0
3,127,5.0
3,128,4.0
3,129,5.0
3,130,5.0
3,131,5.0
3,132,3.0
3,133,3.0
3,134,3.0
3,135,3.0
3,136,5.0
3,137,5.0
3,138,5.0
3,139,4.0
3,140,3.0
3,141,3.0
3,142,4.0
3,143,4.0
3,144,4.0
3,145,4.0
3,146,2.0
3,147,4.0
3,148,4.0
3,149,2.0
3,150,4.0
3,151,4.0
3,152,5.0
3,153,6.0
3,154,4.0
3,155,3.0
3,156,4.0
3,157,5.0
3,158,5.0
3,159,3.0
3,160,4.0
3,161,3.0
3,162,7.0
3,163,5.0
3,164,4.0
3,165,5.0
3,166,3.0
3,167,5.0
3,168,4.0
3,169,4.0
3,170,5.0
3,171,5.0
3,172,5.0
3,173,3.0
3,174,4.0
3,175,5.0
3,176,4.0
3,177,4.0
3,178,4.0
3,179,5.0
3,180,4.0
3,181,4.0
3,182,4.0
3,183,4.0
3,184,3.0
3,185,4.0
3,186,4.0
3,187,4.0
3,188,3.0
3,189,6.0
3,190,4.0
3,191,4.0
3,192,4.0
3,193,4.0
3,194,5.0
3,195,5.0
3,196,3.0
3,197,3.0
3,198,3.0
3,199,2.0
3,200,2.0
3,201,2.0
3,202,3.0
3,203,6.0
3,204,5.0
3,205,5.0
3,206,3.0
3,207,4.0
3,208,5.0
3,209,4.0
3,210,3.0
3,211,5.0
3,212,3.0
3,213,4.0
3,214,4.0
3,215,6.0
3,216,3.0
3,217,7.0
3,218,4.0
3,219,3.0
3,220,4.0
3,221,7.0
3,222,3.0
3,223,3.0
3,224,3.0
3,225,5.0
3,226,4.0
3,227,3.0
3,228,4.0
3,229,3.0
3,230,3.0
3,231,4.0
3,232,5.0
3,233,3.0
3,234,6.0
3,235,5.0
3,236,6.0
3,237,3.0
3,238,6.0
3,239,5.0
3,240,5.0
3,241,3.0
3,242,5.0
3,243,5.0
3,244,4.0
3,245,4.0
3,246,4.0
3,247,5.0
3,248,1.0
3,249,3.0
3,250,4.0
3,251,4.0
3,252,5.0
3,253,4.0
3,254,3.0
3,255,2.0
3,256,5.0
3,257,4.0
3,258,4.0
3,259,3.0
3,260,4.0
3,261,3.0
3,262,4.0
3,263,4.0
3,264,5.0
3,265,4.0
3,266,4.0
3,267,5.0
3,268,4.0
3,269,5.0
3,270,5.0
3,271,3.0
3,272,3.0
3,273,5.0
3,274,4.0
3,275,3.0
3,276,4.0
3,277,5.0
3,278,3.0
3,279,4.0
3,280,3.0
3,281,4.0
3,282,6.0
3,283,5.0
3,284,4.0
3,285,3.0
3,286,4.0
3,287,5.0
3,288,4.0
3,289,5.0
3,290,6.0
3,291,6.0
3,292,5.0
3,293,4.0
3,294,5.0
3,295,4.0
3,296,7.0
3,297,5.0
3,298,3.0
3,299,5.0
3,300,4.0
3,301,5.0
3,302,5.0
3,303,5.0
3,304,3.0
3,305,4.0
3,306,4.0
3,307,5.0
3,308,4.0
3,309,4.0
3,310,2.0
3,311,5.0
3,312,3.0
3,313,3.0
3,314,4.0
3,315,4.0
3,316,3.0
3,317,4.0
3,318,4.0
3,319,4.0
3,320,5.0
3,321,2.0
3,322,4.0
3,323,4.0
3,324,3.0
3,325,4.0
3,326,3.0
3,327,3.0
3,328,4.0
3,329,3.0
3,330,3.0
3,331,2.0
3,332,4.0
3,333,3.0
3,334,4.0
3,335,3.0
3,336,5.0
3,337,4.0
3,338,4.0
3,339,4.0
3,340,6.0
3,341,4.0
3,342,5.0
3,343,4.0
3,344,4.0
3,345,3.0
3,346,4.0
3,347,3.0
3,348,4.0
3,349,3.0
3,350,4.0
3,351,3.0
3,352,4.0
3,353,6.0
3,354,4.0
3,355,5.0
3,356,4.0
3,357,2.0
3,358,4.0
3,359,5.0
3,360,3.0
3,361,4.0
3,362,3.0
3,363,4.0
3,364,6.0
3,365,5.0
3,366,3.0
3,367,4.0
3,368,2.0
3,369,4.0
3,370,4.0
3,371,4.0
3,372,4.0
3,373,5.0
3,374,4.0
3,375,3.0
3,376,4.0
3,377,4.0
4,5,12.0
4,6,12.0
4,7,5.0
4,8,4.0
4,9,4.0
4,10,5.0
4,11,4.0
4,12,5.0
4,13,4.0
4,14,4.0
4,15,4.0
4,16,5.0
4,17,4.0
4,18,5.0
4,19,6.0
4,20,4.0
4,21,4.0
4,22,5.0
4,23,5.0
4,24,5.0
4,25,5.0
4,26,4.0
4,27,4.0
4,28,4.0
4,29,7.0
4,30,4.0
4,31,4.0
4,32,4.0
4,33,3.0
4,34,4.0
4,35,5.0
4,36,4.0
4,37,4.0
4,38,4.0
4,39,3.0
4,40,3.0
4,41,7.0
4,42,5.0
4,43,4.0
4,44,4.0
4,45,3.0
4,46,3.0
4,47,5.0
4,48,5.0
4,49,4.0
4,50,3.0
4,51,3.0
4,52,5.0
4,53,4.0
4,54,4.0
4,55,4.0
4,56,5.0
4,57,4.0
4,58,3.0
4,59,4.0
4,60,3.0
4,61,3.0
4,62,4.0
4,63,5.0
4,64,5.0
4,65,5.0
4,66,5.0
4,67,4.0
4,68,2.0
4,69,3.0
4,70,3.0
4,71,2.0
4,72,4.0
4,73,4.0
4,74,3.0
4,75,3.0
4,76,4.0
4,77,3.0
4,78,2.0
4,79,2.0
4,80,4.0
4,81,4.0
4,82,5.0
4,83,4.0
4,84,4.0
4,85,4.0
4,86,7.0
4,87,5.0
4,88,5.0
4,89,4.0
4,90,5.0
4,91,3.0
4,92,4.0
4,93,4.0
4,94,3.0
4,95,3.0
4,96,2.0
4,97,5.0
4,98,2.0
4,99,5.0
4,100,5.0
4,101,3.0
4,102,5.0
4,103,3.0
4,104,5.0
4,105,4.0
4,106,4.0
4,107,4.0
4,108,5.0
4,109,5.0
4,110,3.0
4,111,4.0
4,112,5.0
4,113,4.0
4,114,4.0
4,115,4.0
4,116,4.0
4,117,3.0
4,118,5.0
4,119,5.0
4,120,3.0
4,121,5.0
4,122,5.0
4,123,4.0
4,124,5.0
4,125,5.0
4,126,5.0
4,127,5.0
4,128,4.0
4,129,5.0
4,130,5.0
4,131,5.0
4,132,3.0
4,133,3.0
4,134,3.0
4,135,3.0
4,136,5.0
4,137,5.0
4,138,5.0
4,139,4.0
4,140,3.0
4,141,3.0
4,142,4.0
4,143,4.0
4,144,4.0
4,145,4.0
4,146,2.0
4,147,4.0
4,148,4.0
4,149,2.0
4,150,4.0
4,151,4.0
4,152,5.0
4,153,6.0
4,154,4.0
4,155,3.0
4,156,4.0
4,157,5.0
4,158,5.0
4,159,3.0
4,160,4.0
4,161,3.0
4,162,7.0
4,163,5.0
4,164,4.0
4,165,5.0
4,166,3.0
4,167,5.0
4,168,4.0
4,169,4.0
4,170,5.0
4,171,5.0
4,172,5.0
4,173,3.0
4,174,4.0
4,175,5.0
4,176,4.0
4,177,4.0
4,178,4.0
4,179,5.0
4,180,4.0
4,181,4.0
4,182,4.0
4,183,4.0
4,184,3.0
4,185,4.0
4,186,4.0
4,187,4.0
4,188,3.0
4,189,6.0
4,190,4.0
4,191,4.0
4,192,4.0
4,193,4.0
4,194,5.0
4,195,5.0
4,196,3.0
4,197,3.0
4,198,3.0
4,199,2.0
4,200,2.0
4,201,2.0
4,202,3.0
4,203,6.0
4,204,5.0
4,205,5.0
4,206,3.0
4,207,4.0
4,208,5.0
4,209,4.0
4,210,3.0
4,211,5.0
4,212,3.0
4,213,4.0
4,214,4.0
4,215,6.0
4,216,3.0
4,217,7.0
4,218,4.0
4,219,3.0
4,220,4.0
4,221,7.0
4,222,3.0
4,223,3.0
4,224,3.0
4,225,5.0
4,226,4.0
4,227,3.0
4,228,4.0
4,229,3.0
4,230,3.0
4,231,4.0
4,232,5.0
4,233,3.0
4,234,6.0
4,235,5.0
4,236,6.0
4,237,3.0
4,238,6.0
4,239,5.0
4,240,5.0
4,241,3.0
4,242,5.0
4,243,5.0
4,244,4.0
4,245,4.0
4,246,4.0
4,247,5.0
4,248,1.0
4,249,3.0
4,250,4.0
4,251,4.0
4,252,5.0
4,253,4.0
4,254,3.0
4,255,2.0
4,256,5.0
4,257,4.0
4,258,4.0
4,259,3.0
4,260,4.0
4,261,3.0
4,262,4.0
4,263,4.0
4,264,5.0
4,265,4.0
4,266,4.0
4,267,5.0
4,268,4.0
4,269,5.0
4,270,5.0
4,271,3.0
4,272,3.0
4,273,5.0
4,274,4.0
4,275,3.0
4,276,4.0
4,277,5.0
4,278,3.0
4,279,4.0
4,280,3.0
4,281,4.0
4,282,6.0
4,283,5.0
4,284,4.0
4,285,3.0
4,286,4.0
4,287,5.0
4,288,4.0
4,289,5.0
4,290,6.0
4,291,6.0
4,292,5.0
4,293,4.0
4,294,5.0
4,295,4.0
4,296,7.0
4,297,5.0
4,298,3.0
4,299,5.0
4,300,4.0
4,301,5.0
4,302,5.0
4,303,5.0
4,304,3.0
4,305,4.0
4,306,4.0
4,307,5.0
4,308,4.0
4,309,4.0
4,310,2.0
4,311,5.0
4,312,3.0
4,313,3.0
4,314,4.0
4,315,4.0
4,316,3.0
4,317,4.0
4,318,4.0
4,319,4.0
4,320,5.0
4,321,2.0
4,322,4.0
4,323,4.0
4,324,3.0
4,325,4.0
4,326,3.0
4,327,3.0
4,328,4.0
4,329,3.0
4,330,3.0
4,331,2.0
4,332,4.0
4,333,3.0
4,334,4.0
4,335,3.0
4,336,5.0
4,337,4.0
4,338,4.0
4,339,4.0
4,340,6.0
4,341,4.0
4,342,5.0
4,343,4.0
4,344,4.0
4,345,3.0
4,346,4.0
4,347,3.0
4,348,4.0
4,349,3.0
4,350,4.0
4,351,3.0
4,352,4.0
4,353,6.0
4,354,4.0
4,355,5.0
4,356,4.0
4,357,2.0
4,358,4.0
4,359,5.0
4,360,3.0
4,361,4.0
4,362,3.0
4,363,4.0
4,364,6.0
4,365,5.0
4,366,3.0
4,367,4.0
4,368,2.0
4,369,4.0
4,370,4.0
4,371,4.0
4,372,4.0
4,373,5.0
4,374,4.0
4,375,3.0
4,376,4.0
4,377,4.0
5,6,12.0
5,7,5.0
5,8,4.0
5,9,4.0
5,10,5.0
5,11,4.0
5,12,5.0
5,13,4.0
5,14,4.0
5,15,4.0
5,16,5.0
5,17,4.0
5,18,5.0
5,19,6.0
5,20,4.0
5,21,4.0
5,22,5.0
5,23,5.0
5,24,5.0
5,25,5.0
5,26,4.0
5,27,4.0
5,28,4.0
5,29,7.0
5,30,4.0
5,31,4.0
5,32,4.0
5,33,3.0
5,34,4.0
5,35,5.0
5,36,4.0
5,37,4.0
5,38,4.0
5,39,3.0
5,40,3.0
5,41,7.0
5,42,5.0
5,43,4.0
5,44,4.0
5,45,3.0
5,46,3.0
5,47,5.0
5,48,5.0
5,49,4.0
5,50,3.0
5,51,3.0
5,52,5.0
5,53,4.0
5,54,4.0
5,55,4.0
5,56,5.0
5,57,4.0
5,58,3.0
5,59,4.0
5,60,3.0
5,61,3.0
5,62,4.0
5,63,5.0
5,64,5.0
5,65,5.0
5,66,5.0
5,67,4.0
5,68,2.0
5,69,3.0
5,70,3.0
5,71,2.0
5,72,4.0
5,73,4.0
5,74,3.0
5,75,3.0
5,76,4.0
5,77,3.0
5,78,2.0
5,79,2.0
5,80,4.0
5,81,4.0
5,82,5.0
5,83,4.0
5,84,4.0
5,85,4.0
5,86,7.0
5,87,5.0
5,88,5.0
5,89,4.0
5,90,5.0
5,91,3.0
5,92,4.0
5,93,4.0
5,94,3.0
5,95,3.0
5,96,2.0
5,97,5.0
5,98,2.0
5,99,5.0
5,100,5.0
5,101,3.0
5,102,5.0
5,103,3.0
5,104,5.0
5,105,4.0
5,106,4.0
5,107,4.0
5,108,5.0
5,109,5.0
5,110,3.0
5,111,4.0
5,112,5.0
5,113,4.0
5,114,4.0
5,115,4.0
5,116,4.0
5,117,3.0
5,118,5.0
5,119,5.0
5,120,3.0
5,121,5.0
5,122,5.0
5,123,4.0
5,124,5.0
5,125,5.0
5,126,5.0
5,127,5.0
5,128,4.0
5,129,5.0
5,130,5.0
5,131,5.0
5,132,3.0
5,133,3.0
5,134,3.0
5,135,3.0
5,136,5.0
5,137,5.0
5,138,5.0
5,139,4.0
5,140,3.0
5,141,3.0
5,142,4.0
5,143,4.0
5,144,4.0
5,145,4.0
5,146,2.0
5,147,4.0
5,148,4.0
5,149,2.0
5,150,4.0
5,151,4.0
5,152,5.0
5,153,6.0
5,154,4.0
5,155,3.0
5,156,4.0
5,157,5.0
5,158,5.0
5,159,3.0
5,160,4.0
5,161,3.0
5,162,7.0
5,163,5.0
5,164,4.0
5,165,5.0
5,166,3.0
5,167,5.0
5,168,4.0
5,169,4.0
5,170,5.0
5,171,5.0
5,172,5.0
5,173,3.0
5,174,4.0
5,175,5.0
5,176,4.0
5,177,4.0
5,178,4.0
5,179,5.0
5,180,4.0
5,181,4.0
5,182,4.0
5,183,4.0
5,184,3.0
5,185,4.0
5,186,4.0
5,187,4.0
5,188,3.0
5,189,6.0
5,190,4.0
5,191,4.0
5,192,4.0
5,193,4.0
5,194,5.0
5,195,5.0
5,196,3.0
5,197,3.0
5,198,3.0
5,199,2.0
5,200,2.0
5,201,2.0
5,202,3.0
5,203,6.0
5,204,5.0
5,205,5.0
5,206,3.0
5,207,4.0
5,208,5.0
5,209,4.0
5,210,3.0
5,211,5.0
5,212,3.0
5,213,4.0
5,214,4.0
5,215,6.0
5,216,3.0
5,217,7.0
5,218,4.0
5,219,3.0
5,220,4.0
5,221,7.0
5,222,3.0
5,223,3.0
5,224,3.0
5,225,5.0
5,226,4.0
5,227,3.0
5,228,4.0
5,229,3.0
5,230,3.0
5,231,4.0
5,232,5.0
5,233,3.0
5,234,6.0
5,235,5.0
5,236,6.0
5,237,3.0
5,238,6.0
5,239,5.0
5,240,5.0
5,241,3.0
5,242,5.0
5,243,5.0
5,244,4.0
5,245,4.0
5,246,4.0
5,247,5.0
5,248,1.0
5,249,3.0
5,250,4.0
5,251,4.0
5,252,5.0
5,253,4.0
5,254,3.0
5,255,2.0
5,256,5.0
5,257,4.0
5,258,4.0
5,259,3.0
5,260,4.0
5,261,3.0
5,262,4.0
5,263,4.0
5,264,5.0
5,265,4.0
5,266,4.0
5,267,5.0
5,268,4.0
5,269,5.0
5,270,5.0
5,271,3.0
5,272,3.0
5,273,5.0
5,274,4.0
5,275,3.0
5,276,4.0
5,277,5.0
5,278,3.0
5,279,4.0
5,280,3.0
5,281,4.0
5,282,6.0
5,283,5.0
5,284,4.0
5,285,3.0
5,286,4.0
5,287,5.0
5,288,4.0
5,289,5.0
5,290,6.0
5,291,6.0
5,292,5.0
5,293,4.0
5,294,5.0
5,295,4.0
5,296,7.0
5,297,5.0
5,298,3.0
5,299,5.0
5,300,4.0
5,301,5.0
5,302,5.0
5,303,5.0
5,304,3.0
5,305,4.0
5,306,4.0
5,307,5.0
5,308,4.0
5,309,4.0
5,310,2.0
5,311,5.0
5,312,3.0
5,313,3.0
5,314,4.0
5,315,4.0
5,316,3.0
5,317,4.0
5,318,4.0
5,319,4.0
5,320,5.0
5,321,2.0
5,322,4.0
5,323,4.0
5,324,3.0
5,325,4.0
5,326,3.0
5,327,3.0
5,328,4.0
5,329,3.0
5,330,3.0
5,331,2.0
5,332,4.0
5,333,3.0
5,334,4.0
5,335,3.0
5,336,5.0
5,337,4.0
5,338,4.0
5,339,4.0
5,340,6.0
5,341,4.0
5,342,5.0
5,343,4.0
5,344,4.0
5,345,3.0
5,346,4.0
5,347,3.0
5,348,4.0
5,349,3.0
5,350,4.0
5,351,3.0
5,352,4.0
5,353,6.0
5,354,4.0
5,355,5.0
5,356,4.0
5,357,2.0
5,358,4.0
5,359,5.0
5,360,3.0
5,361,4.0
5,362,3.0
5,363,4.0
5,364,6.0
5,365,5.0
5,366,3.0
5,367,4.0
5,368,2.0
5,369,4.0
5,370,4.0
5,371,4.0
5,372,4.0
5,373,5.0
5,374,4.0
5,375,3.0
5,376,4.0
5,377,4.0
6,7,5.0
6,8,4.0
6,9,4.0
6,10,5.0
6,11,4.0
6,12,5.0
6,13,4.0
6,14,4.0
6,15,4.0
6,16,5.0
6,17,4.0
6,18,5.0
6,19,6.0
6,20,4.0
6,21,4.0
6,22,5.0
6,23,5.0
6,24,5.0
6,25,5.0
6,26,4.0
6,27,4.0
6,28,4.0
6,29,7.0
6,30,4.0
6,31,4.0
6,32,4.0
6,33,3.0
6,34,4.0
6,35,5.0
6,36,4.0
6,37,4.0
6,38,4.0
6,39,3.0
6,40,3.0
6,41,7.0
6,42,5.0
6,43,4.0
6,44,4.0
6,45,3.0
6,46,3.0
6,47,5.0
6,48,5.0
6,49,4.0
6,50,3.0
6,51,3.0
6,52,5.0
6,53,4.0
6,54,4.0
6,55,4.0
6,56,5.0
6,57,4.0
6,58,3.0
6,59,4.0
6,60,3.0
6,61,3.0
6,62,4.0
6,63,5.0
6,64,5.0
6,65,5.0
6,66,5.0
6,67,4.0
6,68,2.0
6,69,3.0
6,70,3.0
6,71,2.0
6,72,4.0
6,73,4.0
6,74,3.0
6,75,3.0
6,76,4.0
6,77,3.0
6,78,2.0
6,79,2.0
6,80,4.0
6,81,4.0
6,82,5.0
6,83,4.0
6,84,4.0
6,85,4.0
6,86,7.0
6,87,5.0
6,88,5.0
6,89,4.0
6,90,5.0
6,91,3.0
6,92,4.0
6,93,4.0
6,94,3.0
6,95,3.0
6,96,2.0
6,97,5.0
6,98,2.0
6,99,5.0
6,100,5.0
6,101,3.0
6,102,5.0
6,103,3.0
6,104,5.0
6,105,4.0
6,106,4.0
6,107,4.0
6,108,5.0
6,109,5.0
6,110,3.0
6,111,4.0
6,112,5.0
6,113,4.0
6,114,4.0
6,115,4.0
6,116,4.0
6,117,3.0
6,118,5.0
6,119,5.0
6,120,3.0
6,121,5.0
6,122,5.0
6,123,4.0
6,124,5.0
6,125,5.0
6,126,5.0
6,127,5.0
6,128,4.0
6,129,5.0
6,130,5.0
6,131,5.0
6,132,3.0
6,133,3.0
6,134,3.0
6,135,3.0
6,136,5.0
6,137,5.0
6,138,5.0
6,139,4.0
6,140,3.0
6,141,3.0
6,142,4.0
6,143,4.0
6,144,4.0
6,145,4.0
6,146,2.0
6,147,4.0
6,148,4.0
6,149,2.0
6,150,4.0
6,151,4.0
6,152,5.0
6,153,6.0
6,154,4.0
6,155,3.0
6,156,4.0
6,157,5.0
6,158,5.0
6,159,3.0
6,160,4.0
6,161,3.0
6,162,7.0
6,163,5.0
6,164,4.0
6,165,5.0
6,166,3.0
6,167,5.0
6,168,4.0
6,169,4.0
6,170,5.0
6,171,5.0
6,172,5.0
6,173,3.0
6,174,4.0
6,175,5.0
6,176,4.0
6,177,4.0
6,178,4.0
6,179,5.0
6,180,4.0
6,181,4.0
6,182,4.0
6,183,4.0
6,184,3.0
6,185,4.0
6,186,4.0
6,187,4.0
6,188,3.0
6,189,6.0
6,190,4.0
6,191,4.0
6,192,4.0
6,193,4.0
6,194,5.0
6,195,5.0
6,196,3.0
6,197,3.0
6,198,3.0
6,199,2.0
6,200,2.0
6,201,2.0
6,202,3.0
6,203,6.0
6,204,5.0
6,205,5.0
6,206,3.0
6,207,4.0
6,208,5.0
6,209,4.0
6,210,3.0
6,211,5.0
6,212,3.0
6,213,4.0
6,214,4.0
6,215,6.0
6,216,3.0
6,217,7.0
6,218,4.0
6,219,3.0
6,220,4.0
6,221,7.0
6,222,3.0
6,223,3.0
6,224,3.0
6,225,5.0
6,226,4.0
6,227,3.0
6,228,4.0
6,229,3.0
6,230,3.0
6,231,4.0
6,232,5.0
6,233,3.0
6,234,6.0
6,235,5.0
6,236,6.0
6,237,3.0
6,238,6.0
6,239,5.0
6,240,5.0
6,241,3.0
6,242,5.0
6,243,5.0
6,244,4.0
6,245,4.0
6,246,4.0
6,247,5.0
6,248,1.0
6,249,3.0
6,250,4.0
6,251,4.0
6,252,5.0
6,253,4.0
6,254,3.0
6,255,2.0
6,256,5.0
6,257,4.0
6,258,4.0
6,259,3.0
6,260,4.0
6,261,3.0
6,262,4.0
6,263,4.0
6,264,5.0
6,265,4.0
6,266,4.0
6,267,5.0
6,268,4.0
6,269,5.0
6,270,5.0
6,271,3.0
6,272,3.0
6,273,5.0
6,274,4.0
6,275,3.0
6,276,4.0
6,277,5.0
6,278,3.0
6,279,4.0
6,280,3.0
6,281,4.0
6,282,6.0
6,283,5.0
6,284,4.0
6,285,3.0
6,286,4.0
6,287,5.0
6,288,4.0
6,289,5.0
6,290,6.0
6,291,6.0
6,292,5.0
6,293,4.0
6,294,5.0
6,295,4.0
6,296,7.0
6,297,5.0
6,298,3.0
6,299,5.0
6,300,4.0
6,301,5.0
6,302,5.0
6,303,5.0
6,304,3.0
6,305,4.0
6,306,4.0
6,307,5.0
6,308,4.0
6,309,4.0
6,310,2.0
6,311,5.0
6,312,3.0
6,313,3.0
6,314,4.0
6,315,4.0
6,316,3.0
6,317,4.0
6,318,4.0
6,319,4.0
6,320,5.0
6,321,2.0
6,322,4.0
6,323,4.0
6,324,3.0
6,325,4.0
6,326,3.0
6,327,3.0
6,328,4.0
6,329,3.0
6,330,3.0
6,331,2.0
6,332,4.0
6,333,3.0
6,334,4.0
6,335,3.0
6,336,5.0
6,337,4.0
6,338,4.0
6,339,4.0
6,340,6.0
6,341,4.0
6,342,5.0
6,343,4.0
6,344,4.0
6,345,3.0
6,346,4.0
6,347,3.0
6,348,4.0
6,349,3.0
6,350,4.0
6,351,3.0
6,352,4.0
6,353,6.0
6,354,4.0
6,355,5.0
6,356,4.0
6,357,2.0
6,358,4.0
6,359,5.0
6,360,3.0
6,361,4.0
6,362,3.0
6,363,4.0
6,364,6.0
6,365,5.0
6,366,3.0
6,367,4.0
6,368,2.0
6,369,4.0
6,370,4.0
6,371,4.0
6,372,4.0
6,373,5.0
6,374,4.0
6,375,3.0
6,376,4.0
6,377,4.0
7,8,6.0
7,9,6.0
7,10,6.0
7,11,6.0
7,12,6.0
7,13,4.0
7,14,7.0
7,15,7.0
7,16,7.0
7,17,8.0
7,18,7.0
7,19,9.0
7,20,4.0
7,21,3.0
7,22,8.0
7,23,8.0
7,24,6.0
7,25,6.0
7,26,6.0
7,27,3.0
7,28,3.0
7,29,7.0
7,30,5.0
7,31,4.0
7,32,6.0
7,33,4.0
7,34,6.0
7,35,6.0
7,36,8.0
7,37,6.0
7,38,9.0
7,39,6.0
7,40,5.0
7,41,7.0
7,42,10.0
7,43,5.0
7,44,3.0
7,45,7.0
7,46,7.0
7,47,7.0
7,48,8.0
7,49,6.0
7,50,7.0
7,51,7.0
7,52,7.0
7,53,7.0
7,54,4.0
7,55,4.0
7,56,6.0
7,57,7.0
7,58,6.0
7,59,6.0
7,60,6.0
7,61,4.0
7,62,6.0
7,63,4.0
7,64,6.0
7,65,5.0
7,66,5.0
7,67,8.0
7,68,4.0
7,69,4.0
7,70,4.0
7,71,4.0
7,72,6.0
7,73,5.0
7,74,6.0
7,75,5.0
7,76,7.0
7,77,5.0
7,78,4.0
7,79,4.0
7,80,3.0
7,81,3.0
7,82,4.0
7,83,6.0
7,84,6.0
7,85,6.0
7,86,6.0
7,87,4.0
7,88,4.0
7,89,9.0
7,90,6.0
7,91,3.0
7,92,5.0
7,93,4.0
7,94,6.0
7,95,5.0
7,96,6.0
7,97,7.0
7,98,6.0
7,99,6.0
7,100,3.0
7,101,5.0
7,102,3.0
7,103,9.0
7,104,4.0
7,105,4.0
7,106,4.0
7,107,6.0
7,108,6.0
7,109,5.0
7,110,5.0
7,111,3.0
7,112,6.0
7,113,3.0
7,114,6.0
7,115,6.0
7,116,6.0
7,117,7.0
7,118,8.0
7,119,4.0
7,120,7.0
7,121,8.0
7,122,4.0
7,123,6.0
7,124,6.0
7,125,6.0
7,126,5.0
7,127,5.0
7,128,8.0
7,129,5.0
7,130,5.0
7,131,5.0
7,132,7.0
7,133,7.0
7,134,7.0
7,135,7.0
7,136,5.0
7,137,5.0
7,138,5.0
7,139,6.0
7,140,4.0
7,141,4.0
7,142,7.0
7,143,6.0
7,144,6.0
7,145,6.0
7,146,3.0
7,147,8.0
7,148,8.0
7,149,3.0
7,150,6.0
7,151,6.0
7,152,5.0
7,153,5.0
7,154,4.0
7,155,6.0
7,156,6.0
7,157,6.0
7,158,6.0
7,159,5.0
7,160,7.0
7,161,5.0
7,162,7.0
7,163,6.0
7,164,7.0
7,165,2.0
7,166,8.0
7,167,6.0
7,168,5.0
7,169,4.0
7,170,6.0
7,171,8.0
7,172,6.0
7,173,6.0
7,174,5.0
7,175,6.0
7,176,8.0
7,177,6.0
7,178,6.0
7,179,8.0
7,180,5.0
7,181,5.0
7,182,6.0
7,183,7.0
7,184,3.0
7,185,8.0
7,186,6.0
7,187,6.0
7,188,4.0
7,189,9.0
7,190,9.0
7,191,9.0
7,192,9.0
7,193,9.0
7,194,6.0
7,195,6.0
7,196,6.0
7,197,6.0
7,198,6.0
7,199,5.0
7,200,5.0
7,201,5.0
7,202,6.0
7,203,9.0
7,204,6.0
7,205,6.0
7,206,7.0
7,207,7.0
7,208,6.0
7,209,3.0
7,210,6.0
7,211,8.0
7,212,7.0
7,213,5.0
7,214,7.0
7,215,5.0
7,216,3.0
7,217,9.0
7,218,8.0
7,219,4.0
7,220,5.0
7,221,4.0
7,222,4.0
7,223,5.0
7,224,5.0
7,225,5.0
7,226,9.0
7,227,3.0
7,228,10.0
7,229,4.0
7,230,5.0
7,231,6.0
7,232,6.0
7,233,5.0
7,234,6.0
7,235,7.0
7,236,7.0
7,237,7.0
7,238,6.0
7,239,7.0
7,240,8.0
7,241,5.0
7,242,7.0
7,243,5.0
7,244,5.0
7,245,7.0
7,246,7.0
7,247,5.0
7,248,4.0
7,249,8.0
7,250,6.0
7,251,10.0
7,252,6.0
7,253,8.0
7,254,4.0
7,255,5.0
7,256,8.0
7,257,6.0
7,258,6.0
7,259,4.0
7,260,3.0
7,261,4.0
7,262,7.0
7,263,7.0
7,264,8.0
7,265,8.0
7,266,7.0
7,267,5.0
7,268,5.0
7,269,9.0
7,270,6.0
7,271,4.0
7,272,4.0
7,273,9.0
7,274,6.0
7,275,5.0
7,276,6.0
7,277,4.0
7,278,5.0
7,279,6.0
7,280,6.0
7,281,8.0
7,282,10.0
7,283,4.0
7,284,6.0
7,285,5.0
7,286,4.0
7,287,10.0
7,288,3.0
7,289,10.0
7,290,6.0
7,291,6.0
7,292,7.0
7,293,9.0
7,294,6.0
7,295,5.0
7,296,8.0
7,297,5.0
7,298,8.0
7,299,6.0
7,300,5.0
7,301,5.0
7,302,4.0
7,303,6.0
7,304,9.0
7,305,8.0
7,306,6.0
7,307,4.0
7,308,6.0
7,309,5.0
7,310,4.0
7,311,8.0
7,312,4.0
7,313,5.0
7,314,3.0
7,315,6.0
7,316,8.0
7,317,4.0
7,318,7.0
7,319,8.0
7,320,4.0
7,321,3.0
7,322,5.0
7,323,5.0
7,324,4.0
7,325,3.0
7,326,3.0
7,327,4.0
7,328,5.0
7,329,5.0
7,330,3.0
7,331,9.0
7,332,7.0
7,333,9.0
7,334,4.0
7,335,7.0
7,336,7.0
7,337,3.0
7,338,6.0
7,339,7.0
7,340,7.0
7,341,8.0
7,342,7.0
7,343,5.0
7,344,4.0
7,345,6.0
7,346,8.0
7,347,6.0
7,348,6.0
7,349,5.0
7,350,8.0
7,351,5.0
7,352,5.0
7,353,5.0
7,354,6.0
7,355,5.0
7,356,4.0
7,357,5.0
7,358,7.0
7,359,6.0
7,360,5.0
7,361,4.0
7,362,4.0
7,363,4.0
7,364,9.0
7,365,10.0
7,366,4.0
7,367,3.0
7,368,5.0
7,369,5.0
7,370,6.0
7,371,5.0
7,372,3.0
7,373,6.0
7,374,3.0
7,375,5.0
7,376,7.0
7,377,5.0
8,9,6.0
8,10,5.0
8,11,6.0
8,12,5.0
8,13,4.0
8,14,3.0
8,15,3.0
8,16,6.0
8,17,3.0
8,18,5.0
8,19,6.0
8,20,4.0
8,21,2.0
8,22,7.0
8,23,7.0
8,24,5.0
8,25,5.0
8,26,6.0
8,27,4.0
8,28,4.0
8,29,7.0
8,30,3.0
8,31,4.0
8,32,6.0
8,33,4.0
8,34,6.0
8,35,6.0
8,36,3.0
8,37,13.0
8,38,6.0
8,39,6.0
8,40,5.0
8,41,4.0
8,42,7.0
8,43,7.0
8,44,1.0
8,45,7.0
8,46,7.0
8,47,3.0
8,48,6.0
8,49,3.0
8,50,7.0
8,51,7.0
8,52,3.0
8,53,3.0
8,54,4.0
8,55,4.0
8,56,5.0
8,57,4.0
8,58,6.0
8,59,5.0
8,60,5.0
8,61,3.0
8,62,5.0
8,63,5.0
8,64,6.0
8,65,6.0
8,66,6.0
8,67,3.0
8,68,3.0
8,69,3.0
8,70,3.0
8,71,3.0
8,72,7.0
8,73,5.0
8,74,8.0
8,75,5.0
8,76,8.0
8,77,4.0
8,78,3.0
8,79,3.0
8,80,4.0
8,81,3.0
8,82,5.0
8,83,4.0
8,84,4.0
8,85,4.0
8,86,5.0
8,87,5.0
8,88,4.0
8,89,8.0
8,90,5.0
8,91,4.0
8,92,4.0
8,93,2.0
8,94,6.0
8,95,3.0
8,96,7.0
8,97,4.0
8,98,7.0
8,99,5.0
8,100,3.0
8,101,3.0
8,102,3.0
8,103,7.0
8,104,4.0
8,105,3.0
8,106,3.0
8,107,6.0
8,108,6.0
8,109,6.0
8,110,3.0
8,111,4.0
8,112,3.0
8,113,4.0
8,114,4.0
8,115,4.0
8,116,4.0
8,117,4.0
8,118,7.0
8,119,4.0
8,120,4.0
8,121,7.0
8,122,4.0
8,123,5.0
8,124,6.0
8,125,6.0
8,126,4.0
8,127,4.0
8,128,5.0
8,129,4.0
8,130,4.0
8,131,4.0
8,132,5.0
8,133,5.0
8,134,5.0
8,135,5.0
8,136,4.0
8,137,4.0
8,138,4.0
8,139,5.0
8,140,3.0
8,141,3.0
8,142,4.0
8,143,6.0
8,144,6.0
8,145,6.0
8,146,4.0
8,147,8.0
8,148,8.0
8,149,4.0
8,150,4.0
8,151,4.0
8,152,6.0
8,153,5.0
8,154,5.0
8,155,4.0
8,156,5.0
8,157,5.0
8,158,5.0
8,159,3.0
8,160,3.0
8,161,3.0
8,162,5.0
8,163,5.0
8,164,4.0
8,165,2.0
8,166,6.0
8,167,5.0
8,168,6.0
8,169,4.0
8,170,5.0
8,171,8.0
8,172,5.0
8,173,4.0
8,174,5.0
8,175,6.0
8,176,7.0
8,177,3.0
8,178,3.0
8,179,7.0
8,180,3.0
8,181,3.0
8,182,5.0
8,183,8.0
8,184,4.0
8,185,7.0
8,186,5.0
8,187,5.0
8,188,3.0
8,189,5.0
8,190,7.0
8,191,7.0
8,192,7.0
8,193,6.0
8,194,5.0
8,195,5.0
8,196,5.0
8,197,5.0
8,198,5.0
8,199,5.0
8,200,5.0
8,201,5.0
8,202,7.0
8,203,8.0
8,204,5.0
8,205,5.0
8,206,6.0
8,207,2.0
8,208,5.0
8,209,4.0
8,210,5.0
8,211,8.0
8,212,5.0
8,213,4.0
8,214,6.0
8,215,4.0
8,216,4.0
8,217,5.0
8,218,7.0
8,219,5.0
8,220,6.0
8,221,4.0
8,222,4.0
8,223,5.0
8,224,3.0
8,225,6.0
8,226,9.0
8,227,3.0
8,228,5.0
8,229,4.0
8,230,1.0
8,231,5.0
8,232,4.0
8,233,5.0
8,234,5.0
8,235,7.0
8,236,7.0
8,237,4.0
8,238,5.0
8,239,6.0
8,240,8.0
8,241,4.0
8,242,7.0
8,243,5.0
8,244,5.0
8,245,7.0
8,246,3.0
8,247,5.0
8,248,3.0
8,249,4.0
8,250,2.0
8,251,5.0
8,252,5.0
8,253,4.0
8,254,3.0
8,255,5.0
8,256,5.0
8,257,6.0
8,258,6.0
8,259,4.0
8,260,4.0
8,261,4.0
8,262,4.0
8,263,7.0
8,264,8.0
8,265,7.0
8,266,6.0
8,267,5.0
8,268,6.0
8,269,6.0
8,270,5.0
8,271,4.0
8,272,4.0
8,273,4.0
8,274,4.0
8,275,3.0
8,276,5.0
8,277,4.0
8,278,4.0
8,279,3.0
8,280,5.0
8,281,7.0
8,282,8.0
8,283,5.0
8,284,7.0
8,285,2.0
8,286,5.0
8,287,8.0
8,288,2.0
8,289,5.0
8,290,6.0
8,291,5.0
8,292,7.0
8,293,8.0
8,294,5.0
8,295,4.0
8,296,7.0
8,297,5.0
8,298,5.0
8,299,7.0
8,300,4.0
8,301,4.0
8,302,5.0
8,303,6.0
8,304,7.0
8,305,7.0
8,306,6.0
8,307,4.0
8,308,13.0
8,309,4.0
8,310,3.0
8,311,8.0
8,312,4.0
8,313,5.0
8,314,4.0
8,315,4.0
8,316,4.0
8,317,4.0
8,318,2.0
8,319,5.0
8,320,4.0
8,321,4.0
8,322,6.0
8,323,6.0
8,324,4.0
8,325,1.0
8,326,3.0
8,327,4.0
8,328,5.0
8,329,3.0
8,330,3.0
8,331,5.0
8,332,6.0
8,333,7.0
8,334,5.0
8,335,6.0
8,336,7.0
8,337,4.0
8,338,4.0
8,339,7.0
8,340,5.0
8,341,7.0
8,342,7.0
8,343,5.0
8,344,3.0
8,345,6.0
8,346,4.0
8,347,2.0
8,348,2.0
8,349,4.0
8,350,7.0
8,351,3.0
8,352,5.0
8,353,5.0
8,354,7.0
8,355,5.0
8,356,5.0
8,357,4.0
8,358,4.0
8,359,6.0
8,360,6.0
8,361,5.0
8,362,4.0
8,363,6.0
8,364,8.0
8,365,8.0
8,366,4.0
8,367,4.0
8,368,4.0
8,369,7.0
8,370,4.0
8,371,4.0
8,372,4.0
8,373,5.0
8,374,3.0
8,375,5.0
8,376,4.0
8,377,5.0
9,10,5.0
9,11,14.0
9,12,5.0
9,13,4.0
9,14,3.0
9,15,3.0
9,16,7.0
9,17,3.0
9,18,5.0
9,19,7.0
9,20,4.0
9,21,3.0
9,22,6.0
9,23,6.0
9,24,4.0
9,25,5.0
9,26,4.0
9,27,6.0
9,28,6.0
9,29,7.0
9,30,4.0
9,31,4.0
9,32,4.0
9,33,2.0
9,34,4.0
9,35,5.0
9,36,3.0
9,37,6.0
9,38,4.0
9,39,9.0
9,40,8.0
9,41,6.0
9,42,7.0
9,43,6.0
9,44,2.0
9,45,7.0
9,46,7.0
9,47,4.0
9,48,4.0
9,49,4.0
9,50,7.0
9,51,7.0
9,52,4.0
9,53,3.0
9,54,6.0
9,55,6.0
9,56,6.0
9,57,5.0
9,58,9.0
9,59,3.0
9,60,4.0
9,61,2.0
9,62,6.0
9,63,4.0
9,64,4.0
9,65,5.0
9,66,5.0
9,67,3.0
9,68,4.0
9,69,2.0
9,70,2.0
9,71,4.0
9,72,5.0
9,73,8.0
9,74,4.0
9,75,2.0
9,76,7.0
9,77,3.0
9,78,4.0
9,79,4.0
9,80,6.0
9,81,3.0
9,82,6.0
9,83,4.0
9,84,4.0
9,85,4.0
9,86,6.0
9,87,6.0
9,88,4.0
9,89,9.0
9,90,7.0
9,91,2.0
9,92,3.0
9,93,4.0
9,94,4.0
9,95,5.0
9,96,5.0
9,97,4.0
9,98,5.0
9,99,6.0
9,100,4.0
9,101,4.0
9,102,4.0
9,103,6.0
9,104,5.0
9,105,5.0
9,106,5.0
9,107,4.0
9,108,6.0
9,109,4.0
9,110,4.0
9,111,3.0
9,112,3.0
9,113,3.0
9,114,4.0
9,115,4.0
9,116,4.0
9,117,6.0
9,118,5.0
9,119,5.0
9,120,6.0
9,121,5.0
9,122,5.0
9,123,4.0
9,124,8.0
9,125,8.0
9,126,4.0
9,127,4.0
9,128,5.0
9,129,4.0
9,130,4.0
9,131,4.0
9,132,2.0
9,133,2.0
9,134,2.0
9,135,2.0
9,136,6.0
9,137,6.0
9,138,6.0
9,139,3.0
9,140,4.0
9,141,2.0
9,142,3.0
9,143,4.0
9,144,4.0
9,145,5.0
9,146,2.0
9,147,7.0
9,148,7.0
9,149,2.0
9,150,3.0
9,151,3.0
9,152,6.0
9,153,5.0
9,154,3.0
9,155,5.0
9,156,3.0
9,157,5.0
9,158,5.0
9,159,6.0
9,160,4.0
9,161,2.0
9,162,7.0
9,163,5.0
9,164,5.0
9,165,3.0
9,166,8.0
9,167,5.0
9,168,8.0
9,169,6.0
9,170,5.0
9,171,6.0
9,172,5.0
9,173,4.0
9,174,6.0
9,175,8.0
9,176,5.0
9,177,3.0
9,178,3.0
9,179,9.0
9,180,2.0
9,181,2.0
9,182,3.0
9,183,5.0
9,184,6.0
9,185,7.0
9,186,5.0
9,187,5.0
9,188,2.0
9,189,6.0
9,190,6.0
9,191,6.0
9,192,6.0
9,193,5.0
9,194,5.0
9,195,4.0
9,196,5.0
9,197,5.0
9,198,5.0
9,199,3.0
9,200,3.0
9,201,3.0
9,202,8.0
9,203,9.0
9,204,4.0
9,205,4.0
9,206,5.0
9,207,3.0
9,208,5.0
9,209,5.0
9,210,6.0
9,211,6.0
9,212,7.0
9,213,6.0
9,214,6.0
9,215,4.0
9,216,4.0
9,217,6.0
9,218,5.0
9,219,4.0
9,220,5.0
9,221,5.0
9,222,4.0
9,223,7.0
9,224,3.0
9,225,5.0
9,226,7.0
9,227,3.0
9,228,7.0
9,229,4.0
9,230,3.0
9,231,3.0
9,232,4.0
9,233,5.0
9,234,5.0
9,235,7.0
9,236,5.0
9,237,4.0
9,238,5.0
9,239,4.0
9,240,6.0
9,241,6.0
9,242,7.0
9,243,7.0
9,244,4.0
9,245,8.0
9,246,4.0
9,247,5.0
9,248,2.0
9,249,4.0
9,250,2.0
9,251,7.0
9,252,6.0
9,253,4.0
9,254,2.0
9,255,4.0
9,256,4.0
9,257,4.0
9,258,4.0
9,259,4.0
9,260,6.0
9,261,5.0
9,262,4.0
9,263,9.0
9,264,6.0
9,265,5.0
9,266,8.0
9,267,5.0
9,268,5.0
9,269,7.0
9,270,5.0
9,271,4.0
9,272,5.0
9,273,5.0
9,274,3.0
9,275,3.0
9,276,3.0
9,277,4.0
9,278,2.0
9,279,4.0
9,280,6.0
9,281,5.0
9,282,6.0
9,283,3.0
9,284,5.0
9,285,2.0
9,286,3.0
9,287,7.0
9,288,3.0
9,289,5.0
9,290,9.0
9,291,5.0
9,292,7.0
9,293,7.0
9,294,5.0
9,295,6.0
9,296,6.0
9,297,3.0
9,298,5.0
9,299,5.0
9,300,4.0
9,301,3.0
9,302,6.0
9,303,4.0
9,304,6.0
9,305,5.0
9,306,5.0
9,307,4.0
9,308,6.0
9,309,2.0
9,310,4.0
9,311,6.0
9,312,4.0
9,313,6.0
9,314,6.0
9,315,3.0
9,316,4.0
9,317,4.0
9,318,3.0
9,319,4.0
9,320,4.0
9,321,3.0
9,322,5.0
9,323,5.0
9,324,5.0
9,325,2.0
9,326,3.0
9,327,4.0
9,328,4.0
9,329,4.0
9,330,2.0
9,331,7.0
9,332,6.0
9,333,6.0
9,334,4.0
9,335,4.0
9,336,5.0
9,337,6.0
9,338,6.0
9,339,6.0
9,340,7.0
9,341,5.0
9,342,7.0
9,343,4.0
9,344,5.0
9,345,8.0
9,346,5.0
9,347,2.0
9,348,2.0
9,349,2.0
9,350,9.0
9,351,3.0
9,352,6.0
9,353,4.0
9,354,5.0
9,355,6.0
9,356,3.0
9,357,6.0
9,358,4.0
9,359,8.0
9,360,4.0
9,361,6.0
9,362,2.0
9,363,6.0
9,364,5.0
9,365,7.0
9,366,5.0
9,367,6.0
9,368,4.0
9,369,4.0
9,370,3.0
9,371,6.0
9,372,6.0
9,373,5.0
9,374,5.0
9,375,6.0
9,376,4.0
9,377,4.0
10,11,5.0
10,12,18.0
10,13,5.0
10,14,4.0
10,15,4.0
10,16,5.0
10,17,6.0
10,18,7.0
10,19,8.0
10,20,4.0
10,21,4.0
10,22,6.0
10,23,6.0
10,24,4.0
10,25,18.0
10,26,6.0
10,27,4.0
10,28,4.0
10,29,8.0
10,30,6.0
10,31,4.0
10,32,6.0
10,33,5.0
10,34,6.0
10,35,6.0
10,36,5.0
10,37,5.0
10,38,5.0
10,39,4.0
10,40,3.0
10,41,6.0
10,42,8.0
10,43,7.0
10,44,4.0
10,45,6.0
10,46,6.0
10,47,6.0
10,48,5.0
10,49,5.0
10,50,6.0
10,51,6.0
10,52,6.0
10,53,6.0
10,54,5.0
10,55,5.0
10,56,5.0
10,57,7.0
10,58,4.0
10,59,5.0
10,60,3.0
10,61,5.0
10,62,7.0
10,63,6.0
10,64,6.0
10,65,4.0
10,66,4.0
10,67,6.0
10,68,3.0
10,69,5.0
10,70,5.0
10,71,3.0
10,72,6.0
10,73,4.0
10,74,4.0
10,75,5.0
10,76,5.0
10,77,5.0
10,78,3.0
10,79,3.0
10,80,4.0
10,81,3.0
10,82,5.0
10,83,4.0
10,84,4.0
10,85,4.0
10,86,4.0
10,87,5.0
10,88,6.0
10,89,7.0
10,90,7.0
10,91,5.0
10,92,3.0
10,93,5.0
10,94,5.0
10,95,7.0
10,96,7.0
10,97,6.0
10,98,7.0
10,99,6.0
10,100,3.0
10,101,4.0
10,102,3.0
10,103,6.0
10,104,7.0
10,105,6.0
10,106,6.0
10,107,6.0
10,108,7.0
10,109,6.0
10,110,5.0
10,111,4.0
10,112,5.0
10,113,4.0
10,114,4.0
10,115,4.0
10,116,4.0
10,117,5.0
10,118,5.0
10,119,5.0
10,120,5.0
10,121,5.0
10,122,5.0
10,123,7.0
10,124,6.0
10,125,6.0
10,126,4.0
10,127,4.0
10,128,6.0
10,129,4.0
10,130,4.0
10,131,4.0
10,132,5.0
10,133,5.0
10,134,5.0
10,135,5.0
10,136,7.0
10,137,7.0
10,138,7.0
10,139,6.0
10,140,4.0
10,141,5.0
10,142,5.0
10,143,6.0
10,144,6.0
10,145,5.0
10,146,4.0
10,147,6.0
10,148,6.0
10,149,4.0
10,150,7.0
10,151,7.0
10,152,6.0
10,153,6.0
10,154,4.0
10,155,4.0
10,156,7.0
10,157,18.0
10,158,18.0
10,159,6.0
10,160,6.0
10,161,5.0
10,162,8.0
10,163,18.0
10,164,6.0
10,165,3.0
10,166,6.0
10,167,18.0
10,168,4.0
10,169,4.0
10,170,18.0
10,171,5.0
10,172,18.0
10,173,6.0
10,174,6.0
10,175,6.0
10,176,6.0
10,177,5.0
10,178,5.0
10,179,6.0
10,180,5.0
10,181,5.0
10,182,5.0
10,183,5.0
10,184,4.0
10,185,7.0
10,186,6.0
10,187,6.0
10,188,5.0
10,189,7.0
10,190,7.0
10,191,7.0
10,192,7.0
10,193,6.0
10,194,18.0
10,195,5.0
10,196,3.0
10,197,3.0
10,198,3.0
10,199,5.0
10,200,5.0
10,201,5.0
10,202,4.0
10,203,6.0
10,204,5.0
10,205,5.0
10,206,5.0
10,207,6.0
10,208,18.0
10,209,6.0
10,210,4.0
10,211,5.0
10,212,4.0
10,213,5.0
10,214,6.0
10,215,8.0
10,216,6.0
10,217,6.0
10,218,6.0
10,219,4.0
10,220,6.0
10,221,6.0
10,222,3.0
10,223,6.0
10,224,6.0
10,225,4.0
10,226,5.0
10,227,4.0
10,228,7.0
10,229,4.0
10,230,5.0
10,231,5.0
10,232,4.0
10,233,3.0
10,234,7.0
10,235,6.0
10,236,7.0
10,237,5.0
10,238,7.0
10,239,5.0
10,240,5.0
10,241,4.0
10,242,6.0
10,243,6.0
10,244,6.0
10,245,7.0
10,246,5.0
10,247,6.0
10,248,4.0
10,249,4.0
10,250,5.0
10,251,7.0
10,252,6.0
10,253,8.0
10,254,3.0
10,255,2.0
10,256,8.0
10,257,5.0
10,258,6.0
10,259,4.0
10,260,5.0
10,261,4.0
10,262,6.0
10,263,6.0
10,264,5.0
10,265,6.0
10,266,5.0
10,267,6.0
10,268,6.0
10,269,6.0
10,270,18.0
10,271,4.0
10,272,5.0
10,273,8.0
10,274,6.0
10,275,6.0
10,276,5.0
10,277,5.0
10,278,5.0
10,279,6.0
10,280,4.0
10,281,6.0
10,282,6.0
10,283,5.0
10,284,5.0
10,285,5.0
10,286,5.0
10,287,7.0
10,288,5.0
10,289,6.0
10,290,9.0
10,291,7.0
10,292,6.0
10,293,8.0
10,294,18.0
10,295,5.0
10,296,7.0
10,297,6.0
10,298,6.0
10,299,5.0
10,300,6.0
10,301,7.0
10,302,5.0
10,303,6.0
10,304,6.0
10,305,6.0
10,306,8.0
10,307,5.0
10,308,5.0
10,309,6.0
10,310,3.0
10,311,5.0
10,312,4.0
10,313,4.0
10,314,4.0
10,315,6.0
10,316,4.0
10,317,5.0
10,318,6.0
10,319,5.0
10,320,5.0
10,321,4.0
10,322,6.0
10,323,4.0
10,324,5.0
10,325,4.0
10,326,4.0
10,327,4.0
10,328,6.0
10,329,6.0
10,330,4.0
10,331,4.0
10,332,5.0
10,333,6.0
10,334,7.0
10,335,6.0
10,336,7.0
10,337,4.0
10,338,7.0
10,339,6.0
10,340,8.0
10,341,6.0
10,342,6.0
10,343,6.0
10,344,6.0
10,345,4.0
10,346,5.0
10,347,4.0
10,348,5.0
10,349,5.0
10,350,6.0
10,351,6.0
10,352,4.0
10,353,4.0
10,354,5.0
10,355,6.0
10,356,5.0
10,357,3.0
10,358,6.0
10,359,5.0
10,360,5.0
10,361,5.0
10,362,3.0
10,363,8.0
10,364,7.0
10,365,7.0
10,366,5.0
10,367,4.0
10,368,5.0
10,369,7.0
10,370,5.0
10,371,5.0
10,372,5.0
10,373,18.0
10,374,4.0
10,375,4.0
10,376,6.0
10,377,6.0
11,12,5.0
11,13,4.0
11,14,3.0
11,15,3.0
11,16,7.0
11,17,3.0
11,18,5.0
11,19,7.0
11,20,4.0
11,21,3.0
11,22,6.0
11,23,6.0
11,24,4.0
11,25,5.0
11,26,4.0
11,27,6.0
11,28,6.0
11,29,7.0
11,30,4.0
11,31,4.0
11,32,4.0
11,33,2.0
11,34,4.0
11,35,5.0
11,36,3.0
11,37,6.0
11,38,4.0
11,39,9.0
11,40,8.0
11,41,6.0
11,42,7.0
11,43,6.0
11,44,2.0
11,45,7.0
11,46,7.0
11,47,4.0
11,48,4.0
11,49,4.0
11,50,7.0
11,51,7.0
11,52,4.0
11,53,3.0
11,54,6.0
11,55,6.0
11,56,6.0
11,57,5.0
11,58,9.0
11,59,3.0
11,60,4.0
11,61,2.0
11,62,6.0
11,63,4.0
11,64,4.0
11,65,5.0
11,66,5.0
11,67,3.0
11,68,4.0
11,69,2.0
11,70,2.0
11,71,4.0
11,72,5.0
11,73,8.0
11,74,4.0
11,75,2.0
11,76,7.0
11,77,3.0
11,78,4.0
11,79,4.0
11,80,6.0
11,81,3.0
11,82,6.0
11,83,4.0
11,84,4.0
11,85,4.0
11,86,6.0
11,87,6.0
11,88,4.0
11,89,9.0
11,90,7.0
11,91,2.0
11,92,3.0
11,93,4.0
11,94,4.0
11,95,5.0
11,96,5.0
11,97,4.0
11,98,5.0
11,99,6.0
11,100,4.0
11,101,4.0
11,102,4.0
11,103,6.0
11,104,5.0
11,105,5.0
11,106,5.0
11,107,4.0
11,108,6.0
11,109,4.0
11,110,4.0
11,111,3.0
11,112,3.0
11,113,3.0
11,114,4.0
11,115,4.0
11,116,4.0
11,117,6.0
11,118,5.0
11,119,5.0
11,120,6.0
11,121,5.0
11,122,5.0
11,123,4.0
11,124,8.0
11,125,8.0
11,126,4.0
11,127,4.0
11,128,5.0
11,129,4.0
11,130,4.0
11,131,4.0
11,132,2.0
11,133,2.0
11,134,2.0
11,135,2.0
11,136,6.0
11,137,6.0
11,138,6.0
11,139,3.0
11,140,4.0
11,141,2.0
11,142,3.0
11,143,4.0
11,144,4.0
11,145,5.0
11,146,2.0
11,147,7.0
11,148,7.0
11,149,2.0
11,150,3.0
11,151,3.0
11,152,6.0
11,153,5.0
11,154,3.0
11,155,5.0
11,156,3.0
11,157,5.0
11,158,5.0
11,159,6.0
11,160,4.0
11,161,2.0
11,162,7.0
11,163,5.0
11,164,5.0
11,165,3.0
11,166,8.0
11,167,5.0
11,168,8.0
11,169,6.0
11,170,5.0
11,171,6.0
11,172,5.0
11,173,4.0
11,174,6.0
11,175,8.0
11,176,5.0
11,177,3.0
11,178,3.0
11,179,9.0
11,180,2.0
11,181,2.0
11,182,3.0
11,183,5.0
11,184,6.0
11,185,7.0
11,186,5.0
11,187,5.0
11,188,2.0
11,189,6.0
11,190,6.0
11,191,6.0
11,192,6.0
11,193,5.0
11,194,5.0
11,195,4.0
11,196,5.0
11,197,5.0
11,198,5.0
11,199,3.0
11,200,3.0
11,201,3.0
11,202,8.0
11,203,9.0
11,204,4.0
11,205,4.0
11,206,5.0
11,207,3.0
11,208,5.0
11,209,5.0
11,210,6.0
11,211,6.0
11,212,7.0
11,213,6.0
11,214,6.0
11,215,4.0
11,216,4.0
11,217,6.0
11,218,5.0
11,219,4.0
11,220,5.0
11,221,5.0
11,222,4.0
11,223,7.0
11,224,3.0
11,225,5.0
11,226,7.0
11,227,3.0
11,228,7.0
11,229,4.0
11,230,3.0
11,231,3.0
11,232,4.0
11,233,5.0
11,234,5.0
11,235,7.0
11,236,5.0
11,237,4.0
11,238,5.0
11,239,4.0
11,240,6.0
11,241,6.0
11,242,7.0
11,243,7.0
11,244,4.0
11,245,8.0
11,246,4.0
11,247,5.0
11,248,2.0
11,249,4.0
11,250,2.0
11,251,7.0
11,252,6.0
11,253,4.0
11,254,2.0
11,255,4.0
11,256,4.0
11,257,4.0
11,258,4.0
11,259,4.0
11,260,6.0
11,261,5.0
11,262,4.0
11,263,9.0
11,264,6.0
11,265,5.0
11,266,8.0
11,267,5.0
11,268,5.0
11,269,7.0
11,270,5.0
11,271,4.0
11,272,5.0
11,273,5.0
11,274,3.0
11,275,3.0
11,276,3.0
11,277,4.0
11,278,2.0
11,279,4.0
11,280,6.0
11,281,5.0
11,282,6.0
11,283,3.0
11,284,5.0
11,285,2.0
11,286,3.0
11,287,7.0
11,288,3.0
11,289,5.0
11,290,9.0
11,291,5.0
11,292,7.0
11,293,7.0
11,294,5.0
11,295,6.0
11,296,6.0
11,297,3.0
11,298,5.0
11,299,5.0
11,300,4.0
11,301,3.0
11,302,6.0
11,303,4.0
11,304,6.0
11,305,5.0
11,306,5.0
11,307,4.0
11,308,6.0
11,309,2.0
11,310,4.0
11,311,6.0
11,312,4.0
11,313,6.0
11,314,6.0
11,315,3.0
11,316,4.0
11,317,4.0
11,318,3.0
11,319,4.0
11,320,4.0
11,321,3.0
11,322,5.0
11,323,5.0
11,324,5.0
11,325,2.0
11,326,3.0
11,327,4.0
11,328,4.0
11,329,4.0
11,330,2.0
11,331,7.0
11,332,6.0
11,333,6.0
11,334,4.0
11,335,4.0
11,336,5.0
11,337,6.0
11,338,6.0
11,339,6.0
11,340,7.0
11,341,5.0
11,342,7.0
11,343,4.0
11,344,5.0
11,345,8.0
11,346,5.0
11,347,2.0
11,348,2.0
11,349,2.0
11,350,9.0
11,351,3.0
11,352,6.0
11,353,4.0
11,354,5.0
11,355,6.0
11,356,3.0
11,357,6.0
11,358,4.0
11,359,8.0
11,360,4.0
11,361,6.0
11,362,2.0
11,363,6.0
11,364,5.0
11,365,7.0
11,366,5.0
11,367,6.0
11,368,4.0
11,369,4.0
11,370,3.0
11,371,6.0
11,372,6.0
11,373,5.0
11,374,5.0
11,375,6.0
11,376,4.0
11,377,4.0
12,13,5.0
12,14,4.0
12,15,4.0
12,16,5.0
12,17,6.0
12,18,7.0
12,19,8.0
12,20,4.0
12,21,4.0
12,22,6.0
12,23,6.0
12,24,4.0
12,25,18.0
12,26,6.0
12,27,4.0
12,28,4.0
12,29,8.0
12,30,6.0
12,31,4.0
12,32,6.0
12,33,5.0
12,34,6.0
12,35,6.0
12,36,5.0
12,37,5.0
12,38,5.0
12,39,4.0
12,40,3.0
12,41,6.0
12,42,8.0
12,43,7.0
12,44,4.0
12,45,6.0
12,46,6.0
12,47,6.0
12,48,5.0
12,49,5.0
12,50,6.0
12,51,6.0
12,52,6.0
12,53,6.0
12,54,5.0
12,55,5.0
12,56,5.0
12,57,7.0
12,58,4.0
12,59,5.0
12,60,3.0
12,61,5.0
12,62,7.0
12,63,6.0
12,64,6.0
12,65,4.0
12,66,4.0
12,67,6.0
12,68,3.0
12,69,5.0
12,70,5.0
12,71,3.0
12,72,6.0
12,73,4.0
12,74,4.0
12,75,5.0
12,76,5.0
12,77,5.0
12,78,3.0
12,79,3.0
12,80,4.0
12,81,3.0
12,82,5.0
12,83,4.0
12,84,4.0
12,85,4.0
12,86,4.0
12,87,5.0
12,88,6.0
12,89,7.0
12,90,7.0
12,91,5.0
12,92,3.0
12,93,5.0
12,94,5.0
12,95,7.0
12,96,7.0
12,97,6.0
12,98,7.0
12,99,6.0
12,100,3.0
12,101,4.0
12,102,3.0
12,103,6.0
12,104,7.0
12,105,6.0
12,106,6.0
12,107,6.0
12,108,7.0
12,109,6.0
12,110,5.0
12,111,4.0
12,112,5.0
12,113,4.0
12,114,4.0
12,115,4.0
12,116,4.0
12,117,5.0
12,118,5.0
12,119,5.0
12,120,5.0
12,121,5.0
12,122,5.0
12,123,7.0
12,124,6.0
12,125,6.0
12,126,4.0
12,127,4.0
12,128,6.0
12,129,4.0
12,130,4.0
12,131,4.0
12,132,5.0
12,133,5.0
12,134,5.0
12,135,5.0
12,136,7.0
12,137,7.0
12,138,7.0
12,139,6.0
12,140,4.0
12,141,5.0
12,142,5.0
12,143,6.0
12,144,6.0
12,145,5.0
12,146,4.0
12,147,6.0
12,148,6.0
12,149,4.0
12,150,7.0
12,151,7.0
12,152,6.0
12,153,6.0
12,154,4.0
12,155,4.0
12,156,7.0
12,157,18.0
12,158,18.0
12,159,6.0
12,160,6.0
12,161,5.0
12,162,8.0
12,163,18.0
12,164,6.0
12,165,3.0
12,166,6.0
12,167,18.0
12,168,4.0
12,169,4.0
12,170,18.0
12,171,5.0
12,172,18.0
12,173,6.0
12,174,6.0
12,175,6.0
12,176,6.0
12,177,5.0
12,178,5.0
12,179,6.0
12,180,5.0
12,181,5.0
12,182,5.0
12,183,5.0
12,184,4.0
12,185,7.0
12,186,6.0
12,187,6.0
12,188,5.0
12,189,7.0
12,190,7.0
12,191,7.0
12,192,7.0
12,193,6.0
12,194,18.0
12,195,5.0
12,196,3.0
12,197,3.0
12,198,3.0
12,199,5.0
12,200,5.0
12,201,5.0
12,202,4.0
12,203,6.0
12,204,5.0
12,205,5.0
12,206,5.0
12,207,6.0
12,208,18.0
12,209,6.0
12,210,4.0
12,211,5.0
12,212,4.0
12,213,5.0
12,214,6.0
12,215,8.0
12,216,6.0
12,217,6.0
12,218,6.0
12,219,4.0
12,220,6.0
12,221,6.0
12,222,3.0
12,223,6.0
12,224,6.0
12,225,4.0
12,226,5.0
12,227,4.0
12,228,7.0
12,229,4.0
12,230,5.0
12,231,5.0
12,232,4.0
12,233,3.0
12,234,7.0
12,235,6.0
12,236,7.0
12,237,5.0
12,238,7.0
12,239,5.0
12,240,5.0
12,241,4.0
12,242,6.0
12,243,6.0
12,244,6.0
12,245,7.0
12,246,5.0
12,247,6.0
12,248,4.0
12,249,4.0
12,250,5.0
12,251,7.0
12,252,6.0
12,253,8.0
12,254,3.0
12,255,2.0
12,256,8.0
12,257,5.0
12,258,6.0
12,259,4.0
12,260,5.0
12,261,4.0
12,262,6.0
12,263,6.0
12,264,5.0
12,265,6.0
12,266,5.0
12,267,6.0
12,268,6.0
12,269,6.0
12,270,18.0
12,271,4.0
12,272,5.0
12,273,8.0
12,274,6.0
12,275,6.0
12,276,5.0
12,277,5.0
12,278,5.0
12,279,6.0
12,280,4.0
12,281,6.0
12,282,6.0
12,283,5.0
12,284,5.0
12,285,5.0
12,286,5.0
12,287,7.0
12,288,5.0
12,289,6.0
12,290,9.0
12,291,7.0
12,292,6.0
12,293,8.0
12,294,18.0
12,295,5.0
12,296,7.0
12,297,6.0
12,298,6.0
12,299,5.0
12,300,6.0
12,301,7.0
12,302,5.0
12,303,6.0
12,304,6.0
12,305,6.0
12,306,8.0
12,307,5.0
12,308,5.0
12,309,6.0
12,310,3.0
12,311,5.0
12,312,4.0
12,313,4.0
12,314,4.0
12,315,6.0
12,316,4.0
12,317,5.0
12,318,6.0
12,319,5.0
12,320,5.0
12,321,4.0
12,322,6.0
12,323,4.0
12,324,5.0
12,325,4.0
12,326,4.0
12,327,4.0
12,328,6.0
12,329,6.0
12,330,4.0
12,331,4.0
12,332,5.0
12,333,6.0
12,334,7.0
12,335,6.0
12,336,7.0
12,337,4.0
12,338,7.0
12,339,6.0
12,340,8.0
12,341,6.0
12,342,6.0
12,343,6.0
12,344,6.0
12,345,4.0
12,346,5.0
12,347,4.0
12,348,5.0
12,349,5.0
12,350,6.0
12,351,6.0
12,352,4.0
12,353,4.0
12,354,5.0
12,355,6.0
12,356,5.0
12,357,3.0
12,358,6.0
12,359,5.0
12,360,5.0
12,361,5.0
12,362,3.0
12,363,8.0
12,364,7.0
12,365,7.0
12,366,5.0
12,367,4.0
12,368,5.0
12,369,7.0
12,370,5.0
12,371,5.0
12,372,5.0
12,373,18.0
12,374,4.0
12,375,4.0
12,376,6.0
12,377,6.0
13,14,4.0
13,15,4.0
13,16,5.0
13,17,6.0
13,18,5.0
13,19,5.0
13,20,3.0
13,21,5.0
13,22,3.0
13,23,3.0
13,24,3.0
13,25,5.0
13,26,5.0
13,27,3.0
13,28,3.0
13,29,3.0
13,30,4.0
13,31,3.0
13,32,5.0
13,33,4.0
13,34,5.0
13,35,6.0
13,36,6.0
13,37,4.0
13,38,5.0
13,39,3.0
13,40,2.0
13,41,5.0
13,42,6.0
13,43,4.0
13,44,3.0
13,45,6.0
13,46,6.0
13,47,6.0
13,48,4.0
13,49,4.0
13,50,6.0
13,51,6.0
13,52,6.0
13,53,4.0
13,54,4.0
13,55,4.0
13,56,6.0
13,57,4.0
13,58,2.0
13,59,6.0
13,60,3.0
13,61,5.0
13,62,5.0
13,63,4.0
13,64,5.0
13,65,4.0
13,66,4.0
13,67,4.0
13,68,2.0
13,69,5.0
13,70,5.0
13,71,2.0
13,72,4.0
13,73,4.0
13,74,4.0
13,75,4.0
13,76,4.0
13,77,3.0
13,78,2.0
13,79,2.0
13,80,3.0
13,81,5.0
13,82,4.0
13,83,3.0
13,84,3.0
13,85,3.0
13,86,3.0
13,87,4.0
13,88,5.0
13,89,6.0
13,90,5.0
13,91,3.0
13,92,3.0
13,93,3.0
13,94,4.0
13,95,6.0
13,96,5.0
13,97,4.0
13,98,5.0
13,99,4.0
13,100,3.0
13,101,3.0
13,102,3.0
13,103,4.0
13,104,5.0
13,105,4.0
13,106,4.0
13,107,5.0
13,108,6.0
13,109,5.0
13,110,3.0
13,111,3.0
13,112,3.0
13,113,3.0
13,114,3.0
13,115,3.0
13,116,3.0
13,117,3.0
13,118,5.0
13,119,4.0
13,120,3.0
13,121,5.0
13,122,4.0
13,123,6.0
13,124,5.0
13,125,5.0
13,126,3.0
13,127,3.0
13,128,5.0
13,129,3.0
13,130,3.0
13,131,3.0
13,132,4.0
13,133,4.0
13,134,4.0
13,135,4.0
13,136,4.0
13,137,4.0
13,138,4.0
13,139,5.0
13,140,3.0
13,141,5.0
13,142,4.0
13,143,5.0
13,144,5.0
13,145,4.0
13,146,4.0
13,147,5.0
13,148,5.0
13,149,4.0
13,150,4.0
13,151,4.0
13,152,6.0
13,153,6.0
13,154,5.0
13,155,4.0
13,156,6.0
13,157,5.0
13,158,5.0
13,159,3.0
13,160,5.0
13,161,4.0
13,162,5.0
13,163,5.0
13,164,6.0
13,165,2.0
13,166,3.0
13,167,5.0
13,168,3.0
13,169,4.0
13,170,5.0
13,171,5.0
13,172,5.0
13,173,4.0
13,174,3.0
13,175,5.0
13,176,6.0
13,177,3.0
13,178,3.0
13,179,4.0
13,180,4.0
13,181,4.0
13,182,5.0
13,183,5.0
13,184,4.0
13,185,4.0
13,186,4.0
13,187,4.0
13,188,5.0
13,189,6.0
13,190,5.0
13,191,5.0
13,192,5.0
13,193,6.0
13,194,5.0
13,195,6.0
13,196,3.0
13,197,3.0
13,198,3.0
13,199,4.0
13,200,4.0
13,201,4.0
13,202,3.0
13,203,4.0
13,204,6.0
13,205,6.0
13,206,5.0
13,207,6.0
13,208,5.0
13,209,4.0
13,210,5.0
13,211,5.0
13,212,2.0
13,213,4.0
13,214,5.0
13,215,4.0
13,216,4.0
13,217,5.0
13,218,6.0
13,219,5.0
13,220,5.0
13,221,6.0
13,222,4.0
13,223,5.0
13,224,4.0
13,225,4.0
13,226,6.0
13,227,3.0
13,228,5.0
13,229,3.0
13,230,3.0
13,231,6.0
13,232,3.0
13,233,3.0
13,234,7.0
13,235,4.0
13,236,4.0
13,237,2.0
13,238,7.0
13,239,6.0
13,240,5.0
13,241,3.0
13,242,4.0
13,243,7.0
13,244,5.0
13,245,4.0
13,246,5.0
13,247,4.0
13,248,4.0
13,249,5.0
13,250,3.0
13,251,5.0
13,252,4.0
13,253,5.0
13,254,3.0
13,255,3.0
13,256,4.0
13,257,3.0
13,258,6.0
13,259,3.0
13,260,4.0
13,261,4.0
13,262,4.0
13,263,3.0
13,264,5.0
13,265,6.0
13,266,4.0
13,267,4.0
13,268,5.0
13,269,4.0
13,270,5.0
13,271,3.0
13,272,4.0
13,273,6.0
13,274,4.0
13,275,4.0
13,276,6.0
13,277,6.0
13,278,5.0
13,279,6.0
13,280,5.0
13,281,6.0
13,282,5.0
13,283,4.0
13,284,4.0
13,285,6.0
13,286,4.0
13,287,5.0
13,288,1.0
13,289,6.0
13,290,6.0
13,291,4.0
13,292,4.0
13,293,5.0
13,294,5.0
13,295,4.0
13,296,6.0
13,297,4.0
13,298,3.0
13,299,5.0
13,300,6.0
13,301,6.0
13,302,5.0
13,303,5.0
13,304,4.0
13,305,6.0
13,306,5.0
13,307,6.0
13,308,4.0
13,309,4.0
13,310,2.0
13,311,5.0
13,312,3.0
13,313,3.0
13,314,3.0
13,315,4.0
13,316,5.0
13,317,4.0
13,318,6.0
13,319,4.0
13,320,6.0
13,321,3.0
13,322,5.0
13,323,3.0
13,324,4.0
13,325,3.0
13,326,3.0
13,327,3.0
13,328,5.0
13,329,4.0
13,330,5.0
13,331,3.0
13,332,4.0
13,333,4.0
13,334,7.0
13,335,5.0
13,336,5.0
13,337,3.0
13,338,7.0
13,339,3.0
13,340,6.0
13,341,6.0
13,342,4.0
13,343,5.0
13,344,4.0
13,345,5.0
13,346,4.0
13,347,5.0
13,348,3.0
13,349,5.0
13,350,5.0
13,351,4.0
13,352,3.0
13,353,5.0
13,354,4.0
13,355,4.0
13,356,4.0
13,357,1.0
13,358,4.0
13,359,4.0
13,360,4.0
13,361,4.0
13,362,3.0
13,363,4.0
13,364,5.0
13,365,5.0
13,366,4.0
13,367,3.0
13,368,7.0
13,369,6.0
13,370,5.0
13,371,4.0
13,372,4.0
13,373,5.0
13,374,3.0
13,375,3.0
13,376,4.0
13,377,5.0
14,15,14.0
14,16,3.0
14,17,4.0
14,18,4.0
14,19,4.0
14,20,3.0
14,21,3.0
14,22,4.0
14,23,4.0
14,24,2.0
14,25,4.0
14,26,4.0
14,27,3.0
14,28,3.0
14,29,3.0
14,30,5.0
14,31,3.0
14,32,4.0
14,33,4.0
14,34,4.0
14,35,5.0
14,36,4.0
14,37,3.0
14,38,6.0
14,39,6.0
14,40,3.0
14,41,3.0
14,42,5.0
14,43,3.0
14,44,1.0
14,45,5.0
14,46,5.0
14,47,5.0
14,48,5.0
14,49,6.0
14,50,5.0
14,51,5.0
14,52,5.0
14,53,5.0
14,54,3.0
14,55,3.0
14,56,3.0
14,57,7.0
14,58,4.0
14,59,4.0
14,60,5.0
14,61,4.0
14,62,5.0
14,63,3.0
14,64,4.0
14,65,3.0
14,66,3.0
14,67,5.0
14,68,3.0
14,69,4.0
14,70,4.0
14,71,3.0
14,72,4.0
14,73,3.0
14,74,3.0
14,75,5.0
14,76,2.0
14,77,3.0
14,78,2.0
14,79,2.0
14,80,3.0
14,81,3.0
14,82,3.0
14,83,3.0
14,84,3.0
14,85,3.0
14,86,3.0
14,87,3.0
14,88,3.0
14,89,6.0
14,90,4.0
14,91,4.0
14,92,3.0
14,93,3.0
14,94,7.0
14,95,4.0
14,96,5.0
14,97,10.0
14,98,5.0
14,99,4.0
14,100,3.0
14,101,3.0
14,102,3.0
14,103,6.0
14,104,4.0
14,105,3.0
14,106,3.0
14,107,4.0
14,108,6.0
14,109,4.0
14,110,4.0
14,111,2.0
14,112,4.0
14,113,2.0
14,114,3.0
14,115,3.0
14,116,3.0
14,117,3.0
14,118,6.0
14,119,3.0
14,120,3.0
14,121,6.0
14,122,3.0
14,123,4.0
14,124,4.0
14,125,4.0
14,126,2.0
14,127,2.0
14,128,4.0
14,129,2.0
14,130,2.0
14,131,2.0
14,132,6.0
14,133,6.0
14,134,6.0
14,135,6.0
14,136,3.0
14,137,3.0
14,138,3.0
14,139,3.0
14,140,2.0
14,141,4.0
14,142,10.0
14,143,4.0
14,144,4.0
14,145,3.0
14,146,3.0
14,147,5.0
14,148,5.0
14,149,3.0
14,150,3.0
14,151,3.0
14,152,3.0
14,153,3.0
14,154,3.0
14,155,3.0
14,156,4.0
14,157,4.0
14,158,4.0
14,159,3.0
14,160,8.0
14,161,6.0
14,162,4.0
14,163,4.0
14,164,4.0
14,165,0.0
14,166,4.0
14,167,4.0
14,168,4.0
14,169,3.0
14,170,4.0
14,171,4.0
14,172,4.0
14,173,10.0
14,174,4.0
14,175,4.0
14,176,5.0
14,177,4.0
14,178,4.0
14,179,3.0
14,180,3.0
14,181,3.0
14,182,4.0
14,183,4.0
14,184,2.0
14,185,3.0
14,186,4.0
14,187,4.0
14,188,4.0
14,189,5.0
14,190,7.0
14,191,7.0
14,192,7.0
14,193,5.0
14,194,4.0
14,195,5.0
14,196,3.0
14,197,3.0
14,198,3.0
14,199,4.0
14,200,4.0
14,201,4.0
14,202,3.0
14,203,5.0
14,204,5.0
14,205,5.0
14,206,4.0
14,207,5.0
14,208,4.0
14,209,3.0
14,210,5.0
14,211,4.0
14,212,2.0
14,213,3.0
14,214,4.0
14,215,5.0
14,216,5.0
14,217,5.0
14,218,5.0
14,219,4.0
14,220,4.0
14,221,4.0
14,222,4.0
14,223,4.0
14,224,4.0
14,225,3.0
14,226,5.0
14,227,4.0
14,228,7.0
14,229,2.0
14,230,3.0
14,231,4.0
14,232,4.0
14,233,3.0
14,234,4.0
14,235,3.0
14,236,4.0
14,237,3.0
14,238,4.0
14,239,4.0
14,240,4.0
14,241,3.0
14,242,3.0
14,243,4.0
14,244,5.0
14,245,4.0
14,246,5.0
14,247,4.0
14,248,4.0
14,249,10.0
14,250,4.0
14,251,7.0
14,252,4.0
14,253,6.0
14,254,3.0
14,255,1.0
14,256,5.0
14,257,1.0
14,258,5.0
14,259,2.0
14,260,3.0
14,261,3.0
14,262,8.0
14,263,4.0
14,264,4.0
14,265,5.0
14,266,5.0
14,267,4.0
14,268,4.0
14,269,8.0
14,270,4.0
14,271,2.0
14,272,3.0
14,273,7.0
14,274,5.0
14,275,4.0
14,276,4.0
14,277,3.0
14,278,3.0
14,279,5.0
14,280,5.0
14,281,5.0
14,282,5.0
14,283,4.0
14,284,4.0
14,285,5.0
14,286,3.0
14,287,5.0
14,288,3.0
14,289,7.0
14,290,4.0
14,291,4.0
14,292,3.0
14,293,4.0
14,294,4.0
14,295,3.0
14,296,5.0
14,297,2.0
14,298,5.0
14,299,5.0
14,300,4.0
14,301,4.0
14,302,3.0
14,303,4.0
14,304,6.0
14,305,5.0
14,306,5.0
14,307,3.0
14,308,3.0
14,309,5.0
14,310,2.0
14,311,4.0
14,312,2.0
14,313,4.0
14,314,3.0
14,315,5.0
14,316,10.0
14,317,3.0
14,318,5.0
14,319,10.0
14,320,3.0
14,321,2.0
14,322,4.0
14,323,3.0
14,324,3.0
14,325,1.0
14,326,4.0
14,327,2.0
14,328,5.0
14,329,3.0
14,330,3.0
14,331,3.0
14,332,3.0
14,333,6.0
14,334,5.0
14,335,5.0
14,336,6.0
14,337,3.0
14,338,4.0
14,339,4.0
14,340,5.0
14,341,5.0
14,342,3.0
14,343,5.0
14,344,3.0
14,345,4.0
14,346,10.0
14,347,4.0
14,348,4.0
14,349,3.0
14,350,5.0
14,351,4.0
14,352,3.0
14,353,3.0
14,354,4.0
14,355,3.0
14,356,3.0
14,357,2.0
14,358,6.0
14,359,3.0
14,360,4.0
14,361,3.0
14,362,2.0
14,363,4.0
14,364,5.0
14,365,5.0
14,366,3.0
14,367,3.0
14,368,5.0
14,369,4.0
14,370,5.0
14,371,3.0
14,372,3.0
14,373,4.0
14,374,3.0
14,375,2.0
14,376,8.0
14,377,6.0
15,16,3.0
15,17,4.0
15,18,4.0
15,19,4.0
15,20,3.0
15,21,3.0
15,22,4.0
15,23,4.0
15,24,2.0
15,25,4.0
15,26,4.0
15,27,3.0
15,28,3.0
15,29,3.0
15,30,5.0
15,31,3.0
15,32,4.0
15,33,4.0
15,34,4.0
15,35,5.0
15,36,4.0
15,37,3.0
15,38,6.0
15,39,6.0
15,40,3.0
15,41,3.0
15,42,5.0
15,43,3.0
15,44,1.0
15,45,5.0
15,46,5.0
15,47,5.0
15,48,5.0
15,49,6.0
15,50,5.0
15,51,5.0
15,52,5.0
15,53,5.0
15,54,3.0
15,55,3.0
15,56,3.0
15,57,7.0
15,58,4.0
15,59,4.0
15,60,5.0
15,61,4.0
15,62,5.0
15,63,3.0
15,64,4.0
15,65,3.0
15,66,3.0
15,67,5.0
15,68,3.0
15,69,4.0
15,70,4.0
15,71,3.0
15,72,4.0
15,73,3.0
15,74,3.0
15,75,5.0
15,76,2.0
15,77,3.0
15,78,2.0
15,79,2.0
15,80,3.0
15,81,3.0
15,82,3.0
15,83,3.0
15,84,3.0
15,85,3.0
15,86,3.0
15,87,3.0
15,88,3.0
15,89,6.0
15,90,4.0
15,91,4.0
15,92,3.0
15,93,3.0
15,94,7.0
15,95,4.0
15,96,5.0
15,97,10.0
15,98,5.0
15,99,4.0
15,100,3.0
15,101,3.0
15,102,3.0
15,103,6.0
15,104,4.0
15,105,3.0
15,106,3.0
15,107,4.0
15,108,6.0
15,109,4.0
15,110,4.0
15,111,2.0
15,112,4.0
15,113,2.0
15,114,3.0
15,115,3.0
15,116,3.0
15,117,3.0
15,118,6.0
15,119,3.0
15,120,3.0
15,121,6.0
15,122,3.0
15,123,4.0
15,124,4.0
15,125,4.0
15,126,2.0
15,127,2.0
15,128,4.0
15,129,2.0
15,130,2.0
15,131,2.0
15,132,6.0
15,133,6.0
15,134,6.0
15,135,6.0
15,136,3.0
15,137,3.0
15,138,3.0
15,139,3.0
15,140,2.0
15,141,4.0
15,142,10.0
15,143,4.0
15,144,4.0
15,145,3.0
15,146,3.0
15,147,5.0
15,148,5.0
15,149,3.0
15,150,3.0
15,151,3.0
15,152,3.0
15,153,3.0
15,154,3.0
15,155,3.0
15,156,4.0
15,157,4.0
15,158,4.0
15,159,3.0
15,160,8.0
15,161,6.0
15,162,4.0
15,163,4.0
15,164,4.0
15,165,0.0
15,166,4.0
15,167,4.0
15,168,4.0
15,169,3.0
15,170,4.0
15,171,4.0
15,172,4.0
15,173,10.0
15,174,4.0
15,175,4.0
15,176,5.0
15,177,4.0
15,178,4.0
15,179,3.0
15,180,3.0
15,181,3.0
15,182,4.0
15,183,4.0
15,184,2.0
15,185,3.0
15,186,4.0
15,187,4.0
15,188,4.0
15,189,5.0
15,190,7.0
15,191,7.0
15,192,7.0
15,193,5.0
15,194,4.0
15,195,5.0
15,196,3.0
15,197,3.0
15,198,3.0
15,199,4.0
15,200,4.0
15,201,4.0
15,202,3.0
15,203,5.0
15,204,5.0
15,205,5.0
15,206,4.0
15,207,5.0
15,208,4.0
15,209,3.0
15,210,5.0
15,211,4.0
15,212,2.0
15,213,3.0
15,214,4.0
15,215,5.0
15,216,5.0
15,217,5.0
15,218,5.0
15,219,4.0
15,220,4.0
15,221,4.0
15,222,4.0
15,223,4.0
15,224,4.0
15,225,3.0
15,226,5.0
15,227,4.0
15,228,7.0
15,229,2.0
15,230,3.0
15,231,4.0
15,232,4.0
15,233,3.0
15,234,4.0
15,235,3.0
15,236,4.0
15,237,3.0
15,238,4.0
15,239,4.0
15,240,4.0
15,241,3.0
15,242,3.0
15,243,4.0
15,244,5.0
15,245,4.0
15,246,5.0
15,247,4.0
15,248,4.0
15,249,10.0
15,250,4.0
15,251,7.0
15,252,4.0
15,253,6.0
15,254,3.0
15,255,1.0
15,256,5.0
15,257,1.0
15,258,5.0
15,259,2.0
15,260,3.0
15,261,3.0
15,262,8.0
15,263,4.0
15,264,4.0
15,265,5.0
15,266,5.0
15,267,4.0
15,268,4.0
15,269,8.0
15,270,4.0
15,271,2.0
15,272,3.0
15,273,7.0
15,274,5.0
15,275,4.0
15,276,4.0
15,277,3.0
15,278,3.0
15,279,5.0
15,280,5.0
15,281,5.0
15,282,5.0
15,283,4.0
15,284,4.0
15,285,5.0
15,286,3.0
15,287,5.0
15,288,3.0
15,289,7.0
15,290,4.0
15,291,4.0
15,292,3.0
15,293,4.0
15,294,4.0
15,295,3.0
15,296,5.0
15,297,2.0
15,298,5.0
15,299,5.0
15,300,4.0
15,301,4.0
15,302,3.0
15,303,4.0
15,304,6.0
15,305,5.0
15,306,5.0
15,307,3.0
15,308,3.0
15,309,5.0
15,310,2.0
15,311,4.0
15,312,2.0
15,313,4.0
15,314,3.0
15,315,5.0
15,316,10.0
15,317,3.0
15,318,5.0
15,319,10.0
15,320,3.0
15,321,2.0
15,322,4.0
15,323,3.0
15,324,3.0
15,325,1.0
15,326,4.0
15,327,2.0
15,328,5.0
15,329,3.0
15,330,3.0
15,331,3.0
15,332,3.0
15,333,6.0
15,334,5.0
15,335,5.0
15,336,6.0
15,337,3.0
15,338,4.0
15,339,4.0
15,340,5.0
15,341,5.0
15,342,3.0
15,343,5.0
15,344,3.0
15,345,4.0
15,346,10.0
15,347,4.0
15,348,4.0
15,349,3.0
15,350,5.0
15,351,4.0
15,352,3.0
15,353,3.0
15,354,4.0
15,355,3.0
15,356,3.0
15,357,2.0
15,358,6.0
15,359,3.0
15,360,4.0
15,361,3.0
15,362,2.0
15,363,4.0
15,364,5.0
15,365,5.0
15,366,3.0
15,367,3.0
15,368,5.0
15,369,4.0
15,370,5.0
15,371,3.0
15,372,3.0
15,373,4.0
15,374,3.0
15,375,2.0
15,376,8.0
15,377,6.0
16,17,5.0
16,18,5.0
16,19,6.0
16,20,3.0
16,21,4.0
16,22,4.0
16,23,4.0
16,24,4.0
16,25,5.0
16,26,4.0
16,27,5.0
16,28,5.0
16,29,7.0
16,30,4.0
16,31,3.0
16,32,4.0
16,33,3.0
16,34,4.0
16,35,5.0
16,36,5.0
16,37,6.0
16,38,4.0
16,39,8.0
16,40,7.0
16,41,6.0
16,42,6.0
16,43,5.0
16,44,2.0
16,45,7.0
16,46,7.0
16,47,4.0
16,48,5.0
16,49,4.0
16,50,7.0
16,51,7.0
16,52,4.0
16,53,5.0
16,54,6.0
16,55,6.0
16,56,6.0
16,57,4.0
16,58,8.0
16,59,4.0
16,60,5.0
16,61,4.0
16,62,4.0
16,63,4.0
16,64,3.0
16,65,4.0
16,66,4.0
16,67,5.0
16,68,3.0
16,69,3.0
16,70,3.0
16,71,3.0
16,72,5.0
16,73,7.0
16,74,4.0
16,75,3.0
16,76,5.0
16,77,3.0
16,78,5.0
16,79,5.0
16,80,5.0
16,81,4.0
16,82,3.0
16,83,5.0
16,84,5.0
16,85,5.0
16,86,6.0
16,87,3.0
16,88,4.0
16,89,6.0
16,90,7.0
16,91,2.0
16,92,5.0
16,93,5.0
16,94,6.0
16,95,5.0
16,96,4.0
16,97,4.0
16,98,4.0
16,99,7.0
16,100,3.0
16,101,6.0
16,102,3.0
16,103,5.0
16,104,3.0
16,105,5.0
16,106,5.0
16,107,4.0
16,108,4.0
16,109,5.0
16,110,6.0
16,111,3.0
16,112,4.0
16,113,3.0
16,114,5.0
16,115,5.0
16,116,5.0
16,117,7.0
16,118,5.0
16,119,4.0
16,120,7.0
16,121,5.0
16,122,4.0
16,123,5.0
16,124,9.0
16,125,9.0
16,126,4.0
16,127,4.0
16,128,4.0
16,129,4.0
16,130,4.0
16,131,4.0
16,132,4.0
16,133,4.0
16,134,4.0
16,135,4.0
16,136,6.0
16,137,6.0
16,138,6.0
16,139,4.0
16,140,3.0
16,141,3.0
16,142,3.0
16,143,4.0
16,144,4.0
16,145,5.0
16,146,3.0
16,147,7.0
16,148,7.0
16,149,3.0
16,150,3.0
16,151,3.0
16,152,5.0
16,153,5.0
16,154,4.0
16,155,5.0
16,156,5.0
16,157,5.0
16,158,5.0
16,159,6.0
16,160,4.0
16,161,6.0
16,162,8.0
16,163,5.0
16,164,5.0
16,165,2.0
16,166,8.0
16,167,5.0
16,168,7.0
16,169,6.0
16,170,5.0
16,171,7.0
16,172,5.0
16,173,3.0
16,174,8.0
16,175,9.0
16,176,6.0
16,177,4.0
16,178,4.0
16,179,8.0
16,180,4.0
16,181,4.0
16,182,4.0
16,183,5.0
16,184,6.0
16,185,9.0
16,186,7.0
16,187,7.0
16,188,4.0
16,189,6.0
16,190,4.0
16,191,4.0
16,192,4.0
16,193,6.0
16,194,5.0
16,195,7.0
16,196,4.0
16,197,4.0
16,198,4.0
16,199,4.0
16,200,4.0
16,201,4.0
16,202,8.0
16,203,9.0
16,204,7.0
16,205,7.0
16,206,5.0
16,207,4.0
16,208,5.0
16,209,5.0
16,210,8.0
16,211,7.0
16,212,8.0
16,213,6.0
16,214,6.0
16,215,4.0
16,216,5.0
16,217,7.0
16,218,6.0
16,219,3.0
16,220,4.0
16,221,3.0
16,222,4.0
16,223,8.0
16,224,5.0
16,225,4.0
16,226,6.0
16,227,4.0
16,228,5.0
16,229,6.0
16,230,4.0
16,231,4.0
16,232,5.0
16,233,5.0
16,234,4.0
16,235,6.0
16,236,5.0
16,237,4.0
16,238,4.0
16,239,6.0
16,240,7.0
16,241,7.0
16,242,6.0
16,243,8.0
16,244,4.0
16,245,10.0
16,246,4.0
16,247,4.0
16,248,3.0
16,249,4.0
16,250,4.0
16,251,5.0
16,252,7.0
16,253,5.0
16,254,3.0
16,255,4.0
16,256,4.0
16,257,4.0
16,258,5.0
16,259,6.0
16,260,4.0
16,261,7.0
16,262,3.0
16,263,6.0
16,264,7.0
16,265,6.0
16,266,8.0
16,267,4.0
16,268,4.0
16,269,5.0
16,270,5.0
16,271,6.0
16,272,5.0
16,273,5.0
16,274,4.0
16,275,5.0
16,276,4.0
16,277,4.0
16,278,3.0
16,279,4.0
16,280,8.0
16,281,6.0
16,282,6.0
16,283,4.0
16,284,5.0
16,285,4.0
16,286,3.0
16,287,7.0
16,288,4.0
16,289,5.0
16,290,6.0
16,291,5.0
16,292,6.0
16,293,6.0
16,294,5.0
16,295,6.0
16,296,6.0
16,297,4.0
16,298,4.0
16,299,7.0
16,300,3.0
16,301,3.0
16,302,4.0
16,303,4.0
16,304,5.0
16,305,6.0
16,306,4.0
16,307,4.0
16,308,6.0
16,309,3.0
16,310,5.0
16,311,7.0
16,312,6.0
16,313,7.0
16,314,5.0
16,315,4.0
16,316,4.0
16,317,3.0
16,318,4.0
16,319,3.0
16,320,4.0
16,321,3.0
16,322,4.0
16,323,5.0
16,324,5.0
16,325,2.0
16,326,4.0
16,327,6.0
16,328,4.0
16,329,5.0
16,330,3.0
16,331,8.0
16,332,6.0
16,333,5.0
16,334,5.0
16,335,5.0
16,336,4.0
16,337,5.0
16,338,4.0
16,339,8.0
16,340,8.0
16,341,6.0
16,342,6.0
16,343,4.0
16,344,5.0
16,345,9.0
16,346,4.0
16,347,4.0
16,348,4.0
16,349,3.0
16,350,8.0
16,351,5.0
16,352,7.0
16,353,4.0
16,354,5.0
16,355,5.0
16,356,3.0
16,357,6.0
16,358,4.0
16,359,9.0
16,360,4.0
16,361,5.0
16,362,3.0
16,363,6.0
16,364,5.0
16,365,7.0
16,366,5.0
16,367,5.0
16,368,5.0
16,369,5.0
16,370,4.0
16,371,6.0
16,372,4.0
16,373,5.0
16,374,4.0
16,375,4.0
16,376,3.0
16,377,4.0
17,18,6.0
17,19,6.0
17,20,2.0
17,21,3.0
17,22,5.0
17,23,5.0
17,24,4.0
17,25,6.0
17,26,3.0
17,27,3.0
17,28,3.0
17,29,5.0
17,30,4.0
17,31,2.0
17,32,3.0
17,33,4.0
17,34,3.0
17,35,6.0
17,36,8.0
17,37,3.0
17,38,6.0
17,39,2.0
17,40,3.0
17,41,4.0
17,42,5.0
17,43,4.0
17,44,4.0
17,45,4.0
17,46,4.0
17,47,8.0
17,48,6.0
17,49,5.0
17,50,4.0
17,51,4.0
17,52,8.0
17,53,5.0
17,54,3.0
17,55,3.0
17,56,6.0
17,57,5.0
17,58,4.0
17,59,3.0
17,60,3.0
17,61,4.0
17,62,5.0
17,63,2.0
17,64,4.0
17,65,3.0
17,66,3.0
17,67,7.0
17,68,2.0
17,69,5.0
17,70,5.0
17,71,2.0
17,72,5.0
17,73,3.0
17,74,3.0
17,75,4.0
17,76,4.0
17,77,4.0
17,78,3.0
17,79,3.0
17,80,3.0
17,81,3.0
17,82,3.0
17,83,5.0
17,84,5.0
17,85,5.0
17,86,4.0
17,87,3.0
17,88,6.0
17,89,5.0
17,90,4.0
17,91,4.0
17,92,4.0
17,93,6.0
17,94,4.0
17,95,5.0
17,96,3.0
17,97,6.0
17,98,3.0
17,99,5.0
17,100,1.0
17,101,5.0
17,102,1.0
17,103,4.0
17,104,5.0
17,105,4.0
17,106,4.0
17,107,3.0
17,108,6.0
17,109,5.0
17,110,4.0
17,111,2.0
17,112,5.0
17,113,2.0
17,114,5.0
17,115,5.0
17,116,5.0
17,117,4.0
17,118,5.0
17,119,6.0
17,120,4.0
17,121,5.0
17,122,6.0
17,123,5.0
17,124,6.0
17,125,6.0
17,126,3.0
17,127,3.0
17,128,7.0
17,129,3.0
17,130,3.0
17,131,3.0
17,132,5.0
17,133,5.0
17,134,5.0
17,135,5.0
17,136,4.0
17,137,4.0
17,138,4.0
17,139,6.0
17,140,4.0
17,141,5.0
17,142,5.0
17,143,3.0
17,144,3.0
17,145,4.0
17,146,3.0
17,147,4.0
17,148,4.0
17,149,3.0
17,150,5.0
17,151,5.0
17,152,5.0
17,153,3.0
17,154,3.0
17,155,3.0
17,156,6.0
17,157,6.0
17,158,6.0
17,159,5.0
17,160,6.0
17,161,4.0
17,162,6.0
17,163,6.0
17,164,5.0
17,165,2.0
17,166,5.0
17,167,6.0
17,168,3.0
17,169,4.0
17,170,6.0
17,171,5.0
17,172,6.0
17,173,3.0
17,174,4.0
17,175,6.0
17,176,6.0
17,177,6.0
17,178,6.0
17,179,4.0
17,180,5.0
17,181,5.0
17,182,5.0
17,183,5.0
17,184,1.0
17,185,6.0
17,186,6.0
17,187,6.0
17,188,4.0
17,189,5.0
17,190,6.0
17,191,6.0
17,192,6.0
17,193,5.0
17,194,6.0
17,195,8.0
17,196,3.0
17,197,3.0
17,198,3.0
17,199,4.0
17,200,4.0
17,201,4.0
17,202,3.0
17,203,5.0
17,204,8.0
17,205,8.0
17,206,3.0
17,207,9.0
17,208,6.0
17,209,3.0
17,210,4.0
17,211,5.0
17,212,5.0
17,213,4.0
17,214,5.0
17,215,3.0
17,216,3.0
17,217,5.0
17,218,6.0
17,219,5.0
17,220,5.0
17,221,4.0
17,222,3.0
17,223,4.0
17,224,6.0
17,225,3.0
17,226,4.0
17,227,3.0
17,228,6.0
17,229,5.0
17,230,5.0
17,231,3.0
17,232,4.0
17,233,2.0
17,234,5.0
17,235,5.0
17,236,5.0
17,237,5.0
17,238,5.0
17,239,6.0
17,240,5.0
17,241,4.0
17,242,5.0
17,243,6.0
17,244,5.0
17,245,4.0
17,246,4.0
17,247,4.0
17,248,4.0
17,249,5.0
17,250,6.0
17,251,6.0
17,252,5.0
17,253,9.0
17,254,4.0
17,255,2.0
17,256,6.0
17,257,4.0
17,258,5.0
17,259,5.0
17,260,3.0
17,261,3.0
17,262,6.0
17,263,4.0
17,264,5.0
17,265,6.0
17,266,4.0
17,267,4.0
17,268,5.0
17,269,5.0
17,270,6.0
17,271,5.0
17,272,4.0
17,273,9.0
17,274,5.0
17,275,6.0
17,276,3.0
17,277,5.0
17,278,6.0
17,279,7.0
17,280,4.0
17,281,6.0
17,282,7.0
17,283,3.0
17,284,3.0
17,285,7.0
17,286,4.0
17,287,5.0
17,288,3.0
17,289,7.0
17,290,4.0
17,291,6.0
17,292,5.0
17,293,6.0
17,294,6.0
17,295,4.0
17,296,6.0
17,297,6.0
17,298,6.0
17,299,4.0
17,300,6.0
17,301,5.0
17,302,3.0
17,303,3.0
17,304,4.0
17,305,6.0
17,306,6.0
17,307,5.0
17,308,3.0
17,309,4.0
17,310,3.0
17,311,5.0
17,312,5.0
17,313,2.0
17,314,3.0
17,315,5.0
17,316,5.0
17,317,3.0
17,318,9.0
17,319,6.0
17,320,5.0
17,321,3.0
17,322,5.0
17,323,3.0
17,324,4.0
17,325,4.0
17,326,3.0
17,327,5.0
17,328,5.0
17,329,5.0
17,330,3.0
17,331,4.0
17,332,4.0
17,333,4.0
17,334,5.0
17,335,5.0
17,336,5.0
17,337,3.0
17,338,6.0
17,339,4.0
17,340,8.0
17,341,6.0
17,342,5.0
17,343,5.0
17,344,4.0
17,345,3.0
17,346,5.0
17,347,6.0
17,348,6.0
17,349,6.0
17,350,3.0
17,351,6.0
17,352,3.0
17,353,4.0
17,354,3.0
17,355,4.0
17,356,4.0
17,357,2.0
17,358,7.0
17,359,3.0
17,360,2.0
17,361,4.0
17,362,4.0
17,363,3.0
17,364,7.0
17,365,5.0
17,366,4.0
17,367,3.0
17,368,5.0
17,369,5.0
17,370,5.0
17,371,4.0
17,372,3.0
17,373,6.0
17,374,2.0
17,375,2.0
17,376,6.0
17,377,6.0
18,19,6.0
18,20,4.0
18,21,3.0
18,22,9.0
18,23,9.0
18,24,6.0
18,25,7.0
18,26,5.0
18,27,4.0
18,28,4.0
18,29,6.0
18,30,6.0
18,31,4.0
18,32,5.0
18,33,3.0
18,34,5.0
18,35,6.0
18,36,5.0
18,37,5.0
18,38,7.0
18,39,3.0
18,40,4.0
18,41,8.0
18,42,6.0
18,43,4.0
18,44,3.0
18,45,7.0
18,46,7.0
18,47,7.0
18,48,6.0
18,49,5.0
18,50,7.0
18,51,7.0
18,52,7.0
18,53,9.0
18,54,5.0
18,55,5.0
18,56,6.0
18,57,8.0
18,58,4.0
18,59,5.0
18,60,5.0
18,61,4.0
18,62,7.0
18,63,4.0
18,64,5.0
18,65,5.0
18,66,5.0
18,67,5.0
18,68,3.0
18,69,4.0
18,70,4.0
18,71,3.0
18,72,8.0
18,73,4.0
18,74,5.0
18,75,4.0
18,76,4.0
18,77,4.0
18,78,3.0
18,79,3.0
18,80,4.0
18,81,3.0
18,82,5.0
18,83,5.0
18,84,5.0
18,85,5.0
18,86,5.0
18,87,5.0
18,88,6.0
18,89,6.0
18,90,5.0
18,91,4.0
18,92,4.0
18,93,5.0
18,94,7.0
18,95,5.0
18,96,9.0
18,97,7.0
18,98,9.0
18,99,6.0
18,100,3.0
18,101,4.0
18,102,3.0
18,103,4.0
18,104,6.0
18,105,6.0
18,106,6.0
18,107,5.0
18,108,7.0
18,109,4.0
18,110,3.0
18,111,3.0
18,112,5.0
18,113,3.0
18,114,5.0
18,115,5.0
18,116,5.0
18,117,6.0
18,118,5.0
18,119,6.0
18,120,6.0
18,121,5.0
18,122,6.0
18,123,7.0
18,124,5.0
18,125,5.0
18,126,6.0
18,127,6.0
18,128,6.0
18,129,6.0
18,130,6.0
18,131,6.0
18,132,5.0
18,133,5.0
18,134,5.0
18,135,5.0
18,136,7.0
18,137,7.0
18,138,7.0
18,139,5.0
18,140,4.0
18,141,4.0
18,142,5.0
18,143,5.0
18,144,5.0
18,145,5.0
18,146,3.0
18,147,6.0
18,148,6.0
18,149,3.0
18,150,7.0
18,151,7.0
18,152,5.0
18,153,5.0
18,154,3.0
18,155,5.0
18,156,5.0
18,157,7.0
18,158,7.0
18,159,5.0
18,160,6.0
18,161,7.0
18,162,7.0
18,163,7.0
18,164,4.0
18,165,3.0
18,166,6.0
18,167,7.0
18,168,4.0
18,169,4.0
18,170,7.0
18,171,5.0
18,172,7.0
18,173,5.0
18,174,4.0
18,175,5.0
18,176,6.0
18,177,5.0
18,178,5.0
18,179,4.0
18,180,4.0
18,181,4.0
18,182,5.0
18,183,4.0
18,184,3.0
18,185,6.0
18,186,6.0
18,187,6.0
18,188,4.0
18,189,7.0
18,190,5.0
18,191,5.0
18,192,5.0
18,193,4.0
18,194,7.0
18,195,4.0
18,196,3.0
18,197,3.0
18,198,3.0
18,199,6.0
18,200,6.0
18,201,6.0
18,202,3.0
18,203,7.0
18,204,4.0
18,205,4.0
18,206,4.0
18,207,5.0
18,208,7.0
18,209,5.0
18,210,3.0
18,211,5.0
18,212,5.0
18,213,4.0
18,214,7.0
18,215,4.0
18,216,4.0
18,217,6.0
18,218,6.0
18,219,6.0
18,220,5.0
18,221,6.0
18,222,4.0
18,223,5.0
18,224,7.0
18,225,5.0
18,226,5.0
18,227,2.0
18,228,5.0
18,229,4.0
18,230,4.0
18,231,5.0
18,232,5.0
18,233,2.0
18,234,5.0
18,235,6.0
18,236,6.0
18,237,6.0
18,238,5.0
18,239,6.0
18,240,5.0
18,241,3.0
18,242,6.0
18,243,5.0
18,244,6.0
18,245,5.0
18,246,4.0
18,247,5.0
18,248,3.0
18,249,5.0
18,250,5.0
18,251,5.0
18,252,6.0
18,253,4.0
18,254,3.0
18,255,2.0
18,256,9.0
18,257,6.0
18,258,4.0
18,259,4.0
18,260,4.0
18,261,3.0
18,262,6.0
18,263,8.0
18,264,5.0
18,265,6.0
18,266,6.0
18,267,5.0
18,268,5.0
18,269,4.0
18,270,7.0
18,271,4.0
18,272,3.0
18,273,7.0
18,274,5.0
18,275,7.0
18,276,5.0
18,277,4.0
18,278,4.0
18,279,7.0
18,280,3.0
18,281,6.0
18,282,6.0
18,283,2.0
18,284,4.0
18,285,5.0
18,286,3.0
18,287,6.0
18,288,3.0
18,289,6.0
18,290,8.0
18,291,6.0
18,292,6.0
18,293,7.0
18,294,7.0
18,295,4.0
18,296,6.0
18,297,6.0
18,298,7.0
18,299,5.0
18,300,6.0
18,301,6.0
18,302,5.0
18,303,4.0
18,304,4.0
18,305,6.0
18,306,6.0
18,307,4.0
18,308,5.0
18,309,5.0
18,310,3.0
18,311,5.0
18,312,4.0
18,313,3.0
18,314,4.0
18,315,5.0
18,316,5.0
18,317,4.0
18,318,5.0
18,319,5.0
18,320,4.0
18,321,4.0
18,322,5.0
18,323,5.0
18,324,3.0
18,325,3.0
18,326,2.0
18,327,4.0
18,328,6.0
18,329,3.0
18,330,4.0
18,331,4.0
18,332,5.0
18,333,4.0
18,334,5.0
18,335,4.0
18,336,9.0
18,337,4.0
18,338,5.0
18,339,5.0
18,340,7.0
18,341,6.0
18,342,6.0
18,343,6.0
18,344,6.0
18,345,4.0
18,346,5.0
18,347,3.0
18,348,5.0
18,349,4.0
18,350,6.0
18,351,7.0
18,352,4.0
18,353,7.0
18,354,4.0
18,355,6.0
18,356,3.0
18,357,3.0
18,358,5.0
18,359,5.0
18,360,4.0
18,361,4.0
18,362,3.0
18,363,5.0
18,364,7.0
18,365,6.0
18,366,3.0
18,367,4.0
18,368,6.0
18,369,5.0
18,370,5.0
18,371,4.0
18,372,4.0
18,373,7.0
18,374,3.0
18,375,5.0
18,376,6.0
18,377,4.0
19,20,5.0
19,21,5.0
19,22,6.0
19,23,6.0
19,24,5.0
19,25,8.0
19,26,6.0
19,27,5.0
19,28,5.0
19,29,6.0
19,30,6.0
19,31,5.0
19,32,6.0
19,33,3.0
19,34,6.0
19,35,6.0
19,36,6.0
19,37,6.0
19,38,7.0
19,39,6.0
19,40,5.0
19,41,7.0
19,42,9.0
19,43,7.0
19,44,4.0
19,45,8.0
19,46,8.0
19,47,6.0
19,48,5.0
19,49,4.0
19,50,8.0
19,51,8.0
19,52,6.0
19,53,5.0
19,54,6.0
19,55,6.0
19,56,7.0
19,57,5.0
19,58,7.0
19,59,5.0
19,60,4.0
19,61,5.0
19,62,7.0
19,63,3.0
19,64,5.0
19,65,4.0
19,66,4.0
19,67,6.0
19,68,3.0
19,69,4.0
19,70,4.0
19,71,3.0
19,72,6.0
19,73,6.0
19,74,4.0
19,75,5.0
19,76,6.0
19,77,5.0
19,78,3.0
19,79,3.0
19,80,5.0
19,81,4.0
19,82,5.0
19,83,5.0
19,84,5.0
19,85,5.0
19,86,5.0
19,87,5.0
19,88,5.0
19,89,9.0
19,90,7.0
19,91,4.0
19,92,4.0
19,93,5.0
19,94,7.0
19,95,5.0
19,96,6.0
19,97,5.0
19,98,6.0
19,99,5.0
19,100,3.0
19,101,4.0
19,102,3.0
19,103,7.0
19,104,6.0
19,105,5.0
19,106,5.0
19,107,6.0
19,108,7.0
19,109,6.0
19,110,5.0
19,111,3.0
19,112,4.0
19,113,3.0
19,114,5.0
19,115,5.0
19,116,5.0
19,117,5.0
19,118,6.0
19,119,4.0
19,120,5.0
19,121,6.0
19,122,4.0
19,123,6.0
19,124,6.0
19,125,6.0
19,126,4.0
19,127,4.0
19,128,7.0
19,129,4.0
19,130,4.0
19,131,4.0
19,132,6.0
19,133,6.0
19,134,6.0
19,135,6.0
19,136,5.0
19,137,5.0
19,138,5.0
19,139,5.0
19,140,4.0
19,141,4.0
19,142,5.0
19,143,6.0
19,144,6.0
19,145,4.0
19,146,4.0
19,147,7.0
19,148,7.0
19,149,4.0
19,150,5.0
19,151,5.0
19,152,6.0
19,153,8.0
19,154,4.0
19,155,6.0
19,156,5.0
19,157,8.0
19,158,8.0
19,159,5.0
19,160,7.0
19,161,5.0
19,162,5.0
19,163,8.0
19,164,8.0
19,165,3.0
19,166,6.0
19,167,8.0
19,168,6.0
19,169,5.0
19,170,8.0
19,171,7.0
19,172,8.0
19,173,6.0
19,174,5.0
19,175,6.0
19,176,7.0
19,177,4.0
19,178,4.0
19,179,7.0
19,180,4.0
19,181,4.0
19,182,4.0
19,183,6.0
19,184,5.0
19,185,7.0
19,186,5.0
19,187,5.0
19,188,5.0
19,189,11.0
19,190,8.0
19,191,8.0
19,192,8.0
19,193,7.0
19,194,8.0
19,195,5.0
19,196,5.0
19,197,5.0
19,198,5.0
19,199,4.0
19,200,4.0
19,201,4.0
19,202,7.0
19,203,8.0
19,204,5.0
19,205,5.0
19,206,6.0
19,207,5.0
19,208,8.0
19,209,5.0
19,210,5.0
19,211,7.0
19,212,5.0
19,213,7.0
19,214,9.0
19,215,6.0
19,216,5.0
19,217,10.0
19,218,7.0
19,219,5.0
19,220,5.0
19,221,5.0
19,222,4.0
19,223,6.0
19,224,5.0
19,225,4.0
19,226,7.0
19,227,3.0
19,228,9.0
19,229,4.0
19,230,3.0
19,231,5.0
19,232,6.0
19,233,5.0
19,234,6.0
19,235,6.0
19,236,5.0
19,237,6.0
19,238,6.0
19,239,5.0
19,240,7.0
19,241,5.0
19,242,6.0
19,243,6.0
19,244,6.0
19,245,7.0
19,246,5.0
19,247,6.0
19,248,5.0
19,249,6.0
19,250,5.0
19,251,9.0
19,252,5.0
19,253,7.0
19,254,3.0
19,255,5.0
19,256,7.0
19,257,6.0
19,258,6.0
19,259,4.0
19,260,5.0
19,261,4.0
19,262,6.0
19,263,6.0
19,264,7.0
19,265,7.0
19,266,5.0
19,267,6.0
19,268,5.0
19,269,9.0
19,270,8.0
19,271,4.0
19,272,4.0
19,273,7.0
19,274,5.0
19,275,5.0
19,276,5.0
19,277,5.0
19,278,4.0
19,279,5.0
19,280,5.0
19,281,7.0
19,282,9.0
19,283,4.0
19,284,6.0
19,285,4.0
19,286,4.0
19,287,8.0
19,288,4.0
19,289,8.0
19,290,7.0
19,291,8.0
19,292,6.0
19,293,9.0
19,294,8.0
19,295,7.0
19,296,11.0
19,297,5.0
19,298,8.0
19,299,6.0
19,300,6.0
19,301,6.0
19,302,5.0
19,303,5.0
19,304,7.0
19,305,7.0
19,306,7.0
19,307,5.0
19,308,6.0
19,309,5.0
19,310,3.0
19,311,7.0
19,312,4.0
19,313,5.0
19,314,5.0
19,315,5.0
19,316,6.0
19,317,3.0
19,318,5.0
19,319,6.0
19,320,5.0
19,321,4.0
19,322,5.0
19,323,5.0
19,324,4.0
19,325,4.0
19,326,3.0
19,327,4.0
19,328,6.0
19,329,5.0
19,330,4.0
19,331,5.0
19,332,7.0
19,333,7.0
19,334,5.0
19,335,8.0
19,336,7.0
19,337,5.0
19,338,8.0
19,339,6.0
19,340,6.0
19,341,7.0
19,342,6.0
19,343,6.0
19,344,5.0
19,345,6.0
19,346,6.0
19,347,5.0
19,348,5.0
19,349,4.0
19,350,8.0
19,351,5.0
19,352,5.0
19,353,3.0
19,354,6.0
19,355,5.0
19,356,4.0
19,357,5.0
19,358,7.0
19,359,6.0
19,360,5.0
19,361,5.0
19,362,3.0
19,363,5.0
19,364,8.0
19,365,8.0
19,366,4.0
19,367,5.0
19,368,4.0
19,369,6.0
19,370,6.0
19,371,7.0
19,372,5.0
19,373,8.0
19,374,4.0
19,375,5.0
19,376,6.0
19,377,5.0
20,21,4.0
20,22,4.0
20,23,4.0
20,24,3.0
20,25,4.0
20,26,4.0
20,27,4.0
20,28,4.0
20,29,4.0
20,30,4.0
20,31,8.0
20,32,4.0
20,33,2.0
20,34,4.0
20,35,4.0
20,36,4.0
20,37,4.0
20,38,4.0
20,39,3.0
20,40,3.0
20,41,5.0
20,42,4.0
20,43,3.0
20,44,1.0
20,45,3.0
20,46,3.0
20,47,3.0
20,48,5.0
20,49,3.0
20,50,3.0
20,51,3.0
20,52,3.0
20,53,5.0
20,54,5.0
20,55,5.0
20,56,5.0
20,57,3.0
20,58,4.0
20,59,4.0
20,60,4.0
20,61,4.0
20,62,4.0
20,63,3.0
20,64,4.0
20,65,4.0
20,66,4.0
20,67,3.0
20,68,2.0
20,69,2.0
20,70,2.0
20,71,2.0
20,72,3.0
20,73,4.0
20,74,4.0
20,75,3.0
20,76,3.0
20,77,4.0
20,78,2.0
20,79,2.0
20,80,4.0
20,81,4.0
20,82,4.0
20,83,6.0
20,84,6.0
20,85,6.0
20,86,3.0
20,87,4.0
20,88,3.0
20,89,5.0
20,90,4.0
20,91,3.0
20,92,4.0
20,93,2.0
20,94,6.0
20,95,4.0
20,96,4.0
20,97,4.0
20,98,4.0
20,99,4.0
20,100,3.0
20,101,4.0
20,102,3.0
20,103,3.0
20,104,4.0
20,105,4.0
20,106,4.0
20,107,4.0
20,108,6.0
20,109,3.0
20,110,3.0
20,111,3.0
20,112,3.0
20,113,3.0
20,114,6.0
20,115,6.0
20,116,6.0
20,117,3.0
20,118,4.0
20,119,4.0
20,120,3.0
20,121,4.0
20,122,4.0
20,123,4.0
20,124,4.0
20,125,4.0
20,126,5.0
20,127,5.0
20,128,3.0
20,129,5.0
20,130,5.0
20,131,5.0
20,132,3.0
20,133,3.0
20,134,3.0
20,135,3.0
20,136,4.0
20,137,4.0
20,138,4.0
20,139,4.0
20,140,2.0
20,141,2.0
20,142,3.0
20,143,4.0
20,144,4.0
20,145,2.0
20,146,2.0
20,147,5.0
20,148,5.0
20,149,2.0
20,150,3.0
20,151,3.0
20,152,4.0
20,153,5.0
20,154,3.0
20,155,3.0
20,156,4.0
20,157,4.0
20,158,4.0
20,159,4.0
20,160,4.0
20,161,3.0
20,162,4.0
20,163,4.0
20,164,4.0
20,165,2.0
20,166,3.0
20,167,4.0
20,168,3.0
20,169,4.0
20,170,4.0
20,171,4.0
20,172,4.0
20,173,3.0
20,174,4.0
20,175,4.0
20,176,4.0
20,177,4.0
20,178,4.0
20,179,5.0
20,180,3.0
20,181,3.0
20,182,3.0
20,183,4.0
20,184,3.0
20,185,4.0
20,186,4.0
20,187,4.0
20,188,4.0
20,189,5.0
20,190,4.0
20,191,4.0
20,192,4.0
20,193,4.0
20,194,4.0
20,195,3.0
20,196,2.0
20,197,2.0
20,198,2.0
20,199,3.0
20,200,3.0
20,201,3.0
20,202,3.0
20,203,5.0
20,204,3.0
20,205,3.0
20,206,4.0
20,207,2.0
20,208,4.0
20,209,4.0
20,210,3.0
20,211,4.0
20,212,3.0
20,213,5.0
20,214,4.0
20,215,4.0
20,216,3.0
20,217,5.0
20,218,4.0
20,219,3.0
20,220,4.0
20,221,4.0
20,222,4.0
20,223,4.0
20,224,2.0
20,225,4.0
20,226,4.0
20,227,2.0
20,228,4.0
20,229,3.0
20,230,1.0
20,231,4.0
20,232,4.0
20,233,3.0
20,234,4.0
20,235,4.0
20,236,4.0
20,237,4.0
20,238,4.0
20,239,5.0
20,240,4.0
20,241,3.0
20,242,4.0
20,243,6.0
20,244,3.0
20,245,4.0
20,246,4.0
20,247,5.0
20,248,2.0
20,249,4.0
20,250,2.0
20,251,4.0
20,252,4.0
20,253,3.0
20,254,2.0
20,255,2.0
20,256,3.0
20,257,3.0
20,258,4.0
20,259,3.0
20,260,4.0
20,261,3.0
20,262,3.0
20,263,3.0
20,264,4.0
20,265,4.0
20,266,3.0
20,267,5.0
20,268,4.0
20,269,4.0
20,270,4.0
20,271,3.0
20,272,3.0
20,273,5.0
20,274,3.0
20,275,2.0
20,276,4.0
20,277,4.0
20,278,3.0
20,279,2.0
20,280,3.0
20,281,4.0
20,282,4.0
20,283,4.0
20,284,4.0
20,285,3.0
20,286,3.0
20,287,4.0
20,288,2.0
20,289,4.0
20,290,4.0
20,291,6.0
20,292,4.0
20,293,3.0
20,294,4.0
20,295,5.0
20,296,5.0
20,297,3.0
20,298,2.0
20,299,4.0
20,300,4.0
20,301,4.0
20,302,4.0
20,303,4.0
20,304,3.0
20,305,4.0
20,306,5.0
20,307,4.0
20,308,4.0
20,309,3.0
20,310,2.0
20,311,4.0
20,312,3.0
20,313,3.0
20,314,4.0
20,315,3.0
20,316,4.0
20,317,3.0
20,318,2.0
20,319,3.0
20,320,4.0
20,321,2.0
20,322,4.0
20,323,4.0
20,324,3.0
20,325,1.0
20,326,2.0
20,327,3.0
20,328,3.0
20,329,4.0
20,330,2.0
20,331,3.0
20,332,2.0
20,333,3.0
20,334,3.0
20,335,4.0
20,336,4.0
20,337,4.0
20,338,4.0
20,339,5.0
20,340,4.0
20,341,4.0
20,342,4.0
20,343,3.0
20,344,4.0
20,345,4.0
20,346,4.0
20,347,3.0
20,348,2.0
20,349,3.0
20,350,4.0
20,351,2.0
20,352,4.0
20,353,3.0
20,354,4.0
20,355,3.0
20,356,3.0
20,357,2.0
20,358,3.0
20,359,4.0
20,360,4.0
20,361,4.0
20,362,4.0
20,363,4.0
20,364,4.0
20,365,4.0
20,366,3.0
20,367,4.0
20,368,3.0
20,369,3.0
20,370,3.0
20,371,5.0
20,372,4.0
20,373,4.0
20,374,4.0
20,375,5.0
20,376,3.0
20,377,4.0
21,22,3.0
21,23,3.0
21,24,4.0
21,25,4.0
21,26,3.0
21,27,4.0
21,28,4.0
21,29,3.0
21,30,3.0
21,31,4.0
21,32,3.0
21,33,2.0
21,34,3.0
21,35,4.0
21,36,5.0
21,37,2.0
21,38,3.0
21,39,5.0
21,40,4.0
21,41,4.0
21,42,4.0
21,43,4.0
21,44,3.0
21,45,3.0
21,46,3.0
21,47,3.0
21,48,5.0
21,49,3.0
21,50,3.0
21,51,3.0
21,52,3.0
21,53,5.0
21,54,4.0
21,55,4.0
21,56,5.0
21,57,3.0
21,58,4.0
21,59,3.0
21,60,3.0
21,61,3.0
21,62,5.0
21,63,3.0
21,64,3.0
21,65,3.0
21,66,3.0
21,67,2.0
21,68,4.0
21,69,2.0
21,70,2.0
21,71,2.0
21,72,4.0
21,73,4.0
21,74,3.0
21,75,4.0
21,76,2.0
21,77,2.0
21,78,2.0
21,79,2.0
21,80,4.0
21,81,7.0
21,82,4.0
21,83,4.0
21,84,4.0
21,85,4.0
21,86,4.0
21,87,4.0
21,88,3.0
21,89,4.0
21,90,4.0
21,91,4.0
21,92,3.0
21,93,3.0
21,94,4.0
21,95,4.0
21,96,4.0
21,97,3.0
21,98,4.0
21,99,5.0
21,100,4.0
21,101,3.0
21,102,4.0
21,103,6.0
21,104,4.0
21,105,4.0
21,106,4.0
21,107,3.0
21,108,5.0
21,109,5.0
21,110,4.0
21,111,2.0
21,112,4.0
21,113,2.0
21,114,4.0
21,115,4.0
21,116,4.0
21,117,2.0
21,118,2.0
21,119,4.0
21,120,2.0
21,121,2.0
21,122,4.0
21,123,2.0
21,124,4.0
21,125,4.0
21,126,2.0
21,127,2.0
21,128,3.0
21,129,2.0
21,130,2.0
21,131,2.0
21,132,4.0
21,133,4.0
21,134,4.0
21,135,4.0
21,136,3.0
21,137,3.0
21,138,3.0
21,139,3.0
21,140,8.0
21,141,2.0
21,142,3.0
21,143,3.0
21,144,3.0
21,145,3.0
21,146,5.0
21,147,4.0
21,148,4.0
21,149,5.0
21,150,2.0
21,151,2.0
21,152,5.0
21,153,5.0
21,154,7.0
21,155,2.0
21,156,5.0
21,157,4.0
21,158,4.0
21,159,4.0
21,160,5.0
21,161,4.0
21,162,4.0
21,163,4.0
21,164,5.0
21,165,4.0
21,166,3.0
21,167,4.0
21,168,3.0
21,169,4.0
21,170,4.0
21,171,3.0
21,172,4.0
21,173,3.0
21,174,5.0
21,175,4.0
21,176,3.0
21,177,3.0
21,178,3.0
21,179,4.0
21,180,3.0
21,181,3.0
21,182,4.0
21,183,4.0
21,184,4.0
21,185,3.0
21,186,4.0
21,187,4.0
21,188,3.0
21,189,5.0
21,190,4.0
21,191,4.0
21,192,4.0
21,193,4.0
21,194,4.0
21,195,6.0
21,196,3.0
21,197,3.0
21,198,3.0
21,199,4.0
21,200,4.0
21,201,4.0
21,202,3.0
21,203,4.0
21,204,6.0
21,205,6.0
21,206,3.0
21,207,4.0
21,208,4.0
21,209,4.0
21,210,4.0
21,211,3.0
21,212,2.0
21,213,4.0
21,214,3.0
21,215,6.0
21,216,4.0
21,217,7.0
21,218,3.0
21,219,4.0
21,220,5.0
21,221,4.0
21,222,5.0
21,223,3.0
21,224,2.0
21,225,3.0
21,226,4.0
21,227,4.0
21,228,3.0
21,229,4.0
21,230,3.0
21,231,3.0
21,232,3.0
21,233,3.0
21,234,4.0
21,235,3.0
21,236,3.0
21,237,3.0
21,238,4.0
21,239,4.0
21,240,3.0
21,241,3.0
21,242,3.0
21,243,6.0
21,244,3.0
21,245,4.0
21,246,3.0
21,247,3.0
21,248,5.0
21,249,4.0
21,250,2.0
21,251,3.0
21,252,5.0
21,253,6.0
21,254,4.0
21,255,2.0
21,256,3.0
21,257,1.0
21,258,3.0
21,259,4.0
21,260,5.0
21,261,3.0
21,262,3.0
21,263,2.0
21,264,3.0
21,265,3.0
21,266,3.0
21,267,3.0
21,268,5.0
21,269,4.0
21,270,4.0
21,271,4.0
21,272,3.0
21,273,4.0
21,274,2.0
21,275,2.0
21,276,3.0
21,277,4.0
21,278,4.0
21,279,3.0
21,280,4.0
21,281,3.0
21,282,4.0
21,283,3.0
21,284,3.0
21,285,3.0
21,286,7.0
21,287,5.0
21,288,3.0
21,289,4.0
21,290,4.0
21,291,6.0
21,292,3.0
21,293,4.0
21,294,4.0
21,295,4.0
21,296,5.0
21,297,3.0
21,298,3.0
21,299,4.0
21,300,6.0
21,301,5.0
21,302,5.0
21,303,3.0
21,304,6.0
21,305,3.0
21,306,4.0
21,307,4.0
21,308,2.0
21,309,4.0
21,310,2.0
21,311,3.0
21,312,4.0
21,313,3.0
21,314,4.0
21,315,2.0
21,316,4.0
21,317,3.0
21,318,4.0
21,319,2.0
21,320,4.0
21,321,2.0
21,322,5.0
21,323,2.0
21,324,3.0
21,325,3.0
21,326,4.0
21,327,4.0
21,328,3.0
21,329,8.0
21,330,2.0
21,331,3.0
21,332,2.0
21,333,6.0
21,334,4.0
21,335,5.0
21,336,3.0
21,337,4.0
21,338,3.0
21,339,3.0
21,340,4.0
21,341,3.0
21,342,3.0
21,343,3.0
21,344,4.0
21,345,3.0
21,346,4.0
21,347,3.0
21,348,2.0
21,349,4.0
21,350,5.0
21,351,2.0
21,352,3.0
21,353,3.0
21,354,3.0
21,355,3.0
21,356,7.0
21,357,2.0
21,358,3.0
21,359,4.0
21,360,4.0
21,361,4.0
21,362,2.0
21,363,4.0
21,364,4.0
21,365,5.0
21,366,3.0
21,367,4.0
21,368,5.0
21,369,4.0
21,370,3.0
21,371,4.0
21,372,5.0
21,373,4.0
21,374,5.0
21,375,2.0
21,376,3.0
21,377,4.0
22,23,17.0
22,24,7.0
22,25,6.0
22,26,5.0
22,27,3.0
22,28,3.0
22,29,7.0
22,30,3.0
22,31,4.0
22,32,5.0
22,33,3.0
22,34,5.0
22,35,6.0
22,36,3.0
22,37,7.0
22,38,5.0
22,39,5.0
22,40,5.0
22,41,6.0
22,42,8.0
22,43,7.0
22,44,2.0
22,45,6.0
22,46,6.0
22,47,6.0
22,48,7.0
22,49,4.0
22,50,6.0
22,51,6.0
22,52,6.0
22,53,5.0
22,54,4.0
22,55,4.0
22,56,6.0
22,57,8.0
22,58,5.0
22,59,4.0
22,60,6.0
22,61,2.0
22,62,8.0
22,63,4.0
22,64,4.0
22,65,6.0
22,66,6.0
22,67,5.0
22,68,3.0
22,69,5.0
22,70,5.0
22,71,4.0
22,72,8.0
22,73,4.0
22,74,6.0
22,75,4.0
22,76,8.0
22,77,3.0
22,78,4.0
22,79,4.0
22,80,4.0
22,81,3.0
22,82,5.0
22,83,7.0
22,84,7.0
22,85,7.0
22,86,6.0
22,87,5.0
22,88,6.0
22,89,7.0
22,90,6.0
22,91,2.0
22,92,5.0
22,93,4.0
22,94,8.0
22,95,3.0
22,96,7.0
22,97,8.0
22,98,7.0
22,99,6.0
22,100,3.0
22,101,5.0
22,102,3.0
22,103,5.0
22,104,6.0
22,105,4.0
22,106,4.0
22,107,5.0
22,108,9.0
22,109,5.0
22,110,3.0
22,111,4.0
22,112,5.0
22,113,4.0
22,114,7.0
22,115,7.0
22,116,7.0
22,117,4.0
22,118,6.0
22,119,5.0
22,120,4.0
22,121,6.0
22,122,5.0
22,123,5.0
22,124,6.0
22,125,6.0
22,126,5.0
22,127,5.0
22,128,8.0
22,129,5.0
22,130,5.0
22,131,5.0
22,132,6.0
22,133,6.0
22,134,6.0
22,135,6.0
22,136,6.0
22,137,6.0
22,138,6.0
22,139,7.0
22,140,4.0
22,141,5.0
22,142,5.0
22,143,5.0
22,144,5.0
22,145,6.0
22,146,4.0
22,147,7.0
22,148,7.0
22,149,4.0
22,150,6.0
22,151,6.0
22,152,5.0
22,153,4.0
22,154,4.0
22,155,5.0
22,156,5.0
22,157,6.0
22,158,6.0
22,159,7.0
22,160,5.0
22,161,3.0
22,162,7.0
22,163,6.0
22,164,3.0
22,165,4.0
22,166,7.0
22,167,6.0
22,168,5.0
22,169,3.0
22,170,6.0
22,171,6.0
22,172,6.0
22,173,5.0
22,174,6.0
22,175,6.0
22,176,7.0
22,177,4.0
22,178,4.0
22,179,5.0
22,180,5.0
22,181,5.0
22,182,6.0
22,183,6.0
22,184,4.0
22,185,8.0
22,186,6.0
22,187,6.0
22,188,2.0
22,189,9.0
22,190,6.0
22,191,6.0
22,192,6.0
22,193,5.0
22,194,6.0
22,195,6.0
22,196,5.0
22,197,5.0
22,198,5.0
22,199,4.0
22,200,4.0
22,201,4.0
22,202,5.0
22,203,9.0
22,204,6.0
22,205,6.0
22,206,6.0
22,207,3.0
22,208,6.0
22,209,4.0
22,210,4.0
22,211,6.0
22,212,5.0
22,213,4.0
22,214,6.0
22,215,4.0
22,216,4.0
22,217,6.0
22,218,7.0
22,219,4.0
22,220,5.0
22,221,4.0
22,222,4.0
22,223,5.0
22,224,5.0
22,225,6.0
22,226,6.0
22,227,1.0
22,228,6.0
22,229,5.0
22,230,3.0
22,231,4.0
22,232,5.0
22,233,5.0
22,234,5.0
22,235,8.0
22,236,7.0
22,237,7.0
22,238,5.0
22,239,7.0
22,240,6.0
22,241,4.0
22,242,8.0
22,243,6.0
22,244,4.0
22,245,5.0
22,246,3.0
22,247,5.0
22,248,3.0
22,249,6.0
22,250,3.0
22,251,6.0
22,252,6.0
22,253,4.0
22,254,4.0
22,255,4.0
22,256,6.0
22,257,7.0
22,258,6.0
22,259,5.0
22,260,3.0
22,261,4.0
22,262,7.0
22,263,10.0
22,264,6.0
22,265,7.0
22,266,5.0
22,267,5.0
22,268,5.0
22,269,7.0
22,270,6.0
22,271,5.0
22,272,3.0
22,273,7.0
22,274,2.0
22,275,5.0
22,276,4.0
22,277,4.0
22,278,4.0
22,279,4.0
22,280,4.0
22,281,7.0
22,282,8.0
22,283,4.0
22,284,5.0
22,285,3.0
22,286,4.0
22,287,9.0
22,288,5.0
22,289,6.0
22,290,6.0
22,291,7.0
22,292,8.0
22,293,9.0
22,294,6.0
22,295,4.0
22,296,6.0
22,297,7.0
22,298,6.0
22,299,6.0
22,300,5.0
22,301,5.0
22,302,7.0
22,303,5.0
22,304,5.0
22,305,7.0
22,306,6.0
22,307,4.0
22,308,7.0
22,309,6.0
22,310,4.0
22,311,6.0
22,312,5.0
22,313,4.0
22,314,3.0
22,315,2.0
22,316,6.0
22,317,4.0
22,318,3.0
22,319,6.0
22,320,4.0
22,321,4.0
22,322,5.0
22,323,7.0
22,324,3.0
22,325,2.0
22,326,1.0
22,327,5.0
22,328,4.0
22,329,3.0
22,330,5.0
22,331,4.0
22,332,6.0
22,333,5.0
22,334,5.0
22,335,5.0
22,336,10.0
22,337,3.0
22,338,4.0
22,339,7.0
22,340,7.0
22,341,7.0
22,342,8.0
22,343,4.0
22,344,4.0
22,345,5.0
22,346,7.0
22,347,1.0
22,348,3.0
22,349,4.0
22,350,7.0
22,351,5.0
22,352,5.0
22,353,5.0
22,354,5.0
22,355,7.0
22,356,4.0
22,357,5.0
22,358,5.0
22,359,5.0
22,360,8.0
22,361,4.0
22,362,6.0
22,363,5.0
22,364,10.0
22,365,9.0
22,366,3.0
22,367,3.0
22,368,3.0
22,369,5.0
22,370,4.0
22,371,4.0
22,372,3.0
22,373,6.0
22,374,4.0
22,375,6.0
22,376,7.0
22,377,6.0
23,24,7.0
23,25,6.0
23,26,5.0
23,27,3.0
23,28,3.0
23,29,7.0
23,30,3.0
23,31,4.0
23,32,5.0
23,33,3.0
23,34,5.0
23,35,6.0
23,36,3.0
23,37,7.0
23,38,5.0
23,39,5.0
23,40,5.0
23,41,6.0
23,42,8.0
23,43,7.0
23,44,2.0
23,45,6.0
23,46,6.0
23,47,6.0
23,48,7.0
23,49,4.0
23,50,6.0
23,51,6.0
23,52,6.0
23,53,5.0
23,54,4.0
23,55,4.0
23,56,6.0
23,57,8.0
23,58,5.0
23,59,4.0
23,60,6.0
23,61,2.0
23,62,8.0
23,63,4.0
23,64,4.0
23,65,6.0
23,66,6.0
23,67,5.0
23,68,3.0
23,69,5.0
23,70,5.0
23,71,4.0
23,72,8.0
23,73,4.0
23,74,6.0
23,75,4.0
23,76,8.0
23,77,3.0
23,78,4.0
23,79,4.0
23,80,4.0
23,81,3.0
23,82,5.0
23,83,7.0
23,84,7.0
23,85,7.0
23,86,6.0
23,87,5.0
23,88,6.0
23,89,7.0
23,90,6.0
23,91,2.0
23,92,5.0
23,93,4.0
23,94,8.0
23,95,3.0
23,96,7.0
23,97,8.0
23,98,7.0
23,99,6.0
23,100,3.0
23,101,5.0
23,102,3.0
23,103,5.0
23,104,6.0
23,105,4.0
23,106,4.0
23,107,5.0
23,108,9.0
23,109,5.0
23,110,3.0
23,111,4.0
23,112,5.0
23,113,4.0
23,114,7.0
23,115,7.0
23,116,7.0
23,117,4.0
23,118,6.0
23,119,5.0
23,120,4.0
23,121,6.0
23,122,5.0
23,123,5.0
23,124,6.0
23,125,6.0
23,126,5.0
23,127,5.0
23,128,8.0
23,129,5.0
23,130,5.0
23,131,5.0
23,132,6.0
23,133,6.0
23,134,6.0
23,135,6.0
23,136,6.0
23,137,6.0
23,138,6.0
23,139,7.0
23,140,4.0
23,141,5.0
23,142,5.0
23,143,5.0
23,144,5.0
23,145,6.0
23,146,4.0
23,147,7.0
23,148,7.0
23,149,4.0
23,150,6.0
23,151,6.0
23,152,5.0
23,153,4.0
23,154,4.0
23,155,5.0
23,156,5.0
23,157,6.0
23,158,6.0
23,159,7.0
23,160,5.0
23,161,3.0
23,162,7.0
23,163,6.0
23,164,3.0
23,165,4.0
23,166,7.0
23,167,6.0
23,168,5.0
23,169,3.0
23,170,6.0
23,171,6.0
23,172,6.0
23,173,5.0
23,174,6.0
23,175,6.0
23,176,7.0
23,177,4.0
23,178,4.0
23,179,5.0
23,180,5.0
23,181,5.0
23,182,6.0
23,183,6.0
23,184,4.0
23,185,8.0
23,186,6.0
23,187,6.0
23,188,2.0
23,189,9.0
23,190,6.0
23,191,6.0
23,192,6.0
23,193,5.0
23,194,6.0
23,195,6.0
23,196,5.0
23,197,5.0
23,198,5.0
23,199,4.0
23,200,4.0
23,201,4.0
23,202,5.0
23,203,9.0
23,204,6.0
23,205,6.0
23,206,6.0
23,207,3.0
23,208,6.0
23,209,4.0
23,210,4.0
23,211,6.0
23,212,5.0
23,213,4.0
23,214,6.0
23,215,4.0
23,216,4.0
23,217,6.0
23,218,7.0
23,219,4.0
23,220,5.0
23,221,4.0
23,222,4.0
23,223,5.0
23,224,5.0
23,225,6.0
23,226,6.0
23,227,1.0
23,228,6.0
23,229,5.0
23,230,3.0
23,231,4.0
23,232,5.0
23,233,5.0
23,234,5.0
23,235,8.0
23,236,7.0
23,237,7.0
23,238,5.0
23,239,7.0
23,240,6.0
23,241,4.0
23,242,8.0
23,243,6.0
23,244,4.0
23,245,5.0
23,246,3.0
23,247,5.0
23,248,3.0
23,249,6.0
23,250,3.0
23,251,6.0
23,252,6.0
23,253,4.0
23,254,4.0
23,255,4.0
23,256,6.0
23,257,7.0
23,258,6.0
23,259,5.0
23,260,3.0
23,261,4.0
23,262,7.0
23,263,10.0
23,264,6.0
23,265,7.0
23,266,5.0
23,267,5.0
23,268,5.0
23,269,7.0
23,270,6.0
23,271,5.0
23,272,3.0
23,273,7.0
23,274,2.0
23,275,5.0
23,276,4.0
23,277,4.0
23,278,4.0
23,279,4.0
23,280,4.0
23,281,7.0
23,282,8.0
23,283,4.0
23,284,5.0
23,285,3.0
23,286,4.0
23,287,9.0
23,288,5.0
23,289,6.0
23,290,6.0
23,291,7.0
23,292,8.0
23,293,9.0
23,294,6.0
23,295,4.0
23,296,6.0
23,297,7.0
23,298,6.0
23,299,6.0
23,300,5.0
23,301,5.0
23,302,7.0
23,303,5.0
23,304,5.0
23,305,7.0
23,306,6.0
23,307,4.0
23,308,7.0
23,309,6.0
23,310,4.0
23,311,6.0
23,312,5.0
23,313,4.0
23,314,3.0
23,315,2.0
23,316,6.0
23,317,4.0
23,318,3.0
23,319,6.0
23,320,4.0
23,321,4.0
23,322,5.0
23,323,7.0
23,324,3.0
23,325,2.0
23,326,1.0
23,327,5.0
23,328,4.0
23,329,3.0
23,330,5.0
23,331,4.0
23,332,6.0
23,333,5.0
23,334,5.0
23,335,5.0
23,336,10.0
23,337,3.0
23,338,4.0
23,339,7.0
23,340,7.0
23,341,7.0
23,342,8.0
23,343,4.0
23,344,4.0
23,345,5.0
23,346,7.0
23,347,1.0
23,348,3.0
23,349,4.0
23,350,7.0
23,351,5.0
23,352,5.0
23,353,5.0
23,354,5.0
23,355,7.0
23,356,4.0
23,357,5.0
23,358,5.0
23,359,5.0
23,360,8.0
23,361,4.0
23,362,6.0
23,363,5.0
23,364,10.0
23,365,9.0
23,366,3.0
23,367,3.0
23,368,3.0
23,369,5.0
23,370,4.0
23,371,4.0
23,372,3.0
23,373,6.0
23,374,4.0
23,375,6.0
23,376,7.0
23,377,6.0
24,25,4.0
24,26,4.0
24,27,3.0
24,28,3.0
24,29,6.0
24,30,4.0
24,31,3.0
24,32,4.0
24,33,3.0
24,34,4.0
24,35,5.0
24,36,5.0
24,37,5.0
24,38,3.0
24,39,3.0
24,40,3.0
24,41,8.0
24,42,7.0
24,43,5.0
24,44,1.0
24,45,5.0
24,46,5.0
24,47,4.0
24,48,7.0
24,49,1.0
24,50,5.0
24,51,5.0
24,52,4.0
24,53,6.0
24,54,4.0
24,55,4.0
24,56,6.0
24,57,6.0
24,58,4.0
24,59,4.0
24,60,5.0
24,61,1.0
24,62,5.0
24,63,4.0
24,64,4.0
24,65,4.0
24,66,4.0
24,67,4.0
24,68,2.0
24,69,3.0
24,70,3.0
24,71,2.0
24,72,7.0
24,73,3.0
24,74,5.0
24,75,4.0
24,76,5.0
24,77,2.0
24,78,2.0
24,79,2.0
24,80,2.0
24,81,4.0
24,82,4.0
24,83,5.0
24,84,5.0
24,85,5.0
24,86,5.0
24,87,4.0
24,88,5.0
24,89,6.0
24,90,4.0
24,91,4.0
24,92,6.0
24,93,4.0
24,94,6.0
24,95,4.0
24,96,5.0
24,97,4.0
24,98,5.0
24,99,5.0
24,100,2.0
24,101,3.0
24,102,2.0
24,103,5.0
24,104,5.0
24,105,4.0
24,106,4.0
24,107,4.0
24,108,6.0
24,109,5.0
24,110,3.0
24,111,3.0
24,112,5.0
24,113,3.0
24,114,5.0
24,115,5.0
24,116,5.0
24,117,5.0
24,118,5.0
24,119,6.0
24,120,5.0
24,121,5.0
24,122,6.0
24,123,5.0
24,124,5.0
24,125,5.0
24,126,4.0
24,127,4.0
24,128,5.0
24,129,4.0
24,130,4.0
24,131,4.0
24,132,4.0
24,133,4.0
24,134,4.0
24,135,4.0
24,136,4.0
24,137,4.0
24,138,4.0
24,139,6.0
24,140,3.0
24,141,3.0
24,142,3.0
24,143,4.0
24,144,4.0
24,145,4.0
24,146,3.0
24,147,6.0
24,148,6.0
24,149,3.0
24,150,4.0
24,151,4.0
24,152,4.0
24,153,5.0
24,154,4.0
24,155,5.0
24,156,6.0
24,157,4.0
24,158,4.0
24,159,4.0
24,160,4.0
24,161,4.0
24,162,6.0
24,163,4.0
24,164,5.0
24,165,3.0
24,166,5.0
24,167,4.0
24,168,3.0
24,169,2.0
24,170,4.0
24,171,6.0
24,172,4.0
24,173,3.0
24,174,3.0
24,175,5.0
24,176,6.0
24,177,5.0
24,178,5.0
24,179,5.0
24,180,4.0
24,181,4.0
24,182,6.0
24,183,6.0
24,184,3.0
24,185,7.0
24,186,5.0
24,187,5.0
24,188,1.0
24,189,6.0
24,190,5.0
24,191,5.0
24,192,5.0
24,193,5.0
24,194,4.0
24,195,5.0
24,196,5.0
24,197,5.0
24,198,5.0
24,199,5.0
24,200,5.0
24,201,5.0
24,202,3.0
24,203,7.0
24,204,5.0
24,205,5.0
24,206,5.0
24,207,4.0
24,208,4.0
24,209,3.0
24,210,3.0
24,211,6.0
24,212,5.0
24,213,4.0
24,214,6.0
24,215,3.0
24,216,3.0
24,217,7.0
24,218,6.0
24,219,4.0
24,220,6.0
24,221,4.0
24,222,4.0
24,223,5.0
24,224,5.0
24,225,4.0
24,226,5.0
24,227,2.0
24,228,4.0
24,229,4.0
24,230,3.0
24,231,4.0
24,232,5.0
24,233,4.0
24,234,5.0
24,235,6.0
24,236,7.0
24,237,4.0
24,238,5.0
24,239,5.0
24,240,6.0
24,241,3.0
24,242,6.0
24,243,4.0
24,244,3.0
24,245,5.0
24,246,2.0
24,247,3.0
24,248,2.0
24,249,3.0
24,250,3.0
24,251,4.0
24,252,5.0
24,253,4.0
24,254,5.0
24,255,4.0
24,256,5.0
24,257,6.0
24,258,3.0
24,259,4.0
24,260,3.0
24,261,2.0
24,262,4.0
24,263,6.0
24,264,6.0
24,265,6.0
24,266,4.0
24,267,3.0
24,268,6.0
24,269,4.0
24,270,4.0
24,271,4.0
24,272,2.0
24,273,5.0
24,274,2.0
24,275,5.0
24,276,4.0
24,277,3.0
24,278,4.0
24,279,4.0
24,280,3.0
24,281,6.0
24,282,6.0
24,283,3.0
24,284,5.0
24,285,2.0
24,286,3.0
24,287,7.0
24,288,3.0
24,289,4.0
24,290,5.0
24,291,6.0
24,292,6.0
24,293,6.0
24,294,4.0
24,295,4.0
24,296,6.0
24,297,8.0
24,298,5.0
24,299,5.0
24,300,4.0
24,301,4.0
24,302,4.0
24,303,4.0
24,304,5.0
24,305,6.0
24,306,5.0
24,307,3.0
24,308,5.0
24,309,5.0
24,310,2.0
24,311,6.0
24,312,4.0
24,313,3.0
24,314,3.0
24,315,2.0
24,316,3.0
24,317,4.0
24,318,4.0
24,319,3.0
24,320,3.0
24,321,3.0
24,322,6.0
24,323,5.0
24,324,2.0
24,325,1.0
24,326,2.0
24,327,4.0
24,328,3.0
24,329,5.0
24,330,2.0
24,331,4.0
24,332,5.0
24,333,5.0
24,334,4.0
24,335,5.0
24,336,7.0
24,337,3.0
24,338,3.0
24,339,7.0
24,340,7.0
24,341,6.0
24,342,6.0
24,343,3.0
24,344,4.0
24,345,5.0
24,346,4.0
24,347,2.0
24,348,3.0
24,349,4.0
24,350,5.0
24,351,5.0
24,352,4.0
24,353,4.0
24,354,5.0
24,355,4.0
24,356,3.0
24,357,3.0
24,358,3.0
24,359,4.0
24,360,5.0
24,361,3.0
24,362,4.0
24,363,6.0
24,364,8.0
24,365,7.0
24,366,2.0
24,367,3.0
24,368,4.0
24,369,4.0
24,370,5.0
24,371,4.0
24,372,3.0
24,373,4.0
24,374,2.0
24,375,4.0
24,376,4.0
24,377,4.0
25,26,6.0
25,27,4.0
25,28,4.0
25,29,8.0
25,30,6.0
25,31,4.0
25,32,6.0
25,33,5.0
25,34,6.0
25,35,6.0
25,36,5.0
25,37,5.0
25,38,5.0
25,39,4.0
25,40,3.0
25,41,6.0
25,42,8.0
25,43,7.0
25,44,4.0
25,45,6.0
25,46,6.0
25,47,6.0
25,48,5.0
25,49,5.0
25,50,6.0
25,51,6.0
25,52,6.0
25,53,6.0
25,54,5.0
25,55,5.0
25,56,5.0
25,57,7.0
25,58,4.0
25,59,5.0
25,60,3.0
25,61,5.0
25,62,7.0
25,63,6.0
25,64,6.0
25,65,4.0
25,66,4.0
25,67,6.0
25,68,3.0
25,69,5.0
25,70,5.0
25,71,3.0
25,72,6.0
25,73,4.0
25,74,4.0
25,75,5.0
25,76,5.0
25,77,5.0
25,78,3.0
25,79,3.0
25,80,4.0
25,81,3.0
25,82,5.0
25,83,4.0
25,84,4.0
25,85,4.0
25,86,4.0
25,87,5.0
25,88,6.0
25,89,7.0
25,90,7.0
25,91,5.0
25,92,3.0
25,93,5.0
25,94,5.0
25,95,7.0
25,96,7.0
25,97,6.0
25,98,7.0
25,99,6.0
25,100,3.0
25,101,4.0
25,102,3.0
25,103,6.0
25,104,7.0
25,105,6.0
25,106,6.0
25,107,6.0
25,108,7.0
25,109,6.0
25,110,5.0
25,111,4.0
25,112,5.0
25,113,4.0
25,114,4.0
25,115,4.0
25,116,4.0
25,117,5.0
25,118,5.0
25,119,5.0
25,120,5.0
25,121,5.0
25,122,5.0
25,123,7.0
25,124,6.0
25,125,6.0
25,126,4.0
25,127,4.0
25,128,6.0
25,129,4.0
25,130,4.0
25,131,4.0
25,132,5.0
25,133,5.0
25,134,5.0
25,135,5.0
25,136,7.0
25,137,7.0
25,138,7.0
25,139,6.0
25,140,4.0
25,141,5.0
25,142,5.0
25,143,6.0
25,144,6.0
25,145,5.0
25,146,4.0
25,147,6.0
25,148,6.0
25,149,4.0
25,150,7.0
25,151,7.0
25,152,6.0
25,153,6.0
25,154,4.0
25,155,4.0
25,156,7.0
25,157,18.0
25,158,18.0
25,159,6.0
25,160,6.0
25,161,5.0
25,162,8.0
25,163,18.0
25,164,6.0
25,165,3.0
25,166,6.0
25,167,18.0
25,168,4.0
25,169,4.0
25,170,18.0
25,171,5.0
25,172,18.0
25,173,6.0
25,174,6.0
25,175,6.0
25,176,6.0
25,177,5.0
25,178,5.0
25,179,6.0
25,180,5.0
25,181,5.0
25,182,5.0
25,183,5.0
25,184,4.0
25,185,7.0
25,186,6.0
25,187,6.0
25,188,5.0
25,189,7.0
25,190,7.0
25,191,7.0
25,192,7.0
25,193,6.0
25,194,18.0
25,195,5.0
25,196,3.0
25,197,3.0
25,198,3.0
25,199,5.0
25,200,5.0
25,201,5.0
25,202,4.0
25,203,6.0
25,204,5.0
25,205,5.0
25,206,5.0
25,207,6.0
25,208,18.0
25,209,6.0
25,210,4.0
25,211,5.0
25,212,4.0
25,213,5.0
25,214,6.0
25,215,8.0
25,216,6.0
25,217,6.0
25,218,6.0
25,219,4.0
25,220,6.0
25,221,6.0
25,222,3.0
25,223,6.0
25,224,6.0
25,225,4.0
25,226,5.0
25,227,4.0
25,228,7.0
25,229,4.0
25,230,5.0
25,231,5.0
25,232,4.0
25,233,3.0
25,234,7.0
25,235,6.0
25,236,7.0
25,237,5.0
25,238,7.0
25,239,5.0
25,240,5.0
25,241,4.0
25,242,6.0
25,243,6.0
25,244,6.0
25,245,7.0
25,246,5.0
25,247,6.0
25,248,4.0
25,249,4.0
25,250,5.0
25,251,7.0
25,252,6.0
25,253,8.0
25,254,3.0
25,255,2.0
25,256,8.0
25,257,5.0
25,258,6.0
25,259,4.0
25,260,5.0
25,261,4.0
25,262,6.0
25,263,6.0
25,264,5.0
25,265,6.0
25,266,5.0
25,267,6.0
25,268,6.0
25,269,6.0
25,270,18.0
25,271,4.0
25,272,5.0
25,273,8.0
25,274,6.0
25,275,6.0
25,276,5.0
25,277,5.0
25,278,5.0
25,279,6.0
25,280,4.0
25,281,6.0
25,282,6.0
25,283,5.0
25,284,5.0
25,285,5.0
25,286,5.0
25,287,7.0
25,288,5.0
25,289,6.0
25,290,9.0
25,291,7.0
25,292,6.0
25,293,8.0
25,294,18.0
25,295,5.0
25,296,7.0
25,297,6.0
25,298,6.0
25,299,5.0
25,300,6.0
25,301,7.0
25,302,5.0
25,303,6.0
25,304,6.0
25,305,6.0
25,306,8.0
25,307,5.0
25,308,5.0
25,309,6.0
25,310,3.0
25,311,5.0
25,312,4.0
25,313,4.0
25,314,4.0
25,315,6.0
25,316,4.0
25,317,5.0
25,318,6.0
25,319,5.0
25,320,5.0
25,321,4.0
25,322,6.0
25,323,4.0
25,324,5.0
25,325,4.0
25,326,4.0
25,327,4.0
25,328,6.0
25,329,6.0
25,330,4.0
25,331,4.0
25,332,5.0
25,333,6.0
25,334,7.0
25,335,6.0
25,336,7.0
25,337,4.0
25,338,7.0
25,339,6.0
25,340,8.0
25,341,6.0
25,342,6.0
25,343,6.0
25,344,6.0
25,345,4.0
25,346,5.0
25,347,4.0
25,348,5.0
25,349,5.0
25,350,6.0
25,351,6.0
25,352,4.0
25,353,4.0
25,354,5.0
25,355,6.0
25,356,5.0
25,357,3.0
25,358,6.0
25,359,5.0
25,360,5.0
25,361,5.0
25,362,3.0
25,363,8.0
25,364,7.0
25,365,7.0
25,366,5.0
25,367,4.0
25,368,5.0
25,369,7.0
25,370,5.0
25,371,5.0
25,372,5.0
25,373,18.0
25,374,4.0
25,375,4.0
25,376,6.0
25,377,6.0
26,27,4.0
26,28,4.0
26,29,3.0
26,30,4.0
26,31,4.0
26,32,9.0
26,33,4.0
26,34,9.0
26,35,6.0
26,36,5.0
26,37,6.0
26,38,5.0
26,39,4.0
26,40,3.0
26,41,4.0
26,42,7.0
26,43,5.0
26,44,1.0
26,45,5.0
26,46,5.0
26,47,4.0
26,48,5.0
26,49,3.0
26,50,5.0
26,51,5.0
26,52,4.0
26,53,4.0
26,54,4.0
26,55,4.0
26,56,4.0
26,57,3.0
26,58,3.0
26,59,8.0
26,60,4.0
26,61,3.0
26,62,5.0
26,63,4.0
26,64,5.0
26,65,6.0
26,66,6.0
26,67,4.0
26,68,3.0
26,69,4.0
26,70,4.0
26,71,3.0
26,72,5.0
26,73,4.0
26,74,4.0
26,75,5.0
26,76,5.0
26,77,4.0
26,78,3.0
26,79,3.0
26,80,4.0
26,81,3.0
26,82,5.0
26,83,5.0
26,84,5.0
26,85,5.0
26,86,6.0
26,87,5.0
26,88,4.0
26,89,7.0
26,90,4.0
26,91,3.0
26,92,5.0
26,93,2.0
26,94,4.0
26,95,4.0
26,96,5.0
26,97,5.0
26,98,5.0
26,99,4.0
26,100,2.0
26,101,3.0
26,102,2.0
26,103,4.0
26,104,5.0
26,105,3.0
26,106,3.0
26,107,9.0
26,108,5.0
26,109,5.0
26,110,3.0
26,111,3.0
26,112,5.0
26,113,3.0
26,114,5.0
26,115,5.0
26,116,5.0
26,117,4.0
26,118,5.0
26,119,3.0
26,120,4.0
26,121,5.0
26,122,3.0
26,123,5.0
26,124,5.0
26,125,5.0
26,126,4.0
26,127,4.0
26,128,5.0
26,129,4.0
26,130,4.0
26,131,4.0
26,132,3.0
26,133,3.0
26,134,3.0
26,135,3.0
26,136,4.0
26,137,4.0
26,138,4.0
26,139,6.0
26,140,3.0
26,141,4.0
26,142,4.0
26,143,9.0
26,144,9.0
26,145,4.0
26,146,4.0
26,147,6.0
26,148,6.0
26,149,4.0
26,150,3.0
26,151,3.0
26,152,4.0
26,153,4.0
26,154,3.0
26,155,3.0
26,156,6.0
26,157,6.0
26,158,6.0
26,159,3.0
26,160,5.0
26,161,4.0
26,162,4.0
26,163,6.0
26,164,4.0
26,165,1.0
26,166,5.0
26,167,6.0
26,168,4.0
26,169,4.0
26,170,6.0
26,171,6.0
26,172,6.0
26,173,4.0
26,174,4.0
26,175,5.0
26,176,7.0
26,177,4.0
26,178,4.0
26,179,6.0
26,180,4.0
26,181,4.0
26,182,6.0
26,183,6.0
26,184,4.0
26,185,5.0
26,186,4.0
26,187,4.0
26,188,3.0
26,189,6.0
26,190,6.0
26,191,6.0
26,192,6.0
26,193,6.0
26,194,6.0
26,195,6.0
26,196,4.0
26,197,4.0
26,198,4.0
26,199,4.0
26,200,4.0
26,201,4.0
26,202,4.0
26,203,5.0
26,204,6.0
26,205,6.0
26,206,7.0
26,207,3.0
26,208,6.0
26,209,3.0
26,210,4.0
26,211,6.0
26,212,3.0
26,213,4.0
26,214,6.0
26,215,4.0
26,216,3.0
26,217,6.0
26,218,7.0
26,219,3.0
26,220,6.0
26,221,5.0
26,222,3.0
26,223,6.0
26,224,3.0
26,225,6.0
26,226,6.0
26,227,2.0
26,228,5.0
26,229,2.0
26,230,1.0
26,231,8.0
26,232,3.0
26,233,4.0
26,234,6.0
26,235,5.0
26,236,5.0
26,237,3.0
26,238,6.0
26,239,6.0
26,240,6.0
26,241,4.0
26,242,5.0
26,243,4.0
26,244,5.0
26,245,7.0
26,246,4.0
26,247,4.0
26,248,2.0
26,249,4.0
26,250,3.0
26,251,5.0
26,252,4.0
26,253,4.0
26,254,2.0
26,255,4.0
26,256,4.0
26,257,4.0
26,258,5.0
26,259,2.0
26,260,4.0
26,261,4.0
26,262,4.0
26,263,5.0
26,264,6.0
26,265,7.0
26,266,4.0
26,267,4.0
26,268,6.0
26,269,5.0
26,270,6.0
26,271,2.0
26,272,4.0
26,273,4.0
26,274,3.0
26,275,3.0
26,276,8.0
26,277,4.0
26,278,5.0
26,279,4.0
26,280,4.0
26,281,7.0
26,282,6.0
26,283,5.0
26,284,8.0
26,285,3.0
26,286,3.0
26,287,7.0
26,288,2.0
26,289,5.0
26,290,4.0
26,291,6.0
26,292,5.0
26,293,6.0
26,294,6.0
26,295,4.0
26,296,7.0
26,297,3.0
26,298,4.0
26,299,6.0
26,300,4.0
26,301,4.0
26,302,4.0
26,303,7.0
26,304,4.0
26,305,7.0
26,306,5.0
26,307,4.0
26,308,6.0
26,309,5.0
26,310,3.0
26,311,6.0
26,312,2.0
26,313,4.0
26,314,4.0
26,315,3.0
26,316,4.0
26,317,4.0
26,318,3.0
26,319,4.0
26,320,4.0
26,321,2.0
26,322,6.0
26,323,4.0
26,324,4.0
26,325,1.0
26,326,2.0
26,327,2.0
26,328,5.0
26,329,4.0
26,330,3.0
26,331,3.0
26,332,5.0
26,333,4.0
26,334,6.0
26,335,6.0
26,336,5.0
26,337,4.0
26,338,5.0
26,339,4.0
26,340,4.0
26,341,7.0
26,342,5.0
26,343,5.0
26,344,3.0
26,345,5.0
26,346,4.0
26,347,4.0
26,348,3.0
26,349,5.0
26,350,4.0
26,351,3.0
26,352,5.0
26,353,3.0
26,354,8.0
26,355,3.0
26,356,3.0
26,357,3.0
26,358,3.0
26,359,4.0
26,360,5.0
26,361,3.0
26,362,4.0
26,363,3.0
26,364,6.0
26,365,7.0
26,366,4.0
26,367,4.0
26,368,4.0
26,369,5.0
26,370,4.0
26,371,4.0
26,372,4.0
26,373,6.0
26,374,3.0
26,375,3.0
26,376,4.0
26,377,5.0
27,28,9.0
27,29,6.0
27,30,4.0
27,31,4.0
27,32,4.0
27,33,2.0
27,34,4.0
27,35,4.0
27,36,5.0
27,37,4.0
27,38,3.0
27,39,6.0
27,40,7.0
27,41,5.0
27,42,4.0
27,43,4.0
27,44,1.0
27,45,4.0
27,46,4.0
27,47,3.0
27,48,3.0
27,49,2.0
27,50,4.0
27,51,4.0
27,52,3.0
27,53,3.0
27,54,7.0
27,55,7.0
27,56,3.0
27,57,2.0
27,58,6.0
27,59,3.0
27,60,2.0
27,61,2.0
27,62,4.0
27,63,3.0
27,64,3.0
27,65,4.0
27,66,4.0
27,67,2.0
27,68,3.0
27,69,2.0
27,70,2.0
27,71,3.0
27,72,3.0
27,73,7.0
27,74,3.0
27,75,2.0
27,76,3.0
27,77,3.0
27,78,5.0
27,79,5.0
27,80,8.0
27,81,4.0
27,82,7.0
27,83,4.0
27,84,4.0
27,85,4.0
27,86,5.0
27,87,7.0
27,88,3.0
27,89,4.0
27,90,6.0
27,91,3.0
27,92,3.0
27,93,5.0
27,94,2.0
27,95,5.0
27,96,3.0
27,97,3.0
27,98,3.0
27,99,7.0
27,100,4.0
27,101,5.0
27,102,4.0
27,103,2.0
27,104,4.0
27,105,6.0
27,106,6.0
27,107,4.0
27,108,6.0
27,109,3.0
27,110,5.0
27,111,3.0
27,112,3.0
27,113,3.0
27,114,4.0
27,115,4.0
27,116,4.0
27,117,4.0
27,118,3.0
27,119,5.0
27,120,4.0
27,121,3.0
27,122,5.0
27,123,3.0
27,124,7.0
27,125,7.0
27,126,3.0
27,127,3.0
27,128,3.0
27,129,3.0
27,130,3.0
27,131,3.0
27,132,3.0
27,133,3.0
27,134,3.0
27,135,3.0
27,136,6.0
27,137,6.0
27,138,6.0
27,139,2.0
27,140,3.0
27,141,2.0
27,142,3.0
27,143,4.0
27,144,4.0
27,145,3.0
27,146,2.0
27,147,5.0
27,148,5.0
27,149,2.0
27,150,3.0
27,151,3.0
27,152,5.0
27,153,3.0
27,154,3.0
27,155,2.0
27,156,6.0
27,157,4.0
27,158,4.0
27,159,5.0
27,160,3.0
27,161,2.0
27,162,6.0
27,163,4.0
27,164,5.0
27,165,3.0
27,166,4.0
27,167,4.0
27,168,7.0
27,169,8.0
27,170,4.0
27,171,3.0
27,172,4.0
27,173,3.0
27,174,7.0
27,175,7.0
27,176,3.0
27,177,3.0
27,178,3.0
27,179,6.0
27,180,3.0
27,181,3.0
27,182,3.0
27,183,3.0
27,184,5.0
27,185,5.0
27,186,5.0
27,187,5.0
27,188,2.0
27,189,4.0
27,190,4.0
27,191,4.0
27,192,4.0
27,193,3.0
27,194,4.0
27,195,3.0
27,196,4.0
27,197,4.0
27,198,4.0
27,199,3.0
27,200,3.0
27,201,3.0
27,202,6.0
27,203,7.0
27,204,3.0
27,205,3.0
27,206,3.0
27,207,4.0
27,208,4.0
27,209,6.0
27,210,8.0
27,211,3.0
27,212,4.0
27,213,6.0
27,214,4.0
27,215,4.0
27,216,6.0
27,217,4.0
27,218,3.0
27,219,5.0
27,220,5.0
27,221,4.0
27,222,4.0
27,223,6.0
27,224,2.0
27,225,4.0
27,226,4.0
27,227,4.0
27,228,4.0
27,229,4.0
27,230,2.0
27,231,3.0
27,232,2.0
27,233,2.0
27,234,4.0
27,235,5.0
27,236,4.0
27,237,2.0
27,238,4.0
27,239,4.0
27,240,3.0
27,241,7.0
27,242,5.0
27,243,8.0
27,244,4.0
27,245,7.0
27,246,3.0
27,247,5.0
27,248,1.0
27,249,2.0
27,250,3.0
27,251,4.0
27,252,7.0
27,253,4.0
27,254,2.0
27,255,2.0
27,256,3.0
27,257,2.0
27,258,3.0
27,259,4.0
27,260,7.0
27,261,6.0
27,262,3.0
27,263,4.0
27,264,3.0
27,265,3.0
27,266,6.0
27,267,5.0
27,268,5.0
27,269,4.0
27,270,4.0
27,271,4.0
27,272,6.0
27,273,5.0
27,274,3.0
27,275,2.0
27,276,3.0
27,277,5.0
27,278,3.0
27,279,2.0
27,280,8.0
27,281,3.0
27,282,4.0
27,283,3.0
27,284,4.0
27,285,2.0
27,286,4.0
27,287,4.0
27,288,4.0
27,289,4.0
27,290,6.0
27,291,4.0
27,292,5.0
27,293,3.0
27,294,4.0
27,295,6.0
27,296,4.0
27,297,3.0
27,298,3.0
27,299,4.0
27,300,3.0
27,301,2.0
27,302,4.0
27,303,3.0
27,304,2.0
27,305,3.0
27,306,4.0
27,307,5.0
27,308,4.0
27,309,2.0
27,310,5.0
27,311,3.0
27,312,4.0
27,313,6.0
27,314,9.0
27,315,3.0
27,316,2.0
27,317,3.0
27,318,4.0
27,319,3.0
27,320,5.0
27,321,2.0
27,322,5.0
27,323,3.0
27,324,6.0
27,325,1.0
27,326,4.0
27,327,4.0
27,328,4.0
27,329,4.0
27,330,2.0
27,331,4.0
27,332,4.0
27,333,2.0
27,334,4.0
27,335,3.0
27,336,3.0
27,337,9.0
27,338,5.0
27,339,5.0
27,340,6.0
27,341,3.0
27,342,5.0
27,343,4.0
27,344,6.0
27,345,5.0
27,346,3.0
27,347,3.0
27,348,3.0
27,349,3.0
27,350,7.0
27,351,2.0
27,352,6.0
27,353,2.0
27,354,4.0
27,355,4.0
27,356,4.0
27,357,5.0
27,358,2.0
27,359,7.0
27,360,3.0
27,361,7.0
27,362,3.0
27,363,8.0
27,364,3.0
27,365,4.0
27,366,6.0
27,367,9.0
27,368,5.0
27,369,4.0
27,370,2.0
27,371,6.0
27,372,7.0
27,373,4.0
27,374,6.0
27,375,3.0
27,376,3.0
27,377,3.0
28,29,6.0
28,30,4.0
28,31,4.0
28,32,4.0
28,33,2.0
28,34,4.0
28,35,4.0
28,36,5.0
28,37,4.0
28,38,3.0
28,39,6.0
28,40,7.0
28,41,5.0
28,42,4.0
28,43,4.0
28,44,1.0
28,45,4.0
28,46,4.0
28,47,3.0
28,48,3.0
28,49,2.0
28,50,4.0
28,51,4.0
28,52,3.0
28,53,3.0
28,54,7.0
28,55,7.0
28,56,3.0
28,57,2.0
28,58,6.0
28,59,3.0
28,60,2.0
28,61,2.0
28,62,4.0
28,63,3.0
28,64,3.0
28,65,4.0
28,66,4.0
28,67,2.0
28,68,3.0
28,69,2.0
28,70,2.0
28,71,3.0
28,72,3.0
28,73,7.0
28,74,3.0
28,75,2.0
28,76,3.0
28,77,3.0
28,78,5.0
28,79,5.0
28,80,8.0
28,81,4.0
28,82,7.0
28,83,4.0
28,84,4.0
28,85,4.0
28,86,5.0
28,87,7.0
28,88,3.0
28,89,4.0
28,90,6.0
28,91,3.0
28,92,3.0
28,93,5.0
28,94,2.0
28,95,5.0
28,96,3.0
28,97,3.0
28,98,3.0
28,99,7.0
28,100,4.0
28,101,5.0
28,102,4.0
28,103,2.0
28,104,4.0
28,105,6.0
28,106,6.0
28,107,4.0
28,108,6.0
28,109,3.0
28,110,5.0
28,111,3.0
28,112,3.0
28,113,3.0
28,114,4.0
28,115,4.0
28,116,4.0
28,117,4.0
28,118,3.0
28,119,5.0
28,120,4.0
28,121,3.0
28,122,5.0
28,123,3.0
28,124,7.0
28,125,7.0
28,126,3.0
28,127,3.0
28,128,3.0
28,129,3.0
28,130,3.0
28,131,3.0
28,132,3.0
28,133,3.0
28,134,3.0
28,135,3.0
28,136,6.0
28,137,6.0
28,138,6.0
28,139,2.0
28,140,3.0
28,141,2.0
28,142,3.0
28,143,4.0
28,144,4.0
28,145,3.0
28,146,2.0
28,147,5.0
28,148,5.0
28,149,2.0
28,150,3.0
28,151,3.0
28,152,5.0
28,153,3.0
28,154,3.0
28,155,2.0
28,156,6.0
28,157,4.0
28,158,4.0
28,159,5.0
28,160,3.0
28,161,2.0
28,162,6.0
28,163,4.0
28,164,5.0
28,165,3.0
28,166,4.0
28,167,4.0
28,168,7.0
28,169,8.0
28,170,4.0
28,171,3.0
28,172,4.0
28,173,3.0
28,174,7.0
28,175,7.0
28,176,3.0
28,177,3.0
28,178,3.0
28,179,6.0
28,180,3.0
28,181,3.0
28,182,3.0
28,183,3.0
28,184,5.0
28,185,5.0
28,186,5.0
28,187,5.0
28,188,2.0
28,189,4.0
28,190,4.0
28,191,4.0
28,192,4.0
28,193,3.0
28,194,4.0
28,195,3.0
28,196,4.0
28,197,4.0
28,198,4.0
28,199,3.0
28,200,3.0
28,201,3.0
28,202,6.0
28,203,7.0
28,204,3.0
28,205,3.0
28,206,3.0
28,207,4.0
28,208,4.0
28,209,6.0
28,210,8.0
28,211,3.0
28,212,4.0
28,213,6.0
28,214,4.0
28,215,4.0
28,216,6.0
28,217,4.0
28,218,3.0
28,219,5.0
28,220,5.0
28,221,4.0
28,222,4.0
28,223,6.0
28,224,2.0
28,225,4.0
28,226,4.0
28,227,4.0
28,228,4.0
28,229,4.0
28,230,2.0
28,231,3.0
28,232,2.0
28,233,2.0
28,234,4.0
28,235,5.0
28,236,4.0
28,237,2.0
28,238,4.0
28,239,4.0
28,240,3.0
28,241,7.0
28,242,5.0
28,243,8.0
28,244,4.0
28,245,7.0
28,246,3.0
28,247,5.0
28,248,1.0
28,249,2.0
28,250,3.0
28,251,4.0
28,252,7.0
28,253,4.0
28,254,2.0
28,255,2.0
28,256,3.0
28,257,2.0
28,258,3.0
28,259,4.0
28,260,7.0
28,261,6.0
28,262,3.0
28,263,4.0
28,264,3.0
28,265,3.0
28,266,6.0
28,267,5.0
28,268,5.0
28,269,4.0
28,270,4.0
28,271,4.0
28,272,6.0
28,273,5.0
28,274,3.0
28,275,2.0
28,276,3.0
28,277,5.0
28,278,3.0
28,279,2.0
28,280,8.0
28,281,3.0
28,282,4.0
28,283,3.0
28,284,4.0
28,285,2.0
28,286,4.0
28,287,4.0
28,288,4.0
28,289,4.0
28,290,6.0
28,291,4.0
28,292,5.0
28,293,3.0
28,294,4.0
28,295,6.0
28,296,4.0
28,297,3.0
28,298,3.0
28,299,4.0
28,300,3.0
28,301,2.0
28,302,4.0
28,303,3.0
28,304,2.0
28,305,3.0
28,306,4.0
28,307,5.0
28,308,4.0
28,309,2.0
28,310,5.0
28,311,3.0
28,312,4.0
28,313,6.0
28,314,9.0
28,315,3.0
28,316,2.0
28,317,3.0
28,318,4.0
28,319,3.0
28,320,5.0
28,321,2.0
28,322,5.0
28,323,3.0
28,324,6.0
28,325,1.0
28,326,4.0
28,327,4.0
28,328,4.0
28,329,4.0
28,330,2.0
28,331,4.0
28,332,4.0
28,333,2.0
28,334,4.0
28,335,3.0
28,336,3.0
28,337,9.0
28,338,5.0
28,339,5.0
28,340,6.0
28,341,3.0
28,342,5.0
28,343,4.0
28,344,6.0
28,345,5.0
28,346,3.0
28,347,3.0
28,348,3.0
28,349,3.0
28,350,7.0
28,351,2.0
28,352,6.0
28,353,2.0
28,354,4.0
28,355,4.0
28,356,4.0
28,357,5.0
28,358,2.0
28,359,7.0
28,360,3.0
28,361,7.0
28,362,3.0
28,363,8.0
28,364,3.0
28,365,4.0
28,366,6.0
28,367,9.0
28,368,5.0
28,369,4.0
28,370,2.0
28,371,6.0
28,372,7.0
28,373,4.0
28,374,6.0
28,375,3.0
28,376,3.0
28,377,3.0
29,30,4.0
29,31,4.0
29,32,3.0
29,33,3.0
29,34,3.0
29,35,7.0
29,36,3.0
29,37,7.0
29,38,6.0
29,39,8.0
29,40,7.0
29,41,6.0
29,42,7.0
29,43,4.0
29,44,3.0
29,45,5.0
29,46,5.0
29,47,6.0
29,48,6.0
29,49,4.0
29,50,5.0
29,51,5.0
29,52,6.0
29,53,6.0
29,54,7.0
29,55,7.0
29,56,6.0
29,57,5.0
29,58,8.0
29,59,3.0
29,60,5.0
29,61,3.0
29,62,5.0
29,63,4.0
29,64,6.0
29,65,4.0
29,66,4.0
29,67,5.0
29,68,3.0
29,69,4.0
29,70,4.0
29,71,4.0
29,72,6.0
29,73,8.0
29,74,5.0
29,75,4.0
29,76,6.0
29,77,4.0
29,78,7.0
29,79,7.0
29,80,6.0
29,81,4.0
29,82,4.0
29,83,6.0
29,84,6.0
29,85,6.0
29,86,6.0
29,87,4.0
29,88,5.0
29,89,6.0
29,90,9.0
29,91,3.0
29,92,4.0
29,93,7.0
29,94,5.0
29,95,6.0
29,96,4.0
29,97,5.0
29,98,4.0
29,99,9.0
29,100,4.0
29,101,7.0
29,102,4.0
29,103,5.0
29,104,6.0
29,105,8.0
29,106,8.0
29,107,3.0
29,108,8.0
29,109,4.0
29,110,5.0
29,111,4.0
29,112,5.0
29,113,4.0
29,114,6.0
29,115,6.0
29,116,6.0
29,117,8.0
29,118,5.0
29,119,6.0
29,120,8.0
29,121,5.0
29,122,6.0
29,123,5.0
29,124,9.0
29,125,9.0
29,126,5.0
29,127,5.0
29,128,6.0
29,129,5.0
29,130,5.0
29,131,5.0
29,132,4.0
29,133,4.0
29,134,4.0
29,135,4.0
29,136,9.0
29,137,9.0
29,138,9.0
29,139,6.0
29,140,5.0
29,141,4.0
29,142,4.0
29,143,3.0
29,144,3.0
29,145,4.0
29,146,3.0
29,147,8.0
29,148,8.0
29,149,3.0
29,150,5.0
29,151,5.0
29,152,4.0
29,153,3.0
29,154,4.0
29,155,3.0
29,156,5.0
29,157,8.0
29,158,8.0
29,159,6.0
29,160,4.0
29,161,3.0
29,162,13.0
29,163,8.0
29,164,5.0
29,165,5.0
29,166,8.0
29,167,8.0
29,168,8.0
29,169,7.0
29,170,8.0
29,171,6.0
29,172,8.0
29,173,3.0
29,174,8.0
29,175,9.0
29,176,6.0
29,177,5.0
29,178,5.0
29,179,8.0
29,180,5.0
29,181,5.0
29,182,6.0
29,183,5.0
29,184,5.0
29,185,10.0
29,186,9.0
29,187,9.0
29,188,3.0
29,189,7.0
29,190,6.0
29,191,6.0
29,192,6.0
29,193,5.0
29,194,8.0
29,195,5.0
29,196,5.0
29,197,5.0
29,198,5.0
29,199,4.0
29,200,4.0
29,201,4.0
29,202,7.0
29,203,11.0
29,204,5.0
29,205,5.0
29,206,5.0
29,207,5.0
29,208,8.0
29,209,8.0
29,210,7.0
29,211,6.0
29,212,9.0
29,213,6.0
29,214,6.0
29,215,7.0
29,216,6.0
29,217,6.0
29,218,6.0
29,219,4.0
29,220,6.0
29,221,4.0
29,222,4.0
29,223,7.0
29,224,5.0
29,225,4.0
29,226,6.0
29,227,3.0
29,228,5.0
29,229,6.0
29,230,3.0
29,231,3.0
29,232,5.0
29,233,5.0
29,234,6.0
29,235,7.0
29,236,7.0
29,237,5.0
29,238,6.0
29,239,4.0
29,240,6.0
29,241,7.0
29,242,7.0
29,243,9.0
29,244,3.0
29,245,9.0
29,246,5.0
29,247,5.0
29,248,2.0
29,249,3.0
29,250,4.0
29,251,5.0
29,252,9.0
29,253,4.0
29,254,4.0
29,255,4.0
29,256,7.0
29,257,5.0
29,258,4.0
29,259,6.0
29,260,5.0
29,261,6.0
29,262,3.0
29,263,8.0
29,264,6.0
29,265,6.0
29,266,9.0
29,267,5.0
29,268,6.0
29,269,5.0
29,270,8.0
29,271,6.0
29,272,5.0
29,273,7.0
29,274,5.0
29,275,5.0
29,276,3.0
29,277,4.0
29,278,4.0
29,279,7.0
29,280,7.0
29,281,6.0
29,282,7.0
29,283,3.0
29,284,4.0
29,285,3.0
29,286,4.0
29,287,8.0
29,288,6.0
29,289,6.0
29,290,7.0
29,291,7.0
29,292,7.0
29,293,6.0
29,294,8.0
29,295,6.0
29,296,7.0
29,297,6.0
29,298,6.0
29,299,5.0
29,300,5.0
29,301,6.0
29,302,5.0
29,303,4.0
29,304,5.0
29,305,6.0
29,306,7.0
29,307,4.0
29,308,7.0
29,309,5.0
29,310,7.0
29,311,6.0
29,312,6.0
29,313,7.0
29,314,6.0
29,315,5.0
29,316,3.0
29,317,4.0
29,318,5.0
29,319,4.0
29,320,4.0
29,321,3.0
29,322,6.0
29,323,5.0
29,324,5.0
29,325,3.0
29,326,3.0
29,327,6.0
29,328,3.0
29,329,3.0
29,330,4.0
29,331,8.0
29,332,6.0
29,333,5.0
29,334,4.0
29,335,4.0
29,336,7.0
29,337,6.0
29,338,5.0
29,339,9.0
29,340,11.0
29,341,6.0
29,342,7.0
29,343,3.0
29,344,8.0
29,345,8.0
29,346,4.0
29,347,2.0
29,348,4.0
29,349,4.0
29,350,9.0
29,351,5.0
29,352,7.0
29,353,6.0
29,354,4.0
29,355,7.0
29,356,4.0
29,357,7.0
29,358,4.0
29,359,9.0
29,360,4.0
29,361,7.0
29,362,5.0
29,363,8.0
29,364,7.0
29,365,8.0
29,366,5.0
29,367,6.0
29,368,5.0
29,369,3.0
29,370,5.0
29,371,6.0
29,372,5.0
29,373,8.0
29,374,5.0
29,375,5.0
29,376,3.0
29,377,4.0
30,31,4.0
30,32,4.0
30,33,3.0
30,34,4.0
30,35,6.0
30,36,3.0
30,37,3.0
30,38,4.0
30,39,3.0
30,40,4.0
30,41,5.0
30,42,5.0
30,43,2.0
30,44,3.0
30,45,7.0
30,46,7.0
30,47,6.0
30,48,4.0
30,49,5.0
30,50,7.0
30,51,7.0
30,52,6.0
30,53,6.0
30,54,4.0
30,55,4.0
30,56,3.0
30,57,4.0
30,58,5.0
30,59,5.0
30,60,3.0
30,61,3.0
30,62,6.0
30,63,4.0
30,64,4.0
30,65,4.0
30,66,4.0
30,67,4.0
30,68,3.0
30,69,3.0
30,70,3.0
30,71,3.0
30,72,3.0
30,73,4.0
30,74,3.0
30,75,3.0
30,76,3.0
30,77,5.0
30,78,2.0
30,79,2.0
30,80,4.0
30,81,3.0
30,82,4.0
30,83,2.0
30,84,2.0
30,85,2.0
30,86,4.0
30,87,4.0
30,88,4.0
30,89,5.0
30,90,5.0
30,91,5.0
30,92,2.0
30,93,3.0
30,94,5.0
30,95,4.0
30,96,6.0
30,97,5.0
30,98,6.0
30,99,4.0
30,100,2.0
30,101,2.0
30,102,2.0
30,103,5.0
30,104,5.0
30,105,4.0
30,106,4.0
30,107,4.0
30,108,4.0
30,109,5.0
30,110,4.0
30,111,3.0
30,112,5.0
30,113,3.0
30,114,2.0
30,115,2.0
30,116,2.0
30,117,3.0
30,118,4.0
30,119,4.0
30,120,3.0
30,121,4.0
30,122,4.0
30,123,6.0
30,124,6.0
30,125,6.0
30,126,3.0
30,127,3.0
30,128,4.0
30,129,3.0
30,130,3.0
30,131,3.0
30,132,5.0
30,133,5.0
30,134,5.0
30,135,5.0
30,136,4.0
30,137,4.0
30,138,4.0
30,139,5.0
30,140,3.0
30,141,3.0
30,142,5.0
30,143,4.0
30,144,4.0
30,145,4.0
30,146,2.0
30,147,4.0
30,148,4.0
30,149,2.0
30,150,7.0
30,151,7.0
30,152,4.0
30,153,4.0
30,154,3.0
30,155,4.0
30,156,4.0
30,157,6.0
30,158,6.0
30,159,4.0
30,160,4.0
30,161,7.0
30,162,4.0
30,163,6.0
30,164,5.0
30,165,2.0
30,166,6.0
30,167,6.0
30,168,3.0
30,169,4.0
30,170,6.0
30,171,4.0
30,172,6.0
30,173,5.0
30,174,3.0
30,175,6.0
30,176,6.0
30,177,3.0
30,178,3.0
30,179,4.0
30,180,3.0
30,181,3.0
30,182,3.0
30,183,4.0
30,184,3.0
30,185,4.0
30,186,4.0
30,187,4.0
30,188,3.0
30,189,5.0
30,190,5.0
30,191,5.0
30,192,5.0
30,193,5.0
30,194,6.0
30,195,3.0
30,196,2.0
30,197,2.0
30,198,2.0
30,199,6.0
30,200,6.0
30,201,6.0
30,202,3.0
30,203,4.0
30,204,3.0
30,205,3.0
30,206,5.0
30,207,4.0
30,208,6.0
30,209,4.0
30,210,3.0
30,211,4.0
30,212,2.0
30,213,4.0
30,214,6.0
30,215,4.0
30,216,4.0
30,217,6.0
30,218,6.0
30,219,7.0
30,220,5.0
30,221,7.0
30,222,2.0
30,223,5.0
30,224,7.0
30,225,4.0
30,226,5.0
30,227,2.0
30,228,6.0
30,229,3.0
30,230,2.0
30,231,5.0
30,232,2.0
30,233,2.0
30,234,5.0
30,235,3.0
30,236,3.0
30,237,3.0
30,238,5.0
30,239,4.0
30,240,4.0
30,241,3.0
30,242,3.0
30,243,5.0
30,244,5.0
30,245,7.0
30,246,4.0
30,247,4.0
30,248,3.0
30,249,4.0
30,250,4.0
30,251,6.0
30,252,4.0
30,253,4.0
30,254,2.0
30,255,2.0
30,256,6.0
30,257,2.0
30,258,5.0
30,259,3.0
30,260,4.0
30,261,3.0
30,262,5.0
30,263,4.0
30,264,4.0
30,265,6.0
30,266,5.0
30,267,4.0
30,268,5.0
30,269,5.0
30,270,6.0
30,271,3.0
30,272,3.0
30,273,5.0
30,274,4.0
30,275,7.0
30,276,5.0
30,277,4.0
30,278,4.0
30,279,5.0
30,280,3.0
30,281,6.0
30,282,5.0
30,283,3.0
30,284,4.0
30,285,4.0
30,286,3.0
30,287,5.0
30,288,2.0
30,289,5.0
30,290,6.0
30,291,5.0
30,292,3.0
30,293,5.0
30,294,6.0
30,295,4.0
30,296,6.0
30,297,3.0
30,298,6.0
30,299,6.0
30,300,4.0
30,301,5.0
30,302,4.0
30,303,4.0
30,304,5.0
30,305,6.0
30,306,4.0
30,307,4.0
30,308,3.0
30,309,4.0
30,310,2.0
30,311,4.0
30,312,3.0
30,313,3.0
30,314,4.0
30,315,4.0
30,316,4.0
30,317,3.0
30,318,4.0
30,319,5.0
30,320,4.0
30,321,3.0
30,322,5.0
30,323,3.0
30,324,3.0
30,325,3.0
30,326,2.0
30,327,3.0
30,328,5.0
30,329,4.0
30,330,3.0
30,331,2.0
30,332,4.0
30,333,5.0
30,334,5.0
30,335,4.0
30,336,6.0
30,337,4.0
30,338,5.0
30,339,3.0
30,340,4.0
30,341,6.0
30,342,3.0
30,343,5.0
30,344,4.0
30,345,7.0
30,346,5.0
30,347,3.0
30,348,4.0
30,349,4.0
30,350,5.0
30,351,7.0
30,352,3.0
30,353,4.0
30,354,4.0
30,355,4.0
30,356,3.0
30,357,2.0
30,358,4.0
30,359,4.0
30,360,2.0
30,361,4.0
30,362,2.0
30,363,5.0
30,364,5.0
30,365,5.0
30,366,3.0
30,367,4.0
30,368,7.0
30,369,5.0
30,370,7.0
30,371,4.0
30,372,4.0
30,373,6.0
30,374,4.0
30,375,4.0
30,376,5.0
30,377,4.0
31,32,4.0
31,33,2.0
31,34,4.0
31,35,4.0
31,36,4.0
31,37,4.0
31,38,4.0
31,39,3.0
31,40,3.0
31,41,5.0
31,42,4.0
31,43,3.0
31,44,1.0
31,45,3.0
31,46,3.0
31,47,3.0
31,48,5.0
31,49,3.0
31,50,3.0
31,51,3.0
31,52,3.0
31,53,5.0
31,54,5.0
31,55,5.0
31,56,5.0
31,57,3.0
31,58,4.0
31,59,4.0
31,60,4.0
31,61,4.0
31,62,4.0
31,63,3.0
31,64,4.0
31,65,4.0
31,66,4.0
31,67,3.0
31,68,2.0
31,69,2.0
31,70,2.0
31,71,2.0
31,72,3.0
31,73,4.0
31,74,4.0
31,75,3.0
31,76,3.0
31,77,4.0
31,78,2.0
31,79,2.0
31,80,4.0
31,81,4.0
31,82,4.0
31,83,6.0
31,84,6.0
31,85,6.0
31,86,3.0
31,87,4.0
31,88,3.0
31,89,5.0
31,90,4.0
31,91,3.0
31,92,4.0
31,93,2.0
31,94,6.0
31,95,4.0
31,96,4.0
31,97,4.0
31,98,4.0
31,99,4.0
31,100,3.0
31,101,4.0
31,102,3.0
31,103,3.0
31,104,4.0
31,105,4.0
31,106,4.0
31,107,4.0
31,108,6.0
31,109,3.0
31,110,3.0
31,111,3.0
31,112,3.0
31,113,3.0
31,114,6.0
31,115,6.0
31,116,6.0
31,117,3.0
31,118,4.0
31,119,4.0
31,120,3.0
31,121,4.0
31,122,4.0
31,123,4.0
31,124,4.0
31,125,4.0
31,126,5.0
31,127,5.0
31,128,3.0
31,129,5.0
31,130,5.0
31,131,5.0
31,132,3.0
31,133,3.0
31,134,3.0
31,135,3.0
31,136,4.0
31,137,4.0
31,138,4.0
31,139,4.0
31,140,2.0
31,141,2.0
31,142,3.0
31,143,4.0
31,144,4.0
31,145,2.0
31,146,2.0
31,147,5.0
31,148,5.0
31,149,2.0
31,150,3.0
31,151,3.0
31,152,4.0
31,153,5.0
31,154,3.0
31,155,3.0
31,156,4.0
31,157,4.0
31,158,4.0
31,159,4.0
31,160,4.0
31,161,3.0
31,162,4.0
31,163,4.0
31,164,4.0
31,165,2.0
31,166,3.0
31,167,4.0
31,168,3.0
31,169,4.0
31,170,4.0
31,171,4.0
31,172,4.0
31,173,3.0
31,174,4.0
31,175,4.0
31,176,4.0
31,177,4.0
31,178,4.0
31,179,5.0
31,180,3.0
31,181,3.0
31,182,3.0
31,183,4.0
31,184,3.0
31,185,4.0
31,186,4.0
31,187,4.0
31,188,4.0
31,189,5.0
31,190,4.0
31,191,4.0
31,192,4.0
31,193,4.0
31,194,4.0
31,195,3.0
31,196,2.0
31,197,2.0
31,198,2.0
31,199,3.0
31,200,3.0
31,201,3.0
31,202,3.0
31,203,5.0
31,204,3.0
31,205,3.0
31,206,4.0
31,207,2.0
31,208,4.0
31,209,4.0
31,210,3.0
31,211,4.0
31,212,3.0
31,213,5.0
31,214,4.0
31,215,4.0
31,216,3.0
31,217,5.0
31,218,4.0
31,219,3.0
31,220,4.0
31,221,4.0
31,222,4.0
31,223,4.0
31,224,2.0
31,225,4.0
31,226,4.0
31,227,2.0
31,228,4.0
31,229,3.0
31,230,1.0
31,231,4.0
31,232,4.0
31,233,3.0
31,234,4.0
31,235,4.0
31,236,4.0
31,237,4.0
31,238,4.0
31,239,5.0
31,240,4.0
31,241,3.0
31,242,4.0
31,243,6.0
31,244,3.0
31,245,4.0
31,246,4.0
31,247,5.0
31,248,2.0
31,249,4.0
31,250,2.0
31,251,4.0
31,252,4.0
31,253,3.0
31,254,2.0
31,255,2.0
31,256,3.0
31,257,3.0
31,258,4.0
31,259,3.0
31,260,4.0
31,261,3.0
31,262,3.0
31,263,3.0
31,264,4.0
31,265,4.0
31,266,3.0
31,267,5.0
31,268,4.0
31,269,4.0
31,270,4.0
31,271,3.0
31,272,3.0
31,273,5.0
31,274,3.0
31,275,2.0
31,276,4.0
31,277,4.0
31,278,3.0
31,279,2.0
31,280,3.0
31,281,4.0
31,282,4.0
31,283,4.0
31,284,4.0
31,285,3.0
31,286,3.0
31,287,4.0
31,288,2.0
31,289,4.0
31,290,4.0
31,291,6.0
31,292,4.0
31,293,3.0
31,294,4.0
31,295,5.0
31,296,5.0
31,297,3.0
31,298,2.0
31,299,4.0
31,300,4.0
31,301,4.0
31,302,4.0
31,303,4.0
31,304,3.0
31,305,4.0
31,306,5.0
31,307,4.0
31,308,4.0
31,309,3.0
31,310,2.0
31,311,4.0
31,312,3.0
31,313,3.0
31,314,4.0
31,315,3.0
31,316,4.0
31,317,3.0
31,318,2.0
31,319,3.0
31,320,4.0
31,321,2.0
31,322,4.0
31,323,4.0
31,324,3.0
31,325,1.0
31,326,2.0
31,327,3.0
31,328,3.0
31,329,4.0
31,330,2.0
31,331,3.0
31,332,2.0
31,333,3.0
31,334,3.0
31,335,4.0
31,336,4.0
31,337,4.0
31,338,4.0
31,339,5.0
31,340,4.0
31,341,4.0
31,342,4.0
31,343,3.0
31,344,4.0
31,345,4.0
31,346,4.0
31,347,3.0
31,348,2.0
31,349,3.0
31,350,4.0
31,351,2.0
31,352,4.0
31,353,3.0
31,354,4.0
31,355,3.0
31,356,3.0
31,357,2.0
31,358,3.0
31,359,4.0
31,360,4.0
31,361,4.0
31,362,4.0
31,363,4.0
31,364,4.0
31,365,4.0
31,366,3.0
31,367,4.0
31,368,3.0
31,369,3.0
31,370,3.0
31,371,5.0
31,372,4.0
31,373,4.0
31,374,4.0
31,375,5.0
31,376,3.0
31,377,4.0
32,33,4.0
32,34,9.0
32,35,6.0
32,36,5.0
32,37,6.0
32,38,5.0
32,39,4.0
32,40,3.0
32,41,4.0
32,42,7.0
32,43,5.0
32,44,1.0
32,45,5.0
32,46,5.0
32,47,4.0
32,48,5.0
32,49,3.0
32,50,5.0
32,51,5.0
32,52,4.0
32,53,4.0
32,54,4.0
32,55,4.0
32,56,4.0
32,57,3.0
32,58,3.0
32,59,8.0
32,60,4.0
32,61,3.0
32,62,5.0
32,63,4.0
32,64,5.0
32,65,6.0
32,66,6.0
32,67,4.0
32,68,3.0
32,69,4.0
32,70,4.0
32,71,3.0
32,72,5.0
32,73,4.0
32,74,4.0
32,75,5.0
32,76,5.0
32,77,4.0
32,78,3.0
32,79,3.0
32,80,4.0
32,81,3.0
32,82,5.0
32,83,5.0
32,84,5.0
32,85,5.0
32,86,6.0
32,87,5.0
32,88,4.0
32,89,7.0
32,90,4.0
32,91,3.0
32,92,5.0
32,93,2.0
32,94,4.0
32,95,4.0
32,96,5.0
32,97,5.0
32,98,5.0
32,99,4.0
32,100,2.0
32,101,3.0
32,102,2.0
32,103,4.0
32,104,5.0
32,105,3.0
32,106,3.0
32,107,9.0
32,108,5.0
32,109,5.0
32,110,3.0
32,111,3.0
32,112,5.0
32,113,3.0
32,114,5.0
32,115,5.0
32,116,5.0
32,117,4.0
32,118,5.0
32,119,3.0
32,120,4.0
32,121,5.0
32,122,3.0
32,123,5.0
32,124,5.0
32,125,5.0
32,126,4.0
32,127,4.0
32,128,5.0
32,129,4.0
32,130,4.0
32,131,4.0
32,132,3.0
32,133,3.0
32,134,3.0
32,135,3.0
32,136,4.0
32,137,4.0
32,138,4.0
32,139,6.0
32,140,3.0
32,141,4.0
32,142,4.0
32,143,9.0
32,144,9.0
32,145,4.0
32,146,4.0
32,147,6.0
32,148,6.0
32,149,4.0
32,150,3.0
32,151,3.0
32,152,4.0
32,153,4.0
32,154,3.0
32,155,3.0
32,156,6.0
32,157,6.0
32,158,6.0
32,159,3.0
32,160,5.0
32,161,4.0
32,162,4.0
32,163,6.0
32,164,4.0
32,165,1.0
32,166,5.0
32,167,6.0
32,168,4.0
32,169,4.0
32,170,6.0
32,171,6.0
32,172,6.0
32,173,4.0
32,174,4.0
32,175,5.0
32,176,7.0
32,177,4.0
32,178,4.0
32,179,6.0
32,180,4.0
32,181,4.0
32,182,6.0
32,183,6.0
32,184,4.0
32,185,5.0
32,186,4.0
32,187,4.0
32,188,3.0
32,189,6.0
32,190,6.0
32,191,6.0
32,192,6.0
32,193,6.0
32,194,6.0
32,195,6.0
32,196,4.0
32,197,4.0
32,198,4.0
32,199,4.0
32,200,4.0
32,201,4.0
32,202,4.0
32,203,5.0
32,204,6.0
32,205,6.0
32,206,7.0
32,207,3.0
32,208,6.0
32,209,3.0
32,210,4.0
32,211,6.0
32,212,3.0
32,213,4.0
32,214,6.0
32,215,4.0
32,216,3.0
32,217,6.0
32,218,7.0
32,219,3.0
32,220,6.0
32,221,5.0
32,222,3.0
32,223,6.0
32,224,3.0
32,225,6.0
32,226,6.0
32,227,2.0
32,228,5.0
32,229,2.0
32,230,1.0
32,231,8.0
32,232,3.0
32,233,4.0
32,234,6.0
32,235,5.0
32,236,5.0
32,237,3.0
32,238,6.0
32,239,6.0
32,240,6.0
32,241,4.0
32,242,5.0
32,243,4.0
32,244,5.0
32,245,7.0
32,246,4.0
32,247,4.0
32,248,2.0
32,249,4.0
32,250,3.0
32,251,5.0
32,252,4.0
32,253,4.0
32,254,2.0
32,255,4.0
32,256,4.0
32,257,4.0
32,258,5.0
32,259,2.0
32,260,4.0
32,261,4.0
32,262,4.0
32,263,5.0
32,264,6.0
32,265,7.0
32,266,4.0
32,267,4.0
32,268,6.0
32,269,5.0
32,270,6.0
32,271,2.0
32,272,4.0
32,273,4.0
32,274,3.0
32,275,3.0
32,276,8.0
32,277,4.0
32,278,5.0
32,279,4.0
32,280,4.0
32,281,7.0
32,282,6.0
32,283,5.0
32,284,8.0
32,285,3.0
32,286,3.0
32,287,7.0
32,288,2.0
32,289,5.0
32,290,4.0
32,291,6.0
32,292,5.0
32,293,6.0
32,294,6.0
32,295,4.0
32,296,7.0
32,297,3.0
32,298,4.0
32,299,6.0
32,300,4.0
32,301,4.0
32,302,4.0
32,303,7.0
32,304,4.0
32,305,7.0
32,306,5.0
32,307,4.0
32,308,6.0
32,309,5.0
32,310,3.0
32,311,6.0
32,312,2.0
32,313,4.0
32,314,4.0
32,315,3.0
32,316,4.0
32,317,4.0
32,318,3.0
32,319,4.0
32,320,4.0
32,321,2.0
32,322,6.0
32,323,4.0
32,324,4.0
32,325,1.0
32,326,2.0
32,327,2.0
32,328,5.0
32,329,4.0
32,330,3.0
32,331,3.0
32,332,5.0
32,333,4.0
32,334,6.0
32,335,6.0
32,336,5.0
32,337,4.0
32,338,5.0
32,339,4.0
32,340,4.0
32,341,7.0
32,342,5.0
32,343,5.0
32,344,3.0
32,345,5.0
32,346,4.0
32,347,4.0
32,348,3.0
32,349,5.0
32,350,4.0
32,351,3.0
32,352,5.0
32,353,3.0
32,354,8.0
32,355,3.0
32,356,3.0
32,357,3.0
32,358,3.0
32,359,4.0
32,360,5.0
32,361,3.0
32,362,4.0
32,363,3.0
32,364,6.0
32,365,7.0
32,366,4.0
32,367,4.0
32,368,4.0
32,369,5.0
32,370,4.0
32,371,4.0
32,372,4.0
32,373,6.0
32,374,3.0
32,375,3.0
32,376,4.0
32,377,5.0
33,34,4.0
33,35,4.0
33,36,4.0
33,37,4.0
33,38,3.0
33,39,3.0
33,40,2.0
33,41,3.0
33,42,5.0
33,43,3.0
33,44,2.0
33,45,3.0
33,46,3.0
33,47,3.0
33,48,5.0
33,49,2.0
33,50,3.0
33,51,3.0
33,52,3.0
33,53,4.0
33,54,2.0
33,55,2.0
33,56,3.0
33,57,2.0
33,58,2.0
33,59,4.0
33,60,3.0
33,61,3.0
33,62,3.0
33,63,4.0
33,64,5.0
33,65,4.0
33,66,4.0
33,67,4.0
33,68,2.0
33,69,4.0
33,70,4.0
33,71,2.0
33,72,3.0
33,73,2.0
33,74,3.0
33,75,6.0
33,76,3.0
33,77,3.0
33,78,2.0
33,79,2.0
33,80,2.0
33,81,3.0
33,82,3.0
33,83,3.0
33,84,3.0
33,85,3.0
33,86,3.0
33,87,3.0
33,88,3.0
33,89,5.0
33,90,3.0
33,91,3.0
33,92,3.0
33,93,3.0
33,94,4.0
33,95,3.0
33,96,3.0
33,97,3.0
33,98,3.0
33,99,5.0
33,100,3.0
33,101,3.0
33,102,3.0
33,103,3.0
33,104,4.0
33,105,2.0
33,106,2.0
33,107,4.0
33,108,4.0
33,109,4.0
33,110,2.0
33,111,3.0
33,112,3.0
33,113,3.0
33,114,3.0
33,115,3.0
33,116,3.0
33,117,3.0
33,118,5.0
33,119,4.0
33,120,3.0
33,121,5.0
33,122,4.0
33,123,3.0
33,124,4.0
33,125,4.0
33,126,3.0
33,127,3.0
33,128,3.0
33,129,3.0
33,130,3.0
33,131,3.0
33,132,3.0
33,133,3.0
33,134,3.0
33,135,3.0
33,136,3.0
33,137,3.0
33,138,3.0
33,139,4.0
33,140,2.0
33,141,4.0
33,142,3.0
33,143,4.0
33,144,4.0
33,145,4.0
33,146,4.0
33,147,4.0
33,148,4.0
33,149,4.0
33,150,3.0
33,151,3.0
33,152,5.0
33,153,2.0
33,154,5.0
33,155,2.0
33,156,5.0
33,157,5.0
33,158,5.0
33,159,2.0
33,160,3.0
33,161,3.0
33,162,3.0
33,163,5.0
33,164,4.0
33,165,1.0
33,166,4.0
33,167,5.0
33,168,2.0
33,169,2.0
33,170,5.0
33,171,4.0
33,172,5.0
33,173,4.0
33,174,2.0
33,175,4.0
33,176,4.0
33,177,3.0
33,178,3.0
33,179,2.0
33,180,4.0
33,181,4.0
33,182,4.0
33,183,4.0
33,184,2.0
33,185,4.0
33,186,3.0
33,187,3.0
33,188,3.0
33,189,5.0
33,190,4.0
33,191,4.0
33,192,4.0
33,193,5.0
33,194,5.0
33,195,4.0
33,196,3.0
33,197,3.0
33,198,3.0
33,199,4.0
33,200,4.0
33,201,4.0
33,202,2.0
33,203,4.0
33,204,4.0
33,205,4.0
33,206,4.0
33,207,4.0
33,208,5.0
33,209,3.0
33,210,3.0
33,211,4.0
33,212,2.0
33,213,2.0
33,214,3.0
33,215,3.0
33,216,4.0
33,217,4.0
33,218,4.0
33,219,3.0
33,220,4.0
33,221,5.0
33,222,2.0
33,223,3.0
33,224,3.0
33,225,4.0
33,226,4.0
33,227,3.0
33,228,4.0
33,229,3.0
33,230,3.0
33,231,4.0
33,232,2.0
33,233,2.0
33,234,4.0
33,235,4.0
33,236,4.0
33,237,2.0
33,238,4.0
33,239,4.0
33,240,4.0
33,241,2.0
33,242,4.0
33,243,2.0
33,244,3.0
33,245,4.0
33,246,3.0
33,247,2.0
33,248,3.0
33,249,2.0
33,250,3.0
33,251,4.0
33,252,5.0
33,253,4.0
33,254,3.0
33,255,2.0
33,256,5.0
33,257,2.0
33,258,4.0
33,259,3.0
33,260,4.0
33,261,2.0
33,262,3.0
33,263,3.0
33,264,4.0
33,265,4.0
33,266,3.0
33,267,2.0
33,268,4.0
33,269,3.0
33,270,5.0
33,271,3.0
33,272,3.0
33,273,4.0
33,274,4.0
33,275,3.0
33,276,4.0
33,277,4.0
33,278,4.0
33,279,3.0
33,280,3.0
33,281,4.0
33,282,5.0
33,283,5.0
33,284,4.0
33,285,4.0
33,286,5.0
33,287,5.0
33,288,2.0
33,289,3.0
33,290,4.0
33,291,4.0
33,292,4.0
33,293,4.0
33,294,5.0
33,295,2.0
33,296,5.0
33,297,4.0
33,298,4.0
33,299,5.0
33,300,3.0
33,301,3.0
33,302,3.0
33,303,5.0
33,304,3.0
33,305,4.0
33,306,4.0
33,307,4.0
33,308,4.0
33,309,4.0
33,310,2.0
33,311,4.0
33,312,3.0
33,313,3.0
33,314,2.0
33,315,4.0
33,316,2.0
33,317,3.0
33,318,4.0
33,319,4.0
33,320,4.0
33,321,1.0
33,322,4.0
33,323,3.0
33,324,3.0
33,325,2.0
33,326,3.0
33,327,3.0
33,328,3.0
33,329,3.0
33,330,3.0
33,331,2.0
33,332,4.0
33,333,3.0
33,334,5.0
33,335,5.0
33,336,5.0
33,337,2.0
33,338,3.0
33,339,4.0
33,340,4.0
33,341,4.0
33,342,4.0
33,343,3.0
33,344,2.0
33,345,2.0
33,346,3.0
33,347,2.0
33,348,3.0
33,349,4.0
33,350,3.0
33,351,3.0
33,352,3.0
33,353,3.0
33,354,4.0
33,355,3.0
33,356,5.0
33,357,2.0
33,358,4.0
33,359,3.0
33,360,2.0
33,361,2.0
33,362,3.0
33,363,3.0
33,364,6.0
33,365,5.0
33,366,3.0
33,367,2.0
33,368,4.0
33,369,6.0
33,370,3.0
33,371,2.0
33,372,4.0
33,373,5.0
33,374,2.0
33,375,1.0
33,376,3.0
33,377,5.0
34,35,6.0
34,36,5.0
34,37,6.0
34,38,5.0
34,39,4.0
34,40,3.0
34,41,4.0
34,42,7.0
34,43,5.0
34,44,1.0
34,45,5.0
34,46,5.0
34,47,4.0
34,48,5.0
34,49,3.0
34,50,5.0
34,51,5.0
34,52,4.0
34,53,4.0
34,54,4.0
34,55,4.0
34,56,4.0
34,57,3.0
34,58,3.0
34,59,8.0
34,60,4.0
34,61,3.0
34,62,5.0
34,63,4.0
34,64,5.0
34,65,6.0
34,66,6.0
34,67,4.0
34,68,3.0
34,69,4.0
34,70,4.0
34,71,3.0
34,72,5.0
34,73,4.0
34,74,4.0
34,75,5.0
34,76,5.0
34,77,4.0
34,78,3.0
34,79,3.0
34,80,4.0
34,81,3.0
34,82,5.0
34,83,5.0
34,84,5.0
34,85,5.0
34,86,6.0
34,87,5.0
34,88,4.0
34,89,7.0
34,90,4.0
34,91,3.0
34,92,5.0
34,93,2.0
34,94,4.0
34,95,4.0
34,96,5.0
34,97,5.0
34,98,5.0
34,99,4.0
34,100,2.0
34,101,3.0
34,102,2.0
34,103,4.0
34,104,5.0
34,105,3.0
34,106,3.0
34,107,9.0
34,108,5.0
34,109,5.0
34,110,3.0
34,111,3.0
34,112,5.0
34,113,3.0
34,114,5.0
34,115,5.0
34,116,5.0
34,117,4.0
34,118,5.0
34,119,3.0
34,120,4.0
34,121,5.0
34,122,3.0
34,123,5.0
34,124,5.0
34,125,5.0
34,126,4.0
34,127,4.0
34,128,5.0
34,129,4.0
34,130,4.0
34,131,4.0
34,132,3.0
34,133,3.0
34,134,3.0
34,135,3.0
34,136,4.0
34,137,4.0
34,138,4.0
34,139,6.0
34,140,3.0
34,141,4.0
34,142,4.0
34,143,9.0
34,144,9.0
34,145,4.0
34,146,4.0
34,147,6.0
34,148,6.0
34,149,4.0
34,150,3.0
34,151,3.0
34,152,4.0
34,153,4.0
34,154,3.0
34,155,3.0
34,156,6.0
34,157,6.0
34,158,6.0
34,159,3.0
34,160,5.0
34,161,4.0
34,162,4.0
34,163,6.0
34,164,4.0
34,165,1.0
34,166,5.0
34,167,6.0
34,168,4.0
34,169,4.0
34,170,6.0
34,171,6.0
34,172,6.0
34,173,4.0
34,174,4.0
34,175,5.0
34,176,7.0
34,177,4.0
34,178,4.0
34,179,6.0
34,180,4.0
34,181,4.0
34,182,6.0
34,183,6.0
34,184,4.0
34,185,5.0
34,186,4.0
34,187,4.0
34,188,3.0
34,189,6.0
34,190,6.0
34,191,6.0
34,192,6.0
34,193,6.0
34,194,6.0
34,195,6.0
34,196,4.0
34,197,4.0
34,198,4.0
34,199,4.0
34,200,4.0
34,201,4.0
34,202,4.0
34,203,5.0
34,204,6.0
34,205,6.0
34,206,7.0
34,207,3.0
34,208,6.0
34,209,3.0
34,210,4.0
34,211,6.0
34,212,3.0
34,213,4.0
34,214,6.0
34,215,4.0
34,216,3.0
34,217,6.0
34,218,7.0
34,219,3.0
34,220,6.0
34,221,5.0
34,222,3.0
34,223,6.0
34,224,3.0
34,225,6.0
34,226,6.0
34,227,2.0
34,228,5.0
34,229,2.0
34,230,1.0
34,231,8.0
34,232,3.0
34,233,4.0
34,234,6.0
34,235,5.0
34,236,5.0
34,237,3.0
34,238,6.0
34,239,6.0
34,240,6.0
34,241,4.0
34,242,5.0
34,243,4.0
34,244,5.0
34,245,7.0
34,246,4.0
34,247,4.0
34,248,2.0
34,249,4.0
34,250,3.0
34,251,5.0
34,252,4.0
34,253,4.0
34,254,2.0
34,255,4.0
34,256,4.0
34,257,4.0
34,258,5.0
34,259,2.0
34,260,4.0
34,261,4.0
34,262,4.0
34,263,5.0
34,264,6.0
34,265,7.0
34,266,4.0
34,267,4.0
34,268,6.0
34,269,5.0
34,270,6.0
34,271,2.0
34,272,4.0
34,273,4.0
34,274,3.0
34,275,3.0
34,276,8.0
34,277,4.0
34,278,5.0
34,279,4.0
34,280,4.0
34,281,7.0
34,282,6.0
34,283,5.0
34,284,8.0
34,285,3.0
34,286,3.0
34,287,7.0
34,288,2.0
34,289,5.0
34,290,4.0
34,291,6.0
34,292,5.0
34,293,6.0
34,294,6.0
34,295,4.0
34,296,7.0
34,297,3.0
34,298,4.0
34,299,6.0
34,300,4.0
34,301,4.0
34,302,4.0
34,303,7.0
34,304,4.0
34,305,7.0
34,306,5.0
34,307,4.0
34,308,6.0
34,309,5.0
34,310,3.0
34,311,6.0
34,312,2.0
34,313,4.0
34,314,4.0
34,315,3.0
34,316,4.0
34,317,4.0
34,318,3.0
34,319,4.0
34,320,4.0
34,321,2.0
34,322,6.0
34,323,4.0
34,324,4.0
34,325,1.0
34,326,2.0
34,327,2.0
34,328,5.0
34,329,4.0
34,330,3.0
34,331,3.0
34,332,5.0
34,333,4.0
34,334,6.0
34,335,6.0
34,336,5.0
34,337,4.0
34,338,5.0
34,339,4.0
34,340,4.0
34,341,7.0
34,342,5.0
34,343,5.0
34,344,3.0
34,345,5.0
34,346,4.0
34,347,4.0
34,348,3.0
34,349,5.0
34,350,4.0
34,351,3.0
34,352,5.0
34,353,3.0
34,354,8.0
34,355,3.0
34,356,3.0
34,357,3.0
34,358,3.0
34,359,4.0
34,360,5.0
34,361,3.0
34,362,4.0
34,363,3.0
34,364,6.0
34,365,7.0
34,366,4.0
34,367,4.0
34,368,4.0
34,369,5.0
34,370,4.0
34,371,4.0
34,372,4.0
34,373,6.0
34,374,3.0
34,375,3.0
34,376,4.0
34,377,5.0
35,36,5.0
35,37,6.0
35,38,8.0
35,39,4.0
35,40,4.0
35,41,5.0
35,42,7.0
35,43,5.0
35,44,3.0
35,45,5.0
35,46,5.0
35,47,6.0
35,48,5.0
35,49,6.0
35,50,5.0
35,51,5.0
35,52,6.0
35,53,6.0
35,54,4.0
35,55,4.0
35,56,7.0
35,57,5.0
35,58,4.0
35,59,6.0
35,60,6.0
35,61,4.0
35,62,5.0
35,63,5.0
35,64,7.0
35,65,5.0
35,66,5.0
35,67,6.0
35,68,3.0
35,69,5.0
35,70,5.0
35,71,3.0
35,72,7.0
35,73,4.0
35,74,5.0
35,75,5.0
35,76,6.0
35,77,5.0
35,78,3.0
35,79,3.0
35,80,4.0
35,81,3.0
35,82,5.0
35,83,5.0
35,84,5.0
35,85,5.0
35,86,5.0
35,87,5.0
35,88,4.0
35,89,8.0
35,90,6.0
35,91,3.0
35,92,5.0
35,93,5.0
35,94,6.0
35,95,6.0
35,96,4.0
35,97,6.0
35,98,4.0
35,99,5.0
35,100,4.0
35,101,4.0
35,102,4.0
35,103,6.0
35,104,6.0
35,105,5.0
35,106,5.0
35,107,6.0
35,108,7.0
35,109,6.0
35,110,3.0
35,111,5.0
35,112,6.0
35,113,5.0
35,114,5.0
35,115,5.0
35,116,5.0
35,117,5.0
35,118,7.0
35,119,5.0
35,120,5.0
35,121,7.0
35,122,5.0
35,123,6.0
35,124,7.0
35,125,7.0
35,126,5.0
35,127,5.0
35,128,6.0
35,129,5.0
35,130,5.0
35,131,5.0
35,132,6.0
35,133,6.0
35,134,6.0
35,135,6.0
35,136,6.0
35,137,6.0
35,138,6.0
35,139,7.0
35,140,5.0
35,141,5.0
35,142,6.0
35,143,6.0
35,144,6.0
35,145,5.0
35,146,4.0
35,147,8.0
35,148,8.0
35,149,4.0
35,150,6.0
35,151,6.0
35,152,6.0
35,153,4.0
35,154,5.0
35,155,4.0
35,156,7.0
35,157,6.0
35,158,6.0
35,159,5.0
35,160,5.0
35,161,5.0
35,162,7.0
35,163,6.0
35,164,7.0
35,165,4.0
35,166,6.0
35,167,6.0
35,168,5.0
35,169,5.0
35,170,6.0
35,171,7.0
35,172,6.0
35,173,5.0
35,174,4.0
35,175,7.0
35,176,7.0
35,177,5.0
35,178,5.0
35,179,4.0
35,180,6.0
35,181,6.0
35,182,7.0
35,183,7.0
35,184,2.0
35,185,6.0
35,186,5.0
35,187,5.0
35,188,4.0
35,189,7.0
35,190,6.0
35,191,6.0
35,192,6.0
35,193,6.0
35,194,6.0
35,195,7.0
35,196,4.0
35,197,4.0
35,198,4.0
35,199,5.0
35,200,5.0
35,201,5.0
35,202,4.0
35,203,6.0
35,204,7.0
35,205,7.0
35,206,5.0
35,207,5.0
35,208,6.0
35,209,4.0
35,210,3.0
35,211,7.0
35,212,5.0
35,213,5.0
35,214,6.0
35,215,5.0
35,216,4.0
35,217,6.0
35,218,7.0
35,219,6.0
35,220,7.0
35,221,7.0
35,222,5.0
35,223,5.0
35,224,5.0
35,225,5.0
35,226,7.0
35,227,3.0
35,228,6.0
35,229,4.0
35,230,5.0
35,231,6.0
35,232,4.0
35,233,4.0
35,234,8.0
35,235,6.0
35,236,6.0
35,237,4.0
35,238,8.0
35,239,7.0
35,240,7.0
35,241,4.0
35,242,6.0
35,243,6.0
35,244,4.0
35,245,5.0
35,246,5.0
35,247,4.0
35,248,3.0
35,249,5.0
35,250,4.0
35,251,6.0
35,252,5.0
35,253,5.0
35,254,4.0
35,255,4.0
35,256,6.0
35,257,5.0
35,258,6.0
35,259,4.0
35,260,4.0
35,261,3.0
35,262,6.0
35,263,5.0
35,264,7.0
35,265,7.0
35,266,5.0
35,267,4.0
35,268,7.0
35,269,6.0
35,270,6.0
35,271,4.0
35,272,4.0
35,273,7.0
35,274,5.0
35,275,5.0
35,276,6.0
35,277,5.0
35,278,7.0
35,279,6.0
35,280,3.0
35,281,7.0
35,282,6.0
35,283,3.0
35,284,5.0
35,285,4.0
35,286,5.0
35,287,8.0
35,288,3.0
35,289,5.0
35,290,7.0
35,291,6.0
35,292,6.0
35,293,9.0
35,294,6.0
35,295,5.0
35,296,8.0
35,297,6.0
35,298,6.0
35,299,8.0
35,300,6.0
35,301,5.0
35,302,6.0
35,303,5.0
35,304,6.0
35,305,7.0
35,306,5.0
35,307,5.0
35,308,6.0
35,309,6.0
35,310,3.0
35,311,7.0
35,312,4.0
35,313,2.0
35,314,4.0
35,315,5.0
35,316,5.0
35,317,5.0
35,318,5.0
35,319,5.0
35,320,5.0
35,321,3.0
35,322,7.0
35,323,4.0
35,324,4.0
35,325,3.0
35,326,3.0
35,327,4.0
35,328,4.0
35,329,5.0
35,330,5.0
35,331,4.0
35,332,5.0
35,333,6.0
35,334,6.0
35,335,6.0
35,336,9.0
35,337,4.0
35,338,7.0
35,339,6.0
35,340,8.0
35,341,7.0
35,342,6.0
35,343,4.0
35,344,5.0
35,345,6.0
35,346,5.0
35,347,3.0
35,348,4.0
35,349,7.0
35,350,6.0
35,351,5.0
35,352,3.0
35,353,5.0
35,354,5.0
35,355,5.0
35,356,5.0
35,357,2.0
35,358,5.0
35,359,4.0
35,360,4.0
35,361,4.0
35,362,5.0
35,363,6.0
35,364,7.0
35,365,8.0
35,366,4.0
35,367,4.0
35,368,7.0
35,369,6.0
35,370,6.0
35,371,5.0
35,372,4.0
35,373,6.0
35,374,3.0
35,375,4.0
35,376,6.0
35,377,6.0
36,37,3.0
36,38,6.0
36,39,4.0
36,40,4.0
36,41,7.0
36,42,6.0
36,43,4.0
36,44,3.0
36,45,4.0
36,46,4.0
36,47,6.0
36,48,7.0
36,49,6.0
36,50,4.0
36,51,4.0
36,52,6.0
36,53,7.0
36,54,3.0
36,55,3.0
36,56,4.0
36,57,4.0
36,58,3.0
36,59,5.0
36,60,4.0
36,61,4.0
36,62,6.0
36,63,3.0
36,64,4.0
36,65,5.0
36,66,5.0
36,67,7.0
36,68,3.0
36,69,4.0
36,70,4.0
36,71,3.0
36,72,3.0
36,73,3.0
36,74,2.0
36,75,4.0
36,76,3.0
36,77,4.0
36,78,3.0
36,79,3.0
36,80,4.0
36,81,4.0
36,82,5.0
36,83,5.0
36,84,5.0
36,85,5.0
36,86,4.0
36,87,5.0
36,88,5.0
36,89,6.0
36,90,4.0
36,91,6.0
36,92,4.0
36,93,4.0
36,94,5.0
36,95,7.0
36,96,4.0
36,97,5.0
36,98,4.0
36,99,5.0
36,100,3.0
36,101,4.0
36,102,3.0
36,103,4.0
36,104,3.0
36,105,3.0
36,106,3.0
36,107,5.0
36,108,5.0
36,109,4.0
36,110,4.0
36,111,3.0
36,112,5.0
36,113,3.0
36,114,5.0
36,115,5.0
36,116,5.0
36,117,4.0
36,118,5.0
36,119,5.0
36,120,4.0
36,121,5.0
36,122,5.0
36,123,5.0
36,124,5.0
36,125,5.0
36,126,4.0
36,127,4.0
36,128,6.0
36,129,4.0
36,130,4.0
36,131,4.0
36,132,6.0
36,133,6.0
36,134,6.0
36,135,6.0
36,136,4.0
36,137,4.0
36,138,4.0
36,139,5.0
36,140,4.0
36,141,4.0
36,142,4.0
36,143,5.0
36,144,5.0
36,145,3.0
36,146,4.0
36,147,6.0
36,148,6.0
36,149,4.0
36,150,3.0
36,151,3.0
36,152,4.0
36,153,4.0
36,154,4.0
36,155,2.0
36,156,7.0
36,157,5.0
36,158,5.0
36,159,4.0
36,160,6.0
36,161,4.0
36,162,4.0
36,163,5.0
36,164,8.0
36,165,3.0
36,166,4.0
36,167,5.0
36,168,4.0
36,169,4.0
36,170,5.0
36,171,5.0
36,172,5.0
36,173,4.0
36,174,5.0
36,175,5.0
36,176,4.0
36,177,6.0
36,178,6.0
36,179,5.0
36,180,5.0
36,181,5.0
36,182,5.0
36,183,5.0
36,184,3.0
36,185,5.0
36,186,4.0
36,187,4.0
36,188,4.0
36,189,6.0
36,190,6.0
36,191,6.0
36,192,6.0
36,193,5.0
36,194,5.0
36,195,7.0
36,196,3.0
36,197,3.0
36,198,3.0
36,199,4.0
36,200,4.0
36,201,4.0
36,202,3.0
36,203,6.0
36,204,7.0
36,205,7.0
36,206,5.0
36,207,9.0
36,208,5.0
36,209,3.0
36,210,6.0
36,211,5.0
36,212,4.0
36,213,4.0
36,214,4.0
36,215,4.0
36,216,4.0
36,217,6.0
36,218,4.0
36,219,4.0
36,220,5.0
36,221,4.0
36,222,4.0
36,223,4.0
36,224,3.0
36,225,5.0
36,226,4.0
36,227,4.0
36,228,7.0
36,229,4.0
36,230,5.0
36,231,5.0
36,232,4.0
36,233,2.0
36,234,5.0
36,235,5.0
36,236,4.0
36,237,3.0
36,238,5.0
36,239,5.0
36,240,5.0
36,241,4.0
36,242,5.0
36,243,5.0
36,244,5.0
36,245,5.0
36,246,6.0
36,247,4.0
36,248,3.0
36,249,6.0
36,250,5.0
36,251,7.0
36,252,5.0
36,253,7.0
36,254,3.0
36,255,2.0
36,256,4.0
36,257,3.0
36,258,4.0
36,259,4.0
36,260,4.0
36,261,3.0
36,262,5.0
36,263,3.0
36,264,5.0
36,265,4.0
36,266,3.0
36,267,4.0
36,268,5.0
36,269,5.0
36,270,5.0
36,271,4.0
36,272,4.0
36,273,9.0
36,274,5.0
36,275,3.0
36,276,5.0
36,277,5.0
36,278,4.0
36,279,6.0
36,280,6.0
36,281,4.0
36,282,8.0
36,283,4.0
36,284,5.0
36,285,6.0
36,286,3.0
36,287,5.0
36,288,3.0
36,289,8.0
36,290,3.0
36,291,6.0
36,292,5.0
36,293,4.0
36,294,5.0
36,295,4.0
36,296,6.0
36,297,5.0
36,298,4.0
36,299,4.0
36,300,4.0
36,301,4.0
36,302,3.0
36,303,5.0
36,304,4.0
36,305,4.0
36,306,4.0
36,307,5.0
36,308,3.0
36,309,4.0
36,310,3.0
36,311,5.0
36,312,4.0
36,313,3.0
36,314,5.0
36,315,5.0
36,316,6.0
36,317,4.0
36,318,9.0
36,319,5.0
36,320,5.0
36,321,1.0
36,322,5.0
36,323,4.0
36,324,4.0
36,325,3.0
36,326,4.0
36,327,4.0
36,328,5.0
36,329,6.0
36,330,3.0
36,331,5.0
36,332,3.0
36,333,4.0
36,334,5.0
36,335,5.0
36,336,4.0
36,337,5.0
36,338,4.0
36,339,4.0
36,340,6.0
36,341,4.0
36,342,5.0
36,343,5.0
36,344,3.0
36,345,5.0
36,346,6.0
36,347,8.0
36,348,5.0
36,349,4.0
36,350,3.0
36,351,3.0
36,352,4.0
36,353,3.0
36,354,5.0
36,355,3.0
36,356,3.0
36,357,3.0
36,358,6.0
36,359,4.0
36,360,3.0
36,361,4.0
36,362,3.0
36,363,4.0
36,364,5.0
36,365,5.0
36,366,4.0
36,367,5.0
36,368,7.0
36,369,5.0
36,370,6.0
36,371,4.0
36,372,4.0
36,373,5.0
36,374,3.0
36,375,3.0
36,376,5.0
36,377,6.0
37,38,6.0
37,39,6.0
37,40,5.0
37,41,4.0
37,42,7.0
37,43,7.0
37,44,1.0
37,45,7.0
37,46,7.0
37,47,3.0
37,48,6.0
37,49,3.0
37,50,7.0
37,51,7.0
37,52,3.0
37,53,3.0
37,54,4.0
37,55,4.0
37,56,5.0
37,57,4.0
37,58,6.0
37,59,5.0
37,60,5.0
37,61,3.0
37,62,5.0
37,63,5.0
37,64,6.0
37,65,6.0
37,66,6.0
37,67,3.0
37,68,3.0
37,69,3.0
37,70,3.0
37,71,3.0
37,72,7.0
37,73,5.0
37,74,8.0
37,75,5.0
37,76,8.0
37,77,4.0
37,78,3.0
37,79,3.0
37,80,4.0
37,81,3.0
37,82,5.0
37,83,4.0
37,84,4.0
37,85,4.0
37,86,5.0
37,87,5.0
37,88,4.0
37,89,8.0
37,90,5.0
37,91,4.0
37,92,4.0
37,93,2.0
37,94,6.0
37,95,3.0
37,96,7.0
37,97,4.0
37,98,7.0
37,99,5.0
37,100,3.0
37,101,3.0
37,102,3.0
37,103,7.0
37,104,4.0
37,105,3.0
37,106,3.0
37,107,6.0
37,108,6.0
37,109,6.0
37,110,3.0
37,111,4.0
37,112,3.0
37,113,4.0
37,114,4.0
37,115,4.0
37,116,4.0
37,117,4.0
37,118,7.0
37,119,4.0
37,120,4.0
37,121,7.0
37,122,4.0
37,123,5.0
37,124,6.0
37,125,6.0
37,126,4.0
37,127,4.0
37,128,5.0
37,129,4.0
37,130,4.0
37,131,4.0
37,132,5.0
37,133,5.0
37,134,5.0
37,135,5.0
37,136,4.0
37,137,4.0
37,138,4.0
37,139,5.0
37,140,3.0
37,141,3.0
37,142,4.0
37,143,6.0
37,144,6.0
37,145,6.0
37,146,4.0
37,147,8.0
37,148,8.0
37,149,4.0
37,150,4.0
37,151,4.0
37,152,6.0
37,153,5.0
37,154,5.0
37,155,4.0
37,156,5.0
37,157,5.0
37,158,5.0
37,159,3.0
37,160,3.0
37,161,3.0
37,162,5.0
37,163,5.0
37,164,4.0
37,165,2.0
37,166,6.0
37,167,5.0
37,168,6.0
37,169,4.0
37,170,5.0
37,171,8.0
37,172,5.0
37,173,4.0
37,174,5.0
37,175,6.0
37,176,7.0
37,177,3.0
37,178,3.0
37,179,7.0
37,180,3.0
37,181,3.0
37,182,5.0
37,183,8.0
37,184,4.0
37,185,7.0
37,186,5.0
37,187,5.0
37,188,3.0
37,189,5.0
37,190,7.0
37,191,7.0
37,192,7.0
37,193,6.0
37,194,5.0
37,195,5.0
37,196,5.0
37,197,5.0
37,198,5.0
37,199,5.0
37,200,5.0
37,201,5.0
37,202,7.0
37,203,8.0
37,204,5.0
37,205,5.0
37,206,6.0
37,207,2.0
37,208,5.0
37,209,4.0
37,210,5.0
37,211,8.0
37,212,5.0
37,213,4.0
37,214,6.0
37,215,4.0
37,216,4.0
37,217,5.0
37,218,7.0
37,219,5.0
37,220,6.0
37,221,4.0
37,222,4.0
37,223,5.0
37,224,3.0
37,225,6.0
37,226,9.0
37,227,3.0
37,228,5.0
37,229,4.0
37,230,1.0
37,231,5.0
37,232,4.0
37,233,5.0
37,234,5.0
37,235,7.0
37,236,7.0
37,237,4.0
37,238,5.0
37,239,6.0
37,240,8.0
37,241,4.0
37,242,7.0
37,243,5.0
37,244,5.0
37,245,7.0
37,246,3.0
37,247,5.0
37,248,3.0
37,249,4.0
37,250,2.0
37,251,5.0
37,252,5.0
37,253,4.0
37,254,3.0
37,255,5.0
37,256,5.0
37,257,6.0
37,258,6.0
37,259,4.0
37,260,4.0
37,261,4.0
37,262,4.0
37,263,7.0
37,264,8.0
37,265,7.0
37,266,6.0
37,267,5.0
37,268,6.0
37,269,6.0
37,270,5.0
37,271,4.0
37,272,4.0
37,273,4.0
37,274,4.0
37,275,3.0
37,276,5.0
37,277,4.0
37,278,4.0
37,279,3.0
37,280,5.0
37,281,7.0
37,282,8.0
37,283,5.0
37,284,7.0
37,285,2.0
37,286,5.0
37,287,8.0
37,288,2.0
37,289,5.0
37,290,6.0
37,291,5.0
37,292,7.0
37,293,8.0
37,294,5.0
37,295,4.0
37,296,7.0
37,297,5.0
37,298,5.0
37,299,7.0
37,300,4.0
37,301,4.0
37,302,5.0
37,303,6.0
37,304,7.0
37,305,7.0
37,306,6.0
37,307,4.0
37,308,13.0
37,309,4.0
37,310,3.0
37,311,8.0
37,312,4.0
37,313,5.0
37,314,4.0
37,315,4.0
37,316,4.0
37,317,4.0
37,318,2.0
37,319,5.0
37,320,4.0
37,321,4.0
37,322,6.0
37,323,6.0
37,324,4.0
37,325,1.0
37,326,3.0
37,327,4.0
37,328,5.0
37,329,3.0
37,330,3.0
37,331,5.0
37,332,6.0
37,333,7.0
37,334,5.0
37,335,6.0
37,336,7.0
37,337,4.0
37,338,4.0
37,339,7.0
37,340,5.0
37,341,7.0
37,342,7.0
37,343,5.0
37,344,3.0
37,345,6.0
37,346,4.0
37,347,2.0
37,348,2.0
37,349,4.0
37,350,7.0
37,351,3.0
37,352,5.0
37,353,5.0
37,354,7.0
37,355,5.0
37,356,5.0
37,357,4.0
37,358,4.0
37,359,6.0
37,360,6.0
37,361,5.0
37,362,4.0
37,363,6.0
37,364,8.0
37,365,8.0
37,366,4.0
37,367,4.0
37,368,4.0
37,369,7.0
37,370,4.0
37,371,4.0
37,372,4.0
37,373,5.0
37,374,3.0
37,375,5.0
37,376,4.0
37,377,5.0
38,39,5.0
38,40,3.0
38,41,4.0
38,42,6.0
38,43,5.0
38,44,3.0
38,45,5.0
38,46,5.0
38,47,7.0
38,48,6.0
38,49,6.0
38,50,5.0
38,51,5.0
38,52,7.0
38,53,5.0
38,54,4.0
38,55,4.0
38,56,6.0
38,57,5.0
38,58,3.0
38,59,5.0
38,60,5.0
38,61,5.0
38,62,6.0
38,63,4.0
38,64,6.0
38,65,4.0
38,66,4.0
38,67,7.0
38,68,3.0
38,69,4.0
38,70,4.0
38,71,2.0
38,72,4.0
38,73,4.0
38,74,4.0
38,75,4.0
38,76,5.0
38,77,4.0
38,78,3.0
38,79,3.0
38,80,3.0
38,81,3.0
38,82,3.0
38,83,4.0
38,84,4.0
38,85,4.0
38,86,3.0
38,87,3.0
38,88,5.0
38,89,6.0
38,90,4.0
38,91,4.0
38,92,3.0
38,93,3.0
38,94,6.0
38,95,5.0
38,96,6.0
38,97,8.0
38,98,6.0
38,99,4.0
38,100,2.0
38,101,3.0
38,102,2.0
38,103,6.0
38,104,4.0
38,105,4.0
38,106,4.0
38,107,5.0
38,108,7.0
38,109,6.0
38,110,3.0
38,111,4.0
38,112,4.0
38,113,4.0
38,114,4.0
38,115,4.0
38,116,4.0
38,117,4.0
38,118,6.0
38,119,4.0
38,120,4.0
38,121,6.0
38,122,4.0
38,123,6.0
38,124,5.0
38,125,5.0
38,126,4.0
38,127,4.0
38,128,7.0
38,129,4.0
38,130,4.0
38,131,4.0
38,132,8.0
38,133,8.0
38,134,8.0
38,135,8.0
38,136,5.0
38,137,5.0
38,138,5.0
38,139,5.0
38,140,4.0
38,141,4.0
38,142,7.0
38,143,5.0
38,144,5.0
38,145,4.0
38,146,3.0
38,147,6.0
38,148,6.0
38,149,3.0
38,150,4.0
38,151,4.0
38,152,5.0
38,153,4.0
38,154,3.0
38,155,4.0
38,156,5.0
38,157,5.0
38,158,5.0
38,159,3.0
38,160,7.0
38,161,4.0
38,162,6.0
38,163,5.0
38,164,6.0
38,165,2.0
38,166,4.0
38,167,5.0
38,168,4.0
38,169,4.0
38,170,5.0
38,171,6.0
38,172,5.0
38,173,5.0
38,174,5.0
38,175,5.0
38,176,6.0
38,177,5.0
38,178,5.0
38,179,5.0
38,180,4.0
38,181,4.0
38,182,5.0
38,183,7.0
38,184,3.0
38,185,5.0
38,186,5.0
38,187,5.0
38,188,5.0
38,189,5.0
38,190,7.0
38,191,7.0
38,192,7.0
38,193,5.0
38,194,5.0
38,195,5.0
38,196,2.0
38,197,2.0
38,198,2.0
38,199,4.0
38,200,4.0
38,201,4.0
38,202,4.0
38,203,5.0
38,204,5.0
38,205,5.0
38,206,5.0
38,207,6.0
38,208,5.0
38,209,4.0
38,210,4.0
38,211,6.0
38,212,4.0
38,213,4.0
38,214,6.0
38,215,4.0
38,216,4.0
38,217,5.0
38,218,6.0
38,219,5.0
38,220,5.0
38,221,4.0
38,222,3.0
38,223,5.0
38,224,4.0
38,225,4.0
38,226,7.0
38,227,3.0
38,228,8.0
38,229,3.0
38,230,4.0
38,231,5.0
38,232,4.0
38,233,3.0
38,234,7.0
38,235,5.0
38,236,4.0
38,237,3.0
38,238,7.0
38,239,5.0
38,240,6.0
38,241,4.0
38,242,5.0
38,243,5.0
38,244,5.0
38,245,5.0
38,246,6.0
38,247,5.0
38,248,3.0
38,249,7.0
38,250,5.0
38,251,8.0
38,252,4.0
38,253,7.0
38,254,3.0
38,255,3.0
38,256,5.0
38,257,4.0
38,258,5.0
38,259,3.0
38,260,3.0
38,261,4.0
38,262,6.0
38,263,6.0
38,264,6.0
38,265,6.0
38,266,4.0
38,267,5.0
38,268,5.0
38,269,7.0
38,270,5.0
38,271,3.0
38,272,4.0
38,273,8.0
38,274,6.0
38,275,4.0
38,276,5.0
38,277,5.0
38,278,5.0
38,279,6.0
38,280,4.0
38,281,6.0
38,282,7.0
38,283,4.0
38,284,5.0
38,285,4.0
38,286,3.0
38,287,7.0
38,288,2.0
38,289,8.0
38,290,5.0
38,291,5.0
38,292,5.0
38,293,5.0
38,294,5.0
38,295,4.0
38,296,6.0
38,297,3.0
38,298,6.0
38,299,5.0
38,300,6.0
38,301,6.0
38,302,3.0
38,303,5.0
38,304,6.0
38,305,6.0
38,306,6.0
38,307,5.0
38,308,6.0
38,309,4.0
38,310,3.0
38,311,6.0
38,312,3.0
38,313,3.0
38,314,3.0
38,315,6.0
38,316,7.0
38,317,3.0
38,318,6.0
38,319,6.0
38,320,5.0
38,321,2.0
38,322,5.0
38,323,4.0
38,324,4.0
38,325,3.0
38,326,3.0
38,327,3.0
38,328,5.0
38,329,5.0
38,330,4.0
38,331,5.0
38,332,4.0
38,333,6.0
38,334,5.0
38,335,6.0
38,336,7.0
38,337,3.0
38,338,6.0
38,339,5.0
38,340,4.0
38,341,6.0
38,342,5.0
38,343,5.0
38,344,4.0
38,345,5.0
38,346,6.0
38,347,6.0
38,348,5.0
38,349,5.0
38,350,6.0
38,351,4.0
38,352,4.0
38,353,4.0
38,354,5.0
38,355,4.0
38,356,3.0
38,357,2.0
38,358,6.0
38,359,4.0
38,360,5.0
38,361,5.0
38,362,4.0
38,363,5.0
38,364,5.0
38,365,7.0
38,366,4.0
38,367,3.0
38,368,5.0
38,369,5.0
38,370,4.0
38,371,4.0
38,372,3.0
38,373,5.0
38,374,3.0
38,375,4.0
38,376,6.0
38,377,5.0
39,40,8.0
39,41,4.0
39,42,6.0
39,43,4.0
39,44,1.0
39,45,7.0
39,46,7.0
39,47,3.0
39,48,4.0
39,49,3.0
39,50,7.0
39,51,7.0
39,52,3.0
39,53,4.0
39,54,6.0
39,55,6.0
39,56,7.0
39,57,3.0
39,58,8.0
39,59,3.0
39,60,5.0
39,61,2.0
39,62,6.0
39,63,4.0
39,64,3.0
39,65,4.0
39,66,4.0
39,67,2.0
39,68,4.0
39,69,3.0
39,70,3.0
39,71,4.0
39,72,4.0
39,73,7.0
39,74,4.0
39,75,3.0
39,76,5.0
39,77,3.0
39,78,6.0
39,79,6.0
39,80,7.0
39,81,3.0
39,82,4.0
39,83,5.0
39,84,5.0
39,85,5.0
39,86,5.0
39,87,4.0
39,88,4.0
39,89,7.0
39,90,9.0
39,91,3.0
39,92,3.0
39,93,4.0
39,94,3.0
39,95,3.0
39,96,5.0
39,97,4.0
39,98,5.0
39,99,7.0
39,100,4.0
39,101,6.0
39,102,4.0
39,103,6.0
39,104,4.0
39,105,6.0
39,106,6.0
39,107,4.0
39,108,5.0
39,109,4.0
39,110,5.0
39,111,3.0
39,112,3.0
39,113,3.0
39,114,5.0
39,115,5.0
39,116,5.0
39,117,8.0
39,118,5.0
39,119,3.0
39,120,8.0
39,121,5.0
39,122,3.0
39,123,3.0
39,124,8.0
39,125,8.0
39,126,3.0
39,127,3.0
39,128,6.0
39,129,3.0
39,130,3.0
39,131,3.0
39,132,3.0
39,133,3.0
39,134,3.0
39,135,3.0
39,136,6.0
39,137,6.0
39,138,6.0
39,139,3.0
39,140,5.0
39,141,3.0
39,142,4.0
39,143,4.0
39,144,4.0
39,145,4.0
39,146,3.0
39,147,8.0
39,148,8.0
39,149,3.0
39,150,3.0
39,151,3.0
39,152,4.0
39,153,3.0
39,154,3.0
39,155,4.0
39,156,5.0
39,157,4.0
39,158,4.0
39,159,5.0
39,160,4.0
39,161,5.0
39,162,9.0
39,163,4.0
39,164,3.0
39,165,2.0
39,166,7.0
39,167,4.0
39,168,11.0
39,169,6.0
39,170,4.0
39,171,6.0
39,172,4.0
39,173,4.0
39,174,8.0
39,175,8.0
39,176,4.0
39,177,3.0
39,178,3.0
39,179,10.0
39,180,4.0
39,181,4.0
39,182,4.0
39,183,5.0
39,184,6.0
39,185,9.0
39,186,7.0
39,187,7.0
39,188,2.0
39,189,4.0
39,190,7.0
39,191,7.0
39,192,7.0
39,193,5.0
39,194,4.0
39,195,5.0
39,196,5.0
39,197,5.0
39,198,5.0
39,199,4.0
39,200,4.0
39,201,4.0
39,202,9.0
39,203,10.0
39,204,5.0
39,205,5.0
39,206,5.0
39,207,2.0
39,208,4.0
39,209,7.0
39,210,10.0
39,211,6.0
39,212,8.0
39,213,5.0
39,214,6.0
39,215,5.0
39,216,7.0
39,217,7.0
39,218,4.0
39,219,2.0
39,220,4.0
39,221,3.0
39,222,3.0
39,223,8.0
39,224,3.0
39,225,4.0
39,226,6.0
39,227,4.0
39,228,5.0
39,229,4.0
39,230,2.0
39,231,3.0
39,232,4.0
39,233,5.0
39,234,5.0
39,235,5.0
39,236,5.0
39,237,5.0
39,238,5.0
39,239,3.0
39,240,6.0
39,241,7.0
39,242,5.0
39,243,8.0
39,244,4.0
39,245,10.0
39,246,3.0
39,247,4.0
39,248,2.0
39,249,3.0
39,250,2.0
39,251,5.0
39,252,7.0
39,253,4.0
39,254,3.0
39,255,3.0
39,256,4.0
39,257,3.0
39,258,3.0
39,259,4.0
39,260,6.0
39,261,8.0
39,262,4.0
39,263,7.0
39,264,6.0
39,265,4.0
39,266,11.0
39,267,4.0
39,268,4.0
39,269,7.0
39,270,4.0
39,271,4.0
39,272,5.0
39,273,3.0
39,274,3.0
39,275,3.0
39,276,3.0
39,277,4.0
39,278,3.0
39,279,3.0
39,280,10.0
39,281,4.0
39,282,7.0
39,283,4.0
39,284,5.0
39,285,3.0
39,286,3.0
39,287,8.0
39,288,6.0
39,289,6.0
39,290,6.0
39,291,4.0
39,292,5.0
39,293,6.0
39,294,4.0
39,295,5.0
39,296,5.0
39,297,3.0
39,298,6.0
39,299,5.0
39,300,3.0
39,301,3.0
39,302,4.0
39,303,4.0
39,304,6.0
39,305,4.0
39,306,5.0
39,307,4.0
39,308,6.0
39,309,3.0
39,310,6.0
39,311,6.0
39,312,4.0
39,313,8.0
39,314,6.0
39,315,3.0
39,316,3.0
39,317,4.0
39,318,2.0
39,319,3.0
39,320,4.0
39,321,2.0
39,322,4.0
39,323,4.0
39,324,5.0
39,325,1.0
39,326,4.0
39,327,4.0
39,328,4.0
39,329,4.0
39,330,2.0
39,331,10.0
39,332,6.0
39,333,6.0
39,334,4.0
39,335,5.0
39,336,4.0
39,337,6.0
39,338,4.0
39,339,8.0
39,340,6.0
39,341,4.0
39,342,5.0
39,343,4.0
39,344,6.0
39,345,8.0
39,346,4.0
39,347,2.0
39,348,2.0
39,349,3.0
39,350,10.0
39,351,3.0
39,352,7.0
39,353,2.0
39,354,5.0
39,355,4.0
39,356,3.0
39,357,8.0
39,358,3.0
39,359,8.0
39,360,4.0
39,361,5.0
39,362,3.0
39,363,7.0
39,364,6.0
39,365,8.0
39,366,5.0
39,367,6.0
39,368,5.0
39,369,4.0
39,370,3.0
39,371,5.0
39,372,6.0
39,373,4.0
39,374,7.0
39,375,3.0
39,376,4.0
39,377,3.0
40,41,6.0
40,42,5.0
40,43,4.0
40,44,2.0
40,45,5.0
40,46,5.0
40,47,5.0
40,48,3.0
40,49,4.0
40,50,5.0
40,51,5.0
40,52,5.0
40,53,3.0
40,54,6.0
40,55,6.0
40,56,4.0
40,57,3.0
40,58,10.0
40,59,2.0
40,60,4.0
40,61,2.0
40,62,4.0
40,63,3.0
40,64,3.0
40,65,5.0
40,66,5.0
40,67,2.0
40,68,4.0
40,69,3.0
40,70,3.0
40,71,4.0
40,72,4.0
40,73,7.0
40,74,4.0
40,75,2.0
40,76,4.0
40,77,3.0
40,78,6.0
40,79,6.0
40,80,7.0
40,81,3.0
40,82,5.0
40,83,5.0
40,84,5.0
40,85,5.0
40,86,4.0
40,87,5.0
40,88,3.0
40,89,5.0
40,90,8.0
40,91,4.0
40,92,3.0
40,93,6.0
40,94,4.0
40,95,5.0
40,96,3.0
40,97,4.0
40,98,3.0
40,99,9.0
40,100,3.0
40,101,5.0
40,102,3.0
40,103,5.0
40,104,4.0
40,105,6.0
40,106,6.0
40,107,3.0
40,108,4.0
40,109,3.0
40,110,4.0
40,111,3.0
40,112,3.0
40,113,3.0
40,114,5.0
40,115,5.0
40,116,5.0
40,117,7.0
40,118,3.0
40,119,5.0
40,120,7.0
40,121,3.0
40,122,5.0
40,123,2.0
40,124,10.0
40,125,10.0
40,126,3.0
40,127,3.0
40,128,5.0
40,129,3.0
40,130,3.0
40,131,3.0
40,132,4.0
40,133,4.0
40,134,4.0
40,135,4.0
40,136,6.0
40,137,6.0
40,138,6.0
40,139,3.0
40,140,3.0
40,141,3.0
40,142,3.0
40,143,3.0
40,144,3.0
40,145,3.0
40,146,3.0
40,147,7.0
40,148,7.0
40,149,3.0
40,150,3.0
40,151,3.0
40,152,3.0
40,153,2.0
40,154,3.0
40,155,5.0
40,156,5.0
40,157,3.0
40,158,3.0
40,159,6.0
40,160,3.0
40,161,3.0
40,162,8.0
40,163,3.0
40,164,4.0
40,165,3.0
40,166,7.0
40,167,3.0
40,168,8.0
40,169,6.0
40,170,3.0
40,171,4.0
40,172,3.0
40,173,4.0
40,174,8.0
40,175,10.0
40,176,5.0
40,177,3.0
40,178,3.0
40,179,7.0
40,180,3.0
40,181,3.0
40,182,4.0
40,183,4.0
40,184,6.0
40,185,7.0
40,186,5.0
40,187,5.0
40,188,2.0
40,189,4.0
40,190,4.0
40,191,4.0
40,192,4.0
40,193,5.0
40,194,3.0
40,195,5.0
40,196,6.0
40,197,6.0
40,198,6.0
40,199,4.0
40,200,4.0
40,201,4.0
40,202,7.0
40,203,8.0
40,204,5.0
40,205,5.0
40,206,4.0
40,207,4.0
40,208,3.0
40,209,6.0
40,210,8.0
40,211,4.0
40,212,6.0
40,213,5.0
40,214,4.0
40,215,3.0
40,216,5.0
40,217,5.0
40,218,5.0
40,219,4.0
40,220,4.0
40,221,3.0
40,222,5.0
40,223,6.0
40,224,3.0
40,225,5.0
40,226,6.0
40,227,4.0
40,228,5.0
40,229,4.0
40,230,3.0
40,231,2.0
40,232,4.0
40,233,3.0
40,234,3.0
40,235,5.0
40,236,5.0
40,237,5.0
40,238,3.0
40,239,4.0
40,240,4.0
40,241,7.0
40,242,5.0
40,243,7.0
40,244,3.0
40,245,8.0
40,246,3.0
40,247,4.0
40,248,1.0
40,249,3.0
40,250,3.0
40,251,5.0
40,252,9.0
40,253,5.0
40,254,3.0
40,255,3.0
40,256,3.0
40,257,3.0
40,258,3.0
40,259,4.0
40,260,5.0
40,261,6.0
40,262,4.0
40,263,6.0
40,264,4.0
40,265,5.0
40,266,9.0
40,267,4.0
40,268,4.0
40,269,6.0
40,270,3.0
40,271,4.0
40,272,5.0
40,273,4.0
40,274,3.0
40,275,3.0
40,276,2.0
40,277,4.0
40,278,4.0
40,279,4.0
40,280,8.0
40,281,5.0
40,282,5.0
40,283,2.0
40,284,4.0
40,285,3.0
40,286,3.0
40,287,6.0
40,288,6.0
40,289,5.0
40,290,6.0
40,291,4.0
40,292,5.0
40,293,6.0
40,294,3.0
40,295,5.0
40,296,5.0
40,297,3.0
40,298,5.0
40,299,5.0
40,300,3.0
40,301,2.0
40,302,4.0
40,303,2.0
40,304,5.0
40,305,5.0
40,306,3.0
40,307,4.0
40,308,5.0
40,309,2.0
40,310,6.0
40,311,4.0
40,312,4.0
40,313,6.0
40,314,7.0
40,315,3.0
40,316,3.0
40,317,3.0
40,318,4.0
40,319,3.0
40,320,4.0
40,321,3.0
40,322,4.0
40,323,4.0
40,324,5.0
40,325,2.0
40,326,4.0
40,327,4.0
40,328,3.0
40,329,5.0
40,330,2.0
40,331,7.0
40,332,6.0
40,333,5.0
40,334,4.0
40,335,4.0
40,336,4.0
40,337,7.0
40,338,4.0
40,339,7.0
40,340,9.0
40,341,5.0
40,342,5.0
40,343,3.0
40,344,6.0
40,345,7.0
40,346,4.0
40,347,2.0
40,348,3.0
40,349,4.0
40,350,8.0
40,351,3.0
40,352,6.0
40,353,3.0
40,354,4.0
40,355,4.0
40,356,3.0
40,357,8.0
40,358,3.0
40,359,8.0
40,360,3.0
40,361,5.0
40,362,3.0
40,363,8.0
40,364,5.0
40,365,6.0
40,366,5.0
40,367,7.0
40,368,4.0
40,369,3.0
40,370,3.0
40,371,5.0
40,372,5.0
40,373,3.0
40,374,6.0
40,375,4.0
40,376,4.0
40,377,3.0
41,42,7.0
41,43,5.0
41,44,3.0
41,45,5.0
41,46,5.0
41,47,5.0
41,48,5.0
41,49,6.0
41,50,5.0
41,51,5.0
41,52,5.0
41,53,9.0
41,54,5.0
41,55,5.0
41,56,6.0
41,57,7.0
41,58,6.0
41,59,4.0
41,60,5.0
41,61,4.0
41,62,5.0
41,63,6.0
41,64,4.0
41,65,6.0
41,66,6.0
41,67,5.0
41,68,4.0
41,69,3.0
41,70,3.0
41,71,4.0
41,72,5.0
41,73,4.0
41,74,4.0
41,75,3.0
41,76,5.0
41,77,4.0
41,78,3.0
41,79,3.0
41,80,4.0
41,81,5.0
41,82,6.0
41,83,5.0
41,84,5.0
41,85,5.0
41,86,5.0
41,87,6.0
41,88,5.0
41,89,6.0
41,90,5.0
41,91,6.0
41,92,5.0
41,93,4.0
41,94,6.0
41,95,7.0
41,96,4.0
41,97,5.0
41,98,4.0
41,99,7.0
41,100,3.0
41,101,4.0
41,102,3.0
41,103,5.0
41,104,4.0
41,105,4.0
41,106,4.0
41,107,4.0
41,108,6.0
41,109,4.0
41,110,3.0
41,111,3.0
41,112,6.0
41,113,3.0
41,114,5.0
41,115,5.0
41,116,5.0
41,117,6.0
41,118,5.0
41,119,6.0
41,120,6.0
41,121,5.0
41,122,6.0
41,123,6.0
41,124,7.0
41,125,7.0
41,126,6.0
41,127,6.0
41,128,6.0
41,129,6.0
41,130,6.0
41,131,6.0
41,132,5.0
41,133,5.0
41,134,5.0
41,135,5.0
41,136,5.0
41,137,5.0
41,138,5.0
41,139,5.0
41,140,3.0
41,141,3.0
41,142,3.0
41,143,4.0
41,144,4.0
41,145,5.0
41,146,2.0
41,147,8.0
41,148,8.0
41,149,2.0
41,150,5.0
41,151,5.0
41,152,5.0
41,153,7.0
41,154,5.0
41,155,5.0
41,156,7.0
41,157,6.0
41,158,6.0
41,159,7.0
41,160,5.0
41,161,6.0
41,162,6.0
41,163,6.0
41,164,6.0
41,165,3.0
41,166,7.0
41,167,6.0
41,168,5.0
41,169,4.0
41,170,6.0
