0,1,2.0
0,2,3.0
0,3,4.0
0,4,4.0
0,5,4.0
0,6,4.0
0,7,3.0
0,8,3.0
0,9,5.0
0,10,4.0
0,11,5.0
0,12,4.0
0,13,3.0
0,14,3.0
0,15,3.0
0,16,3.0
0,17,3.0
0,18,4.0
0,19,3.0
0,20,3.0
0,21,4.0
0,22,3.0
0,23,3.0
0,24,3.0
0,25,4.0
0,26,2.0
0,27,2.0
0,28,2.0
0,29,3.0
0,30,4.0
0,31,3.0
0,32,2.0
0,33,4.0
0,34,2.0
0,35,4.0
0,36,4.0
0,37,3.0
0,38,4.0
0,39,3.0
0,40,4.0
0,41,4.0
0,42,3.0
0,43,3.0
0,44,4.0
0,45,4.0
0,46,4.0
0,47,2.0
0,48,3.0
0,49,3.0
0,50,4.0
0,51,4.0
0,52,2.0
0,53,4.0
0,54,3.0
0,55,3.0
0,56,3.0
0,57,3.0
0,58,4.0
0,59,4.0
0,60,3.0
0,61,4.0
0,62,5.0
0,63,3.0
0,64,4.0
0,65,2.0
0,66,2.0
0,67,3.0
0,68,4.0
0,69,4.0
0,70,4.0
0,71,4.0
0,72,4.0
0,73,3.0
0,74,3.0
0,75,4.0
0,76,2.0
0,77,1.0
0,78,2.0
0,79,2.0
0,80,3.0
0,81,3.0
0,82,3.0
0,83,4.0
0,84,4.0
0,85,4.0
0,86,3.0
0,87,3.0
0,88,3.0
0,89,3.0
0,90,4.0
0,91,4.0
0,92,3.0
0,93,2.0
0,94,2.0
0,95,3.0
0,96,3.0
0,97,4.0
0,98,3.0
0,99,3.0
0,100,4.0
0,101,4.0
0,102,4.0
0,103,4.0
0,104,5.0
0,105,1.0
0,106,1.0
0,107,1.0
0,108,3.0
0,109,3.0
0,110,4.0
0,111,4.0
0,112,5.0
0,113,4.0
0,114,4.0
0,115,4.0
0,116,4.0
0,117,4.0
0,118,4.0
0,119,4.0
0,120,4.0
0,121,4.0
0,122,4.0
0,123,5.0
0,124,2.0
0,125,2.0
0,126,3.0
0,127,3.0
0,128,4.0
0,129,3.0
0,130,3.0
0,131,3.0
0,132,4.0
0,133,4.0
0,134,4.0
0,135,4.0
0,136,3.0
0,137,3.0
0,138,3.0
0,139,4.0
0,140,4.0
0,141,4.0
0,142,3.0
0,143,2.0
0,144,2.0
0,145,3.0
0,146,3.0
0,147,3.0
0,148,3.0
0,149,3.0
0,150,5.0
0,151,5.0
0,152,3.0
0,153,3.0
0,154,3.0
0,155,3.0
0,156,4.0
0,157,4.0
0,158,4.0
0,159,2.0
0,160,4.0
0,161,2.0
0,162,3.0
0,163,4.0
0,164,3.0
0,165,3.0
0,166,4.0
0,167,4.0
0,168,4.0
0,169,3.0
0,170,4.0
0,171,4.0
0,172,4.0
0,173,3.0
0,174,4.0
0,175,2.0
0,176,3.0
0,177,4.0
0,178,4.0
0,179,4.0
0,180,3.0
0,181,3.0
0,182,3.0
0,183,4.0
0,184,4.0
0,185,4.0
0,186,3.0
0,187,3.0
0,188,4.0
0,189,3.0
0,190,3.0
0,191,3.0
0,192,3.0
0,193,5.0
0,194,4.0
0,195,3.0
0,196,4.0
0,197,4.0
0,198,4.0
0,199,2.0
0,200,2.0
0,201,2.0
0,202,4.0
0,203,4.0
0,204,3.0
0,205,3.0
0,206,4.0
0,207,5.0
0,208,4.0
0,209,4.0
0,210,3.0
0,211,4.0
0,212,3.0
0,213,3.0
0,214,4.0
0,215,4.0
0,216,4.0
0,217,4.0
0,218,3.0
0,219,4.0
0,220,3.0
0,221,4.0
0,222,3.0
0,223,4.0
0,224,3.0
0,225,4.0
0,226,4.0
0,227,4.0
0,228,4.0
0,229,3.0
0,230,3.0
0,231,4.0
0,232,4.0
0,233,5.0
0,234,3.0
0,235,4.0
0,236,3.0
0,237,4.0
0,238,3.0
0,239,4.0
0,240,4.0
0,241,3.0
0,242,4.0
0,243,4.0
0,244,1.0
0,245,3.0
0,246,4.0
0,247,3.0
0,248,4.0
0,249,3.0
0,250,4.0
0,251,4.0
0,252,3.0
0,253,4.0
0,254,4.0
0,255,3.0
0,256,3.0
0,257,4.0
0,258,3.0
0,259,3.0
0,260,3.0
0,261,4.0
0,262,4.0
0,263,4.0
0,264,4.0
0,265,3.0
0,266,4.0
0,267,4.0
0,268,3.0
0,269,3.0
0,270,4.0
0,271,1.0
0,272,3.0
0,273,4.0
0,274,4.0
0,275,3.0
0,276,4.0
0,277,3.0
0,278,4.0
0,279,3.0
0,280,3.0
0,281,3.0
0,282,4.0
0,283,4.0
0,284,2.0
0,285,2.0
0,286,4.0
0,287,4.0
0,288,2.0
0,289,3.0
0,290,4.0
0,291,3.0
0,292,4.0
0,293,5.0
0,294,4.0
0,295,3.0
0,296,4.0
0,297,3.0
0,298,4.0
0,299,4.0
0,300,4.0
0,301,4.0
0,302,4.0
0,303,2.0
0,304,4.0
0,305,3.0
0,306,4.0
0,307,3.0
0,308,3.0
0,309,4.0
0,310,4.0
0,311,4.0
0,312,3.0
0,313,4.0
0,314,3.0
0,315,4.0
0,316,3.0
0,317,4.0
0,318,5.0
0,319,3.0
0,320,3.0
0,321,3.0
0,322,3.0
0,323,4.0
0,324,3.0
0,325,4.0
0,326,4.0
0,327,3.0
0,328,1.0
0,329,3.0
0,330,4.0
0,331,3.0
0,332,2.0
0,333,4.0
0,334,5.0
0,335,4.0
0,336,3.0
0,337,2.0
0,338,4.0
0,339,4.0
0,340,4.0
0,341,3.0
0,342,3.0
0,343,1.0
0,344,3.0
0,345,3.0
0,346,4.0
0,347,3.0
0,348,4.0
0,349,4.0
0,350,5.0
0,351,3.0
0,352,3.0
0,353,4.0
0,354,2.0
0,355,4.0
0,356,4.0
0,357,4.0
0,358,4.0
0,359,4.0
0,360,4.0
0,361,3.0
0,362,4.0
0,363,6.0
0,364,3.0
0,365,4.0
0,366,3.0
0,367,3.0
0,368,4.0
0,369,3.0
0,370,4.0
0,371,3.0
0,372,3.0
0,373,4.0
0,374,4.0
0,375,5.0
0,376,4.0
0,377,4.0
1,2,3.0
1,3,3.0
1,4,3.0
1,5,3.0
1,6,3.0
1,7,3.0
1,8,4.0
1,9,3.0
1,10,3.0
1,11,3.0
1,12,3.0
1,13,2.0
1,14,2.0
1,15,2.0
1,16,4.0
1,17,2.0
1,18,5.0
1,19,1.0
1,20,4.0
1,21,3.0
1,22,3.0
1,23,3.0
1,24,4.0
1,25,3.0
1,26,2.0
1,27,4.0
1,28,4.0
1,29,3.0
1,30,3.0
1,31,4.0
1,32,2.0
1,33,3.0
1,34,2.0
1,35,3.0
1,36,2.0
1,37,4.0
1,38,5.0
1,39,3.0
1,40,2.0
1,41,2.0
1,42,3.0
1,43,5.0
1,44,3.0
1,45,3.0
1,46,3.0
1,47,3.0
1,48,6.0
1,49,3.0
1,50,3.0
1,51,3.0
1,52,3.0
1,53,3.0
1,54,3.0
1,55,3.0
1,56,3.0
1,57,3.0
1,58,1.0
1,59,3.0
1,60,3.0
1,61,3.0
1,62,4.0
1,63,2.0
1,64,6.0
1,65,3.0
1,66,3.0
1,67,2.0
1,68,3.0
1,69,3.0
1,70,3.0
1,71,3.0
1,72,4.0
1,73,3.0
1,74,4.0
1,75,3.0
1,76,5.0
1,77,2.0
1,78,3.0
1,79,3.0
1,80,4.0
1,81,3.0
1,82,3.0
1,83,4.0
1,84,4.0
1,85,4.0
1,86,4.0
1,87,3.0
1,88,3.0
1,89,3.0
1,90,3.0
1,91,3.0
1,92,5.0
1,93,3.0
1,94,5.0
1,95,4.0
1,96,5.0
1,97,3.0
1,98,5.0
1,99,3.0
1,100,3.0
1,101,3.0
1,102,3.0
1,103,3.0
1,104,3.0
1,105,4.0
1,106,4.0
1,107,3.0
1,108,3.0
1,109,4.0
1,110,3.0
1,111,3.0
1,112,4.0
1,113,3.0
1,114,4.0
1,115,4.0
1,116,4.0
1,117,3.0
1,118,5.0
1,119,4.0
1,120,3.0
1,121,5.0
1,122,4.0
1,123,2.0
1,124,2.0
1,125,2.0
1,126,3.0
1,127,3.0
1,128,4.0
1,129,3.0
1,130,3.0
1,131,3.0
1,132,5.0
1,133,5.0
1,134,5.0
1,135,5.0
1,136,5.0
1,137,5.0
1,138,5.0
1,139,4.0
1,140,3.0
1,141,3.0
1,142,3.0
1,143,2.0
1,144,2.0
1,145,4.0
1,146,4.0
1,147,5.0
1,148,5.0
1,149,4.0
1,150,3.0
1,151,3.0
1,152,3.0
1,153,3.0
1,154,3.0
1,155,4.0
1,156,3.0
1,157,3.0
1,158,3.0
1,159,3.0
1,160,4.0
1,161,2.0
1,162,3.0
1,163,3.0
1,164,3.0
1,165,5.0
1,166,4.0
1,167,3.0
1,168,3.0
1,169,3.0
1,170,3.0
1,171,3.0
1,172,3.0
1,173,2.0
1,174,3.0
1,175,2.0
1,176,3.0
1,177,4.0
1,178,4.0
1,179,3.0
1,180,3.0
1,181,3.0
1,182,3.0
1,183,5.0
1,184,5.0
1,185,3.0
1,186,2.0
1,187,2.0
1,188,3.0
1,189,3.0
1,190,2.0
1,191,2.0
1,192,2.0
1,193,2.0
1,194,3.0
1,195,3.0
1,196,3.0
1,197,3.0
1,198,3.0
1,199,4.0
1,200,4.0
1,201,4.0
1,202,3.0
1,203,3.0
1,204,3.0
1,205,3.0
1,206,4.0
1,207,4.0
1,208,3.0
1,209,3.0
1,210,4.0
1,211,3.0
1,212,4.0
1,213,3.0
1,214,3.0
1,215,4.0
1,216,3.0
1,217,5.0
1,218,3.0
1,219,4.0
1,220,2.0
1,221,3.0
1,222,3.0
1,223,4.0
1,224,3.0
1,225,3.0
1,226,4.0
1,227,3.0
1,228,4.0
1,229,5.0
1,230,3.0
1,231,3.0
1,232,3.0
1,233,4.0
1,234,3.0
1,235,3.0
1,236,3.0
1,237,3.0
1,238,3.0
1,239,3.0
1,240,3.0
1,241,3.0
1,242,3.0
1,243,3.0
1,244,3.0
1,245,1.0
1,246,5.0
1,247,4.0
1,248,3.0
1,249,2.0
1,250,2.0
1,251,4.0
1,252,3.0
1,253,3.0
1,254,3.0
1,255,3.0
1,256,3.0
1,257,3.0
1,258,4.0
1,259,5.0
1,260,3.0
1,261,3.0
1,262,3.0
1,263,3.0
1,264,3.0
1,265,3.0
1,266,3.0
1,267,3.0
1,268,2.0
1,269,4.0
1,270,3.0
1,271,3.0
1,272,3.0
1,273,3.0
1,274,4.0
1,275,3.0
1,276,3.0
1,277,3.0
1,278,3.0
1,279,3.0
1,280,4.0
1,281,3.0
1,282,5.0
1,283,3.0
1,284,2.0
1,285,2.0
1,286,3.0
1,287,4.0
1,288,4.0
1,289,3.0
1,290,2.0
1,291,3.0
1,292,3.0
1,293,4.0
1,294,3.0
1,295,3.0
1,296,3.0
1,297,4.0
1,298,4.0
1,299,5.0
1,300,3.0
1,301,3.0
1,302,3.0
1,303,2.0
1,304,3.0
1,305,3.0
1,306,6.0
1,307,3.0
1,308,4.0
1,309,3.0
1,310,3.0
1,311,3.0
1,312,5.0
1,313,3.0
1,314,4.0
1,315,4.0
1,316,2.0
1,317,3.0
1,318,4.0
1,319,3.0
1,320,3.0
1,321,3.0
1,322,2.0
1,323,3.0
1,324,3.0
1,325,3.0
1,326,3.0
1,327,5.0
1,328,3.0
1,329,4.0
1,330,3.0
1,331,5.0
1,332,3.0
1,333,3.0
1,334,3.0
1,335,4.0
1,336,3.0
1,337,3.0
1,338,3.0
1,339,5.0
1,340,3.0
1,341,3.0
1,342,4.0
1,343,3.0
1,344,4.0
1,345,3.0
1,346,2.0
1,347,3.0
1,348,2.0
1,349,3.0
1,350,5.0
1,351,3.0
1,352,3.0
1,353,3.0
1,354,2.0
1,355,3.0
1,356,3.0
1,357,2.0
1,358,3.0
1,359,4.0
1,360,3.0
1,361,3.0
1,362,3.0
1,363,3.0
1,364,5.0
1,365,4.0
1,366,3.0
1,367,4.0
1,368,4.0
1,369,3.0
1,370,6.0
1,371,3.0
1,372,3.0
1,373,3.0
1,374,3.0
1,375,4.0
1,376,3.0
1,377,5.0
2,3,3.0
2,4,3.0
2,5,3.0
2,6,3.0
2,7,2.0
2,8,3.0
2,9,4.0
2,10,3.0
2,11,4.0
2,12,3.0
2,13,2.0
2,14,3.0
2,15,3.0
2,16,4.0
2,17,3.0
2,18,4.0
2,19,2.0
2,20,4.0
2,21,3.0
2,22,4.0
2,23,4.0
2,24,4.0
2,25,3.0
2,26,3.0
2,27,4.0
2,28,4.0
2,29,3.0
2,30,4.0
2,31,4.0
2,32,3.0
2,33,3.0
2,34,3.0
2,35,3.0
2,36,3.0
2,37,3.0
2,38,3.0
2,39,2.0
2,40,3.0
2,41,4.0
2,42,3.0
2,43,3.0
2,44,3.0
2,45,3.0
2,46,3.0
2,47,3.0
2,48,3.0
2,49,2.0
2,50,3.0
2,51,3.0
2,52,3.0
2,53,4.0
2,54,4.0
2,55,4.0
2,56,3.0
2,57,3.0
2,58,2.0
2,59,4.0
2,60,2.0
2,61,3.0
2,62,3.0
2,63,3.0
2,64,4.0
2,65,3.0
2,66,3.0
2,67,3.0
2,68,4.0
2,69,3.0
2,70,3.0
2,71,4.0
2,72,3.0
2,73,4.0
2,74,3.0
2,75,3.0
2,76,3.0
2,77,4.0
2,78,3.0
2,79,3.0
2,80,4.0
2,81,3.0
2,82,5.0
2,83,3.0
2,84,3.0
2,85,3.0
2,86,4.0
2,87,5.0
2,88,3.0
2,89,3.0
2,90,3.0
2,91,3.0
2,92,4.0
2,93,3.0
2,94,2.0
2,95,4.0
2,96,3.0
2,97,4.0
2,98,3.0
2,99,2.0
2,100,3.0
2,101,4.0
2,102,3.0
2,103,3.0
2,104,3.0
2,105,3.0
2,106,3.0
2,107,4.0
2,108,3.0
2,109,3.0
2,110,3.0
2,111,3.0
2,112,3.0
2,113,3.0
2,114,3.0
2,115,3.0
2,116,3.0
2,117,3.0
2,118,3.0
2,119,3.0
2,120,3.0
2,121,3.0
2,122,3.0
2,123,3.0
2,124,1.0
2,125,1.0
2,126,4.0
2,127,4.0
2,128,3.0
2,129,4.0
2,130,4.0
2,131,4.0
2,132,3.0
2,133,3.0
2,134,3.0
2,135,3.0
2,136,4.0
2,137,4.0
2,138,4.0
2,139,3.0
2,140,3.0
2,141,3.0
2,142,3.0
2,143,4.0
2,144,4.0
2,145,4.0
2,146,4.0
2,147,4.0
2,148,4.0
2,149,4.0
2,150,3.0
2,151,3.0
2,152,2.0
2,153,3.0
2,154,3.0
2,155,4.0
2,156,4.0
2,157,3.0
2,158,3.0
2,159,1.0
2,160,4.0
2,161,1.0
2,162,4.0
2,163,3.0
2,164,4.0
2,165,3.0
2,166,3.0
2,167,3.0
2,168,4.0
2,169,4.0
2,170,3.0
2,171,3.0
2,172,3.0
2,173,2.0
2,174,3.0
2,175,1.0
2,176,2.0
2,177,3.0
2,178,3.0
2,179,4.0
2,180,2.0
2,181,2.0
2,182,2.0
2,183,3.0
2,184,3.0
2,185,3.0
2,186,2.0
2,187,2.0
2,188,3.0
2,189,2.0
2,190,3.0
2,191,3.0
2,192,3.0
2,193,3.0
2,194,3.0
2,195,2.0
2,196,3.0
2,197,3.0
2,198,3.0
2,199,3.0
2,200,3.0
2,201,3.0
2,202,3.0
2,203,3.0
2,204,2.0
2,205,2.0
2,206,4.0
2,207,3.0
2,208,3.0
2,209,4.0
2,210,3.0
2,211,3.0
2,212,3.0
2,213,4.0
2,214,3.0
2,215,4.0
2,216,3.0
2,217,3.0
2,218,2.0
2,219,3.0
2,220,2.0
2,221,3.0
2,222,2.0
2,223,3.0
2,224,4.0
2,225,4.0
2,226,2.0
2,227,4.0
2,228,4.0
2,229,2.0
2,230,2.0
2,231,4.0
2,232,3.0
2,233,3.0
2,234,3.0
2,235,4.0
2,236,2.0
2,237,3.0
2,238,3.0
2,239,4.0
2,240,3.0
2,241,4.0
2,242,4.0
2,243,3.0
2,244,4.0
2,245,3.0
2,246,3.0
2,247,4.0
2,248,3.0
2,249,3.0
2,250,4.0
2,251,4.0
2,252,2.0
2,253,4.0
2,254,3.0
2,255,2.0
2,256,3.0
2,257,3.0
2,258,4.0
2,259,2.0
2,260,4.0
2,261,4.0
2,262,3.0
2,263,3.0
2,264,3.0
2,265,2.0
2,266,3.0
2,267,4.0
2,268,2.0
2,269,3.0
2,270,3.0
2,271,1.0
2,272,4.0
2,273,4.0
2,274,3.0
2,275,4.0
2,276,4.0
2,277,5.0
2,278,3.0
2,279,3.0
2,280,3.0
2,281,2.0
2,282,3.0
2,283,3.0
2,284,4.0
2,285,2.0
2,286,3.0
2,287,4.0
2,288,3.0
2,289,4.0
2,290,3.0
2,291,4.0
2,292,4.0
2,293,3.0
2,294,3.0
2,295,4.0
2,296,3.0
2,297,4.0
2,298,3.0
2,299,3.0
2,300,3.0
2,301,3.0
2,302,4.0
2,303,4.0
2,304,3.0
2,305,2.0
2,306,4.0
2,307,5.0
2,308,3.0
2,309,3.0
2,310,4.0
2,311,3.0
2,312,2.0
2,313,4.0
2,314,4.0
2,315,3.0
2,316,3.0
2,317,3.0
2,318,3.0
2,319,2.0
2,320,5.0
2,321,4.0
2,322,2.0
2,323,3.0
2,324,4.0
2,325,3.0
2,326,4.0
2,327,2.0
2,328,4.0
2,329,4.0
2,330,4.0
2,331,4.0
2,332,2.0
2,333,3.0
2,334,3.0
2,335,3.0
2,336,2.0
2,337,4.0
2,338,3.0
2,339,3.0
2,340,3.0
2,341,2.0
2,342,4.0
2,343,4.0
2,344,4.0
2,345,3.0
2,346,3.0
2,347,4.0
2,348,4.0
2,349,3.0
2,350,4.0
2,351,4.0
2,352,5.0
2,353,3.0
2,354,4.0
2,355,3.0
2,356,3.0
2,357,3.0
2,358,4.0
2,359,3.0
2,360,3.0
2,361,5.0
2,362,4.0
2,363,3.0
2,364,3.0
2,365,4.0
2,366,4.0
2,367,4.0
2,368,3.0
2,369,2.0
2,370,4.0
2,371,4.0
2,372,4.0
2,373,3.0
2,374,4.0
2,375,3.0
2,376,3.0
2,377,3.0
3,4,7.0
3,5,7.0
3,6,7.0
3,7,5.0
3,8,5.0
3,9,4.0
3,10,5.0
3,11,4.0
3,12,5.0
3,13,4.0
3,14,2.0
3,15,2.0
3,16,4.0
3,17,4.0
3,18,3.0
3,19,2.0
3,20,5.0
3,21,5.0
3,22,5.0
3,23,5.0
3,24,5.0
3,25,5.0
3,26,2.0
3,27,3.0
3,28,3.0
3,29,5.0
3,30,6.0
3,31,5.0
3,32,2.0
3,33,2.0
3,34,2.0
3,35,4.0
3,36,3.0
3,37,5.0
3,38,3.0
3,39,5.0
3,40,3.0
3,41,4.0
3,42,5.0
3,43,2.0
3,44,4.0
3,45,3.0
3,46,3.0
3,47,2.0
3,48,3.0
3,49,4.0
3,50,3.0
3,51,3.0
3,52,2.0
3,53,5.0
3,54,2.0
3,55,2.0
3,56,5.0
3,57,5.0
3,58,3.0
3,59,3.0
3,60,5.0
3,61,3.0
3,62,3.0
3,63,2.0
3,64,3.0
3,65,2.0
3,66,2.0
3,67,3.0
3,68,3.0
3,69,5.0
3,70,5.0
3,71,3.0
3,72,4.0
3,73,3.0
3,74,4.0
3,75,3.0
3,76,4.0
3,77,1.0
3,78,2.0
3,79,2.0
3,80,3.0
3,81,5.0
3,82,3.0
3,83,5.0
3,84,5.0
3,85,5.0
3,86,5.0
3,87,3.0
3,88,5.0
3,89,4.0
3,90,5.0
3,91,6.0
3,92,2.0
3,93,2.0
3,94,3.0
3,95,3.0
3,96,5.0
3,97,4.0
3,98,5.0
3,99,4.0
3,100,4.0
3,101,3.0
3,102,4.0
3,103,6.0
3,104,6.0
3,105,2.0
3,106,2.0
3,107,2.0
3,108,5.0
3,109,5.0
3,110,5.0
3,111,4.0
3,112,6.0
3,113,4.0
3,114,5.0
3,115,5.0
3,116,5.0
3,117,5.0
3,118,4.0
3,119,4.0
3,120,5.0
3,121,4.0
3,122,4.0
3,123,5.0
3,124,3.0
3,125,3.0
3,126,3.0
3,127,3.0
3,128,5.0
3,129,3.0
3,130,3.0
3,131,3.0
3,132,4.0
3,133,4.0
3,134,4.0
3,135,4.0
3,136,5.0
3,137,5.0
3,138,5.0
3,139,5.0
3,140,5.0
3,141,5.0
3,142,4.0
3,143,2.0
3,144,2.0
3,145,5.0
3,146,3.0
3,147,5.0
3,148,5.0
3,149,3.0
3,150,6.0
3,151,6.0
3,152,3.0
3,153,3.0
3,154,5.0
3,155,3.0
3,156,4.0
3,157,5.0
3,158,5.0
3,159,2.0
3,160,4.0
3,161,3.0
3,162,3.0
3,163,5.0
3,164,3.0
3,165,5.0
3,166,3.0
3,167,5.0
3,168,2.0
3,169,3.0
3,170,5.0
3,171,5.0
3,172,5.0
3,173,3.0
3,174,4.0
3,175,3.0
3,176,5.0
3,177,4.0
3,178,4.0
3,179,4.0
3,180,5.0
3,181,5.0
3,182,5.0
3,183,3.0
3,184,3.0
3,185,4.0
3,186,4.0
3,187,4.0
3,188,3.0
3,189,5.0
3,190,3.0
3,191,3.0
3,192,3.0
3,193,5.0
3,194,5.0
3,195,4.0
3,196,5.0
3,197,5.0
3,198,5.0
3,199,4.0
3,200,4.0
3,201,4.0
3,202,5.0
3,203,4.0
3,204,4.0
3,205,4.0
3,206,3.0
3,207,4.0
3,208,5.0
3,209,3.0
3,210,4.0
3,211,5.0
3,212,5.0
3,213,3.0
3,214,5.0
3,215,4.0
3,216,6.0
3,217,3.0
3,218,5.0
3,219,3.0
3,220,4.0
3,221,5.0
3,222,3.0
3,223,4.0
3,224,3.0
3,225,3.0
3,226,4.0
3,227,3.0
3,228,3.0
3,229,4.0
3,230,2.0
3,231,3.0
3,232,4.0
3,233,5.0
3,234,5.0
3,235,3.0
3,236,3.0
3,237,5.0
3,238,5.0
3,239,3.0
3,240,5.0
3,241,3.0
3,242,3.0
3,243,5.0
3,244,2.0
3,245,2.0
3,246,3.0
3,247,3.0
3,248,3.0
3,249,4.0
3,250,4.0
3,251,3.0
3,252,4.0
3,253,3.0
3,254,6.0
3,255,5.0
3,256,5.0
3,257,5.0
3,258,5.0
3,259,4.0
3,260,3.0
3,261,3.0
3,262,4.0
3,263,5.0
3,264,5.0
3,265,5.0
3,266,3.0
3,267,3.0
3,268,4.0
3,269,5.0
3,270,5.0
3,271,2.0
3,272,2.0
3,273,3.0
3,274,4.0
3,275,3.0
3,276,3.0
3,277,3.0
3,278,5.0
3,279,5.0
3,280,4.0
3,281,5.0
3,282,3.0
3,283,6.0
3,284,2.0
3,285,3.0
3,286,5.0
3,287,5.0
3,288,3.0
3,289,3.0
3,290,4.0
3,291,4.0
3,292,3.0
3,293,5.0
3,294,5.0
3,295,3.0
3,296,5.0
3,297,3.0
3,298,3.0
3,299,3.0
3,300,5.0
3,301,5.0
3,302,3.0
3,303,2.0
3,304,6.0
3,305,5.0
3,306,2.0
3,307,3.0
3,308,5.0
3,309,5.0
3,310,3.0
3,311,5.0
3,312,4.0
3,313,3.0
3,314,3.0
3,315,4.0
3,316,4.0
3,317,5.0
3,318,4.0
3,319,3.0
3,320,3.0
3,321,3.0
3,322,4.0
3,323,5.0
3,324,2.0
3,325,4.0
3,326,3.0
3,327,4.0
3,328,2.0
3,329,5.0
3,330,3.0
3,331,5.0
3,332,3.0
3,333,6.0
3,334,4.0
3,335,5.0
3,336,5.0
3,337,3.0
3,338,5.0
3,339,4.0
3,340,5.0
3,341,5.0
3,342,3.0
3,343,2.0
3,344,3.0
3,345,5.0
3,346,4.0
3,347,3.0
3,348,4.0
3,349,5.0
3,350,2.0
3,351,3.0
3,352,3.0
3,353,5.0
3,354,2.0
3,355,3.0
3,356,5.0
3,357,3.0
3,358,3.0
3,359,4.0
3,360,5.0
3,361,2.0
3,362,3.0
3,363,5.0
3,364,5.0
3,365,5.0
3,366,2.0
3,367,3.0
3,368,3.0
3,369,5.0
3,370,3.0
3,371,3.0
3,372,3.0
3,373,5.0
3,374,3.0
3,375,5.0
3,376,4.0
3,377,3.0
4,5,7.0
4,6,7.0
4,7,5.0
4,8,5.0
4,9,4.0
4,10,5.0
4,11,4.0
4,12,5.0
4,13,4.0
4,14,2.0
4,15,2.0
4,16,4.0
4,17,4.0
4,18,3.0
4,19,2.0
4,20,5.0
4,21,5.0
4,22,5.0
4,23,5.0
4,24,5.0
4,25,5.0
4,26,2.0
4,27,3.0
4,28,3.0
4,29,5.0
4,30,6.0
4,31,5.0
4,32,2.0
4,33,2.0
4,34,2.0
4,35,4.0
4,36,3.0
4,37,5.0
4,38,3.0
4,39,5.0
4,40,3.0
4,41,4.0
4,42,5.0
4,43,2.0
4,44,4.0
4,45,3.0
4,46,3.0
4,47,2.0
4,48,3.0
4,49,4.0
4,50,3.0
4,51,3.0
4,52,2.0
4,53,5.0
4,54,2.0
4,55,2.0
4,56,5.0
4,57,5.0
4,58,3.0
4,59,3.0
4,60,5.0
4,61,3.0
4,62,3.0
4,63,2.0
4,64,3.0
4,65,2.0
4,66,2.0
4,67,3.0
4,68,3.0
4,69,5.0
4,70,5.0
4,71,3.0
4,72,4.0
4,73,3.0
4,74,4.0
4,75,3.0
4,76,4.0
4,77,1.0
4,78,2.0
4,79,2.0
4,80,3.0
4,81,5.0
4,82,3.0
4,83,5.0
4,84,5.0
4,85,5.0
4,86,5.0
4,87,3.0
4,88,5.0
4,89,4.0
4,90,5.0
4,91,6.0
4,92,2.0
4,93,2.0
4,94,3.0
4,95,3.0
4,96,5.0
4,97,4.0
4,98,5.0
4,99,4.0
4,100,4.0
4,101,3.0
4,102,4.0
4,103,6.0
4,104,6.0
4,105,2.0
4,106,2.0
4,107,2.0
4,108,5.0
4,109,5.0
4,110,5.0
4,111,4.0
4,112,6.0
4,113,4.0
4,114,5.0
4,115,5.0
4,116,5.0
4,117,5.0
4,118,4.0
4,119,4.0
4,120,5.0
4,121,4.0
4,122,4.0
4,123,5.0
4,124,3.0
4,125,3.0
4,126,3.0
4,127,3.0
4,128,5.0
4,129,3.0
4,130,3.0
4,131,3.0
4,132,4.0
4,133,4.0
4,134,4.0
4,135,4.0
4,136,5.0
4,137,5.0
4,138,5.0
4,139,5.0
4,140,5.0
4,141,5.0
4,142,4.0
4,143,2.0
4,144,2.0
4,145,5.0
4,146,3.0
4,147,5.0
4,148,5.0
4,149,3.0
4,150,6.0
4,151,6.0
4,152,3.0
4,153,3.0
4,154,5.0
4,155,3.0
4,156,4.0
4,157,5.0
4,158,5.0
4,159,2.0
4,160,4.0
4,161,3.0
4,162,3.0
4,163,5.0
4,164,3.0
4,165,5.0
4,166,3.0
4,167,5.0
4,168,2.0
4,169,3.0
4,170,5.0
4,171,5.0
4,172,5.0
4,173,3.0
4,174,4.0
4,175,3.0
4,176,5.0
4,177,4.0
4,178,4.0
4,179,4.0
4,180,5.0
4,181,5.0
4,182,5.0
4,183,3.0
4,184,3.0
4,185,4.0
4,186,4.0
4,187,4.0
4,188,3.0
4,189,5.0
4,190,3.0
4,191,3.0
4,192,3.0
4,193,5.0
4,194,5.0
4,195,4.0
4,196,5.0
4,197,5.0
4,198,5.0
4,199,4.0
4,200,4.0
4,201,4.0
4,202,5.0
4,203,4.0
4,204,4.0
4,205,4.0
4,206,3.0
4,207,4.0
4,208,5.0
4,209,3.0
4,210,4.0
4,211,5.0
4,212,5.0
4,213,3.0
4,214,5.0
4,215,4.0
4,216,6.0
4,217,3.0
4,218,5.0
4,219,3.0
4,220,4.0
4,221,5.0
4,222,3.0
4,223,4.0
4,224,3.0
4,225,3.0
4,226,4.0
4,227,3.0
4,228,3.0
4,229,4.0
4,230,2.0
4,231,3.0
4,232,4.0
4,233,5.0
4,234,5.0
4,235,3.0
4,236,3.0
4,237,5.0
4,238,5.0
4,239,3.0
4,240,5.0
4,241,3.0
4,242,3.0
4,243,5.0
4,244,2.0
4,245,2.0
4,246,3.0
4,247,3.0
4,248,3.0
4,249,4.0
4,250,4.0
4,251,3.0
4,252,4.0
4,253,3.0
4,254,6.0
4,255,5.0
4,256,5.0
4,257,5.0
4,258,5.0
4,259,4.0
4,260,3.0
4,261,3.0
4,262,4.0
4,263,5.0
4,264,5.0
4,265,5.0
4,266,3.0
4,267,3.0
4,268,4.0
4,269,5.0
4,270,5.0
4,271,2.0
4,272,2.0
4,273,3.0
4,274,4.0
4,275,3.0
4,276,3.0
4,277,3.0
4,278,5.0
4,279,5.0
4,280,4.0
4,281,5.0
4,282,3.0
4,283,6.0
4,284,2.0
4,285,3.0
4,286,5.0
4,287,5.0
4,288,3.0
4,289,3.0
4,290,4.0
4,291,4.0
4,292,3.0
4,293,5.0
4,294,5.0
4,295,3.0
4,296,5.0
4,297,3.0
4,298,3.0
4,299,3.0
4,300,5.0
4,301,5.0
4,302,3.0
4,303,2.0
4,304,6.0
4,305,5.0
4,306,2.0
4,307,3.0
4,308,5.0
4,309,5.0
4,310,3.0
4,311,5.0
4,312,4.0
4,313,3.0
4,314,3.0
4,315,4.0
4,316,4.0
4,317,5.0
4,318,4.0
4,319,3.0
4,320,3.0
4,321,3.0
4,322,4.0
4,323,5.0
4,324,2.0
4,325,4.0
4,326,3.0
4,327,4.0
4,328,2.0
4,329,5.0
4,330,3.0
4,331,5.0
4,332,3.0
4,333,6.0
4,334,4.0
4,335,5.0
4,336,5.0
4,337,3.0
4,338,5.0
4,339,4.0
4,340,5.0
4,341,5.0
4,342,3.0
4,343,2.0
4,344,3.0
4,345,5.0
4,346,4.0
4,347,3.0
4,348,4.0
4,349,5.0
4,350,2.0
4,351,3.0
4,352,3.0
4,353,5.0
4,354,2.0
4,355,3.0
4,356,5.0
4,357,3.0
4,358,3.0
4,359,4.0
4,360,5.0
4,361,2.0
4,362,3.0
4,363,5.0
4,364,5.0
4,365,5.0
4,366,2.0
4,367,3.0
4,368,3.0
4,369,5.0
4,370,3.0
4,371,3.0
4,372,3.0
4,373,5.0
4,374,3.0
4,375,5.0
4,376,4.0
4,377,3.0
5,6,7.0
5,7,5.0
5,8,5.0
5,9,4.0
5,10,5.0
5,11,4.0
5,12,5.0
5,13,4.0
5,14,2.0
5,15,2.0
5,16,4.0
5,17,4.0
5,18,3.0
5,19,2.0
5,20,5.0
5,21,5.0
5,22,5.0
5,23,5.0
5,24,5.0
5,25,5.0
5,26,2.0
5,27,3.0
5,28,3.0
5,29,5.0
5,30,6.0
5,31,5.0
5,32,2.0
5,33,2.0
5,34,2.0
5,35,4.0
5,36,3.0
5,37,5.0
5,38,3.0
5,39,5.0
5,40,3.0
5,41,4.0
5,42,5.0
5,43,2.0
5,44,4.0
5,45,3.0
5,46,3.0
5,47,2.0
5,48,3.0
5,49,4.0
5,50,3.0
5,51,3.0
5,52,2.0
5,53,5.0
5,54,2.0
5,55,2.0
5,56,5.0
5,57,5.0
5,58,3.0
5,59,3.0
5,60,5.0
5,61,3.0
5,62,3.0
5,63,2.0
5,64,3.0
5,65,2.0
5,66,2.0
5,67,3.0
5,68,3.0
5,69,5.0
5,70,5.0
5,71,3.0
5,72,4.0
5,73,3.0
5,74,4.0
5,75,3.0
5,76,4.0
5,77,1.0
5,78,2.0
5,79,2.0
5,80,3.0
5,81,5.0
5,82,3.0
5,83,5.0
5,84,5.0
5,85,5.0
5,86,5.0
5,87,3.0
5,88,5.0
5,89,4.0
5,90,5.0
5,91,6.0
5,92,2.0
5,93,2.0
5,94,3.0
5,95,3.0
5,96,5.0
5,97,4.0
5,98,5.0
5,99,4.0
5,100,4.0
5,101,3.0
5,102,4.0
5,103,6.0
5,104,6.0
5,105,2.0
5,106,2.0
5,107,2.0
5,108,5.0
5,109,5.0
5,110,5.0
5,111,4.0
5,112,6.0
5,113,4.0
5,114,5.0
5,115,5.0
5,116,5.0
5,117,5.0
5,118,4.0
5,119,4.0
5,120,5.0
5,121,4.0
5,122,4.0
5,123,5.0
5,124,3.0
5,125,3.0
5,126,3.0
5,127,3.0
5,128,5.0
5,129,3.0
5,130,3.0
5,131,3.0
5,132,4.0
5,133,4.0
5,134,4.0
5,135,4.0
5,136,5.0
5,137,5.0
5,138,5.0
5,139,5.0
5,140,5.0
5,141,5.0
5,142,4.0
5,143,2.0
5,144,2.0
5,145,5.0
5,146,3.0
5,147,5.0
5,148,5.0
5,149,3.0
5,150,6.0
5,151,6.0
5,152,3.0
5,153,3.0
5,154,5.0
5,155,3.0
5,156,4.0
5,157,5.0
5,158,5.0
5,159,2.0
5,160,4.0
5,161,3.0
5,162,3.0
5,163,5.0
5,164,3.0
5,165,5.0
5,166,3.0
5,167,5.0
5,168,2.0
5,169,3.0
5,170,5.0
5,171,5.0
5,172,5.0
5,173,3.0
5,174,4.0
5,175,3.0
5,176,5.0
5,177,4.0
5,178,4.0
5,179,4.0
5,180,5.0
5,181,5.0
5,182,5.0
5,183,3.0
5,184,3.0
5,185,4.0
5,186,4.0
5,187,4.0
5,188,3.0
5,189,5.0
5,190,3.0
5,191,3.0
5,192,3.0
5,193,5.0
5,194,5.0
5,195,4.0
5,196,5.0
5,197,5.0
5,198,5.0
5,199,4.0
5,200,4.0
5,201,4.0
5,202,5.0
5,203,4.0
5,204,4.0
5,205,4.0
5,206,3.0
5,207,4.0
5,208,5.0
5,209,3.0
5,210,4.0
5,211,5.0
5,212,5.0
5,213,3.0
5,214,5.0
5,215,4.0
5,216,6.0
5,217,3.0
5,218,5.0
5,219,3.0
5,220,4.0
5,221,5.0
5,222,3.0
5,223,4.0
5,224,3.0
5,225,3.0
5,226,4.0
5,227,3.0
5,228,3.0
5,229,4.0
5,230,2.0
5,231,3.0
5,232,4.0
5,233,5.0
5,234,5.0
5,235,3.0
5,236,3.0
5,237,5.0
5,238,5.0
5,239,3.0
5,240,5.0
5,241,3.0
5,242,3.0
5,243,5.0
5,244,2.0
5,245,2.0
5,246,3.0
5,247,3.0
5,248,3.0
5,249,4.0
5,250,4.0
5,251,3.0
5,252,4.0
5,253,3.0
5,254,6.0
5,255,5.0
5,256,5.0
5,257,5.0
5,258,5.0
5,259,4.0
5,260,3.0
5,261,3.0
5,262,4.0
5,263,5.0
5,264,5.0
5,265,5.0
5,266,3.0
5,267,3.0
5,268,4.0
5,269,5.0
5,270,5.0
5,271,2.0
5,272,2.0
5,273,3.0
5,274,4.0
5,275,3.0
5,276,3.0
5,277,3.0
5,278,5.0
5,279,5.0
5,280,4.0
5,281,5.0
5,282,3.0
5,283,6.0
5,284,2.0
5,285,3.0
5,286,5.0
5,287,5.0
5,288,3.0
5,289,3.0
5,290,4.0
5,291,4.0
5,292,3.0
5,293,5.0
5,294,5.0
5,295,3.0
5,296,5.0
5,297,3.0
5,298,3.0
5,299,3.0
5,300,5.0
5,301,5.0
5,302,3.0
5,303,2.0
5,304,6.0
5,305,5.0
5,306,2.0
5,307,3.0
5,308,5.0
5,309,5.0
5,310,3.0
5,311,5.0
5,312,4.0
5,313,3.0
5,314,3.0
5,315,4.0
5,316,4.0
5,317,5.0
5,318,4.0
5,319,3.0
5,320,3.0
5,321,3.0
5,322,4.0
5,323,5.0
5,324,2.0
5,325,4.0
5,326,3.0
5,327,4.0
5,328,2.0
5,329,5.0
5,330,3.0
5,331,5.0
5,332,3.0
5,333,6.0
5,334,4.0
5,335,5.0
5,336,5.0
5,337,3.0
5,338,5.0
5,339,4.0
5,340,5.0
5,341,5.0
5,342,3.0
5,343,2.0
5,344,3.0
5,345,5.0
5,346,4.0
5,347,3.0
5,348,4.0
5,349,5.0
5,350,2.0
5,351,3.0
5,352,3.0
5,353,5.0
5,354,2.0
5,355,3.0
5,356,5.0
5,357,3.0
5,358,3.0
5,359,4.0
5,360,5.0
5,361,2.0
5,362,3.0
5,363,5.0
5,364,5.0
5,365,5.0
5,366,2.0
5,367,3.0
5,368,3.0
5,369,5.0
5,370,3.0
5,371,3.0
5,372,3.0
5,373,5.0
5,374,3.0
5,375,5.0
5,376,4.0
5,377,3.0
6,7,5.0
6,8,5.0
6,9,4.0
6,10,5.0
6,11,4.0
6,12,5.0
6,13,4.0
6,14,2.0
6,15,2.0
6,16,4.0
6,17,4.0
6,18,3.0
6,19,2.0
6,20,5.0
6,21,5.0
6,22,5.0
6,23,5.0
6,24,5.0
6,25,5.0
6,26,2.0
6,27,3.0
6,28,3.0
6,29,5.0
6,30,6.0
6,31,5.0
6,32,2.0
6,33,2.0
6,34,2.0
6,35,4.0
6,36,3.0
6,37,5.0
6,38,3.0
6,39,5.0
6,40,3.0
6,41,4.0
6,42,5.0
6,43,2.0
6,44,4.0
6,45,3.0
6,46,3.0
6,47,2.0
6,48,3.0
6,49,4.0
6,50,3.0
6,51,3.0
6,52,2.0
6,53,5.0
6,54,2.0
6,55,2.0
6,56,5.0
6,57,5.0
6,58,3.0
6,59,3.0
6,60,5.0
6,61,3.0
6,62,3.0
6,63,2.0
6,64,3.0
6,65,2.0
6,66,2.0
6,67,3.0
6,68,3.0
6,69,5.0
6,70,5.0
6,71,3.0
6,72,4.0
6,73,3.0
6,74,4.0
6,75,3.0
6,76,4.0
6,77,1.0
6,78,2.0
6,79,2.0
6,80,3.0
6,81,5.0
6,82,3.0
6,83,5.0
6,84,5.0
6,85,5.0
6,86,5.0
6,87,3.0
6,88,5.0
6,89,4.0
6,90,5.0
6,91,6.0
6,92,2.0
6,93,2.0
6,94,3.0
6,95,3.0
6,96,5.0
6,97,4.0
6,98,5.0
6,99,4.0
6,100,4.0
6,101,3.0
6,102,4.0
6,103,6.0
6,104,6.0
6,105,2.0
6,106,2.0
6,107,2.0
6,108,5.0
6,109,5.0
6,110,5.0
6,111,4.0
6,112,6.0
6,113,4.0
6,114,5.0
6,115,5.0
6,116,5.0
6,117,5.0
6,118,4.0
6,119,4.0
6,120,5.0
6,121,4.0
6,122,4.0
6,123,5.0
6,124,3.0
6,125,3.0
6,126,3.0
6,127,3.0
6,128,5.0
6,129,3.0
6,130,3.0
6,131,3.0
6,132,4.0
6,133,4.0
6,134,4.0
6,135,4.0
6,136,5.0
6,137,5.0
6,138,5.0
6,139,5.0
6,140,5.0
6,141,5.0
6,142,4.0
6,143,2.0
6,144,2.0
6,145,5.0
6,146,3.0
6,147,5.0
6,148,5.0
6,149,3.0
6,150,6.0
6,151,6.0
6,152,3.0
6,153,3.0
6,154,5.0
6,155,3.0
6,156,4.0
6,157,5.0
6,158,5.0
6,159,2.0
6,160,4.0
6,161,3.0
6,162,3.0
6,163,5.0
6,164,3.0
6,165,5.0
6,166,3.0
6,167,5.0
6,168,2.0
6,169,3.0
6,170,5.0
6,171,5.0
6,172,5.0
6,173,3.0
6,174,4.0
6,175,3.0
6,176,5.0
6,177,4.0
6,178,4.0
6,179,4.0
6,180,5.0
6,181,5.0
6,182,5.0
6,183,3.0
6,184,3.0
6,185,4.0
6,186,4.0
6,187,4.0
6,188,3.0
6,189,5.0
6,190,3.0
6,191,3.0
6,192,3.0
6,193,5.0
6,194,5.0
6,195,4.0
6,196,5.0
6,197,5.0
6,198,5.0
6,199,4.0
6,200,4.0
6,201,4.0
6,202,5.0
6,203,4.0
6,204,4.0
6,205,4.0
6,206,3.0
6,207,4.0
6,208,5.0
6,209,3.0
6,210,4.0
6,211,5.0
6,212,5.0
6,213,3.0
6,214,5.0
6,215,4.0
6,216,6.0
6,217,3.0
6,218,5.0
6,219,3.0
6,220,4.0
6,221,5.0
6,222,3.0
6,223,4.0
6,224,3.0
6,225,3.0
6,226,4.0
6,227,3.0
6,228,3.0
6,229,4.0
6,230,2.0
6,231,3.0
6,232,4.0
6,233,5.0
6,234,5.0
6,235,3.0
6,236,3.0
6,237,5.0
6,238,5.0
6,239,3.0
6,240,5.0
6,241,3.0
6,242,3.0
6,243,5.0
6,244,2.0
6,245,2.0
6,246,3.0
6,247,3.0
6,248,3.0
6,249,4.0
6,250,4.0
6,251,3.0
6,252,4.0
6,253,3.0
6,254,6.0
6,255,5.0
6,256,5.0
6,257,5.0
6,258,5.0
6,259,4.0
6,260,3.0
6,261,3.0
6,262,4.0
6,263,5.0
6,264,5.0
6,265,5.0
6,266,3.0
6,267,3.0
6,268,4.0
6,269,5.0
6,270,5.0
6,271,2.0
6,272,2.0
6,273,3.0
6,274,4.0
6,275,3.0
6,276,3.0
6,277,3.0
6,278,5.0
6,279,5.0
6,280,4.0
6,281,5.0
6,282,3.0
6,283,6.0
6,284,2.0
6,285,3.0
6,286,5.0
6,287,5.0
6,288,3.0
6,289,3.0
6,290,4.0
6,291,4.0
6,292,3.0
6,293,5.0
6,294,5.0
6,295,3.0
6,296,5.0
6,297,3.0
6,298,3.0
6,299,3.0
6,300,5.0
6,301,5.0
6,302,3.0
6,303,2.0
6,304,6.0
6,305,5.0
6,306,2.0
6,307,3.0
6,308,5.0
6,309,5.0
6,310,3.0
6,311,5.0
6,312,4.0
6,313,3.0
6,314,3.0
6,315,4.0
6,316,4.0
6,317,5.0
6,318,4.0
6,319,3.0
6,320,3.0
6,321,3.0
6,322,4.0
6,323,5.0
6,324,2.0
6,325,4.0
6,326,3.0
6,327,4.0
6,328,2.0
6,329,5.0
6,330,3.0
6,331,5.0
6,332,3.0
6,333,6.0
6,334,4.0
6,335,5.0
6,336,5.0
6,337,3.0
6,338,5.0
6,339,4.0
6,340,5.0
6,341,5.0
6,342,3.0
6,343,2.0
6,344,3.0
6,345,5.0
6,346,4.0
6,347,3.0
6,348,4.0
6,349,5.0
6,350,2.0
6,351,3.0
6,352,3.0
6,353,5.0
6,354,2.0
6,355,3.0
6,356,5.0
6,357,3.0
6,358,3.0
6,359,4.0
6,360,5.0
6,361,2.0
6,362,3.0
6,363,5.0
6,364,5.0
6,365,5.0
6,366,2.0
6,367,3.0
6,368,3.0
6,369,5.0
6,370,3.0
6,371,3.0
6,372,3.0
6,373,5.0
6,374,3.0
6,375,5.0
6,376,4.0
6,377,3.0
7,8,4.0
7,9,3.0
7,10,5.0
7,11,3.0
7,12,5.0
7,13,5.0
7,14,2.0
7,15,2.0
7,16,4.0
7,17,5.0
7,18,2.0
7,19,2.0
7,20,4.0
7,21,4.0
7,22,4.0
7,23,4.0
7,24,4.0
7,25,5.0
7,26,1.0
7,27,3.0
7,28,3.0
7,29,4.0
7,30,5.0
7,31,4.0
7,32,1.0
7,33,2.0
7,34,1.0
7,35,4.0
7,36,2.0
7,37,4.0
7,38,3.0
7,39,6.0
7,40,3.0
7,41,3.0
7,42,4.0
7,43,2.0
7,44,3.0
7,45,4.0
7,46,4.0
7,47,1.0
7,48,4.0
7,49,4.0
7,50,4.0
7,51,4.0
7,52,1.0
7,53,4.0
7,54,1.0
7,55,1.0
7,56,4.0
7,57,4.0
7,58,2.0
7,59,3.0
7,60,7.0
7,61,4.0
7,62,3.0
7,63,1.0
7,64,3.0
7,65,4.0
7,66,4.0
7,67,3.0
7,68,3.0
7,69,4.0
7,70,4.0
7,71,3.0
7,72,4.0
7,73,2.0
7,74,4.0
7,75,4.0
7,76,5.0
7,77,0.0
7,78,3.0
7,79,3.0
7,80,2.0
7,81,4.0
7,82,2.0
7,83,4.0
7,84,4.0
7,85,4.0
7,86,4.0
7,87,2.0
7,88,4.0
7,89,4.0
7,90,4.0
7,91,6.0
7,92,2.0
7,93,3.0
7,94,3.0
7,95,4.0
7,96,4.0
7,97,4.0
7,98,4.0
7,99,4.0
7,100,3.0
7,101,3.0
7,102,3.0
7,103,6.0
7,104,5.0
7,105,3.0
7,106,3.0
7,107,1.0
7,108,4.0
7,109,5.0
7,110,4.0
7,111,4.0
7,112,5.0
7,113,4.0
7,114,4.0
7,115,4.0
7,116,4.0
7,117,4.0
7,118,5.0
7,119,4.0
7,120,4.0
7,121,5.0
7,122,4.0
7,123,5.0
7,124,4.0
7,125,4.0
7,126,2.0
7,127,2.0
7,128,4.0
7,129,2.0
7,130,2.0
7,131,2.0
7,132,4.0
7,133,4.0
7,134,4.0
7,135,4.0
7,136,4.0
7,137,4.0
7,138,4.0
7,139,4.0
7,140,4.0
7,141,4.0
7,142,4.0
7,143,1.0
7,144,1.0
7,145,4.0
7,146,4.0
7,147,4.0
7,148,4.0
7,149,4.0
7,150,5.0
7,151,5.0
7,152,5.0
7,153,3.0
7,154,4.0
7,155,3.0
7,156,3.0
7,157,5.0
7,158,5.0
7,159,3.0
7,160,3.0
7,161,4.0
7,162,2.0
7,163,5.0
7,164,3.0
7,165,5.0
7,166,2.0
7,167,5.0
7,168,1.0
7,169,3.0
7,170,5.0
7,171,4.0
7,172,5.0
7,173,2.0
7,174,3.0
7,175,4.0
7,176,7.0
7,177,4.0
7,178,4.0
7,179,3.0
7,180,4.0
7,181,4.0
7,182,6.0
7,183,3.0
7,184,3.0
7,185,3.0
7,186,3.0
7,187,3.0
7,188,4.0
7,189,7.0
7,190,3.0
7,191,3.0
7,192,3.0
7,193,4.0
7,194,5.0
7,195,4.0
7,196,4.0
7,197,4.0
7,198,4.0
7,199,4.0
7,200,4.0
7,201,4.0
7,202,4.0
7,203,3.0
7,204,4.0
7,205,4.0
7,206,3.0
7,207,4.0
7,208,5.0
7,209,3.0
7,210,4.0
7,211,4.0
7,212,5.0
7,213,2.0
7,214,4.0
7,215,3.0
7,216,6.0
7,217,3.0
7,218,7.0
7,219,2.0
7,220,3.0
7,221,4.0
7,222,2.0
7,223,4.0
7,224,2.0
7,225,3.0
7,226,3.0
7,227,3.0
7,228,2.0
7,229,5.0
7,230,1.0
7,231,3.0
7,232,3.0
7,233,5.0
7,234,4.0
7,235,3.0
7,236,4.0
7,237,4.0
7,238,4.0
7,239,2.0
7,240,4.0
7,241,2.0
7,242,3.0
7,243,4.0
7,244,2.0
7,245,2.0
7,246,3.0
7,247,2.0
7,248,3.0
7,249,4.0
7,250,3.0
7,251,2.0
7,252,4.0
7,253,3.0
7,254,6.0
7,255,7.0
7,256,4.0
7,257,4.0
7,258,4.0
7,259,5.0
7,260,2.0
7,261,2.0
7,262,3.0
7,263,4.0
7,264,4.0
7,265,7.0
7,266,4.0
7,267,3.0
7,268,3.0
7,269,4.0
7,270,5.0
7,271,3.0
7,272,1.0
7,273,3.0
7,274,4.0
7,275,2.0
7,276,3.0
7,277,2.0
7,278,4.0
7,279,4.0
7,280,4.0
7,281,7.0
7,282,3.0
7,283,6.0
7,284,1.0
7,285,3.0
7,286,4.0
7,287,5.0
7,288,4.0
7,289,2.0
7,290,3.0
7,291,4.0
7,292,3.0
7,293,5.0
7,294,5.0
7,295,2.0
7,296,4.0
7,297,2.0
7,298,3.0
7,299,3.0
7,300,4.0
7,301,4.0
7,302,2.0
7,303,1.0
7,304,6.0
7,305,7.0
7,306,2.0
7,307,2.0
7,308,4.0
7,309,4.0
7,310,2.0
7,311,4.0
7,312,5.0
7,313,3.0
7,314,2.0
7,315,4.0
7,316,4.0
7,317,5.0
7,318,4.0
7,319,4.0
7,320,2.0
7,321,2.0
7,322,3.0
7,323,4.0
7,324,1.0
7,325,3.0
7,326,3.0
7,327,5.0
7,328,2.0
7,329,4.0
7,330,3.0
7,331,4.0
7,332,4.0
7,333,6.0
7,334,3.0
7,335,4.0
7,336,6.0
7,337,2.0
7,338,4.0
7,339,5.0
7,340,4.0
7,341,7.0
7,342,3.0
7,343,2.0
7,344,2.0
7,345,4.0
7,346,4.0
7,347,2.0
7,348,3.0
7,349,4.0
7,350,2.0
7,351,2.0
7,352,3.0
7,353,4.0
7,354,1.0
7,355,4.0
7,356,4.0
7,357,3.0
7,358,3.0
7,359,4.0
7,360,4.0
7,361,1.0
7,362,3.0
7,363,4.0
7,364,5.0
7,365,5.0
7,366,1.0
7,367,2.0
7,368,2.0
7,369,7.0
7,370,2.0
7,371,2.0
7,372,2.0
7,373,5.0
7,374,3.0
7,375,4.0
7,376,3.0
7,377,3.0
8,9,4.0
8,10,5.0
8,11,4.0
8,12,5.0
8,13,3.0
8,14,3.0
8,15,3.0
8,16,6.0
8,17,3.0
8,18,4.0
8,19,3.0
8,20,6.0
8,21,6.0
8,22,6.0
8,23,6.0
8,24,6.0
8,25,5.0
8,26,2.0
8,27,3.0
8,28,3.0
8,29,6.0
8,30,5.0
8,31,6.0
8,32,2.0
8,33,2.0
8,34,2.0
8,35,5.0
8,36,4.0
8,37,7.0
8,38,3.0
8,39,4.0
8,40,4.0
8,41,5.0
8,42,6.0
8,43,2.0
8,44,4.0
8,45,4.0
8,46,4.0
8,47,2.0
8,48,5.0
8,49,5.0
8,50,4.0
8,51,4.0
8,52,2.0
8,53,4.0
8,54,2.0
8,55,2.0
8,56,6.0
8,57,5.0
8,58,4.0
8,59,4.0
8,60,4.0
8,61,3.0
8,62,4.0
8,63,2.0
8,64,3.0
8,65,4.0
8,66,4.0
8,67,4.0
8,68,4.0
8,69,6.0
8,70,6.0
8,71,4.0
8,72,4.0
8,73,3.0
8,74,5.0
8,75,4.0
8,76,5.0
8,77,1.0
8,78,3.0
8,79,3.0
8,80,3.0
8,81,6.0
8,82,3.0
8,83,5.0
8,84,5.0
8,85,5.0
8,86,6.0
8,87,3.0
8,88,6.0
8,89,4.0
8,90,6.0
8,91,5.0
8,92,3.0
8,93,4.0
8,94,3.0
8,95,3.0
8,96,5.0
8,97,4.0
8,98,5.0
8,99,5.0
8,100,4.0
8,101,4.0
8,102,4.0
8,103,5.0
8,104,5.0
8,105,3.0
8,106,3.0
8,107,2.0
8,108,6.0
8,109,6.0
8,110,6.0
8,111,4.0
8,112,5.0
8,113,4.0
8,114,5.0
8,115,5.0
8,116,5.0
8,117,6.0
8,118,5.0
8,119,4.0
8,120,6.0
8,121,5.0
8,122,4.0
8,123,4.0
8,124,2.0
8,125,2.0
8,126,3.0
8,127,3.0
8,128,5.0
8,129,3.0
8,130,3.0
8,131,3.0
8,132,4.0
8,133,4.0
8,134,4.0
8,135,4.0
8,136,5.0
8,137,5.0
8,138,5.0
8,139,5.0
8,140,6.0
8,141,6.0
8,142,6.0
8,143,2.0
8,144,2.0
8,145,6.0
8,146,3.0
8,147,5.0
8,148,5.0
8,149,3.0
8,150,5.0
8,151,5.0
8,152,4.0
8,153,5.0
8,154,6.0
8,155,5.0
8,156,6.0
8,157,5.0
8,158,5.0
8,159,2.0
8,160,6.0
8,161,2.0
8,162,3.0
8,163,5.0
8,164,3.0
8,165,5.0
8,166,3.0
8,167,5.0
8,168,3.0
8,169,4.0
8,170,5.0
8,171,6.0
8,172,5.0
8,173,4.0
8,174,4.0
8,175,2.0
8,176,4.0
8,177,5.0
8,178,5.0
8,179,5.0
8,180,3.0
8,181,3.0
8,182,4.0
8,183,3.0
8,184,3.0
8,185,4.0
8,186,5.0
8,187,5.0
8,188,3.0
8,189,4.0
8,190,4.0
8,191,4.0
8,192,4.0
8,193,4.0
8,194,5.0
8,195,5.0
8,196,6.0
8,197,6.0
8,198,6.0
8,199,5.0
8,200,5.0
8,201,5.0
8,202,6.0
8,203,5.0
8,204,5.0
8,205,5.0
8,206,4.0
8,207,3.0
8,208,5.0
8,209,4.0
8,210,6.0
8,211,6.0
8,212,6.0
8,213,3.0
8,214,6.0
8,215,5.0
8,216,5.0
8,217,3.0
8,218,4.0
8,219,3.0
8,220,5.0
8,221,6.0
8,222,4.0
8,223,4.0
8,224,3.0
8,225,4.0
8,226,4.0
8,227,4.0
8,228,3.0
8,229,4.0
8,230,2.0
8,231,4.0
8,232,5.0
8,233,5.0
8,234,6.0
8,235,4.0
8,236,4.0
8,237,6.0
8,238,6.0
8,239,3.0
8,240,6.0
8,241,3.0
8,242,4.0
8,243,6.0
8,244,3.0
8,245,3.0
8,246,3.0
8,247,3.0
8,248,3.0
8,249,5.0
8,250,5.0
8,251,3.0
8,252,5.0
8,253,4.0
8,254,5.0
8,255,4.0
8,256,6.0
8,257,6.0
8,258,6.0
8,259,4.0
8,260,3.0
8,261,3.0
8,262,5.0
8,263,6.0
8,264,6.0
8,265,4.0
8,266,4.0
8,267,4.0
8,268,5.0
8,269,6.0
8,270,5.0
8,271,3.0
8,272,2.0
8,273,4.0
8,274,4.0
8,275,3.0
8,276,4.0
8,277,3.0
8,278,6.0
8,279,6.0
8,280,6.0
8,281,4.0
8,282,3.0
8,283,5.0
8,284,2.0
8,285,2.0
8,286,6.0
8,287,5.0
8,288,4.0
8,289,3.0
8,290,3.0
8,291,3.0
8,292,4.0
8,293,5.0
8,294,5.0
8,295,3.0
8,296,6.0
8,297,3.0
8,298,3.0
8,299,3.0
8,300,6.0
8,301,6.0
8,302,3.0
8,303,2.0
8,304,5.0
8,305,4.0
8,306,2.0
8,307,3.0
8,308,7.0
8,309,6.0
8,310,3.0
8,311,6.0
8,312,4.0
8,313,4.0
8,314,3.0
8,315,4.0
8,316,5.0
8,317,5.0
8,318,3.0
8,319,4.0
8,320,3.0
8,321,3.0
8,322,5.0
8,323,6.0
8,324,2.0
8,325,4.0
8,326,4.0
8,327,4.0
8,328,3.0
8,329,6.0
8,330,4.0
8,331,5.0
8,332,3.0
8,333,5.0
8,334,4.0
8,335,5.0
8,336,4.0
8,337,3.0
8,338,6.0
8,339,5.0
8,340,6.0
8,341,4.0
8,342,4.0
8,343,3.0
8,344,3.0
8,345,6.0
8,346,5.0
8,347,3.0
8,348,5.0
8,349,6.0
8,350,2.0
8,351,3.0
8,352,4.0
8,353,6.0
8,354,2.0
8,355,3.0
8,356,6.0
8,357,4.0
8,358,4.0
8,359,4.0
8,360,6.0
8,361,2.0
8,362,4.0
8,363,4.0
8,364,5.0
8,365,5.0
8,366,2.0
8,367,3.0
8,368,3.0
8,369,4.0
8,370,3.0
8,371,3.0
8,372,3.0
8,373,5.0
8,374,4.0
8,375,4.0
8,376,5.0
8,377,3.0
9,10,3.0
9,11,7.0
9,12,3.0
9,13,3.0
9,14,3.0
9,15,3.0
9,16,3.0
9,17,3.0
9,18,4.0
9,19,3.0
9,20,4.0
9,21,5.0
9,22,4.0
9,23,4.0
9,24,4.0
9,25,3.0
9,26,2.0
9,27,4.0
9,28,4.0
9,29,4.0
9,30,4.0
9,31,4.0
9,32,2.0
9,33,4.0
9,34,2.0
9,35,4.0
9,36,4.0
9,37,4.0
9,38,4.0
9,39,3.0
9,40,4.0
9,41,5.0
9,42,4.0
9,43,3.0
9,44,5.0
9,45,4.0
9,46,4.0
9,47,4.0
9,48,3.0
9,49,3.0
9,50,4.0
9,51,4.0
9,52,4.0
9,53,3.0
9,54,4.0
9,55,4.0
9,56,4.0
9,57,4.0
9,58,5.0
9,59,4.0
9,60,3.0
9,61,4.0
9,62,4.0
9,63,3.0
9,64,4.0
9,65,2.0
9,66,2.0
9,67,3.0
9,68,4.0
9,69,5.0
9,70,5.0
9,71,4.0
9,72,3.0
9,73,4.0
9,74,3.0
9,75,4.0
9,76,3.0
9,77,2.0
9,78,2.0
9,79,2.0
9,80,5.0
9,81,4.0
9,82,3.0
9,83,5.0
9,84,5.0
9,85,5.0
9,86,4.0
9,87,3.0
9,88,4.0
9,89,3.0
9,90,5.0
9,91,4.0
9,92,3.0
9,93,2.0
9,94,3.0
9,95,3.0
9,96,4.0
9,97,6.0
9,98,4.0
9,99,3.0
9,100,5.0
9,101,4.0
9,102,5.0
9,103,4.0
9,104,5.0
9,105,3.0
9,106,3.0
9,107,3.0
9,108,4.0
9,109,4.0
9,110,5.0
9,111,3.0
9,112,3.0
9,113,3.0
9,114,5.0
9,115,5.0
9,116,5.0
9,117,5.0
9,118,3.0
9,119,3.0
9,120,5.0
9,121,3.0
9,122,3.0
9,123,5.0
9,124,2.0
9,125,2.0
9,126,4.0
9,127,4.0
9,128,5.0
9,129,4.0
9,130,4.0
9,131,4.0
9,132,4.0
9,133,4.0
9,134,4.0
9,135,4.0
9,136,4.0
9,137,4.0
9,138,4.0
9,139,5.0
9,140,5.0
9,141,5.0
9,142,4.0
9,143,2.0
9,144,2.0
9,145,4.0
9,146,3.0
9,147,4.0
9,148,4.0
9,149,3.0
9,150,5.0
9,151,5.0
9,152,3.0
9,153,3.0
9,154,4.0
9,155,4.0
9,156,5.0
9,157,3.0
9,158,3.0
9,159,1.0
9,160,4.0
9,161,2.0
9,162,4.0
9,163,3.0
9,164,3.0
9,165,4.0
9,166,5.0
9,167,3.0
9,168,3.0
9,169,3.0
9,170,3.0
9,171,5.0
9,172,3.0
9,173,4.0
9,174,5.0
9,175,2.0
9,176,3.0
9,177,4.0
9,178,4.0
9,179,5.0
9,180,2.0
9,181,2.0
9,182,3.0
9,183,4.0
9,184,4.0
9,185,5.0
9,186,4.0
9,187,4.0
9,188,4.0
9,189,3.0
9,190,3.0
9,191,3.0
9,192,3.0
9,193,5.0
9,194,3.0
9,195,3.0
9,196,5.0
9,197,5.0
9,198,5.0
9,199,3.0
9,200,3.0
9,201,3.0
9,202,5.0
9,203,5.0
9,204,3.0
9,205,3.0
9,206,3.0
9,207,4.0
9,208,3.0
9,209,4.0
9,210,3.0
9,211,5.0
9,212,4.0
9,213,4.0
9,214,5.0
9,215,4.0
9,216,4.0
9,217,4.0
9,218,3.0
9,219,4.0
9,220,4.0
9,221,5.0
9,222,3.0
9,223,3.0
9,224,4.0
9,225,4.0
9,226,4.0
9,227,4.0
9,228,4.0
9,229,3.0
9,230,2.0
9,231,4.0
9,232,4.0
9,233,3.0
9,234,4.0
9,235,4.0
9,236,3.0
9,237,5.0
9,238,4.0
9,239,4.0
9,240,5.0
9,241,4.0
9,242,4.0
9,243,5.0
9,244,2.0
9,245,3.0
9,246,4.0
9,247,5.0
9,248,4.0
9,249,4.0
9,250,5.0
9,251,4.0
9,252,3.0
9,253,4.0
9,254,4.0
9,255,3.0
9,256,4.0
9,257,5.0
9,258,4.0
9,259,3.0
9,260,4.0
9,261,4.0
9,262,5.0
9,263,5.0
9,264,5.0
9,265,3.0
9,266,4.0
9,267,4.0
9,268,4.0
9,269,4.0
9,270,3.0
9,271,2.0
9,272,4.0
9,273,4.0
9,274,3.0
9,275,4.0
9,276,4.0
9,277,3.0
9,278,5.0
9,279,4.0
9,280,3.0
9,281,3.0
9,282,4.0
9,283,4.0
9,284,2.0
9,285,2.0
9,286,5.0
9,287,4.0
9,288,3.0
9,289,4.0
9,290,3.0
9,291,3.0
9,292,4.0
9,293,3.0
9,294,3.0
9,295,4.0
9,296,5.0
9,297,5.0
9,298,3.0
9,299,4.0
9,300,5.0
9,301,5.0
9,302,4.0
9,303,2.0
9,304,4.0
9,305,3.0
9,306,4.0
9,307,3.0
9,308,4.0
9,309,5.0
9,310,4.0
9,311,5.0
9,312,3.0
9,313,4.0
9,314,5.0
9,315,3.0
9,316,4.0
9,317,3.0
9,318,4.0
9,319,3.0
9,320,3.0
9,321,4.0
9,322,4.0
9,323,5.0
9,324,4.0
9,325,5.0
9,326,4.0
9,327,3.0
9,328,2.0
9,329,4.0
9,330,4.0
9,331,4.0
9,332,2.0
9,333,4.0
9,334,6.0
9,335,5.0
9,336,3.0
9,337,3.0
9,338,5.0
9,339,3.0
9,340,5.0
9,341,3.0
9,342,3.0
9,343,2.0
9,344,5.0
9,345,4.0
9,346,5.0
9,347,4.0
9,348,5.0
9,349,5.0
9,350,5.0
9,351,4.0
9,352,3.0
9,353,5.0
9,354,2.0
9,355,4.0
9,356,5.0
9,357,4.0
9,358,4.0
9,359,3.0
9,360,5.0
9,361,4.0
9,362,4.0
9,363,4.0
9,364,4.0
9,365,4.0
9,366,4.0
9,367,5.0
9,368,4.0
9,369,3.0
9,370,5.0
9,371,4.0
9,372,4.0
9,373,3.0
9,374,4.0
9,375,3.0
9,376,5.0
9,377,4.0
10,11,3.0
10,12,7.0
10,13,4.0
10,14,3.0
10,15,3.0
10,16,4.0
10,17,4.0
10,18,3.0
10,19,2.0
10,20,5.0
10,21,5.0
10,22,5.0
10,23,5.0
10,24,5.0
10,25,7.0
10,26,2.0
10,27,3.0
10,28,3.0
10,29,5.0
10,30,5.0
10,31,5.0
10,32,2.0
10,33,2.0
10,34,2.0
10,35,4.0
10,36,3.0
10,37,5.0
10,38,3.0
10,39,5.0
10,40,4.0
10,41,4.0
10,42,5.0
10,43,2.0
10,44,3.0
10,45,4.0
10,46,4.0
10,47,2.0
10,48,4.0
10,49,4.0
10,50,4.0
10,51,4.0
10,52,2.0
10,53,5.0
10,54,2.0
10,55,2.0
10,56,5.0
10,57,4.0
10,58,3.0
10,59,4.0
10,60,5.0
10,61,3.0
10,62,4.0
10,63,2.0
10,64,3.0
10,65,3.0
10,66,3.0
10,67,4.0
10,68,4.0
10,69,5.0
10,70,5.0
10,71,4.0
10,72,4.0
10,73,3.0
10,74,4.0
10,75,4.0
10,76,4.0
10,77,1.0
10,78,2.0
10,79,2.0
10,80,3.0
10,81,5.0
10,82,3.0
10,83,4.0
10,84,4.0
10,85,4.0
10,86,5.0
10,87,3.0
10,88,5.0
10,89,3.0
10,90,5.0
10,91,6.0
10,92,2.0
10,93,3.0
10,94,3.0
10,95,3.0
10,96,4.0
10,97,4.0
10,98,4.0
10,99,4.0
10,100,3.0
10,101,4.0
10,102,3.0
10,103,6.0
10,104,5.0
10,105,2.0
10,106,2.0
10,107,2.0
10,108,5.0
10,109,5.0
10,110,5.0
10,111,4.0
10,112,6.0
10,113,4.0
10,114,4.0
10,115,4.0
10,116,4.0
10,117,5.0
10,118,5.0
10,119,4.0
10,120,5.0
10,121,5.0
10,122,4.0
10,123,5.0
10,124,3.0
10,125,3.0
10,126,3.0
10,127,3.0
10,128,4.0
10,129,3.0
10,130,3.0
10,131,3.0
10,132,4.0
10,133,4.0
10,134,4.0
10,135,4.0
10,136,4.0
10,137,4.0
10,138,4.0
10,139,4.0
10,140,5.0
10,141,5.0
10,142,4.0
10,143,2.0
10,144,2.0
10,145,5.0
10,146,3.0
10,147,4.0
10,148,4.0
10,149,3.0
10,150,5.0
10,151,5.0
10,152,4.0
10,153,3.0
10,154,5.0
10,155,4.0
10,156,4.0
10,157,7.0
10,158,7.0
10,159,2.0
10,160,4.0
10,161,3.0
10,162,3.0
10,163,7.0
10,164,3.0
10,165,4.0
10,166,3.0
10,167,7.0
10,168,2.0
10,169,4.0
10,170,7.0
10,171,5.0
10,172,7.0
10,173,3.0
10,174,3.0
10,175,3.0
10,176,5.0
10,177,5.0
10,178,5.0
10,179,4.0
10,180,4.0
10,181,4.0
10,182,5.0
10,183,3.0
10,184,3.0
10,185,3.0
10,186,4.0
10,187,4.0
10,188,3.0
10,189,5.0
10,190,3.0
10,191,3.0
10,192,3.0
10,193,4.0
10,194,7.0
10,195,4.0
10,196,5.0
10,197,5.0
10,198,5.0
10,199,3.0
10,200,3.0
10,201,3.0
10,202,5.0
10,203,4.0
10,204,4.0
10,205,4.0
10,206,4.0
10,207,4.0
10,208,7.0
10,209,4.0
10,210,4.0
10,211,5.0
10,212,5.0
10,213,3.0
10,214,5.0
10,215,4.0
10,216,6.0
10,217,3.0
10,218,5.0
10,219,3.0
10,220,4.0
10,221,5.0
10,222,4.0
10,223,4.0
10,224,3.0
10,225,4.0
10,226,4.0
10,227,4.0
10,228,3.0
10,229,5.0
10,230,2.0
10,231,4.0
10,232,4.0
10,233,6.0
10,234,5.0
10,235,4.0
10,236,4.0
10,237,5.0
10,238,5.0
10,239,3.0
10,240,5.0
10,241,3.0
10,242,4.0
10,243,5.0
10,244,2.0
10,245,2.0
10,246,3.0
10,247,3.0
10,248,3.0
10,249,4.0
10,250,4.0
10,251,3.0
10,252,4.0
10,253,4.0
10,254,6.0
10,255,5.0
10,256,5.0
10,257,5.0
10,258,5.0
10,259,5.0
10,260,3.0
10,261,3.0
10,262,4.0
10,263,5.0
10,264,5.0
10,265,5.0
10,266,4.0
10,267,4.0
10,268,4.0
10,269,5.0
10,270,7.0
10,271,3.0
10,272,2.0
10,273,4.0
10,274,4.0
10,275,3.0
10,276,4.0
10,277,3.0
10,278,5.0
10,279,5.0
10,280,4.0
10,281,5.0
10,282,3.0
10,283,6.0
10,284,2.0
10,285,3.0
10,286,5.0
10,287,6.0
10,288,2.0
10,289,3.0
10,290,4.0
10,291,4.0
10,292,4.0
10,293,6.0
10,294,7.0
10,295,3.0
10,296,5.0
10,297,3.0
10,298,3.0
10,299,3.0
10,300,5.0
10,301,5.0
10,302,3.0
10,303,2.0
10,304,6.0
10,305,5.0
10,306,2.0
10,307,3.0
10,308,5.0
10,309,5.0
10,310,3.0
10,311,5.0
10,312,5.0
10,313,4.0
10,314,3.0
10,315,4.0
10,316,4.0
10,317,6.0
10,318,4.0
10,319,3.0
10,320,3.0
10,321,3.0
10,322,4.0
10,323,5.0
10,324,2.0
10,325,3.0
10,326,4.0
10,327,5.0
10,328,2.0
10,329,5.0
10,330,4.0
10,331,4.0
10,332,3.0
10,333,6.0
10,334,3.0
10,335,4.0
10,336,5.0
10,337,3.0
10,338,5.0
10,339,5.0
10,340,5.0
10,341,5.0
10,342,4.0
10,343,2.0
10,344,3.0
10,345,5.0
10,346,4.0
10,347,3.0
10,348,4.0
10,349,5.0
10,350,2.0
10,351,3.0
10,352,4.0
10,353,5.0
10,354,2.0
10,355,3.0
10,356,5.0
10,357,4.0
10,358,4.0
10,359,4.0
10,360,5.0
10,361,2.0
10,362,4.0
10,363,5.0
10,364,4.0
10,365,6.0
10,366,2.0
10,367,3.0
10,368,3.0
10,369,5.0
10,370,3.0
10,371,3.0
10,372,3.0
10,373,7.0
10,374,4.0
10,375,5.0
10,376,4.0
10,377,3.0
11,12,3.0
11,13,3.0
11,14,3.0
11,15,3.0
11,16,3.0
11,17,3.0
11,18,4.0
11,19,3.0
11,20,4.0
11,21,5.0
11,22,4.0
11,23,4.0
11,24,4.0
11,25,3.0
11,26,2.0
11,27,4.0
11,28,4.0
11,29,4.0
11,30,4.0
11,31,4.0
11,32,2.0
11,33,4.0
11,34,2.0
11,35,4.0
11,36,4.0
11,37,4.0
11,38,4.0
11,39,3.0
11,40,4.0
11,41,5.0
11,42,4.0
11,43,3.0
11,44,5.0
11,45,4.0
11,46,4.0
11,47,4.0
11,48,3.0
11,49,3.0
11,50,4.0
11,51,4.0
11,52,4.0
11,53,3.0
11,54,4.0
11,55,4.0
11,56,4.0
11,57,4.0
11,58,5.0
11,59,4.0
11,60,3.0
11,61,4.0
11,62,4.0
11,63,3.0
11,64,4.0
11,65,2.0
11,66,2.0
11,67,3.0
11,68,4.0
11,69,5.0
11,70,5.0
11,71,4.0
11,72,3.0
11,73,4.0
11,74,3.0
11,75,4.0
11,76,3.0
11,77,2.0
11,78,2.0
11,79,2.0
11,80,5.0
11,81,4.0
11,82,3.0
11,83,5.0
11,84,5.0
11,85,5.0
11,86,4.0
11,87,3.0
11,88,4.0
11,89,3.0
11,90,5.0
11,91,4.0
11,92,3.0
11,93,2.0
11,94,3.0
11,95,3.0
11,96,4.0
11,97,6.0
11,98,4.0
11,99,3.0
11,100,5.0
11,101,4.0
11,102,5.0
11,103,4.0
11,104,5.0
11,105,3.0
11,106,3.0
11,107,3.0
11,108,4.0
11,109,4.0
11,110,5.0
11,111,3.0
11,112,3.0
11,113,3.0
11,114,5.0
11,115,5.0
11,116,5.0
11,117,5.0
11,118,3.0
11,119,3.0
11,120,5.0
11,121,3.0
11,122,3.0
11,123,5.0
11,124,2.0
11,125,2.0
11,126,4.0
11,127,4.0
11,128,5.0
11,129,4.0
11,130,4.0
11,131,4.0
11,132,4.0
11,133,4.0
11,134,4.0
11,135,4.0
11,136,4.0
11,137,4.0
11,138,4.0
11,139,5.0
11,140,5.0
11,141,5.0
11,142,4.0
11,143,2.0
11,144,2.0
11,145,4.0
11,146,3.0
11,147,4.0
11,148,4.0
11,149,3.0
11,150,5.0
11,151,5.0
11,152,3.0
11,153,3.0
11,154,4.0
11,155,4.0
11,156,5.0
11,157,3.0
11,158,3.0
11,159,1.0
11,160,4.0
11,161,2.0
11,162,4.0
11,163,3.0
11,164,3.0
11,165,4.0
11,166,5.0
11,167,3.0
11,168,3.0
11,169,3.0
11,170,3.0
11,171,5.0
11,172,3.0
11,173,4.0
11,174,5.0
11,175,2.0
11,176,3.0
11,177,4.0
11,178,4.0
11,179,5.0
11,180,2.0
11,181,2.0
11,182,3.0
11,183,4.0
11,184,4.0
11,185,5.0
11,186,4.0
11,187,4.0
11,188,4.0
11,189,3.0
11,190,3.0
11,191,3.0
11,192,3.0
11,193,5.0
11,194,3.0
11,195,3.0
11,196,5.0
11,197,5.0
11,198,5.0
11,199,3.0
11,200,3.0
11,201,3.0
11,202,5.0
11,203,5.0
11,204,3.0
11,205,3.0
11,206,3.0
11,207,4.0
11,208,3.0
11,209,4.0
11,210,3.0
11,211,5.0
11,212,4.0
11,213,4.0
11,214,5.0
11,215,4.0
11,216,4.0
11,217,4.0
11,218,3.0
11,219,4.0
11,220,4.0
11,221,5.0
11,222,3.0
11,223,3.0
11,224,4.0
11,225,4.0
11,226,4.0
11,227,4.0
11,228,4.0
11,229,3.0
11,230,2.0
11,231,4.0
11,232,4.0
11,233,3.0
11,234,4.0
11,235,4.0
11,236,3.0
11,237,5.0
11,238,4.0
11,239,4.0
11,240,5.0
11,241,4.0
11,242,4.0
11,243,5.0
11,244,2.0
11,245,3.0
11,246,4.0
11,247,5.0
11,248,4.0
11,249,4.0
11,250,5.0
11,251,4.0
11,252,3.0
11,253,4.0
11,254,4.0
11,255,3.0
11,256,4.0
11,257,5.0
11,258,4.0
11,259,3.0
11,260,4.0
11,261,4.0
11,262,5.0
11,263,5.0
11,264,5.0
11,265,3.0
11,266,4.0
11,267,4.0
11,268,4.0
11,269,4.0
11,270,3.0
11,271,2.0
11,272,4.0
11,273,4.0
11,274,3.0
11,275,4.0
11,276,4.0
11,277,3.0
11,278,5.0
11,279,4.0
11,280,3.0
11,281,3.0
11,282,4.0
11,283,4.0
11,284,2.0
11,285,2.0
11,286,5.0
11,287,4.0
11,288,3.0
11,289,4.0
11,290,3.0
11,291,3.0
11,292,4.0
11,293,3.0
11,294,3.0
11,295,4.0
11,296,5.0
11,297,5.0
11,298,3.0
11,299,4.0
11,300,5.0
11,301,5.0
11,302,4.0
11,303,2.0
11,304,4.0
11,305,3.0
11,306,4.0
11,307,3.0
11,308,4.0
11,309,5.0
11,310,4.0
11,311,5.0
11,312,3.0
11,313,4.0
11,314,5.0
11,315,3.0
11,316,4.0
11,317,3.0
11,318,4.0
11,319,3.0
11,320,3.0
11,321,4.0
11,322,4.0
11,323,5.0
11,324,4.0
11,325,5.0
11,326,4.0
11,327,3.0
11,328,2.0
11,329,4.0
11,330,4.0
11,331,4.0
11,332,2.0
11,333,4.0
11,334,6.0
11,335,5.0
11,336,3.0
11,337,3.0
11,338,5.0
11,339,3.0
11,340,5.0
11,341,3.0
11,342,3.0
11,343,2.0
11,344,5.0
11,345,4.0
11,346,5.0
11,347,4.0
11,348,5.0
11,349,5.0
11,350,5.0
11,351,4.0
11,352,3.0
11,353,5.0
11,354,2.0
11,355,4.0
11,356,5.0
11,357,4.0
11,358,4.0
11,359,3.0
11,360,5.0
11,361,4.0
11,362,4.0
11,363,4.0
11,364,4.0
11,365,4.0
11,366,4.0
11,367,5.0
11,368,4.0
11,369,3.0
11,370,5.0
11,371,4.0
11,372,4.0
11,373,3.0
11,374,4.0
11,375,3.0
11,376,5.0
11,377,4.0
12,13,4.0
12,14,3.0
12,15,3.0
12,16,4.0
12,17,4.0
12,18,3.0
12,19,2.0
12,20,5.0
12,21,5.0
12,22,5.0
12,23,5.0
12,24,5.0
12,25,7.0
12,26,2.0
12,27,3.0
12,28,3.0
12,29,5.0
12,30,5.0
12,31,5.0
12,32,2.0
12,33,2.0
12,34,2.0
12,35,4.0
12,36,3.0
12,37,5.0
12,38,3.0
12,39,5.0
12,40,4.0
12,41,4.0
12,42,5.0
12,43,2.0
12,44,3.0
12,45,4.0
12,46,4.0
12,47,2.0
12,48,4.0
12,49,4.0
12,50,4.0
12,51,4.0
12,52,2.0
12,53,5.0
12,54,2.0
12,55,2.0
12,56,5.0
12,57,4.0
12,58,3.0
12,59,4.0
12,60,5.0
12,61,3.0
12,62,4.0
12,63,2.0
12,64,3.0
12,65,3.0
12,66,3.0
12,67,4.0
12,68,4.0
12,69,5.0
12,70,5.0
12,71,4.0
12,72,4.0
12,73,3.0
12,74,4.0
12,75,4.0
12,76,4.0
12,77,1.0
12,78,2.0
12,79,2.0
12,80,3.0
12,81,5.0
12,82,3.0
12,83,4.0
12,84,4.0
12,85,4.0
12,86,5.0
12,87,3.0
12,88,5.0
12,89,3.0
12,90,5.0
12,91,6.0
12,92,2.0
12,93,3.0
12,94,3.0
12,95,3.0
12,96,4.0
12,97,4.0
12,98,4.0
12,99,4.0
12,100,3.0
12,101,4.0
12,102,3.0
12,103,6.0
12,104,5.0
12,105,2.0
12,106,2.0
12,107,2.0
12,108,5.0
12,109,5.0
12,110,5.0
12,111,4.0
12,112,6.0
12,113,4.0
12,114,4.0
12,115,4.0
12,116,4.0
12,117,5.0
12,118,5.0
12,119,4.0
12,120,5.0
12,121,5.0
12,122,4.0
12,123,5.0
12,124,3.0
12,125,3.0
12,126,3.0
12,127,3.0
12,128,4.0
12,129,3.0
12,130,3.0
12,131,3.0
12,132,4.0
12,133,4.0
12,134,4.0
12,135,4.0
12,136,4.0
12,137,4.0
12,138,4.0
12,139,4.0
12,140,5.0
12,141,5.0
12,142,4.0
12,143,2.0
12,144,2.0
12,145,5.0
12,146,3.0
12,147,4.0
12,148,4.0
12,149,3.0
12,150,5.0
12,151,5.0
12,152,4.0
12,153,3.0
12,154,5.0
12,155,4.0
12,156,4.0
12,157,7.0
12,158,7.0
12,159,2.0
12,160,4.0
12,161,3.0
12,162,3.0
12,163,7.0
12,164,3.0
12,165,4.0
12,166,3.0
12,167,7.0
12,168,2.0
12,169,4.0
12,170,7.0
12,171,5.0
12,172,7.0
12,173,3.0
12,174,3.0
12,175,3.0
12,176,5.0
12,177,5.0
12,178,5.0
12,179,4.0
12,180,4.0
12,181,4.0
12,182,5.0
12,183,3.0
12,184,3.0
12,185,3.0
12,186,4.0
12,187,4.0
12,188,3.0
12,189,5.0
12,190,3.0
12,191,3.0
12,192,3.0
12,193,4.0
12,194,7.0
12,195,4.0
12,196,5.0
12,197,5.0
12,198,5.0
12,199,3.0
12,200,3.0
12,201,3.0
12,202,5.0
12,203,4.0
12,204,4.0
12,205,4.0
12,206,4.0
12,207,4.0
12,208,7.0
12,209,4.0
12,210,4.0
12,211,5.0
12,212,5.0
12,213,3.0
12,214,5.0
12,215,4.0
12,216,6.0
12,217,3.0
12,218,5.0
12,219,3.0
12,220,4.0
12,221,5.0
12,222,4.0
12,223,4.0
12,224,3.0
12,225,4.0
12,226,4.0
12,227,4.0
12,228,3.0
12,229,5.0
12,230,2.0
12,231,4.0
12,232,4.0
12,233,6.0
12,234,5.0
12,235,4.0
12,236,4.0
12,237,5.0
12,238,5.0
12,239,3.0
12,240,5.0
12,241,3.0
12,242,4.0
12,243,5.0
12,244,2.0
12,245,2.0
12,246,3.0
12,247,3.0
12,248,3.0
12,249,4.0
12,250,4.0
12,251,3.0
12,252,4.0
12,253,4.0
12,254,6.0
12,255,5.0
12,256,5.0
12,257,5.0
12,258,5.0
12,259,5.0
12,260,3.0
12,261,3.0
12,262,4.0
12,263,5.0
12,264,5.0
12,265,5.0
12,266,4.0
12,267,4.0
12,268,4.0
12,269,5.0
12,270,7.0
12,271,3.0
12,272,2.0
12,273,4.0
12,274,4.0
12,275,3.0
12,276,4.0
12,277,3.0
12,278,5.0
12,279,5.0
12,280,4.0
12,281,5.0
12,282,3.0
12,283,6.0
12,284,2.0
12,285,3.0
12,286,5.0
12,287,6.0
12,288,2.0
12,289,3.0
12,290,4.0
12,291,4.0
12,292,4.0
12,293,6.0
12,294,7.0
12,295,3.0
12,296,5.0
12,297,3.0
12,298,3.0
12,299,3.0
12,300,5.0
12,301,5.0
12,302,3.0
12,303,2.0
12,304,6.0
12,305,5.0
12,306,2.0
12,307,3.0
12,308,5.0
12,309,5.0
12,310,3.0
12,311,5.0
12,312,5.0
12,313,4.0
12,314,3.0
12,315,4.0
12,316,4.0
12,317,6.0
12,318,4.0
12,319,3.0
12,320,3.0
12,321,3.0
12,322,4.0
12,323,5.0
12,324,2.0
12,325,3.0
12,326,4.0
12,327,5.0
12,328,2.0
12,329,5.0
12,330,4.0
12,331,4.0
12,332,3.0
12,333,6.0
12,334,3.0
12,335,4.0
12,336,5.0
12,337,3.0
12,338,5.0
12,339,5.0
12,340,5.0
12,341,5.0
12,342,4.0
12,343,2.0
12,344,3.0
12,345,5.0
12,346,4.0
12,347,3.0
12,348,4.0
12,349,5.0
12,350,2.0
12,351,3.0
12,352,4.0
12,353,5.0
12,354,2.0
12,355,3.0
12,356,5.0
12,357,4.0
12,358,4.0
12,359,4.0
12,360,5.0
12,361,2.0
12,362,4.0
12,363,5.0
12,364,4.0
12,365,6.0
12,366,2.0
12,367,3.0
12,368,3.0
12,369,5.0
12,370,3.0
12,371,3.0
12,372,3.0
12,373,7.0
12,374,4.0
12,375,5.0
12,376,4.0
12,377,3.0
13,14,2.0
13,15,2.0
13,16,3.0
13,17,6.0
13,18,2.0
13,19,3.0
13,20,3.0
13,21,3.0
13,22,3.0
13,23,3.0
13,24,3.0
13,25,4.0
13,26,1.0
13,27,3.0
13,28,3.0
13,29,4.0
13,30,4.0
13,31,3.0
13,32,1.0
13,33,2.0
13,34,1.0
13,35,2.0
13,36,3.0
13,37,3.0
13,38,2.0
13,39,6.0
13,40,4.0
13,41,3.0
13,42,3.0
13,43,2.0
13,44,3.0
13,45,3.0
13,46,3.0
13,47,1.0
13,48,3.0
13,49,4.0
13,50,3.0
13,51,3.0
13,52,1.0
13,53,3.0
13,54,1.0
13,55,1.0
13,56,3.0
13,57,3.0
13,58,2.0
13,59,3.0
13,60,5.0
13,61,3.0
13,62,3.0
13,63,1.0
13,64,2.0
13,65,3.0
13,66,3.0
13,67,3.0
13,68,3.0
13,69,3.0
13,70,3.0
13,71,3.0
13,72,3.0
13,73,2.0
13,74,3.0
13,75,3.0
13,76,4.0
13,77,0.0
13,78,2.0
13,79,2.0
13,80,2.0
13,81,4.0
13,82,2.0
13,83,3.0
13,84,3.0
13,85,3.0
13,86,3.0
13,87,2.0
13,88,4.0
13,89,5.0
13,90,3.0
13,91,5.0
13,92,2.0
13,93,3.0
13,94,2.0
13,95,3.0
13,96,3.0
13,97,4.0
13,98,3.0
13,99,4.0
13,100,3.0
13,101,3.0
13,102,3.0
13,103,5.0
13,104,4.0
13,105,2.0
13,106,2.0
13,107,1.0
13,108,3.0
13,109,4.0
13,110,3.0
13,111,2.0
13,112,4.0
13,113,2.0
13,114,3.0
13,115,3.0
13,116,3.0
13,117,3.0
13,118,4.0
13,119,2.0
13,120,3.0
13,121,4.0
13,122,2.0
13,123,5.0
13,124,4.0
13,125,4.0
13,126,2.0
13,127,2.0
13,128,3.0
13,129,2.0
13,130,2.0
13,131,2.0
13,132,3.0
13,133,3.0
13,134,3.0
13,135,3.0
13,136,3.0
13,137,3.0
13,138,3.0
13,139,3.0
13,140,3.0
13,141,3.0
13,142,4.0
13,143,1.0
13,144,1.0
13,145,3.0
13,146,3.0
13,147,3.0
13,148,3.0
13,149,3.0
13,150,4.0
13,151,4.0
13,152,3.0
13,153,3.0
13,154,4.0
13,155,3.0
13,156,3.0
13,157,4.0
13,158,4.0
13,159,2.0
13,160,2.0
13,161,4.0
13,162,2.0
13,163,4.0
13,164,2.0
13,165,4.0
13,166,3.0
13,167,4.0
13,168,2.0
13,169,3.0
13,170,4.0
13,171,3.0
13,172,4.0
13,173,2.0
13,174,4.0
13,175,4.0
13,176,5.0
13,177,3.0
13,178,3.0
13,179,2.0
13,180,3.0
13,181,3.0
13,182,5.0
13,183,2.0
13,184,2.0
13,185,3.0
13,186,2.0
13,187,2.0
13,188,3.0
13,189,5.0
13,190,3.0
13,191,3.0
13,192,3.0
13,193,4.0
13,194,4.0
13,195,4.0
13,196,3.0
13,197,3.0
13,198,3.0
13,199,3.0
13,200,3.0
13,201,3.0
13,202,3.0
13,203,3.0
13,204,4.0
13,205,4.0
13,206,3.0
13,207,2.0
13,208,4.0
13,209,3.0
13,210,3.0
13,211,3.0
13,212,4.0
13,213,2.0
13,214,3.0
13,215,2.0
13,216,5.0
13,217,2.0
13,218,5.0
13,219,2.0
13,220,2.0
13,221,3.0
13,222,2.0
13,223,4.0
13,224,2.0
13,225,3.0
13,226,2.0
13,227,3.0
13,228,2.0
13,229,4.0
13,230,1.0
13,231,3.0
13,232,3.0
13,233,4.0
13,234,4.0
13,235,3.0
13,236,3.0
13,237,3.0
13,238,4.0
13,239,2.0
13,240,3.0
13,241,2.0
13,242,3.0
13,243,3.0
13,244,2.0
13,245,4.0
13,246,2.0
13,247,2.0
13,248,2.0
13,249,4.0
13,250,3.0
13,251,2.0
13,252,4.0
13,253,3.0
13,254,5.0
13,255,5.0
13,256,4.0
13,257,3.0
13,258,3.0
13,259,4.0
13,260,2.0
13,261,2.0
13,262,3.0
13,263,3.0
13,264,3.0
13,265,5.0
13,266,3.0
13,267,3.0
13,268,2.0
13,269,3.0
13,270,4.0
13,271,2.0
13,272,1.0
13,273,3.0
13,274,2.0
13,275,2.0
13,276,3.0
13,277,2.0
13,278,3.0
13,279,4.0
13,280,3.0
13,281,5.0
13,282,2.0
13,283,5.0
13,284,1.0
13,285,3.0
13,286,3.0
13,287,4.0
13,288,3.0
13,289,2.0
13,290,4.0
13,291,3.0
13,292,3.0
13,293,4.0
13,294,4.0
13,295,2.0
13,296,3.0
13,297,2.0
13,298,2.0
13,299,2.0
13,300,3.0
13,301,3.0
13,302,2.0
13,303,1.0
13,304,5.0
13,305,5.0
13,306,1.0
13,307,2.0
13,308,3.0
13,309,3.0
13,310,2.0
13,311,3.0
13,312,4.0
13,313,3.0
13,314,2.0
13,315,2.0
13,316,4.0
13,317,4.0
13,318,2.0
13,319,4.0
13,320,2.0
13,321,2.0
13,322,2.0
13,323,3.0
13,324,1.0
13,325,3.0
13,326,3.0
13,327,4.0
13,328,2.0
13,329,3.0
13,330,3.0
13,331,3.0
13,332,3.0
13,333,5.0
13,334,3.0
13,335,3.0
13,336,6.0
13,337,2.0
13,338,3.0
13,339,4.0
13,340,3.0
13,341,5.0
13,342,3.0
13,343,2.0
13,344,2.0
13,345,4.0
13,346,4.0
13,347,2.0
13,348,3.0
13,349,3.0
13,350,2.0
13,351,2.0
13,352,3.0
13,353,3.0
13,354,1.0
13,355,3.0
13,356,3.0
13,357,3.0
13,358,3.0
13,359,2.0
13,360,3.0
13,361,1.0
13,362,3.0
13,363,3.0
13,364,4.0
13,365,4.0
13,366,1.0
13,367,2.0
13,368,2.0
13,369,5.0
13,370,3.0
13,371,2.0
13,372,2.0
13,373,4.0
13,374,3.0
13,375,3.0
13,376,3.0
13,377,2.0
14,15,7.0
14,16,2.0
14,17,2.0
14,18,2.0
14,19,2.0
14,20,3.0
14,21,3.0
14,22,3.0
14,23,3.0
14,24,3.0
14,25,3.0
14,26,2.0
14,27,3.0
14,28,3.0
14,29,3.0
14,30,2.0
14,31,3.0
14,32,2.0
14,33,2.0
14,34,2.0
14,35,4.0
14,36,4.0
14,37,3.0
14,38,2.0
14,39,2.0
14,40,4.0
14,41,3.0
14,42,3.0
14,43,2.0
14,44,3.0
14,45,4.0
14,46,4.0
14,47,3.0
14,48,3.0
14,49,3.0
14,50,4.0
14,51,4.0
14,52,3.0
14,53,2.0
14,54,3.0
14,55,3.0
14,56,3.0
14,57,3.0
14,58,3.0
14,59,3.0
14,60,2.0
14,61,3.0
14,62,4.0
14,63,3.0
14,64,2.0
14,65,2.0
14,66,2.0
14,67,3.0
14,68,3.0
14,69,3.0
14,70,3.0
14,71,3.0
14,72,2.0
14,73,3.0
14,74,3.0
14,75,4.0
14,76,2.0
14,77,2.0
14,78,1.0
14,79,1.0
14,80,3.0
14,81,3.0
14,82,2.0
14,83,3.0
14,84,3.0
14,85,3.0
14,86,3.0
14,87,2.0
14,88,3.0
14,89,1.0
14,90,3.0
14,91,3.0
14,92,2.0
14,93,2.0
14,94,2.0
14,95,3.0
14,96,2.0
14,97,3.0
14,98,2.0
14,99,3.0
14,100,3.0
14,101,3.0
14,102,3.0
14,103,3.0
14,104,3.0
14,105,1.0
14,106,1.0
14,107,2.0
14,108,3.0
14,109,3.0
14,110,3.0
14,111,3.0
14,112,4.0
14,113,3.0
14,114,3.0
14,115,3.0
14,116,3.0
14,117,3.0
14,118,3.0
14,119,3.0
14,120,3.0
14,121,3.0
14,122,3.0
14,123,3.0
14,124,1.0
14,125,1.0
14,126,3.0
14,127,3.0
14,128,3.0
14,129,3.0
14,130,3.0
14,131,3.0
14,132,4.0
14,133,4.0
14,134,4.0
14,135,4.0
14,136,2.0
14,137,2.0
14,138,2.0
14,139,3.0
14,140,3.0
14,141,3.0
14,142,4.0
14,143,2.0
14,144,2.0
14,145,3.0
14,146,3.0
14,147,2.0
14,148,2.0
14,149,3.0
14,150,3.0
14,151,3.0
14,152,3.0
14,153,2.0
14,154,3.0
14,155,4.0
14,156,3.0
14,157,3.0
14,158,3.0
14,159,1.0
14,160,4.0
14,161,1.0
14,162,3.0
14,163,3.0
14,164,2.0
14,165,3.0
14,166,3.0
14,167,3.0
14,168,3.0
14,169,3.0
14,170,3.0
14,171,3.0
14,172,3.0
14,173,3.0
14,174,3.0
14,175,1.0
14,176,2.0
14,177,5.0
14,178,5.0
14,179,3.0
14,180,1.0
14,181,1.0
14,182,2.0
14,183,2.0
14,184,2.0
14,185,3.0
14,186,3.0
14,187,3.0
14,188,3.0
14,189,2.0
14,190,3.0
14,191,3.0
14,192,3.0
14,193,3.0
14,194,3.0
14,195,3.0
14,196,3.0
14,197,3.0
14,198,3.0
14,199,2.0
14,200,2.0
14,201,2.0
14,202,3.0
14,203,3.0
14,204,3.0
14,205,3.0
14,206,4.0
14,207,2.0
14,208,3.0
14,209,3.0
14,210,2.0
14,211,3.0
14,212,3.0
14,213,3.0
14,214,3.0
14,215,4.0
14,216,3.0
14,217,2.0
14,218,2.0
14,219,2.0
14,220,3.0
14,221,3.0
14,222,2.0
14,223,2.0
14,224,3.0
14,225,3.0
14,226,2.0
14,227,3.0
14,228,2.0
14,229,2.0
14,230,2.0
14,231,3.0
14,232,4.0
14,233,4.0
14,234,3.0
14,235,3.0
14,236,3.0
14,237,3.0
14,238,3.0
14,239,3.0
14,240,3.0
14,241,3.0
14,242,3.0
14,243,3.0
14,244,1.0
14,245,3.0
14,246,2.0
14,247,3.0
14,248,3.0
14,249,4.0
14,250,3.0
14,251,2.0
14,252,3.0
14,253,3.0
14,254,3.0
14,255,2.0
14,256,3.0
14,257,3.0
14,258,3.0
14,259,2.0
14,260,3.0
14,261,3.0
14,262,3.0
14,263,3.0
14,264,3.0
14,265,2.0
14,266,4.0
14,267,3.0
14,268,3.0
14,269,3.0
14,270,3.0
14,271,2.0
14,272,3.0
14,273,3.0
14,274,3.0
14,275,3.0
14,276,3.0
14,277,2.0
14,278,3.0
14,279,3.0
14,280,2.0
14,281,2.0
14,282,2.0
14,283,3.0
14,284,2.0
14,285,1.0
14,286,3.0
14,287,3.0
14,288,1.0
14,289,3.0
14,290,2.0
14,291,1.0
14,292,3.0
14,293,4.0
14,294,3.0
14,295,3.0
14,296,3.0
14,297,3.0
14,298,3.0
14,299,2.0
14,300,3.0
14,301,3.0
14,302,3.0
14,303,2.0
14,304,3.0
14,305,2.0
14,306,2.0
14,307,2.0
14,308,3.0
14,309,3.0
14,310,3.0
14,311,3.0
14,312,2.0
14,313,3.0
14,314,3.0
14,315,3.0
14,316,4.0
14,317,3.0
14,318,2.0
14,319,3.0
14,320,2.0
14,321,3.0
14,322,3.0
14,323,3.0
14,324,3.0
14,325,3.0
14,326,3.0
14,327,2.0
14,328,1.0
14,329,3.0
14,330,3.0
14,331,2.0
14,332,2.0
14,333,3.0
14,334,3.0
14,335,3.0
14,336,2.0
14,337,2.0
14,338,3.0
14,339,3.0
14,340,3.0
14,341,2.0
14,342,3.0
14,343,1.0
14,344,3.0
14,345,3.0
14,346,4.0
14,347,3.0
14,348,3.0
14,349,3.0
14,350,2.0
14,351,3.0
14,352,3.0
14,353,3.0
14,354,2.0
14,355,3.0
14,356,3.0
14,357,3.0
14,358,3.0
14,359,3.0
14,360,3.0
14,361,3.0
14,362,3.0
14,363,3.0
14,364,3.0
14,365,3.0
14,366,3.0
14,367,3.0
14,368,2.0
14,369,2.0
14,370,3.0
14,371,3.0
14,372,3.0
14,373,3.0
14,374,3.0
14,375,3.0
14,376,3.0
14,377,2.0
15,16,2.0
15,17,2.0
15,18,2.0
15,19,2.0
15,20,3.0
15,21,3.0
15,22,3.0
15,23,3.0
15,24,3.0
15,25,3.0
15,26,2.0
15,27,3.0
15,28,3.0
15,29,3.0
15,30,2.0
15,31,3.0
15,32,2.0
15,33,2.0
15,34,2.0
15,35,4.0
15,36,4.0
15,37,3.0
15,38,2.0
15,39,2.0
15,40,4.0
15,41,3.0
15,42,3.0
15,43,2.0
15,44,3.0
15,45,4.0
15,46,4.0
15,47,3.0
15,48,3.0
15,49,3.0
15,50,4.0
15,51,4.0
15,52,3.0
15,53,2.0
15,54,3.0
15,55,3.0
15,56,3.0
15,57,3.0
15,58,3.0
15,59,3.0
15,60,2.0
15,61,3.0
15,62,4.0
15,63,3.0
15,64,2.0
15,65,2.0
15,66,2.0
15,67,3.0
15,68,3.0
15,69,3.0
15,70,3.0
15,71,3.0
15,72,2.0
15,73,3.0
15,74,3.0
15,75,4.0
15,76,2.0
15,77,2.0
15,78,1.0
15,79,1.0
15,80,3.0
15,81,3.0
15,82,2.0
15,83,3.0
15,84,3.0
15,85,3.0
15,86,3.0
15,87,2.0
15,88,3.0
15,89,1.0
15,90,3.0
15,91,3.0
15,92,2.0
15,93,2.0
15,94,2.0
15,95,3.0
15,96,2.0
15,97,3.0
15,98,2.0
15,99,3.0
15,100,3.0
15,101,3.0
15,102,3.0
15,103,3.0
15,104,3.0
15,105,1.0
15,106,1.0
15,107,2.0
15,108,3.0
15,109,3.0
15,110,3.0
15,111,3.0
15,112,4.0
15,113,3.0
15,114,3.0
15,115,3.0
15,116,3.0
15,117,3.0
15,118,3.0
15,119,3.0
15,120,3.0
15,121,3.0
15,122,3.0
15,123,3.0
15,124,1.0
15,125,1.0
15,126,3.0
15,127,3.0
15,128,3.0
15,129,3.0
15,130,3.0
15,131,3.0
15,132,4.0
15,133,4.0
15,134,4.0
15,135,4.0
15,136,2.0
15,137,2.0
15,138,2.0
15,139,3.0
15,140,3.0
15,141,3.0
15,142,4.0
15,143,2.0
15,144,2.0
15,145,3.0
15,146,3.0
15,147,2.0
15,148,2.0
15,149,3.0
15,150,3.0
15,151,3.0
15,152,3.0
15,153,2.0
15,154,3.0
15,155,4.0
15,156,3.0
15,157,3.0
15,158,3.0
15,159,1.0
15,160,4.0
15,161,1.0
15,162,3.0
15,163,3.0
15,164,2.0
15,165,3.0
15,166,3.0
15,167,3.0
15,168,3.0
15,169,3.0
15,170,3.0
15,171,3.0
15,172,3.0
15,173,3.0
15,174,3.0
15,175,1.0
15,176,2.0
15,177,5.0
15,178,5.0
15,179,3.0
15,180,1.0
15,181,1.0
15,182,2.0
15,183,2.0
15,184,2.0
15,185,3.0
15,186,3.0
15,187,3.0
15,188,3.0
15,189,2.0
15,190,3.0
15,191,3.0
15,192,3.0
15,193,3.0
15,194,3.0
15,195,3.0
15,196,3.0
15,197,3.0
15,198,3.0
15,199,2.0
15,200,2.0
15,201,2.0
15,202,3.0
15,203,3.0
15,204,3.0
15,205,3.0
15,206,4.0
15,207,2.0
15,208,3.0
15,209,3.0
15,210,2.0
15,211,3.0
15,212,3.0
15,213,3.0
15,214,3.0
15,215,4.0
15,216,3.0
15,217,2.0
15,218,2.0
15,219,2.0
15,220,3.0
15,221,3.0
15,222,2.0
15,223,2.0
15,224,3.0
15,225,3.0
15,226,2.0
15,227,3.0
15,228,2.0
15,229,2.0
15,230,2.0
15,231,3.0
15,232,4.0
15,233,4.0
15,234,3.0
15,235,3.0
15,236,3.0
15,237,3.0
15,238,3.0
15,239,3.0
15,240,3.0
15,241,3.0
15,242,3.0
15,243,3.0
15,244,1.0
15,245,3.0
15,246,2.0
15,247,3.0
15,248,3.0
15,249,4.0
15,250,3.0
15,251,2.0
15,252,3.0
15,253,3.0
15,254,3.0
15,255,2.0
15,256,3.0
15,257,3.0
15,258,3.0
15,259,2.0
15,260,3.0
15,261,3.0
15,262,3.0
15,263,3.0
15,264,3.0
15,265,2.0
15,266,4.0
15,267,3.0
15,268,3.0
15,269,3.0
15,270,3.0
15,271,2.0
15,272,3.0
15,273,3.0
15,274,3.0
15,275,3.0
15,276,3.0
15,277,2.0
15,278,3.0
15,279,3.0
15,280,2.0
15,281,2.0
15,282,2.0
15,283,3.0
15,284,2.0
15,285,1.0
15,286,3.0
15,287,3.0
15,288,1.0
15,289,3.0
15,290,2.0
15,291,1.0
15,292,3.0
15,293,4.0
15,294,3.0
15,295,3.0
15,296,3.0
15,297,3.0
15,298,3.0
15,299,2.0
15,300,3.0
15,301,3.0
15,302,3.0
15,303,2.0
15,304,3.0
15,305,2.0
15,306,2.0
15,307,2.0
15,308,3.0
15,309,3.0
15,310,3.0
15,311,3.0
15,312,2.0
15,313,3.0
15,314,3.0
15,315,3.0
15,316,4.0
15,317,3.0
15,318,2.0
15,319,3.0
15,320,2.0
15,321,3.0
15,322,3.0
15,323,3.0
15,324,3.0
15,325,3.0
15,326,3.0
15,327,2.0
15,328,1.0
15,329,3.0
15,330,3.0
15,331,2.0
15,332,2.0
15,333,3.0
15,334,3.0
15,335,3.0
15,336,2.0
15,337,2.0
15,338,3.0
15,339,3.0
15,340,3.0
15,341,2.0
15,342,3.0
15,343,1.0
15,344,3.0
15,345,3.0
15,346,4.0
15,347,3.0
15,348,3.0
15,349,3.0
15,350,2.0
15,351,3.0
15,352,3.0
15,353,3.0
15,354,2.0
15,355,3.0
15,356,3.0
15,357,3.0
15,358,3.0
15,359,3.0
15,360,3.0
15,361,3.0
15,362,3.0
15,363,3.0
15,364,3.0
15,365,3.0
15,366,3.0
15,367,3.0
15,368,2.0
15,369,2.0
15,370,3.0
15,371,3.0
15,372,3.0
15,373,3.0
15,374,3.0
15,375,3.0
15,376,3.0
15,377,2.0
16,17,4.0
16,18,3.0
16,19,3.0
16,20,6.0
16,21,5.0
16,22,6.0
16,23,6.0
16,24,6.0
16,25,4.0
16,26,2.0
16,27,3.0
16,28,3.0
16,29,5.0
16,30,5.0
16,31,6.0
16,32,2.0
16,33,1.0
16,34,2.0
16,35,4.0
16,36,3.0
16,37,6.0
16,38,3.0
16,39,4.0
16,40,3.0
16,41,5.0
16,42,5.0
16,43,2.0
16,44,3.0
16,45,3.0
16,46,3.0
16,47,2.0
16,48,5.0
16,49,5.0
16,50,3.0
16,51,3.0
16,52,2.0
16,53,4.0
16,54,2.0
16,55,2.0
16,56,5.0
16,57,5.0
16,58,3.0
16,59,4.0
16,60,4.0
16,61,3.0
16,62,3.0
16,63,2.0
16,64,3.0
16,65,4.0
16,66,4.0
16,67,3.0
16,68,4.0
16,69,5.0
16,70,5.0
16,71,4.0
16,72,4.0
16,73,3.0
16,74,4.0
16,75,3.0
16,76,5.0
16,77,2.0
16,78,3.0
16,79,3.0
16,80,3.0
16,81,5.0
16,82,4.0
16,83,4.0
16,84,4.0
16,85,4.0
16,86,6.0
16,87,4.0
16,88,5.0
16,89,4.0
16,90,5.0
16,91,4.0
16,92,2.0
16,93,4.0
16,94,3.0
16,95,3.0
16,96,4.0
16,97,3.0
16,98,4.0
16,99,5.0
16,100,3.0
16,101,4.0
16,102,3.0
16,103,4.0
16,104,4.0
16,105,3.0
16,106,3.0
16,107,3.0
16,108,6.0
16,109,5.0
16,110,5.0
16,111,3.0
16,112,4.0
16,113,3.0
16,114,4.0
16,115,4.0
16,116,4.0
16,117,5.0
16,118,5.0
16,119,3.0
16,120,5.0
16,121,5.0
16,122,3.0
16,123,4.0
16,124,2.0
16,125,2.0
16,126,3.0
16,127,3.0
16,128,4.0
16,129,3.0
16,130,3.0
16,131,3.0
16,132,4.0
16,133,4.0
16,134,4.0
16,135,4.0
16,136,5.0
16,137,5.0
16,138,5.0
16,139,4.0
16,140,5.0
16,141,5.0
16,142,5.0
16,143,3.0
16,144,3.0
16,145,6.0
16,146,3.0
16,147,5.0
16,148,5.0
16,149,3.0
16,150,4.0
16,151,4.0
16,152,4.0
16,153,5.0
16,154,5.0
16,155,4.0
16,156,5.0
16,157,4.0
16,158,4.0
16,159,2.0
16,160,5.0
16,161,2.0
16,162,3.0
16,163,4.0
16,164,3.0
16,165,4.0
16,166,2.0
16,167,4.0
16,168,2.0
16,169,5.0
16,170,4.0
16,171,5.0
16,172,4.0
16,173,3.0
16,174,3.0
16,175,2.0
16,176,4.0
16,177,4.0
16,178,4.0
16,179,4.0
16,180,3.0
16,181,3.0
16,182,4.0
16,183,2.0
16,184,2.0
16,185,3.0
16,186,4.0
16,187,4.0
16,188,3.0
16,189,4.0
16,190,4.0
16,191,4.0
16,192,4.0
16,193,3.0
16,194,4.0
16,195,5.0
16,196,5.0
16,197,5.0
16,198,5.0
16,199,5.0
16,200,5.0
16,201,5.0
16,202,5.0
16,203,4.0
16,204,5.0
16,205,5.0
16,206,4.0
16,207,2.0
16,208,4.0
16,209,4.0
16,210,6.0
16,211,5.0
16,212,5.0
16,213,3.0
16,214,5.0
16,215,5.0
16,216,4.0
16,217,2.0
16,218,4.0
16,219,2.0
16,220,4.0
16,221,5.0
16,222,3.0
16,223,4.0
16,224,3.0
16,225,4.0
16,226,3.0
16,227,4.0
16,228,3.0
16,229,4.0
16,230,2.0
16,231,4.0
16,232,4.0
16,233,4.0
16,234,5.0
16,235,4.0
16,236,4.0
16,237,5.0
16,238,5.0
16,239,3.0
16,240,5.0
16,241,3.0
16,242,4.0
16,243,5.0
16,244,4.0
16,245,3.0
16,246,2.0
16,247,3.0
16,248,2.0
16,249,4.0
16,250,5.0
16,251,3.0
16,252,5.0
16,253,4.0
16,254,4.0
16,255,4.0
16,256,5.0
16,257,5.0
16,258,6.0
16,259,4.0
16,260,3.0
16,261,3.0
16,262,4.0
16,263,5.0
16,264,5.0
16,265,4.0
16,266,3.0
16,267,4.0
16,268,4.0
16,269,5.0
16,270,4.0
16,271,3.0
16,272,2.0
16,273,4.0
16,274,3.0
16,275,3.0
16,276,4.0
16,277,4.0
16,278,5.0
16,279,5.0
16,280,6.0
16,281,4.0
16,282,2.0
16,283,4.0
16,284,3.0
16,285,2.0
16,286,5.0
16,287,4.0
16,288,4.0
16,289,3.0
16,290,2.0
16,291,4.0
16,292,4.0
16,293,4.0
16,294,4.0
16,295,3.0
16,296,5.0
16,297,3.0
16,298,2.0
16,299,2.0
16,300,5.0
16,301,5.0
16,302,3.0
16,303,3.0
16,304,4.0
16,305,4.0
16,306,2.0
16,307,4.0
16,308,6.0
16,309,5.0
16,310,3.0
16,311,5.0
16,312,4.0
16,313,4.0
16,314,3.0
16,315,3.0
16,316,4.0
16,317,4.0
16,318,2.0
16,319,4.0
16,320,4.0
16,321,3.0
16,322,4.0
16,323,5.0
16,324,2.0
16,325,3.0
16,326,4.0
16,327,4.0
16,328,4.0
16,329,6.0
16,330,4.0
16,331,5.0
16,332,3.0
16,333,4.0
16,334,3.0
16,335,4.0
16,336,4.0
16,337,4.0
16,338,5.0
16,339,5.0
16,340,5.0
16,341,4.0
16,342,4.0
16,343,4.0
16,344,3.0
16,345,5.0
16,346,4.0
16,347,3.0
16,348,5.0
16,349,5.0
16,350,2.0
16,351,3.0
16,352,5.0
16,353,5.0
16,354,3.0
16,355,3.0
16,356,5.0
16,357,3.0
16,358,4.0
16,359,3.0
16,360,5.0
16,361,2.0
16,362,4.0
16,363,3.0
16,364,4.0
16,365,4.0
16,366,2.0
16,367,3.0
16,368,2.0
16,369,4.0
16,370,3.0
16,371,3.0
16,372,3.0
16,373,4.0
16,374,4.0
16,375,3.0
16,376,4.0
16,377,2.0
17,18,2.0
17,19,2.0
17,20,3.0
17,21,3.0
17,22,4.0
17,23,4.0
17,24,3.0
17,25,4.0
17,26,1.0
17,27,3.0
17,28,3.0
17,29,3.0
17,30,5.0
17,31,3.0
17,32,1.0
17,33,1.0
17,34,1.0
17,35,2.0
17,36,2.0
17,37,3.0
17,38,2.0
17,39,5.0
17,40,3.0
17,41,4.0
17,42,3.0
17,43,2.0
17,44,3.0
17,45,3.0
17,46,3.0
17,47,1.0
17,48,3.0
17,49,3.0
17,50,3.0
17,51,3.0
17,52,1.0
17,53,4.0
17,54,1.0
17,55,1.0
17,56,3.0
17,57,3.0
17,58,2.0
17,59,3.0
17,60,5.0
17,61,3.0
17,62,3.0
17,63,1.0
17,64,2.0
17,65,3.0
17,66,3.0
17,67,3.0
17,68,3.0
17,69,3.0
17,70,3.0
17,71,3.0
17,72,3.0
17,73,2.0
17,74,3.0
17,75,3.0
17,76,4.0
17,77,1.0
17,78,2.0
17,79,2.0
17,80,2.0
17,81,3.0
17,82,3.0
17,83,3.0
17,84,3.0
17,85,3.0
17,86,3.0
17,87,3.0
17,88,3.0
17,89,5.0
17,90,3.0
17,91,5.0
17,92,1.0
17,93,3.0
17,94,2.0
17,95,3.0
17,96,3.0
17,97,4.0
17,98,3.0
17,99,3.0
17,100,3.0
17,101,3.0
17,102,3.0
17,103,5.0
17,104,4.0
17,105,2.0
17,106,2.0
17,107,2.0
17,108,4.0
17,109,4.0
17,110,3.0
17,111,2.0
17,112,4.0
17,113,2.0
17,114,3.0
17,115,3.0
17,116,3.0
17,117,3.0
17,118,4.0
17,119,2.0
17,120,3.0
17,121,4.0
17,122,2.0
17,123,5.0
17,124,4.0
17,125,4.0
17,126,2.0
17,127,2.0
17,128,3.0
17,129,2.0
17,130,2.0
17,131,2.0
17,132,3.0
17,133,3.0
17,134,3.0
17,135,3.0
17,136,3.0
17,137,3.0
17,138,3.0
17,139,3.0
17,140,3.0
17,141,3.0
17,142,4.0
17,143,2.0
17,144,2.0
17,145,3.0
17,146,3.0
17,147,3.0
17,148,3.0
17,149,3.0
17,150,4.0
17,151,4.0
17,152,3.0
17,153,3.0
17,154,4.0
17,155,3.0
17,156,3.0
17,157,4.0
17,158,4.0
17,159,2.0
17,160,2.0
17,161,4.0
17,162,2.0
17,163,4.0
17,164,2.0
17,165,4.0
17,166,2.0
17,167,4.0
17,168,1.0
17,169,4.0
17,170,4.0
17,171,3.0
17,172,4.0
17,173,2.0
17,174,4.0
17,175,4.0
17,176,5.0
17,177,3.0
17,178,3.0
17,179,2.0
17,180,3.0
17,181,3.0
17,182,5.0
17,183,2.0
17,184,2.0
17,185,3.0
17,186,2.0
17,187,2.0
17,188,3.0
17,189,5.0
17,190,3.0
17,191,3.0
17,192,3.0
17,193,4.0
17,194,4.0
17,195,3.0
17,196,3.0
17,197,3.0
17,198,3.0
17,199,3.0
17,200,3.0
17,201,3.0
17,202,3.0
17,203,3.0
17,204,3.0
17,205,3.0
17,206,3.0
17,207,2.0
17,208,4.0
17,209,3.0
17,210,3.0
17,211,3.0
17,212,4.0
17,213,2.0
17,214,3.0
17,215,2.0
17,216,5.0
17,217,2.0
17,218,5.0
17,219,2.0
17,220,2.0
17,221,3.0
17,222,2.0
17,223,4.0
17,224,2.0
17,225,3.0
17,226,2.0
17,227,3.0
17,228,2.0
17,229,4.0
17,230,1.0
17,231,3.0
17,232,3.0
17,233,4.0
17,234,3.0
17,235,3.0
17,236,3.0
17,237,3.0
17,238,3.0
17,239,2.0
17,240,3.0
17,241,2.0
17,242,3.0
17,243,3.0
17,244,3.0
17,245,4.0
17,246,2.0
17,247,2.0
17,248,2.0
17,249,4.0
17,250,4.0
17,251,2.0
17,252,3.0
17,253,3.0
17,254,5.0
17,255,5.0
17,256,3.0
17,257,3.0
17,258,3.0
17,259,4.0
17,260,2.0
17,261,2.0
17,262,3.0
17,263,3.0
17,264,3.0
17,265,5.0
17,266,3.0
17,267,3.0
17,268,2.0
17,269,3.0
17,270,4.0
17,271,2.0
17,272,1.0
17,273,3.0
17,274,2.0
17,275,2.0
17,276,3.0
17,277,3.0
17,278,3.0
17,279,3.0
17,280,3.0
17,281,5.0
17,282,2.0
17,283,5.0
17,284,2.0
17,285,3.0
17,286,3.0
17,287,4.0
17,288,3.0
17,289,2.0
17,290,4.0
17,291,4.0
17,292,3.0
17,293,4.0
17,294,4.0
17,295,2.0
17,296,3.0
17,297,2.0
17,298,2.0
17,299,2.0
17,300,3.0
17,301,3.0
17,302,2.0
17,303,2.0
17,304,5.0
17,305,5.0
17,306,1.0
17,307,3.0
17,308,3.0
17,309,3.0
17,310,2.0
17,311,3.0
17,312,4.0
17,313,3.0
17,314,2.0
17,315,2.0
17,316,4.0
17,317,4.0
17,318,2.0
17,319,4.0
17,320,3.0
17,321,2.0
17,322,2.0
17,323,3.0
17,324,1.0
17,325,3.0
17,326,3.0
17,327,4.0
17,328,3.0
17,329,3.0
17,330,3.0
17,331,3.0
17,332,2.0
17,333,5.0
17,334,3.0
17,335,3.0
17,336,5.0
17,337,3.0
17,338,3.0
17,339,4.0
17,340,3.0
17,341,5.0
17,342,3.0
17,343,3.0
17,344,2.0
17,345,3.0
17,346,4.0
17,347,2.0
17,348,4.0
17,349,3.0
17,350,2.0
17,351,2.0
17,352,4.0
17,353,3.0
17,354,2.0
17,355,3.0
17,356,3.0
17,357,3.0
17,358,3.0
17,359,2.0
17,360,3.0
17,361,1.0
17,362,3.0
17,363,3.0
17,364,4.0
17,365,4.0
17,366,1.0
17,367,2.0
17,368,2.0
17,369,5.0
17,370,3.0
17,371,2.0
17,372,2.0
17,373,4.0
17,374,3.0
17,375,3.0
17,376,3.0
17,377,2.0
18,19,2.0
18,20,4.0
18,21,4.0
18,22,3.0
18,23,3.0
18,24,4.0
18,25,3.0
18,26,3.0
18,27,4.0
18,28,4.0
18,29,3.0
18,30,3.0
18,31,4.0
18,32,3.0
18,33,5.0
18,34,3.0
18,35,4.0
18,36,3.0
18,37,4.0
18,38,7.0
18,39,3.0
18,40,3.0
18,41,3.0
18,42,3.0
18,43,4.0
18,44,4.0
18,45,4.0
18,46,4.0
18,47,3.0
18,48,4.0
18,49,3.0
18,50,4.0
18,51,4.0
18,52,3.0
18,53,4.0
18,54,4.0
18,55,4.0
18,56,3.0
18,57,2.0
18,58,2.0
18,59,4.0
18,60,2.0
18,61,3.0
18,62,4.0
18,63,3.0
18,64,6.0
18,65,2.0
18,66,2.0
18,67,2.0
18,68,4.0
18,69,4.0
18,70,4.0
18,71,4.0
18,72,4.0
18,73,4.0
18,74,3.0
18,75,4.0
18,76,3.0
18,77,3.0
18,78,3.0
18,79,3.0
18,80,4.0
18,81,3.0
18,82,4.0
18,83,4.0
18,84,4.0
18,85,4.0
18,86,4.0
18,87,4.0
18,88,3.0
18,89,3.0
18,90,4.0
18,91,3.0
18,92,6.0
18,93,2.0
18,94,5.0
18,95,3.0
18,96,4.0
18,97,4.0
18,98,4.0
18,99,3.0
18,100,4.0
18,101,4.0
18,102,4.0
18,103,3.0
18,104,4.0
18,105,3.0
18,106,3.0
18,107,3.0
18,108,3.0
18,109,3.0
18,110,4.0
18,111,4.0
18,112,4.0
18,113,4.0
18,114,4.0
18,115,4.0
18,116,4.0
18,117,4.0
18,118,4.0
18,119,4.0
18,120,4.0
18,121,4.0
18,122,4.0
18,123,2.0
18,124,2.0
18,125,2.0
18,126,4.0
18,127,4.0
18,128,4.0
18,129,4.0
18,130,4.0
18,131,4.0
18,132,4.0
18,133,4.0
18,134,4.0
18,135,4.0
18,136,4.0
18,137,4.0
18,138,4.0
18,139,4.0
18,140,4.0
18,141,4.0
18,142,3.0
18,143,3.0
18,144,3.0
18,145,4.0
18,146,3.0
18,147,4.0
18,148,4.0
18,149,3.0
18,150,4.0
18,151,4.0
18,152,2.0
18,153,2.0
18,154,3.0
18,155,4.0
18,156,4.0
18,157,3.0
18,158,3.0
18,159,3.0
18,160,5.0
18,161,2.0
18,162,4.0
18,163,3.0
18,164,3.0
18,165,3.0
18,166,6.0
18,167,3.0
18,168,6.0
18,169,3.0
18,170,3.0
18,171,4.0
18,172,3.0
18,173,3.0
18,174,3.0
18,175,2.0
18,176,2.0
18,177,4.0
18,178,4.0
18,179,5.0
18,180,3.0
18,181,3.0
18,182,2.0
18,183,6.0
18,184,6.0
18,185,3.0
18,186,3.0
18,187,3.0
18,188,3.0
18,189,2.0
18,190,3.0
18,191,3.0
18,192,3.0
18,193,2.0
18,194,3.0
18,195,3.0
18,196,4.0
18,197,4.0
18,198,4.0
18,199,5.0
18,200,5.0
18,201,5.0
18,202,4.0
18,203,3.0
18,204,3.0
18,205,3.0
18,206,4.0
18,207,6.0
18,208,3.0
18,209,4.0
18,210,3.0
18,211,4.0
18,212,3.0
18,213,4.0
18,214,4.0
18,215,5.0
18,216,3.0
18,217,6.0
18,218,2.0
18,219,7.0
18,220,3.0
18,221,4.0
18,222,5.0
18,223,2.0
18,224,4.0
18,225,4.0
18,226,4.0
18,227,4.0
18,228,8.0
18,229,3.0
18,230,4.0
18,231,4.0
18,232,4.0
18,233,4.0
18,234,3.0
18,235,4.0
18,236,2.0
18,237,4.0
18,238,3.0
18,239,4.0
18,240,4.0
18,241,4.0
18,242,4.0
18,243,4.0
18,244,2.0
18,245,2.0
18,246,6.0
18,247,4.0
18,248,4.0
18,249,2.0
18,250,2.0
18,251,8.0
18,252,3.0
18,253,4.0
18,254,3.0
18,255,2.0
18,256,3.0
18,257,4.0
18,258,4.0
18,259,3.0
18,260,4.0
18,261,4.0
18,262,3.0
18,263,4.0
18,264,4.0
18,265,2.0
18,266,4.0
18,267,4.0
18,268,3.0
18,269,4.0
18,270,3.0
18,271,2.0
18,272,4.0
18,273,4.0
18,274,4.0
18,275,4.0
18,276,4.0
18,277,4.0
18,278,4.0
18,279,3.0
18,280,3.0
18,281,2.0
18,282,6.0
18,283,3.0
18,284,3.0
18,285,2.0
18,286,4.0
18,287,4.0
18,288,2.0
18,289,4.0
18,290,3.0
18,291,3.0
18,292,4.0
18,293,4.0
18,294,3.0
18,295,4.0
18,296,4.0
18,297,4.0
18,298,7.0
18,299,6.0
18,300,4.0
18,301,4.0
18,302,4.0
18,303,3.0
18,304,3.0
18,305,2.0
18,306,5.0
18,307,4.0
18,308,4.0
18,309,4.0
18,310,4.0
18,311,4.0
18,312,3.0
18,313,4.0
18,314,4.0
18,315,4.0
18,316,2.0
18,317,3.0
18,318,6.0
18,319,2.0
18,320,4.0
18,321,4.0
18,322,3.0
18,323,4.0
18,324,4.0
18,325,4.0
18,326,4.0
18,327,3.0
18,328,2.0
18,329,4.0
18,330,4.0
18,331,4.0
18,332,3.0
18,333,3.0
18,334,3.0
18,335,4.0
18,336,3.0
18,337,3.0
18,338,4.0
18,339,4.0
18,340,4.0
18,341,2.0
18,342,3.0
18,343,2.0
18,344,4.0
18,345,3.0
18,346,3.0
18,347,4.0
18,348,2.0
18,349,4.0
18,350,6.0
18,351,4.0
18,352,3.0
18,353,4.0
18,354,3.0
18,355,3.0
18,356,4.0
18,357,3.0
18,358,4.0
18,359,4.0
18,360,4.0
18,361,4.0
18,362,4.0
18,363,5.0
18,364,3.0
18,365,4.0
18,366,4.0
18,367,4.0
18,368,8.0
18,369,2.0
18,370,5.0
18,371,4.0
18,372,4.0
18,373,3.0
18,374,4.0
18,375,5.0
18,376,3.0
18,377,6.0
19,20,3.0
19,21,3.0
19,22,3.0
19,23,3.0
19,24,3.0
19,25,2.0
19,26,1.0
19,27,1.0
19,28,1.0
19,29,3.0
19,30,2.0
19,31,3.0
19,32,1.0
19,33,2.0
19,34,1.0
19,35,3.0
19,36,3.0
19,37,3.0
19,38,2.0
19,39,3.0
19,40,3.0
19,41,3.0
19,42,3.0
19,43,3.0
19,44,2.0
19,45,2.0
19,46,2.0
19,47,0.0
19,48,2.0
19,49,4.0
19,50,2.0
19,51,2.0
19,52,0.0
19,53,2.0
19,54,1.0
19,55,1.0
19,56,3.0
19,57,3.0
19,58,2.0
19,59,2.0
19,60,2.0
19,61,2.0
19,62,2.0
19,63,1.0
19,64,1.0
19,65,2.0
19,66,2.0
19,67,2.0
19,68,2.0
19,69,3.0
19,70,3.0
19,71,2.0
19,72,2.0
19,73,2.0
19,74,3.0
19,75,2.0
19,76,2.0
19,77,0.0
19,78,2.0
19,79,2.0
19,80,1.0
19,81,3.0
19,82,2.0
19,83,2.0
19,84,2.0
19,85,2.0
19,86,3.0
19,87,2.0
19,88,3.0
19,89,2.0
19,90,3.0
19,91,2.0
19,92,2.0
19,93,2.0
19,94,2.0
19,95,2.0
19,96,2.0
19,97,2.0
19,98,2.0
19,99,4.0
19,100,2.0
19,101,2.0
19,102,2.0
19,103,2.0
19,104,2.0
19,105,1.0
19,106,1.0
19,107,0.0
19,108,3.0
19,109,3.0
19,110,3.0
19,111,2.0
19,112,2.0
19,113,2.0
19,114,2.0
19,115,2.0
19,116,2.0
19,117,3.0
19,118,2.0
19,119,2.0
19,120,3.0
19,121,2.0
19,122,2.0
19,123,3.0
19,124,2.0
19,125,2.0
19,126,2.0
19,127,2.0
19,128,2.0
19,129,2.0
19,130,2.0
19,131,2.0
19,132,3.0
19,133,3.0
19,134,3.0
19,135,3.0
19,136,2.0
19,137,2.0
19,138,2.0
19,139,2.0
19,140,3.0
19,141,3.0
19,142,3.0
19,143,1.0
19,144,1.0
19,145,3.0
19,146,2.0
19,147,2.0
19,148,2.0
19,149,2.0
19,150,2.0
19,151,2.0
19,152,3.0
19,153,3.0
19,154,3.0
19,155,3.0
19,156,3.0
19,157,2.0
19,158,2.0
19,159,2.0
19,160,3.0
19,161,2.0
19,162,2.0
19,163,2.0
19,164,3.0
19,165,2.0
19,166,2.0
19,167,2.0
19,168,2.0
19,169,2.0
19,170,2.0
19,171,3.0
19,172,2.0
19,173,2.0
19,174,2.0
19,175,2.0
19,176,2.0
19,177,3.0
19,178,3.0
19,179,3.0
19,180,2.0
19,181,2.0
19,182,2.0
19,183,1.0
19,184,1.0
19,185,2.0
19,186,2.0
19,187,2.0
19,188,2.0
19,189,2.0
19,190,4.0
19,191,4.0
19,192,4.0
19,193,3.0
19,194,2.0
19,195,4.0
19,196,3.0
19,197,3.0
19,198,3.0
19,199,3.0
19,200,3.0
19,201,3.0
19,202,3.0
19,203,3.0
19,204,4.0
19,205,4.0
19,206,2.0
19,207,1.0
19,208,2.0
19,209,2.0
19,210,3.0
19,211,3.0
19,212,3.0
19,213,1.0
19,214,3.0
19,215,3.0
19,216,2.0
19,217,1.0
19,218,2.0
19,219,2.0
19,220,2.0
19,221,3.0
19,222,1.0
19,223,3.0
19,224,2.0
19,225,2.0
19,226,1.0
19,227,2.0
19,228,2.0
19,229,2.0
19,230,1.0
19,231,2.0
19,232,3.0
19,233,2.0
19,234,3.0
19,235,2.0
19,236,3.0
19,237,3.0
19,238,3.0
19,239,2.0
19,240,3.0
19,241,2.0
19,242,2.0
19,243,3.0
19,244,2.0
19,245,4.0
19,246,1.0
19,247,1.0
19,248,2.0
19,249,3.0
19,250,3.0
19,251,2.0
19,252,4.0
19,253,2.0
19,254,2.0
19,255,2.0
19,256,3.0
19,257,3.0
19,258,3.0
19,259,2.0
19,260,1.0
19,261,2.0
19,262,3.0
19,263,3.0
19,264,3.0
19,265,2.0
19,266,2.0
19,267,2.0
19,268,2.0
19,269,3.0
19,270,2.0
19,271,1.0
19,272,2.0
19,273,2.0
19,274,2.0
19,275,2.0
19,276,2.0
19,277,2.0
19,278,3.0
19,279,3.0
19,280,3.0
19,281,2.0
19,282,1.0
19,283,2.0
19,284,1.0
19,285,2.0
19,286,3.0
19,287,2.0
19,288,2.0
19,289,1.0
19,290,2.0
19,291,2.0
19,292,2.0
19,293,2.0
19,294,2.0
19,295,1.0
19,296,3.0
19,297,1.0
19,298,2.0
19,299,1.0
19,300,3.0
19,301,3.0
19,302,2.0
19,303,1.0
19,304,2.0
19,305,2.0
19,306,1.0
19,307,2.0
19,308,3.0
19,309,3.0
19,310,2.0
19,311,3.0
19,312,2.0
19,313,2.0
19,314,1.0
19,315,2.0
19,316,3.0
19,317,2.0
19,318,1.0
19,319,3.0
19,320,2.0
19,321,2.0
19,322,2.0
19,323,3.0
19,324,2.0
19,325,2.0
19,326,2.0
19,327,2.0
19,328,2.0
19,329,3.0
19,330,2.0
19,331,2.0
19,332,3.0
19,333,2.0
19,334,3.0
19,335,2.0
19,336,3.0
19,337,2.0
19,338,3.0
19,339,2.0
19,340,3.0
19,341,2.0
19,342,2.0
19,343,2.0
19,344,1.0
19,345,3.0
19,346,3.0
19,347,2.0
19,348,3.0
19,349,3.0
19,350,2.0
19,351,2.0
19,352,2.0
19,353,3.0
19,354,1.0
19,355,2.0
19,356,3.0
19,357,2.0
19,358,2.0
19,359,2.0
19,360,3.0
19,361,1.0
19,362,2.0
19,363,2.0
19,364,2.0
19,365,2.0
19,366,2.0
19,367,1.0
19,368,3.0
19,369,2.0
19,370,1.0
19,371,1.0
19,372,1.0
19,373,2.0
19,374,2.0
19,375,2.0
19,376,3.0
19,377,1.0
20,21,6.0
20,22,6.0
20,23,6.0
20,24,7.0
20,25,5.0
20,26,3.0
20,27,4.0
20,28,4.0
20,29,6.0
20,30,5.0
20,31,7.0
20,32,3.0
20,33,2.0
20,34,3.0
20,35,5.0
20,36,4.0
20,37,6.0
20,38,3.0
20,39,4.0
20,40,4.0
20,41,5.0
20,42,6.0
20,43,3.0
20,44,4.0
20,45,4.0
20,46,4.0
20,47,3.0
20,48,5.0
20,49,5.0
20,50,4.0
20,51,4.0
20,52,3.0
20,53,4.0
20,54,3.0
20,55,3.0
20,56,6.0
20,57,5.0
20,58,4.0
20,59,5.0
20,60,4.0
20,61,3.0
20,62,4.0
20,63,3.0
20,64,4.0
20,65,4.0
20,66,4.0
20,67,4.0
20,68,5.0
20,69,6.0
20,70,6.0
20,71,5.0
20,72,4.0
20,73,4.0
20,74,5.0
20,75,4.0
20,76,5.0
20,77,2.0
20,78,3.0
20,79,3.0
20,80,4.0
20,81,6.0
20,82,4.0
20,83,5.0
20,84,5.0
20,85,5.0
20,86,7.0
20,87,4.0
20,88,6.0
20,89,4.0
20,90,6.0
20,91,5.0
20,92,3.0
20,93,4.0
20,94,3.0
20,95,4.0
20,96,5.0
20,97,4.0
20,98,5.0
20,99,5.0
20,100,4.0
20,101,5.0
20,102,4.0
20,103,5.0
20,104,5.0
20,105,3.0
20,106,3.0
20,107,3.0
20,108,6.0
20,109,6.0
20,110,6.0
20,111,4.0
20,112,5.0
20,113,4.0
20,114,5.0
20,115,5.0
20,116,5.0
20,117,6.0
20,118,5.0
20,119,4.0
20,120,6.0
20,121,5.0
20,122,4.0
20,123,4.0
20,124,2.0
20,125,2.0
20,126,4.0
20,127,4.0
20,128,5.0
20,129,4.0
20,130,4.0
20,131,4.0
20,132,4.0
20,133,4.0
20,134,4.0
20,135,4.0
20,136,6.0
20,137,6.0
20,138,6.0
20,139,5.0
20,140,6.0
20,141,6.0
20,142,5.0
20,143,3.0
20,144,3.0
20,145,7.0
20,146,4.0
20,147,6.0
20,148,6.0
20,149,4.0
20,150,5.0
20,151,5.0
20,152,4.0
20,153,5.0
20,154,6.0
20,155,4.0
20,156,6.0
20,157,5.0
20,158,5.0
20,159,2.0
20,160,5.0
20,161,2.0
20,162,4.0
20,163,5.0
20,164,4.0
20,165,5.0
20,166,3.0
20,167,5.0
20,168,3.0
20,169,5.0
20,170,5.0
20,171,6.0
20,172,5.0
20,173,4.0
20,174,4.0
20,175,2.0
20,176,4.0
20,177,5.0
20,178,5.0
20,179,5.0
20,180,3.0
20,181,3.0
20,182,4.0
20,183,3.0
20,184,3.0
20,185,4.0
20,186,5.0
20,187,5.0
20,188,3.0
20,189,4.0
20,190,4.0
20,191,4.0
20,192,4.0
20,193,4.0
20,194,5.0
20,195,5.0
20,196,6.0
20,197,6.0
20,198,6.0
20,199,5.0
20,200,5.0
20,201,5.0
20,202,6.0
20,203,5.0
20,204,5.0
20,205,5.0
20,206,5.0
20,207,3.0
20,208,5.0
20,209,5.0
20,210,6.0
20,211,6.0
20,212,6.0
20,213,4.0
20,214,6.0
20,215,6.0
20,216,5.0
20,217,3.0
20,218,4.0
20,219,3.0
20,220,5.0
20,221,6.0
20,222,3.0
20,223,4.0
20,224,4.0
20,225,5.0
20,226,4.0
20,227,5.0
20,228,3.0
20,229,4.0
20,230,3.0
20,231,5.0
20,232,5.0
20,233,5.0
20,234,6.0
20,235,5.0
20,236,4.0
20,237,6.0
20,238,6.0
20,239,4.0
20,240,6.0
20,241,4.0
20,242,5.0
20,243,6.0
20,244,3.0
20,245,3.0
20,246,3.0
20,247,4.0
20,248,3.0
20,249,5.0
20,250,5.0
20,251,3.0
20,252,5.0
20,253,5.0
20,254,5.0
20,255,4.0
20,256,6.0
20,257,6.0
20,258,7.0
20,259,4.0
20,260,4.0
20,261,4.0
20,262,5.0
20,263,6.0
20,264,6.0
20,265,4.0
20,266,4.0
20,267,5.0
20,268,5.0
20,269,6.0
20,270,5.0
20,271,3.0
20,272,3.0
20,273,5.0
20,274,4.0
20,275,4.0
20,276,5.0
20,277,4.0
20,278,6.0
20,279,6.0
20,280,6.0
20,281,4.0
20,282,3.0
20,283,5.0
20,284,3.0
20,285,2.0
20,286,6.0
20,287,5.0
20,288,4.0
20,289,4.0
20,290,3.0
20,291,3.0
20,292,5.0
20,293,5.0
20,294,5.0
20,295,4.0
20,296,6.0
20,297,4.0
20,298,3.0
20,299,3.0
20,300,6.0
20,301,6.0
20,302,4.0
20,303,3.0
20,304,5.0
20,305,4.0
20,306,3.0
20,307,4.0
20,308,6.0
20,309,6.0
20,310,4.0
20,311,6.0
20,312,4.0
20,313,5.0
20,314,4.0
20,315,4.0
20,316,5.0
20,317,5.0
20,318,3.0
20,319,4.0
20,320,4.0
20,321,4.0
20,322,5.0
20,323,6.0
20,324,3.0
20,325,4.0
20,326,5.0
20,327,4.0
20,328,3.0
20,329,7.0
20,330,5.0
20,331,6.0
20,332,3.0
20,333,5.0
20,334,4.0
20,335,5.0
20,336,4.0
20,337,4.0
20,338,6.0
20,339,5.0
20,340,6.0
20,341,4.0
20,342,5.0
20,343,3.0
20,344,4.0
20,345,6.0
20,346,5.0
20,347,4.0
20,348,5.0
20,349,6.0
20,350,3.0
20,351,4.0
20,352,5.0
20,353,6.0
20,354,3.0
20,355,3.0
20,356,6.0
20,357,4.0
20,358,5.0
20,359,4.0
20,360,6.0
20,361,3.0
20,362,5.0
20,363,4.0
20,364,5.0
20,365,5.0
20,366,3.0
20,367,4.0
20,368,3.0
20,369,4.0
20,370,4.0
20,371,4.0
20,372,4.0
20,373,5.0
20,374,5.0
20,375,4.0
20,376,5.0
20,377,3.0
21,22,6.0
21,23,6.0
21,24,6.0
21,25,5.0
21,26,2.0
21,27,3.0
21,28,3.0
21,29,6.0
21,30,5.0
21,31,6.0
21,32,2.0
21,33,3.0
21,34,2.0
21,35,5.0
21,36,4.0
21,37,6.0
21,38,4.0
21,39,4.0
21,40,5.0
21,41,6.0
21,42,6.0
21,43,2.0
21,44,5.0
21,45,4.0
21,46,4.0
21,47,3.0
21,48,4.0
21,49,5.0
21,50,4.0
21,51,4.0
21,52,3.0
21,53,4.0
21,54,3.0
21,55,3.0
21,56,6.0
21,57,5.0
21,58,5.0
21,59,5.0
21,60,4.0
21,61,4.0
21,62,4.0
21,63,3.0
21,64,4.0
21,65,3.0
21,66,3.0
21,67,4.0
21,68,5.0
21,69,7.0
21,70,7.0
21,71,5.0
21,72,3.0
21,73,4.0
21,74,5.0
21,75,4.0
21,76,4.0
21,77,1.0
21,78,2.0
21,79,2.0
21,80,4.0
21,81,6.0
21,82,3.0
21,83,6.0
21,84,6.0
21,85,6.0
21,86,6.0
21,87,3.0
21,88,6.0
21,89,3.0
21,90,7.0
21,91,5.0
21,92,3.0
21,93,3.0
21,94,3.0
21,95,3.0
21,96,5.0
21,97,5.0
21,98,5.0
21,99,5.0
21,100,5.0
21,101,5.0
21,102,5.0
21,103,5.0
21,104,6.0
21,105,2.0
21,106,2.0
21,107,2.0
21,108,6.0
21,109,6.0
21,110,7.0
21,111,4.0
21,112,5.0
21,113,4.0
21,114,6.0
21,115,6.0
21,116,6.0
21,117,7.0
21,118,4.0
21,119,4.0
21,120,7.0
21,121,4.0
21,122,4.0
21,123,4.0
21,124,2.0
21,125,2.0
21,126,4.0
21,127,4.0
21,128,6.0
21,129,4.0
21,130,4.0
21,131,4.0
21,132,4.0
21,133,4.0
21,134,4.0
21,135,4.0
21,136,5.0
21,137,5.0
21,138,5.0
21,139,6.0
21,140,7.0
21,141,7.0
21,142,5.0
21,143,2.0
21,144,2.0
21,145,6.0
21,146,3.0
21,147,5.0
21,148,5.0
21,149,3.0
21,150,6.0
21,151,6.0
21,152,4.0
21,153,4.0
21,154,6.0
21,155,4.0
21,156,6.0
21,157,5.0
21,158,5.0
21,159,2.0
21,160,5.0
21,161,2.0
21,162,4.0
21,163,5.0
21,164,3.0
21,165,5.0
21,166,4.0
21,167,5.0
21,168,3.0
21,169,4.0
21,170,5.0
21,171,7.0
21,172,5.0
21,173,5.0
21,174,5.0
21,175,2.0
21,176,4.0
21,177,5.0
21,178,5.0
21,179,6.0
21,180,3.0
21,181,3.0
21,182,4.0
21,183,4.0
21,184,4.0
21,185,5.0
21,186,6.0
21,187,6.0
21,188,4.0
21,189,4.0
21,190,4.0
21,191,4.0
21,192,4.0
21,193,4.0
21,194,5.0
21,195,5.0
21,196,7.0
21,197,7.0
21,198,7.0
21,199,4.0
21,200,4.0
21,201,4.0
21,202,7.0
21,203,6.0
21,204,5.0
21,205,5.0
21,206,4.0
21,207,4.0
21,208,5.0
21,209,5.0
21,210,5.0
21,211,7.0
21,212,6.0
21,213,4.0
21,214,7.0
21,215,5.0
21,216,5.0
21,217,4.0
21,218,4.0
21,219,4.0
21,220,6.0
21,221,7.0
21,222,4.0
21,223,4.0
21,224,4.0
21,225,5.0
21,226,5.0
21,227,5.0
21,228,4.0
21,229,4.0
21,230,3.0
21,231,5.0
21,232,5.0
21,233,5.0
21,234,6.0
21,235,5.0
21,236,4.0
21,237,7.0
21,238,6.0
21,239,4.0
21,240,7.0
21,241,4.0
21,242,5.0
21,243,7.0
21,244,2.0
21,245,3.0
21,246,4.0
21,247,4.0
21,248,4.0
21,249,5.0
21,250,5.0
21,251,4.0
21,252,5.0
21,253,5.0
21,254,5.0
21,255,4.0
21,256,6.0
21,257,7.0
21,258,6.0
21,259,4.0
21,260,4.0
21,261,4.0
21,262,6.0
21,263,7.0
21,264,7.0
21,265,4.0
21,266,4.0
21,267,5.0
21,268,6.0
21,269,6.0
21,270,5.0
21,271,3.0
21,272,3.0
21,273,5.0
21,274,4.0
21,275,4.0
21,276,5.0
21,277,3.0
21,278,7.0
21,279,6.0
21,280,5.0
21,281,4.0
21,282,4.0
21,283,5.0
21,284,2.0
21,285,2.0
21,286,7.0
21,287,5.0
21,288,3.0
21,289,4.0
21,290,3.0
21,291,3.0
21,292,5.0
21,293,5.0
21,294,5.0
21,295,4.0
21,296,7.0
21,297,4.0
21,298,4.0
21,299,4.0
21,300,7.0
21,301,7.0
21,302,4.0
21,303,2.0
21,304,5.0
21,305,4.0
21,306,3.0
21,307,3.0
21,308,6.0
21,309,7.0
21,310,4.0
21,311,7.0
21,312,4.0
21,313,5.0
21,314,4.0
21,315,4.0
21,316,5.0
21,317,5.0
21,318,4.0
21,319,4.0
21,320,3.0
21,321,4.0
21,322,6.0
21,323,7.0
21,324,3.0
21,325,5.0
21,326,5.0
21,327,4.0
21,328,2.0
21,329,6.0
21,330,5.0
21,331,5.0
21,332,3.0
21,333,5.0
21,334,5.0
21,335,6.0
21,336,4.0
21,337,3.0
21,338,7.0
21,339,4.0
21,340,7.0
21,341,4.0
21,342,4.0
21,343,2.0
21,344,4.0
21,345,6.0
21,346,6.0
21,347,4.0
21,348,5.0
21,349,7.0
21,350,3.0
21,351,4.0
21,352,4.0
21,353,7.0
21,354,2.0
21,355,4.0
21,356,7.0
21,357,5.0
21,358,5.0
21,359,4.0
21,360,7.0
21,361,3.0
21,362,5.0
21,363,5.0
21,364,5.0
21,365,5.0
21,366,3.0
21,367,4.0
21,368,4.0
21,369,4.0
21,370,4.0
21,371,4.0
21,372,4.0
21,373,5.0
21,374,5.0
21,375,4.0
21,376,6.0
21,377,4.0
22,23,7.0
22,24,6.0
22,25,5.0
22,26,2.0
22,27,3.0
22,28,3.0
22,29,6.0
22,30,6.0
22,31,6.0
22,32,2.0
22,33,2.0
22,34,2.0
22,35,5.0
22,36,4.0
22,37,6.0
22,38,3.0
22,39,4.0
22,40,4.0
22,41,6.0
22,42,6.0
22,43,2.0
22,44,4.0
22,45,4.0
22,46,4.0
22,47,2.0
22,48,4.0
22,49,5.0
22,50,4.0
22,51,4.0
22,52,2.0
22,53,5.0
22,54,2.0
22,55,2.0
22,56,6.0
22,57,5.0
22,58,4.0
22,59,4.0
22,60,4.0
22,61,3.0
22,62,4.0
22,63,2.0
22,64,3.0
22,65,3.0
22,66,3.0
22,67,4.0
22,68,4.0
22,69,6.0
22,70,6.0
22,71,4.0
22,72,3.0
22,73,3.0
22,74,5.0
22,75,4.0
22,76,4.0
22,77,2.0
22,78,2.0
22,79,2.0
22,80,3.0
22,81,6.0
22,82,4.0
22,83,5.0
22,84,5.0
22,85,5.0
22,86,6.0
22,87,4.0
22,88,6.0
22,89,3.0
22,90,6.0
22,91,5.0
22,92,2.0
22,93,3.0
22,94,3.0
22,95,3.0
22,96,5.0
22,97,4.0
22,98,5.0
22,99,5.0
22,100,4.0
22,101,4.0
22,102,4.0
22,103,5.0
22,104,5.0
22,105,2.0
22,106,2.0
22,107,3.0
22,108,6.0
22,109,6.0
22,110,6.0
22,111,4.0
22,112,5.0
22,113,4.0
22,114,5.0
22,115,5.0
22,116,5.0
22,117,6.0
22,118,4.0
22,119,4.0
22,120,6.0
22,121,4.0
22,122,4.0
22,123,4.0
22,124,2.0
22,125,2.0
22,126,3.0
22,127,3.0
22,128,5.0
22,129,3.0
22,130,3.0
22,131,3.0
22,132,4.0
22,133,4.0
22,134,4.0
22,135,4.0
22,136,5.0
22,137,5.0
22,138,5.0
22,139,5.0
22,140,6.0
22,141,6.0
22,142,5.0
22,143,3.0
22,144,3.0
22,145,6.0
22,146,3.0
22,147,5.0
22,148,5.0
22,149,3.0
22,150,5.0
22,151,5.0
22,152,4.0
22,153,4.0
22,154,6.0
22,155,4.0
22,156,5.0
22,157,5.0
22,158,5.0
22,159,2.0
22,160,5.0
22,161,2.0
22,162,3.0
22,163,5.0
22,164,3.0
22,165,5.0
22,166,3.0
22,167,5.0
22,168,2.0
22,169,4.0
22,170,5.0
22,171,6.0
22,172,5.0
22,173,4.0
22,174,4.0
22,175,2.0
22,176,4.0
22,177,5.0
22,178,5.0
22,179,5.0
22,180,3.0
22,181,3.0
22,182,4.0
22,183,3.0
22,184,3.0
22,185,4.0
22,186,5.0
22,187,5.0
22,188,3.0
22,189,4.0
22,190,4.0
22,191,4.0
22,192,4.0
22,193,4.0
22,194,5.0
22,195,5.0
22,196,6.0
22,197,6.0
22,198,6.0
22,199,4.0
22,200,4.0
22,201,4.0
22,202,6.0
22,203,5.0
22,204,5.0
22,205,5.0
22,206,4.0
22,207,3.0
22,208,5.0
22,209,4.0
22,210,5.0
22,211,6.0
22,212,6.0
22,213,3.0
22,214,6.0
22,215,5.0
22,216,5.0
22,217,3.0
22,218,4.0
22,219,3.0
22,220,5.0
22,221,6.0
22,222,3.0
22,223,4.0
22,224,3.0
22,225,4.0
22,226,4.0
22,227,4.0
22,228,4.0
22,229,4.0
22,230,2.0
22,231,4.0
22,232,5.0
22,233,5.0
22,234,6.0
22,235,4.0
22,236,4.0
22,237,6.0
22,238,6.0
22,239,3.0
22,240,6.0
22,241,3.0
22,242,4.0
22,243,6.0
22,244,3.0
22,245,3.0
22,246,3.0
22,247,3.0
22,248,3.0
22,249,5.0
22,250,6.0
22,251,4.0
22,252,5.0
22,253,4.0
22,254,5.0
22,255,4.0
22,256,6.0
22,257,6.0
22,258,6.0
22,259,4.0
22,260,3.0
22,261,3.0
22,262,5.0
22,263,6.0
22,264,6.0
22,265,4.0
22,266,4.0
22,267,4.0
22,268,5.0
22,269,6.0
22,270,5.0
22,271,3.0
22,272,2.0
22,273,4.0
22,274,4.0
22,275,3.0
22,276,4.0
22,277,4.0
22,278,6.0
22,279,6.0
22,280,5.0
22,281,4.0
22,282,3.0
22,283,5.0
22,284,3.0
22,285,2.0
22,286,6.0
22,287,5.0
22,288,3.0
22,289,3.0
22,290,3.0
22,291,4.0
22,292,4.0
22,293,5.0
22,294,5.0
22,295,3.0
22,296,6.0
22,297,3.0
22,298,3.0
22,299,3.0
22,300,6.0
22,301,6.0
22,302,3.0
22,303,3.0
22,304,5.0
22,305,4.0
22,306,2.0
22,307,4.0
22,308,6.0
22,309,6.0
22,310,3.0
22,311,6.0
22,312,4.0
22,313,4.0
22,314,3.0
22,315,4.0
22,316,5.0
22,317,5.0
22,318,3.0
22,319,4.0
22,320,4.0
22,321,3.0
22,322,5.0
22,323,6.0
22,324,2.0
22,325,4.0
22,326,4.0
22,327,4.0
22,328,3.0
22,329,6.0
22,330,4.0
22,331,5.0
22,332,3.0
22,333,5.0
22,334,4.0
22,335,5.0
22,336,4.0
22,337,3.0
22,338,6.0
22,339,4.0
22,340,6.0
22,341,4.0
22,342,4.0
22,343,3.0
22,344,3.0
22,345,6.0
22,346,5.0
22,347,3.0
22,348,6.0
22,349,6.0
22,350,2.0
22,351,3.0
22,352,5.0
22,353,6.0
22,354,3.0
22,355,3.0
22,356,6.0
22,357,4.0
22,358,4.0
22,359,4.0
22,360,6.0
22,361,2.0
22,362,4.0
22,363,4.0
22,364,5.0
22,365,5.0
22,366,2.0
22,367,3.0
22,368,3.0
22,369,4.0
22,370,3.0
22,371,3.0
22,372,3.0
22,373,5.0
22,374,4.0
22,375,4.0
22,376,5.0
22,377,3.0
23,24,6.0
23,25,5.0
23,26,2.0
23,27,3.0
23,28,3.0
23,29,6.0
23,30,6.0
23,31,6.0
23,32,2.0
23,33,2.0
23,34,2.0
23,35,5.0
23,36,4.0
23,37,6.0
23,38,3.0
23,39,4.0
23,40,4.0
23,41,6.0
23,42,6.0
23,43,2.0
23,44,4.0
23,45,4.0
23,46,4.0
23,47,2.0
23,48,4.0
23,49,5.0
23,50,4.0
23,51,4.0
23,52,2.0
23,53,5.0
23,54,2.0
23,55,2.0
23,56,6.0
23,57,5.0
23,58,4.0
23,59,4.0
23,60,4.0
23,61,3.0
23,62,4.0
23,63,2.0
23,64,3.0
23,65,3.0
23,66,3.0
23,67,4.0
23,68,4.0
23,69,6.0
23,70,6.0
23,71,4.0
23,72,3.0
23,73,3.0
23,74,5.0
23,75,4.0
23,76,4.0
23,77,2.0
23,78,2.0
23,79,2.0
23,80,3.0
23,81,6.0
23,82,4.0
23,83,5.0
23,84,5.0
23,85,5.0
23,86,6.0
23,87,4.0
23,88,6.0
23,89,3.0
23,90,6.0
23,91,5.0
23,92,2.0
23,93,3.0
23,94,3.0
23,95,3.0
23,96,5.0
23,97,4.0
23,98,5.0
23,99,5.0
23,100,4.0
23,101,4.0
23,102,4.0
23,103,5.0
23,104,5.0
23,105,2.0
23,106,2.0
23,107,3.0
23,108,6.0
23,109,6.0
23,110,6.0
23,111,4.0
23,112,5.0
23,113,4.0
23,114,5.0
23,115,5.0
23,116,5.0
23,117,6.0
23,118,4.0
23,119,4.0
23,120,6.0
23,121,4.0
23,122,4.0
23,123,4.0
23,124,2.0
23,125,2.0
23,126,3.0
23,127,3.0
23,128,5.0
23,129,3.0
23,130,3.0
23,131,3.0
23,132,4.0
23,133,4.0
23,134,4.0
23,135,4.0
23,136,5.0
23,137,5.0
23,138,5.0
23,139,5.0
23,140,6.0
23,141,6.0
23,142,5.0
23,143,3.0
23,144,3.0
23,145,6.0
23,146,3.0
23,147,5.0
23,148,5.0
23,149,3.0
23,150,5.0
23,151,5.0
23,152,4.0
23,153,4.0
23,154,6.0
23,155,4.0
23,156,5.0
23,157,5.0
23,158,5.0
23,159,2.0
23,160,5.0
23,161,2.0
23,162,3.0
23,163,5.0
23,164,3.0
23,165,5.0
23,166,3.0
23,167,5.0
23,168,2.0
23,169,4.0
23,170,5.0
23,171,6.0
23,172,5.0
23,173,4.0
23,174,4.0
23,175,2.0
23,176,4.0
23,177,5.0
23,178,5.0
23,179,5.0
23,180,3.0
23,181,3.0
23,182,4.0
23,183,3.0
23,184,3.0
23,185,4.0
23,186,5.0
23,187,5.0
23,188,3.0
23,189,4.0
23,190,4.0
23,191,4.0
23,192,4.0
23,193,4.0
23,194,5.0
23,195,5.0
23,196,6.0
23,197,6.0
23,198,6.0
23,199,4.0
23,200,4.0
23,201,4.0
23,202,6.0
23,203,5.0
23,204,5.0
23,205,5.0
23,206,4.0
23,207,3.0
23,208,5.0
23,209,4.0
23,210,5.0
23,211,6.0
23,212,6.0
23,213,3.0
23,214,6.0
23,215,5.0
23,216,5.0
23,217,3.0
23,218,4.0
23,219,3.0
23,220,5.0
23,221,6.0
23,222,3.0
23,223,4.0
23,224,3.0
23,225,4.0
23,226,4.0
23,227,4.0
23,228,4.0
23,229,4.0
23,230,2.0
23,231,4.0
23,232,5.0
23,233,5.0
23,234,6.0
23,235,4.0
23,236,4.0
23,237,6.0
23,238,6.0
23,239,3.0
23,240,6.0
23,241,3.0
23,242,4.0
23,243,6.0
23,244,3.0
23,245,3.0
23,246,3.0
23,247,3.0
23,248,3.0
23,249,5.0
23,250,6.0
23,251,4.0
23,252,5.0
23,253,4.0
23,254,5.0
23,255,4.0
23,256,6.0
23,257,6.0
23,258,6.0
23,259,4.0
23,260,3.0
23,261,3.0
23,262,5.0
23,263,6.0
23,264,6.0
23,265,4.0
23,266,4.0
23,267,4.0
23,268,5.0
23,269,6.0
23,270,5.0
23,271,3.0
23,272,2.0
23,273,4.0
23,274,4.0
23,275,3.0
23,276,4.0
23,277,4.0
23,278,6.0
23,279,6.0
23,280,5.0
23,281,4.0
23,282,3.0
23,283,5.0
23,284,3.0
23,285,2.0
23,286,6.0
23,287,5.0
23,288,3.0
23,289,3.0
23,290,3.0
23,291,4.0
23,292,4.0
23,293,5.0
23,294,5.0
23,295,3.0
23,296,6.0
23,297,3.0
23,298,3.0
23,299,3.0
23,300,6.0
23,301,6.0
23,302,3.0
23,303,3.0
23,304,5.0
23,305,4.0
23,306,2.0
23,307,4.0
23,308,6.0
23,309,6.0
23,310,3.0
23,311,6.0
23,312,4.0
23,313,4.0
23,314,3.0
23,315,4.0
23,316,5.0
23,317,5.0
23,318,3.0
23,319,4.0
23,320,4.0
23,321,3.0
23,322,5.0
23,323,6.0
23,324,2.0
23,325,4.0
23,326,4.0
23,327,4.0
23,328,3.0
23,329,6.0
23,330,4.0
23,331,5.0
23,332,3.0
23,333,5.0
23,334,4.0
23,335,5.0
23,336,4.0
23,337,3.0
23,338,6.0
23,339,4.0
23,340,6.0
23,341,4.0
23,342,4.0
23,343,3.0
23,344,3.0
23,345,6.0
23,346,5.0
23,347,3.0
23,348,6.0
23,349,6.0
23,350,2.0
23,351,3.0
23,352,5.0
23,353,6.0
23,354,3.0
23,355,3.0
23,356,6.0
23,357,4.0
23,358,4.0
23,359,4.0
23,360,6.0
23,361,2.0
23,362,4.0
23,363,4.0
23,364,5.0
23,365,5.0
23,366,2.0
23,367,3.0
23,368,3.0
23,369,4.0
23,370,3.0
23,371,3.0
23,372,3.0
23,373,5.0
23,374,4.0
23,375,4.0
23,376,5.0
23,377,3.0
24,25,5.0
24,26,3.0
24,27,4.0
24,28,4.0
24,29,6.0
24,30,5.0
24,31,7.0
24,32,3.0
24,33,2.0
24,34,3.0
24,35,5.0
24,36,4.0
24,37,6.0
24,38,3.0
24,39,4.0
24,40,4.0
24,41,5.0
24,42,6.0
24,43,3.0
24,44,4.0
24,45,4.0
24,46,4.0
24,47,3.0
24,48,5.0
24,49,5.0
24,50,4.0
24,51,4.0
24,52,3.0
24,53,4.0
24,54,3.0
24,55,3.0
24,56,6.0
24,57,5.0
24,58,4.0
24,59,5.0
24,60,4.0
24,61,3.0
24,62,4.0
24,63,3.0
24,64,4.0
24,65,4.0
24,66,4.0
24,67,4.0
24,68,5.0
24,69,6.0
24,70,6.0
24,71,5.0
24,72,4.0
24,73,4.0
24,74,5.0
24,75,4.0
24,76,5.0
24,77,2.0
24,78,3.0
24,79,3.0
24,80,4.0
24,81,6.0
24,82,4.0
24,83,5.0
24,84,5.0
24,85,5.0
24,86,7.0
24,87,4.0
24,88,6.0
24,89,4.0
24,90,6.0
24,91,5.0
24,92,3.0
24,93,4.0
24,94,3.0
24,95,4.0
24,96,5.0
24,97,4.0
24,98,5.0
24,99,5.0
24,100,4.0
24,101,5.0
24,102,4.0
24,103,5.0
24,104,5.0
24,105,3.0
24,106,3.0
24,107,3.0
24,108,6.0
24,109,6.0
24,110,6.0
24,111,4.0
24,112,5.0
24,113,4.0
24,114,5.0
24,115,5.0
24,116,5.0
24,117,6.0
24,118,5.0
24,119,4.0
24,120,6.0
24,121,5.0
24,122,4.0
24,123,4.0
24,124,2.0
24,125,2.0
24,126,4.0
24,127,4.0
24,128,5.0
24,129,4.0
24,130,4.0
24,131,4.0
24,132,4.0
24,133,4.0
24,134,4.0
24,135,4.0
24,136,6.0
24,137,6.0
24,138,6.0
24,139,5.0
24,140,6.0
24,141,6.0
24,142,5.0
24,143,3.0
24,144,3.0
24,145,7.0
24,146,4.0
24,147,6.0
24,148,6.0
24,149,4.0
24,150,5.0
24,151,5.0
24,152,4.0
24,153,5.0
24,154,6.0
24,155,4.0
24,156,6.0
24,157,5.0
24,158,5.0
24,159,2.0
24,160,5.0
24,161,2.0
24,162,4.0
24,163,5.0
24,164,4.0
24,165,5.0
24,166,3.0
24,167,5.0
24,168,3.0
24,169,5.0
24,170,5.0
24,171,6.0
24,172,5.0
24,173,4.0
24,174,4.0
24,175,2.0
24,176,4.0
24,177,5.0
24,178,5.0
24,179,5.0
24,180,3.0
24,181,3.0
24,182,4.0
24,183,3.0
24,184,3.0
24,185,4.0
24,186,5.0
24,187,5.0
24,188,3.0
24,189,4.0
24,190,4.0
24,191,4.0
24,192,4.0
24,193,4.0
24,194,5.0
24,195,5.0
24,196,6.0
24,197,6.0
24,198,6.0
24,199,5.0
24,200,5.0
24,201,5.0
24,202,6.0
24,203,5.0
24,204,5.0
24,205,5.0
24,206,5.0
24,207,3.0
24,208,5.0
24,209,5.0
24,210,6.0
24,211,6.0
24,212,6.0
24,213,4.0
24,214,6.0
24,215,6.0
24,216,5.0
24,217,3.0
24,218,4.0
24,219,3.0
24,220,5.0
24,221,6.0
24,222,3.0
24,223,4.0
24,224,4.0
24,225,5.0
24,226,4.0
24,227,5.0
24,228,3.0
24,229,4.0
24,230,3.0
24,231,5.0
24,232,5.0
24,233,5.0
24,234,6.0
24,235,5.0
24,236,4.0
24,237,6.0
24,238,6.0
24,239,4.0
24,240,6.0
24,241,4.0
24,242,5.0
24,243,6.0
24,244,3.0
24,245,3.0
24,246,3.0
24,247,4.0
24,248,3.0
24,249,5.0
24,250,5.0
24,251,3.0
24,252,5.0
24,253,5.0
24,254,5.0
24,255,4.0
24,256,6.0
24,257,6.0
24,258,7.0
24,259,4.0
24,260,4.0
24,261,4.0
24,262,5.0
24,263,6.0
24,264,6.0
24,265,4.0
24,266,4.0
24,267,5.0
24,268,5.0
24,269,6.0
24,270,5.0
24,271,3.0
24,272,3.0
24,273,5.0
24,274,4.0
24,275,4.0
24,276,5.0
24,277,4.0
24,278,6.0
24,279,6.0
24,280,6.0
24,281,4.0
24,282,3.0
24,283,5.0
24,284,3.0
24,285,2.0
24,286,6.0
24,287,5.0
24,288,4.0
24,289,4.0
24,290,3.0
24,291,3.0
24,292,5.0
24,293,5.0
24,294,5.0
24,295,4.0
24,296,6.0
24,297,4.0
24,298,3.0
24,299,3.0
24,300,6.0
24,301,6.0
24,302,4.0
24,303,3.0
24,304,5.0
24,305,4.0
24,306,3.0
24,307,4.0
24,308,6.0
24,309,6.0
24,310,4.0
24,311,6.0
24,312,4.0
24,313,5.0
24,314,4.0
24,315,4.0
24,316,5.0
24,317,5.0
24,318,3.0
24,319,4.0
24,320,4.0
24,321,4.0
24,322,5.0
24,323,6.0
24,324,3.0
24,325,4.0
24,326,5.0
24,327,4.0
24,328,3.0
24,329,7.0
24,330,5.0
24,331,6.0
24,332,3.0
24,333,5.0
24,334,4.0
24,335,5.0
24,336,4.0
24,337,4.0
24,338,6.0
24,339,5.0
24,340,6.0
24,341,4.0
24,342,5.0
24,343,3.0
24,344,4.0
24,345,6.0
24,346,5.0
24,347,4.0
24,348,5.0
24,349,6.0
24,350,3.0
24,351,4.0
24,352,5.0
24,353,6.0
24,354,3.0
24,355,3.0
24,356,6.0
24,357,4.0
24,358,5.0
24,359,4.0
24,360,6.0
24,361,3.0
24,362,5.0
24,363,4.0
24,364,5.0
24,365,5.0
24,366,3.0
24,367,4.0
24,368,3.0
24,369,4.0
24,370,4.0
24,371,4.0
24,372,4.0
24,373,5.0
24,374,5.0
24,375,4.0
24,376,5.0
24,377,3.0
25,26,2.0
25,27,3.0
25,28,3.0
25,29,5.0
25,30,5.0
25,31,5.0
25,32,2.0
25,33,2.0
25,34,2.0
25,35,4.0
25,36,3.0
25,37,5.0
25,38,3.0
25,39,5.0
25,40,4.0
25,41,4.0
25,42,5.0
25,43,2.0
25,44,3.0
25,45,4.0
25,46,4.0
25,47,2.0
25,48,4.0
25,49,4.0
25,50,4.0
25,51,4.0
25,52,2.0
25,53,5.0
25,54,2.0
25,55,2.0
25,56,5.0
25,57,4.0
25,58,3.0
25,59,4.0
25,60,5.0
25,61,3.0
25,62,4.0
25,63,2.0
25,64,3.0
25,65,3.0
25,66,3.0
25,67,4.0
25,68,4.0
25,69,5.0
25,70,5.0
25,71,4.0
25,72,4.0
25,73,3.0
25,74,4.0
25,75,4.0
25,76,4.0
25,77,1.0
25,78,2.0
25,79,2.0
25,80,3.0
25,81,5.0
25,82,3.0
25,83,4.0
25,84,4.0
25,85,4.0
25,86,5.0
25,87,3.0
25,88,5.0
25,89,3.0
25,90,5.0
25,91,6.0
25,92,2.0
25,93,3.0
25,94,3.0
25,95,3.0
25,96,4.0
25,97,4.0
25,98,4.0
25,99,4.0
25,100,3.0
25,101,4.0
25,102,3.0
25,103,6.0
25,104,5.0
25,105,2.0
25,106,2.0
25,107,2.0
25,108,5.0
25,109,5.0
25,110,5.0
25,111,4.0
25,112,6.0
25,113,4.0
25,114,4.0
25,115,4.0
25,116,4.0
25,117,5.0
25,118,5.0
25,119,4.0
25,120,5.0
25,121,5.0
25,122,4.0
25,123,5.0
25,124,3.0
25,125,3.0
25,126,3.0
25,127,3.0
25,128,4.0
25,129,3.0
25,130,3.0
25,131,3.0
25,132,4.0
25,133,4.0
25,134,4.0
25,135,4.0
25,136,4.0
25,137,4.0
25,138,4.0
25,139,4.0
25,140,5.0
25,141,5.0
25,142,4.0
25,143,2.0
25,144,2.0
25,145,5.0
25,146,3.0
25,147,4.0
25,148,4.0
25,149,3.0
25,150,5.0
25,151,5.0
25,152,4.0
25,153,3.0
25,154,5.0
25,155,4.0
25,156,4.0
25,157,7.0
25,158,7.0
25,159,2.0
25,160,4.0
25,161,3.0
25,162,3.0
25,163,7.0
25,164,3.0
25,165,4.0
25,166,3.0
25,167,7.0
25,168,2.0
25,169,4.0
25,170,7.0
25,171,5.0
25,172,7.0
25,173,3.0
25,174,3.0
25,175,3.0
25,176,5.0
25,177,5.0
25,178,5.0
25,179,4.0
25,180,4.0
25,181,4.0
25,182,5.0
25,183,3.0
25,184,3.0
25,185,3.0
25,186,4.0
25,187,4.0
25,188,3.0
25,189,5.0
25,190,3.0
25,191,3.0
25,192,3.0
25,193,4.0
25,194,7.0
25,195,4.0
25,196,5.0
25,197,5.0
25,198,5.0
25,199,3.0
25,200,3.0
25,201,3.0
25,202,5.0
25,203,4.0
25,204,4.0
25,205,4.0
25,206,4.0
25,207,4.0
25,208,7.0
25,209,4.0
25,210,4.0
25,211,5.0
25,212,5.0
25,213,3.0
25,214,5.0
25,215,4.0
25,216,6.0
25,217,3.0
25,218,5.0
25,219,3.0
25,220,4.0
25,221,5.0
25,222,4.0
25,223,4.0
25,224,3.0
25,225,4.0
25,226,4.0
25,227,4.0
25,228,3.0
25,229,5.0
25,230,2.0
25,231,4.0
25,232,4.0
25,233,6.0
25,234,5.0
25,235,4.0
25,236,4.0
25,237,5.0
25,238,5.0
25,239,3.0
25,240,5.0
25,241,3.0
25,242,4.0
25,243,5.0
25,244,2.0
25,245,2.0
25,246,3.0
25,247,3.0
25,248,3.0
25,249,4.0
25,250,4.0
25,251,3.0
25,252,4.0
25,253,4.0
25,254,6.0
25,255,5.0
25,256,5.0
25,257,5.0
25,258,5.0
25,259,5.0
25,260,3.0
25,261,3.0
25,262,4.0
25,263,5.0
25,264,5.0
25,265,5.0
25,266,4.0
25,267,4.0
25,268,4.0
25,269,5.0
25,270,7.0
25,271,3.0
25,272,2.0
25,273,4.0
25,274,4.0
25,275,3.0
25,276,4.0
25,277,3.0
25,278,5.0
25,279,5.0
25,280,4.0
25,281,5.0
25,282,3.0
25,283,6.0
25,284,2.0
25,285,3.0
25,286,5.0
25,287,6.0
25,288,2.0
25,289,3.0
25,290,4.0
25,291,4.0
25,292,4.0
25,293,6.0
25,294,7.0
25,295,3.0
25,296,5.0
25,297,3.0
25,298,3.0
25,299,3.0
25,300,5.0
25,301,5.0
25,302,3.0
25,303,2.0
25,304,6.0
25,305,5.0
25,306,2.0
25,307,3.0
25,308,5.0
25,309,5.0
25,310,3.0
25,311,5.0
25,312,5.0
25,313,4.0
25,314,3.0
25,315,4.0
25,316,4.0
25,317,6.0
25,318,4.0
25,319,3.0
25,320,3.0
25,321,3.0
25,322,4.0
25,323,5.0
25,324,2.0
25,325,3.0
25,326,4.0
25,327,5.0
25,328,2.0
25,329,5.0
25,330,4.0
25,331,4.0
25,332,3.0
25,333,6.0
25,334,3.0
25,335,4.0
25,336,5.0
25,337,3.0
25,338,5.0
25,339,5.0
25,340,5.0
25,341,5.0
25,342,4.0
25,343,2.0
25,344,3.0
25,345,5.0
25,346,4.0
25,347,3.0
25,348,4.0
25,349,5.0
25,350,2.0
25,351,3.0
25,352,4.0
25,353,5.0
25,354,2.0
25,355,3.0
25,356,5.0
25,357,4.0
25,358,4.0
25,359,4.0
25,360,5.0
25,361,2.0
25,362,4.0
25,363,5.0
25,364,4.0
25,365,6.0
25,366,2.0
25,367,3.0
25,368,3.0
25,369,5.0
25,370,3.0
25,371,3.0
25,372,3.0
25,373,7.0
25,374,4.0
25,375,5.0
25,376,4.0
25,377,3.0
26,27,4.0
26,28,4.0
26,29,2.0
26,30,2.0
26,31,3.0
26,32,7.0
26,33,2.0
26,34,7.0
26,35,2.0
26,36,3.0
26,37,2.0
26,38,2.0
26,39,1.0
26,40,2.0
26,41,2.0
26,42,2.0
26,43,2.0
26,44,2.0
26,45,2.0
26,46,2.0
26,47,5.0
26,48,3.0
26,49,1.0
26,50,2.0
26,51,2.0
26,52,5.0
26,53,2.0
26,54,4.0
26,55,4.0
26,56,2.0
26,57,2.0
26,58,3.0
26,59,4.0
26,60,1.0
26,61,2.0
26,62,2.0
26,63,6.0
26,64,3.0
26,65,3.0
26,66,3.0
26,67,3.0
26,68,4.0
26,69,2.0
26,70,2.0
26,71,4.0
26,72,3.0
26,73,3.0
26,74,2.0
26,75,2.0
26,76,2.0
26,77,5.0
26,78,4.0
26,79,4.0
26,80,4.0
26,81,2.0
26,82,5.0
26,83,2.0
26,84,2.0
26,85,2.0
26,86,3.0
26,87,5.0
26,88,2.0
26,89,3.0
26,90,2.0
26,91,2.0
26,92,3.0
26,93,3.0
26,94,1.0
26,95,3.0
26,96,2.0
26,97,2.0
26,98,2.0
26,99,1.0
26,100,2.0
26,101,4.0
26,102,2.0
26,103,2.0
26,104,2.0
26,105,3.0
26,106,3.0
26,107,5.0
26,108,2.0
26,109,2.0
26,110,2.0
26,111,3.0
26,112,2.0
26,113,3.0
26,114,2.0
26,115,2.0
26,116,2.0
26,117,2.0
26,118,2.0
26,119,2.0
26,120,2.0
26,121,2.0
26,122,2.0
26,123,2.0
26,124,1.0
26,125,1.0
26,126,3.0
26,127,3.0
26,128,2.0
26,129,3.0
26,130,3.0
26,131,3.0
26,132,2.0
26,133,2.0
26,134,2.0
26,135,2.0
26,136,3.0
26,137,3.0
26,138,3.0
26,139,2.0
26,140,2.0
26,141,2.0
26,142,2.0
26,143,6.0
26,144,6.0
26,145,3.0
26,146,3.0
26,147,3.0
26,148,3.0
26,149,3.0
26,150,2.0
26,151,2.0
26,152,1.0
26,153,2.0
26,154,2.0
26,155,3.0
26,156,3.0
26,157,2.0
26,158,2.0
26,159,0.0
26,160,3.0
26,161,1.0
26,162,3.0
26,163,2.0
26,164,3.0
26,165,2.0
26,166,2.0
26,167,2.0
26,168,3.0
26,169,4.0
26,170,2.0
26,171,2.0
26,172,2.0
26,173,3.0
26,174,2.0
26,175,1.0
26,176,1.0
26,177,2.0
26,178,2.0
26,179,3.0
26,180,2.0
26,181,2.0
26,182,1.0
26,183,2.0
26,184,2.0
26,185,2.0
26,186,3.0
26,187,3.0
26,188,2.0
26,189,1.0
26,190,1.0
26,191,1.0
26,192,1.0
26,193,2.0
26,194,2.0
26,195,1.0
26,196,2.0
26,197,2.0
26,198,2.0
26,199,3.0
26,200,3.0
26,201,3.0
26,202,2.0
26,203,2.0
26,204,1.0
26,205,1.0
26,206,3.0
26,207,2.0
26,208,2.0
26,209,4.0
26,210,2.0
26,211,2.0
26,212,2.0
26,213,3.0
26,214,2.0
26,215,3.0
26,216,2.0
26,217,2.0
26,218,1.0
26,219,2.0
26,220,2.0
26,221,2.0
26,222,1.0
26,223,2.0
26,224,3.0
26,225,4.0
26,226,1.0
26,227,4.0
26,228,2.0
26,229,2.0
26,230,2.0
26,231,4.0
26,232,2.0
26,233,2.0
26,234,2.0
26,235,4.0
26,236,2.0
26,237,2.0
26,238,2.0
26,239,5.0
26,240,2.0
26,241,3.0
26,242,4.0
26,243,2.0
26,244,2.0
26,245,1.0
26,246,2.0
26,247,4.0
26,248,3.0
26,249,2.0
26,250,2.0
26,251,2.0
26,252,1.0
26,253,4.0
26,254,2.0
26,255,1.0
26,256,2.0
26,257,2.0
26,258,3.0
26,259,2.0
26,260,3.0
26,261,5.0
26,262,2.0
26,263,2.0
26,264,2.0
26,265,1.0
26,266,2.0
26,267,4.0
26,268,2.0
26,269,2.0
26,270,2.0
26,271,2.0
26,272,4.0
26,273,4.0
26,274,2.0
26,275,3.0
26,276,4.0
26,277,5.0
26,278,2.0
26,279,2.0
26,280,2.0
26,281,1.0
26,282,2.0
26,283,2.0
26,284,6.0
26,285,2.0
26,286,2.0
26,287,2.0
26,288,2.0
26,289,3.0
26,290,3.0
26,291,2.0
26,292,4.0
26,293,2.0
26,294,2.0
26,295,3.0
26,296,2.0
26,297,4.0
26,298,2.0
26,299,2.0
26,300,2.0
26,301,2.0
26,302,5.0
26,303,6.0
26,304,2.0
26,305,1.0
26,306,3.0
26,307,5.0
26,308,2.0
26,309,2.0
26,310,5.0
26,311,2.0
26,312,2.0
26,313,4.0
26,314,4.0
26,315,2.0
26,316,2.0
26,317,2.0
26,318,2.0
26,319,3.0
26,320,5.0
26,321,3.0
26,322,2.0
26,323,2.0
26,324,4.0
26,325,2.0
26,326,4.0
26,327,2.0
26,328,2.0
26,329,3.0
26,330,4.0
26,331,3.0
26,332,1.0
26,333,2.0
26,334,2.0
26,335,2.0
26,336,1.0
26,337,3.0
26,338,2.0
26,339,2.0
26,340,2.0
26,341,1.0
26,342,4.0
26,343,2.0
26,344,4.0
26,345,2.0
26,346,2.0
26,347,3.0
26,348,2.0
26,349,2.0
26,350,3.0
26,351,3.0
26,352,4.0
26,353,2.0
26,354,6.0
26,355,3.0
26,356,2.0
26,357,3.0
26,358,4.0
26,359,2.0
26,360,2.0
26,361,4.0
26,362,4.0
26,363,2.0
26,364,2.0
26,365,2.0
26,366,4.0
26,367,4.0
26,368,2.0
26,369,1.0
26,370,3.0
26,371,3.0
26,372,3.0
26,373,2.0
26,374,4.0
26,375,3.0
26,376,2.0
26,377,2.0
27,28,7.0
27,29,3.0
27,30,3.0
27,31,4.0
27,32,4.0
27,33,3.0
27,34,4.0
27,35,2.0
27,36,2.0
27,37,3.0
27,38,3.0
27,39,3.0
27,40,3.0
27,41,3.0
27,42,3.0
27,43,3.0
27,44,3.0
27,45,3.0
27,46,3.0
27,47,5.0
27,48,3.0
27,49,2.0
27,50,3.0
27,51,3.0
27,52,5.0
27,53,2.0
27,54,5.0
27,55,5.0
27,56,3.0
27,57,3.0
27,58,2.0
27,59,5.0
27,60,3.0
27,61,2.0
27,62,3.0
27,63,4.0
27,64,4.0
27,65,4.0
27,66,4.0
27,67,4.0
27,68,5.0
27,69,3.0
27,70,3.0
27,71,5.0
27,72,3.0
27,73,5.0
27,74,2.0
27,75,3.0
27,76,3.0
27,77,4.0
27,78,4.0
27,79,4.0
27,80,6.0
27,81,3.0
27,82,5.0
27,83,3.0
27,84,3.0
27,85,3.0
27,86,4.0
27,87,5.0
27,88,3.0
27,89,3.0
27,90,3.0
27,91,4.0
27,92,4.0
27,93,5.0
27,94,3.0
27,95,3.0
27,96,3.0
27,97,5.0
27,98,3.0
27,99,2.0
27,100,3.0
27,101,5.0
27,102,3.0
27,103,4.0
27,104,3.0
27,105,5.0
27,106,5.0
27,107,5.0
27,108,3.0
27,109,3.0
27,110,3.0
27,111,2.0
27,112,3.0
27,113,2.0
27,114,3.0
27,115,3.0
27,116,3.0
27,117,3.0
27,118,3.0
27,119,2.0
27,120,3.0
27,121,3.0
27,122,2.0
27,123,4.0
27,124,3.0
27,125,3.0
27,126,5.0
27,127,5.0
27,128,3.0
27,129,5.0
27,130,5.0
27,131,5.0
27,132,3.0
27,133,3.0
27,134,3.0
27,135,3.0
27,136,4.0
27,137,4.0
27,138,4.0
27,139,3.0
27,140,3.0
27,141,3.0
27,142,4.0
27,143,4.0
27,144,4.0
27,145,4.0
27,146,3.0
27,147,4.0
27,148,4.0
27,149,3.0
27,150,3.0
27,151,3.0
27,152,2.0
27,153,3.0
27,154,3.0
27,155,4.0
27,156,4.0
27,157,3.0
27,158,3.0
27,159,1.0
27,160,3.0
27,161,3.0
27,162,5.0
27,163,3.0
27,164,3.0
27,165,3.0
27,166,4.0
27,167,3.0
27,168,4.0
27,169,5.0
27,170,3.0
27,171,3.0
27,172,3.0
27,173,2.0
27,174,3.0
27,175,3.0
27,176,3.0
27,177,3.0
27,178,3.0
27,179,3.0
27,180,2.0
27,181,2.0
27,182,3.0
27,183,3.0
27,184,3.0
27,185,3.0
27,186,2.0
27,187,2.0
27,188,2.0
27,189,3.0
27,190,1.0
27,191,1.0
27,192,1.0
27,193,3.0
27,194,3.0
27,195,2.0
27,196,3.0
27,197,3.0
27,198,3.0
27,199,3.0
27,200,3.0
27,201,3.0
27,202,3.0
27,203,3.0
27,204,2.0
27,205,2.0
27,206,4.0
27,207,3.0
27,208,3.0
27,209,5.0
27,210,3.0
27,211,3.0
27,212,3.0
27,213,5.0
27,214,3.0
27,215,3.0
27,216,4.0
27,217,3.0
27,218,3.0
27,219,3.0
27,220,2.0
27,221,3.0
27,222,2.0
27,223,3.0
27,224,5.0
27,225,5.0
27,226,3.0
27,227,5.0
27,228,3.0
27,229,3.0
27,230,2.0
27,231,5.0
27,232,2.0
27,233,3.0
27,234,3.0
27,235,5.0
27,236,3.0
27,237,3.0
27,238,3.0
27,239,5.0
27,240,3.0
27,241,5.0
27,242,5.0
27,243,3.0
27,244,4.0
27,245,1.0
27,246,3.0
27,247,6.0
27,248,3.0
27,249,4.0
27,250,3.0
27,251,3.0
27,252,2.0
27,253,5.0
27,254,4.0
27,255,3.0
27,256,3.0
27,257,3.0
27,258,4.0
27,259,3.0
27,260,5.0
27,261,5.0
27,262,3.0
27,263,3.0
27,264,3.0
27,265,3.0
27,266,3.0
27,267,5.0
27,268,2.0
27,269,3.0
27,270,3.0
27,271,2.0
27,272,5.0
27,273,5.0
27,274,2.0
27,275,5.0
27,276,5.0
27,277,5.0
27,278,3.0
27,279,3.0
27,280,3.0
27,281,3.0
27,282,3.0
27,283,4.0
27,284,4.0
27,285,2.0
27,286,3.0
27,287,4.0
27,288,3.0
27,289,5.0
27,290,3.0
27,291,2.0
27,292,5.0
27,293,3.0
27,294,3.0
27,295,5.0
27,296,3.0
27,297,6.0
27,298,3.0
27,299,3.0
27,300,3.0
27,301,3.0
27,302,5.0
27,303,4.0
27,304,4.0
27,305,3.0
27,306,4.0
27,307,5.0
27,308,3.0
27,309,3.0
27,310,5.0
27,311,3.0
27,312,3.0
27,313,5.0
27,314,6.0
27,315,2.0
27,316,4.0
27,317,3.0
27,318,3.0
27,319,4.0
27,320,5.0
27,321,5.0
27,322,2.0
27,323,3.0
27,324,5.0
27,325,3.0
27,326,5.0
27,327,3.0
27,328,4.0
27,329,4.0
27,330,5.0
27,331,4.0
27,332,1.0
27,333,4.0
27,334,3.0
27,335,3.0
27,336,3.0
27,337,5.0
27,338,3.0
27,339,3.0
27,340,3.0
27,341,3.0
27,342,5.0
27,343,4.0
27,344,6.0
27,345,3.0
27,346,4.0
27,347,5.0
27,348,3.0
27,349,3.0
27,350,4.0
27,351,5.0
27,352,5.0
27,353,3.0
27,354,4.0
27,355,3.0
27,356,3.0
27,357,4.0
27,358,5.0
27,359,2.0
27,360,3.0
27,361,5.0
27,362,5.0
27,363,2.0
27,364,3.0
27,365,4.0
27,366,5.0
27,367,6.0
27,368,3.0
27,369,3.0
27,370,5.0
27,371,5.0
27,372,5.0
27,373,3.0
27,374,5.0
27,375,3.0
27,376,3.0
27,377,3.0
28,29,3.0
28,30,3.0
28,31,4.0
28,32,4.0
28,33,3.0
28,34,4.0
28,35,2.0
28,36,2.0
28,37,3.0
28,38,3.0
28,39,3.0
28,40,3.0
28,41,3.0
28,42,3.0
28,43,3.0
28,44,3.0
28,45,3.0
28,46,3.0
28,47,5.0
28,48,3.0
28,49,2.0
28,50,3.0
28,51,3.0
28,52,5.0
28,53,2.0
28,54,5.0
28,55,5.0
28,56,3.0
28,57,3.0
28,58,2.0
28,59,5.0
28,60,3.0
28,61,2.0
28,62,3.0
28,63,4.0
28,64,4.0
28,65,4.0
28,66,4.0
28,67,4.0
28,68,5.0
28,69,3.0
28,70,3.0
28,71,5.0
28,72,3.0
28,73,5.0
28,74,2.0
28,75,3.0
28,76,3.0
28,77,4.0
28,78,4.0
28,79,4.0
28,80,6.0
28,81,3.0
28,82,5.0
28,83,3.0
28,84,3.0
28,85,3.0
28,86,4.0
28,87,5.0
28,88,3.0
28,89,3.0
28,90,3.0
28,91,4.0
28,92,4.0
28,93,5.0
28,94,3.0
28,95,3.0
28,96,3.0
28,97,5.0
28,98,3.0
28,99,2.0
28,100,3.0
28,101,5.0
28,102,3.0
28,103,4.0
28,104,3.0
28,105,5.0
28,106,5.0
28,107,5.0
28,108,3.0
28,109,3.0
28,110,3.0
28,111,2.0
28,112,3.0
28,113,2.0
28,114,3.0
28,115,3.0
28,116,3.0
28,117,3.0
28,118,3.0
28,119,2.0
28,120,3.0
28,121,3.0
28,122,2.0
28,123,4.0
28,124,3.0
28,125,3.0
28,126,5.0
28,127,5.0
28,128,3.0
28,129,5.0
28,130,5.0
28,131,5.0
28,132,3.0
28,133,3.0
28,134,3.0
28,135,3.0
28,136,4.0
28,137,4.0
28,138,4.0
28,139,3.0
28,140,3.0
28,141,3.0
28,142,4.0
28,143,4.0
28,144,4.0
28,145,4.0
28,146,3.0
28,147,4.0
28,148,4.0
28,149,3.0
28,150,3.0
28,151,3.0
28,152,2.0
28,153,3.0
28,154,3.0
28,155,4.0
28,156,4.0
28,157,3.0
28,158,3.0
28,159,1.0
28,160,3.0
28,161,3.0
28,162,5.0
28,163,3.0
28,164,3.0
28,165,3.0
28,166,4.0
28,167,3.0
28,168,4.0
28,169,5.0
28,170,3.0
28,171,3.0
28,172,3.0
28,173,2.0
28,174,3.0
28,175,3.0
28,176,3.0
28,177,3.0
28,178,3.0
28,179,3.0
28,180,2.0
28,181,2.0
28,182,3.0
28,183,3.0
28,184,3.0
28,185,3.0
28,186,2.0
28,187,2.0
28,188,2.0
28,189,3.0
28,190,1.0
28,191,1.0
28,192,1.0
28,193,3.0
28,194,3.0
28,195,2.0
28,196,3.0
28,197,3.0
28,198,3.0
28,199,3.0
28,200,3.0
28,201,3.0
28,202,3.0
28,203,3.0
28,204,2.0
28,205,2.0
28,206,4.0
28,207,3.0
28,208,3.0
28,209,5.0
28,210,3.0
28,211,3.0
28,212,3.0
28,213,5.0
28,214,3.0
28,215,3.0
28,216,4.0
28,217,3.0
28,218,3.0
28,219,3.0
28,220,2.0
28,221,3.0
28,222,2.0
28,223,3.0
28,224,5.0
28,225,5.0
28,226,3.0
28,227,5.0
28,228,3.0
28,229,3.0
28,230,2.0
28,231,5.0
28,232,2.0
28,233,3.0
28,234,3.0
28,235,5.0
28,236,3.0
28,237,3.0
28,238,3.0
28,239,5.0
28,240,3.0
28,241,5.0
28,242,5.0
28,243,3.0
28,244,4.0
28,245,1.0
28,246,3.0
28,247,6.0
28,248,3.0
28,249,4.0
28,250,3.0
28,251,3.0
28,252,2.0
28,253,5.0
28,254,4.0
28,255,3.0
28,256,3.0
28,257,3.0
28,258,4.0
28,259,3.0
28,260,5.0
28,261,5.0
28,262,3.0
28,263,3.0
28,264,3.0
28,265,3.0
28,266,3.0
28,267,5.0
28,268,2.0
28,269,3.0
28,270,3.0
28,271,2.0
28,272,5.0
28,273,5.0
28,274,2.0
28,275,5.0
28,276,5.0
28,277,5.0
28,278,3.0
28,279,3.0
28,280,3.0
28,281,3.0
28,282,3.0
28,283,4.0
28,284,4.0
28,285,2.0
28,286,3.0
28,287,4.0
28,288,3.0
28,289,5.0
28,290,3.0
28,291,2.0
28,292,5.0
28,293,3.0
28,294,3.0
28,295,5.0
28,296,3.0
28,297,6.0
28,298,3.0
28,299,3.0
28,300,3.0
28,301,3.0
28,302,5.0
28,303,4.0
28,304,4.0
28,305,3.0
28,306,4.0
28,307,5.0
28,308,3.0
28,309,3.0
28,310,5.0
28,311,3.0
28,312,3.0
28,313,5.0
28,314,6.0
28,315,2.0
28,316,4.0
28,317,3.0
28,318,3.0
28,319,4.0
28,320,5.0
28,321,5.0
28,322,2.0
28,323,3.0
28,324,5.0
28,325,3.0
28,326,5.0
28,327,3.0
28,328,4.0
28,329,4.0
28,330,5.0
28,331,4.0
28,332,1.0
28,333,4.0
28,334,3.0
28,335,3.0
28,336,3.0
28,337,5.0
28,338,3.0
28,339,3.0
28,340,3.0
28,341,3.0
28,342,5.0
28,343,4.0
28,344,6.0
28,345,3.0
28,346,4.0
28,347,5.0
28,348,3.0
28,349,3.0
28,350,4.0
28,351,5.0
28,352,5.0
28,353,3.0
28,354,4.0
28,355,3.0
28,356,3.0
28,357,4.0
28,358,5.0
28,359,2.0
28,360,3.0
28,361,5.0
28,362,5.0
28,363,2.0
28,364,3.0
28,365,4.0
28,366,5.0
28,367,6.0
28,368,3.0
28,369,3.0
28,370,5.0
28,371,5.0
28,372,5.0
28,373,3.0
28,374,5.0
28,375,3.0
28,376,3.0
28,377,3.0
29,30,5.0
29,31,6.0
29,32,2.0
29,33,3.0
29,34,2.0
29,35,5.0
29,36,5.0
29,37,6.0
29,38,3.0
29,39,5.0
29,40,5.0
29,41,5.0
29,42,6.0
29,43,3.0
29,44,4.0
29,45,4.0
29,46,4.0
29,47,2.0
29,48,4.0
29,49,6.0
29,50,4.0
29,51,4.0
29,52,2.0
29,53,4.0
29,54,2.0
29,55,2.0
29,56,6.0
29,57,5.0
29,58,4.0
29,59,4.0
29,60,4.0
29,61,3.0
29,62,4.0
29,63,2.0
29,64,3.0
29,65,3.0
29,66,3.0
29,67,4.0
29,68,4.0
29,69,6.0
29,70,6.0
29,71,4.0
29,72,3.0
29,73,3.0
29,74,5.0
29,75,4.0
29,76,4.0
29,77,1.0
29,78,2.0
29,79,2.0
29,80,3.0
29,81,7.0
29,82,3.0
29,83,5.0
29,84,5.0
29,85,5.0
29,86,6.0
29,87,3.0
29,88,7.0
29,89,3.0
29,90,6.0
29,91,5.0
29,92,2.0
29,93,3.0
29,94,3.0
29,95,3.0
29,96,5.0
29,97,4.0
29,98,5.0
29,99,6.0
29,100,4.0
29,101,4.0
29,102,4.0
29,103,5.0
29,104,5.0
29,105,2.0
29,106,2.0
29,107,2.0
29,108,6.0
29,109,6.0
29,110,6.0
29,111,4.0
29,112,5.0
29,113,4.0
29,114,5.0
29,115,5.0
29,116,5.0
29,117,6.0
29,118,4.0
29,119,4.0
29,120,6.0
29,121,4.0
29,122,4.0
29,123,4.0
29,124,2.0
29,125,2.0
29,126,3.0
29,127,3.0
29,128,5.0
29,129,3.0
29,130,3.0
29,131,3.0
29,132,4.0
29,133,4.0
29,134,4.0
29,135,4.0
29,136,5.0
29,137,5.0
29,138,5.0
29,139,5.0
29,140,6.0
29,141,6.0
29,142,5.0
29,143,2.0
29,144,2.0
29,145,6.0
29,146,3.0
29,147,5.0
29,148,5.0
29,149,3.0
29,150,5.0
29,151,5.0
29,152,4.0
29,153,4.0
29,154,6.0
29,155,4.0
29,156,5.0
29,157,5.0
29,158,5.0
29,159,3.0
29,160,5.0
29,161,2.0
29,162,3.0
29,163,5.0
29,164,3.0
29,165,5.0
29,166,4.0
29,167,5.0
29,168,2.0
29,169,4.0
29,170,5.0
29,171,6.0
29,172,5.0
29,173,4.0
29,174,4.0
29,175,2.0
29,176,4.0
29,177,5.0
29,178,5.0
29,179,5.0
29,180,3.0
29,181,3.0
29,182,4.0
29,183,3.0
29,184,3.0
29,185,4.0
29,186,5.0
29,187,5.0
29,188,3.0
29,189,4.0
29,190,5.0
29,191,5.0
29,192,5.0
29,193,4.0
29,194,5.0
29,195,6.0
29,196,6.0
29,197,6.0
29,198,6.0
29,199,4.0
29,200,4.0
29,201,4.0
29,202,6.0
29,203,5.0
29,204,6.0
29,205,6.0
29,206,4.0
29,207,3.0
29,208,5.0
29,209,4.0
29,210,5.0
29,211,6.0
29,212,6.0
29,213,3.0
29,214,6.0
29,215,5.0
29,216,5.0
29,217,3.0
29,218,4.0
29,219,4.0
29,220,5.0
29,221,6.0
29,222,3.0
29,223,4.0
29,224,3.0
29,225,4.0
29,226,4.0
29,227,4.0
29,228,3.0
29,229,4.0
29,230,2.0
29,231,4.0
29,232,5.0
29,233,5.0
29,234,7.0
29,235,4.0
29,236,4.0
29,237,6.0
29,238,7.0
29,239,3.0
29,240,6.0
29,241,3.0
29,242,4.0
29,243,6.0
29,244,2.0
29,245,4.0
29,246,3.0
29,247,3.0
29,248,3.0
29,249,5.0
29,250,5.0
29,251,3.0
29,252,6.0
29,253,4.0
29,254,5.0
29,255,4.0
29,256,7.0
29,257,6.0
29,258,6.0
29,259,4.0
29,260,3.0
29,261,3.0
29,262,5.0
29,263,6.0
29,264,6.0
29,265,4.0
29,266,4.0
29,267,4.0
29,268,5.0
29,269,6.0
29,270,5.0
29,271,3.0
29,272,2.0
29,273,4.0
29,274,4.0
29,275,3.0
29,276,4.0
29,277,3.0
29,278,6.0
29,279,7.0
29,280,5.0
29,281,4.0
29,282,3.0
29,283,5.0
29,284,2.0
29,285,2.0
29,286,6.0
29,287,5.0
29,288,3.0
29,289,3.0
29,290,3.0
29,291,3.0
29,292,4.0
29,293,5.0
29,294,5.0
29,295,3.0
29,296,6.0
29,297,3.0
29,298,3.0
29,299,3.0
29,300,6.0
29,301,6.0
29,302,3.0
29,303,2.0
29,304,5.0
29,305,4.0
29,306,2.0
29,307,3.0
29,308,6.0
29,309,6.0
29,310,3.0
29,311,6.0
29,312,4.0
29,313,4.0
29,314,3.0
29,315,4.0
29,316,5.0
29,317,5.0
29,318,3.0
29,319,4.0
29,320,3.0
29,321,3.0
29,322,5.0
29,323,6.0
29,324,2.0
29,325,4.0
29,326,4.0
29,327,4.0
29,328,2.0
29,329,6.0
29,330,4.0
29,331,5.0
29,332,4.0
29,333,5.0
29,334,4.0
29,335,5.0
29,336,5.0
29,337,3.0
29,338,6.0
29,339,4.0
29,340,6.0
29,341,4.0
29,342,4.0
29,343,2.0
29,344,3.0
29,345,7.0
29,346,5.0
29,347,3.0
29,348,5.0
29,349,6.0
29,350,2.0
29,351,3.0
29,352,4.0
29,353,6.0
29,354,2.0
29,355,3.0
29,356,6.0
29,357,4.0
29,358,4.0
29,359,4.0
29,360,6.0
29,361,2.0
29,362,4.0
29,363,4.0
29,364,5.0
29,365,5.0
29,366,2.0
29,367,3.0
29,368,4.0
29,369,4.0
29,370,3.0
29,371,3.0
29,372,3.0
29,373,5.0
29,374,4.0
29,375,4.0
29,376,5.0
29,377,3.0
30,31,5.0
30,32,2.0
30,33,2.0
30,34,2.0
30,35,4.0
30,36,3.0
30,37,5.0
30,38,3.0
30,39,5.0
30,40,3.0
30,41,5.0
30,42,5.0
30,43,2.0
30,44,4.0
30,45,3.0
30,46,3.0
30,47,2.0
30,48,3.0
30,49,4.0
30,50,3.0
30,51,3.0
30,52,2.0
30,53,6.0
30,54,2.0
30,55,2.0
30,56,5.0
30,57,4.0
30,58,3.0
30,59,3.0
30,60,5.0
30,61,3.0
30,62,3.0
30,63,2.0
30,64,3.0
30,65,2.0
30,66,2.0
30,67,3.0
30,68,3.0
30,69,5.0
30,70,5.0
30,71,3.0
30,72,4.0
30,73,3.0
30,74,4.0
30,75,3.0
30,76,4.0
30,77,2.0
30,78,2.0
30,79,2.0
30,80,3.0
30,81,5.0
30,82,4.0
30,83,5.0
30,84,5.0
30,85,5.0
30,86,5.0
30,87,4.0
30,88,5.0
30,89,4.0
30,90,5.0
30,91,6.0
30,92,2.0
30,93,2.0
30,94,3.0
30,95,3.0
30,96,5.0
30,97,4.0
30,98,5.0
30,99,4.0
30,100,4.0
30,101,3.0
30,102,4.0
30,103,6.0
30,104,6.0
30,105,2.0
30,106,2.0
30,107,3.0
30,108,5.0
30,109,5.0
30,110,5.0
30,111,4.0
30,112,5.0
30,113,4.0
30,114,5.0
30,115,5.0
30,116,5.0
30,117,5.0
30,118,4.0
30,119,4.0
30,120,5.0
30,121,4.0
30,122,4.0
30,123,5.0
30,124,3.0
30,125,3.0
30,126,3.0
30,127,3.0
30,128,5.0
30,129,3.0
30,130,3.0
30,131,3.0
30,132,4.0
30,133,4.0
30,134,4.0
30,135,4.0
30,136,5.0
30,137,5.0
30,138,5.0
30,139,5.0
30,140,5.0
30,141,5.0
30,142,4.0
30,143,3.0
30,144,3.0
30,145,5.0
30,146,3.0
30,147,5.0
30,148,5.0
30,149,3.0
30,150,6.0
30,151,6.0
30,152,3.0
30,153,3.0
30,154,5.0
30,155,3.0
30,156,4.0
30,157,5.0
30,158,5.0
30,159,2.0
30,160,4.0
30,161,3.0
30,162,3.0
30,163,5.0
30,164,3.0
30,165,5.0
30,166,3.0
30,167,5.0
30,168,2.0
30,169,3.0
30,170,5.0
30,171,5.0
30,172,5.0
30,173,3.0
30,174,4.0
30,175,3.0
30,176,5.0
30,177,4.0
30,178,4.0
30,179,4.0
30,180,4.0
30,181,4.0
30,182,5.0
30,183,3.0
30,184,3.0
30,185,4.0
30,186,4.0
30,187,4.0
30,188,3.0
30,189,5.0
30,190,4.0
30,191,4.0
30,192,4.0
30,193,5.0
30,194,5.0
30,195,4.0
30,196,5.0
30,197,5.0
30,198,5.0
30,199,4.0
30,200,4.0
30,201,4.0
30,202,5.0
30,203,4.0
30,204,4.0
30,205,4.0
30,206,3.0
30,207,4.0
30,208,5.0
30,209,3.0
30,210,4.0
30,211,5.0
30,212,5.0
30,213,3.0
30,214,5.0
30,215,4.0
30,216,6.0
30,217,3.0
30,218,5.0
30,219,3.0
30,220,4.0
30,221,5.0
30,222,3.0
30,223,4.0
30,224,3.0
30,225,3.0
30,226,4.0
30,227,3.0
30,228,4.0
30,229,4.0
30,230,2.0
30,231,3.0
30,232,4.0
30,233,5.0
30,234,5.0
30,235,3.0
30,236,3.0
30,237,5.0
30,238,5.0
30,239,3.0
30,240,5.0
30,241,3.0
30,242,3.0
30,243,5.0
30,244,3.0
30,245,3.0
30,246,3.0
30,247,3.0
30,248,3.0
30,249,4.0
30,250,5.0
30,251,4.0
30,252,4.0
30,253,3.0
30,254,6.0
30,255,5.0
30,256,5.0
30,257,5.0
30,258,5.0
30,259,4.0
30,260,3.0
30,261,3.0
30,262,4.0
30,263,5.0
30,264,5.0
30,265,5.0
30,266,3.0
30,267,3.0
30,268,4.0
30,269,5.0
30,270,5.0
30,271,2.0
30,272,2.0
30,273,3.0
30,274,4.0
30,275,3.0
30,276,3.0
30,277,4.0
30,278,5.0
30,279,5.0
30,280,4.0
30,281,5.0
30,282,3.0
30,283,6.0
30,284,3.0
30,285,3.0
30,286,5.0
30,287,5.0
30,288,3.0
30,289,3.0
30,290,4.0
30,291,5.0
30,292,3.0
30,293,5.0
30,294,5.0
30,295,3.0
30,296,5.0
30,297,3.0
30,298,3.0
30,299,3.0
30,300,5.0
30,301,5.0
30,302,3.0
30,303,3.0
30,304,6.0
30,305,5.0
30,306,2.0
30,307,4.0
30,308,5.0
30,309,5.0
30,310,3.0
30,311,5.0
30,312,4.0
30,313,3.0
30,314,3.0
30,315,4.0
30,316,4.0
30,317,5.0
30,318,4.0
30,319,3.0
30,320,4.0
30,321,3.0
30,322,4.0
30,323,5.0
30,324,2.0
30,325,4.0
30,326,3.0
30,327,4.0
30,328,3.0
30,329,5.0
30,330,3.0
30,331,5.0
30,332,3.0
30,333,6.0
30,334,4.0
30,335,5.0
30,336,5.0
30,337,3.0
30,338,5.0
30,339,4.0
30,340,5.0
30,341,5.0
30,342,3.0
30,343,3.0
30,344,3.0
30,345,5.0
30,346,4.0
30,347,3.0
30,348,5.0
30,349,5.0
30,350,2.0
30,351,3.0
30,352,4.0
30,353,5.0
30,354,3.0
30,355,3.0
30,356,5.0
30,357,3.0
30,358,3.0
30,359,4.0
30,360,5.0
30,361,2.0
30,362,3.0
30,363,5.0
30,364,5.0
30,365,5.0
30,366,2.0
30,367,3.0
30,368,3.0
30,369,5.0
30,370,3.0
30,371,3.0
30,372,3.0
30,373,5.0
30,374,3.0
30,375,5.0
30,376,4.0
30,377,3.0
31,32,3.0
31,33,2.0
31,34,3.0
31,35,5.0
31,36,4.0
31,37,6.0
31,38,3.0
31,39,4.0
31,40,4.0
31,41,5.0
31,42,6.0
31,43,3.0
31,44,4.0
31,45,4.0
31,46,4.0
31,47,3.0
31,48,5.0
31,49,5.0
31,50,4.0
31,51,4.0
31,52,3.0
31,53,4.0
31,54,3.0
31,55,3.0
31,56,6.0
31,57,5.0
31,58,4.0
31,59,5.0
31,60,4.0
31,61,3.0
31,62,4.0
31,63,3.0
31,64,4.0
31,65,4.0
31,66,4.0
31,67,4.0
31,68,5.0
31,69,6.0
31,70,6.0
31,71,5.0
31,72,4.0
31,73,4.0
31,74,5.0
31,75,4.0
31,76,5.0
31,77,2.0
31,78,3.0
31,79,3.0
31,80,4.0
31,81,6.0
31,82,4.0
31,83,5.0
31,84,5.0
31,85,5.0
31,86,7.0
31,87,4.0
31,88,6.0
31,89,4.0
31,90,6.0
31,91,5.0
31,92,3.0
31,93,4.0
31,94,3.0
31,95,4.0
31,96,5.0
31,97,4.0
31,98,5.0
31,99,5.0
31,100,4.0
31,101,5.0
31,102,4.0
31,103,5.0
31,104,5.0
31,105,3.0
31,106,3.0
31,107,3.0
31,108,6.0
31,109,6.0
31,110,6.0
31,111,4.0
31,112,5.0
31,113,4.0
31,114,5.0
31,115,5.0
31,116,5.0
31,117,6.0
31,118,5.0
31,119,4.0
31,120,6.0
31,121,5.0
31,122,4.0
31,123,4.0
31,124,2.0
31,125,2.0
31,126,4.0
31,127,4.0
31,128,5.0
31,129,4.0
31,130,4.0
31,131,4.0
31,132,4.0
31,133,4.0
31,134,4.0
31,135,4.0
31,136,6.0
31,137,6.0
31,138,6.0
31,139,5.0
31,140,6.0
31,141,6.0
31,142,5.0
31,143,3.0
31,144,3.0
31,145,7.0
31,146,4.0
31,147,6.0
31,148,6.0
31,149,4.0
31,150,5.0
31,151,5.0
31,152,4.0
31,153,5.0
31,154,6.0
31,155,4.0
31,156,6.0
31,157,5.0
31,158,5.0
31,159,2.0
31,160,5.0
31,161,2.0
31,162,4.0
31,163,5.0
31,164,4.0
31,165,5.0
31,166,3.0
31,167,5.0
31,168,3.0
31,169,5.0
31,170,5.0
31,171,6.0
31,172,5.0
31,173,4.0
31,174,4.0
31,175,2.0
31,176,4.0
31,177,5.0
31,178,5.0
31,179,5.0
31,180,3.0
31,181,3.0
31,182,4.0
31,183,3.0
31,184,3.0
31,185,4.0
31,186,5.0
31,187,5.0
31,188,3.0
31,189,4.0
31,190,4.0
31,191,4.0
31,192,4.0
31,193,4.0
31,194,5.0
31,195,5.0
31,196,6.0
31,197,6.0
31,198,6.0
31,199,5.0
31,200,5.0
31,201,5.0
31,202,6.0
31,203,5.0
31,204,5.0
31,205,5.0
31,206,5.0
31,207,3.0
31,208,5.0
31,209,5.0
31,210,6.0
31,211,6.0
31,212,6.0
31,213,4.0
31,214,6.0
31,215,6.0
31,216,5.0
31,217,3.0
31,218,4.0
31,219,3.0
31,220,5.0
31,221,6.0
31,222,3.0
31,223,4.0
31,224,4.0
31,225,5.0
31,226,4.0
31,227,5.0
31,228,3.0
31,229,4.0
31,230,3.0
31,231,5.0
31,232,5.0
31,233,5.0
31,234,6.0
31,235,5.0
31,236,4.0
31,237,6.0
31,238,6.0
31,239,4.0
31,240,6.0
31,241,4.0
31,242,5.0
31,243,6.0
31,244,3.0
31,245,3.0
31,246,3.0
31,247,4.0
31,248,3.0
31,249,5.0
31,250,5.0
31,251,3.0
31,252,5.0
31,253,5.0
31,254,5.0
31,255,4.0
31,256,6.0
31,257,6.0
31,258,7.0
31,259,4.0
31,260,4.0
31,261,4.0
31,262,5.0
31,263,6.0
31,264,6.0
31,265,4.0
31,266,4.0
31,267,5.0
31,268,5.0
31,269,6.0
31,270,5.0
31,271,3.0
31,272,3.0
31,273,5.0
31,274,4.0
31,275,4.0
31,276,5.0
31,277,4.0
31,278,6.0
31,279,6.0
31,280,6.0
31,281,4.0
31,282,3.0
31,283,5.0
31,284,3.0
31,285,2.0
31,286,6.0
31,287,5.0
31,288,4.0
31,289,4.0
31,290,3.0
31,291,3.0
31,292,5.0
31,293,5.0
31,294,5.0
31,295,4.0
31,296,6.0
31,297,4.0
31,298,3.0
31,299,3.0
31,300,6.0
31,301,6.0
31,302,4.0
31,303,3.0
31,304,5.0
31,305,4.0
31,306,3.0
31,307,4.0
31,308,6.0
31,309,6.0
31,310,4.0
31,311,6.0
31,312,4.0
31,313,5.0
31,314,4.0
31,315,4.0
31,316,5.0
31,317,5.0
31,318,3.0
31,319,4.0
31,320,4.0
31,321,4.0
31,322,5.0
31,323,6.0
31,324,3.0
31,325,4.0
31,326,5.0
31,327,4.0
31,328,3.0
31,329,7.0
31,330,5.0
31,331,6.0
31,332,3.0
31,333,5.0
31,334,4.0
31,335,5.0
31,336,4.0
31,337,4.0
31,338,6.0
31,339,5.0
31,340,6.0
31,341,4.0
31,342,5.0
31,343,3.0
31,344,4.0
31,345,6.0
31,346,5.0
31,347,4.0
31,348,5.0
31,349,6.0
31,350,3.0
31,351,4.0
31,352,5.0
31,353,6.0
31,354,3.0
31,355,3.0
31,356,6.0
31,357,4.0
31,358,5.0
31,359,4.0
31,360,6.0
31,361,3.0
31,362,5.0
31,363,4.0
31,364,5.0
31,365,5.0
31,366,3.0
31,367,4.0
31,368,3.0
31,369,4.0
31,370,4.0
31,371,4.0
31,372,4.0
31,373,5.0
31,374,5.0
31,375,4.0
31,376,5.0
31,377,3.0
32,33,2.0
32,34,7.0
32,35,2.0
32,36,3.0
32,37,2.0
32,38,2.0
32,39,1.0
32,40,2.0
32,41,2.0
32,42,2.0
32,43,2.0
32,44,2.0
32,45,2.0
32,46,2.0
32,47,5.0
32,48,3.0
32,49,1.0
32,50,2.0
32,51,2.0
32,52,5.0
32,53,2.0
32,54,4.0
32,55,4.0
32,56,2.0
32,57,2.0
32,58,3.0
32,59,4.0
32,60,1.0
32,61,2.0
32,62,2.0
32,63,6.0
32,64,3.0
32,65,3.0
32,66,3.0
32,67,3.0
32,68,4.0
32,69,2.0
32,70,2.0
32,71,4.0
32,72,3.0
32,73,3.0
32,74,2.0
32,75,2.0
32,76,2.0
32,77,5.0
32,78,4.0
32,79,4.0
32,80,4.0
32,81,2.0
32,82,5.0
32,83,2.0
32,84,2.0
32,85,2.0
32,86,3.0
32,87,5.0
32,88,2.0
32,89,3.0
32,90,2.0
32,91,2.0
32,92,3.0
32,93,3.0
32,94,1.0
32,95,3.0
32,96,2.0
32,97,2.0
32,98,2.0
32,99,1.0
32,100,2.0
32,101,4.0
32,102,2.0
32,103,2.0
32,104,2.0
32,105,3.0
32,106,3.0
32,107,5.0
32,108,2.0
32,109,2.0
32,110,2.0
32,111,3.0
32,112,2.0
32,113,3.0
32,114,2.0
32,115,2.0
32,116,2.0
32,117,2.0
32,118,2.0
32,119,2.0
32,120,2.0
32,121,2.0
32,122,2.0
32,123,2.0
32,124,1.0
32,125,1.0
32,126,3.0
32,127,3.0
32,128,2.0
32,129,3.0
32,130,3.0
32,131,3.0
32,132,2.0
32,133,2.0
32,134,2.0
32,135,2.0
32,136,3.0
32,137,3.0
32,138,3.0
32,139,2.0
32,140,2.0
32,141,2.0
32,142,2.0
32,143,6.0
32,144,6.0
32,145,3.0
32,146,3.0
32,147,3.0
32,148,3.0
32,149,3.0
32,150,2.0
32,151,2.0
32,152,1.0
32,153,2.0
32,154,2.0
32,155,3.0
32,156,3.0
32,157,2.0
32,158,2.0
32,159,0.0
32,160,3.0
32,161,1.0
32,162,3.0
32,163,2.0
32,164,3.0
32,165,2.0
32,166,2.0
32,167,2.0
32,168,3.0
32,169,4.0
32,170,2.0
32,171,2.0
32,172,2.0
32,173,3.0
32,174,2.0
32,175,1.0
32,176,1.0
32,177,2.0
32,178,2.0
32,179,3.0
32,180,2.0
32,181,2.0
32,182,1.0
32,183,2.0
32,184,2.0
32,185,2.0
32,186,3.0
32,187,3.0
32,188,2.0
32,189,1.0
32,190,1.0
32,191,1.0
32,192,1.0
32,193,2.0
32,194,2.0
32,195,1.0
32,196,2.0
32,197,2.0
32,198,2.0
32,199,3.0
32,200,3.0
32,201,3.0
32,202,2.0
32,203,2.0
32,204,1.0
32,205,1.0
32,206,3.0
32,207,2.0
32,208,2.0
32,209,4.0
32,210,2.0
32,211,2.0
32,212,2.0
32,213,3.0
32,214,2.0
32,215,3.0
32,216,2.0
32,217,2.0
32,218,1.0
32,219,2.0
32,220,2.0
32,221,2.0
32,222,1.0
32,223,2.0
32,224,3.0
32,225,4.0
32,226,1.0
32,227,4.0
32,228,2.0
32,229,2.0
32,230,2.0
32,231,4.0
32,232,2.0
32,233,2.0
32,234,2.0
32,235,4.0
32,236,2.0
32,237,2.0
32,238,2.0
32,239,5.0
32,240,2.0
32,241,3.0
32,242,4.0
32,243,2.0
32,244,2.0
32,245,1.0
32,246,2.0
32,247,4.0
32,248,3.0
32,249,2.0
32,250,2.0
32,251,2.0
32,252,1.0
32,253,4.0
32,254,2.0
32,255,1.0
32,256,2.0
32,257,2.0
32,258,3.0
32,259,2.0
32,260,3.0
32,261,5.0
32,262,2.0
32,263,2.0
32,264,2.0
32,265,1.0
32,266,2.0
32,267,4.0
32,268,2.0
32,269,2.0
32,270,2.0
32,271,2.0
32,272,4.0
32,273,4.0
32,274,2.0
32,275,3.0
32,276,4.0
32,277,5.0
32,278,2.0
32,279,2.0
32,280,2.0
32,281,1.0
32,282,2.0
32,283,2.0
32,284,6.0
32,285,2.0
32,286,2.0
32,287,2.0
32,288,2.0
32,289,3.0
32,290,3.0
32,291,2.0
32,292,4.0
32,293,2.0
32,294,2.0
32,295,3.0
32,296,2.0
32,297,4.0
32,298,2.0
32,299,2.0
32,300,2.0
32,301,2.0
32,302,5.0
32,303,6.0
32,304,2.0
32,305,1.0
32,306,3.0
32,307,5.0
32,308,2.0
32,309,2.0
32,310,5.0
32,311,2.0
32,312,2.0
32,313,4.0
32,314,4.0
32,315,2.0
32,316,2.0
32,317,2.0
32,318,2.0
32,319,3.0
32,320,5.0
32,321,3.0
32,322,2.0
32,323,2.0
32,324,4.0
32,325,2.0
32,326,4.0
32,327,2.0
32,328,2.0
32,329,3.0
32,330,4.0
32,331,3.0
32,332,1.0
32,333,2.0
32,334,2.0
32,335,2.0
32,336,1.0
32,337,3.0
32,338,2.0
32,339,2.0
32,340,2.0
32,341,1.0
32,342,4.0
32,343,2.0
32,344,4.0
32,345,2.0
32,346,2.0
32,347,3.0
32,348,2.0
32,349,2.0
32,350,3.0
32,351,3.0
32,352,4.0
32,353,2.0
32,354,6.0
32,355,3.0
32,356,2.0
32,357,3.0
32,358,4.0
32,359,2.0
32,360,2.0
32,361,4.0
32,362,4.0
32,363,2.0
32,364,2.0
32,365,2.0
32,366,4.0
32,367,4.0
32,368,2.0
32,369,1.0
32,370,3.0
32,371,3.0
32,372,3.0
32,373,2.0
32,374,4.0
32,375,3.0
32,376,2.0
32,377,2.0
33,34,2.0
33,35,4.0
33,36,4.0
33,37,2.0
33,38,6.0
33,39,2.0
33,40,3.0
33,41,3.0
33,42,2.0
33,43,4.0
33,44,4.0
33,45,5.0
33,46,5.0
33,47,3.0
33,48,2.0
33,49,2.0
33,50,5.0
33,51,5.0
33,52,3.0
33,53,2.0
33,54,4.0
33,55,4.0
33,56,2.0
33,57,2.0
33,58,2.0
33,59,3.0
33,60,2.0
33,61,4.0
33,62,4.0
33,63,3.0
33,64,5.0
33,65,2.0
33,66,2.0
33,67,2.0
33,68,3.0
33,69,3.0
33,70,3.0
33,71,3.0
33,72,2.0
33,73,3.0
33,74,3.0
33,75,5.0
33,76,2.0
33,77,2.0
33,78,3.0
33,79,3.0
33,80,4.0
33,81,3.0
33,82,3.0
33,83,3.0
33,84,3.0
33,85,3.0
33,86,2.0
33,87,3.0
33,88,3.0
33,89,2.0
33,90,3.0
33,91,2.0
33,92,5.0
33,93,1.0
33,94,4.0
33,95,3.0
33,96,3.0
33,97,4.0
33,98,3.0
33,99,2.0
33,100,4.0
33,101,3.0
33,102,4.0
33,103,2.0
33,104,3.0
33,105,3.0
33,106,3.0
33,107,2.0
33,108,2.0
33,109,2.0
33,110,3.0
33,111,4.0
33,112,3.0
33,113,4.0
33,114,3.0
33,115,3.0
33,116,3.0
33,117,3.0
33,118,2.0
33,119,4.0
33,120,3.0
33,121,2.0
33,122,4.0
33,123,2.0
33,124,1.0
33,125,1.0
33,126,3.0
33,127,3.0
33,128,3.0
33,129,3.0
33,130,3.0
33,131,3.0
33,132,3.0
33,133,3.0
33,134,3.0
33,135,3.0
33,136,2.0
33,137,2.0
33,138,2.0
33,139,3.0
33,140,3.0
33,141,3.0
33,142,2.0
33,143,2.0
33,144,2.0
33,145,2.0
33,146,3.0
33,147,2.0
33,148,2.0
33,149,3.0
33,150,3.0
33,151,3.0
33,152,2.0
33,153,2.0
33,154,2.0
33,155,3.0
33,156,3.0
33,157,2.0
33,158,2.0
33,159,2.0
33,160,3.0
33,161,1.0
33,162,3.0
33,163,2.0
33,164,3.0
33,165,2.0
33,166,7.0
33,167,2.0
33,168,4.0
33,169,2.0
33,170,2.0
33,171,3.0
33,172,2.0
33,173,3.0
33,174,3.0
33,175,1.0
33,176,2.0
33,177,3.0
33,178,3.0
33,179,4.0
33,180,2.0
33,181,2.0
33,182,1.0
33,183,5.0
33,184,5.0
33,185,3.0
33,186,2.0
33,187,2.0
33,188,4.0
33,189,2.0
33,190,2.0
33,191,2.0
33,192,2.0
33,193,2.0
33,194,2.0
33,195,2.0
33,196,3.0
33,197,3.0
33,198,3.0
33,199,2.0
33,200,2.0
33,201,2.0
33,202,3.0
33,203,3.0
33,204,2.0
33,205,2.0
33,206,3.0
33,207,6.0
33,208,2.0
33,209,3.0
33,210,1.0
33,211,3.0
33,212,2.0
33,213,3.0
33,214,3.0
33,215,3.0
33,216,2.0
33,217,5.0
33,218,2.0
33,219,6.0
33,220,3.0
33,221,3.0
33,222,3.0
33,223,1.0
33,224,3.0
33,225,3.0
33,226,3.0
33,227,3.0
33,228,5.0
33,229,2.0
33,230,3.0
33,231,3.0
33,232,3.0
33,233,3.0
33,234,3.0
33,235,3.0
33,236,2.0
33,237,3.0
33,238,3.0
33,239,4.0
33,240,3.0
33,241,3.0
33,242,3.0
33,243,3.0
33,244,1.0
33,245,2.0
33,246,5.0
33,247,4.0
33,248,5.0
33,249,2.0
33,250,2.0
33,251,5.0
33,252,2.0
33,253,3.0
33,254,2.0
33,255,2.0
33,256,3.0
33,257,3.0
33,258,2.0
33,259,2.0
33,260,3.0
33,261,4.0
33,262,3.0
33,263,3.0
33,264,3.0
33,265,2.0
33,266,5.0
33,267,3.0
33,268,3.0
33,269,3.0
33,270,2.0
33,271,1.0
33,272,4.0
33,273,3.0
33,274,4.0
33,275,3.0
33,276,3.0
33,277,3.0
33,278,3.0
33,279,3.0
33,280,1.0
33,281,2.0
33,282,5.0
33,283,2.0
33,284,2.0
33,285,2.0
33,286,3.0
33,287,3.0
33,288,2.0
33,289,3.0
33,290,3.0
33,291,2.0
33,292,3.0
33,293,3.0
33,294,2.0
33,295,3.0
33,296,3.0
33,297,4.0
33,298,5.0
33,299,5.0
33,300,3.0
33,301,3.0
33,302,4.0
33,303,2.0
33,304,2.0
33,305,2.0
33,306,5.0
33,307,3.0
33,308,2.0
33,309,3.0
33,310,4.0
33,311,3.0
33,312,2.0
33,313,3.0
33,314,4.0
33,315,4.0
33,316,2.0
33,317,2.0
33,318,6.0
33,319,2.0
33,320,3.0
33,321,3.0
33,322,3.0
33,323,3.0
33,324,4.0
33,325,4.0
33,326,3.0
33,327,2.0
33,328,1.0
33,329,2.0
33,330,3.0
33,331,2.0
33,332,2.0
33,333,2.0
33,334,3.0
33,335,3.0
33,336,2.0
33,337,2.0
33,338,3.0
33,339,2.0
33,340,3.0
33,341,2.0
33,342,2.0
33,343,1.0
33,344,4.0
33,345,3.0
33,346,3.0
33,347,3.0
33,348,2.0
33,349,3.0
33,350,5.0
33,351,3.0
33,352,2.0
33,353,3.0
33,354,2.0
33,355,4.0
33,356,3.0
33,357,3.0
33,358,3.0
33,359,4.0
33,360,3.0
33,361,4.0
33,362,3.0
33,363,4.0
33,364,2.0
33,365,3.0
33,366,4.0
33,367,4.0
33,368,6.0
33,369,2.0
33,370,5.0
33,371,3.0
33,372,3.0
33,373,2.0
33,374,3.0
33,375,4.0
33,376,3.0
33,377,5.0
34,35,2.0
34,36,3.0
34,37,2.0
34,38,2.0
34,39,1.0
34,40,2.0
34,41,2.0
34,42,2.0
34,43,2.0
34,44,2.0
34,45,2.0
34,46,2.0
34,47,5.0
34,48,3.0
34,49,1.0
34,50,2.0
34,51,2.0
34,52,5.0
34,53,2.0
34,54,4.0
34,55,4.0
34,56,2.0
34,57,2.0
34,58,3.0
34,59,4.0
34,60,1.0
34,61,2.0
34,62,2.0
34,63,6.0
34,64,3.0
34,65,3.0
34,66,3.0
34,67,3.0
34,68,4.0
34,69,2.0
34,70,2.0
34,71,4.0
34,72,3.0
34,73,3.0
34,74,2.0
34,75,2.0
34,76,2.0
34,77,5.0
34,78,4.0
34,79,4.0
34,80,4.0
34,81,2.0
34,82,5.0
34,83,2.0
34,84,2.0
34,85,2.0
34,86,3.0
34,87,5.0
34,88,2.0
34,89,3.0
34,90,2.0
34,91,2.0
34,92,3.0
34,93,3.0
34,94,1.0
34,95,3.0
34,96,2.0
34,97,2.0
34,98,2.0
34,99,1.0
34,100,2.0
34,101,4.0
34,102,2.0
34,103,2.0
34,104,2.0
34,105,3.0
34,106,3.0
34,107,5.0
34,108,2.0
34,109,2.0
34,110,2.0
34,111,3.0
34,112,2.0
34,113,3.0
34,114,2.0
34,115,2.0
34,116,2.0
34,117,2.0
34,118,2.0
34,119,2.0
34,120,2.0
34,121,2.0
34,122,2.0
34,123,2.0
34,124,1.0
34,125,1.0
34,126,3.0
34,127,3.0
34,128,2.0
34,129,3.0
34,130,3.0
34,131,3.0
34,132,2.0
34,133,2.0
34,134,2.0
34,135,2.0
34,136,3.0
34,137,3.0
34,138,3.0
34,139,2.0
34,140,2.0
34,141,2.0
34,142,2.0
34,143,6.0
34,144,6.0
34,145,3.0
34,146,3.0
34,147,3.0
34,148,3.0
34,149,3.0
34,150,2.0
34,151,2.0
34,152,1.0
34,153,2.0
34,154,2.0
34,155,3.0
34,156,3.0
34,157,2.0
34,158,2.0
34,159,0.0
34,160,3.0
34,161,1.0
34,162,3.0
34,163,2.0
34,164,3.0
34,165,2.0
34,166,2.0
34,167,2.0
34,168,3.0
34,169,4.0
34,170,2.0
34,171,2.0
34,172,2.0
34,173,3.0
34,174,2.0
34,175,1.0
34,176,1.0
34,177,2.0
34,178,2.0
34,179,3.0
34,180,2.0
34,181,2.0
34,182,1.0
34,183,2.0
34,184,2.0
34,185,2.0
34,186,3.0
34,187,3.0
34,188,2.0
34,189,1.0
34,190,1.0
34,191,1.0
34,192,1.0
34,193,2.0
34,194,2.0
34,195,1.0
34,196,2.0
34,197,2.0
34,198,2.0
34,199,3.0
34,200,3.0
34,201,3.0
34,202,2.0
34,203,2.0
34,204,1.0
34,205,1.0
34,206,3.0
34,207,2.0
34,208,2.0
34,209,4.0
34,210,2.0
34,211,2.0
34,212,2.0
34,213,3.0
34,214,2.0
34,215,3.0
34,216,2.0
34,217,2.0
34,218,1.0
34,219,2.0
34,220,2.0
34,221,2.0
34,222,1.0
34,223,2.0
34,224,3.0
34,225,4.0
34,226,1.0
34,227,4.0
34,228,2.0
34,229,2.0
34,230,2.0
34,231,4.0
34,232,2.0
34,233,2.0
34,234,2.0
34,235,4.0
34,236,2.0
34,237,2.0
34,238,2.0
34,239,5.0
34,240,2.0
34,241,3.0
34,242,4.0
34,243,2.0
34,244,2.0
34,245,1.0
34,246,2.0
34,247,4.0
34,248,3.0
34,249,2.0
34,250,2.0
34,251,2.0
34,252,1.0
34,253,4.0
34,254,2.0
34,255,1.0
34,256,2.0
34,257,2.0
34,258,3.0
34,259,2.0
34,260,3.0
34,261,5.0
34,262,2.0
34,263,2.0
34,264,2.0
34,265,1.0
34,266,2.0
34,267,4.0
34,268,2.0
34,269,2.0
34,270,2.0
34,271,2.0
34,272,4.0
34,273,4.0
34,274,2.0
34,275,3.0
34,276,4.0
34,277,5.0
34,278,2.0
34,279,2.0
34,280,2.0
34,281,1.0
34,282,2.0
34,283,2.0
34,284,6.0
34,285,2.0
34,286,2.0
34,287,2.0
34,288,2.0
34,289,3.0
34,290,3.0
34,291,2.0
34,292,4.0
34,293,2.0
34,294,2.0
34,295,3.0
34,296,2.0
34,297,4.0
34,298,2.0
34,299,2.0
34,300,2.0
34,301,2.0
34,302,5.0
34,303,6.0
34,304,2.0
34,305,1.0
34,306,3.0
34,307,5.0
34,308,2.0
34,309,2.0
34,310,5.0
34,311,2.0
34,312,2.0
34,313,4.0
34,314,4.0
34,315,2.0
34,316,2.0
34,317,2.0
34,318,2.0
34,319,3.0
34,320,5.0
34,321,3.0
34,322,2.0
34,323,2.0
34,324,4.0
34,325,2.0
34,326,4.0
34,327,2.0
34,328,2.0
34,329,3.0
34,330,4.0
34,331,3.0
34,332,1.0
34,333,2.0
34,334,2.0
34,335,2.0
34,336,1.0
34,337,3.0
34,338,2.0
34,339,2.0
34,340,2.0
34,341,1.0
34,342,4.0
34,343,2.0
34,344,4.0
34,345,2.0
34,346,2.0
34,347,3.0
34,348,2.0
34,349,2.0
34,350,3.0
34,351,3.0
34,352,4.0
34,353,2.0
34,354,6.0
34,355,3.0
34,356,2.0
34,357,3.0
34,358,4.0
34,359,2.0
34,360,2.0
34,361,4.0
34,362,4.0
34,363,2.0
34,364,2.0
34,365,2.0
34,366,4.0
34,367,4.0
34,368,2.0
34,369,1.0
34,370,3.0
34,371,3.0
34,372,3.0
34,373,2.0
34,374,4.0
34,375,3.0
34,376,2.0
34,377,2.0
35,36,5.0
35,37,5.0
35,38,5.0
35,39,3.0
35,40,4.0
35,41,4.0
35,42,5.0
35,43,3.0
35,44,4.0
35,45,5.0
35,46,5.0
35,47,2.0
35,48,4.0
35,49,4.0
35,50,5.0
35,51,5.0
35,52,2.0
35,53,4.0
35,54,3.0
35,55,3.0
35,56,5.0
35,57,4.0
35,58,3.0
35,59,4.0
35,60,4.0
35,61,5.0
35,62,4.0
35,63,3.0
35,64,5.0
35,65,3.0
35,66,3.0
35,67,3.0
35,68,4.0
35,69,5.0
35,70,5.0
35,71,4.0
35,72,4.0
35,73,3.0
35,74,5.0
35,75,5.0
35,76,3.0
35,77,1.0
35,78,3.0
35,79,3.0
35,80,3.0
35,81,5.0
35,82,3.0
35,83,5.0
35,84,5.0
35,85,5.0
35,86,5.0
35,87,3.0
35,88,5.0
35,89,2.0
35,90,5.0
35,91,4.0
35,92,4.0
35,93,2.0
35,94,4.0
35,95,4.0
35,96,4.0
35,97,4.0
35,98,4.0
35,99,4.0
35,100,4.0
35,101,4.0
35,102,4.0
35,103,4.0
35,104,5.0
35,105,2.0
35,106,2.0
35,107,1.0
35,108,5.0
35,109,5.0
35,110,5.0
35,111,6.0
35,112,5.0
35,113,6.0
35,114,5.0
35,115,5.0
35,116,5.0
35,117,5.0
35,118,4.0
35,119,6.0
35,120,5.0
35,121,4.0
35,122,6.0
35,123,4.0
35,124,2.0
35,125,2.0
35,126,3.0
35,127,3.0
35,128,5.0
35,129,3.0
35,130,3.0
35,131,3.0
35,132,5.0
35,133,5.0
35,134,5.0
35,135,5.0
35,136,4.0
35,137,4.0
35,138,4.0
35,139,5.0
35,140,5.0
35,141,5.0
35,142,4.0
35,143,2.0
35,144,2.0
35,145,5.0
35,146,4.0
35,147,4.0
35,148,4.0
35,149,4.0
35,150,5.0
35,151,5.0
35,152,5.0
35,153,3.0
35,154,5.0
35,155,4.0
35,156,4.0
35,157,4.0
35,158,4.0
35,159,3.0
35,160,6.0
35,161,2.0
35,162,3.0
35,163,4.0
35,164,4.0
35,165,4.0
35,166,3.0
35,167,4.0
35,168,3.0
35,169,3.0
35,170,4.0
35,171,5.0
35,172,4.0
35,173,3.0
35,174,4.0
35,175,2.0
35,176,4.0
35,177,6.0
35,178,6.0
35,179,5.0
35,180,3.0
35,181,3.0
35,182,3.0
35,183,4.0
35,184,4.0
35,185,4.0
35,186,4.0
35,187,4.0
35,188,5.0
35,189,4.0
35,190,4.0
35,191,4.0
35,192,4.0
35,193,4.0
35,194,4.0
35,195,4.0
35,196,5.0
35,197,5.0
35,198,5.0
35,199,3.0
35,200,3.0
35,201,3.0
35,202,5.0
35,203,4.0
35,204,4.0
35,205,4.0
35,206,4.0
35,207,5.0
35,208,4.0
35,209,4.0
35,210,4.0
35,211,5.0
35,212,5.0
35,213,3.0
35,214,5.0
35,215,6.0
35,216,4.0
35,217,4.0
35,218,4.0
35,219,4.0
35,220,4.0
35,221,5.0
35,222,4.0
35,223,3.0
35,224,3.0
35,225,4.0
35,226,4.0
35,227,4.0
35,228,4.0
35,229,3.0
35,230,3.0
35,231,4.0
35,232,6.0
35,233,5.0
35,234,5.0
35,235,4.0
35,236,4.0
35,237,5.0
35,238,5.0
35,239,4.0
35,240,5.0
35,241,3.0
35,242,4.0
35,243,5.0
35,244,1.0
35,245,3.0
35,246,4.0
35,247,3.0
35,248,5.0
35,249,4.0
35,250,4.0
35,251,4.0
35,252,4.0
35,253,4.0
35,254,4.0
35,255,4.0
35,256,5.0
35,257,5.0
35,258,5.0
35,259,3.0
35,260,3.0
35,261,4.0
35,262,4.0
35,263,5.0
35,264,5.0
35,265,4.0
35,266,5.0
35,267,4.0
35,268,4.0
35,269,5.0
35,270,4.0
35,271,2.0
35,272,3.0
35,273,4.0
35,274,6.0
35,275,3.0
35,276,4.0
35,277,3.0
35,278,5.0
35,279,5.0
35,280,4.0
35,281,4.0
35,282,4.0
35,283,4.0
35,284,2.0
35,285,2.0
35,286,5.0
35,287,4.0
35,288,3.0
35,289,3.0
35,290,3.0
35,291,3.0
35,292,4.0
35,293,5.0
35,294,4.0
35,295,3.0
35,296,5.0
35,297,3.0
35,298,5.0
35,299,4.0
35,300,5.0
35,301,5.0
35,302,4.0
35,303,2.0
35,304,4.0
35,305,4.0
35,306,3.0
35,307,3.0
35,308,5.0
35,309,5.0
35,310,4.0
35,311,5.0
35,312,3.0
35,313,4.0
35,314,3.0
35,315,6.0
35,316,4.0
35,317,4.0
35,318,5.0
35,319,3.0
35,320,3.0
35,321,3.0
35,322,4.0
35,323,5.0
35,324,3.0
35,325,4.0
35,326,4.0
35,327,3.0
35,328,1.0
35,329,5.0
35,330,4.0
35,331,4.0
35,332,4.0
35,333,4.0
35,334,4.0
35,335,5.0
35,336,3.0
35,337,2.0
35,338,5.0
35,339,4.0
35,340,5.0
35,341,4.0
35,342,3.0
35,343,1.0
35,344,3.0
35,345,5.0
35,346,4.0
35,347,3.0
35,348,4.0
35,349,5.0
35,350,3.0
35,351,3.0
35,352,3.0
35,353,5.0
35,354,2.0
35,355,5.0
35,356,5.0
35,357,4.0
35,358,4.0
35,359,6.0
35,360,5.0
35,361,3.0
35,362,4.0
35,363,5.0
35,364,4.0
35,365,4.0
35,366,3.0
35,367,3.0
35,368,4.0
35,369,4.0
35,370,3.0
35,371,3.0
35,372,3.0
35,373,4.0
35,374,4.0
35,375,5.0
35,376,4.0
35,377,4.0
36,37,4.0
36,38,3.0
36,39,3.0
36,40,4.0
36,41,4.0
36,42,4.0
36,43,3.0
36,44,4.0
36,45,4.0
36,46,4.0
36,47,2.0
36,48,4.0
36,49,4.0
36,50,4.0
36,51,4.0
36,52,2.0
36,53,3.0
36,54,3.0
36,55,3.0
36,56,4.0
36,57,4.0
36,58,3.0
36,59,4.0
36,60,2.0
36,61,4.0
36,62,4.0
36,63,3.0
36,64,3.0
36,65,2.0
36,66,2.0
36,67,3.0
36,68,4.0
36,69,4.0
36,70,4.0
36,71,4.0
36,72,4.0
36,73,3.0
36,74,4.0
36,75,4.0
36,76,2.0
36,77,1.0
36,78,2.0
36,79,2.0
36,80,3.0
36,81,5.0
36,82,3.0
36,83,4.0
36,84,4.0
36,85,4.0
36,86,4.0
36,87,3.0
36,88,5.0
36,89,2.0
36,90,4.0
36,91,3.0
36,92,3.0
36,93,2.0
36,94,2.0
36,95,3.0
36,96,3.0
36,97,4.0
36,98,3.0
36,99,4.0
36,100,4.0
36,101,4.0
36,102,4.0
36,103,3.0
36,104,4.0
36,105,1.0
36,106,1.0
36,107,1.0
36,108,4.0
36,109,4.0
36,110,4.0
36,111,4.0
36,112,4.0
36,113,4.0
36,114,4.0
36,115,4.0
36,116,4.0
36,117,4.0
36,118,3.0
36,119,4.0
36,120,4.0
36,121,3.0
36,122,4.0
36,123,4.0
36,124,1.0
36,125,1.0
36,126,3.0
36,127,3.0
36,128,4.0
36,129,3.0
36,130,3.0
36,131,3.0
36,132,4.0
36,133,4.0
36,134,4.0
36,135,4.0
36,136,3.0
36,137,3.0
36,138,3.0
36,139,4.0
36,140,4.0
36,141,4.0
36,142,4.0
36,143,2.0
36,144,2.0
36,145,4.0
36,146,4.0
36,147,3.0
36,148,3.0
36,149,4.0
36,150,4.0
36,151,4.0
36,152,3.0
36,153,4.0
36,154,4.0
36,155,4.0
36,156,4.0
36,157,3.0
36,158,3.0
36,159,2.0
36,160,5.0
36,161,1.0
36,162,3.0
36,163,3.0
36,164,3.0
36,165,3.0
36,166,4.0
36,167,3.0
36,168,4.0
36,169,3.0
36,170,3.0
36,171,4.0
36,172,3.0
36,173,3.0
36,174,4.0
36,175,1.0
36,176,2.0
36,177,5.0
36,178,5.0
36,179,4.0
36,180,3.0
36,181,3.0
36,182,2.0
36,183,3.0
36,184,3.0
36,185,4.0
36,186,3.0
36,187,3.0
36,188,4.0
36,189,2.0
36,190,4.0
36,191,4.0
36,192,4.0
36,193,4.0
36,194,3.0
36,195,4.0
36,196,4.0
36,197,4.0
36,198,4.0
36,199,2.0
36,200,2.0
36,201,2.0
36,202,4.0
36,203,4.0
36,204,4.0
36,205,4.0
36,206,4.0
36,207,3.0
36,208,3.0
36,209,4.0
36,210,3.0
36,211,4.0
36,212,4.0
36,213,3.0
36,214,4.0
36,215,5.0
36,216,3.0
36,217,3.0
36,218,2.0
36,219,4.0
36,220,3.0
36,221,4.0
36,222,3.0
36,223,3.0
36,224,3.0
36,225,4.0
36,226,3.0
36,227,4.0
36,228,3.0
36,229,2.0
36,230,2.0
36,231,4.0
36,232,5.0
36,233,4.0
36,234,5.0
36,235,4.0
36,236,3.0
36,237,4.0
36,238,5.0
36,239,4.0
36,240,4.0
36,241,3.0
36,242,4.0
36,243,4.0
36,244,1.0
36,245,4.0
36,246,3.0
36,247,3.0
36,248,4.0
36,249,4.0
36,250,4.0
36,251,3.0
36,252,4.0
36,253,4.0
36,254,3.0
36,255,2.0
36,256,5.0
36,257,4.0
36,258,4.0
36,259,2.0
36,260,3.0
36,261,4.0
36,262,4.0
36,263,4.0
36,264,4.0
36,265,2.0
36,266,4.0
36,267,4.0
36,268,3.0
36,269,4.0
36,270,3.0
36,271,1.0
36,272,3.0
36,273,4.0
36,274,4.0
36,275,3.0
36,276,4.0
36,277,3.0
36,278,4.0
36,279,5.0
36,280,3.0
36,281,2.0
36,282,3.0
36,283,3.0
36,284,2.0
36,285,1.0
36,286,4.0
36,287,3.0
36,288,2.0
36,289,3.0
36,290,3.0
36,291,2.0
36,292,4.0
36,293,4.0
36,294,3.0
36,295,3.0
36,296,4.0
36,297,3.0
36,298,3.0
36,299,3.0
36,300,4.0
36,301,4.0
36,302,4.0
36,303,2.0
36,304,3.0
36,305,2.0
36,306,3.0
36,307,3.0
36,308,4.0
36,309,4.0
36,310,4.0
36,311,4.0
36,312,2.0
36,313,4.0
36,314,3.0
36,315,4.0
36,316,4.0
36,317,3.0
36,318,3.0
36,319,3.0
36,320,3.0
36,321,3.0
36,322,3.0
36,323,4.0
36,324,3.0
36,325,4.0
36,326,4.0
36,327,2.0
36,328,1.0
36,329,4.0
36,330,4.0
36,331,3.0
36,332,3.0
36,333,3.0
36,334,4.0
36,335,4.0
36,336,3.0
36,337,2.0
36,338,4.0
36,339,3.0
36,340,4.0
36,341,2.0
36,342,3.0
36,343,1.0
36,344,3.0
36,345,5.0
36,346,4.0
36,347,3.0
36,348,4.0
36,349,4.0
36,350,3.0
36,351,3.0
36,352,3.0
36,353,4.0
36,354,2.0
36,355,4.0
36,356,4.0
36,357,4.0
36,358,4.0
36,359,4.0
36,360,4.0
36,361,3.0
36,362,4.0
36,363,4.0
36,364,3.0
36,365,3.0
36,366,3.0
36,367,3.0
36,368,4.0
36,369,2.0
36,370,3.0
36,371,3.0
36,372,3.0
36,373,3.0
36,374,4.0
36,375,4.0
36,376,4.0
36,377,3.0
37,38,3.0
37,39,4.0
37,40,4.0
37,41,5.0
37,42,6.0
37,43,2.0
37,44,4.0
37,45,4.0
37,46,4.0
37,47,2.0
37,48,5.0
37,49,5.0
37,50,4.0
37,51,4.0
37,52,2.0
37,53,4.0
37,54,2.0
37,55,2.0
37,56,6.0
37,57,5.0
37,58,4.0
37,59,4.0
37,60,4.0
37,61,3.0
37,62,4.0
37,63,2.0
37,64,3.0
37,65,4.0
37,66,4.0
37,67,4.0
37,68,4.0
37,69,6.0
37,70,6.0
37,71,4.0
37,72,4.0
37,73,3.0
37,74,5.0
37,75,4.0
37,76,5.0
37,77,1.0
37,78,3.0
37,79,3.0
37,80,3.0
37,81,6.0
37,82,3.0
37,83,5.0
37,84,5.0
37,85,5.0
37,86,6.0
37,87,3.0
37,88,6.0
37,89,4.0
37,90,6.0
37,91,5.0
37,92,3.0
37,93,4.0
37,94,3.0
37,95,3.0
37,96,5.0
37,97,4.0
37,98,5.0
37,99,5.0
37,100,4.0
37,101,4.0
37,102,4.0
37,103,5.0
37,104,5.0
37,105,3.0
37,106,3.0
37,107,2.0
37,108,6.0
37,109,6.0
37,110,6.0
37,111,4.0
37,112,5.0
37,113,4.0
37,114,5.0
37,115,5.0
37,116,5.0
37,117,6.0
37,118,5.0
37,119,4.0
37,120,6.0
37,121,5.0
37,122,4.0
37,123,4.0
37,124,2.0
37,125,2.0
37,126,3.0
37,127,3.0
37,128,5.0
37,129,3.0
37,130,3.0
37,131,3.0
37,132,4.0
37,133,4.0
37,134,4.0
37,135,4.0
37,136,5.0
37,137,5.0
37,138,5.0
37,139,5.0
37,140,6.0
37,141,6.0
37,142,6.0
37,143,2.0
37,144,2.0
37,145,6.0
37,146,3.0
37,147,5.0
37,148,5.0
37,149,3.0
37,150,5.0
37,151,5.0
37,152,4.0
37,153,5.0
37,154,6.0
37,155,5.0
37,156,6.0
37,157,5.0
37,158,5.0
37,159,2.0
37,160,6.0
37,161,2.0
37,162,3.0
37,163,5.0
37,164,3.0
37,165,5.0
37,166,3.0
37,167,5.0
37,168,3.0
37,169,4.0
37,170,5.0
37,171,6.0
37,172,5.0
37,173,4.0
37,174,4.0
37,175,2.0
37,176,4.0
37,177,5.0
37,178,5.0
37,179,5.0
37,180,3.0
37,181,3.0
37,182,4.0
37,183,3.0
37,184,3.0
37,185,4.0
37,186,5.0
37,187,5.0
37,188,3.0
37,189,4.0
37,190,4.0
37,191,4.0
37,192,4.0
37,193,4.0
37,194,5.0
37,195,5.0
37,196,6.0
37,197,6.0
37,198,6.0
37,199,5.0
37,200,5.0
37,201,5.0
37,202,6.0
37,203,5.0
37,204,5.0
37,205,5.0
37,206,4.0
37,207,3.0
37,208,5.0
37,209,4.0
37,210,6.0
37,211,6.0
37,212,6.0
37,213,3.0
37,214,6.0
37,215,5.0
37,216,5.0
37,217,3.0
37,218,4.0
37,219,3.0
37,220,5.0
37,221,6.0
37,222,4.0
37,223,4.0
37,224,3.0
37,225,4.0
37,226,4.0
37,227,4.0
37,228,3.0
37,229,4.0
37,230,2.0
37,231,4.0
37,232,5.0
37,233,5.0
37,234,6.0
37,235,4.0
37,236,4.0
37,237,6.0
37,238,6.0
37,239,3.0
37,240,6.0
37,241,3.0
37,242,4.0
37,243,6.0
37,244,3.0
37,245,3.0
37,246,3.0
37,247,3.0
37,248,3.0
37,249,5.0
37,250,5.0
37,251,3.0
37,252,5.0
37,253,4.0
37,254,5.0
37,255,4.0
37,256,6.0
37,257,6.0
37,258,6.0
37,259,4.0
37,260,3.0
37,261,3.0
37,262,5.0
37,263,6.0
37,264,6.0
37,265,4.0
37,266,4.0
37,267,4.0
37,268,5.0
37,269,6.0
37,270,5.0
37,271,3.0
37,272,2.0
37,273,4.0
37,274,4.0
37,275,3.0
37,276,4.0
37,277,3.0
37,278,6.0
37,279,6.0
37,280,6.0
37,281,4.0
37,282,3.0
37,283,5.0
37,284,2.0
37,285,2.0
37,286,6.0
37,287,5.0
37,288,4.0
37,289,3.0
37,290,3.0
37,291,3.0
37,292,4.0
37,293,5.0
37,294,5.0
37,295,3.0
37,296,6.0
37,297,3.0
37,298,3.0
37,299,3.0
37,300,6.0
37,301,6.0
37,302,3.0
37,303,2.0
37,304,5.0
37,305,4.0
37,306,2.0
37,307,3.0
37,308,7.0
37,309,6.0
37,310,3.0
37,311,6.0
37,312,4.0
37,313,4.0
37,314,3.0
37,315,4.0
37,316,5.0
37,317,5.0
37,318,3.0
37,319,4.0
37,320,3.0
37,321,3.0
37,322,5.0
37,323,6.0
37,324,2.0
37,325,4.0
37,326,4.0
37,327,4.0
37,328,3.0
37,329,6.0
37,330,4.0
37,331,5.0
37,332,3.0
37,333,5.0
37,334,4.0
37,335,5.0
37,336,4.0
37,337,3.0
37,338,6.0
37,339,5.0
37,340,6.0
37,341,4.0
37,342,4.0
37,343,3.0
37,344,3.0
37,345,6.0
37,346,5.0
37,347,3.0
37,348,5.0
37,349,6.0
37,350,2.0
37,351,3.0
37,352,4.0
37,353,6.0
37,354,2.0
37,355,3.0
37,356,6.0
37,357,4.0
37,358,4.0
37,359,4.0
37,360,6.0
37,361,2.0
37,362,4.0
37,363,4.0
37,364,5.0
37,365,5.0
37,366,2.0
37,367,3.0
37,368,3.0
37,369,4.0
37,370,3.0
37,371,3.0
37,372,3.0
37,373,5.0
37,374,4.0
37,375,4.0
37,376,5.0
37,377,3.0
38,39,3.0
38,40,3.0
38,41,3.0
38,42,3.0
38,43,3.0
38,44,4.0
38,45,5.0
38,46,5.0
38,47,3.0
38,48,4.0
38,49,3.0
38,50,5.0
38,51,5.0
38,52,3.0
38,53,3.0
38,54,4.0
38,55,4.0
38,56,3.0
38,57,3.0
38,58,2.0
38,59,3.0
38,60,3.0
38,61,4.0
38,62,4.0
38,63,3.0
38,64,6.0
38,65,2.0
38,66,2.0
38,67,2.0
38,68,3.0
38,69,4.0
38,70,4.0
38,71,3.0
38,72,3.0
38,73,3.0
38,74,4.0
38,75,5.0
38,76,4.0
38,77,2.0
38,78,3.0
38,79,3.0
38,80,4.0
38,81,3.0
38,82,3.0
38,83,4.0
38,84,4.0
38,85,4.0
38,86,3.0
38,87,3.0
38,88,3.0
38,89,2.0
38,90,4.0
38,91,3.0
38,92,6.0
38,93,2.0
38,94,7.0
38,95,3.0
38,96,4.0
38,97,4.0
38,98,4.0
38,99,3.0
38,100,4.0
38,101,3.0
38,102,4.0
38,103,3.0
38,104,4.0
38,105,3.0
38,106,3.0
38,107,2.0
38,108,3.0
38,109,4.0
38,110,4.0
38,111,5.0
38,112,4.0
38,113,5.0
38,114,4.0
38,115,4.0
38,116,4.0
38,117,4.0
38,118,4.0
38,119,5.0
38,120,4.0
38,121,4.0
38,122,5.0
38,123,2.0
38,124,2.0
38,125,2.0
38,126,3.0
38,127,3.0
38,128,4.0
38,129,3.0
38,130,3.0
38,131,3.0
38,132,5.0
38,133,5.0
38,134,5.0
38,135,5.0
38,136,4.0
38,137,4.0
38,138,4.0
38,139,4.0
38,140,4.0
38,141,4.0
38,142,2.0
38,143,2.0
38,144,2.0
38,145,3.0
38,146,3.0
38,147,4.0
38,148,4.0
38,149,3.0
38,150,4.0
38,151,4.0
38,152,3.0
38,153,2.0
38,154,3.0
38,155,3.0
38,156,3.0
38,157,3.0
38,158,3.0
38,159,4.0
38,160,4.0
38,161,2.0
38,162,3.0
38,163,3.0
38,164,3.0
38,165,4.0
38,166,5.0
38,167,3.0
38,168,5.0
38,169,2.0
38,170,3.0
38,171,4.0
38,172,3.0
38,173,3.0
38,174,3.0
38,175,2.0
38,176,3.0
38,177,4.0
38,178,4.0
38,179,5.0
38,180,2.0
38,181,2.0
38,182,3.0
38,183,6.0
38,184,6.0
38,185,3.0
38,186,3.0
38,187,3.0
38,188,4.0
38,189,3.0
38,190,3.0
38,191,3.0
38,192,3.0
38,193,2.0
38,194,3.0
38,195,3.0
38,196,4.0
38,197,4.0
38,198,4.0
38,199,4.0
38,200,4.0
38,201,4.0
38,202,4.0
38,203,3.0
38,204,3.0
38,205,3.0
38,206,3.0
38,207,7.0
38,208,3.0
38,209,3.0
38,210,3.0
38,211,4.0
38,212,4.0
38,213,3.0
38,214,4.0
38,215,4.0
38,216,3.0
38,217,6.0
38,218,3.0
38,219,6.0
38,220,3.0
38,221,4.0
38,222,4.0
38,223,2.0
38,224,3.0
38,225,3.0
38,226,4.0
38,227,3.0
38,228,7.0
38,229,4.0
38,230,4.0
38,231,3.0
38,232,4.0
38,233,4.0
38,234,3.0
38,235,3.0
38,236,3.0
38,237,4.0
38,238,3.0
38,239,4.0
38,240,4.0
38,241,3.0
38,242,3.0
38,243,4.0
38,244,2.0
38,245,2.0
38,246,6.0
38,247,4.0
38,248,5.0
38,249,2.0
38,250,2.0
38,251,7.0
38,252,3.0
38,253,3.0
38,254,3.0
38,255,3.0
38,256,3.0
38,257,4.0
38,258,3.0
38,259,4.0
38,260,3.0
38,261,4.0
38,262,3.0
38,263,4.0
38,264,4.0
38,265,3.0
38,266,5.0
38,267,3.0
38,268,3.0
38,269,4.0
38,270,3.0
38,271,3.0
38,272,4.0
38,273,3.0
38,274,5.0
38,275,3.0
38,276,3.0
38,277,3.0
38,278,4.0
38,279,3.0
38,280,3.0
38,281,3.0
38,282,6.0
38,283,3.0
38,284,2.0
38,285,2.0
38,286,4.0
38,287,4.0
38,288,3.0
38,289,3.0
38,290,3.0
38,291,3.0
38,292,3.0
38,293,4.0
38,294,3.0
38,295,3.0
38,296,4.0
38,297,4.0
38,298,7.0
38,299,6.0
38,300,4.0
38,301,4.0
38,302,4.0
38,303,2.0
38,304,3.0
38,305,3.0
38,306,5.0
38,307,3.0
38,308,3.0
38,309,4.0
38,310,4.0
38,311,4.0
38,312,4.0
38,313,3.0
38,314,4.0
38,315,5.0
38,316,2.0
38,317,3.0
38,318,7.0
38,319,3.0
38,320,3.0
38,321,3.0
38,322,3.0
38,323,4.0
38,324,4.0
38,325,4.0
38,326,3.0
38,327,4.0
38,328,2.0
38,329,3.0
38,330,3.0
38,331,4.0
38,332,4.0
38,333,3.0
38,334,3.0
38,335,4.0
38,336,3.0
38,337,2.0
38,338,4.0
38,339,4.0
38,340,4.0
38,341,3.0
38,342,2.0
38,343,2.0
38,344,4.0
38,345,3.0
38,346,3.0
38,347,3.0
38,348,2.0
38,349,4.0
38,350,5.0
38,351,3.0
38,352,2.0
38,353,4.0
38,354,2.0
38,355,4.0
38,356,4.0
38,357,3.0
38,358,3.0
38,359,5.0
38,360,4.0
38,361,4.0
38,362,3.0
38,363,5.0
38,364,4.0
38,365,4.0
38,366,4.0
38,367,4.0
38,368,7.0
38,369,3.0
38,370,5.0
38,371,3.0
38,372,3.0
38,373,3.0
38,374,3.0
38,375,5.0
38,376,3.0
38,377,6.0
39,40,4.0
39,41,3.0
39,42,4.0
39,43,2.0
39,44,3.0
39,45,3.0
39,46,3.0
39,47,1.0
39,48,4.0
39,49,5.0
39,50,3.0
39,51,3.0
39,52,1.0
39,53,4.0
39,54,1.0
39,55,1.0
39,56,4.0
39,57,4.0
39,58,2.0
39,59,3.0
39,60,6.0
39,61,3.0
39,62,3.0
39,63,1.0
39,64,2.0
39,65,3.0
39,66,3.0
39,67,3.0
39,68,3.0
39,69,4.0
39,70,4.0
39,71,3.0
39,72,4.0
39,73,2.0
39,74,4.0
39,75,3.0
39,76,5.0
39,77,0.0
39,78,2.0
39,79,2.0
39,80,2.0
39,81,5.0
39,82,2.0
39,83,4.0
39,84,4.0
39,85,4.0
39,86,4.0
39,87,2.0
39,88,5.0
39,89,4.0
39,90,4.0
39,91,6.0
39,92,2.0
39,93,3.0
39,94,3.0
39,95,3.0
39,96,4.0
39,97,4.0
39,98,4.0
39,99,5.0
39,100,3.0
39,101,3.0
39,102,3.0
39,103,6.0
39,104,5.0
39,105,2.0
39,106,2.0
39,107,1.0
39,108,4.0
39,109,5.0
39,110,4.0
39,111,3.0
39,112,5.0
39,113,3.0
39,114,4.0
39,115,4.0
39,116,4.0
39,117,4.0
39,118,5.0
39,119,3.0
39,120,4.0
39,121,5.0
39,122,3.0
39,123,5.0
39,124,4.0
39,125,4.0
39,126,2.0
39,127,2.0
39,128,4.0
39,129,2.0
39,130,2.0
39,131,2.0
39,132,4.0
39,133,4.0
39,134,4.0
39,135,4.0
39,136,4.0
39,137,4.0
39,138,4.0
39,139,4.0
39,140,4.0
39,141,4.0
39,142,4.0
39,143,1.0
39,144,1.0
39,145,4.0
39,146,3.0
39,147,4.0
39,148,4.0
39,149,3.0
39,150,5.0
39,151,5.0
39,152,4.0
39,153,3.0
39,154,4.0
39,155,3.0
39,156,3.0
39,157,5.0
39,158,5.0
39,159,3.0
39,160,3.0
39,161,4.0
39,162,2.0
39,163,5.0
39,164,2.0
39,165,5.0
39,166,3.0
39,167,5.0
39,168,2.0
39,169,3.0
39,170,5.0
39,171,4.0
39,172,5.0
39,173,2.0
39,174,3.0
39,175,4.0
39,176,6.0
39,177,4.0
39,178,4.0
39,179,3.0
39,180,4.0
39,181,4.0
39,182,6.0
39,183,2.0
39,184,2.0
39,185,3.0
39,186,3.0
39,187,3.0
39,188,3.0
39,189,6.0
39,190,4.0
39,191,4.0
39,192,4.0
39,193,4.0
39,194,5.0
39,195,5.0
39,196,4.0
39,197,4.0
39,198,4.0
39,199,4.0
39,200,4.0
39,201,4.0
39,202,4.0
39,203,3.0
39,204,5.0
39,205,5.0
39,206,3.0
39,207,3.0
39,208,5.0
39,209,3.0
39,210,4.0
39,211,4.0
39,212,5.0
39,213,2.0
39,214,4.0
39,215,3.0
39,216,6.0
39,217,2.0
39,218,6.0
39,219,3.0
39,220,3.0
39,221,4.0
39,222,2.0
39,223,4.0
39,224,2.0
39,225,3.0
39,226,3.0
39,227,3.0
39,228,3.0
39,229,5.0
39,230,1.0
39,231,3.0
39,232,3.0
39,233,5.0
39,234,5.0
39,235,3.0
39,236,4.0
39,237,4.0
39,238,5.0
39,239,2.0
39,240,4.0
39,241,2.0
39,242,3.0
39,243,4.0
39,244,2.0
39,245,3.0
39,246,2.0
39,247,2.0
39,248,2.0
39,249,4.0
39,250,3.0
39,251,3.0
39,252,5.0
39,253,3.0
39,254,6.0
39,255,6.0
39,256,5.0
39,257,4.0
39,258,4.0
39,259,5.0
39,260,2.0
39,261,2.0
39,262,3.0
39,263,4.0
39,264,4.0
39,265,6.0
39,266,3.0
39,267,3.0
39,268,3.0
39,269,4.0
39,270,5.0
39,271,3.0
39,272,1.0
39,273,3.0
39,274,3.0
39,275,2.0
39,276,3.0
39,277,2.0
39,278,4.0
39,279,5.0
39,280,4.0
39,281,6.0
39,282,2.0
39,283,6.0
39,284,1.0
39,285,3.0
39,286,4.0
39,287,5.0
39,288,3.0
39,289,2.0
39,290,3.0
39,291,4.0
39,292,3.0
39,293,5.0
39,294,5.0
39,295,2.0
39,296,4.0
39,297,2.0
39,298,3.0
39,299,2.0
39,300,4.0
39,301,4.0
39,302,2.0
39,303,1.0
39,304,6.0
39,305,6.0
39,306,1.0
39,307,2.0
39,308,4.0
39,309,4.0
39,310,2.0
39,311,4.0
39,312,5.0
39,313,3.0
39,314,2.0
39,315,3.0
39,316,4.0
39,317,5.0
39,318,3.0
39,319,4.0
39,320,2.0
39,321,2.0
39,322,3.0
39,323,4.0
39,324,1.0
39,325,3.0
39,326,3.0
39,327,5.0
39,328,2.0
39,329,4.0
39,330,3.0
39,331,4.0
39,332,4.0
39,333,6.0
39,334,3.0
39,335,4.0
39,336,7.0
39,337,2.0
39,338,4.0
39,339,5.0
39,340,4.0
39,341,6.0
39,342,3.0
39,343,2.0
39,344,2.0
39,345,5.0
39,346,4.0
39,347,2.0
39,348,3.0
39,349,4.0
39,350,2.0
39,351,2.0
39,352,3.0
39,353,4.0
39,354,1.0
39,355,3.0
39,356,4.0
39,357,3.0
39,358,3.0
39,359,3.0
39,360,4.0
39,361,1.0
39,362,3.0
39,363,4.0
39,364,5.0
39,365,5.0
39,366,1.0
39,367,2.0
39,368,3.0
39,369,6.0
39,370,2.0
39,371,2.0
39,372,2.0
39,373,5.0
39,374,3.0
39,375,4.0
39,376,3.0
39,377,2.0
40,41,5.0
40,42,4.0
40,43,3.0
40,44,4.0
40,45,5.0
40,46,5.0
40,47,3.0
40,48,3.0
40,49,4.0
40,50,5.0
40,51,5.0
40,52,3.0
40,53,3.0
40,54,3.0
40,55,3.0
40,56,4.0
40,57,4.0
40,58,4.0
40,59,5.0
40,60,3.0
40,61,4.0
40,62,4.0
40,63,3.0
40,64,3.0
40,65,3.0
40,66,3.0
40,67,4.0
40,68,5.0
40,69,5.0
40,70,5.0
40,71,5.0
40,72,2.0
40,73,4.0
40,74,3.0
40,75,5.0
40,76,3.0
40,77,1.0
40,78,2.0
40,79,2.0
40,80,4.0
40,81,5.0
40,82,3.0
40,83,4.0
40,84,4.0
40,85,4.0
40,86,4.0
40,87,3.0
40,88,5.0
40,89,2.0
40,90,5.0
40,91,4.0
40,92,3.0
40,93,3.0
40,94,3.0
40,95,3.0
40,96,3.0
40,97,5.0
40,98,3.0
40,99,4.0
40,100,4.0
40,101,5.0
40,102,4.0
40,103,4.0
40,104,4.0
40,105,2.0
40,106,2.0
40,107,2.0
40,108,4.0
40,109,4.0
40,110,5.0
40,111,3.0
40,112,4.0
40,113,3.0
40,114,4.0
40,115,4.0
40,116,4.0
40,117,5.0
40,118,3.0
40,119,3.0
40,120,5.0
40,121,3.0
40,122,3.0
40,123,4.0
40,124,3.0
40,125,3.0
40,126,4.0
40,127,4.0
40,128,4.0
40,129,4.0
40,130,4.0
40,131,4.0
40,132,3.0
40,133,3.0
40,134,3.0
40,135,3.0
40,136,3.0
40,137,3.0
40,138,3.0
40,139,4.0
40,140,5.0
40,141,5.0
40,142,4.0
40,143,2.0
40,144,2.0
40,145,4.0
40,146,3.0
40,147,3.0
40,148,3.0
40,149,3.0
40,150,4.0
40,151,4.0
40,152,3.0
40,153,3.0
40,154,4.0
40,155,4.0
40,156,5.0
40,157,4.0
40,158,4.0
40,159,2.0
40,160,4.0
40,161,3.0
40,162,4.0
40,163,4.0
40,164,3.0
40,165,3.0
40,166,5.0
40,167,4.0
40,168,3.0
40,169,4.0
40,170,4.0
40,171,5.0
40,172,4.0
40,173,4.0
40,174,4.0
40,175,3.0
40,176,3.0
40,177,4.0
40,178,4.0
40,179,4.0
40,180,2.0
40,181,2.0
40,182,3.0
40,183,3.0
40,184,3.0
40,185,4.0
40,186,4.0
40,187,4.0
40,188,4.0
40,189,3.0
40,190,3.0
40,191,3.0
40,192,3.0
40,193,3.0
40,194,4.0
40,195,4.0
40,196,5.0
40,197,5.0
40,198,5.0
40,199,2.0
40,200,2.0
40,201,2.0
40,202,5.0
40,203,5.0
40,204,4.0
40,205,4.0
40,206,4.0
40,207,3.0
40,208,4.0
40,209,5.0
40,210,3.0
40,211,5.0
40,212,4.0
40,213,4.0
40,214,5.0
40,215,4.0
40,216,4.0
40,217,3.0
40,218,3.0
40,219,3.0
40,220,4.0
40,221,5.0
40,222,3.0
40,223,3.0
40,224,4.0
40,225,5.0
40,226,4.0
40,227,5.0
40,228,3.0
40,229,3.0
40,230,3.0
40,231,5.0
40,232,4.0
40,233,4.0
40,234,5.0
40,235,5.0
40,236,3.0
40,237,5.0
40,238,5.0
40,239,4.0
40,240,5.0
40,241,4.0
40,242,5.0
40,243,5.0
40,244,2.0
40,245,3.0
40,246,3.0
40,247,4.0
40,248,5.0
40,249,4.0
40,250,4.0
40,251,3.0
40,252,4.0
40,253,5.0
40,254,4.0
40,255,3.0
40,256,5.0
40,257,5.0
40,258,4.0
40,259,3.0
40,260,4.0
40,261,4.0
40,262,5.0
40,263,5.0
40,264,5.0
40,265,3.0
40,266,5.0
40,267,5.0
40,268,4.0
40,269,4.0
40,270,4.0
40,271,2.0
40,272,4.0
40,273,5.0
40,274,3.0
40,275,4.0
40,276,5.0
40,277,3.0
40,278,5.0
40,279,5.0
40,280,3.0
40,281,3.0
40,282,3.0
40,283,4.0
40,284,2.0
40,285,3.0
40,286,5.0
40,287,4.0
40,288,2.0
40,289,4.0
40,290,3.0
40,291,2.0
40,292,5.0
40,293,4.0
40,294,4.0
40,295,4.0
40,296,5.0
40,297,4.0
40,298,3.0
40,299,3.0
40,300,5.0
40,301,5.0
40,302,4.0
40,303,2.0
40,304,4.0
40,305,3.0
40,306,3.0
40,307,3.0
40,308,4.0
40,309,5.0
40,310,4.0
40,311,5.0
40,312,3.0
40,313,5.0
40,314,4.0
40,315,3.0
40,316,4.0
40,317,4.0
40,318,3.0
40,319,3.0
40,320,3.0
40,321,4.0
40,322,4.0
40,323,5.0
40,324,4.0
40,325,4.0
40,326,5.0
40,327,3.0
40,328,2.0
40,329,4.0
40,330,5.0
40,331,3.0
40,332,3.0
40,333,4.0
40,334,4.0
40,335,4.0
40,336,4.0
40,337,3.0
40,338,5.0
40,339,3.0
40,340,5.0
40,341,3.0
40,342,4.0
40,343,2.0
40,344,4.0
40,345,5.0
40,346,5.0
40,347,4.0
40,348,4.0
40,349,5.0
40,350,3.0
40,351,4.0
40,352,4.0
40,353,5.0
40,354,2.0
40,355,4.0
40,356,5.0
40,357,5.0
40,358,5.0
40,359,3.0
40,360,5.0
40,361,3.0
40,362,5.0
40,363,4.0
40,364,3.0
40,365,4.0
40,366,4.0
40,367,4.0
40,368,3.0
40,369,3.0
40,370,4.0
40,371,4.0
40,372,4.0
40,373,4.0
40,374,5.0
40,375,3.0
40,376,5.0
40,377,3.0
41,42,5.0
41,43,2.0
41,44,5.0
41,45,4.0
41,46,4.0
41,47,3.0
41,48,3.0
41,49,4.0
41,50,4.0
41,51,4.0
41,52,3.0
41,53,4.0
41,54,3.0
41,55,3.0
41,56,5.0
41,57,5.0
41,58,5.0
41,59,5.0
41,60,3.0
41,61,4.0
41,62,4.0
41,63,3.0
41,64,3.0
41,65,3.0
41,66,3.0
41,67,4.0
41,68,5.0
41,69,6.0
41,70,6.0
41,71,5.0
41,72,2.0
41,73,4.0
41,74,4.0
41,75,4.0
41,76,3.0
41,77,2.0
41,78,2.0
41,79,2.0
41,80,4.0
41,81,5.0
41,82,4.0
41,83,5.0
41,84,5.0
41,85,5.0
41,86,5.0
41,87,4.0
41,88,5.0
41,89,3.0
41,90,6.0
41,91,4.0
41,92,3.0
41,93,3.0
41,94,2.0
41,95,3.0
41,96,4.0
41,97,5.0
41,98,4.0
41,99,4.0
41,100,5.0
41,101,5.0
41,102,5.0
41,103,4.0
41,104,5.0
41,105,2.0
41,106,2.0
41,107,3.0
41,108,5.0
41,109,5.0
41,110,6.0
41,111,3.0
41,112,4.0
41,113,3.0
41,114,5.0
41,115,5.0
41,116,5.0
41,117,6.0
41,118,3.0
41,119,3.0
41,120,6.0
41,121,3.0
41,122,3.0
41,123,4.0
41,124,2.0
41,125,2.0
41,126,4.0
41,127,4.0
41,128,5.0
41,129,4.0
41,130,4.0
41,131,4.0
41,132,3.0
41,133,3.0
41,134,3.0
41,135,3.0
41,136,4.0
41,137,4.0
41,138,4.0
41,139,5.0
41,140,6.0
41,141,6.0
41,142,5.0
41,143,3.0
41,144,3.0
41,145,5.0
41,146,3.0
41,147,4.0
41,148,4.0
41,149,3.0
41,150,5.0
41,151,5.0
41,152,3.0
41,153,4.0
41,154,5.0
41,155,4.0
41,156,6.0
41,157,4.0
41,158,4.0
41,159,1.0
41,160,4.0
41,161,2.0
41,162,4.0
41,163,4.0
41,164,3.0
41,165,4.0
41,166,4.0
41,167,4.0
41,168,3.0
41,169,4.0
41,170,4.0
41,171,6.0
41,172,4.0
41,173,5.0
41,174,5.0
41,175,2.0
41,176,3.0
41,177,4.0
41,178,4.0
41,179,5.0
41,180,2.0
41,181,2.0
41,182,3.0
41,183,3.0
41,184,3.0
41,185,5.0
41,186,5.0
41,187,5.0
41,188,4.0
41,189,3.0
41,190,3.0
41,191,3.0
41,192,3.0
41,193,4.0
41,194,4.0
41,195,4.0
41,196,6.0
41,197,6.0
41,198,6.0
41,199,3.0
41,200,3.0
41,201,3.0
41,202,6.0
41,203,6.0
41,204,4.0
41,205,4.0
41,206,4.0
41,207,3.0
41,208,4.0
41,209,5.0
41,210,4.0
41,211,6.0
41,212,5.0
41,213,4.0
41,214,6.0
41,215,4.0
41,216,4.0
41,217,3.0
41,218,3.0
41,219,3.0
41,220,5.0
41,221,6.0
41,222,3.0
41,223,4.0
41,224,4.0
41,225,5.0
41,226,4.0
41,227,5.0
41,228,4.0
41,229,3.0
41,230,2.0
41,231,5.0
41,232,4.0
41,233,4.0
41,234,5.0
41,235,5.0
41,236,3.0
41,237,6.0
41,238,5.0
41,239,4.0
41,240,6.0
41,241,4.0
41,242,5.0
41,243,6.0
41,244,3.0
41,245,3.0
41,246,3.0
41,247,4.0
41,248,4.0
41,249,5.0
41,250,6.0
41,251,4.0
41,252,4.0
41,253,5.0
41,254,4.0
41,255,3.0
41,256,5.0
41,257,6.0
41,258,5.0
41,259,3.0
41,260,4.0
41,261,4.0
41,262,6.0
41,263,6.0
41,264,6.0
41,265,3.0
41,266,4.0
41,267,5.0
41,268,5.0
41,269,5.0
41,270,4.0
41,271,2.0
41,272,3.0
41,273,5.0
41,274,3.0
41,275,4.0
41,276,5.0
41,277,4.0
41,278,6.0
41,279,5.0
41,280,4.0
41,281,3.0
41,282,3.0
41,283,4.0
41,284,3.0
41,285,2.0
41,286,6.0
41,287,4.0
41,288,3.0
41,289,4.0
41,290,3.0
41,291,3.0
41,292,5.0
41,293,4.0
41,294,4.0
41,295,4.0
41,296,6.0
41,297,4.0
41,298,3.0
41,299,3.0
41,300,6.0
41,301,6.0
41,302,4.0
41,303,3.0
41,304,4.0
41,305,3.0
41,306,3.0
41,307,4.0
41,308,5.0
41,309,6.0
41,310,4.0
41,311,6.0
41,312,3.0
41,313,5.0
41,314,4.0
41,315,3.0
41,316,5.0
41,317,4.0
41,318,3.0
41,319,4.0
41,320,4.0
41,321,4.0
41,322,5.0
41,323,6.0
41,324,3.0
41,325,5.0
41,326,5.0
41,327,3.0
41,328,3.0
41,329,5.0
41,330,5.0
41,331,4.0
41,332,2.0
41,333,4.0
41,334,5.0
41,335,5.0
41,336,3.0
41,337,3.0
41,338,6.0
41,339,3.0
41,340,6.0
41,341,3.0
41,342,4.0
41,343,3.0
41,344,4.0
41,345,5.0
41,346,6.0
41,347,4.0
41,348,6.0
41,349,6.0
41,350,3.0
41,351,4.0
41,352,5.0
41,353,6.0
41,354,3.0
41,355,4.0
41,356,6.0
41,357,5.0
41,358,5.0
41,359,3.0
41,360,6.0
41,361,3.0
41,362,5.0
41,363,4.0
41,364,4.0
41,365,4.0
41,366,3.0
41,367,4.0
41,368,3.0
41,369,3.0
41,370,4.0
41,371,4.0
41,372,4.0
41,373,4.0
41,374,5.0
41,375,3.0
41,376,6.0
41,377,3.0
42,43,2.0
42,44,4.0
42,45,4.0
42,46,4.0
42,47,2.0
42,48,4.0
42,49,5.0
42,50,4.0
42,51,4.0
42,52,2.0
42,53,4.0
42,54,2.0
42,55,2.0
42,56,6.0
42,57,5.0
42,58,4.0
42,59,4.0
42,60,4.0
42,61,4.0
42,62,4.0
42,63,2.0
42,64,3.0
42,65,3.0
42,66,3.0
42,67,4.0
42,68,4.0
42,69,6.0
42,70,6.0
42,71,4.0
42,72,3.0
42,73,3.0
42,74,5.0
42,75,4.0
42,76,4.0
42,77,1.0
42,78,2.0
42,79,2.0
42,80,3.0
42,81,6.0
42,82,3.0
42,83,5.0
42,84,5.0
42,85,5.0
42,86,6.0
42,87,3.0
42,88,6.0
42,89,3.0
42,90,6.0
42,91,5.0
42,92,2.0
42,93,3.0
42,94,3.0
42,95,3.0
42,96,5.0
42,97,4.0
42,98,5.0
42,99,5.0
42,100,4.0
42,101,4.0
42,102,4.0
42,103,5.0
42,104,5.0
42,105,2.0
42,106,2.0
42,107,2.0
42,108,6.0
42,109,6.0
42,110,6.0
42,111,4.0
42,112,5.0
42,113,4.0
42,114,5.0
42,115,5.0
42,116,5.0
42,117,6.0
42,118,4.0
42,119,4.0
42,120,6.0
42,121,4.0
42,122,4.0
42,123,4.0
42,124,2.0
42,125,2.0
42,126,3.0
42,127,3.0
42,128,5.0
42,129,3.0
42,130,3.0
42,131,3.0
42,132,4.0
42,133,4.0
42,134,4.0
42,135,4.0
42,136,5.0
42,137,5.0
42,138,5.0
42,139,5.0
42,140,6.0
42,141,6.0
42,142,5.0
42,143,2.0
42,144,2.0
42,145,6.0
42,146,3.0
42,147,5.0
42,148,5.0
42,149,3.0
42,150,5.0
42,151,5.0
42,152,4.0
42,153,4.0
42,154,6.0
42,155,4.0
42,156,5.0
42,157,5.0
42,158,5.0
42,159,2.0
42,160,5.0
42,161,2.0
42,162,3.0
42,163,5.0
42,164,3.0
42,165,5.0
42,166,3.0
42,167,5.0
42,168,2.0
42,169,4.0
42,170,5.0
42,171,6.0
42,172,5.0
42,173,4.0
42,174,4.0
42,175,2.0
42,176,4.0
42,177,5.0
42,178,5.0
42,179,5.0
42,180,3.0
42,181,3.0
42,182,4.0
42,183,3.0
42,184,3.0
42,185,4.0
42,186,5.0
42,187,5.0
42,188,4.0
42,189,4.0
42,190,4.0
42,191,4.0
42,192,4.0
42,193,4.0
42,194,5.0
42,195,5.0
42,196,6.0
42,197,6.0
42,198,6.0
42,199,4.0
42,200,4.0
42,201,4.0
42,202,6.0
42,203,5.0
42,204,5.0
42,205,5.0
42,206,4.0
42,207,3.0
42,208,5.0
42,209,4.0
42,210,5.0
42,211,6.0
42,212,6.0
42,213,3.0
42,214,6.0
42,215,5.0
42,216,5.0
42,217,3.0
42,218,4.0
42,219,3.0
42,220,5.0
42,221,6.0
42,222,4.0
42,223,4.0
42,224,3.0
42,225,4.0
42,226,4.0
42,227,4.0
42,228,3.0
42,229,4.0
42,230,2.0
42,231,4.0
42,232,5.0
42,233,5.0
42,234,6.0
42,235,4.0
42,236,4.0
42,237,6.0
42,238,6.0
42,239,3.0
42,240,6.0
42,241,3.0
42,242,4.0
42,243,6.0
42,244,2.0
42,245,3.0
42,246,3.0
42,247,3.0
42,248,3.0
42,249,5.0
42,250,5.0
42,251,3.0
42,252,5.0
42,253,4.0
42,254,5.0
42,255,4.0
42,256,6.0
42,257,6.0
42,258,6.0
42,259,4.0
42,260,3.0
42,261,3.0
42,262,5.0
42,263,6.0
42,264,6.0
42,265,4.0
42,266,4.0
42,267,4.0
42,268,5.0
42,269,6.0
42,270,5.0
42,271,3.0
42,272,2.0
42,273,4.0
42,274,4.0
42,275,3.0
42,276,4.0
42,277,3.0
42,278,6.0
42,279,6.0
42,280,5.0
42,281,4.0
42,282,3.0
42,283,5.0
42,284,2.0
42,285,2.0
42,286,6.0
42,287,5.0
42,288,3.0
42,289,3.0
42,290,3.0
42,291,3.0
42,292,4.0
42,293,5.0
42,294,5.0
42,295,3.0
42,296,6.0
42,297,3.0
42,298,3.0
42,299,3.0
42,300,6.0
42,301,6.0
42,302,3.0
42,303,2.0
42,304,5.0
42,305,4.0
42,306,2.0
42,307,3.0
42,308,6.0
42,309,6.0
42,310,3.0
42,311,6.0
42,312,4.0
42,313,4.0
42,314,3.0
42,315,4.0
42,316,5.0
42,317,5.0
42,318,3.0
42,319,5.0
42,320,3.0
42,321,3.0
42,322,5.0
42,323,6.0
42,324,2.0
42,325,4.0
42,326,4.0
42,327,4.0
42,328,2.0
42,329,6.0
42,330,4.0
42,331,5.0
42,332,3.0
42,333,5.0
42,334,4.0
42,335,5.0
42,336,4.0
42,337,3.0
42,338,6.0
42,339,4.0
42,340,6.0
42,341,4.0
42,342,4.0
42,343,2.0
42,344,3.0
42,345,6.0
42,346,5.0
42,347,3.0
42,348,5.0
42,349,6.0
42,350,2.0
42,351,3.0
42,352,4.0
42,353,6.0
42,354,2.0
42,355,3.0
42,356,6.0
42,357,4.0
42,358,4.0
42,359,4.0
42,360,6.0
42,361,2.0
42,362,4.0
42,363,4.0
42,364,5.0
42,365,5.0
42,366,2.0
42,367,3.0
42,368,3.0
42,369,4.0
42,370,3.0
42,371,3.0
42,372,3.0
42,373,5.0
42,374,4.0
42,375,4.0
42,376,5.0
42,377,3.0
43,44,3.0
43,45,2.0
43,46,2.0
43,47,2.0
43,48,4.0
43,49,2.0
43,50,2.0
43,51,2.0
43,52,2.0
43,53,3.0
43,54,3.0
43,55,3.0
43,56,2.0
43,57,2.0
43,58,2.0
43,59,3.0
43,60,2.0
43,61,2.0
43,62,4.0
43,63,2.0
43,64,5.0
43,65,3.0
43,66,3.0
43,67,2.0
43,68,3.0
43,69,2.0
43,70,2.0
43,71,3.0
43,72,3.0
43,73,3.0
43,74,2.0
43,75,2.0
43,76,3.0
43,77,2.0
43,78,3.0
43,79,3.0
43,80,3.0
43,81,3.0
43,82,3.0
43,83,3.0
43,84,3.0
43,85,3.0
43,86,3.0
43,87,3.0
43,88,3.0
43,89,3.0
43,90,2.0
43,91,2.0
43,92,4.0
43,93,2.0
43,94,3.0
43,95,3.0
43,96,4.0
43,97,3.0
43,98,4.0
43,99,2.0
43,100,3.0
43,101,3.0
43,102,3.0
43,103,2.0
43,104,2.0
43,105,3.0
43,106,3.0
43,107,2.0
43,108,2.0
43,109,2.0
43,110,2.0
43,111,3.0
43,112,3.0
43,113,3.0
43,114,3.0
43,115,3.0
43,116,3.0
43,117,2.0
43,118,3.0
43,119,4.0
43,120,2.0
43,121,3.0
43,122,4.0
43,123,3.0
43,124,1.0
43,125,1.0
43,126,3.0
43,127,3.0
43,128,3.0
43,129,3.0
43,130,3.0
43,131,3.0
43,132,3.0
43,133,3.0
43,134,3.0
43,135,3.0
43,136,4.0
43,137,4.0
43,138,4.0
43,139,3.0
43,140,2.0
43,141,2.0
43,142,2.0
43,143,2.0
43,144,2.0
43,145,3.0
43,146,3.0
43,147,4.0
43,148,4.0
43,149,3.0
43,150,2.0
43,151,2.0
43,152,2.0
43,153,2.0
43,154,2.0
43,155,3.0
43,156,3.0
43,157,2.0
43,158,2.0
43,159,2.0
43,160,3.0
43,161,1.0
43,162,3.0
43,163,2.0
43,164,3.0
43,165,3.0
43,166,4.0
43,167,2.0
43,168,3.0
43,169,3.0
43,170,2.0
43,171,2.0
43,172,2.0
43,173,2.0
43,174,3.0
43,175,1.0
43,176,2.0
43,177,3.0
43,178,3.0
43,179,3.0
43,180,3.0
43,181,3.0
43,182,2.0
43,183,4.0
43,184,4.0
43,185,3.0
43,186,1.0
43,187,1.0
43,188,2.0
43,189,2.0
43,190,2.0
43,191,2.0
43,192,2.0
43,193,3.0
43,194,2.0
43,195,2.0
43,196,2.0
43,197,2.0
43,198,2.0
43,199,3.0
43,200,3.0
43,201,3.0
43,202,2.0
43,203,3.0
43,204,2.0
43,205,2.0
43,206,3.0
43,207,3.0
43,208,2.0
43,209,3.0
43,210,2.0
43,211,2.0
43,212,2.0
43,213,3.0
43,214,2.0
43,215,3.0
43,216,2.0
43,217,4.0
43,218,2.0
43,219,4.0
43,220,1.0
43,221,2.0
43,222,2.0
43,223,3.0
43,224,3.0
43,225,3.0
43,226,3.0
43,227,3.0
43,228,3.0
43,229,3.0
43,230,2.0
43,231,3.0
43,232,3.0
43,233,3.0
43,234,3.0
43,235,3.0
43,236,2.0
43,237,2.0
43,238,3.0
43,239,3.0
43,240,2.0
43,241,3.0
43,242,3.0
43,243,2.0
43,244,2.0
43,245,2.0
43,246,4.0
43,247,3.0
43,248,3.0
43,249,2.0
43,250,3.0
43,251,3.0
43,252,2.0
43,253,3.0
43,254,2.0
43,255,2.0
43,256,3.0
43,257,2.0
43,258,3.0
43,259,3.0
43,260,3.0
43,261,3.0
43,262,2.0
43,263,2.0
43,264,2.0
43,265,2.0
43,266,2.0
43,267,3.0
43,268,1.0
43,269,3.0
43,270,2.0
43,271,1.0
43,272,3.0
43,273,3.0
43,274,4.0
43,275,3.0
43,276,3.0
43,277,3.0
43,278,2.0
43,279,3.0
43,280,2.0
43,281,2.0
43,282,4.0
43,283,2.0
43,284,2.0
43,285,2.0
43,286,2.0
43,287,3.0
43,288,3.0
43,289,3.0
43,290,2.0
43,291,3.0
43,292,3.0
43,293,3.0
43,294,2.0
43,295,3.0
43,296,2.0
43,297,3.0
43,298,3.0
43,299,4.0
43,300,2.0
43,301,2.0
43,302,3.0
43,303,2.0
43,304,2.0
43,305,2.0
43,306,5.0
43,307,3.0
43,308,2.0
43,309,2.0
43,310,3.0
43,311,2.0
43,312,3.0
43,313,3.0
43,314,3.0
43,315,4.0
43,316,2.0
43,317,2.0
43,318,3.0
43,319,2.0
43,320,3.0
43,321,3.0
43,322,1.0
43,323,2.0
43,324,3.0
43,325,3.0
43,326,3.0
43,327,3.0
43,328,2.0
43,329,3.0
43,330,3.0
43,331,4.0
43,332,2.0
43,333,2.0
43,334,4.0
43,335,3.0
43,336,2.0
43,337,3.0
43,338,2.0
43,339,3.0
43,340,2.0
43,341,2.0
43,342,3.0
43,343,2.0
43,344,3.0
43,345,3.0
43,346,2.0
43,347,3.0
43,348,3.0
43,349,2.0
43,350,6.0
43,351,3.0
43,352,3.0
43,353,2.0
43,354,2.0
43,355,3.0
43,356,2.0
43,357,2.0
43,358,3.0
43,359,4.0
43,360,2.0
43,361,3.0
43,362,3.0
43,363,3.0
43,364,3.0
43,365,3.0
43,366,3.0
43,367,3.0
43,368,4.0
43,369,2.0
43,370,5.0
43,371,3.0
43,372,3.0
43,373,2.0
43,374,3.0
43,375,3.0
43,376,2.0
43,377,4.0
44,45,5.0
44,46,5.0
44,47,3.0
44,48,3.0
44,49,3.0
44,50,5.0
44,51,5.0
44,52,3.0
44,53,3.0
44,54,3.0
44,55,3.0
44,56,4.0
44,57,4.0
44,58,4.0
44,59,4.0
44,60,3.0
44,61,4.0
44,62,5.0
44,63,3.0
44,64,5.0
44,65,2.0
44,66,2.0
44,67,3.0
44,68,4.0
44,69,5.0
44,70,5.0
44,71,4.0
44,72,2.0
44,73,4.0
44,74,3.0
44,75,5.0
44,76,4.0
44,77,1.0
44,78,2.0
44,79,2.0
44,80,4.0
44,81,4.0
44,82,3.0
44,83,6.0
44,84,6.0
44,85,6.0
44,86,4.0
44,87,3.0
44,88,4.0
44,89,3.0
44,90,5.0
44,91,4.0
44,92,3.0
44,93,2.0
44,94,3.0
44,95,3.0
44,96,5.0
44,97,5.0
44,98,5.0
44,99,3.0
44,100,7.0
44,101,4.0
44,102,7.0
44,103,4.0
44,104,5.0
44,105,2.0
44,106,2.0
44,107,2.0
44,108,4.0
44,109,4.0
44,110,5.0
44,111,3.0
44,112,3.0
44,113,3.0
44,114,6.0
44,115,6.0
44,116,6.0
44,117,5.0
44,118,2.0
44,119,4.0
44,120,5.0
44,121,2.0
44,122,4.0
44,123,4.0
44,124,2.0
44,125,2.0
44,126,4.0
44,127,4.0
44,128,6.0
44,129,4.0
44,130,4.0
44,131,4.0
44,132,3.0
44,133,3.0
44,134,3.0
44,135,3.0
44,136,5.0
44,137,5.0
44,138,5.0
44,139,6.0
44,140,5.0
44,141,5.0
44,142,4.0
44,143,2.0
44,144,2.0
44,145,4.0
44,146,3.0
44,147,5.0
44,148,5.0
44,149,3.0
44,150,5.0
44,151,5.0
44,152,2.0
44,153,3.0
44,154,4.0
44,155,3.0
44,156,5.0
44,157,3.0
44,158,3.0
44,159,2.0
44,160,4.0
44,161,2.0
44,162,4.0
44,163,3.0
44,164,3.0
44,165,5.0
44,166,5.0
44,167,3.0
44,168,4.0
44,169,3.0
44,170,3.0
44,171,5.0
44,172,3.0
44,173,4.0
44,174,6.0
44,175,2.0
44,176,3.0
44,177,4.0
44,178,4.0
44,179,4.0
44,180,2.0
44,181,2.0
44,182,3.0
44,183,5.0
44,184,5.0
44,185,6.0
44,186,4.0
44,187,4.0
44,188,4.0
44,189,3.0
44,190,2.0
44,191,2.0
44,192,2.0
44,193,4.0
44,194,3.0
44,195,3.0
44,196,5.0
44,197,5.0
44,198,5.0
44,199,3.0
44,200,3.0
44,201,3.0
44,202,5.0
44,203,5.0
44,204,3.0
44,205,3.0
44,206,3.0
44,207,4.0
44,208,3.0
44,209,4.0
44,210,3.0
44,211,5.0
44,212,4.0
44,213,4.0
44,214,5.0
44,215,4.0
44,216,4.0
44,217,5.0
44,218,3.0
44,219,4.0
44,220,4.0
44,221,5.0
44,222,3.0
44,223,3.0
44,224,4.0
44,225,4.0
44,226,5.0
44,227,4.0
44,228,4.0
44,229,3.0
44,230,3.0
44,231,4.0
44,232,4.0
44,233,3.0
44,234,4.0
44,235,4.0
44,236,2.0
44,237,5.0
44,238,4.0
44,239,4.0
44,240,5.0
44,241,4.0
44,242,4.0
44,243,5.0
44,244,2.0
44,245,2.0
44,246,5.0
44,247,4.0
44,248,5.0
44,249,4.0
44,250,4.0
44,251,4.0
44,252,3.0
44,253,4.0
44,254,4.0
44,255,3.0
44,256,4.0
44,257,5.0
44,258,4.0
44,259,3.0
44,260,4.0
44,261,4.0
44,262,5.0
44,263,5.0
44,264,5.0
44,265,3.0
44,266,5.0
44,267,4.0
44,268,4.0
44,269,4.0
44,270,3.0
44,271,1.0
44,272,3.0
44,273,4.0
44,274,4.0
44,275,4.0
44,276,4.0
44,277,3.0
44,278,5.0
44,279,4.0
44,280,3.0
44,281,3.0
44,282,5.0
44,283,4.0
44,284,2.0
44,285,2.0
44,286,5.0
44,287,3.0
44,288,4.0
44,289,4.0
44,290,3.0
44,291,2.0
44,292,4.0
44,293,3.0
44,294,3.0
44,295,4.0
44,296,5.0
44,297,4.0
44,298,4.0
44,299,5.0
44,300,5.0
44,301,5.0
44,302,4.0
44,303,2.0
44,304,4.0
44,305,3.0
44,306,5.0
44,307,3.0
44,308,4.0
44,309,5.0
44,310,4.0
44,311,5.0
44,312,3.0
44,313,4.0
44,314,4.0
44,315,4.0
44,316,4.0
44,317,3.0
44,318,4.0
44,319,3.0
44,320,3.0
44,321,4.0
44,322,4.0
44,323,5.0
44,324,3.0
44,325,7.0
44,326,4.0
44,327,3.0
44,328,2.0
44,329,4.0
44,330,4.0
44,331,5.0
44,332,2.0
44,333,4.0
44,334,6.0
44,335,6.0
44,336,3.0
44,337,3.0
44,338,5.0
44,339,2.0
44,340,5.0
44,341,3.0
44,342,3.0
44,343,2.0
44,344,4.0
44,345,4.0
44,346,5.0
44,347,4.0
44,348,4.0
44,349,5.0
44,350,5.0
44,351,4.0
44,352,3.0
44,353,5.0
44,354,2.0
44,355,4.0
44,356,5.0
44,357,4.0
44,358,4.0
44,359,4.0
44,360,5.0
44,361,3.0
44,362,4.0
44,363,4.0
44,364,5.0
44,365,3.0
44,366,3.0
44,367,4.0
44,368,4.0
44,369,3.0
44,370,5.0
44,371,4.0
44,372,4.0
44,373,3.0
44,374,4.0
44,375,3.0
44,376,5.0
44,377,5.0
45,46,9.0
45,47,2.0
45,48,3.0
45,49,3.0
45,50,9.0
45,51,9.0
45,52,2.0
45,53,3.0
45,54,3.0
45,55,3.0
45,56,4.0
45,57,4.0
45,58,3.0
45,59,4.0
45,60,4.0
45,61,7.0
45,62,5.0
45,63,3.0
45,64,4.0
45,65,4.0
45,66,4.0
45,67,4.0
45,68,4.0
45,69,4.0
45,70,4.0
45,71,4.0
45,72,2.0
45,73,4.0
45,74,4.0
45,75,9.0
45,76,3.0
45,77,1.0
45,78,3.0
45,79,3.0
45,80,3.0
45,81,4.0
45,82,3.0
45,83,4.0
45,84,4.0
45,85,4.0
45,86,4.0
45,87,3.0
45,88,4.0
45,89,2.0
45,90,4.0
45,91,4.0
45,92,4.0
45,93,4.0
45,94,3.0
45,95,6.0
45,96,3.0
45,97,4.0
45,98,3.0
45,99,3.0
45,100,5.0
45,101,4.0
45,102,5.0
45,103,4.0
45,104,4.0
45,105,3.0
45,106,3.0
45,107,2.0
45,108,4.0
45,109,4.0
45,110,4.0
45,111,4.0
45,112,4.0
45,113,4.0
45,114,4.0
45,115,4.0
45,116,4.0
45,117,4.0
45,118,3.0
45,119,4.0
45,120,4.0
45,121,3.0
45,122,4.0
45,123,4.0
45,124,3.0
45,125,3.0
45,126,4.0
45,127,4.0
45,128,4.0
45,129,4.0
45,130,4.0
45,131,4.0
45,132,4.0
45,133,4.0
45,134,4.0
45,135,4.0
45,136,3.0
45,137,3.0
45,138,3.0
45,139,4.0
45,140,4.0
45,141,4.0
45,142,4.0
45,143,2.0
45,144,2.0
45,145,4.0
45,146,6.0
45,147,3.0
45,148,3.0
45,149,6.0
45,150,4.0
45,151,4.0
45,152,5.0
45,153,3.0
45,154,4.0
45,155,4.0
45,156,4.0
45,157,4.0
45,158,4.0
45,159,2.0
45,160,4.0
45,161,3.0
45,162,4.0
45,163,4.0
45,164,6.0
45,165,4.0
45,166,4.0
45,167,4.0
45,168,4.0
45,169,4.0
45,170,4.0
45,171,4.0
45,172,4.0
45,173,3.0
45,174,4.0
45,175,3.0
45,176,4.0
45,177,5.0
45,178,5.0
45,179,4.0
45,180,2.0
45,181,2.0
45,182,3.0
45,183,4.0
45,184,4.0
45,185,4.0
45,186,3.0
45,187,3.0
45,188,7.0
45,189,4.0
45,190,2.0
45,191,2.0
45,192,2.0
45,193,4.0
45,194,4.0
45,195,3.0
45,196,4.0
45,197,4.0
45,198,4.0
45,199,2.0
45,200,2.0
45,201,2.0
45,202,4.0
45,203,4.0
45,204,3.0
45,205,3.0
45,206,4.0
45,207,5.0
45,208,4.0
45,209,4.0
45,210,3.0
45,211,4.0
45,212,4.0
45,213,3.0
45,214,4.0
45,215,4.0
45,216,4.0
45,217,4.0
45,218,4.0
45,219,4.0
45,220,3.0
45,221,4.0
45,222,3.0
45,223,3.0
45,224,4.0
45,225,4.0
45,226,3.0
45,227,4.0
45,228,4.0
45,229,3.0
45,230,5.0
45,231,4.0
45,232,4.0
45,233,4.0
45,234,4.0
45,235,4.0
45,236,3.0
45,237,4.0
45,238,4.0
45,239,4.0
45,240,4.0
45,241,4.0
45,242,4.0
45,243,4.0
45,244,4.0
45,245,2.0
45,246,4.0
45,247,3.0
45,248,8.0
45,249,4.0
45,250,4.0
45,251,4.0
45,252,3.0
45,253,4.0
45,254,4.0
45,255,4.0
45,256,4.0
45,257,4.0
45,258,4.0
45,259,3.0
45,260,3.0
45,261,4.0
45,262,4.0
45,263,4.0
45,264,4.0
45,265,4.0
45,266,9.0
45,267,4.0
45,268,3.0
45,269,4.0
45,270,4.0
45,271,2.0
45,272,4.0
45,273,4.0
45,274,4.0
45,275,4.0
45,276,4.0
45,277,3.0
45,278,4.0
45,279,4.0
45,280,3.0
45,281,4.0
45,282,4.0
45,283,4.0
45,284,2.0
45,285,2.0
45,286,4.0
45,287,4.0
45,288,3.0
45,289,3.0
45,290,3.0
45,291,2.0
45,292,4.0
45,293,4.0
45,294,4.0
45,295,3.0
45,296,4.0
45,297,3.0
45,298,5.0
45,299,4.0
45,300,4.0
45,301,4.0
45,302,4.0
45,303,2.0
45,304,4.0
45,305,4.0
45,306,4.0
45,307,3.0
45,308,4.0
45,309,4.0
45,310,4.0
45,311,4.0
45,312,3.0
45,313,4.0
45,314,3.0
45,315,4.0
45,316,4.0
45,317,4.0
45,318,5.0
45,319,4.0
45,320,3.0
45,321,4.0
45,322,3.0
45,323,4.0
45,324,4.0
45,325,5.0
45,326,4.0
45,327,3.0
45,328,4.0
45,329,4.0
45,330,4.0
45,331,3.0
45,332,4.0
45,333,4.0
45,334,4.0
45,335,4.0
45,336,3.0
45,337,4.0
45,338,4.0
45,339,3.0
45,340,4.0
45,341,4.0
45,342,4.0
45,343,4.0
45,344,3.0
45,345,4.0
45,346,4.0
45,347,4.0
45,348,4.0
45,349,4.0
45,350,4.0
45,351,4.0
45,352,4.0
45,353,4.0
45,354,2.0
45,355,8.0
45,356,4.0
45,357,5.0
45,358,4.0
45,359,4.0
45,360,4.0
45,361,3.0
45,362,4.0
45,363,4.0
45,364,4.0
45,365,4.0
45,366,4.0
45,367,3.0
45,368,4.0
45,369,4.0
45,370,4.0
45,371,3.0
45,372,3.0
45,373,4.0
45,374,4.0
45,375,3.0
45,376,4.0
45,377,4.0
46,47,2.0
46,48,3.0
46,49,3.0
46,50,9.0
46,51,9.0
46,52,2.0
46,53,3.0
46,54,3.0
46,55,3.0
46,56,4.0
46,57,4.0
46,58,3.0
46,59,4.0
46,60,4.0
46,61,7.0
46,62,5.0
46,63,3.0
46,64,4.0
46,65,4.0
46,66,4.0
46,67,4.0
46,68,4.0
46,69,4.0
46,70,4.0
46,71,4.0
46,72,2.0
46,73,4.0
46,74,4.0
46,75,9.0
46,76,3.0
46,77,1.0
46,78,3.0
46,79,3.0
46,80,3.0
46,81,4.0
46,82,3.0
46,83,4.0
46,84,4.0
46,85,4.0
46,86,4.0
46,87,3.0
46,88,4.0
46,89,2.0
46,90,4.0
46,91,4.0
46,92,4.0
46,93,4.0
46,94,3.0
46,95,6.0
46,96,3.0
46,97,4.0
46,98,3.0
46,99,3.0
46,100,5.0
46,101,4.0
46,102,5.0
46,103,4.0
46,104,4.0
46,105,3.0
46,106,3.0
46,107,2.0
46,108,4.0
46,109,4.0
46,110,4.0
46,111,4.0
46,112,4.0
46,113,4.0
46,114,4.0
46,115,4.0
46,116,4.0
46,117,4.0
46,118,3.0
46,119,4.0
46,120,4.0
46,121,3.0
46,122,4.0
46,123,4.0
46,124,3.0
46,125,3.0
46,126,4.0
46,127,4.0
46,128,4.0
46,129,4.0
46,130,4.0
46,131,4.0
46,132,4.0
46,133,4.0
46,134,4.0
46,135,4.0
46,136,3.0
46,137,3.0
46,138,3.0
46,139,4.0
46,140,4.0
46,141,4.0
46,142,4.0
46,143,2.0
46,144,2.0
46,145,4.0
46,146,6.0
46,147,3.0
46,148,3.0
46,149,6.0
46,150,4.0
46,151,4.0
46,152,5.0
46,153,3.0
46,154,4.0
46,155,4.0
46,156,4.0
46,157,4.0
46,158,4.0
46,159,2.0
46,160,4.0
46,161,3.0
46,162,4.0
46,163,4.0
46,164,6.0
46,165,4.0
46,166,4.0
46,167,4.0
46,168,4.0
46,169,4.0
46,170,4.0
46,171,4.0
46,172,4.0
46,173,3.0
46,174,4.0
46,175,3.0
46,176,4.0
46,177,5.0
46,178,5.0
46,179,4.0
46,180,2.0
46,181,2.0
46,182,3.0
46,183,4.0
46,184,4.0
46,185,4.0
46,186,3.0
46,187,3.0
46,188,7.0
46,189,4.0
46,190,2.0
46,191,2.0
46,192,2.0
46,193,4.0
46,194,4.0
46,195,3.0
46,196,4.0
46,197,4.0
46,198,4.0
46,199,2.0
46,200,2.0
46,201,2.0
46,202,4.0
46,203,4.0
46,204,3.0
46,205,3.0
46,206,4.0
46,207,5.0
46,208,4.0
46,209,4.0
46,210,3.0
46,211,4.0
46,212,4.0
46,213,3.0
46,214,4.0
46,215,4.0
46,216,4.0
46,217,4.0
46,218,4.0
46,219,4.0
46,220,3.0
46,221,4.0
46,222,3.0
46,223,3.0
46,224,4.0
46,225,4.0
46,226,3.0
46,227,4.0
46,228,4.0
46,229,3.0
46,230,5.0
46,231,4.0
46,232,4.0
46,233,4.0
46,234,4.0
46,235,4.0
46,236,3.0
46,237,4.0
46,238,4.0
46,239,4.0
46,240,4.0
46,241,4.0
46,242,4.0
46,243,4.0
46,244,4.0
46,245,2.0
46,246,4.0
46,247,3.0
46,248,8.0
46,249,4.0
46,250,4.0
46,251,4.0
46,252,3.0
46,253,4.0
46,254,4.0
46,255,4.0
46,256,4.0
46,257,4.0
46,258,4.0
46,259,3.0
46,260,3.0
46,261,4.0
46,262,4.0
46,263,4.0
46,264,4.0
46,265,4.0
46,266,9.0
46,267,4.0
46,268,3.0
46,269,4.0
46,270,4.0
46,271,2.0
46,272,4.0
46,273,4.0
46,274,4.0
46,275,4.0
46,276,4.0
46,277,3.0
46,278,4.0
46,279,4.0
46,280,3.0
46,281,4.0
46,282,4.0
46,283,4.0
46,284,2.0
46,285,2.0
46,286,4.0
46,287,4.0
46,288,3.0
46,289,3.0
46,290,3.0
46,291,2.0
46,292,4.0
46,293,4.0
46,294,4.0
46,295,3.0
46,296,4.0
46,297,3.0
46,298,5.0
46,299,4.0
46,300,4.0
46,301,4.0
46,302,4.0
46,303,2.0
46,304,4.0
46,305,4.0
46,306,4.0
46,307,3.0
46,308,4.0
46,309,4.0
46,310,4.0
46,311,4.0
46,312,3.0
46,313,4.0
46,314,3.0
46,315,4.0
46,316,4.0
46,317,4.0
46,318,5.0
46,319,4.0
46,320,3.0
46,321,4.0
46,322,3.0
46,323,4.0
46,324,4.0
46,325,5.0
46,326,4.0
46,327,3.0
46,328,4.0
46,329,4.0
46,330,4.0
46,331,3.0
46,332,4.0
46,333,4.0
46,334,4.0
46,335,4.0
46,336,3.0
46,337,4.0
46,338,4.0
46,339,3.0
46,340,4.0
46,341,4.0
46,342,4.0
46,343,4.0
46,344,3.0
46,345,4.0
46,346,4.0
46,347,4.0
46,348,4.0
46,349,4.0
46,350,4.0
46,351,4.0
46,352,4.0
46,353,4.0
46,354,2.0
46,355,8.0
46,356,4.0
46,357,5.0
46,358,4.0
46,359,4.0
46,360,4.0
46,361,3.0
46,362,4.0
46,363,4.0
46,364,4.0
46,365,4.0
46,366,4.0
46,367,3.0
46,368,4.0
46,369,4.0
46,370,4.0
46,371,3.0
46,372,3.0
46,373,4.0
46,374,4.0
46,375,3.0
46,376,4.0
46,377,4.0
47,48,2.0
47,49,1.0
47,50,2.0
47,51,2.0
47,52,7.0
47,53,1.0
47,54,5.0
47,55,5.0
47,56,2.0
47,57,2.0
47,58,4.0
47,59,5.0
47,60,1.0
47,61,2.0
47,62,2.0
47,63,6.0
47,64,4.0
47,65,3.0
47,66,3.0
47,67,3.0
47,68,5.0
47,69,3.0
47,70,3.0
47,71,5.0
47,72,2.0
47,73,5.0
47,74,1.0
47,75,2.0
47,76,2.0
47,77,5.0
47,78,3.0
47,79,3.0
47,80,6.0
47,81,2.0
47,82,4.0
47,83,3.0
47,84,3.0
47,85,3.0
47,86,3.0
47,87,4.0
47,88,2.0
47,89,2.0
47,90,3.0
47,91,2.0
47,92,3.0
47,93,3.0
47,94,2.0
47,95,2.0
47,96,2.0
47,97,4.0
47,98,2.0
47,99,1.0
47,100,3.0
47,101,5.0
47,102,3.0
47,103,2.0
47,104,3.0
47,105,4.0
47,106,4.0
47,107,6.0
47,108,2.0
47,109,2.0
47,110,3.0
47,111,3.0
47,112,2.0
47,113,3.0
47,114,3.0
47,115,3.0
47,116,3.0
47,117,3.0
47,118,2.0
47,119,2.0
47,120,3.0
47,121,2.0
47,122,2.0
47,123,2.0
47,124,1.0
47,125,1.0
47,126,5.0
47,127,5.0
47,128,3.0
47,129,5.0
47,130,5.0
47,131,5.0
47,132,2.0
47,133,2.0
47,134,2.0
47,135,2.0
47,136,3.0
47,137,3.0
47,138,3.0
47,139,3.0
47,140,3.0
47,141,3.0
47,142,2.0
47,143,5.0
47,144,5.0
47,145,3.0
47,146,2.0
47,147,3.0
47,148,3.0
47,149,2.0
47,150,3.0
47,151,3.0
47,152,1.0
47,153,2.0
47,154,2.0
47,155,3.0
47,156,3.0
47,157,2.0
47,158,2.0
47,159,0.0
47,160,2.0
47,161,1.0
47,162,5.0
47,163,2.0
47,164,2.0
47,165,2.0
47,166,4.0
47,167,2.0
47,168,4.0
47,169,4.0
47,170,2.0
47,171,3.0
47,172,2.0
47,173,3.0
47,174,3.0
47,175,1.0
47,176,1.0
47,177,2.0
47,178,2.0
47,179,3.0
47,180,1.0
47,181,1.0
47,182,1.0
47,183,3.0
47,184,3.0
47,185,3.0
47,186,4.0
47,187,4.0
47,188,2.0
47,189,1.0
47,190,0.0
47,191,0.0
47,192,0.0
47,193,2.0
47,194,2.0
47,195,1.0
47,196,3.0
47,197,3.0
47,198,3.0
47,199,2.0
47,200,2.0
47,201,2.0
47,202,3.0
47,203,3.0
47,204,1.0
47,205,1.0
47,206,3.0
47,207,3.0
47,208,2.0
47,209,5.0
47,210,2.0
47,211,3.0
47,212,2.0
47,213,5.0
47,214,3.0
47,215,3.0
47,216,2.0
47,217,3.0
47,218,1.0
47,219,3.0
47,220,3.0
47,221,3.0
47,222,2.0
47,223,2.0
47,224,5.0
47,225,5.0
47,226,3.0
47,227,5.0
47,228,3.0
47,229,2.0
47,230,3.0
47,231,5.0
47,232,2.0
47,233,2.0
47,234,2.0
47,235,5.0
47,236,1.0
47,237,3.0
47,238,2.0
47,239,5.0
47,240,3.0
47,241,5.0
47,242,5.0
47,243,3.0
47,244,3.0
47,245,0.0
47,246,3.0
47,247,6.0
47,248,2.0
47,249,2.0
47,250,2.0
47,251,3.0
47,252,1.0
47,253,5.0
47,254,2.0
47,255,1.0
47,256,2.0
47,257,3.0
47,258,3.0
47,259,2.0
47,260,5.0
47,261,5.0
47,262,3.0
47,263,3.0
47,264,3.0
47,265,1.0
47,266,2.0
47,267,5.0
47,268,3.0
47,269,2.0
47,270,2.0
47,271,2.0
47,272,5.0
47,273,5.0
47,274,2.0
47,275,5.0
47,276,5.0
47,277,4.0
47,278,3.0
47,279,2.0
47,280,2.0
47,281,1.0
47,282,3.0
47,283,2.0
47,284,5.0
47,285,2.0
47,286,3.0
47,287,3.0
47,288,2.0
47,289,5.0
47,290,2.0
47,291,1.0
47,292,5.0
47,293,2.0
47,294,2.0
47,295,5.0
47,296,3.0
47,297,6.0
47,298,3.0
47,299,3.0
47,300,3.0
47,301,3.0
47,302,5.0
47,303,5.0
47,304,2.0
47,305,1.0
47,306,4.0
47,307,4.0
47,308,2.0
47,309,3.0
47,310,5.0
47,311,3.0
47,312,2.0
47,313,5.0
47,314,6.0
47,315,2.0
47,316,2.0
47,317,2.0
47,318,3.0
47,319,3.0
47,320,4.0
47,321,5.0
47,322,3.0
47,323,3.0
47,324,5.0
47,325,3.0
47,326,5.0
47,327,2.0
47,328,3.0
47,329,3.0
47,330,5.0
47,331,3.0
47,332,0.0
47,333,2.0
47,334,3.0
47,335,3.0
47,336,1.0
47,337,4.0
47,338,3.0
47,339,2.0
47,340,3.0
47,341,1.0
47,342,4.0
47,343,3.0
47,344,6.0
47,345,2.0
47,346,3.0
47,347,5.0
47,348,2.0
47,349,3.0
47,350,4.0
47,351,5.0
47,352,4.0
47,353,3.0
47,354,5.0
47,355,2.0
47,356,3.0
47,357,4.0
47,358,5.0
47,359,2.0
47,360,3.0
47,361,5.0
47,362,5.0
47,363,2.0
47,364,2.0
47,365,3.0
47,366,5.0
47,367,6.0
47,368,3.0
47,369,1.0
47,370,5.0
47,371,5.0
47,372,5.0
47,373,2.0
47,374,5.0
47,375,2.0
47,376,3.0
47,377,3.0
48,49,4.0
48,50,3.0
48,51,3.0
48,52,2.0
48,53,3.0
48,54,3.0
48,55,3.0
48,56,4.0
48,57,4.0
48,58,2.0
48,59,4.0
48,60,4.0
48,61,3.0
48,62,5.0
48,63,2.0
48,64,5.0
48,65,4.0
48,66,4.0
48,67,3.0
48,68,4.0
48,69,4.0
48,70,4.0
48,71,4.0
48,72,6.0
48,73,3.0
48,74,5.0
48,75,3.0
48,76,5.0
48,77,2.0
48,78,3.0
48,79,3.0
48,80,3.0
48,81,4.0
48,82,3.0
48,83,4.0
48,84,4.0
48,85,4.0
48,86,5.0
48,87,3.0
48,88,4.0
48,89,3.0
48,90,4.0
48,91,4.0
48,92,3.0
48,93,4.0
48,94,4.0
48,95,3.0
48,96,4.0
48,97,3.0
48,98,4.0
48,99,4.0
48,100,3.0
48,101,4.0
48,102,3.0
48,103,4.0
48,104,3.0
48,105,3.0
48,106,3.0
48,107,2.0
48,108,4.0
48,109,4.0
48,110,4.0
48,111,4.0
48,112,5.0
48,113,4.0
48,114,4.0
48,115,4.0
48,116,4.0
48,117,4.0
48,118,6.0
48,119,5.0
48,120,4.0
48,121,6.0
48,122,5.0
48,123,3.0
48,124,3.0
48,125,3.0
48,126,3.0
48,127,3.0
48,128,4.0
48,129,3.0
48,130,3.0
48,131,3.0
48,132,5.0
48,133,5.0
48,134,5.0
48,135,5.0
48,136,5.0
48,137,5.0
48,138,5.0
48,139,4.0
48,140,4.0
48,141,4.0
48,142,4.0
48,143,2.0
48,144,2.0
48,145,5.0
48,146,3.0
48,147,5.0
48,148,5.0
48,149,3.0
48,150,3.0
48,151,3.0
48,152,4.0
48,153,4.0
48,154,4.0
48,155,4.0
48,156,4.0
48,157,4.0
48,158,4.0
48,159,3.0
48,160,5.0
48,161,3.0
48,162,3.0
48,163,4.0
48,164,3.0
48,165,5.0
48,166,3.0
48,167,4.0
48,168,3.0
48,169,4.0
48,170,4.0
48,171,4.0
48,172,4.0
48,173,2.0
48,174,3.0
48,175,3.0
48,176,4.0
48,177,5.0
48,178,5.0
48,179,3.0
48,180,4.0
48,181,4.0
48,182,4.0
48,183,4.0
48,184,4.0
48,185,3.0
48,186,3.0
48,187,3.0
48,188,3.0
48,189,4.0
48,190,3.0
48,191,3.0
48,192,3.0
48,193,3.0
48,194,4.0
48,195,4.0
48,196,4.0
48,197,4.0
48,198,4.0
48,199,4.0
48,200,4.0
48,201,4.0
48,202,4.0
48,203,3.0
48,204,4.0
48,205,4.0
48,206,5.0
48,207,3.0
48,208,4.0
48,209,4.0
48,210,5.0
48,211,4.0
48,212,4.0
48,213,3.0
48,214,4.0
48,215,5.0
48,216,4.0
48,217,4.0
48,218,4.0
48,219,3.0
48,220,3.0
48,221,4.0
48,222,3.0
48,223,4.0
48,224,3.0
48,225,4.0
48,226,4.0
48,227,4.0
48,228,3.0
48,229,5.0
48,230,3.0
48,231,4.0
48,232,4.0
48,233,5.0
48,234,4.0
48,235,4.0
48,236,5.0
48,237,4.0
48,238,4.0
48,239,3.0
48,240,4.0
48,241,3.0
48,242,4.0
48,243,4.0
48,244,3.0
48,245,2.0
48,246,4.0
48,247,3.0
48,248,2.0
48,249,3.0
48,250,3.0
48,251,3.0
48,252,4.0
48,253,4.0
48,254,4.0
48,255,4.0
48,256,4.0
48,257,4.0
48,258,5.0
48,259,5.0
48,260,3.0
48,261,3.0
48,262,3.0
48,263,4.0
48,264,4.0
48,265,4.0
48,266,3.0
48,267,4.0
48,268,3.0
48,269,4.0
48,270,4.0
48,271,3.0
48,272,3.0
48,273,4.0
48,274,5.0
48,275,3.0
48,276,4.0
48,277,3.0
48,278,4.0
48,279,4.0
48,280,5.0
48,281,4.0
48,282,4.0
48,283,4.0
48,284,2.0
48,285,3.0
48,286,4.0
48,287,4.0
48,288,4.0
48,289,3.0
48,290,2.0
48,291,3.0
48,292,4.0
48,293,5.0
48,294,4.0
48,295,3.0
48,296,4.0
48,297,3.0
48,298,4.0
48,299,4.0
48,300,4.0
48,301,4.0
48,302,3.0
48,303,2.0
48,304,4.0
48,305,4.0
48,306,4.0
48,307,3.0
48,308,5.0
48,309,4.0
48,310,3.0
48,311,4.0
48,312,5.0
48,313,4.0
48,314,3.0
48,315,5.0
48,316,3.0
48,317,4.0
48,318,3.0
48,319,3.0
48,320,3.0
48,321,3.0
48,322,3.0
48,323,4.0
48,324,3.0
48,325,3.0
48,326,4.0
48,327,5.0
48,328,3.0
48,329,5.0
48,330,4.0
48,331,5.0
48,332,3.0
48,333,4.0
48,334,4.0
48,335,4.0
48,336,4.0
48,337,3.0
48,338,4.0
48,339,6.0
48,340,4.0
48,341,4.0
48,342,4.0
48,343,3.0
48,344,3.0
48,345,4.0
48,346,3.0
48,347,3.0
48,348,3.0
48,349,4.0
48,350,4.0
48,351,3.0
48,352,4.0
48,353,4.0
48,354,2.0
48,355,3.0
48,356,4.0
48,357,3.0
48,358,4.0
48,359,5.0
48,360,4.0
48,361,3.0
48,362,4.0
48,363,4.0
48,364,5.0
48,365,4.0
48,366,3.0
48,367,3.0
48,368,3.0
48,369,4.0
48,370,5.0
48,371,3.0
48,372,3.0
48,373,4.0
48,374,4.0
48,375,4.0
48,376,3.0
48,377,4.0
49,50,3.0
49,51,3.0
49,52,1.0
49,53,3.0
49,54,1.0
49,55,1.0
49,56,5.0
49,57,5.0
49,58,3.0
49,59,3.0
49,60,4.0
49,61,3.0
49,62,3.0
49,63,1.0
49,64,2.0
49,65,3.0
49,66,3.0
49,67,3.0
49,68,3.0
49,69,5.0
49,70,5.0
49,71,3.0
49,72,3.0
49,73,2.0
49,74,4.0
49,75,3.0
49,76,4.0
49,77,0.0
49,78,2.0
49,79,2.0
49,80,2.0
49,81,6.0
49,82,2.0
49,83,4.0
49,84,4.0
49,85,4.0
49,86,5.0
49,87,2.0
49,88,6.0
49,89,3.0
49,90,5.0
49,91,4.0
49,92,2.0
49,93,3.0
49,94,3.0
49,95,3.0
49,96,4.0
49,97,3.0
49,98,4.0
49,99,7.0
49,100,3.0
49,101,3.0
49,102,3.0
49,103,4.0
49,104,4.0
49,105,2.0
49,106,2.0
49,107,1.0
49,108,5.0
49,109,5.0
49,110,5.0
49,111,3.0
49,112,4.0
49,113,3.0
49,114,4.0
49,115,4.0
49,116,4.0
49,117,5.0
49,118,4.0
49,119,3.0
49,120,5.0
49,121,4.0
49,122,3.0
49,123,4.0
49,124,2.0
49,125,2.0
49,126,2.0
49,127,2.0
49,128,4.0
49,129,2.0
49,130,2.0
49,131,2.0
49,132,4.0
49,133,4.0
49,134,4.0
49,135,4.0
49,136,4.0
49,137,4.0
49,138,4.0
49,139,4.0
49,140,5.0
49,141,5.0
49,142,4.0
49,143,1.0
49,144,1.0
49,145,5.0
49,146,3.0
49,147,4.0
49,148,4.0
49,149,3.0
49,150,4.0
49,151,4.0
49,152,4.0
49,153,4.0
49,154,5.0
49,155,3.0
49,156,4.0
49,157,4.0
49,158,4.0
49,159,3.0
49,160,4.0
49,161,2.0
49,162,2.0
49,163,4.0
49,164,2.0
49,165,4.0
49,166,3.0
49,167,4.0
49,168,2.0
49,169,3.0
49,170,4.0
49,171,5.0
49,172,4.0
49,173,3.0
49,174,3.0
49,175,2.0
49,176,4.0
49,177,4.0
49,178,4.0
49,179,4.0
49,180,3.0
49,181,3.0
49,182,4.0
49,183,2.0
49,184,2.0
49,185,3.0
49,186,4.0
49,187,4.0
49,188,3.0
49,189,4.0
49,190,6.0
49,191,6.0
49,192,6.0
49,193,3.0
49,194,4.0
49,195,7.0
49,196,5.0
49,197,5.0
49,198,5.0
49,199,4.0
49,200,4.0
49,201,4.0
49,202,5.0
49,203,4.0
49,204,7.0
49,205,7.0
49,206,3.0
49,207,2.0
49,208,4.0
49,209,3.0
49,210,5.0
49,211,5.0
49,212,5.0
49,213,2.0
49,214,5.0
49,215,4.0
49,216,4.0
49,217,2.0
49,218,4.0
49,219,3.0
49,220,4.0
49,221,5.0
49,222,2.0
49,223,4.0
49,224,2.0
49,225,3.0
49,226,3.0
49,227,3.0
49,228,3.0
49,229,4.0
49,230,1.0
49,231,3.0
49,232,4.0
49,233,4.0
49,234,6.0
49,235,3.0
49,236,4.0
49,237,5.0
49,238,6.0
49,239,2.0
49,240,5.0
49,241,2.0
49,242,3.0
49,243,5.0
49,244,2.0
49,245,5.0
49,246,2.0
49,247,2.0
49,248,2.0
49,249,4.0
49,250,4.0
49,251,3.0
49,252,7.0
49,253,3.0
49,254,4.0
49,255,4.0
49,256,6.0
49,257,5.0
49,258,5.0
49,259,4.0
49,260,2.0
49,261,2.0
49,262,4.0
49,263,5.0
49,264,5.0
49,265,4.0
49,266,3.0
49,267,3.0
49,268,4.0
49,269,5.0
49,270,4.0
49,271,3.0
49,272,1.0
49,273,3.0
49,274,3.0
49,275,2.0
49,276,3.0
49,277,2.0
49,278,5.0
49,279,6.0
49,280,5.0
49,281,4.0
49,282,2.0
49,283,4.0
49,284,1.0
49,285,2.0
49,286,5.0
49,287,4.0
49,288,3.0
49,289,2.0
49,290,2.0
49,291,3.0
49,292,3.0
49,293,4.0
49,294,4.0
49,295,2.0
49,296,5.0
49,297,2.0
49,298,3.0
49,299,2.0
49,300,5.0
49,301,5.0
49,302,2.0
49,303,1.0
49,304,4.0
49,305,4.0
49,306,1.0
49,307,2.0
49,308,5.0
49,309,5.0
49,310,2.0
49,311,5.0
49,312,4.0
49,313,3.0
49,314,2.0
49,315,3.0
49,316,4.0
49,317,4.0
49,318,2.0
49,319,4.0
49,320,2.0
49,321,2.0
49,322,4.0
49,323,5.0
49,324,1.0
49,325,3.0
49,326,3.0
49,327,4.0
49,328,2.0
49,329,5.0
49,330,3.0
49,331,4.0
49,332,4.0
49,333,4.0
49,334,3.0
49,335,4.0
49,336,5.0
49,337,2.0
49,338,5.0
49,339,4.0
49,340,5.0
49,341,4.0
49,342,3.0
49,343,2.0
49,344,2.0
49,345,6.0
49,346,4.0
49,347,2.0
49,348,4.0
49,349,5.0
49,350,2.0
49,351,2.0
49,352,3.0
49,353,5.0
49,354,1.0
49,355,3.0
49,356,5.0
49,357,3.0
49,358,3.0
49,359,3.0
49,360,5.0
49,361,1.0
49,362,3.0
49,363,3.0
49,364,4.0
49,365,4.0
49,366,1.0
49,367,2.0
49,368,4.0
49,369,4.0
49,370,2.0
49,371,2.0
49,372,2.0
49,373,4.0
49,374,3.0
49,375,3.0
49,376,4.0
49,377,2.0
50,51,9.0
50,52,2.0
50,53,3.0
50,54,3.0
50,55,3.0
50,56,4.0
50,57,4.0
50,58,3.0
50,59,4.0
50,60,4.0
50,61,7.0
50,62,5.0
50,63,3.0
50,64,4.0
50,65,4.0
50,66,4.0
50,67,4.0
50,68,4.0
50,69,4.0
50,70,4.0
50,71,4.0
50,72,2.0
50,73,4.0
50,74,4.0
50,75,9.0
50,76,3.0
50,77,1.0
50,78,3.0
50,79,3.0
50,80,3.0
50,81,4.0
50,82,3.0
50,83,4.0
50,84,4.0
50,85,4.0
50,86,4.0
50,87,3.0
50,88,4.0
50,89,2.0
50,90,4.0
50,91,4.0
50,92,4.0
50,93,4.0
50,94,3.0
50,95,6.0
50,96,3.0
50,97,4.0
50,98,3.0
50,99,3.0
50,100,5.0
50,101,4.0
50,102,5.0
50,103,4.0
50,104,4.0
50,105,3.0
50,106,3.0
50,107,2.0
50,108,4.0
50,109,4.0
50,110,4.0
50,111,4.0
50,112,4.0
50,113,4.0
50,114,4.0
50,115,4.0
50,116,4.0
50,117,4.0
50,118,3.0
50,119,4.0
50,120,4.0
50,121,3.0
50,122,4.0
50,123,4.0
50,124,3.0
50,125,3.0
50,126,4.0
50,127,4.0
50,128,4.0
50,129,4.0
50,130,4.0
50,131,4.0
50,132,4.0
50,133,4.0
50,134,4.0
50,135,4.0
50,136,3.0
50,137,3.0
50,138,3.0
50,139,4.0
50,140,4.0
50,141,4.0
50,142,4.0
50,143,2.0
50,144,2.0
50,145,4.0
50,146,6.0
50,147,3.0
50,148,3.0
50,149,6.0
50,150,4.0
50,151,4.0
50,152,5.0
50,153,3.0
50,154,4.0
50,155,4.0
50,156,4.0
50,157,4.0
50,158,4.0
50,159,2.0
50,160,4.0
50,161,3.0
50,162,4.0
50,163,4.0
50,164,6.0
50,165,4.0
50,166,4.0
50,167,4.0
50,168,4.0
50,169,4.0
50,170,4.0
50,171,4.0
50,172,4.0
50,173,3.0
50,174,4.0
50,175,3.0
50,176,4.0
50,177,5.0
50,178,5.0
50,179,4.0
50,180,2.0
50,181,2.0
50,182,3.0
50,183,4.0
50,184,4.0
50,185,4.0
50,186,3.0
50,187,3.0
50,188,7.0
50,189,4.0
50,190,2.0
50,191,2.0
50,192,2.0
50,193,4.0
50,194,4.0
50,195,3.0
50,196,4.0
50,197,4.0
50,198,4.0
50,199,2.0
50,200,2.0
50,201,2.0
50,202,4.0
50,203,4.0
50,204,3.0
50,205,3.0
50,206,4.0
50,207,5.0
50,208,4.0
50,209,4.0
50,210,3.0
50,211,4.0
50,212,4.0
50,213,3.0
50,214,4.0
50,215,4.0
50,216,4.0
50,217,4.0
50,218,4.0
50,219,4.0
50,220,3.0
50,221,4.0
50,222,3.0
50,223,3.0
50,224,4.0
50,225,4.0
50,226,3.0
50,227,4.0
50,228,4.0
50,229,3.0
50,230,5.0
50,231,4.0
50,232,4.0
50,233,4.0
50,234,4.0
50,235,4.0
50,236,3.0
50,237,4.0
50,238,4.0
50,239,4.0
50,240,4.0
50,241,4.0
50,242,4.0
50,243,4.0
50,244,4.0
50,245,2.0
50,246,4.0
50,247,3.0
50,248,8.0
50,249,4.0
50,250,4.0
50,251,4.0
50,252,3.0
50,253,4.0
50,254,4.0
50,255,4.0
50,256,4.0
50,257,4.0
50,258,4.0
50,259,3.0
50,260,3.0
50,261,4.0
50,262,4.0
50,263,4.0
50,264,4.0
50,265,4.0
50,266,9.0
50,267,4.0
50,268,3.0
50,269,4.0
50,270,4.0
50,271,2.0
50,272,4.0
50,273,4.0
50,274,4.0
50,275,4.0
50,276,4.0
50,277,3.0
50,278,4.0
50,279,4.0
50,280,3.0
50,281,4.0
50,282,4.0
50,283,4.0
50,284,2.0
50,285,2.0
50,286,4.0
50,287,4.0
50,288,3.0
50,289,3.0
50,290,3.0
50,291,2.0
50,292,4.0
50,293,4.0
50,294,4.0
50,295,3.0
50,296,4.0
50,297,3.0
50,298,5.0
50,299,4.0
50,300,4.0
50,301,4.0
50,302,4.0
50,303,2.0
50,304,4.0
50,305,4.0
50,306,4.0
50,307,3.0
50,308,4.0
50,309,4.0
50,310,4.0
50,311,4.0
50,312,3.0
50,313,4.0
50,314,3.0
50,315,4.0
50,316,4.0
50,317,4.0
50,318,5.0
50,319,4.0
50,320,3.0
50,321,4.0
50,322,3.0
50,323,4.0
50,324,4.0
50,325,5.0
50,326,4.0
50,327,3.0
50,328,4.0
50,329,4.0
50,330,4.0
50,331,3.0
50,332,4.0
50,333,4.0
50,334,4.0
50,335,4.0
50,336,3.0
50,337,4.0
50,338,4.0
50,339,3.0
50,340,4.0
50,341,4.0
50,342,4.0
50,343,4.0
50,344,3.0
50,345,4.0
50,346,4.0
50,347,4.0
50,348,4.0
50,349,4.0
50,350,4.0
50,351,4.0
50,352,4.0
50,353,4.0
50,354,2.0
50,355,8.0
50,356,4.0
50,357,5.0
50,358,4.0
50,359,4.0
50,360,4.0
50,361,3.0
50,362,4.0
50,363,4.0
50,364,4.0
50,365,4.0
50,366,4.0
50,367,3.0
50,368,4.0
50,369,4.0
50,370,4.0
50,371,3.0
50,372,3.0
50,373,4.0
50,374,4.0
50,375,3.0
50,376,4.0
50,377,4.0
51,52,2.0
51,53,3.0
51,54,3.0
51,55,3.0
51,56,4.0
51,57,4.0
51,58,3.0
51,59,4.0
51,60,4.0
51,61,7.0
51,62,5.0
51,63,3.0
51,64,4.0
51,65,4.0
51,66,4.0
51,67,4.0
51,68,4.0
51,69,4.0
51,70,4.0
51,71,4.0
51,72,2.0
51,73,4.0
51,74,4.0
51,75,9.0
51,76,3.0
51,77,1.0
51,78,3.0
51,79,3.0
51,80,3.0
51,81,4.0
51,82,3.0
51,83,4.0
51,84,4.0
51,85,4.0
51,86,4.0
51,87,3.0
51,88,4.0
51,89,2.0
51,90,4.0
51,91,4.0
51,92,4.0
51,93,4.0
51,94,3.0
51,95,6.0
51,96,3.0
51,97,4.0
51,98,3.0
51,99,3.0
51,100,5.0
51,101,4.0
51,102,5.0
51,103,4.0
51,104,4.0
51,105,3.0
51,106,3.0
51,107,2.0
51,108,4.0
51,109,4.0
51,110,4.0
51,111,4.0
51,112,4.0
51,113,4.0
51,114,4.0
51,115,4.0
51,116,4.0
51,117,4.0
51,118,3.0
51,119,4.0
51,120,4.0
51,121,3.0
51,122,4.0
51,123,4.0
51,124,3.0
51,125,3.0
51,126,4.0
51,127,4.0
51,128,4.0
51,129,4.0
51,130,4.0
51,131,4.0
51,132,4.0
51,133,4.0
51,134,4.0
51,135,4.0
51,136,3.0
51,137,3.0
51,138,3.0
51,139,4.0
51,140,4.0
51,141,4.0
51,142,4.0
51,143,2.0
51,144,2.0
51,145,4.0
51,146,6.0
51,147,3.0
51,148,3.0
51,149,6.0
51,150,4.0
51,151,4.0
51,152,5.0
51,153,3.0
51,154,4.0
51,155,4.0
51,156,4.0
51,157,4.0
51,158,4.0
51,159,2.0
51,160,4.0
51,161,3.0
51,162,4.0
51,163,4.0
51,164,6.0
51,165,4.0
51,166,4.0
51,167,4.0
51,168,4.0
51,169,4.0
51,170,4.0
51,171,4.0
51,172,4.0
51,173,3.0
51,174,4.0
51,175,3.0
51,176,4.0
51,177,5.0
51,178,5.0
51,179,4.0
51,180,2.0
51,181,2.0
51,182,3.0
51,183,4.0
51,184,4.0
51,185,4.0
51,186,3.0
51,187,3.0
51,188,7.0
51,189,4.0
51,190,2.0
51,191,2.0
51,192,2.0
51,193,4.0
51,194,4.0
51,195,3.0
51,196,4.0
51,197,4.0
51,198,4.0
51,199,2.0
51,200,2.0
51,201,2.0
51,202,4.0
51,203,4.0
51,204,3.0
51,205,3.0
51,206,4.0
51,207,5.0
51,208,4.0
51,209,4.0
51,210,3.0
51,211,4.0
51,212,4.0
51,213,3.0
51,214,4.0
51,215,4.0
51,216,4.0
51,217,4.0
51,218,4.0
51,219,4.0
51,220,3.0
51,221,4.0
51,222,3.0
51,223,3.0
51,224,4.0
51,225,4.0
51,226,3.0
51,227,4.0
51,228,4.0
51,229,3.0
51,230,5.0
51,231,4.0
51,232,4.0
51,233,4.0
51,234,4.0
51,235,4.0
51,236,3.0
51,237,4.0
51,238,4.0
51,239,4.0
51,240,4.0
51,241,4.0
51,242,4.0
51,243,4.0
51,244,4.0
51,245,2.0
51,246,4.0
51,247,3.0
51,248,8.0
51,249,4.0
51,250,4.0
51,251,4.0
51,252,3.0
51,253,4.0
51,254,4.0
51,255,4.0
51,256,4.0
51,257,4.0
51,258,4.0
51,259,3.0
51,260,3.0
51,261,4.0
51,262,4.0
51,263,4.0
51,264,4.0
51,265,4.0
51,266,9.0
51,267,4.0
51,268,3.0
51,269,4.0
51,270,4.0
51,271,2.0
51,272,4.0
51,273,4.0
51,274,4.0
51,275,4.0
51,276,4.0
51,277,3.0
51,278,4.0
51,279,4.0
51,280,3.0
51,281,4.0
51,282,4.0
51,283,4.0
51,284,2.0
51,285,2.0
51,286,4.0
51,287,4.0
51,288,3.0
51,289,3.0
51,290,3.0
51,291,2.0
51,292,4.0
51,293,4.0
51,294,4.0
51,295,3.0
51,296,4.0
51,297,3.0
51,298,5.0
51,299,4.0
51,300,4.0
51,301,4.0
51,302,4.0
51,303,2.0
51,304,4.0
51,305,4.0
51,306,4.0
51,307,3.0
51,308,4.0
51,309,4.0
51,310,4.0
51,311,4.0
51,312,3.0
51,313,4.0
51,314,3.0
51,315,4.0
51,316,4.0
51,317,4.0
51,318,5.0
51,319,4.0
51,320,3.0
51,321,4.0
51,322,3.0
51,323,4.0
51,324,4.0
51,325,5.0
51,326,4.0
51,327,3.0
51,328,4.0
51,329,4.0
51,330,4.0
51,331,3.0
51,332,4.0
51,333,4.0
51,334,4.0
51,335,4.0
51,336,3.0
51,337,4.0
51,338,4.0
51,339,3.0
51,340,4.0
51,341,4.0
51,342,4.0
51,343,4.0
51,344,3.0
51,345,4.0
51,346,4.0
51,347,4.0
51,348,4.0
51,349,4.0
51,350,4.0
51,351,4.0
51,352,4.0
51,353,4.0
51,354,2.0
51,355,8.0
51,356,4.0
51,357,5.0
51,358,4.0
51,359,4.0
51,360,4.0
51,361,3.0
51,362,4.0
51,363,4.0
51,364,4.0
51,365,4.0
51,366,4.0
51,367,3.0
51,368,4.0
51,369,4.0
51,370,4.0
51,371,3.0
51,372,3.0
51,373,4.0
51,374,4.0
51,375,3.0
51,376,4.0
51,377,4.0
52,53,1.0
52,54,5.0
52,55,5.0
52,56,2.0
52,57,2.0
52,58,4.0
52,59,5.0
52,60,1.0
52,61,2.0
52,62,2.0
52,63,6.0
52,64,4.0
52,65,3.0
52,66,3.0
52,67,3.0
52,68,5.0
52,69,3.0
52,70,3.0
52,71,5.0
52,72,2.0
52,73,5.0
52,74,1.0
52,75,2.0
52,76,2.0
52,77,5.0
52,78,3.0
52,79,3.0
52,80,6.0
52,81,2.0
52,82,4.0
52,83,3.0
52,84,3.0
52,85,3.0
52,86,3.0
52,87,4.0
52,88,2.0
52,89,2.0
52,90,3.0
52,91,2.0
52,92,3.0
52,93,3.0
52,94,2.0
52,95,2.0
52,96,2.0
52,97,4.0
52,98,2.0
52,99,1.0
52,100,3.0
52,101,5.0
52,102,3.0
52,103,2.0
52,104,3.0
52,105,4.0
52,106,4.0
52,107,6.0
52,108,2.0
52,109,2.0
52,110,3.0
52,111,3.0
52,112,2.0
52,113,3.0
52,114,3.0
52,115,3.0
52,116,3.0
52,117,3.0
52,118,2.0
52,119,2.0
52,120,3.0
52,121,2.0
52,122,2.0
52,123,2.0
52,124,1.0
52,125,1.0
52,126,5.0
52,127,5.0
52,128,3.0
52,129,5.0
52,130,5.0
52,131,5.0
52,132,2.0
52,133,2.0
52,134,2.0
52,135,2.0
52,136,3.0
52,137,3.0
52,138,3.0
52,139,3.0
52,140,3.0
52,141,3.0
52,142,2.0
52,143,5.0
52,144,5.0
52,145,3.0
52,146,2.0
52,147,3.0
52,148,3.0
52,149,2.0
52,150,3.0
52,151,3.0
52,152,1.0
52,153,2.0
52,154,2.0
52,155,3.0
52,156,3.0
52,157,2.0
52,158,2.0
52,159,0.0
52,160,2.0
52,161,1.0
52,162,5.0
52,163,2.0
52,164,2.0
52,165,2.0
52,166,4.0
52,167,2.0
52,168,4.0
52,169,4.0
52,170,2.0
52,171,3.0
52,172,2.0
52,173,3.0
52,174,3.0
52,175,1.0
52,176,1.0
52,177,2.0
52,178,2.0
52,179,3.0
52,180,1.0
52,181,1.0
52,182,1.0
52,183,3.0
52,184,3.0
52,185,3.0
52,186,4.0
52,187,4.0
52,188,2.0
52,189,1.0
52,190,0.0
52,191,0.0
52,192,0.0
52,193,2.0
52,194,2.0
52,195,1.0
52,196,3.0
52,197,3.0
52,198,3.0
52,199,2.0
52,200,2.0
52,201,2.0
52,202,3.0
52,203,3.0
52,204,1.0
52,205,1.0
52,206,3.0
52,207,3.0
52,208,2.0
52,209,5.0
52,210,2.0
52,211,3.0
52,212,2.0
52,213,5.0
52,214,3.0
52,215,3.0
52,216,2.0
52,217,3.0
52,218,1.0
52,219,3.0
52,220,3.0
52,221,3.0
52,222,2.0
52,223,2.0
52,224,5.0
52,225,5.0
52,226,3.0
52,227,5.0
52,228,3.0
52,229,2.0
52,230,3.0
52,231,5.0
52,232,2.0
52,233,2.0
52,234,2.0
52,235,5.0
52,236,1.0
52,237,3.0
52,238,2.0
52,239,5.0
52,240,3.0
52,241,5.0
52,242,5.0
52,243,3.0
52,244,3.0
52,245,0.0
52,246,3.0
52,247,6.0
52,248,2.0
52,249,2.0
52,250,2.0
52,251,3.0
52,252,1.0
52,253,5.0
52,254,2.0
52,255,1.0
52,256,2.0
52,257,3.0
52,258,3.0
52,259,2.0
52,260,5.0
52,261,5.0
52,262,3.0
52,263,3.0
52,264,3.0
52,265,1.0
52,266,2.0
52,267,5.0
52,268,3.0
52,269,2.0
52,270,2.0
52,271,2.0
52,272,5.0
52,273,5.0
52,274,2.0
52,275,5.0
52,276,5.0
52,277,4.0
52,278,3.0
52,279,2.0
52,280,2.0
52,281,1.0
52,282,3.0
52,283,2.0
52,284,5.0
52,285,2.0
52,286,3.0
52,287,3.0
52,288,2.0
52,289,5.0
52,290,2.0
52,291,1.0
52,292,5.0
52,293,2.0
52,294,2.0
52,295,5.0
52,296,3.0
52,297,6.0
52,298,3.0
52,299,3.0
52,300,3.0
52,301,3.0
52,302,5.0
52,303,5.0
52,304,2.0
52,305,1.0
52,306,4.0
52,307,4.0
52,308,2.0
52,309,3.0
52,310,5.0
52,311,3.0
52,312,2.0
52,313,5.0
52,314,6.0
52,315,2.0
52,316,2.0
52,317,2.0
52,318,3.0
52,319,3.0
52,320,4.0
52,321,5.0
52,322,3.0
52,323,3.0
52,324,5.0
52,325,3.0
52,326,5.0
52,327,2.0
52,328,3.0
52,329,3.0
52,330,5.0
52,331,3.0
52,332,0.0
52,333,2.0
52,334,3.0
52,335,3.0
52,336,1.0
52,337,4.0
52,338,3.0
52,339,2.0
52,340,3.0
52,341,1.0
52,342,4.0
52,343,3.0
52,344,6.0
52,345,2.0
52,346,3.0
52,347,5.0
52,348,2.0
52,349,3.0
52,350,4.0
52,351,5.0
52,352,4.0
52,353,3.0
52,354,5.0
52,355,2.0
52,356,3.0
52,357,4.0
52,358,5.0
52,359,2.0
52,360,3.0
52,361,5.0
52,362,5.0
52,363,2.0
52,364,2.0
52,365,3.0
52,366,5.0
52,367,6.0
52,368,3.0
52,369,1.0
52,370,5.0
52,371,5.0
52,372,5.0
52,373,2.0
52,374,5.0
52,375,2.0
52,376,3.0
52,377,3.0
53,54,2.0
53,55,2.0
53,56,4.0
53,57,3.0
53,58,2.0
53,59,3.0
53,60,4.0
53,61,3.0
53,62,3.0
53,63,2.0
53,64,3.0
53,65,2.0
53,66,2.0
53,67,3.0
53,68,3.0
53,69,4.0
53,70,4.0
53,71,3.0
53,72,4.0
53,73,2.0
53,74,4.0
53,75,3.0
53,76,3.0
53,77,2.0
53,78,2.0
53,79,2.0
53,80,2.0
53,81,4.0
53,82,4.0
53,83,4.0
53,84,4.0
53,85,4.0
53,86,4.0
53,87,4.0
53,88,4.0
53,89,3.0
53,90,4.0
53,91,5.0
53,92,3.0
53,93,2.0
53,94,3.0
53,95,3.0
53,96,4.0
53,97,3.0
53,98,4.0
53,99,3.0
53,100,3.0
53,101,3.0
53,102,3.0
53,103,5.0
53,104,5.0
53,105,2.0
53,106,2.0
53,107,2.0
53,108,4.0
53,109,4.0
53,110,4.0
53,111,4.0
53,112,5.0
53,113,4.0
53,114,4.0
53,115,4.0
53,116,4.0
53,117,4.0
53,118,4.0
53,119,4.0
53,120,4.0
53,121,4.0
53,122,4.0
53,123,4.0
53,124,2.0
53,125,2.0
53,126,2.0
53,127,2.0
53,128,4.0
53,129,2.0
53,130,2.0
53,131,2.0
53,132,4.0
53,133,4.0
53,134,4.0
53,135,4.0
53,136,4.0
53,137,4.0
53,138,4.0
53,139,4.0
53,140,4.0
53,141,4.0
53,142,3.0
53,143,3.0
53,144,3.0
53,145,4.0
53,146,3.0
53,147,4.0
53,148,4.0
53,149,3.0
53,150,5.0
53,151,5.0
53,152,3.0
53,153,2.0
53,154,4.0
53,155,3.0
53,156,3.0
53,157,5.0
53,158,5.0
53,159,2.0
53,160,4.0
53,161,2.0
53,162,2.0
53,163,5.0
53,164,3.0
53,165,4.0
53,166,2.0
53,167,5.0
53,168,3.0
53,169,3.0
53,170,5.0
53,171,4.0
53,172,5.0
53,173,2.0
53,174,3.0
53,175,2.0
53,176,4.0
53,177,4.0
53,178,4.0
53,179,4.0
53,180,5.0
53,181,5.0
53,182,4.0
53,183,3.0
53,184,3.0
53,185,3.0
53,186,3.0
53,187,3.0
53,188,3.0
53,189,4.0
53,190,4.0
53,191,4.0
53,192,4.0
53,193,4.0
53,194,5.0
53,195,3.0
53,196,4.0
53,197,4.0
53,198,4.0
53,199,3.0
53,200,3.0
53,201,3.0
53,202,4.0
53,203,3.0
53,204,3.0
53,205,3.0
53,206,3.0
53,207,4.0
53,208,5.0
53,209,3.0
53,210,3.0
53,211,4.0
53,212,4.0
53,213,2.0
53,214,4.0
53,215,4.0
53,216,5.0
53,217,3.0
53,218,4.0
53,219,3.0
53,220,3.0
53,221,4.0
53,222,4.0
53,223,4.0
53,224,2.0
53,225,3.0
53,226,4.0
53,227,3.0
53,228,4.0
53,229,4.0
53,230,2.0
53,231,3.0
53,232,4.0
53,233,5.0
53,234,4.0
53,235,3.0
53,236,3.0
53,237,4.0
53,238,4.0
53,239,3.0
53,240,4.0
53,241,2.0
53,242,3.0
53,243,4.0
53,244,3.0
53,245,3.0
53,246,3.0
53,247,2.0
53,248,3.0
53,249,3.0
53,250,4.0
53,251,4.0
53,252,3.0
53,253,3.0
53,254,5.0
53,255,4.0
53,256,4.0
53,257,4.0
53,258,4.0
53,259,4.0
53,260,2.0
53,261,3.0
53,262,3.0
53,263,4.0
53,264,4.0
53,265,4.0
53,266,3.0
53,267,3.0
53,268,3.0
53,269,4.0
53,270,5.0
53,271,2.0
53,272,2.0
53,273,3.0
53,274,4.0
53,275,2.0
53,276,3.0
53,277,4.0
53,278,4.0
53,279,4.0
53,280,3.0
53,281,4.0
53,282,3.0
53,283,5.0
53,284,3.0
53,285,2.0
53,286,4.0
53,287,5.0
53,288,2.0
53,289,2.0
53,290,4.0
53,291,5.0
53,292,3.0
53,293,5.0
53,294,5.0
53,295,2.0
53,296,4.0
53,297,2.0
53,298,3.0
53,299,3.0
53,300,4.0
53,301,4.0
53,302,3.0
53,303,3.0
53,304,5.0
53,305,4.0
53,306,2.0
53,307,4.0
53,308,4.0
53,309,4.0
53,310,3.0
53,311,4.0
53,312,4.0
53,313,3.0
53,314,2.0
53,315,4.0
53,316,3.0
53,317,5.0
53,318,4.0
53,319,2.0
53,320,4.0
53,321,2.0
53,322,3.0
53,323,4.0
53,324,2.0
53,325,3.0
53,326,3.0
53,327,4.0
53,328,3.0
53,329,4.0
53,330,3.0
53,331,4.0
53,332,3.0
53,333,5.0
53,334,3.0
53,335,4.0
53,336,4.0
53,337,2.0
53,338,4.0
53,339,4.0
53,340,4.0
53,341,4.0
53,342,3.0
53,343,3.0
53,344,2.0
53,345,4.0
53,346,3.0
53,347,2.0
53,348,4.0
53,349,4.0
53,350,3.0
53,351,2.0
53,352,4.0
53,353,4.0
53,354,3.0
53,355,3.0
53,356,4.0
53,357,3.0
53,358,3.0
53,359,4.0
53,360,4.0
53,361,2.0
53,362,3.0
53,363,5.0
53,364,4.0
53,365,5.0
53,366,2.0
53,367,2.0
53,368,3.0
53,369,4.0
53,370,2.0
53,371,2.0
53,372,2.0
53,373,5.0
53,374,3.0
53,375,5.0
53,376,3.0
53,377,3.0
54,55,7.0
54,56,2.0
54,57,2.0
54,58,2.0
54,59,5.0
54,60,1.0
54,61,3.0
54,62,3.0
54,63,5.0
54,64,5.0
54,65,3.0
54,66,3.0
54,67,3.0
54,68,5.0
54,69,3.0
54,70,3.0
54,71,5.0
54,72,3.0
54,73,5.0
54,74,2.0
54,75,3.0
54,76,2.0
54,77,5.0
54,78,4.0
54,79,4.0
54,80,6.0
54,81,2.0
54,82,5.0
54,83,3.0
54,84,3.0
54,85,3.0
54,86,3.0
54,87,5.0
54,88,2.0
54,89,3.0
54,90,3.0
54,91,2.0
54,92,4.0
54,93,3.0
54,94,2.0
54,95,3.0
54,96,2.0
54,97,4.0
54,98,2.0
54,99,1.0
54,100,3.0
54,101,5.0
54,102,3.0
54,103,2.0
54,104,3.0
54,105,4.0
54,106,4.0
54,107,4.0
54,108,2.0
54,109,2.0
54,110,3.0
54,111,3.0
54,112,3.0
54,113,3.0
54,114,3.0
54,115,3.0
54,116,3.0
54,117,3.0
54,118,3.0
54,119,3.0
54,120,3.0
54,121,3.0
54,122,3.0
54,123,2.0
54,124,1.0
54,125,1.0
54,126,5.0
54,127,5.0
54,128,3.0
54,129,5.0
54,130,5.0
54,131,5.0
54,132,2.0
54,133,2.0
54,134,2.0
54,135,2.0
54,136,3.0
54,137,3.0
54,138,3.0
54,139,3.0
54,140,3.0
54,141,3.0
54,142,2.0
54,143,4.0
54,144,4.0
54,145,3.0
54,146,3.0
54,147,3.0
54,148,3.0
54,149,3.0
54,150,3.0
54,151,3.0
54,152,1.0
54,153,2.0
54,154,2.0
54,155,3.0
54,156,3.0
54,157,2.0
54,158,2.0
54,159,1.0
54,160,3.0
54,161,1.0
54,162,5.0
54,163,2.0
54,164,3.0
54,165,2.0
54,166,4.0
54,167,2.0
54,168,5.0
54,169,4.0
54,170,2.0
54,171,3.0
54,172,2.0
54,173,2.0
54,174,3.0
54,175,1.0
54,176,1.0
54,177,3.0
54,178,3.0
54,179,4.0
54,180,2.0
54,181,2.0
54,182,1.0
54,183,4.0
54,184,4.0
54,185,3.0
54,186,2.0
54,187,2.0
54,188,3.0
54,189,1.0
54,190,1.0
54,191,1.0
54,192,1.0
54,193,2.0
54,194,2.0
54,195,1.0
54,196,3.0
54,197,3.0
54,198,3.0
54,199,3.0
54,200,3.0
54,201,3.0
54,202,3.0
54,203,3.0
54,204,1.0
54,205,1.0
54,206,4.0
54,207,4.0
54,208,2.0
54,209,5.0
54,210,2.0
54,211,3.0
54,212,2.0
54,213,5.0
54,214,3.0
54,215,4.0
54,216,2.0
54,217,4.0
54,218,1.0
54,219,4.0
54,220,2.0
54,221,3.0
54,222,3.0
54,223,2.0
54,224,5.0
54,225,5.0
54,226,3.0
54,227,5.0
54,228,4.0
54,229,2.0
54,230,3.0
54,231,5.0
54,232,3.0
54,233,3.0
54,234,2.0
54,235,5.0
54,236,1.0
54,237,3.0
54,238,2.0
54,239,6.0
54,240,3.0
54,241,5.0
54,242,5.0
54,243,3.0
54,244,3.0
54,245,1.0
54,246,4.0
54,247,6.0
54,248,3.0
54,249,2.0
54,250,2.0
54,251,4.0
54,252,1.0
54,253,5.0
54,254,2.0
54,255,1.0
54,256,2.0
54,257,3.0
54,258,3.0
54,259,2.0
54,260,5.0
54,261,6.0
54,262,3.0
54,263,3.0
54,264,3.0
54,265,1.0
54,266,3.0
54,267,5.0
54,268,2.0
54,269,2.0
54,270,2.0
54,271,1.0
54,272,6.0
54,273,5.0
54,274,3.0
54,275,5.0
54,276,5.0
54,277,5.0
54,278,3.0
54,279,2.0
54,280,2.0
54,281,1.0
54,282,4.0
54,283,2.0
54,284,4.0
54,285,3.0
54,286,3.0
54,287,3.0
54,288,2.0
54,289,5.0
54,290,3.0
54,291,3.0
54,292,5.0
54,293,3.0
54,294,2.0
54,295,5.0
54,296,3.0
54,297,6.0
54,298,4.0
54,299,4.0
54,300,3.0
54,301,3.0
54,302,6.0
54,303,4.0
54,304,2.0
54,305,1.0
54,306,5.0
54,307,5.0
54,308,2.0
54,309,3.0
54,310,6.0
54,311,3.0
54,312,2.0
54,313,5.0
54,314,6.0
54,315,3.0
54,316,2.0
54,317,2.0
54,318,4.0
54,319,3.0
54,320,5.0
54,321,5.0
54,322,2.0
54,323,3.0
54,324,6.0
54,325,3.0
54,326,5.0
54,327,2.0
54,328,3.0
54,329,3.0
54,330,5.0
54,331,3.0
54,332,1.0
54,333,2.0
54,334,3.0
54,335,3.0
54,336,1.0
54,337,4.0
54,338,3.0
54,339,3.0
54,340,3.0
54,341,1.0
54,342,4.0
54,343,3.0
54,344,6.0
54,345,2.0
54,346,3.0
54,347,5.0
54,348,2.0
54,349,3.0
54,350,5.0
54,351,5.0
54,352,4.0
54,353,3.0
54,354,4.0
54,355,3.0
54,356,3.0
54,357,4.0
54,358,5.0
54,359,3.0
54,360,3.0
54,361,6.0
54,362,5.0
54,363,3.0
54,364,2.0
54,365,3.0
54,366,6.0
54,367,6.0
54,368,4.0
54,369,1.0
54,370,5.0
54,371,5.0
54,372,5.0
54,373,2.0
54,374,5.0
54,375,3.0
54,376,3.0
54,377,4.0
55,56,2.0
55,57,2.0
55,58,2.0
55,59,5.0
55,60,1.0
55,61,3.0
55,62,3.0
55,63,5.0
55,64,5.0
55,65,3.0
55,66,3.0
55,67,3.0
55,68,5.0
55,69,3.0
55,70,3.0
55,71,5.0
55,72,3.0
55,73,5.0
55,74,2.0
55,75,3.0
55,76,2.0
55,77,5.0
55,78,4.0
55,79,4.0
55,80,6.0
55,81,2.0
55,82,5.0
55,83,3.0
55,84,3.0
55,85,3.0
55,86,3.0
55,87,5.0
55,88,2.0
55,89,3.0
55,90,3.0
55,91,2.0
55,92,4.0
55,93,3.0
55,94,2.0
55,95,3.0
55,96,2.0
55,97,4.0
55,98,2.0
55,99,1.0
55,100,3.0
55,101,5.0
55,102,3.0
55,103,2.0
55,104,3.0
55,105,4.0
55,106,4.0
55,107,4.0
55,108,2.0
55,109,2.0
55,110,3.0
55,111,3.0
55,112,3.0
55,113,3.0
55,114,3.0
55,115,3.0
55,116,3.0
55,117,3.0
55,118,3.0
55,119,3.0
55,120,3.0
55,121,3.0
55,122,3.0
55,123,2.0
55,124,1.0
55,125,1.0
55,126,5.0
55,127,5.0
55,128,3.0
55,129,5.0
55,130,5.0
55,131,5.0
55,132,2.0
55,133,2.0
55,134,2.0
55,135,2.0
55,136,3.0
55,137,3.0
55,138,3.0
55,139,3.0
55,140,3.0
55,141,3.0
55,142,2.0
55,143,4.0
55,144,4.0
55,145,3.0
55,146,3.0
55,147,3.0
55,148,3.0
55,149,3.0
55,150,3.0
55,151,3.0
55,152,1.0
55,153,2.0
55,154,2.0
55,155,3.0
55,156,3.0
55,157,2.0
55,158,2.0
55,159,1.0
55,160,3.0
55,161,1.0
55,162,5.0
55,163,2.0
55,164,3.0
55,165,2.0
55,166,4.0
55,167,2.0
55,168,5.0
55,169,4.0
55,170,2.0
55,171,3.0
55,172,2.0
55,173,2.0
55,174,3.0
55,175,1.0
55,176,1.0
55,177,3.0
55,178,3.0
55,179,4.0
55,180,2.0
55,181,2.0
55,182,1.0
55,183,4.0
55,184,4.0
55,185,3.0
55,186,2.0
55,187,2.0
55,188,3.0
55,189,1.0
55,190,1.0
55,191,1.0
55,192,1.0
55,193,2.0
55,194,2.0
55,195,1.0
55,196,3.0
55,197,3.0
55,198,3.0
55,199,3.0
55,200,3.0
55,201,3.0
55,202,3.0
55,203,3.0
55,204,1.0
55,205,1.0
55,206,4.0
55,207,4.0
55,208,2.0
55,209,5.0
55,210,2.0
55,211,3.0
55,212,2.0
55,213,5.0
55,214,3.0
55,215,4.0
55,216,2.0
55,217,4.0
55,218,1.0
55,219,4.0
55,220,2.0
55,221,3.0
55,222,3.0
55,223,2.0
55,224,5.0
55,225,5.0
55,226,3.0
55,227,5.0
55,228,4.0
55,229,2.0
55,230,3.0
55,231,5.0
55,232,3.0
55,233,3.0
55,234,2.0
55,235,5.0
55,236,1.0
55,237,3.0
55,238,2.0
55,239,6.0
55,240,3.0
55,241,5.0
55,242,5.0
55,243,3.0
55,244,3.0
55,245,1.0
55,246,4.0
55,247,6.0
55,248,3.0
55,249,2.0
55,250,2.0
55,251,4.0
55,252,1.0
55,253,5.0
55,254,2.0
55,255,1.0
55,256,2.0
55,257,3.0
55,258,3.0
55,259,2.0
55,260,5.0
55,261,6.0
55,262,3.0
55,263,3.0
55,264,3.0
55,265,1.0
55,266,3.0
55,267,5.0
55,268,2.0
55,269,2.0
55,270,2.0
55,271,1.0
55,272,6.0
55,273,5.0
55,274,3.0
55,275,5.0
55,276,5.0
55,277,5.0
55,278,3.0
55,279,2.0
55,280,2.0
55,281,1.0
55,282,4.0
55,283,2.0
55,284,4.0
55,285,3.0
55,286,3.0
55,287,3.0
55,288,2.0
55,289,5.0
55,290,3.0
55,291,3.0
55,292,5.0
55,293,3.0
55,294,2.0
55,295,5.0
55,296,3.0
55,297,6.0
55,298,4.0
55,299,4.0
55,300,3.0
55,301,3.0
55,302,6.0
55,303,4.0
55,304,2.0
55,305,1.0
55,306,5.0
55,307,5.0
55,308,2.0
55,309,3.0
55,310,6.0
55,311,3.0
55,312,2.0
55,313,5.0
55,314,6.0
55,315,3.0
55,316,2.0
55,317,2.0
55,318,4.0
55,319,3.0
55,320,5.0
55,321,5.0
55,322,2.0
55,323,3.0
55,324,6.0
55,325,3.0
55,326,5.0
55,327,2.0
55,328,3.0
55,329,3.0
55,330,5.0
55,331,3.0
55,332,1.0
55,333,2.0
55,334,3.0
55,335,3.0
55,336,1.0
55,337,4.0
55,338,3.0
55,339,3.0
55,340,3.0
55,341,1.0
55,342,4.0
55,343,3.0
55,344,6.0
55,345,2.0
55,346,3.0
55,347,5.0
55,348,2.0
55,349,3.0
55,350,5.0
55,351,5.0
55,352,4.0
55,353,3.0
55,354,4.0
55,355,3.0
55,356,3.0
55,357,4.0
55,358,5.0
55,359,3.0
55,360,3.0
55,361,6.0
55,362,5.0
55,363,3.0
55,364,2.0
55,365,3.0
55,366,6.0
55,367,6.0
55,368,4.0
55,369,1.0
55,370,5.0
55,371,5.0
55,372,5.0
55,373,2.0
55,374,5.0
55,375,3.0
55,376,3.0
55,377,4.0
56,57,6.0
56,58,4.0
56,59,4.0
56,60,4.0
56,61,3.0
56,62,4.0
56,63,2.0
56,64,3.0
56,65,3.0
56,66,3.0
56,67,4.0
56,68,4.0
56,69,6.0
56,70,6.0
56,71,4.0
56,72,4.0
56,73,3.0
56,74,5.0
56,75,4.0
56,76,4.0
56,77,1.0
56,78,2.0
56,79,2.0
56,80,3.0
56,81,6.0
56,82,3.0
56,83,5.0
56,84,5.0
56,85,5.0
56,86,6.0
56,87,3.0
56,88,6.0
56,89,3.0
56,90,6.0
56,91,5.0
56,92,2.0
56,93,3.0
56,94,3.0
56,95,3.0
56,96,5.0
56,97,4.0
56,98,5.0
56,99,5.0
56,100,4.0
56,101,4.0
56,102,4.0
56,103,5.0
56,104,5.0
56,105,2.0
56,106,2.0
56,107,2.0
56,108,6.0
56,109,6.0
56,110,6.0
56,111,4.0
56,112,5.0
56,113,4.0
56,114,5.0
56,115,5.0
56,116,5.0
56,117,6.0
56,118,4.0
56,119,4.0
56,120,6.0
56,121,4.0
56,122,4.0
56,123,4.0
56,124,2.0
56,125,2.0
56,126,3.0
56,127,3.0
56,128,5.0
56,129,3.0
56,130,3.0
56,131,3.0
56,132,4.0
56,133,4.0
56,134,4.0
56,135,4.0
56,136,5.0
56,137,5.0
56,138,5.0
56,139,5.0
56,140,6.0
56,141,6.0
56,142,5.0
56,143,2.0
56,144,2.0
56,145,6.0
56,146,3.0
56,147,5.0
56,148,5.0
56,149,3.0
56,150,5.0
56,151,5.0
56,152,4.0
56,153,4.0
56,154,6.0
56,155,4.0
56,156,5.0
56,157,5.0
56,158,5.0
56,159,2.0
56,160,5.0
56,161,2.0
56,162,3.0
56,163,5.0
56,164,3.0
56,165,5.0
56,166,3.0
56,167,5.0
56,168,2.0
56,169,4.0
56,170,5.0
56,171,6.0
56,172,5.0
56,173,4.0
56,174,4.0
56,175,2.0
56,176,4.0
56,177,5.0
56,178,5.0
56,179,5.0
56,180,4.0
56,181,4.0
56,182,4.0
56,183,3.0
56,184,3.0
56,185,4.0
56,186,5.0
56,187,5.0
56,188,3.0
56,189,4.0
56,190,4.0
56,191,4.0
56,192,4.0
56,193,4.0
56,194,5.0
56,195,5.0
56,196,6.0
56,197,6.0
56,198,6.0
56,199,4.0
56,200,4.0
56,201,4.0
56,202,6.0
56,203,5.0
56,204,5.0
56,205,5.0
56,206,4.0
56,207,4.0
56,208,5.0
56,209,4.0
56,210,5.0
56,211,6.0
56,212,6.0
56,213,3.0
56,214,6.0
56,215,5.0
56,216,5.0
56,217,3.0
56,218,4.0
56,219,3.0
56,220,5.0
56,221,6.0
56,222,3.0
56,223,4.0
56,224,3.0
56,225,4.0
56,226,5.0
56,227,4.0
56,228,3.0
56,229,4.0
56,230,2.0
56,231,4.0
56,232,5.0
56,233,5.0
56,234,6.0
56,235,4.0
56,236,4.0
56,237,6.0
56,238,6.0
56,239,3.0
56,240,6.0
56,241,3.0
56,242,4.0
56,243,6.0
56,244,2.0
56,245,3.0
56,246,3.0
56,247,3.0
56,248,3.0
56,249,5.0
56,250,5.0
56,251,3.0
56,252,5.0
56,253,4.0
56,254,5.0
56,255,4.0
56,256,6.0
56,257,6.0
56,258,6.0
56,259,4.0
56,260,3.0
56,261,3.0
56,262,5.0
56,263,6.0
56,264,6.0
56,265,4.0
56,266,4.0
56,267,4.0
56,268,5.0
56,269,6.0
56,270,5.0
56,271,3.0
56,272,2.0
56,273,4.0
56,274,4.0
56,275,3.0
56,276,4.0
56,277,3.0
56,278,6.0
56,279,6.0
56,280,5.0
56,281,4.0
56,282,3.0
56,283,5.0
56,284,2.0
56,285,2.0
56,286,6.0
56,287,5.0
56,288,3.0
56,289,3.0
56,290,3.0
56,291,3.0
56,292,4.0
56,293,5.0
56,294,5.0
56,295,3.0
56,296,6.0
56,297,3.0
56,298,3.0
56,299,3.0
56,300,6.0
56,301,6.0
56,302,3.0
56,303,2.0
56,304,5.0
56,305,4.0
56,306,2.0
56,307,3.0
56,308,6.0
56,309,6.0
56,310,3.0
56,311,6.0
56,312,4.0
56,313,4.0
56,314,3.0
56,315,4.0
56,316,5.0
56,317,5.0
56,318,4.0
56,319,4.0
56,320,3.0
56,321,3.0
56,322,5.0
56,323,6.0
56,324,2.0
56,325,4.0
56,326,4.0
56,327,4.0
56,328,2.0
56,329,6.0
56,330,4.0
56,331,5.0
56,332,3.0
56,333,5.0
56,334,4.0
56,335,5.0
56,336,4.0
56,337,3.0
56,338,6.0
56,339,4.0
56,340,6.0
56,341,4.0
56,342,4.0
56,343,2.0
56,344,3.0
56,345,6.0
56,346,5.0
56,347,3.0
56,348,5.0
56,349,6.0
56,350,2.0
56,351,3.0
56,352,4.0
56,353,6.0
56,354,2.0
56,355,3.0
56,356,6.0
56,357,4.0
56,358,4.0
56,359,4.0
56,360,6.0
56,361,2.0
56,362,4.0
56,363,4.0
56,364,5.0
56,365,5.0
56,366,2.0
56,367,3.0
56,368,3.0
56,369,4.0
56,370,3.0
56,371,3.0
56,372,3.0
56,373,5.0
56,374,4.0
56,375,4.0
56,376,5.0
56,377,3.0
57,58,4.0
57,59,4.0
57,60,4.0
57,61,3.0
57,62,4.0
57,63,2.0
57,64,2.0
57,65,3.0
57,66,3.0
57,67,4.0
57,68,4.0
57,69,5.0
57,70,5.0
57,71,4.0
57,72,3.0
57,73,3.0
57,74,4.0
57,75,4.0
57,76,4.0
57,77,1.0
57,78,2.0
57,79,2.0
57,80,3.0
57,81,5.0
57,82,3.0
57,83,4.0
57,84,4.0
57,85,4.0
57,86,5.0
57,87,3.0
57,88,5.0
57,89,3.0
57,90,5.0
57,91,4.0
57,92,2.0
57,93,3.0
57,94,3.0
57,95,3.0
57,96,4.0
57,97,4.0
57,98,4.0
57,99,5.0
57,100,4.0
57,101,4.0
57,102,4.0
57,103,4.0
57,104,4.0
57,105,2.0
57,106,2.0
57,107,2.0
57,108,5.0
57,109,5.0
57,110,5.0
57,111,3.0
57,112,5.0
57,113,3.0
57,114,4.0
57,115,4.0
57,116,4.0
57,117,5.0
57,118,4.0
57,119,3.0
57,120,5.0
57,121,4.0
57,122,3.0
57,123,4.0
57,124,2.0
57,125,2.0
57,126,3.0
57,127,3.0
57,128,4.0
57,129,3.0
57,130,3.0
57,131,3.0
57,132,4.0
57,133,4.0
57,134,4.0
57,135,4.0
57,136,4.0
57,137,4.0
57,138,4.0
57,139,4.0
57,140,5.0
57,141,5.0
57,142,5.0
57,143,2.0
57,144,2.0
57,145,5.0
57,146,3.0
57,147,4.0
57,148,4.0
57,149,3.0
57,150,4.0
57,151,4.0
57,152,4.0
57,153,4.0
57,154,5.0
57,155,4.0
57,156,5.0
57,157,4.0
57,158,4.0
57,159,2.0
57,160,4.0
57,161,2.0
57,162,3.0
57,163,4.0
57,164,3.0
57,165,4.0
57,166,3.0
57,167,4.0
57,168,2.0
57,169,4.0
57,170,4.0
57,171,5.0
57,172,4.0
57,173,4.0
57,174,4.0
57,175,2.0
57,176,4.0
57,177,4.0
57,178,4.0
57,179,4.0
57,180,4.0
57,181,4.0
57,182,4.0
57,183,2.0
57,184,2.0
57,185,4.0
57,186,4.0
57,187,4.0
57,188,3.0
57,189,4.0
57,190,4.0
57,191,4.0
57,192,4.0
57,193,4.0
57,194,4.0
57,195,5.0
57,196,5.0
57,197,5.0
57,198,5.0
57,199,4.0
57,200,4.0
57,201,4.0
57,202,5.0
57,203,5.0
57,204,5.0
57,205,5.0
57,206,4.0
57,207,3.0
57,208,4.0
57,209,4.0
57,210,5.0
57,211,5.0
57,212,5.0
57,213,3.0
57,214,5.0
57,215,4.0
57,216,4.0
57,217,2.0
57,218,4.0
57,219,2.0
57,220,4.0
57,221,5.0
57,222,2.0
57,223,4.0
57,224,3.0
57,225,4.0
57,226,4.0
57,227,4.0
57,228,2.0
57,229,4.0
57,230,1.0
57,231,4.0
57,232,4.0
57,233,4.0
57,234,5.0
57,235,4.0
57,236,4.0
57,237,5.0
57,238,5.0
57,239,3.0
57,240,5.0
57,241,3.0
57,242,4.0
57,243,5.0
57,244,2.0
57,245,3.0
57,246,2.0
57,247,3.0
57,248,3.0
57,249,5.0
57,250,5.0
57,251,2.0
57,252,5.0
57,253,4.0
57,254,4.0
57,255,4.0
57,256,5.0
57,257,5.0
57,258,5.0
57,259,4.0
57,260,3.0
57,261,3.0
57,262,5.0
57,263,5.0
57,264,5.0
57,265,4.0
57,266,4.0
57,267,4.0
57,268,4.0
57,269,5.0
57,270,4.0
57,271,3.0
57,272,2.0
57,273,4.0
57,274,3.0
57,275,3.0
57,276,4.0
57,277,3.0
57,278,5.0
57,279,5.0
57,280,5.0
57,281,4.0
57,282,2.0
57,283,4.0
57,284,2.0
57,285,2.0
57,286,5.0
57,287,4.0
57,288,3.0
57,289,3.0
57,290,3.0
57,291,3.0
57,292,4.0
57,293,4.0
57,294,4.0
57,295,3.0
57,296,5.0
57,297,3.0
57,298,2.0
57,299,2.0
57,300,5.0
57,301,5.0
57,302,3.0
57,303,2.0
57,304,4.0
57,305,4.0
57,306,2.0
57,307,3.0
57,308,5.0
57,309,5.0
57,310,3.0
57,311,5.0
57,312,4.0
57,313,4.0
57,314,3.0
57,315,3.0
57,316,5.0
57,317,4.0
57,318,3.0
57,319,4.0
57,320,3.0
57,321,3.0
57,322,4.0
57,323,5.0
57,324,2.0
57,325,4.0
57,326,4.0
57,327,4.0
57,328,2.0
57,329,5.0
57,330,4.0
57,331,4.0
57,332,3.0
57,333,4.0
57,334,4.0
57,335,4.0
57,336,4.0
57,337,3.0
57,338,5.0
57,339,4.0
57,340,5.0
57,341,4.0
57,342,4.0
57,343,2.0
57,344,3.0
57,345,5.0
57,346,5.0
57,347,3.0
57,348,5.0
57,349,5.0
57,350,2.0
57,351,3.0
57,352,4.0
57,353,5.0
57,354,2.0
57,355,3.0
57,356,5.0
57,357,4.0
57,358,4.0
57,359,3.0
57,360,5.0
57,361,2.0
57,362,4.0
57,363,3.0
57,364,4.0
57,365,4.0
57,366,2.0
57,367,3.0
57,368,2.0
57,369,4.0
57,370,3.0
57,371,3.0
57,372,3.0
57,373,4.0
57,374,4.0
57,375,3.0
57,376,5.0
57,377,2.0
58,59,4.0
58,60,2.0
58,61,3.0
58,62,3.0
58,63,4.0
58,64,2.0
58,65,2.0
58,66,2.0
58,67,3.0
58,68,4.0
58,69,5.0
58,70,5.0
58,71,4.0
58,72,2.0
58,73,3.0
58,74,3.0
58,75,3.0
58,76,2.0
58,77,2.0
58,78,1.0
58,79,1.0
58,80,3.0
58,81,4.0
58,82,2.0
58,83,4.0
58,84,4.0
58,85,4.0
58,86,4.0
58,87,2.0
58,88,4.0
58,89,2.0
58,90,5.0
58,91,3.0
58,92,2.0
58,93,2.0
58,94,1.0
58,95,2.0
58,96,3.0
58,97,4.0
58,98,3.0
58,99,3.0
58,100,4.0
58,101,4.0
58,102,4.0
58,103,3.0
58,104,4.0
58,105,1.0
58,106,1.0
58,107,3.0
58,108,4.0
58,109,4.0
58,110,5.0
58,111,3.0
58,112,3.0
58,113,3.0
58,114,4.0
58,115,4.0
58,116,4.0
58,117,5.0
58,118,2.0
58,119,2.0
58,120,5.0
58,121,2.0
58,122,2.0
58,123,4.0
58,124,1.0
58,125,1.0
58,126,3.0
58,127,3.0
58,128,4.0
58,129,3.0
58,130,3.0
58,131,3.0
58,132,3.0
58,133,3.0
58,134,3.0
58,135,3.0
58,136,3.0
58,137,3.0
58,138,3.0
58,139,4.0
58,140,5.0
58,141,5.0
58,142,4.0
58,143,3.0
58,144,3.0
58,145,4.0
58,146,2.0
58,147,3.0
58,148,3.0
58,149,2.0
58,150,4.0
58,151,4.0
58,152,2.0
58,153,3.0
58,154,4.0
58,155,3.0
58,156,5.0
58,157,3.0
58,158,3.0
58,159,0.0
58,160,3.0
58,161,1.0
58,162,3.0
58,163,3.0
58,164,2.0
58,165,3.0
58,166,3.0
58,167,3.0
58,168,2.0
58,169,3.0
58,170,3.0
58,171,5.0
58,172,3.0
58,173,5.0
58,174,4.0
58,175,1.0
58,176,2.0
58,177,3.0
58,178,3.0
58,179,4.0
58,180,1.0
58,181,1.0
58,182,2.0
58,183,2.0
58,184,2.0
58,185,4.0
58,186,6.0
58,187,6.0
58,188,3.0
58,189,2.0
58,190,2.0
58,191,2.0
58,192,2.0
58,193,4.0
58,194,3.0
58,195,3.0
58,196,5.0
58,197,5.0
58,198,5.0
58,199,2.0
58,200,2.0
58,201,2.0
58,202,5.0
58,203,5.0
58,204,3.0
58,205,3.0
58,206,3.0
58,207,2.0
58,208,3.0
58,209,4.0
58,210,3.0
58,211,5.0
58,212,4.0
58,213,3.0
58,214,5.0
58,215,3.0
58,216,3.0
58,217,2.0
58,218,2.0
58,219,2.0
58,220,5.0
58,221,5.0
58,222,2.0
58,223,3.0
58,224,3.0
58,225,4.0
58,226,3.0
58,227,4.0
58,228,2.0
58,229,2.0
58,230,2.0
58,231,4.0
58,232,3.0
58,233,3.0
58,234,4.0
58,235,4.0
58,236,2.0
58,237,5.0
58,238,4.0
58,239,3.0
58,240,5.0
58,241,3.0
58,242,4.0
58,243,5.0
58,244,1.0
58,245,2.0
58,246,2.0
58,247,3.0
58,248,3.0
58,249,4.0
58,250,5.0
58,251,2.0
58,252,3.0
58,253,4.0
58,254,3.0
58,255,2.0
58,256,4.0
58,257,5.0
58,258,4.0
58,259,2.0
58,260,3.0
58,261,3.0
58,262,5.0
58,263,5.0
58,264,5.0
58,265,2.0
58,266,3.0
58,267,4.0
58,268,5.0
58,269,4.0
58,270,3.0
58,271,2.0
58,272,2.0
58,273,4.0
58,274,2.0
58,275,3.0
58,276,4.0
58,277,2.0
58,278,5.0
58,279,4.0
58,280,3.0
58,281,2.0
58,282,2.0
58,283,3.0
58,284,3.0
58,285,1.0
58,286,5.0
58,287,3.0
58,288,2.0
58,289,3.0
58,290,2.0
58,291,1.0
58,292,4.0
58,293,3.0
58,294,3.0
58,295,3.0
58,296,5.0
58,297,3.0
58,298,2.0
58,299,2.0
58,300,5.0
58,301,5.0
58,302,3.0
58,303,3.0
58,304,3.0
58,305,2.0
58,306,2.0
58,307,2.0
58,308,4.0
58,309,5.0
58,310,3.0
58,311,5.0
58,312,2.0
58,313,4.0
58,314,3.0
58,315,2.0
58,316,4.0
58,317,3.0
58,318,2.0
58,319,3.0
58,320,2.0
58,321,3.0
58,322,5.0
58,323,5.0
58,324,2.0
58,325,4.0
58,326,4.0
58,327,2.0
58,328,1.0
58,329,4.0
58,330,4.0
58,331,3.0
58,332,1.0
58,333,3.0
58,334,5.0
58,335,4.0
58,336,2.0
58,337,2.0
58,338,5.0
58,339,2.0
58,340,5.0
58,341,2.0
58,342,3.0
58,343,1.0
58,344,3.0
58,345,4.0
58,346,5.0
58,347,3.0
58,348,5.0
58,349,5.0
58,350,3.0
58,351,3.0
58,352,3.0
58,353,5.0
58,354,3.0
58,355,3.0
58,356,5.0
58,357,4.0
58,358,4.0
58,359,2.0
58,360,5.0
58,361,2.0
58,362,4.0
58,363,3.0
58,364,3.0
58,365,3.0
58,366,2.0
58,367,3.0
58,368,2.0
58,369,2.0
58,370,3.0
58,371,3.0
58,372,3.0
58,373,3.0
58,374,4.0
58,375,2.0
58,376,5.0
58,377,2.0
59,60,3.0
59,61,4.0
59,62,4.0
59,63,5.0
59,64,4.0
59,65,5.0
59,66,5.0
59,67,5.0
59,68,7.0
59,69,5.0
59,70,5.0
59,71,7.0
59,72,3.0
59,73,6.0
59,74,3.0
59,75,4.0
59,76,3.0
59,77,3.0
59,78,4.0
59,79,4.0
59,80,6.0
59,81,4.0
59,82,5.0
59,83,4.0
59,84,4.0
59,85,4.0
59,86,5.0
59,87,5.0
59,88,4.0
59,89,3.0
59,90,5.0
59,91,4.0
59,92,4.0
59,93,5.0
59,94,2.0
59,95,4.0
59,96,3.0
59,97,5.0
59,98,3.0
59,99,3.0
59,100,4.0
59,101,7.0
59,102,4.0
59,103,4.0
59,104,4.0
59,105,4.0
59,106,4.0
59,107,4.0
59,108,4.0
59,109,4.0
59,110,5.0
59,111,3.0
59,112,4.0
59,113,3.0
59,114,4.0
59,115,4.0
59,116,4.0
59,117,5.0
59,118,4.0
59,119,3.0
59,120,5.0
59,121,4.0
59,122,3.0
59,123,4.0
59,124,2.0
59,125,2.0
59,126,6.0
59,127,6.0
59,128,4.0
59,129,6.0
59,130,6.0
59,131,6.0
59,132,3.0
59,133,3.0
59,134,3.0
59,135,3.0
59,136,4.0
59,137,4.0
59,138,4.0
59,139,4.0
59,140,5.0
59,141,5.0
59,142,4.0
59,143,4.0
59,144,4.0
59,145,5.0
59,146,4.0
59,147,4.0
59,148,4.0
59,149,4.0
59,150,4.0
59,151,4.0
59,152,3.0
59,153,4.0
59,154,4.0
59,155,4.0
59,156,5.0
59,157,4.0
59,158,4.0
59,159,1.0
59,160,4.0
59,161,2.0
59,162,6.0
59,163,4.0
59,164,4.0
59,165,3.0
59,166,4.0
59,167,4.0
59,168,5.0
59,169,6.0
59,170,4.0
59,171,5.0
59,172,4.0
59,173,4.0
59,174,4.0
59,175,2.0
59,176,3.0
59,177,4.0
59,178,4.0
59,179,4.0
59,180,2.0
59,181,2.0
59,182,3.0
59,183,3.0
59,184,3.0
59,185,4.0
59,186,4.0
59,187,4.0
59,188,4.0
59,189,3.0
59,190,2.0
59,191,2.0
59,192,2.0
59,193,3.0
59,194,4.0
59,195,3.0
59,196,5.0
59,197,5.0
59,198,5.0
59,199,3.0
59,200,3.0
59,201,3.0
59,202,5.0
59,203,5.0
59,204,3.0
59,205,3.0
59,206,5.0
59,207,3.0
59,208,4.0
59,209,7.0
59,210,4.0
59,211,5.0
59,212,4.0
59,213,6.0
59,214,5.0
59,215,5.0
59,216,4.0
59,217,3.0
59,218,3.0
59,219,3.0
59,220,4.0
59,221,5.0
59,222,3.0
59,223,4.0
59,224,6.0
59,225,7.0
59,226,4.0
59,227,7.0
59,228,3.0
59,229,3.0
59,230,3.0
59,231,7.0
59,232,4.0
59,233,4.0
59,234,4.0
59,235,7.0
59,236,3.0
59,237,5.0
59,238,4.0
59,239,6.0
59,240,5.0
59,241,6.0
59,242,7.0
59,243,5.0
59,244,4.0
59,245,2.0
59,246,3.0
59,247,6.0
59,248,4.0
59,249,4.0
59,250,4.0
59,251,3.0
59,252,3.0
59,253,7.0
59,254,4.0
59,255,3.0
59,256,4.0
59,257,5.0
59,258,5.0
59,259,3.0
59,260,6.0
59,261,6.0
59,262,5.0
59,263,5.0
59,264,5.0
59,265,3.0
59,266,4.0
59,267,7.0
59,268,4.0
59,269,4.0
59,270,4.0
59,271,2.0
59,272,5.0
59,273,7.0
59,274,3.0
59,275,6.0
59,276,7.0
59,277,5.0
59,278,5.0
59,279,4.0
59,280,4.0
59,281,3.0
59,282,3.0
59,283,4.0
59,284,4.0
59,285,2.0
59,286,5.0
59,287,4.0
59,288,3.0
59,289,6.0
59,290,3.0
59,291,2.0
59,292,7.0
59,293,4.0
59,294,4.0
59,295,6.0
59,296,5.0
59,297,6.0
59,298,4.0
59,299,3.0
59,300,5.0
59,301,5.0
59,302,6.0
59,303,4.0
59,304,4.0
59,305,3.0
59,306,4.0
59,307,5.0
59,308,4.0
59,309,5.0
59,310,6.0
59,311,5.0
59,312,3.0
59,313,7.0
59,314,6.0
59,315,3.0
59,316,4.0
59,317,4.0
59,318,3.0
59,319,4.0
59,320,5.0
59,321,6.0
59,322,4.0
59,323,5.0
59,324,5.0
59,325,4.0
59,326,7.0
59,327,3.0
59,328,4.0
59,329,5.0
59,330,7.0
59,331,4.0
59,332,2.0
59,333,4.0
59,334,4.0
59,335,4.0
59,336,3.0
59,337,5.0
59,338,5.0
59,339,4.0
59,340,5.0
59,341,3.0
59,342,6.0
59,343,4.0
59,344,6.0
59,345,4.0
59,346,5.0
59,347,6.0
59,348,4.0
59,349,5.0
59,350,4.0
59,351,6.0
59,352,6.0
59,353,5.0
59,354,4.0
59,355,4.0
59,356,5.0
59,357,6.0
59,358,7.0
59,359,3.0
59,360,5.0
59,361,5.0
59,362,7.0
59,363,4.0
59,364,3.0
59,365,4.0
59,366,5.0
59,367,6.0
59,368,3.0
59,369,3.0
59,370,5.0
59,371,6.0
59,372,6.0
59,373,4.0
59,374,7.0
59,375,3.0
59,376,5.0
59,377,3.0
60,61,4.0
60,62,3.0
60,63,1.0
60,64,3.0
60,65,4.0
60,66,4.0
60,67,3.0
60,68,3.0
60,69,4.0
60,70,4.0
60,71,3.0
60,72,4.0
60,73,2.0
60,74,4.0
60,75,4.0
60,76,5.0
60,77,0.0
60,78,3.0
60,79,3.0
60,80,2.0
60,81,4.0
60,82,2.0
60,83,4.0
60,84,4.0
60,85,4.0
60,86,4.0
60,87,2.0
60,88,4.0
60,89,4.0
60,90,4.0
60,91,6.0
60,92,2.0
60,93,3.0
60,94,3.0
60,95,4.0
60,96,4.0
60,97,4.0
60,98,4.0
60,99,4.0
60,100,3.0
60,101,3.0
60,102,3.0
60,103,6.0
60,104,5.0
60,105,3.0
60,106,3.0
60,107,1.0
60,108,4.0
60,109,5.0
60,110,4.0
60,111,4.0
60,112,5.0
60,113,4.0
60,114,4.0
60,115,4.0
60,116,4.0
60,117,4.0
60,118,5.0
60,119,4.0
60,120,4.0
60,121,5.0
60,122,4.0
60,123,5.0
60,124,4.0
60,125,4.0
60,126,2.0
60,127,2.0
60,128,4.0
60,129,2.0
60,130,2.0
60,131,2.0
60,132,4.0
60,133,4.0
60,134,4.0
60,135,4.0
60,136,4.0
60,137,4.0
60,138,4.0
60,139,4.0
60,140,4.0
60,141,4.0
60,142,4.0
60,143,1.0
60,144,1.0
60,145,4.0
60,146,4.0
60,147,4.0
60,148,4.0
60,149,4.0
60,150,5.0
60,151,5.0
60,152,5.0
60,153,3.0
60,154,4.0
60,155,3.0
60,156,3.0
60,157,5.0
60,158,5.0
60,159,3.0
60,160,3.0
60,161,4.0
60,162,2.0
60,163,5.0
60,164,3.0
60,165,5.0
60,166,2.0
60,167,5.0
60,168,1.0
60,169,3.0
60,170,5.0
60,171,4.0
60,172,5.0
60,173,2.0
60,174,3.0
60,175,4.0
60,176,7.0
60,177,4.0
60,178,4.0
60,179,3.0
60,180,4.0
60,181,4.0
60,182,6.0
60,183,3.0
60,184,3.0
60,185,3.0
60,186,3.0
60,187,3.0
60,188,4.0
60,189,7.0
60,190,3.0
60,191,3.0
60,192,3.0
60,193,4.0
60,194,5.0
60,195,4.0
60,196,4.0
60,197,4.0
60,198,4.0
60,199,4.0
60,200,4.0
60,201,4.0
60,202,4.0
60,203,3.0
60,204,4.0
60,205,4.0
60,206,3.0
60,207,4.0
60,208,5.0
60,209,3.0
60,210,4.0
60,211,4.0
60,212,5.0
60,213,2.0
60,214,4.0
60,215,3.0
60,216,6.0
60,217,3.0
60,218,7.0
60,219,2.0
60,220,3.0
60,221,4.0
60,222,2.0
60,223,4.0
60,224,2.0
60,225,3.0
60,226,3.0
60,227,3.0
60,228,2.0
60,229,5.0
60,230,1.0
60,231,3.0
60,232,3.0
60,233,5.0
60,234,4.0
60,235,3.0
60,236,4.0
60,237,4.0
60,238,4.0
60,239,2.0
60,240,4.0
60,241,2.0
60,242,3.0
60,243,4.0
60,244,2.0
60,245,2.0
60,246,3.0
60,247,2.0
60,248,3.0
60,249,4.0
60,250,3.0
60,251,2.0
60,252,4.0
60,253,3.0
60,254,6.0
60,255,7.0
60,256,4.0
60,257,4.0
60,258,4.0
60,259,5.0
60,260,2.0
60,261,2.0
60,262,3.0
60,263,4.0
60,264,4.0
60,265,7.0
60,266,4.0
60,267,3.0
60,268,3.0
60,269,4.0
60,270,5.0
60,271,3.0
60,272,1.0
60,273,3.0
60,274,4.0
60,275,2.0
60,276,3.0
60,277,2.0
60,278,4.0
60,279,4.0
60,280,4.0
60,281,7.0
60,282,3.0
60,283,6.0
60,284,1.0
60,285,3.0
60,286,4.0
60,287,5.0
60,288,4.0
60,289,2.0
60,290,3.0
60,291,4.0
60,292,3.0
60,293,5.0
60,294,5.0
60,295,2.0
60,296,4.0
60,297,2.0
60,298,3.0
60,299,3.0
60,300,4.0
60,301,4.0
60,302,2.0
60,303,1.0
60,304,6.0
60,305,7.0
60,306,2.0
60,307,2.0
60,308,4.0
60,309,4.0
60,310,2.0
60,311,4.0
60,312,5.0
60,313,3.0
60,314,2.0
60,315,4.0
60,316,4.0
60,317,5.0
60,318,4.0
60,319,4.0
60,320,2.0
60,321,2.0
60,322,3.0
60,323,4.0
60,324,1.0
60,325,3.0
60,326,3.0
60,327,5.0
60,328,2.0
60,329,4.0
60,330,3.0
60,331,4.0
60,332,4.0
60,333,6.0
60,334,3.0
60,335,4.0
60,336,6.0
60,337,2.0
60,338,4.0
60,339,5.0
60,340,4.0
60,341,7.0
60,342,3.0
60,343,2.0
60,344,2.0
60,345,4.0
60,346,4.0
60,347,2.0
60,348,3.0
60,349,4.0
60,350,2.0
60,351,2.0
60,352,3.0
60,353,4.0
60,354,1.0
60,355,4.0
60,356,4.0
60,357,3.0
60,358,3.0
60,359,4.0
60,360,4.0
60,361,1.0
60,362,3.0
60,363,4.0
60,364,5.0
60,365,5.0
60,366,1.0
60,367,2.0
60,368,2.0
60,369,7.0
60,370,2.0
60,371,2.0
60,372,2.0
60,373,5.0
60,374,3.0
60,375,4.0
60,376,3.0
60,377,3.0
61,62,4.0
61,63,3.0
61,64,4.0
61,65,4.0
61,66,4.0
61,67,3.0
61,68,4.0
61,69,4.0
61,70,4.0
61,71,4.0
61,72,2.0
61,73,3.0
61,74,4.0
61,75,7.0
61,76,3.0
61,77,1.0
61,78,3.0
61,79,3.0
61,80,3.0
61,81,3.0
61,82,3.0
61,83,4.0
61,84,4.0
61,85,4.0
61,86,3.0
61,87,3.0
61,88,3.0
61,89,2.0
61,90,4.0
61,91,3.0
61,92,4.0
61,93,3.0
61,94,3.0
61,95,6.0
61,96,3.0
61,97,4.0
61,98,3.0
61,99,3.0
61,100,4.0
61,101,4.0
61,102,4.0
61,103,3.0
61,104,4.0
61,105,3.0
61,106,3.0
61,107,1.0
61,108,3.0
61,109,4.0
61,110,4.0
61,111,4.0
61,112,3.0
61,113,4.0
61,114,4.0
61,115,4.0
61,116,4.0
61,117,4.0
61,118,3.0
61,119,4.0
61,120,4.0
61,121,3.0
61,122,4.0
61,123,3.0
61,124,3.0
61,125,3.0
61,126,3.0
61,127,3.0
61,128,4.0
61,129,3.0
61,130,3.0
61,131,3.0
61,132,4.0
61,133,4.0
61,134,4.0
61,135,4.0
61,136,3.0
61,137,3.0
61,138,3.0
61,139,4.0
61,140,4.0
61,141,4.0
61,142,3.0
61,143,2.0
61,144,2.0
61,145,3.0
61,146,7.0
61,147,3.0
61,148,3.0
61,149,7.0
61,150,4.0
61,151,4.0
61,152,5.0
61,153,3.0
61,154,3.0
61,155,3.0
61,156,4.0
61,157,3.0
61,158,3.0
61,159,2.0
61,160,4.0
61,161,3.0
61,162,3.0
61,163,3.0
61,164,5.0
61,165,4.0
61,166,3.0
61,167,3.0
61,168,3.0
61,169,3.0
61,170,3.0
61,171,4.0
61,172,3.0
61,173,3.0
61,174,4.0
61,175,3.0
61,176,4.0
61,177,4.0
61,178,4.0
61,179,4.0
61,180,2.0
61,181,2.0
61,182,3.0
61,183,3.0
61,184,3.0
61,185,4.0
61,186,3.0
61,187,3.0
61,188,9.0
61,189,4.0
61,190,2.0
61,191,2.0
61,192,2.0
61,193,3.0
61,194,3.0
61,195,3.0
61,196,4.0
61,197,4.0
61,198,4.0
61,199,2.0
61,200,2.0
61,201,2.0
61,202,4.0
61,203,4.0
61,204,3.0
61,205,3.0
61,206,3.0
61,207,4.0
61,208,3.0
61,209,4.0
61,210,3.0
61,211,4.0
61,212,4.0
61,213,3.0
61,214,4.0
61,215,4.0
61,216,3.0
61,217,3.0
61,218,4.0
61,219,3.0
61,220,3.0
61,221,4.0
61,222,3.0
61,223,3.0
61,224,3.0
61,225,4.0
61,226,3.0
61,227,4.0
61,228,3.0
61,229,3.0
61,230,3.0
61,231,4.0
61,232,4.0
61,233,3.0
61,234,3.0
61,235,4.0
61,236,3.0
61,237,4.0
61,238,3.0
61,239,4.0
61,240,4.0
61,241,3.0
61,242,4.0
61,243,4.0
61,244,3.0
61,245,2.0
61,246,3.0
61,247,3.0
61,248,6.0
61,249,3.0
61,250,3.0
61,251,3.0
61,252,3.0
61,253,4.0
61,254,3.0
61,255,4.0
61,256,3.0
61,257,4.0
61,258,3.0
61,259,3.0
61,260,3.0
61,261,4.0
61,262,4.0
61,263,4.0
61,264,4.0
61,265,4.0
61,266,7.0
61,267,4.0
61,268,3.0
61,269,3.0
61,270,3.0
61,271,2.0
61,272,3.0
61,273,4.0
61,274,4.0
61,275,3.0
61,276,4.0
61,277,3.0
61,278,4.0
61,279,3.0
61,280,3.0
61,281,4.0
61,282,3.0
61,283,3.0
61,284,2.0
61,285,2.0
61,286,4.0
61,287,3.0
61,288,3.0
61,289,3.0
61,290,3.0
61,291,2.0
61,292,4.0
61,293,3.0
61,294,3.0
61,295,3.0
61,296,4.0
61,297,3.0
61,298,4.0
61,299,3.0
61,300,4.0
61,301,4.0
61,302,4.0
61,303,2.0
61,304,3.0
61,305,4.0
61,306,3.0
61,307,3.0
61,308,3.0
61,309,4.0
61,310,4.0
61,311,4.0
61,312,3.0
61,313,4.0
61,314,3.0
61,315,4.0
61,316,3.0
61,317,3.0
61,318,4.0
61,319,4.0
61,320,3.0
61,321,3.0
61,322,3.0
61,323,4.0
61,324,3.0
61,325,4.0
61,326,4.0
61,327,3.0
61,328,3.0
61,329,3.0
61,330,4.0
61,331,3.0
61,332,5.0
61,333,3.0
61,334,4.0
61,335,4.0
61,336,3.0
61,337,3.0
61,338,4.0
61,339,3.0
61,340,4.0
61,341,4.0
61,342,3.0
61,343,3.0
61,344,3.0
61,345,3.0
61,346,4.0
61,347,3.0
61,348,3.0
61,349,4.0
61,350,3.0
61,351,3.0
61,352,3.0
61,353,4.0
61,354,2.0
61,355,7.0
61,356,4.0
61,357,5.0
61,358,4.0
61,359,4.0
61,360,4.0
61,361,3.0
61,362,4.0
61,363,4.0
61,364,4.0
61,365,3.0
61,366,3.0
61,367,3.0
61,368,3.0
61,369,4.0
61,370,3.0
61,371,3.0
61,372,3.0
61,373,3.0
61,374,4.0
61,375,3.0
61,376,4.0
61,377,3.0
62,63,3.0
62,64,5.0
62,65,3.0
62,66,3.0
62,67,4.0
62,68,4.0
62,69,4.0
62,70,4.0
62,71,4.0
62,72,3.0
62,73,3.0
62,74,4.0
62,75,5.0
62,76,4.0
62,77,1.0
62,78,2.0
62,79,2.0
62,80,3.0
62,81,4.0
62,82,3.0
62,83,5.0
62,84,5.0
62,85,5.0
62,86,4.0
62,87,3.0
62,88,4.0
62,89,2.0
62,90,4.0
62,91,4.0
62,92,3.0
62,93,3.0
62,94,3.0
62,95,4.0
62,96,4.0
62,97,4.0
62,98,4.0
62,99,3.0
62,100,5.0
62,101,4.0
62,102,5.0
62,103,4.0
62,104,4.0
62,105,2.0
62,106,2.0
62,107,2.0
62,108,4.0
62,109,4.0
62,110,4.0
62,111,4.0
62,112,5.0
62,113,4.0
62,114,5.0
62,115,5.0
62,116,5.0
62,117,4.0
62,118,4.0
62,119,5.0
62,120,4.0
62,121,4.0
62,122,5.0
62,123,4.0
62,124,2.0
62,125,2.0
62,126,3.0
62,127,3.0
62,128,5.0
62,129,3.0
62,130,3.0
62,131,3.0
62,132,4.0
62,133,4.0
62,134,4.0
62,135,4.0
62,136,4.0
62,137,4.0
62,138,4.0
62,139,5.0
62,140,4.0
62,141,4.0
62,142,4.0
62,143,2.0
62,144,2.0
62,145,4.0
62,146,4.0
62,147,4.0
62,148,4.0
62,149,4.0
62,150,4.0
62,151,4.0
62,152,3.0
62,153,3.0
62,154,4.0
62,155,4.0
62,156,4.0
62,157,4.0
62,158,4.0
62,159,2.0
62,160,4.0
62,161,2.0
62,162,3.0
62,163,4.0
62,164,3.0
62,165,5.0
62,166,4.0
62,167,4.0
62,168,4.0
62,169,4.0
62,170,4.0
62,171,4.0
62,172,4.0
62,173,3.0
62,174,5.0
62,175,2.0
62,176,3.0
62,177,5.0
62,178,5.0
62,179,4.0
62,180,2.0
62,181,2.0
62,182,3.0
62,183,5.0
62,184,5.0
62,185,5.0
62,186,3.0
62,187,3.0
62,188,4.0
62,189,3.0
62,190,2.0
62,191,2.0
62,192,2.0
62,193,3.0
62,194,4.0
62,195,3.0
62,196,4.0
62,197,4.0
62,198,4.0
62,199,2.0
62,200,2.0
62,201,2.0
62,202,4.0
62,203,4.0
62,204,3.0
62,205,3.0
62,206,5.0
62,207,4.0
62,208,4.0
62,209,4.0
62,210,3.0
62,211,4.0
62,212,4.0
62,213,3.0
62,214,4.0
62,215,4.0
62,216,4.0
62,217,5.0
62,218,3.0
62,219,4.0
62,220,3.0
62,221,4.0
62,222,3.0
62,223,3.0
62,224,3.0
62,225,4.0
62,226,4.0
62,227,4.0
62,228,4.0
62,229,4.0
62,230,3.0
62,231,4.0
62,232,4.0
62,233,5.0
62,234,4.0
62,235,4.0
62,236,3.0
62,237,4.0
62,238,4.0
62,239,4.0
62,240,4.0
62,241,3.0
62,242,4.0
62,243,4.0
62,244,2.0
62,245,2.0
62,246,5.0
62,247,3.0
62,248,4.0
62,249,4.0
62,250,4.0
62,251,4.0
62,252,3.0
62,253,4.0
62,254,4.0
62,255,3.0
62,256,4.0
62,257,4.0
62,258,4.0
62,259,4.0
62,260,3.0
62,261,4.0
62,262,4.0
62,263,4.0
62,264,4.0
62,265,3.0
62,266,5.0
62,267,4.0
62,268,3.0
62,269,4.0
62,270,4.0
62,271,2.0
62,272,3.0
62,273,4.0
62,274,5.0
62,275,3.0
62,276,4.0
62,277,3.0
62,278,4.0
62,279,4.0
62,280,3.0
62,281,3.0
62,282,5.0
62,283,4.0
62,284,2.0
62,285,2.0
62,286,4.0
62,287,4.0
62,288,3.0
62,289,3.0
62,290,3.0
62,291,2.0
62,292,4.0
62,293,5.0
62,294,4.0
62,295,3.0
62,296,4.0
62,297,3.0
62,298,4.0
62,299,5.0
62,300,4.0
62,301,4.0
62,302,4.0
62,303,2.0
62,304,4.0
62,305,3.0
62,306,5.0
62,307,3.0
62,308,4.0
62,309,4.0
62,310,4.0
62,311,4.0
62,312,4.0
62,313,4.0
62,314,3.0
62,315,5.0
62,316,4.0
62,317,4.0
62,318,4.0
62,319,3.0
62,320,3.0
62,321,3.0
62,322,3.0
62,323,4.0
62,324,3.0
62,325,5.0
62,326,4.0
62,327,4.0
62,328,2.0
62,329,4.0
62,330,4.0
62,331,4.0
62,332,2.0
62,333,4.0
62,334,5.0
62,335,5.0
62,336,3.0
62,337,3.0
62,338,4.0
62,339,4.0
62,340,4.0
62,341,3.0
62,342,4.0
62,343,2.0
62,344,3.0
62,345,4.0
62,346,4.0
62,347,3.0
62,348,4.0
62,349,4.0
62,350,5.0
62,351,3.0
62,352,4.0
62,353,4.0
62,354,2.0
62,355,4.0
62,356,4.0
62,357,4.0
62,358,4.0
62,359,5.0
62,360,4.0
62,361,3.0
62,362,4.0
62,363,5.0
62,364,5.0
62,365,4.0
62,366,3.0
62,367,3.0
62,368,4.0
62,369,3.0
62,370,5.0
62,371,3.0
62,372,3.0
62,373,4.0
62,374,4.0
62,375,4.0
62,376,4.0
62,377,5.0
63,64,4.0
63,65,3.0
63,66,3.0
63,67,3.0
63,68,5.0
63,69,3.0
63,70,3.0
63,71,5.0
63,72,2.0
63,73,4.0
63,74,2.0
63,75,3.0
63,76,2.0
63,77,5.0
63,78,4.0
63,79,4.0
63,80,5.0
63,81,2.0
63,82,5.0
63,83,3.0
63,84,3.0
63,85,3.0
63,86,3.0
63,87,5.0
63,88,2.0
63,89,3.0
63,90,3.0
63,91,2.0
63,92,3.0
63,93,3.0
63,94,1.0
63,95,3.0
63,96,2.0
63,97,3.0
63,98,2.0
63,99,1.0
63,100,3.0
63,101,5.0
63,102,3.0
63,103,2.0
63,104,3.0
63,105,3.0
63,106,3.0
63,107,5.0
63,108,2.0
63,109,2.0
63,110,3.0
63,111,3.0
63,112,2.0
63,113,3.0
63,114,3.0
63,115,3.0
63,116,3.0
63,117,3.0
63,118,2.0
63,119,2.0
63,120,3.0
63,121,2.0
63,122,2.0
63,123,2.0
63,124,1.0
63,125,1.0
63,126,4.0
63,127,4.0
63,128,3.0
63,129,4.0
63,130,4.0
63,131,4.0
63,132,2.0
63,133,2.0
63,134,2.0
63,135,2.0
63,136,3.0
63,137,3.0
63,138,3.0
63,139,3.0
63,140,3.0
63,141,3.0
63,142,2.0
63,143,6.0
63,144,6.0
63,145,3.0
63,146,3.0
63,147,3.0
63,148,3.0
63,149,3.0
63,150,3.0
63,151,3.0
63,152,1.0
63,153,2.0
63,154,2.0
63,155,3.0
63,156,3.0
63,157,2.0
63,158,2.0
63,159,0.0
63,160,3.0
63,161,1.0
63,162,4.0
63,163,2.0
63,164,3.0
63,165,2.0
63,166,3.0
63,167,2.0
63,168,4.0
63,169,4.0
63,170,2.0
63,171,3.0
63,172,2.0
63,173,3.0
63,174,3.0
63,175,1.0
63,176,1.0
63,177,3.0
63,178,3.0
63,179,4.0
63,180,1.0
63,181,1.0
63,182,1.0
63,183,3.0
63,184,3.0
63,185,3.0
63,186,4.0
63,187,4.0
63,188,3.0
63,189,1.0
63,190,1.0
63,191,1.0
63,192,1.0
63,193,2.0
63,194,2.0
63,195,1.0
63,196,3.0
63,197,3.0
63,198,3.0
63,199,3.0
63,200,3.0
63,201,3.0
63,202,3.0
63,203,3.0
63,204,1.0
63,205,1.0
63,206,3.0
63,207,3.0
63,208,2.0
63,209,5.0
63,210,2.0
63,211,3.0
63,212,2.0
63,213,4.0
63,214,3.0
63,215,4.0
63,216,2.0
63,217,3.0
63,218,1.0
63,219,3.0
63,220,3.0
63,221,3.0
63,222,2.0
63,223,2.0
63,224,4.0
63,225,5.0
63,226,2.0
63,227,5.0
63,228,3.0
63,229,2.0
63,230,3.0
63,231,5.0
63,232,3.0
63,233,2.0
63,234,2.0
63,235,5.0
63,236,1.0
63,237,3.0
63,238,2.0
63,239,6.0
63,240,3.0
63,241,4.0
63,242,5.0
63,243,3.0
63,244,2.0
63,245,1.0
63,246,3.0
63,247,5.0
63,248,3.0
63,249,2.0
63,250,2.0
63,251,3.0
63,252,1.0
63,253,5.0
63,254,2.0
63,255,1.0
63,256,2.0
63,257,3.0
63,258,3.0
63,259,2.0
63,260,4.0
63,261,6.0
63,262,3.0
63,263,3.0
63,264,3.0
63,265,1.0
63,266,3.0
63,267,5.0
63,268,3.0
63,269,2.0
63,270,2.0
63,271,2.0
63,272,5.0
63,273,5.0
63,274,2.0
63,275,4.0
63,276,5.0
63,277,5.0
63,278,3.0
63,279,2.0
63,280,2.0
63,281,1.0
63,282,3.0
63,283,2.0
63,284,6.0
63,285,2.0
63,286,3.0
63,287,2.0
63,288,2.0
63,289,4.0
63,290,3.0
63,291,2.0
63,292,5.0
63,293,2.0
63,294,2.0
63,295,4.0
63,296,3.0
63,297,5.0
63,298,3.0
63,299,3.0
63,300,3.0
63,301,3.0
63,302,6.0
63,303,6.0
63,304,2.0
63,305,1.0
63,306,4.0
63,307,5.0
63,308,2.0
63,309,3.0
63,310,6.0
63,311,3.0
63,312,2.0
63,313,5.0
63,314,5.0
63,315,2.0
63,316,2.0
63,317,2.0
63,318,3.0
63,319,3.0
63,320,5.0
63,321,4.0
63,322,3.0
63,323,3.0
63,324,5.0
63,325,3.0
63,326,5.0
63,327,2.0
63,328,2.0
63,329,3.0
63,330,5.0
63,331,3.0
63,332,1.0
63,333,2.0
63,334,3.0
63,335,3.0
63,336,1.0
63,337,3.0
63,338,3.0
63,339,2.0
63,340,3.0
63,341,1.0
63,342,4.0
63,343,2.0
63,344,5.0
63,345,2.0
63,346,3.0
63,347,4.0
63,348,2.0
63,349,3.0
63,350,4.0
63,351,4.0
63,352,4.0
63,353,3.0
63,354,6.0
63,355,3.0
63,356,3.0
63,357,4.0
63,358,5.0
63,359,2.0
63,360,3.0
63,361,5.0
63,362,5.0
63,363,3.0
63,364,2.0
63,365,2.0
63,366,5.0
63,367,5.0
63,368,3.0
63,369,1.0
63,370,4.0
63,371,4.0
63,372,4.0
63,373,2.0
63,374,5.0
63,375,3.0
63,376,3.0
63,377,3.0
64,65,3.0
64,66,3.0
64,67,2.0
64,68,4.0
64,69,4.0
64,70,4.0
64,71,4.0
64,72,4.0
64,73,4.0
64,74,3.0
64,75,4.0
64,76,4.0
64,77,3.0
64,78,4.0
64,79,4.0
64,80,5.0
64,81,3.0
64,82,4.0
64,83,5.0
64,84,5.0
64,85,5.0
64,86,4.0
64,87,4.0
64,88,3.0
64,89,3.0
64,90,4.0
64,91,3.0
64,92,6.0
64,93,2.0
64,94,5.0
64,95,3.0
64,96,5.0
64,97,4.0
64,98,5.0
64,99,2.0
64,100,5.0
64,101,4.0
64,102,5.0
64,103,3.0
64,104,4.0
64,105,4.0
64,106,4.0
64,107,3.0
64,108,3.0
64,109,3.0
64,110,4.0
64,111,5.0
64,112,4.0
64,113,5.0
64,114,5.0
64,115,5.0
64,116,5.0
64,117,4.0
64,118,4.0
64,119,6.0
64,120,4.0
64,121,4.0
64,122,6.0
64,123,2.0
64,124,2.0
64,125,2.0
64,126,4.0
64,127,4.0
64,128,5.0
64,129,4.0
64,130,4.0
64,131,4.0
64,132,4.0
64,133,4.0
64,134,4.0
64,135,4.0
64,136,5.0
64,137,5.0
64,138,5.0
64,139,5.0
64,140,4.0
64,141,4.0
64,142,2.0
64,143,3.0
64,144,3.0
64,145,4.0
64,146,3.0
64,147,5.0
64,148,5.0
64,149,3.0
64,150,4.0
64,151,4.0
64,152,3.0
64,153,2.0
64,154,3.0
64,155,3.0
64,156,3.0
64,157,3.0
64,158,3.0
64,159,3.0
64,160,4.0
64,161,2.0
64,162,4.0
64,163,3.0
64,164,3.0
64,165,4.0
64,166,5.0
64,167,3.0
64,168,5.0
64,169,3.0
64,170,3.0
64,171,4.0
64,172,3.0
64,173,3.0
64,174,4.0
64,175,2.0
64,176,3.0
64,177,4.0
64,178,4.0
64,179,5.0
64,180,3.0
64,181,3.0
64,182,2.0
64,183,7.0
64,184,7.0
64,185,4.0
64,186,3.0
64,187,3.0
64,188,4.0
64,189,3.0
64,190,2.0
64,191,2.0
64,192,2.0
64,193,2.0
64,194,3.0
64,195,2.0
64,196,4.0
64,197,4.0
64,198,4.0
64,199,4.0
64,200,4.0
64,201,4.0
64,202,4.0
64,203,3.0
64,204,2.0
64,205,2.0
64,206,4.0
64,207,6.0
64,208,3.0
64,209,4.0
64,210,3.0
64,211,4.0
64,212,3.0
64,213,4.0
64,214,4.0
64,215,5.0
64,216,3.0
64,217,7.0
64,218,3.0
64,219,6.0
64,220,3.0
64,221,4.0
64,222,4.0
64,223,2.0
64,224,4.0
64,225,4.0
64,226,5.0
64,227,4.0
64,228,6.0
64,229,4.0
64,230,5.0
64,231,4.0
64,232,4.0
64,233,4.0
64,234,3.0
64,235,4.0
64,236,2.0
64,237,4.0
64,238,3.0
64,239,5.0
64,240,4.0
64,241,4.0
64,242,4.0
64,243,4.0
64,244,2.0
64,245,1.0
64,246,7.0
64,247,5.0
64,248,5.0
64,249,2.0
64,250,2.0
64,251,6.0
64,252,2.0
64,253,4.0
64,254,3.0
64,255,3.0
64,256,3.0
64,257,4.0
64,258,4.0
64,259,4.0
64,260,4.0
64,261,5.0
64,262,3.0
64,263,4.0
64,264,4.0
64,265,3.0
64,266,4.0
64,267,4.0
64,268,3.0
64,269,4.0
64,270,3.0
64,271,2.0
64,272,5.0
64,273,4.0
64,274,6.0
64,275,4.0
64,276,4.0
64,277,4.0
64,278,4.0
64,279,3.0
64,280,3.0
64,281,3.0
64,282,7.0
64,283,3.0
64,284,3.0
64,285,2.0
64,286,4.0
64,287,4.0
64,288,4.0
64,289,4.0
64,290,3.0
64,291,3.0
64,292,4.0
64,293,4.0
64,294,3.0
64,295,4.0
64,296,4.0
64,297,5.0
64,298,6.0
64,299,7.0
64,300,4.0
64,301,4.0
64,302,5.0
64,303,3.0
64,304,3.0
64,305,3.0
64,306,7.0
64,307,4.0
64,308,3.0
64,309,4.0
64,310,5.0
64,311,4.0
64,312,4.0
64,313,4.0
64,314,5.0
64,315,6.0
64,316,2.0
64,317,3.0
64,318,6.0
64,319,2.0
64,320,4.0
64,321,4.0
64,322,3.0
64,323,4.0
64,324,5.0
64,325,5.0
64,326,4.0
64,327,4.0
64,328,2.0
64,329,4.0
64,330,4.0
64,331,5.0
64,332,4.0
64,333,3.0
64,334,4.0
64,335,5.0
64,336,2.0
64,337,3.0
64,338,4.0
64,339,4.0
64,340,4.0
64,341,3.0
64,342,3.0
64,343,2.0
64,344,5.0
64,345,3.0
64,346,3.0
64,347,4.0
64,348,2.0
64,349,4.0
64,350,7.0
64,351,4.0
64,352,3.0
64,353,4.0
64,354,3.0
64,355,4.0
64,356,4.0
64,357,3.0
64,358,4.0
64,359,6.0
64,360,4.0
64,361,5.0
64,362,4.0
64,363,5.0
64,364,4.0
64,365,4.0
64,366,5.0
64,367,5.0
64,368,6.0
64,369,3.0
64,370,7.0
64,371,4.0
64,372,4.0
64,373,3.0
64,374,4.0
64,375,5.0
64,376,3.0
64,377,7.0
65,66,7.0
65,67,4.0
65,68,5.0
65,69,3.0
65,70,3.0
65,71,5.0
65,72,3.0
65,73,4.0
65,74,3.0
65,75,4.0
65,76,3.0
65,77,2.0
65,78,6.0
65,79,6.0
65,80,4.0
65,81,3.0
65,82,4.0
65,83,2.0
65,84,2.0
65,85,2.0
65,86,4.0
65,87,4.0
65,88,3.0
65,89,3.0
65,90,3.0
65,91,3.0
65,92,3.0
65,93,5.0
65,94,2.0
65,95,4.0
65,96,2.0
65,97,3.0
65,98,2.0
65,99,3.0
65,100,2.0
65,101,5.0
65,102,2.0
65,103,3.0
65,104,2.0
65,105,6.0
65,106,6.0
65,107,3.0
65,108,3.0
65,109,3.0
65,110,3.0
65,111,3.0
65,112,3.0
65,113,3.0
65,114,2.0
65,115,2.0
65,116,2.0
65,117,3.0
65,118,4.0
65,119,3.0
65,120,3.0
65,121,4.0
65,122,3.0
65,123,3.0
65,124,2.0
65,125,2.0
65,126,4.0
65,127,4.0
65,128,2.0
65,129,4.0
65,130,4.0
65,131,4.0
65,132,3.0
65,133,3.0
65,134,3.0
65,135,3.0
65,136,3.0
65,137,3.0
65,138,3.0
65,139,2.0
65,140,3.0
65,141,3.0
65,142,4.0
65,143,3.0
65,144,3.0
65,145,4.0
65,146,4.0
65,147,3.0
65,148,3.0
65,149,4.0
65,150,2.0
65,151,2.0
65,152,4.0
65,153,4.0
65,154,3.0
65,155,4.0
65,156,4.0
65,157,3.0
65,158,3.0
65,159,2.0
65,160,3.0
65,161,2.0
65,162,4.0
65,163,3.0
65,164,3.0
65,165,3.0
65,166,2.0
65,167,3.0
65,168,3.0
65,169,5.0
65,170,3.0
65,171,3.0
65,172,3.0
65,173,2.0
65,174,2.0
65,175,2.0
65,176,4.0
65,177,3.0
65,178,3.0
65,179,2.0
65,180,2.0
65,181,2.0
65,182,3.0
65,183,2.0
65,184,2.0
65,185,2.0
65,186,2.0
65,187,2.0
65,188,4.0
65,189,4.0
65,190,2.0
65,191,2.0
65,192,2.0
65,193,3.0
65,194,3.0
65,195,3.0
65,196,3.0
65,197,3.0
65,198,3.0
65,199,3.0
65,200,3.0
65,201,3.0
65,202,3.0
65,203,3.0
65,204,3.0
65,205,3.0
65,206,4.0
65,207,2.0
65,208,3.0
65,209,5.0
65,210,4.0
65,211,3.0
65,212,3.0
65,213,4.0
65,214,3.0
65,215,3.0
65,216,3.0
65,217,2.0
65,218,4.0
65,219,1.0
65,220,2.0
65,221,3.0
65,222,2.0
65,223,4.0
65,224,4.0
65,225,5.0
65,226,2.0
65,227,5.0
65,228,1.0
65,229,3.0
65,230,2.0
65,231,5.0
65,232,2.0
65,233,3.0
65,234,3.0
65,235,5.0
65,236,3.0
65,237,3.0
65,238,3.0
65,239,4.0
65,240,3.0
65,241,4.0
65,242,5.0
65,243,3.0
65,244,4.0
65,245,2.0
65,246,2.0
65,247,4.0
65,248,3.0
65,249,3.0
65,250,3.0
65,251,1.0
65,252,3.0
65,253,5.0
65,254,3.0
65,255,4.0
65,256,3.0
65,257,3.0
65,258,4.0
65,259,3.0
65,260,4.0
65,261,4.0
65,262,3.0
65,263,3.0
65,264,3.0
65,265,4.0
65,266,4.0
65,267,5.0
65,268,2.0
65,269,3.0
65,270,3.0
65,271,2.0
65,272,3.0
65,273,5.0
65,274,3.0
65,275,4.0
65,276,5.0
65,277,4.0
65,278,3.0
65,279,3.0
65,280,4.0
65,281,4.0
65,282,2.0
65,283,3.0
65,284,3.0
65,285,2.0
65,286,3.0
65,287,3.0
65,288,4.0
65,289,4.0
65,290,2.0
65,291,2.0
65,292,5.0
65,293,3.0
65,294,3.0
65,295,4.0
65,296,3.0
65,297,4.0
65,298,3.0
65,299,2.0
65,300,3.0
65,301,3.0
65,302,4.0
65,303,3.0
65,304,3.0
65,305,4.0
65,306,3.0
65,307,4.0
65,308,4.0
65,309,3.0
65,310,4.0
65,311,3.0
65,312,3.0
65,313,5.0
65,314,4.0
65,315,3.0
65,316,3.0
65,317,3.0
65,318,2.0
65,319,4.0
65,320,4.0
65,321,4.0
65,322,2.0
65,323,3.0
65,324,3.0
65,325,2.0
65,326,5.0
65,327,3.0
65,328,4.0
65,329,4.0
65,330,5.0
65,331,3.0
65,332,3.0
65,333,3.0
65,334,2.0
65,335,2.0
65,336,3.0
65,337,4.0
65,338,3.0
65,339,4.0
65,340,3.0
65,341,4.0
65,342,5.0
65,343,4.0
65,344,4.0
65,345,3.0
65,346,3.0
65,347,4.0
65,348,3.0
65,349,3.0
65,350,3.0
65,351,4.0
65,352,5.0
65,353,3.0
65,354,3.0
65,355,4.0
65,356,3.0
65,357,4.0
65,358,5.0
65,359,3.0
65,360,3.0
65,361,3.0
65,362,5.0
65,363,2.0
65,364,3.0
65,365,3.0
65,366,3.0
65,367,4.0
65,368,1.0
65,369,4.0
65,370,3.0
65,371,4.0
65,372,4.0
65,373,3.0
65,374,5.0
65,375,2.0
65,376,3.0
65,377,2.0
66,67,4.0
66,68,5.0
66,69,3.0
66,70,3.0
66,71,5.0
66,72,3.0
66,73,4.0
66,74,3.0
66,75,4.0
66,76,3.0
66,77,2.0
66,78,6.0
66,79,6.0
66,80,4.0
66,81,3.0
66,82,4.0
66,83,2.0
66,84,2.0
66,85,2.0
66,86,4.0
66,87,4.0
66,88,3.0
66,89,3.0
66,90,3.0
66,91,3.0
66,92,3.0
66,93,5.0
66,94,2.0
66,95,4.0
66,96,2.0
66,97,3.0
66,98,2.0
66,99,3.0
66,100,2.0
66,101,5.0
66,102,2.0
66,103,3.0
66,104,2.0
66,105,6.0
66,106,6.0
66,107,3.0
66,108,3.0
66,109,3.0
66,110,3.0
66,111,3.0
66,112,3.0
66,113,3.0
66,114,2.0
66,115,2.0
66,116,2.0
66,117,3.0
66,118,4.0
66,119,3.0
66,120,3.0
66,121,4.0
66,122,3.0
66,123,3.0
66,124,2.0
66,125,2.0
66,126,4.0
66,127,4.0
66,128,2.0
66,129,4.0
66,130,4.0
66,131,4.0
66,132,3.0
66,133,3.0
66,134,3.0
66,135,3.0
66,136,3.0
66,137,3.0
66,138,3.0
66,139,2.0
66,140,3.0
66,141,3.0
66,142,4.0
66,143,3.0
66,144,3.0
66,145,4.0
66,146,4.0
66,147,3.0
66,148,3.0
66,149,4.0
66,150,2.0
66,151,2.0
66,152,4.0
66,153,4.0
66,154,3.0
66,155,4.0
66,156,4.0
66,157,3.0
66,158,3.0
66,159,2.0
66,160,3.0
66,161,2.0
66,162,4.0
66,163,3.0
66,164,3.0
66,165,3.0
66,166,2.0
66,167,3.0
66,168,3.0
66,169,5.0
66,170,3.0
66,171,3.0
66,172,3.0
66,173,2.0
66,174,2.0
66,175,2.0
66,176,4.0
66,177,3.0
66,178,3.0
66,179,2.0
66,180,2.0
66,181,2.0
66,182,3.0
66,183,2.0
66,184,2.0
66,185,2.0
66,186,2.0
66,187,2.0
66,188,4.0
66,189,4.0
66,190,2.0
66,191,2.0
66,192,2.0
66,193,3.0
66,194,3.0
66,195,3.0
66,196,3.0
66,197,3.0
66,198,3.0
66,199,3.0
66,200,3.0
66,201,3.0
66,202,3.0
66,203,3.0
66,204,3.0
66,205,3.0
66,206,4.0
66,207,2.0
66,208,3.0
66,209,5.0
66,210,4.0
66,211,3.0
66,212,3.0
66,213,4.0
66,214,3.0
66,215,3.0
66,216,3.0
66,217,2.0
66,218,4.0
66,219,1.0
66,220,2.0
66,221,3.0
66,222,2.0
66,223,4.0
66,224,4.0
66,225,5.0
66,226,2.0
66,227,5.0
66,228,1.0
66,229,3.0
66,230,2.0
66,231,5.0
66,232,2.0
66,233,3.0
66,234,3.0
66,235,5.0
66,236,3.0
66,237,3.0
66,238,3.0
66,239,4.0
66,240,3.0
66,241,4.0
66,242,5.0
66,243,3.0
66,244,4.0
66,245,2.0
66,246,2.0
66,247,4.0
66,248,3.0
66,249,3.0
66,250,3.0
66,251,1.0
66,252,3.0
66,253,5.0
66,254,3.0
66,255,4.0
66,256,3.0
66,257,3.0
66,258,4.0
66,259,3.0
66,260,4.0
66,261,4.0
66,262,3.0
66,263,3.0
66,264,3.0
66,265,4.0
66,266,4.0
66,267,5.0
66,268,2.0
66,269,3.0
66,270,3.0
66,271,2.0
66,272,3.0
66,273,5.0
66,274,3.0
66,275,4.0
66,276,5.0
66,277,4.0
66,278,3.0
66,279,3.0
66,280,4.0
66,281,4.0
66,282,2.0
66,283,3.0
66,284,3.0
66,285,2.0
66,286,3.0
66,287,3.0
66,288,4.0
66,289,4.0
66,290,2.0
66,291,2.0
66,292,5.0
66,293,3.0
66,294,3.0
66,295,4.0
66,296,3.0
66,297,4.0
66,298,3.0
66,299,2.0
66,300,3.0
66,301,3.0
66,302,4.0
66,303,3.0
66,304,3.0
66,305,4.0
66,306,3.0
66,307,4.0
66,308,4.0
66,309,3.0
66,310,4.0
66,311,3.0
66,312,3.0
66,313,5.0
66,314,4.0
66,315,3.0
66,316,3.0
66,317,3.0
66,318,2.0
66,319,4.0
66,320,4.0
66,321,4.0
66,322,2.0
66,323,3.0
66,324,3.0
66,325,2.0
66,326,5.0
66,327,3.0
66,328,4.0
66,329,4.0
66,330,5.0
66,331,3.0
66,332,3.0
66,333,3.0
66,334,2.0
66,335,2.0
66,336,3.0
66,337,4.0
66,338,3.0
66,339,4.0
66,340,3.0
66,341,4.0
66,342,5.0
66,343,4.0
66,344,4.0
66,345,3.0
66,346,3.0
66,347,4.0
66,348,3.0
66,349,3.0
66,350,3.0
66,351,4.0
66,352,5.0
66,353,3.0
66,354,3.0
66,355,4.0
66,356,3.0
66,357,4.0
66,358,5.0
66,359,3.0
66,360,3.0
66,361,3.0
66,362,5.0
66,363,2.0
66,364,3.0
66,365,3.0
66,366,3.0
66,367,4.0
66,368,1.0
66,369,4.0
66,370,3.0
66,371,4.0
66,372,4.0
66,373,3.0
66,374,5.0
66,375,2.0
66,376,3.0
66,377,2.0
67,68,5.0
67,69,4.0
67,70,4.0
67,71,5.0
67,72,2.0
67,73,4.0
67,74,3.0
67,75,4.0
67,76,3.0
67,77,2.0
67,78,3.0
67,79,3.0
67,80,4.0
67,81,4.0
67,82,4.0
67,83,3.0
67,84,3.0
67,85,3.0
67,86,4.0
67,87,4.0
67,88,4.0
67,89,2.0
67,90,4.0
67,91,4.0
67,92,2.0
67,93,4.0
67,94,2.0
67,95,4.0
67,96,3.0
67,97,4.0
67,98,3.0
67,99,3.0
67,100,3.0
67,101,5.0
67,102,3.0
67,103,4.0
67,104,3.0
67,105,3.0
67,106,3.0
67,107,3.0
67,108,4.0
67,109,4.0
67,110,4.0
67,111,3.0
67,112,4.0
67,113,3.0
67,114,3.0
67,115,3.0
67,116,3.0
67,117,4.0
67,118,3.0
67,119,3.0
67,120,4.0
67,121,3.0
67,122,3.0
67,123,4.0
67,124,2.0
67,125,2.0
67,126,4.0
67,127,4.0
67,128,3.0
67,129,4.0
67,130,4.0
67,131,4.0
67,132,3.0
67,133,3.0
67,134,3.0
67,135,3.0
67,136,3.0
67,137,3.0
67,138,3.0
67,139,3.0
67,140,4.0
67,141,4.0
67,142,4.0
67,143,3.0
67,144,3.0
67,145,4.0
67,146,3.0
67,147,3.0
67,148,3.0
67,149,3.0
67,150,3.0
67,151,3.0
67,152,3.0
67,153,3.0
67,154,4.0
67,155,4.0
67,156,4.0
67,157,4.0
67,158,4.0
67,159,1.0
67,160,3.0
67,161,2.0
67,162,4.0
67,163,4.0
67,164,3.0
67,165,3.0
67,166,3.0
67,167,4.0
67,168,3.0
67,169,5.0
67,170,4.0
67,171,4.0
67,172,4.0
67,173,3.0
67,174,3.0
67,175,2.0
67,176,3.0
67,177,4.0
67,178,4.0
67,179,3.0
67,180,2.0
67,181,2.0
67,182,3.0
67,183,2.0
67,184,2.0
67,185,3.0
67,186,3.0
67,187,3.0
67,188,3.0
67,189,3.0
67,190,2.0
67,191,2.0
67,192,2.0
67,193,3.0
67,194,4.0
67,195,3.0
67,196,4.0
67,197,4.0
67,198,4.0
67,199,2.0
67,200,2.0
67,201,2.0
67,202,4.0
67,203,4.0
67,204,3.0
67,205,3.0
67,206,4.0
67,207,2.0
67,208,4.0
67,209,5.0
67,210,3.0
67,211,4.0
67,212,4.0
67,213,4.0
67,214,4.0
67,215,3.0
67,216,4.0
67,217,2.0
67,218,3.0
67,219,2.0
67,220,3.0
67,221,4.0
67,222,2.0
67,223,3.0
67,224,4.0
67,225,5.0
67,226,3.0
67,227,5.0
67,228,2.0
67,229,3.0
67,230,1.0
67,231,5.0
67,232,3.0
67,233,4.0
67,234,4.0
67,235,5.0
67,236,3.0
67,237,4.0
67,238,4.0
67,239,4.0
67,240,4.0
67,241,4.0
67,242,5.0
67,243,4.0
67,244,3.0
67,245,2.0
67,246,2.0
67,247,4.0
67,248,3.0
67,249,4.0
67,250,4.0
67,251,2.0
67,252,3.0
67,253,5.0
67,254,4.0
67,255,3.0
67,256,4.0
67,257,4.0
67,258,4.0
67,259,3.0
67,260,4.0
67,261,4.0
67,262,4.0
67,263,4.0
67,264,4.0
67,265,3.0
67,266,4.0
67,267,5.0
67,268,3.0
67,269,4.0
67,270,4.0
67,271,2.0
67,272,3.0
67,273,5.0
67,274,3.0
67,275,4.0
67,276,5.0
67,277,4.0
67,278,4.0
67,279,4.0
67,280,3.0
67,281,3.0
67,282,2.0
67,283,4.0
67,284,3.0
67,285,2.0
67,286,4.0
67,287,4.0
67,288,2.0
67,289,4.0
67,290,3.0
67,291,2.0
67,292,5.0
67,293,4.0
67,294,4.0
67,295,4.0
67,296,4.0
67,297,4.0
67,298,3.0
67,299,2.0
67,300,4.0
67,301,4.0
67,302,4.0
67,303,3.0
67,304,4.0
67,305,3.0
67,306,2.0
67,307,4.0
67,308,4.0
67,309,4.0
67,310,4.0
67,311,4.0
67,312,3.0
67,313,5.0
67,314,4.0
67,315,3.0
67,316,4.0
67,317,4.0
67,318,2.0
67,319,4.0
67,320,4.0
67,321,4.0
67,322,3.0
67,323,4.0
67,324,3.0
67,325,3.0
67,326,5.0
67,327,3.0
67,328,3.0
67,329,4.0
67,330,5.0
67,331,3.0
67,332,2.0
67,333,4.0
67,334,3.0
67,335,3.0
67,336,3.0
67,337,4.0
67,338,4.0
67,339,3.0
67,340,4.0
67,341,3.0
67,342,5.0
67,343,3.0
67,344,4.0
67,345,4.0
67,346,4.0
67,347,4.0
67,348,4.0
67,349,4.0
67,350,2.0
67,351,4.0
67,352,5.0
67,353,4.0
67,354,3.0
67,355,4.0
67,356,4.0
67,357,5.0
67,358,5.0
67,359,3.0
67,360,4.0
67,361,3.0
67,362,5.0
67,363,3.0
67,364,3.0
67,365,4.0
67,366,3.0
67,367,4.0
67,368,2.0
67,369,3.0
67,370,3.0
67,371,4.0
67,372,4.0
67,373,4.0
67,374,5.0
67,375,3.0
67,376,4.0
67,377,2.0
68,69,5.0
68,70,5.0
68,71,7.0
68,72,3.0
68,73,6.0
68,74,3.0
68,75,4.0
68,76,3.0
68,77,3.0
68,78,4.0
68,79,4.0
68,80,6.0
68,81,4.0
68,82,5.0
68,83,4.0
68,84,4.0
68,85,4.0
68,86,5.0
68,87,5.0
68,88,4.0
68,89,3.0
68,90,5.0
68,91,4.0
68,92,4.0
68,93,5.0
68,94,2.0
68,95,4.0
68,96,3.0
68,97,5.0
68,98,3.0
68,99,3.0
68,100,4.0
68,101,7.0
68,102,4.0
68,103,4.0
68,104,4.0
68,105,4.0
68,106,4.0
68,107,4.0
68,108,4.0
68,109,4.0
68,110,5.0
68,111,3.0
68,112,4.0
68,113,3.0
68,114,4.0
68,115,4.0
68,116,4.0
68,117,5.0
68,118,4.0
68,119,3.0
68,120,5.0
68,121,4.0
68,122,3.0
68,123,4.0
68,124,2.0
68,125,2.0
68,126,6.0
68,127,6.0
68,128,4.0
68,129,6.0
68,130,6.0
68,131,6.0
68,132,3.0
68,133,3.0
68,134,3.0
68,135,3.0
68,136,4.0
68,137,4.0
68,138,4.0
68,139,4.0
68,140,5.0
68,141,5.0
68,142,4.0
68,143,4.0
68,144,4.0
68,145,5.0
68,146,4.0
68,147,4.0
68,148,4.0
68,149,4.0
68,150,4.0
68,151,4.0
68,152,3.0
68,153,4.0
68,154,4.0
68,155,4.0
68,156,5.0
68,157,4.0
68,158,4.0
68,159,1.0
68,160,4.0
68,161,2.0
68,162,6.0
68,163,4.0
68,164,4.0
68,165,3.0
68,166,4.0
68,167,4.0
68,168,5.0
68,169,6.0
68,170,4.0
68,171,5.0
68,172,4.0
68,173,4.0
68,174,4.0
68,175,2.0
68,176,3.0
68,177,4.0
68,178,4.0
68,179,4.0
68,180,2.0
68,181,2.0
68,182,3.0
68,183,3.0
68,184,3.0
68,185,4.0
68,186,4.0
68,187,4.0
68,188,4.0
68,189,3.0
68,190,2.0
68,191,2.0
68,192,2.0
68,193,3.0
68,194,4.0
68,195,3.0
68,196,5.0
68,197,5.0
68,198,5.0
68,199,3.0
68,200,3.0
68,201,3.0
68,202,5.0
68,203,5.0
68,204,3.0
68,205,3.0
68,206,5.0
68,207,3.0
68,208,4.0
68,209,7.0
68,210,4.0
68,211,5.0
68,212,4.0
68,213,6.0
68,214,5.0
68,215,5.0
68,216,4.0
68,217,3.0
68,218,3.0
68,219,3.0
68,220,4.0
68,221,5.0
68,222,3.0
68,223,4.0
68,224,6.0
68,225,7.0
68,226,4.0
68,227,7.0
68,228,3.0
68,229,3.0
68,230,3.0
68,231,7.0
68,232,4.0
68,233,4.0
68,234,4.0
68,235,7.0
68,236,3.0
68,237,5.0
68,238,4.0
68,239,6.0
68,240,5.0
68,241,6.0
68,242,7.0
68,243,5.0
68,244,4.0
68,245,2.0
68,246,3.0
68,247,6.0
68,248,4.0
68,249,4.0
68,250,4.0
68,251,3.0
68,252,3.0
68,253,7.0
68,254,4.0
68,255,3.0
68,256,4.0
68,257,5.0
68,258,5.0
68,259,3.0
68,260,6.0
68,261,6.0
68,262,5.0
68,263,5.0
68,264,5.0
68,265,3.0
68,266,4.0
68,267,7.0
68,268,4.0
68,269,4.0
68,270,4.0
68,271,2.0
68,272,5.0
68,273,7.0
68,274,3.0
68,275,6.0
68,276,7.0
68,277,5.0
68,278,5.0
68,279,4.0
68,280,4.0
68,281,3.0
68,282,3.0
68,283,4.0
68,284,4.0
68,285,2.0
68,286,5.0
68,287,4.0
68,288,3.0
68,289,6.0
68,290,3.0
68,291,2.0
68,292,7.0
68,293,4.0
68,294,4.0
68,295,6.0
68,296,5.0
68,297,6.0
68,298,4.0
68,299,3.0
68,300,5.0
68,301,5.0
68,302,6.0
68,303,4.0
68,304,4.0
68,305,3.0
68,306,4.0
68,307,5.0
68,308,4.0
68,309,5.0
68,310,6.0
68,311,5.0
68,312,3.0
68,313,7.0
68,314,6.0
68,315,3.0
68,316,4.0
68,317,4.0
68,318,3.0
68,319,4.0
68,320,5.0
68,321,6.0
68,322,4.0
68,323,5.0
68,324,5.0
68,325,4.0
68,326,7.0
68,327,3.0
68,328,4.0
68,329,5.0
68,330,7.0
68,331,4.0
68,332,2.0
68,333,4.0
68,334,4.0
68,335,4.0
68,336,3.0
68,337,5.0
68,338,5.0
68,339,4.0
68,340,5.0
68,341,3.0
68,342,6.0
68,343,4.0
68,344,6.0
68,345,4.0
68,346,5.0
68,347,6.0
68,348,4.0
68,349,5.0
68,350,4.0
68,351,6.0
68,352,6.0
68,353,5.0
68,354,4.0
68,355,4.0
68,356,5.0
68,357,6.0
68,358,7.0
68,359,3.0
68,360,5.0
68,361,5.0
68,362,7.0
68,363,4.0
68,364,3.0
68,365,4.0
68,366,5.0
68,367,6.0
68,368,3.0
68,369,3.0
68,370,5.0
68,371,6.0
68,372,6.0
68,373,4.0
68,374,7.0
68,375,3.0
68,376,5.0
68,377,3.0
69,70,7.0
69,71,5.0
69,72,3.0
69,73,4.0
69,74,5.0
69,75,4.0
69,76,4.0
69,77,1.0
69,78,2.0
69,79,2.0
69,80,4.0
69,81,6.0
69,82,3.0
69,83,6.0
69,84,6.0
69,85,6.0
69,86,6.0
69,87,3.0
69,88,6.0
69,89,3.0
69,90,7.0
69,91,5.0
69,92,3.0
69,93,3.0
69,94,3.0
69,95,3.0
69,96,5.0
69,97,5.0
69,98,5.0
69,99,5.0
69,100,5.0
69,101,5.0
69,102,5.0
69,103,5.0
69,104,6.0
69,105,2.0
69,106,2.0
69,107,2.0
69,108,6.0
69,109,6.0
69,110,7.0
69,111,4.0
69,112,5.0
69,113,4.0
69,114,6.0
69,115,6.0
69,116,6.0
69,117,7.0
69,118,4.0
69,119,4.0
69,120,7.0
69,121,4.0
69,122,4.0
69,123,4.0
69,124,2.0
69,125,2.0
69,126,4.0
69,127,4.0
69,128,6.0
69,129,4.0
69,130,4.0
69,131,4.0
69,132,4.0
69,133,4.0
69,134,4.0
69,135,4.0
69,136,5.0
69,137,5.0
69,138,5.0
69,139,6.0
69,140,7.0
69,141,7.0
69,142,5.0
69,143,2.0
69,144,2.0
69,145,6.0
69,146,3.0
69,147,5.0
69,148,5.0
69,149,3.0
69,150,6.0
69,151,6.0
69,152,4.0
69,153,4.0
69,154,6.0
69,155,4.0
69,156,6.0
69,157,5.0
69,158,5.0
69,159,2.0
69,160,5.0
69,161,2.0
69,162,4.0
69,163,5.0
69,164,3.0
69,165,5.0
69,166,4.0
69,167,5.0
69,168,3.0
69,169,4.0
69,170,5.0
69,171,7.0
69,172,5.0
69,173,5.0
69,174,5.0
69,175,2.0
69,176,4.0
69,177,5.0
69,178,5.0
69,179,6.0
69,180,3.0
69,181,3.0
69,182,4.0
69,183,4.0
69,184,4.0
69,185,5.0
69,186,6.0
69,187,6.0
69,188,4.0
69,189,4.0
69,190,4.0
69,191,4.0
69,192,4.0
69,193,4.0
69,194,5.0
69,195,5.0
69,196,7.0
69,197,7.0
69,198,7.0
69,199,4.0
69,200,4.0
69,201,4.0
69,202,7.0
69,203,6.0
69,204,5.0
69,205,5.0
69,206,4.0
69,207,4.0
69,208,5.0
69,209,5.0
69,210,5.0
69,211,7.0
69,212,6.0
69,213,4.0
69,214,7.0
69,215,5.0
69,216,5.0
69,217,4.0
69,218,4.0
69,219,4.0
69,220,6.0
69,221,7.0
69,222,4.0
69,223,4.0
69,224,4.0
69,225,5.0
69,226,5.0
69,227,5.0
69,228,4.0
69,229,4.0
69,230,3.0
69,231,5.0
69,232,5.0
69,233,5.0
69,234,6.0
69,235,5.0
69,236,4.0
69,237,7.0
69,238,6.0
69,239,4.0
69,240,7.0
69,241,4.0
69,242,5.0
69,243,7.0
69,244,2.0
69,245,3.0
69,246,4.0
69,247,4.0
69,248,4.0
69,249,5.0
69,250,5.0
69,251,4.0
69,252,5.0
69,253,5.0
69,254,5.0
69,255,4.0
69,256,6.0
69,257,7.0
69,258,6.0
69,259,4.0
69,260,4.0
69,261,4.0
69,262,6.0
69,263,7.0
69,264,7.0
69,265,4.0
69,266,4.0
69,267,5.0
69,268,6.0
69,269,6.0
69,270,5.0
69,271,3.0
69,272,3.0
69,273,5.0
69,274,4.0
69,275,4.0
69,276,5.0
69,277,3.0
69,278,7.0
69,279,6.0
69,280,5.0
69,281,4.0
69,282,4.0
69,283,5.0
69,284,2.0
69,285,2.0
69,286,7.0
69,287,5.0
69,288,3.0
69,289,4.0
69,290,3.0
69,291,3.0
69,292,5.0
69,293,5.0
69,294,5.0
69,295,4.0
69,296,7.0
69,297,4.0
69,298,4.0
69,299,4.0
69,300,7.0
69,301,7.0
69,302,4.0
69,303,2.0
69,304,5.0
69,305,4.0
69,306,3.0
69,307,3.0
69,308,6.0
69,309,7.0
69,310,4.0
69,311,7.0
69,312,4.0
69,313,5.0
69,314,4.0
69,315,4.0
69,316,5.0
69,317,5.0
69,318,4.0
69,319,4.0
69,320,3.0
69,321,4.0
69,322,6.0
69,323,7.0
69,324,3.0
69,325,5.0
69,326,5.0
69,327,4.0
69,328,2.0
69,329,6.0
69,330,5.0
69,331,5.0
69,332,3.0
69,333,5.0
69,334,5.0
69,335,6.0
69,336,4.0
69,337,3.0
69,338,7.0
69,339,4.0
69,340,7.0
69,341,4.0
69,342,4.0
69,343,2.0
69,344,4.0
69,345,6.0
69,346,6.0
69,347,4.0
69,348,5.0
69,349,7.0
69,350,3.0
69,351,4.0
69,352,4.0
69,353,7.0
69,354,2.0
69,355,4.0
69,356,7.0
69,357,5.0
69,358,5.0
69,359,4.0
69,360,7.0
69,361,3.0
69,362,5.0
69,363,5.0
69,364,5.0
69,365,5.0
69,366,3.0
69,367,4.0
69,368,4.0
69,369,4.0
69,370,4.0
69,371,4.0
69,372,4.0
69,373,5.0
69,374,5.0
69,375,4.0
69,376,6.0
69,377,4.0
70,71,5.0
70,72,3.0
70,73,4.0
70,74,5.0
70,75,4.0
70,76,4.0
70,77,1.0
70,78,2.0
70,79,2.0
70,80,4.0
70,81,6.0
70,82,3.0
70,83,6.0
70,84,6.0
70,85,6.0
70,86,6.0
70,87,3.0
70,88,6.0
70,89,3.0
70,90,7.0
70,91,5.0
70,92,3.0
70,93,3.0
70,94,3.0
70,95,3.0
70,96,5.0
70,97,5.0
70,98,5.0
70,99,5.0
70,100,5.0
70,101,5.0
70,102,5.0
70,103,5.0
70,104,6.0
70,105,2.0
70,106,2.0
70,107,2.0
70,108,6.0
70,109,6.0
70,110,7.0
70,111,4.0
70,112,5.0
70,113,4.0
70,114,6.0
70,115,6.0
70,116,6.0
70,117,7.0
70,118,4.0
70,119,4.0
70,120,7.0
70,121,4.0
70,122,4.0
70,123,4.0
70,124,2.0
70,125,2.0
70,126,4.0
70,127,4.0
70,128,6.0
70,129,4.0
70,130,4.0
70,131,4.0
70,132,4.0
70,133,4.0
70,134,4.0
70,135,4.0
70,136,5.0
70,137,5.0
70,138,5.0
70,139,6.0
70,140,7.0
70,141,7.0
70,142,5.0
70,143,2.0
70,144,2.0
70,145,6.0
70,146,3.0
70,147,5.0
70,148,5.0
70,149,3.0
70,150,6.0
70,151,6.0
70,152,4.0
70,153,4.0
70,154,6.0
70,155,4.0
70,156,6.0
70,157,5.0
70,158,5.0
70,159,2.0
70,160,5.0
70,161,2.0
70,162,4.0
70,163,5.0
70,164,3.0
70,165,5.0
70,166,4.0
70,167,5.0
70,168,3.0
70,169,4.0
70,170,5.0
70,171,7.0
70,172,5.0
70,173,5.0
70,174,5.0
70,175,2.0
70,176,4.0
70,177,5.0
70,178,5.0
70,179,6.0
70,180,3.0
70,181,3.0
70,182,4.0
70,183,4.0
70,184,4.0
70,185,5.0
70,186,6.0
70,187,6.0
70,188,4.0
70,189,4.0
70,190,4.0
70,191,4.0
70,192,4.0
70,193,4.0
70,194,5.0
70,195,5.0
70,196,7.0
70,197,7.0
70,198,7.0
70,199,4.0
70,200,4.0
70,201,4.0
70,202,7.0
70,203,6.0
70,204,5.0
70,205,5.0
70,206,4.0
70,207,4.0
70,208,5.0
70,209,5.0
70,210,5.0
70,211,7.0
70,212,6.0
70,213,4.0
70,214,7.0
70,215,5.0
70,216,5.0
70,217,4.0
70,218,4.0
70,219,4.0
70,220,6.0
70,221,7.0
70,222,4.0
70,223,4.0
70,224,4.0
70,225,5.0
70,226,5.0
70,227,5.0
70,228,4.0
70,229,4.0
70,230,3.0
70,231,5.0
70,232,5.0
70,233,5.0
70,234,6.0
70,235,5.0
70,236,4.0
70,237,7.0
70,238,6.0
70,239,4.0
70,240,7.0
70,241,4.0
70,242,5.0
70,243,7.0
70,244,2.0
70,245,3.0
70,246,4.0
70,247,4.0
70,248,4.0
70,249,5.0
70,250,5.0
70,251,4.0
70,252,5.0
70,253,5.0
70,254,5.0
70,255,4.0
70,256,6.0
70,257,7.0
70,258,6.0
70,259,4.0
70,260,4.0
70,261,4.0
70,262,6.0
70,263,7.0
70,264,7.0
70,265,4.0
70,266,4.0
70,267,5.0
70,268,6.0
70,269,6.0
70,270,5.0
70,271,3.0
70,272,3.0
70,273,5.0
70,274,4.0
70,275,4.0
70,276,5.0
70,277,3.0
70,278,7.0
70,279,6.0
70,280,5.0
70,281,4.0
70,282,4.0
70,283,5.0
70,284,2.0
70,285,2.0
70,286,7.0
70,287,5.0
70,288,3.0
70,289,4.0
70,290,3.0
70,291,3.0
70,292,5.0
70,293,5.0
70,294,5.0
70,295,4.0
70,296,7.0
70,297,4.0
70,298,4.0
70,299,4.0
70,300,7.0
70,301,7.0
70,302,4.0
70,303,2.0
70,304,5.0
70,305,4.0
70,306,3.0
70,307,3.0
70,308,6.0
70,309,7.0
70,310,4.0
70,311,7.0
70,312,4.0
70,313,5.0
70,314,4.0
70,315,4.0
70,316,5.0
70,317,5.0
70,318,4.0
70,319,4.0
70,320,3.0
70,321,4.0
70,322,6.0
70,323,7.0
70,324,3.0
70,325,5.0
70,326,5.0
70,327,4.0
70,328,2.0
70,329,6.0
70,330,5.0
70,331,5.0
70,332,3.0
70,333,5.0
70,334,5.0
70,335,6.0
70,336,4.0
70,337,3.0
70,338,7.0
70,339,4.0
70,340,7.0
70,341,4.0
70,342,4.0
70,343,2.0
70,344,4.0
70,345,6.0
70,346,6.0
70,347,4.0
70,348,5.0
70,349,7.0
70,350,3.0
70,351,4.0
70,352,4.0
70,353,7.0
70,354,2.0
70,355,4.0
70,356,7.0
70,357,5.0
70,358,5.0
70,359,4.0
70,360,7.0
70,361,3.0
70,362,5.0
70,363,5.0
70,364,5.0
70,365,5.0
70,366,3.0
70,367,4.0
70,368,4.0
70,369,4.0
70,370,4.0
70,371,4.0
70,372,4.0
70,373,5.0
70,374,5.0
70,375,4.0
70,376,6.0
70,377,4.0
71,72,3.0
71,73,6.0
71,74,3.0
71,75,4.0
71,76,3.0
71,77,3.0
71,78,4.0
71,79,4.0
71,80,6.0
71,81,4.0
71,82,5.0
71,83,4.0
71,84,4.0
71,85,4.0
71,86,5.0
71,87,5.0
71,88,4.0
71,89,3.0
71,90,5.0
71,91,4.0
71,92,4.0
71,93,5.0
71,94,2.0
71,95,4.0
71,96,3.0
71,97,5.0
71,98,3.0
71,99,3.0
71,100,4.0
71,101,7.0
71,102,4.0
71,103,4.0
71,104,4.0
71,105,4.0
71,106,4.0
71,107,4.0
71,108,4.0
71,109,4.0
71,110,5.0
71,111,3.0
71,112,4.0
71,113,3.0
71,114,4.0
71,115,4.0
71,116,4.0
71,117,5.0
71,118,4.0
71,119,3.0
71,120,5.0
71,121,4.0
71,122,3.0
71,123,4.0
71,124,2.0
71,125,2.0
71,126,6.0
71,127,6.0
71,128,4.0
71,129,6.0
71,130,6.0
71,131,6.0
71,132,3.0
71,133,3.0
71,134,3.0
71,135,3.0
71,136,4.0
71,137,4.0
71,138,4.0
71,139,4.0
71,140,5.0
71,141,5.0
71,142,4.0
71,143,4.0
71,144,4.0
71,145,5.0
71,146,4.0
71,147,4.0
71,148,4.0
71,149,4.0
71,150,4.0
71,151,4.0
71,152,3.0
71,153,4.0
71,154,4.0
71,155,4.0
71,156,5.0
71,157,4.0
71,158,4.0
71,159,1.0
71,160,4.0
71,161,2.0
71,162,6.0
71,163,4.0
71,164,4.0
71,165,3.0
71,166,4.0
71,167,4.0
71,168,5.0
71,169,6.0
71,170,4.0
71,171,5.0
71,172,4.0
71,173,4.0
71,174,4.0
71,175,2.0
71,176,3.0
71,177,4.0
71,178,4.0
71,179,4.0
71,180,2.0
71,181,2.0
71,182,3.0
71,183,3.0
71,184,3.0
71,185,4.0
71,186,4.0
71,187,4.0
71,188,4.0
71,189,3.0
71,190,2.0
71,191,2.0
71,192,2.0
71,193,3.0
71,194,4.0
71,195,3.0
71,196,5.0
71,197,5.0
71,198,5.0
71,199,3.0
71,200,3.0
71,201,3.0
71,202,5.0
71,203,5.0
71,204,3.0
71,205,3.0
71,206,5.0
71,207,3.0
71,208,4.0
71,209,7.0
71,210,4.0
71,211,5.0
71,212,4.0
71,213,6.0
71,214,5.0
71,215,5.0
71,216,4.0
71,217,3.0
71,218,3.0
71,219,3.0
71,220,4.0
71,221,5.0
71,222,3.0
71,223,4.0
71,224,6.0
71,225,7.0
71,226,4.0
71,227,7.0
71,228,3.0
71,229,3.0
71,230,3.0
71,231,7.0
71,232,4.0
71,233,4.0
71,234,4.0
71,235,7.0
71,236,3.0
71,237,5.0
71,238,4.0
71,239,6.0
71,240,5.0
71,241,6.0
71,242,7.0
71,243,5.0
71,244,4.0
71,245,2.0
71,246,3.0
71,247,6.0
71,248,4.0
71,249,4.0
71,250,4.0
71,251,3.0
71,252,3.0
71,253,7.0
71,254,4.0
71,255,3.0
71,256,4.0
71,257,5.0
71,258,5.0
71,259,3.0
71,260,6.0
71,261,6.0
71,262,5.0
71,263,5.0
71,264,5.0
71,265,3.0
71,266,4.0
71,267,7.0
71,268,4.0
71,269,4.0
71,270,4.0
71,271,2.0
71,272,5.0
71,273,7.0
71,274,3.0
71,275,6.0
71,276,7.0
71,277,5.0
71,278,5.0
71,279,4.0
71,280,4.0
71,281,3.0
71,282,3.0
71,283,4.0
71,284,4.0
71,285,2.0
71,286,5.0
71,287,4.0
71,288,3.0
71,289,6.0
71,290,3.0
71,291,2.0
71,292,7.0
71,293,4.0
71,294,4.0
71,295,6.0
71,296,5.0
71,297,6.0
71,298,4.0
71,299,3.0
71,300,5.0
71,301,5.0
71,302,6.0
71,303,4.0
71,304,4.0
71,305,3.0
71,306,4.0
71,307,5.0
71,308,4.0
71,309,5.0
71,310,6.0
71,311,5.0
71,312,3.0
71,313,7.0
71,314,6.0
71,315,3.0
71,316,4.0
71,317,4.0
71,318,3.0
71,319,4.0
71,320,5.0
71,321,6.0
71,322,4.0
71,323,5.0
71,324,5.0
71,325,4.0
71,326,7.0
71,327,3.0
71,328,4.0
71,329,5.0
71,330,7.0
71,331,4.0
71,332,2.0
71,333,4.0
71,334,4.0
71,335,4.0
71,336,3.0
71,337,5.0
71,338,5.0
71,339,4.0
71,340,5.0
71,341,3.0
71,342,6.0
71,343,4.0
71,344,6.0
71,345,4.0
71,346,5.0
71,347,6.0
71,348,4.0
71,349,5.0
71,350,4.0
71,351,6.0
71,352,6.0
71,353,5.0
71,354,4.0
71,355,4.0
71,356,5.0
71,357,6.0
71,358,7.0
71,359,3.0
71,360,5.0
71,361,5.0
71,362,7.0
71,363,4.0
71,364,3.0
71,365,4.0
71,366,5.0
71,367,6.0
71,368,3.0
71,369,3.0
71,370,5.0
71,371,6.0
71,372,6.0
71,373,4.0
71,374,7.0
71,375,3.0
71,376,5.0
71,377,3.0
72,73,3.0
72,74,4.0
72,75,2.0
72,76,4.0
72,77,2.0
72,78,3.0
72,79,3.0
72,80,3.0
72,81,3.0
72,82,3.0
72,83,3.0
72,84,3.0
72,85,3.0
72,86,4.0
72,87,3.0
72,88,3.0
72,89,4.0
72,90,3.0
72,91,4.0
72,92,3.0
72,93,3.0
72,94,3.0
72,95,3.0
72,96,3.0
72,97,2.0
72,98,3.0
72,99,3.0
72,100,2.0
72,101,3.0
72,102,2.0
72,103,4.0
72,104,4.0
72,105,2.0
72,106,2.0
72,107,2.0
72,108,3.0
72,109,3.0
72,110,3.0
72,111,4.0
72,112,5.0
72,113,4.0
72,114,3.0
72,115,3.0
72,116,3.0
72,117,3.0
72,118,6.0
72,119,4.0
72,120,3.0
72,121,6.0
72,122,4.0
72,123,4.0
72,124,2.0
72,125,2.0
72,126,3.0
72,127,3.0
72,128,3.0
72,129,3.0
72,130,3.0
72,131,3.0
72,132,4.0
72,133,4.0
72,134,4.0
72,135,4.0
72,136,4.0
72,137,4.0
72,138,4.0
72,139,3.0
72,140,3.0
72,141,3.0
72,142,3.0
72,143,2.0
72,144,2.0
72,145,4.0
72,146,3.0
72,147,4.0
72,148,4.0
72,149,3.0
72,150,4.0
72,151,4.0
72,152,3.0
72,153,3.0
72,154,3.0
72,155,3.0
72,156,3.0
72,157,4.0
72,158,4.0
72,159,2.0
72,160,5.0
72,161,2.0
72,162,3.0
72,163,4.0
72,164,3.0
72,165,3.0
72,166,2.0
72,167,4.0
72,168,3.0
72,169,3.0
72,170,4.0
72,171,3.0
72,172,4.0
72,173,1.0
72,174,2.0
72,175,2.0
72,176,4.0
72,177,4.0
72,178,4.0
72,179,3.0
72,180,5.0
72,181,5.0
72,182,4.0
72,183,3.0
72,184,3.0
72,185,2.0
72,186,2.0
72,187,2.0
72,188,2.0
72,189,4.0
72,190,3.0
72,191,3.0
72,192,3.0
72,193,4.0
72,194,4.0
72,195,3.0
72,196,3.0
72,197,3.0
72,198,3.0
72,199,4.0
72,200,4.0
72,201,4.0
72,202,3.0
72,203,2.0
72,204,3.0
72,205,3.0
72,206,4.0
72,207,4.0
72,208,4.0
72,209,3.0
72,210,4.0
72,211,3.0
72,212,3.0
72,213,3.0
72,214,3.0
72,215,5.0
72,216,4.0
72,217,3.0
72,218,4.0
72,219,3.0
72,220,2.0
72,221,3.0
72,222,3.0
72,223,4.0
72,224,3.0
72,225,3.0
72,226,4.0
72,227,3.0
72,228,3.0
72,229,4.0
72,230,3.0
72,231,3.0
72,232,4.0
72,233,5.0
72,234,3.0
72,235,3.0
72,236,4.0
72,237,3.0
72,238,3.0
72,239,3.0
72,240,3.0
72,241,3.0
72,242,3.0
72,243,3.0
72,244,2.0
72,245,2.0
72,246,3.0
72,247,3.0
72,248,2.0
72,249,2.0
72,250,3.0
72,251,3.0
72,252,3.0
72,253,3.0
72,254,4.0
72,255,4.0
72,256,3.0
72,257,3.0
72,258,4.0
72,259,4.0
72,260,3.0
72,261,3.0
72,262,2.0
72,263,3.0
72,264,3.0
72,265,4.0
72,266,2.0
72,267,3.0
72,268,2.0
72,269,3.0
72,270,4.0
72,271,2.0
72,272,3.0
72,273,3.0
72,274,4.0
72,275,3.0
72,276,3.0
72,277,3.0
72,278,3.0
72,279,3.0
72,280,4.0
72,281,4.0
72,282,3.0
72,283,4.0
72,284,2.0
72,285,2.0
72,286,3.0
72,287,4.0
72,288,3.0
72,289,3.0
72,290,3.0
72,291,4.0
72,292,3.0
72,293,5.0
72,294,4.0
72,295,3.0
72,296,3.0
72,297,3.0
72,298,3.0
72,299,3.0
72,300,3.0
72,301,3.0
72,302,3.0
72,303,2.0
72,304,4.0
72,305,4.0
72,306,3.0
72,307,3.0
72,308,4.0
72,309,3.0
72,310,3.0
72,311,3.0
72,312,4.0
72,313,3.0
72,314,3.0
72,315,4.0
72,316,2.0
72,317,4.0
72,318,4.0
72,319,2.0
72,320,3.0
72,321,3.0
72,322,2.0
72,323,3.0
72,324,3.0
72,325,2.0
72,326,3.0
72,327,4.0
72,328,2.0
72,329,4.0
72,330,3.0
72,331,4.0
72,332,3.0
72,333,4.0
72,334,3.0
72,335,3.0
72,336,4.0
72,337,3.0
72,338,3.0
72,339,6.0
72,340,3.0
72,341,4.0
72,342,3.0
72,343,2.0
72,344,3.0
72,345,3.0
72,346,2.0
72,347,3.0
72,348,3.0
72,349,3.0
72,350,3.0
72,351,3.0
72,352,3.0
72,353,3.0
72,354,2.0
72,355,2.0
72,356,3.0
72,357,2.0
72,358,3.0
72,359,4.0
72,360,3.0
72,361,3.0
72,362,3.0
72,363,5.0
72,364,3.0
72,365,4.0
72,366,3.0
72,367,3.0
72,368,3.0
72,369,4.0
72,370,3.0
72,371,3.0
72,372,3.0
72,373,4.0
72,374,3.0
72,375,5.0
72,376,2.0
72,377,3.0
73,74,2.0
73,75,4.0
73,76,3.0
73,77,3.0
73,78,3.0
73,79,3.0
73,80,6.0
73,81,3.0
73,82,4.0
73,83,4.0
73,84,4.0
73,85,4.0
73,86,4.0
73,87,4.0
73,88,3.0
73,89,3.0
73,90,4.0
73,91,3.0
73,92,4.0
73,93,4.0
73,94,2.0
73,95,3.0
73,96,3.0
73,97,4.0
73,98,3.0
73,99,2.0
73,100,4.0
73,101,6.0
73,102,4.0
73,103,3.0
73,104,4.0
73,105,4.0
73,106,4.0
73,107,4.0
73,108,3.0
73,109,3.0
73,110,4.0
73,111,3.0
73,112,3.0
73,113,3.0
73,114,4.0
73,115,4.0
73,116,4.0
73,117,4.0
73,118,3.0
73,119,3.0
73,120,4.0
73,121,3.0
73,122,3.0
73,123,3.0
73,124,3.0
73,125,3.0
73,126,7.0
73,127,7.0
73,128,4.0
73,129,7.0
73,130,7.0
73,131,7.0
73,132,2.0
73,133,2.0
73,134,2.0
73,135,2.0
73,136,4.0
73,137,4.0
73,138,4.0
73,139,4.0
73,140,4.0
73,141,4.0
73,142,3.0
73,143,3.0
73,144,3.0
73,145,4.0
73,146,3.0
73,147,4.0
73,148,4.0
73,149,3.0
73,150,4.0
73,151,4.0
73,152,3.0
73,153,3.0
73,154,3.0
73,155,3.0
73,156,4.0
73,157,3.0
73,158,3.0
73,159,1.0
73,160,3.0
73,161,3.0
73,162,7.0
73,163,3.0
73,164,3.0
73,165,3.0
73,166,4.0
73,167,3.0
73,168,5.0
73,169,5.0
73,170,3.0
73,171,4.0
73,172,3.0
73,173,3.0
73,174,4.0
73,175,3.0
73,176,2.0
73,177,3.0
73,178,3.0
73,179,3.0
73,180,2.0
73,181,2.0
73,182,2.0
73,183,3.0
73,184,3.0
73,185,4.0
73,186,3.0
73,187,3.0
73,188,3.0
73,189,2.0
73,190,1.0
73,191,1.0
73,192,1.0
73,193,3.0
73,194,3.0
73,195,2.0
73,196,4.0
73,197,4.0
73,198,4.0
73,199,3.0
73,200,3.0
73,201,3.0
73,202,4.0
73,203,4.0
73,204,2.0
73,205,2.0
73,206,4.0
73,207,3.0
73,208,3.0
73,209,6.0
73,210,3.0
73,211,4.0
73,212,3.0
73,213,6.0
73,214,4.0
73,215,4.0
73,216,3.0
73,217,3.0
73,218,2.0
73,219,3.0
73,220,3.0
73,221,4.0
73,222,3.0
73,223,3.0
73,224,7.0
73,225,6.0
73,226,4.0
73,227,6.0
73,228,3.0
73,229,2.0
73,230,4.0
73,231,6.0
73,232,3.0
73,233,3.0
73,234,3.0
73,235,6.0
73,236,2.0
73,237,4.0
73,238,3.0
73,239,5.0
73,240,4.0
73,241,7.0
73,242,6.0
73,243,4.0
73,244,5.0
73,245,1.0
73,246,3.0
73,247,6.0
73,248,4.0
73,249,3.0
73,250,3.0
73,251,3.0
73,252,2.0
73,253,6.0
73,254,3.0
73,255,2.0
73,256,3.0
73,257,4.0
73,258,4.0
73,259,2.0
73,260,6.0
73,261,5.0
73,262,4.0
73,263,4.0
73,264,4.0
73,265,2.0
73,266,4.0
73,267,6.0
73,268,3.0
73,269,3.0
73,270,3.0
73,271,1.0
73,272,6.0
73,273,6.0
73,274,3.0
73,275,7.0
73,276,6.0
73,277,4.0
73,278,4.0
73,279,3.0
73,280,3.0
73,281,2.0
73,282,3.0
73,283,3.0
73,284,3.0
73,285,2.0
73,286,4.0
73,287,3.0
73,288,3.0
73,289,6.0
73,290,2.0
73,291,1.0
73,292,6.0
73,293,3.0
73,294,3.0
73,295,6.0
73,296,4.0
73,297,6.0
73,298,4.0
73,299,3.0
73,300,4.0
73,301,4.0
73,302,5.0
73,303,3.0
73,304,3.0
73,305,2.0
73,306,4.0
73,307,4.0
73,308,3.0
73,309,4.0
73,310,5.0
73,311,4.0
73,312,2.0
73,313,6.0
73,314,6.0
73,315,3.0
73,316,3.0
73,317,3.0
73,318,3.0
73,319,3.0
73,320,4.0
73,321,7.0
73,322,3.0
73,323,4.0
73,324,6.0
73,325,4.0
73,326,6.0
73,327,2.0
73,328,5.0
73,329,4.0
73,330,6.0
73,331,4.0
73,332,2.0
73,333,3.0
73,334,4.0
73,335,4.0
73,336,2.0
73,337,6.0
73,338,4.0
73,339,3.0
73,340,4.0
73,341,2.0
73,342,5.0
73,343,5.0
73,344,6.0
73,345,3.0
73,346,4.0
73,347,7.0
73,348,3.0
73,349,4.0
73,350,4.0
73,351,7.0
73,352,5.0
73,353,4.0
73,354,3.0
73,355,4.0
73,356,4.0
73,357,5.0
73,358,6.0
73,359,3.0
73,360,4.0
73,361,5.0
73,362,6.0
73,363,3.0
73,364,3.0
73,365,3.0
73,366,6.0
73,367,6.0
73,368,3.0
73,369,2.0
73,370,5.0
73,371,6.0
73,372,6.0
73,373,3.0
73,374,6.0
73,375,3.0
73,376,4.0
73,377,3.0
74,75,4.0
74,76,4.0
74,77,1.0
74,78,2.0
74,79,2.0
74,80,2.0
74,81,5.0
74,82,3.0
74,83,4.0
74,84,4.0
74,85,4.0
74,86,5.0
74,87,3.0
74,88,5.0
74,89,2.0
74,90,5.0
74,91,4.0
74,92,2.0
74,93,3.0
74,94,4.0
74,95,4.0
74,96,4.0
74,97,3.0
74,98,4.0
74,99,4.0
74,100,3.0
74,101,3.0
74,102,3.0
74,103,4.0
74,104,4.0
74,105,2.0
74,106,2.0
74,107,1.0
74,108,5.0
74,109,6.0
74,110,5.0
74,111,4.0
74,112,4.0
74,113,4.0
74,114,4.0
74,115,4.0
74,116,4.0
74,117,5.0
74,118,4.0
74,119,4.0
74,120,5.0
74,121,4.0
74,122,4.0
74,123,3.0
74,124,2.0
74,125,2.0
74,126,2.0
74,127,2.0
74,128,4.0
74,129,2.0
74,130,2.0
74,131,2.0
74,132,5.0
74,133,5.0
74,134,5.0
74,135,5.0
74,136,4.0
74,137,4.0
74,138,4.0
74,139,4.0
74,140,5.0
74,141,5.0
74,142,4.0
74,143,2.0
74,144,2.0
74,145,5.0
74,146,4.0
74,147,4.0
74,148,4.0
74,149,4.0
74,150,4.0
74,151,4.0
74,152,5.0
74,153,3.0
74,154,5.0
74,155,4.0
74,156,4.0
74,157,4.0
74,158,4.0
74,159,2.0
74,160,5.0
74,161,2.0
74,162,2.0
74,163,4.0
74,164,3.0
74,165,5.0
74,166,4.0
74,167,4.0
74,168,2.0
74,169,3.0
74,170,4.0
74,171,5.0
74,172,4.0
74,173,3.0
74,174,3.0
74,175,2.0
74,176,4.0
74,177,5.0
74,178,5.0
74,179,5.0
74,180,4.0
74,181,4.0
74,182,4.0
74,183,3.0
74,184,3.0
74,185,3.0
74,186,4.0
74,187,4.0
74,188,4.0
74,189,4.0
74,190,4.0
74,191,4.0
74,192,4.0
74,193,3.0
74,194,4.0
74,195,4.0
74,196,5.0
74,197,5.0
74,198,5.0
74,199,3.0
74,200,3.0
74,201,3.0
74,202,5.0
74,203,4.0
74,204,4.0
74,205,4.0
74,206,3.0
74,207,3.0
74,208,4.0
74,209,3.0
74,210,4.0
74,211,5.0
74,212,6.0
74,213,2.0
74,214,5.0
74,215,5.0
74,216,4.0
74,217,3.0
74,218,4.0
74,219,3.0
74,220,4.0
74,221,5.0
74,222,3.0
74,223,3.0
74,224,2.0
74,225,3.0
74,226,3.0
74,227,3.0
74,228,3.0
74,229,4.0
74,230,2.0
74,231,3.0
74,232,5.0
74,233,4.0
74,234,5.0
74,235,3.0
74,236,6.0
74,237,5.0
74,238,5.0
74,239,3.0
74,240,5.0
74,241,2.0
74,242,3.0
74,243,5.0
74,244,2.0
74,245,3.0
74,246,3.0
74,247,2.0
74,248,3.0
74,249,4.0
74,250,4.0
74,251,3.0
74,252,4.0
74,253,3.0
74,254,4.0
74,255,4.0
74,256,5.0
74,257,5.0
74,258,5.0
74,259,4.0
74,260,2.0
74,261,3.0
74,262,4.0
74,263,5.0
74,264,5.0
74,265,4.0
74,266,4.0
74,267,3.0
74,268,4.0
74,269,5.0
74,270,4.0
74,271,3.0
74,272,2.0
74,273,3.0
74,274,4.0
74,275,2.0
74,276,3.0
74,277,3.0
74,278,5.0
74,279,5.0
74,280,4.0
74,281,4.0
74,282,3.0
74,283,4.0
74,284,2.0
74,285,2.0
74,286,5.0
74,287,4.0
74,288,2.0
74,289,2.0
74,290,3.0
74,291,3.0
74,292,3.0
74,293,4.0
74,294,4.0
74,295,2.0
74,296,5.0
74,297,2.0
74,298,3.0
74,299,3.0
74,300,5.0
74,301,5.0
74,302,3.0
74,303,2.0
74,304,4.0
74,305,4.0
74,306,2.0
74,307,3.0
74,308,5.0
74,309,5.0
74,310,3.0
74,311,5.0
74,312,4.0
74,313,3.0
74,314,2.0
74,315,4.0
74,316,4.0
74,317,4.0
74,318,3.0
74,319,4.0
74,320,3.0
74,321,2.0
74,322,4.0
74,323,5.0
74,324,2.0
74,325,3.0
74,326,3.0
74,327,4.0
74,328,2.0
74,329,5.0
74,330,3.0
74,331,4.0
74,332,3.0
74,333,4.0
74,334,3.0
74,335,4.0
74,336,4.0
74,337,2.0
74,338,5.0
74,339,4.0
74,340,5.0
74,341,4.0
74,342,3.0
74,343,2.0
74,344,2.0
74,345,5.0
74,346,4.0
74,347,2.0
74,348,4.0
74,349,5.0
74,350,2.0
74,351,2.0
74,352,3.0
74,353,5.0
74,354,2.0
74,355,4.0
74,356,5.0
74,357,3.0
74,358,3.0
74,359,4.0
74,360,5.0
74,361,2.0
74,362,3.0
74,363,4.0
74,364,5.0
74,365,4.0
74,366,2.0
74,367,2.0
74,368,3.0
74,369,4.0
74,370,3.0
74,371,2.0
74,372,2.0
74,373,4.0
74,374,3.0
74,375,4.0
74,376,4.0
74,377,3.0
75,76,3.0
75,77,1.0
75,78,3.0
75,79,3.0
75,80,3.0
75,81,4.0
75,82,3.0
75,83,4.0
75,84,4.0
75,85,4.0
75,86,4.0
75,87,3.0
75,88,4.0
75,89,2.0
75,90,4.0
75,91,4.0
75,92,4.0
75,93,4.0
75,94,3.0
75,95,6.0
75,96,3.0
75,97,4.0
75,98,3.0
75,99,3.0
75,100,5.0
75,101,4.0
75,102,5.0
75,103,4.0
75,104,4.0
75,105,3.0
75,106,3.0
75,107,2.0
75,108,4.0
75,109,4.0
75,110,4.0
75,111,4.0
75,112,4.0
75,113,4.0
75,114,4.0
75,115,4.0
75,116,4.0
75,117,4.0
75,118,3.0
75,119,4.0
75,120,4.0
75,121,3.0
75,122,4.0
75,123,4.0
75,124,3.0
75,125,3.0
75,126,4.0
75,127,4.0
75,128,4.0
75,129,4.0
75,130,4.0
75,131,4.0
75,132,4.0
75,133,4.0
75,134,4.0
75,135,4.0
75,136,3.0
75,137,3.0
75,138,3.0
75,139,4.0
75,140,4.0
75,141,4.0
75,142,4.0
75,143,2.0
75,144,2.0
75,145,4.0
75,146,6.0
75,147,3.0
75,148,3.0
75,149,6.0
75,150,4.0
75,151,4.0
75,152,5.0
75,153,3.0
75,154,4.0
75,155,4.0
75,156,4.0
75,157,4.0
75,158,4.0
75,159,2.0
75,160,4.0
75,161,3.0
75,162,4.0
75,163,4.0
75,164,6.0
75,165,4.0
75,166,4.0
75,167,4.0
75,168,4.0
75,169,4.0
75,170,4.0
75,171,4.0
75,172,4.0
75,173,3.0
75,174,4.0
75,175,3.0
75,176,4.0
75,177,5.0
75,178,5.0
75,179,4.0
75,180,2.0
75,181,2.0
75,182,3.0
75,183,4.0
75,184,4.0
75,185,4.0
75,186,3.0
75,187,3.0
75,188,7.0
75,189,4.0
75,190,2.0
75,191,2.0
75,192,2.0
75,193,4.0
75,194,4.0
75,195,3.0
75,196,4.0
75,197,4.0
75,198,4.0
75,199,2.0
75,200,2.0
75,201,2.0
75,202,4.0
75,203,4.0
75,204,3.0
75,205,3.0
75,206,4.0
75,207,5.0
75,208,4.0
75,209,4.0
75,210,3.0
75,211,4.0
75,212,4.0
75,213,3.0
75,214,4.0
75,215,4.0
75,216,4.0
75,217,4.0
75,218,4.0
75,219,4.0
75,220,3.0
75,221,4.0
75,222,3.0
75,223,3.0
75,224,4.0
75,225,4.0
75,226,3.0
75,227,4.0
75,228,4.0
75,229,3.0
75,230,5.0
75,231,4.0
75,232,4.0
75,233,4.0
75,234,4.0
75,235,4.0
75,236,3.0
75,237,4.0
75,238,4.0
75,239,4.0
75,240,4.0
75,241,4.0
75,242,4.0
75,243,4.0
75,244,4.0
75,245,2.0
75,246,4.0
75,247,3.0
75,248,8.0
75,249,4.0
75,250,4.0
75,251,4.0
75,252,3.0
75,253,4.0
75,254,4.0
75,255,4.0
75,256,4.0
75,257,4.0
75,258,4.0
75,259,3.0
75,260,3.0
75,261,4.0
75,262,4.0
75,263,4.0
75,264,4.0
75,265,4.0
75,266,9.0
75,267,4.0
75,268,3.0
75,269,4.0
75,270,4.0
75,271,2.0
75,272,4.0
75,273,4.0
75,274,4.0
75,275,4.0
75,276,4.0
75,277,3.0
75,278,4.0
75,279,4.0
75,280,3.0
75,281,4.0
75,282,4.0
75,283,4.0
75,284,2.0
75,285,2.0
75,286,4.0
75,287,4.0
75,288,3.0
75,289,3.0
75,290,3.0
75,291,2.0
75,292,4.0
75,293,4.0
75,294,4.0
75,295,3.0
75,296,4.0
75,297,3.0
75,298,5.0
75,299,4.0
75,300,4.0
75,301,4.0
75,302,4.0
75,303,2.0
75,304,4.0
75,305,4.0
75,306,4.0
75,307,3.0
75,308,4.0
75,309,4.0
75,310,4.0
75,311,4.0
75,312,3.0
75,313,4.0
75,314,3.0
75,315,4.0
75,316,4.0
75,317,4.0
75,318,5.0
75,319,4.0
75,320,3.0
75,321,4.0
75,322,3.0
75,323,4.0
75,324,4.0
75,325,5.0
75,326,4.0
75,327,3.0
75,328,4.0
75,329,4.0
75,330,4.0
75,331,3.0
75,332,4.0
75,333,4.0
75,334,4.0
75,335,4.0
75,336,3.0
75,337,4.0
75,338,4.0
75,339,3.0
75,340,4.0
75,341,4.0
75,342,4.0
75,343,4.0
75,344,3.0
75,345,4.0
75,346,4.0
75,347,4.0
75,348,4.0
75,349,4.0
75,350,4.0
75,351,4.0
75,352,4.0
75,353,4.0
75,354,2.0
75,355,8.0
75,356,4.0
75,357,5.0
75,358,4.0
75,359,4.0
75,360,4.0
75,361,3.0
75,362,4.0
75,363,4.0
75,364,4.0
75,365,4.0
75,366,4.0
75,367,3.0
75,368,4.0
75,369,4.0
75,370,4.0
75,371,3.0
75,372,3.0
75,373,4.0
75,374,4.0
75,375,3.0
75,376,4.0
75,377,4.0
76,77,1.0
76,78,3.0
76,79,3.0
76,80,3.0
76,81,4.0
76,82,3.0
76,83,5.0
76,84,5.0
76,85,5.0
76,86,5.0
76,87,3.0
76,88,4.0
76,89,4.0
76,90,4.0
76,91,5.0
76,92,3.0
76,93,3.0
76,94,4.0
76,95,4.0
76,96,5.0
76,97,4.0
76,98,5.0
76,99,4.0
76,100,4.0
76,101,3.0
76,102,4.0
76,103,5.0
76,104,4.0
76,105,3.0
76,106,3.0
76,107,2.0
76,108,4.0
76,109,5.0
76,110,4.0
76,111,3.0
76,112,4.0
76,113,3.0
76,114,5.0
76,115,5.0
76,116,5.0
76,117,4.0
76,118,4.0
76,119,4.0
76,120,4.0
76,121,4.0
76,122,4.0
76,123,4.0
76,124,3.0
76,125,3.0
76,126,3.0
76,127,3.0
76,128,5.0
76,129,3.0
76,130,3.0
76,131,3.0
76,132,4.0
76,133,4.0
76,134,4.0
76,135,4.0
76,136,6.0
76,137,6.0
76,138,6.0
76,139,5.0
76,140,4.0
76,141,4.0
76,142,4.0
76,143,2.0
76,144,2.0
76,145,5.0
76,146,4.0
76,147,6.0
76,148,6.0
76,149,4.0
76,150,4.0
76,151,4.0
76,152,4.0
76,153,4.0
76,154,4.0
76,155,3.0
76,156,4.0
76,157,4.0
76,158,4.0
76,159,3.0
76,160,4.0
76,161,3.0
76,162,3.0
76,163,4.0
76,164,3.0
76,165,6.0
76,166,2.0
76,167,4.0
76,168,2.0
76,169,3.0
76,170,4.0
76,171,4.0
76,172,4.0
76,173,2.0
76,174,4.0
76,175,3.0
76,176,5.0
76,177,4.0
76,178,4.0
76,179,3.0
76,180,3.0
76,181,3.0
76,182,5.0
76,183,3.0
76,184,3.0
76,185,4.0
76,186,3.0
76,187,3.0
76,188,3.0
76,189,5.0
76,190,3.0
76,191,3.0
76,192,3.0
76,193,3.0
76,194,4.0
76,195,4.0
76,196,4.0
76,197,4.0
76,198,4.0
76,199,5.0
76,200,5.0
76,201,5.0
76,202,4.0
76,203,3.0
76,204,4.0
76,205,4.0
76,206,3.0
76,207,3.0
76,208,4.0
76,209,3.0
76,210,5.0
76,211,4.0
76,212,5.0
76,213,3.0
76,214,4.0
76,215,4.0
76,216,5.0
76,217,3.0
76,218,5.0
76,219,2.0
76,220,3.0
76,221,4.0
76,222,3.0
76,223,3.0
76,224,3.0
76,225,3.0
76,226,4.0
76,227,3.0
76,228,2.0
76,229,5.0
76,230,2.0
76,231,3.0
76,232,3.0
76,233,4.0
76,234,4.0
76,235,3.0
76,236,4.0
76,237,4.0
76,238,4.0
76,239,3.0
76,240,4.0
76,241,3.0
76,242,3.0
76,243,4.0
76,244,3.0
76,245,2.0
76,246,3.0
76,247,3.0
76,248,2.0
76,249,4.0
76,250,3.0
76,251,2.0
76,252,4.0
76,253,3.0
76,254,5.0
76,255,5.0
76,256,4.0
76,257,4.0
76,258,5.0
76,259,5.0
76,260,3.0
76,261,3.0
76,262,3.0
76,263,4.0
76,264,4.0
76,265,5.0
76,266,3.0
76,267,3.0
76,268,3.0
76,269,4.0
76,270,4.0
76,271,3.0
76,272,2.0
76,273,3.0
76,274,4.0
76,275,3.0
76,276,3.0
76,277,3.0
76,278,4.0
76,279,4.0
76,280,5.0
76,281,5.0
76,282,3.0
76,283,5.0
76,284,2.0
76,285,2.0
76,286,4.0
76,287,4.0
76,288,5.0
76,289,3.0
76,290,2.0
76,291,3.0
76,292,3.0
76,293,4.0
76,294,4.0
76,295,3.0
76,296,4.0
76,297,3.0
76,298,3.0
76,299,3.0
76,300,4.0
76,301,4.0
76,302,3.0
76,303,2.0
76,304,5.0
76,305,5.0
76,306,3.0
76,307,3.0
76,308,5.0
76,309,4.0
76,310,3.0
76,311,4.0
76,312,5.0
76,313,3.0
76,314,3.0
76,315,4.0
76,316,4.0
76,317,4.0
76,318,3.0
76,319,4.0
76,320,3.0
76,321,3.0
76,322,3.0
76,323,4.0
76,324,2.0
76,325,4.0
76,326,3.0
76,327,5.0
76,328,3.0
76,329,5.0
76,330,3.0
76,331,6.0
76,332,3.0
76,333,5.0
76,334,4.0
76,335,5.0
76,336,5.0
76,337,3.0
76,338,4.0
76,339,4.0
76,340,4.0
76,341,5.0
76,342,3.0
76,343,3.0
76,344,3.0
76,345,4.0
76,346,4.0
76,347,3.0
76,348,3.0
76,349,4.0
76,350,3.0
76,351,3.0
76,352,3.0
76,353,4.0
76,354,2.0
76,355,3.0
76,356,4.0
76,357,3.0
76,358,3.0
76,359,4.0
76,360,4.0
76,361,2.0
76,362,3.0
76,363,3.0
76,364,6.0
76,365,4.0
76,366,2.0
76,367,3.0
76,368,2.0
76,369,5.0
76,370,4.0
76,371,3.0
76,372,3.0
76,373,4.0
76,374,3.0
76,375,3.0
76,376,3.0
76,377,3.0
77,78,3.0
77,79,3.0
77,80,4.0
77,81,1.0
77,82,5.0
77,83,1.0
77,84,1.0
77,85,1.0
77,86,2.0
77,87,5.0
77,88,1.0
77,89,2.0
77,90,1.0
77,91,1.0
77,92,3.0
77,93,2.0
77,94,1.0
77,95,2.0
77,96,1.0
77,97,2.0
77,98,1.0
77,99,0.0
77,100,1.0
77,101,3.0
77,102,1.0
77,103,1.0
77,104,1.0
77,105,3.0
77,106,3.0
77,107,6.0
77,108,1.0
77,109,1.0
77,110,1.0
77,111,2.0
77,112,1.0
77,113,2.0
77,114,1.0
77,115,1.0
77,116,1.0
77,117,1.0
77,118,2.0
77,119,1.0
77,120,1.0
77,121,2.0
77,122,1.0
77,123,1.0
77,124,1.0
77,125,1.0
77,126,3.0
77,127,3.0
77,128,1.0
77,129,3.0
77,130,3.0
77,131,3.0
77,132,1.0
77,133,1.0
77,134,1.0
77,135,1.0
77,136,2.0
77,137,2.0
77,138,2.0
77,139,1.0
77,140,1.0
77,141,1.0
77,142,1.0
77,143,6.0
77,144,6.0
77,145,2.0
77,146,2.0
77,147,2.0
77,148,2.0
77,149,2.0
77,150,1.0
77,151,1.0
77,152,0.0
77,153,1.0
77,154,1.0
77,155,2.0
77,156,2.0
77,157,1.0
77,158,1.0
77,159,0.0
77,160,2.0
77,161,1.0
77,162,3.0
77,163,1.0
77,164,2.0
77,165,1.0
77,166,2.0
77,167,1.0
77,168,3.0
77,169,3.0
77,170,1.0
77,171,1.0
77,172,1.0
77,173,2.0
77,174,1.0
77,175,1.0
77,176,0.0
77,177,1.0
77,178,1.0
77,179,2.0
77,180,1.0
77,181,1.0
77,182,0.0
77,183,2.0
77,184,2.0
77,185,1.0
77,186,2.0
77,187,2.0
77,188,1.0
77,189,0.0
77,190,1.0
77,191,1.0
77,192,1.0
77,193,1.0
77,194,1.0
77,195,0.0
77,196,1.0
77,197,1.0
77,198,1.0
77,199,2.0
77,200,2.0
77,201,2.0
77,202,1.0
77,203,1.0
77,204,0.0
77,205,0.0
77,206,2.0
77,207,2.0
77,208,1.0
77,209,3.0
77,210,1.0
77,211,1.0
77,212,1.0
77,213,3.0
77,214,1.0
77,215,2.0
77,216,1.0
77,217,2.0
77,218,0.0
77,219,2.0
77,220,1.0
77,221,1.0
77,222,1.0
77,223,1.0
77,224,3.0
77,225,3.0
77,226,1.0
77,227,3.0
77,228,3.0
77,229,1.0
77,230,2.0
77,231,3.0
77,232,1.0
77,233,1.0
77,234,1.0
77,235,3.0
77,236,0.0
77,237,1.0
77,238,1.0
77,239,4.0
77,240,1.0
77,241,3.0
77,242,3.0
77,243,1.0
77,244,3.0
77,245,1.0
77,246,2.0
77,247,4.0
77,248,2.0
77,249,1.0
77,250,2.0
77,251,3.0
77,252,0.0
77,253,3.0
77,254,1.0
77,255,0.0
77,256,1.0
77,257,1.0
77,258,2.0
77,259,1.0
77,260,3.0
77,261,4.0
77,262,1.0
77,263,1.0
77,264,1.0
77,265,0.0
77,266,1.0
77,267,3.0
77,268,1.0
77,269,1.0
77,270,1.0
77,271,1.0
77,272,4.0
77,273,3.0
77,274,1.0
77,275,3.0
77,276,3.0
77,277,5.0
77,278,1.0
77,279,1.0
77,280,1.0
77,281,0.0
77,282,2.0
77,283,1.0
77,284,6.0
77,285,2.0
77,286,1.0
77,287,2.0
77,288,1.0
77,289,3.0
77,290,2.0
77,291,3.0
77,292,3.0
77,293,1.0
77,294,1.0
77,295,3.0
77,296,1.0
77,297,4.0
77,298,2.0
77,299,2.0
77,300,1.0
77,301,1.0
77,302,4.0
77,303,6.0
77,304,1.0
77,305,0.0
77,306,3.0
77,307,5.0
77,308,1.0
77,309,1.0
77,310,4.0
77,311,1.0
77,312,1.0
77,313,3.0
77,314,4.0
77,315,1.0
77,316,1.0
77,317,1.0
77,318,2.0
77,319,2.0
77,320,5.0
77,321,3.0
77,322,1.0
77,323,1.0
77,324,4.0
77,325,1.0
77,326,3.0
77,327,1.0
77,328,3.0
77,329,2.0
77,330,3.0
77,331,2.0
77,332,0.0
77,333,1.0
77,334,1.0
77,335,1.0
77,336,0.0
77,337,3.0
77,338,1.0
77,339,2.0
77,340,1.0
77,341,0.0
77,342,3.0
77,343,3.0
77,344,4.0
77,345,1.0
77,346,1.0
77,347,3.0
77,348,2.0
77,349,1.0
77,350,3.0
77,351,3.0
77,352,4.0
77,353,1.0
77,354,6.0
77,355,2.0
77,356,1.0
77,357,2.0
77,358,3.0
77,359,1.0
77,360,1.0
77,361,4.0
77,362,3.0
77,363,1.0
77,364,1.0
77,365,2.0
77,366,4.0
77,367,4.0
77,368,2.0
77,369,0.0
77,370,3.0
77,371,3.0
77,372,3.0
77,373,1.0
77,374,3.0
77,375,2.0
77,376,1.0
77,377,2.0
78,79,7.0
78,80,4.0
78,81,2.0
78,82,5.0
78,83,2.0
78,84,2.0
78,85,2.0
78,86,3.0
78,87,5.0
78,88,2.0
78,89,4.0
78,90,2.0
78,91,2.0
78,92,4.0
78,93,4.0
78,94,3.0
78,95,4.0
78,96,3.0
78,97,2.0
78,98,3.0
78,99,2.0
78,100,2.0
78,101,4.0
78,102,2.0
78,103,2.0
78,104,2.0
78,105,6.0
78,106,6.0
78,107,3.0
78,108,2.0
78,109,2.0
78,110,2.0
78,111,3.0
78,112,2.0
78,113,3.0
78,114,2.0
78,115,2.0
78,116,2.0
78,117,2.0
78,118,3.0
78,119,3.0
78,120,2.0
78,121,3.0
78,122,3.0
78,123,2.0
78,124,1.0
78,125,1.0
78,126,3.0
78,127,3.0
78,128,2.0
78,129,3.0
78,130,3.0
78,131,3.0
78,132,3.0
78,133,3.0
78,134,3.0
78,135,3.0
78,136,3.0
78,137,3.0
78,138,3.0
78,139,2.0
78,140,2.0
78,141,2.0
78,142,3.0
78,143,4.0
78,144,4.0
78,145,3.0
78,146,3.0
78,147,3.0
78,148,3.0
78,149,3.0
78,150,2.0
78,151,2.0
78,152,3.0
78,153,3.0
78,154,2.0
78,155,4.0
78,156,3.0
78,157,2.0
78,158,2.0
78,159,2.0
78,160,3.0
78,161,1.0
78,162,3.0
78,163,2.0
78,164,3.0
78,165,2.0
78,166,2.0
78,167,2.0
78,168,3.0
78,169,4.0
78,170,2.0
78,171,2.0
78,172,2.0
78,173,2.0
78,174,2.0
78,175,1.0
78,176,3.0
78,177,2.0
78,178,2.0
78,179,3.0
78,180,2.0
78,181,2.0
78,182,2.0
78,183,2.0
78,184,2.0
78,185,2.0
78,186,1.0
78,187,1.0
78,188,3.0
78,189,3.0
78,190,2.0
78,191,2.0
78,192,2.0
78,193,3.0
78,194,2.0
78,195,2.0
78,196,2.0
78,197,2.0
78,198,2.0
78,199,4.0
78,200,4.0
78,201,4.0
78,202,2.0
78,203,3.0
78,204,2.0
78,205,2.0
78,206,3.0
78,207,3.0
78,208,2.0
78,209,4.0
78,210,3.0
78,211,2.0
78,212,2.0
78,213,3.0
78,214,2.0
78,215,3.0
78,216,2.0
78,217,2.0
78,218,3.0
78,219,2.0
78,220,1.0
78,221,2.0
78,222,2.0
78,223,3.0
78,224,3.0
78,225,4.0
78,226,2.0
78,227,4.0
78,228,2.0
78,229,3.0
78,230,2.0
78,231,4.0
78,232,2.0
78,233,2.0
78,234,2.0
78,235,4.0
78,236,2.0
78,237,2.0
78,238,2.0
78,239,5.0
78,240,2.0
78,241,3.0
78,242,4.0
78,243,2.0
78,244,3.0
78,245,2.0
78,246,2.0
78,247,4.0
78,248,4.0
78,249,2.0
78,250,2.0
78,251,2.0
78,252,2.0
78,253,4.0
78,254,2.0
78,255,3.0
78,256,2.0
78,257,2.0
78,258,3.0
78,259,3.0
78,260,3.0
78,261,5.0
78,262,2.0
78,263,2.0
78,264,2.0
78,265,3.0
78,266,3.0
78,267,4.0
78,268,1.0
78,269,3.0
78,270,2.0
78,271,2.0
78,272,4.0
78,273,4.0
78,274,3.0
78,275,3.0
78,276,4.0
78,277,5.0
78,278,2.0
78,279,2.0
78,280,3.0
78,281,3.0
78,282,2.0
78,283,2.0
78,284,4.0
78,285,2.0
78,286,2.0
78,287,2.0
78,288,4.0
78,289,3.0
78,290,3.0
78,291,3.0
78,292,4.0
78,293,2.0
78,294,2.0
78,295,3.0
78,296,2.0
78,297,4.0
78,298,3.0
78,299,2.0
78,300,2.0
78,301,2.0
78,302,5.0
78,303,4.0
78,304,2.0
78,305,3.0
78,306,3.0
78,307,5.0
78,308,3.0
78,309,2.0
78,310,5.0
78,311,2.0
78,312,3.0
78,313,4.0
78,314,4.0
78,315,3.0
78,316,2.0
78,317,2.0
78,318,3.0
78,319,4.0
78,320,5.0
78,321,3.0
78,322,1.0
78,323,2.0
78,324,4.0
78,325,2.0
78,326,4.0
78,327,3.0
78,328,3.0
78,329,3.0
78,330,4.0
78,331,3.0
78,332,3.0
78,333,2.0
78,334,2.0
78,335,2.0
78,336,2.0
78,337,3.0
78,338,2.0
78,339,3.0
78,340,2.0
78,341,3.0
78,342,4.0
78,343,3.0
78,344,4.0
78,345,2.0
78,346,2.0
78,347,3.0
78,348,2.0
78,349,2.0
78,350,3.0
78,351,3.0
78,352,4.0
78,353,2.0
78,354,4.0
78,355,4.0
78,356,2.0
78,357,3.0
78,358,4.0
78,359,3.0
78,360,2.0
78,361,4.0
78,362,4.0
78,363,2.0
78,364,2.0
78,365,2.0
78,366,4.0
78,367,4.0
78,368,2.0
78,369,3.0
78,370,3.0
78,371,3.0
78,372,3.0
78,373,2.0
78,374,4.0
78,375,3.0
78,376,2.0
78,377,2.0
79,80,4.0
79,81,2.0
79,82,5.0
79,83,2.0
79,84,2.0
79,85,2.0
79,86,3.0
79,87,5.0
79,88,2.0
79,89,4.0
79,90,2.0
79,91,2.0
79,92,4.0
79,93,4.0
79,94,3.0
79,95,4.0
79,96,3.0
79,97,2.0
79,98,3.0
79,99,2.0
79,100,2.0
79,101,4.0
79,102,2.0
79,103,2.0
79,104,2.0
79,105,6.0
79,106,6.0
79,107,3.0
79,108,2.0
79,109,2.0
79,110,2.0
79,111,3.0
79,112,2.0
79,113,3.0
79,114,2.0
79,115,2.0
79,116,2.0
79,117,2.0
79,118,3.0
79,119,3.0
79,120,2.0
79,121,3.0
79,122,3.0
79,123,2.0
79,124,1.0
79,125,1.0
79,126,3.0
79,127,3.0
79,128,2.0
79,129,3.0
79,130,3.0
79,131,3.0
79,132,3.0
79,133,3.0
79,134,3.0
79,135,3.0
79,136,3.0
79,137,3.0
79,138,3.0
79,139,2.0
79,140,2.0
79,141,2.0
79,142,3.0
79,143,4.0
79,144,4.0
79,145,3.0
79,146,3.0
79,147,3.0
79,148,3.0
79,149,3.0
79,150,2.0
79,151,2.0
79,152,3.0
79,153,3.0
79,154,2.0
79,155,4.0
79,156,3.0
79,157,2.0
79,158,2.0
79,159,2.0
79,160,3.0
79,161,1.0
79,162,3.0
79,163,2.0
79,164,3.0
79,165,2.0
79,166,2.0
79,167,2.0
79,168,3.0
79,169,4.0
79,170,2.0
79,171,2.0
79,172,2.0
79,173,2.0
79,174,2.0
79,175,1.0
79,176,3.0
79,177,2.0
79,178,2.0
79,179,3.0
79,180,2.0
79,181,2.0
79,182,2.0
79,183,2.0
79,184,2.0
79,185,2.0
79,186,1.0
79,187,1.0
79,188,3.0
79,189,3.0
79,190,2.0
79,191,2.0
79,192,2.0
79,193,3.0
79,194,2.0
79,195,2.0
79,196,2.0
79,197,2.0
79,198,2.0
79,199,4.0
79,200,4.0
79,201,4.0
79,202,2.0
79,203,3.0
79,204,2.0
79,205,2.0
79,206,3.0
79,207,3.0
79,208,2.0
79,209,4.0
79,210,3.0
79,211,2.0
79,212,2.0
79,213,3.0
79,214,2.0
79,215,3.0
79,216,2.0
79,217,2.0
79,218,3.0
79,219,2.0
79,220,1.0
79,221,2.0
79,222,2.0
79,223,3.0
79,224,3.0
79,225,4.0
79,226,2.0
79,227,4.0
79,228,2.0
79,229,3.0
79,230,2.0
79,231,4.0
79,232,2.0
79,233,2.0
79,234,2.0
79,235,4.0
79,236,2.0
79,237,2.0
79,238,2.0
79,239,5.0
79,240,2.0
79,241,3.0
79,242,4.0
79,243,2.0
79,244,3.0
79,245,2.0
79,246,2.0
79,247,4.0
79,248,4.0
79,249,2.0
79,250,2.0
79,251,2.0
79,252,2.0
79,253,4.0
79,254,2.0
79,255,3.0
79,256,2.0
79,257,2.0
79,258,3.0
79,259,3.0
79,260,3.0
79,261,5.0
79,262,2.0
79,263,2.0
79,264,2.0
79,265,3.0
79,266,3.0
79,267,4.0
79,268,1.0
79,269,3.0
79,270,2.0
79,271,2.0
79,272,4.0
79,273,4.0
79,274,3.0
79,275,3.0
79,276,4.0
79,277,5.0
79,278,2.0
79,279,2.0
79,280,3.0
79,281,3.0
79,282,2.0
79,283,2.0
79,284,4.0
79,285,2.0
79,286,2.0
79,287,2.0
79,288,4.0
79,289,3.0
79,290,3.0
79,291,3.0
79,292,4.0
79,293,2.0
79,294,2.0
79,295,3.0
79,296,2.0
79,297,4.0
79,298,3.0
79,299,2.0
79,300,2.0
79,301,2.0
79,302,5.0
79,303,4.0
79,304,2.0
79,305,3.0
79,306,3.0
79,307,5.0
79,308,3.0
79,309,2.0
79,310,5.0
79,311,2.0
79,312,3.0
79,313,4.0
79,314,4.0
79,315,3.0
79,316,2.0
79,317,2.0
79,318,3.0
79,319,4.0
79,320,5.0
79,321,3.0
79,322,1.0
79,323,2.0
79,324,4.0
79,325,2.0
79,326,4.0
79,327,3.0
79,328,3.0
79,329,3.0
79,330,4.0
79,331,3.0
79,332,3.0
79,333,2.0
79,334,2.0
79,335,2.0
79,336,2.0
79,337,3.0
79,338,2.0
79,339,3.0
79,340,2.0
79,341,3.0
79,342,4.0
79,343,3.0
79,344,4.0
79,345,2.0
79,346,2.0
79,347,3.0
79,348,2.0
79,349,2.0
79,350,3.0
79,351,3.0
79,352,4.0
79,353,2.0
79,354,4.0
79,355,4.0
79,356,2.0
79,357,3.0
79,358,4.0
79,359,3.0
79,360,2.0
79,361,4.0
79,362,4.0
79,363,2.0
79,364,2.0
79,365,2.0
79,366,4.0
79,367,4.0
79,368,2.0
79,369,3.0
79,370,3.0
79,371,3.0
79,372,3.0
79,373,2.0
79,374,4.0
79,375,3.0
79,376,2.0
79,377,2.0
80,81,3.0
80,82,5.0
80,83,4.0
80,84,4.0
80,85,4.0
80,86,4.0
80,87,5.0
80,88,3.0
80,89,3.0
80,90,4.0
80,91,3.0
80,92,4.0
80,93,4.0
80,94,3.0
80,95,3.0
80,96,3.0
80,97,5.0
80,98,3.0
80,99,2.0
80,100,4.0
80,101,6.0
80,102,4.0
80,103,3.0
80,104,4.0
80,105,5.0
80,106,5.0
80,107,5.0
80,108,3.0
80,109,3.0
80,110,4.0
80,111,3.0
80,112,3.0
80,113,3.0
80,114,4.0
80,115,4.0
80,116,4.0
80,117,4.0
80,118,3.0
80,119,3.0
80,120,4.0
80,121,3.0
80,122,3.0
80,123,3.0
80,124,2.0
80,125,2.0
80,126,6.0
80,127,6.0
80,128,4.0
80,129,6.0
80,130,6.0
80,131,6.0
80,132,3.0
80,133,3.0
80,134,3.0
80,135,3.0
80,136,4.0
80,137,4.0
80,138,4.0
80,139,4.0
80,140,4.0
80,141,4.0
80,142,3.0
80,143,4.0
80,144,4.0
80,145,4.0
80,146,3.0
80,147,4.0
80,148,4.0
80,149,3.0
80,150,4.0
80,151,4.0
80,152,2.0
80,153,3.0
80,154,3.0
80,155,4.0
80,156,4.0
80,157,3.0
80,158,3.0
80,159,1.0
80,160,3.0
80,161,2.0
80,162,6.0
80,163,3.0
80,164,3.0
80,165,3.0
80,166,5.0
80,167,3.0
80,168,5.0
80,169,5.0
80,170,3.0
80,171,4.0
80,172,3.0
80,173,3.0
80,174,4.0
80,175,2.0
80,176,2.0
80,177,3.0
80,178,3.0
80,179,4.0
80,180,2.0
80,181,2.0
80,182,2.0
80,183,4.0
80,184,4.0
80,185,4.0
80,186,3.0
80,187,3.0
80,188,3.0
80,189,2.0
80,190,1.0
80,191,1.0
80,192,1.0
80,193,3.0
80,194,3.0
80,195,2.0
80,196,4.0
80,197,4.0
80,198,4.0
80,199,3.0
80,200,3.0
80,201,3.0
80,202,4.0
80,203,4.0
80,204,2.0
80,205,2.0
80,206,4.0
80,207,4.0
80,208,3.0
80,209,6.0
80,210,3.0
80,211,4.0
80,212,3.0
80,213,6.0
80,214,4.0
80,215,4.0
80,216,3.0
80,217,4.0
80,218,2.0
80,219,4.0
80,220,3.0
80,221,4.0
80,222,3.0
80,223,3.0
80,224,6.0
80,225,6.0
80,226,4.0
80,227,6.0
80,228,4.0
80,229,3.0
80,230,3.0
80,231,6.0
80,232,3.0
80,233,3.0
80,234,3.0
80,235,6.0
80,236,2.0
80,237,4.0
80,238,3.0
80,239,6.0
80,240,4.0
80,241,6.0
80,242,6.0
80,243,4.0
80,244,4.0
80,245,1.0
80,246,4.0
80,247,7.0
80,248,3.0
80,249,3.0
80,250,3.0
80,251,4.0
80,252,2.0
80,253,6.0
80,254,3.0
80,255,2.0
80,256,3.0
80,257,4.0
80,258,4.0
80,259,3.0
80,260,6.0
80,261,6.0
80,262,4.0
80,263,4.0
80,264,4.0
80,265,2.0
80,266,3.0
80,267,6.0
80,268,3.0
80,269,3.0
80,270,3.0
80,271,2.0
80,272,6.0
80,273,6.0
80,274,3.0
80,275,6.0
80,276,6.0
80,277,5.0
80,278,4.0
80,279,3.0
80,280,3.0
80,281,2.0
80,282,4.0
80,283,3.0
80,284,4.0
80,285,2.0
80,286,4.0
80,287,4.0
80,288,3.0
80,289,6.0
80,290,3.0
80,291,2.0
80,292,6.0
80,293,3.0
80,294,3.0
80,295,6.0
80,296,4.0
80,297,7.0
80,298,4.0
80,299,4.0
80,300,4.0
80,301,4.0
80,302,6.0
80,303,4.0
80,304,3.0
80,305,2.0
80,306,5.0
80,307,5.0
80,308,3.0
80,309,4.0
80,310,6.0
80,311,4.0
80,312,3.0
80,313,6.0
80,314,7.0
80,315,3.0
80,316,3.0
80,317,3.0
80,318,4.0
80,319,4.0
80,320,5.0
80,321,6.0
80,322,3.0
80,323,4.0
80,324,6.0
80,325,4.0
80,326,6.0
80,327,3.0
80,328,4.0
80,329,4.0
80,330,6.0
80,331,4.0
80,332,1.0
80,333,3.0
80,334,4.0
80,335,4.0
80,336,2.0
80,337,5.0
80,338,4.0
80,339,3.0
80,340,4.0
80,341,2.0
80,342,5.0
80,343,4.0
80,344,7.0
80,345,3.0
80,346,4.0
80,347,6.0
80,348,3.0
80,349,4.0
80,350,5.0
80,351,6.0
80,352,5.0
80,353,4.0
80,354,4.0
80,355,3.0
80,356,4.0
80,357,5.0
80,358,6.0
80,359,3.0
80,360,4.0
80,361,6.0
80,362,6.0
80,363,3.0
80,364,3.0
80,365,4.0
80,366,6.0
80,367,7.0
80,368,4.0
80,369,2.0
80,370,6.0
80,371,6.0
80,372,6.0
80,373,3.0
80,374,6.0
80,375,3.0
80,376,4.0
80,377,4.0
81,82,3.0
81,83,5.0
81,84,5.0
81,85,5.0
81,86,6.0
81,87,3.0
81,88,7.0
81,89,3.0
81,90,6.0
81,91,5.0
81,92,2.0
81,93,3.0
81,94,3.0
81,95,3.0
81,96,5.0
81,97,4.0
81,98,5.0
81,99,6.0
81,100,4.0
81,101,4.0
81,102,4.0
81,103,5.0
81,104,5.0
81,105,2.0
81,106,2.0
81,107,2.0
81,108,6.0
81,109,6.0
81,110,6.0
81,111,4.0
81,112,5.0
81,113,4.0
81,114,5.0
81,115,5.0
81,116,5.0
81,117,6.0
81,118,4.0
81,119,4.0
81,120,6.0
81,121,4.0
81,122,4.0
81,123,4.0
81,124,2.0
81,125,2.0
81,126,3.0
81,127,3.0
81,128,5.0
81,129,3.0
81,130,3.0
81,131,3.0
81,132,4.0
81,133,4.0
81,134,4.0
81,135,4.0
81,136,5.0
81,137,5.0
81,138,5.0
81,139,5.0
81,140,6.0
81,141,6.0
81,142,5.0
81,143,2.0
81,144,2.0
81,145,6.0
81,146,3.0
81,147,5.0
81,148,5.0
81,149,3.0
81,150,5.0
81,151,5.0
81,152,4.0
81,153,4.0
81,154,6.0
81,155,4.0
81,156,5.0
81,157,5.0
81,158,5.0
81,159,3.0
81,160,5.0
81,161,2.0
81,162,3.0
81,163,5.0
81,164,3.0
81,165,5.0
81,166,4.0
81,167,5.0
81,168,2.0
81,169,4.0
81,170,5.0
81,171,6.0
81,172,5.0
81,173,4.0
81,174,4.0
81,175,2.0
81,176,4.0
81,177,5.0
81,178,5.0
81,179,5.0
81,180,3.0
81,181,3.0
81,182,4.0
81,183,3.0
81,184,3.0
81,185,4.0
81,186,5.0
81,187,5.0
81,188,3.0
81,189,4.0
81,190,5.0
81,191,5.0
81,192,5.0
81,193,4.0
81,194,5.0
81,195,6.0
81,196,6.0
81,197,6.0
81,198,6.0
81,199,4.0
81,200,4.0
81,201,4.0
81,202,6.0
81,203,5.0
81,204,6.0
81,205,6.0
81,206,4.0
81,207,3.0
81,208,5.0
81,209,4.0
81,210,5.0
81,211,6.0
81,212,6.0
81,213,3.0
81,214,6.0
81,215,5.0
81,216,5.0
81,217,3.0
81,218,4.0
81,219,4.0
81,220,5.0
81,221,6.0
81,222,3.0
81,223,4.0
81,224,3.0
81,225,4.0
81,226,4.0
81,227,4.0
81,228,3.0
81,229,4.0
81,230,2.0
81,231,4.0
81,232,5.0
81,233,5.0
81,234,7.0
81,235,4.0
81,236,4.0
81,237,6.0
81,238,7.0
81,239,3.0
81,240,6.0
81,241,3.0
81,242,4.0
81,243,6.0
81,244,2.0
81,245,4.0
81,246,3.0
81,247,3.0
81,248,3.0
81,249,5.0
81,250,5.0
81,251,3.0
81,252,6.0
81,253,4.0
81,254,5.0
81,255,4.0
81,256,7.0
81,257,6.0
81,258,6.0
81,259,4.0
81,260,3.0
81,261,3.0
81,262,5.0
81,263,6.0
81,264,6.0
81,265,4.0
81,266,4.0
81,267,4.0
81,268,5.0
81,269,6.0
81,270,5.0
81,271,3.0
81,272,2.0
81,273,4.0
81,274,4.0
81,275,3.0
81,276,4.0
81,277,3.0
81,278,6.0
81,279,7.0
81,280,5.0
81,281,4.0
81,282,3.0
81,283,5.0
81,284,2.0
81,285,2.0
81,286,6.0
81,287,5.0
81,288,3.0
81,289,3.0
81,290,3.0
81,291,3.0
81,292,4.0
81,293,5.0
81,294,5.0
81,295,3.0
81,296,6.0
81,297,3.0
81,298,3.0
81,299,3.0
81,300,6.0
81,301,6.0
81,302,3.0
81,303,2.0
81,304,5.0
81,305,4.0
81,306,2.0
81,307,3.0
81,308,6.0
81,309,6.0
81,310,3.0
81,311,6.0
81,312,4.0
81,313,4.0
81,314,3.0
81,315,4.0
81,316,5.0
81,317,5.0
81,318,3.0
81,319,4.0
81,320,3.0
81,321,3.0
81,322,5.0
81,323,6.0
81,324,2.0
81,325,4.0
81,326,4.0
81,327,4.0
81,328,2.0
81,329,6.0
81,330,4.0
81,331,5.0
81,332,4.0
81,333,5.0
81,334,4.0
81,335,5.0
81,336,5.0
81,337,3.0
81,338,6.0
81,339,4.0
81,340,6.0
81,341,4.0
81,342,4.0
81,343,2.0
81,344,3.0
81,345,7.0
81,346,5.0
81,347,3.0
81,348,5.0
81,349,6.0
81,350,2.0
81,351,3.0
81,352,4.0
81,353,6.0
81,354,2.0
81,355,3.0
81,356,6.0
81,357,4.0
81,358,4.0
81,359,4.0
81,360,6.0
81,361,2.0
81,362,4.0
81,363,4.0
81,364,5.0
81,365,5.0
81,366,2.0
81,367,3.0
81,368,4.0
81,369,4.0
81,370,3.0
81,371,3.0
81,372,3.0
81,373,5.0
81,374,4.0
81,375,4.0
81,376,5.0
81,377,3.0
82,83,3.0
82,84,3.0
82,85,3.0
82,86,4.0
82,87,7.0
82,88,3.0
82,89,4.0
82,90,3.0
82,91,3.0
82,92,4.0
82,93,4.0
82,94,2.0
82,95,4.0
82,96,3.0
82,97,3.0
82,98,3.0
82,99,2.0
82,100,3.0
82,101,5.0
82,102,3.0
82,103,3.0
82,104,3.0
82,105,4.0
82,106,4.0
82,107,5.0
82,108,3.0
82,109,3.0
82,110,3.0
82,111,3.0
82,112,3.0
82,113,3.0
82,114,3.0
82,115,3.0
82,116,3.0
82,117,3.0
82,118,3.0
82,119,3.0
82,120,3.0
82,121,3.0
82,122,3.0
82,123,3.0
82,124,1.0
82,125,1.0
82,126,4.0
82,127,4.0
82,128,3.0
82,129,4.0
82,130,4.0
82,131,4.0
82,132,3.0
82,133,3.0
82,134,3.0
82,135,3.0
82,136,4.0
82,137,4.0
82,138,4.0
82,139,3.0
82,140,3.0
82,141,3.0
82,142,3.0
82,143,6.0
82,144,6.0
82,145,4.0
82,146,4.0
82,147,4.0
82,148,4.0
82,149,4.0
82,150,3.0
82,151,3.0
82,152,2.0
82,153,3.0
82,154,3.0
82,155,4.0
82,156,4.0
82,157,3.0
82,158,3.0
82,159,1.0
82,160,4.0
82,161,1.0
82,162,4.0
82,163,3.0
82,164,4.0
82,165,3.0
82,166,3.0
82,167,3.0
82,168,4.0
82,169,5.0
82,170,3.0
82,171,3.0
82,172,3.0
82,173,3.0
82,174,3.0
82,175,1.0
82,176,2.0
82,177,3.0
82,178,3.0
82,179,4.0
82,180,2.0
82,181,2.0
82,182,2.0
82,183,3.0
82,184,3.0
82,185,3.0
82,186,2.0
82,187,2.0
82,188,3.0
82,189,2.0
82,190,3.0
82,191,3.0
82,192,3.0
82,193,3.0
82,194,3.0
82,195,2.0
82,196,3.0
82,197,3.0
82,198,3.0
82,199,4.0
82,200,4.0
82,201,4.0
82,202,3.0
82,203,3.0
82,204,2.0
82,205,2.0
82,206,4.0
82,207,3.0
82,208,3.0
82,209,5.0
82,210,3.0
82,211,3.0
82,212,3.0
82,213,4.0
82,214,3.0
82,215,4.0
82,216,3.0
82,217,3.0
82,218,2.0
82,219,3.0
82,220,2.0
82,221,3.0
82,222,2.0
82,223,3.0
82,224,4.0
82,225,5.0
82,226,2.0
82,227,5.0
82,228,4.0
82,229,3.0
82,230,2.0
82,231,5.0
82,232,3.0
82,233,3.0
82,234,3.0
82,235,5.0
82,236,2.0
82,237,3.0
82,238,3.0
82,239,6.0
82,240,3.0
82,241,4.0
82,242,5.0
82,243,3.0
82,244,4.0
82,245,3.0
82,246,3.0
82,247,5.0
82,248,4.0
82,249,3.0
82,250,4.0
82,251,4.0
82,252,2.0
82,253,5.0
82,254,3.0
82,255,2.0
82,256,3.0
82,257,3.0
82,258,4.0
82,259,3.0
82,260,4.0
82,261,6.0
82,262,3.0
82,263,3.0
82,264,3.0
82,265,2.0
82,266,3.0
82,267,5.0
82,268,2.0
82,269,3.0
82,270,3.0
82,271,2.0
82,272,5.0
82,273,5.0
82,274,3.0
82,275,4.0
82,276,5.0
82,277,7.0
82,278,3.0
82,279,3.0
82,280,3.0
82,281,2.0
82,282,3.0
82,283,3.0
82,284,6.0
82,285,2.0
82,286,3.0
82,287,3.0
82,288,3.0
82,289,4.0
82,290,4.0
82,291,4.0
82,292,5.0
82,293,3.0
82,294,3.0
82,295,4.0
82,296,3.0
82,297,5.0
82,298,3.0
82,299,3.0
82,300,3.0
82,301,3.0
82,302,6.0
82,303,6.0
82,304,3.0
82,305,2.0
82,306,4.0
82,307,7.0
82,308,3.0
82,309,3.0
82,310,6.0
82,311,3.0
82,312,3.0
82,313,5.0
82,314,5.0
82,315,3.0
82,316,3.0
82,317,3.0
82,318,3.0
82,319,4.0
82,320,7.0
82,321,4.0
82,322,2.0
82,323,3.0
82,324,5.0
82,325,3.0
82,326,5.0
82,327,3.0
82,328,4.0
82,329,4.0
82,330,5.0
82,331,4.0
82,332,2.0
82,333,3.0
82,334,3.0
82,335,3.0
82,336,2.0
82,337,4.0
82,338,3.0
82,339,3.0
82,340,3.0
82,341,2.0
82,342,5.0
82,343,4.0
82,344,5.0
82,345,3.0
82,346,3.0
82,347,4.0
82,348,4.0
82,349,3.0
82,350,4.0
82,351,4.0
82,352,6.0
82,353,3.0
82,354,6.0
82,355,4.0
82,356,3.0
82,357,4.0
82,358,5.0
82,359,3.0
82,360,3.0
82,361,5.0
82,362,5.0
82,363,3.0
82,364,3.0
82,365,3.0
82,366,5.0
82,367,5.0
82,368,3.0
82,369,2.0
82,370,4.0
82,371,4.0
82,372,4.0
82,373,3.0
82,374,5.0
82,375,4.0
82,376,3.0
82,377,3.0
83,84,7.0
83,85,7.0
83,86,5.0
83,87,3.0
83,88,5.0
83,89,3.0
83,90,6.0
83,91,5.0
83,92,3.0
83,93,2.0
83,94,4.0
83,95,3.0
83,96,6.0
83,97,5.0
83,98,6.0
83,99,4.0
83,100,6.0
83,101,4.0
83,102,6.0
83,103,5.0
83,104,6.0
83,105,2.0
83,106,2.0
83,107,2.0
83,108,5.0
83,109,5.0
83,110,6.0
83,111,4.0
83,112,4.0
83,113,4.0
83,114,7.0
83,115,7.0
83,116,7.0
83,117,6.0
83,118,3.0
83,119,5.0
83,120,6.0
83,121,3.0
83,122,5.0
83,123,4.0
83,124,2.0
83,125,2.0
83,126,4.0
83,127,4.0
83,128,7.0
83,129,4.0
83,130,4.0
83,131,4.0
83,132,4.0
83,133,4.0
83,134,4.0
83,135,4.0
83,136,6.0
83,137,6.0
83,138,6.0
83,139,7.0
83,140,6.0
83,141,6.0
83,142,4.0
83,143,2.0
83,144,2.0
83,145,5.0
83,146,3.0
83,147,6.0
83,148,6.0
83,149,3.0
83,150,6.0
83,151,6.0
83,152,3.0
83,153,3.0
83,154,5.0
83,155,3.0
83,156,5.0
83,157,4.0
83,158,4.0
83,159,3.0
83,160,5.0
83,161,2.0
83,162,4.0
83,163,4.0
83,164,3.0
83,165,6.0
83,166,4.0
83,167,4.0
83,168,3.0
83,169,3.0
83,170,4.0
83,171,6.0
83,172,4.0
83,173,4.0
83,174,6.0
83,175,2.0
83,176,4.0
83,177,5.0
83,178,5.0
83,179,5.0
83,180,3.0
83,181,3.0
83,182,4.0
83,183,5.0
83,184,5.0
83,185,6.0
83,186,5.0
83,187,5.0
83,188,4.0
83,189,4.0
83,190,3.0
83,191,3.0
83,192,3.0
83,193,4.0
83,194,4.0
83,195,4.0
83,196,6.0
83,197,6.0
83,198,6.0
83,199,4.0
83,200,4.0
83,201,4.0
83,202,6.0
83,203,5.0
83,204,4.0
83,205,4.0
83,206,3.0
83,207,4.0
83,208,4.0
83,209,4.0
83,210,4.0
83,211,6.0
83,212,5.0
83,213,4.0
83,214,6.0
83,215,5.0
83,216,5.0
83,217,5.0
83,218,4.0
83,219,4.0
83,220,5.0
83,221,6.0
83,222,4.0
83,223,3.0
83,224,4.0
83,225,4.0
83,226,6.0
83,227,4.0
83,228,4.0
83,229,4.0
83,230,3.0
83,231,4.0
83,232,5.0
83,233,4.0
83,234,5.0
83,235,4.0
83,236,3.0
83,237,6.0
83,238,5.0
83,239,4.0
83,240,6.0
83,241,4.0
83,242,4.0
83,243,6.0
83,244,2.0
83,245,2.0
83,246,5.0
83,247,4.0
83,248,4.0
83,249,4.0
83,250,4.0
83,251,4.0
83,252,4.0
83,253,4.0
83,254,5.0
83,255,4.0
83,256,5.0
83,257,6.0
83,258,5.0
83,259,4.0
83,260,4.0
83,261,4.0
83,262,5.0
83,263,6.0
83,264,6.0
83,265,4.0
83,266,4.0
83,267,4.0
83,268,5.0
83,269,5.0
83,270,4.0
83,271,2.0
83,272,3.0
83,273,4.0
83,274,5.0
83,275,4.0
83,276,4.0
83,277,3.0
83,278,6.0
83,279,5.0
83,280,4.0
83,281,4.0
83,282,5.0
83,283,5.0
83,284,2.0
83,285,2.0
83,286,6.0
83,287,4.0
83,288,4.0
83,289,4.0
83,290,3.0
83,291,3.0
83,292,4.0
83,293,4.0
83,294,4.0
83,295,4.0
83,296,6.0
83,297,4.0
83,298,4.0
83,299,5.0
83,300,6.0
83,301,6.0
83,302,4.0
83,303,2.0
83,304,5.0
83,305,4.0
83,306,4.0
83,307,3.0
83,308,5.0
83,309,6.0
83,310,4.0
83,311,6.0
83,312,4.0
83,313,4.0
83,314,4.0
83,315,5.0
83,316,4.0
83,317,4.0
83,318,4.0
83,319,3.0
83,320,3.0
83,321,4.0
83,322,5.0
83,323,6.0
83,324,3.0
83,325,6.0
83,326,4.0
83,327,4.0
83,328,2.0
83,329,5.0
83,330,4.0
83,331,6.0
83,332,3.0
83,333,5.0
83,334,6.0
83,335,7.0
83,336,4.0
83,337,3.0
83,338,6.0
83,339,3.0
83,340,6.0
83,341,4.0
83,342,3.0
83,343,2.0
83,344,4.0
83,345,5.0
83,346,5.0
83,347,4.0
83,348,4.0
83,349,6.0
83,350,4.0
83,351,4.0
83,352,3.0
83,353,6.0
83,354,2.0
83,355,4.0
83,356,6.0
83,357,4.0
83,358,4.0
83,359,5.0
83,360,6.0
83,361,3.0
83,362,4.0
83,363,5.0
83,364,6.0
83,365,4.0
83,366,3.0
83,367,4.0
83,368,4.0
83,369,4.0
83,370,5.0
83,371,4.0
83,372,4.0
83,373,4.0
83,374,4.0
83,375,4.0
83,376,5.0
83,377,5.0
84,85,7.0
84,86,5.0
84,87,3.0
84,88,5.0
84,89,3.0
84,90,6.0
84,91,5.0
84,92,3.0
84,93,2.0
84,94,4.0
84,95,3.0
84,96,6.0
84,97,5.0
84,98,6.0
84,99,4.0
84,100,6.0
84,101,4.0
84,102,6.0
84,103,5.0
84,104,6.0
84,105,2.0
84,106,2.0
84,107,2.0
84,108,5.0
84,109,5.0
84,110,6.0
84,111,4.0
84,112,4.0
84,113,4.0
84,114,7.0
84,115,7.0
84,116,7.0
84,117,6.0
84,118,3.0
84,119,5.0
84,120,6.0
84,121,3.0
84,122,5.0
84,123,4.0
84,124,2.0
84,125,2.0
84,126,4.0
84,127,4.0
84,128,7.0
84,129,4.0
84,130,4.0
84,131,4.0
84,132,4.0
84,133,4.0
84,134,4.0
84,135,4.0
84,136,6.0
84,137,6.0
84,138,6.0
84,139,7.0
84,140,6.0
84,141,6.0
84,142,4.0
84,143,2.0
84,144,2.0
84,145,5.0
84,146,3.0
84,147,6.0
84,148,6.0
84,149,3.0
84,150,6.0
84,151,6.0
84,152,3.0
84,153,3.0
84,154,5.0
84,155,3.0
84,156,5.0
84,157,4.0
84,158,4.0
84,159,3.0
84,160,5.0
84,161,2.0
84,162,4.0
84,163,4.0
84,164,3.0
84,165,6.0
84,166,4.0
84,167,4.0
84,168,3.0
84,169,3.0
84,170,4.0
84,171,6.0
84,172,4.0
84,173,4.0
84,174,6.0
84,175,2.0
84,176,4.0
84,177,5.0
84,178,5.0
84,179,5.0
84,180,3.0
84,181,3.0
84,182,4.0
84,183,5.0
84,184,5.0
84,185,6.0
84,186,5.0
84,187,5.0
84,188,4.0
84,189,4.0
84,190,3.0
84,191,3.0
84,192,3.0
84,193,4.0
84,194,4.0
84,195,4.0
84,196,6.0
84,197,6.0
84,198,6.0
84,199,4.0
84,200,4.0
84,201,4.0
84,202,6.0
84,203,5.0
84,204,4.0
84,205,4.0
84,206,3.0
84,207,4.0
84,208,4.0
84,209,4.0
84,210,4.0
84,211,6.0
84,212,5.0
84,213,4.0
84,214,6.0
84,215,5.0
84,216,5.0
84,217,5.0
84,218,4.0
84,219,4.0
84,220,5.0
84,221,6.0
84,222,4.0
84,223,3.0
84,224,4.0
84,225,4.0
84,226,6.0
84,227,4.0
84,228,4.0
84,229,4.0
84,230,3.0
84,231,4.0
84,232,5.0
84,233,4.0
84,234,5.0
84,235,4.0
84,236,3.0
84,237,6.0
84,238,5.0
84,239,4.0
84,240,6.0
84,241,4.0
84,242,4.0
84,243,6.0
84,244,2.0
84,245,2.0
84,246,5.0
84,247,4.0
84,248,4.0
84,249,4.0
84,250,4.0
84,251,4.0
84,252,4.0
84,253,4.0
84,254,5.0
84,255,4.0
84,256,5.0
84,257,6.0
84,258,5.0
84,259,4.0
84,260,4.0
84,261,4.0
84,262,5.0
84,263,6.0
84,264,6.0
84,265,4.0
84,266,4.0
84,267,4.0
84,268,5.0
84,269,5.0
84,270,4.0
84,271,2.0
84,272,3.0
84,273,4.0
84,274,5.0
84,275,4.0
84,276,4.0
84,277,3.0
84,278,6.0
84,279,5.0
84,280,4.0
84,281,4.0
84,282,5.0
84,283,5.0
84,284,2.0
84,285,2.0
84,286,6.0
84,287,4.0
84,288,4.0
84,289,4.0
84,290,3.0
84,291,3.0
84,292,4.0
84,293,4.0
84,294,4.0
84,295,4.0
84,296,6.0
84,297,4.0
84,298,4.0
84,299,5.0
84,300,6.0
84,301,6.0
84,302,4.0
84,303,2.0
84,304,5.0
84,305,4.0
84,306,4.0
84,307,3.0
84,308,5.0
84,309,6.0
84,310,4.0
84,311,6.0
84,312,4.0
84,313,4.0
84,314,4.0
84,315,5.0
84,316,4.0
84,317,4.0
84,318,4.0
84,319,3.0
84,320,3.0
84,321,4.0
84,322,5.0
84,323,6.0
84,324,3.0
84,325,6.0
84,326,4.0
84,327,4.0
84,328,2.0
84,329,5.0
84,330,4.0
84,331,6.0
84,332,3.0
84,333,5.0
84,334,6.0
84,335,7.0
84,336,4.0
84,337,3.0
84,338,6.0
84,339,3.0
84,340,6.0
84,341,4.0
84,342,3.0
84,343,2.0
84,344,4.0
84,345,5.0
84,346,5.0
84,347,4.0
84,348,4.0
84,349,6.0
84,350,4.0
84,351,4.0
84,352,3.0
84,353,6.0
84,354,2.0
84,355,4.0
84,356,6.0
84,357,4.0
84,358,4.0
84,359,5.0
84,360,6.0
84,361,3.0
84,362,4.0
84,363,5.0
84,364,6.0
84,365,4.0
84,366,3.0
84,367,4.0
84,368,4.0
84,369,4.0
84,370,5.0
84,371,4.0
84,372,4.0
84,373,4.0
84,374,4.0
84,375,4.0
84,376,5.0
84,377,5.0
85,86,5.0
85,87,3.0
85,88,5.0
85,89,3.0
85,90,6.0
85,91,5.0
85,92,3.0
85,93,2.0
85,94,4.0
85,95,3.0
85,96,6.0
85,97,5.0
85,98,6.0
85,99,4.0
85,100,6.0
85,101,4.0
85,102,6.0
85,103,5.0
85,104,6.0
85,105,2.0
85,106,2.0
85,107,2.0
85,108,5.0
85,109,5.0
85,110,6.0
85,111,4.0
85,112,4.0
85,113,4.0
85,114,7.0
85,115,7.0
85,116,7.0
85,117,6.0
85,118,3.0
85,119,5.0
85,120,6.0
85,121,3.0
85,122,5.0
85,123,4.0
85,124,2.0
85,125,2.0
85,126,4.0
85,127,4.0
85,128,7.0
85,129,4.0
85,130,4.0
85,131,4.0
85,132,4.0
85,133,4.0
85,134,4.0
85,135,4.0
85,136,6.0
85,137,6.0
85,138,6.0
85,139,7.0
85,140,6.0
85,141,6.0
85,142,4.0
85,143,2.0
85,144,2.0
85,145,5.0
85,146,3.0
85,147,6.0
85,148,6.0
85,149,3.0
85,150,6.0
85,151,6.0
85,152,3.0
85,153,3.0
85,154,5.0
85,155,3.0
85,156,5.0
85,157,4.0
85,158,4.0
85,159,3.0
85,160,5.0
85,161,2.0
85,162,4.0
85,163,4.0
85,164,3.0
85,165,6.0
85,166,4.0
85,167,4.0
85,168,3.0
85,169,3.0
85,170,4.0
85,171,6.0
85,172,4.0
85,173,4.0
85,174,6.0
85,175,2.0
85,176,4.0
85,177,5.0
85,178,5.0
85,179,5.0
85,180,3.0
85,181,3.0
85,182,4.0
85,183,5.0
85,184,5.0
85,185,6.0
85,186,5.0
85,187,5.0
85,188,4.0
85,189,4.0
85,190,3.0
85,191,3.0
85,192,3.0
85,193,4.0
85,194,4.0
85,195,4.0
85,196,6.0
85,197,6.0
85,198,6.0
85,199,4.0
85,200,4.0
85,201,4.0
85,202,6.0
85,203,5.0
85,204,4.0
85,205,4.0
85,206,3.0
85,207,4.0
85,208,4.0
85,209,4.0
85,210,4.0
85,211,6.0
85,212,5.0
85,213,4.0
85,214,6.0
85,215,5.0
85,216,5.0
85,217,5.0
85,218,4.0
85,219,4.0
85,220,5.0
85,221,6.0
85,222,4.0
85,223,3.0
85,224,4.0
85,225,4.0
85,226,6.0
85,227,4.0
85,228,4.0
85,229,4.0
85,230,3.0
85,231,4.0
85,232,5.0
85,233,4.0
85,234,5.0
85,235,4.0
85,236,3.0
85,237,6.0
85,238,5.0
85,239,4.0
85,240,6.0
85,241,4.0
85,242,4.0
85,243,6.0
85,244,2.0
85,245,2.0
85,246,5.0
85,247,4.0
85,248,4.0
85,249,4.0
85,250,4.0
85,251,4.0
85,252,4.0
85,253,4.0
85,254,5.0
85,255,4.0
85,256,5.0
85,257,6.0
85,258,5.0
85,259,4.0
85,260,4.0
85,261,4.0
85,262,5.0
85,263,6.0
85,264,6.0
85,265,4.0
85,266,4.0
85,267,4.0
85,268,5.0
85,269,5.0
85,270,4.0
85,271,2.0
85,272,3.0
85,273,4.0
85,274,5.0
85,275,4.0
85,276,4.0
85,277,3.0
85,278,6.0
85,279,5.0
85,280,4.0
85,281,4.0
85,282,5.0
85,283,5.0
85,284,2.0
85,285,2.0
85,286,6.0
85,287,4.0
85,288,4.0
85,289,4.0
85,290,3.0
85,291,3.0
85,292,4.0
85,293,4.0
85,294,4.0
85,295,4.0
85,296,6.0
85,297,4.0
85,298,4.0
85,299,5.0
85,300,6.0
85,301,6.0
85,302,4.0
85,303,2.0
85,304,5.0
85,305,4.0
85,306,4.0
85,307,3.0
85,308,5.0
85,309,6.0
85,310,4.0
85,311,6.0
85,312,4.0
85,313,4.0
85,314,4.0
85,315,5.0
85,316,4.0
85,317,4.0
85,318,4.0
85,319,3.0
85,320,3.0
85,321,4.0
85,322,5.0
85,323,6.0
85,324,3.0
85,325,6.0
85,326,4.0
85,327,4.0
85,328,2.0
85,329,5.0
85,330,4.0
85,331,6.0
85,332,3.0
85,333,5.0
85,334,6.0
85,335,7.0
85,336,4.0
85,337,3.0
85,338,6.0
85,339,3.0
85,340,6.0
85,341,4.0
85,342,3.0
85,343,2.0
85,344,4.0
85,345,5.0
85,346,5.0
85,347,4.0
85,348,4.0
85,349,6.0
85,350,4.0
85,351,4.0
85,352,3.0
85,353,6.0
85,354,2.0
85,355,4.0
85,356,6.0
85,357,4.0
85,358,4.0
85,359,5.0
85,360,6.0
85,361,3.0
85,362,4.0
85,363,5.0
85,364,6.0
85,365,4.0
85,366,3.0
85,367,4.0
85,368,4.0
85,369,4.0
85,370,5.0
85,371,4.0
85,372,4.0
85,373,4.0
85,374,4.0
85,375,4.0
85,376,5.0
85,377,5.0
86,87,4.0
86,88,6.0
86,89,4.0
86,90,6.0
86,91,5.0
86,92,3.0
86,93,4.0
86,94,3.0
86,95,4.0
86,96,5.0
86,97,4.0
86,98,5.0
86,99,5.0
86,100,4.0
86,101,5.0
86,102,4.0
86,103,5.0
86,104,5.0
86,105,3.0
86,106,3.0
86,107,3.0
86,108,6.0
86,109,6.0
86,110,6.0
86,111,4.0
86,112,5.0
86,113,4.0
86,114,5.0
86,115,5.0
86,116,5.0
86,117,6.0
86,118,5.0
86,119,4.0
86,120,6.0
86,121,5.0
86,122,4.0
86,123,4.0
86,124,2.0
86,125,2.0
86,126,4.0
86,127,4.0
86,128,5.0
86,129,4.0
86,130,4.0
86,131,4.0
86,132,4.0
86,133,4.0
86,134,4.0
86,135,4.0
86,136,6.0
86,137,6.0
86,138,6.0
86,139,5.0
86,140,6.0
86,141,6.0
86,142,5.0
86,143,3.0
86,144,3.0
86,145,7.0
86,146,4.0
86,147,6.0
86,148,6.0
86,149,4.0
86,150,5.0
86,151,5.0
86,152,4.0
86,153,5.0
86,154,6.0
86,155,4.0
86,156,6.0
86,157,5.0
86,158,5.0
86,159,2.0
86,160,5.0
86,161,2.0
86,162,4.0
86,163,5.0
86,164,4.0
86,165,5.0
86,166,3.0
86,167,5.0
86,168,3.0
86,169,5.0
86,170,5.0
86,171,6.0
86,172,5.0
86,173,4.0
86,174,4.0
86,175,2.0
86,176,4.0
86,177,5.0
86,178,5.0
86,179,5.0
86,180,3.0
86,181,3.0
86,182,4.0
86,183,3.0
86,184,3.0
86,185,4.0
86,186,5.0
86,187,5.0
86,188,3.0
86,189,4.0
86,190,4.0
86,191,4.0
86,192,4.0
86,193,4.0
86,194,5.0
86,195,5.0
86,196,6.0
86,197,6.0
86,198,6.0
86,199,5.0
86,200,5.0
86,201,5.0
86,202,6.0
86,203,5.0
86,204,5.0
86,205,5.0
86,206,5.0
86,207,3.0
86,208,5.0
86,209,5.0
86,210,6.0
86,211,6.0
86,212,6.0
86,213,4.0
86,214,6.0
86,215,6.0
86,216,5.0
86,217,3.0
86,218,4.0
86,219,3.0
86,220,5.0
86,221,6.0
86,222,3.0
86,223,4.0
86,224,4.0
86,225,5.0
86,226,4.0
86,227,5.0
86,228,3.0
86,229,4.0
86,230,3.0
86,231,5.0
86,232,5.0
86,233,5.0
86,234,6.0
86,235,5.0
86,236,4.0
86,237,6.0
86,238,6.0
86,239,4.0
86,240,6.0
86,241,4.0
86,242,5.0
86,243,6.0
86,244,3.0
86,245,3.0
86,246,3.0
86,247,4.0
86,248,3.0
86,249,5.0
86,250,5.0
86,251,3.0
86,252,5.0
86,253,5.0
86,254,5.0
86,255,4.0
86,256,6.0
86,257,6.0
86,258,7.0
86,259,4.0
86,260,4.0
86,261,4.0
86,262,5.0
86,263,6.0
86,264,6.0
86,265,4.0
86,266,4.0
86,267,5.0
86,268,5.0
86,269,6.0
86,270,5.0
86,271,3.0
86,272,3.0
86,273,5.0
86,274,4.0
86,275,4.0
86,276,5.0
86,277,4.0
86,278,6.0
86,279,6.0
86,280,6.0
86,281,4.0
86,282,3.0
86,283,5.0
86,284,3.0
86,285,2.0
86,286,6.0
86,287,5.0
86,288,4.0
86,289,4.0
86,290,3.0
86,291,3.0
86,292,5.0
86,293,5.0
86,294,5.0
86,295,4.0
86,296,6.0
86,297,4.0
86,298,3.0
86,299,3.0
86,300,6.0
86,301,6.0
86,302,4.0
86,303,3.0
86,304,5.0
86,305,4.0
86,306,3.0
86,307,4.0
86,308,6.0
86,309,6.0
86,310,4.0
86,311,6.0
86,312,4.0
86,313,5.0
86,314,4.0
86,315,4.0
86,316,5.0
86,317,5.0
86,318,3.0
86,319,4.0
86,320,4.0
86,321,4.0
86,322,5.0
86,323,6.0
86,324,3.0
86,325,4.0
86,326,5.0
86,327,4.0
86,328,3.0
86,329,7.0
86,330,5.0
86,331,6.0
86,332,3.0
86,333,5.0
86,334,4.0
86,335,5.0
86,336,4.0
86,337,4.0
86,338,6.0
86,339,5.0
86,340,6.0
86,341,4.0
86,342,5.0
86,343,3.0
86,344,4.0
86,345,6.0
86,346,5.0
86,347,4.0
86,348,5.0
86,349,6.0
86,350,3.0
86,351,4.0
86,352,5.0
86,353,6.0
86,354,3.0
86,355,3.0
86,356,6.0
86,357,4.0
86,358,5.0
86,359,4.0
86,360,6.0
86,361,3.0
86,362,5.0
86,363,4.0
86,364,5.0
86,365,5.0
86,366,3.0
86,367,4.0
86,368,3.0
86,369,4.0
86,370,4.0
86,371,4.0
86,372,4.0
86,373,5.0
86,374,5.0
86,375,4.0
86,376,5.0
86,377,3.0
87,88,3.0
87,89,4.0
87,90,3.0
87,91,3.0
87,92,4.0
87,93,4.0
87,94,2.0
87,95,4.0
87,96,3.0
87,97,3.0
87,98,3.0
87,99,2.0
87,100,3.0
87,101,5.0
87,102,3.0
87,103,3.0
87,104,3.0
87,105,4.0
87,106,4.0
87,107,5.0
87,108,3.0
87,109,3.0
87,110,3.0
87,111,3.0
87,112,3.0
87,113,3.0
87,114,3.0
87,115,3.0
87,116,3.0
87,117,3.0
87,118,3.0
87,119,3.0
87,120,3.0
87,121,3.0
87,122,3.0
87,123,3.0
87,124,1.0
87,125,1.0
87,126,4.0
87,127,4.0
87,128,3.0
87,129,4.0
87,130,4.0
87,131,4.0
87,132,3.0
87,133,3.0
87,134,3.0
87,135,3.0
87,136,4.0
87,137,4.0
87,138,4.0
87,139,3.0
87,140,3.0
87,141,3.0
87,142,3.0
87,143,6.0
87,144,6.0
87,145,4.0
87,146,4.0
87,147,4.0
87,148,4.0
87,149,4.0
87,150,3.0
87,151,3.0
87,152,2.0
87,153,3.0
87,154,3.0
87,155,4.0
87,156,4.0
87,157,3.0
87,158,3.0
87,159,1.0
87,160,4.0
87,161,1.0
87,162,4.0
87,163,3.0
87,164,4.0
87,165,3.0
87,166,3.0
87,167,3.0
87,168,4.0
87,169,5.0
87,170,3.0
87,171,3.0
87,172,3.0
87,173,3.0
87,174,3.0
87,175,1.0
87,176,2.0
87,177,3.0
87,178,3.0
87,179,4.0
87,180,2.0
87,181,2.0
87,182,2.0
87,183,3.0
87,184,3.0
87,185,3.0
87,186,2.0
87,187,2.0
87,188,3.0
87,189,2.0
87,190,3.0
87,191,3.0
87,192,3.0
87,193,3.0
87,194,3.0
87,195,2.0
87,196,3.0
87,197,3.0
87,198,3.0
87,199,4.0
87,200,4.0
87,201,4.0
87,202,3.0
87,203,3.0
87,204,2.0
87,205,2.0
87,206,4.0
87,207,3.0
87,208,3.0
87,209,5.0
87,210,3.0
87,211,3.0
87,212,3.0
87,213,4.0
87,214,3.0
87,215,4.0
87,216,3.0
87,217,3.0
87,218,2.0
87,219,3.0
87,220,2.0
87,221,3.0
87,222,2.0
87,223,3.0
87,224,4.0
87,225,5.0
87,226,2.0
87,227,5.0
87,228,4.0
87,229,3.0
87,230,2.0
87,231,5.0
87,232,3.0
87,233,3.0
87,234,3.0
87,235,5.0
87,236,2.0
87,237,3.0
87,238,3.0
87,239,6.0
87,240,3.0
87,241,4.0
87,242,5.0
87,243,3.0
87,244,4.0
87,245,3.0
87,246,3.0
87,247,5.0
87,248,4.0
87,249,3.0
87,250,4.0
87,251,4.0
87,252,2.0
87,253,5.0
87,254,3.0
87,255,2.0
87,256,3.0
87,257,3.0
87,258,4.0
87,259,3.0
87,260,4.0
87,261,6.0
87,262,3.0
87,263,3.0
87,264,3.0
87,265,2.0
87,266,3.0
87,267,5.0
87,268,2.0
87,269,3.0
87,270,3.0
87,271,2.0
87,272,5.0
87,273,5.0
87,274,3.0
87,275,4.0
87,276,5.0
87,277,7.0
87,278,3.0
87,279,3.0
87,280,3.0
87,281,2.0
87,282,3.0
87,283,3.0
87,284,6.0
87,285,2.0
87,286,3.0
87,287,3.0
87,288,3.0
87,289,4.0
87,290,4.0
87,291,4.0
87,292,5.0
87,293,3.0
87,294,3.0
87,295,4.0
87,296,3.0
87,297,5.0
87,298,3.0
87,299,3.0
87,300,3.0
87,301,3.0
87,302,6.0
87,303,6.0
87,304,3.0
87,305,2.0
87,306,4.0
87,307,7.0
87,308,3.0
87,309,3.0
87,310,6.0
87,311,3.0
87,312,3.0
87,313,5.0
87,314,5.0
87,315,3.0
87,316,3.0
87,317,3.0
87,318,3.0
87,319,4.0
87,320,7.0
87,321,4.0
87,322,2.0
87,323,3.0
87,324,5.0
87,325,3.0
87,326,5.0
87,327,3.0
87,328,4.0
87,329,4.0
87,330,5.0
87,331,4.0
87,332,2.0
87,333,3.0
87,334,3.0
87,335,3.0
87,336,2.0
87,337,4.0
87,338,3.0
87,339,3.0
87,340,3.0
87,341,2.0
87,342,5.0
87,343,4.0
87,344,5.0
87,345,3.0
87,346,3.0
87,347,4.0
87,348,4.0
87,349,3.0
87,350,4.0
87,351,4.0
87,352,6.0
87,353,3.0
87,354,6.0
87,355,4.0
87,356,3.0
87,357,4.0
87,358,5.0
87,359,3.0
87,360,3.0
87,361,5.0
87,362,5.0
87,363,3.0
87,364,3.0
87,365,3.0
87,366,5.0
87,367,5.0
87,368,3.0
87,369,2.0
87,370,4.0
87,371,4.0
87,372,4.0
87,373,3.0
87,374,5.0
87,375,4.0
87,376,3.0
87,377,3.0
88,89,3.0
88,90,6.0
88,91,5.0
88,92,2.0
88,93,3.0
88,94,3.0
88,95,3.0
88,96,5.0
88,97,4.0
88,98,5.0
88,99,6.0
88,100,4.0
88,101,4.0
88,102,4.0
88,103,5.0
88,104,5.0
88,105,2.0
88,106,2.0
88,107,2.0
88,108,6.0
88,109,6.0
88,110,6.0
88,111,4.0
88,112,5.0
88,113,4.0
88,114,5.0
88,115,5.0
88,116,5.0
88,117,6.0
88,118,4.0
88,119,4.0
88,120,6.0
88,121,4.0
88,122,4.0
88,123,4.0
88,124,2.0
88,125,2.0
88,126,3.0
88,127,3.0
88,128,5.0
88,129,3.0
88,130,3.0
88,131,3.0
88,132,4.0
88,133,4.0
88,134,4.0
88,135,4.0
88,136,5.0
88,137,5.0
88,138,5.0
88,139,5.0
88,140,6.0
88,141,6.0
88,142,5.0
88,143,2.0
88,144,2.0
88,145,6.0
88,146,3.0
88,147,5.0
88,148,5.0
88,149,3.0
88,150,5.0
88,151,5.0
88,152,4.0
88,153,4.0
88,154,6.0
88,155,4.0
88,156,5.0
88,157,5.0
88,158,5.0
88,159,3.0
88,160,5.0
88,161,2.0
88,162,3.0
88,163,5.0
88,164,3.0
88,165,5.0
88,166,4.0
88,167,5.0
88,168,2.0
88,169,4.0
88,170,5.0
88,171,6.0
88,172,5.0
88,173,4.0
88,174,4.0
88,175,2.0
88,176,4.0
88,177,5.0
88,178,5.0
88,179,5.0
88,180,3.0
88,181,3.0
88,182,4.0
88,183,3.0
88,184,3.0
88,185,4.0
88,186,5.0
88,187,5.0
88,188,3.0
88,189,4.0
88,190,5.0
88,191,5.0
88,192,5.0
88,193,4.0
88,194,5.0
88,195,6.0
88,196,6.0
88,197,6.0
88,198,6.0
88,199,4.0
88,200,4.0
88,201,4.0
88,202,6.0
88,203,5.0
88,204,6.0
88,205,6.0
88,206,4.0
88,207,3.0
88,208,5.0
88,209,4.0
88,210,5.0
88,211,6.0
88,212,6.0
88,213,3.0
88,214,6.0
88,215,5.0
88,216,5.0
88,217,3.0
88,218,4.0
88,219,4.0
88,220,5.0
88,221,6.0
88,222,3.0
88,223,4.0
88,224,3.0
88,225,4.0
88,226,4.0
88,227,4.0
88,228,3.0
88,229,4.0
88,230,2.0
88,231,4.0
88,232,5.0
88,233,5.0
88,234,7.0
88,235,4.0
88,236,4.0
88,237,6.0
88,238,7.0
88,239,3.0
88,240,6.0
88,241,3.0
88,242,4.0
88,243,6.0
88,244,2.0
88,245,4.0
88,246,3.0
88,247,3.0
88,248,3.0
88,249,5.0
88,250,5.0
88,251,3.0
88,252,6.0
88,253,4.0
88,254,5.0
88,255,4.0
88,256,7.0
88,257,6.0
88,258,6.0
88,259,4.0
88,260,3.0
88,261,3.0
88,262,5.0
88,263,6.0
88,264,6.0
88,265,4.0
88,266,4.0
88,267,4.0
88,268,5.0
88,269,6.0
88,270,5.0
88,271,3.0
88,272,2.0
88,273,4.0
88,274,4.0
88,275,3.0
88,276,4.0
88,277,3.0
88,278,6.0
88,279,7.0
88,280,5.0
88,281,4.0
88,282,3.0
88,283,5.0
88,284,2.0
88,285,2.0
88,286,6.0
88,287,5.0
88,288,3.0
88,289,3.0
88,290,3.0
88,291,3.0
88,292,4.0
88,293,5.0
88,294,5.0
88,295,3.0
88,296,6.0
88,297,3.0
88,298,3.0
88,299,3.0
88,300,6.0
88,301,6.0
88,302,3.0
88,303,2.0
88,304,5.0
88,305,4.0
88,306,2.0
88,307,3.0
88,308,6.0
88,309,6.0
88,310,3.0
88,311,6.0
88,312,4.0
88,313,4.0
88,314,3.0
88,315,4.0
88,316,5.0
88,317,5.0
88,318,3.0
88,319,4.0
88,320,3.0
88,321,3.0
88,322,5.0
88,323,6.0
88,324,2.0
88,325,4.0
88,326,4.0
88,327,4.0
88,328,2.0
88,329,6.0
88,330,4.0
88,331,5.0
88,332,4.0
88,333,5.0
88,334,4.0
88,335,5.0
88,336,5.0
88,337,3.0
88,338,6.0
88,339,4.0
88,340,6.0
88,341,4.0
88,342,4.0
88,343,2.0
88,344,3.0
88,345,7.0
88,346,5.0
88,347,3.0
88,348,5.0
88,349,6.0
88,350,2.0
88,351,3.0
88,352,4.0
88,353,6.0
88,354,2.0
88,355,3.0
88,356,6.0
88,357,4.0
88,358,4.0
88,359,4.0
88,360,6.0
88,361,2.0
88,362,4.0
88,363,4.0
88,364,5.0
88,365,5.0
88,366,2.0
88,367,3.0
88,368,4.0
88,369,4.0
88,370,3.0
88,371,3.0
88,372,3.0
88,373,5.0
88,374,4.0
88,375,4.0
88,376,5.0
88,377,3.0
89,90,3.0
89,91,4.0
89,92,3.0
89,93,3.0
89,94,2.0
89,95,3.0
89,96,4.0
89,97,3.0
89,98,4.0
89,99,3.0
89,100,3.0
89,101,3.0
89,102,3.0
89,103,4.0
89,104,4.0
89,105,3.0
89,106,3.0
89,107,2.0
89,108,3.0
89,109,3.0
89,110,3.0
89,111,2.0
89,112,3.0
89,113,2.0
89,114,3.0
89,115,3.0
89,116,3.0
89,117,3.0
89,118,4.0
89,119,2.0
89,120,3.0
89,121,4.0
89,122,2.0
89,123,4.0
89,124,3.0
89,125,3.0
89,126,3.0
89,127,3.0
89,128,3.0
89,129,3.0
89,130,3.0
89,131,3.0
89,132,3.0
89,133,3.0
89,134,3.0
89,135,3.0
89,136,4.0
89,137,4.0
89,138,4.0
89,139,3.0
89,140,3.0
89,141,3.0
89,142,4.0
89,143,3.0
89,144,3.0
89,145,4.0
89,146,3.0
89,147,4.0
89,148,4.0
89,149,3.0
89,150,4.0
89,151,4.0
89,152,2.0
89,153,4.0
89,154,4.0
89,155,4.0
89,156,4.0
89,157,3.0
89,158,3.0
89,159,2.0
89,160,3.0
89,161,3.0
89,162,3.0
89,163,3.0
89,164,3.0
89,165,3.0
89,166,2.0
89,167,3.0
89,168,2.0
89,169,3.0
89,170,3.0
89,171,3.0
89,172,3.0
89,173,3.0
89,174,4.0
89,175,3.0
89,176,4.0
89,177,2.0
89,178,2.0
89,179,3.0
89,180,3.0
89,181,3.0
89,182,4.0
89,183,2.0
89,184,2.0
89,185,3.0
89,186,2.0
89,187,2.0
89,188,2.0
89,189,4.0
89,190,2.0
89,191,2.0
89,192,2.0
89,193,4.0
89,194,3.0
89,195,3.0
89,196,3.0
89,197,3.0
89,198,3.0
89,199,5.0
89,200,5.0
89,201,5.0
89,202,3.0
89,203,4.0
89,204,3.0
89,205,3.0
89,206,3.0
89,207,3.0
89,208,3.0
89,209,3.0
89,210,4.0
89,211,3.0
89,212,3.0
89,213,3.0
89,214,3.0
89,215,3.0
89,216,4.0
89,217,2.0
89,218,4.0
89,219,2.0
89,220,2.0
89,221,3.0
89,222,2.0
89,223,4.0
89,224,3.0
89,225,3.0
89,226,2.0
89,227,3.0
89,228,2.0
89,229,4.0
89,230,1.0
89,231,3.0
89,232,3.0
89,233,3.0
89,234,3.0
89,235,3.0
89,236,2.0
89,237,3.0
89,238,3.0
89,239,4.0
89,240,3.0
89,241,3.0
89,242,3.0
89,243,3.0
89,244,3.0
89,245,3.0
89,246,2.0
89,247,3.0
89,248,3.0
89,249,3.0
89,250,3.0
89,251,2.0
89,252,3.0
89,253,3.0
89,254,4.0
89,255,4.0
89,256,3.0
89,257,3.0
89,258,4.0
89,259,4.0
89,260,3.0
89,261,4.0
89,262,3.0
89,263,3.0
89,264,3.0
89,265,4.0
89,266,2.0
89,267,3.0
89,268,2.0
89,269,4.0
89,270,3.0
89,271,2.0
89,272,3.0
89,273,3.0
89,274,2.0
89,275,3.0
89,276,3.0
89,277,4.0
89,278,3.0
89,279,3.0
89,280,4.0
89,281,4.0
89,282,2.0
89,283,4.0
89,284,3.0
89,285,4.0
89,286,3.0
89,287,3.0
89,288,4.0
89,289,3.0
89,290,5.0
89,291,4.0
89,292,3.0
89,293,3.0
89,294,3.0
89,295,3.0
89,296,3.0
89,297,3.0
89,298,2.0
89,299,2.0
89,300,3.0
89,301,3.0
89,302,4.0
89,303,3.0
89,304,4.0
89,305,4.0
89,306,3.0
89,307,4.0
89,308,4.0
89,309,3.0
89,310,4.0
89,311,3.0
89,312,4.0
89,313,3.0
89,314,3.0
89,315,2.0
89,316,3.0
89,317,3.0
89,318,3.0
89,319,4.0
89,320,4.0
89,321,3.0
89,322,2.0
89,323,3.0
89,324,3.0
89,325,3.0
89,326,3.0
89,327,4.0
89,328,3.0
89,329,4.0
89,330,3.0
89,331,4.0
89,332,2.0
89,333,4.0
89,334,3.0
89,335,3.0
89,336,4.0
89,337,3.0
89,338,3.0
89,339,4.0
89,340,3.0
89,341,4.0
89,342,3.0
89,343,3.0
89,344,3.0
89,345,3.0
89,346,3.0
89,347,3.0
89,348,3.0
89,349,3.0
89,350,3.0
89,351,3.0
89,352,3.0
89,353,3.0
89,354,3.0
89,355,3.0
89,356,3.0
89,357,2.0
89,358,3.0
89,359,2.0
89,360,3.0
89,361,3.0
89,362,3.0
89,363,3.0
89,364,3.0
89,365,3.0
89,366,3.0
89,367,3.0
89,368,2.0
89,369,4.0
89,370,4.0
89,371,3.0
89,372,3.0
89,373,3.0
89,374,3.0
89,375,4.0
89,376,3.0
89,377,2.0
90,91,5.0
90,92,3.0
90,93,3.0
90,94,3.0
90,95,3.0
90,96,5.0
90,97,5.0
90,98,5.0
90,99,5.0
90,100,5.0
90,101,5.0
90,102,5.0
90,103,5.0
90,104,6.0
90,105,2.0
90,106,2.0
90,107,2.0
90,108,6.0
90,109,6.0
90,110,7.0
90,111,4.0
90,112,5.0
90,113,4.0
90,114,6.0
90,115,6.0
90,116,6.0
90,117,7.0
90,118,4.0
90,119,4.0
90,120,7.0
90,121,4.0
90,122,4.0
90,123,4.0
90,124,2.0
90,125,2.0
90,126,4.0
90,127,4.0
90,128,6.0
90,129,4.0
90,130,4.0
90,131,4.0
90,132,4.0
90,133,4.0
90,134,4.0
90,135,4.0
90,136,5.0
90,137,5.0
90,138,5.0
90,139,6.0
90,140,7.0
90,141,7.0
90,142,5.0
90,143,2.0
90,144,2.0
90,145,6.0
90,146,3.0
90,147,5.0
90,148,5.0
90,149,3.0
90,150,6.0
90,151,6.0
90,152,4.0
90,153,4.0
90,154,6.0
90,155,4.0
90,156,6.0
90,157,5.0
90,158,5.0
90,159,2.0
90,160,5.0
90,161,2.0
90,162,4.0
90,163,5.0
90,164,3.0
90,165,5.0
90,166,4.0
90,167,5.0
90,168,3.0
90,169,4.0
90,170,5.0
90,171,7.0
90,172,5.0
90,173,5.0
90,174,5.0
90,175,2.0
90,176,4.0
90,177,5.0
90,178,5.0
90,179,6.0
90,180,3.0
90,181,3.0
90,182,4.0
90,183,4.0
90,184,4.0
90,185,5.0
90,186,6.0
90,187,6.0
90,188,4.0
90,189,4.0
90,190,4.0
90,191,4.0
90,192,4.0
90,193,4.0
90,194,5.0
90,195,5.0
90,196,7.0
90,197,7.0
90,198,7.0
90,199,4.0
90,200,4.0
90,201,4.0
90,202,7.0
90,203,6.0
90,204,5.0
90,205,5.0
90,206,4.0
90,207,4.0
90,208,5.0
90,209,5.0
90,210,5.0
90,211,7.0
90,212,6.0
90,213,4.0
90,214,7.0
90,215,5.0
90,216,5.0
90,217,4.0
90,218,4.0
90,219,4.0
90,220,6.0
90,221,7.0
90,222,4.0
90,223,4.0
90,224,4.0
90,225,5.0
90,226,5.0
90,227,5.0
90,228,4.0
90,229,4.0
90,230,3.0
90,231,5.0
90,232,5.0
90,233,5.0
90,234,6.0
90,235,5.0
90,236,4.0
90,237,7.0
90,238,6.0
90,239,4.0
90,240,7.0
90,241,4.0
90,242,5.0
90,243,7.0
90,244,2.0
90,245,3.0
90,246,4.0
90,247,4.0
90,248,4.0
90,249,5.0
90,250,5.0
90,251,4.0
90,252,5.0
90,253,5.0
90,254,5.0
90,255,4.0
90,256,6.0
90,257,7.0
90,258,6.0
90,259,4.0
90,260,4.0
90,261,4.0
90,262,6.0
90,263,7.0
90,264,7.0
90,265,4.0
90,266,4.0
90,267,5.0
90,268,6.0
90,269,6.0
90,270,5.0
90,271,3.0
90,272,3.0
90,273,5.0
90,274,4.0
90,275,4.0
90,276,5.0
90,277,3.0
90,278,7.0
90,279,6.0
90,280,5.0
90,281,4.0
90,282,4.0
90,283,5.0
90,284,2.0
90,285,2.0
90,286,7.0
90,287,5.0
90,288,3.0
90,289,4.0
90,290,3.0
90,291,3.0
90,292,5.0
90,293,5.0
90,294,5.0
90,295,4.0
90,296,7.0
90,297,4.0
90,298,4.0
90,299,4.0
90,300,7.0
90,301,7.0
90,302,4.0
90,303,2.0
90,304,5.0
90,305,4.0
90,306,3.0
90,307,3.0
90,308,6.0
90,309,7.0
90,310,4.0
90,311,7.0
90,312,4.0
90,313,5.0
90,314,4.0
90,315,4.0
90,316,5.0
90,317,5.0
90,318,4.0
90,319,4.0
90,320,3.0
90,321,4.0
90,322,6.0
90,323,7.0
90,324,3.0
90,325,5.0
90,326,5.0
90,327,4.0
90,328,2.0
90,329,6.0
90,330,5.0
90,331,5.0
90,332,3.0
90,333,5.0
90,334,5.0
90,335,6.0
90,336,4.0
90,337,3.0
90,338,7.0
90,339,4.0
90,340,7.0
90,341,4.0
90,342,4.0
90,343,2.0
90,344,4.0
90,345,6.0
90,346,6.0
90,347,4.0
90,348,5.0
90,349,7.0
90,350,3.0
90,351,4.0
90,352,4.0
90,353,7.0
90,354,2.0
90,355,4.0
90,356,7.0
90,357,5.0
90,358,5.0
90,359,4.0
90,360,7.0
90,361,3.0
90,362,5.0
90,363,5.0
90,364,5.0
90,365,5.0
90,366,3.0
90,367,4.0
90,368,4.0
90,369,4.0
90,370,4.0
90,371,4.0
90,372,4.0
90,373,5.0
90,374,5.0
90,375,4.0
90,376,6.0
90,377,4.0
91,92,2.0
91,93,3.0
91,94,3.0
91,95,3.0
91,96,5.0
91,97,5.0
91,98,5.0
91,99,4.0
91,100,4.0
91,101,4.0
91,102,4.0
91,103,7.0
91,104,6.0
91,105,2.0
91,106,2.0
91,107,2.0
91,108,5.0
91,109,5.0
91,110,5.0
91,111,4.0
91,112,6.0
91,113,4.0
91,114,5.0
91,115,5.0
91,116,5.0
91,117,5.0
91,118,5.0
91,119,4.0
91,120,5.0
91,121,5.0
91,122,4.0
91,123,6.0
91,124,4.0
91,125,4.0
91,126,3.0
91,127,3.0
91,128,5.0
91,129,3.0
91,130,3.0
91,131,3.0
91,132,4.0
91,133,4.0
91,134,4.0
91,135,4.0
91,136,5.0
91,137,5.0
91,138,5.0
91,139,5.0
91,140,5.0
91,141,5.0
91,142,5.0
91,143,2.0
91,144,2.0
91,145,5.0
91,146,3.0
91,147,5.0
91,148,5.0
91,149,3.0
91,150,6.0
91,151,6.0
91,152,4.0
91,153,3.0
91,154,5.0
91,155,4.0
91,156,4.0
91,157,6.0
91,158,6.0
91,159,2.0
91,160,4.0
91,161,4.0
91,162,3.0
91,163,6.0
91,164,3.0
91,165,5.0
91,166,3.0
91,167,6.0
91,168,2.0
91,169,4.0
91,170,6.0
91,171,5.0
91,172,6.0
91,173,3.0
91,174,4.0
91,175,4.0
91,176,6.0
91,177,5.0
91,178,5.0
91,179,4.0
91,180,4.0
91,181,4.0
91,182,6.0
91,183,3.0
91,184,3.0
91,185,4.0
91,186,4.0
91,187,4.0
91,188,3.0
91,189,6.0
91,190,3.0
91,191,3.0
91,192,3.0
91,193,5.0
91,194,6.0
91,195,4.0
91,196,5.0
91,197,5.0
91,198,5.0
91,199,4.0
91,200,4.0
91,201,4.0
91,202,5.0
91,203,4.0
91,204,4.0
91,205,4.0
91,206,4.0
91,207,4.0
91,208,6.0
91,209,4.0
91,210,4.0
91,211,5.0
91,212,5.0
91,213,3.0
91,214,5.0
91,215,4.0
91,216,7.0
91,217,3.0
91,218,6.0
91,219,3.0
91,220,4.0
91,221,5.0
91,222,3.0
91,223,4.0
91,224,3.0
91,225,4.0
91,226,4.0
91,227,4.0
91,228,3.0
91,229,5.0
91,230,2.0
91,231,4.0
91,232,4.0
91,233,6.0
91,234,5.0
91,235,4.0
91,236,4.0
91,237,5.0
91,238,5.0
91,239,3.0
91,240,5.0
91,241,3.0
91,242,4.0
91,243,5.0
91,244,2.0
91,245,2.0
91,246,3.0
91,247,3.0
91,248,3.0
91,249,5.0
91,250,4.0
91,251,3.0
91,252,4.0
91,253,4.0
91,254,7.0
91,255,6.0
91,256,5.0
91,257,5.0
91,258,5.0
91,259,5.0
91,260,3.0
91,261,3.0
91,262,4.0
91,263,5.0
91,264,5.0
91,265,6.0
91,266,4.0
91,267,4.0
91,268,4.0
91,269,5.0
91,270,6.0
91,271,3.0
91,272,2.0
91,273,4.0
91,274,4.0
91,275,3.0
91,276,4.0
91,277,3.0
91,278,5.0
91,279,5.0
91,280,4.0
91,281,6.0
91,282,3.0
91,283,7.0
91,284,2.0
91,285,3.0
91,286,5.0
91,287,6.0
91,288,3.0
91,289,3.0
91,290,4.0
91,291,4.0
91,292,4.0
91,293,6.0
91,294,6.0
91,295,3.0
91,296,5.0
91,297,3.0
91,298,3.0
91,299,3.0
91,300,5.0
91,301,5.0
91,302,3.0
91,303,2.0
91,304,7.0
91,305,6.0
91,306,2.0
91,307,3.0
91,308,5.0
91,309,5.0
91,310,3.0
91,311,5.0
91,312,5.0
91,313,4.0
91,314,3.0
91,315,4.0
91,316,5.0
91,317,6.0
91,318,4.0
91,319,4.0
91,320,3.0
91,321,3.0
91,322,4.0
91,323,5.0
91,324,2.0
91,325,4.0
91,326,4.0
91,327,5.0
91,328,2.0
91,329,5.0
91,330,4.0
91,331,5.0
91,332,3.0
91,333,7.0
91,334,4.0
91,335,5.0
91,336,6.0
91,337,3.0
91,338,5.0
91,339,5.0
91,340,5.0
91,341,6.0
91,342,4.0
91,343,2.0
91,344,3.0
91,345,5.0
91,346,5.0
91,347,3.0
91,348,4.0
91,349,5.0
91,350,2.0
91,351,3.0
91,352,4.0
91,353,5.0
91,354,2.0
91,355,3.0
91,356,5.0
91,357,4.0
91,358,4.0
91,359,4.0
91,360,5.0
91,361,2.0
91,362,4.0
91,363,5.0
91,364,5.0
91,365,6.0
91,366,2.0
91,367,3.0
91,368,3.0
91,369,6.0
91,370,3.0
91,371,3.0
91,372,3.0
91,373,6.0
91,374,4.0
91,375,5.0
91,376,4.0
91,377,3.0
92,93,2.0
92,94,5.0
92,95,4.0
92,96,3.0
92,97,3.0
92,98,3.0
92,99,2.0
92,100,3.0
92,101,4.0
92,102,3.0
92,103,2.0
92,104,3.0
92,105,4.0
92,106,4.0
92,107,3.0
92,108,2.0
92,109,2.0
92,110,3.0
92,111,4.0
92,112,3.0
92,113,4.0
92,114,3.0
92,115,3.0
92,116,3.0
92,117,3.0
92,118,3.0
92,119,4.0
92,120,3.0
92,121,3.0
92,122,4.0
92,123,2.0
92,124,1.0
92,125,1.0
92,126,4.0
92,127,4.0
92,128,3.0
92,129,4.0
92,130,4.0
92,131,4.0
92,132,3.0
92,133,3.0
92,134,3.0
92,135,3.0
92,136,3.0
92,137,3.0
92,138,3.0
92,139,3.0
92,140,3.0
92,141,3.0
92,142,3.0
92,143,3.0
92,144,3.0
92,145,3.0
92,146,4.0
92,147,3.0
92,148,3.0
92,149,4.0
92,150,3.0
92,151,3.0
92,152,2.0
92,153,3.0
92,154,2.0
92,155,4.0
92,156,4.0
92,157,2.0
92,158,2.0
92,159,3.0
92,160,4.0
92,161,1.0
92,162,4.0
92,163,2.0
92,164,4.0
92,165,2.0
92,166,4.0
92,167,2.0
92,168,5.0
92,169,3.0
92,170,2.0
92,171,3.0
92,172,2.0
92,173,3.0
92,174,3.0
92,175,1.0
92,176,2.0
92,177,3.0
92,178,3.0
92,179,3.0
92,180,2.0
92,181,2.0
92,182,1.0
92,183,4.0
92,184,4.0
92,185,3.0
92,186,2.0
92,187,2.0
92,188,4.0
92,189,2.0
92,190,2.0
92,191,2.0
92,192,2.0
92,193,2.0
92,194,2.0
92,195,2.0
92,196,3.0
92,197,3.0
92,198,3.0
92,199,4.0
92,200,4.0
92,201,4.0
92,202,3.0
92,203,4.0
92,204,2.0
92,205,2.0
92,206,4.0
92,207,5.0
92,208,2.0
92,209,4.0
92,210,3.0
92,211,3.0
92,212,2.0
92,213,4.0
92,214,3.0
92,215,4.0
92,216,2.0
92,217,4.0
92,218,2.0
92,219,4.0
92,220,2.0
92,221,3.0
92,222,3.0
92,223,3.0
92,224,4.0
92,225,4.0
92,226,3.0
92,227,4.0
92,228,5.0
92,229,3.0
92,230,3.0
92,231,4.0
92,232,3.0
92,233,3.0
92,234,2.0
92,235,4.0
92,236,1.0
92,237,3.0
92,238,2.0
92,239,4.0
92,240,3.0
92,241,4.0
92,242,4.0
92,243,3.0
92,244,3.0
92,245,2.0
92,246,4.0
92,247,4.0
92,248,5.0
92,249,2.0
92,250,2.0
92,251,5.0
92,252,2.0
92,253,4.0
92,254,2.0
92,255,2.0
92,256,2.0
92,257,3.0
92,258,3.0
92,259,3.0
92,260,4.0
92,261,4.0
92,262,3.0
92,263,3.0
92,264,3.0
92,265,2.0
92,266,4.0
92,267,4.0
92,268,2.0
92,269,3.0
92,270,2.0
92,271,1.0
92,272,4.0
92,273,4.0
92,274,4.0
92,275,4.0
92,276,4.0
92,277,4.0
92,278,3.0
92,279,2.0
92,280,3.0
92,281,2.0
92,282,4.0
92,283,2.0
92,284,3.0
92,285,3.0
92,286,3.0
92,287,3.0
92,288,3.0
92,289,4.0
92,290,3.0
92,291,3.0
92,292,4.0
92,293,3.0
92,294,2.0
92,295,4.0
92,296,3.0
92,297,4.0
92,298,5.0
92,299,4.0
92,300,3.0
92,301,3.0
92,302,4.0
92,303,3.0
92,304,2.0
92,305,2.0
92,306,5.0
92,307,4.0
92,308,3.0
92,309,3.0
92,310,4.0
92,311,3.0
92,312,3.0
92,313,4.0
92,314,4.0
92,315,4.0
92,316,2.0
92,317,2.0
92,318,5.0
92,319,2.0
92,320,4.0
92,321,4.0
92,322,2.0
92,323,3.0
92,324,4.0
92,325,3.0
92,326,4.0
92,327,3.0
92,328,3.0
92,329,3.0
92,330,4.0
92,331,3.0
92,332,3.0
92,333,2.0
92,334,3.0
92,335,3.0
92,336,2.0
92,337,3.0
92,338,3.0
92,339,3.0
92,340,3.0
92,341,2.0
92,342,4.0
92,343,3.0
92,344,4.0
92,345,2.0
92,346,3.0
92,347,4.0
92,348,2.0
92,349,3.0
92,350,5.0
92,351,4.0
92,352,3.0
92,353,3.0
92,354,3.0
92,355,4.0
92,356,3.0
92,357,3.0
92,358,4.0
92,359,4.0
92,360,3.0
92,361,4.0
92,362,4.0
92,363,3.0
92,364,2.0
92,365,3.0
92,366,4.0
92,367,4.0
92,368,5.0
92,369,2.0
92,370,5.0
92,371,4.0
92,372,4.0
92,373,2.0
92,374,4.0
92,375,4.0
92,376,3.0
92,377,4.0
93,94,2.0
93,95,5.0
93,96,2.0
93,97,3.0
93,98,2.0
93,99,3.0
93,100,2.0
93,101,5.0
93,102,2.0
93,103,3.0
93,104,2.0
93,105,4.0
93,106,4.0
93,107,3.0
93,108,3.0
93,109,4.0
93,110,3.0
93,111,2.0
93,112,3.0
93,113,2.0
93,114,2.0
93,115,2.0
93,116,2.0
93,117,3.0
93,118,4.0
93,119,2.0
93,120,3.0
93,121,4.0
93,122,2.0
93,123,3.0
93,124,3.0
93,125,3.0
93,126,4.0
93,127,4.0
93,128,2.0
93,129,4.0
93,130,4.0
93,131,4.0
93,132,3.0
93,133,3.0
93,134,3.0
93,135,3.0
93,136,3.0
93,137,3.0
93,138,3.0
93,139,2.0
93,140,3.0
93,141,3.0
93,142,5.0
93,143,3.0
93,144,3.0
93,145,4.0
93,146,3.0
93,147,3.0
93,148,3.0
93,149,3.0
93,150,2.0
93,151,2.0
93,152,3.0
93,153,4.0
93,154,3.0
93,155,4.0
93,156,4.0
93,157,3.0
93,158,3.0
93,159,1.0
93,160,3.0
93,161,3.0
93,162,4.0
93,163,3.0
93,164,3.0
93,165,3.0
93,166,2.0
93,167,3.0
93,168,3.0
93,169,5.0
93,170,3.0
93,171,3.0
93,172,3.0
93,173,2.0
93,174,2.0
93,175,3.0
93,176,3.0
93,177,3.0
93,178,3.0
93,179,2.0
93,180,2.0
93,181,2.0
93,182,4.0
93,183,1.0
93,184,1.0
93,185,2.0
93,186,2.0
93,187,2.0
93,188,3.0
93,189,3.0
93,190,2.0
93,191,2.0
93,192,2.0
93,193,3.0
93,194,3.0
93,195,3.0
93,196,3.0
93,197,3.0
93,198,3.0
93,199,3.0
93,200,3.0
93,201,3.0
93,202,3.0
93,203,3.0
93,204,3.0
93,205,3.0
93,206,4.0
93,207,1.0
93,208,3.0
93,209,5.0
93,210,4.0
93,211,3.0
93,212,4.0
93,213,5.0
93,214,3.0
93,215,3.0
93,216,3.0
93,217,1.0
93,218,3.0
93,219,1.0
93,220,2.0
93,221,3.0
93,222,2.0
93,223,4.0
93,224,4.0
93,225,5.0
93,226,2.0
93,227,5.0
93,228,1.0
93,229,3.0
93,230,2.0
93,231,5.0
93,232,2.0
93,233,3.0
93,234,3.0
93,235,5.0
93,236,4.0
93,237,3.0
93,238,3.0
93,239,4.0
93,240,3.0
93,241,4.0
93,242,5.0
93,243,3.0
93,244,4.0
93,245,2.0
93,246,1.0
93,247,4.0
93,248,3.0
93,249,4.0
93,250,3.0
93,251,1.0
93,252,3.0
93,253,5.0
93,254,3.0
93,255,3.0
93,256,3.0
93,257,3.0
93,258,4.0
93,259,3.0
93,260,5.0
93,261,4.0
93,262,3.0
93,263,3.0
93,264,3.0
93,265,3.0
93,266,4.0
93,267,5.0
93,268,2.0
93,269,3.0
93,270,3.0
93,271,2.0
93,272,3.0
93,273,5.0
93,274,2.0
93,275,4.0
93,276,5.0
93,277,4.0
93,278,3.0
93,279,3.0
93,280,4.0
93,281,3.0
93,282,1.0
93,283,3.0
93,284,3.0
93,285,2.0
93,286,3.0
93,287,3.0
93,288,3.0
93,289,5.0
93,290,2.0
93,291,2.0
93,292,5.0
93,293,3.0
93,294,3.0
93,295,5.0
93,296,3.0
93,297,4.0
93,298,2.0
93,299,1.0
93,300,3.0
93,301,3.0
93,302,4.0
93,303,3.0
93,304,3.0
93,305,3.0
93,306,2.0
93,307,4.0
93,308,4.0
93,309,3.0
93,310,4.0
93,311,3.0
93,312,3.0
93,313,5.0
93,314,4.0
93,315,2.0
93,316,4.0
93,317,3.0
93,318,1.0
93,319,5.0
93,320,4.0
93,321,4.0
93,322,2.0
93,323,3.0
93,324,3.0
93,325,2.0
93,326,5.0
93,327,3.0
93,328,4.0
93,329,4.0
93,330,5.0
93,331,3.0
93,332,2.0
93,333,3.0
93,334,2.0
93,335,2.0
93,336,3.0
93,337,4.0
93,338,3.0
93,339,4.0
93,340,3.0
93,341,3.0
93,342,5.0
93,343,4.0
93,344,4.0
93,345,3.0
93,346,4.0
93,347,4.0
93,348,3.0
93,349,3.0
93,350,2.0
93,351,4.0
93,352,5.0
93,353,3.0
93,354,3.0
93,355,4.0
93,356,3.0
93,357,4.0
93,358,5.0
93,359,2.0
93,360,3.0
93,361,4.0
93,362,5.0
93,363,2.0
93,364,3.0
93,365,3.0
93,366,3.0
93,367,4.0
93,368,1.0
93,369,3.0
93,370,3.0
93,371,5.0
93,372,5.0
93,373,3.0
93,374,5.0
93,375,2.0
93,376,3.0
93,377,1.0
94,95,3.0
94,96,4.0
94,97,3.0
94,98,4.0
94,99,3.0
94,100,3.0
94,101,2.0
94,102,3.0
94,103,3.0
94,104,3.0
94,105,3.0
94,106,3.0
94,107,2.0
94,108,3.0
94,109,4.0
94,110,3.0
94,111,4.0
94,112,4.0
94,113,4.0
94,114,4.0
94,115,4.0
94,116,4.0
94,117,3.0
94,118,4.0
94,119,4.0
94,120,3.0
94,121,4.0
94,122,4.0
94,123,2.0
94,124,2.0
94,125,2.0
94,126,2.0
94,127,2.0
94,128,4.0
94,129,2.0
94,130,2.0
94,131,2.0
94,132,5.0
94,133,5.0
94,134,5.0
94,135,5.0
94,136,4.0
94,137,4.0
94,138,4.0
94,139,4.0
94,140,3.0
94,141,3.0
94,142,2.0
94,143,1.0
94,144,1.0
94,145,3.0
94,146,3.0
94,147,4.0
94,148,4.0
94,149,3.0
94,150,3.0
94,151,3.0
94,152,3.0
94,153,2.0
94,154,3.0
94,155,3.0
94,156,2.0
94,157,3.0
94,158,3.0
94,159,4.0
94,160,3.0
94,161,2.0
94,162,2.0
94,163,3.0
94,164,3.0
94,165,4.0
94,166,4.0
94,167,3.0
94,168,3.0
94,169,2.0
94,170,3.0
94,171,3.0
94,172,3.0
94,173,2.0
94,174,3.0
94,175,2.0
94,176,3.0
94,177,4.0
94,178,4.0
94,179,3.0
94,180,2.0
94,181,2.0
94,182,3.0
94,183,4.0
94,184,4.0
94,185,3.0
94,186,2.0
94,187,2.0
94,188,3.0
94,189,3.0
94,190,3.0
94,191,3.0
94,192,3.0
94,193,2.0
94,194,3.0
94,195,3.0
94,196,3.0
94,197,3.0
94,198,3.0
94,199,4.0
94,200,4.0
94,201,4.0
94,202,3.0
94,203,3.0
94,204,3.0
94,205,3.0
94,206,3.0
94,207,5.0
94,208,3.0
94,209,2.0
94,210,3.0
94,211,3.0
94,212,4.0
94,213,2.0
94,214,3.0
94,215,3.0
94,216,3.0
94,217,4.0
94,218,3.0
94,219,4.0
94,220,2.0
94,221,3.0
94,222,3.0
94,223,2.0
94,224,2.0
94,225,2.0
94,226,4.0
94,227,2.0
94,228,5.0
94,229,4.0
94,230,2.0
94,231,2.0
94,232,3.0
94,233,4.0
94,234,3.0
94,235,2.0
94,236,3.0
94,237,3.0
94,238,3.0
94,239,2.0
94,240,3.0
94,241,2.0
94,242,2.0
94,243,3.0
94,244,2.0
94,245,2.0
94,246,4.0
94,247,3.0
94,248,4.0
94,249,2.0
94,250,2.0
94,251,5.0
94,252,3.0
94,253,2.0
94,254,3.0
94,255,3.0
94,256,3.0
94,257,3.0
94,258,3.0
94,259,4.0
94,260,2.0
94,261,2.0
94,262,2.0
94,263,3.0
94,264,3.0
94,265,3.0
94,266,3.0
94,267,2.0
94,268,2.0
94,269,4.0
94,270,3.0
94,271,3.0
94,272,2.0
94,273,2.0
94,274,4.0
94,275,2.0
94,276,2.0
94,277,2.0
94,278,3.0
94,279,3.0
94,280,3.0
94,281,3.0
94,282,4.0
94,283,3.0
94,284,1.0
94,285,2.0
94,286,3.0
94,287,4.0
94,288,3.0
94,289,2.0
94,290,2.0
94,291,3.0
94,292,2.0
94,293,4.0
94,294,3.0
94,295,2.0
94,296,3.0
94,297,3.0
94,298,5.0
94,299,4.0
94,300,3.0
94,301,3.0
94,302,2.0
94,303,1.0
94,304,3.0
94,305,3.0
94,306,3.0
94,307,2.0
94,308,3.0
94,309,3.0
94,310,2.0
94,311,3.0
94,312,4.0
94,313,2.0
94,314,3.0
94,315,4.0
94,316,2.0
94,317,3.0
94,318,5.0
94,319,3.0
94,320,2.0
94,321,2.0
94,322,2.0
94,323,3.0
94,324,2.0
94,325,3.0
94,326,2.0
94,327,4.0
94,328,2.0
94,329,3.0
94,330,2.0
94,331,4.0
94,332,4.0
94,333,3.0
94,334,3.0
94,335,4.0
94,336,3.0
94,337,2.0
94,338,3.0
94,339,4.0
94,340,3.0
94,341,3.0
94,342,2.0
94,343,2.0
94,344,3.0
94,345,3.0
94,346,2.0
94,347,2.0
94,348,2.0
94,349,3.0
94,350,3.0
94,351,2.0
94,352,2.0
94,353,3.0
94,354,1.0
94,355,4.0
94,356,3.0
94,357,2.0
94,358,2.0
94,359,4.0
94,360,3.0
94,361,2.0
94,362,2.0
94,363,3.0
94,364,4.0
94,365,4.0
94,366,2.0
94,367,3.0
94,368,5.0
94,369,3.0
94,370,4.0
94,371,2.0
94,372,2.0
94,373,3.0
94,374,2.0
94,375,4.0
94,376,2.0
94,377,4.0
95,96,3.0
95,97,3.0
95,98,3.0
95,99,3.0
95,100,3.0
95,101,4.0
95,102,3.0
95,103,3.0
95,104,3.0
95,105,3.0
95,106,3.0
95,107,2.0
95,108,3.0
95,109,4.0
95,110,3.0
95,111,4.0
95,112,3.0
95,113,4.0
95,114,3.0
95,115,3.0
95,116,3.0
95,117,3.0
95,118,3.0
95,119,4.0
95,120,3.0
95,121,3.0
95,122,4.0
95,123,3.0
95,124,2.0
95,125,2.0
95,126,3.0
95,127,3.0
95,128,3.0
95,129,3.0
95,130,3.0
95,131,3.0
95,132,4.0
95,133,4.0
95,134,4.0
95,135,4.0
95,136,4.0
95,137,4.0
95,138,4.0
95,139,3.0
95,140,3.0
95,141,3.0
95,142,3.0
95,143,3.0
95,144,3.0
95,145,4.0
95,146,7.0
95,147,4.0
95,148,4.0
95,149,7.0
95,150,3.0
95,151,3.0
95,152,4.0
95,153,3.0
95,154,3.0
95,155,3.0
95,156,4.0
95,157,3.0
95,158,3.0
95,159,2.0
95,160,4.0
95,161,2.0
95,162,3.0
95,163,3.0
95,164,6.0
95,165,4.0
95,166,3.0
95,167,3.0
95,168,4.0
95,169,4.0
95,170,3.0
95,171,3.0
95,172,3.0
95,173,2.0
95,174,3.0
95,175,2.0
95,176,4.0
95,177,4.0
95,178,4.0
95,179,3.0
95,180,2.0
95,181,2.0
95,182,3.0
95,183,2.0
95,184,2.0
95,185,3.0
95,186,2.0
95,187,2.0
95,188,6.0
95,189,4.0
95,190,2.0
95,191,2.0
95,192,2.0
95,193,4.0
95,194,3.0
95,195,3.0
95,196,3.0
95,197,3.0
95,198,3.0
95,199,3.0
95,200,3.0
95,201,3.0
95,202,3.0
95,203,3.0
95,204,3.0
95,205,3.0
95,206,4.0
95,207,3.0
95,208,3.0
95,209,4.0
95,210,3.0
95,211,3.0
95,212,4.0
95,213,4.0
95,214,3.0
95,215,4.0
95,216,3.0
95,217,2.0
95,218,4.0
95,219,2.0
95,220,2.0
95,221,3.0
95,222,2.0
95,223,3.0
95,224,3.0
95,225,4.0
95,226,2.0
95,227,4.0
95,228,2.0
95,229,3.0
95,230,3.0
95,231,4.0
95,232,3.0
95,233,3.0
95,234,3.0
95,235,4.0
95,236,3.0
95,237,3.0
95,238,3.0
95,239,4.0
95,240,3.0
95,241,3.0
95,242,4.0
95,243,3.0
95,244,3.0
95,245,2.0
95,246,2.0
95,247,3.0
95,248,5.0
95,249,3.0
95,250,3.0
95,251,2.0
95,252,3.0
95,253,4.0
95,254,3.0
95,255,4.0
95,256,3.0
95,257,3.0
95,258,4.0
95,259,3.0
95,260,4.0
95,261,4.0
95,262,3.0
95,263,3.0
95,264,3.0
95,265,4.0
95,266,6.0
95,267,4.0
95,268,2.0
95,269,3.0
95,270,3.0
95,271,2.0
95,272,3.0
95,273,4.0
95,274,4.0
95,275,3.0
95,276,4.0
95,277,4.0
95,278,3.0
95,279,3.0
95,280,3.0
95,281,4.0
95,282,2.0
95,283,3.0
95,284,3.0
95,285,2.0
95,286,3.0
95,287,3.0
95,288,3.0
95,289,4.0
95,290,3.0
95,291,2.0
95,292,4.0
95,293,3.0
95,294,3.0
95,295,4.0
95,296,3.0
95,297,3.0
95,298,4.0
95,299,2.0
95,300,3.0
95,301,3.0
95,302,4.0
95,303,3.0
95,304,3.0
95,305,4.0
95,306,3.0
95,307,4.0
95,308,3.0
95,309,3.0
95,310,4.0
95,311,3.0
95,312,3.0
95,313,4.0
95,314,3.0
95,315,4.0
95,316,3.0
95,317,3.0
95,318,3.0
95,319,4.0
95,320,4.0
95,321,3.0
95,322,2.0
95,323,3.0
95,324,3.0
95,325,3.0
95,326,4.0
95,327,3.0
95,328,3.0
95,329,4.0
95,330,4.0
95,331,4.0
95,332,4.0
95,333,3.0
95,334,3.0
95,335,3.0
95,336,3.0
95,337,3.0
95,338,3.0
95,339,3.0
95,340,3.0
95,341,4.0
95,342,4.0
95,343,3.0
95,344,3.0
95,345,3.0
95,346,3.0
95,347,3.0
95,348,3.0
95,349,3.0
95,350,3.0
95,351,3.0
95,352,4.0
95,353,3.0
95,354,3.0
95,355,6.0
95,356,3.0
95,357,4.0
95,358,4.0
95,359,4.0
95,360,3.0
95,361,3.0
95,362,4.0
95,363,3.0
95,364,4.0
95,365,3.0
95,366,3.0
95,367,3.0
95,368,2.0
95,369,4.0
95,370,3.0
95,371,4.0
95,372,4.0
95,373,3.0
95,374,4.0
95,375,3.0
95,376,3.0
95,377,2.0
96,97,4.0
96,98,7.0
96,99,4.0
96,100,5.0
96,101,3.0
96,102,5.0
96,103,5.0
96,104,5.0
96,105,2.0
96,106,2.0
96,107,2.0
96,108,5.0
96,109,5.0
96,110,5.0
96,111,4.0
96,112,4.0
96,113,4.0
96,114,6.0
96,115,6.0
96,116,6.0
96,117,5.0
96,118,3.0
96,119,5.0
96,120,5.0
96,121,3.0
96,122,5.0
96,123,4.0
96,124,2.0
96,125,2.0
96,126,3.0
96,127,3.0
96,128,6.0
96,129,3.0
96,130,3.0
96,131,3.0
96,132,5.0
96,133,5.0
96,134,5.0
96,135,5.0
96,136,6.0
96,137,6.0
96,138,6.0
96,139,6.0
96,140,5.0
96,141,5.0
96,142,4.0
96,143,2.0
96,144,2.0
96,145,5.0
96,146,3.0
96,147,6.0
96,148,6.0
96,149,3.0
96,150,5.0
96,151,5.0
96,152,3.0
96,153,3.0
96,154,5.0
96,155,3.0
96,156,4.0
96,157,4.0
96,158,4.0
96,159,3.0
96,160,4.0
96,161,2.0
96,162,3.0
96,163,4.0
96,164,3.0
96,165,6.0
96,166,3.0
96,167,4.0
96,168,2.0
96,169,3.0
96,170,4.0
96,171,5.0
96,172,4.0
96,173,4.0
96,174,5.0
96,175,2.0
96,176,4.0
96,177,4.0
96,178,4.0
96,179,4.0
96,180,3.0
96,181,3.0
96,182,4.0
96,183,5.0
96,184,5.0
96,185,5.0
96,186,4.0
96,187,4.0
96,188,3.0
96,189,4.0
96,190,3.0
96,191,3.0
96,192,3.0
96,193,4.0
96,194,4.0
96,195,4.0
96,196,5.0
96,197,5.0
96,198,5.0
96,199,5.0
96,200,5.0
96,201,5.0
96,202,5.0
96,203,5.0
96,204,4.0
96,205,4.0
96,206,3.0
96,207,4.0
96,208,4.0
96,209,3.0
96,210,4.0
96,211,5.0
96,212,5.0
96,213,3.0
96,214,5.0
96,215,4.0
96,216,5.0
96,217,5.0
96,218,4.0
96,219,4.0
96,220,4.0
96,221,5.0
96,222,3.0
96,223,3.0
96,224,3.0
96,225,3.0
96,226,5.0
96,227,3.0
96,228,4.0
96,229,5.0
96,230,2.0
96,231,3.0
96,232,4.0
96,233,4.0
96,234,5.0
96,235,3.0
96,236,3.0
96,237,5.0
96,238,5.0
96,239,3.0
96,240,5.0
96,241,3.0
96,242,3.0
96,243,5.0
96,244,2.0
96,245,2.0
96,246,5.0
96,247,3.0
96,248,4.0
96,249,4.0
96,250,4.0
96,251,4.0
96,252,4.0
96,253,3.0
96,254,5.0
96,255,4.0
96,256,5.0
96,257,5.0
96,258,5.0
96,259,5.0
96,260,3.0
96,261,3.0
96,262,4.0
96,263,5.0
96,264,5.0
96,265,4.0
96,266,3.0
96,267,3.0
96,268,4.0
96,269,6.0
96,270,4.0
96,271,3.0
96,272,2.0
96,273,3.0
96,274,5.0
96,275,3.0
96,276,3.0
96,277,3.0
96,278,5.0
96,279,5.0
96,280,4.0
96,281,4.0
96,282,5.0
96,283,5.0
96,284,2.0
96,285,3.0
96,286,5.0
96,287,4.0
96,288,4.0
96,289,3.0
96,290,3.0
96,291,4.0
96,292,3.0
96,293,4.0
96,294,4.0
96,295,3.0
96,296,5.0
96,297,3.0
96,298,4.0
96,299,5.0
96,300,5.0
96,301,5.0
96,302,3.0
96,303,2.0
96,304,5.0
96,305,4.0
96,306,4.0
96,307,3.0
96,308,5.0
96,309,5.0
96,310,3.0
96,311,5.0
96,312,5.0
96,313,3.0
96,314,3.0
96,315,5.0
96,316,4.0
96,317,4.0
96,318,4.0
96,319,4.0
96,320,3.0
96,321,3.0
96,322,4.0
96,323,5.0
96,324,2.0
96,325,5.0
96,326,3.0
96,327,5.0
96,328,2.0
96,329,5.0
96,330,3.0
96,331,6.0
96,332,3.0
96,333,5.0
96,334,5.0
96,335,6.0
96,336,4.0
96,337,3.0
96,338,5.0
96,339,3.0
96,340,5.0
96,341,4.0
96,342,3.0
96,343,2.0
96,344,3.0
96,345,5.0
96,346,4.0
96,347,3.0
96,348,4.0
96,349,5.0
96,350,4.0
96,351,3.0
96,352,3.0
96,353,5.0
96,354,2.0
96,355,4.0
96,356,5.0
96,357,3.0
96,358,3.0
96,359,5.0
96,360,5.0
96,361,2.0
96,362,3.0
96,363,4.0
96,364,6.0
96,365,4.0
96,366,2.0
96,367,3.0
96,368,4.0
96,369,4.0
96,370,4.0
96,371,3.0
96,372,3.0
96,373,4.0
96,374,3.0
96,375,4.0
96,376,4.0
96,377,5.0
97,98,4.0
97,99,3.0
97,100,5.0
97,101,5.0
97,102,5.0
97,103,5.0
97,104,5.0
97,105,3.0
97,106,3.0
97,107,3.0
97,108,4.0
97,109,4.0
97,110,5.0
97,111,3.0
97,112,4.0
97,113,3.0
97,114,5.0
97,115,5.0
97,116,5.0
97,117,5.0
97,118,3.0
97,119,3.0
97,120,5.0
97,121,3.0
97,122,3.0
97,123,5.0
97,124,3.0
97,125,3.0
97,126,4.0
97,127,4.0
97,128,5.0
97,129,4.0
97,130,4.0
97,131,4.0
97,132,3.0
97,133,3.0
97,134,3.0
97,135,3.0
97,136,4.0
97,137,4.0
97,138,4.0
97,139,5.0
97,140,5.0
97,141,5.0
97,142,5.0
97,143,2.0
97,144,2.0
97,145,4.0
97,146,3.0
97,147,4.0
97,148,4.0
97,149,3.0
97,150,5.0
97,151,5.0
97,152,3.0
97,153,3.0
97,154,4.0
97,155,5.0
97,156,5.0
97,157,4.0
97,158,4.0
97,159,1.0
97,160,4.0
97,161,3.0
97,162,4.0
97,163,4.0
97,164,3.0
97,165,4.0
97,166,5.0
97,167,4.0
97,168,3.0
97,169,4.0
97,170,4.0
97,171,5.0
97,172,4.0
97,173,4.0
97,174,5.0
97,175,3.0
97,176,4.0
97,177,4.0
97,178,4.0
97,179,5.0
97,180,2.0
97,181,2.0
97,182,4.0
97,183,4.0
97,184,4.0
97,185,5.0
97,186,4.0
97,187,4.0
97,188,4.0
97,189,4.0
97,190,2.0
97,191,2.0
97,192,2.0
97,193,4.0
97,194,4.0
97,195,3.0
97,196,5.0
97,197,5.0
97,198,5.0
97,199,3.0
97,200,3.0
97,201,3.0
97,202,5.0
97,203,5.0
97,204,3.0
97,205,3.0
97,206,4.0
97,207,4.0
97,208,4.0
97,209,5.0
97,210,3.0
97,211,5.0
97,212,4.0
97,213,4.0
97,214,5.0
97,215,4.0
97,216,5.0
97,217,4.0
97,218,4.0
97,219,4.0
97,220,4.0
97,221,5.0
97,222,3.0
97,223,3.0
97,224,4.0
97,225,5.0
97,226,4.0
97,227,5.0
97,228,4.0
97,229,3.0
97,230,2.0
97,231,5.0
97,232,4.0
97,233,4.0
97,234,4.0
97,235,5.0
97,236,3.0
97,237,5.0
97,238,4.0
97,239,4.0
97,240,5.0
97,241,4.0
97,242,5.0
97,243,5.0
97,244,2.0
97,245,2.0
97,246,4.0
97,247,5.0
97,248,4.0
97,249,5.0
97,250,4.0
97,251,4.0
97,252,3.0
97,253,5.0
97,254,5.0
97,255,4.0
97,256,4.0
97,257,5.0
97,258,4.0
97,259,3.0
97,260,4.0
97,261,4.0
97,262,5.0
97,263,5.0
97,264,5.0
97,265,4.0
97,266,4.0
97,267,5.0
97,268,4.0
97,269,4.0
97,270,4.0
97,271,2.0
97,272,4.0
97,273,5.0
97,274,3.0
97,275,4.0
97,276,5.0
97,277,3.0
97,278,5.0
97,279,4.0
97,280,3.0
97,281,4.0
97,282,4.0
97,283,5.0
97,284,2.0
97,285,2.0
97,286,5.0
97,287,5.0
97,288,3.0
97,289,4.0
97,290,3.0
97,291,3.0
97,292,5.0
97,293,4.0
97,294,4.0
97,295,4.0
97,296,5.0
97,297,5.0
97,298,3.0
97,299,4.0
97,300,5.0
97,301,5.0
97,302,4.0
97,303,2.0
97,304,5.0
97,305,4.0
97,306,4.0
97,307,3.0
97,308,4.0
97,309,5.0
97,310,4.0
97,311,5.0
97,312,3.0
97,313,5.0
97,314,5.0
97,315,3.0
97,316,5.0
97,317,4.0
97,318,4.0
97,319,4.0
97,320,3.0
97,321,4.0
97,322,4.0
97,323,5.0
97,324,4.0
97,325,5.0
97,326,5.0
97,327,3.0
97,328,2.0
97,329,4.0
97,330,5.0
97,331,4.0
97,332,2.0
97,333,5.0
97,334,5.0
97,335,5.0
97,336,4.0
97,337,3.0
97,338,5.0
97,339,3.0
97,340,5.0
97,341,4.0
97,342,4.0
97,343,2.0
97,344,5.0
97,345,4.0
97,346,6.0
97,347,4.0
97,348,4.0
97,349,5.0
97,350,4.0
97,351,4.0
97,352,4.0
97,353,5.0
97,354,2.0
97,355,4.0
97,356,5.0
97,357,5.0
97,358,5.0
97,359,3.0
97,360,5.0
97,361,4.0
97,362,5.0
97,363,4.0
97,364,4.0
97,365,5.0
97,366,4.0
97,367,5.0
97,368,4.0
97,369,4.0
97,370,5.0
97,371,4.0
97,372,4.0
97,373,4.0
97,374,5.0
97,375,3.0
97,376,5.0
97,377,4.0
98,99,4.0
98,100,5.0
98,101,3.0
98,102,5.0
98,103,5.0
98,104,5.0
98,105,2.0
98,106,2.0
98,107,2.0
98,108,5.0
98,109,5.0
98,110,5.0
98,111,4.0
98,112,4.0
98,113,4.0
98,114,6.0
98,115,6.0
98,116,6.0
98,117,5.0
98,118,3.0
98,119,5.0
98,120,5.0
98,121,3.0
98,122,5.0
98,123,4.0
98,124,2.0
98,125,2.0
98,126,3.0
98,127,3.0
98,128,6.0
98,129,3.0
98,130,3.0
98,131,3.0
98,132,5.0
98,133,5.0
98,134,5.0
98,135,5.0
98,136,6.0
98,137,6.0
98,138,6.0
98,139,6.0
98,140,5.0
98,141,5.0
98,142,4.0
98,143,2.0
98,144,2.0
98,145,5.0
98,146,3.0
98,147,6.0
98,148,6.0
98,149,3.0
98,150,5.0
98,151,5.0
98,152,3.0
98,153,3.0
98,154,5.0
98,155,3.0
98,156,4.0
98,157,4.0
98,158,4.0
98,159,3.0
98,160,4.0
98,161,2.0
98,162,3.0
98,163,4.0
98,164,3.0
98,165,6.0
98,166,3.0
98,167,4.0
98,168,2.0
98,169,3.0
98,170,4.0
98,171,5.0
98,172,4.0
98,173,4.0
98,174,5.0
98,175,2.0
98,176,4.0
98,177,4.0
98,178,4.0
98,179,4.0
98,180,3.0
98,181,3.0
98,182,4.0
98,183,5.0
98,184,5.0
98,185,5.0
98,186,4.0
98,187,4.0
98,188,3.0
98,189,4.0
98,190,3.0
98,191,3.0
98,192,3.0
98,193,4.0
98,194,4.0
98,195,4.0
98,196,5.0
98,197,5.0
98,198,5.0
98,199,5.0
98,200,5.0
98,201,5.0
98,202,5.0
98,203,5.0
98,204,4.0
98,205,4.0
98,206,3.0
98,207,4.0
98,208,4.0
98,209,3.0
98,210,4.0
98,211,5.0
98,212,5.0
98,213,3.0
98,214,5.0
98,215,4.0
98,216,5.0
98,217,5.0
98,218,4.0
98,219,4.0
98,220,4.0
98,221,5.0
98,222,3.0
98,223,3.0
98,224,3.0
98,225,3.0
98,226,5.0
98,227,3.0
98,228,4.0
98,229,5.0
98,230,2.0
98,231,3.0
98,232,4.0
98,233,4.0
98,234,5.0
98,235,3.0
98,236,3.0
98,237,5.0
98,238,5.0
98,239,3.0
98,240,5.0
98,241,3.0
98,242,3.0
98,243,5.0
98,244,2.0
98,245,2.0
98,246,5.0
98,247,3.0
98,248,4.0
98,249,4.0
98,250,4.0
98,251,4.0
98,252,4.0
98,253,3.0
98,254,5.0
98,255,4.0
98,256,5.0
98,257,5.0
98,258,5.0
98,259,5.0
98,260,3.0
98,261,3.0
98,262,4.0
98,263,5.0
98,264,5.0
98,265,4.0
98,266,3.0
98,267,3.0
98,268,4.0
98,269,6.0
98,270,4.0
98,271,3.0
98,272,2.0
98,273,3.0
98,274,5.0
98,275,3.0
98,276,3.0
98,277,3.0
98,278,5.0
98,279,5.0
98,280,4.0
98,281,4.0
98,282,5.0
98,283,5.0
98,284,2.0
98,285,3.0
98,286,5.0
98,287,4.0
98,288,4.0
98,289,3.0
98,290,3.0
98,291,4.0
98,292,3.0
98,293,4.0
98,294,4.0
98,295,3.0
98,296,5.0
98,297,3.0
98,298,4.0
98,299,5.0
98,300,5.0
98,301,5.0
98,302,3.0
98,303,2.0
98,304,5.0
98,305,4.0
98,306,4.0
98,307,3.0
98,308,5.0
98,309,5.0
98,310,3.0
98,311,5.0
98,312,5.0
98,313,3.0
98,314,3.0
98,315,5.0
98,316,4.0
98,317,4.0
98,318,4.0
98,319,4.0
98,320,3.0
98,321,3.0
98,322,4.0
98,323,5.0
98,324,2.0
98,325,5.0
98,326,3.0
98,327,5.0
98,328,2.0
98,329,5.0
98,330,3.0
98,331,6.0
98,332,3.0
98,333,5.0
98,334,5.0
98,335,6.0
98,336,4.0
98,337,3.0
98,338,5.0
98,339,3.0
98,340,5.0
98,341,4.0
98,342,3.0
98,343,2.0
98,344,3.0
98,345,5.0
98,346,4.0
98,347,3.0
98,348,4.0
98,349,5.0
98,350,4.0
98,351,3.0
98,352,3.0
98,353,5.0
98,354,2.0
98,355,4.0
98,356,5.0
98,357,3.0
98,358,3.0
98,359,5.0
98,360,5.0
98,361,2.0
98,362,3.0
98,363,4.0
98,364,6.0
98,365,4.0
98,366,2.0
98,367,3.0
98,368,4.0
98,369,4.0
98,370,4.0
98,371,3.0
98,372,3.0
98,373,4.0
98,374,3.0
98,375,4.0
98,376,4.0
98,377,5.0
99,100,3.0
99,101,3.0
99,102,3.0
99,103,4.0
99,104,4.0
99,105,2.0
99,106,2.0
99,107,1.0
99,108,5.0
99,109,5.0
99,110,5.0
99,111,3.0
99,112,4.0
99,113,3.0
99,114,4.0
99,115,4.0
99,116,4.0
99,117,5.0
99,118,4.0
99,119,3.0
99,120,5.0
99,121,4.0
99,122,3.0
99,123,4.0
99,124,2.0
99,125,2.0
99,126,2.0
99,127,2.0
99,128,4.0
99,129,2.0
99,130,2.0
99,131,2.0
99,132,4.0
99,133,4.0
99,134,4.0
99,135,4.0
99,136,4.0
99,137,4.0
99,138,4.0
99,139,4.0
99,140,5.0
99,141,5.0
99,142,4.0
99,143,1.0
99,144,1.0
99,145,5.0
99,146,3.0
99,147,4.0
99,148,4.0
99,149,3.0
99,150,4.0
99,151,4.0
99,152,4.0
99,153,4.0
99,154,5.0
99,155,3.0
99,156,4.0
99,157,4.0
99,158,4.0
99,159,3.0
99,160,4.0
99,161,2.0
99,162,2.0
99,163,4.0
99,164,2.0
99,165,4.0
99,166,3.0
99,167,4.0
99,168,2.0
99,169,3.0
99,170,4.0
99,171,5.0
99,172,4.0
99,173,3.0
99,174,3.0
99,175,2.0
99,176,4.0
99,177,4.0
99,178,4.0
99,179,4.0
99,180,3.0
99,181,3.0
99,182,4.0
99,183,2.0
99,184,2.0
99,185,3.0
99,186,4.0
99,187,4.0
99,188,3.0
99,189,4.0
99,190,6.0
99,191,6.0
99,192,6.0
99,193,3.0
99,194,4.0
99,195,7.0
99,196,5.0
99,197,5.0
99,198,5.0
99,199,4.0
99,200,4.0
99,201,4.0
99,202,5.0
99,203,4.0
99,204,7.0
99,205,7.0
99,206,3.0
99,207,2.0
99,208,4.0
99,209,3.0
99,210,5.0
99,211,5.0
99,212,5.0
99,213,2.0
99,214,5.0
99,215,4.0
99,216,4.0
99,217,2.0
99,218,4.0
99,219,3.0
99,220,4.0
99,221,5.0
99,222,2.0
99,223,4.0
99,224,2.0
99,225,3.0
99,226,3.0
99,227,3.0
99,228,3.0
99,229,4.0
99,230,1.0
99,231,3.0
99,232,4.0
99,233,4.0
99,234,6.0
99,235,3.0
99,236,4.0
99,237,5.0
99,238,6.0
99,239,2.0
99,240,5.0
99,241,2.0
99,242,3.0
99,243,5.0
99,244,2.0
99,245,5.0
99,246,2.0
99,247,2.0
99,248,2.0
99,249,4.0
99,250,4.0
99,251,3.0
99,252,7.0
99,253,3.0
99,254,4.0
99,255,4.0
99,256,6.0
99,257,5.0
99,258,5.0
99,259,4.0
99,260,2.0
99,261,2.0
99,262,4.0
99,263,5.0
99,264,5.0
99,265,4.0
99,266,3.0
99,267,3.0
99,268,4.0
99,269,5.0
99,270,4.0
99,271,3.0
99,272,1.0
99,273,3.0
99,274,3.0
99,275,2.0
99,276,3.0
99,277,2.0
99,278,5.0
99,279,6.0
99,280,5.0
99,281,4.0
99,282,2.0
99,283,4.0
99,284,1.0
99,285,2.0
99,286,5.0
99,287,4.0
99,288,3.0
99,289,2.0
99,290,2.0
99,291,3.0
99,292,3.0
99,293,4.0
99,294,4.0
99,295,2.0
99,296,5.0
99,297,2.0
99,298,3.0
99,299,2.0
99,300,5.0
99,301,5.0
99,302,2.0
99,303,1.0
99,304,4.0
99,305,4.0
99,306,1.0
99,307,2.0
99,308,5.0
99,309,5.0
99,310,2.0
99,311,5.0
99,312,4.0
99,313,3.0
99,314,2.0
99,315,3.0
99,316,4.0
99,317,4.0
99,318,2.0
99,319,4.0
99,320,2.0
99,321,2.0
99,322,4.0
99,323,5.0
99,324,1.0
99,325,3.0
99,326,3.0
99,327,4.0
99,328,2.0
99,329,5.0
99,330,3.0
99,331,4.0
99,332,4.0
99,333,4.0
99,334,3.0
99,335,4.0
99,336,5.0
99,337,2.0
99,338,5.0
99,339,4.0
99,340,5.0
99,341,4.0
99,342,3.0
99,343,2.0
99,344,2.0
99,345,6.0
99,346,4.0
99,347,2.0
99,348,4.0
99,349,5.0
99,350,2.0
99,351,2.0
99,352,3.0
99,353,5.0
99,354,1.0
99,355,3.0
99,356,5.0
99,357,3.0
99,358,3.0
99,359,3.0
99,360,5.0
99,361,1.0
99,362,3.0
99,363,3.0
99,364,4.0
99,365,4.0
99,366,1.0
99,367,2.0
99,368,4.0
99,369,4.0
99,370,2.0
99,371,2.0
99,372,2.0
99,373,4.0
99,374,3.0
99,375,3.0
99,376,4.0
99,377,2.0
100,101,4.0
100,102,7.0
100,103,4.0
100,104,5.0
100,105,2.0
100,106,2.0
100,107,2.0
100,108,4.0
100,109,4.0
100,110,5.0
100,111,3.0
100,112,3.0
100,113,3.0
100,114,6.0
100,115,6.0
100,116,6.0
100,117,5.0
100,118,2.0
100,119,4.0
100,120,5.0
100,121,2.0
100,122,4.0
100,123,4.0
100,124,2.0
100,125,2.0
100,126,4.0
100,127,4.0
100,128,6.0
100,129,4.0
100,130,4.0
100,131,4.0
100,132,3.0
100,133,3.0
100,134,3.0
100,135,3.0
100,136,5.0
100,137,5.0
100,138,5.0
100,139,6.0
100,140,5.0
100,141,5.0
100,142,4.0
100,143,2.0
100,144,2.0
100,145,4.0
100,146,3.0
100,147,5.0
100,148,5.0
100,149,3.0
100,150,5.0
100,151,5.0
100,152,2.0
100,153,3.0
100,154,4.0
100,155,3.0
100,156,5.0
100,157,3.0
100,158,3.0
100,159,2.0
100,160,4.0
100,161,2.0
100,162,4.0
100,163,3.0
100,164,3.0
100,165,5.0
100,166,5.0
100,167,3.0
100,168,4.0
100,169,3.0
100,170,3.0
100,171,5.0
100,172,3.0
100,173,4.0
100,174,6.0
100,175,2.0
100,176,3.0
100,177,4.0
100,178,4.0
100,179,4.0
100,180,2.0
100,181,2.0
100,182,3.0
100,183,5.0
100,184,5.0
100,185,6.0
100,186,4.0
100,187,4.0
100,188,4.0
100,189,3.0
100,190,2.0
100,191,2.0
100,192,2.0
100,193,4.0
100,194,3.0
100,195,3.0
100,196,5.0
100,197,5.0
100,198,5.0
100,199,3.0
100,200,3.0
100,201,3.0
100,202,5.0
100,203,5.0
100,204,3.0
100,205,3.0
100,206,3.0
100,207,4.0
100,208,3.0
100,209,4.0
100,210,3.0
100,211,5.0
100,212,4.0
100,213,4.0
100,214,5.0
100,215,4.0
100,216,4.0
100,217,5.0
100,218,3.0
100,219,4.0
100,220,4.0
100,221,5.0
100,222,3.0
100,223,3.0
100,224,4.0
100,225,4.0
100,226,5.0
100,227,4.0
100,228,4.0
100,229,3.0
100,230,3.0
100,231,4.0
100,232,4.0
100,233,3.0
100,234,4.0
100,235,4.0
100,236,2.0
100,237,5.0
100,238,4.0
100,239,4.0
100,240,5.0
100,241,4.0
100,242,4.0
100,243,5.0
100,244,2.0
100,245,2.0
100,246,5.0
100,247,4.0
100,248,5.0
100,249,4.0
100,250,4.0
100,251,4.0
100,252,3.0
100,253,4.0
100,254,4.0
100,255,3.0
100,256,4.0
100,257,5.0
100,258,4.0
100,259,3.0
100,260,4.0
100,261,4.0
100,262,5.0
100,263,5.0
100,264,5.0
100,265,3.0
100,266,5.0
100,267,4.0
100,268,4.0
100,269,4.0
100,270,3.0
100,271,1.0
100,272,3.0
100,273,4.0
100,274,4.0
100,275,4.0
100,276,4.0
100,277,3.0
100,278,5.0
100,279,4.0
100,280,3.0
100,281,3.0
100,282,5.0
100,283,4.0
100,284,2.0
100,285,2.0
100,286,5.0
100,287,3.0
100,288,4.0
100,289,4.0
100,290,3.0
100,291,2.0
100,292,4.0
100,293,3.0
100,294,3.0
100,295,4.0
100,296,5.0
100,297,4.0
100,298,4.0
100,299,5.0
100,300,5.0
100,301,5.0
100,302,4.0
100,303,2.0
100,304,4.0
100,305,3.0
100,306,5.0
100,307,3.0
100,308,4.0
100,309,5.0
100,310,4.0
100,311,5.0
100,312,3.0
100,313,4.0
100,314,4.0
100,315,4.0
100,316,4.0
100,317,3.0
100,318,4.0
100,319,3.0
100,320,3.0
100,321,4.0
100,322,4.0
100,323,5.0
100,324,3.0
100,325,7.0
100,326,4.0
100,327,3.0
100,328,2.0
100,329,4.0
100,330,4.0
100,331,5.0
100,332,2.0
100,333,4.0
100,334,6.0
100,335,6.0
100,336,3.0
100,337,3.0
100,338,5.0
100,339,2.0
100,340,5.0
100,341,3.0
100,342,3.0
100,343,2.0
100,344,4.0
100,345,4.0
100,346,5.0
100,347,4.0
100,348,4.0
100,349,5.0
100,350,5.0
100,351,4.0
100,352,3.0
100,353,5.0
100,354,2.0
100,355,4.0
100,356,5.0
100,357,4.0
100,358,4.0
100,359,4.0
100,360,5.0
100,361,3.0
100,362,4.0
100,363,4.0
100,364,5.0
100,365,3.0
100,366,3.0
100,367,4.0
100,368,4.0
100,369,3.0
100,370,5.0
100,371,4.0
100,372,4.0
100,373,3.0
100,374,4.0
100,375,3.0
100,376,5.0
100,377,5.0
101,102,4.0
101,103,4.0
101,104,4.0
101,105,4.0
101,106,4.0
101,107,4.0
101,108,4.0
101,109,4.0
101,110,5.0
101,111,3.0
101,112,4.0
101,113,3.0
101,114,4.0
101,115,4.0
101,116,4.0
101,117,5.0
101,118,4.0
101,119,3.0
101,120,5.0
101,121,4.0
101,122,3.0
101,123,4.0
101,124,2.0
101,125,2.0
101,126,6.0
101,127,6.0
101,128,4.0
101,129,6.0
101,130,6.0
101,131,6.0
101,132,3.0
101,133,3.0
101,134,3.0
101,135,3.0
101,136,4.0
101,137,4.0
101,138,4.0
101,139,4.0
101,140,5.0
101,141,5.0
101,142,4.0
101,143,4.0
101,144,4.0
101,145,5.0
101,146,4.0
101,147,4.0
101,148,4.0
101,149,4.0
101,150,4.0
101,151,4.0
101,152,3.0
101,153,4.0
101,154,4.0
101,155,4.0
101,156,5.0
101,157,4.0
101,158,4.0
101,159,1.0
101,160,4.0
101,161,2.0
101,162,6.0
101,163,4.0
101,164,4.0
101,165,3.0
101,166,4.0
101,167,4.0
101,168,5.0
101,169,6.0
101,170,4.0
101,171,5.0
101,172,4.0
101,173,4.0
101,174,4.0
101,175,2.0
101,176,3.0
101,177,4.0
101,178,4.0
101,179,4.0
101,180,2.0
101,181,2.0
101,182,3.0
101,183,3.0
101,184,3.0
101,185,4.0
101,186,4.0
101,187,4.0
101,188,4.0
101,189,3.0
101,190,2.0
101,191,2.0
101,192,2.0
101,193,3.0
101,194,4.0
101,195,3.0
101,196,5.0
101,197,5.0
101,198,5.0
101,199,3.0
101,200,3.0
101,201,3.0
101,202,5.0
101,203,5.0
101,204,3.0
101,205,3.0
101,206,5.0
101,207,3.0
101,208,4.0
101,209,7.0
101,210,4.0
101,211,5.0
101,212,4.0
101,213,6.0
101,214,5.0
101,215,5.0
101,216,4.0
101,217,3.0
101,218,3.0
101,219,3.0
101,220,4.0
101,221,5.0
101,222,3.0
101,223,4.0
101,224,6.0
101,225,7.0
101,226,4.0
101,227,7.0
101,228,3.0
101,229,3.0
101,230,3.0
101,231,7.0
101,232,4.0
101,233,4.0
101,234,4.0
101,235,7.0
101,236,3.0
101,237,5.0
101,238,4.0
101,239,6.0
101,240,5.0
101,241,6.0
101,242,7.0
101,243,5.0
101,244,4.0
101,245,2.0
101,246,3.0
101,247,6.0
101,248,4.0
101,249,4.0
101,250,4.0
101,251,3.0
101,252,3.0
101,253,7.0
101,254,4.0
101,255,3.0
101,256,4.0
101,257,5.0
101,258,5.0
101,259,3.0
101,260,6.0
101,261,6.0
101,262,5.0
101,263,5.0
101,264,5.0
101,265,3.0
101,266,4.0
101,267,7.0
101,268,4.0
101,269,4.0
101,270,4.0
101,271,2.0
101,272,5.0
101,273,7.0
101,274,3.0
101,275,6.0
101,276,7.0
101,277,5.0
101,278,5.0
101,279,4.0
101,280,4.0
101,281,3.0
101,282,3.0
101,283,4.0
101,284,4.0
101,285,2.0
101,286,5.0
101,287,4.0
101,288,3.0
101,289,6.0
101,290,3.0
101,291,2.0
101,292,7.0
101,293,4.0
101,294,4.0
101,295,6.0
101,296,5.0
101,297,6.0
101,298,4.0
101,299,3.0
101,300,5.0
101,301,5.0
101,302,6.0
101,303,4.0
101,304,4.0
101,305,3.0
101,306,4.0
101,307,5.0
101,308,4.0
101,309,5.0
101,310,6.0
101,311,5.0
101,312,3.0
101,313,7.0
101,314,6.0
101,315,3.0
101,316,4.0
101,317,4.0
101,318,3.0
101,319,4.0
101,320,5.0
101,321,6.0
101,322,4.0
101,323,5.0
101,324,5.0
101,325,4.0
101,326,7.0
101,327,3.0
101,328,4.0
101,329,5.0
101,330,7.0
101,331,4.0
101,332,2.0
101,333,4.0
101,334,4.0
101,335,4.0
101,336,3.0
101,337,5.0
101,338,5.0
101,339,4.0
101,340,5.0
101,341,3.0
101,342,6.0
101,343,4.0
101,344,6.0
101,345,4.0
101,346,5.0
101,347,6.0
101,348,4.0
101,349,5.0
101,350,4.0
101,351,6.0
101,352,6.0
101,353,5.0
101,354,4.0
101,355,4.0
101,356,5.0
101,357,6.0
101,358,7.0
101,359,3.0
101,360,5.0
101,361,5.0
101,362,7.0
101,363,4.0
101,364,3.0
101,365,4.0
101,366,5.0
101,367,6.0
101,368,3.0
101,369,3.0
101,370,5.0
101,371,6.0
101,372,6.0
101,373,4.0
101,374,7.0
101,375,3.0
101,376,5.0
101,377,3.0
102,103,4.0
102,104,5.0
102,105,2.0
102,106,2.0
102,107,2.0
102,108,4.0
102,109,4.0
102,110,5.0
102,111,3.0
102,112,3.0
102,113,3.0
102,114,6.0
102,115,6.0
102,116,6.0
102,117,5.0
102,118,2.0
102,119,4.0
102,120,5.0
102,121,2.0
102,122,4.0
102,123,4.0
102,124,2.0
102,125,2.0
102,126,4.0
102,127,4.0
102,128,6.0
102,129,4.0
102,130,4.0
102,131,4.0
102,132,3.0
102,133,3.0
102,134,3.0
102,135,3.0
102,136,5.0
102,137,5.0
102,138,5.0
102,139,6.0
102,140,5.0
102,141,5.0
102,142,4.0
102,143,2.0
102,144,2.0
102,145,4.0
102,146,3.0
102,147,5.0
102,148,5.0
102,149,3.0
102,150,5.0
102,151,5.0
102,152,2.0
102,153,3.0
102,154,4.0
102,155,3.0
102,156,5.0
102,157,3.0
102,158,3.0
102,159,2.0
102,160,4.0
102,161,2.0
102,162,4.0
102,163,3.0
102,164,3.0
102,165,5.0
102,166,5.0
102,167,3.0
102,168,4.0
102,169,3.0
102,170,3.0
102,171,5.0
102,172,3.0
102,173,4.0
102,174,6.0
102,175,2.0
102,176,3.0
102,177,4.0
102,178,4.0
102,179,4.0
102,180,2.0
102,181,2.0
102,182,3.0
102,183,5.0
102,184,5.0
102,185,6.0
102,186,4.0
102,187,4.0
102,188,4.0
102,189,3.0
102,190,2.0
102,191,2.0
102,192,2.0
102,193,4.0
102,194,3.0
102,195,3.0
102,196,5.0
102,197,5.0
102,198,5.0
102,199,3.0
102,200,3.0
102,201,3.0
102,202,5.0
102,203,5.0
102,204,3.0
102,205,3.0
102,206,3.0
102,207,4.0
102,208,3.0
102,209,4.0
102,210,3.0
102,211,5.0
102,212,4.0
102,213,4.0
102,214,5.0
102,215,4.0
102,216,4.0
102,217,5.0
102,218,3.0
102,219,4.0
102,220,4.0
102,221,5.0
102,222,3.0
102,223,3.0
102,224,4.0
102,225,4.0
102,226,5.0
102,227,4.0
102,228,4.0
102,229,3.0
102,230,3.0
102,231,4.0
102,232,4.0
102,233,3.0
102,234,4.0
102,235,4.0
102,236,2.0
102,237,5.0
102,238,4.0
102,239,4.0
102,240,5.0
102,241,4.0
102,242,4.0
102,243,5.0
102,244,2.0
102,245,2.0
102,246,5.0
102,247,4.0
102,248,5.0
102,249,4.0
102,250,4.0
102,251,4.0
102,252,3.0
102,253,4.0
102,254,4.0
102,255,3.0
102,256,4.0
102,257,5.0
102,258,4.0
102,259,3.0
102,260,4.0
102,261,4.0
102,262,5.0
102,263,5.0
102,264,5.0
102,265,3.0
102,266,5.0
102,267,4.0
102,268,4.0
102,269,4.0
102,270,3.0
102,271,1.0
102,272,3.0
102,273,4.0
102,274,4.0
102,275,4.0
102,276,4.0
102,277,3.0
102,278,5.0
102,279,4.0
102,280,3.0
102,281,3.0
102,282,5.0
102,283,4.0
102,284,2.0
102,285,2.0
102,286,5.0
102,287,3.0
102,288,4.0
102,289,4.0
102,290,3.0
102,291,2.0
102,292,4.0
102,293,3.0
102,294,3.0
102,295,4.0
102,296,5.0
102,297,4.0
102,298,4.0
102,299,5.0
102,300,5.0
102,301,5.0
102,302,4.0
102,303,2.0
102,304,4.0
102,305,3.0
102,306,5.0
102,307,3.0
102,308,4.0
102,309,5.0
102,310,4.0
102,311,5.0
102,312,3.0
102,313,4.0
102,314,4.0
102,315,4.0
102,316,4.0
102,317,3.0
102,318,4.0
102,319,3.0
102,320,3.0
102,321,4.0
102,322,4.0
102,323,5.0
102,324,3.0
102,325,7.0
102,326,4.0
102,327,3.0
102,328,2.0
102,329,4.0
102,330,4.0
102,331,5.0
102,332,2.0
102,333,4.0
102,334,6.0
102,335,6.0
102,336,3.0
102,337,3.0
102,338,5.0
102,339,2.0
102,340,5.0
102,341,3.0
102,342,3.0
102,343,2.0
102,344,4.0
102,345,4.0
102,346,5.0
102,347,4.0
102,348,4.0
102,349,5.0
102,350,5.0
102,351,4.0
102,352,3.0
102,353,5.0
102,354,2.0
102,355,4.0
102,356,5.0
102,357,4.0
102,358,4.0
102,359,4.0
102,360,5.0
102,361,3.0
102,362,4.0
102,363,4.0
102,364,5.0
102,365,3.0
102,366,3.0
102,367,4.0
102,368,4.0
102,369,3.0
102,370,5.0
102,371,4.0
102,372,4.0
102,373,3.0
102,374,4.0
102,375,3.0
102,376,5.0
102,377,5.0
103,104,6.0
103,105,2.0
103,106,2.0
103,107,2.0
103,108,5.0
103,109,5.0
103,110,5.0
103,111,4.0
103,112,6.0
103,113,4.0
103,114,5.0
103,115,5.0
103,116,5.0
103,117,5.0
103,118,5.0
103,119,4.0
103,120,5.0
103,121,5.0
103,122,4.0
103,123,6.0
103,124,4.0
103,125,4.0
103,126,3.0
103,127,3.0
103,128,5.0
103,129,3.0
103,130,3.0
103,131,3.0
103,132,4.0
103,133,4.0
103,134,4.0
103,135,4.0
103,136,5.0
103,137,5.0
103,138,5.0
103,139,5.0
103,140,5.0
103,141,5.0
103,142,5.0
103,143,2.0
103,144,2.0
103,145,5.0
103,146,3.0
103,147,5.0
103,148,5.0
103,149,3.0
103,150,6.0
103,151,6.0
103,152,4.0
103,153,3.0
103,154,5.0
103,155,4.0
103,156,4.0
103,157,6.0
103,158,6.0
103,159,2.0
103,160,4.0
103,161,4.0
103,162,3.0
103,163,6.0
103,164,3.0
103,165,5.0
103,166,3.0
103,167,6.0
103,168,2.0
103,169,4.0
103,170,6.0
103,171,5.0
103,172,6.0
103,173,3.0
103,174,4.0
103,175,4.0
103,176,6.0
103,177,5.0
103,178,5.0
103,179,4.0
103,180,4.0
103,181,4.0
103,182,6.0
103,183,3.0
103,184,3.0
103,185,4.0
103,186,4.0
103,187,4.0
103,188,3.0
103,189,6.0
103,190,3.0
103,191,3.0
103,192,3.0
103,193,5.0
103,194,6.0
103,195,4.0
103,196,5.0
103,197,5.0
103,198,5.0
103,199,4.0
103,200,4.0
103,201,4.0
103,202,5.0
103,203,4.0
103,204,4.0
103,205,4.0
103,206,4.0
103,207,4.0
103,208,6.0
103,209,4.0
103,210,4.0
103,211,5.0
103,212,5.0
103,213,3.0
103,214,5.0
103,215,4.0
103,216,7.0
103,217,3.0
103,218,6.0
103,219,3.0
103,220,4.0
103,221,5.0
103,222,3.0
103,223,4.0
103,224,3.0
103,225,4.0
103,226,4.0
103,227,4.0
103,228,3.0
103,229,5.0
103,230,2.0
103,231,4.0
103,232,4.0
103,233,6.0
103,234,5.0
103,235,4.0
103,236,4.0
103,237,5.0
103,238,5.0
103,239,3.0
103,240,5.0
103,241,3.0
103,242,4.0
103,243,5.0
103,244,2.0
103,245,2.0
103,246,3.0
103,247,3.0
103,248,3.0
103,249,5.0
103,250,4.0
103,251,3.0
103,252,4.0
103,253,4.0
103,254,7.0
103,255,6.0
103,256,5.0
103,257,5.0
103,258,5.0
103,259,5.0
103,260,3.0
103,261,3.0
103,262,4.0
103,263,5.0
103,264,5.0
103,265,6.0
103,266,4.0
103,267,4.0
103,268,4.0
103,269,5.0
103,270,6.0
103,271,3.0
103,272,2.0
103,273,4.0
103,274,4.0
103,275,3.0
103,276,4.0
103,277,3.0
103,278,5.0
103,279,5.0
103,280,4.0
103,281,6.0
103,282,3.0
103,283,7.0
103,284,2.0
103,285,3.0
103,286,5.0
103,287,6.0
103,288,3.0
103,289,3.0
103,290,4.0
103,291,4.0
103,292,4.0
103,293,6.0
103,294,6.0
103,295,3.0
103,296,5.0
103,297,3.0
103,298,3.0
103,299,3.0
103,300,5.0
103,301,5.0
103,302,3.0
103,303,2.0
103,304,7.0
103,305,6.0
103,306,2.0
103,307,3.0
103,308,5.0
103,309,5.0
103,310,3.0
103,311,5.0
103,312,5.0
103,313,4.0
103,314,3.0
103,315,4.0
103,316,5.0
103,317,6.0
103,318,4.0
103,319,4.0
103,320,3.0
103,321,3.0
103,322,4.0
103,323,5.0
103,324,2.0
103,325,4.0
103,326,4.0
103,327,5.0
103,328,2.0
103,329,5.0
103,330,4.0
103,331,5.0
103,332,3.0
103,333,7.0
103,334,4.0
103,335,5.0
103,336,6.0
103,337,3.0
103,338,5.0
103,339,5.0
103,340,5.0
103,341,6.0
103,342,4.0
103,343,2.0
103,344,3.0
103,345,5.0
103,346,5.0
103,347,3.0
103,348,4.0
103,349,5.0
103,350,2.0
103,351,3.0
103,352,4.0
103,353,5.0
103,354,2.0
103,355,3.0
103,356,5.0
103,357,4.0
103,358,4.0
103,359,4.0
103,360,5.0
103,361,2.0
103,362,4.0
103,363,5.0
103,364,5.0
103,365,6.0
103,366,2.0
103,367,3.0
103,368,3.0
103,369,6.0
103,370,3.0
103,371,3.0
103,372,3.0
103,373,6.0
103,374,4.0
103,375,5.0
103,376,4.0
103,377,3.0
104,105,2.0
104,106,2.0
104,107,2.0
104,108,5.0
104,109,5.0
104,110,6.0
104,111,4.0
104,112,5.0
104,113,4.0
104,114,6.0
104,115,6.0
104,116,6.0
104,117,6.0
104,118,4.0
104,119,4.0
104,120,6.0
104,121,4.0
104,122,4.0
104,123,5.0
104,124,3.0
104,125,3.0
104,126,4.0
104,127,4.0
104,128,6.0
104,129,4.0
104,130,4.0
104,131,4.0
104,132,4.0
104,133,4.0
104,134,4.0
104,135,4.0
104,136,5.0
104,137,5.0
104,138,5.0
104,139,6.0
104,140,6.0
104,141,6.0
104,142,4.0
104,143,2.0
104,144,2.0
104,145,5.0
104,146,3.0
104,147,5.0
104,148,5.0
104,149,3.0
104,150,7.0
104,151,7.0
104,152,3.0
104,153,3.0
104,154,5.0
104,155,3.0
104,156,5.0
104,157,5.0
104,158,5.0
104,159,2.0
104,160,5.0
104,161,3.0
104,162,4.0
104,163,5.0
104,164,3.0
104,165,5.0
104,166,4.0
104,167,5.0
104,168,3.0
104,169,3.0
104,170,5.0
104,171,6.0
104,172,5.0
104,173,4.0
104,174,5.0
104,175,3.0
104,176,5.0
104,177,5.0
104,178,5.0
104,179,5.0
104,180,4.0
104,181,4.0
104,182,5.0
104,183,4.0
104,184,4.0
104,185,5.0
104,186,5.0
104,187,5.0
104,188,4.0
104,189,5.0
104,190,3.0
104,191,3.0
104,192,3.0
104,193,5.0
104,194,5.0
104,195,4.0
104,196,6.0
104,197,6.0
104,198,6.0
104,199,4.0
104,200,4.0
104,201,4.0
104,202,6.0
104,203,5.0
104,204,4.0
104,205,4.0
104,206,3.0
104,207,5.0
104,208,5.0
104,209,4.0
104,210,4.0
104,211,6.0
104,212,5.0
104,213,4.0
104,214,6.0
104,215,5.0
104,216,6.0
104,217,4.0
104,218,5.0
104,219,4.0
104,220,5.0
104,221,6.0
104,222,4.0
104,223,4.0
104,224,4.0
104,225,4.0
104,226,5.0
104,227,4.0
104,228,4.0
104,229,4.0
104,230,3.0
104,231,4.0
104,232,5.0
104,233,5.0
104,234,5.0
104,235,4.0
104,236,3.0
104,237,6.0
104,238,5.0
104,239,4.0
104,240,6.0
104,241,4.0
104,242,4.0
104,243,6.0
104,244,2.0
104,245,2.0
104,246,4.0
104,247,4.0
104,248,4.0
104,249,4.0
104,250,4.0
104,251,4.0
104,252,4.0
104,253,4.0
104,254,6.0
104,255,5.0
104,256,5.0
104,257,6.0
104,258,5.0
104,259,4.0
104,260,4.0
104,261,4.0
104,262,5.0
104,263,6.0
104,264,6.0
104,265,5.0
104,266,4.0
104,267,4.0
104,268,5.0
104,269,5.0
104,270,5.0
104,271,2.0
104,272,3.0
104,273,4.0
104,274,4.0
104,275,4.0
104,276,4.0
104,277,3.0
104,278,6.0
104,279,5.0
104,280,4.0
104,281,5.0
104,282,4.0
104,283,6.0
104,284,2.0
104,285,3.0
104,286,6.0
104,287,5.0
104,288,3.0
104,289,4.0
104,290,4.0
104,291,4.0
104,292,4.0
104,293,5.0
104,294,5.0
104,295,4.0
104,296,6.0
104,297,4.0
104,298,4.0
104,299,4.0
104,300,6.0
104,301,6.0
104,302,4.0
104,303,2.0
104,304,6.0
104,305,5.0
104,306,3.0
104,307,3.0
104,308,5.0
104,309,6.0
104,310,4.0
104,311,6.0
104,312,4.0
104,313,4.0
104,314,4.0
104,315,4.0
104,316,4.0
104,317,5.0
104,318,5.0
104,319,3.0
104,320,3.0
104,321,4.0
104,322,5.0
104,323,6.0
104,324,3.0
104,325,5.0
104,326,4.0
104,327,4.0
104,328,2.0
104,329,5.0
104,330,4.0
104,331,5.0
104,332,3.0
104,333,6.0
104,334,5.0
104,335,6.0
104,336,5.0
104,337,3.0
104,338,6.0
104,339,4.0
104,340,6.0
104,341,5.0
104,342,3.0
104,343,2.0
104,344,4.0
104,345,5.0
104,346,5.0
104,347,4.0
104,348,4.0
104,349,6.0
104,350,3.0
104,351,4.0
104,352,3.0
104,353,6.0
104,354,2.0
104,355,4.0
104,356,6.0
104,357,4.0
104,358,4.0
104,359,4.0
104,360,6.0
104,361,3.0
104,362,4.0
104,363,6.0
104,364,5.0
104,365,5.0
104,366,3.0
104,367,4.0
104,368,4.0
104,369,5.0
104,370,4.0
104,371,4.0
104,372,4.0
104,373,5.0
104,374,4.0
104,375,5.0
104,376,5.0
104,377,4.0
105,106,7.0
105,107,4.0
105,108,2.0
105,109,2.0
105,110,2.0
105,111,2.0
105,112,2.0
105,113,2.0
105,114,2.0
105,115,2.0
105,116,2.0
105,117,2.0
105,118,3.0
105,119,2.0
105,120,2.0
105,121,3.0
105,122,2.0
105,123,2.0
105,124,2.0
105,125,2.0
105,126,4.0
105,127,4.0
105,128,2.0
105,129,4.0
105,130,4.0
105,131,4.0
105,132,3.0
105,133,3.0
105,134,3.0
105,135,3.0
105,136,3.0
105,137,3.0
105,138,3.0
105,139,2.0
105,140,2.0
105,141,2.0
105,142,3.0
105,143,3.0
105,144,3.0
105,145,3.0
105,146,3.0
105,147,3.0
105,148,3.0
105,149,3.0
105,150,2.0
105,151,2.0
105,152,3.0
105,153,3.0
105,154,2.0
105,155,4.0
105,156,3.0
105,157,2.0
105,158,2.0
105,159,2.0
105,160,2.0
105,161,2.0
105,162,4.0
105,163,2.0
105,164,2.0
105,165,2.0
105,166,3.0
105,167,2.0
105,168,3.0
105,169,4.0
105,170,2.0
105,171,2.0
105,172,2.0
105,173,1.0
105,174,2.0
105,175,2.0
105,176,3.0
105,177,2.0
105,178,2.0
105,179,2.0
105,180,2.0
105,181,2.0
105,182,2.0
105,183,2.0
105,184,2.0
105,185,2.0
105,186,1.0
105,187,1.0
105,188,3.0
105,189,3.0
105,190,1.0
105,191,1.0
105,192,1.0
105,193,3.0
105,194,2.0
105,195,2.0
105,196,2.0
105,197,2.0
105,198,2.0
105,199,3.0
105,200,3.0
105,201,3.0
105,202,2.0
105,203,2.0
105,204,2.0
105,205,2.0
105,206,3.0
105,207,3.0
105,208,2.0
105,209,4.0
105,210,3.0
105,211,2.0
105,212,2.0
105,213,4.0
105,214,2.0
105,215,2.0
105,216,2.0
105,217,2.0
105,218,3.0
105,219,2.0
105,220,1.0
105,221,2.0
105,222,2.0
105,223,3.0
105,224,4.0
105,225,4.0
105,226,2.0
105,227,4.0
105,228,2.0
105,229,3.0
105,230,2.0
105,231,4.0
105,232,1.0
105,233,2.0
105,234,2.0
105,235,4.0
105,236,2.0
105,237,2.0
105,238,2.0
105,239,4.0
105,240,2.0
105,241,4.0
105,242,4.0
105,243,2.0
105,244,4.0
105,245,1.0
105,246,2.0
105,247,5.0
105,248,3.0
105,249,2.0
105,250,2.0
105,251,2.0
105,252,2.0
105,253,4.0
105,254,2.0
105,255,3.0
105,256,2.0
105,257,2.0
105,258,3.0
105,259,3.0
105,260,4.0
105,261,4.0
105,262,2.0
105,263,2.0
105,264,2.0
105,265,3.0
105,266,3.0
105,267,4.0
105,268,1.0
105,269,2.0
105,270,2.0
105,271,2.0
105,272,4.0
105,273,4.0
105,274,2.0
105,275,4.0
105,276,4.0
105,277,4.0
105,278,2.0
105,279,2.0
105,280,3.0
105,281,3.0
105,282,2.0
105,283,2.0
105,284,3.0
105,285,2.0
105,286,2.0
105,287,3.0
105,288,4.0
105,289,4.0
105,290,2.0
105,291,2.0
105,292,4.0
105,293,2.0
105,294,2.0
105,295,4.0
105,296,2.0
105,297,5.0
105,298,3.0
105,299,2.0
105,300,2.0
105,301,2.0
105,302,4.0
105,303,3.0
105,304,2.0
105,305,3.0
105,306,3.0
105,307,4.0
105,308,3.0
105,309,2.0
105,310,4.0
105,311,2.0
105,312,3.0
105,313,4.0
105,314,5.0
105,315,2.0
105,316,2.0
105,317,2.0
105,318,3.0
105,319,4.0
105,320,4.0
105,321,4.0
105,322,1.0
105,323,2.0
105,324,4.0
105,325,2.0
105,326,4.0
105,327,3.0
105,328,4.0
105,329,3.0
105,330,4.0
105,331,3.0
105,332,2.0
105,333,2.0
105,334,2.0
105,335,2.0
105,336,2.0
105,337,4.0
105,338,2.0
105,339,3.0
105,340,2.0
105,341,3.0
105,342,4.0
105,343,4.0
105,344,5.0
105,345,2.0
105,346,2.0
105,347,4.0
105,348,2.0
105,349,2.0
105,350,3.0
105,351,4.0
105,352,4.0
105,353,2.0
105,354,3.0
105,355,3.0
105,356,2.0
105,357,3.0
105,358,4.0
105,359,2.0
105,360,2.0
105,361,4.0
105,362,4.0
105,363,1.0
105,364,2.0
105,365,3.0
105,366,4.0
105,367,5.0
105,368,2.0
105,369,3.0
105,370,4.0
105,371,4.0
105,372,4.0
105,373,2.0
105,374,4.0
105,375,2.0
105,376,2.0
105,377,2.0
106,107,4.0
106,108,2.0
106,109,2.0
106,110,2.0
106,111,2.0
106,112,2.0
106,113,2.0
106,114,2.0
106,115,2.0
106,116,2.0
106,117,2.0
106,118,3.0
106,119,2.0
106,120,2.0
106,121,3.0
106,122,2.0
106,123,2.0
106,124,2.0
106,125,2.0
106,126,4.0
106,127,4.0
106,128,2.0
106,129,4.0
106,130,4.0
106,131,4.0
106,132,3.0
106,133,3.0
106,134,3.0
106,135,3.0
106,136,3.0
106,137,3.0
106,138,3.0
106,139,2.0
106,140,2.0
106,141,2.0
106,142,3.0
106,143,3.0
106,144,3.0
106,145,3.0
106,146,3.0
106,147,3.0
106,148,3.0
106,149,3.0
106,150,2.0
106,151,2.0
106,152,3.0
106,153,3.0
106,154,2.0
106,155,4.0
106,156,3.0
106,157,2.0
106,158,2.0
106,159,2.0
106,160,2.0
106,161,2.0
106,162,4.0
106,163,2.0
106,164,2.0
106,165,2.0
106,166,3.0
106,167,2.0
106,168,3.0
106,169,4.0
106,170,2.0
106,171,2.0
106,172,2.0
106,173,1.0
106,174,2.0
106,175,2.0
106,176,3.0
106,177,2.0
106,178,2.0
106,179,2.0
106,180,2.0
106,181,2.0
106,182,2.0
106,183,2.0
106,184,2.0
106,185,2.0
106,186,1.0
106,187,1.0
106,188,3.0
106,189,3.0
106,190,1.0
106,191,1.0
106,192,1.0
106,193,3.0
106,194,2.0
106,195,2.0
106,196,2.0
106,197,2.0
106,198,2.0
106,199,3.0
106,200,3.0
106,201,3.0
106,202,2.0
106,203,2.0
106,204,2.0
106,205,2.0
106,206,3.0
106,207,3.0
106,208,2.0
106,209,4.0
106,210,3.0
106,211,2.0
106,212,2.0
106,213,4.0
106,214,2.0
106,215,2.0
106,216,2.0
106,217,2.0
106,218,3.0
106,219,2.0
106,220,1.0
106,221,2.0
106,222,2.0
106,223,3.0
106,224,4.0
106,225,4.0
106,226,2.0
106,227,4.0
106,228,2.0
106,229,3.0
106,230,2.0
106,231,4.0
106,232,1.0
106,233,2.0
106,234,2.0
106,235,4.0
106,236,2.0
106,237,2.0
106,238,2.0
106,239,4.0
106,240,2.0
106,241,4.0
106,242,4.0
106,243,2.0
106,244,4.0
106,245,1.0
106,246,2.0
106,247,5.0
106,248,3.0
106,249,2.0
106,250,2.0
106,251,2.0
106,252,2.0
106,253,4.0
106,254,2.0
106,255,3.0
106,256,2.0
106,257,2.0
106,258,3.0
106,259,3.0
106,260,4.0
106,261,4.0
106,262,2.0
106,263,2.0
106,264,2.0
106,265,3.0
106,266,3.0
106,267,4.0
106,268,1.0
106,269,2.0
106,270,2.0
106,271,2.0
106,272,4.0
106,273,4.0
106,274,2.0
106,275,4.0
106,276,4.0
106,277,4.0
106,278,2.0
106,279,2.0
106,280,3.0
106,281,3.0
106,282,2.0
106,283,2.0
106,284,3.0
106,285,2.0
106,286,2.0
106,287,3.0
106,288,4.0
106,289,4.0
106,290,2.0
106,291,2.0
106,292,4.0
106,293,2.0
106,294,2.0
106,295,4.0
106,296,2.0
106,297,5.0
106,298,3.0
106,299,2.0
106,300,2.0
106,301,2.0
106,302,4.0
106,303,3.0
106,304,2.0
106,305,3.0
106,306,3.0
106,307,4.0
106,308,3.0
106,309,2.0
106,310,4.0
106,311,2.0
106,312,3.0
106,313,4.0
106,314,5.0
106,315,2.0
106,316,2.0
106,317,2.0
106,318,3.0
106,319,4.0
106,320,4.0
106,321,4.0
106,322,1.0
106,323,2.0
106,324,4.0
106,325,2.0
106,326,4.0
106,327,3.0
106,328,4.0
106,329,3.0
106,330,4.0
106,331,3.0
106,332,2.0
106,333,2.0
106,334,2.0
106,335,2.0
106,336,2.0
106,337,4.0
106,338,2.0
106,339,3.0
106,340,2.0
106,341,3.0
106,342,4.0
106,343,4.0
106,344,5.0
106,345,2.0
106,346,2.0
106,347,4.0
106,348,2.0
106,349,2.0
106,350,3.0
106,351,4.0
106,352,4.0
106,353,2.0
106,354,3.0
106,355,3.0
106,356,2.0
106,357,3.0
106,358,4.0
106,359,2.0
106,360,2.0
106,361,4.0
106,362,4.0
106,363,1.0
106,364,2.0
106,365,3.0
106,366,4.0
106,367,5.0
106,368,2.0
106,369,3.0
106,370,4.0
106,371,4.0
106,372,4.0
106,373,2.0
106,374,4.0
106,375,2.0
106,376,2.0
106,377,2.0
107,108,2.0
107,109,2.0
107,110,2.0
107,111,2.0
107,112,2.0
107,113,2.0
107,114,2.0
107,115,2.0
107,116,2.0
107,117,2.0
107,118,2.0
107,119,1.0
107,120,2.0
107,121,2.0
107,122,1.0
107,123,2.0
107,124,1.0
107,125,1.0
107,126,4.0
107,127,4.0
107,128,2.0
107,129,4.0
107,130,4.0
107,131,4.0
107,132,2.0
107,133,2.0
107,134,2.0
107,135,2.0
107,136,3.0
107,137,3.0
107,138,3.0
107,139,2.0
107,140,2.0
107,141,2.0
107,142,2.0
107,143,6.0
107,144,6.0
107,145,3.0
107,146,2.0
107,147,3.0
107,148,3.0
107,149,2.0
107,150,2.0
107,151,2.0
107,152,1.0
107,153,2.0
107,154,2.0
107,155,3.0
107,156,3.0
107,157,2.0
107,158,2.0
107,159,0.0
107,160,2.0
107,161,1.0
107,162,4.0
107,163,2.0
107,164,2.0
107,165,2.0
107,166,3.0
107,167,2.0
107,168,3.0
107,169,4.0
107,170,2.0
107,171,2.0
107,172,2.0
107,173,2.0
107,174,2.0
107,175,1.0
107,176,1.0
107,177,2.0
107,178,2.0
107,179,2.0
107,180,1.0
107,181,1.0
107,182,1.0
107,183,2.0
107,184,2.0
107,185,2.0
107,186,3.0
107,187,3.0
107,188,1.0
107,189,1.0
107,190,1.0
107,191,1.0
107,192,1.0
107,193,2.0
107,194,2.0
107,195,1.0
107,196,2.0
107,197,2.0
107,198,2.0
107,199,2.0
107,200,2.0
107,201,2.0
107,202,2.0
107,203,2.0
107,204,1.0
107,205,1.0
107,206,3.0
107,207,2.0
107,208,2.0
107,209,4.0
107,210,2.0
107,211,2.0
107,212,2.0
107,213,4.0
107,214,2.0
107,215,2.0
107,216,2.0
107,217,2.0
107,218,1.0
107,219,2.0
107,220,2.0
107,221,2.0
107,222,1.0
107,223,2.0
107,224,4.0
107,225,4.0
107,226,2.0
107,227,4.0
107,228,3.0
107,229,2.0
107,230,2.0
107,231,4.0
107,232,1.0
107,233,2.0
107,234,2.0
107,235,4.0
107,236,1.0
107,237,2.0
107,238,2.0
107,239,4.0
107,240,2.0
107,241,4.0
107,242,4.0
107,243,2.0
107,244,4.0
107,245,1.0
107,246,2.0
107,247,5.0
107,248,2.0
107,249,2.0
107,250,3.0
107,251,3.0
107,252,1.0
107,253,4.0
107,254,2.0
107,255,1.0
107,256,2.0
107,257,2.0
107,258,3.0
107,259,2.0
107,260,4.0
107,261,4.0
107,262,2.0
107,263,2.0
107,264,2.0
107,265,1.0
107,266,2.0
107,267,4.0
107,268,2.0
107,269,2.0
107,270,2.0
107,271,2.0
107,272,4.0
107,273,4.0
107,274,1.0
107,275,4.0
107,276,4.0
107,277,5.0
107,278,2.0
107,279,2.0
107,280,2.0
107,281,1.0
107,282,2.0
107,283,2.0
107,284,6.0
107,285,2.0
107,286,2.0
107,287,3.0
107,288,2.0
107,289,4.0
107,290,2.0
107,291,2.0
107,292,4.0
107,293,2.0
107,294,2.0
107,295,4.0
107,296,2.0
107,297,5.0
107,298,2.0
107,299,2.0
107,300,2.0
107,301,2.0
107,302,4.0
107,303,6.0
107,304,2.0
107,305,1.0
107,306,3.0
107,307,5.0
107,308,2.0
107,309,2.0
107,310,4.0
107,311,2.0
107,312,2.0
107,313,4.0
107,314,5.0
107,315,1.0
107,316,2.0
107,317,2.0
107,318,2.0
107,319,3.0
107,320,5.0
107,321,4.0
107,322,2.0
107,323,2.0
107,324,4.0
107,325,2.0
107,326,4.0
107,327,2.0
107,328,4.0
107,329,3.0
107,330,4.0
107,331,3.0
107,332,0.0
107,333,2.0
107,334,2.0
107,335,2.0
107,336,1.0
107,337,4.0
107,338,2.0
107,339,2.0
107,340,2.0
107,341,1.0
107,342,4.0
107,343,4.0
107,344,5.0
107,345,2.0
107,346,2.0
107,347,4.0
107,348,3.0
107,349,2.0
107,350,3.0
107,351,4.0
107,352,5.0
107,353,2.0
107,354,6.0
107,355,2.0
107,356,2.0
107,357,3.0
107,358,4.0
107,359,1.0
107,360,2.0
107,361,4.0
107,362,4.0
107,363,1.0
107,364,2.0
107,365,3.0
107,366,4.0
107,367,5.0
107,368,2.0
107,369,1.0
107,370,4.0
107,371,4.0
107,372,4.0
107,373,2.0
107,374,4.0
107,375,2.0
107,376,2.0
107,377,2.0
108,109,6.0
108,110,6.0
108,111,4.0
108,112,5.0
108,113,4.0
108,114,5.0
108,115,5.0
108,116,5.0
108,117,6.0
108,118,4.0
108,119,4.0
108,120,6.0
108,121,4.0
108,122,4.0
108,123,4.0
108,124,2.0
108,125,2.0
108,126,3.0
108,127,3.0
108,128,5.0
108,129,3.0
108,130,3.0
108,131,3.0
108,132,4.0
108,133,4.0
108,134,4.0
108,135,4.0
108,136,5.0
108,137,5.0
108,138,5.0
108,139,5.0
108,140,6.0
108,141,6.0
108,142,5.0
108,143,2.0
108,144,2.0
108,145,6.0
108,146,3.0
108,147,5.0
108,148,5.0
108,149,3.0
108,150,5.0
108,151,5.0
108,152,4.0
108,153,4.0
108,154,6.0
108,155,4.0
108,156,5.0
108,157,5.0
108,158,5.0
108,159,2.0
108,160,5.0
108,161,2.0
108,162,3.0
108,163,5.0
108,164,3.0
108,165,5.0
108,166,3.0
108,167,5.0
108,168,2.0
108,169,5.0
108,170,5.0
108,171,6.0
108,172,5.0
108,173,4.0
108,174,4.0
108,175,2.0
108,176,4.0
108,177,5.0
108,178,5.0
108,179,5.0
108,180,3.0
108,181,3.0
108,182,4.0
108,183,3.0
108,184,3.0
108,185,4.0
108,186,5.0
108,187,5.0
108,188,3.0
108,189,4.0
108,190,4.0
108,191,4.0
108,192,4.0
108,193,4.0
108,194,5.0
108,195,5.0
108,196,6.0
108,197,6.0
108,198,6.0
108,199,4.0
108,200,4.0
108,201,4.0
108,202,6.0
108,203,5.0
108,204,5.0
108,205,5.0
108,206,4.0
108,207,3.0
108,208,5.0
108,209,4.0
108,210,5.0
108,211,6.0
108,212,6.0
108,213,3.0
108,214,6.0
108,215,5.0
108,216,5.0
108,217,3.0
108,218,4.0
108,219,3.0
108,220,5.0
108,221,6.0
108,222,3.0
108,223,4.0
108,224,3.0
108,225,4.0
108,226,4.0
108,227,4.0
108,228,3.0
108,229,4.0
108,230,2.0
108,231,4.0
108,232,5.0
108,233,5.0
108,234,6.0
108,235,4.0
108,236,4.0
108,237,6.0
108,238,6.0
108,239,3.0
108,240,6.0
108,241,3.0
108,242,4.0
108,243,6.0
108,244,3.0
108,245,3.0
108,246,3.0
108,247,3.0
108,248,3.0
108,249,5.0
108,250,5.0
108,251,3.0
108,252,5.0
108,253,4.0
108,254,5.0
108,255,4.0
108,256,6.0
108,257,6.0
108,258,6.0
108,259,4.0
108,260,3.0
108,261,3.0
108,262,5.0
108,263,6.0
108,264,6.0
108,265,4.0
108,266,4.0
108,267,4.0
108,268,5.0
108,269,6.0
108,270,5.0
108,271,3.0
108,272,2.0
108,273,4.0
108,274,4.0
108,275,3.0
108,276,4.0
108,277,3.0
108,278,6.0
108,279,6.0
108,280,5.0
108,281,4.0
108,282,3.0
108,283,5.0
108,284,2.0
108,285,2.0
108,286,6.0
108,287,5.0
108,288,3.0
108,289,3.0
108,290,3.0
108,291,4.0
108,292,4.0
108,293,5.0
108,294,5.0
108,295,3.0
108,296,6.0
108,297,3.0
108,298,3.0
108,299,3.0
108,300,6.0
108,301,6.0
108,302,3.0
108,303,2.0
108,304,5.0
108,305,4.0
108,306,2.0
108,307,3.0
108,308,6.0
108,309,6.0
108,310,3.0
108,311,6.0
108,312,4.0
108,313,4.0
108,314,3.0
108,315,4.0
108,316,5.0
108,317,5.0
108,318,3.0
108,319,4.0
108,320,3.0
108,321,3.0
108,322,5.0
108,323,6.0
108,324,2.0
108,325,4.0
108,326,4.0
108,327,4.0
108,328,3.0
108,329,6.0
108,330,4.0
108,331,5.0
108,332,3.0
108,333,5.0
108,334,4.0
108,335,5.0
108,336,4.0
108,337,4.0
108,338,6.0
108,339,4.0
108,340,6.0
108,341,4.0
108,342,4.0
108,343,3.0
108,344,3.0
108,345,6.0
108,346,5.0
108,347,3.0
108,348,5.0
108,349,6.0
108,350,2.0
108,351,3.0
108,352,4.0
108,353,6.0
108,354,2.0
108,355,3.0
108,356,6.0
108,357,4.0
108,358,4.0
108,359,4.0
108,360,6.0
108,361,2.0
108,362,4.0
108,363,4.0
108,364,5.0
108,365,5.0
108,366,2.0
108,367,3.0
108,368,3.0
108,369,4.0
108,370,3.0
108,371,3.0
108,372,3.0
108,373,5.0
108,374,4.0
108,375,4.0
108,376,5.0
108,377,3.0
109,110,6.0
109,111,4.0
109,112,5.0
109,113,4.0
109,114,5.0
109,115,5.0
109,116,5.0
109,117,6.0
109,118,4.0
109,119,4.0
109,120,6.0
109,121,4.0
109,122,4.0
109,123,4.0
109,124,3.0
109,125,3.0
109,126,3.0
109,127,3.0
109,128,5.0
109,129,3.0
109,130,3.0
109,131,3.0
109,132,5.0
109,133,5.0
109,134,5.0
109,135,5.0
109,136,5.0
109,137,5.0
109,138,5.0
109,139,5.0
109,140,6.0
109,141,6.0
109,142,5.0
109,143,2.0
109,144,2.0
109,145,6.0
109,146,4.0
109,147,5.0
109,148,5.0
109,149,4.0
109,150,5.0
109,151,5.0
109,152,5.0
109,153,4.0
109,154,6.0
109,155,4.0
109,156,5.0
109,157,5.0
109,158,5.0
109,159,2.0
109,160,5.0
109,161,3.0
109,162,3.0
109,163,5.0
109,164,3.0
109,165,6.0
109,166,3.0
109,167,5.0
109,168,2.0
109,169,4.0
109,170,5.0
109,171,6.0
109,172,5.0
109,173,4.0
109,174,4.0
109,175,3.0
109,176,5.0
109,177,5.0
109,178,5.0
109,179,5.0
109,180,3.0
109,181,3.0
109,182,5.0
109,183,3.0
109,184,3.0
109,185,4.0
109,186,5.0
109,187,5.0
109,188,4.0
109,189,5.0
109,190,4.0
109,191,4.0
109,192,4.0
109,193,4.0
109,194,5.0
109,195,5.0
109,196,6.0
109,197,6.0
109,198,6.0
109,199,4.0
109,200,4.0
109,201,4.0
109,202,6.0
109,203,5.0
109,204,5.0
109,205,5.0
109,206,4.0
109,207,3.0
109,208,5.0
109,209,4.0
109,210,5.0
109,211,6.0
109,212,7.0
109,213,3.0
109,214,6.0
109,215,5.0
109,216,5.0
109,217,3.0
109,218,5.0
109,219,3.0
109,220,5.0
109,221,6.0
109,222,3.0
109,223,4.0
109,224,3.0
109,225,4.0
109,226,4.0
109,227,4.0
109,228,3.0
109,229,4.0
109,230,2.0
109,231,4.0
109,232,5.0
109,233,5.0
109,234,6.0
109,235,4.0
109,236,5.0
109,237,6.0
109,238,6.0
109,239,3.0
109,240,6.0
109,241,3.0
109,242,4.0
109,243,6.0
109,244,2.0
109,245,3.0
109,246,3.0
109,247,3.0
109,248,3.0
109,249,5.0
109,250,5.0
109,251,3.0
109,252,5.0
109,253,4.0
109,254,5.0
109,255,5.0
109,256,6.0
109,257,6.0
109,258,6.0
109,259,4.0
109,260,3.0
109,261,3.0
109,262,5.0
109,263,6.0
109,264,6.0
109,265,5.0
109,266,4.0
109,267,4.0
109,268,5.0
109,269,6.0
109,270,5.0
109,271,3.0
109,272,2.0
109,273,4.0
109,274,4.0
109,275,3.0
109,276,4.0
109,277,3.0
109,278,6.0
109,279,6.0
109,280,5.0
109,281,5.0
109,282,3.0
109,283,5.0
109,284,2.0
109,285,2.0
109,286,6.0
109,287,5.0
109,288,3.0
109,289,3.0
109,290,3.0
109,291,3.0
109,292,4.0
109,293,5.0
109,294,5.0
109,295,3.0
109,296,6.0
109,297,3.0
109,298,3.0
109,299,3.0
109,300,6.0
109,301,6.0
109,302,3.0
109,303,2.0
109,304,5.0
109,305,5.0
109,306,2.0
109,307,3.0
109,308,6.0
109,309,6.0
109,310,3.0
109,311,6.0
109,312,4.0
109,313,4.0
109,314,3.0
109,315,4.0
109,316,5.0
109,317,5.0
109,318,3.0
109,319,5.0
109,320,3.0
109,321,3.0
109,322,5.0
109,323,6.0
109,324,2.0
109,325,4.0
109,326,4.0
109,327,4.0
109,328,2.0
109,329,6.0
109,330,4.0
109,331,5.0
109,332,3.0
109,333,5.0
109,334,4.0
109,335,5.0
109,336,5.0
109,337,3.0
109,338,6.0
109,339,4.0
109,340,6.0
109,341,5.0
109,342,4.0
109,343,2.0
109,344,3.0
109,345,6.0
109,346,5.0
109,347,3.0
109,348,5.0
109,349,6.0
109,350,2.0
109,351,3.0
109,352,4.0
109,353,6.0
109,354,2.0
109,355,4.0
109,356,6.0
109,357,4.0
109,358,4.0
109,359,4.0
109,360,6.0
109,361,2.0
109,362,4.0
109,363,4.0
109,364,6.0
109,365,5.0
109,366,2.0
109,367,3.0
109,368,3.0
109,369,5.0
109,370,3.0
109,371,3.0
109,372,3.0
109,373,5.0
109,374,4.0
109,375,4.0
109,376,5.0
109,377,3.0
110,111,4.0
110,112,5.0
110,113,4.0
110,114,6.0
110,115,6.0
110,116,6.0
110,117,7.0
110,118,4.0
110,119,4.0
110,120,7.0
110,121,4.0
110,122,4.0
110,123,4.0
110,124,2.0
110,125,2.0
110,126,4.0
110,127,4.0
110,128,6.0
110,129,4.0
110,130,4.0
110,131,4.0
110,132,4.0
110,133,4.0
110,134,4.0
110,135,4.0
110,136,5.0
110,137,5.0
110,138,5.0
110,139,6.0
110,140,7.0
110,141,7.0
110,142,5.0
110,143,2.0
110,144,2.0
110,145,6.0
110,146,3.0
110,147,5.0
110,148,5.0
110,149,3.0
110,150,6.0
110,151,6.0
110,152,4.0
110,153,4.0
110,154,6.0
110,155,4.0
110,156,6.0
110,157,5.0
110,158,5.0
110,159,2.0
110,160,5.0
110,161,2.0
110,162,4.0
110,163,5.0
110,164,3.0
110,165,5.0
110,166,4.0
110,167,5.0
110,168,3.0
110,169,4.0
110,170,5.0
110,171,7.0
110,172,5.0
110,173,5.0
110,174,5.0
110,175,2.0
110,176,4.0
110,177,5.0
110,178,5.0
110,179,6.0
110,180,3.0
110,181,3.0
110,182,4.0
110,183,4.0
110,184,4.0
110,185,5.0
110,186,6.0
110,187,6.0
110,188,4.0
110,189,4.0
110,190,4.0
110,191,4.0
110,192,4.0
110,193,4.0
110,194,5.0
110,195,5.0
110,196,7.0
110,197,7.0
110,198,7.0
110,199,4.0
110,200,4.0
110,201,4.0
110,202,7.0
110,203,6.0
110,204,5.0
110,205,5.0
110,206,4.0
110,207,4.0
110,208,5.0
110,209,5.0
110,210,5.0
110,211,7.0
110,212,6.0
110,213,4.0
110,214,7.0
110,215,5.0
110,216,5.0
110,217,4.0
110,218,4.0
110,219,4.0
110,220,6.0
110,221,7.0
110,222,4.0
110,223,4.0
110,224,4.0
110,225,5.0
110,226,5.0
110,227,5.0
110,228,4.0
110,229,4.0
110,230,3.0
110,231,5.0
110,232,5.0
110,233,5.0
110,234,6.0
110,235,5.0
110,236,4.0
110,237,7.0
110,238,6.0
110,239,4.0
110,240,7.0
110,241,4.0
110,242,5.0
110,243,7.0
110,244,2.0
110,245,3.0
110,246,4.0
110,247,4.0
110,248,4.0
110,249,5.0
110,250,5.0
110,251,4.0
110,252,5.0
110,253,5.0
110,254,5.0
110,255,4.0
110,256,6.0
110,257,7.0
110,258,6.0
110,259,4.0
110,260,4.0
110,261,4.0
110,262,6.0
110,263,7.0
110,264,7.0
110,265,4.0
110,266,4.0
110,267,5.0
110,268,6.0
110,269,6.0
110,270,5.0
110,271,3.0
110,272,3.0
110,273,5.0
110,274,4.0
110,275,4.0
110,276,5.0
110,277,3.0
110,278,7.0
110,279,6.0
110,280,5.0
110,281,4.0
110,282,4.0
110,283,5.0
110,284,2.0
110,285,2.0
110,286,7.0
110,287,5.0
110,288,3.0
110,289,4.0
110,290,3.0
110,291,3.0
110,292,5.0
110,293,5.0
110,294,5.0
110,295,4.0
110,296,7.0
110,297,4.0
110,298,4.0
110,299,4.0
110,300,7.0
110,301,7.0
110,302,4.0
110,303,2.0
110,304,5.0
110,305,4.0
110,306,3.0
110,307,3.0
110,308,6.0
110,309,7.0
110,310,4.0
110,311,7.0
110,312,4.0
110,313,5.0
110,314,4.0
110,315,4.0
110,316,5.0
110,317,5.0
110,318,4.0
110,319,4.0
110,320,3.0
110,321,4.0
110,322,6.0
110,323,7.0
110,324,3.0
110,325,5.0
110,326,5.0
110,327,4.0
110,328,2.0
110,329,6.0
110,330,5.0
110,331,5.0
110,332,3.0
110,333,5.0
110,334,5.0
110,335,6.0
110,336,4.0
110,337,3.0
110,338,7.0
110,339,4.0
110,340,7.0
110,341,4.0
110,342,4.0
110,343,2.0
110,344,4.0
110,345,6.0
110,346,6.0
110,347,4.0
110,348,5.0
110,349,7.0
110,350,3.0
110,351,4.0
110,352,4.0
110,353,7.0
110,354,2.0
110,355,4.0
110,356,7.0
110,357,5.0
110,358,5.0
110,359,4.0
110,360,7.0
110,361,3.0
110,362,5.0
110,363,5.0
110,364,5.0
110,365,5.0
110,366,3.0
110,367,4.0
110,368,4.0
110,369,4.0
110,370,4.0
110,371,4.0
110,372,4.0
110,373,5.0
110,374,5.0
110,375,4.0
110,376,6.0
110,377,4.0
111,112,5.0
111,113,7.0
111,114,4.0
111,115,4.0
111,116,4.0
111,117,4.0
111,118,4.0
111,119,6.0
111,120,4.0
111,121,4.0
111,122,6.0
111,123,3.0
111,124,2.0
111,125,2.0
111,126,3.0
111,127,3.0
111,128,4.0
111,129,3.0
111,130,3.0
111,131,3.0
111,132,4.0
111,133,4.0
111,134,4.0
111,135,4.0
111,136,4.0
111,137,4.0
111,138,4.0
111,139,4.0
111,140,4.0
111,141,4.0
111,142,3.0
111,143,3.0
111,144,3.0
111,145,4.0
111,146,4.0
111,147,4.0
111,148,4.0
111,149,4.0
111,150,4.0
111,151,4.0
111,152,4.0
111,153,2.0
111,154,4.0
111,155,3.0
111,156,3.0
111,157,4.0
111,158,4.0
111,159,3.0
111,160,5.0
111,161,2.0
111,162,3.0
111,163,4.0
111,164,4.0
111,165,4.0
111,166,3.0
111,167,4.0
111,168,3.0
111,169,3.0
111,170,4.0
111,171,4.0
111,172,4.0
111,173,2.0
111,174,3.0
111,175,2.0
111,176,4.0
111,177,5.0
111,178,5.0
111,179,4.0
111,180,3.0
111,181,3.0
111,182,3.0
111,183,4.0
111,184,4.0
111,185,3.0
111,186,4.0
111,187,4.0
111,188,4.0
111,189,4.0
111,190,3.0
111,191,3.0
111,192,3.0
111,193,3.0
111,194,4.0
111,195,3.0
111,196,4.0
111,197,4.0
111,198,4.0
111,199,3.0
111,200,3.0
111,201,3.0
111,202,4.0
111,203,3.0
111,204,3.0
111,205,3.0
111,206,4.0
111,207,5.0
111,208,4.0
111,209,3.0
111,210,3.0
111,211,4.0
111,212,4.0
111,213,3.0
111,214,4.0
111,215,5.0
111,216,4.0
111,217,4.0
111,218,4.0
111,219,4.0
111,220,3.0
111,221,4.0
111,222,4.0
111,223,2.0
111,224,3.0
111,225,3.0
111,226,4.0
111,227,3.0
111,228,4.0
111,229,3.0
111,230,3.0
111,231,3.0
111,232,5.0
111,233,5.0
111,234,4.0
111,235,3.0
111,236,3.0
111,237,4.0
111,238,4.0
111,239,3.0
111,240,4.0
111,241,3.0
111,242,3.0
111,243,4.0
111,244,1.0
111,245,2.0
111,246,4.0
111,247,3.0
111,248,4.0
111,249,3.0
111,250,3.0
111,251,4.0
111,252,3.0
111,253,3.0
111,254,4.0
111,255,4.0
111,256,4.0
111,257,4.0
111,258,4.0
111,259,3.0
111,260,3.0
111,261,3.0
111,262,3.0
111,263,4.0
111,264,4.0
111,265,4.0
111,266,4.0
111,267,3.0
111,268,3.0
111,269,4.0
111,270,4.0
111,271,2.0
111,272,3.0
111,273,3.0
111,274,6.0
111,275,3.0
111,276,3.0
111,277,3.0
111,278,4.0
111,279,4.0
111,280,3.0
111,281,4.0
111,282,4.0
111,283,4.0
111,284,3.0
111,285,2.0
111,286,4.0
111,287,4.0
111,288,3.0
111,289,3.0
111,290,3.0
111,291,3.0
111,292,3.0
111,293,5.0
111,294,4.0
111,295,3.0
111,296,4.0
111,297,3.0
111,298,5.0
111,299,4.0
111,300,4.0
111,301,4.0
111,302,3.0
111,303,3.0
111,304,4.0
111,305,4.0
111,306,3.0
111,307,3.0
111,308,4.0
111,309,4.0
111,310,3.0
111,311,4.0
111,312,3.0
111,313,3.0
111,314,3.0
111,315,6.0
111,316,3.0
111,317,4.0
111,318,5.0
111,319,2.0
111,320,3.0
111,321,3.0
111,322,3.0
111,323,4.0
111,324,3.0
111,325,3.0
111,326,3.0
111,327,3.0
111,328,1.0
111,329,4.0
111,330,3.0
111,331,4.0
111,332,4.0
111,333,4.0
111,334,3.0
111,335,4.0
111,336,3.0
111,337,2.0
111,338,4.0
111,339,4.0
111,340,4.0
111,341,4.0
111,342,3.0
111,343,1.0
111,344,3.0
111,345,4.0
111,346,3.0
111,347,3.0
111,348,3.0
111,349,4.0
111,350,3.0
111,351,3.0
111,352,3.0
111,353,4.0
111,354,3.0
111,355,4.0
111,356,4.0
111,357,3.0
111,358,3.0
111,359,6.0
111,360,4.0
111,361,3.0
111,362,3.0
111,363,5.0
111,364,4.0
111,365,4.0
111,366,3.0
111,367,3.0
111,368,4.0
111,369,4.0
111,370,3.0
111,371,3.0
111,372,3.0
111,373,4.0
111,374,3.0
111,375,5.0
111,376,3.0
111,377,4.0
112,113,5.0
112,114,4.0
112,115,4.0
112,116,4.0
112,117,5.0
112,118,6.0
112,119,5.0
112,120,5.0
112,121,6.0
112,122,5.0
112,123,5.0
112,124,3.0
112,125,3.0
112,126,3.0
112,127,3.0
112,128,4.0
112,129,3.0
112,130,3.0
112,131,3.0
112,132,5.0
112,133,5.0
112,134,5.0
112,135,5.0
112,136,4.0
112,137,4.0
112,138,4.0
112,139,4.0
112,140,5.0
112,141,5.0
112,142,4.0
112,143,2.0
112,144,2.0
112,145,5.0
112,146,3.0
112,147,4.0
112,148,4.0
112,149,3.0
112,150,5.0
112,151,5.0
112,152,4.0
112,153,3.0
112,154,5.0
112,155,4.0
112,156,4.0
112,157,6.0
112,158,6.0
112,159,2.0
112,160,5.0
112,161,3.0
112,162,3.0
112,163,6.0
112,164,3.0
112,165,4.0
112,166,4.0
112,167,6.0
112,168,3.0
112,169,4.0
112,170,6.0
112,171,5.0
112,172,6.0
112,173,3.0
112,174,3.0
112,175,3.0
112,176,5.0
112,177,6.0
112,178,6.0
112,179,4.0
112,180,5.0
112,181,5.0
112,182,5.0
112,183,4.0
112,184,4.0
112,185,3.0
112,186,4.0
112,187,4.0
112,188,3.0
112,189,5.0
112,190,3.0
112,191,3.0
112,192,3.0
112,193,4.0
112,194,6.0
112,195,4.0
112,196,5.0
112,197,5.0
112,198,5.0
112,199,3.0
112,200,3.0
112,201,3.0
112,202,5.0
112,203,4.0
112,204,4.0
112,205,4.0
112,206,5.0
112,207,5.0
112,208,6.0
112,209,4.0
112,210,4.0
112,211,5.0
112,212,5.0
112,213,3.0
112,214,5.0
112,215,5.0
112,216,6.0
112,217,4.0
112,218,5.0
112,219,4.0
112,220,4.0
112,221,5.0
112,222,4.0
112,223,4.0
112,224,3.0
112,225,4.0
112,226,5.0
112,227,4.0
112,228,4.0
112,229,5.0
112,230,3.0
112,231,4.0
112,232,5.0
112,233,7.0
112,234,5.0
112,235,4.0
112,236,4.0
112,237,5.0
112,238,5.0
112,239,3.0
112,240,5.0
112,241,3.0
112,242,4.0
112,243,5.0
112,244,2.0
112,245,2.0
112,246,4.0
112,247,3.0
112,248,3.0
112,249,4.0
112,250,4.0
112,251,4.0
112,252,4.0
112,253,4.0
112,254,6.0
112,255,5.0
112,256,5.0
112,257,5.0
112,258,5.0
112,259,5.0
112,260,3.0
112,261,3.0
112,262,4.0
112,263,5.0
112,264,5.0
112,265,5.0
112,266,4.0
112,267,4.0
112,268,4.0
112,269,5.0
112,270,6.0
112,271,3.0
112,272,3.0
112,273,4.0
112,274,5.0
112,275,3.0
112,276,4.0
112,277,3.0
112,278,5.0
112,279,5.0
112,280,4.0
112,281,5.0
112,282,4.0
112,283,6.0
112,284,2.0
112,285,3.0
112,286,5.0
112,287,6.0
112,288,2.0
112,289,3.0
112,290,4.0
112,291,4.0
112,292,4.0
112,293,7.0
112,294,6.0
112,295,3.0
112,296,5.0
112,297,3.0
112,298,4.0
112,299,4.0
112,300,5.0
112,301,5.0
112,302,3.0
112,303,2.0
112,304,6.0
112,305,5.0
112,306,3.0
112,307,3.0
112,308,5.0
112,309,5.0
112,310,3.0
112,311,5.0
112,312,5.0
112,313,4.0
112,314,3.0
112,315,5.0
112,316,4.0
112,317,6.0
112,318,5.0
112,319,3.0
112,320,3.0
112,321,3.0
112,322,4.0
112,323,5.0
112,324,3.0
112,325,3.0
112,326,4.0
112,327,5.0
112,328,2.0
112,329,5.0
112,330,4.0
112,331,4.0
112,332,3.0
112,333,6.0
112,334,3.0
112,335,4.0
112,336,5.0
112,337,3.0
112,338,5.0
112,339,6.0
112,340,5.0
112,341,5.0
112,342,4.0
112,343,2.0
112,344,3.0
112,345,5.0
112,346,4.0
112,347,3.0
112,348,4.0
112,349,5.0
112,350,3.0
112,351,3.0
112,352,4.0
112,353,5.0
112,354,2.0
112,355,3.0
112,356,5.0
112,357,4.0
112,358,4.0
112,359,5.0
112,360,5.0
112,361,3.0
112,362,4.0
112,363,6.0
112,364,4.0
112,365,6.0
112,366,3.0
112,367,3.0
112,368,4.0
112,369,5.0
112,370,4.0
112,371,3.0
112,372,3.0
112,373,6.0
112,374,4.0
112,375,6.0
112,376,4.0
112,377,4.0
113,114,4.0
113,115,4.0
113,116,4.0
113,117,4.0
113,118,4.0
113,119,6.0
113,120,4.0
113,121,4.0
113,122,6.0
113,123,3.0
113,124,2.0
113,125,2.0
113,126,3.0
113,127,3.0
113,128,4.0
113,129,3.0
113,130,3.0
113,131,3.0
113,132,4.0
113,133,4.0
113,134,4.0
113,135,4.0
113,136,4.0
113,137,4.0
113,138,4.0
113,139,4.0
113,140,4.0
113,141,4.0
113,142,3.0
113,143,3.0
113,144,3.0
113,145,4.0
113,146,4.0
113,147,4.0
113,148,4.0
113,149,4.0
113,150,4.0
113,151,4.0
113,152,4.0
113,153,2.0
113,154,4.0
113,155,3.0
113,156,3.0
113,157,4.0
113,158,4.0
113,159,3.0
113,160,5.0
113,161,2.0
113,162,3.0
113,163,4.0
113,164,4.0
113,165,4.0
113,166,3.0
113,167,4.0
113,168,3.0
113,169,3.0
113,170,4.0
113,171,4.0
113,172,4.0
113,173,2.0
113,174,3.0
113,175,2.0
113,176,4.0
113,177,5.0
113,178,5.0
113,179,4.0
113,180,3.0
113,181,3.0
113,182,3.0
113,183,4.0
113,184,4.0
113,185,3.0
113,186,4.0
113,187,4.0
113,188,4.0
113,189,4.0
113,190,3.0
113,191,3.0
113,192,3.0
113,193,3.0
113,194,4.0
113,195,3.0
113,196,4.0
113,197,4.0
113,198,4.0
113,199,3.0
113,200,3.0
113,201,3.0
113,202,4.0
113,203,3.0
113,204,3.0
113,205,3.0
113,206,4.0
113,207,5.0
113,208,4.0
113,209,3.0
113,210,3.0
113,211,4.0
113,212,4.0
113,213,3.0
113,214,4.0
113,215,5.0
113,216,4.0
113,217,4.0
113,218,4.0
113,219,4.0
113,220,3.0
113,221,4.0
113,222,4.0
113,223,2.0
113,224,3.0
113,225,3.0
113,226,4.0
113,227,3.0
113,228,4.0
113,229,3.0
113,230,3.0
113,231,3.0
113,232,5.0
113,233,5.0
113,234,4.0
113,235,3.0
113,236,3.0
113,237,4.0
113,238,4.0
113,239,3.0
113,240,4.0
113,241,3.0
113,242,3.0
113,243,4.0
113,244,1.0
113,245,2.0
113,246,4.0
113,247,3.0
113,248,4.0
113,249,3.0
113,250,3.0
113,251,4.0
113,252,3.0
113,253,3.0
113,254,4.0
113,255,4.0
113,256,4.0
113,257,4.0
113,258,4.0
113,259,3.0
113,260,3.0
113,261,3.0
113,262,3.0
113,263,4.0
113,264,4.0
113,265,4.0
113,266,4.0
113,267,3.0
113,268,3.0
113,269,4.0
113,270,4.0
113,271,2.0
113,272,3.0
113,273,3.0
113,274,6.0
113,275,3.0
113,276,3.0
113,277,3.0
113,278,4.0
113,279,4.0
113,280,3.0
113,281,4.0
113,282,4.0
113,283,4.0
113,284,3.0
113,285,2.0
113,286,4.0
113,287,4.0
113,288,3.0
113,289,3.0
113,290,3.0
113,291,3.0
113,292,3.0
113,293,5.0
113,294,4.0
113,295,3.0
113,296,4.0
113,297,3.0
113,298,5.0
113,299,4.0
113,300,4.0
113,301,4.0
113,302,3.0
113,303,3.0
113,304,4.0
113,305,4.0
113,306,3.0
113,307,3.0
113,308,4.0
113,309,4.0
113,310,3.0
113,311,4.0
113,312,3.0
113,313,3.0
113,314,3.0
113,315,6.0
113,316,3.0
113,317,4.0
113,318,5.0
113,319,2.0
113,320,3.0
113,321,3.0
113,322,3.0
113,323,4.0
113,324,3.0
113,325,3.0
113,326,3.0
113,327,3.0
113,328,1.0
113,329,4.0
113,330,3.0
113,331,4.0
113,332,4.0
113,333,4.0
113,334,3.0
113,335,4.0
113,336,3.0
113,337,2.0
113,338,4.0
113,339,4.0
113,340,4.0
113,341,4.0
113,342,3.0
113,343,1.0
113,344,3.0
113,345,4.0
113,346,3.0
113,347,3.0
113,348,3.0
113,349,4.0
113,350,3.0
113,351,3.0
113,352,3.0
113,353,4.0
113,354,3.0
113,355,4.0
113,356,4.0
113,357,3.0
113,358,3.0
113,359,6.0
113,360,4.0
113,361,3.0
113,362,3.0
113,363,5.0
113,364,4.0
113,365,4.0
113,366,3.0
113,367,3.0
113,368,4.0
113,369,4.0
113,370,3.0
113,371,3.0
113,372,3.0
113,373,4.0
113,374,3.0
113,375,5.0
113,376,3.0
113,377,4.0
114,115,7.0
114,116,7.0
114,117,6.0
114,118,3.0
114,119,5.0
114,120,6.0
114,121,3.0
114,122,5.0
114,123,4.0
114,124,2.0
114,125,2.0
114,126,4.0
114,127,4.0
114,128,7.0
114,129,4.0
114,130,4.0
114,131,4.0
114,132,4.0
114,133,4.0
114,134,4.0
114,135,4.0
114,136,6.0
114,137,6.0
114,138,6.0
114,139,7.0
114,140,6.0
114,141,6.0
114,142,4.0
114,143,2.0
114,144,2.0
114,145,5.0
114,146,3.0
114,147,6.0
114,148,6.0
114,149,3.0
114,150,6.0
114,151,6.0
114,152,3.0
114,153,3.0
114,154,5.0
114,155,3.0
114,156,5.0
114,157,4.0
114,158,4.0
114,159,3.0
114,160,5.0
114,161,2.0
114,162,4.0
114,163,4.0
114,164,3.0
114,165,6.0
114,166,4.0
114,167,4.0
114,168,3.0
114,169,3.0
114,170,4.0
114,171,6.0
114,172,4.0
114,173,4.0
114,174,6.0
114,175,2.0
114,176,4.0
114,177,5.0
114,178,5.0
114,179,5.0
114,180,3.0
114,181,3.0
114,182,4.0
114,183,5.0
114,184,5.0
114,185,6.0
114,186,5.0
114,187,5.0
114,188,4.0
114,189,4.0
114,190,3.0
114,191,3.0
114,192,3.0
114,193,4.0
114,194,4.0
114,195,4.0
114,196,6.0
114,197,6.0
114,198,6.0
114,199,4.0
114,200,4.0
114,201,4.0
114,202,6.0
114,203,5.0
114,204,4.0
114,205,4.0
114,206,3.0
114,207,4.0
114,208,4.0
114,209,4.0
114,210,4.0
114,211,6.0
114,212,5.0
114,213,4.0
114,214,6.0
114,215,5.0
114,216,5.0
114,217,5.0
114,218,4.0
114,219,4.0
114,220,5.0
114,221,6.0
114,222,4.0
114,223,3.0
114,224,4.0
114,225,4.0
114,226,6.0
114,227,4.0
114,228,4.0
114,229,4.0
114,230,3.0
114,231,4.0
114,232,5.0
114,233,4.0
114,234,5.0
114,235,4.0
114,236,3.0
114,237,6.0
114,238,5.0
114,239,4.0
114,240,6.0
114,241,4.0
114,242,4.0
114,243,6.0
114,244,2.0
114,245,2.0
114,246,5.0
114,247,4.0
114,248,4.0
114,249,4.0
114,250,4.0
114,251,4.0
114,252,4.0
114,253,4.0
114,254,5.0
114,255,4.0
114,256,5.0
114,257,6.0
114,258,5.0
114,259,4.0
114,260,4.0
114,261,4.0
114,262,5.0
114,263,6.0
114,264,6.0
114,265,4.0
114,266,4.0
114,267,4.0
114,268,5.0
114,269,5.0
114,270,4.0
114,271,2.0
114,272,3.0
114,273,4.0
114,274,5.0
114,275,4.0
114,276,4.0
114,277,3.0
114,278,6.0
114,279,5.0
114,280,4.0
114,281,4.0
114,282,5.0
114,283,5.0
114,284,2.0
114,285,2.0
114,286,6.0
114,287,4.0
114,288,4.0
114,289,4.0
114,290,3.0
114,291,3.0
114,292,4.0
114,293,4.0
114,294,4.0
114,295,4.0
114,296,6.0
114,297,4.0
114,298,4.0
114,299,5.0
114,300,6.0
114,301,6.0
114,302,4.0
114,303,2.0
114,304,5.0
114,305,4.0
114,306,4.0
114,307,3.0
114,308,5.0
114,309,6.0
114,310,4.0
114,311,6.0
114,312,4.0
114,313,4.0
114,314,4.0
114,315,5.0
114,316,4.0
114,317,4.0
114,318,4.0
114,319,3.0
114,320,3.0
114,321,4.0
114,322,5.0
114,323,6.0
114,324,3.0
114,325,6.0
114,326,4.0
114,327,4.0
114,328,2.0
114,329,5.0
114,330,4.0
114,331,6.0
114,332,3.0
114,333,5.0
114,334,6.0
114,335,7.0
114,336,4.0
114,337,3.0
114,338,6.0
114,339,3.0
114,340,6.0
114,341,4.0
114,342,3.0
114,343,2.0
114,344,4.0
114,345,5.0
114,346,5.0
114,347,4.0
114,348,4.0
114,349,6.0
114,350,4.0
114,351,4.0
114,352,3.0
114,353,6.0
114,354,2.0
114,355,4.0
114,356,6.0
114,357,4.0
114,358,4.0
114,359,5.0
114,360,6.0
114,361,3.0
114,362,4.0
114,363,5.0
114,364,6.0
114,365,4.0
114,366,3.0
114,367,4.0
114,368,4.0
114,369,4.0
114,370,5.0
114,371,4.0
114,372,4.0
114,373,4.0
114,374,4.0
114,375,4.0
114,376,5.0
114,377,5.0
115,116,7.0
115,117,6.0
115,118,3.0
115,119,5.0
115,120,6.0
115,121,3.0
115,122,5.0
115,123,4.0
115,124,2.0
115,125,2.0
115,126,4.0
115,127,4.0
115,128,7.0
115,129,4.0
115,130,4.0
115,131,4.0
115,132,4.0
115,133,4.0
115,134,4.0
115,135,4.0
115,136,6.0
115,137,6.0
115,138,6.0
115,139,7.0
115,140,6.0
115,141,6.0
115,142,4.0
115,143,2.0
115,144,2.0
115,145,5.0
115,146,3.0
115,147,6.0
115,148,6.0
115,149,3.0
115,150,6.0
115,151,6.0
115,152,3.0
115,153,3.0
115,154,5.0
115,155,3.0
115,156,5.0
115,157,4.0
115,158,4.0
115,159,3.0
115,160,5.0
115,161,2.0
115,162,4.0
115,163,4.0
115,164,3.0
115,165,6.0
115,166,4.0
115,167,4.0
115,168,3.0
115,169,3.0
115,170,4.0
115,171,6.0
115,172,4.0
115,173,4.0
115,174,6.0
115,175,2.0
115,176,4.0
115,177,5.0
115,178,5.0
115,179,5.0
115,180,3.0
115,181,3.0
115,182,4.0
115,183,5.0
115,184,5.0
115,185,6.0
115,186,5.0
115,187,5.0
115,188,4.0
115,189,4.0
115,190,3.0
115,191,3.0
115,192,3.0
115,193,4.0
115,194,4.0
115,195,4.0
115,196,6.0
115,197,6.0
115,198,6.0
115,199,4.0
115,200,4.0
115,201,4.0
115,202,6.0
115,203,5.0
115,204,4.0
115,205,4.0
115,206,3.0
115,207,4.0
115,208,4.0
115,209,4.0
115,210,4.0
115,211,6.0
115,212,5.0
115,213,4.0
115,214,6.0
115,215,5.0
115,216,5.0
115,217,5.0
115,218,4.0
115,219,4.0
115,220,5.0
115,221,6.0
115,222,4.0
115,223,3.0
115,224,4.0
115,225,4.0
115,226,6.0
115,227,4.0
115,228,4.0
115,229,4.0
115,230,3.0
115,231,4.0
115,232,5.0
115,233,4.0
115,234,5.0
115,235,4.0
115,236,3.0
115,237,6.0
115,238,5.0
115,239,4.0
115,240,6.0
115,241,4.0
115,242,4.0
115,243,6.0
115,244,2.0
115,245,2.0
115,246,5.0
115,247,4.0
115,248,4.0
115,249,4.0
115,250,4.0
115,251,4.0
115,252,4.0
115,253,4.0
115,254,5.0
115,255,4.0
115,256,5.0
115,257,6.0
115,258,5.0
115,259,4.0
115,260,4.0
115,261,4.0
115,262,5.0
115,263,6.0
115,264,6.0
115,265,4.0
115,266,4.0
115,267,4.0
115,268,5.0
115,269,5.0
115,270,4.0
115,271,2.0
115,272,3.0
115,273,4.0
115,274,5.0
115,275,4.0
115,276,4.0
115,277,3.0
115,278,6.0
115,279,5.0
115,280,4.0
115,281,4.0
115,282,5.0
115,283,5.0
115,284,2.0
115,285,2.0
115,286,6.0
115,287,4.0
115,288,4.0
115,289,4.0
115,290,3.0
115,291,3.0
115,292,4.0
115,293,4.0
115,294,4.0
115,295,4.0
115,296,6.0
115,297,4.0
115,298,4.0
115,299,5.0
115,300,6.0
115,301,6.0
115,302,4.0
115,303,2.0
115,304,5.0
115,305,4.0
115,306,4.0
115,307,3.0
115,308,5.0
115,309,6.0
115,310,4.0
115,311,6.0
115,312,4.0
115,313,4.0
115,314,4.0
115,315,5.0
115,316,4.0
115,317,4.0
115,318,4.0
115,319,3.0
115,320,3.0
115,321,4.0
115,322,5.0
115,323,6.0
115,324,3.0
115,325,6.0
115,326,4.0
115,327,4.0
115,328,2.0
115,329,5.0
115,330,4.0
115,331,6.0
115,332,3.0
115,333,5.0
115,334,6.0
115,335,7.0
115,336,4.0
115,337,3.0
115,338,6.0
115,339,3.0
115,340,6.0
115,341,4.0
115,342,3.0
115,343,2.0
115,344,4.0
115,345,5.0
115,346,5.0
115,347,4.0
115,348,4.0
115,349,6.0
115,350,4.0
115,351,4.0
115,352,3.0
115,353,6.0
115,354,2.0
115,355,4.0
115,356,6.0
115,357,4.0
115,358,4.0
115,359,5.0
115,360,6.0
115,361,3.0
115,362,4.0
115,363,5.0
115,364,6.0
115,365,4.0
115,366,3.0
115,367,4.0
115,368,4.0
115,369,4.0
115,370,5.0
115,371,4.0
115,372,4.0
115,373,4.0
115,374,4.0
115,375,4.0
115,376,5.0
115,377,5.0
116,117,6.0
116,118,3.0
116,119,5.0
116,120,6.0
116,121,3.0
116,122,5.0
116,123,4.0
116,124,2.0
116,125,2.0
116,126,4.0
116,127,4.0
116,128,7.0
116,129,4.0
116,130,4.0
116,131,4.0
116,132,4.0
116,133,4.0
116,134,4.0
116,135,4.0
116,136,6.0
116,137,6.0
116,138,6.0
116,139,7.0
116,140,6.0
116,141,6.0
116,142,4.0
116,143,2.0
116,144,2.0
116,145,5.0
116,146,3.0
116,147,6.0
116,148,6.0
116,149,3.0
116,150,6.0
116,151,6.0
116,152,3.0
116,153,3.0
116,154,5.0
116,155,3.0
116,156,5.0
116,157,4.0
116,158,4.0
116,159,3.0
116,160,5.0
116,161,2.0
116,162,4.0
116,163,4.0
116,164,3.0
116,165,6.0
116,166,4.0
116,167,4.0
116,168,3.0
116,169,3.0
116,170,4.0
116,171,6.0
116,172,4.0
116,173,4.0
116,174,6.0
116,175,2.0
116,176,4.0
116,177,5.0
116,178,5.0
116,179,5.0
116,180,3.0
116,181,3.0
116,182,4.0
116,183,5.0
116,184,5.0
116,185,6.0
116,186,5.0
116,187,5.0
116,188,4.0
116,189,4.0
116,190,3.0
116,191,3.0
116,192,3.0
116,193,4.0
116,194,4.0
116,195,4.0
116,196,6.0
116,197,6.0
116,198,6.0
116,199,4.0
116,200,4.0
116,201,4.0
116,202,6.0
116,203,5.0
116,204,4.0
116,205,4.0
116,206,3.0
116,207,4.0
116,208,4.0
116,209,4.0
116,210,4.0
116,211,6.0
116,212,5.0
116,213,4.0
116,214,6.0
116,215,5.0
116,216,5.0
116,217,5.0
116,218,4.0
116,219,4.0
116,220,5.0
116,221,6.0
116,222,4.0
116,223,3.0
116,224,4.0
116,225,4.0
116,226,6.0
116,227,4.0
116,228,4.0
116,229,4.0
116,230,3.0
116,231,4.0
116,232,5.0
116,233,4.0
116,234,5.0
116,235,4.0
116,236,3.0
116,237,6.0
116,238,5.0
116,239,4.0
116,240,6.0
116,241,4.0
116,242,4.0
116,243,6.0
116,244,2.0
116,245,2.0
116,246,5.0
116,247,4.0
116,248,4.0
116,249,4.0
116,250,4.0
116,251,4.0
116,252,4.0
116,253,4.0
116,254,5.0
116,255,4.0
116,256,5.0
116,257,6.0
116,258,5.0
116,259,4.0
116,260,4.0
116,261,4.0
116,262,5.0
116,263,6.0
116,264,6.0
116,265,4.0
116,266,4.0
116,267,4.0
116,268,5.0
116,269,5.0
116,270,4.0
116,271,2.0
116,272,3.0
116,273,4.0
116,274,5.0
116,275,4.0
116,276,4.0
116,277,3.0
116,278,6.0
116,279,5.0
116,280,4.0
116,281,4.0
116,282,5.0
116,283,5.0
116,284,2.0
116,285,2.0
116,286,6.0
116,287,4.0
116,288,4.0
116,289,4.0
116,290,3.0
116,291,3.0
116,292,4.0
116,293,4.0
116,294,4.0
116,295,4.0
116,296,6.0
116,297,4.0
116,298,4.0
116,299,5.0
116,300,6.0
116,301,6.0
116,302,4.0
116,303,2.0
116,304,5.0
116,305,4.0
116,306,4.0
116,307,3.0
116,308,5.0
116,309,6.0
116,310,4.0
116,311,6.0
116,312,4.0
116,313,4.0
116,314,4.0
116,315,5.0
116,316,4.0
116,317,4.0
116,318,4.0
116,319,3.0
116,320,3.0
116,321,4.0
116,322,5.0
116,323,6.0
116,324,3.0
116,325,6.0
116,326,4.0
116,327,4.0
116,328,2.0
116,329,5.0
116,330,4.0
116,331,6.0
116,332,3.0
116,333,5.0
116,334,6.0
116,335,7.0
116,336,4.0
116,337,3.0
116,338,6.0
116,339,3.0
116,340,6.0
116,341,4.0
116,342,3.0
116,343,2.0
116,344,4.0
116,345,5.0
116,346,5.0
116,347,4.0
116,348,4.0
116,349,6.0
116,350,4.0
116,351,4.0
116,352,3.0
116,353,6.0
116,354,2.0
116,355,4.0
116,356,6.0
116,357,4.0
116,358,4.0
116,359,5.0
116,360,6.0
116,361,3.0
116,362,4.0
116,363,5.0
116,364,6.0
116,365,4.0
116,366,3.0
116,367,4.0
116,368,4.0
116,369,4.0
116,370,5.0
116,371,4.0
116,372,4.0
116,373,4.0
116,374,4.0
116,375,4.0
116,376,5.0
116,377,5.0
117,118,4.0
117,119,4.0
117,120,7.0
117,121,4.0
117,122,4.0
117,123,4.0
117,124,2.0
117,125,2.0
117,126,4.0
117,127,4.0
117,128,6.0
117,129,4.0
117,130,4.0
117,131,4.0
117,132,4.0
117,133,4.0
117,134,4.0
117,135,4.0
117,136,5.0
117,137,5.0
117,138,5.0
117,139,6.0
117,140,7.0
117,141,7.0
117,142,5.0
117,143,2.0
117,144,2.0
117,145,6.0
117,146,3.0
117,147,5.0
117,148,5.0
117,149,3.0
117,150,6.0
117,151,6.0
117,152,4.0
117,153,4.0
117,154,6.0
117,155,4.0
117,156,6.0
117,157,5.0
117,158,5.0
117,159,2.0
117,160,5.0
117,161,2.0
117,162,4.0
117,163,5.0
117,164,3.0
117,165,5.0
117,166,4.0
117,167,5.0
117,168,3.0
117,169,4.0
117,170,5.0
117,171,7.0
117,172,5.0
117,173,5.0
117,174,5.0
117,175,2.0
117,176,4.0
117,177,5.0
117,178,5.0
117,179,6.0
117,180,3.0
117,181,3.0
117,182,4.0
117,183,4.0
117,184,4.0
117,185,5.0
117,186,6.0
117,187,6.0
117,188,4.0
117,189,4.0
117,190,4.0
117,191,4.0
117,192,4.0
117,193,4.0
117,194,5.0
117,195,5.0
117,196,7.0
117,197,7.0
117,198,7.0
117,199,4.0
117,200,4.0
117,201,4.0
117,202,7.0
117,203,6.0
117,204,5.0
117,205,5.0
117,206,4.0
117,207,4.0
117,208,5.0
117,209,5.0
117,210,5.0
117,211,7.0
117,212,6.0
117,213,4.0
117,214,7.0
117,215,5.0
117,216,5.0
117,217,4.0
117,218,4.0
117,219,4.0
117,220,6.0
117,221,7.0
117,222,4.0
117,223,4.0
117,224,4.0
117,225,5.0
117,226,5.0
117,227,5.0
117,228,4.0
117,229,4.0
117,230,3.0
117,231,5.0
117,232,5.0
117,233,5.0
117,234,6.0
117,235,5.0
117,236,4.0
117,237,7.0
117,238,6.0
117,239,4.0
117,240,7.0
117,241,4.0
117,242,5.0
117,243,7.0
117,244,2.0
117,245,3.0
117,246,4.0
117,247,4.0
117,248,4.0
117,249,5.0
117,250,5.0
117,251,4.0
117,252,5.0
117,253,5.0
117,254,5.0
117,255,4.0
117,256,6.0
117,257,7.0
117,258,6.0
117,259,4.0
117,260,4.0
117,261,4.0
117,262,6.0
117,263,7.0
117,264,7.0
117,265,4.0
117,266,4.0
117,267,5.0
117,268,6.0
117,269,6.0
117,270,5.0
117,271,3.0
117,272,3.0
117,273,5.0
117,274,4.0
117,275,4.0
117,276,5.0
117,277,3.0
117,278,7.0
117,279,6.0
117,280,5.0
117,281,4.0
117,282,4.0
117,283,5.0
117,284,2.0
117,285,2.0
117,286,7.0
117,287,5.0
117,288,3.0
117,289,4.0
117,290,3.0
117,291,3.0
117,292,5.0
117,293,5.0
117,294,5.0
117,295,4.0
117,296,7.0
117,297,4.0
117,298,4.0
117,299,4.0
117,300,7.0
117,301,7.0
117,302,4.0
117,303,2.0
117,304,5.0
117,305,4.0
117,306,3.0
117,307,3.0
117,308,6.0
117,309,7.0
117,310,4.0
117,311,7.0
117,312,4.0
117,313,5.0
117,314,4.0
117,315,4.0
117,316,5.0
117,317,5.0
117,318,4.0
117,319,4.0
117,320,3.0
117,321,4.0
117,322,6.0
117,323,7.0
117,324,3.0
117,325,5.0
117,326,5.0
117,327,4.0
117,328,2.0
117,329,6.0
117,330,5.0
117,331,5.0
117,332,3.0
117,333,5.0
117,334,5.0
117,335,6.0
117,336,4.0
117,337,3.0
117,338,7.0
117,339,4.0
117,340,7.0
117,341,4.0
117,342,4.0
117,343,2.0
117,344,4.0
117,345,6.0
117,346,6.0
117,347,4.0
117,348,5.0
117,349,7.0
117,350,3.0
117,351,4.0
117,352,4.0
117,353,7.0
117,354,2.0
117,355,4.0
117,356,7.0
117,357,5.0
117,358,5.0
117,359,4.0
117,360,7.0
117,361,3.0
117,362,5.0
117,363,5.0
117,364,5.0
117,365,5.0
117,366,3.0
117,367,4.0
117,368,4.0
117,369,4.0
117,370,4.0
117,371,4.0
117,372,4.0
117,373,5.0
117,374,5.0
117,375,4.0
117,376,6.0
117,377,4.0
118,119,4.0
118,120,4.0
118,121,7.0
118,122,4.0
118,123,4.0
118,124,3.0
118,125,3.0
118,126,3.0
118,127,3.0
118,128,3.0
118,129,3.0
118,130,3.0
118,131,3.0
118,132,5.0
118,133,5.0
118,134,5.0
118,135,5.0
118,136,4.0
118,137,4.0
118,138,4.0
118,139,3.0
118,140,4.0
118,141,4.0
118,142,4.0
118,143,2.0
118,144,2.0
118,145,5.0
118,146,3.0
118,147,4.0
118,148,4.0
118,149,3.0
118,150,4.0
118,151,4.0
118,152,4.0
118,153,4.0
118,154,4.0
118,155,4.0
118,156,4.0
118,157,5.0
118,158,5.0
118,159,2.0
118,160,5.0
118,161,3.0
118,162,3.0
118,163,5.0
118,164,3.0
118,165,4.0
118,166,3.0
118,167,5.0
118,168,3.0
118,169,4.0
118,170,5.0
118,171,4.0
118,172,5.0
118,173,2.0
118,174,2.0
118,175,3.0
118,176,5.0
118,177,5.0
118,178,5.0
118,179,3.0
118,180,4.0
118,181,4.0
118,182,5.0
118,183,3.0
118,184,3.0
118,185,2.0
118,186,3.0
118,187,3.0
118,188,3.0
118,189,5.0
118,190,3.0
118,191,3.0
118,192,3.0
118,193,4.0
118,194,5.0
118,195,4.0
118,196,4.0
118,197,4.0
118,198,4.0
118,199,4.0
118,200,4.0
118,201,4.0
118,202,4.0
118,203,3.0
118,204,4.0
118,205,4.0
118,206,5.0
118,207,4.0
118,208,5.0
118,209,4.0
118,210,5.0
118,211,4.0
118,212,4.0
118,213,3.0
118,214,4.0
118,215,5.0
118,216,5.0
118,217,3.0
118,218,5.0
118,219,3.0
118,220,3.0
118,221,4.0
118,222,3.0
118,223,5.0
118,224,3.0
118,225,4.0
118,226,4.0
118,227,4.0
118,228,3.0
118,229,5.0
118,230,3.0
118,231,4.0
118,232,4.0
118,233,6.0
118,234,4.0
118,235,4.0
118,236,4.0
118,237,4.0
118,238,4.0
118,239,3.0
118,240,4.0
118,241,3.0
118,242,4.0
118,243,4.0
118,244,3.0
118,245,2.0
118,246,3.0
118,247,3.0
118,248,2.0
118,249,3.0
118,250,3.0
118,251,3.0
118,252,4.0
118,253,4.0
118,254,5.0
118,255,5.0
118,256,4.0
118,257,4.0
118,258,5.0
118,259,5.0
118,260,3.0
118,261,3.0
118,262,3.0
118,263,4.0
118,264,4.0
118,265,5.0
118,266,3.0
118,267,4.0
118,268,3.0
118,269,4.0
118,270,5.0
118,271,3.0
118,272,3.0
118,273,4.0
118,274,4.0
118,275,3.0
118,276,4.0
118,277,3.0
118,278,4.0
118,279,4.0
118,280,5.0
118,281,5.0
118,282,3.0
118,283,5.0
118,284,2.0
118,285,3.0
118,286,4.0
118,287,5.0
118,288,3.0
118,289,3.0
118,290,3.0
118,291,4.0
118,292,4.0
118,293,6.0
118,294,5.0
118,295,3.0
118,296,4.0
118,297,3.0
118,298,3.0
118,299,3.0
118,300,4.0
118,301,4.0
118,302,3.0
118,303,2.0
118,304,5.0
118,305,5.0
118,306,3.0
118,307,3.0
118,308,5.0
118,309,4.0
118,310,3.0
118,311,4.0
118,312,5.0
118,313,4.0
118,314,3.0
118,315,4.0
118,316,3.0
118,317,5.0
118,318,4.0
118,319,3.0
118,320,3.0
118,321,3.0
118,322,3.0
118,323,4.0
118,324,3.0
118,325,2.0
118,326,4.0
118,327,5.0
118,328,3.0
118,329,5.0
118,330,4.0
118,331,4.0
118,332,3.0
118,333,5.0
118,334,3.0
118,335,3.0
118,336,5.0
118,337,3.0
118,338,4.0
118,339,7.0
118,340,4.0
118,341,5.0
118,342,4.0
118,343,3.0
118,344,3.0
118,345,4.0
118,346,3.0
118,347,3.0
118,348,3.0
118,349,4.0
118,350,3.0
118,351,3.0
118,352,4.0
118,353,4.0
118,354,2.0
118,355,3.0
118,356,4.0
118,357,3.0
118,358,4.0
118,359,4.0
118,360,4.0
118,361,3.0
118,362,4.0
118,363,5.0
118,364,4.0
118,365,5.0
118,366,3.0
118,367,3.0
118,368,3.0
118,369,5.0
118,370,4.0
118,371,3.0
118,372,3.0
118,373,5.0
118,374,4.0
118,375,5.0
118,376,3.0
118,377,3.0
119,120,4.0
119,121,4.0
119,122,7.0
119,123,3.0
119,124,2.0
119,125,2.0
119,126,3.0
119,127,3.0
119,128,5.0
119,129,3.0
119,130,3.0
119,131,3.0
119,132,4.0
119,133,4.0
119,134,4.0
119,135,4.0
119,136,5.0
119,137,5.0
119,138,5.0
119,139,5.0
119,140,4.0
119,141,4.0
119,142,3.0
119,143,2.0
119,144,2.0
119,145,4.0
119,146,4.0
119,147,5.0
119,148,5.0
119,149,4.0
119,150,4.0
119,151,4.0
119,152,4.0
119,153,2.0
119,154,4.0
119,155,3.0
119,156,3.0
119,157,4.0
119,158,4.0
119,159,3.0
119,160,5.0
119,161,2.0
119,162,3.0
119,163,4.0
119,164,4.0
119,165,5.0
119,166,3.0
119,167,4.0
119,168,3.0
119,169,3.0
119,170,4.0
119,171,4.0
119,172,4.0
119,173,2.0
119,174,4.0
119,175,2.0
119,176,4.0
119,177,5.0
119,178,5.0
119,179,4.0
119,180,3.0
119,181,3.0
119,182,3.0
119,183,5.0
119,184,5.0
119,185,4.0
119,186,3.0
119,187,3.0
119,188,4.0
119,189,4.0
119,190,3.0
119,191,3.0
119,192,3.0
119,193,3.0
119,194,4.0
119,195,3.0
119,196,4.0
119,197,4.0
119,198,4.0
119,199,3.0
119,200,3.0
119,201,3.0
119,202,4.0
119,203,3.0
119,204,3.0
119,205,3.0
119,206,4.0
119,207,5.0
119,208,4.0
119,209,3.0
119,210,3.0
119,211,4.0
119,212,4.0
119,213,3.0
119,214,4.0
119,215,5.0
119,216,4.0
119,217,5.0
119,218,4.0
119,219,4.0
119,220,3.0
119,221,4.0
119,222,4.0
119,223,2.0
119,224,3.0
119,225,3.0
119,226,5.0
119,227,3.0
119,228,4.0
119,229,4.0
119,230,3.0
119,231,3.0
119,232,5.0
119,233,5.0
119,234,4.0
119,235,3.0
119,236,3.0
119,237,4.0
119,238,4.0
119,239,3.0
119,240,4.0
119,241,3.0
119,242,3.0
119,243,4.0
119,244,1.0
119,245,2.0
119,246,5.0
119,247,3.0
119,248,4.0
119,249,3.0
119,250,3.0
119,251,4.0
119,252,3.0
119,253,3.0
119,254,4.0
119,255,4.0
119,256,4.0
119,257,4.0
119,258,4.0
119,259,4.0
119,260,3.0
119,261,3.0
119,262,3.0
119,263,4.0
119,264,4.0
119,265,4.0
119,266,4.0
119,267,3.0
119,268,3.0
119,269,4.0
119,270,4.0
119,271,2.0
119,272,3.0
119,273,3.0
119,274,7.0
119,275,3.0
119,276,3.0
119,277,3.0
119,278,4.0
119,279,4.0
119,280,3.0
119,281,4.0
119,282,5.0
119,283,4.0
119,284,2.0
119,285,2.0
119,286,4.0
119,287,4.0
119,288,4.0
119,289,3.0
119,290,3.0
119,291,3.0
119,292,3.0
119,293,5.0
119,294,4.0
119,295,3.0
119,296,4.0
119,297,3.0
119,298,5.0
119,299,5.0
119,300,4.0
119,301,4.0
119,302,3.0
119,303,2.0
119,304,4.0
119,305,4.0
119,306,4.0
119,307,3.0
119,308,4.0
119,309,4.0
119,310,3.0
119,311,4.0
119,312,4.0
119,313,3.0
119,314,3.0
119,315,7.0
119,316,3.0
119,317,4.0
119,318,5.0
119,319,2.0
119,320,3.0
119,321,3.0
119,322,3.0
119,323,4.0
119,324,3.0
119,325,4.0
119,326,3.0
119,327,4.0
119,328,1.0
119,329,4.0
119,330,3.0
119,331,5.0
119,332,4.0
119,333,4.0
119,334,4.0
119,335,5.0
119,336,3.0
119,337,2.0
119,338,4.0
119,339,4.0
119,340,4.0
119,341,4.0
119,342,3.0
119,343,1.0
119,344,3.0
119,345,4.0
119,346,3.0
119,347,3.0
119,348,3.0
119,349,4.0
119,350,4.0
119,351,3.0
119,352,3.0
119,353,4.0
119,354,2.0
119,355,4.0
119,356,4.0
119,357,3.0
119,358,3.0
119,359,7.0
119,360,4.0
119,361,3.0
119,362,3.0
119,363,5.0
119,364,5.0
119,365,4.0
119,366,3.0
119,367,3.0
119,368,4.0
119,369,4.0
119,370,4.0
119,371,3.0
119,372,3.0
119,373,4.0
119,374,3.0
119,375,5.0
119,376,3.0
119,377,5.0
120,121,4.0
120,122,4.0
120,123,4.0
120,124,2.0
120,125,2.0
120,126,4.0
120,127,4.0
120,128,6.0
120,129,4.0
120,130,4.0
120,131,4.0
120,132,4.0
120,133,4.0
120,134,4.0
120,135,4.0
120,136,5.0
120,137,5.0
120,138,5.0
120,139,6.0
120,140,7.0
120,141,7.0
120,142,5.0
120,143,2.0
120,144,2.0
120,145,6.0
120,146,3.0
120,147,5.0
120,148,5.0
120,149,3.0
120,150,6.0
120,151,6.0
120,152,4.0
120,153,4.0
120,154,6.0
120,155,4.0
120,156,6.0
120,157,5.0
120,158,5.0
120,159,2.0
120,160,5.0
120,161,2.0
120,162,4.0
120,163,5.0
120,164,3.0
120,165,5.0
120,166,4.0
120,167,5.0
120,168,3.0
120,169,4.0
120,170,5.0
120,171,7.0
120,172,5.0
120,173,5.0
120,174,5.0
120,175,2.0
120,176,4.0
120,177,5.0
120,178,5.0
120,179,6.0
120,180,3.0
120,181,3.0
120,182,4.0
120,183,4.0
120,184,4.0
120,185,5.0
120,186,6.0
120,187,6.0
120,188,4.0
120,189,4.0
120,190,4.0
120,191,4.0
120,192,4.0
120,193,4.0
120,194,5.0
120,195,5.0
120,196,7.0
120,197,7.0
120,198,7.0
120,199,4.0
120,200,4.0
120,201,4.0
120,202,7.0
120,203,6.0
120,204,5.0
120,205,5.0
120,206,4.0
120,207,4.0
120,208,5.0
120,209,5.0
120,210,5.0
120,211,7.0
120,212,6.0
120,213,4.0
120,214,7.0
120,215,5.0
120,216,5.0
120,217,4.0
120,218,4.0
120,219,4.0
120,220,6.0
120,221,7.0
120,222,4.0
120,223,4.0
120,224,4.0
120,225,5.0
120,226,5.0
120,227,5.0
120,228,4.0
120,229,4.0
120,230,3.0
120,231,5.0
120,232,5.0
120,233,5.0
120,234,6.0
120,235,5.0
120,236,4.0
120,237,7.0
120,238,6.0
120,239,4.0
120,240,7.0
120,241,4.0
120,242,5.0
120,243,7.0
120,244,2.0
120,245,3.0
120,246,4.0
120,247,4.0
120,248,4.0
120,249,5.0
120,250,5.0
120,251,4.0
120,252,5.0
120,253,5.0
120,254,5.0
120,255,4.0
120,256,6.0
120,257,7.0
120,258,6.0
120,259,4.0
120,260,4.0
120,261,4.0
120,262,6.0
120,263,7.0
120,264,7.0
120,265,4.0
120,266,4.0
120,267,5.0
120,268,6.0
120,269,6.0
120,270,5.0
120,271,3.0
120,272,3.0
120,273,5.0
120,274,4.0
120,275,4.0
120,276,5.0
120,277,3.0
120,278,7.0
120,279,6.0
120,280,5.0
120,281,4.0
120,282,4.0
120,283,5.0
120,284,2.0
120,285,2.0
120,286,7.0
120,287,5.0
120,288,3.0
120,289,4.0
120,290,3.0
120,291,3.0
120,292,5.0
120,293,5.0
120,294,5.0
120,295,4.0
120,296,7.0
120,297,4.0
120,298,4.0
120,299,4.0
120,300,7.0
120,301,7.0
120,302,4.0
120,303,2.0
120,304,5.0
120,305,4.0
120,306,3.0
120,307,3.0
120,308,6.0
120,309,7.0
120,310,4.0
120,311,7.0
120,312,4.0
120,313,5.0
120,314,4.0
120,315,4.0
120,316,5.0
120,317,5.0
120,318,4.0
120,319,4.0
120,320,3.0
120,321,4.0
120,322,6.0
120,323,7.0
120,324,3.0
120,325,5.0
120,326,5.0
120,327,4.0
120,328,2.0
120,329,6.0
120,330,5.0
120,331,5.0
120,332,3.0
120,333,5.0
120,334,5.0
120,335,6.0
120,336,4.0
120,337,3.0
120,338,7.0
120,339,4.0
120,340,7.0
120,341,4.0
120,342,4.0
120,343,2.0
120,344,4.0
120,345,6.0
120,346,6.0
120,347,4.0
120,348,5.0
120,349,7.0
120,350,3.0
120,351,4.0
120,352,4.0
120,353,7.0
120,354,2.0
120,355,4.0
120,356,7.0
120,357,5.0
120,358,5.0
120,359,4.0
120,360,7.0
120,361,3.0
120,362,5.0
120,363,5.0
120,364,5.0
120,365,5.0
120,366,3.0
120,367,4.0
120,368,4.0
120,369,4.0
120,370,4.0
120,371,4.0
120,372,4.0
120,373,5.0
120,374,5.0
120,375,4.0
120,376,6.0
120,377,4.0
121,122,4.0
121,123,4.0
121,124,3.0
121,125,3.0
121,126,3.0
121,127,3.0
121,128,3.0
121,129,3.0
121,130,3.0
121,131,3.0
121,132,5.0
121,133,5.0
121,134,5.0
121,135,5.0
121,136,4.0
121,137,4.0
121,138,4.0
121,139,3.0
121,140,4.0
121,141,4.0
121,142,4.0
121,143,2.0
121,144,2.0
121,145,5.0
121,146,3.0
121,147,4.0
121,148,4.0
121,149,3.0
121,150,4.0
121,151,4.0
121,152,4.0
121,153,4.0
121,154,4.0
121,155,4.0
121,156,4.0
121,157,5.0
121,158,5.0
121,159,2.0
121,160,5.0
121,161,3.0
121,162,3.0
121,163,5.0
121,164,3.0
121,165,4.0
121,166,3.0
121,167,5.0
121,168,3.0
121,169,4.0
121,170,5.0
121,171,4.0
121,172,5.0
121,173,2.0
121,174,2.0
121,175,3.0
121,176,5.0
121,177,5.0
121,178,5.0
121,179,3.0
121,180,4.0
121,181,4.0
121,182,5.0
121,183,3.0
121,184,3.0
121,185,2.0
121,186,3.0
121,187,3.0
121,188,3.0
121,189,5.0
121,190,3.0
121,191,3.0
121,192,3.0
121,193,4.0
121,194,5.0
121,195,4.0
121,196,4.0
121,197,4.0
121,198,4.0
121,199,4.0
121,200,4.0
121,201,4.0
121,202,4.0
121,203,3.0
121,204,4.0
121,205,4.0
121,206,5.0
121,207,4.0
121,208,5.0
121,209,4.0
121,210,5.0
121,211,4.0
121,212,4.0
121,213,3.0
121,214,4.0
121,215,5.0
121,216,5.0
121,217,3.0
121,218,5.0
121,219,3.0
121,220,3.0
121,221,4.0
121,222,3.0
121,223,5.0
121,224,3.0
121,225,4.0
121,226,4.0
121,227,4.0
121,228,3.0
121,229,5.0
121,230,3.0
121,231,4.0
121,232,4.0
121,233,6.0
121,234,4.0
121,235,4.0
121,236,4.0
121,237,4.0
121,238,4.0
121,239,3.0
121,240,4.0
121,241,3.0
121,242,4.0
121,243,4.0
121,244,3.0
121,245,2.0
121,246,3.0
121,247,3.0
121,248,2.0
121,249,3.0
121,250,3.0
121,251,3.0
121,252,4.0
121,253,4.0
121,254,5.0
121,255,5.0
121,256,4.0
121,257,4.0
121,258,5.0
121,259,5.0
121,260,3.0
121,261,3.0
121,262,3.0
121,263,4.0
121,264,4.0
121,265,5.0
121,266,3.0
121,267,4.0
121,268,3.0
121,269,4.0
121,270,5.0
121,271,3.0
121,272,3.0
121,273,4.0
121,274,4.0
121,275,3.0
121,276,4.0
121,277,3.0
121,278,4.0
121,279,4.0
121,280,5.0
121,281,5.0
121,282,3.0
121,283,5.0
121,284,2.0
121,285,3.0
121,286,4.0
121,287,5.0
121,288,3.0
121,289,3.0
121,290,3.0
121,291,4.0
121,292,4.0
121,293,6.0
121,294,5.0
121,295,3.0
121,296,4.0
121,297,3.0
121,298,3.0
121,299,3.0
121,300,4.0
121,301,4.0
121,302,3.0
121,303,2.0
121,304,5.0
121,305,5.0
121,306,3.0
121,307,3.0
121,308,5.0
121,309,4.0
121,310,3.0
121,311,4.0
121,312,5.0
121,313,4.0
121,314,3.0
121,315,4.0
121,316,3.0
121,317,5.0
121,318,4.0
121,319,3.0
121,320,3.0
121,321,3.0
121,322,3.0
121,323,4.0
121,324,3.0
121,325,2.0
121,326,4.0
121,327,5.0
121,328,3.0
121,329,5.0
121,330,4.0
121,331,4.0
121,332,3.0
121,333,5.0
121,334,3.0
121,335,3.0
121,336,5.0
121,337,3.0
121,338,4.0
121,339,7.0
121,340,4.0
121,341,5.0
121,342,4.0
121,343,3.0
121,344,3.0
121,345,4.0
121,346,3.0
121,347,3.0
121,348,3.0
121,349,4.0
121,350,3.0
121,351,3.0
121,352,4.0
121,353,4.0
121,354,2.0
121,355,3.0
121,356,4.0
121,357,3.0
121,358,4.0
121,359,4.0
121,360,4.0
121,361,3.0
121,362,4.0
121,363,5.0
121,364,4.0
121,365,5.0
121,366,3.0
121,367,3.0
121,368,3.0
121,369,5.0
121,370,4.0
121,371,3.0
121,372,3.0
121,373,5.0
121,374,4.0
121,375,5.0
121,376,3.0
121,377,3.0
122,123,3.0
122,124,2.0
122,125,2.0
122,126,3.0
122,127,3.0
122,128,5.0
122,129,3.0
122,130,3.0
122,131,3.0
122,132,4.0
122,133,4.0
122,134,4.0
122,135,4.0
122,136,5.0
122,137,5.0
122,138,5.0
122,139,5.0
122,140,4.0
122,141,4.0
122,142,3.0
122,143,2.0
122,144,2.0
122,145,4.0
122,146,4.0
122,147,5.0
122,148,5.0
122,149,4.0
122,150,4.0
122,151,4.0
122,152,4.0
122,153,2.0
122,154,4.0
122,155,3.0
122,156,3.0
122,157,4.0
122,158,4.0
122,159,3.0
122,160,5.0
122,161,2.0
122,162,3.0
122,163,4.0
122,164,4.0
122,165,5.0
122,166,3.0
122,167,4.0
122,168,3.0
122,169,3.0
122,170,4.0
122,171,4.0
122,172,4.0
122,173,2.0
122,174,4.0
122,175,2.0
122,176,4.0
122,177,5.0
122,178,5.0
122,179,4.0
122,180,3.0
122,181,3.0
122,182,3.0
122,183,5.0
122,184,5.0
122,185,4.0
122,186,3.0
122,187,3.0
122,188,4.0
122,189,4.0
122,190,3.0
122,191,3.0
122,192,3.0
122,193,3.0
122,194,4.0
122,195,3.0
122,196,4.0
122,197,4.0
122,198,4.0
122,199,3.0
122,200,3.0
122,201,3.0
122,202,4.0
122,203,3.0
122,204,3.0
122,205,3.0
122,206,4.0
122,207,5.0
122,208,4.0
122,209,3.0
122,210,3.0
122,211,4.0
122,212,4.0
122,213,3.0
122,214,4.0
122,215,5.0
122,216,4.0
122,217,5.0
122,218,4.0
122,219,4.0
122,220,3.0
122,221,4.0
122,222,4.0
122,223,2.0
122,224,3.0
122,225,3.0
122,226,5.0
122,227,3.0
122,228,4.0
122,229,4.0
122,230,3.0
122,231,3.0
122,232,5.0
122,233,5.0
122,234,4.0
122,235,3.0
122,236,3.0
122,237,4.0
122,238,4.0
122,239,3.0
122,240,4.0
122,241,3.0
122,242,3.0
122,243,4.0
122,244,1.0
122,245,2.0
122,246,5.0
122,247,3.0
122,248,4.0
122,249,3.0
122,250,3.0
122,251,4.0
122,252,3.0
122,253,3.0
122,254,4.0
122,255,4.0
122,256,4.0
122,257,4.0
122,258,4.0
122,259,4.0
122,260,3.0
122,261,3.0
122,262,3.0
122,263,4.0
122,264,4.0
122,265,4.0
122,266,4.0
122,267,3.0
122,268,3.0
122,269,4.0
122,270,4.0
122,271,2.0
122,272,3.0
122,273,3.0
122,274,7.0
122,275,3.0
122,276,3.0
122,277,3.0
122,278,4.0
122,279,4.0
122,280,3.0
122,281,4.0
122,282,5.0
122,283,4.0
122,284,2.0
122,285,2.0
122,286,4.0
122,287,4.0
122,288,4.0
122,289,3.0
122,290,3.0
122,291,3.0
122,292,3.0
122,293,5.0
122,294,4.0
122,295,3.0
122,296,4.0
122,297,3.0
122,298,5.0
122,299,5.0
122,300,4.0
122,301,4.0
122,302,3.0
122,303,2.0
122,304,4.0
122,305,4.0
122,306,4.0
122,307,3.0
122,308,4.0
122,309,4.0
122,310,3.0
122,311,4.0
122,312,4.0
122,313,3.0
122,314,3.0
122,315,7.0
122,316,3.0
122,317,4.0
122,318,5.0
122,319,2.0
122,320,3.0
122,321,3.0
122,322,3.0
122,323,4.0
122,324,3.0
122,325,4.0
122,326,3.0
122,327,4.0
122,328,1.0
122,329,4.0
122,330,3.0
122,331,5.0
122,332,4.0
122,333,4.0
122,334,4.0
122,335,5.0
122,336,3.0
122,337,2.0
122,338,4.0
122,339,4.0
122,340,4.0
122,341,4.0
122,342,3.0
122,343,1.0
122,344,3.0
122,345,4.0
122,346,3.0
122,347,3.0
122,348,3.0
122,349,4.0
122,350,4.0
122,351,3.0
122,352,3.0
122,353,4.0
122,354,2.0
122,355,4.0
122,356,4.0
122,357,3.0
122,358,3.0
122,359,7.0
122,360,4.0
122,361,3.0
122,362,3.0
122,363,5.0
122,364,5.0
122,365,4.0
122,366,3.0
122,367,3.0
122,368,4.0
122,369,4.0
122,370,4.0
122,371,3.0
122,372,3.0
122,373,4.0
122,374,3.0
122,375,5.0
122,376,3.0
122,377,5.0
123,124,4.0
123,125,4.0
123,126,3.0
123,127,3.0
123,128,4.0
123,129,3.0
123,130,3.0
123,131,3.0
123,132,4.0
123,133,4.0
123,134,4.0
123,135,4.0
123,136,4.0
123,137,4.0
123,138,4.0
123,139,4.0
123,140,4.0
123,141,4.0
123,142,5.0
123,143,2.0
123,144,2.0
123,145,4.0
123,146,3.0
123,147,4.0
123,148,4.0
123,149,3.0
123,150,5.0
123,151,5.0
123,152,3.0
123,153,4.0
123,154,4.0
123,155,4.0
123,156,4.0
123,157,5.0
123,158,5.0
123,159,2.0
123,160,4.0
123,161,4.0
123,162,3.0
123,163,5.0
123,164,3.0
123,165,4.0
123,166,3.0
123,167,5.0
123,168,2.0
123,169,4.0
123,170,5.0
123,171,4.0
123,172,5.0
123,173,3.0
123,174,4.0
123,175,4.0
123,176,5.0
123,177,4.0
123,178,4.0
123,179,3.0
123,180,3.0
123,181,3.0
123,182,5.0
123,183,2.0
123,184,2.0
123,185,4.0
123,186,3.0
123,187,3.0
123,188,3.0
123,189,5.0
123,190,3.0
123,191,3.0
123,192,3.0
123,193,6.0
123,194,5.0
123,195,4.0
123,196,4.0
123,197,4.0
123,198,4.0
123,199,3.0
123,200,3.0
123,201,3.0
123,202,4.0
123,203,4.0
123,204,4.0
123,205,4.0
123,206,4.0
123,207,3.0
123,208,5.0
123,209,4.0
123,210,4.0
123,211,4.0
123,212,4.0
123,213,3.0
123,214,4.0
123,215,4.0
123,216,6.0
123,217,2.0
123,218,5.0
123,219,2.0
123,220,3.0
123,221,4.0
123,222,2.0
123,223,5.0
123,224,3.0
123,225,4.0
123,226,3.0
123,227,4.0
123,228,2.0
123,229,4.0
123,230,1.0
123,231,4.0
123,232,4.0
123,233,5.0
123,234,4.0
123,235,4.0
123,236,3.0
123,237,4.0
123,238,4.0
123,239,3.0
123,240,4.0
123,241,3.0
123,242,4.0
123,243,4.0
123,244,2.0
123,245,3.0
123,246,2.0
123,247,3.0
123,248,3.0
123,249,5.0
123,250,5.0
123,251,2.0
123,252,4.0
123,253,4.0
123,254,6.0
123,255,5.0
123,256,4.0
123,257,4.0
123,258,4.0
123,259,4.0
123,260,3.0
123,261,3.0
123,262,4.0
123,263,4.0
123,264,4.0
123,265,5.0
123,266,4.0
123,267,4.0
123,268,3.0
123,269,4.0
123,270,5.0
123,271,2.0
123,272,2.0
123,273,4.0
123,274,3.0
123,275,3.0
123,276,4.0
123,277,3.0
123,278,4.0
123,279,4.0
123,280,4.0
123,281,5.0
123,282,2.0
123,283,6.0
123,284,2.0
123,285,3.0
123,286,4.0
123,287,5.0
123,288,3.0
123,289,3.0
123,290,4.0
123,291,3.0
123,292,4.0
123,293,5.0
123,294,5.0
123,295,3.0
123,296,4.0
123,297,3.0
123,298,2.0
123,299,2.0
123,300,4.0
123,301,4.0
123,302,3.0
123,303,2.0
123,304,6.0
123,305,5.0
123,306,2.0
123,307,3.0
123,308,4.0
123,309,4.0
123,310,3.0
123,311,4.0
123,312,4.0
123,313,4.0
123,314,3.0
123,315,3.0
123,316,5.0
123,317,5.0
123,318,3.0
123,319,4.0
123,320,3.0
123,321,3.0
123,322,3.0
123,323,4.0
123,324,2.0
123,325,4.0
123,326,4.0
123,327,4.0
123,328,2.0
123,329,4.0
123,330,4.0
123,331,4.0
123,332,2.0
123,333,6.0
123,334,5.0
123,335,4.0
123,336,5.0
123,337,3.0
123,338,4.0
123,339,4.0
123,340,4.0
123,341,5.0
123,342,4.0
123,343,2.0
123,344,3.0
123,345,4.0
123,346,5.0
123,347,3.0
123,348,5.0
123,349,4.0
123,350,3.0
123,351,3.0
123,352,4.0
123,353,4.0
123,354,2.0
123,355,3.0
123,356,4.0
123,357,4.0
123,358,4.0
123,359,3.0
123,360,4.0
123,361,2.0
123,362,4.0
123,363,4.0
123,364,4.0
123,365,5.0
123,366,2.0
123,367,3.0
123,368,2.0
123,369,5.0
123,370,3.0
123,371,3.0
123,372,3.0
123,373,5.0
123,374,4.0
123,375,4.0
123,376,4.0
123,377,2.0
124,125,7.0
124,126,3.0
124,127,3.0
124,128,2.0
124,129,3.0
124,130,3.0
124,131,3.0
124,132,2.0
124,133,2.0
124,134,2.0
124,135,2.0
124,136,2.0
124,137,2.0
124,138,2.0
124,139,2.0
124,140,2.0
124,141,2.0
124,142,3.0
124,143,1.0
124,144,1.0
124,145,2.0
124,146,3.0
124,147,2.0
124,148,2.0
124,149,3.0
124,150,3.0
124,151,3.0
124,152,3.0
124,153,2.0
124,154,2.0
124,155,2.0
124,156,2.0
124,157,3.0
124,158,3.0
124,159,2.0
124,160,2.0
124,161,7.0
124,162,3.0
124,163,3.0
124,164,2.0
124,165,3.0
124,166,2.0
124,167,3.0
124,168,1.0
124,169,2.0
124,170,3.0
124,171,2.0
124,172,3.0
124,173,1.0
124,174,2.0
124,175,7.0
124,176,4.0
124,177,2.0
124,178,2.0
124,179,2.0
124,180,2.0
124,181,2.0
124,182,4.0
124,183,2.0
124,184,2.0
124,185,2.0
124,186,1.0
124,187,1.0
124,188,3.0
124,189,4.0
124,190,2.0
124,191,2.0
124,192,2.0
124,193,3.0
124,194,3.0
124,195,2.0
124,196,2.0
124,197,2.0
124,198,2.0
124,199,2.0
124,200,2.0
124,201,2.0
124,202,2.0
124,203,2.0
124,204,2.0
124,205,2.0
124,206,2.0
124,207,2.0
124,208,3.0
124,209,2.0
124,210,2.0
124,211,2.0
124,212,3.0
124,213,2.0
124,214,2.0
124,215,2.0
124,216,4.0
124,217,2.0
124,218,4.0
124,219,2.0
124,220,1.0
124,221,2.0
124,222,2.0
124,223,3.0
124,224,3.0
124,225,2.0
124,226,2.0
124,227,2.0
124,228,2.0
124,229,3.0
124,230,1.0
124,231,2.0
124,232,2.0
124,233,3.0
124,234,2.0
124,235,2.0
124,236,3.0
124,237,2.0
124,238,2.0
124,239,1.0
124,240,2.0
124,241,3.0
124,242,2.0
124,243,2.0
124,244,3.0
124,245,1.0
124,246,2.0
124,247,2.0
124,248,2.0
124,249,3.0
124,250,2.0
124,251,2.0
124,252,2.0
124,253,2.0
124,254,4.0
124,255,4.0
124,256,2.0
124,257,2.0
124,258,2.0
124,259,3.0
124,260,2.0
124,261,1.0
124,262,2.0
124,263,2.0
124,264,2.0
124,265,4.0
124,266,3.0
124,267,2.0
124,268,1.0
124,269,2.0
124,270,3.0
124,271,1.0
124,272,2.0
124,273,2.0
124,274,2.0
124,275,3.0
124,276,2.0
124,277,1.0
124,278,2.0
124,279,2.0
124,280,2.0
124,281,4.0
124,282,2.0
124,283,4.0
124,284,1.0
124,285,5.0
124,286,2.0
124,287,3.0
124,288,2.0
124,289,2.0
124,290,2.0
124,291,2.0
124,292,2.0
124,293,3.0
124,294,3.0
124,295,2.0
124,296,2.0
124,297,2.0
124,298,2.0
124,299,2.0
124,300,2.0
124,301,2.0
124,302,1.0
124,303,1.0
124,304,4.0
124,305,4.0
124,306,1.0
124,307,1.0
124,308,2.0
124,309,2.0
124,310,1.0
124,311,2.0
124,312,3.0
124,313,2.0
124,314,2.0
124,315,2.0
124,316,3.0
124,317,3.0
124,318,2.0
124,319,3.0
124,320,1.0
124,321,3.0
124,322,1.0
124,323,2.0
124,324,2.0
124,325,2.0
124,326,2.0
124,327,3.0
124,328,3.0
124,329,2.0
124,330,2.0
124,331,2.0
124,332,2.0
124,333,4.0
124,334,2.0
124,335,2.0
124,336,4.0
124,337,3.0
124,338,2.0
124,339,3.0
124,340,2.0
124,341,4.0
124,342,2.0
124,343,3.0
124,344,2.0
124,345,2.0
124,346,3.0
124,347,3.0
124,348,2.0
124,349,2.0
124,350,1.0
124,351,3.0
124,352,2.0
124,353,2.0
124,354,1.0
124,355,3.0
124,356,2.0
124,357,3.0
124,358,2.0
124,359,2.0
124,360,2.0
124,361,1.0
124,362,2.0
124,363,2.0
124,364,3.0
124,365,3.0
124,366,2.0
124,367,2.0
124,368,2.0
124,369,4.0
124,370,2.0
124,371,2.0
124,372,2.0
124,373,3.0
124,374,2.0
124,375,2.0
124,376,2.0
124,377,2.0
125,126,3.0
125,127,3.0
125,128,2.0
125,129,3.0
125,130,3.0
125,131,3.0
125,132,2.0
125,133,2.0
125,134,2.0
125,135,2.0
125,136,2.0
125,137,2.0
125,138,2.0
125,139,2.0
125,140,2.0
125,141,2.0
125,142,3.0
125,143,1.0
125,144,1.0
125,145,2.0
125,146,3.0
125,147,2.0
125,148,2.0
125,149,3.0
125,150,3.0
125,151,3.0
125,152,3.0
125,153,2.0
125,154,2.0
125,155,2.0
125,156,2.0
125,157,3.0
125,158,3.0
125,159,2.0
125,160,2.0
125,161,7.0
125,162,3.0
125,163,3.0
125,164,2.0
125,165,3.0
125,166,2.0
125,167,3.0
125,168,1.0
125,169,2.0
125,170,3.0
125,171,2.0
125,172,3.0
125,173,1.0
125,174,2.0
125,175,7.0
125,176,4.0
125,177,2.0
125,178,2.0
125,179,2.0
125,180,2.0
125,181,2.0
125,182,4.0
125,183,2.0
125,184,2.0
125,185,2.0
125,186,1.0
125,187,1.0
125,188,3.0
125,189,4.0
125,190,2.0
125,191,2.0
125,192,2.0
125,193,3.0
125,194,3.0
125,195,2.0
125,196,2.0
125,197,2.0
125,198,2.0
125,199,2.0
125,200,2.0
125,201,2.0
125,202,2.0
125,203,2.0
125,204,2.0
125,205,2.0
125,206,2.0
125,207,2.0
125,208,3.0
125,209,2.0
125,210,2.0
125,211,2.0
125,212,3.0
125,213,2.0
125,214,2.0
125,215,2.0
125,216,4.0
125,217,2.0
125,218,4.0
125,219,2.0
125,220,1.0
125,221,2.0
125,222,2.0
125,223,3.0
125,224,3.0
125,225,2.0
125,226,2.0
125,227,2.0
125,228,2.0
125,229,3.0
125,230,1.0
125,231,2.0
125,232,2.0
125,233,3.0
125,234,2.0
125,235,2.0
125,236,3.0
125,237,2.0
125,238,2.0
125,239,1.0
125,240,2.0
125,241,3.0
125,242,2.0
125,243,2.0
125,244,3.0
125,245,1.0
125,246,2.0
125,247,2.0
125,248,2.0
125,249,3.0
125,250,2.0
125,251,2.0
125,252,2.0
125,253,2.0
125,254,4.0
125,255,4.0
125,256,2.0
125,257,2.0
125,258,2.0
125,259,3.0
125,260,2.0
125,261,1.0
125,262,2.0
125,263,2.0
125,264,2.0
125,265,4.0
125,266,3.0
125,267,2.0
125,268,1.0
125,269,2.0
125,270,3.0
125,271,1.0
125,272,2.0
125,273,2.0
125,274,2.0
125,275,3.0
125,276,2.0
125,277,1.0
125,278,2.0
125,279,2.0
125,280,2.0
125,281,4.0
125,282,2.0
125,283,4.0
125,284,1.0
125,285,5.0
125,286,2.0
125,287,3.0
125,288,2.0
125,289,2.0
125,290,2.0
125,291,2.0
125,292,2.0
125,293,3.0
125,294,3.0
125,295,2.0
125,296,2.0
125,297,2.0
125,298,2.0
125,299,2.0
125,300,2.0
125,301,2.0
125,302,1.0
125,303,1.0
125,304,4.0
125,305,4.0
125,306,1.0
125,307,1.0
125,308,2.0
125,309,2.0
125,310,1.0
125,311,2.0
125,312,3.0
125,313,2.0
125,314,2.0
125,315,2.0
125,316,3.0
125,317,3.0
125,318,2.0
125,319,3.0
125,320,1.0
125,321,3.0
125,322,1.0
125,323,2.0
125,324,2.0
125,325,2.0
125,326,2.0
125,327,3.0
125,328,3.0
125,329,2.0
125,330,2.0
125,331,2.0
125,332,2.0
125,333,4.0
125,334,2.0
125,335,2.0
125,336,4.0
125,337,3.0
125,338,2.0
125,339,3.0
125,340,2.0
125,341,4.0
125,342,2.0
125,343,3.0
125,344,2.0
125,345,2.0
125,346,3.0
125,347,3.0
125,348,2.0
125,349,2.0
125,350,1.0
125,351,3.0
125,352,2.0
125,353,2.0
125,354,1.0
125,355,3.0
125,356,2.0
125,357,3.0
125,358,2.0
125,359,2.0
125,360,2.0
125,361,1.0
125,362,2.0
125,363,2.0
125,364,3.0
125,365,3.0
125,366,2.0
125,367,2.0
125,368,2.0
125,369,4.0
125,370,2.0
125,371,2.0
125,372,2.0
125,373,3.0
125,374,2.0
125,375,2.0
125,376,2.0
125,377,2.0
126,127,7.0
126,128,4.0
126,129,7.0
126,130,7.0
126,131,7.0
126,132,2.0
126,133,2.0
126,134,2.0
126,135,2.0
126,136,4.0
126,137,4.0
126,138,4.0
126,139,4.0
126,140,4.0
126,141,4.0
126,142,3.0
126,143,3.0
126,144,3.0
126,145,4.0
126,146,3.0
126,147,4.0
126,148,4.0
126,149,3.0
126,150,4.0
126,151,4.0
126,152,3.0
126,153,3.0
126,154,3.0
126,155,3.0
126,156,4.0
126,157,3.0
126,158,3.0
126,159,1.0
126,160,3.0
126,161,3.0
126,162,7.0
126,163,3.0
126,164,3.0
126,165,3.0
126,166,4.0
126,167,3.0
126,168,5.0
126,169,5.0
126,170,3.0
126,171,4.0
126,172,3.0
126,173,3.0
126,174,4.0
126,175,3.0
126,176,2.0
126,177,3.0
126,178,3.0
126,179,3.0
126,180,2.0
126,181,2.0
126,182,2.0
126,183,3.0
126,184,3.0
126,185,4.0
126,186,3.0
126,187,3.0
126,188,3.0
126,189,2.0
126,190,1.0
126,191,1.0
126,192,1.0
126,193,3.0
126,194,3.0
126,195,2.0
126,196,4.0
126,197,4.0
126,198,4.0
126,199,3.0
126,200,3.0
126,201,3.0
126,202,4.0
126,203,4.0
126,204,2.0
126,205,2.0
126,206,4.0
126,207,3.0
126,208,3.0
126,209,6.0
126,210,3.0
126,211,4.0
126,212,3.0
126,213,6.0
126,214,4.0
126,215,4.0
126,216,3.0
126,217,3.0
126,218,2.0
126,219,3.0
126,220,3.0
126,221,4.0
126,222,3.0
126,223,3.0
126,224,7.0
126,225,6.0
126,226,4.0
126,227,6.0
126,228,3.0
126,229,2.0
126,230,4.0
126,231,6.0
126,232,3.0
126,233,3.0
126,234,3.0
126,235,6.0
126,236,2.0
126,237,4.0
126,238,3.0
126,239,5.0
126,240,4.0
126,241,7.0
126,242,6.0
126,243,4.0
126,244,5.0
126,245,1.0
126,246,3.0
126,247,6.0
126,248,4.0
126,249,3.0
126,250,3.0
126,251,3.0
126,252,2.0
126,253,6.0
126,254,3.0
126,255,2.0
126,256,3.0
126,257,4.0
126,258,4.0
126,259,2.0
126,260,6.0
126,261,5.0
126,262,4.0
126,263,4.0
126,264,4.0
126,265,2.0
126,266,4.0
126,267,6.0
126,268,3.0
126,269,3.0
126,270,3.0
126,271,1.0
126,272,6.0
126,273,6.0
126,274,3.0
126,275,7.0
126,276,6.0
126,277,4.0
126,278,4.0
126,279,3.0
126,280,3.0
126,281,2.0
126,282,3.0
126,283,3.0
126,284,3.0
126,285,2.0
126,286,4.0
126,287,3.0
126,288,3.0
126,289,6.0
126,290,2.0
126,291,1.0
126,292,6.0
126,293,3.0
126,294,3.0
126,295,6.0
126,296,4.0
126,297,6.0
126,298,4.0
126,299,3.0
126,300,4.0
126,301,4.0
126,302,5.0
126,303,3.0
126,304,3.0
126,305,2.0
126,306,4.0
126,307,4.0
126,308,3.0
126,309,4.0
126,310,5.0
126,311,4.0
126,312,2.0
126,313,6.0
126,314,6.0
126,315,3.0
126,316,3.0
126,317,3.0
126,318,3.0
126,319,3.0
126,320,4.0
126,321,7.0
126,322,3.0
126,323,4.0
126,324,6.0
126,325,4.0
126,326,6.0
126,327,2.0
126,328,5.0
126,329,4.0
126,330,6.0
126,331,4.0
126,332,2.0
126,333,3.0
126,334,4.0
126,335,4.0
126,336,2.0
126,337,6.0
126,338,4.0
126,339,3.0
126,340,4.0
126,341,2.0
126,342,5.0
126,343,5.0
126,344,6.0
126,345,3.0
126,346,4.0
126,347,7.0
126,348,3.0
126,349,4.0
126,350,4.0
126,351,7.0
126,352,5.0
126,353,4.0
126,354,3.0
126,355,4.0
126,356,4.0
126,357,5.0
126,358,6.0
126,359,3.0
126,360,4.0
126,361,5.0
126,362,6.0
126,363,3.0
126,364,3.0
126,365,3.0
126,366,6.0
126,367,6.0
126,368,3.0
126,369,2.0
126,370,5.0
126,371,6.0
126,372,6.0
126,373,3.0
126,374,6.0
126,375,3.0
126,376,4.0
126,377,3.0
127,128,4.0
127,129,7.0
127,130,7.0
127,131,7.0
127,132,2.0
127,133,2.0
127,134,2.0
127,135,2.0
127,136,4.0
127,137,4.0
127,138,4.0
127,139,4.0
127,140,4.0
127,141,4.0
127,142,3.0
127,143,3.0
127,144,3.0
127,145,4.0
127,146,3.0
127,147,4.0
127,148,4.0
127,149,3.0
127,150,4.0
127,151,4.0
127,152,3.0
127,153,3.0
127,154,3.0
127,155,3.0
127,156,4.0
127,157,3.0
127,158,3.0
127,159,1.0
127,160,3.0
127,161,3.0
127,162,7.0
127,163,3.0
127,164,3.0
127,165,3.0
127,166,4.0
127,167,3.0
127,168,5.0
127,169,5.0
127,170,3.0
127,171,4.0
127,172,3.0
127,173,3.0
127,174,4.0
127,175,3.0
127,176,2.0
127,177,3.0
127,178,3.0
127,179,3.0
127,180,2.0
127,181,2.0
127,182,2.0
127,183,3.0
127,184,3.0
127,185,4.0
127,186,3.0
127,187,3.0
127,188,3.0
127,189,2.0
127,190,1.0
127,191,1.0
127,192,1.0
127,193,3.0
127,194,3.0
127,195,2.0
127,196,4.0
127,197,4.0
127,198,4.0
127,199,3.0
127,200,3.0
127,201,3.0
127,202,4.0
127,203,4.0
127,204,2.0
127,205,2.0
127,206,4.0
127,207,3.0
127,208,3.0
127,209,6.0
127,210,3.0
127,211,4.0
127,212,3.0
127,213,6.0
127,214,4.0
127,215,4.0
127,216,3.0
127,217,3.0
127,218,2.0
127,219,3.0
127,220,3.0
127,221,4.0
127,222,3.0
127,223,3.0
127,224,7.0
127,225,6.0
127,226,4.0
127,227,6.0
127,228,3.0
127,229,2.0
127,230,4.0
127,231,6.0
127,232,3.0
127,233,3.0
127,234,3.0
127,235,6.0
127,236,2.0
127,237,4.0
127,238,3.0
127,239,5.0
127,240,4.0
127,241,7.0
127,242,6.0
127,243,4.0
127,244,5.0
127,245,1.0
127,246,3.0
127,247,6.0
127,248,4.0
127,249,3.0
127,250,3.0
127,251,3.0
127,252,2.0
127,253,6.0
127,254,3.0
127,255,2.0
127,256,3.0
127,257,4.0
127,258,4.0
127,259,2.0
127,260,6.0
127,261,5.0
127,262,4.0
127,263,4.0
127,264,4.0
127,265,2.0
127,266,4.0
127,267,6.0
127,268,3.0
127,269,3.0
127,270,3.0
127,271,1.0
127,272,6.0
127,273,6.0
127,274,3.0
127,275,7.0
127,276,6.0
127,277,4.0
127,278,4.0
127,279,3.0
127,280,3.0
127,281,2.0
127,282,3.0
127,283,3.0
127,284,3.0
127,285,2.0
127,286,4.0
127,287,3.0
127,288,3.0
127,289,6.0
127,290,2.0
127,291,1.0
127,292,6.0
127,293,3.0
127,294,3.0
127,295,6.0
127,296,4.0
127,297,6.0
127,298,4.0
127,299,3.0
127,300,4.0
127,301,4.0
127,302,5.0
127,303,3.0
127,304,3.0
127,305,2.0
127,306,4.0
127,307,4.0
127,308,3.0
127,309,4.0
127,310,5.0
127,311,4.0
127,312,2.0
127,313,6.0
127,314,6.0
127,315,3.0
127,316,3.0
127,317,3.0
127,318,3.0
127,319,3.0
127,320,4.0
127,321,7.0
127,322,3.0
127,323,4.0
127,324,6.0
127,325,4.0
127,326,6.0
127,327,2.0
127,328,5.0
127,329,4.0
127,330,6.0
127,331,4.0
127,332,2.0
127,333,3.0
127,334,4.0
127,335,4.0
127,336,2.0
127,337,6.0
127,338,4.0
127,339,3.0
127,340,4.0
127,341,2.0
127,342,5.0
127,343,5.0
127,344,6.0
127,345,3.0
127,346,4.0
127,347,7.0
127,348,3.0
127,349,4.0
127,350,4.0
127,351,7.0
127,352,5.0
127,353,4.0
127,354,3.0
127,355,4.0
127,356,4.0
127,357,5.0
127,358,6.0
127,359,3.0
127,360,4.0
127,361,5.0
127,362,6.0
127,363,3.0
127,364,3.0
127,365,3.0
127,366,6.0
127,367,6.0
127,368,3.0
127,369,2.0
127,370,5.0
127,371,6.0
127,372,6.0
127,373,3.0
127,374,6.0
127,375,3.0
127,376,4.0
127,377,3.0
128,129,4.0
128,130,4.0
128,131,4.0
128,132,4.0
128,133,4.0
128,134,4.0
128,135,4.0
128,136,6.0
128,137,6.0
128,138,6.0
128,139,7.0
128,140,6.0
128,141,6.0
128,142,4.0
128,143,2.0
128,144,2.0
128,145,5.0
128,146,3.0
128,147,6.0
128,148,6.0
128,149,3.0
128,150,6.0
128,151,6.0
128,152,3.0
128,153,3.0
128,154,5.0
128,155,3.0
128,156,5.0
128,157,4.0
128,158,4.0
128,159,3.0
128,160,5.0
128,161,2.0
128,162,4.0
128,163,4.0
128,164,3.0
128,165,6.0
128,166,4.0
128,167,4.0
128,168,3.0
128,169,3.0
128,170,4.0
128,171,6.0
128,172,4.0
128,173,4.0
128,174,6.0
128,175,2.0
128,176,4.0
128,177,5.0
128,178,5.0
128,179,5.0
128,180,3.0
128,181,3.0
128,182,4.0
128,183,5.0
128,184,5.0
128,185,6.0
128,186,5.0
128,187,5.0
128,188,4.0
128,189,4.0
128,190,3.0
128,191,3.0
128,192,3.0
128,193,4.0
128,194,4.0
128,195,4.0
128,196,6.0
128,197,6.0
128,198,6.0
128,199,4.0
128,200,4.0
128,201,4.0
128,202,6.0
128,203,5.0
128,204,4.0
128,205,4.0
128,206,3.0
128,207,4.0
128,208,4.0
128,209,4.0
128,210,4.0
128,211,6.0
128,212,5.0
128,213,4.0
128,214,6.0
128,215,5.0
128,216,5.0
128,217,5.0
128,218,4.0
128,219,4.0
128,220,5.0
128,221,6.0
128,222,4.0
128,223,3.0
128,224,4.0
128,225,4.0
128,226,6.0
128,227,4.0
128,228,4.0
128,229,4.0
128,230,3.0
128,231,4.0
128,232,5.0
128,233,4.0
128,234,5.0
128,235,4.0
128,236,3.0
128,237,6.0
128,238,5.0
128,239,4.0
128,240,6.0
128,241,4.0
128,242,4.0
128,243,6.0
128,244,2.0
128,245,2.0
128,246,5.0
128,247,4.0
128,248,4.0
128,249,4.0
128,250,4.0
128,251,4.0
128,252,4.0
128,253,4.0
128,254,5.0
128,255,4.0
128,256,5.0
128,257,6.0
128,258,5.0
128,259,4.0
128,260,4.0
128,261,4.0
128,262,5.0
128,263,6.0
128,264,6.0
128,265,4.0
128,266,4.0
128,267,4.0
128,268,5.0
128,269,5.0
128,270,4.0
128,271,2.0
128,272,3.0
128,273,4.0
128,274,5.0
128,275,4.0
128,276,4.0
128,277,3.0
128,278,6.0
128,279,5.0
128,280,4.0
128,281,4.0
128,282,5.0
128,283,5.0
128,284,2.0
128,285,2.0
128,286,6.0
128,287,4.0
128,288,4.0
128,289,4.0
128,290,3.0
128,291,3.0
128,292,4.0
128,293,4.0
128,294,4.0
128,295,4.0
128,296,6.0
128,297,4.0
128,298,4.0
128,299,5.0
128,300,6.0
128,301,6.0
128,302,4.0
128,303,2.0
128,304,5.0
128,305,4.0
128,306,4.0
128,307,3.0
128,308,5.0
128,309,6.0
128,310,4.0
128,311,6.0
128,312,4.0
128,313,4.0
128,314,4.0
128,315,5.0
128,316,4.0
128,317,4.0
128,318,4.0
128,319,3.0
128,320,3.0
128,321,4.0
128,322,5.0
128,323,6.0
128,324,3.0
128,325,6.0
128,326,4.0
128,327,4.0
128,328,2.0
128,329,5.0
128,330,4.0
128,331,6.0
128,332,3.0
128,333,5.0
128,334,6.0
128,335,7.0
128,336,4.0
128,337,3.0
128,338,6.0
128,339,3.0
128,340,6.0
128,341,4.0
128,342,3.0
128,343,2.0
128,344,4.0
128,345,5.0
128,346,5.0
128,347,4.0
128,348,4.0
128,349,6.0
128,350,4.0
128,351,4.0
128,352,3.0
128,353,6.0
128,354,2.0
128,355,4.0
128,356,6.0
128,357,4.0
128,358,4.0
128,359,5.0
128,360,6.0
128,361,3.0
128,362,4.0
128,363,5.0
128,364,6.0
128,365,4.0
128,366,3.0
128,367,4.0
128,368,4.0
128,369,4.0
128,370,5.0
128,371,4.0
128,372,4.0
128,373,4.0
128,374,4.0
128,375,4.0
128,376,5.0
128,377,5.0
129,130,7.0
129,131,7.0
129,132,2.0
129,133,2.0
129,134,2.0
129,135,2.0
129,136,4.0
129,137,4.0
129,138,4.0
129,139,4.0
129,140,4.0
129,141,4.0
129,142,3.0
129,143,3.0
129,144,3.0
129,145,4.0
129,146,3.0
129,147,4.0
129,148,4.0
129,149,3.0
129,150,4.0
129,151,4.0
129,152,3.0
129,153,3.0
129,154,3.0
129,155,3.0
129,156,4.0
129,157,3.0
129,158,3.0
129,159,1.0
129,160,3.0
129,161,3.0
129,162,7.0
129,163,3.0
129,164,3.0
129,165,3.0
129,166,4.0
129,167,3.0
129,168,5.0
129,169,5.0
129,170,3.0
129,171,4.0
129,172,3.0
129,173,3.0
129,174,4.0
129,175,3.0
129,176,2.0
129,177,3.0
129,178,3.0
129,179,3.0
129,180,2.0
129,181,2.0
129,182,2.0
129,183,3.0
129,184,3.0
129,185,4.0
129,186,3.0
129,187,3.0
129,188,3.0
129,189,2.0
129,190,1.0
129,191,1.0
129,192,1.0
129,193,3.0
129,194,3.0
129,195,2.0
129,196,4.0
129,197,4.0
129,198,4.0
129,199,3.0
129,200,3.0
129,201,3.0
129,202,4.0
129,203,4.0
129,204,2.0
129,205,2.0
129,206,4.0
129,207,3.0
129,208,3.0
129,209,6.0
129,210,3.0
129,211,4.0
129,212,3.0
129,213,6.0
129,214,4.0
129,215,4.0
129,216,3.0
129,217,3.0
129,218,2.0
129,219,3.0
129,220,3.0
129,221,4.0
129,222,3.0
129,223,3.0
129,224,7.0
129,225,6.0
129,226,4.0
129,227,6.0
129,228,3.0
129,229,2.0
129,230,4.0
129,231,6.0
129,232,3.0
129,233,3.0
129,234,3.0
129,235,6.0
129,236,2.0
129,237,4.0
129,238,3.0
129,239,5.0
129,240,4.0
129,241,7.0
129,242,6.0
129,243,4.0
129,244,5.0
129,245,1.0
129,246,3.0
129,247,6.0
129,248,4.0
129,249,3.0
129,250,3.0
129,251,3.0
129,252,2.0
129,253,6.0
129,254,3.0
129,255,2.0
129,256,3.0
129,257,4.0
129,258,4.0
129,259,2.0
129,260,6.0
129,261,5.0
129,262,4.0
129,263,4.0
129,264,4.0
129,265,2.0
129,266,4.0
129,267,6.0
129,268,3.0
129,269,3.0
129,270,3.0
129,271,1.0
129,272,6.0
129,273,6.0
129,274,3.0
129,275,7.0
129,276,6.0
129,277,4.0
129,278,4.0
129,279,3.0
129,280,3.0
129,281,2.0
129,282,3.0
129,283,3.0
129,284,3.0
129,285,2.0
129,286,4.0
129,287,3.0
129,288,3.0
129,289,6.0
129,290,2.0
129,291,1.0
129,292,6.0
129,293,3.0
129,294,3.0
129,295,6.0
129,296,4.0
129,297,6.0
129,298,4.0
129,299,3.0
129,300,4.0
129,301,4.0
129,302,5.0
129,303,3.0
129,304,3.0
129,305,2.0
129,306,4.0
129,307,4.0
129,308,3.0
129,309,4.0
129,310,5.0
129,311,4.0
129,312,2.0
129,313,6.0
129,314,6.0
129,315,3.0
129,316,3.0
129,317,3.0
129,318,3.0
129,319,3.0
129,320,4.0
129,321,7.0
129,322,3.0
129,323,4.0
129,324,6.0
129,325,4.0
129,326,6.0
129,327,2.0
129,328,5.0
129,329,4.0
129,330,6.0
129,331,4.0
129,332,2.0
129,333,3.0
129,334,4.0
129,335,4.0
129,336,2.0
129,337,6.0
129,338,4.0
129,339,3.0
129,340,4.0
129,341,2.0
129,342,5.0
129,343,5.0
129,344,6.0
129,345,3.0
129,346,4.0
129,347,7.0
129,348,3.0
129,349,4.0
129,350,4.0
129,351,7.0
129,352,5.0
129,353,4.0
129,354,3.0
129,355,4.0
129,356,4.0
129,357,5.0
129,358,6.0
129,359,3.0
129,360,4.0
129,361,5.0
129,362,6.0
129,363,3.0
129,364,3.0
129,365,3.0
129,366,6.0
129,367,6.0
129,368,3.0
129,369,2.0
129,370,5.0
129,371,6.0
129,372,6.0
129,373,3.0
129,374,6.0
129,375,3.0
129,376,4.0
129,377,3.0
130,131,7.0
130,132,2.0
130,133,2.0
130,134,2.0
130,135,2.0
130,136,4.0
130,137,4.0
130,138,4.0
130,139,4.0
130,140,4.0
130,141,4.0
130,142,3.0
130,143,3.0
130,144,3.0
130,145,4.0
130,146,3.0
130,147,4.0
130,148,4.0
130,149,3.0
130,150,4.0
130,151,4.0
130,152,3.0
130,153,3.0
130,154,3.0
130,155,3.0
130,156,4.0
130,157,3.0
130,158,3.0
130,159,1.0
130,160,3.0
130,161,3.0
130,162,7.0
130,163,3.0
130,164,3.0
130,165,3.0
130,166,4.0
130,167,3.0
130,168,5.0
130,169,5.0
130,170,3.0
130,171,4.0
130,172,3.0
130,173,3.0
130,174,4.0
130,175,3.0
130,176,2.0
130,177,3.0
130,178,3.0
130,179,3.0
130,180,2.0
130,181,2.0
130,182,2.0
130,183,3.0
130,184,3.0
130,185,4.0
130,186,3.0
130,187,3.0
