0,1,2.0
0,2,1.0
0,3,5.0
0,4,5.0
0,5,5.0
0,6,5.0
0,7,2.0
0,8,3.0
0,9,3.0
0,10,2.0
0,11,4.0
0,12,2.0
0,13,2.0
0,14,2.0
0,15,2.0
0,16,3.0
0,17,5.0
0,18,2.0
0,19,2.0
0,20,2.0
0,21,3.0
0,22,3.0
0,23,3.0
0,24,2.0
0,25,2.0
0,26,4.0
0,27,4.0
0,28,4.0
0,29,2.0
0,30,2.0
0,31,2.0
0,32,4.0
0,33,1.0
0,34,4.0
0,35,3.0
0,36,2.0
0,37,3.0
0,38,2.0
0,39,2.0
0,40,2.0
0,41,2.0
0,42,1.0
0,43,4.0
0,44,2.0
0,45,3.0
0,46,3.0
0,47,4.0
0,48,2.0
0,49,3.0
0,50,3.0
0,51,3.0
0,52,4.0
0,53,4.0
0,54,4.0
0,55,4.0
0,56,2.0
0,57,2.0
0,58,3.0
0,59,4.0
0,60,2.0
0,61,3.0
0,62,1.0
0,63,3.0
0,64,4.0
0,65,3.0
0,66,3.0
0,67,3.0
0,68,4.0
0,69,4.0
0,70,4.0
0,71,4.0
0,72,5.0
0,73,4.0
0,74,1.0
0,75,3.0
0,76,1.0
0,77,4.0
0,78,4.0
0,79,4.0
0,80,4.0
0,81,2.0
0,82,4.0
0,83,1.0
0,84,1.0
0,85,1.0
0,86,3.0
0,87,4.0
0,88,2.0
0,89,1.0
0,90,2.0
0,91,2.0
0,92,1.0
0,93,4.0
0,94,1.0
0,95,3.0
0,96,1.0
0,97,2.0
0,98,1.0
0,99,1.0
0,100,1.0
0,101,4.0
0,102,1.0
0,103,3.0
0,104,2.0
0,105,4.0
0,106,4.0
0,107,4.0
0,108,4.0
0,109,3.0
0,110,2.0
0,111,1.0
0,112,4.0
0,113,1.0
0,114,1.0
0,115,1.0
0,116,1.0
0,117,3.0
0,118,3.0
0,119,2.0
0,120,3.0
0,121,3.0
0,122,2.0
0,123,3.0
0,124,2.0
0,125,2.0
0,126,4.0
0,127,4.0
0,128,1.0
0,129,4.0
0,130,4.0
0,131,4.0
0,132,1.0
0,133,1.0
0,134,1.0
0,135,1.0
0,136,1.0
0,137,1.0
0,138,1.0
0,139,1.0
0,140,3.0
0,141,4.0
0,142,1.0
0,143,4.0
0,144,4.0
0,145,4.0
0,146,3.0
0,147,1.0
0,148,1.0
0,149,3.0
0,150,2.0
0,151,2.0
0,152,1.0
0,153,2.0
0,154,3.0
0,155,2.0
0,156,3.0
0,157,2.0
0,158,2.0
0,159,1.0
0,160,4.0
0,161,2.0
0,162,4.0
0,163,2.0
0,164,3.0
0,165,0.0
0,166,3.0
0,167,2.0
0,168,2.0
0,169,4.0
0,170,2.0
0,171,3.0
0,172,2.0
0,173,2.0
0,174,1.0
0,175,2.0
0,176,1.0
0,177,5.0
0,178,5.0
0,179,3.0
0,180,5.0
0,181,5.0
0,182,2.0
0,183,3.0
0,184,3.0
0,185,1.0
0,186,2.0
0,187,2.0
0,188,3.0
0,189,2.0
0,190,1.0
0,191,1.0
0,192,1.0
0,193,3.0
0,194,2.0
0,195,1.0
0,196,2.0
0,197,2.0
0,198,2.0
0,199,1.0
0,200,1.0
0,201,1.0
0,202,3.0
0,203,2.0
0,204,1.0
0,205,1.0
0,206,1.0
0,207,3.0
0,208,2.0
0,209,4.0
0,210,2.0
0,211,3.0
0,212,3.0
0,213,4.0
0,214,3.0
0,215,2.0
0,216,2.0
0,217,3.0
0,218,1.0
0,219,3.0
0,220,3.0
0,221,2.0
0,222,3.0
0,223,3.0
0,224,4.0
0,225,4.0
0,226,1.0
0,227,4.0
0,228,2.0
0,229,4.0
0,230,3.0
0,231,4.0
0,232,2.0
0,233,5.0
0,234,1.0
0,235,3.0
0,236,3.0
0,237,2.0
0,238,1.0
0,239,4.0
0,240,3.0
0,241,4.0
0,242,3.0
0,243,3.0
0,244,4.0
0,245,3.0
0,246,3.0
0,247,4.0
0,248,3.0
0,249,2.0
0,250,3.0
0,251,2.0
0,252,1.0
0,253,3.0
0,254,1.0
0,255,2.0
0,256,2.0
0,257,2.0
0,258,3.0
0,259,4.0
0,260,3.0
0,261,4.0
0,262,2.0
0,263,3.0
0,264,3.0
0,265,1.0
0,266,2.0
0,267,4.0
0,268,3.0
0,269,1.0
0,270,2.0
0,271,4.0
0,272,4.0
0,273,4.0
0,274,2.0
0,275,4.0
0,276,4.0
0,277,4.0
0,278,3.0
0,279,1.0
0,280,2.0
0,281,1.0
0,282,2.0
0,283,1.0
0,284,4.0
0,285,1.0
0,286,3.0
0,287,2.0
0,288,2.0
0,289,4.0
0,290,2.0
0,291,1.0
0,292,3.0
0,293,5.0
0,294,2.0
0,295,4.0
0,296,3.0
0,297,4.0
0,298,3.0
0,299,3.0
0,300,2.0
0,301,2.0
0,302,4.0
0,303,3.0
0,304,3.0
0,305,1.0
0,306,2.0
0,307,4.0
0,308,3.0
0,309,3.0
0,310,4.0
0,311,3.0
0,312,4.0
0,313,4.0
0,314,4.0
0,315,2.0
0,316,2.0
0,317,2.0
0,318,3.0
0,319,1.0
0,320,4.0
0,321,4.0
0,322,3.0
0,323,3.0
0,324,4.0
0,325,2.0
0,326,4.0
0,327,4.0
0,328,4.0
0,329,3.0
0,330,4.0
0,331,1.0
0,332,3.0
0,333,3.0
0,334,1.0
0,335,1.0
0,336,2.0
0,337,4.0
0,338,3.0
0,339,4.0
0,340,1.0
0,341,1.0
0,342,3.0
0,343,4.0
0,344,4.0
0,345,3.0
0,346,2.0
0,347,4.0
0,348,3.0
0,349,3.0
0,350,2.0
0,351,4.0
0,352,4.0
0,353,3.0
0,354,4.0
0,355,3.0
0,356,3.0
0,357,3.0
0,358,4.0
0,359,2.0
0,360,3.0
0,361,4.0
0,362,4.0
0,363,3.0
0,364,1.0
0,365,2.0
0,366,4.0
0,367,4.0
0,368,1.0
0,369,2.0
0,370,3.0
0,371,4.0
0,372,3.0
0,373,2.0
0,374,4.0
0,375,5.0
0,376,2.0
0,377,2.0
1,2,0.0
1,3,2.0
1,4,2.0
1,5,2.0
1,6,2.0
1,7,2.0
1,8,2.0
1,9,2.0
1,10,2.0
1,11,2.0
1,12,2.0
1,13,1.0
1,14,1.0
1,15,1.0
1,16,2.0
1,17,2.0
1,18,3.0
1,19,1.0
1,20,3.0
1,21,2.0
1,22,2.0
1,23,2.0
1,24,1.0
1,25,2.0
1,26,2.0
1,27,2.0
1,28,2.0
1,29,3.0
1,30,2.0
1,31,3.0
1,32,2.0
1,33,3.0
1,34,2.0
1,35,2.0
1,36,3.0
1,37,2.0
1,38,2.0
1,39,2.0
1,40,1.0
1,41,2.0
1,42,2.0
1,43,3.0
1,44,1.0
1,45,1.0
1,46,1.0
1,47,2.0
1,48,3.0
1,49,2.0
1,50,1.0
1,51,1.0
1,52,2.0
1,53,2.0
1,54,3.0
1,55,3.0
1,56,1.0
1,57,2.0
1,58,2.0
1,59,3.0
1,60,2.0
1,61,1.0
1,62,2.0
1,63,4.0
1,64,3.0
1,65,3.0
1,66,3.0
1,67,2.0
1,68,3.0
1,69,2.0
1,70,2.0
1,71,3.0
1,72,2.0
1,73,2.0
1,74,2.0
1,75,1.0
1,76,1.0
1,77,2.0
1,78,2.0
1,79,2.0
1,80,3.0
1,81,2.0
1,82,3.0
1,83,1.0
1,84,1.0
1,85,1.0
1,86,2.0
1,87,3.0
1,88,2.0
1,89,1.0
1,90,2.0
1,91,3.0
1,92,3.0
1,93,3.0
1,94,2.0
1,95,1.0
1,96,2.0
1,97,2.0
1,98,2.0
1,99,3.0
1,100,0.0
1,101,3.0
1,102,0.0
1,103,2.0
1,104,2.0
1,105,2.0
1,106,2.0
1,107,3.0
1,108,2.0
1,109,2.0
1,110,2.0
1,111,2.0
1,112,2.0
1,113,2.0
1,114,1.0
1,115,1.0
1,116,1.0
1,117,2.0
1,118,1.0
1,119,2.0
1,120,2.0
1,121,1.0
1,122,2.0
1,123,2.0
1,124,1.0
1,125,1.0
1,126,2.0
1,127,2.0
1,128,1.0
1,129,2.0
1,130,2.0
1,131,2.0
1,132,2.0
1,133,2.0
1,134,2.0
1,135,2.0
1,136,2.0
1,137,2.0
1,138,2.0
1,139,1.0
1,140,2.0
1,141,2.0
1,142,2.0
1,143,2.0
1,144,2.0
1,145,3.0
1,146,2.0
1,147,2.0
1,148,2.0
1,149,2.0
1,150,1.0
1,151,1.0
1,152,2.0
1,153,3.0
1,154,2.0
1,155,2.0
1,156,2.0
1,157,2.0
1,158,2.0
1,159,2.0
1,160,3.0
1,161,1.0
1,162,2.0
1,163,2.0
1,164,2.0
1,165,1.0
1,166,3.0
1,167,2.0
1,168,3.0
1,169,3.0
1,170,2.0
1,171,2.0
1,172,2.0
1,173,2.0
1,174,1.0
1,175,1.0
1,176,2.0
1,177,2.0
1,178,2.0
1,179,2.0
1,180,2.0
1,181,2.0
1,182,1.0
1,183,4.0
1,184,4.0
1,185,1.0
1,186,2.0
1,187,2.0
1,188,1.0
1,189,2.0
1,190,1.0
1,191,1.0
1,192,1.0
1,193,1.0
1,194,2.0
1,195,3.0
1,196,1.0
1,197,1.0
1,198,1.0
1,199,0.0
1,200,0.0
1,201,0.0
1,202,2.0
1,203,2.0
1,204,3.0
1,205,3.0
1,206,2.0
1,207,3.0
1,208,2.0
1,209,3.0
1,210,2.0
1,211,2.0
1,212,2.0
1,213,2.0
1,214,2.0
1,215,1.0
1,216,2.0
1,217,3.0
1,218,2.0
1,219,3.0
1,220,2.0
1,221,1.0
1,222,1.0
1,223,2.0
1,224,3.0
1,225,3.0
1,226,1.0
1,227,3.0
1,228,4.0
1,229,2.0
1,230,4.0
1,231,3.0
1,232,2.0
1,233,2.0
1,234,1.0
1,235,3.0
1,236,2.0
1,237,2.0
1,238,1.0
1,239,3.0
1,240,2.0
1,241,2.0
1,242,4.0
1,243,2.0
1,244,3.0
1,245,2.0
1,246,4.0
1,247,2.0
1,248,1.0
1,249,2.0
1,250,2.0
1,251,4.0
1,252,3.0
1,253,3.0
1,254,2.0
1,255,2.0
1,256,3.0
1,257,1.0
1,258,2.0
1,259,2.0
1,260,4.0
1,261,3.0
1,262,2.0
1,263,2.0
1,264,2.0
1,265,2.0
1,266,0.0
1,267,3.0
1,268,2.0
1,269,2.0
1,270,2.0
1,271,2.0
1,272,2.0
1,273,3.0
1,274,2.0
1,275,3.0
1,276,3.0
1,277,3.0
1,278,2.0
1,279,3.0
1,280,2.0
1,281,2.0
1,282,4.0
1,283,2.0
1,284,3.0
1,285,1.0
1,286,2.0
1,287,1.0
1,288,2.0
1,289,3.0
1,290,2.0
1,291,2.0
1,292,4.0
1,293,2.0
1,294,2.0
1,295,2.0
1,296,2.0
1,297,3.0
1,298,4.0
1,299,4.0
1,300,2.0
1,301,2.0
1,302,3.0
1,303,4.0
1,304,2.0
1,305,2.0
1,306,2.0
1,307,3.0
1,308,2.0
1,309,2.0
1,310,3.0
1,311,2.0
1,312,2.0
1,313,3.0
1,314,3.0
1,315,2.0
1,316,2.0
1,317,0.0
1,318,3.0
1,319,2.0
1,320,3.0
1,321,3.0
1,322,2.0
1,323,2.0
1,324,2.0
1,325,1.0
1,326,3.0
1,327,2.0
1,328,3.0
1,329,2.0
1,330,2.0
1,331,1.0
1,332,3.0
1,333,2.0
1,334,1.0
1,335,0.0
1,336,1.0
1,337,3.0
1,338,2.0
1,339,3.0
1,340,2.0
1,341,2.0
1,342,4.0
1,343,3.0
1,344,3.0
1,345,2.0
1,346,2.0
1,347,3.0
1,348,2.0
1,349,2.0
1,350,3.0
1,351,3.0
1,352,3.0
1,353,2.0
1,354,3.0
1,355,1.0
1,356,2.0
1,357,2.0
1,358,3.0
1,359,2.0
1,360,2.0
1,361,3.0
1,362,2.0
1,363,1.0
1,364,2.0
1,365,1.0
1,366,2.0
1,367,3.0
1,368,2.0
1,369,2.0
1,370,4.0
1,371,2.0
1,372,4.0
1,373,2.0
1,374,3.0
1,375,2.0
1,376,2.0
1,377,4.0
2,3,2.0
2,4,2.0
2,5,2.0
2,6,2.0
2,7,1.0
2,8,1.0
2,9,1.0
2,10,0.0
2,11,1.0
2,12,0.0
2,13,2.0
2,14,1.0
2,15,1.0
2,16,1.0
2,17,2.0
2,18,0.0
2,19,1.0
2,20,1.0
2,21,0.0
2,22,1.0
2,23,1.0
2,24,1.0
2,25,0.0
2,26,1.0
2,27,1.0
2,28,1.0
2,29,0.0
2,30,0.0
2,31,1.0
2,32,1.0
2,33,1.0
2,34,1.0
2,35,1.0
2,36,1.0
2,37,1.0
2,38,0.0
2,39,2.0
2,40,1.0
2,41,0.0
2,42,0.0
2,43,0.0
2,44,3.0
2,45,1.0
2,46,1.0
2,47,1.0
2,48,1.0
2,49,1.0
2,50,1.0
2,51,1.0
2,52,1.0
2,53,2.0
2,54,0.0
2,55,0.0
2,56,1.0
2,57,1.0
2,58,1.0
2,59,0.0
2,60,1.0
2,61,1.0
2,62,2.0
2,63,0.0
2,64,0.0
2,65,1.0
2,66,1.0
2,67,0.0
2,68,0.0
2,69,1.0
2,70,1.0
2,71,0.0
2,72,2.0
2,73,0.0
2,74,1.0
2,75,1.0
2,76,3.0
2,77,0.0
2,78,1.0
2,79,1.0
2,80,0.0
2,81,0.0
2,82,0.0
2,83,3.0
2,84,3.0
2,85,3.0
2,86,1.0
2,87,0.0
2,88,1.0
2,89,0.0
2,90,2.0
2,91,1.0
2,92,1.0
2,93,0.0
2,94,0.0
2,95,1.0
2,96,2.0
2,97,1.0
2,98,2.0
2,99,0.0
2,100,4.0
2,101,0.0
2,102,4.0
2,103,0.0
2,104,1.0
2,105,1.0
2,106,1.0
2,107,0.0
2,108,1.0
2,109,1.0
2,110,2.0
2,111,0.0
2,112,2.0
2,113,0.0
2,114,3.0
2,115,3.0
2,116,3.0
2,117,1.0
2,118,2.0
2,119,0.0
2,120,1.0
2,121,2.0
2,122,0.0
2,123,1.0
2,124,2.0
2,125,2.0
2,126,0.0
2,127,0.0
2,128,3.0
2,129,0.0
2,130,0.0
2,131,0.0
2,132,2.0
2,133,2.0
2,134,2.0
2,135,2.0
2,136,2.0
2,137,2.0
2,138,2.0
2,139,3.0
2,140,0.0
2,141,1.0
2,142,1.0
2,143,1.0
2,144,1.0
2,145,1.0
2,146,1.0
2,147,3.0
2,148,3.0
2,149,1.0
2,150,2.0
2,151,2.0
2,152,1.0
2,153,1.0
2,154,1.0
2,155,1.0
2,156,1.0
2,157,0.0
2,158,0.0
2,159,2.0
2,160,1.0
2,161,2.0
2,162,0.0
2,163,0.0
2,164,1.0
2,165,3.0
2,166,0.0
2,167,0.0
2,168,0.0
2,169,0.0
2,170,0.0
2,171,1.0
2,172,0.0
2,173,1.0
2,174,3.0
2,175,2.0
2,176,1.0
2,177,2.0
2,178,2.0
2,179,1.0
2,180,2.0
2,181,2.0
2,182,0.0
2,183,0.0
2,184,0.0
2,185,3.0
2,186,0.0
2,187,0.0
2,188,1.0
2,189,1.0
2,190,0.0
2,191,0.0
2,192,0.0
2,193,1.0
2,194,0.0
2,195,0.0
2,196,1.0
2,197,1.0
2,198,1.0
2,199,4.0
2,200,4.0
2,201,4.0
2,202,0.0
2,203,2.0
2,204,0.0
2,205,0.0
2,206,1.0
2,207,0.0
2,208,0.0
2,209,0.0
2,210,1.0
2,211,1.0
2,212,1.0
2,213,1.0
2,214,1.0
2,215,1.0
2,216,1.0
2,217,0.0
2,218,1.0
2,219,0.0
2,220,1.0
2,221,1.0
2,222,2.0
2,223,1.0
2,224,0.0
2,225,0.0
2,226,3.0
2,227,0.0
2,228,1.0
2,229,2.0
2,230,0.0
2,231,0.0
2,232,2.0
2,233,2.0
2,234,0.0
2,235,0.0
2,236,1.0
2,237,0.0
2,238,0.0
2,239,0.0
2,240,1.0
2,241,1.0
2,242,0.0
2,243,1.0
2,244,0.0
2,245,1.0
2,246,0.0
2,247,0.0
2,248,1.0
2,249,1.0
2,250,0.0
2,251,1.0
2,252,0.0
2,253,0.0
2,254,1.0
2,255,1.0
2,256,0.0
2,257,1.0
2,258,1.0
2,259,2.0
2,260,0.0
2,261,0.0
2,262,1.0
2,263,1.0
2,264,1.0
2,265,1.0
2,266,1.0
2,267,0.0
2,268,1.0
2,269,0.0
2,270,0.0
2,271,2.0
2,272,0.0
2,273,1.0
2,274,0.0
2,275,0.0
2,276,0.0
2,277,0.0
2,278,1.0
2,279,0.0
2,280,1.0
2,281,1.0
2,282,0.0
2,283,3.0
2,284,0.0
2,285,1.0
2,286,1.0
2,287,2.0
2,288,1.0
2,289,0.0
2,290,1.0
2,291,0.0
2,292,0.0
2,293,2.0
2,294,0.0
2,295,1.0
2,296,1.0
2,297,0.0
2,298,0.0
2,299,0.0
2,300,1.0
2,301,1.0
2,302,0.0
2,303,0.0
2,304,0.0
2,305,1.0
2,306,0.0
2,307,0.0
2,308,1.0
2,309,1.0
2,310,0.0
2,311,1.0
2,312,2.0
2,313,0.0
2,314,0.0
2,315,0.0
2,316,1.0
2,317,2.0
2,318,0.0
2,319,1.0
2,320,0.0
2,321,0.0
2,322,1.0
2,323,1.0
2,324,0.0
2,325,3.0
2,326,0.0
2,327,2.0
2,328,0.0
2,329,1.0
2,330,1.0
2,331,3.0
2,332,0.0
2,333,0.0
2,334,3.0
2,335,4.0
2,336,2.0
2,337,0.0
2,338,0.0
2,339,2.0
2,340,0.0
2,341,1.0
2,342,0.0
2,343,0.0
2,344,0.0
2,345,1.0
2,346,1.0
2,347,0.0
2,348,0.0
2,349,1.0
2,350,0.0
2,351,0.0
2,352,0.0
2,353,1.0
2,354,0.0
2,355,1.0
2,356,1.0
2,357,1.0
2,358,0.0
2,359,0.0
2,360,1.0
2,361,0.0
2,362,1.0
2,363,2.0
2,364,3.0
2,365,2.0
2,366,0.0
2,367,0.0
2,368,1.0
2,369,1.0
2,370,0.0
2,371,1.0
2,372,0.0
2,373,0.0
2,374,0.0
2,375,2.0
2,376,1.0
2,377,0.0
3,4,6.0
3,5,6.0
3,6,6.0
3,7,2.0
3,8,2.0
3,9,3.0
3,10,2.0
3,11,4.0
3,12,2.0
3,13,3.0
3,14,2.0
3,15,2.0
3,16,3.0
3,17,6.0
3,18,2.0
3,19,2.0
3,20,2.0
3,21,2.0
3,22,3.0
3,23,3.0
3,24,2.0
3,25,2.0
3,26,4.0
3,27,4.0
3,28,4.0
3,29,2.0
3,30,2.0
3,31,2.0
3,32,4.0
3,33,1.0
3,34,4.0
3,35,3.0
3,36,1.0
3,37,2.0
3,38,2.0
3,39,3.0
3,40,2.0
3,41,2.0
3,42,1.0
3,43,3.0
3,44,3.0
3,45,3.0
3,46,3.0
3,47,4.0
3,48,2.0
3,49,3.0
3,50,3.0
3,51,3.0
3,52,4.0
3,53,5.0
3,54,3.0
3,55,3.0
3,56,2.0
3,57,2.0
3,58,3.0
3,59,3.0
3,60,2.0
3,61,3.0
3,62,2.0
3,63,2.0
3,64,3.0
3,65,3.0
3,66,3.0
3,67,2.0
3,68,3.0
3,69,4.0
3,70,4.0
3,71,3.0
3,72,6.0
3,73,3.0
3,74,1.0
3,75,3.0
3,76,2.0
3,77,3.0
3,78,4.0
3,79,4.0
3,80,3.0
3,81,2.0
3,82,3.0
3,83,2.0
3,84,2.0
3,85,2.0
3,86,3.0
3,87,3.0
3,88,2.0
3,89,1.0
3,90,2.0
3,91,2.0
3,92,1.0
3,93,3.0
3,94,1.0
3,95,3.0
3,96,2.0
3,97,2.0
3,98,2.0
3,99,1.0
3,100,2.0
3,101,3.0
3,102,2.0
3,103,2.0
3,104,2.0
3,105,4.0
3,106,4.0
3,107,3.0
3,108,4.0
3,109,3.0
3,110,2.0
3,111,1.0
3,112,5.0
3,113,1.0
3,114,2.0
3,115,2.0
3,116,2.0
3,117,3.0
3,118,3.0
3,119,2.0
3,120,3.0
3,121,3.0
3,122,2.0
3,123,3.0
3,124,2.0
3,125,2.0
3,126,3.0
3,127,3.0
3,128,2.0
3,129,3.0
3,130,3.0
3,131,3.0
3,132,1.0
3,133,1.0
3,134,1.0
3,135,1.0
3,136,2.0
3,137,2.0
3,138,2.0
3,139,2.0
3,140,2.0
3,141,4.0
3,142,1.0
3,143,4.0
3,144,4.0
3,145,3.0
3,146,3.0
3,147,2.0
3,148,2.0
3,149,3.0
3,150,3.0
3,151,3.0
3,152,2.0
3,153,2.0
3,154,3.0
3,155,2.0
3,156,3.0
3,157,2.0
3,158,2.0
3,159,2.0
3,160,4.0
3,161,2.0
3,162,3.0
3,163,2.0
3,164,3.0
3,165,1.0
3,166,3.0
3,167,2.0
3,168,2.0
3,169,3.0
3,170,2.0
3,171,2.0
3,172,2.0
3,173,2.0
3,174,2.0
3,175,2.0
3,176,2.0
3,177,6.0
3,178,6.0
3,179,3.0
3,180,6.0
3,181,6.0
3,182,1.0
3,183,3.0
3,184,3.0
3,185,2.0
3,186,2.0
3,187,2.0
3,188,3.0
3,189,2.0
3,190,1.0
3,191,1.0
3,192,1.0
3,193,3.0
3,194,2.0
3,195,1.0
3,196,1.0
3,197,1.0
3,198,1.0
3,199,2.0
3,200,2.0
3,201,2.0
3,202,2.0
3,203,2.0
3,204,1.0
3,205,1.0
3,206,1.0
3,207,3.0
3,208,2.0
3,209,3.0
3,210,2.0
3,211,2.0
3,212,3.0
3,213,4.0
3,214,3.0
3,215,2.0
3,216,2.0
3,217,3.0
3,218,2.0
3,219,3.0
3,220,3.0
3,221,2.0
3,222,3.0
3,223,3.0
3,224,3.0
3,225,3.0
3,226,2.0
3,227,3.0
3,228,2.0
3,229,5.0
3,230,3.0
3,231,3.0
3,232,2.0
3,233,6.0
3,234,1.0
3,235,2.0
3,236,2.0
3,237,2.0
3,238,1.0
3,239,3.0
3,240,2.0
3,241,4.0
3,242,2.0
3,243,3.0
3,244,3.0
3,245,3.0
3,246,3.0
3,247,3.0
3,248,3.0
3,249,2.0
3,250,2.0
3,251,2.0
3,252,1.0
3,253,2.0
3,254,2.0
3,255,2.0
3,256,2.0
3,257,2.0
3,258,3.0
3,259,5.0
3,260,2.0
3,261,3.0
3,262,2.0
3,263,3.0
3,264,2.0
3,265,2.0
3,266,2.0
3,267,3.0
3,268,3.0
3,269,1.0
3,270,2.0
3,271,5.0
3,272,3.0
3,273,4.0
3,274,2.0
3,275,3.0
3,276,3.0
3,277,3.0
3,278,3.0
3,279,1.0
3,280,2.0
3,281,2.0
3,282,2.0
3,283,2.0
3,284,3.0
3,285,2.0
3,286,3.0
3,287,3.0
3,288,2.0
3,289,3.0
3,290,2.0
3,291,1.0
3,292,2.0
3,293,6.0
3,294,2.0
3,295,4.0
3,296,2.0
3,297,3.0
3,298,3.0
3,299,3.0
3,300,2.0
3,301,2.0
3,302,3.0
3,303,2.0
3,304,2.0
3,305,2.0
3,306,1.0
3,307,3.0
3,308,2.0
3,309,3.0
3,310,3.0
3,311,2.0
3,312,5.0
3,313,3.0
3,314,3.0
3,315,2.0
3,316,2.0
3,317,3.0
3,318,3.0
3,319,1.0
3,320,3.0
3,321,3.0
3,322,3.0
3,323,3.0
3,324,3.0
3,325,3.0
3,326,3.0
3,327,5.0
3,328,3.0
3,329,3.0
3,330,4.0
3,331,2.0
3,332,2.0
3,333,2.0
3,334,2.0
3,335,2.0
3,336,2.0
3,337,3.0
3,338,2.0
3,339,5.0
3,340,1.0
3,341,2.0
3,342,2.0
3,343,3.0
3,344,3.0
3,345,2.0
3,346,2.0
3,347,3.0
3,348,2.0
3,349,3.0
3,350,2.0
3,351,3.0
3,352,3.0
3,353,3.0
3,354,3.0
3,355,3.0
3,356,3.0
3,357,3.0
3,358,3.0
3,359,2.0
3,360,3.0
3,361,3.0
3,362,4.0
3,363,3.0
3,364,2.0
3,365,3.0
3,366,3.0
3,367,3.0
3,368,1.0
3,369,2.0
3,370,3.0
3,371,4.0
3,372,2.0
3,373,2.0
3,374,3.0
3,375,6.0
3,376,2.0
3,377,2.0
4,5,6.0
4,6,6.0
4,7,2.0
4,8,2.0
4,9,3.0
4,10,2.0
4,11,4.0
4,12,2.0
4,13,3.0
4,14,2.0
4,15,2.0
4,16,3.0
4,17,6.0
4,18,2.0
4,19,2.0
4,20,2.0
4,21,2.0
4,22,3.0
4,23,3.0
4,24,2.0
4,25,2.0
4,26,4.0
4,27,4.0
4,28,4.0
4,29,2.0
4,30,2.0
4,31,2.0
4,32,4.0
4,33,1.0
4,34,4.0
4,35,3.0
4,36,1.0
4,37,2.0
4,38,2.0
4,39,3.0
4,40,2.0
4,41,2.0
4,42,1.0
4,43,3.0
4,44,3.0
4,45,3.0
4,46,3.0
4,47,4.0
4,48,2.0
4,49,3.0
4,50,3.0
4,51,3.0
4,52,4.0
4,53,5.0
4,54,3.0
4,55,3.0
4,56,2.0
4,57,2.0
4,58,3.0
4,59,3.0
4,60,2.0
4,61,3.0
4,62,2.0
4,63,2.0
4,64,3.0
4,65,3.0
4,66,3.0
4,67,2.0
4,68,3.0
4,69,4.0
4,70,4.0
4,71,3.0
4,72,6.0
4,73,3.0
4,74,1.0
4,75,3.0
4,76,2.0
4,77,3.0
4,78,4.0
4,79,4.0
4,80,3.0
4,81,2.0
4,82,3.0
4,83,2.0
4,84,2.0
4,85,2.0
4,86,3.0
4,87,3.0
4,88,2.0
4,89,1.0
4,90,2.0
4,91,2.0
4,92,1.0
4,93,3.0
4,94,1.0
4,95,3.0
4,96,2.0
4,97,2.0
4,98,2.0
4,99,1.0
4,100,2.0
4,101,3.0
4,102,2.0
4,103,2.0
4,104,2.0
4,105,4.0
4,106,4.0
4,107,3.0
4,108,4.0
4,109,3.0
4,110,2.0
4,111,1.0
4,112,5.0
4,113,1.0
4,114,2.0
4,115,2.0
4,116,2.0
4,117,3.0
4,118,3.0
4,119,2.0
4,120,3.0
4,121,3.0
4,122,2.0
4,123,3.0
4,124,2.0
4,125,2.0
4,126,3.0
4,127,3.0
4,128,2.0
4,129,3.0
4,130,3.0
4,131,3.0
4,132,1.0
4,133,1.0
4,134,1.0
4,135,1.0
4,136,2.0
4,137,2.0
4,138,2.0
4,139,2.0
4,140,2.0
4,141,4.0
4,142,1.0
4,143,4.0
4,144,4.0
4,145,3.0
4,146,3.0
4,147,2.0
4,148,2.0
4,149,3.0
4,150,3.0
4,151,3.0
4,152,2.0
4,153,2.0
4,154,3.0
4,155,2.0
4,156,3.0
4,157,2.0
4,158,2.0
4,159,2.0
4,160,4.0
4,161,2.0
4,162,3.0
4,163,2.0
4,164,3.0
4,165,1.0
4,166,3.0
4,167,2.0
4,168,2.0
4,169,3.0
4,170,2.0
4,171,2.0
4,172,2.0
4,173,2.0
4,174,2.0
4,175,2.0
4,176,2.0
4,177,6.0
4,178,6.0
4,179,3.0
4,180,6.0
4,181,6.0
4,182,1.0
4,183,3.0
4,184,3.0
4,185,2.0
4,186,2.0
4,187,2.0
4,188,3.0
4,189,2.0
4,190,1.0
4,191,1.0
4,192,1.0
4,193,3.0
4,194,2.0
4,195,1.0
4,196,1.0
4,197,1.0
4,198,1.0
4,199,2.0
4,200,2.0
4,201,2.0
4,202,2.0
4,203,2.0
4,204,1.0
4,205,1.0
4,206,1.0
4,207,3.0
4,208,2.0
4,209,3.0
4,210,2.0
4,211,2.0
4,212,3.0
4,213,4.0
4,214,3.0
4,215,2.0
4,216,2.0
4,217,3.0
4,218,2.0
4,219,3.0
4,220,3.0
4,221,2.0
4,222,3.0
4,223,3.0
4,224,3.0
4,225,3.0
4,226,2.0
4,227,3.0
4,228,2.0
4,229,5.0
4,230,3.0
4,231,3.0
4,232,2.0
4,233,6.0
4,234,1.0
4,235,2.0
4,236,2.0
4,237,2.0
4,238,1.0
4,239,3.0
4,240,2.0
4,241,4.0
4,242,2.0
4,243,3.0
4,244,3.0
4,245,3.0
4,246,3.0
4,247,3.0
4,248,3.0
4,249,2.0
4,250,2.0
4,251,2.0
4,252,1.0
4,253,2.0
4,254,2.0
4,255,2.0
4,256,2.0
4,257,2.0
4,258,3.0
4,259,5.0
4,260,2.0
4,261,3.0
4,262,2.0
4,263,3.0
4,264,2.0
4,265,2.0
4,266,2.0
4,267,3.0
4,268,3.0
4,269,1.0
4,270,2.0
4,271,5.0
4,272,3.0
4,273,4.0
4,274,2.0
4,275,3.0
4,276,3.0
4,277,3.0
4,278,3.0
4,279,1.0
4,280,2.0
4,281,2.0
4,282,2.0
4,283,2.0
4,284,3.0
4,285,2.0
4,286,3.0
4,287,3.0
4,288,2.0
4,289,3.0
4,290,2.0
4,291,1.0
4,292,2.0
4,293,6.0
4,294,2.0
4,295,4.0
4,296,2.0
4,297,3.0
4,298,3.0
4,299,3.0
4,300,2.0
4,301,2.0
4,302,3.0
4,303,2.0
4,304,2.0
4,305,2.0
4,306,1.0
4,307,3.0
4,308,2.0
4,309,3.0
4,310,3.0
4,311,2.0
4,312,5.0
4,313,3.0
4,314,3.0
4,315,2.0
4,316,2.0
4,317,3.0
4,318,3.0
4,319,1.0
4,320,3.0
4,321,3.0
4,322,3.0
4,323,3.0
4,324,3.0
4,325,3.0
4,326,3.0
4,327,5.0
4,328,3.0
4,329,3.0
4,330,4.0
4,331,2.0
4,332,2.0
4,333,2.0
4,334,2.0
4,335,2.0
4,336,2.0
4,337,3.0
4,338,2.0
4,339,5.0
4,340,1.0
4,341,2.0
4,342,2.0
4,343,3.0
4,344,3.0
4,345,2.0
4,346,2.0
4,347,3.0
4,348,2.0
4,349,3.0
4,350,2.0
4,351,3.0
4,352,3.0
4,353,3.0
4,354,3.0
4,355,3.0
4,356,3.0
4,357,3.0
4,358,3.0
4,359,2.0
4,360,3.0
4,361,3.0
4,362,4.0
4,363,3.0
4,364,2.0
4,365,3.0
4,366,3.0
4,367,3.0
4,368,1.0
4,369,2.0
4,370,3.0
4,371,4.0
4,372,2.0
4,373,2.0
4,374,3.0
4,375,6.0
4,376,2.0
4,377,2.0
5,6,6.0
5,7,2.0
5,8,2.0
5,9,3.0
5,10,2.0
5,11,4.0
5,12,2.0
5,13,3.0
5,14,2.0
5,15,2.0
5,16,3.0
5,17,6.0
5,18,2.0
5,19,2.0
5,20,2.0
5,21,2.0
5,22,3.0
5,23,3.0
5,24,2.0
5,25,2.0
5,26,4.0
5,27,4.0
5,28,4.0
5,29,2.0
5,30,2.0
5,31,2.0
5,32,4.0
5,33,1.0
5,34,4.0
5,35,3.0
5,36,1.0
5,37,2.0
5,38,2.0
5,39,3.0
5,40,2.0
5,41,2.0
5,42,1.0
5,43,3.0
5,44,3.0
5,45,3.0
5,46,3.0
5,47,4.0
5,48,2.0
5,49,3.0
5,50,3.0
5,51,3.0
5,52,4.0
5,53,5.0
5,54,3.0
5,55,3.0
5,56,2.0
5,57,2.0
5,58,3.0
5,59,3.0
5,60,2.0
5,61,3.0
5,62,2.0
5,63,2.0
5,64,3.0
5,65,3.0
5,66,3.0
5,67,2.0
5,68,3.0
5,69,4.0
5,70,4.0
5,71,3.0
5,72,6.0
5,73,3.0
5,74,1.0
5,75,3.0
5,76,2.0
5,77,3.0
5,78,4.0
5,79,4.0
5,80,3.0
5,81,2.0
5,82,3.0
5,83,2.0
5,84,2.0
5,85,2.0
5,86,3.0
5,87,3.0
5,88,2.0
5,89,1.0
5,90,2.0
5,91,2.0
5,92,1.0
5,93,3.0
5,94,1.0
5,95,3.0
5,96,2.0
5,97,2.0
5,98,2.0
5,99,1.0
5,100,2.0
5,101,3.0
5,102,2.0
5,103,2.0
5,104,2.0
5,105,4.0
5,106,4.0
5,107,3.0
5,108,4.0
5,109,3.0
5,110,2.0
5,111,1.0
5,112,5.0
5,113,1.0
5,114,2.0
5,115,2.0
5,116,2.0
5,117,3.0
5,118,3.0
5,119,2.0
5,120,3.0
5,121,3.0
5,122,2.0
5,123,3.0
5,124,2.0
5,125,2.0
5,126,3.0
5,127,3.0
5,128,2.0
5,129,3.0
5,130,3.0
5,131,3.0
5,132,1.0
5,133,1.0
5,134,1.0
5,135,1.0
5,136,2.0
5,137,2.0
5,138,2.0
5,139,2.0
5,140,2.0
5,141,4.0
5,142,1.0
5,143,4.0
5,144,4.0
5,145,3.0
5,146,3.0
5,147,2.0
5,148,2.0
5,149,3.0
5,150,3.0
5,151,3.0
5,152,2.0
5,153,2.0
5,154,3.0
5,155,2.0
5,156,3.0
5,157,2.0
5,158,2.0
5,159,2.0
5,160,4.0
5,161,2.0
5,162,3.0
5,163,2.0
5,164,3.0
5,165,1.0
5,166,3.0
5,167,2.0
5,168,2.0
5,169,3.0
5,170,2.0
5,171,2.0
5,172,2.0
5,173,2.0
5,174,2.0
5,175,2.0
5,176,2.0
5,177,6.0
5,178,6.0
5,179,3.0
5,180,6.0
5,181,6.0
5,182,1.0
5,183,3.0
5,184,3.0
5,185,2.0
5,186,2.0
5,187,2.0
5,188,3.0
5,189,2.0
5,190,1.0
5,191,1.0
5,192,1.0
5,193,3.0
5,194,2.0
5,195,1.0
5,196,1.0
5,197,1.0
5,198,1.0
5,199,2.0
5,200,2.0
5,201,2.0
5,202,2.0
5,203,2.0
5,204,1.0
5,205,1.0
5,206,1.0
5,207,3.0
5,208,2.0
5,209,3.0
5,210,2.0
5,211,2.0
5,212,3.0
5,213,4.0
5,214,3.0
5,215,2.0
5,216,2.0
5,217,3.0
5,218,2.0
5,219,3.0
5,220,3.0
5,221,2.0
5,222,3.0
5,223,3.0
5,224,3.0
5,225,3.0
5,226,2.0
5,227,3.0
5,228,2.0
5,229,5.0
5,230,3.0
5,231,3.0
5,232,2.0
5,233,6.0
5,234,1.0
5,235,2.0
5,236,2.0
5,237,2.0
5,238,1.0
5,239,3.0
5,240,2.0
5,241,4.0
5,242,2.0
5,243,3.0
5,244,3.0
5,245,3.0
5,246,3.0
5,247,3.0
5,248,3.0
5,249,2.0
5,250,2.0
5,251,2.0
5,252,1.0
5,253,2.0
5,254,2.0
5,255,2.0
5,256,2.0
5,257,2.0
5,258,3.0
5,259,5.0
5,260,2.0
5,261,3.0
5,262,2.0
5,263,3.0
5,264,2.0
5,265,2.0
5,266,2.0
5,267,3.0
5,268,3.0
5,269,1.0
5,270,2.0
5,271,5.0
5,272,3.0
5,273,4.0
5,274,2.0
5,275,3.0
5,276,3.0
5,277,3.0
5,278,3.0
5,279,1.0
5,280,2.0
5,281,2.0
5,282,2.0
5,283,2.0
5,284,3.0
5,285,2.0
5,286,3.0
5,287,3.0
5,288,2.0
5,289,3.0
5,290,2.0
5,291,1.0
5,292,2.0
5,293,6.0
5,294,2.0
5,295,4.0
5,296,2.0
5,297,3.0
5,298,3.0
5,299,3.0
5,300,2.0
5,301,2.0
5,302,3.0
5,303,2.0
5,304,2.0
5,305,2.0
5,306,1.0
5,307,3.0
5,308,2.0
5,309,3.0
5,310,3.0
5,311,2.0
5,312,5.0
5,313,3.0
5,314,3.0
5,315,2.0
5,316,2.0
5,317,3.0
5,318,3.0
5,319,1.0
5,320,3.0
5,321,3.0
5,322,3.0
5,323,3.0
5,324,3.0
5,325,3.0
5,326,3.0
5,327,5.0
5,328,3.0
5,329,3.0
5,330,4.0
5,331,2.0
5,332,2.0
5,333,2.0
5,334,2.0
5,335,2.0
5,336,2.0
5,337,3.0
5,338,2.0
5,339,5.0
5,340,1.0
5,341,2.0
5,342,2.0
5,343,3.0
5,344,3.0
5,345,2.0
5,346,2.0
5,347,3.0
5,348,2.0
5,349,3.0
5,350,2.0
5,351,3.0
5,352,3.0
5,353,3.0
5,354,3.0
5,355,3.0
5,356,3.0
5,357,3.0
5,358,3.0
5,359,2.0
5,360,3.0
5,361,3.0
5,362,4.0
5,363,3.0
5,364,2.0
5,365,3.0
5,366,3.0
5,367,3.0
5,368,1.0
5,369,2.0
5,370,3.0
5,371,4.0
5,372,2.0
5,373,2.0
5,374,3.0
5,375,6.0
5,376,2.0
5,377,2.0
6,7,2.0
6,8,2.0
6,9,3.0
6,10,2.0
6,11,4.0
6,12,2.0
6,13,3.0
6,14,2.0
6,15,2.0
6,16,3.0
6,17,6.0
6,18,2.0
6,19,2.0
6,20,2.0
6,21,2.0
6,22,3.0
6,23,3.0
6,24,2.0
6,25,2.0
6,26,4.0
6,27,4.0
6,28,4.0
6,29,2.0
6,30,2.0
6,31,2.0
6,32,4.0
6,33,1.0
6,34,4.0
6,35,3.0
6,36,1.0
6,37,2.0
6,38,2.0
6,39,3.0
6,40,2.0
6,41,2.0
6,42,1.0
6,43,3.0
6,44,3.0
6,45,3.0
6,46,3.0
6,47,4.0
6,48,2.0
6,49,3.0
6,50,3.0
6,51,3.0
6,52,4.0
6,53,5.0
6,54,3.0
6,55,3.0
6,56,2.0
6,57,2.0
6,58,3.0
6,59,3.0
6,60,2.0
6,61,3.0
6,62,2.0
6,63,2.0
6,64,3.0
6,65,3.0
6,66,3.0
6,67,2.0
6,68,3.0
6,69,4.0
6,70,4.0
6,71,3.0
6,72,6.0
6,73,3.0
6,74,1.0
6,75,3.0
6,76,2.0
6,77,3.0
6,78,4.0
6,79,4.0
6,80,3.0
6,81,2.0
6,82,3.0
6,83,2.0
6,84,2.0
6,85,2.0
6,86,3.0
6,87,3.0
6,88,2.0
6,89,1.0
6,90,2.0
6,91,2.0
6,92,1.0
6,93,3.0
6,94,1.0
6,95,3.0
6,96,2.0
6,97,2.0
6,98,2.0
6,99,1.0
6,100,2.0
6,101,3.0
6,102,2.0
6,103,2.0
6,104,2.0
6,105,4.0
6,106,4.0
6,107,3.0
6,108,4.0
6,109,3.0
6,110,2.0
6,111,1.0
6,112,5.0
6,113,1.0
6,114,2.0
6,115,2.0
6,116,2.0
6,117,3.0
6,118,3.0
6,119,2.0
6,120,3.0
6,121,3.0
6,122,2.0
6,123,3.0
6,124,2.0
6,125,2.0
6,126,3.0
6,127,3.0
6,128,2.0
6,129,3.0
6,130,3.0
6,131,3.0
6,132,1.0
6,133,1.0
6,134,1.0
6,135,1.0
6,136,2.0
6,137,2.0
6,138,2.0
6,139,2.0
6,140,2.0
6,141,4.0
6,142,1.0
6,143,4.0
6,144,4.0
6,145,3.0
6,146,3.0
6,147,2.0
6,148,2.0
6,149,3.0
6,150,3.0
6,151,3.0
6,152,2.0
6,153,2.0
6,154,3.0
6,155,2.0
6,156,3.0
6,157,2.0
6,158,2.0
6,159,2.0
6,160,4.0
6,161,2.0
6,162,3.0
6,163,2.0
6,164,3.0
6,165,1.0
6,166,3.0
6,167,2.0
6,168,2.0
6,169,3.0
6,170,2.0
6,171,2.0
6,172,2.0
6,173,2.0
6,174,2.0
6,175,2.0
6,176,2.0
6,177,6.0
6,178,6.0
6,179,3.0
6,180,6.0
6,181,6.0
6,182,1.0
6,183,3.0
6,184,3.0
6,185,2.0
6,186,2.0
6,187,2.0
6,188,3.0
6,189,2.0
6,190,1.0
6,191,1.0
6,192,1.0
6,193,3.0
6,194,2.0
6,195,1.0
6,196,1.0
6,197,1.0
6,198,1.0
6,199,2.0
6,200,2.0
6,201,2.0
6,202,2.0
6,203,2.0
6,204,1.0
6,205,1.0
6,206,1.0
6,207,3.0
6,208,2.0
6,209,3.0
6,210,2.0
6,211,2.0
6,212,3.0
6,213,4.0
6,214,3.0
6,215,2.0
6,216,2.0
6,217,3.0
6,218,2.0
6,219,3.0
6,220,3.0
6,221,2.0
6,222,3.0
6,223,3.0
6,224,3.0
6,225,3.0
6,226,2.0
6,227,3.0
6,228,2.0
6,229,5.0
6,230,3.0
6,231,3.0
6,232,2.0
6,233,6.0
6,234,1.0
6,235,2.0
6,236,2.0
6,237,2.0
6,238,1.0
6,239,3.0
6,240,2.0
6,241,4.0
6,242,2.0
6,243,3.0
6,244,3.0
6,245,3.0
6,246,3.0
6,247,3.0
6,248,3.0
6,249,2.0
6,250,2.0
6,251,2.0
6,252,1.0
6,253,2.0
6,254,2.0
6,255,2.0
6,256,2.0
6,257,2.0
6,258,3.0
6,259,5.0
6,260,2.0
6,261,3.0
6,262,2.0
6,263,3.0
6,264,2.0
6,265,2.0
6,266,2.0
6,267,3.0
6,268,3.0
6,269,1.0
6,270,2.0
6,271,5.0
6,272,3.0
6,273,4.0
6,274,2.0
6,275,3.0
6,276,3.0
6,277,3.0
6,278,3.0
6,279,1.0
6,280,2.0
6,281,2.0
6,282,2.0
6,283,2.0
6,284,3.0
6,285,2.0
6,286,3.0
6,287,3.0
6,288,2.0
6,289,3.0
6,290,2.0
6,291,1.0
6,292,2.0
6,293,6.0
6,294,2.0
6,295,4.0
6,296,2.0
6,297,3.0
6,298,3.0
6,299,3.0
6,300,2.0
6,301,2.0
6,302,3.0
6,303,2.0
6,304,2.0
6,305,2.0
6,306,1.0
6,307,3.0
6,308,2.0
6,309,3.0
6,310,3.0
6,311,2.0
6,312,5.0
6,313,3.0
6,314,3.0
6,315,2.0
6,316,2.0
6,317,3.0
6,318,3.0
6,319,1.0
6,320,3.0
6,321,3.0
6,322,3.0
6,323,3.0
6,324,3.0
6,325,3.0
6,326,3.0
6,327,5.0
6,328,3.0
6,329,3.0
6,330,4.0
6,331,2.0
6,332,2.0
6,333,2.0
6,334,2.0
6,335,2.0
6,336,2.0
6,337,3.0
6,338,2.0
6,339,5.0
6,340,1.0
6,341,2.0
6,342,2.0
6,343,3.0
6,344,3.0
6,345,2.0
6,346,2.0
6,347,3.0
6,348,2.0
6,349,3.0
6,350,2.0
6,351,3.0
6,352,3.0
6,353,3.0
6,354,3.0
6,355,3.0
6,356,3.0
6,357,3.0
6,358,3.0
6,359,2.0
6,360,3.0
6,361,3.0
6,362,4.0
6,363,3.0
6,364,2.0
6,365,3.0
6,366,3.0
6,367,3.0
6,368,1.0
6,369,2.0
6,370,3.0
6,371,4.0
6,372,2.0
6,373,2.0
6,374,3.0
6,375,6.0
6,376,2.0
6,377,2.0
7,8,2.0
7,9,1.0
7,10,2.0
7,11,1.0
7,12,2.0
7,13,3.0
7,14,1.0
7,15,1.0
7,16,2.0
7,17,2.0
7,18,2.0
7,19,3.0
7,20,2.0
7,21,3.0
7,22,1.0
7,23,1.0
7,24,1.0
7,25,2.0
7,26,3.0
7,27,3.0
7,28,3.0
7,29,2.0
7,30,2.0
7,31,2.0
7,32,3.0
7,33,2.0
7,34,3.0
7,35,2.0
7,36,3.0
7,37,2.0
7,38,2.0
7,39,5.0
7,40,2.0
7,41,2.0
7,42,2.0
7,43,2.0
7,44,2.0
7,45,1.0
7,46,1.0
7,47,3.0
7,48,2.0
7,49,3.0
7,50,1.0
7,51,1.0
7,52,3.0
7,53,2.0
7,54,3.0
7,55,3.0
7,56,1.0
7,57,2.0
7,58,2.0
7,59,3.0
7,60,5.0
7,61,0.0
7,62,2.0
7,63,3.0
7,64,2.0
7,65,3.0
7,66,3.0
7,67,2.0
7,68,3.0
7,69,1.0
7,70,1.0
7,71,3.0
7,72,2.0
7,73,2.0
7,74,3.0
7,75,0.0
7,76,2.0
7,77,2.0
7,78,3.0
7,79,3.0
7,80,3.0
7,81,2.0
7,82,3.0
7,83,2.0
7,84,2.0
7,85,2.0
7,86,2.0
7,87,3.0
7,88,2.0
7,89,3.0
7,90,2.0
7,91,3.0
7,92,2.0
7,93,3.0
7,94,2.0
7,95,1.0
7,96,2.0
7,97,2.0
7,98,2.0
7,99,3.0
7,100,1.0
7,101,3.0
7,102,1.0
7,103,4.0
7,104,3.0
7,105,3.0
7,106,3.0
7,107,3.0
7,108,2.0
7,109,2.0
7,110,2.0
7,111,3.0
7,112,2.0
7,113,3.0
7,114,2.0
7,115,2.0
7,116,2.0
7,117,2.0
7,118,2.0
7,119,3.0
7,120,2.0
7,121,2.0
7,122,3.0
7,123,4.0
7,124,2.0
7,125,2.0
7,126,2.0
7,127,2.0
7,128,2.0
7,129,2.0
7,130,2.0
7,131,2.0
7,132,2.0
7,133,2.0
7,134,2.0
7,135,2.0
7,136,2.0
7,137,2.0
7,138,2.0
7,139,2.0
7,140,3.0
7,141,1.0
7,142,2.0
7,143,3.0
7,144,3.0
7,145,3.0
7,146,1.0
7,147,2.0
7,148,2.0
7,149,1.0
7,150,4.0
7,151,4.0
7,152,5.0
7,153,3.0
7,154,2.0
7,155,2.0
7,156,1.0
7,157,2.0
7,158,2.0
7,159,5.0
7,160,2.0
7,161,2.0
7,162,2.0
7,163,2.0
7,164,1.0
7,165,2.0
7,166,1.0
7,167,2.0
7,168,1.0
7,169,3.0
7,170,2.0
7,171,2.0
7,172,2.0
7,173,2.0
7,174,2.0
7,175,2.0
7,176,4.0
7,177,2.0
7,178,2.0
7,179,2.0
7,180,2.0
7,181,2.0
7,182,3.0
7,183,2.0
7,184,2.0
7,185,2.0
7,186,2.0
7,187,2.0
7,188,0.0
7,189,6.0
7,190,2.0
7,191,2.0
7,192,2.0
7,193,3.0
7,194,2.0
7,195,3.0
7,196,3.0
7,197,3.0
7,198,3.0
7,199,1.0
7,200,1.0
7,201,1.0
7,202,3.0
7,203,2.0
7,204,3.0
7,205,3.0
7,206,2.0
7,207,2.0
7,208,2.0
7,209,3.0
7,210,3.0
7,211,2.0
7,212,2.0
7,213,3.0
7,214,2.0
7,215,1.0
7,216,5.0
7,217,2.0
7,218,4.0
7,219,1.0
7,220,2.0
7,221,1.0
7,222,2.0
7,223,3.0
7,224,3.0
7,225,3.0
7,226,2.0
7,227,3.0
7,228,2.0
7,229,2.0
7,230,2.0
7,231,3.0
7,232,2.0
7,233,2.0
7,234,1.0
7,235,3.0
7,236,3.0
7,237,3.0
7,238,1.0
7,239,3.0
7,240,2.0
7,241,3.0
7,242,3.0
7,243,2.0
7,244,3.0
7,245,3.0
7,246,2.0
7,247,2.0
7,248,0.0
7,249,2.0
7,250,3.0
7,251,2.0
7,252,3.0
7,253,2.0
7,254,4.0
7,255,6.0
7,256,2.0
7,257,1.0
7,258,1.0
7,259,2.0
7,260,3.0
7,261,3.0
7,262,2.0
7,263,1.0
7,264,2.0
7,265,4.0
7,266,1.0
7,267,3.0
7,268,2.0
7,269,2.0
7,270,2.0
7,271,2.0
7,272,2.0
7,273,2.0
7,274,3.0
7,275,3.0
7,276,3.0
7,277,3.0
7,278,1.0
7,279,2.0
7,280,3.0
7,281,4.0
7,282,2.0
7,283,2.0
7,284,3.0
7,285,2.0
7,286,2.0
7,287,2.0
7,288,3.0
7,289,3.0
7,290,4.0
7,291,3.0
7,292,3.0
7,293,2.0
7,294,2.0
7,295,3.0
7,296,3.0
7,297,3.0
7,298,2.0
7,299,2.0
7,300,2.0
7,301,2.0
7,302,3.0
7,303,3.0
7,304,4.0
7,305,4.0
7,306,3.0
7,307,3.0
7,308,2.0
7,309,1.0
7,310,3.0
7,311,2.0
7,312,2.0
7,313,3.0
7,314,3.0
7,315,3.0
7,316,2.0
7,317,2.0
7,318,2.0
7,319,2.0
7,320,3.0
7,321,3.0
7,322,2.0
7,323,2.0
7,324,2.0
7,325,2.0
7,326,3.0
7,327,2.0
7,328,3.0
7,329,2.0
7,330,3.0
7,331,2.0
7,332,3.0
7,333,4.0
7,334,2.0
7,335,1.0
7,336,2.0
7,337,3.0
7,338,3.0
7,339,3.0
7,340,1.0
7,341,4.0
7,342,3.0
7,343,3.0
7,344,3.0
7,345,3.0
7,346,2.0
7,347,3.0
7,348,3.0
7,349,1.0
7,350,2.0
7,351,3.0
7,352,3.0
7,353,2.0
7,354,3.0
7,355,0.0
7,356,2.0
7,357,2.0
7,358,3.0
7,359,3.0
7,360,2.0
7,361,3.0
7,362,3.0
7,363,2.0
7,364,2.0
7,365,2.0
7,366,2.0
7,367,3.0
7,368,1.0
7,369,6.0
7,370,2.0
7,371,3.0
7,372,3.0
7,373,2.0
7,374,3.0
7,375,2.0
7,376,2.0
7,377,2.0
8,9,4.0
8,10,3.0
8,11,3.0
8,12,3.0
8,13,2.0
8,14,2.0
8,15,2.0
8,16,2.0
8,17,2.0
8,18,2.0
8,19,2.0
8,20,3.0
8,21,2.0
8,22,4.0
8,23,4.0
8,24,2.0
8,25,3.0
8,26,3.0
8,27,3.0
8,28,3.0
8,29,1.0
8,30,3.0
8,31,3.0
8,32,3.0
8,33,1.0
8,34,3.0
8,35,1.0
8,36,2.0
8,37,6.0
8,38,1.0
8,39,3.0
8,40,1.0
8,41,1.0
8,42,3.0
8,43,3.0
8,44,1.0
8,45,3.0
8,46,3.0
8,47,3.0
8,48,3.0
8,49,2.0
8,50,3.0
8,51,3.0
8,52,3.0
8,53,2.0
8,54,3.0
8,55,3.0
8,56,1.0
8,57,2.0
8,58,4.0
8,59,3.0
8,60,2.0
8,61,2.0
8,62,1.0
8,63,3.0
8,64,3.0
8,65,3.0
8,66,3.0
8,67,4.0
8,68,3.0
8,69,3.0
8,70,3.0
8,71,3.0
8,72,2.0
8,73,3.0
8,74,2.0
8,75,2.0
8,76,1.0
8,77,3.0
8,78,3.0
8,79,3.0
8,80,3.0
8,81,1.0
8,82,3.0
8,83,1.0
8,84,1.0
8,85,1.0
8,86,4.0
8,87,3.0
8,88,4.0
8,89,2.0
8,90,3.0
8,91,2.0
8,92,1.0
8,93,3.0
8,94,1.0
8,95,2.0
8,96,1.0
8,97,3.0
8,98,1.0
8,99,1.0
8,100,1.0
8,101,3.0
8,102,1.0
8,103,2.0
8,104,3.0
8,105,3.0
8,106,3.0
8,107,3.0
8,108,3.0
8,109,4.0
8,110,3.0
8,111,2.0
8,112,2.0
8,113,2.0
8,114,1.0
8,115,1.0
8,116,1.0
8,117,4.0
8,118,1.0
8,119,1.0
8,120,4.0
8,121,1.0
8,122,1.0
8,123,3.0
8,124,2.0
8,125,2.0
8,126,3.0
8,127,3.0
8,128,1.0
8,129,3.0
8,130,3.0
8,131,3.0
8,132,1.0
8,133,1.0
8,134,1.0
8,135,1.0
8,136,1.0
8,137,1.0
8,138,1.0
8,139,1.0
8,140,2.0
8,141,3.0
8,142,2.0
8,143,3.0
8,144,3.0
8,145,2.0
8,146,3.0
8,147,1.0
8,148,1.0
8,149,3.0
8,150,3.0
8,151,3.0
8,152,1.0
8,153,3.0
8,154,4.0
8,155,3.0
8,156,3.0
8,157,3.0
8,158,3.0
8,159,1.0
8,160,2.0
8,161,2.0
8,162,3.0
8,163,3.0
8,164,2.0
8,165,1.0
8,166,2.0
8,167,3.0
8,168,2.0
8,169,3.0
8,170,3.0
8,171,2.0
8,172,3.0
8,173,3.0
8,174,1.0
8,175,2.0
8,176,1.0
8,177,2.0
8,178,2.0
8,179,3.0
8,180,2.0
8,181,2.0
8,182,3.0
8,183,2.0
8,184,2.0
8,185,1.0
8,186,1.0
8,187,1.0
8,188,2.0
8,189,2.0
8,190,1.0
8,191,1.0
8,192,1.0
8,193,2.0
8,194,3.0
8,195,1.0
8,196,3.0
8,197,3.0
8,198,3.0
8,199,1.0
8,200,1.0
8,201,1.0
8,202,2.0
8,203,2.0
8,204,1.0
8,205,1.0
8,206,2.0
8,207,2.0
8,208,3.0
8,209,3.0
8,210,4.0
8,211,2.0
8,212,4.0
8,213,3.0
8,214,4.0
8,215,2.0
8,216,2.0
8,217,2.0
8,218,1.0
8,219,2.0
8,220,4.0
8,221,1.0
8,222,1.0
8,223,2.0
8,224,3.0
8,225,3.0
8,226,1.0
8,227,3.0
8,228,2.0
8,229,2.0
8,230,2.0
8,231,3.0
8,232,2.0
8,233,2.0
8,234,1.0
8,235,3.0
8,236,3.0
8,237,3.0
8,238,1.0
8,239,3.0
8,240,2.0
8,241,3.0
8,242,3.0
8,243,4.0
8,244,3.0
8,245,3.0
8,246,2.0
8,247,3.0
8,248,2.0
8,249,3.0
8,250,2.0
8,251,2.0
8,252,1.0
8,253,3.0
8,254,1.0
8,255,2.0
8,256,1.0
8,257,2.0
8,258,4.0
8,259,2.0
8,260,3.0
8,261,3.0
8,262,3.0
8,263,4.0
8,264,2.0
8,265,1.0
8,266,2.0
8,267,3.0
8,268,4.0
8,269,1.0
8,270,3.0
8,271,2.0
8,272,3.0
8,273,2.0
8,274,1.0
8,275,3.0
8,276,3.0
8,277,3.0
8,278,4.0
8,279,2.0
8,280,4.0
8,281,1.0
8,282,3.0
8,283,1.0
8,284,3.0
8,285,2.0
8,286,4.0
8,287,1.0
8,288,2.0
8,289,3.0
8,290,3.0
8,291,1.0
8,292,3.0
8,293,2.0
8,294,3.0
8,295,3.0
8,296,2.0
8,297,3.0
8,298,2.0
8,299,2.0
8,300,3.0
8,301,2.0
8,302,3.0
8,303,3.0
8,304,2.0
8,305,1.0
8,306,2.0
8,307,3.0
8,308,6.0
8,309,4.0
8,310,3.0
8,311,2.0
8,312,2.0
8,313,3.0
8,314,3.0
8,315,1.0
8,316,3.0
8,317,1.0
8,318,2.0
8,319,2.0
8,320,3.0
8,321,3.0
8,322,4.0
8,323,4.0
8,324,3.0
8,325,1.0
8,326,3.0
8,327,2.0
8,328,3.0
8,329,4.0
8,330,3.0
8,331,1.0
8,332,3.0
8,333,2.0
8,334,1.0
8,335,1.0
8,336,2.0
8,337,3.0
8,338,2.0
8,339,3.0
8,340,0.0
8,341,1.0
8,342,3.0
8,343,3.0
8,344,3.0
8,345,2.0
8,346,3.0
8,347,3.0
8,348,2.0
8,349,4.0
8,350,2.0
8,351,3.0
8,352,3.0
8,353,3.0
8,354,3.0
8,355,2.0
8,356,4.0
8,357,4.0
8,358,3.0
8,359,1.0
8,360,4.0
8,361,3.0
8,362,3.0
8,363,2.0
8,364,1.0
8,365,1.0
8,366,3.0
8,367,3.0
8,368,2.0
8,369,2.0
8,370,2.0
8,371,3.0
8,372,3.0
8,373,3.0
8,374,3.0
8,375,2.0
8,376,3.0
8,377,3.0
9,10,3.0
9,11,5.0
9,12,3.0
9,13,3.0
9,14,3.0
9,15,3.0
9,16,2.0
9,17,3.0
9,18,2.0
9,19,2.0
9,20,3.0
9,21,2.0
9,22,5.0
9,23,5.0
9,24,3.0
9,25,3.0
9,26,3.0
9,27,3.0
9,28,3.0
9,29,2.0
9,30,4.0
9,31,3.0
9,32,3.0
9,33,1.0
9,34,3.0
9,35,3.0
9,36,1.0
9,37,4.0
9,38,2.0
9,39,2.0
9,40,2.0
9,41,2.0
9,42,2.0
9,43,3.0
9,44,2.0
9,45,3.0
9,46,3.0
9,47,3.0
9,48,3.0
9,49,3.0
9,50,3.0
9,51,3.0
9,52,3.0
9,53,3.0
9,54,3.0
9,55,3.0
9,56,2.0
9,57,3.0
9,58,5.0
9,59,3.0
9,60,1.0
9,61,2.0
9,62,1.0
9,63,2.0
9,64,3.0
9,65,2.0
9,66,2.0
9,67,3.0
9,68,3.0
9,69,4.0
9,70,4.0
9,71,3.0
9,72,3.0
9,73,3.0
9,74,2.0
9,75,2.0
9,76,1.0
9,77,3.0
9,78,3.0
9,79,3.0
9,80,3.0
9,81,2.0
9,82,3.0
9,83,1.0
9,84,1.0
9,85,1.0
9,86,5.0
9,87,3.0
9,88,4.0
9,89,2.0
9,90,3.0
9,91,2.0
9,92,1.0
9,93,3.0
9,94,1.0
9,95,2.0
9,96,1.0
9,97,3.0
9,98,1.0
9,99,2.0
9,100,1.0
9,101,3.0
9,102,1.0
9,103,2.0
9,104,3.0
9,105,3.0
9,106,3.0
9,107,3.0
9,108,4.0
9,109,5.0
9,110,4.0
9,111,2.0
9,112,3.0
9,113,2.0
9,114,1.0
9,115,1.0
9,116,1.0
9,117,5.0
9,118,2.0
9,119,2.0
9,120,5.0
9,121,2.0
9,122,2.0
9,123,3.0
9,124,2.0
9,125,2.0
9,126,3.0
9,127,3.0
9,128,1.0
9,129,3.0
9,130,3.0
9,131,3.0
9,132,2.0
9,133,2.0
9,134,2.0
9,135,2.0
9,136,1.0
9,137,1.0
9,138,1.0
9,139,1.0
9,140,2.0
9,141,4.0
9,142,3.0
9,143,3.0
9,144,3.0
9,145,1.0
9,146,3.0
9,147,1.0
9,148,1.0
9,149,3.0
9,150,2.0
9,151,2.0
9,152,1.0
9,153,2.0
9,154,5.0
9,155,3.0
9,156,4.0
9,157,3.0
9,158,3.0
9,159,1.0
9,160,3.0
9,161,2.0
9,162,3.0
9,163,3.0
9,164,3.0
9,165,1.0
9,166,3.0
9,167,3.0
9,168,2.0
9,169,3.0
9,170,3.0
9,171,2.0
9,172,3.0
9,173,3.0
9,174,1.0
9,175,2.0
9,176,1.0
9,177,3.0
9,178,3.0
9,179,4.0
9,180,3.0
9,181,3.0
9,182,3.0
9,183,3.0
9,184,3.0
9,185,1.0
9,186,2.0
9,187,2.0
9,188,2.0
9,189,1.0
9,190,2.0
9,191,2.0
9,192,2.0
9,193,3.0
9,194,3.0
9,195,1.0
9,196,2.0
9,197,2.0
9,198,2.0
9,199,1.0
9,200,1.0
9,201,1.0
9,202,2.0
9,203,3.0
9,204,1.0
9,205,1.0
9,206,2.0
9,207,3.0
9,208,3.0
9,209,3.0
9,210,3.0
9,211,2.0
9,212,5.0
9,213,3.0
9,214,5.0
9,215,3.0
9,216,1.0
9,217,3.0
9,218,1.0
9,219,3.0
9,220,5.0
9,221,2.0
9,222,2.0
9,223,2.0
9,224,3.0
9,225,3.0
9,226,1.0
9,227,3.0
9,228,2.0
9,229,3.0
9,230,3.0
9,231,3.0
9,232,3.0
9,233,3.0
9,234,2.0
9,235,2.0
9,236,3.0
9,237,3.0
9,238,2.0
9,239,3.0
9,240,2.0
9,241,3.0
9,242,2.0
9,243,5.0
9,244,3.0
9,245,3.0
9,246,3.0
9,247,3.0
9,248,2.0
9,249,3.0
9,250,2.0
9,251,2.0
9,252,2.0
9,253,2.0
9,254,1.0
9,255,1.0
9,256,2.0
9,257,3.0
9,258,5.0
9,259,3.0
9,260,2.0
9,261,3.0
9,262,3.0
9,263,5.0
9,264,2.0
9,265,1.0
9,266,2.0
9,267,3.0
9,268,5.0
9,269,1.0
9,270,3.0
9,271,3.0
9,272,3.0
9,273,3.0
9,274,2.0
9,275,3.0
9,276,3.0
9,277,3.0
9,278,5.0
9,279,1.0
9,280,3.0
9,281,1.0
9,282,3.0
9,283,1.0
9,284,3.0
9,285,2.0
9,286,5.0
9,287,2.0
9,288,2.0
9,289,3.0
9,290,2.0
9,291,2.0
9,292,2.0
9,293,3.0
9,294,3.0
9,295,3.0
9,296,2.0
9,297,3.0
9,298,3.0
9,299,3.0
9,300,3.0
9,301,3.0
9,302,3.0
9,303,2.0
9,304,2.0
9,305,1.0
9,306,1.0
9,307,3.0
9,308,4.0
9,309,5.0
9,310,3.0
9,311,2.0
9,312,3.0
9,313,3.0
9,314,3.0
9,315,2.0
9,316,3.0
9,317,1.0
9,318,3.0
9,319,3.0
9,320,3.0
9,321,3.0
9,322,5.0
9,323,5.0
9,324,3.0
9,325,2.0
9,326,3.0
9,327,3.0
9,328,3.0
9,329,5.0
9,330,3.0
9,331,1.0
9,332,2.0
9,333,2.0
9,334,1.0
9,335,1.0
9,336,2.0
9,337,3.0
9,338,2.0
9,339,3.0
9,340,1.0
9,341,1.0
9,342,2.0
9,343,3.0
9,344,3.0
9,345,2.0
9,346,3.0
9,347,3.0
9,348,2.0
9,349,5.0
9,350,2.0
9,351,3.0
9,352,3.0
9,353,4.0
9,354,3.0
9,355,2.0
9,356,5.0
9,357,4.0
9,358,3.0
9,359,2.0
9,360,5.0
9,361,3.0
9,362,3.0
9,363,3.0
9,364,1.0
9,365,2.0
9,366,3.0
9,367,3.0
9,368,2.0
9,369,1.0
9,370,3.0
9,371,3.0
9,372,2.0
9,373,3.0
9,374,3.0
9,375,3.0
9,376,3.0
9,377,3.0
10,11,2.0
10,12,6.0
10,13,2.0
10,14,2.0
10,15,2.0
10,16,2.0
10,17,2.0
10,18,3.0
10,19,3.0
10,20,3.0
10,21,2.0
10,22,3.0
10,23,3.0
10,24,2.0
10,25,6.0
10,26,2.0
10,27,2.0
10,28,2.0
10,29,2.0
10,30,4.0
10,31,3.0
10,32,2.0
10,33,2.0
10,34,2.0
10,35,2.0
10,36,2.0
10,37,3.0
10,38,2.0
10,39,2.0
10,40,3.0
10,41,2.0
10,42,3.0
10,43,2.0
10,44,1.0
10,45,2.0
10,46,2.0
10,47,2.0
10,48,3.0
10,49,2.0
10,50,2.0
10,51,2.0
10,52,2.0
10,53,1.0
10,54,2.0
10,55,2.0
10,56,1.0
10,57,2.0
10,58,4.0
10,59,2.0
10,60,2.0
10,61,1.0
10,62,1.0
10,63,2.0
10,64,2.0
10,65,2.0
10,66,2.0
10,67,3.0
10,68,2.0
10,69,2.0
10,70,2.0
10,71,2.0
10,72,2.0
10,73,2.0
10,74,3.0
10,75,1.0
10,76,1.0
10,77,2.0
10,78,2.0
10,79,2.0
10,80,2.0
10,81,2.0
10,82,2.0
10,83,1.0
10,84,1.0
10,85,1.0
10,86,4.0
10,87,2.0
10,88,4.0
10,89,4.0
10,90,3.0
10,91,2.0
10,92,2.0
10,93,2.0
10,94,2.0
10,95,2.0
10,96,1.0
10,97,3.0
10,98,1.0
10,99,3.0
10,100,0.0
10,101,2.0
10,102,0.0
10,103,2.0
10,104,5.0
10,105,2.0
10,106,2.0
10,107,2.0
10,108,3.0
10,109,4.0
10,110,3.0
10,111,3.0
10,112,1.0
10,113,3.0
10,114,1.0
10,115,1.0
10,116,1.0
10,117,4.0
10,118,2.0
10,119,2.0
10,120,4.0
10,121,2.0
10,122,2.0
10,123,2.0
10,124,1.0
10,125,1.0
10,126,2.0
10,127,2.0
10,128,1.0
10,129,2.0
10,130,2.0
10,131,2.0
10,132,3.0
10,133,3.0
10,134,3.0
10,135,3.0
10,136,2.0
10,137,2.0
10,138,2.0
10,139,1.0
10,140,2.0
10,141,2.0
10,142,3.0
10,143,2.0
10,144,2.0
10,145,3.0
10,146,2.0
10,147,1.0
10,148,1.0
10,149,2.0
10,150,2.0
10,151,2.0
10,152,2.0
10,153,3.0
10,154,4.0
10,155,3.0
10,156,2.0
10,157,6.0
10,158,6.0
10,159,2.0
10,160,2.0
10,161,1.0
10,162,2.0
10,163,6.0
10,164,1.0
10,165,1.0
10,166,2.0
10,167,6.0
10,168,2.0
10,169,2.0
10,170,6.0
10,171,2.0
10,172,6.0
10,173,3.0
10,174,1.0
10,175,1.0
10,176,2.0
10,177,2.0
10,178,2.0
10,179,3.0
10,180,2.0
10,181,2.0
10,182,3.0
10,183,2.0
10,184,2.0
10,185,1.0
10,186,2.0
10,187,2.0
10,188,1.0
10,189,2.0
10,190,3.0
10,191,3.0
10,192,3.0
10,193,2.0
10,194,6.0
10,195,3.0
10,196,2.0
10,197,2.0
10,198,2.0
10,199,0.0
10,200,0.0
10,201,0.0
10,202,2.0
10,203,2.0
10,204,3.0
10,205,3.0
10,206,2.0
10,207,2.0
10,208,6.0
10,209,2.0
10,210,3.0
10,211,2.0
10,212,4.0
10,213,2.0
10,214,4.0
10,215,1.0
10,216,2.0
10,217,3.0
10,218,2.0
10,219,2.0
10,220,4.0
10,221,1.0
10,222,2.0
10,223,4.0
10,224,2.0
10,225,2.0
10,226,1.0
10,227,2.0
10,228,2.0
10,229,2.0
10,230,2.0
10,231,2.0
10,232,2.0
10,233,2.0
10,234,2.0
10,235,2.0
10,236,2.0
10,237,3.0
10,238,2.0
10,239,2.0
10,240,2.0
10,241,2.0
10,242,2.0
10,243,4.0
10,244,2.0
10,245,2.0
10,246,2.0
10,247,2.0
10,248,1.0
10,249,3.0
10,250,2.0
10,251,2.0
10,252,3.0
10,253,2.0
10,254,2.0
10,255,2.0
10,256,2.0
10,257,1.0
10,258,3.0
10,259,2.0
10,260,2.0
10,261,2.0
10,262,3.0
10,263,3.0
10,264,2.0
10,265,2.0
10,266,1.0
10,267,2.0
10,268,4.0
10,269,2.0
10,270,6.0
10,271,2.0
10,272,2.0
10,273,2.0
10,274,2.0
10,275,2.0
10,276,2.0
10,277,2.0
10,278,3.0
10,279,2.0
10,280,3.0
10,281,2.0
10,282,3.0
10,283,1.0
10,284,2.0
10,285,1.0
10,286,4.0
10,287,1.0
10,288,2.0
10,289,2.0
10,290,2.0
10,291,3.0
10,292,2.0
10,293,2.0
10,294,6.0
10,295,2.0
10,296,2.0
10,297,2.0
10,298,2.0
10,299,2.0
10,300,3.0
10,301,2.0
10,302,2.0
10,303,2.0
10,304,2.0
10,305,2.0
10,306,2.0
10,307,2.0
10,308,3.0
10,309,3.0
10,310,2.0
10,311,2.0
10,312,2.0
10,313,2.0
10,314,2.0
10,315,2.0
10,316,3.0
10,317,1.0
10,318,2.0
10,319,3.0
10,320,2.0
10,321,2.0
10,322,4.0
10,323,4.0
10,324,2.0
10,325,1.0
10,326,2.0
10,327,2.0
10,328,2.0
10,329,4.0
10,330,2.0
10,331,1.0
10,332,2.0
10,333,2.0
10,334,1.0
10,335,0.0
10,336,1.0
10,337,2.0
10,338,2.0
10,339,2.0
10,340,2.0
10,341,2.0
10,342,2.0
10,343,2.0
10,344,2.0
10,345,2.0
10,346,3.0
10,347,2.0
10,348,2.0
10,349,3.0
10,350,3.0
10,351,2.0
10,352,2.0
10,353,3.0
10,354,2.0
10,355,1.0
10,356,4.0
10,357,3.0
10,358,2.0
10,359,2.0
10,360,4.0
10,361,2.0
10,362,2.0
10,363,2.0
10,364,1.0
10,365,1.0
10,366,2.0
10,367,2.0
10,368,2.0
10,369,2.0
10,370,2.0
10,371,2.0
10,372,2.0
10,373,6.0
10,374,2.0
10,375,2.0
10,376,3.0
10,377,3.0
11,12,2.0
11,13,3.0
11,14,2.0
11,15,2.0
11,16,3.0
11,17,4.0
11,18,2.0
11,19,2.0
11,20,3.0
11,21,2.0
11,22,4.0
11,23,4.0
11,24,2.0
11,25,2.0
11,26,3.0
11,27,3.0
11,28,3.0
11,29,2.0
11,30,3.0
11,31,3.0
11,32,3.0
11,33,1.0
11,34,3.0
11,35,3.0
11,36,1.0
11,37,3.0
11,38,2.0
11,39,2.0
11,40,2.0
11,41,2.0
11,42,1.0
11,43,3.0
11,44,2.0
11,45,3.0
11,46,3.0
11,47,3.0
11,48,2.0
11,49,3.0
11,50,3.0
11,51,3.0
11,52,3.0
11,53,4.0
11,54,3.0
11,55,3.0
11,56,2.0
11,57,3.0
11,58,4.0
11,59,3.0
11,60,1.0
11,61,3.0
11,62,1.0
11,63,2.0
11,64,3.0
11,65,2.0
11,66,2.0
11,67,2.0
11,68,3.0
11,69,5.0
11,70,5.0
11,71,3.0
11,72,4.0
11,73,3.0
11,74,1.0
11,75,3.0
11,76,1.0
11,77,3.0
11,78,3.0
11,79,3.0
11,80,3.0
11,81,2.0
11,82,3.0
11,83,1.0
11,84,1.0
11,85,1.0
11,86,4.0
11,87,3.0
11,88,3.0
11,89,1.0
11,90,2.0
11,91,2.0
11,92,1.0
11,93,3.0
11,94,1.0
11,95,3.0
11,96,1.0
11,97,2.0
11,98,1.0
11,99,1.0
11,100,1.0
11,101,3.0
11,102,1.0
11,103,2.0
11,104,2.0
11,105,3.0
11,106,3.0
11,107,3.0
11,108,5.0
11,109,4.0
11,110,3.0
11,111,1.0
11,112,4.0
11,113,1.0
11,114,1.0
11,115,1.0
11,116,1.0
11,117,4.0
11,118,3.0
11,119,2.0
11,120,4.0
11,121,3.0
11,122,2.0
11,123,3.0
11,124,2.0
11,125,2.0
11,126,3.0
11,127,3.0
11,128,1.0
11,129,3.0
11,130,3.0
11,131,3.0
11,132,1.0
11,133,1.0
11,134,1.0
11,135,1.0
11,136,1.0
11,137,1.0
11,138,1.0
11,139,1.0
11,140,2.0
11,141,5.0
11,142,2.0
11,143,3.0
11,144,3.0
11,145,2.0
11,146,4.0
11,147,1.0
11,148,1.0
11,149,4.0
11,150,2.0
11,151,2.0
11,152,1.0
11,153,2.0
11,154,4.0
11,155,2.0
11,156,4.0
11,157,2.0
11,158,2.0
11,159,1.0
11,160,4.0
11,161,2.0
11,162,3.0
11,163,2.0
11,164,3.0
11,165,0.0
11,166,3.0
11,167,2.0
11,168,2.0
11,169,3.0
11,170,2.0
11,171,3.0
11,172,2.0
11,173,2.0
11,174,1.0
11,175,2.0
11,176,1.0
11,177,4.0
11,178,4.0
11,179,4.0
11,180,4.0
11,181,4.0
11,182,2.0
11,183,3.0
11,184,3.0
11,185,1.0
11,186,2.0
11,187,2.0
11,188,3.0
11,189,1.0
11,190,1.0
11,191,1.0
11,192,1.0
11,193,4.0
11,194,2.0
11,195,1.0
11,196,2.0
11,197,2.0
11,198,2.0
11,199,1.0
11,200,1.0
11,201,1.0
11,202,2.0
11,203,3.0
11,204,1.0
11,205,1.0
11,206,2.0
11,207,3.0
11,208,2.0
11,209,3.0
11,210,2.0
11,211,3.0
11,212,4.0
11,213,3.0
11,214,4.0
11,215,3.0
11,216,1.0
11,217,3.0
11,218,1.0
11,219,3.0
11,220,4.0
11,221,2.0
11,222,3.0
11,223,3.0
11,224,3.0
11,225,3.0
11,226,1.0
11,227,3.0
11,228,2.0
11,229,3.0
11,230,3.0
11,231,3.0
11,232,3.0
11,233,4.0
11,234,1.0
11,235,2.0
11,236,3.0
11,237,2.0
11,238,1.0
11,239,3.0
11,240,3.0
11,241,3.0
11,242,2.0
11,243,4.0
11,244,3.0
11,245,3.0
11,246,3.0
11,247,3.0
11,248,3.0
11,249,2.0
11,250,2.0
11,251,2.0
11,252,1.0
11,253,2.0
11,254,1.0
11,255,1.0
11,256,2.0
11,257,3.0
11,258,4.0
11,259,3.0
11,260,2.0
11,261,3.0
11,262,2.0
11,263,4.0
11,264,3.0
11,265,1.0
11,266,2.0
11,267,3.0
11,268,4.0
11,269,1.0
11,270,2.0
11,271,3.0
11,272,3.0
11,273,3.0
11,274,2.0
11,275,3.0
11,276,3.0
11,277,3.0
11,278,4.0
11,279,1.0
11,280,2.0
11,281,1.0
11,282,2.0
11,283,1.0
11,284,3.0
11,285,2.0
11,286,4.0
11,287,2.0
11,288,2.0
11,289,3.0
11,290,2.0
11,291,2.0
11,292,2.0
11,293,4.0
11,294,2.0
11,295,3.0
11,296,2.0
11,297,3.0
11,298,3.0
11,299,3.0
11,300,2.0
11,301,3.0
11,302,3.0
11,303,2.0
11,304,2.0
11,305,1.0
11,306,1.0
11,307,3.0
11,308,3.0
11,309,4.0
11,310,3.0
11,311,3.0
11,312,3.0
11,313,3.0
11,314,3.0
11,315,2.0
11,316,2.0
11,317,2.0
11,318,3.0
11,319,2.0
11,320,3.0
11,321,3.0
11,322,4.0
11,323,4.0
11,324,3.0
11,325,2.0
11,326,3.0
11,327,3.0
11,328,3.0
11,329,4.0
11,330,3.0
11,331,1.0
11,332,2.0
11,333,2.0
11,334,1.0
11,335,1.0
11,336,2.0
11,337,3.0
11,338,2.0
11,339,3.0
11,340,1.0
11,341,1.0
11,342,2.0
11,343,3.0
11,344,3.0
11,345,2.0
11,346,2.0
11,347,3.0
11,348,2.0
11,349,4.0
11,350,2.0
11,351,3.0
11,352,3.0
11,353,4.0
11,354,3.0
11,355,3.0
11,356,4.0
11,357,3.0
11,358,3.0
11,359,2.0
11,360,4.0
11,361,3.0
11,362,3.0
11,363,3.0
11,364,1.0
11,365,2.0
11,366,3.0
11,367,3.0
11,368,1.0
11,369,1.0
11,370,3.0
11,371,3.0
11,372,2.0
11,373,2.0
11,374,3.0
11,375,4.0
11,376,2.0
11,377,2.0
12,13,2.0
12,14,2.0
12,15,2.0
12,16,2.0
12,17,2.0
12,18,3.0
12,19,3.0
12,20,3.0
12,21,2.0
12,22,3.0
12,23,3.0
12,24,2.0
12,25,6.0
12,26,2.0
12,27,2.0
12,28,2.0
12,29,2.0
12,30,4.0
12,31,3.0
12,32,2.0
12,33,2.0
12,34,2.0
12,35,2.0
12,36,2.0
12,37,3.0
12,38,2.0
12,39,2.0
12,40,3.0
12,41,2.0
12,42,3.0
12,43,2.0
12,44,1.0
12,45,2.0
12,46,2.0
12,47,2.0
12,48,3.0
12,49,2.0
12,50,2.0
12,51,2.0
12,52,2.0
12,53,1.0
12,54,2.0
12,55,2.0
12,56,1.0
12,57,2.0
12,58,4.0
12,59,2.0
12,60,2.0
12,61,1.0
12,62,1.0
12,63,2.0
12,64,2.0
12,65,2.0
12,66,2.0
12,67,3.0
12,68,2.0
12,69,2.0
12,70,2.0
12,71,2.0
12,72,2.0
12,73,2.0
12,74,3.0
12,75,1.0
12,76,1.0
12,77,2.0
12,78,2.0
12,79,2.0
12,80,2.0
12,81,2.0
12,82,2.0
12,83,1.0
12,84,1.0
12,85,1.0
12,86,4.0
12,87,2.0
12,88,4.0
12,89,4.0
12,90,3.0
12,91,2.0
12,92,2.0
12,93,2.0
12,94,2.0
12,95,2.0
12,96,1.0
12,97,3.0
12,98,1.0
12,99,3.0
12,100,0.0
12,101,2.0
12,102,0.0
12,103,2.0
12,104,5.0
12,105,2.0
12,106,2.0
12,107,2.0
12,108,3.0
12,109,4.0
12,110,3.0
12,111,3.0
12,112,1.0
12,113,3.0
12,114,1.0
12,115,1.0
12,116,1.0
12,117,4.0
12,118,2.0
12,119,2.0
12,120,4.0
12,121,2.0
12,122,2.0
12,123,2.0
12,124,1.0
12,125,1.0
12,126,2.0
12,127,2.0
12,128,1.0
12,129,2.0
12,130,2.0
12,131,2.0
12,132,3.0
12,133,3.0
12,134,3.0
12,135,3.0
12,136,2.0
12,137,2.0
12,138,2.0
12,139,1.0
12,140,2.0
12,141,2.0
12,142,3.0
12,143,2.0
12,144,2.0
12,145,3.0
12,146,2.0
12,147,1.0
12,148,1.0
12,149,2.0
12,150,2.0
12,151,2.0
12,152,2.0
12,153,3.0
12,154,4.0
12,155,3.0
12,156,2.0
12,157,6.0
12,158,6.0
12,159,2.0
12,160,2.0
12,161,1.0
12,162,2.0
12,163,6.0
12,164,1.0
12,165,1.0
12,166,2.0
12,167,6.0
12,168,2.0
12,169,2.0
12,170,6.0
12,171,2.0
12,172,6.0
12,173,3.0
12,174,1.0
12,175,1.0
12,176,2.0
12,177,2.0
12,178,2.0
12,179,3.0
12,180,2.0
12,181,2.0
12,182,3.0
12,183,2.0
12,184,2.0
12,185,1.0
12,186,2.0
12,187,2.0
12,188,1.0
12,189,2.0
12,190,3.0
12,191,3.0
12,192,3.0
12,193,2.0
12,194,6.0
12,195,3.0
12,196,2.0
12,197,2.0
12,198,2.0
12,199,0.0
12,200,0.0
12,201,0.0
12,202,2.0
12,203,2.0
12,204,3.0
12,205,3.0
12,206,2.0
12,207,2.0
12,208,6.0
12,209,2.0
12,210,3.0
12,211,2.0
12,212,4.0
12,213,2.0
12,214,4.0
12,215,1.0
12,216,2.0
12,217,3.0
12,218,2.0
12,219,2.0
12,220,4.0
12,221,1.0
12,222,2.0
12,223,4.0
12,224,2.0
12,225,2.0
12,226,1.0
12,227,2.0
12,228,2.0
12,229,2.0
12,230,2.0
12,231,2.0
12,232,2.0
12,233,2.0
12,234,2.0
12,235,2.0
12,236,2.0
12,237,3.0
12,238,2.0
12,239,2.0
12,240,2.0
12,241,2.0
12,242,2.0
12,243,4.0
12,244,2.0
12,245,2.0
12,246,2.0
12,247,2.0
12,248,1.0
12,249,3.0
12,250,2.0
12,251,2.0
12,252,3.0
12,253,2.0
12,254,2.0
12,255,2.0
12,256,2.0
12,257,1.0
12,258,3.0
12,259,2.0
12,260,2.0
12,261,2.0
12,262,3.0
12,263,3.0
12,264,2.0
12,265,2.0
12,266,1.0
12,267,2.0
12,268,4.0
12,269,2.0
12,270,6.0
12,271,2.0
12,272,2.0
12,273,2.0
12,274,2.0
12,275,2.0
12,276,2.0
12,277,2.0
12,278,3.0
12,279,2.0
12,280,3.0
12,281,2.0
12,282,3.0
12,283,1.0
12,284,2.0
12,285,1.0
12,286,4.0
12,287,1.0
12,288,2.0
12,289,2.0
12,290,2.0
12,291,3.0
12,292,2.0
12,293,2.0
12,294,6.0
12,295,2.0
12,296,2.0
12,297,2.0
12,298,2.0
12,299,2.0
12,300,3.0
12,301,2.0
12,302,2.0
12,303,2.0
12,304,2.0
12,305,2.0
12,306,2.0
12,307,2.0
12,308,3.0
12,309,3.0
12,310,2.0
12,311,2.0
12,312,2.0
12,313,2.0
12,314,2.0
12,315,2.0
12,316,3.0
12,317,1.0
12,318,2.0
12,319,3.0
12,320,2.0
12,321,2.0
12,322,4.0
12,323,4.0
12,324,2.0
12,325,1.0
12,326,2.0
12,327,2.0
12,328,2.0
12,329,4.0
12,330,2.0
12,331,1.0
12,332,2.0
12,333,2.0
12,334,1.0
12,335,0.0
12,336,1.0
12,337,2.0
12,338,2.0
12,339,2.0
12,340,2.0
12,341,2.0
12,342,2.0
12,343,2.0
12,344,2.0
12,345,2.0
12,346,3.0
12,347,2.0
12,348,2.0
12,349,3.0
12,350,3.0
12,351,2.0
12,352,2.0
12,353,3.0
12,354,2.0
12,355,1.0
12,356,4.0
12,357,3.0
12,358,2.0
12,359,2.0
12,360,4.0
12,361,2.0
12,362,2.0
12,363,2.0
12,364,1.0
12,365,1.0
12,366,2.0
12,367,2.0
12,368,2.0
12,369,2.0
12,370,2.0
12,371,2.0
12,372,2.0
12,373,6.0
12,374,2.0
12,375,2.0
12,376,3.0
12,377,3.0
13,14,2.0
13,15,2.0
13,16,2.0
13,17,3.0
13,18,2.0
13,19,2.0
13,20,2.0
13,21,2.0
13,22,3.0
13,23,3.0
13,24,3.0
13,25,2.0
13,26,3.0
13,27,3.0
13,28,3.0
13,29,2.0
13,30,2.0
13,31,2.0
13,32,3.0
13,33,1.0
13,34,3.0
13,35,2.0
13,36,1.0
13,37,2.0
13,38,2.0
13,39,4.0
13,40,3.0
13,41,2.0
13,42,1.0
13,43,2.0
13,44,3.0
13,45,2.0
13,46,2.0
13,47,3.0
13,48,1.0
13,49,3.0
13,50,2.0
13,51,2.0
13,52,3.0
13,53,3.0
13,54,2.0
13,55,2.0
13,56,2.0
13,57,3.0
13,58,3.0
13,59,2.0
13,60,3.0
13,61,1.0
13,62,2.0
13,63,1.0
13,64,2.0
13,65,2.0
13,66,2.0
13,67,1.0
13,68,2.0
13,69,3.0
13,70,3.0
13,71,2.0
13,72,3.0
13,73,3.0
13,74,2.0
13,75,1.0
13,76,2.0
13,77,3.0
13,78,3.0
13,79,3.0
13,80,2.0
13,81,2.0
13,82,2.0
13,83,2.0
13,84,2.0
13,85,2.0
13,86,3.0
13,87,2.0
13,88,2.0
13,89,2.0
13,90,3.0
13,91,2.0
13,92,1.0
13,93,2.0
13,94,1.0
13,95,2.0
13,96,2.0
13,97,2.0
13,98,2.0
13,99,2.0
13,100,2.0
13,101,2.0
13,102,2.0
13,103,3.0
13,104,2.0
13,105,3.0
13,106,3.0
13,107,2.0
13,108,3.0
13,109,3.0
13,110,3.0
13,111,2.0
13,112,3.0
13,113,2.0
13,114,2.0
13,115,2.0
13,116,2.0
13,117,3.0
13,118,3.0
13,119,3.0
13,120,3.0
13,121,3.0
13,122,3.0
13,123,3.0
13,124,3.0
13,125,3.0
13,126,3.0
13,127,3.0
13,128,2.0
13,129,3.0
13,130,3.0
13,131,3.0
13,132,2.0
13,133,2.0
13,134,2.0
13,135,2.0
13,136,2.0
13,137,2.0
13,138,2.0
13,139,2.0
13,140,2.0
13,141,3.0
13,142,2.0
13,143,3.0
13,144,3.0
13,145,1.0
13,146,2.0
13,147,2.0
13,148,2.0
13,149,2.0
13,150,4.0
13,151,4.0
13,152,3.0
13,153,2.0
13,154,3.0
13,155,2.0
13,156,3.0
13,157,2.0
13,158,2.0
13,159,3.0
13,160,2.0
13,161,3.0
13,162,2.0
13,163,2.0
13,164,2.0
13,165,1.0
13,166,2.0
13,167,2.0
13,168,1.0
13,169,2.0
13,170,2.0
13,171,2.0
13,172,2.0
13,173,2.0
13,174,2.0
13,175,3.0
13,176,3.0
13,177,3.0
13,178,3.0
13,179,3.0
13,180,3.0
13,181,3.0
13,182,3.0
13,183,2.0
13,184,2.0
13,185,2.0
13,186,2.0
13,187,2.0
13,188,1.0
13,189,3.0
13,190,2.0
13,191,2.0
13,192,2.0
13,193,3.0
13,194,2.0
13,195,2.0
13,196,3.0
13,197,3.0
13,198,3.0
13,199,2.0
13,200,2.0
13,201,2.0
13,202,2.0
13,203,3.0
13,204,2.0
13,205,2.0
13,206,3.0
13,207,2.0
13,208,2.0
13,209,2.0
13,210,2.0
13,211,2.0
13,212,3.0
13,213,3.0
13,214,3.0
13,215,3.0
13,216,3.0
13,217,2.0
13,218,3.0
13,219,2.0
13,220,3.0
13,221,3.0
13,222,3.0
13,223,2.0
13,224,2.0
13,225,2.0
13,226,2.0
13,227,2.0
13,228,1.0
13,229,3.0
13,230,2.0
13,231,2.0
13,232,3.0
13,233,3.0
13,234,1.0
13,235,1.0
13,236,3.0
13,237,2.0
13,238,1.0
13,239,2.0
13,240,2.0
13,241,3.0
13,242,1.0
13,243,3.0
13,244,2.0
13,245,3.0
13,246,2.0
13,247,3.0
13,248,1.0
13,249,2.0
13,250,2.0
13,251,1.0
13,252,2.0
13,253,1.0
13,254,3.0
13,255,3.0
13,256,2.0
13,257,3.0
13,258,3.0
13,259,3.0
13,260,1.0
13,261,2.0
13,262,2.0
13,263,3.0
13,264,2.0
13,265,3.0
13,266,1.0
13,267,2.0
13,268,3.0
13,269,1.0
13,270,2.0
13,271,3.0
13,272,3.0
13,273,2.0
13,274,3.0
13,275,2.0
13,276,2.0
13,277,2.0
13,278,3.0
13,279,1.0
13,280,2.0
13,281,3.0
13,282,1.0
13,283,2.0
13,284,2.0
13,285,3.0
13,286,3.0
13,287,3.0
13,288,2.0
13,289,2.0
13,290,2.0
13,291,2.0
13,292,1.0
13,293,3.0
13,294,2.0
13,295,3.0
13,296,2.0
13,297,2.0
13,298,2.0
13,299,2.0
13,300,2.0
13,301,3.0
13,302,2.0
13,303,1.0
13,304,3.0
13,305,3.0
13,306,1.0
13,307,2.0
13,308,2.0
13,309,3.0
13,310,2.0
13,311,2.0
13,312,3.0
13,313,2.0
13,314,2.0
13,315,3.0
13,316,2.0
13,317,2.0
13,318,2.0
13,319,2.0
13,320,2.0
13,321,2.0
13,322,3.0
13,323,3.0
13,324,3.0
13,325,3.0
13,326,2.0
13,327,3.0
13,328,2.0
13,329,3.0
13,330,3.0
13,331,2.0
13,332,2.0
13,333,3.0
13,334,2.0
13,335,2.0
13,336,3.0
13,337,2.0
13,338,2.0
13,339,3.0
13,340,1.0
13,341,3.0
13,342,1.0
13,343,2.0
13,344,2.0
13,345,2.0
13,346,2.0
13,347,2.0
13,348,2.0
13,349,3.0
13,350,1.0
13,351,2.0
13,352,2.0
13,353,3.0
13,354,2.0
13,355,1.0
13,356,3.0
13,357,2.0
13,358,2.0
13,359,3.0
13,360,3.0
13,361,2.0
13,362,3.0
13,363,3.0
13,364,2.0
13,365,3.0
13,366,3.0
13,367,2.0
13,368,1.0
13,369,3.0
13,370,2.0
13,371,3.0
13,372,1.0
13,373,2.0
13,374,2.0
13,375,3.0
13,376,2.0
13,377,1.0
14,15,6.0
14,16,2.0
14,17,2.0
14,18,1.0
14,19,2.0
14,20,1.0
14,21,3.0
14,22,3.0
14,23,3.0
14,24,3.0
14,25,2.0
14,26,2.0
14,27,2.0
14,28,2.0
14,29,2.0
14,30,2.0
14,31,1.0
14,32,2.0
14,33,2.0
14,34,2.0
14,35,3.0
14,36,2.0
14,37,2.0
14,38,2.0
14,39,1.0
14,40,3.0
14,41,2.0
14,42,3.0
14,43,2.0
14,44,3.0
14,45,1.0
14,46,1.0
14,47,2.0
14,48,3.0
14,49,2.0
14,50,1.0
14,51,1.0
14,52,2.0
14,53,1.0
14,54,2.0
14,55,2.0
14,56,1.0
14,57,3.0
14,58,3.0
14,59,2.0
14,60,1.0
14,61,0.0
14,62,1.0
14,63,1.0
14,64,2.0
14,65,1.0
14,66,1.0
14,67,2.0
14,68,2.0
14,69,2.0
14,70,2.0
14,71,2.0
14,72,2.0
14,73,2.0
14,74,2.0
14,75,0.0
14,76,2.0
14,77,2.0
14,78,2.0
14,79,2.0
14,80,2.0
14,81,3.0
14,82,2.0
14,83,1.0
14,84,1.0
14,85,1.0
14,86,3.0
14,87,2.0
14,88,2.0
14,89,2.0
14,90,2.0
14,91,1.0
14,92,2.0
14,93,2.0
14,94,1.0
14,95,1.0
14,96,1.0
14,97,4.0
14,98,1.0
14,99,2.0
14,100,0.0
14,101,2.0
14,102,0.0
14,103,2.0
14,104,2.0
14,105,2.0
14,106,2.0
14,107,2.0
14,108,2.0
14,109,3.0
14,110,4.0
14,111,2.0
14,112,1.0
14,113,2.0
14,114,1.0
14,115,1.0
14,116,1.0
14,117,3.0
14,118,2.0
14,119,2.0
14,120,3.0
14,121,2.0
14,122,2.0
14,123,2.0
14,124,1.0
14,125,1.0
14,126,2.0
14,127,2.0
14,128,1.0
14,129,2.0
14,130,2.0
14,131,2.0
14,132,3.0
14,133,3.0
14,134,3.0
14,135,3.0
14,136,2.0
14,137,2.0
14,138,2.0
14,139,1.0
14,140,3.0
14,141,2.0
14,142,3.0
14,143,2.0
14,144,2.0
14,145,1.0
14,146,1.0
14,147,2.0
14,148,2.0
14,149,1.0
14,150,1.0
14,151,1.0
14,152,1.0
14,153,1.0
14,154,3.0
14,155,4.0
14,156,2.0
14,157,2.0
14,158,2.0
14,159,1.0
14,160,2.0
14,161,1.0
14,162,2.0
14,163,2.0
14,164,1.0
14,165,2.0
14,166,2.0
14,167,2.0
14,168,1.0
14,169,2.0
14,170,2.0
14,171,1.0
14,172,2.0
14,173,4.0
14,174,1.0
14,175,1.0
14,176,2.0
14,177,2.0
14,178,2.0
14,179,2.0
14,180,2.0
14,181,2.0
14,182,2.0
14,183,2.0
14,184,2.0
14,185,1.0
14,186,2.0
14,187,2.0
14,188,0.0
14,189,1.0
14,190,3.0
14,191,3.0
14,192,3.0
14,193,1.0
14,194,2.0
14,195,1.0
14,196,1.0
14,197,1.0
14,198,1.0
14,199,0.0
14,200,0.0
14,201,0.0
14,202,3.0
14,203,3.0
14,204,1.0
14,205,1.0
14,206,1.0
14,207,2.0
14,208,2.0
14,209,2.0
14,210,2.0
14,211,1.0
14,212,3.0
14,213,2.0
14,214,3.0
14,215,2.0
14,216,1.0
14,217,2.0
14,218,2.0
14,219,2.0
14,220,3.0
14,221,1.0
14,222,2.0
14,223,2.0
14,224,2.0
14,225,2.0
14,226,1.0
14,227,2.0
14,228,1.0
14,229,2.0
14,230,2.0
14,231,2.0
14,232,4.0
14,233,2.0
14,234,3.0
14,235,1.0
14,236,2.0
14,237,3.0
14,238,3.0
14,239,2.0
14,240,1.0
14,241,2.0
14,242,1.0
14,243,3.0
14,244,2.0
14,245,2.0
14,246,2.0
14,247,2.0
14,248,0.0
14,249,4.0
14,250,3.0
14,251,1.0
14,252,2.0
14,253,1.0
14,254,1.0
14,255,1.0
14,256,2.0
14,257,2.0
14,258,3.0
14,259,2.0
14,260,1.0
14,261,2.0
14,262,4.0
14,263,3.0
14,264,1.0
14,265,2.0
14,266,1.0
14,267,2.0
14,268,3.0
14,269,1.0
14,270,2.0
14,271,2.0
14,272,2.0
14,273,2.0
14,274,2.0
14,275,2.0
14,276,2.0
14,277,2.0
14,278,3.0
14,279,2.0
14,280,2.0
14,281,2.0
14,282,2.0
14,283,2.0
14,284,2.0
14,285,1.0
14,286,3.0
14,287,2.0
14,288,1.0
14,289,2.0
14,290,1.0
14,291,2.0
14,292,1.0
14,293,2.0
14,294,2.0
14,295,2.0
14,296,4.0
14,297,2.0
14,298,2.0
14,299,2.0
14,300,3.0
14,301,2.0
14,302,2.0
14,303,1.0
14,304,2.0
14,305,2.0
14,306,1.0
14,307,2.0
14,308,2.0
14,309,3.0
14,310,2.0
14,311,1.0
14,312,2.0
14,313,2.0
14,314,2.0
14,315,2.0
14,316,4.0
14,317,2.0
14,318,2.0
14,319,3.0
14,320,2.0
14,321,2.0
14,322,3.0
14,323,3.0
14,324,2.0
14,325,3.0
14,326,2.0
14,327,2.0
14,328,2.0
14,329,3.0
14,330,2.0
14,331,1.0
14,332,1.0
14,333,2.0
14,334,2.0
14,335,0.0
14,336,1.0
14,337,2.0
14,338,3.0
14,339,2.0
14,340,2.0
14,341,2.0
14,342,1.0
14,343,2.0
14,344,2.0
14,345,3.0
14,346,4.0
14,347,2.0
14,348,3.0
14,349,3.0
14,350,1.0
14,351,2.0
14,352,2.0
14,353,2.0
14,354,2.0
14,355,0.0
14,356,3.0
14,357,2.0
14,358,2.0
14,359,2.0
14,360,3.0
14,361,2.0
14,362,2.0
14,363,3.0
14,364,2.0
14,365,2.0
14,366,2.0
14,367,2.0
14,368,1.0
14,369,1.0
14,370,2.0
14,371,2.0
14,372,1.0
14,373,2.0
14,374,2.0
14,375,2.0
14,376,4.0
14,377,2.0
15,16,2.0
15,17,2.0
15,18,1.0
15,19,2.0
15,20,1.0
15,21,3.0
15,22,3.0
15,23,3.0
15,24,3.0
15,25,2.0
15,26,2.0
15,27,2.0
15,28,2.0
15,29,2.0
15,30,2.0
15,31,1.0
15,32,2.0
15,33,2.0
15,34,2.0
15,35,3.0
15,36,2.0
15,37,2.0
15,38,2.0
15,39,1.0
15,40,3.0
15,41,2.0
15,42,3.0
15,43,2.0
15,44,3.0
15,45,1.0
15,46,1.0
15,47,2.0
15,48,3.0
15,49,2.0
15,50,1.0
15,51,1.0
15,52,2.0
15,53,1.0
15,54,2.0
15,55,2.0
15,56,1.0
15,57,3.0
15,58,3.0
15,59,2.0
15,60,1.0
15,61,0.0
15,62,1.0
15,63,1.0
15,64,2.0
15,65,1.0
15,66,1.0
15,67,2.0
15,68,2.0
15,69,2.0
15,70,2.0
15,71,2.0
15,72,2.0
15,73,2.0
15,74,2.0
15,75,0.0
15,76,2.0
15,77,2.0
15,78,2.0
15,79,2.0
15,80,2.0
15,81,3.0
15,82,2.0
15,83,1.0
15,84,1.0
15,85,1.0
15,86,3.0
15,87,2.0
15,88,2.0
15,89,2.0
15,90,2.0
15,91,1.0
15,92,2.0
15,93,2.0
15,94,1.0
15,95,1.0
15,96,1.0
15,97,4.0
15,98,1.0
15,99,2.0
15,100,0.0
15,101,2.0
15,102,0.0
15,103,2.0
15,104,2.0
15,105,2.0
15,106,2.0
15,107,2.0
15,108,2.0
15,109,3.0
15,110,4.0
15,111,2.0
15,112,1.0
15,113,2.0
15,114,1.0
15,115,1.0
15,116,1.0
15,117,3.0
15,118,2.0
15,119,2.0
15,120,3.0
15,121,2.0
15,122,2.0
15,123,2.0
15,124,1.0
15,125,1.0
15,126,2.0
15,127,2.0
15,128,1.0
15,129,2.0
15,130,2.0
15,131,2.0
15,132,3.0
15,133,3.0
15,134,3.0
15,135,3.0
15,136,2.0
15,137,2.0
15,138,2.0
15,139,1.0
15,140,3.0
15,141,2.0
15,142,3.0
15,143,2.0
15,144,2.0
15,145,1.0
15,146,1.0
15,147,2.0
15,148,2.0
15,149,1.0
15,150,1.0
15,151,1.0
15,152,1.0
15,153,1.0
15,154,3.0
15,155,4.0
15,156,2.0
15,157,2.0
15,158,2.0
15,159,1.0
15,160,2.0
15,161,1.0
15,162,2.0
15,163,2.0
15,164,1.0
15,165,2.0
15,166,2.0
15,167,2.0
15,168,1.0
15,169,2.0
15,170,2.0
15,171,1.0
15,172,2.0
15,173,4.0
15,174,1.0
15,175,1.0
15,176,2.0
15,177,2.0
15,178,2.0
15,179,2.0
15,180,2.0
15,181,2.0
15,182,2.0
15,183,2.0
15,184,2.0
15,185,1.0
15,186,2.0
15,187,2.0
15,188,0.0
15,189,1.0
15,190,3.0
15,191,3.0
15,192,3.0
15,193,1.0
15,194,2.0
15,195,1.0
15,196,1.0
15,197,1.0
15,198,1.0
15,199,0.0
15,200,0.0
15,201,0.0
15,202,3.0
15,203,3.0
15,204,1.0
15,205,1.0
15,206,1.0
15,207,2.0
15,208,2.0
15,209,2.0
15,210,2.0
15,211,1.0
15,212,3.0
15,213,2.0
15,214,3.0
15,215,2.0
15,216,1.0
15,217,2.0
15,218,2.0
15,219,2.0
15,220,3.0
15,221,1.0
15,222,2.0
15,223,2.0
15,224,2.0
15,225,2.0
15,226,1.0
15,227,2.0
15,228,1.0
15,229,2.0
15,230,2.0
15,231,2.0
15,232,4.0
15,233,2.0
15,234,3.0
15,235,1.0
15,236,2.0
15,237,3.0
15,238,3.0
15,239,2.0
15,240,1.0
15,241,2.0
15,242,1.0
15,243,3.0
15,244,2.0
15,245,2.0
15,246,2.0
15,247,2.0
15,248,0.0
15,249,4.0
15,250,3.0
15,251,1.0
15,252,2.0
15,253,1.0
15,254,1.0
15,255,1.0
15,256,2.0
15,257,2.0
15,258,3.0
15,259,2.0
15,260,1.0
15,261,2.0
15,262,4.0
15,263,3.0
15,264,1.0
15,265,2.0
15,266,1.0
15,267,2.0
15,268,3.0
15,269,1.0
15,270,2.0
15,271,2.0
15,272,2.0
15,273,2.0
15,274,2.0
15,275,2.0
15,276,2.0
15,277,2.0
15,278,3.0
15,279,2.0
15,280,2.0
15,281,2.0
15,282,2.0
15,283,2.0
15,284,2.0
15,285,1.0
15,286,3.0
15,287,2.0
15,288,1.0
15,289,2.0
15,290,1.0
15,291,2.0
15,292,1.0
15,293,2.0
15,294,2.0
15,295,2.0
15,296,4.0
15,297,2.0
15,298,2.0
15,299,2.0
15,300,3.0
15,301,2.0
15,302,2.0
15,303,1.0
15,304,2.0
15,305,2.0
15,306,1.0
15,307,2.0
15,308,2.0
15,309,3.0
15,310,2.0
15,311,1.0
15,312,2.0
15,313,2.0
15,314,2.0
15,315,2.0
15,316,4.0
15,317,2.0
15,318,2.0
15,319,3.0
15,320,2.0
15,321,2.0
15,322,3.0
15,323,3.0
15,324,2.0
15,325,3.0
15,326,2.0
15,327,2.0
15,328,2.0
15,329,3.0
15,330,2.0
15,331,1.0
15,332,1.0
15,333,2.0
15,334,2.0
15,335,0.0
15,336,1.0
15,337,2.0
15,338,3.0
15,339,2.0
15,340,2.0
15,341,2.0
15,342,1.0
15,343,2.0
15,344,2.0
15,345,3.0
15,346,4.0
15,347,2.0
15,348,3.0
15,349,3.0
15,350,1.0
15,351,2.0
15,352,2.0
15,353,2.0
15,354,2.0
15,355,0.0
15,356,3.0
15,357,2.0
15,358,2.0
15,359,2.0
15,360,3.0
15,361,2.0
15,362,2.0
15,363,3.0
15,364,2.0
15,365,2.0
15,366,2.0
15,367,2.0
15,368,1.0
15,369,1.0
15,370,2.0
15,371,2.0
15,372,1.0
15,373,2.0
15,374,2.0
15,375,2.0
15,376,4.0
15,377,2.0
16,17,3.0
16,18,1.0
16,19,2.0
16,20,2.0
16,21,3.0
16,22,2.0
16,23,2.0
16,24,2.0
16,25,2.0
16,26,2.0
16,27,2.0
16,28,2.0
16,29,2.0
16,30,2.0
16,31,2.0
16,32,2.0
16,33,2.0
16,34,2.0
16,35,3.0
16,36,2.0
16,37,2.0
16,38,2.0
16,39,2.0
16,40,2.0
16,41,2.0
16,42,2.0
16,43,2.0
16,44,2.0
16,45,1.0
16,46,1.0
16,47,2.0
16,48,2.0
16,49,3.0
16,50,1.0
16,51,1.0
16,52,2.0
16,53,2.0
16,54,2.0
16,55,2.0
16,56,1.0
16,57,3.0
16,58,2.0
16,59,2.0
16,60,2.0
16,61,1.0
16,62,2.0
16,63,2.0
16,64,2.0
16,65,2.0
16,66,2.0
16,67,2.0
16,68,2.0
16,69,3.0
16,70,3.0
16,71,2.0
16,72,3.0
16,73,2.0
16,74,2.0
16,75,1.0
16,76,1.0
16,77,2.0
16,78,2.0
16,79,2.0
16,80,2.0
16,81,2.0
16,82,2.0
16,83,1.0
16,84,1.0
16,85,1.0
16,86,2.0
16,87,2.0
16,88,2.0
16,89,2.0
16,90,2.0
16,91,2.0
16,92,3.0
16,93,2.0
16,94,2.0
16,95,1.0
16,96,2.0
16,97,3.0
16,98,2.0
16,99,2.0
16,100,1.0
16,101,2.0
16,102,1.0
16,103,2.0
16,104,2.0
16,105,2.0
16,106,2.0
16,107,2.0
16,108,3.0
16,109,2.0
16,110,2.0
16,111,2.0
16,112,2.0
16,113,2.0
16,114,1.0
16,115,1.0
16,116,1.0
16,117,2.0
16,118,2.0
16,119,2.0
16,120,2.0
16,121,2.0
16,122,2.0
16,123,2.0
16,124,1.0
16,125,1.0
16,126,2.0
16,127,2.0
16,128,1.0
16,129,2.0
16,130,2.0
16,131,2.0
16,132,2.0
16,133,2.0
16,134,2.0
16,135,2.0
16,136,2.0
16,137,2.0
16,138,2.0
16,139,1.0
16,140,3.0
16,141,3.0
16,142,2.0
16,143,2.0
16,144,2.0
16,145,4.0
16,146,2.0
16,147,2.0
16,148,2.0
16,149,2.0
16,150,2.0
16,151,2.0
16,152,2.0
16,153,2.0
16,154,2.0
16,155,3.0
16,156,2.0
16,157,2.0
16,158,2.0
16,159,2.0
16,160,3.0
16,161,1.0
16,162,2.0
16,163,2.0
16,164,1.0
16,165,1.0
16,166,2.0
16,167,2.0
16,168,1.0
16,169,2.0
16,170,2.0
16,171,4.0
16,172,2.0
16,173,3.0
16,174,1.0
16,175,1.0
16,176,2.0
16,177,3.0
16,178,3.0
16,179,2.0
16,180,3.0
16,181,3.0
16,182,2.0
16,183,2.0
16,184,2.0
16,185,1.0
16,186,2.0
16,187,2.0
16,188,1.0
16,189,2.0
16,190,1.0
16,191,1.0
16,192,1.0
16,193,3.0
16,194,2.0
16,195,3.0
16,196,2.0
16,197,2.0
16,198,2.0
16,199,1.0
16,200,1.0
16,201,1.0
16,202,3.0
16,203,2.0
16,204,3.0
16,205,3.0
16,206,2.0
16,207,2.0
16,208,2.0
16,209,2.0
16,210,2.0
16,211,4.0
16,212,2.0
16,213,2.0
16,214,2.0
16,215,2.0
16,216,2.0
16,217,2.0
16,218,2.0
16,219,2.0
16,220,2.0
16,221,1.0
16,222,2.0
16,223,3.0
16,224,2.0
16,225,2.0
16,226,1.0
16,227,2.0
16,228,2.0
16,229,2.0
16,230,2.0
16,231,2.0
16,232,2.0
16,233,3.0
16,234,1.0
16,235,2.0
16,236,2.0
16,237,3.0
16,238,1.0
16,239,2.0
16,240,4.0
16,241,2.0
16,242,2.0
16,243,2.0
16,244,2.0
16,245,3.0
16,246,2.0
16,247,2.0
16,248,1.0
16,249,3.0
16,250,3.0
16,251,2.0
16,252,2.0
16,253,2.0
16,254,3.0
16,255,2.0
16,256,2.0
16,257,2.0
16,258,2.0
16,259,2.0
16,260,2.0
16,261,2.0
16,262,3.0
16,263,2.0
16,264,4.0
16,265,2.0
16,266,1.0
16,267,2.0
16,268,2.0
16,269,3.0
16,270,2.0
16,271,2.0
16,272,2.0
16,273,3.0
16,274,2.0
16,275,2.0
16,276,2.0
16,277,2.0
16,278,2.0
16,279,2.0
16,280,2.0
16,281,2.0
16,282,2.0
16,283,2.0
16,284,2.0
16,285,1.0
16,286,2.0
16,287,2.0
16,288,2.0
16,289,2.0
16,290,2.0
16,291,2.0
16,292,2.0
16,293,3.0
16,294,2.0
16,295,2.0
16,296,3.0
16,297,2.0
16,298,2.0
16,299,2.0
16,300,2.0
16,301,2.0
16,302,2.0
16,303,2.0
16,304,2.0
16,305,2.0
16,306,2.0
16,307,2.0
16,308,2.0
16,309,2.0
16,310,2.0
16,311,4.0
16,312,2.0
16,313,2.0
16,314,2.0
16,315,2.0
16,316,3.0
16,317,1.0
16,318,2.0
16,319,2.0
16,320,2.0
16,321,2.0
16,322,2.0
16,323,2.0
16,324,2.0
16,325,2.0
16,326,2.0
16,327,2.0
16,328,2.0
16,329,2.0
16,330,2.0
16,331,1.0
16,332,2.0
16,333,2.0
16,334,1.0
16,335,1.0
16,336,1.0
16,337,2.0
16,338,3.0
16,339,3.0
16,340,1.0
16,341,2.0
16,342,2.0
16,343,2.0
16,344,2.0
16,345,2.0
16,346,3.0
16,347,2.0
16,348,3.0
16,349,2.0
16,350,3.0
16,351,2.0
16,352,2.0
16,353,2.0
16,354,2.0
16,355,1.0
16,356,2.0
16,357,2.0
16,358,2.0
16,359,2.0
16,360,2.0
16,361,2.0
16,362,2.0
16,363,2.0
16,364,2.0
16,365,2.0
16,366,2.0
16,367,2.0
16,368,0.0
16,369,2.0
16,370,2.0
16,371,2.0
16,372,2.0
16,373,2.0
16,374,2.0
16,375,3.0
16,376,3.0
16,377,2.0
17,18,2.0
17,19,2.0
17,20,2.0
17,21,2.0
17,22,3.0
17,23,3.0
17,24,2.0
17,25,2.0
17,26,4.0
17,27,4.0
17,28,4.0
17,29,2.0
17,30,2.0
17,31,2.0
17,32,4.0
17,33,1.0
17,34,4.0
17,35,3.0
17,36,1.0
17,37,2.0
17,38,2.0
17,39,3.0
17,40,2.0
17,41,2.0
17,42,1.0
17,43,3.0
17,44,3.0
17,45,3.0
17,46,3.0
17,47,4.0
17,48,2.0
17,49,3.0
17,50,3.0
17,51,3.0
17,52,4.0
17,53,5.0
17,54,3.0
17,55,3.0
17,56,2.0
17,57,2.0
17,58,3.0
17,59,3.0
17,60,2.0
17,61,3.0
17,62,2.0
17,63,2.0
17,64,3.0
17,65,3.0
17,66,3.0
17,67,2.0
17,68,3.0
17,69,4.0
17,70,4.0
17,71,3.0
17,72,6.0
17,73,3.0
17,74,1.0
17,75,3.0
17,76,2.0
17,77,3.0
17,78,4.0
17,79,4.0
17,80,3.0
17,81,2.0
17,82,3.0
17,83,2.0
17,84,2.0
17,85,2.0
17,86,3.0
17,87,3.0
17,88,2.0
17,89,1.0
17,90,2.0
17,91,2.0
17,92,1.0
17,93,3.0
17,94,1.0
17,95,3.0
17,96,2.0
17,97,2.0
17,98,2.0
17,99,1.0
17,100,2.0
17,101,3.0
17,102,2.0
17,103,2.0
17,104,2.0
17,105,4.0
17,106,4.0
17,107,3.0
17,108,4.0
17,109,3.0
17,110,2.0
17,111,1.0
17,112,5.0
17,113,1.0
17,114,2.0
17,115,2.0
17,116,2.0
17,117,3.0
17,118,3.0
17,119,2.0
17,120,3.0
17,121,3.0
17,122,2.0
17,123,3.0
17,124,2.0
17,125,2.0
17,126,3.0
17,127,3.0
17,128,2.0
17,129,3.0
17,130,3.0
17,131,3.0
17,132,1.0
17,133,1.0
17,134,1.0
17,135,1.0
17,136,2.0
17,137,2.0
17,138,2.0
17,139,2.0
17,140,2.0
17,141,4.0
17,142,1.0
17,143,4.0
17,144,4.0
17,145,3.0
17,146,3.0
17,147,2.0
17,148,2.0
17,149,3.0
17,150,3.0
17,151,3.0
17,152,2.0
17,153,2.0
17,154,3.0
17,155,2.0
17,156,3.0
17,157,2.0
17,158,2.0
17,159,2.0
17,160,4.0
17,161,2.0
17,162,3.0
17,163,2.0
17,164,3.0
17,165,1.0
17,166,3.0
17,167,2.0
17,168,2.0
17,169,3.0
17,170,2.0
17,171,2.0
17,172,2.0
17,173,2.0
17,174,2.0
17,175,2.0
17,176,2.0
17,177,6.0
17,178,6.0
17,179,3.0
17,180,6.0
17,181,6.0
17,182,1.0
17,183,3.0
17,184,3.0
17,185,2.0
17,186,2.0
17,187,2.0
17,188,3.0
17,189,2.0
17,190,1.0
17,191,1.0
17,192,1.0
17,193,3.0
17,194,2.0
17,195,1.0
17,196,1.0
17,197,1.0
17,198,1.0
17,199,2.0
17,200,2.0
17,201,2.0
17,202,2.0
17,203,2.0
17,204,1.0
17,205,1.0
17,206,1.0
17,207,3.0
17,208,2.0
17,209,3.0
17,210,2.0
17,211,2.0
17,212,3.0
17,213,4.0
17,214,3.0
17,215,2.0
17,216,2.0
17,217,3.0
17,218,2.0
17,219,3.0
17,220,3.0
17,221,2.0
17,222,3.0
17,223,3.0
17,224,3.0
17,225,3.0
17,226,2.0
17,227,3.0
17,228,2.0
17,229,5.0
17,230,3.0
17,231,3.0
17,232,2.0
17,233,6.0
17,234,1.0
17,235,2.0
17,236,2.0
17,237,2.0
17,238,1.0
17,239,3.0
17,240,2.0
17,241,4.0
17,242,2.0
17,243,3.0
17,244,3.0
17,245,3.0
17,246,3.0
17,247,3.0
17,248,3.0
17,249,2.0
17,250,2.0
17,251,2.0
17,252,1.0
17,253,2.0
17,254,2.0
17,255,2.0
17,256,2.0
17,257,2.0
17,258,3.0
17,259,5.0
17,260,2.0
17,261,3.0
17,262,2.0
17,263,3.0
17,264,2.0
17,265,2.0
17,266,2.0
17,267,3.0
17,268,3.0
17,269,1.0
17,270,2.0
17,271,5.0
17,272,3.0
17,273,4.0
17,274,2.0
17,275,3.0
17,276,3.0
17,277,3.0
17,278,3.0
17,279,1.0
17,280,2.0
17,281,2.0
17,282,2.0
17,283,2.0
17,284,3.0
17,285,2.0
17,286,3.0
17,287,3.0
17,288,2.0
17,289,3.0
17,290,2.0
17,291,1.0
17,292,2.0
17,293,6.0
17,294,2.0
17,295,4.0
17,296,2.0
17,297,3.0
17,298,3.0
17,299,3.0
17,300,2.0
17,301,2.0
17,302,3.0
17,303,2.0
17,304,2.0
17,305,2.0
17,306,1.0
17,307,3.0
17,308,2.0
17,309,3.0
17,310,3.0
17,311,2.0
17,312,5.0
17,313,3.0
17,314,3.0
17,315,2.0
17,316,2.0
17,317,3.0
17,318,3.0
17,319,1.0
17,320,3.0
17,321,3.0
17,322,3.0
17,323,3.0
17,324,3.0
17,325,3.0
17,326,3.0
17,327,5.0
17,328,3.0
17,329,3.0
17,330,4.0
17,331,2.0
17,332,2.0
17,333,2.0
17,334,2.0
17,335,2.0
17,336,2.0
17,337,3.0
17,338,2.0
17,339,5.0
17,340,1.0
17,341,2.0
17,342,2.0
17,343,3.0
17,344,3.0
17,345,2.0
17,346,2.0
17,347,3.0
17,348,2.0
17,349,3.0
17,350,2.0
17,351,3.0
17,352,3.0
17,353,3.0
17,354,3.0
17,355,3.0
17,356,3.0
17,357,3.0
17,358,3.0
17,359,2.0
17,360,3.0
17,361,3.0
17,362,4.0
17,363,3.0
17,364,2.0
17,365,3.0
17,366,3.0
17,367,3.0
17,368,1.0
17,369,2.0
17,370,3.0
17,371,4.0
17,372,2.0
17,373,2.0
17,374,3.0
17,375,6.0
17,376,2.0
17,377,2.0
18,19,2.0
18,20,2.0
18,21,1.0
18,22,2.0
18,23,2.0
18,24,1.0
18,25,3.0
18,26,2.0
18,27,2.0
18,28,2.0
18,29,1.0
18,30,2.0
18,31,2.0
18,32,2.0
18,33,1.0
18,34,2.0
18,35,1.0
18,36,1.0
18,37,2.0
18,38,1.0
18,39,2.0
18,40,1.0
18,41,1.0
18,42,1.0
18,43,3.0
18,44,1.0
18,45,2.0
18,46,2.0
18,47,2.0
18,48,2.0
18,49,1.0
18,50,2.0
18,51,2.0
18,52,2.0
18,53,1.0
18,54,2.0
18,55,2.0
18,56,0.0
18,57,1.0
18,58,2.0
18,59,2.0
18,60,2.0
18,61,1.0
18,62,1.0
18,63,2.0
18,64,3.0
18,65,2.0
18,66,2.0
18,67,2.0
18,68,2.0
18,69,2.0
18,70,2.0
18,71,2.0
18,72,2.0
18,73,2.0
18,74,2.0
18,75,1.0
18,76,1.0
18,77,2.0
18,78,2.0
18,79,2.0
18,80,2.0
18,81,1.0
18,82,2.0
18,83,1.0
18,84,1.0
18,85,1.0
18,86,2.0
18,87,2.0
18,88,2.0
18,89,2.0
18,90,1.0
18,91,1.0
18,92,1.0
18,93,2.0
18,94,1.0
18,95,2.0
18,96,1.0
18,97,1.0
18,98,1.0
18,99,2.0
18,100,0.0
18,101,2.0
18,102,0.0
18,103,2.0
18,104,3.0
18,105,2.0
18,106,2.0
18,107,2.0
18,108,2.0
18,109,2.0
18,110,1.0
18,111,2.0
18,112,1.0
18,113,2.0
18,114,1.0
18,115,1.0
18,116,1.0
18,117,2.0
18,118,1.0
18,119,2.0
18,120,2.0
18,121,1.0
18,122,2.0
18,123,1.0
18,124,1.0
18,125,1.0
18,126,2.0
18,127,2.0
18,128,1.0
18,129,2.0
18,130,2.0
18,131,2.0
18,132,1.0
18,133,1.0
18,134,1.0
18,135,1.0
18,136,1.0
18,137,1.0
18,138,1.0
18,139,1.0
18,140,1.0
18,141,2.0
18,142,1.0
18,143,2.0
18,144,2.0
18,145,1.0
18,146,2.0
18,147,1.0
18,148,1.0
18,149,2.0
18,150,2.0
18,151,2.0
18,152,2.0
18,153,1.0
18,154,2.0
18,155,1.0
18,156,2.0
18,157,3.0
18,158,3.0
18,159,2.0
18,160,2.0
18,161,1.0
18,162,2.0
18,163,3.0
18,164,1.0
18,165,1.0
18,166,3.0
18,167,3.0
18,168,3.0
18,169,2.0
18,170,3.0
18,171,1.0
18,172,3.0
18,173,1.0
18,174,1.0
18,175,1.0
18,176,2.0
18,177,2.0
18,178,2.0
18,179,2.0
18,180,2.0
18,181,2.0
18,182,2.0
18,183,3.0
18,184,3.0
18,185,1.0
18,186,1.0
18,187,1.0
18,188,1.0
18,189,2.0
18,190,1.0
18,191,1.0
18,192,1.0
18,193,2.0
18,194,3.0
18,195,2.0
18,196,2.0
18,197,2.0
18,198,2.0
18,199,0.0
18,200,0.0
18,201,0.0
18,202,1.0
18,203,1.0
18,204,2.0
18,205,2.0
18,206,2.0
18,207,2.0
18,208,3.0
18,209,2.0
18,210,1.0
18,211,1.0
18,212,2.0
18,213,2.0
18,214,2.0
18,215,1.0
18,216,2.0
18,217,2.0
18,218,2.0
18,219,3.0
18,220,2.0
18,221,0.0
18,222,1.0
18,223,3.0
18,224,2.0
18,225,2.0
18,226,1.0
18,227,2.0
18,228,3.0
18,229,2.0
18,230,3.0
18,231,2.0
18,232,1.0
18,233,2.0
18,234,1.0
18,235,2.0
18,236,1.0
18,237,1.0
18,238,1.0
18,239,2.0
18,240,1.0
18,241,2.0
18,242,2.0
18,243,2.0
18,244,2.0
18,245,1.0
18,246,3.0
18,247,2.0
18,248,1.0
18,249,1.0
18,250,1.0
18,251,3.0
18,252,2.0
18,253,2.0
18,254,2.0
18,255,2.0
18,256,1.0
18,257,1.0
18,258,2.0
18,259,2.0
18,260,2.0
18,261,2.0
18,262,1.0
18,263,2.0
18,264,1.0
18,265,2.0
18,266,1.0
18,267,2.0
18,268,2.0
18,269,1.0
18,270,3.0
18,271,2.0
18,272,2.0
18,273,2.0
18,274,2.0
18,275,2.0
18,276,2.0
18,277,2.0
18,278,2.0
18,279,1.0
18,280,1.0
18,281,2.0
18,282,3.0
18,283,1.0
18,284,2.0
18,285,1.0
18,286,2.0
18,287,0.0
18,288,1.0
18,289,2.0
18,290,2.0
18,291,2.0
18,292,2.0
18,293,2.0
18,294,3.0
18,295,2.0
18,296,1.0
18,297,2.0
18,298,3.0
18,299,3.0
18,300,2.0
18,301,1.0
18,302,2.0
18,303,2.0
18,304,2.0
18,305,2.0
18,306,1.0
18,307,2.0
18,308,2.0
18,309,2.0
18,310,2.0
18,311,1.0
18,312,2.0
18,313,2.0
18,314,2.0
18,315,2.0
18,316,1.0
18,317,1.0
18,318,2.0
18,319,1.0
18,320,2.0
18,321,2.0
18,322,2.0
18,323,2.0
18,324,2.0
18,325,1.0
18,326,2.0
18,327,2.0
18,328,2.0
18,329,2.0
18,330,2.0
18,331,1.0
18,332,2.0
18,333,2.0
18,334,1.0
18,335,1.0
18,336,1.0
18,337,2.0
18,338,1.0
18,339,2.0
18,340,0.0
18,341,2.0
18,342,2.0
18,343,2.0
18,344,2.0
18,345,1.0
18,346,1.0
18,347,2.0
18,348,1.0
18,349,2.0
18,350,3.0
18,351,2.0
18,352,2.0
18,353,2.0
18,354,2.0
18,355,1.0
18,356,2.0
18,357,2.0
18,358,2.0
18,359,2.0
18,360,2.0
18,361,2.0
18,362,2.0
18,363,1.0
18,364,1.0
18,365,0.0
18,366,2.0
18,367,2.0
18,368,3.0
18,369,2.0
18,370,3.0
18,371,2.0
18,372,2.0
18,373,3.0
18,374,2.0
18,375,2.0
18,376,1.0
18,377,3.0
19,20,1.0
19,21,1.0
19,22,3.0
19,23,3.0
19,24,2.0
19,25,3.0
19,26,1.0
19,27,1.0
19,28,1.0
19,29,1.0
19,30,2.0
19,31,1.0
19,32,1.0
19,33,1.0
19,34,1.0
19,35,2.0
19,36,1.0
19,37,2.0
19,38,1.0
19,39,2.0
19,40,3.0
19,41,1.0
19,42,2.0
19,43,1.0
19,44,1.0
19,45,3.0
19,46,3.0
19,47,1.0
19,48,2.0
19,49,2.0
19,50,3.0
19,51,3.0
19,52,1.0
19,53,1.0
19,54,1.0
19,55,1.0
19,56,1.0
19,57,1.0
19,58,2.0
19,59,1.0
19,60,2.0
19,61,2.0
19,62,1.0
19,63,1.0
19,64,1.0
19,65,1.0
19,66,1.0
19,67,2.0
19,68,1.0
19,69,3.0
19,70,3.0
19,71,1.0
19,72,2.0
19,73,1.0
19,74,3.0
19,75,2.0
19,76,1.0
19,77,1.0
19,78,1.0
19,79,1.0
19,80,1.0
19,81,1.0
19,82,1.0
19,83,1.0
19,84,1.0
19,85,1.0
19,86,2.0
19,87,1.0
19,88,2.0
19,89,4.0
19,90,2.0
19,91,1.0
19,92,1.0
19,93,1.0
19,94,1.0
19,95,3.0
19,96,1.0
19,97,2.0
19,98,1.0
19,99,3.0
19,100,1.0
19,101,1.0
19,102,1.0
19,103,2.0
19,104,3.0
19,105,1.0
19,106,1.0
19,107,1.0
19,108,2.0
19,109,2.0
19,110,2.0
19,111,3.0
19,112,1.0
19,113,3.0
19,114,1.0
19,115,1.0
19,116,1.0
19,117,2.0
19,118,1.0
19,119,2.0
19,120,2.0
19,121,1.0
19,122,2.0
19,123,1.0
19,124,1.0
19,125,1.0
19,126,1.0
19,127,1.0
19,128,1.0
19,129,1.0
19,130,1.0
19,131,1.0
19,132,1.0
19,133,1.0
19,134,1.0
19,135,1.0
19,136,1.0
19,137,1.0
19,138,1.0
19,139,1.0
19,140,1.0
19,141,3.0
19,142,2.0
19,143,1.0
19,144,1.0
19,145,2.0
19,146,3.0
19,147,1.0
19,148,1.0
19,149,3.0
19,150,3.0
19,151,3.0
19,152,3.0
19,153,1.0
19,154,2.0
19,155,2.0
19,156,2.0
19,157,3.0
19,158,3.0
19,159,3.0
19,160,3.0
19,161,1.0
19,162,1.0
19,163,3.0
19,164,2.0
19,165,1.0
19,166,1.0
19,167,3.0
19,168,1.0
19,169,1.0
19,170,3.0
19,171,2.0
19,172,3.0
19,173,2.0
19,174,1.0
19,175,1.0
19,176,2.0
19,177,2.0
19,178,2.0
19,179,1.0
19,180,2.0
19,181,2.0
19,182,4.0
19,183,1.0
19,184,1.0
19,185,1.0
19,186,1.0
19,187,1.0
19,188,2.0
19,189,3.0
19,190,3.0
19,191,3.0
19,192,3.0
19,193,3.0
19,194,3.0
19,195,3.0
19,196,2.0
19,197,2.0
19,198,2.0
19,199,1.0
19,200,1.0
19,201,1.0
19,202,1.0
19,203,1.0
19,204,3.0
19,205,3.0
19,206,2.0
19,207,1.0
19,208,3.0
19,209,1.0
19,210,2.0
19,211,2.0
19,212,2.0
19,213,1.0
19,214,2.0
19,215,1.0
19,216,2.0
19,217,1.0
19,218,2.0
19,219,1.0
19,220,2.0
19,221,1.0
19,222,1.0
19,223,3.0
19,224,1.0
19,225,1.0
19,226,1.0
19,227,1.0
19,228,1.0
19,229,2.0
19,230,1.0
19,231,1.0
19,232,1.0
19,233,2.0
19,234,1.0
19,235,1.0
19,236,1.0
19,237,2.0
19,238,1.0
19,239,1.0
19,240,2.0
19,241,1.0
19,242,1.0
19,243,2.0
19,244,1.0
19,245,2.0
19,246,1.0
19,247,1.0
19,248,2.0
19,249,2.0
19,250,1.0
19,251,1.0
19,252,3.0
19,253,1.0
19,254,2.0
19,255,3.0
19,256,1.0
19,257,1.0
19,258,3.0
19,259,2.0
19,260,1.0
19,261,1.0
19,262,2.0
19,263,3.0
19,264,2.0
19,265,2.0
19,266,3.0
19,267,1.0
19,268,2.0
19,269,1.0
19,270,3.0
19,271,2.0
19,272,1.0
19,273,2.0
19,274,2.0
19,275,1.0
19,276,1.0
19,277,1.0
19,278,3.0
19,279,1.0
19,280,2.0
19,281,2.0
19,282,2.0
19,283,1.0
19,284,1.0
19,285,1.0
19,286,2.0
19,287,1.0
19,288,1.0
19,289,1.0
19,290,1.0
19,291,3.0
19,292,1.0
19,293,2.0
19,294,3.0
19,295,1.0
19,296,1.0
19,297,1.0
19,298,1.0
19,299,1.0
19,300,2.0
19,301,1.0
19,302,1.0
19,303,1.0
19,304,2.0
19,305,2.0
19,306,1.0
19,307,1.0
19,308,2.0
19,309,3.0
19,310,1.0
19,311,2.0
19,312,2.0
19,313,1.0
19,314,1.0
19,315,2.0
19,316,2.0
19,317,2.0
19,318,1.0
19,319,2.0
19,320,1.0
19,321,1.0
19,322,2.0
19,323,2.0
19,324,1.0
19,325,1.0
19,326,1.0
19,327,2.0
19,328,1.0
19,329,2.0
19,330,1.0
19,331,1.0
19,332,1.0
19,333,2.0
19,334,1.0
19,335,1.0
19,336,1.0
19,337,1.0
19,338,1.0
19,339,2.0
19,340,0.0
19,341,2.0
19,342,1.0
19,343,1.0
19,344,1.0
19,345,1.0
19,346,2.0
19,347,1.0
19,348,1.0
19,349,3.0
19,350,1.0
19,351,1.0
19,352,1.0
19,353,1.0
19,354,1.0
19,355,2.0
19,356,2.0
19,357,3.0
19,358,1.0
19,359,2.0
19,360,2.0
19,361,1.0
19,362,1.0
19,363,2.0
19,364,1.0
19,365,1.0
19,366,1.0
19,367,1.0
19,368,1.0
19,369,3.0
19,370,1.0
19,371,1.0
19,372,1.0
19,373,3.0
19,374,1.0
19,375,2.0
19,376,2.0
19,377,2.0
20,21,2.0
20,22,3.0
20,23,3.0
20,24,2.0
20,25,3.0
20,26,2.0
20,27,2.0
20,28,2.0
20,29,3.0
20,30,3.0
20,31,6.0
20,32,2.0
20,33,3.0
20,34,2.0
20,35,2.0
20,36,3.0
20,37,3.0
20,38,2.0
20,39,2.0
20,40,2.0
20,41,2.0
20,42,2.0
20,43,2.0
20,44,1.0
20,45,2.0
20,46,2.0
20,47,2.0
20,48,2.0
20,49,3.0
20,50,2.0
20,51,2.0
20,52,2.0
20,53,2.0
20,54,2.0
20,55,2.0
20,56,1.0
20,57,2.0
20,58,4.0
20,59,2.0
20,60,2.0
20,61,2.0
20,62,2.0
20,63,3.0
20,64,2.0
20,65,3.0
20,66,3.0
20,67,2.0
20,68,2.0
20,69,3.0
20,70,3.0
20,71,2.0
20,72,2.0
20,73,2.0
20,74,2.0
20,75,2.0
20,76,2.0
20,77,2.0
20,78,2.0
20,79,2.0
20,80,2.0
20,81,2.0
20,82,2.0
20,83,2.0
20,84,2.0
20,85,2.0
20,86,4.0
20,87,2.0
20,88,4.0
20,89,1.0
20,90,3.0
20,91,3.0
20,92,3.0
20,93,2.0
20,94,2.0
20,95,2.0
20,96,2.0
20,97,2.0
20,98,2.0
20,99,3.0
20,100,2.0
20,101,2.0
20,102,2.0
20,103,2.0
20,104,3.0
20,105,2.0
20,106,2.0
20,107,2.0
20,108,4.0
20,109,4.0
20,110,3.0
20,111,2.0
20,112,2.0
20,113,2.0
20,114,2.0
20,115,2.0
20,116,2.0
20,117,4.0
20,118,2.0
20,119,2.0
20,120,4.0
20,121,2.0
20,122,2.0
20,123,2.0
20,124,2.0
20,125,2.0
20,126,2.0
20,127,2.0
20,128,2.0
20,129,2.0
20,130,2.0
20,131,2.0
20,132,3.0
20,133,3.0
20,134,3.0
20,135,3.0
20,136,2.0
20,137,2.0
20,138,2.0
20,139,2.0
20,140,2.0
20,141,3.0
20,142,2.0
20,143,2.0
20,144,2.0
20,145,3.0
20,146,3.0
20,147,2.0
20,148,2.0
20,149,3.0
20,150,2.0
20,151,2.0
20,152,2.0
20,153,4.0
20,154,4.0
20,155,2.0
20,156,3.0
20,157,3.0
20,158,3.0
20,159,2.0
20,160,2.0
20,161,2.0
20,162,2.0
20,163,3.0
20,164,2.0
20,165,2.0
20,166,2.0
20,167,3.0
20,168,2.0
20,169,2.0
20,170,3.0
20,171,2.0
20,172,3.0
20,173,2.0
20,174,2.0
20,175,2.0
20,176,2.0
20,177,2.0
20,178,2.0
20,179,4.0
20,180,2.0
20,181,2.0
20,182,1.0
20,183,2.0
20,184,2.0
20,185,2.0
20,186,2.0
20,187,2.0
20,188,2.0
20,189,2.0
20,190,1.0
20,191,1.0
20,192,1.0
20,193,2.0
20,194,3.0
20,195,3.0
20,196,2.0
20,197,2.0
20,198,2.0
20,199,2.0
20,200,2.0
20,201,2.0
20,202,2.0
20,203,4.0
20,204,3.0
20,205,3.0
20,206,3.0
20,207,2.0
20,208,3.0
20,209,2.0
20,210,3.0
20,211,2.0
20,212,4.0
20,213,2.0
20,214,4.0
20,215,2.0
20,216,2.0
20,217,3.0
20,218,2.0
20,219,2.0
20,220,4.0
20,221,1.0
20,222,2.0
20,223,3.0
20,224,2.0
20,225,2.0
20,226,2.0
20,227,2.0
20,228,3.0
20,229,2.0
20,230,2.0
20,231,2.0
20,232,3.0
20,233,2.0
20,234,2.0
20,235,2.0
20,236,3.0
20,237,2.0
20,238,2.0
20,239,2.0
20,240,2.0
20,241,2.0
20,242,3.0
20,243,4.0
20,244,2.0
20,245,3.0
20,246,2.0
20,247,2.0
20,248,2.0
20,249,2.0
20,250,2.0
20,251,3.0
20,252,3.0
20,253,3.0
20,254,2.0
20,255,2.0
20,256,3.0
20,257,2.0
20,258,3.0
20,259,2.0
20,260,3.0
20,261,2.0
20,262,2.0
20,263,3.0
20,264,2.0
20,265,2.0
20,266,1.0
20,267,2.0
20,268,4.0
20,269,2.0
20,270,3.0
20,271,2.0
20,272,2.0
20,273,2.0
20,274,2.0
20,275,2.0
20,276,2.0
20,277,2.0
20,278,3.0
20,279,3.0
20,280,3.0
20,281,2.0
20,282,2.0
20,283,2.0
20,284,2.0
20,285,2.0
20,286,4.0
20,287,2.0
20,288,2.0
20,289,2.0
20,290,2.0
20,291,2.0
20,292,3.0
20,293,2.0
20,294,3.0
20,295,2.0
20,296,2.0
20,297,2.0
20,298,2.0
20,299,2.0
20,300,3.0
20,301,3.0
20,302,2.0
20,303,3.0
20,304,2.0
20,305,2.0
20,306,2.0
20,307,2.0
20,308,3.0
20,309,3.0
20,310,2.0
20,311,2.0
20,312,2.0
20,313,2.0
20,314,2.0
20,315,2.0
20,316,2.0
20,317,1.0
20,318,2.0
20,319,2.0
20,320,2.0
20,321,2.0
20,322,4.0
20,323,4.0
20,324,2.0
20,325,1.0
20,326,2.0
20,327,2.0
20,328,2.0
20,329,4.0
20,330,2.0
20,331,2.0
20,332,2.0
20,333,2.0
20,334,2.0
20,335,1.0
20,336,2.0
20,337,2.0
20,338,2.0
20,339,3.0
20,340,2.0
20,341,2.0
20,342,3.0
20,343,2.0
20,344,2.0
20,345,2.0
20,346,2.0
20,347,2.0
20,348,2.0
20,349,3.0
20,350,2.0
20,351,2.0
20,352,2.0
20,353,4.0
20,354,2.0
20,355,2.0
20,356,4.0
20,357,3.0
20,358,2.0
20,359,2.0
20,360,4.0
20,361,2.0
20,362,2.0
20,363,2.0
20,364,2.0
20,365,2.0
20,366,2.0
20,367,2.0
20,368,2.0
20,369,2.0
20,370,2.0
20,371,2.0
20,372,3.0
20,373,3.0
20,374,2.0
20,375,2.0
20,376,2.0
20,377,2.0
21,22,2.0
21,23,2.0
21,24,2.0
21,25,2.0
21,26,3.0
21,27,3.0
21,28,3.0
21,29,4.0
21,30,2.0
21,31,2.0
21,32,3.0
21,33,2.0
21,34,3.0
21,35,4.0
21,36,4.0
21,37,2.0
21,38,4.0
21,39,3.0
21,40,2.0
21,41,4.0
21,42,3.0
21,43,3.0
21,44,2.0
21,45,0.0
21,46,0.0
21,47,3.0
21,48,2.0
21,49,4.0
21,50,0.0
21,51,0.0
21,52,3.0
21,53,1.0
21,54,4.0
21,55,4.0
21,56,1.0
21,57,3.0
21,58,3.0
21,59,4.0
21,60,3.0
21,61,0.0
21,62,1.0
21,63,3.0
21,64,3.0
21,65,2.0
21,66,2.0
21,67,2.0
21,68,4.0
21,69,2.0
21,70,2.0
21,71,4.0
21,72,2.0
21,73,3.0
21,74,2.0
21,75,0.0
21,76,1.0
21,77,3.0
21,78,3.0
21,79,3.0
21,80,4.0
21,81,4.0
21,82,4.0
21,83,1.0
21,84,1.0
21,85,1.0
21,86,3.0
21,87,4.0
21,88,2.0
21,89,1.0
21,90,2.0
21,91,2.0
21,92,2.0
21,93,4.0
21,94,2.0
21,95,0.0
21,96,1.0
21,97,3.0
21,98,1.0
21,99,3.0
21,100,0.0
21,101,4.0
21,102,0.0
21,103,5.0
21,104,2.0
21,105,3.0
21,106,3.0
21,107,4.0
21,108,3.0
21,109,3.0
21,110,3.0
21,111,2.0
21,112,1.0
21,113,2.0
21,114,1.0
21,115,1.0
21,116,1.0
21,117,3.0
21,118,2.0
21,119,3.0
21,120,3.0
21,121,2.0
21,122,3.0
21,123,4.0
21,124,1.0
21,125,1.0
21,126,3.0
21,127,3.0
21,128,1.0
21,129,3.0
21,130,3.0
21,131,3.0
21,132,3.0
21,133,3.0
21,134,3.0
21,135,3.0
21,136,1.0
21,137,1.0
21,138,1.0
21,139,1.0
21,140,6.0
21,141,2.0
21,142,2.0
21,143,3.0
21,144,3.0
21,145,3.0
21,146,1.0
21,147,1.0
21,148,1.0
21,149,1.0
21,150,3.0
21,151,3.0
21,152,2.0
21,153,3.0
21,154,3.0
21,155,3.0
21,156,2.0
21,157,2.0
21,158,2.0
21,159,2.0
21,160,3.0
21,161,1.0
21,162,3.0
21,163,2.0
21,164,1.0
21,165,0.0
21,166,2.0
21,167,2.0
21,168,1.0
21,169,4.0
21,170,2.0
21,171,2.0
21,172,2.0
21,173,3.0
21,174,1.0
21,175,1.0
21,176,3.0
21,177,2.0
21,178,2.0
21,179,3.0
21,180,2.0
21,181,2.0
21,182,2.0
21,183,3.0
21,184,3.0
21,185,1.0
21,186,4.0
21,187,4.0
21,188,0.0
21,189,3.0
21,190,2.0
21,191,2.0
21,192,2.0
21,193,2.0
21,194,2.0
21,195,2.0
21,196,2.0
21,197,2.0
21,198,2.0
21,199,0.0
21,200,0.0
21,201,0.0
21,202,6.0
21,203,3.0
21,204,2.0
21,205,2.0
21,206,1.0
21,207,3.0
21,208,2.0
21,209,4.0
21,210,3.0
21,211,2.0
21,212,3.0
21,213,3.0
21,214,3.0
21,215,2.0
21,216,4.0
21,217,4.0
21,218,3.0
21,219,2.0
21,220,3.0
21,221,1.0
21,222,2.0
21,223,3.0
21,224,4.0
21,225,4.0
21,226,1.0
21,227,4.0
21,228,2.0
21,229,2.0
21,230,3.0
21,231,4.0
21,232,4.0
21,233,2.0
21,234,3.0
21,235,3.0
21,236,5.0
21,237,5.0
21,238,3.0
21,239,4.0
21,240,2.0
21,241,3.0
21,242,3.0
21,243,3.0
21,244,4.0
21,245,5.0
21,246,3.0
21,247,3.0
21,248,0.0
21,249,3.0
21,250,6.0
21,251,2.0
21,252,3.0
21,253,2.0
21,254,2.0
21,255,3.0
21,256,4.0
21,257,2.0
21,258,2.0
21,259,2.0
21,260,3.0
21,261,4.0
21,262,3.0
21,263,2.0
21,264,2.0
21,265,3.0
21,266,0.0
21,267,4.0
21,268,3.0
21,269,2.0
21,270,2.0
21,271,2.0
21,272,3.0
21,273,3.0
21,274,3.0
21,275,4.0
21,276,4.0
21,277,4.0
21,278,2.0
21,279,3.0
21,280,3.0
21,281,3.0
21,282,2.0
21,283,1.0
21,284,4.0
21,285,1.0
21,286,3.0
21,287,2.0
21,288,2.0
21,289,4.0
21,290,3.0
21,291,2.0
21,292,3.0
21,293,2.0
21,294,2.0
21,295,3.0
21,296,5.0
21,297,4.0
21,298,3.0
21,299,3.0
21,300,3.0
21,301,3.0
21,302,4.0
21,303,3.0
21,304,5.0
21,305,3.0
21,306,3.0
21,307,4.0
21,308,2.0
21,309,2.0
21,310,4.0
21,311,2.0
21,312,2.0
21,313,4.0
21,314,4.0
21,315,3.0
21,316,3.0
21,317,0.0
21,318,3.0
21,319,2.0
21,320,4.0
21,321,4.0
21,322,3.0
21,323,3.0
21,324,3.0
21,325,2.0
21,326,4.0
21,327,2.0
21,328,4.0
21,329,3.0
21,330,3.0
21,331,1.0
21,332,3.0
21,333,5.0
21,334,1.0
21,335,0.0
21,336,1.0
21,337,4.0
21,338,6.0
21,339,3.0
21,340,3.0
21,341,3.0
21,342,3.0
21,343,4.0
21,344,4.0
21,345,4.0
21,346,3.0
21,347,4.0
21,348,6.0
21,349,2.0
21,350,2.0
21,351,4.0
21,352,4.0
21,353,3.0
21,354,4.0
21,355,0.0
21,356,3.0
21,357,2.0
21,358,4.0
21,359,3.0
21,360,3.0
21,361,4.0
21,362,3.0
21,363,2.0
21,364,1.0
21,365,2.0
21,366,3.0
21,367,4.0
21,368,0.0
21,369,3.0
21,370,3.0
21,371,3.0
21,372,3.0
21,373,2.0
21,374,4.0
21,375,2.0
21,376,3.0
21,377,2.0
22,23,6.0
22,24,3.0
22,25,3.0
22,26,3.0
22,27,3.0
22,28,3.0
22,29,2.0
22,30,3.0
22,31,3.0
22,32,3.0
22,33,1.0
22,34,3.0
22,35,2.0
22,36,1.0
22,37,4.0
22,38,2.0
22,39,2.0
22,40,2.0
22,41,2.0
22,42,2.0
22,43,3.0
22,44,2.0
22,45,3.0
22,46,3.0
22,47,3.0
22,48,3.0
22,49,3.0
22,50,3.0
22,51,3.0
22,52,3.0
22,53,3.0
22,54,3.0
22,55,3.0
22,56,2.0
22,57,2.0
22,58,5.0
22,59,3.0
22,60,1.0
22,61,2.0
22,62,1.0
22,63,2.0
22,64,3.0
22,65,2.0
22,66,2.0
22,67,3.0
22,68,3.0
22,69,5.0
22,70,5.0
22,71,3.0
22,72,3.0
22,73,3.0
22,74,2.0
22,75,2.0
22,76,1.0
22,77,3.0
22,78,3.0
22,79,3.0
22,80,3.0
22,81,2.0
22,82,3.0
22,83,1.0
22,84,1.0
22,85,1.0
22,86,5.0
22,87,3.0
22,88,4.0
22,89,2.0
22,90,3.0
22,91,2.0
22,92,1.0
22,93,3.0
22,94,1.0
22,95,2.0
22,96,1.0
22,97,3.0
22,98,1.0
22,99,2.0
22,100,1.0
22,101,3.0
22,102,1.0
22,103,2.0
22,104,3.0
22,105,3.0
22,106,3.0
22,107,3.0
22,108,4.0
22,109,5.0
22,110,4.0
22,111,2.0
22,112,3.0
22,113,2.0
22,114,1.0
22,115,1.0
22,116,1.0
22,117,5.0
22,118,2.0
22,119,2.0
22,120,5.0
22,121,2.0
22,122,2.0
22,123,3.0
22,124,2.0
22,125,2.0
22,126,3.0
22,127,3.0
22,128,1.0
22,129,3.0
22,130,3.0
22,131,3.0
22,132,2.0
22,133,2.0
22,134,2.0
22,135,2.0
22,136,1.0
22,137,1.0
22,138,1.0
22,139,1.0
22,140,2.0
22,141,5.0
22,142,2.0
22,143,3.0
22,144,3.0
22,145,1.0
22,146,3.0
22,147,1.0
22,148,1.0
22,149,3.0
22,150,2.0
22,151,2.0
22,152,1.0
22,153,2.0
22,154,5.0
22,155,3.0
22,156,5.0
22,157,3.0
22,158,3.0
22,159,1.0
22,160,4.0
22,161,2.0
22,162,3.0
22,163,3.0
22,164,3.0
22,165,1.0
22,166,3.0
22,167,3.0
22,168,2.0
22,169,3.0
22,170,3.0
22,171,1.0
22,172,3.0
22,173,3.0
22,174,1.0
22,175,2.0
22,176,1.0
22,177,3.0
22,178,3.0
22,179,4.0
22,180,3.0
22,181,3.0
22,182,2.0
22,183,3.0
22,184,3.0
22,185,1.0
22,186,2.0
22,187,2.0
22,188,2.0
22,189,1.0
22,190,3.0
22,191,3.0
22,192,3.0
22,193,2.0
22,194,3.0
22,195,2.0
22,196,2.0
22,197,2.0
22,198,2.0
22,199,1.0
22,200,1.0
22,201,1.0
22,202,2.0
22,203,3.0
22,204,2.0
22,205,2.0
22,206,2.0
22,207,3.0
22,208,3.0
22,209,3.0
22,210,3.0
22,211,1.0
22,212,5.0
22,213,3.0
22,214,5.0
22,215,3.0
22,216,1.0
22,217,3.0
22,218,1.0
22,219,3.0
22,220,5.0
22,221,2.0
22,222,2.0
22,223,2.0
22,224,3.0
22,225,3.0
22,226,1.0
22,227,3.0
22,228,2.0
22,229,3.0
22,230,3.0
22,231,3.0
22,232,3.0
22,233,3.0
22,234,2.0
22,235,2.0
22,236,3.0
22,237,3.0
22,238,2.0
22,239,3.0
22,240,1.0
22,241,3.0
22,242,2.0
22,243,5.0
22,244,3.0
22,245,3.0
22,246,3.0
22,247,3.0
22,248,2.0
22,249,3.0
22,250,2.0
22,251,2.0
22,252,2.0
22,253,2.0
22,254,1.0
22,255,1.0
22,256,2.0
22,257,3.0
22,258,6.0
22,259,3.0
22,260,2.0
22,261,3.0
22,262,3.0
22,263,6.0
22,264,1.0
22,265,1.0
22,266,3.0
22,267,3.0
22,268,5.0
22,269,1.0
22,270,3.0
22,271,3.0
22,272,3.0
22,273,3.0
22,274,2.0
22,275,3.0
22,276,3.0
22,277,3.0
22,278,6.0
22,279,1.0
22,280,3.0
22,281,1.0
22,282,3.0
22,283,1.0
22,284,3.0
22,285,2.0
22,286,5.0
22,287,2.0
22,288,2.0
22,289,3.0
22,290,2.0
22,291,2.0
22,292,2.0
22,293,3.0
22,294,3.0
22,295,3.0
22,296,2.0
22,297,3.0
22,298,3.0
22,299,3.0
22,300,3.0
22,301,3.0
22,302,3.0
22,303,2.0
22,304,2.0
22,305,1.0
22,306,1.0
22,307,3.0
22,308,4.0
22,309,6.0
22,310,3.0
22,311,1.0
22,312,3.0
22,313,3.0
22,314,3.0
22,315,2.0
22,316,3.0
22,317,1.0
22,318,3.0
22,319,2.0
22,320,3.0
22,321,3.0
22,322,5.0
22,323,5.0
22,324,3.0
22,325,2.0
22,326,3.0
22,327,3.0
22,328,3.0
22,329,5.0
22,330,3.0
22,331,1.0
22,332,2.0
22,333,2.0
22,334,1.0
22,335,1.0
22,336,2.0
22,337,3.0
22,338,2.0
22,339,3.0
22,340,1.0
22,341,1.0
22,342,2.0
22,343,3.0
22,344,3.0
22,345,2.0
22,346,3.0
22,347,3.0
22,348,2.0
22,349,6.0
22,350,2.0
22,351,3.0
22,352,3.0
22,353,4.0
22,354,3.0
22,355,2.0
22,356,5.0
22,357,4.0
22,358,3.0
22,359,2.0
22,360,5.0
22,361,3.0
22,362,3.0
22,363,3.0
22,364,1.0
22,365,2.0
22,366,3.0
22,367,3.0
22,368,2.0
22,369,1.0
22,370,3.0
22,371,3.0
22,372,2.0
22,373,3.0
22,374,3.0
22,375,3.0
22,376,3.0
22,377,3.0
23,24,3.0
23,25,3.0
23,26,3.0
23,27,3.0
23,28,3.0
23,29,2.0
23,30,3.0
23,31,3.0
23,32,3.0
23,33,1.0
23,34,3.0
23,35,2.0
23,36,1.0
23,37,4.0
23,38,2.0
23,39,2.0
23,40,2.0
23,41,2.0
23,42,2.0
23,43,3.0
23,44,2.0
23,45,3.0
23,46,3.0
23,47,3.0
23,48,3.0
23,49,3.0
23,50,3.0
23,51,3.0
23,52,3.0
23,53,3.0
23,54,3.0
23,55,3.0
23,56,2.0
23,57,2.0
23,58,5.0
23,59,3.0
23,60,1.0
23,61,2.0
23,62,1.0
23,63,2.0
23,64,3.0
23,65,2.0
23,66,2.0
23,67,3.0
23,68,3.0
23,69,5.0
23,70,5.0
23,71,3.0
23,72,3.0
23,73,3.0
23,74,2.0
23,75,2.0
23,76,1.0
23,77,3.0
23,78,3.0
23,79,3.0
23,80,3.0
23,81,2.0
23,82,3.0
23,83,1.0
23,84,1.0
23,85,1.0
23,86,5.0
23,87,3.0
23,88,4.0
23,89,2.0
23,90,3.0
23,91,2.0
23,92,1.0
23,93,3.0
23,94,1.0
23,95,2.0
23,96,1.0
23,97,3.0
23,98,1.0
23,99,2.0
23,100,1.0
23,101,3.0
23,102,1.0
23,103,2.0
23,104,3.0
23,105,3.0
23,106,3.0
23,107,3.0
23,108,4.0
23,109,5.0
23,110,4.0
23,111,2.0
23,112,3.0
23,113,2.0
23,114,1.0
23,115,1.0
23,116,1.0
23,117,5.0
23,118,2.0
23,119,2.0
23,120,5.0
23,121,2.0
23,122,2.0
23,123,3.0
23,124,2.0
23,125,2.0
23,126,3.0
23,127,3.0
23,128,1.0
23,129,3.0
23,130,3.0
23,131,3.0
23,132,2.0
23,133,2.0
23,134,2.0
23,135,2.0
23,136,1.0
23,137,1.0
23,138,1.0
23,139,1.0
23,140,2.0
23,141,5.0
23,142,2.0
23,143,3.0
23,144,3.0
23,145,1.0
23,146,3.0
23,147,1.0
23,148,1.0
23,149,3.0
23,150,2.0
23,151,2.0
23,152,1.0
23,153,2.0
23,154,5.0
23,155,3.0
23,156,5.0
23,157,3.0
23,158,3.0
23,159,1.0
23,160,4.0
23,161,2.0
23,162,3.0
23,163,3.0
23,164,3.0
23,165,1.0
23,166,3.0
23,167,3.0
23,168,2.0
23,169,3.0
23,170,3.0
23,171,1.0
23,172,3.0
23,173,3.0
23,174,1.0
23,175,2.0
23,176,1.0
23,177,3.0
23,178,3.0
23,179,4.0
23,180,3.0
23,181,3.0
23,182,2.0
23,183,3.0
23,184,3.0
23,185,1.0
23,186,2.0
23,187,2.0
23,188,2.0
23,189,1.0
23,190,3.0
23,191,3.0
23,192,3.0
23,193,2.0
23,194,3.0
23,195,2.0
23,196,2.0
23,197,2.0
23,198,2.0
23,199,1.0
23,200,1.0
23,201,1.0
23,202,2.0
23,203,3.0
23,204,2.0
23,205,2.0
23,206,2.0
23,207,3.0
23,208,3.0
23,209,3.0
23,210,3.0
23,211,1.0
23,212,5.0
23,213,3.0
23,214,5.0
23,215,3.0
23,216,1.0
23,217,3.0
23,218,1.0
23,219,3.0
23,220,5.0
23,221,2.0
23,222,2.0
23,223,2.0
23,224,3.0
23,225,3.0
23,226,1.0
23,227,3.0
23,228,2.0
23,229,3.0
23,230,3.0
23,231,3.0
23,232,3.0
23,233,3.0
23,234,2.0
23,235,2.0
23,236,3.0
23,237,3.0
23,238,2.0
23,239,3.0
23,240,1.0
23,241,3.0
23,242,2.0
23,243,5.0
23,244,3.0
23,245,3.0
23,246,3.0
23,247,3.0
23,248,2.0
23,249,3.0
23,250,2.0
23,251,2.0
23,252,2.0
23,253,2.0
23,254,1.0
23,255,1.0
23,256,2.0
23,257,3.0
23,258,6.0
23,259,3.0
23,260,2.0
23,261,3.0
23,262,3.0
23,263,6.0
23,264,1.0
23,265,1.0
23,266,3.0
23,267,3.0
23,268,5.0
23,269,1.0
23,270,3.0
23,271,3.0
23,272,3.0
23,273,3.0
23,274,2.0
23,275,3.0
23,276,3.0
23,277,3.0
23,278,6.0
23,279,1.0
23,280,3.0
23,281,1.0
23,282,3.0
23,283,1.0
23,284,3.0
23,285,2.0
23,286,5.0
23,287,2.0
23,288,2.0
23,289,3.0
23,290,2.0
23,291,2.0
23,292,2.0
23,293,3.0
23,294,3.0
23,295,3.0
23,296,2.0
23,297,3.0
23,298,3.0
23,299,3.0
23,300,3.0
23,301,3.0
23,302,3.0
23,303,2.0
23,304,2.0
23,305,1.0
23,306,1.0
23,307,3.0
23,308,4.0
23,309,6.0
23,310,3.0
23,311,1.0
23,312,3.0
23,313,3.0
23,314,3.0
23,315,2.0
23,316,3.0
23,317,1.0
23,318,3.0
23,319,2.0
23,320,3.0
23,321,3.0
23,322,5.0
23,323,5.0
23,324,3.0
23,325,2.0
23,326,3.0
23,327,3.0
23,328,3.0
23,329,5.0
23,330,3.0
23,331,1.0
23,332,2.0
23,333,2.0
23,334,1.0
23,335,1.0
23,336,2.0
23,337,3.0
23,338,2.0
23,339,3.0
23,340,1.0
23,341,1.0
23,342,2.0
23,343,3.0
23,344,3.0
23,345,2.0
23,346,3.0
23,347,3.0
23,348,2.0
23,349,6.0
23,350,2.0
23,351,3.0
23,352,3.0
23,353,4.0
23,354,3.0
23,355,2.0
23,356,5.0
23,357,4.0
23,358,3.0
23,359,2.0
23,360,5.0
23,361,3.0
23,362,3.0
23,363,3.0
23,364,1.0
23,365,2.0
23,366,3.0
23,367,3.0
23,368,2.0
23,369,1.0
23,370,3.0
23,371,3.0
23,372,2.0
23,373,3.0
23,374,3.0
23,375,3.0
23,376,3.0
23,377,3.0
24,25,2.0
24,26,1.0
24,27,1.0
24,28,1.0
24,29,2.0
24,30,3.0
24,31,2.0
24,32,1.0
24,33,2.0
24,34,1.0
24,35,3.0
24,36,2.0
24,37,2.0
24,38,2.0
24,39,2.0
24,40,3.0
24,41,2.0
24,42,3.0
24,43,1.0
24,44,1.0
24,45,2.0
24,46,2.0
24,47,1.0
24,48,2.0
24,49,3.0
24,50,2.0
24,51,2.0
24,52,1.0
24,53,2.0
24,54,2.0
24,55,2.0
24,56,3.0
24,57,2.0
24,58,4.0
24,59,2.0
24,60,1.0
24,61,1.0
24,62,0.0
24,63,1.0
24,64,1.0
24,65,0.0
24,66,0.0
24,67,1.0
24,68,2.0
24,69,2.0
24,70,2.0
24,71,2.0
24,72,2.0
24,73,2.0
24,74,3.0
24,75,1.0
24,76,0.0
24,77,2.0
24,78,1.0
24,79,1.0
24,80,2.0
24,81,2.0
24,82,2.0
24,83,0.0
24,84,0.0
24,85,0.0
24,86,4.0
24,87,2.0
24,88,3.0
24,89,1.0
24,90,3.0
24,91,2.0
24,92,1.0
24,93,2.0
24,94,2.0
24,95,1.0
24,96,0.0
24,97,2.0
24,98,0.0
24,99,2.0
24,100,1.0
24,101,2.0
24,102,1.0
24,103,2.0
24,104,2.0
24,105,1.0
24,106,1.0
24,107,2.0
24,108,3.0
24,109,4.0
24,110,4.0
24,111,3.0
24,112,2.0
24,113,3.0
24,114,0.0
24,115,0.0
24,116,0.0
24,117,4.0
24,118,3.0
24,119,2.0
24,120,4.0
24,121,3.0
24,122,2.0
24,123,2.0
24,124,1.0
24,125,1.0
24,126,2.0
24,127,2.0
24,128,0.0
24,129,2.0
24,130,2.0
24,131,2.0
24,132,3.0
24,133,3.0
24,134,3.0
24,135,3.0
24,136,0.0
24,137,0.0
24,138,0.0
24,139,0.0
24,140,2.0
24,141,2.0
24,142,3.0
24,143,1.0
24,144,1.0
24,145,2.0
24,146,1.0
24,147,0.0
24,148,0.0
24,149,1.0
24,150,1.0
24,151,1.0
24,152,2.0
24,153,2.0
24,154,4.0
24,155,2.0
24,156,2.0
24,157,2.0
24,158,2.0
24,159,1.0
24,160,2.0
24,161,1.0
24,162,1.0
24,163,2.0
24,164,2.0
24,165,1.0
24,166,1.0
24,167,2.0
24,168,1.0
24,169,2.0
24,170,2.0
24,171,1.0
24,172,2.0
24,173,2.0
24,174,0.0
24,175,1.0
24,176,2.0
24,177,2.0
24,178,2.0
24,179,3.0
24,180,2.0
24,181,2.0
24,182,2.0
24,183,2.0
24,184,2.0
24,185,0.0
24,186,2.0
24,187,2.0
24,188,1.0
24,189,1.0
24,190,3.0
24,191,3.0
24,192,3.0
24,193,1.0
24,194,2.0
24,195,1.0
24,196,1.0
24,197,1.0
24,198,1.0
24,199,1.0
24,200,1.0
24,201,1.0
24,202,2.0
24,203,3.0
24,204,1.0
24,205,1.0
24,206,1.0
24,207,2.0
24,208,2.0
24,209,2.0
24,210,3.0
24,211,1.0
24,212,4.0
24,213,1.0
24,214,4.0
24,215,2.0
24,216,1.0
24,217,2.0
24,218,2.0
24,219,1.0
24,220,4.0
24,221,3.0
24,222,3.0
24,223,2.0
24,224,2.0
24,225,2.0
24,226,0.0
24,227,2.0
24,228,1.0
24,229,2.0
24,230,2.0
24,231,2.0
24,232,3.0
24,233,2.0
24,234,3.0
24,235,2.0
24,236,3.0
24,237,3.0
24,238,3.0
24,239,2.0
24,240,1.0
24,241,1.0
24,242,1.0
24,243,4.0
24,244,2.0
24,245,3.0
24,246,2.0
24,247,2.0
24,248,1.0
24,249,2.0
24,250,2.0
24,251,1.0
24,252,2.0
24,253,0.0
24,254,1.0
24,255,1.0
24,256,2.0
24,257,2.0
24,258,3.0
24,259,2.0
24,260,1.0
24,261,2.0
24,262,2.0
24,263,3.0
24,264,1.0
24,265,2.0
24,266,2.0
24,267,2.0
24,268,4.0
24,269,3.0
24,270,2.0
24,271,2.0
24,272,2.0
24,273,3.0
24,274,2.0
24,275,2.0
24,276,2.0
24,277,2.0
24,278,3.0
24,279,2.0
24,280,3.0
24,281,2.0
24,282,2.0
24,283,0.0
24,284,2.0
24,285,2.0
24,286,4.0
24,287,3.0
24,288,2.0
24,289,2.0
24,290,2.0
24,291,3.0
24,292,1.0
24,293,2.0
24,294,2.0
24,295,1.0
24,296,2.0
24,297,2.0
24,298,2.0
24,299,2.0
24,300,3.0
24,301,3.0
24,302,2.0
24,303,1.0
24,304,2.0
24,305,2.0
24,306,2.0
24,307,2.0
24,308,2.0
24,309,3.0
24,310,2.0
24,311,1.0
24,312,2.0
24,313,2.0
24,314,2.0
24,315,2.0
24,316,2.0
24,317,1.0
24,318,2.0
24,319,3.0
24,320,2.0
24,321,2.0
24,322,4.0
24,323,4.0
24,324,2.0
24,325,1.0
24,326,2.0
24,327,2.0
24,328,2.0
24,329,4.0
24,330,1.0
24,331,0.0
24,332,2.0
24,333,2.0
24,334,0.0
24,335,1.0
24,336,1.0
24,337,2.0
24,338,2.0
24,339,2.0
24,340,2.0
24,341,2.0
24,342,1.0
24,343,2.0
24,344,2.0
24,345,2.0
24,346,2.0
24,347,2.0
24,348,2.0
24,349,3.0
24,350,1.0
24,351,2.0
24,352,2.0
24,353,3.0
24,354,2.0
24,355,1.0
24,356,4.0
24,357,2.0
24,358,2.0
24,359,2.0
24,360,4.0
24,361,2.0
24,362,1.0
24,363,4.0
24,364,0.0
24,365,3.0
24,366,2.0
24,367,2.0
24,368,1.0
24,369,1.0
24,370,2.0
24,371,1.0
24,372,1.0
24,373,2.0
24,374,2.0
24,375,2.0
24,376,2.0
24,377,2.0
25,26,2.0
25,27,2.0
25,28,2.0
25,29,2.0
25,30,4.0
25,31,3.0
25,32,2.0
25,33,2.0
25,34,2.0
25,35,2.0
25,36,2.0
25,37,3.0
25,38,2.0
25,39,2.0
25,40,3.0
25,41,2.0
25,42,3.0
25,43,2.0
25,44,1.0
25,45,2.0
25,46,2.0
25,47,2.0
25,48,3.0
25,49,2.0
25,50,2.0
25,51,2.0
25,52,2.0
25,53,1.0
25,54,2.0
25,55,2.0
25,56,1.0
25,57,2.0
25,58,4.0
25,59,2.0
25,60,2.0
25,61,1.0
25,62,1.0
25,63,2.0
25,64,2.0
25,65,2.0
25,66,2.0
25,67,3.0
25,68,2.0
25,69,2.0
25,70,2.0
25,71,2.0
25,72,2.0
25,73,2.0
25,74,3.0
25,75,1.0
25,76,1.0
25,77,2.0
25,78,2.0
25,79,2.0
25,80,2.0
25,81,2.0
25,82,2.0
25,83,1.0
25,84,1.0
25,85,1.0
25,86,4.0
25,87,2.0
25,88,4.0
25,89,4.0
25,90,3.0
25,91,2.0
25,92,2.0
25,93,2.0
25,94,2.0
25,95,2.0
25,96,1.0
25,97,3.0
25,98,1.0
25,99,3.0
25,100,0.0
25,101,2.0
25,102,0.0
25,103,2.0
25,104,5.0
25,105,2.0
25,106,2.0
25,107,2.0
25,108,3.0
25,109,4.0
25,110,3.0
25,111,3.0
25,112,1.0
25,113,3.0
25,114,1.0
25,115,1.0
25,116,1.0
25,117,4.0
25,118,2.0
25,119,2.0
25,120,4.0
25,121,2.0
25,122,2.0
25,123,2.0
25,124,1.0
25,125,1.0
25,126,2.0
25,127,2.0
25,128,1.0
25,129,2.0
25,130,2.0
25,131,2.0
25,132,3.0
25,133,3.0
25,134,3.0
25,135,3.0
25,136,2.0
25,137,2.0
25,138,2.0
25,139,1.0
25,140,2.0
25,141,2.0
25,142,3.0
25,143,2.0
25,144,2.0
25,145,3.0
25,146,2.0
25,147,1.0
25,148,1.0
25,149,2.0
25,150,2.0
25,151,2.0
25,152,2.0
25,153,3.0
25,154,4.0
25,155,3.0
25,156,2.0
25,157,6.0
25,158,6.0
25,159,2.0
25,160,2.0
25,161,1.0
25,162,2.0
25,163,6.0
25,164,1.0
25,165,1.0
25,166,2.0
25,167,6.0
25,168,2.0
25,169,2.0
25,170,6.0
25,171,2.0
25,172,6.0
25,173,3.0
25,174,1.0
25,175,1.0
25,176,2.0
25,177,2.0
25,178,2.0
25,179,3.0
25,180,2.0
25,181,2.0
25,182,3.0
25,183,2.0
25,184,2.0
25,185,1.0
25,186,2.0
25,187,2.0
25,188,1.0
25,189,2.0
25,190,3.0
25,191,3.0
25,192,3.0
25,193,2.0
25,194,6.0
25,195,3.0
25,196,2.0
25,197,2.0
25,198,2.0
25,199,0.0
25,200,0.0
25,201,0.0
25,202,2.0
25,203,2.0
25,204,3.0
25,205,3.0
25,206,2.0
25,207,2.0
25,208,6.0
25,209,2.0
25,210,3.0
25,211,2.0
25,212,4.0
25,213,2.0
25,214,4.0
25,215,1.0
25,216,2.0
25,217,3.0
25,218,2.0
25,219,2.0
25,220,4.0
25,221,1.0
25,222,2.0
25,223,4.0
25,224,2.0
25,225,2.0
25,226,1.0
25,227,2.0
25,228,2.0
25,229,2.0
25,230,2.0
25,231,2.0
25,232,2.0
25,233,2.0
25,234,2.0
25,235,2.0
25,236,2.0
25,237,3.0
25,238,2.0
25,239,2.0
25,240,2.0
25,241,2.0
25,242,2.0
25,243,4.0
25,244,2.0
25,245,2.0
25,246,2.0
25,247,2.0
25,248,1.0
25,249,3.0
25,250,2.0
25,251,2.0
25,252,3.0
25,253,2.0
25,254,2.0
25,255,2.0
25,256,2.0
25,257,1.0
25,258,3.0
25,259,2.0
25,260,2.0
25,261,2.0
25,262,3.0
25,263,3.0
25,264,2.0
25,265,2.0
25,266,1.0
25,267,2.0
25,268,4.0
25,269,2.0
25,270,6.0
25,271,2.0
25,272,2.0
25,273,2.0
25,274,2.0
25,275,2.0
25,276,2.0
25,277,2.0
25,278,3.0
25,279,2.0
25,280,3.0
25,281,2.0
25,282,3.0
25,283,1.0
25,284,2.0
25,285,1.0
25,286,4.0
25,287,1.0
25,288,2.0
25,289,2.0
25,290,2.0
25,291,3.0
25,292,2.0
25,293,2.0
25,294,6.0
25,295,2.0
25,296,2.0
25,297,2.0
25,298,2.0
25,299,2.0
25,300,3.0
25,301,2.0
25,302,2.0
25,303,2.0
25,304,2.0
25,305,2.0
25,306,2.0
25,307,2.0
25,308,3.0
25,309,3.0
25,310,2.0
25,311,2.0
25,312,2.0
25,313,2.0
25,314,2.0
25,315,2.0
25,316,3.0
25,317,1.0
25,318,2.0
25,319,3.0
25,320,2.0
25,321,2.0
25,322,4.0
25,323,4.0
25,324,2.0
25,325,1.0
25,326,2.0
25,327,2.0
25,328,2.0
25,329,4.0
25,330,2.0
25,331,1.0
25,332,2.0
25,333,2.0
25,334,1.0
25,335,0.0
25,336,1.0
25,337,2.0
25,338,2.0
25,339,2.0
25,340,2.0
25,341,2.0
25,342,2.0
25,343,2.0
25,344,2.0
25,345,2.0
25,346,3.0
25,347,2.0
25,348,2.0
25,349,3.0
25,350,3.0
25,351,2.0
25,352,2.0
25,353,3.0
25,354,2.0
25,355,1.0
25,356,4.0
25,357,3.0
25,358,2.0
25,359,2.0
25,360,4.0
25,361,2.0
25,362,2.0
25,363,2.0
25,364,1.0
25,365,1.0
25,366,2.0
25,367,2.0
25,368,2.0
25,369,2.0
25,370,2.0
25,371,2.0
25,372,2.0
25,373,6.0
25,374,2.0
25,375,2.0
25,376,3.0
25,377,3.0
26,27,5.0
26,28,5.0
26,29,2.0
26,30,2.0
26,31,2.0
26,32,5.0
26,33,1.0
26,34,5.0
26,35,2.0
26,36,2.0
26,37,3.0
26,38,2.0
26,39,3.0
26,40,1.0
26,41,2.0
26,42,1.0
26,43,4.0
26,44,3.0
26,45,1.0
26,46,1.0
26,47,5.0
26,48,2.0
26,49,3.0
26,50,1.0
26,51,1.0
26,52,5.0
26,53,3.0
26,54,4.0
26,55,4.0
26,56,1.0
26,57,2.0
26,58,3.0
26,59,4.0
26,60,3.0
26,61,1.0
26,62,2.0
26,63,3.0
26,64,4.0
26,65,4.0
26,66,4.0
26,67,3.0
26,68,4.0
26,69,3.0
26,70,3.0
26,71,4.0
26,72,4.0
26,73,4.0
26,74,1.0
26,75,1.0
26,76,2.0
26,77,4.0
26,78,5.0
26,79,5.0
26,80,4.0
26,81,2.0
26,82,4.0
26,83,2.0
26,84,2.0
26,85,2.0
26,86,3.0
26,87,4.0
26,88,2.0
26,89,1.0
26,90,2.0
26,91,2.0
26,92,1.0
26,93,4.0
26,94,1.0
26,95,1.0
26,96,2.0
26,97,2.0
26,98,2.0
26,99,1.0
26,100,1.0
26,101,4.0
26,102,1.0
26,103,3.0
26,104,2.0
26,105,5.0
26,106,5.0
26,107,4.0
26,108,3.0
26,109,3.0
26,110,2.0
26,111,1.0
26,112,3.0
26,113,1.0
26,114,2.0
26,115,2.0
26,116,2.0
26,117,3.0
26,118,2.0
26,119,2.0
26,120,3.0
26,121,2.0
26,122,2.0
26,123,4.0
26,124,2.0
26,125,2.0
26,126,4.0
26,127,4.0
26,128,2.0
26,129,4.0
26,130,4.0
26,131,4.0
26,132,1.0
26,133,1.0
26,134,1.0
26,135,1.0
26,136,2.0
26,137,2.0
26,138,2.0
26,139,2.0
26,140,3.0
26,141,3.0
26,142,1.0
26,143,5.0
26,144,5.0
26,145,2.0
26,146,2.0
26,147,2.0
26,148,2.0
26,149,2.0
26,150,3.0
26,151,3.0
26,152,2.0
26,153,2.0
26,154,3.0
26,155,2.0
26,156,3.0
26,157,2.0
26,158,2.0
26,159,2.0
26,160,3.0
26,161,2.0
26,162,4.0
26,163,2.0
26,164,2.0
26,165,1.0
26,166,3.0
26,167,2.0
26,168,2.0
26,169,4.0
26,170,2.0
26,171,2.0
26,172,2.0
26,173,2.0
26,174,2.0
26,175,2.0
26,176,2.0
26,177,4.0
26,178,4.0
26,179,3.0
26,180,4.0
26,181,4.0
26,182,2.0
26,183,3.0
26,184,3.0
26,185,2.0
26,186,2.0
26,187,2.0
26,188,1.0
26,189,3.0
26,190,1.0
26,191,1.0
26,192,1.0
26,193,2.0
26,194,2.0
26,195,1.0
26,196,2.0
26,197,2.0
26,198,2.0
26,199,1.0
26,200,1.0
26,201,1.0
26,202,3.0
26,203,2.0
26,204,1.0
26,205,1.0
26,206,1.0
26,207,3.0
26,208,2.0
26,209,4.0
26,210,2.0
26,211,2.0
26,212,3.0
26,213,5.0
26,214,3.0
26,215,2.0
26,216,3.0
26,217,3.0
26,218,2.0
26,219,3.0
26,220,3.0
26,221,1.0
26,222,2.0
26,223,2.0
26,224,4.0
26,225,4.0
26,226,2.0
26,227,4.0
26,228,2.0
26,229,4.0
26,230,3.0
26,231,4.0
26,232,2.0
26,233,4.0
26,234,1.0
26,235,3.0
26,236,3.0
26,237,2.0
26,238,1.0
26,239,4.0
26,240,2.0
26,241,5.0
26,242,3.0
26,243,3.0
26,244,4.0
26,245,3.0
26,246,3.0
26,247,4.0
26,248,1.0
26,249,2.0
26,250,3.0
26,251,2.0
26,252,1.0
26,253,3.0
26,254,2.0
26,255,3.0
26,256,2.0
26,257,2.0
26,258,3.0
26,259,4.0
26,260,3.0
26,261,4.0
26,262,2.0
26,263,3.0
26,264,2.0
26,265,2.0
26,266,0.0
26,267,4.0
26,268,3.0
26,269,1.0
26,270,2.0
26,271,4.0
26,272,4.0
26,273,3.0
26,274,2.0
26,275,4.0
26,276,4.0
26,277,4.0
26,278,3.0
26,279,1.0
26,280,2.0
26,281,2.0
26,282,2.0
26,283,2.0
26,284,4.0
26,285,2.0
26,286,3.0
26,287,2.0
26,288,2.0
26,289,4.0
26,290,3.0
26,291,1.0
26,292,3.0
26,293,4.0
26,294,2.0
26,295,5.0
26,296,3.0
26,297,4.0
26,298,3.0
26,299,3.0
26,300,1.0
26,301,2.0
26,302,4.0
26,303,3.0
26,304,3.0
26,305,2.0
26,306,2.0
26,307,4.0
26,308,3.0
26,309,3.0
26,310,4.0
26,311,2.0
26,312,4.0
26,313,4.0
26,314,4.0
26,315,2.0
26,316,2.0
26,317,1.0
26,318,3.0
26,319,1.0
26,320,4.0
26,321,4.0
26,322,3.0
26,323,3.0
26,324,4.0
26,325,3.0
26,326,4.0
26,327,4.0
26,328,4.0
26,329,3.0
26,330,5.0
26,331,2.0
26,332,3.0
26,333,3.0
26,334,2.0
26,335,1.0
26,336,2.0
26,337,4.0
26,338,3.0
26,339,4.0
26,340,1.0
26,341,2.0
26,342,3.0
26,343,4.0
26,344,4.0
26,345,3.0
26,346,2.0
26,347,4.0
26,348,3.0
26,349,3.0
26,350,2.0
26,351,4.0
26,352,4.0
26,353,3.0
26,354,4.0
26,355,1.0
26,356,3.0
26,357,3.0
26,358,4.0
26,359,2.0
26,360,3.0
26,361,4.0
26,362,5.0
26,363,2.0
26,364,2.0
26,365,2.0
26,366,4.0
26,367,4.0
26,368,1.0
26,369,3.0
26,370,3.0
26,371,5.0
26,372,3.0
26,373,2.0
26,374,4.0
26,375,4.0
26,376,2.0
26,377,2.0
27,28,5.0
27,29,2.0
27,30,2.0
27,31,2.0
27,32,5.0
27,33,1.0
27,34,5.0
27,35,2.0
27,36,2.0
27,37,3.0
27,38,2.0
27,39,3.0
27,40,1.0
27,41,2.0
27,42,1.0
27,43,4.0
27,44,3.0
27,45,1.0
27,46,1.0
27,47,5.0
27,48,2.0
27,49,3.0
27,50,1.0
27,51,1.0
27,52,5.0
27,53,3.0
27,54,4.0
27,55,4.0
27,56,1.0
27,57,2.0
27,58,3.0
27,59,4.0
27,60,3.0
27,61,1.0
27,62,2.0
27,63,3.0
27,64,4.0
27,65,4.0
27,66,4.0
27,67,3.0
27,68,4.0
27,69,3.0
27,70,3.0
27,71,4.0
27,72,4.0
27,73,4.0
27,74,1.0
27,75,1.0
27,76,2.0
27,77,4.0
27,78,5.0
27,79,5.0
27,80,4.0
27,81,2.0
27,82,4.0
27,83,2.0
27,84,2.0
27,85,2.0
27,86,3.0
27,87,4.0
27,88,2.0
27,89,1.0
27,90,2.0
27,91,2.0
27,92,1.0
27,93,4.0
27,94,1.0
27,95,1.0
27,96,2.0
27,97,2.0
27,98,2.0
27,99,1.0
27,100,1.0
27,101,4.0
27,102,1.0
27,103,3.0
27,104,2.0
27,105,5.0
27,106,5.0
27,107,4.0
27,108,3.0
27,109,3.0
27,110,2.0
27,111,1.0
27,112,3.0
27,113,1.0
27,114,2.0
27,115,2.0
27,116,2.0
27,117,3.0
27,118,2.0
27,119,2.0
27,120,3.0
27,121,2.0
27,122,2.0
27,123,4.0
27,124,2.0
27,125,2.0
27,126,4.0
27,127,4.0
27,128,2.0
27,129,4.0
27,130,4.0
27,131,4.0
27,132,1.0
27,133,1.0
27,134,1.0
27,135,1.0
27,136,2.0
27,137,2.0
27,138,2.0
27,139,2.0
27,140,3.0
27,141,3.0
27,142,1.0
27,143,5.0
27,144,5.0
27,145,2.0
27,146,2.0
27,147,2.0
27,148,2.0
27,149,2.0
27,150,3.0
27,151,3.0
27,152,2.0
27,153,2.0
27,154,3.0
27,155,2.0
27,156,3.0
27,157,2.0
27,158,2.0
27,159,2.0
27,160,3.0
27,161,2.0
27,162,4.0
27,163,2.0
27,164,2.0
27,165,1.0
27,166,3.0
27,167,2.0
27,168,2.0
27,169,4.0
27,170,2.0
27,171,2.0
27,172,2.0
27,173,2.0
27,174,2.0
27,175,2.0
27,176,2.0
27,177,4.0
27,178,4.0
27,179,3.0
27,180,4.0
27,181,4.0
27,182,2.0
27,183,3.0
27,184,3.0
27,185,2.0
27,186,2.0
27,187,2.0
27,188,1.0
27,189,3.0
27,190,1.0
27,191,1.0
27,192,1.0
27,193,2.0
27,194,2.0
27,195,1.0
27,196,2.0
27,197,2.0
27,198,2.0
27,199,1.0
27,200,1.0
27,201,1.0
27,202,3.0
27,203,2.0
27,204,1.0
27,205,1.0
27,206,1.0
27,207,3.0
27,208,2.0
27,209,4.0
27,210,2.0
27,211,2.0
27,212,3.0
27,213,5.0
27,214,3.0
27,215,2.0
27,216,3.0
27,217,3.0
27,218,2.0
27,219,3.0
27,220,3.0
27,221,1.0
27,222,2.0
27,223,2.0
27,224,4.0
27,225,4.0
27,226,2.0
27,227,4.0
27,228,2.0
27,229,4.0
27,230,3.0
27,231,4.0
27,232,2.0
27,233,4.0
27,234,1.0
27,235,3.0
27,236,3.0
27,237,2.0
27,238,1.0
27,239,4.0
27,240,2.0
27,241,5.0
27,242,3.0
27,243,3.0
27,244,4.0
27,245,3.0
27,246,3.0
27,247,4.0
27,248,1.0
27,249,2.0
27,250,3.0
27,251,2.0
27,252,1.0
27,253,3.0
27,254,2.0
27,255,3.0
27,256,2.0
27,257,2.0
27,258,3.0
27,259,4.0
27,260,3.0
27,261,4.0
27,262,2.0
27,263,3.0
27,264,2.0
27,265,2.0
27,266,0.0
27,267,4.0
27,268,3.0
27,269,1.0
27,270,2.0
27,271,4.0
27,272,4.0
27,273,3.0
27,274,2.0
27,275,4.0
27,276,4.0
27,277,4.0
27,278,3.0
27,279,1.0
27,280,2.0
27,281,2.0
27,282,2.0
27,283,2.0
27,284,4.0
27,285,2.0
27,286,3.0
27,287,2.0
27,288,2.0
27,289,4.0
27,290,3.0
27,291,1.0
27,292,3.0
27,293,4.0
27,294,2.0
27,295,5.0
27,296,3.0
27,297,4.0
27,298,3.0
27,299,3.0
27,300,1.0
27,301,2.0
27,302,4.0
27,303,3.0
27,304,3.0
27,305,2.0
27,306,2.0
27,307,4.0
27,308,3.0
27,309,3.0
27,310,4.0
27,311,2.0
27,312,4.0
27,313,4.0
27,314,4.0
27,315,2.0
27,316,2.0
27,317,1.0
27,318,3.0
27,319,1.0
27,320,4.0
27,321,4.0
27,322,3.0
27,323,3.0
27,324,4.0
27,325,3.0
27,326,4.0
27,327,4.0
27,328,4.0
27,329,3.0
27,330,5.0
27,331,2.0
27,332,3.0
27,333,3.0
27,334,2.0
27,335,1.0
27,336,2.0
27,337,4.0
27,338,3.0
27,339,4.0
27,340,1.0
27,341,2.0
27,342,3.0
27,343,4.0
27,344,4.0
27,345,3.0
27,346,2.0
27,347,4.0
27,348,3.0
27,349,3.0
27,350,2.0
27,351,4.0
27,352,4.0
27,353,3.0
27,354,4.0
27,355,1.0
27,356,3.0
27,357,3.0
27,358,4.0
27,359,2.0
27,360,3.0
27,361,4.0
27,362,5.0
27,363,2.0
27,364,2.0
27,365,2.0
27,366,4.0
27,367,4.0
27,368,1.0
27,369,3.0
27,370,3.0
27,371,5.0
27,372,3.0
27,373,2.0
27,374,4.0
27,375,4.0
27,376,2.0
27,377,2.0
28,29,2.0
28,30,2.0
28,31,2.0
28,32,5.0
28,33,1.0
28,34,5.0
28,35,2.0
28,36,2.0
28,37,3.0
28,38,2.0
28,39,3.0
28,40,1.0
28,41,2.0
28,42,1.0
28,43,4.0
28,44,3.0
28,45,1.0
28,46,1.0
28,47,5.0
28,48,2.0
28,49,3.0
28,50,1.0
28,51,1.0
28,52,5.0
28,53,3.0
28,54,4.0
28,55,4.0
28,56,1.0
28,57,2.0
28,58,3.0
28,59,4.0
28,60,3.0
28,61,1.0
28,62,2.0
28,63,3.0
28,64,4.0
28,65,4.0
28,66,4.0
28,67,3.0
28,68,4.0
28,69,3.0
28,70,3.0
28,71,4.0
28,72,4.0
28,73,4.0
28,74,1.0
28,75,1.0
28,76,2.0
28,77,4.0
28,78,5.0
28,79,5.0
28,80,4.0
28,81,2.0
28,82,4.0
28,83,2.0
28,84,2.0
28,85,2.0
28,86,3.0
28,87,4.0
28,88,2.0
28,89,1.0
28,90,2.0
28,91,2.0
28,92,1.0
28,93,4.0
28,94,1.0
28,95,1.0
28,96,2.0
28,97,2.0
28,98,2.0
28,99,1.0
28,100,1.0
28,101,4.0
28,102,1.0
28,103,3.0
28,104,2.0
28,105,5.0
28,106,5.0
28,107,4.0
28,108,3.0
28,109,3.0
28,110,2.0
28,111,1.0
28,112,3.0
28,113,1.0
28,114,2.0
28,115,2.0
28,116,2.0
28,117,3.0
28,118,2.0
28,119,2.0
28,120,3.0
28,121,2.0
28,122,2.0
28,123,4.0
28,124,2.0
28,125,2.0
28,126,4.0
28,127,4.0
28,128,2.0
28,129,4.0
28,130,4.0
28,131,4.0
28,132,1.0
28,133,1.0
28,134,1.0
28,135,1.0
28,136,2.0
28,137,2.0
28,138,2.0
28,139,2.0
28,140,3.0
28,141,3.0
28,142,1.0
28,143,5.0
28,144,5.0
28,145,2.0
28,146,2.0
28,147,2.0
28,148,2.0
28,149,2.0
28,150,3.0
28,151,3.0
28,152,2.0
28,153,2.0
28,154,3.0
28,155,2.0
28,156,3.0
28,157,2.0
28,158,2.0
28,159,2.0
28,160,3.0
28,161,2.0
28,162,4.0
28,163,2.0
28,164,2.0
28,165,1.0
28,166,3.0
28,167,2.0
28,168,2.0
28,169,4.0
28,170,2.0
28,171,2.0
28,172,2.0
28,173,2.0
28,174,2.0
28,175,2.0
28,176,2.0
28,177,4.0
28,178,4.0
28,179,3.0
28,180,4.0
28,181,4.0
28,182,2.0
28,183,3.0
28,184,3.0
28,185,2.0
28,186,2.0
28,187,2.0
28,188,1.0
28,189,3.0
28,190,1.0
28,191,1.0
28,192,1.0
28,193,2.0
28,194,2.0
28,195,1.0
28,196,2.0
28,197,2.0
28,198,2.0
28,199,1.0
28,200,1.0
28,201,1.0
28,202,3.0
28,203,2.0
28,204,1.0
28,205,1.0
28,206,1.0
28,207,3.0
28,208,2.0
28,209,4.0
28,210,2.0
28,211,2.0
28,212,3.0
28,213,5.0
28,214,3.0
28,215,2.0
28,216,3.0
28,217,3.0
28,218,2.0
28,219,3.0
28,220,3.0
28,221,1.0
28,222,2.0
28,223,2.0
28,224,4.0
28,225,4.0
28,226,2.0
28,227,4.0
28,228,2.0
28,229,4.0
28,230,3.0
28,231,4.0
28,232,2.0
28,233,4.0
28,234,1.0
28,235,3.0
28,236,3.0
28,237,2.0
28,238,1.0
28,239,4.0
28,240,2.0
28,241,5.0
28,242,3.0
28,243,3.0
28,244,4.0
28,245,3.0
28,246,3.0
28,247,4.0
28,248,1.0
28,249,2.0
28,250,3.0
28,251,2.0
28,252,1.0
28,253,3.0
28,254,2.0
28,255,3.0
28,256,2.0
28,257,2.0
28,258,3.0
28,259,4.0
28,260,3.0
28,261,4.0
28,262,2.0
28,263,3.0
28,264,2.0
28,265,2.0
28,266,0.0
28,267,4.0
28,268,3.0
28,269,1.0
28,270,2.0
28,271,4.0
28,272,4.0
28,273,3.0
28,274,2.0
28,275,4.0
28,276,4.0
28,277,4.0
28,278,3.0
28,279,1.0
28,280,2.0
28,281,2.0
28,282,2.0
28,283,2.0
28,284,4.0
28,285,2.0
28,286,3.0
28,287,2.0
28,288,2.0
28,289,4.0
28,290,3.0
28,291,1.0
28,292,3.0
28,293,4.0
28,294,2.0
28,295,5.0
28,296,3.0
28,297,4.0
28,298,3.0
28,299,3.0
28,300,1.0
28,301,2.0
28,302,4.0
28,303,3.0
28,304,3.0
28,305,2.0
28,306,2.0
28,307,4.0
28,308,3.0
28,309,3.0
28,310,4.0
28,311,2.0
28,312,4.0
28,313,4.0
28,314,4.0
28,315,2.0
28,316,2.0
28,317,1.0
28,318,3.0
28,319,1.0
28,320,4.0
28,321,4.0
28,322,3.0
28,323,3.0
28,324,4.0
28,325,3.0
28,326,4.0
28,327,4.0
28,328,4.0
28,329,3.0
28,330,5.0
28,331,2.0
28,332,3.0
28,333,3.0
28,334,2.0
28,335,1.0
28,336,2.0
28,337,4.0
28,338,3.0
28,339,4.0
28,340,1.0
28,341,2.0
28,342,3.0
28,343,4.0
28,344,4.0
28,345,3.0
28,346,2.0
28,347,4.0
28,348,3.0
28,349,3.0
28,350,2.0
28,351,4.0
28,352,4.0
28,353,3.0
28,354,4.0
28,355,1.0
28,356,3.0
28,357,3.0
28,358,4.0
28,359,2.0
28,360,3.0
28,361,4.0
28,362,5.0
28,363,2.0
28,364,2.0
28,365,2.0
28,366,4.0
28,367,4.0
28,368,1.0
28,369,3.0
28,370,3.0
28,371,5.0
28,372,3.0
28,373,2.0
28,374,4.0
28,375,4.0
28,376,2.0
28,377,2.0
29,30,2.0
29,31,3.0
29,32,2.0
29,33,3.0
29,34,2.0
29,35,3.0
29,36,4.0
29,37,1.0
29,38,4.0
29,39,2.0
29,40,2.0
29,41,5.0
29,42,3.0
29,43,2.0
29,44,2.0
29,45,0.0
29,46,0.0
29,47,2.0
29,48,2.0
29,49,3.0
29,50,0.0
29,51,0.0
29,52,2.0
29,53,1.0
29,54,3.0
29,55,3.0
29,56,1.0
29,57,2.0
29,58,3.0
29,59,3.0
29,60,2.0
29,61,0.0
29,62,2.0
29,63,3.0
29,64,2.0
29,65,2.0
29,66,2.0
29,67,1.0
29,68,3.0
29,69,2.0
29,70,2.0
29,71,3.0
29,72,2.0
29,73,2.0
29,74,2.0
29,75,0.0
29,76,1.0
29,77,2.0
29,78,2.0
29,79,2.0
29,80,3.0
29,81,5.0
29,82,3.0
29,83,1.0
29,84,1.0
29,85,1.0
29,86,3.0
29,87,3.0
29,88,2.0
29,89,1.0
29,90,2.0
29,91,3.0
29,92,3.0
29,93,3.0
29,94,2.0
29,95,0.0
29,96,2.0
29,97,2.0
29,98,2.0
29,99,4.0
29,100,0.0
29,101,3.0
29,102,0.0
29,103,4.0
29,104,2.0
29,105,2.0
29,106,2.0
29,107,3.0
29,108,3.0
29,109,3.0
29,110,3.0
29,111,2.0
29,112,1.0
29,113,2.0
29,114,1.0
29,115,1.0
29,116,1.0
29,117,3.0
29,118,2.0
29,119,3.0
29,120,3.0
29,121,2.0
29,122,3.0
29,123,3.0
29,124,1.0
29,125,1.0
29,126,2.0
29,127,2.0
29,128,1.0
29,129,2.0
29,130,2.0
29,131,2.0
29,132,5.0
29,133,5.0
29,134,5.0
29,135,5.0
29,136,2.0
29,137,2.0
29,138,2.0
29,139,1.0
29,140,4.0
29,141,2.0
29,142,2.0
29,143,2.0
29,144,2.0
29,145,3.0
29,146,1.0
29,147,2.0
29,148,2.0
29,149,1.0
29,150,1.0
29,151,1.0
29,152,2.0
29,153,3.0
29,154,3.0
29,155,2.0
29,156,2.0
29,157,2.0
29,158,2.0
29,159,2.0
29,160,3.0
29,161,1.0
29,162,2.0
29,163,2.0
29,164,1.0
29,165,1.0
29,166,2.0
29,167,2.0
29,168,1.0
29,169,3.0
29,170,2.0
29,171,2.0
29,172,2.0
29,173,2.0
29,174,1.0
29,175,1.0
29,176,3.0
29,177,2.0
29,178,2.0
29,179,3.0
29,180,2.0
29,181,2.0
29,182,1.0
29,183,3.0
29,184,3.0
29,185,1.0
29,186,5.0
29,187,5.0
29,188,0.0
29,189,2.0
29,190,2.0
29,191,2.0
29,192,2.0
29,193,1.0
29,194,2.0
29,195,3.0
29,196,1.0
29,197,1.0
29,198,1.0
29,199,0.0
29,200,0.0
29,201,0.0
29,202,4.0
29,203,3.0
29,204,3.0
29,205,3.0
29,206,2.0
29,207,3.0
29,208,2.0
29,209,3.0
29,210,2.0
29,211,2.0
29,212,3.0
29,213,2.0
29,214,3.0
29,215,2.0
29,216,2.0
29,217,4.0
29,218,3.0
29,219,2.0
29,220,3.0
29,221,1.0
29,222,2.0
29,223,2.0
29,224,3.0
29,225,3.0
29,226,1.0
29,227,3.0
29,228,2.0
29,229,2.0
29,230,3.0
29,231,3.0
29,232,3.0
29,233,2.0
29,234,4.0
29,235,2.0
29,236,3.0
29,237,3.0
29,238,4.0
29,239,3.0
29,240,2.0
29,241,2.0
29,242,3.0
29,243,3.0
29,244,3.0
29,245,3.0
29,246,3.0
29,247,2.0
29,248,0.0
29,249,2.0
29,250,4.0
29,251,2.0
29,252,4.0
29,253,2.0
29,254,2.0
29,255,2.0
29,256,6.0
29,257,2.0
29,258,2.0
29,259,2.0
29,260,3.0
29,261,3.0
29,262,2.0
29,263,2.0
29,264,2.0
29,265,3.0
29,266,0.0
29,267,3.0
29,268,3.0
29,269,2.0
29,270,2.0
29,271,2.0
29,272,2.0
29,273,3.0
29,274,3.0
29,275,3.0
29,276,3.0
29,277,3.0
29,278,2.0
29,279,4.0
29,280,2.0
29,281,3.0
29,282,2.0
29,283,2.0
29,284,3.0
29,285,1.0
29,286,3.0
29,287,2.0
29,288,2.0
29,289,3.0
29,290,2.0
29,291,2.0
29,292,3.0
29,293,2.0
29,294,2.0
29,295,2.0
29,296,3.0
29,297,3.0
29,298,3.0
29,299,3.0
29,300,3.0
29,301,3.0
29,302,3.0
29,303,3.0
29,304,4.0
29,305,3.0
29,306,2.0
29,307,3.0
29,308,1.0
29,309,2.0
29,310,3.0
29,311,2.0
29,312,2.0
29,313,3.0
29,314,3.0
29,315,3.0
29,316,2.0
29,317,0.0
29,318,3.0
29,319,2.0
29,320,3.0
29,321,3.0
29,322,3.0
29,323,3.0
29,324,2.0
29,325,2.0
29,326,3.0
29,327,2.0
29,328,3.0
29,329,3.0
29,330,2.0
29,331,1.0
29,332,2.0
29,333,4.0
29,334,1.0
29,335,0.0
29,336,1.0
29,337,3.0
29,338,4.0
29,339,2.0
29,340,5.0
29,341,3.0
29,342,3.0
29,343,3.0
29,344,3.0
29,345,3.0
29,346,2.0
29,347,3.0
29,348,4.0
29,349,2.0
29,350,2.0
29,351,3.0
29,352,3.0
29,353,3.0
29,354,3.0
29,355,0.0
29,356,3.0
29,357,1.0
29,358,3.0
29,359,3.0
29,360,3.0
29,361,3.0
29,362,2.0
29,363,2.0
29,364,2.0
29,365,2.0
29,366,2.0
29,367,3.0
29,368,0.0
29,369,2.0
29,370,3.0
29,371,2.0
29,372,3.0
29,373,2.0
29,374,3.0
29,375,2.0
29,376,2.0
29,377,2.0
30,31,3.0
30,32,2.0
30,33,2.0
30,34,2.0
30,35,2.0
30,36,2.0
30,37,3.0
30,38,2.0
30,39,2.0
30,40,2.0
30,41,2.0
30,42,3.0
30,43,2.0
30,44,1.0
30,45,2.0
30,46,2.0
30,47,2.0
30,48,3.0
30,49,2.0
30,50,2.0
30,51,2.0
30,52,2.0
30,53,1.0
30,54,2.0
30,55,2.0
30,56,1.0
30,57,2.0
30,58,4.0
30,59,2.0
30,60,2.0
30,61,1.0
30,62,1.0
30,63,2.0
30,64,2.0
30,65,2.0
30,66,2.0
30,67,3.0
30,68,2.0
30,69,2.0
30,70,2.0
30,71,2.0
30,72,2.0
30,73,2.0
30,74,3.0
30,75,1.0
30,76,1.0
30,77,2.0
30,78,2.0
30,79,2.0
30,80,2.0
30,81,2.0
30,82,2.0
30,83,1.0
30,84,1.0
30,85,1.0
30,86,4.0
30,87,2.0
30,88,4.0
30,89,2.0
30,90,3.0
30,91,2.0
30,92,2.0
30,93,2.0
30,94,2.0
30,95,2.0
30,96,1.0
30,97,3.0
30,98,1.0
30,99,2.0
30,100,0.0
30,101,2.0
30,102,0.0
30,103,2.0
30,104,4.0
30,105,2.0
30,106,2.0
30,107,2.0
30,108,3.0
30,109,4.0
30,110,3.0
30,111,3.0
30,112,1.0
30,113,3.0
30,114,1.0
30,115,1.0
30,116,1.0
30,117,4.0
30,118,2.0
30,119,2.0
30,120,4.0
30,121,2.0
30,122,2.0
30,123,2.0
30,124,1.0
30,125,1.0
30,126,2.0
30,127,2.0
30,128,1.0
30,129,2.0
30,130,2.0
30,131,2.0
30,132,2.0
30,133,2.0
30,134,2.0
30,135,2.0
30,136,1.0
30,137,1.0
30,138,1.0
30,139,1.0
30,140,2.0
30,141,2.0
30,142,3.0
30,143,2.0
30,144,2.0
30,145,2.0
30,146,2.0
30,147,1.0
30,148,1.0
30,149,2.0
30,150,1.0
30,151,1.0
30,152,2.0
30,153,3.0
30,154,4.0
30,155,3.0
30,156,2.0
30,157,4.0
30,158,4.0
30,159,2.0
30,160,2.0
30,161,1.0
30,162,2.0
30,163,4.0
30,164,1.0
30,165,1.0
30,166,2.0
30,167,4.0
30,168,2.0
30,169,2.0
30,170,4.0
30,171,2.0
30,172,4.0
30,173,3.0
30,174,1.0
30,175,1.0
30,176,2.0
30,177,2.0
30,178,2.0
30,179,3.0
30,180,2.0
30,181,2.0
30,182,3.0
30,183,2.0
30,184,2.0
30,185,1.0
30,186,2.0
30,187,2.0
30,188,1.0
30,189,2.0
30,190,2.0
30,191,2.0
30,192,2.0
30,193,2.0
30,194,4.0
30,195,2.0
30,196,1.0
30,197,1.0
30,198,1.0
30,199,0.0
30,200,0.0
30,201,0.0
30,202,2.0
30,203,2.0
30,204,2.0
30,205,2.0
30,206,1.0
30,207,2.0
30,208,4.0
30,209,2.0
30,210,3.0
30,211,2.0
30,212,4.0
30,213,2.0
30,214,4.0
30,215,2.0
30,216,2.0
30,217,3.0
30,218,2.0
30,219,2.0
30,220,4.0
30,221,1.0
30,222,2.0
30,223,3.0
30,224,2.0
30,225,2.0
30,226,1.0
30,227,2.0
30,228,2.0
30,229,2.0
30,230,2.0
30,231,2.0
30,232,2.0
30,233,2.0
30,234,2.0
30,235,2.0
30,236,2.0
30,237,3.0
30,238,2.0
30,239,2.0
30,240,2.0
30,241,2.0
30,242,2.0
30,243,4.0
30,244,2.0
30,245,2.0
30,246,2.0
30,247,2.0
30,248,1.0
30,249,3.0
30,250,2.0
30,251,2.0
30,252,2.0
30,253,2.0
30,254,2.0
30,255,2.0
30,256,2.0
30,257,2.0
30,258,3.0
30,259,2.0
30,260,2.0
30,261,2.0
30,262,3.0
30,263,3.0
30,264,2.0
30,265,2.0
30,266,1.0
30,267,2.0
30,268,4.0
30,269,2.0
30,270,4.0
30,271,2.0
30,272,2.0
30,273,2.0
30,274,2.0
30,275,2.0
30,276,2.0
30,277,2.0
30,278,3.0
30,279,2.0
30,280,3.0
30,281,2.0
30,282,3.0
30,283,1.0
30,284,2.0
30,285,2.0
30,286,4.0
30,287,1.0
30,288,2.0
30,289,2.0
30,290,2.0
30,291,3.0
30,292,2.0
30,293,2.0
30,294,4.0
30,295,2.0
30,296,2.0
30,297,2.0
30,298,2.0
30,299,2.0
30,300,3.0
30,301,2.0
30,302,2.0
30,303,2.0
30,304,2.0
30,305,2.0
30,306,2.0
30,307,2.0
30,308,3.0
30,309,3.0
30,310,2.0
30,311,2.0
30,312,2.0
30,313,2.0
30,314,2.0
30,315,2.0
30,316,3.0
30,317,1.0
30,318,2.0
30,319,3.0
30,320,2.0
30,321,2.0
30,322,4.0
30,323,4.0
30,324,2.0
30,325,1.0
30,326,2.0
30,327,2.0
30,328,2.0
30,329,4.0
30,330,2.0
30,331,1.0
30,332,2.0
30,333,2.0
30,334,1.0
30,335,0.0
30,336,1.0
30,337,2.0
30,338,2.0
30,339,2.0
30,340,1.0
30,341,2.0
30,342,2.0
30,343,2.0
30,344,2.0
30,345,2.0
30,346,3.0
30,347,2.0
30,348,2.0
30,349,3.0
30,350,2.0
30,351,2.0
30,352,2.0
30,353,3.0
30,354,2.0
30,355,1.0
30,356,4.0
30,357,3.0
30,358,2.0
30,359,2.0
30,360,4.0
30,361,2.0
30,362,2.0
30,363,2.0
30,364,1.0
30,365,1.0
30,366,2.0
30,367,2.0
30,368,3.0
30,369,2.0
30,370,2.0
30,371,2.0
30,372,2.0
30,373,4.0
30,374,2.0
30,375,2.0
30,376,3.0
30,377,3.0
31,32,2.0
31,33,3.0
31,34,2.0
31,35,2.0
31,36,3.0
31,37,3.0
31,38,2.0
31,39,2.0
31,40,2.0
31,41,2.0
31,42,2.0
31,43,2.0
31,44,1.0
31,45,2.0
31,46,2.0
31,47,2.0
31,48,2.0
31,49,3.0
31,50,2.0
31,51,2.0
31,52,2.0
31,53,2.0
31,54,2.0
31,55,2.0
31,56,1.0
31,57,2.0
31,58,4.0
31,59,2.0
31,60,2.0
31,61,2.0
31,62,2.0
31,63,3.0
31,64,2.0
31,65,3.0
31,66,3.0
31,67,2.0
31,68,2.0
31,69,3.0
31,70,3.0
31,71,2.0
31,72,2.0
31,73,2.0
31,74,2.0
31,75,2.0
31,76,2.0
31,77,2.0
31,78,2.0
31,79,2.0
31,80,2.0
31,81,2.0
31,82,2.0
31,83,2.0
31,84,2.0
31,85,2.0
31,86,4.0
31,87,2.0
31,88,4.0
31,89,1.0
31,90,3.0
31,91,3.0
31,92,3.0
31,93,2.0
31,94,2.0
31,95,2.0
31,96,2.0
31,97,2.0
31,98,2.0
31,99,3.0
31,100,2.0
31,101,2.0
31,102,2.0
31,103,2.0
31,104,3.0
31,105,2.0
31,106,2.0
31,107,2.0
31,108,4.0
31,109,4.0
31,110,3.0
31,111,2.0
31,112,2.0
31,113,2.0
31,114,2.0
31,115,2.0
31,116,2.0
31,117,4.0
31,118,2.0
31,119,2.0
31,120,4.0
31,121,2.0
31,122,2.0
31,123,2.0
31,124,2.0
31,125,2.0
31,126,2.0
31,127,2.0
31,128,2.0
31,129,2.0
31,130,2.0
31,131,2.0
31,132,3.0
31,133,3.0
31,134,3.0
31,135,3.0
31,136,2.0
31,137,2.0
31,138,2.0
31,139,2.0
31,140,2.0
31,141,3.0
31,142,2.0
31,143,2.0
31,144,2.0
31,145,3.0
31,146,3.0
31,147,2.0
31,148,2.0
31,149,3.0
31,150,2.0
31,151,2.0
31,152,2.0
31,153,4.0
31,154,4.0
31,155,2.0
31,156,3.0
31,157,3.0
31,158,3.0
31,159,2.0
31,160,2.0
31,161,2.0
31,162,2.0
31,163,3.0
31,164,2.0
31,165,2.0
31,166,2.0
31,167,3.0
31,168,2.0
31,169,2.0
31,170,3.0
31,171,2.0
31,172,3.0
31,173,2.0
31,174,2.0
31,175,2.0
31,176,2.0
31,177,2.0
31,178,2.0
31,179,4.0
31,180,2.0
31,181,2.0
31,182,1.0
31,183,2.0
31,184,2.0
31,185,2.0
31,186,2.0
31,187,2.0
31,188,2.0
31,189,2.0
31,190,1.0
31,191,1.0
31,192,1.0
31,193,2.0
31,194,3.0
31,195,3.0
31,196,2.0
31,197,2.0
31,198,2.0
31,199,2.0
31,200,2.0
31,201,2.0
31,202,2.0
31,203,4.0
31,204,3.0
31,205,3.0
31,206,3.0
31,207,2.0
31,208,3.0
31,209,2.0
31,210,3.0
31,211,2.0
31,212,4.0
31,213,2.0
31,214,4.0
31,215,2.0
31,216,2.0
31,217,3.0
31,218,2.0
31,219,2.0
31,220,4.0
31,221,1.0
31,222,2.0
31,223,3.0
31,224,2.0
31,225,2.0
31,226,2.0
31,227,2.0
31,228,3.0
31,229,2.0
31,230,2.0
31,231,2.0
31,232,3.0
31,233,2.0
31,234,2.0
31,235,2.0
31,236,3.0
31,237,2.0
31,238,2.0
31,239,2.0
31,240,2.0
31,241,2.0
31,242,3.0
31,243,4.0
31,244,2.0
31,245,3.0
31,246,2.0
31,247,2.0
31,248,2.0
31,249,2.0
31,250,2.0
31,251,3.0
31,252,3.0
31,253,3.0
31,254,2.0
31,255,2.0
31,256,3.0
31,257,2.0
31,258,3.0
31,259,2.0
31,260,3.0
31,261,2.0
31,262,2.0
31,263,3.0
31,264,2.0
31,265,2.0
31,266,1.0
31,267,2.0
31,268,4.0
31,269,2.0
31,270,3.0
31,271,2.0
31,272,2.0
31,273,2.0
31,274,2.0
31,275,2.0
31,276,2.0
31,277,2.0
31,278,3.0
31,279,3.0
31,280,3.0
31,281,2.0
31,282,2.0
31,283,2.0
31,284,2.0
31,285,2.0
31,286,4.0
31,287,2.0
31,288,2.0
31,289,2.0
31,290,2.0
31,291,2.0
31,292,3.0
31,293,2.0
31,294,3.0
31,295,2.0
31,296,2.0
31,297,2.0
31,298,2.0
31,299,2.0
31,300,3.0
31,301,3.0
31,302,2.0
31,303,3.0
31,304,2.0
31,305,2.0
31,306,2.0
31,307,2.0
31,308,3.0
31,309,3.0
31,310,2.0
31,311,2.0
31,312,2.0
31,313,2.0
31,314,2.0
31,315,2.0
31,316,2.0
31,317,1.0
31,318,2.0
31,319,2.0
31,320,2.0
31,321,2.0
31,322,4.0
31,323,4.0
31,324,2.0
31,325,1.0
31,326,2.0
31,327,2.0
31,328,2.0
31,329,4.0
31,330,2.0
31,331,2.0
31,332,2.0
31,333,2.0
31,334,2.0
31,335,1.0
31,336,2.0
31,337,2.0
31,338,2.0
31,339,3.0
31,340,2.0
31,341,2.0
31,342,3.0
31,343,2.0
31,344,2.0
31,345,2.0
31,346,2.0
31,347,2.0
31,348,2.0
31,349,3.0
31,350,2.0
31,351,2.0
31,352,2.0
31,353,4.0
31,354,2.0
31,355,2.0
31,356,4.0
31,357,3.0
31,358,2.0
31,359,2.0
31,360,4.0
31,361,2.0
31,362,2.0
31,363,2.0
31,364,2.0
31,365,2.0
31,366,2.0
31,367,2.0
31,368,2.0
31,369,2.0
31,370,2.0
31,371,2.0
31,372,3.0
31,373,3.0
31,374,2.0
31,375,2.0
31,376,2.0
31,377,2.0
32,33,1.0
32,34,5.0
32,35,2.0
32,36,2.0
32,37,3.0
32,38,2.0
32,39,3.0
32,40,1.0
32,41,2.0
32,42,1.0
32,43,4.0
32,44,3.0
32,45,1.0
32,46,1.0
32,47,5.0
32,48,2.0
32,49,3.0
32,50,1.0
32,51,1.0
32,52,5.0
32,53,3.0
32,54,4.0
32,55,4.0
32,56,1.0
32,57,2.0
32,58,3.0
32,59,4.0
32,60,3.0
32,61,1.0
32,62,2.0
32,63,3.0
32,64,4.0
32,65,4.0
32,66,4.0
32,67,3.0
32,68,4.0
32,69,3.0
32,70,3.0
32,71,4.0
32,72,4.0
32,73,4.0
32,74,1.0
32,75,1.0
32,76,2.0
32,77,4.0
32,78,5.0
32,79,5.0
32,80,4.0
32,81,2.0
32,82,4.0
32,83,2.0
32,84,2.0
32,85,2.0
32,86,3.0
32,87,4.0
32,88,2.0
32,89,1.0
32,90,2.0
32,91,2.0
32,92,1.0
32,93,4.0
32,94,1.0
32,95,1.0
32,96,2.0
32,97,2.0
32,98,2.0
32,99,1.0
32,100,1.0
32,101,4.0
32,102,1.0
32,103,3.0
32,104,2.0
32,105,5.0
32,106,5.0
32,107,4.0
32,108,3.0
32,109,3.0
32,110,2.0
32,111,1.0
32,112,3.0
32,113,1.0
32,114,2.0
32,115,2.0
32,116,2.0
32,117,3.0
32,118,2.0
32,119,2.0
32,120,3.0
32,121,2.0
32,122,2.0
32,123,4.0
32,124,2.0
32,125,2.0
32,126,4.0
32,127,4.0
32,128,2.0
32,129,4.0
32,130,4.0
32,131,4.0
32,132,1.0
32,133,1.0
32,134,1.0
32,135,1.0
32,136,2.0
32,137,2.0
32,138,2.0
32,139,2.0
32,140,3.0
32,141,3.0
32,142,1.0
32,143,5.0
32,144,5.0
32,145,2.0
32,146,2.0
32,147,2.0
32,148,2.0
32,149,2.0
32,150,3.0
32,151,3.0
32,152,2.0
32,153,2.0
32,154,3.0
32,155,2.0
32,156,3.0
32,157,2.0
32,158,2.0
32,159,2.0
32,160,3.0
32,161,2.0
32,162,4.0
32,163,2.0
32,164,2.0
32,165,1.0
32,166,3.0
32,167,2.0
32,168,2.0
32,169,4.0
32,170,2.0
32,171,2.0
32,172,2.0
32,173,2.0
32,174,2.0
32,175,2.0
32,176,2.0
32,177,4.0
32,178,4.0
32,179,3.0
32,180,4.0
32,181,4.0
32,182,2.0
32,183,3.0
32,184,3.0
32,185,2.0
32,186,2.0
32,187,2.0
32,188,1.0
32,189,3.0
32,190,1.0
32,191,1.0
32,192,1.0
32,193,2.0
32,194,2.0
32,195,1.0
32,196,2.0
32,197,2.0
32,198,2.0
32,199,1.0
32,200,1.0
32,201,1.0
32,202,3.0
32,203,2.0
32,204,1.0
32,205,1.0
32,206,1.0
32,207,3.0
32,208,2.0
32,209,4.0
32,210,2.0
32,211,2.0
32,212,3.0
32,213,5.0
32,214,3.0
32,215,2.0
32,216,3.0
32,217,3.0
32,218,2.0
32,219,3.0
32,220,3.0
32,221,1.0
32,222,2.0
32,223,2.0
32,224,4.0
32,225,4.0
32,226,2.0
32,227,4.0
32,228,2.0
32,229,4.0
32,230,3.0
32,231,4.0
32,232,2.0
32,233,4.0
32,234,1.0
32,235,3.0
32,236,3.0
32,237,2.0
32,238,1.0
32,239,4.0
32,240,2.0
32,241,5.0
32,242,3.0
32,243,3.0
32,244,4.0
32,245,3.0
32,246,3.0
32,247,4.0
32,248,1.0
32,249,2.0
32,250,3.0
32,251,2.0
32,252,1.0
32,253,3.0
32,254,2.0
32,255,3.0
32,256,2.0
32,257,2.0
32,258,3.0
32,259,4.0
32,260,3.0
32,261,4.0
32,262,2.0
32,263,3.0
32,264,2.0
32,265,2.0
32,266,0.0
32,267,4.0
32,268,3.0
32,269,1.0
32,270,2.0
32,271,4.0
32,272,4.0
32,273,3.0
32,274,2.0
32,275,4.0
32,276,4.0
32,277,4.0
32,278,3.0
32,279,1.0
32,280,2.0
32,281,2.0
32,282,2.0
32,283,2.0
32,284,4.0
32,285,2.0
32,286,3.0
32,287,2.0
32,288,2.0
32,289,4.0
32,290,3.0
32,291,1.0
32,292,3.0
32,293,4.0
32,294,2.0
32,295,5.0
32,296,3.0
32,297,4.0
32,298,3.0
32,299,3.0
32,300,1.0
32,301,2.0
32,302,4.0
32,303,3.0
32,304,3.0
32,305,2.0
32,306,2.0
32,307,4.0
32,308,3.0
32,309,3.0
32,310,4.0
32,311,2.0
32,312,4.0
32,313,4.0
32,314,4.0
32,315,2.0
32,316,2.0
32,317,1.0
32,318,3.0
32,319,1.0
32,320,4.0
32,321,4.0
32,322,3.0
32,323,3.0
32,324,4.0
32,325,3.0
32,326,4.0
32,327,4.0
32,328,4.0
32,329,3.0
32,330,5.0
32,331,2.0
32,332,3.0
32,333,3.0
32,334,2.0
32,335,1.0
32,336,2.0
32,337,4.0
32,338,3.0
32,339,4.0
32,340,1.0
32,341,2.0
32,342,3.0
32,343,4.0
32,344,4.0
32,345,3.0
32,346,2.0
32,347,4.0
32,348,3.0
32,349,3.0
32,350,2.0
32,351,4.0
32,352,4.0
32,353,3.0
32,354,4.0
32,355,1.0
32,356,3.0
32,357,3.0
32,358,4.0
32,359,2.0
32,360,3.0
32,361,4.0
32,362,5.0
32,363,2.0
32,364,2.0
32,365,2.0
32,366,4.0
32,367,4.0
32,368,1.0
32,369,3.0
32,370,3.0
32,371,5.0
32,372,3.0
32,373,2.0
32,374,4.0
32,375,4.0
32,376,2.0
32,377,2.0
33,34,1.0
33,35,2.0
33,36,3.0
33,37,1.0
33,38,3.0
33,39,2.0
33,40,1.0
33,41,2.0
33,42,2.0
33,43,1.0
33,44,2.0
33,45,0.0
33,46,0.0
33,47,1.0
33,48,3.0
33,49,2.0
33,50,0.0
33,51,0.0
33,52,1.0
33,53,1.0
33,54,2.0
33,55,2.0
33,56,2.0
33,57,2.0
33,58,2.0
33,59,2.0
33,60,2.0
33,61,0.0
33,62,2.0
33,63,3.0
33,64,1.0
33,65,2.0
33,66,2.0
33,67,1.0
33,68,2.0
33,69,1.0
33,70,1.0
33,71,2.0
33,72,1.0
33,73,1.0
33,74,3.0
33,75,0.0
33,76,2.0
33,77,1.0
33,78,1.0
33,79,1.0
33,80,2.0
33,81,2.0
33,82,2.0
33,83,1.0
33,84,1.0
33,85,1.0
33,86,2.0
33,87,2.0
33,88,2.0
33,89,1.0
33,90,2.0
33,91,3.0
33,92,4.0
33,93,2.0
33,94,3.0
33,95,0.0
33,96,2.0
33,97,2.0
33,98,2.0
33,99,3.0
33,100,0.0
33,101,2.0
33,102,0.0
33,103,2.0
33,104,2.0
33,105,1.0
33,106,1.0
33,107,2.0
33,108,2.0
33,109,2.0
33,110,2.0
33,111,3.0
33,112,1.0
33,113,3.0
33,114,1.0
33,115,1.0
33,116,1.0
33,117,2.0
33,118,1.0
33,119,3.0
33,120,2.0
33,121,1.0
33,122,3.0
33,123,2.0
33,124,1.0
33,125,1.0
33,126,1.0
33,127,1.0
33,128,1.0
33,129,1.0
33,130,1.0
33,131,1.0
33,132,2.0
33,133,2.0
33,134,2.0
33,135,2.0
33,136,3.0
33,137,3.0
33,138,3.0
33,139,1.0
33,140,2.0
33,141,1.0
33,142,2.0
33,143,1.0
33,144,1.0
33,145,3.0
33,146,1.0
33,147,3.0
33,148,3.0
33,149,1.0
33,150,1.0
33,151,1.0
33,152,2.0
33,153,3.0
33,154,2.0
33,155,2.0
33,156,1.0
33,157,2.0
33,158,2.0
33,159,2.0
33,160,2.0
33,161,1.0
33,162,1.0
33,163,2.0
33,164,1.0
33,165,2.0
33,166,1.0
33,167,2.0
33,168,1.0
33,169,2.0
33,170,2.0
33,171,2.0
33,172,2.0
33,173,2.0
33,174,1.0
33,175,1.0
33,176,2.0
33,177,1.0
33,178,1.0
33,179,2.0
33,180,1.0
33,181,1.0
33,182,1.0
33,183,2.0
33,184,2.0
33,185,1.0
33,186,2.0
33,187,2.0
33,188,0.0
33,189,2.0
33,190,1.0
33,191,1.0
33,192,1.0
33,193,1.0
33,194,2.0
33,195,3.0
33,196,1.0
33,197,1.0
33,198,1.0
33,199,0.0
33,200,0.0
33,201,0.0
33,202,2.0
33,203,2.0
33,204,3.0
33,205,3.0
33,206,2.0
33,207,3.0
33,208,2.0
33,209,2.0
33,210,2.0
33,211,2.0
33,212,2.0
33,213,1.0
33,214,2.0
33,215,1.0
33,216,2.0
33,217,2.0
33,218,2.0
33,219,1.0
33,220,2.0
33,221,1.0
33,222,1.0
33,223,2.0
33,224,2.0
33,225,2.0
33,226,1.0
33,227,2.0
33,228,2.0
33,229,1.0
33,230,2.0
33,231,2.0
33,232,2.0
33,233,1.0
33,234,1.0
33,235,2.0
33,236,2.0
33,237,2.0
33,238,1.0
33,239,2.0
33,240,2.0
33,241,1.0
33,242,3.0
33,243,2.0
33,244,2.0
33,245,2.0
33,246,2.0
33,247,1.0
33,248,0.0
33,249,2.0
33,250,2.0
33,251,2.0
33,252,3.0
33,253,2.0
33,254,2.0
33,255,2.0
33,256,3.0
33,257,1.0
33,258,1.0
33,259,1.0
33,260,3.0
33,261,2.0
33,262,2.0
33,263,1.0
33,264,2.0
33,265,2.0
33,266,0.0
33,267,2.0
33,268,2.0
33,269,2.0
33,270,2.0
33,271,1.0
33,272,1.0
33,273,2.0
33,274,3.0
33,275,2.0
33,276,2.0
33,277,2.0
33,278,1.0
33,279,3.0
33,280,2.0
33,281,2.0
33,282,2.0
33,283,3.0
33,284,2.0
33,285,1.0
33,286,2.0
33,287,1.0
33,288,2.0
33,289,2.0
33,290,2.0
33,291,2.0
33,292,3.0
33,293,1.0
33,294,2.0
33,295,1.0
33,296,2.0
33,297,2.0
33,298,2.0
33,299,2.0
33,300,2.0
33,301,2.0
33,302,2.0
33,303,3.0
33,304,2.0
33,305,2.0
33,306,3.0
33,307,2.0
33,308,1.0
33,309,1.0
33,310,2.0
33,311,2.0
33,312,1.0
33,313,2.0
33,314,2.0
33,315,3.0
33,316,2.0
33,317,1.0
33,318,3.0
33,319,2.0
33,320,2.0
33,321,2.0
33,322,2.0
33,323,2.0
33,324,1.0
33,325,2.0
33,326,2.0
33,327,1.0
33,328,2.0
33,329,2.0
33,330,1.0
33,331,1.0
33,332,2.0
33,333,2.0
33,334,1.0
33,335,0.0
33,336,1.0
33,337,2.0
33,338,2.0
33,339,2.0
33,340,2.0
33,341,2.0
33,342,3.0
33,343,2.0
33,344,2.0
33,345,2.0
33,346,2.0
33,347,2.0
33,348,2.0
33,349,1.0
33,350,2.0
33,351,2.0
33,352,2.0
33,353,2.0
33,354,2.0
33,355,0.0
33,356,2.0
33,357,1.0
33,358,2.0
33,359,3.0
33,360,2.0
33,361,2.0
33,362,1.0
33,363,1.0
33,364,3.0
33,365,1.0
33,366,1.0
33,367,2.0
33,368,0.0
33,369,2.0
33,370,2.0
33,371,1.0
33,372,3.0
33,373,2.0
33,374,2.0
33,375,1.0
33,376,2.0
33,377,2.0
34,35,2.0
34,36,2.0
34,37,3.0
34,38,2.0
34,39,3.0
34,40,1.0
34,41,2.0
34,42,1.0
34,43,4.0
34,44,3.0
34,45,1.0
34,46,1.0
34,47,5.0
34,48,2.0
34,49,3.0
34,50,1.0
34,51,1.0
34,52,5.0
34,53,3.0
34,54,4.0
34,55,4.0
34,56,1.0
34,57,2.0
34,58,3.0
34,59,4.0
34,60,3.0
34,61,1.0
34,62,2.0
34,63,3.0
34,64,4.0
34,65,4.0
34,66,4.0
34,67,3.0
34,68,4.0
34,69,3.0
34,70,3.0
34,71,4.0
34,72,4.0
34,73,4.0
34,74,1.0
34,75,1.0
34,76,2.0
34,77,4.0
34,78,5.0
34,79,5.0
34,80,4.0
34,81,2.0
34,82,4.0
34,83,2.0
34,84,2.0
34,85,2.0
34,86,3.0
34,87,4.0
34,88,2.0
34,89,1.0
34,90,2.0
34,91,2.0
34,92,1.0
34,93,4.0
34,94,1.0
34,95,1.0
34,96,2.0
34,97,2.0
34,98,2.0
34,99,1.0
34,100,1.0
34,101,4.0
34,102,1.0
34,103,3.0
34,104,2.0
34,105,5.0
34,106,5.0
34,107,4.0
34,108,3.0
34,109,3.0
34,110,2.0
34,111,1.0
34,112,3.0
34,113,1.0
34,114,2.0
34,115,2.0
34,116,2.0
34,117,3.0
34,118,2.0
34,119,2.0
34,120,3.0
34,121,2.0
34,122,2.0
34,123,4.0
34,124,2.0
34,125,2.0
34,126,4.0
34,127,4.0
34,128,2.0
34,129,4.0
34,130,4.0
34,131,4.0
34,132,1.0
34,133,1.0
34,134,1.0
34,135,1.0
34,136,2.0
34,137,2.0
34,138,2.0
34,139,2.0
34,140,3.0
34,141,3.0
34,142,1.0
34,143,5.0
34,144,5.0
34,145,2.0
34,146,2.0
34,147,2.0
34,148,2.0
34,149,2.0
34,150,3.0
34,151,3.0
34,152,2.0
34,153,2.0
34,154,3.0
34,155,2.0
34,156,3.0
34,157,2.0
34,158,2.0
34,159,2.0
34,160,3.0
34,161,2.0
34,162,4.0
34,163,2.0
34,164,2.0
34,165,1.0
34,166,3.0
34,167,2.0
34,168,2.0
34,169,4.0
34,170,2.0
34,171,2.0
34,172,2.0
34,173,2.0
34,174,2.0
34,175,2.0
34,176,2.0
34,177,4.0
34,178,4.0
34,179,3.0
34,180,4.0
34,181,4.0
34,182,2.0
34,183,3.0
34,184,3.0
34,185,2.0
34,186,2.0
34,187,2.0
34,188,1.0
34,189,3.0
34,190,1.0
34,191,1.0
34,192,1.0
34,193,2.0
34,194,2.0
34,195,1.0
34,196,2.0
34,197,2.0
34,198,2.0
34,199,1.0
34,200,1.0
34,201,1.0
34,202,3.0
34,203,2.0
34,204,1.0
34,205,1.0
34,206,1.0
34,207,3.0
34,208,2.0
34,209,4.0
34,210,2.0
34,211,2.0
34,212,3.0
34,213,5.0
34,214,3.0
34,215,2.0
34,216,3.0
34,217,3.0
34,218,2.0
34,219,3.0
34,220,3.0
34,221,1.0
34,222,2.0
34,223,2.0
34,224,4.0
34,225,4.0
34,226,2.0
34,227,4.0
34,228,2.0
34,229,4.0
34,230,3.0
34,231,4.0
34,232,2.0
34,233,4.0
34,234,1.0
34,235,3.0
34,236,3.0
34,237,2.0
34,238,1.0
34,239,4.0
34,240,2.0
34,241,5.0
34,242,3.0
34,243,3.0
34,244,4.0
34,245,3.0
34,246,3.0
34,247,4.0
34,248,1.0
34,249,2.0
34,250,3.0
34,251,2.0
34,252,1.0
34,253,3.0
34,254,2.0
34,255,3.0
34,256,2.0
34,257,2.0
34,258,3.0
34,259,4.0
34,260,3.0
34,261,4.0
34,262,2.0
34,263,3.0
34,264,2.0
34,265,2.0
34,266,0.0
34,267,4.0
34,268,3.0
34,269,1.0
34,270,2.0
34,271,4.0
34,272,4.0
34,273,3.0
34,274,2.0
34,275,4.0
34,276,4.0
34,277,4.0
34,278,3.0
34,279,1.0
34,280,2.0
34,281,2.0
34,282,2.0
34,283,2.0
34,284,4.0
34,285,2.0
34,286,3.0
34,287,2.0
34,288,2.0
34,289,4.0
34,290,3.0
34,291,1.0
34,292,3.0
34,293,4.0
34,294,2.0
34,295,5.0
34,296,3.0
34,297,4.0
34,298,3.0
34,299,3.0
34,300,1.0
34,301,2.0
34,302,4.0
34,303,3.0
34,304,3.0
34,305,2.0
34,306,2.0
34,307,4.0
34,308,3.0
34,309,3.0
34,310,4.0
34,311,2.0
34,312,4.0
34,313,4.0
34,314,4.0
34,315,2.0
34,316,2.0
34,317,1.0
34,318,3.0
34,319,1.0
34,320,4.0
34,321,4.0
34,322,3.0
34,323,3.0
34,324,4.0
34,325,3.0
34,326,4.0
34,327,4.0
34,328,4.0
34,329,3.0
34,330,5.0
34,331,2.0
34,332,3.0
34,333,3.0
34,334,2.0
34,335,1.0
34,336,2.0
34,337,4.0
34,338,3.0
34,339,4.0
34,340,1.0
34,341,2.0
34,342,3.0
34,343,4.0
34,344,4.0
34,345,3.0
34,346,2.0
34,347,4.0
34,348,3.0
34,349,3.0
34,350,2.0
34,351,4.0
34,352,4.0
34,353,3.0
34,354,4.0
34,355,1.0
34,356,3.0
34,357,3.0
34,358,4.0
34,359,2.0
34,360,3.0
34,361,4.0
34,362,5.0
34,363,2.0
34,364,2.0
34,365,2.0
34,366,4.0
34,367,4.0
34,368,1.0
34,369,3.0
34,370,3.0
34,371,5.0
34,372,3.0
34,373,2.0
34,374,4.0
34,375,4.0
34,376,2.0
34,377,2.0
35,36,2.0
35,37,1.0
35,38,3.0
35,39,2.0
35,40,3.0
35,41,3.0
35,42,2.0
35,43,2.0
35,44,2.0
35,45,1.0
35,46,1.0
35,47,2.0
35,48,2.0
35,49,4.0
35,50,1.0
35,51,1.0
35,52,2.0
35,53,2.0
35,54,3.0
35,55,3.0
35,56,2.0
35,57,2.0
35,58,3.0
35,59,3.0
35,60,2.0
35,61,1.0
35,62,1.0
35,63,2.0
35,64,2.0
35,65,1.0
35,66,1.0
35,67,1.0
35,68,3.0
35,69,3.0
35,70,3.0
35,71,3.0
35,72,3.0
35,73,2.0
35,74,2.0
35,75,1.0
35,76,1.0
35,77,2.0
35,78,2.0
35,79,2.0
35,80,3.0
35,81,4.0
35,82,3.0
35,83,1.0
35,84,1.0
35,85,1.0
35,86,3.0
35,87,3.0
35,88,2.0
35,89,1.0
35,90,2.0
35,91,2.0
35,92,2.0
35,93,3.0
35,94,2.0
35,95,1.0
35,96,1.0
35,97,2.0
35,98,1.0
35,99,2.0
35,100,1.0
35,101,3.0
35,102,1.0
35,103,3.0
35,104,2.0
35,105,2.0
35,106,2.0
35,107,3.0
35,108,4.0
35,109,3.0
35,110,3.0
35,111,2.0
35,112,2.0
35,113,2.0
35,114,1.0
35,115,1.0
35,116,1.0
35,117,3.0
35,118,3.0
35,119,3.0
35,120,3.0
35,121,3.0
35,122,3.0
35,123,3.0
35,124,1.0
35,125,1.0
35,126,2.0
35,127,2.0
35,128,1.0
35,129,2.0
35,130,2.0
35,131,2.0
35,132,3.0
35,133,3.0
35,134,3.0
35,135,3.0
35,136,1.0
35,137,1.0
35,138,1.0
35,139,1.0
35,140,4.0
35,141,3.0
35,142,2.0
35,143,2.0
35,144,2.0
35,145,3.0
35,146,2.0
35,147,1.0
35,148,1.0
35,149,2.0
35,150,2.0
35,151,2.0
35,152,3.0
35,153,2.0
35,154,3.0
35,155,2.0
35,156,2.0
35,157,2.0
35,158,2.0
35,159,2.0
35,160,4.0
35,161,1.0
35,162,2.0
35,163,2.0
35,164,2.0
35,165,0.0
35,166,2.0
35,167,2.0
35,168,1.0
35,169,3.0
35,170,2.0
35,171,3.0
35,172,2.0
35,173,2.0
35,174,1.0
35,175,1.0
35,176,2.0
35,177,3.0
35,178,3.0
35,179,3.0
35,180,3.0
35,181,3.0
35,182,1.0
35,183,3.0
35,184,3.0
35,185,1.0
35,186,3.0
35,187,3.0
35,188,1.0
35,189,2.0
35,190,2.0
35,191,2.0
35,192,2.0
35,193,2.0
35,194,2.0
35,195,2.0
35,196,1.0
35,197,1.0
35,198,1.0
35,199,1.0
35,200,1.0
35,201,1.0
35,202,4.0
35,203,3.0
35,204,2.0
35,205,2.0
35,206,1.0
35,207,3.0
35,208,2.0
35,209,3.0
35,210,2.0
35,211,3.0
35,212,3.0
35,213,2.0
35,214,3.0
35,215,2.0
35,216,2.0
35,217,3.0
35,218,2.0
35,219,2.0
35,220,3.0
35,221,2.0
35,222,3.0
35,223,3.0
35,224,3.0
35,225,3.0
35,226,1.0
35,227,3.0
35,228,2.0
35,229,3.0
35,230,3.0
35,231,3.0
35,232,4.0
35,233,3.0
35,234,3.0
35,235,3.0
35,236,3.0
35,237,3.0
35,238,3.0
35,239,3.0
35,240,3.0
35,241,2.0
35,242,2.0
35,243,3.0
35,244,3.0
35,245,4.0
35,246,3.0
35,247,2.0
35,248,1.0
35,249,2.0
35,250,4.0
35,251,2.0
35,252,2.0
35,253,1.0
35,254,2.0
35,255,2.0
35,256,3.0
35,257,2.0
35,258,2.0
35,259,3.0
35,260,2.0
35,261,3.0
35,262,2.0
35,263,2.0
35,264,3.0
35,265,2.0
35,266,1.0
35,267,3.0
35,268,3.0
35,269,3.0
35,270,2.0
35,271,3.0
35,272,2.0
35,273,4.0
35,274,3.0
35,275,3.0
35,276,3.0
35,277,3.0
35,278,2.0
35,279,2.0
35,280,2.0
35,281,2.0
35,282,2.0
35,283,1.0
35,284,3.0
35,285,1.0
35,286,3.0
35,287,3.0
35,288,2.0
35,289,3.0
35,290,2.0
35,291,2.0
35,292,2.0
35,293,3.0
35,294,2.0
35,295,2.0
35,296,3.0
35,297,3.0
35,298,3.0
35,299,3.0
35,300,3.0
35,301,3.0
35,302,3.0
35,303,2.0
35,304,3.0
35,305,2.0
35,306,2.0
35,307,3.0
35,308,1.0
35,309,2.0
35,310,3.0
35,311,3.0
35,312,3.0
35,313,3.0
35,314,3.0
35,315,3.0
35,316,2.0
35,317,1.0
35,318,3.0
35,319,2.0
35,320,3.0
35,321,3.0
35,322,3.0
35,323,3.0
35,324,2.0
35,325,2.0
35,326,3.0
35,327,3.0
35,328,3.0
35,329,3.0
35,330,2.0
35,331,1.0
35,332,3.0
35,333,3.0
35,334,1.0
35,335,1.0
35,336,1.0
35,337,3.0
35,338,4.0
35,339,3.0
35,340,3.0
35,341,2.0
35,342,2.0
35,343,3.0
35,344,3.0
35,345,4.0
35,346,2.0
35,347,3.0
35,348,4.0
35,349,2.0
35,350,2.0
35,351,3.0
35,352,3.0
35,353,3.0
35,354,3.0
35,355,1.0
35,356,3.0
35,357,2.0
35,358,3.0
35,359,3.0
35,360,3.0
35,361,3.0
35,362,2.0
35,363,3.0
35,364,1.0
35,365,3.0
35,366,2.0
35,367,3.0
35,368,0.0
35,369,2.0
35,370,3.0
35,371,2.0
35,372,2.0
35,373,2.0
35,374,3.0
35,375,3.0
35,376,2.0
35,377,2.0
36,37,2.0
36,38,3.0
36,39,3.0
36,40,2.0
36,41,3.0
36,42,3.0
36,43,2.0
36,44,2.0
36,45,0.0
36,46,0.0
36,47,2.0
36,48,2.0
36,49,3.0
36,50,0.0
36,51,0.0
36,52,2.0
36,53,1.0
36,54,3.0
36,55,3.0
36,56,2.0
36,57,2.0
36,58,2.0
36,59,3.0
36,60,3.0
36,61,0.0
36,62,3.0
36,63,4.0
36,64,2.0
36,65,3.0
36,66,3.0
36,67,2.0
36,68,3.0
36,69,1.0
36,70,1.0
36,71,3.0
36,72,1.0
36,73,2.0
36,74,2.0
36,75,0.0
36,76,2.0
36,77,2.0
36,78,2.0
36,79,2.0
36,80,3.0
36,81,3.0
36,82,3.0
36,83,2.0
36,84,2.0
36,85,2.0
36,86,2.0
36,87,3.0
36,88,2.0
36,89,1.0
36,90,2.0
36,91,3.0
36,92,3.0
36,93,3.0
36,94,2.0
36,95,0.0
36,96,3.0
36,97,2.0
36,98,3.0
36,99,4.0
36,100,1.0
36,101,3.0
36,102,1.0
36,103,4.0
36,104,2.0
36,105,2.0
36,106,2.0
36,107,3.0
36,108,2.0
36,109,2.0
36,110,2.0
36,111,2.0
36,112,1.0
36,113,2.0
36,114,2.0
36,115,2.0
36,116,2.0
36,117,2.0
36,118,2.0
36,119,2.0
36,120,2.0
36,121,2.0
36,122,2.0
36,123,3.0
36,124,2.0
36,125,2.0
36,126,2.0
36,127,2.0
36,128,2.0
36,129,2.0
36,130,2.0
36,131,2.0
36,132,4.0
36,133,4.0
36,134,4.0
36,135,4.0
36,136,2.0
36,137,2.0
36,138,2.0
36,139,2.0
36,140,4.0
36,141,1.0
36,142,2.0
36,143,2.0
36,144,2.0
36,145,3.0
36,146,1.0
36,147,3.0
36,148,3.0
36,149,1.0
36,150,3.0
36,151,3.0
36,152,2.0
36,153,4.0
36,154,2.0
36,155,2.0
36,156,1.0
36,157,2.0
36,158,2.0
36,159,2.0
36,160,2.0
36,161,2.0
36,162,2.0
36,163,2.0
36,164,1.0
36,165,2.0
36,166,1.0
36,167,2.0
36,168,1.0
36,169,3.0
36,170,2.0
36,171,2.0
36,172,2.0
36,173,2.0
36,174,2.0
36,175,2.0
36,176,3.0
36,177,1.0
36,178,1.0
36,179,2.0
36,180,1.0
36,181,1.0
36,182,2.0
36,183,2.0
36,184,2.0
36,185,2.0
36,186,3.0
36,187,3.0
36,188,0.0
36,189,3.0
36,190,2.0
36,191,2.0
36,192,2.0
36,193,2.0
36,194,2.0
36,195,3.0
36,196,2.0
36,197,2.0
36,198,2.0
36,199,1.0
36,200,1.0
36,201,1.0
36,202,4.0
36,203,3.0
36,204,3.0
36,205,3.0
36,206,2.0
36,207,2.0
36,208,2.0
36,209,3.0
36,210,3.0
36,211,2.0
36,212,2.0
36,213,2.0
36,214,2.0
36,215,2.0
36,216,4.0
36,217,3.0
36,218,3.0
36,219,1.0
36,220,2.0
36,221,2.0
36,222,2.0
36,223,3.0
36,224,3.0
36,225,3.0
36,226,2.0
36,227,3.0
36,228,2.0
36,229,2.0
36,230,2.0
36,231,3.0
36,232,2.0
36,233,1.0
36,234,2.0
36,235,3.0
36,236,4.0
36,237,4.0
36,238,2.0
36,239,3.0
36,240,2.0
36,241,2.0
36,242,4.0
36,243,2.0
36,244,3.0
36,245,4.0
36,246,2.0
36,247,2.0
36,248,0.0
36,249,2.0
36,250,4.0
36,251,2.0
36,252,4.0
36,253,3.0
36,254,2.0
36,255,3.0
36,256,4.0
36,257,2.0
36,258,1.0
36,259,2.0
36,260,4.0
36,261,3.0
36,262,3.0
36,263,1.0
36,264,2.0
36,265,3.0
36,266,0.0
36,267,3.0
36,268,2.0
36,269,2.0
36,270,2.0
36,271,2.0
36,272,2.0
36,273,2.0
36,274,2.0
36,275,3.0
36,276,3.0
36,277,3.0
36,278,1.0
36,279,4.0
36,280,3.0
36,281,3.0
36,282,2.0
36,283,3.0
36,284,3.0
36,285,2.0
36,286,2.0
36,287,2.0
36,288,2.0
36,289,3.0
36,290,3.0
36,291,2.0
36,292,4.0
36,293,1.0
36,294,2.0
36,295,2.0
36,296,3.0
36,297,3.0
36,298,2.0
36,299,2.0
36,300,3.0
36,301,3.0
36,302,3.0
36,303,4.0
36,304,4.0
36,305,3.0
36,306,3.0
36,307,3.0
36,308,2.0
36,309,1.0
36,310,3.0
36,311,2.0
36,312,2.0
36,313,3.0
36,314,3.0
36,315,2.0
36,316,2.0
36,317,1.0
36,318,2.0
36,319,2.0
36,320,3.0
36,321,3.0
36,322,2.0
36,323,2.0
36,324,2.0
36,325,2.0
36,326,3.0
36,327,2.0
36,328,3.0
36,329,2.0
36,330,2.0
36,331,2.0
36,332,3.0
36,333,4.0
36,334,2.0
36,335,1.0
36,336,2.0
36,337,3.0
36,338,4.0
36,339,2.0
36,340,3.0
36,341,3.0
36,342,4.0
36,343,3.0
36,344,3.0
36,345,3.0
36,346,2.0
36,347,3.0
36,348,4.0
36,349,1.0
36,350,2.0
36,351,3.0
36,352,3.0
36,353,2.0
36,354,3.0
36,355,0.0
36,356,2.0
36,357,2.0
36,358,3.0
36,359,2.0
36,360,2.0
36,361,3.0
36,362,2.0
36,363,2.0
36,364,3.0
36,365,2.0
36,366,2.0
36,367,3.0
36,368,1.0
36,369,3.0
36,370,2.0
36,371,2.0
36,372,4.0
36,373,2.0
36,374,3.0
36,375,1.0
36,376,3.0
36,377,2.0
37,38,1.0
37,39,3.0
37,40,1.0
37,41,1.0
37,42,3.0
37,43,3.0
37,44,1.0
37,45,3.0
37,46,3.0
37,47,3.0
37,48,3.0
37,49,2.0
37,50,3.0
37,51,3.0
37,52,3.0
37,53,2.0
37,54,3.0
37,55,3.0
37,56,1.0
37,57,2.0
37,58,4.0
37,59,3.0
37,60,2.0
37,61,2.0
37,62,1.0
37,63,3.0
37,64,3.0
37,65,3.0
37,66,3.0
37,67,4.0
37,68,3.0
37,69,3.0
37,70,3.0
37,71,3.0
37,72,2.0
37,73,3.0
37,74,2.0
37,75,2.0
37,76,1.0
37,77,3.0
37,78,3.0
37,79,3.0
37,80,3.0
37,81,1.0
37,82,3.0
37,83,1.0
37,84,1.0
37,85,1.0
37,86,4.0
37,87,3.0
37,88,4.0
37,89,2.0
37,90,3.0
37,91,2.0
37,92,1.0
37,93,3.0
37,94,1.0
37,95,2.0
37,96,1.0
37,97,3.0
37,98,1.0
37,99,1.0
37,100,1.0
37,101,3.0
37,102,1.0
37,103,2.0
37,104,3.0
37,105,3.0
37,106,3.0
37,107,3.0
37,108,3.0
37,109,4.0
37,110,3.0
37,111,2.0
37,112,2.0
37,113,2.0
37,114,1.0
37,115,1.0
37,116,1.0
37,117,4.0
37,118,1.0
37,119,1.0
37,120,4.0
37,121,1.0
37,122,1.0
37,123,3.0
37,124,2.0
37,125,2.0
37,126,3.0
37,127,3.0
37,128,1.0
37,129,3.0
37,130,3.0
37,131,3.0
37,132,1.0
37,133,1.0
37,134,1.0
37,135,1.0
37,136,1.0
37,137,1.0
37,138,1.0
37,139,1.0
37,140,2.0
37,141,3.0
37,142,2.0
37,143,3.0
37,144,3.0
37,145,2.0
37,146,3.0
37,147,1.0
37,148,1.0
37,149,3.0
37,150,3.0
37,151,3.0
37,152,1.0
37,153,3.0
37,154,4.0
37,155,3.0
37,156,3.0
37,157,3.0
37,158,3.0
37,159,1.0
37,160,2.0
37,161,2.0
37,162,3.0
37,163,3.0
37,164,2.0
37,165,1.0
37,166,2.0
37,167,3.0
37,168,2.0
37,169,3.0
37,170,3.0
37,171,2.0
37,172,3.0
37,173,3.0
37,174,1.0
37,175,2.0
37,176,1.0
37,177,2.0
37,178,2.0
37,179,3.0
37,180,2.0
37,181,2.0
37,182,3.0
37,183,2.0
37,184,2.0
37,185,1.0
37,186,1.0
37,187,1.0
37,188,2.0
37,189,2.0
37,190,1.0
37,191,1.0
37,192,1.0
37,193,2.0
37,194,3.0
37,195,1.0
37,196,3.0
37,197,3.0
37,198,3.0
37,199,1.0
37,200,1.0
37,201,1.0
37,202,2.0
37,203,2.0
37,204,1.0
37,205,1.0
37,206,2.0
37,207,2.0
37,208,3.0
37,209,3.0
37,210,4.0
37,211,2.0
37,212,4.0
37,213,3.0
37,214,4.0
37,215,2.0
37,216,2.0
37,217,2.0
37,218,1.0
37,219,2.0
37,220,4.0
37,221,1.0
37,222,1.0
37,223,2.0
37,224,3.0
37,225,3.0
37,226,1.0
37,227,3.0
37,228,2.0
37,229,2.0
37,230,2.0
37,231,3.0
37,232,2.0
37,233,2.0
37,234,1.0
37,235,3.0
37,236,3.0
37,237,3.0
37,238,1.0
37,239,3.0
37,240,2.0
37,241,3.0
37,242,3.0
37,243,4.0
37,244,3.0
37,245,3.0
37,246,2.0
37,247,3.0
37,248,2.0
37,249,3.0
37,250,2.0
37,251,2.0
37,252,1.0
37,253,3.0
37,254,1.0
37,255,2.0
37,256,1.0
37,257,2.0
37,258,4.0
37,259,2.0
37,260,3.0
37,261,3.0
37,262,3.0
37,263,4.0
37,264,2.0
37,265,1.0
37,266,2.0
37,267,3.0
37,268,4.0
37,269,1.0
37,270,3.0
37,271,2.0
37,272,3.0
37,273,2.0
37,274,1.0
37,275,3.0
37,276,3.0
37,277,3.0
37,278,4.0
37,279,2.0
37,280,4.0
37,281,1.0
37,282,3.0
37,283,1.0
37,284,3.0
37,285,2.0
37,286,4.0
37,287,1.0
37,288,2.0
37,289,3.0
37,290,3.0
37,291,1.0
37,292,3.0
37,293,2.0
37,294,3.0
37,295,3.0
37,296,2.0
37,297,3.0
37,298,2.0
37,299,2.0
37,300,3.0
37,301,2.0
37,302,3.0
37,303,3.0
37,304,2.0
37,305,1.0
37,306,2.0
37,307,3.0
37,308,6.0
37,309,4.0
37,310,3.0
37,311,2.0
37,312,2.0
37,313,3.0
37,314,3.0
37,315,1.0
37,316,3.0
37,317,1.0
37,318,2.0
37,319,2.0
37,320,3.0
37,321,3.0
37,322,4.0
37,323,4.0
37,324,3.0
37,325,1.0
37,326,3.0
37,327,2.0
37,328,3.0
37,329,4.0
37,330,3.0
37,331,1.0
37,332,3.0
37,333,2.0
37,334,1.0
37,335,1.0
37,336,2.0
37,337,3.0
37,338,2.0
37,339,3.0
37,340,0.0
37,341,1.0
37,342,3.0
37,343,3.0
37,344,3.0
37,345,2.0
37,346,3.0
37,347,3.0
37,348,2.0
37,349,4.0
37,350,2.0
37,351,3.0
37,352,3.0
37,353,3.0
37,354,3.0
37,355,2.0
37,356,4.0
37,357,4.0
37,358,3.0
37,359,1.0
37,360,4.0
37,361,3.0
37,362,3.0
37,363,2.0
37,364,1.0
37,365,1.0
37,366,3.0
37,367,3.0
37,368,2.0
37,369,2.0
37,370,2.0
37,371,3.0
37,372,3.0
37,373,3.0
37,374,3.0
37,375,2.0
37,376,3.0
37,377,3.0
38,39,2.0
38,40,2.0
38,41,4.0
38,42,3.0
38,43,2.0
38,44,2.0
38,45,0.0
38,46,0.0
38,47,2.0
38,48,2.0
38,49,3.0
38,50,0.0
38,51,0.0
38,52,2.0
38,53,1.0
38,54,3.0
38,55,3.0
38,56,2.0
38,57,2.0
38,58,3.0
38,59,3.0
38,60,2.0
38,61,0.0
38,62,1.0
38,63,2.0
38,64,2.0
38,65,1.0
38,66,1.0
38,67,1.0
38,68,3.0
38,69,2.0
38,70,2.0
38,71,3.0
38,72,2.0
38,73,2.0
38,74,3.0
38,75,0.0
38,76,1.0
38,77,2.0
38,78,2.0
38,79,2.0
38,80,3.0
38,81,4.0
38,82,3.0
38,83,1.0
38,84,1.0
38,85,1.0
38,86,3.0
38,87,3.0
38,88,2.0
38,89,1.0
38,90,2.0
38,91,2.0
38,92,2.0
38,93,3.0
38,94,3.0
38,95,0.0
38,96,1.0
38,97,2.0
38,98,1.0
38,99,3.0
38,100,0.0
38,101,3.0
38,102,0.0
38,103,4.0
38,104,2.0
38,105,2.0
38,106,2.0
38,107,3.0
38,108,3.0
38,109,3.0
38,110,3.0
38,111,3.0
38,112,1.0
38,113,3.0
38,114,1.0
38,115,1.0
38,116,1.0
38,117,3.0
38,118,2.0
38,119,4.0
38,120,3.0
38,121,2.0
38,122,4.0
38,123,3.0
38,124,1.0
38,125,1.0
38,126,2.0
38,127,2.0
38,128,1.0
38,129,2.0
38,130,2.0
38,131,2.0
38,132,3.0
38,133,3.0
38,134,3.0
38,135,3.0
38,136,1.0
38,137,1.0
38,138,1.0
38,139,1.0
38,140,4.0
38,141,2.0
38,142,2.0
38,143,2.0
38,144,2.0
38,145,2.0
38,146,1.0
38,147,1.0
38,148,1.0
38,149,1.0
38,150,1.0
38,151,1.0
38,152,2.0
38,153,2.0
38,154,3.0
38,155,2.0
38,156,2.0
38,157,2.0
38,158,2.0
38,159,2.0
38,160,3.0
38,161,1.0
38,162,2.0
38,163,2.0
38,164,1.0
38,165,0.0
38,166,2.0
38,167,2.0
38,168,1.0
38,169,3.0
38,170,2.0
38,171,1.0
38,172,2.0
38,173,2.0
38,174,1.0
38,175,1.0
38,176,3.0
38,177,2.0
38,178,2.0
38,179,3.0
38,180,2.0
38,181,2.0
38,182,1.0
38,183,3.0
38,184,3.0
38,185,1.0
38,186,4.0
38,187,4.0
38,188,0.0
38,189,2.0
38,190,2.0
38,191,2.0
38,192,2.0
38,193,1.0
38,194,2.0
38,195,2.0
38,196,1.0
38,197,1.0
38,198,1.0
38,199,0.0
38,200,0.0
38,201,0.0
38,202,4.0
38,203,3.0
38,204,2.0
38,205,2.0
38,206,1.0
38,207,4.0
38,208,2.0
38,209,3.0
38,210,2.0
38,211,1.0
38,212,3.0
38,213,2.0
38,214,3.0
38,215,2.0
38,216,2.0
38,217,4.0
38,218,3.0
38,219,2.0
38,220,3.0
38,221,1.0
38,222,2.0
38,223,2.0
38,224,3.0
38,225,3.0
38,226,1.0
38,227,3.0
38,228,2.0
38,229,2.0
38,230,3.0
38,231,3.0
38,232,3.0
38,233,2.0
38,234,3.0
38,235,2.0
38,236,3.0
38,237,3.0
38,238,3.0
38,239,3.0
38,240,1.0
38,241,2.0
38,242,2.0
38,243,3.0
38,244,3.0
38,245,3.0
38,246,3.0
38,247,2.0
38,248,0.0
38,249,2.0
38,250,4.0
38,251,2.0
38,252,3.0
38,253,1.0
38,254,2.0
38,255,2.0
38,256,4.0
38,257,2.0
38,258,2.0
38,259,2.0
38,260,2.0
38,261,3.0
38,262,2.0
38,263,2.0
38,264,1.0
38,265,3.0
38,266,0.0
38,267,3.0
38,268,3.0
38,269,2.0
38,270,2.0
38,271,2.0
38,272,2.0
38,273,3.0
38,274,4.0
38,275,3.0
38,276,3.0
38,277,3.0
38,278,2.0
38,279,3.0
38,280,2.0
38,281,3.0
38,282,2.0
38,283,1.0
38,284,3.0
38,285,1.0
38,286,3.0
38,287,2.0
38,288,2.0
38,289,3.0
38,290,2.0
38,291,2.0
38,292,2.0
38,293,2.0
38,294,2.0
38,295,2.0
38,296,3.0
38,297,3.0
38,298,3.0
38,299,3.0
38,300,3.0
38,301,3.0
38,302,3.0
38,303,2.0
38,304,4.0
38,305,3.0
38,306,3.0
38,307,3.0
38,308,1.0
38,309,2.0
38,310,3.0
38,311,1.0
38,312,2.0
38,313,3.0
38,314,3.0
38,315,4.0
38,316,2.0
38,317,0.0
38,318,4.0
38,319,2.0
38,320,3.0
38,321,3.0
38,322,3.0
38,323,3.0
38,324,2.0
38,325,2.0
38,326,3.0
38,327,2.0
38,328,3.0
38,329,3.0
38,330,2.0
38,331,1.0
38,332,2.0
38,333,4.0
38,334,1.0
38,335,0.0
38,336,1.0
38,337,3.0
38,338,4.0
38,339,2.0
38,340,3.0
38,341,3.0
38,342,2.0
38,343,3.0
38,344,3.0
38,345,3.0
38,346,2.0
38,347,3.0
38,348,4.0
38,349,2.0
38,350,2.0
38,351,3.0
38,352,3.0
38,353,3.0
38,354,3.0
38,355,0.0
38,356,3.0
38,357,1.0
38,358,3.0
38,359,4.0
38,360,3.0
38,361,3.0
38,362,2.0
38,363,2.0
38,364,1.0
38,365,2.0
38,366,2.0
38,367,3.0
38,368,0.0
38,369,2.0
38,370,3.0
38,371,2.0
38,372,2.0
38,373,2.0
38,374,3.0
38,375,2.0
38,376,2.0
38,377,2.0
39,40,2.0
39,41,2.0
39,42,2.0
39,43,2.0
39,44,2.0
39,45,2.0
39,46,2.0
39,47,3.0
39,48,2.0
39,49,3.0
39,50,2.0
39,51,2.0
39,52,3.0
39,53,3.0
39,54,3.0
39,55,3.0
39,56,2.0
39,57,2.0
39,58,2.0
39,59,3.0
39,60,5.0
39,61,1.0
39,62,2.0
39,63,3.0
39,64,2.0
39,65,3.0
39,66,3.0
39,67,2.0
39,68,3.0
39,69,2.0
39,70,2.0
39,71,3.0
39,72,3.0
39,73,2.0
39,74,3.0
39,75,1.0
39,76,2.0
39,77,2.0
39,78,3.0
39,79,3.0
39,80,3.0
39,81,2.0
39,82,3.0
39,83,2.0
39,84,2.0
39,85,2.0
39,86,2.0
39,87,3.0
39,88,2.0
39,89,2.0
39,90,3.0
39,91,3.0
39,92,2.0
39,93,3.0
39,94,2.0
39,95,2.0
39,96,2.0
39,97,2.0
39,98,2.0
39,99,3.0
39,100,2.0
39,101,3.0
39,102,2.0
39,103,4.0
39,104,2.0
39,105,3.0
39,106,3.0
39,107,3.0
39,108,2.0
39,109,2.0
39,110,2.0
39,111,3.0
39,112,3.0
39,113,3.0
39,114,2.0
39,115,2.0
39,116,2.0
39,117,2.0
39,118,3.0
39,119,3.0
39,120,2.0
39,121,3.0
39,122,3.0
39,123,4.0
39,124,3.0
39,125,3.0
39,126,2.0
39,127,2.0
39,128,2.0
39,129,2.0
39,130,2.0
39,131,2.0
39,132,2.0
39,133,2.0
39,134,2.0
39,135,2.0
39,136,2.0
39,137,2.0
39,138,2.0
39,139,2.0
39,140,3.0
39,141,2.0
39,142,2.0
39,143,3.0
39,144,3.0
39,145,3.0
39,146,2.0
39,147,2.0
39,148,2.0
39,149,2.0
39,150,5.0
39,151,5.0
39,152,4.0
39,153,3.0
39,154,2.0
39,155,2.0
39,156,2.0
39,157,2.0
39,158,2.0
39,159,4.0
39,160,2.0
39,161,3.0
39,162,2.0
39,163,2.0
39,164,2.0
39,165,1.0
39,166,1.0
39,167,2.0
39,168,1.0
39,169,3.0
39,170,2.0
39,171,2.0
39,172,2.0
39,173,2.0
39,174,2.0
39,175,3.0
39,176,4.0
39,177,3.0
39,178,3.0
39,179,2.0
39,180,3.0
39,181,3.0
39,182,3.0
39,183,2.0
39,184,2.0
39,185,2.0
39,186,2.0
39,187,2.0
39,188,1.0
39,189,5.0
39,190,2.0
39,191,2.0
39,192,2.0
39,193,3.0
39,194,2.0
39,195,3.0
39,196,4.0
39,197,4.0
39,198,4.0
39,199,2.0
39,200,2.0
39,201,2.0
39,202,3.0
39,203,2.0
39,204,3.0
39,205,3.0
39,206,3.0
39,207,2.0
39,208,2.0
39,209,3.0
39,210,3.0
39,211,2.0
39,212,2.0
39,213,3.0
39,214,2.0
39,215,2.0
39,216,5.0
39,217,2.0
39,218,4.0
39,219,1.0
39,220,2.0
39,221,2.0
39,222,3.0
39,223,3.0
39,224,3.0
39,225,3.0
39,226,2.0
39,227,3.0
39,228,2.0
39,229,3.0
39,230,2.0
39,231,3.0
39,232,2.0
39,233,3.0
39,234,1.0
39,235,3.0
39,236,3.0
39,237,3.0
39,238,1.0
39,239,3.0
39,240,2.0
39,241,3.0
39,242,3.0
39,243,2.0
39,244,3.0
39,245,3.0
39,246,2.0
39,247,2.0
39,248,1.0
39,249,2.0
39,250,3.0
39,251,2.0
39,252,3.0
39,253,2.0
39,254,4.0
39,255,5.0
39,256,2.0
39,257,2.0
39,258,2.0
39,259,3.0
39,260,3.0
39,261,3.0
39,262,2.0
39,263,2.0
39,264,2.0
39,265,4.0
39,266,1.0
39,267,3.0
39,268,2.0
39,269,2.0
39,270,2.0
39,271,3.0
39,272,2.0
39,273,2.0
39,274,3.0
39,275,3.0
39,276,3.0
39,277,3.0
39,278,2.0
39,279,2.0
39,280,3.0
39,281,4.0
39,282,2.0
39,283,2.0
39,284,3.0
39,285,2.0
39,286,2.0
39,287,3.0
39,288,3.0
39,289,3.0
39,290,4.0
39,291,2.0
39,292,3.0
39,293,3.0
39,294,2.0
39,295,3.0
39,296,3.0
39,297,3.0
39,298,2.0
39,299,2.0
39,300,2.0
39,301,2.0
39,302,3.0
39,303,3.0
39,304,4.0
39,305,4.0
39,306,3.0
39,307,3.0
39,308,3.0
39,309,2.0
39,310,3.0
39,311,2.0
39,312,3.0
39,313,3.0
39,314,3.0
39,315,3.0
39,316,2.0
39,317,2.0
39,318,2.0
39,319,2.0
39,320,3.0
39,321,3.0
39,322,2.0
39,323,2.0
39,324,2.0
39,325,2.0
39,326,3.0
39,327,3.0
39,328,3.0
39,329,2.0
39,330,3.0
39,331,2.0
39,332,3.0
39,333,4.0
39,334,2.0
39,335,2.0
39,336,3.0
39,337,3.0
39,338,3.0
39,339,4.0
39,340,1.0
39,341,4.0
39,342,3.0
39,343,3.0
39,344,3.0
39,345,3.0
39,346,2.0
39,347,3.0
39,348,3.0
39,349,2.0
39,350,2.0
39,351,3.0
39,352,3.0
39,353,2.0
39,354,3.0
39,355,1.0
39,356,2.0
39,357,2.0
39,358,3.0
39,359,3.0
39,360,2.0
39,361,3.0
39,362,3.0
39,363,3.0
39,364,2.0
39,365,3.0
39,366,2.0
39,367,3.0
39,368,1.0
39,369,5.0
39,370,2.0
39,371,3.0
39,372,3.0
39,373,2.0
39,374,3.0
39,375,3.0
39,376,2.0
39,377,2.0
40,41,2.0
40,42,3.0
40,43,1.0
40,44,1.0
40,45,2.0
40,46,2.0
40,47,1.0
40,48,2.0
40,49,2.0
40,50,2.0
40,51,2.0
40,52,1.0
40,53,2.0
40,54,2.0
40,55,2.0
40,56,1.0
40,57,1.0
40,58,3.0
40,59,2.0
40,60,1.0
40,61,1.0
40,62,0.0
40,63,1.0
40,64,1.0
40,65,0.0
40,66,0.0
40,67,1.0
40,68,2.0
40,69,2.0
40,70,2.0
40,71,2.0
40,72,2.0
40,73,1.0
40,74,2.0
40,75,1.0
40,76,0.0
40,77,1.0
40,78,1.0
40,79,1.0
40,80,2.0
40,81,2.0
40,82,2.0
40,83,0.0
40,84,0.0
40,85,0.0
40,86,3.0
40,87,2.0
40,88,3.0
40,89,3.0
40,90,2.0
40,91,1.0
40,92,1.0
40,93,2.0
40,94,1.0
40,95,2.0
40,96,0.0
40,97,2.0
40,98,0.0
40,99,2.0
40,100,1.0
40,101,2.0
40,102,1.0
40,103,2.0
40,104,3.0
40,105,1.0
40,106,1.0
40,107,2.0
40,108,3.0
40,109,3.0
40,110,3.0
40,111,2.0
40,112,2.0
40,113,2.0
40,114,0.0
40,115,0.0
40,116,0.0
40,117,3.0
40,118,2.0
40,119,2.0
40,120,3.0
40,121,2.0
40,122,2.0
40,123,2.0
40,124,1.0
40,125,1.0
40,126,1.0
40,127,1.0
40,128,0.0
40,129,1.0
40,130,1.0
40,131,1.0
40,132,3.0
40,133,3.0
40,134,3.0
40,135,3.0
40,136,0.0
40,137,0.0
40,138,0.0
40,139,0.0
40,140,2.0
40,141,2.0
40,142,2.0
40,143,1.0
40,144,1.0
40,145,2.0
40,146,1.0
40,147,0.0
40,148,0.0
40,149,1.0
40,150,2.0
40,151,2.0
40,152,3.0
40,153,2.0
40,154,3.0
40,155,2.0
40,156,1.0
40,157,3.0
40,158,3.0
40,159,2.0
40,160,3.0
40,161,1.0
40,162,1.0
40,163,3.0
40,164,1.0
40,165,1.0
40,166,1.0
40,167,3.0
40,168,1.0
40,169,2.0
40,170,3.0
40,171,1.0
40,172,3.0
40,173,2.0
40,174,0.0
40,175,1.0
40,176,2.0
40,177,2.0
40,178,2.0
40,179,2.0
40,180,2.0
40,181,2.0
40,182,3.0
40,183,2.0
40,184,2.0
40,185,0.0
40,186,2.0
40,187,2.0
40,188,1.0
40,189,2.0
40,190,4.0
40,191,4.0
40,192,4.0
40,193,2.0
40,194,3.0
40,195,1.0
40,196,2.0
40,197,2.0
40,198,2.0
40,199,1.0
40,200,1.0
40,201,1.0
40,202,2.0
40,203,2.0
40,204,1.0
40,205,1.0
40,206,2.0
40,207,2.0
40,208,3.0
40,209,2.0
40,210,2.0
40,211,1.0
40,212,3.0
40,213,1.0
40,214,3.0
40,215,1.0
40,216,1.0
40,217,2.0
40,218,2.0
40,219,1.0
40,220,3.0
40,221,2.0
40,222,2.0
40,223,3.0
40,224,2.0
40,225,2.0
40,226,0.0
40,227,2.0
40,228,1.0
40,229,1.0
40,230,2.0
40,231,2.0
40,232,2.0
40,233,2.0
40,234,3.0
40,235,2.0
40,236,2.0
40,237,3.0
40,238,3.0
40,239,2.0
40,240,1.0
40,241,1.0
40,242,1.0
40,243,3.0
40,244,2.0
40,245,2.0
40,246,2.0
40,247,1.0
40,248,1.0
40,249,2.0
40,250,2.0
40,251,1.0
40,252,2.0
40,253,0.0
40,254,1.0
40,255,2.0
40,256,2.0
40,257,1.0
40,258,2.0
40,259,1.0
40,260,1.0
40,261,2.0
40,262,2.0
40,263,2.0
40,264,1.0
40,265,2.0
40,266,1.0
40,267,2.0
40,268,3.0
40,269,2.0
40,270,3.0
40,271,1.0
40,272,1.0
40,273,2.0
40,274,2.0
40,275,2.0
40,276,2.0
40,277,2.0
40,278,2.0
40,279,2.0
40,280,2.0
40,281,2.0
40,282,2.0
40,283,0.0
40,284,2.0
40,285,2.0
40,286,3.0
40,287,2.0
40,288,1.0
40,289,2.0
40,290,1.0
40,291,3.0
40,292,1.0
40,293,2.0
40,294,3.0
40,295,1.0
40,296,2.0
40,297,2.0
40,298,2.0
40,299,2.0
40,300,3.0
40,301,2.0
40,302,2.0
40,303,1.0
40,304,2.0
40,305,2.0
40,306,1.0
40,307,2.0
40,308,1.0
40,309,2.0
40,310,2.0
40,311,1.0
40,312,1.0
40,313,2.0
40,314,2.0
40,315,2.0
40,316,2.0
40,317,2.0
40,318,2.0
40,319,2.0
40,320,2.0
40,321,2.0
40,322,3.0
40,323,3.0
40,324,1.0
40,325,1.0
40,326,2.0
40,327,1.0
40,328,2.0
40,329,3.0
40,330,1.0
40,331,0.0
40,332,2.0
40,333,2.0
40,334,1.0
40,335,1.0
40,336,1.0
40,337,2.0
40,338,2.0
40,339,1.0
40,340,2.0
40,341,2.0
40,342,1.0
40,343,2.0
40,344,2.0
40,345,2.0
40,346,2.0
40,347,2.0
40,348,2.0
40,349,2.0
40,350,1.0
40,351,2.0
40,352,2.0
40,353,2.0
40,354,2.0
40,355,1.0
40,356,3.0
40,357,1.0
40,358,2.0
40,359,2.0
40,360,3.0
40,361,2.0
40,362,1.0
40,363,3.0
40,364,0.0
40,365,2.0
40,366,1.0
40,367,2.0
40,368,1.0
40,369,2.0
40,370,2.0
40,371,1.0
40,372,1.0
40,373,3.0
40,374,2.0
40,375,2.0
40,376,2.0
40,377,2.0
41,42,3.0
41,43,2.0
41,44,2.0
41,45,0.0
41,46,0.0
41,47,2.0
41,48,2.0
41,49,3.0
41,50,0.0
41,51,0.0
41,52,2.0
41,53,1.0
41,54,3.0
41,55,3.0
41,56,1.0
41,57,2.0
41,58,3.0
41,59,3.0
41,60,2.0
41,61,0.0
41,62,1.0
41,63,2.0
41,64,2.0
41,65,1.0
41,66,1.0
41,67,1.0
41,68,3.0
41,69,2.0
41,70,2.0
41,71,3.0
41,72,2.0
41,73,2.0
41,74,2.0
41,75,0.0
41,76,1.0
41,77,2.0
41,78,2.0
41,79,2.0
41,80,3.0
41,81,5.0
41,82,3.0
41,83,1.0
41,84,1.0
41,85,1.0
41,86,3.0
41,87,3.0
41,88,2.0
41,89,1.0
41,90,2.0
41,91,2.0
41,92,2.0
41,93,3.0
41,94,2.0
41,95,0.0
41,96,1.0
41,97,2.0
41,98,1.0
41,99,3.0
41,100,0.0
41,101,3.0
41,102,0.0
41,103,4.0
41,104,2.0
41,105,2.0
41,106,2.0
41,107,3.0
41,108,3.0
41,109,3.0
41,110,3.0
41,111,2.0
41,112,1.0
41,113,2.0
41,114,1.0
41,115,1.0
41,116,1.0
41,117,3.0
41,118,2.0
41,119,3.0
41,120,3.0
41,121,2.0
41,122,3.0
41,123,3.0
41,124,1.0
41,125,1.0
41,126,2.0
41,127,2.0
41,128,1.0
41,129,2.0
41,130,2.0
41,131,2.0
41,132,4.0
41,133,4.0
41,134,4.0
41,135,4.0
41,136,1.0
41,137,1.0
41,138,1.0
41,139,1.0
41,140,4.0
41,141,2.0
41,142,2.0
41,143,2.0
41,144,2.0
41,145,2.0
41,146,1.0
41,147,1.0
41,148,1.0
41,149,1.0
41,150,1.0
41,151,1.0
41,152,2.0
41,153,2.0
41,154,3.0
41,155,2.0
41,156,2.0
41,157,2.0
41,158,2.0
41,159,2.0
41,160,3.0
41,161,1.0
41,162,2.0
41,163,2.0
41,164,1.0
41,165,0.0
41,166,2.0
41,167,2.0
41,168,1.0
41,169,3.0
41,170,2.0
41,171,1.0
41,172,2.0
41,173,2.0
41,174,1.0
41,175,1.0
41,176,3.0
41,177,2.0
41,178,2.0
41,179,3.0
41,180,2.0
41,181,2.0
41,182,1.0
41,183,3.0
41,184,3.0
41,185,1.0
41,186,5.0
41,187,5.0
41,188,0.0
41,189,2.0
41,190,2.0
41,191,2.0
41,192,2.0
41,193,1.0
41,194,2.0
41,195,2.0
41,196,1.0
41,197,1.0
41,198,1.0
41,199,0.0
41,200,0.0
41,201,0.0
41,202,4.0
41,203,3.0
41,204,2.0
41,205,2.0
41,206,1.0
41,207,3.0
41,208,2.0
41,209,3.0
41,210,2.0
41,211,1.0
41,212,3.0
41,213,2.0
41,214,3.0
41,215,2.0
41,216,2.0
41,217,4.0
41,218,3.0
41,219,2.0
41,220,3.0
41,221,1.0
41,222,2.0
41,223,2.0
41,224,3.0
41,225,3.0
41,226,1.0
41,227,3.0
41,228,2.0
41,229,2.0
41,230,3.0
41,231,3.0
41,232,3.0
41,233,2.0
41,234,4.0
41,235,2.0
41,236,3.0
41,237,3.0
41,238,4.0
41,239,3.0
41,240,1.0
41,241,2.0
41,242,2.0
41,243,3.0
41,244,3.0
41,245,3.0
41,246,3.0
41,247,2.0
41,248,0.0
41,249,2.0
41,250,4.0
41,251,2.0
41,252,3.0
41,253,1.0
41,254,2.0
41,255,2.0
41,256,5.0
41,257,2.0
41,258,2.0
41,259,2.0
41,260,2.0
41,261,3.0
41,262,2.0
41,263,2.0
41,264,1.0
41,265,3.0
41,266,0.0
41,267,3.0
41,268,3.0
41,269,2.0
41,270,2.0
41,271,2.0
41,272,2.0
41,273,3.0
41,274,3.0
41,275,3.0
41,276,3.0
41,277,3.0
41,278,2.0
41,279,3.0
41,280,2.0
41,281,3.0
41,282,2.0
41,283,1.0
41,284,3.0
41,285,1.0
41,286,3.0
41,287,2.0
41,288,2.0
41,289,3.0
41,290,2.0
41,291,2.0
41,292,2.0
41,293,2.0
41,294,2.0
41,295,2.0
41,296,3.0
41,297,3.0
41,298,3.0
41,299,3.0
41,300,3.0
41,301,3.0
41,302,3.0
41,303,2.0
41,304,4.0
41,305,3.0
41,306,2.0
41,307,3.0
41,308,1.0
41,309,2.0
41,310,3.0
41,311,1.0
41,312,2.0
41,313,3.0
41,314,3.0
41,315,3.0
41,316,2.0
41,317,0.0
41,318,3.0
41,319,2.0
41,320,3.0
41,321,3.0
41,322,3.0
41,323,3.0
41,324,2.0
41,325,2.0
41,326,3.0
41,327,2.0
41,328,3.0
41,329,3.0
41,330,2.0
41,331,1.0
41,332,2.0
41,333,4.0
41,334,1.0
41,335,0.0
41,336,1.0
41,337,3.0
41,338,4.0
41,339,2.0
41,340,4.0
41,341,3.0
41,342,2.0
41,343,3.0
41,344,3.0
41,345,3.0
41,346,2.0
41,347,3.0
41,348,4.0
41,349,2.0
41,350,2.0
41,351,3.0
41,352,3.0
41,353,3.0
41,354,3.0
41,355,0.0
41,356,3.0
41,357,1.0
41,358,3.0
41,359,3.0
41,360,3.0
41,361,3.0
41,362,2.0
41,363,2.0
41,364,1.0
41,365,2.0
41,366,2.0
41,367,3.0
41,368,0.0
41,369,2.0
41,370,3.0
41,371,2.0
41,372,2.0
41,373,2.0
41,374,3.0
41,375,2.0
41,376,2.0
41,377,2.0
42,43,1.0
42,44,1.0
42,45,1.0
42,46,1.0
42,47,1.0
42,48,3.0
42,49,3.0
42,50,1.0
42,51,1.0
42,52,1.0
42,53,1.0
42,54,2.0
42,55,2.0
42,56,1.0
42,57,2.0
42,58,3.0
42,59,2.0
42,60,2.0
42,61,1.0
42,62,1.0
42,63,2.0
42,64,1.0
42,65,1.0
42,66,1.0
42,67,2.0
42,68,2.0
42,69,1.0
42,70,1.0
42,71,2.0
42,72,1.0
42,73,1.0
42,74,3.0
42,75,1.0
42,76,1.0
42,77,1.0
42,78,1.0
42,79,1.0
42,80,2.0
42,81,3.0
42,82,2.0
42,83,1.0
42,84,1.0
42,85,1.0
42,86,3.0
42,87,2.0
42,88,3.0
42,89,2.0
42,90,3.0
42,91,2.0
42,92,2.0
42,93,2.0
42,94,2.0
42,95,1.0
42,96,1.0
42,97,3.0
42,98,1.0
42,99,3.0
42,100,0.0
42,101,2.0
42,102,0.0
42,103,3.0
42,104,3.0
42,105,1.0
42,106,1.0
42,107,2.0
42,108,2.0
42,109,3.0
42,110,3.0
42,111,3.0
42,112,1.0
42,113,3.0
42,114,1.0
42,115,1.0
42,116,1.0
42,117,3.0
42,118,3.0
42,119,2.0
42,120,3.0
42,121,3.0
42,122,2.0
42,123,2.0
42,124,1.0
42,125,1.0
42,126,1.0
42,127,1.0
42,128,1.0
42,129,1.0
42,130,1.0
42,131,1.0
42,132,4.0
42,133,4.0
42,134,4.0
42,135,4.0
42,136,1.0
42,137,1.0
42,138,1.0
42,139,1.0
42,140,3.0
42,141,1.0
42,142,3.0
42,143,1.0
42,144,1.0
42,145,2.0
42,146,1.0
42,147,1.0
42,148,1.0
42,149,1.0
42,150,1.0
42,151,1.0
42,152,2.0
42,153,2.0
42,154,3.0
42,155,3.0
42,156,1.0
42,157,3.0
42,158,3.0
42,159,2.0
42,160,2.0
42,161,1.0
42,162,2.0
42,163,3.0
42,164,1.0
42,165,1.0
42,166,1.0
42,167,3.0
42,168,3.0
42,169,2.0
42,170,3.0
42,171,1.0
42,172,3.0
42,173,3.0
42,174,1.0
42,175,1.0
42,176,3.0
42,177,1.0
42,178,1.0
42,179,3.0
42,180,1.0
42,181,1.0
42,182,2.0
42,183,2.0
42,184,2.0
42,185,1.0
42,186,3.0
42,187,3.0
42,188,1.0
42,189,2.0
42,190,3.0
42,191,3.0
42,192,3.0
42,193,1.0
42,194,3.0
42,195,2.0
42,196,1.0
42,197,1.0
42,198,1.0
42,199,0.0
42,200,0.0
42,201,0.0
42,202,3.0
42,203,2.0
42,204,2.0
42,205,2.0
42,206,1.0
42,207,2.0
42,208,3.0
42,209,2.0
42,210,3.0
42,211,1.0
42,212,3.0
42,213,1.0
42,214,3.0
42,215,1.0
42,216,2.0
42,217,3.0
42,218,3.0
42,219,1.0
42,220,3.0
42,221,1.0
42,222,3.0
42,223,3.0
42,224,2.0
42,225,2.0
42,226,1.0
42,227,2.0
42,228,2.0
42,229,1.0
42,230,2.0
42,231,2.0
42,232,2.0
42,233,1.0
42,234,4.0
42,235,2.0
42,236,2.0
42,237,4.0
42,238,4.0
42,239,2.0
42,240,1.0
42,241,1.0
42,242,2.0
42,243,3.0
42,244,2.0
42,245,2.0
42,246,2.0
42,247,1.0
42,248,1.0
42,249,3.0
42,250,3.0
42,251,2.0
42,252,3.0
42,253,1.0
42,254,3.0
42,255,2.0
42,256,3.0
42,257,1.0
42,258,2.0
42,259,1.0
42,260,2.0
42,261,2.0
42,262,3.0
42,263,2.0
42,264,1.0
42,265,3.0
42,266,1.0
42,267,2.0
42,268,3.0
42,269,2.0
42,270,3.0
42,271,1.0
42,272,1.0
42,273,2.0
42,274,2.0
42,275,2.0
42,276,2.0
42,277,2.0
42,278,2.0
42,279,4.0
42,280,3.0
42,281,3.0
42,282,3.0
42,283,1.0
42,284,2.0
42,285,1.0
42,286,3.0
42,287,2.0
42,288,2.0
42,289,2.0
42,290,2.0
42,291,3.0
42,292,2.0
42,293,1.0
42,294,3.0
42,295,1.0
42,296,2.0
42,297,2.0
42,298,2.0
42,299,2.0
42,300,4.0
42,301,3.0
42,302,2.0
42,303,2.0
42,304,3.0
42,305,3.0
42,306,2.0
42,307,2.0
42,308,3.0
42,309,2.0
42,310,2.0
42,311,1.0
42,312,1.0
42,313,2.0
42,314,2.0
42,315,2.0
42,316,3.0
42,317,1.0
42,318,2.0
42,319,3.0
42,320,2.0
42,321,2.0
42,322,3.0
42,323,3.0
42,324,1.0
42,325,1.0
42,326,2.0
42,327,1.0
42,328,2.0
42,329,3.0
42,330,1.0
42,331,1.0
42,332,2.0
42,333,3.0
42,334,1.0
42,335,1.0
42,336,1.0
42,337,2.0
42,338,3.0
42,339,2.0
42,340,2.0
42,341,3.0
42,342,2.0
42,343,2.0
42,344,2.0
42,345,2.0
42,346,3.0
42,347,2.0
42,348,3.0
42,349,2.0
42,350,2.0
42,351,2.0
42,352,2.0
42,353,2.0
42,354,2.0
42,355,1.0
42,356,3.0
42,357,2.0
42,358,2.0
42,359,2.0
42,360,3.0
42,361,2.0
42,362,1.0
42,363,3.0
42,364,1.0
42,365,2.0
42,366,1.0
42,367,2.0
42,368,1.0
42,369,2.0
42,370,2.0
42,371,1.0
42,372,2.0
42,373,3.0
42,374,2.0
42,375,1.0
42,376,3.0
42,377,3.0
43,44,2.0
43,45,1.0
43,46,1.0
43,47,4.0
43,48,2.0
43,49,3.0
43,50,1.0
43,51,1.0
43,52,4.0
43,53,2.0
43,54,4.0
43,55,4.0
43,56,1.0
43,57,2.0
43,58,3.0
43,59,4.0
43,60,2.0
43,61,1.0
43,62,1.0
43,63,3.0
43,64,5.0
43,65,3.0
43,66,3.0
43,67,3.0
43,68,4.0
43,69,3.0
43,70,3.0
43,71,4.0
43,72,3.0
43,73,4.0
43,74,1.0
43,75,1.0
43,76,1.0
43,77,4.0
43,78,4.0
43,79,4.0
43,80,4.0
43,81,2.0
43,82,4.0
43,83,1.0
43,84,1.0
43,85,1.0
43,86,3.0
43,87,4.0
43,88,2.0
43,89,1.0
43,90,1.0
43,91,1.0
43,92,1.0
43,93,4.0
43,94,1.0
43,95,1.0
43,96,1.0
43,97,2.0
43,98,1.0
43,99,1.0
43,100,0.0
43,101,4.0
43,102,0.0
43,103,3.0
43,104,2.0
43,105,4.0
43,106,4.0
43,107,4.0
43,108,3.0
43,109,3.0
43,110,2.0
43,111,1.0
43,112,2.0
43,113,1.0
43,114,1.0
43,115,1.0
43,116,1.0
43,117,3.0
43,118,1.0
43,119,2.0
43,120,3.0
43,121,1.0
43,122,2.0
43,123,3.0
43,124,1.0
43,125,1.0
43,126,4.0
43,127,4.0
43,128,1.0
43,129,4.0
43,130,4.0
43,131,4.0
43,132,1.0
43,133,1.0
43,134,1.0
43,135,1.0
43,136,1.0
43,137,1.0
43,138,1.0
43,139,1.0
43,140,3.0
43,141,3.0
43,142,1.0
43,143,4.0
43,144,4.0
43,145,2.0
43,146,2.0
43,147,1.0
43,148,1.0
43,149,2.0
43,150,2.0
43,151,2.0
43,152,1.0
43,153,2.0
43,154,3.0
43,155,2.0
43,156,3.0
43,157,2.0
43,158,2.0
43,159,1.0
43,160,3.0
43,161,1.0
43,162,4.0
43,163,2.0
43,164,2.0
43,165,0.0
43,166,4.0
43,167,2.0
43,168,3.0
43,169,4.0
43,170,2.0
43,171,2.0
43,172,2.0
43,173,2.0
43,174,1.0
43,175,1.0
43,176,1.0
43,177,3.0
43,178,3.0
43,179,3.0
43,180,3.0
43,181,3.0
43,182,2.0
43,183,4.0
43,184,4.0
43,185,1.0
43,186,2.0
43,187,2.0
43,188,1.0
43,189,2.0
43,190,1.0
43,191,1.0
43,192,1.0
43,193,2.0
43,194,2.0
43,195,1.0
43,196,2.0
43,197,2.0
43,198,2.0
43,199,0.0
43,200,0.0
43,201,0.0
43,202,3.0
43,203,2.0
43,204,1.0
43,205,1.0
43,206,1.0
43,207,3.0
43,208,2.0
43,209,4.0
43,210,2.0
43,211,2.0
43,212,3.0
43,213,4.0
43,214,3.0
43,215,2.0
43,216,2.0
43,217,3.0
43,218,1.0
43,219,4.0
43,220,3.0
43,221,1.0
43,222,1.0
43,223,2.0
43,224,4.0
43,225,4.0
43,226,1.0
43,227,4.0
43,228,3.0
43,229,3.0
43,230,4.0
43,231,4.0
43,232,2.0
43,233,3.0
43,234,1.0
43,235,3.0
43,236,3.0
43,237,2.0
43,238,1.0
43,239,4.0
43,240,2.0
43,241,4.0
43,242,3.0
43,243,3.0
43,244,4.0
43,245,3.0
43,246,4.0
43,247,4.0
43,248,1.0
43,249,2.0
43,250,3.0
43,251,3.0
43,252,1.0
43,253,3.0
43,254,1.0
43,255,2.0
43,256,2.0
43,257,2.0
43,258,3.0
43,259,3.0
43,260,3.0
43,261,4.0
43,262,2.0
43,263,3.0
43,264,2.0
43,265,1.0
43,266,0.0
43,267,4.0
43,268,3.0
43,269,1.0
43,270,2.0
43,271,3.0
43,272,4.0
43,273,3.0
43,274,2.0
43,275,4.0
43,276,4.0
43,277,4.0
43,278,3.0
43,279,1.0
43,280,2.0
43,281,1.0
43,282,3.0
43,283,1.0
43,284,4.0
43,285,1.0
43,286,3.0
43,287,1.0
43,288,1.0
43,289,4.0
43,290,2.0
43,291,1.0
43,292,3.0
43,293,3.0
43,294,2.0
43,295,4.0
43,296,3.0
43,297,4.0
43,298,4.0
43,299,4.0
43,300,1.0
43,301,2.0
43,302,4.0
43,303,3.0
43,304,3.0
43,305,1.0
43,306,2.0
43,307,4.0
43,308,3.0
43,309,3.0
43,310,4.0
43,311,2.0
43,312,3.0
43,313,4.0
43,314,4.0
43,315,2.0
43,316,2.0
43,317,0.0
43,318,3.0
43,319,1.0
43,320,4.0
43,321,4.0
43,322,3.0
43,323,3.0
43,324,4.0
43,325,2.0
43,326,4.0
43,327,3.0
43,328,4.0
43,329,3.0
43,330,4.0
43,331,1.0
43,332,3.0
43,333,3.0
43,334,1.0
43,335,0.0
43,336,1.0
43,337,4.0
43,338,3.0
43,339,3.0
43,340,1.0
43,341,1.0
43,342,3.0
43,343,4.0
43,344,4.0
43,345,3.0
43,346,2.0
43,347,4.0
43,348,3.0
43,349,3.0
43,350,2.0
43,351,4.0
43,352,4.0
43,353,3.0
43,354,4.0
43,355,1.0
43,356,3.0
43,357,3.0
43,358,4.0
43,359,2.0
43,360,3.0
43,361,4.0
43,362,4.0
43,363,1.0
43,364,1.0
43,365,1.0
43,366,4.0
43,367,4.0
43,368,2.0
43,369,2.0
43,370,4.0
43,371,4.0
43,372,3.0
43,373,2.0
43,374,4.0
43,375,3.0
43,376,2.0
43,377,3.0
44,45,0.0
44,46,0.0
44,47,3.0
44,48,2.0
44,49,2.0
44,50,0.0
44,51,0.0
44,52,3.0
44,53,2.0
44,54,2.0
44,55,2.0
44,56,1.0
44,57,2.0
44,58,2.0
44,59,2.0
44,60,2.0
44,61,0.0
44,62,3.0
44,63,1.0
44,64,2.0
44,65,2.0
44,66,2.0
44,67,1.0
44,68,2.0
44,69,2.0
44,70,2.0
44,71,2.0
44,72,3.0
44,73,2.0
44,74,1.0
44,75,0.0
44,76,4.0
44,77,2.0
44,78,3.0
44,79,3.0
44,80,2.0
44,81,2.0
44,82,2.0
44,83,4.0
44,84,4.0
44,85,4.0
44,86,2.0
44,87,2.0
44,88,1.0
44,89,1.0
44,90,2.0
44,91,2.0
44,92,2.0
44,93,2.0
44,94,1.0
44,95,0.0
44,96,3.0
44,97,2.0
44,98,3.0
44,99,1.0
44,100,3.0
44,101,2.0
44,102,3.0
44,103,2.0
44,104,2.0
44,105,3.0
44,106,3.0
44,107,2.0
44,108,2.0
44,109,2.0
44,110,3.0
44,111,1.0
44,112,2.0
44,113,1.0
44,114,4.0
44,115,4.0
44,116,4.0
44,117,2.0
44,118,2.0
44,119,2.0
44,120,2.0
44,121,2.0
44,122,2.0
44,123,3.0
44,124,2.0
44,125,2.0
44,126,2.0
44,127,2.0
44,128,4.0
44,129,2.0
44,130,2.0
44,131,2.0
44,132,3.0
44,133,3.0
44,134,3.0
44,135,3.0
44,136,3.0
44,137,3.0
44,138,3.0
44,139,4.0
44,140,2.0
44,141,2.0
44,142,1.0
44,143,3.0
44,144,3.0
44,145,1.0
44,146,1.0
44,147,4.0
44,148,4.0
44,149,1.0
44,150,2.0
44,151,2.0
44,152,2.0
44,153,1.0
44,154,2.0
44,155,2.0
44,156,2.0
44,157,1.0
44,158,1.0
44,159,2.0
44,160,2.0
44,161,2.0
44,162,2.0
44,163,1.0
44,164,1.0
44,165,3.0
44,166,2.0
44,167,1.0
44,168,1.0
44,169,2.0
44,170,1.0
44,171,1.0
44,172,1.0
44,173,2.0
44,174,4.0
44,175,2.0
44,176,2.0
44,177,3.0
44,178,3.0
44,179,2.0
44,180,3.0
44,181,3.0
44,182,1.0
44,183,2.0
44,184,2.0
44,185,4.0
44,186,2.0
44,187,2.0
44,188,0.0
44,189,2.0
44,190,1.0
44,191,1.0
44,192,1.0
44,193,1.0
44,194,1.0
44,195,1.0
44,196,1.0
44,197,1.0
44,198,1.0
44,199,3.0
44,200,3.0
44,201,3.0
44,202,2.0
44,203,3.0
44,204,1.0
44,205,1.0
44,206,1.0
44,207,2.0
44,208,1.0
44,209,2.0
44,210,1.0
44,211,1.0
44,212,2.0
44,213,3.0
44,214,2.0
44,215,2.0
44,216,2.0
44,217,2.0
44,218,2.0
44,219,2.0
44,220,2.0
44,221,1.0
44,222,2.0
44,223,1.0
44,224,2.0
44,225,2.0
44,226,4.0
44,227,2.0
44,228,1.0
44,229,3.0
44,230,2.0
44,231,2.0
44,232,3.0
44,233,3.0
44,234,1.0
44,235,1.0
44,236,2.0
44,237,2.0
44,238,1.0
44,239,2.0
44,240,1.0
44,241,3.0
44,242,1.0
44,243,2.0
44,244,2.0
44,245,2.0
44,246,2.0
44,247,2.0
44,248,0.0
44,249,2.0
44,250,2.0
44,251,1.0
44,252,1.0
44,253,1.0
44,254,2.0
44,255,2.0
44,256,2.0
44,257,2.0
44,258,2.0
44,259,3.0
44,260,1.0
44,261,2.0
44,262,3.0
44,263,2.0
44,264,1.0
44,265,2.0
44,266,0.0
44,267,2.0
44,268,2.0
44,269,1.0
44,270,1.0
44,271,3.0
44,272,2.0
44,273,2.0
44,274,2.0
44,275,2.0
44,276,2.0
44,277,2.0
44,278,2.0
44,279,1.0
44,280,1.0
44,281,2.0
44,282,1.0
44,283,4.0
44,284,2.0
44,285,2.0
44,286,2.0
44,287,2.0
44,288,2.0
44,289,2.0
44,290,2.0
44,291,1.0
44,292,1.0
44,293,3.0
44,294,1.0
44,295,3.0
44,296,2.0
44,297,2.0
44,298,2.0
44,299,2.0
44,300,1.0
44,301,2.0
44,302,2.0
44,303,1.0
44,304,2.0
44,305,2.0
44,306,1.0
44,307,2.0
44,308,1.0
44,309,2.0
44,310,2.0
44,311,1.0
44,312,3.0
44,313,2.0
44,314,2.0
44,315,2.0
44,316,2.0
44,317,1.0
44,318,2.0
44,319,2.0
44,320,2.0
44,321,2.0
44,322,2.0
44,323,2.0
44,324,2.0
44,325,6.0
44,326,2.0
44,327,3.0
44,328,2.0
44,329,2.0
44,330,3.0
44,331,4.0
44,332,1.0
44,333,2.0
44,334,4.0
44,335,3.0
44,336,2.0
44,337,2.0
44,338,2.0
44,339,3.0
44,340,1.0
44,341,2.0
44,342,1.0
44,343,2.0
44,344,2.0
44,345,2.0
44,346,2.0
44,347,2.0
44,348,2.0
44,349,2.0
44,350,1.0
44,351,2.0
44,352,2.0
44,353,2.0
44,354,2.0
44,355,0.0
44,356,2.0
44,357,1.0
44,358,2.0
44,359,2.0
44,360,2.0
44,361,2.0
44,362,3.0
44,363,2.0
44,364,4.0
44,365,2.0
44,366,2.0
44,367,2.0
44,368,1.0
44,369,2.0
44,370,2.0
44,371,3.0
44,372,1.0
44,373,1.0
44,374,2.0
44,375,3.0
44,376,3.0
44,377,1.0
45,46,5.0
45,47,1.0
45,48,2.0
45,49,1.0
45,50,5.0
45,51,5.0
45,52,1.0
45,53,3.0
45,54,1.0
45,55,1.0
45,56,1.0
45,57,0.0
45,58,3.0
45,59,1.0
45,60,1.0
45,61,4.0
45,62,0.0
45,63,1.0
45,64,1.0
45,65,1.0
45,66,1.0
45,67,2.0
45,68,1.0
45,69,3.0
45,70,3.0
45,71,1.0
45,72,3.0
45,73,1.0
45,74,1.0
45,75,4.0
45,76,0.0
45,77,1.0
45,78,1.0
45,79,1.0
45,80,1.0
45,81,0.0
45,82,1.0
45,83,0.0
45,84,0.0
45,85,0.0
45,86,3.0
45,87,1.0
45,88,3.0
45,89,1.0
45,90,2.0
45,91,1.0
45,92,0.0
45,93,1.0
45,94,0.0
45,95,4.0
45,96,0.0
45,97,1.0
45,98,0.0
45,99,2.0
45,100,1.0
45,101,1.0
45,102,1.0
45,103,1.0
45,104,2.0
45,105,1.0
45,106,1.0
45,107,1.0
45,108,3.0
45,109,3.0
45,110,2.0
45,111,1.0
45,112,3.0
45,113,1.0
45,114,0.0
45,115,0.0
45,116,0.0
45,117,3.0
45,118,2.0
45,119,1.0
45,120,3.0
45,121,2.0
45,122,1.0
45,123,1.0
45,124,2.0
45,125,2.0
45,126,1.0
45,127,1.0
45,128,0.0
45,129,1.0
45,130,1.0
45,131,1.0
45,132,1.0
45,133,1.0
45,134,1.0
45,135,1.0
45,136,0.0
45,137,0.0
45,138,0.0
45,139,0.0
45,140,0.0
45,141,3.0
45,142,1.0
45,143,1.0
45,144,1.0
45,145,2.0
45,146,4.0
45,147,0.0
45,148,0.0
45,149,4.0
45,150,2.0
45,151,2.0
45,152,1.0
45,153,1.0
45,154,3.0
45,155,1.0
45,156,2.0
45,157,2.0
45,158,2.0
45,159,1.0
45,160,2.0
45,161,2.0
45,162,1.0
45,163,2.0
45,164,4.0
45,165,1.0
45,166,1.0
45,167,2.0
45,168,2.0
45,169,1.0
45,170,2.0
45,171,1.0
45,172,2.0
45,173,1.0
45,174,0.0
45,175,2.0
45,176,1.0
45,177,3.0
45,178,3.0
45,179,2.0
45,180,3.0
45,181,3.0
45,182,1.0
45,183,1.0
45,184,1.0
45,185,0.0
45,186,0.0
45,187,0.0
45,188,4.0
45,189,1.0
45,190,2.0
45,191,2.0
45,192,2.0
45,193,2.0
45,194,2.0
45,195,2.0
45,196,2.0
45,197,2.0
45,198,2.0
45,199,1.0
45,200,1.0
45,201,1.0
45,202,0.0
45,203,1.0
45,204,2.0
45,205,2.0
45,206,2.0
45,207,1.0
45,208,2.0
45,209,1.0
45,210,2.0
45,211,1.0
45,212,3.0
45,213,1.0
45,214,3.0
45,215,1.0
45,216,1.0
45,217,1.0
45,218,1.0
45,219,1.0
45,220,3.0
45,221,1.0
45,222,2.0
45,223,3.0
45,224,1.0
45,225,1.0
45,226,0.0
45,227,1.0
45,228,1.0
45,229,2.0
45,230,1.0
45,231,1.0
45,232,1.0
45,233,3.0
45,234,1.0
45,235,1.0
45,236,1.0
45,237,1.0
45,238,1.0
45,239,1.0
45,240,1.0
45,241,1.0
45,242,1.0
45,243,3.0
45,244,1.0
45,245,1.0
45,246,1.0
45,247,1.0
45,248,4.0
45,249,1.0
45,250,0.0
45,251,1.0
45,252,2.0
45,253,1.0
45,254,1.0
45,255,1.0
45,256,0.0
45,257,1.0
45,258,3.0
45,259,2.0
45,260,1.0
45,261,1.0
45,262,1.0
45,263,3.0
45,264,1.0
45,265,1.0
45,266,3.0
45,267,1.0
45,268,3.0
45,269,0.0
45,270,2.0
45,271,2.0
45,272,1.0
45,273,2.0
45,274,1.0
45,275,1.0
45,276,1.0
45,277,1.0
45,278,3.0
45,279,0.0
45,280,2.0
45,281,1.0
45,282,2.0
45,283,0.0
45,284,1.0
45,285,1.0
45,286,3.0
45,287,2.0
45,288,1.0
45,289,1.0
45,290,1.0
45,291,1.0
45,292,1.0
45,293,3.0
45,294,2.0
45,295,1.0
45,296,0.0
45,297,1.0
45,298,1.0
45,299,1.0
45,300,2.0
45,301,1.0
45,302,1.0
45,303,1.0
45,304,1.0
45,305,1.0
45,306,0.0
45,307,1.0
45,308,3.0
45,309,3.0
45,310,1.0
45,311,1.0
45,312,2.0
45,313,1.0
45,314,1.0
45,315,1.0
45,316,1.0
45,317,2.0
45,318,1.0
45,319,1.0
45,320,1.0
45,321,1.0
45,322,3.0
45,323,3.0
45,324,1.0
45,325,0.0
45,326,1.0
45,327,2.0
45,328,1.0
45,329,3.0
45,330,1.0
45,331,0.0
45,332,1.0
45,333,1.0
45,334,0.0
45,335,1.0
45,336,2.0
45,337,1.0
45,338,0.0
45,339,2.0
45,340,0.0
45,341,1.0
45,342,1.0
45,343,1.0
45,344,1.0
45,345,0.0
45,346,1.0
45,347,1.0
45,348,0.0
45,349,3.0
45,350,1.0
45,351,1.0
45,352,1.0
45,353,2.0
45,354,1.0
45,355,4.0
45,356,3.0
45,357,3.0
45,358,1.0
45,359,1.0
45,360,3.0
45,361,1.0
45,362,1.0
45,363,2.0
45,364,0.0
45,365,2.0
45,366,1.0
45,367,1.0
45,368,2.0
45,369,1.0
45,370,1.0
45,371,1.0
45,372,1.0
45,373,2.0
45,374,1.0
45,375,3.0
45,376,1.0
45,377,2.0
46,47,1.0
46,48,2.0
46,49,1.0
46,50,5.0
46,51,5.0
46,52,1.0
46,53,3.0
46,54,1.0
46,55,1.0
46,56,1.0
46,57,0.0
46,58,3.0
46,59,1.0
46,60,1.0
46,61,4.0
46,62,0.0
46,63,1.0
46,64,1.0
46,65,1.0
46,66,1.0
46,67,2.0
46,68,1.0
46,69,3.0
46,70,3.0
46,71,1.0
46,72,3.0
46,73,1.0
46,74,1.0
46,75,4.0
46,76,0.0
46,77,1.0
46,78,1.0
46,79,1.0
46,80,1.0
46,81,0.0
46,82,1.0
46,83,0.0
46,84,0.0
46,85,0.0
46,86,3.0
46,87,1.0
46,88,3.0
46,89,1.0
46,90,2.0
46,91,1.0
46,92,0.0
46,93,1.0
46,94,0.0
46,95,4.0
46,96,0.0
46,97,1.0
46,98,0.0
46,99,2.0
46,100,1.0
46,101,1.0
46,102,1.0
46,103,1.0
46,104,2.0
46,105,1.0
46,106,1.0
46,107,1.0
46,108,3.0
46,109,3.0
46,110,2.0
46,111,1.0
46,112,3.0
46,113,1.0
46,114,0.0
46,115,0.0
46,116,0.0
46,117,3.0
46,118,2.0
46,119,1.0
46,120,3.0
46,121,2.0
46,122,1.0
46,123,1.0
46,124,2.0
46,125,2.0
46,126,1.0
46,127,1.0
46,128,0.0
46,129,1.0
46,130,1.0
46,131,1.0
46,132,1.0
46,133,1.0
46,134,1.0
46,135,1.0
46,136,0.0
46,137,0.0
46,138,0.0
46,139,0.0
46,140,0.0
46,141,3.0
46,142,1.0
46,143,1.0
46,144,1.0
46,145,2.0
46,146,4.0
46,147,0.0
46,148,0.0
46,149,4.0
46,150,2.0
46,151,2.0
46,152,1.0
46,153,1.0
46,154,3.0
46,155,1.0
46,156,2.0
46,157,2.0
46,158,2.0
46,159,1.0
46,160,2.0
46,161,2.0
46,162,1.0
46,163,2.0
46,164,4.0
46,165,1.0
46,166,1.0
46,167,2.0
46,168,2.0
46,169,1.0
46,170,2.0
46,171,1.0
46,172,2.0
46,173,1.0
46,174,0.0
46,175,2.0
46,176,1.0
46,177,3.0
46,178,3.0
46,179,2.0
46,180,3.0
46,181,3.0
46,182,1.0
46,183,1.0
46,184,1.0
46,185,0.0
46,186,0.0
46,187,0.0
46,188,4.0
46,189,1.0
46,190,2.0
46,191,2.0
46,192,2.0
46,193,2.0
46,194,2.0
46,195,2.0
46,196,2.0
46,197,2.0
46,198,2.0
46,199,1.0
46,200,1.0
46,201,1.0
46,202,0.0
46,203,1.0
46,204,2.0
46,205,2.0
46,206,2.0
46,207,1.0
46,208,2.0
46,209,1.0
46,210,2.0
46,211,1.0
46,212,3.0
46,213,1.0
46,214,3.0
46,215,1.0
46,216,1.0
46,217,1.0
46,218,1.0
46,219,1.0
46,220,3.0
46,221,1.0
46,222,2.0
46,223,3.0
46,224,1.0
46,225,1.0
46,226,0.0
46,227,1.0
46,228,1.0
46,229,2.0
46,230,1.0
46,231,1.0
46,232,1.0
46,233,3.0
46,234,1.0
46,235,1.0
46,236,1.0
46,237,1.0
46,238,1.0
46,239,1.0
46,240,1.0
46,241,1.0
46,242,1.0
46,243,3.0
46,244,1.0
46,245,1.0
46,246,1.0
46,247,1.0
46,248,4.0
46,249,1.0
46,250,0.0
46,251,1.0
46,252,2.0
46,253,1.0
46,254,1.0
46,255,1.0
46,256,0.0
46,257,1.0
46,258,3.0
46,259,2.0
46,260,1.0
46,261,1.0
46,262,1.0
46,263,3.0
46,264,1.0
46,265,1.0
46,266,3.0
46,267,1.0
46,268,3.0
46,269,0.0
46,270,2.0
46,271,2.0
46,272,1.0
46,273,2.0
46,274,1.0
46,275,1.0
46,276,1.0
46,277,1.0
46,278,3.0
46,279,0.0
46,280,2.0
46,281,1.0
46,282,2.0
46,283,0.0
46,284,1.0
46,285,1.0
46,286,3.0
46,287,2.0
46,288,1.0
46,289,1.0
46,290,1.0
46,291,1.0
46,292,1.0
46,293,3.0
46,294,2.0
46,295,1.0
46,296,0.0
46,297,1.0
46,298,1.0
46,299,1.0
46,300,2.0
46,301,1.0
46,302,1.0
46,303,1.0
46,304,1.0
46,305,1.0
46,306,0.0
46,307,1.0
46,308,3.0
46,309,3.0
46,310,1.0
46,311,1.0
46,312,2.0
46,313,1.0
46,314,1.0
46,315,1.0
46,316,1.0
46,317,2.0
46,318,1.0
46,319,1.0
46,320,1.0
46,321,1.0
46,322,3.0
46,323,3.0
46,324,1.0
46,325,0.0
46,326,1.0
46,327,2.0
46,328,1.0
46,329,3.0
46,330,1.0
46,331,0.0
46,332,1.0
46,333,1.0
46,334,0.0
46,335,1.0
46,336,2.0
46,337,1.0
46,338,0.0
46,339,2.0
46,340,0.0
46,341,1.0
46,342,1.0
46,343,1.0
46,344,1.0
46,345,0.0
46,346,1.0
46,347,1.0
46,348,0.0
46,349,3.0
46,350,1.0
46,351,1.0
46,352,1.0
46,353,2.0
46,354,1.0
46,355,4.0
46,356,3.0
46,357,3.0
46,358,1.0
46,359,1.0
46,360,3.0
46,361,1.0
46,362,1.0
46,363,2.0
46,364,0.0
46,365,2.0
46,366,1.0
46,367,1.0
46,368,2.0
46,369,1.0
46,370,1.0
46,371,1.0
46,372,1.0
46,373,2.0
46,374,1.0
46,375,3.0
46,376,1.0
46,377,2.0
47,48,2.0
47,49,3.0
47,50,1.0
47,51,1.0
47,52,5.0
47,53,3.0
47,54,4.0
47,55,4.0
47,56,1.0
47,57,2.0
47,58,3.0
47,59,4.0
47,60,3.0
47,61,1.0
47,62,2.0
47,63,3.0
47,64,4.0
47,65,4.0
47,66,4.0
47,67,3.0
47,68,4.0
47,69,3.0
47,70,3.0
47,71,4.0
47,72,4.0
47,73,4.0
47,74,1.0
47,75,1.0
47,76,2.0
47,77,4.0
47,78,5.0
47,79,5.0
47,80,4.0
47,81,2.0
47,82,4.0
47,83,2.0
47,84,2.0
47,85,2.0
47,86,3.0
47,87,4.0
47,88,2.0
47,89,1.0
47,90,2.0
47,91,2.0
47,92,1.0
47,93,4.0
47,94,1.0
47,95,1.0
47,96,2.0
47,97,2.0
47,98,2.0
47,99,1.0
47,100,1.0
47,101,4.0
47,102,1.0
47,103,3.0
47,104,2.0
47,105,5.0
47,106,5.0
47,107,4.0
47,108,3.0
47,109,3.0
47,110,2.0
47,111,1.0
47,112,3.0
47,113,1.0
47,114,2.0
47,115,2.0
47,116,2.0
47,117,3.0
47,118,2.0
47,119,2.0
47,120,3.0
47,121,2.0
47,122,2.0
47,123,4.0
47,124,2.0
47,125,2.0
47,126,4.0
47,127,4.0
47,128,2.0
47,129,4.0
47,130,4.0
47,131,4.0
47,132,1.0
47,133,1.0
47,134,1.0
47,135,1.0
47,136,2.0
47,137,2.0
47,138,2.0
47,139,2.0
47,140,3.0
47,141,3.0
47,142,1.0
47,143,5.0
47,144,5.0
47,145,2.0
47,146,2.0
47,147,2.0
47,148,2.0
47,149,2.0
47,150,3.0
47,151,3.0
47,152,2.0
47,153,2.0
47,154,3.0
47,155,2.0
47,156,3.0
47,157,2.0
47,158,2.0
47,159,2.0
47,160,3.0
47,161,2.0
47,162,4.0
47,163,2.0
47,164,2.0
47,165,1.0
47,166,3.0
47,167,2.0
47,168,2.0
47,169,4.0
47,170,2.0
47,171,2.0
47,172,2.0
47,173,2.0
47,174,2.0
47,175,2.0
47,176,2.0
47,177,4.0
47,178,4.0
47,179,3.0
47,180,4.0
47,181,4.0
47,182,2.0
47,183,3.0
47,184,3.0
47,185,2.0
47,186,2.0
47,187,2.0
47,188,1.0
47,189,3.0
47,190,1.0
47,191,1.0
47,192,1.0
47,193,2.0
47,194,2.0
47,195,1.0
47,196,2.0
47,197,2.0
47,198,2.0
47,199,1.0
47,200,1.0
47,201,1.0
47,202,3.0
47,203,2.0
47,204,1.0
47,205,1.0
47,206,1.0
47,207,3.0
47,208,2.0
47,209,4.0
47,210,2.0
47,211,2.0
47,212,3.0
47,213,5.0
47,214,3.0
47,215,2.0
47,216,3.0
47,217,3.0
47,218,2.0
47,219,3.0
47,220,3.0
47,221,1.0
47,222,2.0
47,223,2.0
47,224,4.0
47,225,4.0
47,226,2.0
47,227,4.0
47,228,2.0
47,229,4.0
47,230,3.0
47,231,4.0
47,232,2.0
47,233,4.0
47,234,1.0
47,235,3.0
47,236,3.0
47,237,2.0
47,238,1.0
47,239,4.0
47,240,2.0
47,241,5.0
47,242,3.0
47,243,3.0
47,244,4.0
47,245,3.0
47,246,3.0
47,247,4.0
47,248,1.0
47,249,2.0
47,250,3.0
47,251,2.0
47,252,1.0
47,253,3.0
47,254,2.0
47,255,3.0
47,256,2.0
47,257,2.0
47,258,3.0
47,259,4.0
47,260,3.0
47,261,4.0
47,262,2.0
47,263,3.0
47,264,2.0
47,265,2.0
47,266,0.0
47,267,4.0
47,268,3.0
47,269,1.0
47,270,2.0
47,271,4.0
47,272,4.0
47,273,3.0
47,274,2.0
47,275,4.0
47,276,4.0
47,277,4.0
47,278,3.0
47,279,1.0
47,280,2.0
47,281,2.0
47,282,2.0
47,283,2.0
47,284,4.0
47,285,2.0
47,286,3.0
47,287,2.0
47,288,2.0
47,289,4.0
47,290,3.0
47,291,1.0
47,292,3.0
47,293,4.0
47,294,2.0
47,295,5.0
47,296,3.0
47,297,4.0
47,298,3.0
47,299,3.0
47,300,1.0
47,301,2.0
47,302,4.0
47,303,3.0
47,304,3.0
47,305,2.0
47,306,2.0
47,307,4.0
47,308,3.0
47,309,3.0
47,310,4.0
47,311,2.0
47,312,4.0
47,313,4.0
47,314,4.0
47,315,2.0
47,316,2.0
47,317,1.0
47,318,3.0
47,319,1.0
47,320,4.0
47,321,4.0
47,322,3.0
47,323,3.0
47,324,4.0
47,325,3.0
47,326,4.0
47,327,4.0
47,328,4.0
47,329,3.0
47,330,5.0
47,331,2.0
47,332,3.0
47,333,3.0
47,334,2.0
47,335,1.0
47,336,2.0
47,337,4.0
47,338,3.0
47,339,4.0
47,340,1.0
47,341,2.0
47,342,3.0
47,343,4.0
47,344,4.0
47,345,3.0
47,346,2.0
47,347,4.0
47,348,3.0
47,349,3.0
47,350,2.0
47,351,4.0
47,352,4.0
47,353,3.0
47,354,4.0
47,355,1.0
47,356,3.0
47,357,3.0
47,358,4.0
47,359,2.0
47,360,3.0
47,361,4.0
47,362,5.0
47,363,2.0
47,364,2.0
47,365,2.0
47,366,4.0
47,367,4.0
47,368,1.0
47,369,3.0
47,370,3.0
47,371,5.0
47,372,3.0
47,373,2.0
47,374,4.0
47,375,4.0
47,376,2.0
47,377,2.0
48,49,2.0
48,50,2.0
48,51,2.0
48,52,2.0
48,53,2.0
48,54,3.0
48,55,3.0
48,56,1.0
48,57,2.0
48,58,3.0
48,59,3.0
48,60,2.0
48,61,1.0
48,62,1.0
48,63,3.0
48,64,2.0
48,65,2.0
48,66,2.0
48,67,3.0
48,68,3.0
48,69,2.0
48,70,2.0
48,71,3.0
48,72,2.0
48,73,2.0
48,74,3.0
48,75,1.0
48,76,2.0
48,77,2.0
48,78,2.0
48,79,2.0
48,80,3.0
48,81,2.0
48,82,3.0
48,83,1.0
48,84,1.0
48,85,1.0
48,86,3.0
48,87,3.0
48,88,3.0
48,89,2.0
48,90,3.0
48,91,2.0
48,92,3.0
48,93,3.0
48,94,2.0
48,95,2.0
48,96,1.0
48,97,3.0
48,98,1.0
48,99,2.0
48,100,0.0
48,101,3.0
48,102,0.0
48,103,2.0
48,104,3.0
48,105,2.0
48,106,2.0
48,107,3.0
48,108,2.0
48,109,3.0
48,110,3.0
48,111,3.0
48,112,2.0
48,113,3.0
48,114,1.0
48,115,1.0
48,116,1.0
48,117,3.0
48,118,1.0
48,119,2.0
48,120,3.0
48,121,1.0
48,122,2.0
48,123,2.0
48,124,1.0
48,125,1.0
48,126,2.0
48,127,2.0
48,128,1.0
48,129,2.0
48,130,2.0
48,131,2.0
48,132,2.0
48,133,2.0
48,134,2.0
48,135,2.0
48,136,2.0
48,137,2.0
48,138,2.0
48,139,1.0
48,140,2.0
48,141,2.0
48,142,3.0
48,143,2.0
48,144,2.0
48,145,2.0
48,146,2.0
48,147,2.0
48,148,2.0
48,149,2.0
48,150,1.0
48,151,1.0
48,152,2.0
48,153,2.0
48,154,3.0
48,155,3.0
48,156,2.0
48,157,3.0
48,158,3.0
48,159,2.0
48,160,3.0
48,161,1.0
48,162,2.0
48,163,3.0
48,164,2.0
48,165,2.0
48,166,2.0
48,167,3.0
48,168,2.0
48,169,3.0
48,170,3.0
48,171,1.0
48,172,3.0
48,173,3.0
48,174,1.0
48,175,1.0
48,176,2.0
48,177,2.0
48,178,2.0
48,179,2.0
48,180,2.0
48,181,2.0
48,182,2.0
48,183,3.0
48,184,3.0
48,185,1.0
48,186,2.0
48,187,2.0
48,188,1.0
48,189,2.0
48,190,2.0
48,191,2.0
48,192,2.0
48,193,1.0
48,194,3.0
48,195,2.0
48,196,1.0
48,197,1.0
48,198,1.0
48,199,0.0
48,200,0.0
48,201,0.0
48,202,2.0
48,203,2.0
48,204,2.0
48,205,2.0
48,206,1.0
48,207,3.0
48,208,3.0
48,209,3.0
48,210,3.0
48,211,1.0
48,212,3.0
48,213,2.0
48,214,3.0
48,215,1.0
48,216,2.0
48,217,3.0
48,218,2.0
48,219,2.0
48,220,3.0
48,221,1.0
48,222,1.0
48,223,3.0
48,224,3.0
48,225,3.0
48,226,1.0
48,227,3.0
48,228,3.0
48,229,2.0
48,230,3.0
48,231,3.0
48,232,2.0
48,233,2.0
48,234,2.0
48,235,3.0
48,236,2.0
48,237,3.0
48,238,2.0
48,239,3.0
48,240,1.0
48,241,2.0
48,242,3.0
48,243,3.0
48,244,3.0
48,245,2.0
48,246,3.0
48,247,2.0
48,248,1.0
48,249,3.0
48,250,2.0
48,251,3.0
48,252,2.0
48,253,2.0
48,254,2.0
48,255,2.0
48,256,2.0
48,257,1.0
48,258,3.0
48,259,2.0
48,260,3.0
48,261,3.0
48,262,3.0
48,263,3.0
48,264,1.0
48,265,2.0
48,266,1.0
48,267,3.0
48,268,3.0
48,269,2.0
48,270,3.0
48,271,2.0
48,272,2.0
48,273,3.0
48,274,2.0
48,275,3.0
48,276,3.0
48,277,3.0
48,278,3.0
48,279,2.0
48,280,3.0
48,281,2.0
48,282,4.0
48,283,2.0
48,284,3.0
48,285,1.0
48,286,3.0
48,287,1.0
48,288,2.0
48,289,3.0
48,290,2.0
48,291,2.0
48,292,3.0
48,293,2.0
48,294,3.0
48,295,2.0
48,296,2.0
48,297,3.0
48,298,3.0
48,299,3.0
48,300,3.0
48,301,2.0
48,302,3.0
48,303,3.0
48,304,2.0
48,305,2.0
48,306,2.0
48,307,3.0
48,308,3.0
48,309,3.0
48,310,3.0
48,311,1.0
48,312,2.0
48,313,3.0
48,314,3.0
48,315,2.0
48,316,3.0
48,317,2.0
48,318,3.0
48,319,3.0
48,320,3.0
48,321,3.0
48,322,3.0
48,323,3.0
48,324,2.0
48,325,2.0
48,326,3.0
48,327,2.0
48,328,3.0
48,329,3.0
48,330,2.0
48,331,1.0
48,332,3.0
48,333,2.0
48,334,1.0
48,335,0.0
48,336,1.0
48,337,3.0
48,338,2.0
48,339,3.0
48,340,1.0
48,341,2.0
48,342,3.0
48,343,3.0
48,344,3.0
48,345,2.0
48,346,3.0
48,347,3.0
48,348,2.0
48,349,3.0
48,350,3.0
48,351,3.0
48,352,3.0
48,353,2.0
48,354,3.0
48,355,1.0
48,356,3.0
48,357,3.0
48,358,3.0
48,359,2.0
48,360,3.0
48,361,3.0
48,362,2.0
48,363,2.0
48,364,2.0
48,365,1.0
48,366,2.0
48,367,3.0
48,368,2.0
48,369,2.0
48,370,3.0
48,371,2.0
48,372,3.0
48,373,3.0
48,374,3.0
48,375,2.0
48,376,3.0
48,377,4.0
49,50,1.0
49,51,1.0
49,52,3.0
49,53,2.0
49,54,4.0
49,55,4.0
49,56,2.0
49,57,2.0
49,58,4.0
49,59,4.0
49,60,3.0
49,61,1.0
49,62,1.0
49,63,3.0
49,64,3.0
49,65,2.0
49,66,2.0
49,67,2.0
49,68,4.0
49,69,3.0
49,70,3.0
49,71,4.0
49,72,3.0
49,73,3.0
49,74,2.0
49,75,1.0
49,76,1.0
49,77,3.0
49,78,3.0
49,79,3.0
49,80,4.0
49,81,3.0
49,82,4.0
49,83,1.0
49,84,1.0
49,85,1.0
49,86,4.0
49,87,4.0
49,88,3.0
49,89,1.0
49,90,3.0
49,91,2.0
49,92,2.0
49,93,4.0
49,94,2.0
49,95,1.0
49,96,1.0
49,97,2.0
49,98,1.0
49,99,2.0
49,100,1.0
49,101,4.0
49,102,1.0
49,103,4.0
49,104,2.0
49,105,3.0
49,106,3.0
49,107,4.0
49,108,4.0
49,109,4.0
49,110,4.0
49,111,2.0
49,112,2.0
49,113,2.0
49,114,1.0
49,115,1.0
49,116,1.0
49,117,4.0
49,118,4.0
49,119,3.0
49,120,4.0
49,121,4.0
49,122,3.0
49,123,4.0
49,124,2.0
49,125,2.0
49,126,3.0
49,127,3.0
49,128,1.0
49,129,3.0
49,130,3.0
49,131,3.0
49,132,3.0
49,133,3.0
49,134,3.0
49,135,3.0
49,136,1.0
49,137,1.0
49,138,1.0
49,139,1.0
49,140,4.0
49,141,3.0
49,142,2.0
49,143,3.0
49,144,3.0
49,145,3.0
49,146,2.0
49,147,1.0
49,148,1.0
49,149,2.0
49,150,3.0
49,151,3.0
49,152,2.0
49,153,3.0
49,154,4.0
49,155,2.0
49,156,3.0
49,157,2.0
49,158,2.0
49,159,2.0
49,160,3.0
49,161,2.0
49,162,3.0
49,163,2.0
49,164,2.0
49,165,0.0
49,166,2.0
49,167,2.0
49,168,2.0
49,169,4.0
49,170,2.0
49,171,2.0
49,172,2.0
49,173,2.0
49,174,1.0
49,175,2.0
49,176,2.0
49,177,3.0
49,178,3.0
49,179,5.0
49,180,3.0
49,181,3.0
49,182,2.0
49,183,3.0
49,184,3.0
49,185,1.0
49,186,3.0
49,187,3.0
49,188,1.0
49,189,3.0
49,190,2.0
49,191,2.0
49,192,2.0
49,193,3.0
49,194,2.0
49,195,2.0
49,196,2.0
49,197,2.0
49,198,2.0
49,199,1.0
49,200,1.0
49,201,1.0
49,202,4.0
49,203,4.0
49,204,2.0
49,205,2.0
49,206,2.0
49,207,3.0
49,208,2.0
49,209,4.0
49,210,3.0
49,211,2.0
49,212,4.0
49,213,3.0
49,214,4.0
49,215,3.0
49,216,3.0
49,217,3.0
49,218,2.0
49,219,2.0
49,220,4.0
49,221,2.0
49,222,4.0
49,223,3.0
49,224,4.0
49,225,4.0
49,226,1.0
49,227,4.0
49,228,2.0
49,229,3.0
49,230,3.0
49,231,4.0
49,232,4.0
49,233,3.0
49,234,3.0
49,235,3.0
49,236,4.0
49,237,3.0
49,238,3.0
49,239,4.0
49,240,2.0
49,241,3.0
49,242,3.0
49,243,4.0
49,244,4.0
49,245,5.0
49,246,3.0
49,247,3.0
49,248,1.0
49,249,2.0
49,250,4.0
49,251,2.0
49,252,2.0
49,253,2.0
49,254,3.0
49,255,3.0
49,256,3.0
49,257,3.0
49,258,3.0
49,259,3.0
49,260,3.0
49,261,4.0
49,262,2.0
49,263,3.0
49,264,2.0
49,265,2.0
49,266,1.0
49,267,4.0
49,268,4.0
49,269,2.0
49,270,2.0
49,271,3.0
49,272,3.0
49,273,4.0
49,274,3.0
49,275,4.0
49,276,4.0
49,277,4.0
49,278,3.0
49,279,2.0
49,280,3.0
49,281,2.0
49,282,2.0
49,283,1.0
49,284,4.0
49,285,2.0
49,286,4.0
49,287,3.0
49,288,2.0
49,289,4.0
49,290,3.0
49,291,3.0
49,292,3.0
49,293,3.0
49,294,2.0
49,295,3.0
49,296,4.0
49,297,4.0
49,298,3.0
49,299,3.0
49,300,4.0
49,301,4.0
49,302,4.0
49,303,3.0
49,304,4.0
49,305,2.0
49,306,3.0
49,307,4.0
49,308,2.0
49,309,3.0
49,310,4.0
49,311,2.0
49,312,3.0
49,313,4.0
49,314,4.0
49,315,3.0
49,316,2.0
49,317,1.0
49,318,3.0
49,319,2.0
49,320,4.0
49,321,4.0
49,322,4.0
49,323,4.0
49,324,3.0
49,325,2.0
49,326,4.0
49,327,3.0
49,328,4.0
49,329,4.0
49,330,3.0
49,331,1.0
49,332,3.0
49,333,4.0
49,334,1.0
49,335,1.0
49,336,2.0
49,337,4.0
49,338,4.0
49,339,3.0
49,340,2.0
49,341,2.0
49,342,3.0
49,343,4.0
49,344,4.0
49,345,4.0
49,346,2.0
49,347,4.0
49,348,4.0
49,349,3.0
49,350,2.0
49,351,4.0
49,352,4.0
49,353,4.0
49,354,4.0
49,355,1.0
49,356,4.0
49,357,3.0
49,358,4.0
49,359,3.0
49,360,4.0
49,361,4.0
49,362,3.0
49,363,3.0
49,364,1.0
49,365,3.0
49,366,3.0
49,367,4.0
49,368,1.0
49,369,3.0
49,370,3.0
49,371,3.0
49,372,3.0
49,373,2.0
49,374,4.0
49,375,3.0
49,376,2.0
49,377,2.0
50,51,5.0
50,52,1.0
50,53,3.0
50,54,1.0
50,55,1.0
50,56,1.0
50,57,0.0
50,58,3.0
50,59,1.0
50,60,1.0
50,61,4.0
50,62,0.0
50,63,1.0
50,64,1.0
50,65,1.0
50,66,1.0
50,67,2.0
50,68,1.0
50,69,3.0
50,70,3.0
50,71,1.0
50,72,3.0
50,73,1.0
50,74,1.0
50,75,4.0
50,76,0.0
50,77,1.0
50,78,1.0
50,79,1.0
50,80,1.0
50,81,0.0
50,82,1.0
50,83,0.0
50,84,0.0
50,85,0.0
50,86,3.0
50,87,1.0
50,88,3.0
50,89,1.0
50,90,2.0
50,91,1.0
50,92,0.0
50,93,1.0
50,94,0.0
50,95,4.0
50,96,0.0
50,97,1.0
50,98,0.0
50,99,2.0
50,100,1.0
50,101,1.0
50,102,1.0
50,103,1.0
50,104,2.0
50,105,1.0
50,106,1.0
50,107,1.0
50,108,3.0
50,109,3.0
50,110,2.0
50,111,1.0
50,112,3.0
50,113,1.0
50,114,0.0
50,115,0.0
50,116,0.0
50,117,3.0
50,118,2.0
50,119,1.0
50,120,3.0
50,121,2.0
50,122,1.0
50,123,1.0
50,124,2.0
50,125,2.0
50,126,1.0
50,127,1.0
50,128,0.0
50,129,1.0
50,130,1.0
50,131,1.0
50,132,1.0
50,133,1.0
50,134,1.0
50,135,1.0
50,136,0.0
50,137,0.0
50,138,0.0
50,139,0.0
50,140,0.0
50,141,3.0
50,142,1.0
50,143,1.0
50,144,1.0
50,145,2.0
50,146,4.0
50,147,0.0
50,148,0.0
50,149,4.0
50,150,2.0
50,151,2.0
50,152,1.0
50,153,1.0
50,154,3.0
50,155,1.0
50,156,2.0
50,157,2.0
50,158,2.0
50,159,1.0
50,160,2.0
50,161,2.0
50,162,1.0
50,163,2.0
50,164,4.0
50,165,1.0
50,166,1.0
50,167,2.0
50,168,2.0
50,169,1.0
50,170,2.0
50,171,1.0
50,172,2.0
50,173,1.0
50,174,0.0
50,175,2.0
50,176,1.0
50,177,3.0
50,178,3.0
50,179,2.0
50,180,3.0
50,181,3.0
50,182,1.0
50,183,1.0
50,184,1.0
50,185,0.0
50,186,0.0
50,187,0.0
50,188,4.0
50,189,1.0
50,190,2.0
50,191,2.0
50,192,2.0
50,193,2.0
50,194,2.0
50,195,2.0
50,196,2.0
50,197,2.0
50,198,2.0
50,199,1.0
50,200,1.0
50,201,1.0
50,202,0.0
50,203,1.0
50,204,2.0
50,205,2.0
50,206,2.0
50,207,1.0
50,208,2.0
50,209,1.0
50,210,2.0
50,211,1.0
50,212,3.0
50,213,1.0
50,214,3.0
50,215,1.0
50,216,1.0
50,217,1.0
50,218,1.0
50,219,1.0
50,220,3.0
50,221,1.0
50,222,2.0
50,223,3.0
50,224,1.0
50,225,1.0
50,226,0.0
50,227,1.0
50,228,1.0
50,229,2.0
50,230,1.0
50,231,1.0
50,232,1.0
50,233,3.0
50,234,1.0
50,235,1.0
50,236,1.0
50,237,1.0
50,238,1.0
50,239,1.0
50,240,1.0
50,241,1.0
50,242,1.0
50,243,3.0
50,244,1.0
50,245,1.0
50,246,1.0
50,247,1.0
50,248,4.0
50,249,1.0
50,250,0.0
50,251,1.0
50,252,2.0
50,253,1.0
50,254,1.0
50,255,1.0
50,256,0.0
50,257,1.0
50,258,3.0
50,259,2.0
50,260,1.0
50,261,1.0
50,262,1.0
50,263,3.0
50,264,1.0
50,265,1.0
50,266,3.0
50,267,1.0
50,268,3.0
50,269,0.0
50,270,2.0
50,271,2.0
50,272,1.0
50,273,2.0
50,274,1.0
50,275,1.0
50,276,1.0
50,277,1.0
50,278,3.0
50,279,0.0
50,280,2.0
50,281,1.0
50,282,2.0
50,283,0.0
50,284,1.0
50,285,1.0
50,286,3.0
50,287,2.0
50,288,1.0
50,289,1.0
50,290,1.0
50,291,1.0
50,292,1.0
50,293,3.0
50,294,2.0
50,295,1.0
50,296,0.0
50,297,1.0
50,298,1.0
50,299,1.0
50,300,2.0
50,301,1.0
50,302,1.0
50,303,1.0
50,304,1.0
50,305,1.0
50,306,0.0
50,307,1.0
50,308,3.0
50,309,3.0
50,310,1.0
50,311,1.0
50,312,2.0
50,313,1.0
50,314,1.0
50,315,1.0
50,316,1.0
50,317,2.0
50,318,1.0
50,319,1.0
50,320,1.0
50,321,1.0
50,322,3.0
50,323,3.0
50,324,1.0
50,325,0.0
50,326,1.0
50,327,2.0
50,328,1.0
50,329,3.0
50,330,1.0
50,331,0.0
50,332,1.0
50,333,1.0
50,334,0.0
50,335,1.0
50,336,2.0
50,337,1.0
50,338,0.0
50,339,2.0
50,340,0.0
50,341,1.0
50,342,1.0
50,343,1.0
50,344,1.0
50,345,0.0
50,346,1.0
50,347,1.0
50,348,0.0
50,349,3.0
50,350,1.0
50,351,1.0
50,352,1.0
50,353,2.0
50,354,1.0
50,355,4.0
50,356,3.0
50,357,3.0
50,358,1.0
50,359,1.0
50,360,3.0
50,361,1.0
50,362,1.0
50,363,2.0
50,364,0.0
50,365,2.0
50,366,1.0
50,367,1.0
50,368,2.0
50,369,1.0
50,370,1.0
50,371,1.0
50,372,1.0
50,373,2.0
50,374,1.0
50,375,3.0
50,376,1.0
50,377,2.0
51,52,1.0
51,53,3.0
51,54,1.0
51,55,1.0
51,56,1.0
51,57,0.0
51,58,3.0
51,59,1.0
51,60,1.0
51,61,4.0
51,62,0.0
51,63,1.0
51,64,1.0
51,65,1.0
51,66,1.0
51,67,2.0
51,68,1.0
51,69,3.0
51,70,3.0
51,71,1.0
51,72,3.0
51,73,1.0
51,74,1.0
51,75,4.0
51,76,0.0
51,77,1.0
51,78,1.0
51,79,1.0
51,80,1.0
51,81,0.0
51,82,1.0
51,83,0.0
51,84,0.0
51,85,0.0
51,86,3.0
51,87,1.0
51,88,3.0
51,89,1.0
51,90,2.0
51,91,1.0
51,92,0.0
51,93,1.0
51,94,0.0
51,95,4.0
51,96,0.0
51,97,1.0
51,98,0.0
51,99,2.0
51,100,1.0
51,101,1.0
51,102,1.0
51,103,1.0
51,104,2.0
51,105,1.0
51,106,1.0
51,107,1.0
51,108,3.0
51,109,3.0
51,110,2.0
51,111,1.0
51,112,3.0
51,113,1.0
51,114,0.0
51,115,0.0
51,116,0.0
51,117,3.0
51,118,2.0
51,119,1.0
51,120,3.0
51,121,2.0
51,122,1.0
51,123,1.0
51,124,2.0
51,125,2.0
51,126,1.0
51,127,1.0
51,128,0.0
51,129,1.0
51,130,1.0
51,131,1.0
51,132,1.0
51,133,1.0
51,134,1.0
51,135,1.0
51,136,0.0
51,137,0.0
51,138,0.0
51,139,0.0
51,140,0.0
51,141,3.0
51,142,1.0
51,143,1.0
51,144,1.0
51,145,2.0
51,146,4.0
51,147,0.0
51,148,0.0
51,149,4.0
51,150,2.0
51,151,2.0
51,152,1.0
51,153,1.0
51,154,3.0
51,155,1.0
51,156,2.0
51,157,2.0
51,158,2.0
51,159,1.0
51,160,2.0
51,161,2.0
51,162,1.0
51,163,2.0
51,164,4.0
51,165,1.0
51,166,1.0
51,167,2.0
51,168,2.0
51,169,1.0
51,170,2.0
51,171,1.0
51,172,2.0
51,173,1.0
51,174,0.0
51,175,2.0
51,176,1.0
51,177,3.0
51,178,3.0
51,179,2.0
51,180,3.0
51,181,3.0
51,182,1.0
51,183,1.0
51,184,1.0
51,185,0.0
51,186,0.0
51,187,0.0
51,188,4.0
51,189,1.0
51,190,2.0
51,191,2.0
51,192,2.0
51,193,2.0
51,194,2.0
51,195,2.0
51,196,2.0
51,197,2.0
51,198,2.0
51,199,1.0
51,200,1.0
51,201,1.0
51,202,0.0
51,203,1.0
51,204,2.0
51,205,2.0
51,206,2.0
51,207,1.0
51,208,2.0
51,209,1.0
51,210,2.0
51,211,1.0
51,212,3.0
51,213,1.0
51,214,3.0
51,215,1.0
51,216,1.0
51,217,1.0
51,218,1.0
51,219,1.0
51,220,3.0
51,221,1.0
51,222,2.0
51,223,3.0
51,224,1.0
51,225,1.0
51,226,0.0
51,227,1.0
51,228,1.0
51,229,2.0
51,230,1.0
51,231,1.0
51,232,1.0
51,233,3.0
51,234,1.0
51,235,1.0
51,236,1.0
51,237,1.0
51,238,1.0
51,239,1.0
51,240,1.0
51,241,1.0
51,242,1.0
51,243,3.0
51,244,1.0
51,245,1.0
51,246,1.0
51,247,1.0
51,248,4.0
51,249,1.0
51,250,0.0
51,251,1.0
51,252,2.0
51,253,1.0
51,254,1.0
51,255,1.0
51,256,0.0
51,257,1.0
51,258,3.0
51,259,2.0
51,260,1.0
51,261,1.0
51,262,1.0
51,263,3.0
51,264,1.0
51,265,1.0
51,266,3.0
51,267,1.0
51,268,3.0
51,269,0.0
51,270,2.0
51,271,2.0
51,272,1.0
51,273,2.0
51,274,1.0
51,275,1.0
51,276,1.0
51,277,1.0
51,278,3.0
51,279,0.0
51,280,2.0
51,281,1.0
51,282,2.0
51,283,0.0
51,284,1.0
51,285,1.0
51,286,3.0
51,287,2.0
51,288,1.0
51,289,1.0
51,290,1.0
51,291,1.0
51,292,1.0
51,293,3.0
51,294,2.0
51,295,1.0
51,296,0.0
51,297,1.0
51,298,1.0
51,299,1.0
51,300,2.0
51,301,1.0
51,302,1.0
51,303,1.0
51,304,1.0
51,305,1.0
51,306,0.0
51,307,1.0
51,308,3.0
51,309,3.0
51,310,1.0
51,311,1.0
51,312,2.0
51,313,1.0
51,314,1.0
51,315,1.0
51,316,1.0
51,317,2.0
51,318,1.0
51,319,1.0
51,320,1.0
51,321,1.0
51,322,3.0
51,323,3.0
51,324,1.0
51,325,0.0
51,326,1.0
51,327,2.0
51,328,1.0
51,329,3.0
51,330,1.0
51,331,0.0
51,332,1.0
51,333,1.0
51,334,0.0
51,335,1.0
51,336,2.0
51,337,1.0
51,338,0.0
51,339,2.0
51,340,0.0
51,341,1.0
51,342,1.0
51,343,1.0
51,344,1.0
51,345,0.0
51,346,1.0
51,347,1.0
51,348,0.0
51,349,3.0
51,350,1.0
51,351,1.0
51,352,1.0
51,353,2.0
51,354,1.0
51,355,4.0
51,356,3.0
51,357,3.0
51,358,1.0
51,359,1.0
51,360,3.0
51,361,1.0
51,362,1.0
51,363,2.0
51,364,0.0
51,365,2.0
51,366,1.0
51,367,1.0
51,368,2.0
51,369,1.0
51,370,1.0
51,371,1.0
51,372,1.0
51,373,2.0
51,374,1.0
51,375,3.0
51,376,1.0
51,377,2.0
52,53,3.0
52,54,4.0
52,55,4.0
52,56,1.0
52,57,2.0
52,58,3.0
52,59,4.0
52,60,3.0
52,61,1.0
52,62,2.0
52,63,3.0
52,64,4.0
52,65,4.0
52,66,4.0
52,67,3.0
52,68,4.0
52,69,3.0
52,70,3.0
52,71,4.0
52,72,4.0
52,73,4.0
52,74,1.0
52,75,1.0
52,76,2.0
52,77,4.0
52,78,5.0
52,79,5.0
52,80,4.0
52,81,2.0
52,82,4.0
52,83,2.0
52,84,2.0
52,85,2.0
52,86,3.0
52,87,4.0
52,88,2.0
52,89,1.0
52,90,2.0
52,91,2.0
52,92,1.0
52,93,4.0
52,94,1.0
52,95,1.0
52,96,2.0
52,97,2.0
52,98,2.0
52,99,1.0
52,100,1.0
52,101,4.0
52,102,1.0
52,103,3.0
52,104,2.0
52,105,5.0
52,106,5.0
52,107,4.0
52,108,3.0
52,109,3.0
52,110,2.0
52,111,1.0
52,112,3.0
52,113,1.0
52,114,2.0
52,115,2.0
52,116,2.0
52,117,3.0
52,118,2.0
52,119,2.0
52,120,3.0
52,121,2.0
52,122,2.0
52,123,4.0
52,124,2.0
52,125,2.0
52,126,4.0
52,127,4.0
52,128,2.0
52,129,4.0
52,130,4.0
52,131,4.0
52,132,1.0
52,133,1.0
52,134,1.0
52,135,1.0
52,136,2.0
52,137,2.0
52,138,2.0
52,139,2.0
52,140,3.0
52,141,3.0
52,142,1.0
52,143,5.0
52,144,5.0
52,145,2.0
52,146,2.0
52,147,2.0
52,148,2.0
52,149,2.0
52,150,3.0
52,151,3.0
52,152,2.0
52,153,2.0
52,154,3.0
52,155,2.0
52,156,3.0
52,157,2.0
52,158,2.0
52,159,2.0
52,160,3.0
52,161,2.0
52,162,4.0
52,163,2.0
52,164,2.0
52,165,1.0
52,166,3.0
52,167,2.0
52,168,2.0
52,169,4.0
52,170,2.0
52,171,2.0
52,172,2.0
52,173,2.0
52,174,2.0
52,175,2.0
52,176,2.0
52,177,4.0
52,178,4.0
52,179,3.0
52,180,4.0
52,181,4.0
52,182,2.0
52,183,3.0
52,184,3.0
52,185,2.0
52,186,2.0
52,187,2.0
52,188,1.0
52,189,3.0
52,190,1.0
52,191,1.0
52,192,1.0
52,193,2.0
52,194,2.0
52,195,1.0
52,196,2.0
52,197,2.0
52,198,2.0
52,199,1.0
52,200,1.0
52,201,1.0
52,202,3.0
52,203,2.0
52,204,1.0
52,205,1.0
52,206,1.0
52,207,3.0
52,208,2.0
52,209,4.0
52,210,2.0
52,211,2.0
52,212,3.0
52,213,5.0
52,214,3.0
52,215,2.0
52,216,3.0
52,217,3.0
52,218,2.0
52,219,3.0
52,220,3.0
52,221,1.0
52,222,2.0
52,223,2.0
52,224,4.0
52,225,4.0
52,226,2.0
52,227,4.0
52,228,2.0
52,229,4.0
52,230,3.0
52,231,4.0
52,232,2.0
52,233,4.0
52,234,1.0
52,235,3.0
52,236,3.0
52,237,2.0
52,238,1.0
52,239,4.0
52,240,2.0
52,241,5.0
52,242,3.0
52,243,3.0
52,244,4.0
52,245,3.0
52,246,3.0
52,247,4.0
52,248,1.0
52,249,2.0
52,250,3.0
52,251,2.0
52,252,1.0
52,253,3.0
52,254,2.0
52,255,3.0
52,256,2.0
52,257,2.0
52,258,3.0
52,259,4.0
52,260,3.0
52,261,4.0
52,262,2.0
52,263,3.0
52,264,2.0
52,265,2.0
52,266,0.0
52,267,4.0
52,268,3.0
52,269,1.0
52,270,2.0
52,271,4.0
52,272,4.0
52,273,3.0
52,274,2.0
52,275,4.0
52,276,4.0
52,277,4.0
52,278,3.0
52,279,1.0
52,280,2.0
52,281,2.0
52,282,2.0
52,283,2.0
52,284,4.0
52,285,2.0
52,286,3.0
52,287,2.0
52,288,2.0
52,289,4.0
52,290,3.0
52,291,1.0
52,292,3.0
52,293,4.0
52,294,2.0
52,295,5.0
52,296,3.0
52,297,4.0
52,298,3.0
52,299,3.0
52,300,1.0
52,301,2.0
52,302,4.0
52,303,3.0
52,304,3.0
52,305,2.0
52,306,2.0
52,307,4.0
52,308,3.0
52,309,3.0
52,310,4.0
52,311,2.0
52,312,4.0
52,313,4.0
52,314,4.0
52,315,2.0
52,316,2.0
52,317,1.0
52,318,3.0
52,319,1.0
52,320,4.0
52,321,4.0
52,322,3.0
52,323,3.0
52,324,4.0
52,325,3.0
52,326,4.0
52,327,4.0
52,328,4.0
52,329,3.0
52,330,5.0
52,331,2.0
52,332,3.0
52,333,3.0
52,334,2.0
52,335,1.0
52,336,2.0
52,337,4.0
52,338,3.0
52,339,4.0
52,340,1.0
52,341,2.0
52,342,3.0
52,343,4.0
52,344,4.0
52,345,3.0
52,346,2.0
52,347,4.0
52,348,3.0
52,349,3.0
52,350,2.0
52,351,4.0
52,352,4.0
52,353,3.0
52,354,4.0
52,355,1.0
52,356,3.0
52,357,3.0
52,358,4.0
52,359,2.0
52,360,3.0
52,361,4.0
52,362,5.0
52,363,2.0
52,364,2.0
52,365,2.0
52,366,4.0
52,367,4.0
52,368,1.0
52,369,3.0
52,370,3.0
52,371,5.0
52,372,3.0
52,373,2.0
52,374,4.0
52,375,4.0
52,376,2.0
52,377,2.0
53,54,2.0
53,55,2.0
53,56,2.0
53,57,1.0
53,58,3.0
53,59,2.0
53,60,2.0
53,61,4.0
53,62,1.0
53,63,2.0
53,64,2.0
53,65,2.0
53,66,2.0
53,67,1.0
53,68,2.0
53,69,4.0
53,70,4.0
53,71,2.0
53,72,5.0
53,73,2.0
53,74,1.0
53,75,4.0
53,76,1.0
53,77,2.0
53,78,3.0
53,79,3.0
53,80,2.0
53,81,1.0
53,82,2.0
53,83,1.0
53,84,1.0
53,85,1.0
53,86,3.0
53,87,2.0
53,88,2.0
53,89,0.0
53,90,2.0
53,91,2.0
53,92,1.0
53,93,2.0
53,94,1.0
53,95,3.0
53,96,1.0
53,97,1.0
53,98,1.0
53,99,1.0
53,100,2.0
53,101,2.0
53,102,2.0
53,103,1.0
53,104,1.0
53,105,3.0
53,106,3.0
53,107,2.0
53,108,4.0
53,109,3.0
53,110,2.0
53,111,1.0
53,112,6.0
53,113,1.0
53,114,1.0
53,115,1.0
53,116,1.0
53,117,3.0
53,118,3.0
53,119,1.0
53,120,3.0
53,121,3.0
53,122,1.0
53,123,2.0
53,124,2.0
53,125,2.0
53,126,2.0
53,127,2.0
53,128,1.0
53,129,2.0
53,130,2.0
53,131,2.0
53,132,1.0
53,133,1.0
53,134,1.0
53,135,1.0
53,136,1.0
53,137,1.0
53,138,1.0
53,139,1.0
53,140,1.0
53,141,4.0
53,142,1.0
53,143,3.0
53,144,3.0
53,145,2.0
53,146,3.0
53,147,1.0
53,148,1.0
53,149,3.0
53,150,2.0
53,151,2.0
53,152,2.0
53,153,2.0
53,154,3.0
53,155,1.0
53,156,3.0
53,157,1.0
53,158,1.0
53,159,2.0
53,160,3.0
53,161,2.0
53,162,2.0
53,163,1.0
53,164,4.0
53,165,1.0
53,166,2.0
53,167,1.0
53,168,2.0
53,169,2.0
53,170,1.0
53,171,1.0
53,172,1.0
53,173,1.0
53,174,1.0
53,175,2.0
53,176,2.0
53,177,5.0
53,178,5.0
53,179,3.0
53,180,5.0
53,181,5.0
53,182,0.0
53,183,2.0
53,184,2.0
53,185,1.0
53,186,1.0
53,187,1.0
53,188,4.0
53,189,2.0
53,190,1.0
53,191,1.0
53,192,1.0
53,193,2.0
53,194,1.0
53,195,1.0
53,196,1.0
53,197,1.0
53,198,1.0
53,199,2.0
53,200,2.0
53,201,2.0
53,202,1.0
53,203,2.0
53,204,1.0
53,205,1.0
53,206,1.0
53,207,2.0
53,208,1.0
53,209,2.0
53,210,2.0
53,211,1.0
53,212,3.0
53,213,3.0
53,214,3.0
53,215,2.0
53,216,2.0
53,217,2.0
53,218,2.0
53,219,2.0
53,220,3.0
53,221,2.0
53,222,3.0
53,223,2.0
53,224,2.0
53,225,2.0
53,226,1.0
53,227,2.0
53,228,2.0
53,229,4.0
53,230,2.0
53,231,2.0
53,232,2.0
53,233,5.0
53,234,1.0
53,235,2.0
53,236,2.0
53,237,1.0
53,238,1.0
53,239,2.0
53,240,1.0
53,241,3.0
53,242,2.0
53,243,3.0
53,244,2.0
53,245,2.0
53,246,2.0
53,247,2.0
53,248,4.0
53,249,1.0
53,250,1.0
53,251,2.0
53,252,1.0
53,253,1.0
53,254,2.0
53,255,2.0
53,256,1.0
53,257,2.0
53,258,3.0
53,259,4.0
53,260,2.0
53,261,2.0
53,262,1.0
53,263,3.0
53,264,1.0
53,265,2.0
53,266,3.0
53,267,2.0
53,268,3.0
53,269,1.0
53,270,1.0
53,271,4.0
53,272,2.0
53,273,3.0
53,274,1.0
53,275,2.0
53,276,2.0
53,277,2.0
53,278,3.0
53,279,1.0
53,280,2.0
53,281,2.0
53,282,2.0
53,283,1.0
53,284,2.0
53,285,1.0
53,286,3.0
53,287,4.0
53,288,2.0
53,289,2.0
53,290,2.0
53,291,1.0
53,292,2.0
53,293,5.0
53,294,1.0
53,295,3.0
53,296,1.0
53,297,2.0
53,298,2.0
53,299,2.0
53,300,2.0
53,301,2.0
53,302,2.0
53,303,2.0
53,304,1.0
53,305,2.0
53,306,1.0
53,307,2.0
53,308,2.0
53,309,3.0
53,310,2.0
53,311,1.0
53,312,4.0
53,313,2.0
53,314,2.0
53,315,1.0
53,316,1.0
53,317,3.0
53,318,2.0
53,319,1.0
53,320,2.0
53,321,2.0
53,322,3.0
53,323,3.0
53,324,2.0
53,325,2.0
53,326,2.0
53,327,4.0
53,328,2.0
53,329,3.0
53,330,3.0
53,331,1.0
53,332,2.0
53,333,1.0
53,334,1.0
53,335,2.0
53,336,2.0
53,337,2.0
53,338,1.0
53,339,4.0
53,340,1.0
53,341,2.0
53,342,2.0
53,343,2.0
53,344,2.0
53,345,1.0
53,346,1.0
53,347,2.0
53,348,1.0
53,349,3.0
53,350,2.0
53,351,2.0
53,352,2.0
53,353,3.0
53,354,2.0
53,355,4.0
53,356,3.0
53,357,2.0
53,358,2.0
53,359,1.0
53,360,3.0
53,361,2.0
53,362,3.0
53,363,3.0
53,364,1.0
53,365,4.0
53,366,2.0
53,367,2.0
53,368,1.0
53,369,2.0
53,370,2.0
53,371,3.0
53,372,2.0
53,373,1.0
53,374,2.0
53,375,5.0
53,376,1.0
53,377,2.0
54,55,5.0
54,56,1.0
54,57,2.0
54,58,3.0
54,59,5.0
54,60,3.0
54,61,1.0
54,62,1.0
54,63,4.0
54,64,4.0
54,65,3.0
54,66,3.0
54,67,3.0
54,68,5.0
54,69,3.0
54,70,3.0
54,71,5.0
54,72,3.0
54,73,4.0
54,74,2.0
54,75,1.0
54,76,1.0
54,77,4.0
54,78,4.0
54,79,4.0
54,80,5.0
54,81,3.0
54,82,5.0
54,83,1.0
54,84,1.0
54,85,1.0
54,86,3.0
54,87,5.0
54,88,2.0
54,89,1.0
54,90,2.0
54,91,2.0
54,92,2.0
54,93,5.0
54,94,2.0
54,95,1.0
54,96,1.0
54,97,2.0
54,98,1.0
54,99,2.0
54,100,0.0
54,101,5.0
54,102,0.0
54,103,4.0
54,104,2.0
54,105,4.0
54,106,4.0
54,107,5.0
54,108,3.0
54,109,3.0
54,110,3.0
54,111,2.0
54,112,2.0
54,113,2.0
54,114,1.0
54,115,1.0
54,116,1.0
54,117,3.0
54,118,2.0
54,119,3.0
54,120,3.0
54,121,2.0
54,122,3.0
54,123,4.0
54,124,1.0
54,125,1.0
54,126,4.0
54,127,4.0
54,128,1.0
54,129,4.0
54,130,4.0
54,131,4.0
54,132,2.0
54,133,2.0
54,134,2.0
54,135,2.0
54,136,1.0
54,137,1.0
54,138,1.0
54,139,1.0
54,140,4.0
54,141,3.0
54,142,2.0
54,143,4.0
54,144,4.0
54,145,3.0
54,146,2.0
54,147,1.0
54,148,1.0
54,149,2.0
54,150,2.0
54,151,2.0
54,152,2.0
54,153,3.0
54,154,3.0
54,155,2.0
54,156,3.0
54,157,2.0
54,158,2.0
54,159,2.0
54,160,4.0
54,161,1.0
54,162,4.0
54,163,2.0
54,164,2.0
54,165,0.0
54,166,3.0
54,167,2.0
54,168,2.0
54,169,5.0
54,170,2.0
54,171,2.0
54,172,2.0
54,173,2.0
54,174,1.0
54,175,1.0
54,176,2.0
54,177,3.0
54,178,3.0
54,179,3.0
54,180,3.0
54,181,3.0
54,182,2.0
54,183,4.0
54,184,4.0
54,185,1.0
54,186,3.0
54,187,3.0
54,188,1.0
54,189,3.0
54,190,2.0
54,191,2.0
54,192,2.0
54,193,2.0
54,194,2.0
54,195,2.0
54,196,2.0
54,197,2.0
54,198,2.0
54,199,0.0
54,200,0.0
54,201,0.0
54,202,4.0
54,203,3.0
54,204,2.0
54,205,2.0
54,206,1.0
54,207,4.0
54,208,2.0
54,209,5.0
54,210,3.0
54,211,2.0
54,212,3.0
54,213,4.0
54,214,3.0
54,215,2.0
54,216,3.0
54,217,4.0
54,218,2.0
54,219,3.0
54,220,3.0
54,221,1.0
54,222,2.0
54,223,3.0
54,224,5.0
54,225,5.0
54,226,1.0
54,227,5.0
54,228,3.0
54,229,3.0
54,230,4.0
54,231,5.0
54,232,3.0
54,233,3.0
54,234,2.0
54,235,4.0
54,236,4.0
54,237,3.0
54,238,2.0
54,239,5.0
54,240,2.0
54,241,4.0
54,242,4.0
54,243,3.0
54,244,5.0
54,245,4.0
54,246,4.0
54,247,4.0
54,248,1.0
54,249,2.0
54,250,4.0
54,251,3.0
54,252,2.0
54,253,3.0
54,254,2.0
54,255,3.0
54,256,3.0
54,257,2.0
54,258,3.0
54,259,3.0
54,260,4.0
54,261,5.0
54,262,2.0
54,263,3.0
54,264,2.0
54,265,2.0
54,266,0.0
54,267,5.0
54,268,3.0
54,269,2.0
54,270,2.0
54,271,3.0
54,272,4.0
54,273,4.0
54,274,3.0
54,275,5.0
54,276,5.0
54,277,5.0
54,278,3.0
54,279,2.0
54,280,3.0
54,281,2.0
54,282,3.0
54,283,1.0
54,284,5.0
54,285,1.0
54,286,3.0
54,287,2.0
54,288,2.0
54,289,5.0
54,290,3.0
54,291,2.0
54,292,4.0
54,293,3.0
54,294,2.0
54,295,4.0
54,296,4.0
54,297,5.0
54,298,4.0
54,299,4.0
54,300,2.0
54,301,3.0
54,302,5.0
54,303,4.0
54,304,4.0
54,305,2.0
54,306,3.0
54,307,5.0
54,308,3.0
54,309,3.0
54,310,5.0
54,311,2.0
54,312,3.0
54,313,5.0
54,314,5.0
54,315,3.0
54,316,2.0
54,317,0.0
54,318,4.0
54,319,2.0
54,320,5.0
54,321,5.0
54,322,3.0
54,323,3.0
54,324,4.0
54,325,2.0
54,326,5.0
54,327,3.0
54,328,5.0
54,329,3.0
54,330,4.0
54,331,1.0
54,332,4.0
54,333,4.0
54,334,1.0
54,335,0.0
54,336,1.0
54,337,5.0
54,338,4.0
54,339,3.0
54,340,2.0
54,341,2.0
54,342,4.0
54,343,5.0
54,344,5.0
54,345,4.0
54,346,2.0
54,347,5.0
54,348,4.0
54,349,3.0
54,350,3.0
54,351,5.0
54,352,5.0
54,353,3.0
54,354,5.0
54,355,1.0
54,356,3.0
54,357,3.0
54,358,5.0
54,359,3.0
54,360,3.0
54,361,5.0
54,362,4.0
54,363,2.0
54,364,1.0
54,365,2.0
54,366,4.0
54,367,5.0
54,368,1.0
54,369,3.0
54,370,4.0
54,371,4.0
54,372,4.0
54,373,2.0
54,374,5.0
54,375,3.0
54,376,2.0
54,377,3.0
55,56,1.0
55,57,2.0
55,58,3.0
55,59,5.0
55,60,3.0
55,61,1.0
55,62,1.0
55,63,4.0
55,64,4.0
55,65,3.0
55,66,3.0
55,67,3.0
55,68,5.0
55,69,3.0
55,70,3.0
55,71,5.0
55,72,3.0
55,73,4.0
55,74,2.0
55,75,1.0
55,76,1.0
55,77,4.0
55,78,4.0
55,79,4.0
55,80,5.0
55,81,3.0
55,82,5.0
55,83,1.0
55,84,1.0
55,85,1.0
55,86,3.0
55,87,5.0
55,88,2.0
55,89,1.0
55,90,2.0
55,91,2.0
55,92,2.0
55,93,5.0
55,94,2.0
55,95,1.0
55,96,1.0
55,97,2.0
55,98,1.0
55,99,2.0
55,100,0.0
55,101,5.0
55,102,0.0
55,103,4.0
55,104,2.0
55,105,4.0
55,106,4.0
55,107,5.0
55,108,3.0
55,109,3.0
55,110,3.0
55,111,2.0
55,112,2.0
55,113,2.0
55,114,1.0
55,115,1.0
55,116,1.0
55,117,3.0
55,118,2.0
55,119,3.0
55,120,3.0
55,121,2.0
55,122,3.0
55,123,4.0
55,124,1.0
55,125,1.0
55,126,4.0
55,127,4.0
55,128,1.0
55,129,4.0
55,130,4.0
55,131,4.0
55,132,2.0
55,133,2.0
55,134,2.0
55,135,2.0
55,136,1.0
55,137,1.0
55,138,1.0
55,139,1.0
55,140,4.0
55,141,3.0
55,142,2.0
55,143,4.0
55,144,4.0
55,145,3.0
55,146,2.0
55,147,1.0
55,148,1.0
55,149,2.0
55,150,2.0
55,151,2.0
55,152,2.0
55,153,3.0
55,154,3.0
55,155,2.0
55,156,3.0
55,157,2.0
55,158,2.0
55,159,2.0
55,160,4.0
55,161,1.0
55,162,4.0
55,163,2.0
55,164,2.0
55,165,0.0
55,166,3.0
55,167,2.0
55,168,2.0
55,169,5.0
55,170,2.0
55,171,2.0
55,172,2.0
55,173,2.0
55,174,1.0
55,175,1.0
55,176,2.0
55,177,3.0
55,178,3.0
55,179,3.0
55,180,3.0
55,181,3.0
55,182,2.0
55,183,4.0
55,184,4.0
55,185,1.0
55,186,3.0
55,187,3.0
55,188,1.0
55,189,3.0
55,190,2.0
55,191,2.0
55,192,2.0
55,193,2.0
55,194,2.0
55,195,2.0
55,196,2.0
55,197,2.0
55,198,2.0
55,199,0.0
55,200,0.0
55,201,0.0
55,202,4.0
55,203,3.0
55,204,2.0
55,205,2.0
55,206,1.0
55,207,4.0
55,208,2.0
55,209,5.0
55,210,3.0
55,211,2.0
55,212,3.0
55,213,4.0
55,214,3.0
55,215,2.0
55,216,3.0
55,217,4.0
55,218,2.0
55,219,3.0
55,220,3.0
55,221,1.0
55,222,2.0
55,223,3.0
55,224,5.0
55,225,5.0
55,226,1.0
55,227,5.0
55,228,3.0
55,229,3.0
55,230,4.0
55,231,5.0
55,232,3.0
55,233,3.0
55,234,2.0
55,235,4.0
55,236,4.0
55,237,3.0
55,238,2.0
55,239,5.0
55,240,2.0
55,241,4.0
55,242,4.0
55,243,3.0
55,244,5.0
55,245,4.0
55,246,4.0
55,247,4.0
55,248,1.0
55,249,2.0
55,250,4.0
55,251,3.0
55,252,2.0
55,253,3.0
55,254,2.0
55,255,3.0
55,256,3.0
55,257,2.0
55,258,3.0
55,259,3.0
55,260,4.0
55,261,5.0
55,262,2.0
55,263,3.0
55,264,2.0
55,265,2.0
55,266,0.0
55,267,5.0
55,268,3.0
55,269,2.0
55,270,2.0
55,271,3.0
55,272,4.0
55,273,4.0
55,274,3.0
55,275,5.0
55,276,5.0
55,277,5.0
55,278,3.0
55,279,2.0
55,280,3.0
55,281,2.0
55,282,3.0
55,283,1.0
55,284,5.0
55,285,1.0
55,286,3.0
55,287,2.0
55,288,2.0
55,289,5.0
55,290,3.0
55,291,2.0
55,292,4.0
55,293,3.0
55,294,2.0
55,295,4.0
55,296,4.0
55,297,5.0
55,298,4.0
55,299,4.0
55,300,2.0
55,301,3.0
55,302,5.0
55,303,4.0
55,304,4.0
55,305,2.0
55,306,3.0
55,307,5.0
55,308,3.0
55,309,3.0
55,310,5.0
55,311,2.0
55,312,3.0
55,313,5.0
55,314,5.0
55,315,3.0
55,316,2.0
55,317,0.0
55,318,4.0
55,319,2.0
55,320,5.0
55,321,5.0
55,322,3.0
55,323,3.0
55,324,4.0
55,325,2.0
55,326,5.0
55,327,3.0
55,328,5.0
55,329,3.0
55,330,4.0
55,331,1.0
55,332,4.0
55,333,4.0
55,334,1.0
55,335,0.0
55,336,1.0
55,337,5.0
55,338,4.0
55,339,3.0
55,340,2.0
55,341,2.0
55,342,4.0
55,343,5.0
55,344,5.0
55,345,4.0
55,346,2.0
55,347,5.0
55,348,4.0
55,349,3.0
55,350,3.0
55,351,5.0
55,352,5.0
55,353,3.0
55,354,5.0
55,355,1.0
55,356,3.0
55,357,3.0
55,358,5.0
55,359,3.0
55,360,3.0
55,361,5.0
55,362,4.0
55,363,2.0
55,364,1.0
55,365,2.0
55,366,4.0
55,367,5.0
55,368,1.0
55,369,3.0
55,370,4.0
55,371,4.0
55,372,4.0
55,373,2.0
55,374,5.0
55,375,3.0
55,376,2.0
55,377,3.0
56,57,1.0
56,58,2.0
56,59,1.0
56,60,1.0
56,61,1.0
56,62,0.0
56,63,1.0
56,64,1.0
56,65,0.0
56,66,0.0
56,67,0.0
56,68,1.0
56,69,2.0
56,70,2.0
56,71,1.0
56,72,2.0
56,73,1.0
56,74,2.0
56,75,1.0
56,76,0.0
56,77,1.0
56,78,1.0
56,79,1.0
56,80,1.0
56,81,1.0
56,82,1.0
56,83,0.0
56,84,0.0
56,85,0.0
56,86,2.0
56,87,1.0
56,88,1.0
56,89,0.0
56,90,1.0
56,91,2.0
56,92,1.0
56,93,1.0
56,94,2.0
56,95,1.0
56,96,0.0
56,97,1.0
56,98,0.0
56,99,1.0
56,100,1.0
56,101,1.0
56,102,1.0
56,103,1.0
56,104,1.0
56,105,1.0
56,106,1.0
56,107,1.0
56,108,2.0
56,109,2.0
56,110,2.0
56,111,2.0
56,112,2.0
56,113,2.0
56,114,0.0
56,115,0.0
56,116,0.0
56,117,2.0
56,118,2.0
56,119,2.0
56,120,2.0
56,121,2.0
56,122,2.0
56,123,2.0
56,124,3.0
56,125,3.0
56,126,1.0
56,127,1.0
56,128,0.0
56,129,1.0
56,130,1.0
56,131,1.0
56,132,1.0
56,133,1.0
56,134,1.0
56,135,1.0
56,136,0.0
56,137,0.0
56,138,0.0
56,139,0.0
56,140,1.0
56,141,2.0
56,142,1.0
56,143,1.0
56,144,1.0
56,145,1.0
56,146,1.0
56,147,0.0
56,148,0.0
56,149,1.0
56,150,1.0
56,151,1.0
56,152,1.0
56,153,2.0
56,154,2.0
56,155,1.0
56,156,2.0
56,157,1.0
56,158,1.0
56,159,1.0
56,160,1.0
56,161,3.0
56,162,1.0
56,163,1.0
56,164,2.0
56,165,0.0
56,166,1.0
56,167,1.0
56,168,1.0
56,169,1.0
56,170,1.0
56,171,1.0
56,172,1.0
56,173,1.0
56,174,0.0
56,175,3.0
56,176,1.0
56,177,2.0
56,178,2.0
56,179,2.0
56,180,2.0
56,181,2.0
56,182,0.0
56,183,1.0
56,184,1.0
56,185,0.0
56,186,1.0
56,187,1.0
56,188,1.0
56,189,1.0
56,190,1.0
56,191,1.0
56,192,1.0
56,193,1.0
56,194,1.0
56,195,1.0
56,196,2.0
56,197,2.0
56,198,2.0
56,199,1.0
56,200,1.0
56,201,1.0
56,202,1.0
56,203,2.0
56,204,1.0
56,205,1.0
56,206,1.0
56,207,2.0
56,208,1.0
56,209,1.0
56,210,1.0
56,211,1.0
56,212,2.0
56,213,1.0
56,214,2.0
56,215,4.0
56,216,1.0
56,217,1.0
56,218,1.0
56,219,1.0
56,220,2.0
56,221,4.0
56,222,2.0
56,223,1.0
56,224,1.0
56,225,1.0
56,226,0.0
56,227,1.0
56,228,1.0
56,229,3.0
56,230,1.0
56,231,1.0
56,232,2.0
56,233,2.0
56,234,1.0
56,235,1.0
56,236,2.0
56,237,1.0
56,238,1.0
56,239,1.0
56,240,1.0
56,241,1.0
56,242,1.0
56,243,2.0
56,244,1.0
56,245,2.0
56,246,1.0
56,247,1.0
56,248,1.0
56,249,1.0
56,250,1.0
56,251,1.0
56,252,1.0
56,253,0.0
56,254,1.0
56,255,1.0
56,256,1.0
56,257,4.0
56,258,2.0
56,259,3.0
56,260,1.0
56,261,1.0
56,262,1.0
56,263,2.0
56,264,1.0
56,265,1.0
56,266,1.0
56,267,1.0
56,268,2.0
56,269,1.0
56,270,1.0
56,271,3.0
56,272,1.0
56,273,2.0
56,274,2.0
56,275,1.0
56,276,1.0
56,277,1.0
56,278,2.0
56,279,1.0
56,280,1.0
56,281,1.0
56,282,1.0
56,283,0.0
56,284,1.0
56,285,3.0
56,286,2.0
56,287,3.0
56,288,3.0
56,289,1.0
56,290,2.0
56,291,1.0
56,292,1.0
56,293,2.0
56,294,1.0
56,295,1.0
56,296,1.0
56,297,1.0
56,298,1.0
56,299,1.0
56,300,1.0
56,301,2.0
56,302,1.0
56,303,1.0
56,304,1.0
56,305,1.0
56,306,2.0
56,307,1.0
56,308,1.0
56,309,2.0
56,310,1.0
56,311,1.0
56,312,3.0
56,313,1.0
56,314,1.0
56,315,2.0
56,316,1.0
56,317,1.0
56,318,2.0
56,319,1.0
56,320,1.0
56,321,1.0
56,322,2.0
56,323,2.0
56,324,1.0
56,325,1.0
56,326,1.0
56,327,3.0
56,328,1.0
56,329,2.0
56,330,1.0
56,331,0.0
56,332,1.0
56,333,1.0
56,334,0.0
56,335,1.0
56,336,3.0
56,337,1.0
56,338,1.0
56,339,2.0
56,340,1.0
56,341,1.0
56,342,1.0
56,343,1.0
56,344,1.0
56,345,1.0
56,346,1.0
56,347,1.0
56,348,1.0
56,349,2.0
56,350,1.0
56,351,1.0
56,352,1.0
56,353,2.0
56,354,1.0
56,355,1.0
56,356,2.0
56,357,1.0
56,358,1.0
56,359,2.0
56,360,2.0
56,361,1.0
56,362,1.0
56,363,2.0
56,364,0.0
56,365,3.0
56,366,1.0
56,367,1.0
56,368,1.0
56,369,1.0
56,370,1.0
56,371,1.0
56,372,1.0
56,373,1.0
56,374,1.0
56,375,2.0
56,376,1.0
56,377,1.0
57,58,2.0
57,59,2.0
57,60,2.0
57,61,0.0
57,62,1.0
57,63,2.0
57,64,2.0
57,65,2.0
57,66,2.0
57,67,2.0
57,68,2.0
57,69,2.0
57,70,2.0
57,71,2.0
57,72,2.0
57,73,3.0
57,74,2.0
57,75,0.0
57,76,1.0
57,77,3.0
57,78,2.0
57,79,2.0
57,80,2.0
57,81,2.0
57,82,2.0
57,83,1.0
57,84,1.0
57,85,1.0
57,86,2.0
57,87,2.0
57,88,2.0
57,89,1.0
57,90,3.0
57,91,2.0
57,92,2.0
57,93,2.0
57,94,3.0
57,95,0.0
57,96,1.0
57,97,4.0
57,98,1.0
57,99,2.0
57,100,0.0
57,101,2.0
57,102,0.0
57,103,2.0
57,104,2.0
57,105,2.0
57,106,2.0
57,107,2.0
57,108,2.0
57,109,2.0
57,110,2.0
57,111,2.0
57,112,1.0
57,113,2.0
57,114,1.0
57,115,1.0
57,116,1.0
57,117,2.0
57,118,1.0
57,119,2.0
57,120,2.0
57,121,1.0
57,122,2.0
57,123,2.0
57,124,1.0
57,125,1.0
57,126,3.0
57,127,3.0
57,128,1.0
57,129,3.0
57,130,3.0
57,131,3.0
57,132,1.0
57,133,1.0
57,134,1.0
57,135,1.0
57,136,1.0
57,137,1.0
57,138,1.0
57,139,1.0
57,140,3.0
57,141,2.0
57,142,3.0
57,143,2.0
57,144,2.0
57,145,2.0
57,146,1.0
57,147,1.0
57,148,1.0
57,149,1.0
57,150,2.0
57,151,2.0
57,152,2.0
57,153,2.0
57,154,2.0
57,155,4.0
57,156,3.0
57,157,2.0
57,158,2.0
57,159,2.0
57,160,2.0
57,161,1.0
57,162,2.0
57,163,2.0
57,164,1.0
57,165,0.0
57,166,2.0
57,167,2.0
57,168,2.0
57,169,2.0
57,170,2.0
57,171,2.0
57,172,2.0
57,173,4.0
57,174,1.0
57,175,1.0
57,176,2.0
57,177,2.0
57,178,2.0
57,179,2.0
57,180,2.0
57,181,2.0
57,182,3.0
57,183,2.0
57,184,2.0
57,185,1.0
57,186,2.0
57,187,2.0
57,188,0.0
57,189,2.0
57,190,1.0
57,191,1.0
57,192,1.0
57,193,3.0
57,194,2.0
57,195,2.0
57,196,2.0
57,197,2.0
57,198,2.0
57,199,0.0
57,200,0.0
57,201,0.0
57,202,3.0
57,203,2.0
57,204,2.0
57,205,2.0
57,206,1.0
57,207,2.0
57,208,2.0
57,209,2.0
57,210,2.0
57,211,2.0
57,212,2.0
57,213,2.0
57,214,2.0
57,215,2.0
57,216,2.0
57,217,2.0
57,218,2.0
57,219,2.0
57,220,2.0
57,221,2.0
57,222,1.0
57,223,2.0
57,224,2.0
57,225,2.0
57,226,1.0
57,227,2.0
57,228,2.0
57,229,2.0
57,230,2.0
57,231,2.0
57,232,2.0
57,233,2.0
57,234,1.0
57,235,2.0
57,236,2.0
57,237,3.0
57,238,1.0
57,239,2.0
57,240,2.0
57,241,2.0
57,242,2.0
57,243,2.0
57,244,2.0
57,245,2.0
57,246,2.0
57,247,3.0
57,248,0.0
57,249,4.0
57,250,3.0
57,251,2.0
57,252,2.0
57,253,2.0
57,254,2.0
57,255,2.0
57,256,2.0
57,257,2.0
57,258,2.0
57,259,2.0
57,260,2.0
57,261,2.0
57,262,4.0
57,263,2.0
57,264,2.0
57,265,2.0
57,266,0.0
57,267,2.0
57,268,2.0
57,269,2.0
57,270,2.0
57,271,2.0
57,272,3.0
57,273,2.0
57,274,2.0
57,275,2.0
57,276,2.0
57,277,2.0
57,278,2.0
57,279,2.0
57,280,2.0
57,281,2.0
57,282,2.0
57,283,1.0
57,284,2.0
57,285,2.0
57,286,2.0
57,287,1.0
57,288,2.0
57,289,2.0
57,290,2.0
57,291,2.0
57,292,2.0
57,293,2.0
57,294,2.0
57,295,2.0
57,296,4.0
57,297,2.0
57,298,2.0
57,299,2.0
57,300,2.0
57,301,2.0
57,302,2.0
57,303,2.0
57,304,2.0
57,305,2.0
57,306,2.0
57,307,2.0
57,308,2.0
57,309,2.0
57,310,2.0
57,311,2.0
57,312,2.0
57,313,2.0
57,314,2.0
57,315,2.0
57,316,4.0
57,317,0.0
57,318,2.0
57,319,3.0
57,320,2.0
57,321,2.0
57,322,2.0
57,323,2.0
57,324,3.0
57,325,2.0
57,326,2.0
57,327,2.0
57,328,2.0
57,329,2.0
57,330,2.0
57,331,1.0
57,332,3.0
57,333,2.0
57,334,2.0
57,335,0.0
57,336,1.0
57,337,2.0
57,338,3.0
57,339,3.0
57,340,1.0
57,341,2.0
57,342,2.0
57,343,2.0
57,344,2.0
57,345,2.0
57,346,4.0
57,347,2.0
57,348,3.0
57,349,2.0
57,350,2.0
57,351,2.0
57,352,2.0
57,353,2.0
57,354,2.0
57,355,0.0
57,356,2.0
57,357,2.0
57,358,2.0
57,359,2.0
57,360,2.0
57,361,2.0
57,362,2.0
57,363,1.0
57,364,1.0
57,365,1.0
57,366,3.0
57,367,2.0
57,368,1.0
57,369,2.0
57,370,2.0
57,371,2.0
57,372,2.0
57,373,2.0
57,374,2.0
57,375,2.0
57,376,4.0
57,377,2.0
58,59,3.0
58,60,2.0
58,61,2.0
58,62,1.0
58,63,2.0
58,64,3.0
58,65,2.0
58,66,2.0
58,67,3.0
58,68,3.0
58,69,4.0
58,70,4.0
58,71,3.0
58,72,3.0
58,73,3.0
58,74,3.0
58,75,2.0
58,76,1.0
58,77,3.0
58,78,3.0
58,79,3.0
58,80,3.0
58,81,3.0
58,82,3.0
58,83,1.0
58,84,1.0
58,85,1.0
58,86,6.0
58,87,3.0
58,88,5.0
58,89,2.0
58,90,4.0
58,91,2.0
58,92,2.0
58,93,3.0
58,94,2.0
58,95,2.0
58,96,1.0
58,97,3.0
58,98,1.0
58,99,2.0
58,100,1.0
58,101,3.0
58,102,1.0
58,103,3.0
58,104,4.0
58,105,3.0
58,106,3.0
58,107,3.0
58,108,5.0
58,109,6.0
58,110,5.0
58,111,3.0
58,112,3.0
58,113,3.0
58,114,1.0
58,115,1.0
58,116,1.0
58,117,6.0
58,118,3.0
58,119,3.0
58,120,6.0
58,121,3.0
58,122,3.0
58,123,3.0
58,124,2.0
58,125,2.0
58,126,3.0
58,127,3.0
58,128,1.0
58,129,3.0
58,130,3.0
58,131,3.0
58,132,3.0
58,133,3.0
58,134,3.0
58,135,3.0
58,136,1.0
58,137,1.0
58,138,1.0
58,139,1.0
58,140,3.0
58,141,4.0
58,142,3.0
58,143,3.0
58,144,3.0
58,145,2.0
58,146,3.0
58,147,1.0
58,148,1.0
58,149,3.0
58,150,2.0
58,151,2.0
58,152,2.0
58,153,3.0
58,154,6.0
58,155,3.0
58,156,4.0
58,157,4.0
58,158,4.0
58,159,2.0
58,160,3.0
58,161,2.0
58,162,3.0
58,163,4.0
58,164,3.0
58,165,1.0
58,166,3.0
58,167,4.0
58,168,2.0
58,169,3.0
58,170,4.0
58,171,1.0
58,172,4.0
58,173,3.0
58,174,1.0
58,175,2.0
58,176,2.0
58,177,3.0
58,178,3.0
58,179,5.0
58,180,3.0
58,181,3.0
58,182,2.0
58,183,3.0
58,184,3.0
58,185,1.0
58,186,3.0
58,187,3.0
58,188,2.0
58,189,2.0
58,190,3.0
58,191,3.0
58,192,3.0
58,193,2.0
58,194,4.0
58,195,2.0
58,196,2.0
58,197,2.0
58,198,2.0
58,199,1.0
58,200,1.0
58,201,1.0
58,202,3.0
58,203,4.0
58,204,2.0
58,205,2.0
58,206,2.0
58,207,3.0
58,208,4.0
58,209,3.0
58,210,4.0
58,211,1.0
58,212,6.0
58,213,3.0
58,214,6.0
58,215,3.0
58,216,2.0
58,217,4.0
58,218,2.0
58,219,3.0
58,220,6.0
58,221,2.0
58,222,3.0
58,223,3.0
58,224,3.0
58,225,3.0
58,226,1.0
58,227,3.0
58,228,2.0
58,229,3.0
58,230,3.0
58,231,3.0
58,232,4.0
58,233,3.0
58,234,3.0
58,235,2.0
58,236,4.0
58,237,4.0
58,238,3.0
58,239,3.0
58,240,1.0
58,241,3.0
58,242,2.0
58,243,6.0
58,244,3.0
58,245,4.0
58,246,3.0
58,247,3.0
58,248,2.0
58,249,3.0
58,250,3.0
58,251,2.0
58,252,2.0
58,253,2.0
58,254,2.0
58,255,2.0
58,256,3.0
58,257,3.0
58,258,5.0
58,259,3.0
58,260,2.0
58,261,3.0
58,262,3.0
58,263,5.0
58,264,1.0
58,265,2.0
58,266,2.0
58,267,3.0
58,268,6.0
58,269,2.0
58,270,4.0
58,271,3.0
58,272,3.0
58,273,3.0
58,274,3.0
58,275,3.0
58,276,3.0
58,277,3.0
58,278,5.0
58,279,2.0
58,280,4.0
58,281,2.0
58,282,3.0
58,283,1.0
58,284,3.0
58,285,2.0
58,286,6.0
58,287,3.0
58,288,2.0
58,289,3.0
58,290,2.0
58,291,2.0
58,292,2.0
58,293,3.0
58,294,4.0
58,295,3.0
58,296,3.0
58,297,3.0
58,298,3.0
58,299,3.0
58,300,4.0
58,301,4.0
58,302,3.0
58,303,2.0
58,304,3.0
58,305,2.0
58,306,2.0
58,307,3.0
58,308,4.0
58,309,5.0
58,310,3.0
58,311,1.0
58,312,3.0
58,313,3.0
58,314,3.0
58,315,3.0
58,316,3.0
58,317,1.0
58,318,3.0
58,319,3.0
58,320,3.0
58,321,3.0
58,322,6.0
58,323,6.0
58,324,3.0
58,325,2.0
58,326,3.0
58,327,3.0
58,328,3.0
58,329,6.0
58,330,3.0
58,331,1.0
58,332,2.0
58,333,3.0
58,334,1.0
58,335,1.0
58,336,2.0
58,337,3.0
58,338,3.0
58,339,3.0
58,340,2.0
58,341,2.0
58,342,2.0
58,343,3.0
58,344,3.0
58,345,3.0
58,346,3.0
58,347,3.0
58,348,3.0
58,349,5.0
58,350,2.0
58,351,3.0
58,352,3.0
58,353,5.0
58,354,3.0
58,355,2.0
58,356,6.0
58,357,4.0
58,358,3.0
58,359,3.0
58,360,6.0
58,361,3.0
58,362,3.0
58,363,4.0
58,364,1.0
58,365,3.0
58,366,3.0
58,367,3.0
58,368,2.0
58,369,2.0
58,370,3.0
58,371,3.0
58,372,2.0
58,373,4.0
58,374,3.0
58,375,3.0
58,376,3.0
58,377,3.0
59,60,3.0
59,61,1.0
59,62,1.0
59,63,4.0
59,64,4.0
59,65,3.0
59,66,3.0
59,67,3.0
59,68,5.0
59,69,3.0
59,70,3.0
59,71,5.0
59,72,3.0
59,73,4.0
59,74,2.0
59,75,1.0
59,76,1.0
59,77,4.0
59,78,4.0
59,79,4.0
59,80,5.0
59,81,3.0
59,82,5.0
59,83,1.0
59,84,1.0
59,85,1.0
59,86,3.0
59,87,5.0
59,88,2.0
59,89,1.0
59,90,2.0
59,91,2.0
59,92,2.0
59,93,5.0
59,94,2.0
59,95,1.0
59,96,1.0
59,97,2.0
59,98,1.0
59,99,2.0
59,100,0.0
59,101,5.0
59,102,0.0
59,103,4.0
59,104,2.0
59,105,4.0
59,106,4.0
59,107,5.0
59,108,3.0
59,109,3.0
59,110,3.0
59,111,2.0
59,112,2.0
59,113,2.0
59,114,1.0
59,115,1.0
59,116,1.0
59,117,3.0
59,118,2.0
59,119,3.0
59,120,3.0
59,121,2.0
59,122,3.0
59,123,4.0
59,124,1.0
59,125,1.0
59,126,4.0
59,127,4.0
59,128,1.0
59,129,4.0
59,130,4.0
59,131,4.0
59,132,2.0
59,133,2.0
59,134,2.0
59,135,2.0
59,136,1.0
59,137,1.0
59,138,1.0
59,139,1.0
59,140,4.0
59,141,3.0
59,142,2.0
59,143,4.0
59,144,4.0
59,145,3.0
59,146,2.0
59,147,1.0
59,148,1.0
59,149,2.0
59,150,2.0
59,151,2.0
59,152,2.0
59,153,3.0
59,154,3.0
59,155,2.0
59,156,3.0
59,157,2.0
59,158,2.0
59,159,2.0
59,160,4.0
59,161,1.0
59,162,4.0
59,163,2.0
59,164,2.0
59,165,0.0
59,166,3.0
59,167,2.0
59,168,2.0
59,169,5.0
59,170,2.0
59,171,2.0
59,172,2.0
59,173,2.0
59,174,1.0
59,175,1.0
59,176,2.0
59,177,3.0
59,178,3.0
59,179,3.0
59,180,3.0
59,181,3.0
59,182,2.0
59,183,4.0
59,184,4.0
59,185,1.0
59,186,3.0
59,187,3.0
59,188,1.0
59,189,3.0
59,190,2.0
59,191,2.0
59,192,2.0
59,193,2.0
59,194,2.0
59,195,2.0
59,196,2.0
59,197,2.0
59,198,2.0
59,199,0.0
59,200,0.0
59,201,0.0
59,202,4.0
59,203,3.0
59,204,2.0
59,205,2.0
59,206,1.0
59,207,4.0
59,208,2.0
59,209,5.0
59,210,3.0
59,211,2.0
59,212,3.0
59,213,4.0
59,214,3.0
59,215,2.0
59,216,3.0
59,217,4.0
59,218,2.0
59,219,3.0
59,220,3.0
59,221,1.0
59,222,2.0
59,223,3.0
59,224,5.0
59,225,5.0
59,226,1.0
59,227,5.0
59,228,3.0
59,229,3.0
59,230,4.0
59,231,5.0
59,232,3.0
59,233,3.0
59,234,2.0
59,235,4.0
59,236,4.0
59,237,3.0
59,238,2.0
59,239,5.0
59,240,2.0
59,241,4.0
59,242,4.0
59,243,3.0
59,244,5.0
59,245,4.0
59,246,4.0
59,247,4.0
59,248,1.0
59,249,2.0
59,250,4.0
59,251,3.0
59,252,2.0
59,253,3.0
59,254,2.0
59,255,3.0
59,256,3.0
59,257,2.0
59,258,3.0
59,259,3.0
59,260,4.0
59,261,5.0
59,262,2.0
59,263,3.0
59,264,2.0
59,265,2.0
59,266,0.0
59,267,5.0
59,268,3.0
59,269,2.0
59,270,2.0
59,271,3.0
59,272,4.0
59,273,4.0
59,274,3.0
59,275,5.0
59,276,5.0
59,277,5.0
59,278,3.0
59,279,2.0
59,280,3.0
59,281,2.0
59,282,3.0
59,283,1.0
59,284,5.0
59,285,1.0
59,286,3.0
59,287,2.0
59,288,2.0
59,289,5.0
59,290,3.0
59,291,2.0
59,292,4.0
59,293,3.0
59,294,2.0
59,295,4.0
59,296,4.0
59,297,5.0
59,298,4.0
59,299,4.0
59,300,2.0
59,301,3.0
59,302,5.0
59,303,4.0
59,304,4.0
59,305,2.0
59,306,3.0
59,307,5.0
59,308,3.0
59,309,3.0
59,310,5.0
59,311,2.0
59,312,3.0
59,313,5.0
59,314,5.0
59,315,3.0
59,316,2.0
59,317,0.0
59,318,4.0
59,319,2.0
59,320,5.0
59,321,5.0
59,322,3.0
59,323,3.0
59,324,4.0
59,325,2.0
59,326,5.0
59,327,3.0
59,328,5.0
59,329,3.0
59,330,4.0
59,331,1.0
59,332,4.0
59,333,4.0
59,334,1.0
59,335,0.0
59,336,1.0
59,337,5.0
59,338,4.0
59,339,3.0
59,340,2.0
59,341,2.0
59,342,4.0
59,343,5.0
59,344,5.0
59,345,4.0
59,346,2.0
59,347,5.0
59,348,4.0
59,349,3.0
59,350,3.0
59,351,5.0
59,352,5.0
59,353,3.0
59,354,5.0
59,355,1.0
59,356,3.0
59,357,3.0
59,358,5.0
59,359,3.0
59,360,3.0
59,361,5.0
59,362,4.0
59,363,2.0
59,364,1.0
59,365,2.0
59,366,4.0
59,367,5.0
59,368,1.0
59,369,3.0
59,370,4.0
59,371,4.0
59,372,4.0
59,373,2.0
59,374,5.0
59,375,3.0
59,376,2.0
59,377,3.0
60,61,0.0
60,62,3.0
60,63,3.0
60,64,2.0
60,65,3.0
60,66,3.0
60,67,2.0
60,68,3.0
60,69,1.0
60,70,1.0
60,71,3.0
60,72,2.0
60,73,2.0
60,74,3.0
60,75,0.0
60,76,2.0
60,77,2.0
60,78,3.0
60,79,3.0
60,80,3.0
60,81,2.0
60,82,3.0
60,83,3.0
60,84,3.0
60,85,3.0
60,86,2.0
60,87,3.0
60,88,2.0
60,89,2.0
60,90,2.0
60,91,3.0
60,92,2.0
60,93,3.0
60,94,2.0
60,95,1.0
60,96,3.0
60,97,2.0
60,98,3.0
60,99,3.0
60,100,2.0
60,101,3.0
60,102,2.0
60,103,4.0
60,104,2.0
60,105,3.0
60,106,3.0
60,107,3.0
60,108,2.0
60,109,2.0
60,110,2.0
60,111,3.0
60,112,2.0
60,113,3.0
60,114,3.0
60,115,3.0
60,116,3.0
60,117,2.0
60,118,2.0
60,119,3.0
60,120,2.0
60,121,2.0
60,122,3.0
60,123,4.0
60,124,2.0
60,125,2.0
60,126,2.0
60,127,2.0
60,128,3.0
60,129,2.0
60,130,2.0
60,131,2.0
60,132,3.0
60,133,3.0
60,134,3.0
60,135,3.0
60,136,2.0
60,137,2.0
60,138,2.0
60,139,3.0
60,140,3.0
60,141,1.0
60,142,2.0
60,143,3.0
60,144,3.0
60,145,3.0
60,146,1.0
60,147,3.0
60,148,3.0
60,149,1.0
60,150,4.0
60,151,4.0
60,152,4.0
60,153,3.0
60,154,2.0
60,155,2.0
60,156,1.0
60,157,2.0
60,158,2.0
60,159,4.0
60,160,2.0
60,161,2.0
60,162,2.0
60,163,2.0
60,164,1.0
60,165,2.0
60,166,1.0
60,167,2.0
60,168,1.0
60,169,3.0
60,170,2.0
60,171,2.0
60,172,2.0
60,173,2.0
60,174,3.0
60,175,2.0
60,176,5.0
60,177,2.0
60,178,2.0
60,179,2.0
60,180,2.0
60,181,2.0
60,182,3.0
60,183,2.0
60,184,2.0
60,185,3.0
60,186,2.0
60,187,2.0
60,188,0.0
60,189,5.0
60,190,2.0
60,191,2.0
60,192,2.0
60,193,3.0
60,194,2.0
60,195,3.0
60,196,3.0
60,197,3.0
60,198,3.0
60,199,2.0
60,200,2.0
60,201,2.0
60,202,3.0
60,203,2.0
60,204,3.0
60,205,3.0
60,206,2.0
60,207,2.0
60,208,2.0
60,209,3.0
60,210,3.0
60,211,2.0
60,212,2.0
60,213,3.0
60,214,2.0
60,215,1.0
60,216,5.0
60,217,2.0
60,218,5.0
60,219,1.0
60,220,2.0
60,221,1.0
60,222,2.0
60,223,3.0
60,224,3.0
60,225,3.0
60,226,3.0
60,227,3.0
60,228,2.0
60,229,2.0
60,230,2.0
60,231,3.0
60,232,2.0
60,233,2.0
60,234,1.0
60,235,3.0
60,236,3.0
60,237,3.0
60,238,1.0
60,239,3.0
60,240,2.0
60,241,3.0
60,242,3.0
60,243,2.0
60,244,3.0
60,245,3.0
60,246,2.0
60,247,2.0
60,248,0.0
60,249,2.0
60,250,3.0
60,251,2.0
60,252,3.0
60,253,2.0
60,254,4.0
60,255,5.0
60,256,2.0
60,257,1.0
60,258,1.0
60,259,2.0
60,260,3.0
60,261,3.0
60,262,3.0
60,263,1.0
60,264,2.0
60,265,5.0
60,266,1.0
60,267,3.0
60,268,2.0
60,269,2.0
60,270,2.0
60,271,2.0
60,272,2.0
60,273,2.0
60,274,3.0
60,275,3.0
60,276,3.0
60,277,3.0
60,278,1.0
60,279,2.0
60,280,3.0
60,281,5.0
60,282,2.0
60,283,2.0
60,284,3.0
60,285,2.0
60,286,2.0
60,287,2.0
60,288,3.0
60,289,3.0
60,290,4.0
60,291,2.0
60,292,3.0
60,293,2.0
60,294,2.0
60,295,3.0
60,296,3.0
60,297,3.0
60,298,2.0
60,299,2.0
60,300,2.0
60,301,2.0
60,302,3.0
60,303,3.0
60,304,4.0
60,305,5.0
60,306,3.0
60,307,3.0
60,308,2.0
60,309,1.0
60,310,3.0
60,311,2.0
60,312,2.0
60,313,3.0
60,314,3.0
60,315,3.0
60,316,2.0
60,317,1.0
60,318,2.0
60,319,2.0
60,320,3.0
60,321,3.0
60,322,2.0
60,323,2.0
60,324,2.0
60,325,2.0
60,326,3.0
60,327,2.0
60,328,3.0
60,329,2.0
60,330,3.0
60,331,3.0
60,332,3.0
60,333,4.0
60,334,2.0
60,335,2.0
60,336,2.0
60,337,3.0
60,338,3.0
60,339,3.0
60,340,1.0
60,341,5.0
60,342,3.0
60,343,3.0
60,344,3.0
60,345,3.0
60,346,2.0
60,347,3.0
60,348,3.0
60,349,1.0
60,350,2.0
60,351,3.0
60,352,3.0
60,353,2.0
60,354,3.0
60,355,0.0
60,356,2.0
60,357,2.0
60,358,3.0
60,359,3.0
60,360,2.0
60,361,3.0
60,362,3.0
60,363,2.0
60,364,3.0
60,365,2.0
60,366,2.0
60,367,3.0
60,368,1.0
60,369,5.0
60,370,2.0
60,371,3.0
60,372,3.0
60,373,2.0
60,374,3.0
60,375,2.0
60,376,3.0
60,377,2.0
61,62,0.0
61,63,1.0
61,64,1.0
61,65,1.0
61,66,1.0
61,67,1.0
61,68,1.0
61,69,3.0
61,70,3.0
61,71,1.0
61,72,3.0
61,73,1.0
61,74,0.0
61,75,5.0
61,76,0.0
61,77,1.0
61,78,1.0
61,79,1.0
61,80,1.0
61,81,0.0
61,82,1.0
61,83,0.0
61,84,0.0
61,85,0.0
61,86,2.0
61,87,1.0
61,88,2.0
61,89,0.0
61,90,1.0
61,91,1.0
61,92,0.0
61,93,1.0
61,94,0.0
61,95,4.0
61,96,0.0
61,97,0.0
61,98,0.0
61,99,1.0
61,100,1.0
61,101,1.0
61,102,1.0
61,103,0.0
61,104,1.0
61,105,1.0
61,106,1.0
61,107,1.0
61,108,3.0
61,109,2.0
61,110,1.0
61,111,0.0
61,112,4.0
61,113,0.0
61,114,0.0
61,115,0.0
61,116,0.0
61,117,2.0
61,118,2.0
61,119,0.0
61,120,2.0
61,121,2.0
61,122,0.0
61,123,1.0
61,124,2.0
61,125,2.0
61,126,1.0
61,127,1.0
61,128,0.0
61,129,1.0
61,130,1.0
61,131,1.0
61,132,1.0
61,133,1.0
61,134,1.0
61,135,1.0
61,136,0.0
61,137,0.0
61,138,0.0
61,139,0.0
61,140,0.0
61,141,3.0
61,142,0.0
61,143,1.0
61,144,1.0
61,145,2.0
61,146,4.0
61,147,0.0
61,148,0.0
61,149,4.0
61,150,1.0
61,151,1.0
61,152,0.0
61,153,1.0
61,154,2.0
61,155,0.0
61,156,2.0
61,157,1.0
61,158,1.0
61,159,0.0
61,160,2.0
61,161,2.0
61,162,1.0
61,163,1.0
61,164,4.0
61,165,0.0
61,166,1.0
61,167,1.0
61,168,2.0
61,169,1.0
61,170,1.0
61,171,1.0
61,172,1.0
61,173,0.0
61,174,0.0
61,175,2.0
61,176,0.0
61,177,3.0
61,178,3.0
61,179,2.0
61,180,3.0
61,181,3.0
61,182,0.0
61,183,1.0
61,184,1.0
61,185,0.0
61,186,0.0
61,187,0.0
61,188,5.0
61,189,0.0
61,190,1.0
61,191,1.0
61,192,1.0
61,193,2.0
61,194,1.0
61,195,1.0
61,196,1.0
61,197,1.0
61,198,1.0
61,199,1.0
61,200,1.0
61,201,1.0
61,202,0.0
61,203,1.0
61,204,1.0
61,205,1.0
61,206,1.0
61,207,1.0
61,208,1.0
61,209,1.0
61,210,1.0
61,211,1.0
61,212,2.0
61,213,1.0
61,214,2.0
61,215,1.0
61,216,0.0
61,217,1.0
61,218,0.0
61,219,1.0
61,220,2.0
61,221,1.0
61,222,2.0
61,223,2.0
61,224,1.0
61,225,1.0
61,226,0.0
61,227,1.0
61,228,1.0
61,229,2.0
61,230,1.0
61,231,1.0
61,232,1.0
61,233,3.0
61,234,1.0
61,235,1.0
61,236,1.0
61,237,0.0
61,238,1.0
61,239,1.0
61,240,1.0
61,241,1.0
61,242,1.0
61,243,2.0
61,244,1.0
61,245,1.0
61,246,1.0
61,247,1.0
61,248,5.0
61,249,0.0
61,250,0.0
61,251,1.0
61,252,1.0
61,253,1.0
61,254,1.0
61,255,0.0
61,256,0.0
61,257,1.0
61,258,2.0
61,259,2.0
61,260,1.0
61,261,1.0
61,262,0.0
61,263,2.0
61,264,1.0
61,265,0.0
61,266,3.0
61,267,1.0
61,268,2.0
61,269,0.0
61,270,1.0
61,271,2.0
61,272,1.0
61,273,2.0
61,274,0.0
61,275,1.0
61,276,1.0
61,277,1.0
61,278,2.0
61,279,0.0
61,280,1.0
61,281,0.0
61,282,1.0
61,283,0.0
61,284,1.0
61,285,1.0
61,286,2.0
61,287,2.0
61,288,1.0
61,289,1.0
61,290,1.0
61,291,1.0
61,292,1.0
61,293,3.0
61,294,1.0
61,295,1.0
61,296,0.0
61,297,1.0
61,298,1.0
61,299,1.0
61,300,1.0
61,301,1.0
61,302,1.0
61,303,1.0
61,304,0.0
61,305,0.0
61,306,0.0
61,307,1.0
61,308,2.0
61,309,2.0
61,310,1.0
61,311,1.0
61,312,2.0
61,313,1.0
61,314,1.0
61,315,0.0
61,316,0.0
61,317,2.0
61,318,1.0
61,319,0.0
61,320,1.0
61,321,1.0
61,322,2.0
61,323,2.0
61,324,1.0
61,325,0.0
61,326,1.0
61,327,2.0
61,328,1.0
61,329,2.0
61,330,1.0
61,331,0.0
61,332,1.0
61,333,0.0
61,334,0.0
61,335,1.0
61,336,2.0
61,337,1.0
61,338,0.0
61,339,2.0
61,340,0.0
61,341,0.0
61,342,1.0
61,343,1.0
61,344,1.0
61,345,0.0
61,346,0.0
61,347,1.0
61,348,0.0
61,349,2.0
61,350,1.0
61,351,1.0
61,352,1.0
61,353,2.0
61,354,1.0
61,355,5.0
61,356,2.0
61,357,2.0
61,358,1.0
61,359,0.0
61,360,2.0
61,361,1.0
61,362,1.0
61,363,2.0
61,364,0.0
61,365,2.0
61,366,1.0
61,367,1.0
61,368,1.0
61,369,0.0
61,370,1.0
61,371,1.0
61,372,1.0
61,373,1.0
61,374,1.0
61,375,3.0
61,376,0.0
61,377,1.0
62,63,2.0
62,64,1.0
62,65,3.0
62,66,3.0
62,67,1.0
62,68,1.0
62,69,1.0
62,70,1.0
62,71,1.0
62,72,2.0
62,73,1.0
62,74,1.0
62,75,0.0
62,76,3.0
62,77,1.0
62,78,2.0
62,79,2.0
62,80,1.0
62,81,1.0
62,82,1.0
62,83,4.0
62,84,4.0
62,85,4.0
62,86,1.0
62,87,1.0
62,88,1.0
62,89,1.0
62,90,2.0
62,91,3.0
62,92,2.0
62,93,1.0
62,94,1.0
62,95,0.0
62,96,5.0
62,97,1.0
62,98,5.0
62,99,2.0
62,100,3.0
62,101,1.0
62,102,3.0
62,103,1.0
62,104,2.0
62,105,2.0
62,106,2.0
62,107,1.0
62,108,1.0
62,109,1.0
62,110,1.0
62,111,1.0
62,112,1.0
62,113,1.0
62,114,4.0
62,115,4.0
62,116,4.0
62,117,1.0
62,118,1.0
62,119,1.0
62,120,1.0
62,121,1.0
62,122,1.0
62,123,2.0
62,124,2.0
62,125,2.0
62,126,1.0
62,127,1.0
62,128,4.0
62,129,1.0
62,130,1.0
62,131,1.0
62,132,2.0
62,133,2.0
62,134,2.0
62,135,2.0
62,136,3.0
62,137,3.0
62,138,3.0
62,139,4.0
62,140,1.0
62,141,1.0
62,142,1.0
62,143,2.0
62,144,2.0
62,145,2.0
62,146,1.0
62,147,5.0
62,148,5.0
62,149,1.0
62,150,2.0
62,151,2.0
62,152,2.0
62,153,2.0
62,154,1.0
62,155,1.0
62,156,1.0
62,157,1.0
62,158,1.0
62,159,2.0
62,160,1.0
62,161,2.0
62,162,1.0
62,163,1.0
62,164,0.0
62,165,4.0
62,166,1.0
62,167,1.0
62,168,0.0
62,169,1.0
62,170,1.0
62,171,2.0
62,172,1.0
62,173,1.0
62,174,4.0
62,175,2.0
62,176,3.0
62,177,2.0
62,178,2.0
62,179,1.0
62,180,2.0
62,181,2.0
62,182,1.0
62,183,1.0
62,184,1.0
62,185,4.0
62,186,1.0
62,187,1.0
62,188,0.0
62,189,2.0
62,190,0.0
62,191,0.0
62,192,0.0
62,193,1.0
62,194,1.0
62,195,2.0
62,196,2.0
62,197,2.0
62,198,2.0
62,199,3.0
62,200,3.0
62,201,3.0
62,202,1.0
62,203,1.0
62,204,2.0
62,205,2.0
62,206,2.0
62,207,1.0
62,208,1.0
62,209,1.0
62,210,2.0
62,211,2.0
62,212,1.0
62,213,2.0
62,214,1.0
62,215,2.0
62,216,2.0
62,217,1.0
62,218,3.0
62,219,1.0
62,220,1.0
62,221,1.0
62,222,1.0
62,223,1.0
62,224,1.0
62,225,1.0
62,226,4.0
62,227,1.0
62,228,1.0
62,229,2.0
62,230,1.0
62,231,1.0
62,232,1.0
62,233,2.0
62,234,0.0
62,235,1.0
62,236,1.0
62,237,1.0
62,238,0.0
62,239,1.0
62,240,2.0
62,241,2.0
62,242,2.0
62,243,1.0
62,244,1.0
62,245,1.0
62,246,1.0
62,247,1.0
62,248,0.0
62,249,1.0
62,250,1.0
62,251,1.0
62,252,2.0
62,253,2.0
62,254,2.0
62,255,2.0
62,256,2.0
62,257,2.0
62,258,1.0
62,259,2.0
62,260,2.0
62,261,1.0
62,262,2.0
62,263,1.0
62,264,2.0
62,265,3.0
62,266,0.0
62,267,1.0
62,268,1.0
62,269,1.0
62,270,1.0
62,271,2.0
62,272,1.0
62,273,1.0
62,274,1.0
62,275,1.0
62,276,1.0
62,277,1.0
62,278,1.0
62,279,2.0
62,280,2.0
62,281,3.0
62,282,1.0
62,283,4.0
62,284,1.0
62,285,2.0
62,286,1.0
62,287,1.0
62,288,2.0
62,289,1.0
62,290,2.0
62,291,1.0
62,292,2.0
62,293,2.0
62,294,1.0
62,295,2.0
62,296,1.0
62,297,1.0
62,298,1.0
62,299,1.0
62,300,1.0
62,301,1.0
62,302,1.0
62,303,2.0
62,304,1.0
62,305,3.0
62,306,1.0
62,307,1.0
62,308,1.0
62,309,1.0
62,310,1.0
62,311,2.0
62,312,2.0
62,313,1.0
62,314,1.0
62,315,1.0
62,316,1.0
62,317,1.0
62,318,1.0
62,319,1.0
62,320,1.0
62,321,1.0
62,322,1.0
62,323,1.0
62,324,1.0
62,325,3.0
62,326,1.0
62,327,2.0
62,328,1.0
62,329,1.0
62,330,2.0
62,331,4.0
62,332,1.0
62,333,1.0
62,334,3.0
62,335,3.0
62,336,2.0
62,337,1.0
62,338,1.0
62,339,2.0
62,340,1.0
62,341,3.0
62,342,2.0
62,343,1.0
62,344,1.0
62,345,1.0
62,346,1.0
62,347,1.0
62,348,1.0
62,349,1.0
62,350,1.0
62,351,1.0
62,352,1.0
62,353,1.0
62,354,1.0
62,355,0.0
62,356,1.0
62,357,1.0
62,358,1.0
62,359,1.0
62,360,1.0
62,361,1.0
62,362,2.0
62,363,1.0
62,364,5.0
62,365,1.0
62,366,1.0
62,367,1.0
62,368,1.0
62,369,2.0
62,370,1.0
62,371,2.0
62,372,2.0
62,373,1.0
62,374,1.0
62,375,2.0
62,376,2.0
62,377,1.0
63,64,3.0
63,65,4.0
63,66,4.0
63,67,3.0
63,68,4.0
63,69,2.0
63,70,2.0
63,71,4.0
63,72,2.0
63,73,3.0
63,74,2.0
63,75,1.0
63,76,1.0
63,77,3.0
63,78,3.0
63,79,3.0
63,80,4.0
63,81,2.0
63,82,4.0
63,83,1.0
63,84,1.0
63,85,1.0
63,86,2.0
63,87,4.0
63,88,2.0
63,89,1.0
63,90,2.0
63,91,3.0
63,92,3.0
63,93,4.0
63,94,2.0
63,95,1.0
63,96,2.0
63,97,2.0
63,98,2.0
63,99,3.0
63,100,0.0
63,101,4.0
63,102,0.0
63,103,3.0
63,104,2.0
63,105,3.0
63,106,3.0
63,107,4.0
63,108,2.0
63,109,2.0
63,110,2.0
63,111,2.0
63,112,2.0
63,113,2.0
63,114,1.0
63,115,1.0
63,116,1.0
63,117,2.0
63,118,1.0
63,119,2.0
63,120,2.0
63,121,1.0
63,122,2.0
63,123,3.0
63,124,1.0
63,125,1.0
63,126,3.0
63,127,3.0
63,128,1.0
63,129,3.0
63,130,3.0
63,131,3.0
63,132,2.0
63,133,2.0
63,134,2.0
63,135,2.0
63,136,2.0
63,137,2.0
63,138,2.0
63,139,1.0
63,140,3.0
63,141,2.0
63,142,2.0
63,143,3.0
63,144,3.0
63,145,3.0
63,146,2.0
63,147,2.0
63,148,2.0
63,149,2.0
63,150,2.0
63,151,2.0
63,152,2.0
63,153,4.0
63,154,2.0
63,155,2.0
63,156,2.0
63,157,2.0
63,158,2.0
63,159,2.0
63,160,3.0
63,161,1.0
63,162,3.0
63,163,2.0
63,164,2.0
63,165,1.0
63,166,2.0
63,167,2.0
63,168,2.0
63,169,4.0
63,170,2.0
63,171,2.0
63,172,2.0
63,173,2.0
63,174,1.0
63,175,1.0
63,176,2.0
63,177,2.0
63,178,2.0
63,179,2.0
63,180,2.0
63,181,2.0
63,182,2.0
63,183,3.0
63,184,3.0
63,185,1.0
63,186,2.0
63,187,2.0
63,188,1.0
63,189,3.0
63,190,1.0
63,191,1.0
63,192,1.0
63,193,2.0
63,194,2.0
63,195,3.0
63,196,2.0
63,197,2.0
63,198,2.0
63,199,0.0
63,200,0.0
63,201,0.0
63,202,3.0
63,203,2.0
63,204,3.0
63,205,3.0
63,206,2.0
63,207,3.0
63,208,2.0
63,209,4.0
63,210,3.0
63,211,2.0
63,212,2.0
63,213,3.0
63,214,2.0
63,215,1.0
63,216,3.0
63,217,3.0
63,218,2.0
63,219,2.0
63,220,2.0
63,221,1.0
63,222,1.0
63,223,3.0
63,224,4.0
63,225,4.0
63,226,1.0
63,227,4.0
63,228,3.0
63,229,2.0
63,230,3.0
63,231,4.0
63,232,2.0
63,233,2.0
63,234,1.0
63,235,4.0
63,236,3.0
63,237,3.0
63,238,1.0
63,239,4.0
63,240,2.0
63,241,3.0
63,242,5.0
63,243,2.0
63,244,4.0
63,245,3.0
63,246,3.0
63,247,3.0
63,248,1.0
63,249,2.0
63,250,3.0
63,251,3.0
63,252,3.0
63,253,4.0
63,254,2.0
63,255,3.0
63,256,3.0
63,257,1.0
63,258,2.0
63,259,2.0
63,260,5.0
63,261,4.0
63,262,2.0
63,263,2.0
63,264,2.0
63,265,2.0
63,266,0.0
63,267,4.0
63,268,2.0
63,269,2.0
63,270,2.0
63,271,2.0
63,272,3.0
63,273,3.0
63,274,2.0
63,275,4.0
63,276,4.0
63,277,4.0
63,278,2.0
63,279,3.0
63,280,3.0
63,281,2.0
63,282,3.0
63,283,2.0
63,284,4.0
63,285,1.0
63,286,2.0
63,287,1.0
63,288,2.0
63,289,4.0
63,290,3.0
63,291,2.0
63,292,5.0
63,293,2.0
63,294,2.0
63,295,3.0
63,296,3.0
63,297,4.0
63,298,3.0
63,299,3.0
63,300,2.0
63,301,2.0
63,302,4.0
63,303,5.0
63,304,3.0
63,305,2.0
63,306,3.0
63,307,4.0
63,308,3.0
63,309,2.0
63,310,4.0
63,311,2.0
63,312,2.0
63,313,4.0
63,314,4.0
63,315,2.0
63,316,2.0
63,317,0.0
63,318,3.0
63,319,2.0
63,320,4.0
63,321,4.0
63,322,2.0
63,323,2.0
63,324,3.0
63,325,1.0
63,326,4.0
63,327,2.0
63,328,4.0
63,329,2.0
63,330,3.0
63,331,1.0
63,332,4.0
63,333,3.0
63,334,1.0
63,335,0.0
63,336,1.0
63,337,4.0
63,338,3.0
63,339,3.0
63,340,2.0
63,341,2.0
63,342,5.0
63,343,4.0
63,344,4.0
63,345,3.0
63,346,2.0
63,347,4.0
63,348,3.0
63,349,2.0
63,350,3.0
63,351,4.0
63,352,4.0
63,353,2.0
63,354,4.0
63,355,1.0
63,356,2.0
63,357,3.0
63,358,4.0
63,359,2.0
63,360,2.0
63,361,4.0
63,362,3.0
63,363,1.0
63,364,2.0
63,365,1.0
63,366,3.0
63,367,4.0
63,368,1.0
63,369,3.0
63,370,3.0
63,371,3.0
63,372,5.0
63,373,2.0
63,374,4.0
63,375,2.0
63,376,2.0
63,377,3.0
64,65,3.0
64,66,3.0
64,67,3.0
64,68,4.0
64,69,3.0
64,70,3.0
64,71,4.0
64,72,3.0
64,73,4.0
64,74,1.0
64,75,1.0
64,76,1.0
64,77,4.0
64,78,4.0
64,79,4.0
64,80,4.0
64,81,2.0
64,82,4.0
64,83,1.0
64,84,1.0
64,85,1.0
64,86,3.0
64,87,4.0
64,88,2.0
64,89,1.0
64,90,1.0
64,91,1.0
64,92,1.0
64,93,4.0
64,94,1.0
64,95,1.0
64,96,1.0
64,97,2.0
64,98,1.0
64,99,1.0
64,100,0.0
64,101,4.0
64,102,0.0
64,103,3.0
64,104,2.0
64,105,4.0
64,106,4.0
64,107,4.0
64,108,3.0
64,109,3.0
64,110,2.0
64,111,1.0
64,112,2.0
64,113,1.0
64,114,1.0
64,115,1.0
64,116,1.0
64,117,3.0
64,118,1.0
64,119,2.0
64,120,3.0
64,121,1.0
64,122,2.0
64,123,3.0
64,124,1.0
64,125,1.0
64,126,4.0
64,127,4.0
64,128,1.0
64,129,4.0
64,130,4.0
64,131,4.0
64,132,1.0
64,133,1.0
64,134,1.0
64,135,1.0
64,136,1.0
64,137,1.0
64,138,1.0
64,139,1.0
64,140,3.0
64,141,3.0
64,142,1.0
64,143,4.0
64,144,4.0
64,145,2.0
64,146,2.0
64,147,1.0
64,148,1.0
64,149,2.0
64,150,2.0
64,151,2.0
64,152,1.0
64,153,2.0
64,154,3.0
64,155,2.0
64,156,3.0
64,157,2.0
64,158,2.0
64,159,1.0
64,160,3.0
64,161,1.0
64,162,4.0
64,163,2.0
64,164,2.0
64,165,0.0
64,166,4.0
64,167,2.0
64,168,3.0
64,169,4.0
64,170,2.0
64,171,2.0
64,172,2.0
64,173,2.0
64,174,1.0
64,175,1.0
64,176,1.0
64,177,3.0
64,178,3.0
64,179,3.0
64,180,3.0
64,181,3.0
64,182,2.0
64,183,4.0
64,184,4.0
64,185,1.0
64,186,2.0
64,187,2.0
64,188,1.0
64,189,2.0
64,190,1.0
64,191,1.0
64,192,1.0
64,193,2.0
64,194,2.0
64,195,1.0
64,196,2.0
64,197,2.0
64,198,2.0
64,199,0.0
64,200,0.0
64,201,0.0
64,202,3.0
64,203,2.0
64,204,1.0
64,205,1.0
64,206,1.0
64,207,3.0
64,208,2.0
64,209,4.0
64,210,2.0
64,211,2.0
64,212,3.0
64,213,4.0
64,214,3.0
64,215,2.0
64,216,2.0
64,217,3.0
64,218,1.0
64,219,4.0
64,220,3.0
64,221,1.0
64,222,1.0
64,223,2.0
64,224,4.0
64,225,4.0
64,226,1.0
64,227,4.0
64,228,3.0
64,229,3.0
64,230,4.0
64,231,4.0
64,232,2.0
64,233,3.0
64,234,1.0
64,235,3.0
64,236,3.0
64,237,2.0
64,238,1.0
64,239,4.0
64,240,2.0
64,241,4.0
64,242,3.0
64,243,3.0
64,244,4.0
64,245,3.0
64,246,4.0
64,247,4.0
64,248,1.0
64,249,2.0
64,250,3.0
64,251,3.0
64,252,1.0
64,253,3.0
64,254,1.0
64,255,2.0
64,256,2.0
64,257,2.0
64,258,3.0
64,259,3.0
64,260,3.0
64,261,4.0
64,262,2.0
64,263,3.0
64,264,2.0
64,265,1.0
64,266,0.0
64,267,4.0
64,268,3.0
64,269,1.0
64,270,2.0
64,271,3.0
64,272,4.0
64,273,3.0
64,274,2.0
64,275,4.0
64,276,4.0
64,277,4.0
64,278,3.0
64,279,1.0
64,280,2.0
64,281,1.0
64,282,3.0
64,283,1.0
64,284,4.0
64,285,1.0
64,286,3.0
64,287,1.0
64,288,1.0
64,289,4.0
64,290,2.0
64,291,1.0
64,292,3.0
64,293,3.0
64,294,2.0
64,295,4.0
64,296,3.0
64,297,4.0
64,298,4.0
64,299,4.0
64,300,1.0
64,301,2.0
64,302,4.0
64,303,3.0
64,304,3.0
64,305,1.0
64,306,2.0
64,307,4.0
64,308,3.0
64,309,3.0
64,310,4.0
64,311,2.0
64,312,3.0
64,313,4.0
64,314,4.0
64,315,2.0
64,316,2.0
64,317,0.0
64,318,3.0
64,319,1.0
64,320,4.0
64,321,4.0
64,322,3.0
64,323,3.0
64,324,4.0
64,325,2.0
64,326,4.0
64,327,3.0
64,328,4.0
64,329,3.0
64,330,4.0
64,331,1.0
64,332,3.0
64,333,3.0
64,334,1.0
64,335,0.0
64,336,1.0
64,337,4.0
64,338,3.0
64,339,3.0
64,340,1.0
64,341,1.0
64,342,3.0
64,343,4.0
64,344,4.0
64,345,3.0
64,346,2.0
64,347,4.0
64,348,3.0
64,349,3.0
64,350,2.0
64,351,4.0
64,352,4.0
64,353,3.0
64,354,4.0
64,355,1.0
64,356,3.0
64,357,3.0
64,358,4.0
64,359,2.0
64,360,3.0
64,361,4.0
64,362,4.0
64,363,1.0
64,364,1.0
64,365,1.0
64,366,4.0
64,367,4.0
64,368,2.0
64,369,2.0
64,370,4.0
64,371,4.0
64,372,3.0
64,373,2.0
64,374,4.0
64,375,3.0
64,376,2.0
64,377,3.0
65,66,5.0
65,67,3.0
65,68,3.0
65,69,2.0
65,70,2.0
65,71,3.0
65,72,3.0
65,73,3.0
65,74,1.0
65,75,1.0
65,76,2.0
65,77,3.0
65,78,4.0
65,79,4.0
65,80,3.0
65,81,1.0
65,82,3.0
65,83,2.0
65,84,2.0
65,85,2.0
65,86,2.0
65,87,3.0
65,88,2.0
65,89,1.0
65,90,2.0
65,91,3.0
65,92,2.0
65,93,3.0
65,94,1.0
65,95,1.0
65,96,3.0
65,97,2.0
65,98,3.0
65,99,2.0
65,100,1.0
65,101,3.0
65,102,1.0
65,103,2.0
65,104,2.0
65,105,4.0
65,106,4.0
65,107,3.0
65,108,2.0
65,109,2.0
65,110,1.0
65,111,1.0
65,112,2.0
65,113,1.0
65,114,2.0
65,115,2.0
65,116,2.0
65,117,2.0
65,118,1.0
65,119,1.0
65,120,2.0
65,121,1.0
65,122,1.0
65,123,3.0
65,124,2.0
65,125,2.0
65,126,3.0
65,127,3.0
65,128,2.0
65,129,3.0
65,130,3.0
65,131,3.0
65,132,1.0
65,133,1.0
65,134,1.0
65,135,1.0
65,136,3.0
65,137,3.0
65,138,3.0
65,139,2.0
65,140,2.0
65,141,2.0
65,142,1.0
65,143,4.0
65,144,4.0
65,145,2.0
65,146,2.0
65,147,3.0
65,148,3.0
65,149,2.0
65,150,3.0
65,151,3.0
65,152,2.0
65,153,3.0
65,154,2.0
65,155,2.0
65,156,2.0
65,157,2.0
65,158,2.0
65,159,2.0
65,160,2.0
65,161,2.0
65,162,3.0
65,163,2.0
65,164,1.0
65,165,2.0
65,166,2.0
65,167,2.0
65,168,1.0
65,169,3.0
65,170,2.0
65,171,2.0
65,172,2.0
65,173,2.0
65,174,2.0
65,175,2.0
65,176,2.0
65,177,3.0
65,178,3.0
65,179,2.0
65,180,3.0
65,181,3.0
65,182,2.0
65,183,2.0
65,184,2.0
65,185,2.0
65,186,1.0
65,187,1.0
65,188,1.0
65,189,3.0
65,190,0.0
65,191,0.0
65,192,0.0
65,193,2.0
65,194,2.0
65,195,2.0
65,196,2.0
65,197,2.0
65,198,2.0
65,199,1.0
65,200,1.0
65,201,1.0
65,202,2.0
65,203,1.0
65,204,2.0
65,205,2.0
65,206,2.0
65,207,2.0
65,208,2.0
65,209,3.0
65,210,2.0
65,211,2.0
65,212,2.0
65,213,4.0
65,214,2.0
65,215,1.0
65,216,3.0
65,217,2.0
65,218,2.0
65,219,2.0
65,220,2.0
65,221,0.0
65,222,1.0
65,223,2.0
65,224,3.0
65,225,3.0
65,226,2.0
65,227,3.0
65,228,2.0
65,229,3.0
65,230,2.0
65,231,3.0
65,232,1.0
65,233,3.0
65,234,1.0
65,235,3.0
65,236,2.0
65,237,2.0
65,238,1.0
65,239,3.0
65,240,2.0
65,241,4.0
65,242,4.0
65,243,2.0
65,244,3.0
65,245,2.0
65,246,2.0
65,247,3.0
65,248,1.0
65,249,2.0
65,250,2.0
65,251,2.0
65,252,2.0
65,253,4.0
65,254,2.0
65,255,3.0
65,256,2.0
65,257,1.0
65,258,2.0
65,259,3.0
65,260,4.0
65,261,3.0
65,262,2.0
65,263,2.0
65,264,2.0
65,265,2.0
65,266,0.0
65,267,3.0
65,268,2.0
65,269,1.0
65,270,2.0
65,271,3.0
65,272,3.0
65,273,2.0
65,274,1.0
65,275,3.0
65,276,3.0
65,277,3.0
65,278,2.0
65,279,2.0
65,280,2.0
65,281,2.0
65,282,2.0
65,283,3.0
65,284,3.0
65,285,2.0
65,286,2.0
65,287,1.0
65,288,2.0
65,289,3.0
65,290,3.0
65,291,1.0
65,292,4.0
65,293,3.0
65,294,2.0
65,295,4.0
65,296,2.0
65,297,3.0
65,298,2.0
65,299,2.0
65,300,1.0
65,301,1.0
65,302,3.0
65,303,4.0
65,304,2.0
65,305,2.0
65,306,2.0
65,307,3.0
65,308,3.0
65,309,2.0
65,310,3.0
65,311,2.0
65,312,3.0
65,313,3.0
65,314,3.0
65,315,1.0
65,316,2.0
65,317,1.0
65,318,2.0
65,319,1.0
65,320,3.0
65,321,3.0
65,322,2.0
65,323,2.0
65,324,3.0
65,325,2.0
65,326,3.0
65,327,3.0
65,328,3.0
65,329,2.0
65,330,4.0
65,331,2.0
65,332,3.0
65,333,2.0
65,334,2.0
65,335,1.0
65,336,2.0
65,337,3.0
65,338,2.0
65,339,4.0
65,340,1.0
65,341,2.0
65,342,4.0
65,343,3.0
65,344,3.0
65,345,2.0
65,346,2.0
65,347,3.0
65,348,2.0
65,349,2.0
65,350,2.0
65,351,3.0
65,352,3.0
65,353,2.0
65,354,3.0
65,355,1.0
65,356,2.0
65,357,3.0
65,358,3.0
65,359,1.0
65,360,2.0
65,361,3.0
65,362,4.0
65,363,1.0
65,364,3.0
65,365,1.0
65,366,3.0
65,367,3.0
65,368,1.0
65,369,3.0
65,370,2.0
65,371,4.0
65,372,4.0
65,373,2.0
65,374,3.0
65,375,3.0
65,376,2.0
65,377,2.0
66,67,3.0
66,68,3.0
66,69,2.0
66,70,2.0
66,71,3.0
66,72,3.0
66,73,3.0
66,74,1.0
66,75,1.0
66,76,2.0
66,77,3.0
66,78,4.0
66,79,4.0
66,80,3.0
66,81,1.0
66,82,3.0
66,83,2.0
66,84,2.0
66,85,2.0
66,86,2.0
66,87,3.0
66,88,2.0
66,89,1.0
66,90,2.0
66,91,3.0
66,92,2.0
66,93,3.0
66,94,1.0
66,95,1.0
66,96,3.0
66,97,2.0
66,98,3.0
66,99,2.0
66,100,1.0
66,101,3.0
66,102,1.0
66,103,2.0
66,104,2.0
66,105,4.0
66,106,4.0
66,107,3.0
66,108,2.0
66,109,2.0
66,110,1.0
66,111,1.0
66,112,2.0
66,113,1.0
66,114,2.0
66,115,2.0
66,116,2.0
66,117,2.0
66,118,1.0
66,119,1.0
66,120,2.0
66,121,1.0
66,122,1.0
66,123,3.0
66,124,2.0
66,125,2.0
66,126,3.0
66,127,3.0
66,128,2.0
66,129,3.0
66,130,3.0
66,131,3.0
66,132,1.0
66,133,1.0
66,134,1.0
66,135,1.0
66,136,3.0
66,137,3.0
66,138,3.0
66,139,2.0
66,140,2.0
66,141,2.0
66,142,1.0
66,143,4.0
66,144,4.0
66,145,2.0
66,146,2.0
66,147,3.0
66,148,3.0
66,149,2.0
66,150,3.0
66,151,3.0
66,152,2.0
66,153,3.0
66,154,2.0
66,155,2.0
66,156,2.0
66,157,2.0
66,158,2.0
66,159,2.0
66,160,2.0
66,161,2.0
66,162,3.0
66,163,2.0
66,164,1.0
66,165,2.0
66,166,2.0
66,167,2.0
66,168,1.0
66,169,3.0
66,170,2.0
66,171,2.0
66,172,2.0
66,173,2.0
66,174,2.0
66,175,2.0
66,176,2.0
66,177,3.0
66,178,3.0
66,179,2.0
66,180,3.0
66,181,3.0
66,182,2.0
66,183,2.0
66,184,2.0
66,185,2.0
66,186,1.0
66,187,1.0
66,188,1.0
66,189,3.0
66,190,0.0
66,191,0.0
66,192,0.0
66,193,2.0
66,194,2.0
66,195,2.0
66,196,2.0
66,197,2.0
66,198,2.0
66,199,1.0
66,200,1.0
66,201,1.0
66,202,2.0
66,203,1.0
66,204,2.0
66,205,2.0
66,206,2.0
66,207,2.0
66,208,2.0
66,209,3.0
66,210,2.0
66,211,2.0
66,212,2.0
66,213,4.0
66,214,2.0
66,215,1.0
66,216,3.0
66,217,2.0
66,218,2.0
66,219,2.0
66,220,2.0
66,221,0.0
66,222,1.0
66,223,2.0
66,224,3.0
66,225,3.0
66,226,2.0
66,227,3.0
66,228,2.0
66,229,3.0
66,230,2.0
66,231,3.0
66,232,1.0
66,233,3.0
66,234,1.0
66,235,3.0
66,236,2.0
66,237,2.0
66,238,1.0
66,239,3.0
66,240,2.0
66,241,4.0
66,242,4.0
66,243,2.0
66,244,3.0
66,245,2.0
66,246,2.0
66,247,3.0
66,248,1.0
66,249,2.0
66,250,2.0
66,251,2.0
66,252,2.0
66,253,4.0
66,254,2.0
66,255,3.0
66,256,2.0
66,257,1.0
66,258,2.0
66,259,3.0
66,260,4.0
66,261,3.0
66,262,2.0
66,263,2.0
66,264,2.0
66,265,2.0
66,266,0.0
66,267,3.0
66,268,2.0
66,269,1.0
66,270,2.0
66,271,3.0
66,272,3.0
66,273,2.0
66,274,1.0
66,275,3.0
66,276,3.0
66,277,3.0
66,278,2.0
66,279,2.0
66,280,2.0
66,281,2.0
66,282,2.0
66,283,3.0
66,284,3.0
66,285,2.0
66,286,2.0
66,287,1.0
66,288,2.0
66,289,3.0
66,290,3.0
66,291,1.0
66,292,4.0
66,293,3.0
66,294,2.0
66,295,4.0
66,296,2.0
66,297,3.0
66,298,2.0
66,299,2.0
66,300,1.0
66,301,1.0
66,302,3.0
66,303,4.0
66,304,2.0
66,305,2.0
66,306,2.0
66,307,3.0
66,308,3.0
66,309,2.0
66,310,3.0
66,311,2.0
66,312,3.0
66,313,3.0
66,314,3.0
66,315,1.0
66,316,2.0
66,317,1.0
66,318,2.0
66,319,1.0
66,320,3.0
66,321,3.0
66,322,2.0
66,323,2.0
66,324,3.0
66,325,2.0
66,326,3.0
66,327,3.0
66,328,3.0
66,329,2.0
66,330,4.0
66,331,2.0
66,332,3.0
66,333,2.0
66,334,2.0
66,335,1.0
66,336,2.0
66,337,3.0
66,338,2.0
66,339,4.0
66,340,1.0
66,341,2.0
66,342,4.0
66,343,3.0
66,344,3.0
66,345,2.0
66,346,2.0
66,347,3.0
66,348,2.0
66,349,2.0
66,350,2.0
66,351,3.0
66,352,3.0
66,353,2.0
66,354,3.0
66,355,1.0
66,356,2.0
66,357,3.0
66,358,3.0
66,359,1.0
66,360,2.0
66,361,3.0
66,362,4.0
66,363,1.0
66,364,3.0
66,365,1.0
66,366,3.0
66,367,3.0
66,368,1.0
66,369,3.0
66,370,2.0
66,371,4.0
66,372,4.0
66,373,2.0
66,374,3.0
66,375,3.0
66,376,2.0
66,377,2.0
67,68,3.0
67,69,2.0
67,70,2.0
67,71,3.0
67,72,2.0
67,73,3.0
67,74,2.0
67,75,1.0
67,76,1.0
67,77,3.0
67,78,3.0
67,79,3.0
67,80,3.0
67,81,1.0
67,82,3.0
67,83,1.0
67,84,1.0
67,85,1.0
67,86,3.0
67,87,3.0
67,88,3.0
67,89,3.0
67,90,2.0
67,91,1.0
67,92,2.0
67,93,3.0
67,94,1.0
67,95,2.0
67,96,1.0
67,97,3.0
67,98,1.0
67,99,1.0
67,100,0.0
67,101,3.0
67,102,0.0
67,103,2.0
67,104,3.0
67,105,3.0
67,106,3.0
67,107,3.0
67,108,2.0
67,109,3.0
67,110,2.0
67,111,2.0
67,112,1.0
67,113,2.0
67,114,1.0
67,115,1.0
67,116,1.0
67,117,3.0
67,118,1.0
67,119,1.0
67,120,3.0
67,121,1.0
67,122,1.0
67,123,2.0
67,124,1.0
67,125,1.0
67,126,3.0
67,127,3.0
67,128,1.0
67,129,3.0
67,130,3.0
67,131,3.0
67,132,1.0
67,133,1.0
67,134,1.0
67,135,1.0
67,136,2.0
67,137,2.0
67,138,2.0
67,139,1.0
67,140,2.0
67,141,2.0
67,142,2.0
67,143,3.0
67,144,3.0
67,145,2.0
67,146,2.0
67,147,1.0
67,148,1.0
67,149,2.0
67,150,2.0
67,151,2.0
67,152,1.0
67,153,3.0
67,154,3.0
67,155,3.0
67,156,2.0
67,157,3.0
67,158,3.0
67,159,1.0
67,160,2.0
67,161,1.0
67,162,3.0
67,163,3.0
67,164,1.0
67,165,1.0
67,166,3.0
67,167,3.0
67,168,1.0
67,169,3.0
67,170,3.0
67,171,2.0
67,172,3.0
67,173,3.0
67,174,1.0
67,175,1.0
67,176,1.0
67,177,2.0
67,178,2.0
67,179,2.0
67,180,2.0
67,181,2.0
67,182,3.0
67,183,2.0
67,184,2.0
67,185,1.0
67,186,1.0
67,187,1.0
67,188,1.0
67,189,2.0
67,190,1.0
67,191,1.0
67,192,1.0
67,193,2.0
67,194,3.0
67,195,2.0
67,196,2.0
67,197,2.0
67,198,2.0
67,199,0.0
67,200,0.0
67,201,0.0
67,202,2.0
67,203,1.0
67,204,2.0
67,205,2.0
67,206,2.0
67,207,2.0
67,208,3.0
67,209,3.0
67,210,3.0
67,211,2.0
67,212,3.0
67,213,3.0
67,214,3.0
67,215,1.0
67,216,2.0
67,217,2.0
67,218,1.0
67,219,3.0
67,220,3.0
67,221,0.0
67,222,1.0
67,223,2.0
67,224,3.0
67,225,3.0
67,226,1.0
67,227,3.0
67,228,2.0
67,229,2.0
67,230,2.0
67,231,3.0
67,232,1.0
67,233,2.0
67,234,1.0
67,235,3.0
67,236,2.0
67,237,3.0
67,238,1.0
67,239,3.0
67,240,2.0
67,241,3.0
67,242,3.0
67,243,3.0
67,244,3.0
67,245,2.0
67,246,2.0
67,247,3.0
67,248,1.0
67,249,3.0
67,250,2.0
67,251,2.0
67,252,1.0
67,253,4.0
67,254,2.0
67,255,2.0
67,256,1.0
67,257,1.0
67,258,3.0
67,259,2.0
67,260,3.0
67,261,3.0
67,262,3.0
67,263,3.0
67,264,2.0
67,265,1.0
67,266,1.0
67,267,3.0
67,268,3.0
67,269,2.0
67,270,3.0
67,271,2.0
67,272,3.0
67,273,2.0
67,274,1.0
67,275,3.0
67,276,3.0
67,277,3.0
67,278,3.0
67,279,1.0
67,280,3.0
67,281,1.0
67,282,3.0
67,283,1.0
67,284,3.0
67,285,1.0
67,286,3.0
67,287,0.0
67,288,1.0
67,289,3.0
67,290,2.0
67,291,1.0
67,292,3.0
67,293,2.0
67,294,3.0
67,295,3.0
67,296,2.0
67,297,3.0
67,298,2.0
67,299,2.0
67,300,2.0
67,301,1.0
67,302,3.0
67,303,3.0
67,304,2.0
67,305,1.0
67,306,2.0
67,307,3.0
67,308,4.0
67,309,3.0
67,310,3.0
67,311,2.0
67,312,2.0
67,313,3.0
67,314,3.0
67,315,1.0
67,316,3.0
67,317,1.0
67,318,2.0
67,319,2.0
67,320,3.0
67,321,3.0
67,322,3.0
67,323,3.0
67,324,3.0
67,325,1.0
67,326,3.0
67,327,2.0
67,328,3.0
67,329,3.0
67,330,3.0
67,331,1.0
67,332,3.0
67,333,2.0
67,334,1.0
67,335,0.0
67,336,1.0
67,337,3.0
67,338,2.0
67,339,3.0
67,340,1.0
67,341,1.0
67,342,3.0
67,343,3.0
67,344,3.0
67,345,2.0
67,346,3.0
67,347,3.0
67,348,2.0
67,349,3.0
67,350,2.0
67,351,3.0
67,352,3.0
67,353,2.0
67,354,3.0
67,355,1.0
67,356,3.0
67,357,4.0
67,358,3.0
67,359,1.0
67,360,3.0
67,361,3.0
67,362,3.0
67,363,1.0
67,364,1.0
67,365,0.0
67,366,3.0
67,367,3.0
67,368,2.0
67,369,2.0
67,370,2.0
67,371,3.0
67,372,3.0
67,373,3.0
67,374,3.0
67,375,2.0
67,376,3.0
67,377,3.0
68,69,3.0
68,70,3.0
68,71,5.0
68,72,3.0
68,73,4.0
68,74,2.0
68,75,1.0
68,76,1.0
68,77,4.0
68,78,4.0
68,79,4.0
68,80,5.0
68,81,3.0
68,82,5.0
68,83,1.0
68,84,1.0
68,85,1.0
68,86,3.0
68,87,5.0
68,88,2.0
68,89,1.0
68,90,2.0
68,91,2.0
68,92,2.0
68,93,5.0
68,94,2.0
68,95,1.0
68,96,1.0
68,97,2.0
68,98,1.0
68,99,2.0
68,100,0.0
68,101,5.0
68,102,0.0
68,103,4.0
68,104,2.0
68,105,4.0
68,106,4.0
68,107,5.0
68,108,3.0
68,109,3.0
68,110,3.0
68,111,2.0
68,112,2.0
68,113,2.0
68,114,1.0
68,115,1.0
68,116,1.0
68,117,3.0
68,118,2.0
68,119,3.0
68,120,3.0
68,121,2.0
68,122,3.0
68,123,4.0
68,124,1.0
68,125,1.0
68,126,4.0
68,127,4.0
68,128,1.0
68,129,4.0
68,130,4.0
68,131,4.0
68,132,2.0
68,133,2.0
68,134,2.0
68,135,2.0
68,136,1.0
68,137,1.0
68,138,1.0
68,139,1.0
68,140,4.0
68,141,3.0
68,142,2.0
68,143,4.0
68,144,4.0
68,145,3.0
68,146,2.0
68,147,1.0
68,148,1.0
68,149,2.0
68,150,2.0
68,151,2.0
68,152,2.0
68,153,3.0
68,154,3.0
68,155,2.0
68,156,3.0
68,157,2.0
68,158,2.0
68,159,2.0
68,160,4.0
68,161,1.0
68,162,4.0
68,163,2.0
68,164,2.0
68,165,0.0
68,166,3.0
68,167,2.0
68,168,2.0
68,169,5.0
68,170,2.0
68,171,2.0
68,172,2.0
68,173,2.0
68,174,1.0
68,175,1.0
68,176,2.0
68,177,3.0
68,178,3.0
68,179,3.0
68,180,3.0
68,181,3.0
68,182,2.0
68,183,4.0
68,184,4.0
68,185,1.0
68,186,3.0
68,187,3.0
68,188,1.0
68,189,3.0
68,190,2.0
68,191,2.0
68,192,2.0
68,193,2.0
68,194,2.0
68,195,2.0
68,196,2.0
68,197,2.0
68,198,2.0
68,199,0.0
68,200,0.0
68,201,0.0
68,202,4.0
68,203,3.0
68,204,2.0
68,205,2.0
68,206,1.0
68,207,4.0
68,208,2.0
68,209,5.0
68,210,3.0
68,211,2.0
68,212,3.0
68,213,4.0
68,214,3.0
68,215,2.0
68,216,3.0
68,217,4.0
68,218,2.0
68,219,3.0
68,220,3.0
68,221,1.0
68,222,2.0
68,223,3.0
68,224,5.0
68,225,5.0
68,226,1.0
68,227,5.0
68,228,3.0
68,229,3.0
68,230,4.0
68,231,5.0
68,232,3.0
68,233,3.0
68,234,2.0
68,235,4.0
68,236,4.0
68,237,3.0
68,238,2.0
68,239,5.0
68,240,2.0
68,241,4.0
68,242,4.0
68,243,3.0
68,244,5.0
68,245,4.0
68,246,4.0
68,247,4.0
68,248,1.0
68,249,2.0
68,250,4.0
68,251,3.0
68,252,2.0
68,253,3.0
68,254,2.0
68,255,3.0
68,256,3.0
68,257,2.0
68,258,3.0
68,259,3.0
68,260,4.0
68,261,5.0
68,262,2.0
68,263,3.0
68,264,2.0
68,265,2.0
68,266,0.0
68,267,5.0
68,268,3.0
68,269,2.0
68,270,2.0
68,271,3.0
68,272,4.0
68,273,4.0
68,274,3.0
68,275,5.0
68,276,5.0
68,277,5.0
68,278,3.0
68,279,2.0
68,280,3.0
68,281,2.0
68,282,3.0
68,283,1.0
68,284,5.0
68,285,1.0
68,286,3.0
68,287,2.0
68,288,2.0
68,289,5.0
68,290,3.0
68,291,2.0
68,292,4.0
68,293,3.0
68,294,2.0
68,295,4.0
68,296,4.0
68,297,5.0
68,298,4.0
68,299,4.0
68,300,2.0
68,301,3.0
68,302,5.0
68,303,4.0
68,304,4.0
68,305,2.0
68,306,3.0
68,307,5.0
68,308,3.0
68,309,3.0
68,310,5.0
68,311,2.0
68,312,3.0
68,313,5.0
68,314,5.0
68,315,3.0
68,316,2.0
68,317,0.0
68,318,4.0
68,319,2.0
68,320,5.0
68,321,5.0
68,322,3.0
68,323,3.0
68,324,4.0
68,325,2.0
68,326,5.0
68,327,3.0
68,328,5.0
68,329,3.0
68,330,4.0
68,331,1.0
68,332,4.0
68,333,4.0
68,334,1.0
68,335,0.0
68,336,1.0
68,337,5.0
68,338,4.0
68,339,3.0
68,340,2.0
68,341,2.0
68,342,4.0
68,343,5.0
68,344,5.0
68,345,4.0
68,346,2.0
68,347,5.0
68,348,4.0
68,349,3.0
68,350,3.0
68,351,5.0
68,352,5.0
68,353,3.0
68,354,5.0
68,355,1.0
68,356,3.0
68,357,3.0
68,358,5.0
68,359,3.0
68,360,3.0
68,361,5.0
68,362,4.0
68,363,2.0
68,364,1.0
68,365,2.0
68,366,4.0
68,367,5.0
68,368,1.0
68,369,3.0
68,370,4.0
68,371,4.0
68,372,4.0
68,373,2.0
68,374,5.0
68,375,3.0
68,376,2.0
68,377,3.0
69,70,6.0
69,71,3.0
69,72,4.0
69,73,3.0
69,74,1.0
69,75,3.0
69,76,1.0
69,77,3.0
69,78,3.0
69,79,3.0
69,80,3.0
69,81,2.0
69,82,3.0
69,83,1.0
69,84,1.0
69,85,1.0
69,86,4.0
69,87,3.0
69,88,3.0
69,89,1.0
69,90,2.0
69,91,2.0
69,92,1.0
69,93,3.0
69,94,1.0
69,95,3.0
69,96,1.0
69,97,2.0
69,98,1.0
69,99,2.0
69,100,1.0
69,101,3.0
69,102,1.0
69,103,2.0
69,104,2.0
69,105,3.0
69,106,3.0
69,107,3.0
69,108,5.0
69,109,4.0
69,110,3.0
69,111,1.0
69,112,4.0
69,113,1.0
69,114,1.0
69,115,1.0
69,116,1.0
69,117,4.0
69,118,3.0
69,119,2.0
69,120,4.0
69,121,3.0
69,122,2.0
69,123,3.0
69,124,2.0
69,125,2.0
69,126,3.0
69,127,3.0
69,128,1.0
69,129,3.0
69,130,3.0
69,131,3.0
69,132,1.0
69,133,1.0
69,134,1.0
69,135,1.0
69,136,1.0
69,137,1.0
69,138,1.0
69,139,1.0
69,140,2.0
69,141,6.0
69,142,1.0
69,143,3.0
69,144,3.0
69,145,2.0
69,146,4.0
69,147,1.0
69,148,1.0
69,149,4.0
69,150,2.0
69,151,2.0
69,152,1.0
69,153,2.0
69,154,4.0
69,155,2.0
69,156,5.0
69,157,2.0
69,158,2.0
69,159,1.0
69,160,5.0
69,161,2.0
69,162,3.0
69,163,2.0
69,164,3.0
69,165,0.0
69,166,3.0
69,167,2.0
69,168,2.0
69,169,3.0
69,170,2.0
69,171,2.0
69,172,2.0
69,173,2.0
69,174,1.0
69,175,2.0
69,176,1.0
69,177,4.0
69,178,4.0
69,179,4.0
69,180,4.0
69,181,4.0
69,182,1.0
69,183,3.0
69,184,3.0
69,185,1.0
69,186,2.0
69,187,2.0
69,188,3.0
69,189,1.0
69,190,2.0
69,191,2.0
69,192,2.0
69,193,3.0
69,194,2.0
69,195,2.0
69,196,2.0
69,197,2.0
69,198,2.0
69,199,1.0
69,200,1.0
69,201,1.0
69,202,2.0
69,203,3.0
69,204,2.0
69,205,2.0
69,206,2.0
69,207,3.0
69,208,2.0
69,209,3.0
69,210,2.0
69,211,2.0
69,212,4.0
69,213,3.0
69,214,4.0
69,215,3.0
69,216,1.0
69,217,3.0
69,218,1.0
69,219,3.0
69,220,4.0
69,221,2.0
69,222,3.0
69,223,3.0
69,224,3.0
69,225,3.0
69,226,1.0
69,227,3.0
69,228,2.0
69,229,3.0
69,230,3.0
69,231,3.0
69,232,3.0
69,233,4.0
69,234,1.0
69,235,2.0
69,236,3.0
69,237,2.0
69,238,1.0
69,239,3.0
69,240,2.0
69,241,3.0
69,242,2.0
69,243,4.0
69,244,3.0
69,245,3.0
69,246,3.0
69,247,3.0
69,248,3.0
69,249,2.0
69,250,2.0
69,251,2.0
69,252,2.0
69,253,2.0
69,254,1.0
69,255,1.0
69,256,2.0
69,257,3.0
69,258,5.0
69,259,3.0
69,260,2.0
69,261,3.0
69,262,2.0
69,263,5.0
69,264,2.0
69,265,1.0
69,266,3.0
69,267,3.0
69,268,4.0
69,269,1.0
69,270,2.0
69,271,3.0
69,272,3.0
69,273,3.0
69,274,2.0
69,275,3.0
69,276,3.0
69,277,3.0
69,278,5.0
69,279,1.0
69,280,2.0
69,281,1.0
69,282,2.0
69,283,1.0
69,284,3.0
69,285,2.0
69,286,4.0
69,287,2.0
69,288,2.0
69,289,3.0
69,290,2.0
69,291,1.0
69,292,2.0
69,293,4.0
69,294,2.0
69,295,3.0
69,296,2.0
69,297,3.0
69,298,3.0
69,299,3.0
69,300,2.0
69,301,3.0
69,302,3.0
69,303,2.0
69,304,2.0
69,305,1.0
69,306,1.0
69,307,3.0
69,308,3.0
69,309,5.0
69,310,3.0
69,311,2.0
69,312,3.0
69,313,3.0
69,314,3.0
69,315,2.0
69,316,2.0
69,317,2.0
69,318,3.0
69,319,1.0
69,320,3.0
69,321,3.0
69,322,4.0
69,323,4.0
69,324,3.0
69,325,2.0
69,326,3.0
69,327,3.0
69,328,3.0
69,329,4.0
69,330,3.0
69,331,1.0
69,332,2.0
69,333,2.0
69,334,1.0
69,335,1.0
69,336,2.0
69,337,3.0
69,338,2.0
69,339,3.0
69,340,1.0
69,341,1.0
69,342,2.0
69,343,3.0
69,344,3.0
69,345,2.0
69,346,2.0
69,347,3.0
69,348,2.0
69,349,5.0
69,350,2.0
69,351,3.0
69,352,3.0
69,353,4.0
69,354,3.0
69,355,3.0
69,356,4.0
69,357,3.0
69,358,3.0
69,359,2.0
69,360,4.0
69,361,3.0
69,362,3.0
69,363,3.0
69,364,1.0
69,365,2.0
69,366,3.0
69,367,3.0
69,368,1.0
69,369,1.0
69,370,3.0
69,371,3.0
69,372,2.0
69,373,2.0
69,374,3.0
69,375,4.0
69,376,2.0
69,377,2.0
70,71,3.0
70,72,4.0
70,73,3.0
70,74,1.0
70,75,3.0
70,76,1.0
70,77,3.0
70,78,3.0
70,79,3.0
70,80,3.0
70,81,2.0
70,82,3.0
70,83,1.0
70,84,1.0
70,85,1.0
70,86,4.0
70,87,3.0
70,88,3.0
70,89,1.0
70,90,2.0
70,91,2.0
70,92,1.0
70,93,3.0
70,94,1.0
70,95,3.0
70,96,1.0
70,97,2.0
70,98,1.0
70,99,2.0
70,100,1.0
70,101,3.0
70,102,1.0
70,103,2.0
70,104,2.0
70,105,3.0
70,106,3.0
70,107,3.0
70,108,5.0
70,109,4.0
70,110,3.0
70,111,1.0
70,112,4.0
70,113,1.0
70,114,1.0
70,115,1.0
70,116,1.0
70,117,4.0
70,118,3.0
70,119,2.0
70,120,4.0
70,121,3.0
70,122,2.0
70,123,3.0
70,124,2.0
70,125,2.0
70,126,3.0
70,127,3.0
70,128,1.0
70,129,3.0
70,130,3.0
70,131,3.0
70,132,1.0
70,133,1.0
70,134,1.0
70,135,1.0
70,136,1.0
70,137,1.0
70,138,1.0
70,139,1.0
70,140,2.0
70,141,6.0
70,142,1.0
70,143,3.0
70,144,3.0
70,145,2.0
70,146,4.0
70,147,1.0
70,148,1.0
70,149,4.0
70,150,2.0
70,151,2.0
70,152,1.0
70,153,2.0
70,154,4.0
70,155,2.0
70,156,5.0
70,157,2.0
70,158,2.0
70,159,1.0
70,160,5.0
70,161,2.0
70,162,3.0
70,163,2.0
70,164,3.0
70,165,0.0
70,166,3.0
70,167,2.0
70,168,2.0
70,169,3.0
70,170,2.0
70,171,2.0
70,172,2.0
70,173,2.0
70,174,1.0
70,175,2.0
70,176,1.0
70,177,4.0
70,178,4.0
70,179,4.0
70,180,4.0
70,181,4.0
70,182,1.0
70,183,3.0
70,184,3.0
70,185,1.0
70,186,2.0
70,187,2.0
70,188,3.0
70,189,1.0
70,190,2.0
70,191,2.0
70,192,2.0
70,193,3.0
70,194,2.0
70,195,2.0
70,196,2.0
70,197,2.0
70,198,2.0
70,199,1.0
70,200,1.0
70,201,1.0
70,202,2.0
70,203,3.0
70,204,2.0
70,205,2.0
70,206,2.0
70,207,3.0
70,208,2.0
70,209,3.0
70,210,2.0
70,211,2.0
70,212,4.0
70,213,3.0
70,214,4.0
70,215,3.0
70,216,1.0
70,217,3.0
70,218,1.0
70,219,3.0
70,220,4.0
70,221,2.0
70,222,3.0
70,223,3.0
70,224,3.0
70,225,3.0
70,226,1.0
70,227,3.0
70,228,2.0
70,229,3.0
70,230,3.0
70,231,3.0
70,232,3.0
70,233,4.0
70,234,1.0
70,235,2.0
70,236,3.0
70,237,2.0
70,238,1.0
70,239,3.0
70,240,2.0
70,241,3.0
70,242,2.0
70,243,4.0
70,244,3.0
70,245,3.0
70,246,3.0
70,247,3.0
70,248,3.0
70,249,2.0
70,250,2.0
70,251,2.0
70,252,2.0
70,253,2.0
70,254,1.0
70,255,1.0
70,256,2.0
70,257,3.0
70,258,5.0
70,259,3.0
70,260,2.0
70,261,3.0
70,262,2.0
70,263,5.0
70,264,2.0
70,265,1.0
70,266,3.0
70,267,3.0
70,268,4.0
70,269,1.0
70,270,2.0
70,271,3.0
70,272,3.0
70,273,3.0
70,274,2.0
70,275,3.0
70,276,3.0
70,277,3.0
70,278,5.0
70,279,1.0
70,280,2.0
70,281,1.0
70,282,2.0
70,283,1.0
70,284,3.0
70,285,2.0
70,286,4.0
70,287,2.0
70,288,2.0
70,289,3.0
70,290,2.0
70,291,1.0
70,292,2.0
70,293,4.0
70,294,2.0
70,295,3.0
70,296,2.0
70,297,3.0
70,298,3.0
70,299,3.0
70,300,2.0
70,301,3.0
70,302,3.0
70,303,2.0
70,304,2.0
70,305,1.0
70,306,1.0
70,307,3.0
70,308,3.0
70,309,5.0
70,310,3.0
70,311,2.0
70,312,3.0
70,313,3.0
70,314,3.0
70,315,2.0
70,316,2.0
70,317,2.0
70,318,3.0
70,319,1.0
70,320,3.0
70,321,3.0
70,322,4.0
70,323,4.0
70,324,3.0
70,325,2.0
70,326,3.0
70,327,3.0
70,328,3.0
70,329,4.0
70,330,3.0
70,331,1.0
70,332,2.0
70,333,2.0
70,334,1.0
70,335,1.0
70,336,2.0
70,337,3.0
70,338,2.0
70,339,3.0
70,340,1.0
70,341,1.0
70,342,2.0
70,343,3.0
70,344,3.0
70,345,2.0
70,346,2.0
70,347,3.0
70,348,2.0
70,349,5.0
70,350,2.0
70,351,3.0
70,352,3.0
70,353,4.0
70,354,3.0
70,355,3.0
70,356,4.0
70,357,3.0
70,358,3.0
70,359,2.0
70,360,4.0
70,361,3.0
70,362,3.0
70,363,3.0
70,364,1.0
70,365,2.0
70,366,3.0
70,367,3.0
70,368,1.0
70,369,1.0
70,370,3.0
70,371,3.0
70,372,2.0
70,373,2.0
70,374,3.0
70,375,4.0
70,376,2.0
70,377,2.0
71,72,3.0
71,73,4.0
71,74,2.0
71,75,1.0
71,76,1.0
71,77,4.0
71,78,4.0
71,79,4.0
71,80,5.0
71,81,3.0
71,82,5.0
71,83,1.0
71,84,1.0
71,85,1.0
71,86,3.0
71,87,5.0
71,88,2.0
71,89,1.0
71,90,2.0
71,91,2.0
71,92,2.0
71,93,5.0
71,94,2.0
71,95,1.0
71,96,1.0
71,97,2.0
71,98,1.0
71,99,2.0
71,100,0.0
71,101,5.0
71,102,0.0
71,103,4.0
71,104,2.0
71,105,4.0
71,106,4.0
71,107,5.0
71,108,3.0
71,109,3.0
71,110,3.0
71,111,2.0
71,112,2.0
71,113,2.0
71,114,1.0
71,115,1.0
71,116,1.0
71,117,3.0
71,118,2.0
71,119,3.0
71,120,3.0
71,121,2.0
71,122,3.0
71,123,4.0
71,124,1.0
71,125,1.0
71,126,4.0
71,127,4.0
71,128,1.0
71,129,4.0
71,130,4.0
71,131,4.0
71,132,2.0
71,133,2.0
71,134,2.0
71,135,2.0
71,136,1.0
71,137,1.0
71,138,1.0
71,139,1.0
71,140,4.0
71,141,3.0
71,142,2.0
71,143,4.0
71,144,4.0
71,145,3.0
71,146,2.0
71,147,1.0
71,148,1.0
71,149,2.0
71,150,2.0
71,151,2.0
71,152,2.0
71,153,3.0
71,154,3.0
71,155,2.0
71,156,3.0
71,157,2.0
71,158,2.0
71,159,2.0
71,160,4.0
71,161,1.0
71,162,4.0
71,163,2.0
71,164,2.0
71,165,0.0
71,166,3.0
71,167,2.0
71,168,2.0
71,169,5.0
71,170,2.0
71,171,2.0
71,172,2.0
71,173,2.0
71,174,1.0
71,175,1.0
71,176,2.0
71,177,3.0
71,178,3.0
71,179,3.0
71,180,3.0
71,181,3.0
71,182,2.0
71,183,4.0
71,184,4.0
71,185,1.0
71,186,3.0
71,187,3.0
71,188,1.0
71,189,3.0
71,190,2.0
71,191,2.0
71,192,2.0
71,193,2.0
71,194,2.0
71,195,2.0
71,196,2.0
71,197,2.0
71,198,2.0
71,199,0.0
71,200,0.0
71,201,0.0
71,202,4.0
71,203,3.0
71,204,2.0
71,205,2.0
71,206,1.0
71,207,4.0
71,208,2.0
71,209,5.0
71,210,3.0
71,211,2.0
71,212,3.0
71,213,4.0
71,214,3.0
71,215,2.0
71,216,3.0
71,217,4.0
71,218,2.0
71,219,3.0
71,220,3.0
71,221,1.0
71,222,2.0
71,223,3.0
71,224,5.0
71,225,5.0
71,226,1.0
71,227,5.0
71,228,3.0
71,229,3.0
71,230,4.0
71,231,5.0
71,232,3.0
71,233,3.0
71,234,2.0
71,235,4.0
71,236,4.0
71,237,3.0
71,238,2.0
71,239,5.0
71,240,2.0
71,241,4.0
71,242,4.0
71,243,3.0
71,244,5.0
71,245,4.0
71,246,4.0
71,247,4.0
71,248,1.0
71,249,2.0
71,250,4.0
71,251,3.0
71,252,2.0
71,253,3.0
71,254,2.0
71,255,3.0
71,256,3.0
71,257,2.0
71,258,3.0
71,259,3.0
71,260,4.0
71,261,5.0
71,262,2.0
71,263,3.0
71,264,2.0
71,265,2.0
71,266,0.0
71,267,5.0
71,268,3.0
71,269,2.0
71,270,2.0
71,271,3.0
71,272,4.0
71,273,4.0
71,274,3.0
71,275,5.0
71,276,5.0
71,277,5.0
71,278,3.0
71,279,2.0
71,280,3.0
71,281,2.0
71,282,3.0
71,283,1.0
71,284,5.0
71,285,1.0
71,286,3.0
71,287,2.0
71,288,2.0
71,289,5.0
71,290,3.0
71,291,2.0
71,292,4.0
71,293,3.0
71,294,2.0
71,295,4.0
71,296,4.0
71,297,5.0
71,298,4.0
71,299,4.0
71,300,2.0
71,301,3.0
71,302,5.0
71,303,4.0
71,304,4.0
71,305,2.0
71,306,3.0
71,307,5.0
71,308,3.0
71,309,3.0
71,310,5.0
71,311,2.0
71,312,3.0
71,313,5.0
71,314,5.0
71,315,3.0
71,316,2.0
71,317,0.0
71,318,4.0
71,319,2.0
71,320,5.0
71,321,5.0
71,322,3.0
71,323,3.0
71,324,4.0
71,325,2.0
71,326,5.0
71,327,3.0
71,328,5.0
71,329,3.0
71,330,4.0
71,331,1.0
71,332,4.0
71,333,4.0
71,334,1.0
71,335,0.0
71,336,1.0
71,337,5.0
71,338,4.0
71,339,3.0
71,340,2.0
71,341,2.0
71,342,4.0
71,343,5.0
71,344,5.0
71,345,4.0
71,346,2.0
71,347,5.0
71,348,4.0
71,349,3.0
71,350,3.0
71,351,5.0
71,352,5.0
71,353,3.0
71,354,5.0
71,355,1.0
71,356,3.0
71,357,3.0
71,358,5.0
71,359,3.0
71,360,3.0
71,361,5.0
71,362,4.0
71,363,2.0
71,364,1.0
71,365,2.0
71,366,4.0
71,367,5.0
71,368,1.0
71,369,3.0
71,370,4.0
71,371,4.0
71,372,4.0
71,373,2.0
71,374,5.0
71,375,3.0
71,376,2.0
71,377,3.0
72,73,3.0
72,74,1.0
72,75,3.0
72,76,2.0
72,77,3.0
72,78,4.0
72,79,4.0
72,80,3.0
72,81,2.0
72,82,3.0
72,83,2.0
72,84,2.0
72,85,2.0
72,86,3.0
72,87,3.0
72,88,2.0
72,89,1.0
72,90,2.0
72,91,2.0
72,92,1.0
72,93,3.0
72,94,1.0
72,95,3.0
72,96,2.0
72,97,2.0
72,98,2.0
72,99,1.0
72,100,2.0
72,101,3.0
72,102,2.0
72,103,2.0
72,104,2.0
72,105,4.0
72,106,4.0
72,107,3.0
72,108,4.0
72,109,3.0
72,110,2.0
72,111,1.0
72,112,5.0
72,113,1.0
72,114,2.0
72,115,2.0
72,116,2.0
72,117,3.0
72,118,3.0
72,119,2.0
72,120,3.0
72,121,3.0
72,122,2.0
72,123,3.0
72,124,2.0
72,125,2.0
72,126,3.0
72,127,3.0
72,128,2.0
72,129,3.0
72,130,3.0
72,131,3.0
72,132,1.0
72,133,1.0
72,134,1.0
72,135,1.0
72,136,2.0
72,137,2.0
72,138,2.0
72,139,2.0
72,140,2.0
72,141,4.0
72,142,1.0
72,143,4.0
72,144,4.0
72,145,3.0
72,146,3.0
72,147,2.0
72,148,2.0
72,149,3.0
72,150,3.0
72,151,3.0
72,152,2.0
72,153,2.0
72,154,3.0
72,155,2.0
72,156,3.0
72,157,2.0
72,158,2.0
72,159,2.0
72,160,4.0
72,161,2.0
72,162,3.0
72,163,2.0
72,164,3.0
72,165,1.0
72,166,3.0
72,167,2.0
72,168,2.0
72,169,3.0
72,170,2.0
72,171,2.0
72,172,2.0
72,173,2.0
72,174,2.0
72,175,2.0
72,176,2.0
72,177,6.0
72,178,6.0
72,179,3.0
72,180,6.0
72,181,6.0
72,182,1.0
72,183,3.0
72,184,3.0
72,185,2.0
72,186,2.0
72,187,2.0
72,188,3.0
72,189,2.0
72,190,1.0
72,191,1.0
72,192,1.0
72,193,3.0
72,194,2.0
72,195,1.0
72,196,1.0
72,197,1.0
72,198,1.0
72,199,2.0
72,200,2.0
72,201,2.0
72,202,2.0
72,203,2.0
72,204,1.0
72,205,1.0
72,206,1.0
72,207,3.0
72,208,2.0
72,209,3.0
72,210,2.0
72,211,2.0
72,212,3.0
72,213,4.0
72,214,3.0
72,215,2.0
72,216,2.0
72,217,3.0
72,218,2.0
72,219,3.0
72,220,3.0
72,221,2.0
72,222,3.0
72,223,3.0
72,224,3.0
72,225,3.0
72,226,2.0
72,227,3.0
72,228,2.0
72,229,5.0
72,230,3.0
72,231,3.0
72,232,2.0
72,233,6.0
72,234,1.0
72,235,2.0
72,236,2.0
72,237,2.0
72,238,1.0
72,239,3.0
72,240,2.0
72,241,4.0
72,242,2.0
72,243,3.0
72,244,3.0
72,245,3.0
72,246,3.0
72,247,3.0
72,248,3.0
72,249,2.0
72,250,2.0
72,251,2.0
72,252,1.0
72,253,2.0
72,254,2.0
72,255,2.0
72,256,2.0
72,257,2.0
72,258,3.0
72,259,5.0
72,260,2.0
72,261,3.0
72,262,2.0
72,263,3.0
72,264,2.0
72,265,2.0
72,266,2.0
72,267,3.0
72,268,3.0
72,269,1.0
72,270,2.0
72,271,5.0
72,272,3.0
72,273,4.0
72,274,2.0
72,275,3.0
72,276,3.0
72,277,3.0
72,278,3.0
72,279,1.0
72,280,2.0
72,281,2.0
72,282,2.0
72,283,2.0
72,284,3.0
72,285,2.0
72,286,3.0
72,287,3.0
72,288,2.0
72,289,3.0
72,290,2.0
72,291,1.0
72,292,2.0
72,293,6.0
72,294,2.0
72,295,4.0
72,296,2.0
72,297,3.0
72,298,3.0
72,299,3.0
72,300,2.0
72,301,2.0
72,302,3.0
72,303,2.0
72,304,2.0
72,305,2.0
72,306,1.0
72,307,3.0
72,308,2.0
72,309,3.0
72,310,3.0
72,311,2.0
72,312,5.0
72,313,3.0
72,314,3.0
72,315,2.0
72,316,2.0
72,317,3.0
72,318,3.0
72,319,1.0
72,320,3.0
72,321,3.0
72,322,3.0
72,323,3.0
72,324,3.0
72,325,3.0
72,326,3.0
72,327,5.0
72,328,3.0
72,329,3.0
72,330,4.0
72,331,2.0
72,332,2.0
72,333,2.0
72,334,2.0
72,335,2.0
72,336,2.0
72,337,3.0
72,338,2.0
72,339,5.0
72,340,1.0
72,341,2.0
72,342,2.0
72,343,3.0
72,344,3.0
72,345,2.0
72,346,2.0
72,347,3.0
72,348,2.0
72,349,3.0
72,350,2.0
72,351,3.0
72,352,3.0
72,353,3.0
72,354,3.0
72,355,3.0
72,356,3.0
72,357,3.0
72,358,3.0
72,359,2.0
72,360,3.0
72,361,3.0
72,362,4.0
72,363,3.0
72,364,2.0
72,365,3.0
72,366,3.0
72,367,3.0
72,368,1.0
72,369,2.0
72,370,3.0
72,371,4.0
72,372,2.0
72,373,2.0
72,374,3.0
72,375,6.0
72,376,2.0
72,377,2.0
73,74,1.0
73,75,1.0
73,76,1.0
73,77,5.0
73,78,4.0
73,79,4.0
73,80,4.0
73,81,2.0
73,82,4.0
73,83,1.0
73,84,1.0
73,85,1.0
73,86,3.0
73,87,4.0
73,88,2.0
73,89,1.0
73,90,1.0
73,91,1.0
73,92,1.0
73,93,4.0
73,94,1.0
73,95,1.0
73,96,1.0
73,97,2.0
73,98,1.0
73,99,1.0
73,100,0.0
73,101,4.0
73,102,0.0
73,103,3.0
73,104,2.0
73,105,4.0
73,106,4.0
73,107,4.0
73,108,3.0
73,109,3.0
73,110,2.0
73,111,1.0
73,112,2.0
73,113,1.0
73,114,1.0
73,115,1.0
73,116,1.0
73,117,3.0
73,118,1.0
73,119,2.0
73,120,3.0
73,121,1.0
73,122,2.0
73,123,3.0
73,124,1.0
73,125,1.0
73,126,5.0
73,127,5.0
73,128,1.0
73,129,5.0
73,130,5.0
73,131,5.0
73,132,1.0
73,133,1.0
73,134,1.0
73,135,1.0
73,136,1.0
73,137,1.0
73,138,1.0
73,139,1.0
73,140,3.0
73,141,3.0
73,142,2.0
73,143,4.0
73,144,4.0
73,145,2.0
73,146,2.0
73,147,1.0
73,148,1.0
73,149,2.0
73,150,2.0
73,151,2.0
73,152,1.0
73,153,2.0
73,154,3.0
73,155,2.0
73,156,3.0
73,157,2.0
73,158,2.0
73,159,1.0
73,160,3.0
73,161,1.0
73,162,4.0
73,163,2.0
73,164,2.0
73,165,0.0
73,166,3.0
73,167,2.0
73,168,2.0
73,169,4.0
73,170,2.0
73,171,2.0
73,172,2.0
73,173,2.0
73,174,1.0
73,175,1.0
73,176,1.0
73,177,3.0
73,178,3.0
73,179,3.0
73,180,3.0
73,181,3.0
73,182,3.0
73,183,3.0
73,184,3.0
73,185,1.0
73,186,2.0
73,187,2.0
73,188,1.0
73,189,2.0
73,190,1.0
73,191,1.0
73,192,1.0
73,193,3.0
73,194,2.0
73,195,1.0
73,196,2.0
73,197,2.0
73,198,2.0
73,199,0.0
73,200,0.0
73,201,0.0
73,202,3.0
73,203,2.0
73,204,1.0
73,205,1.0
73,206,1.0
73,207,3.0
73,208,2.0
73,209,4.0
73,210,2.0
73,211,2.0
73,212,3.0
73,213,4.0
73,214,3.0
73,215,2.0
73,216,2.0
73,217,3.0
73,218,1.0
73,219,3.0
73,220,3.0
73,221,2.0
73,222,1.0
73,223,2.0
73,224,4.0
73,225,4.0
73,226,1.0
73,227,4.0
73,228,2.0
73,229,3.0
73,230,3.0
73,231,4.0
73,232,2.0
73,233,3.0
73,234,1.0
73,235,3.0
73,236,3.0
73,237,2.0
73,238,1.0
73,239,4.0
73,240,2.0
73,241,4.0
73,242,3.0
73,243,3.0
73,244,4.0
73,245,3.0
73,246,3.0
73,247,5.0
73,248,1.0
73,249,2.0
73,250,3.0
73,251,2.0
73,252,1.0
73,253,3.0
73,254,1.0
73,255,2.0
73,256,2.0
73,257,2.0
73,258,3.0
73,259,3.0
73,260,3.0
73,261,4.0
73,262,2.0
73,263,3.0
73,264,2.0
73,265,1.0
73,266,0.0
73,267,4.0
73,268,3.0
73,269,1.0
73,270,2.0
73,271,3.0
73,272,5.0
73,273,3.0
73,274,2.0
73,275,4.0
73,276,4.0
73,277,4.0
73,278,3.0
73,279,1.0
73,280,2.0
73,281,1.0
73,282,2.0
73,283,1.0
73,284,4.0
73,285,2.0
73,286,3.0
73,287,1.0
73,288,1.0
73,289,4.0
73,290,2.0
73,291,2.0
73,292,3.0
73,293,3.0
73,294,2.0
73,295,4.0
73,296,3.0
73,297,4.0
73,298,3.0
73,299,3.0
73,300,1.0
73,301,2.0
73,302,4.0
73,303,3.0
73,304,3.0
73,305,1.0
73,306,2.0
73,307,4.0
73,308,3.0
73,309,3.0
73,310,4.0
73,311,2.0
73,312,3.0
73,313,4.0
73,314,4.0
73,315,2.0
73,316,2.0
73,317,0.0
73,318,3.0
73,319,2.0
73,320,4.0
73,321,4.0
73,322,3.0
73,323,3.0
73,324,5.0
73,325,2.0
73,326,4.0
73,327,3.0
73,328,4.0
73,329,3.0
73,330,4.0
73,331,1.0
73,332,4.0
73,333,3.0
73,334,1.0
73,335,0.0
73,336,1.0
73,337,4.0
73,338,3.0
73,339,3.0
73,340,1.0
73,341,1.0
73,342,3.0
73,343,4.0
73,344,4.0
73,345,3.0
73,346,2.0
73,347,4.0
73,348,3.0
73,349,3.0
73,350,2.0
73,351,4.0
73,352,4.0
73,353,3.0
73,354,4.0
73,355,1.0
73,356,3.0
73,357,3.0
73,358,4.0
73,359,2.0
73,360,3.0
73,361,4.0
73,362,4.0
73,363,1.0
73,364,1.0
73,365,1.0
73,366,5.0
73,367,4.0
73,368,1.0
73,369,2.0
73,370,3.0
73,371,4.0
73,372,3.0
73,373,2.0
73,374,4.0
73,375,3.0
73,376,2.0
73,377,2.0
74,75,0.0
74,76,1.0
74,77,1.0
74,78,1.0
74,79,1.0
74,80,2.0
74,81,2.0
74,82,2.0
74,83,1.0
74,84,1.0
74,85,1.0
74,86,3.0
74,87,2.0
74,88,3.0
74,89,3.0
74,90,3.0
74,91,2.0
74,92,2.0
74,93,2.0
74,94,3.0
74,95,1.0
74,96,1.0
74,97,3.0
74,98,1.0
74,99,3.0
74,100,1.0
74,101,2.0
74,102,1.0
74,103,3.0
74,104,3.0
74,105,1.0
74,106,1.0
74,107,2.0
74,108,2.0
74,109,3.0
74,110,3.0
74,111,4.0
74,112,1.0
74,113,4.0
74,114,1.0
74,115,1.0
74,116,1.0
74,117,3.0
74,118,1.0
74,119,3.0
74,120,3.0
74,121,1.0
74,122,3.0
74,123,2.0
74,124,1.0
74,125,1.0
74,126,1.0
74,127,1.0
74,128,1.0
74,129,1.0
74,130,1.0
74,131,1.0
74,132,2.0
74,133,2.0
74,134,2.0
74,135,2.0
74,136,1.0
74,137,1.0
74,138,1.0
74,139,1.0
74,140,2.0
74,141,1.0
74,142,3.0
74,143,1.0
74,144,1.0
74,145,2.0
74,146,1.0
74,147,1.0
74,148,1.0
74,149,1.0
74,150,2.0
74,151,2.0
74,152,3.0
74,153,2.0
74,154,3.0
74,155,3.0
74,156,1.0
74,157,3.0
74,158,3.0
74,159,3.0
74,160,2.0
74,161,1.0
74,162,1.0
74,163,3.0
74,164,1.0
74,165,1.0
74,166,1.0
74,167,3.0
74,168,1.0
74,169,2.0
74,170,3.0
74,171,1.0
74,172,3.0
74,173,3.0
74,174,1.0
74,175,1.0
74,176,3.0
74,177,1.0
74,178,1.0
74,179,2.0
74,180,1.0
74,181,1.0
74,182,3.0
74,183,2.0
74,184,2.0
74,185,1.0
74,186,2.0
74,187,2.0
74,188,0.0
74,189,3.0
74,190,3.0
74,191,3.0
74,192,3.0
74,193,2.0
74,194,3.0
74,195,3.0
74,196,2.0
74,197,2.0
74,198,2.0
74,199,1.0
74,200,1.0
74,201,1.0
74,202,2.0
74,203,2.0
74,204,3.0
74,205,3.0
74,206,2.0
74,207,3.0
74,208,3.0
74,209,2.0
74,210,3.0
74,211,1.0
74,212,3.0
74,213,1.0
74,214,3.0
74,215,1.0
74,216,3.0
74,217,2.0
74,218,3.0
74,219,1.0
74,220,3.0
74,221,1.0
74,222,1.0
74,223,3.0
74,224,2.0
74,225,2.0
74,226,1.0
74,227,2.0
74,228,2.0
74,229,1.0
74,230,2.0
74,231,2.0
74,232,2.0
74,233,1.0
74,234,2.0
74,235,2.0
74,236,2.0
74,237,3.0
74,238,2.0
74,239,2.0
74,240,1.0
74,241,1.0
74,242,2.0
74,243,3.0
74,244,2.0
74,245,2.0
74,246,2.0
74,247,1.0
74,248,0.0
74,249,3.0
74,250,2.0
74,251,2.0
74,252,3.0
74,253,1.0
74,254,3.0
74,255,3.0
74,256,2.0
74,257,1.0
74,258,2.0
74,259,1.0
74,260,2.0
74,261,2.0
74,262,3.0
74,263,2.0
74,264,1.0
74,265,3.0
74,266,1.0
74,267,2.0
74,268,3.0
74,269,2.0
74,270,3.0
74,271,1.0
74,272,1.0
74,273,2.0
74,274,3.0
74,275,2.0
74,276,2.0
74,277,2.0
74,278,2.0
74,279,2.0
74,280,3.0
74,281,3.0
74,282,3.0
74,283,1.0
74,284,2.0
74,285,1.0
74,286,3.0
74,287,1.0
74,288,2.0
74,289,2.0
74,290,2.0
74,291,2.0
74,292,2.0
74,293,1.0
74,294,3.0
74,295,1.0
74,296,2.0
74,297,2.0
74,298,2.0
74,299,2.0
74,300,3.0
74,301,2.0
74,302,2.0
74,303,2.0
74,304,3.0
74,305,3.0
74,306,3.0
74,307,2.0
74,308,2.0
74,309,2.0
74,310,2.0
74,311,1.0
74,312,1.0
74,313,2.0
74,314,2.0
74,315,3.0
74,316,3.0
74,317,1.0
74,318,3.0
74,319,3.0
74,320,2.0
74,321,2.0
74,322,3.0
74,323,3.0
74,324,1.0
74,325,1.0
74,326,2.0
74,327,1.0
74,328,2.0
74,329,3.0
74,330,1.0
74,331,1.0
74,332,2.0
74,333,3.0
74,334,1.0
74,335,1.0
74,336,1.0
74,337,2.0
74,338,2.0
74,339,2.0
74,340,1.0
74,341,3.0
74,342,2.0
74,343,2.0
74,344,2.0
74,345,2.0
74,346,3.0
74,347,2.0
74,348,2.0
74,349,2.0
74,350,2.0
74,351,2.0
74,352,2.0
74,353,2.0
74,354,2.0
74,355,0.0
74,356,3.0
74,357,2.0
74,358,2.0
74,359,3.0
74,360,3.0
74,361,2.0
74,362,1.0
74,363,2.0
74,364,1.0
74,365,1.0
74,366,1.0
74,367,2.0
74,368,1.0
74,369,3.0
74,370,2.0
74,371,1.0
74,372,2.0
74,373,3.0
74,374,2.0
74,375,1.0
74,376,3.0
74,377,3.0
75,76,0.0
75,77,1.0
75,78,1.0
75,79,1.0
75,80,1.0
75,81,0.0
75,82,1.0
75,83,0.0
75,84,0.0
75,85,0.0
75,86,2.0
75,87,1.0
75,88,2.0
75,89,0.0
75,90,1.0
75,91,1.0
75,92,0.0
75,93,1.0
75,94,0.0
75,95,4.0
75,96,0.0
75,97,0.0
75,98,0.0
75,99,1.0
75,100,1.0
75,101,1.0
75,102,1.0
75,103,0.0
75,104,1.0
75,105,1.0
75,106,1.0
75,107,1.0
75,108,3.0
75,109,2.0
75,110,1.0
75,111,0.0
75,112,4.0
75,113,0.0
75,114,0.0
75,115,0.0
75,116,0.0
75,117,2.0
75,118,2.0
75,119,0.0
75,120,2.0
75,121,2.0
75,122,0.0
75,123,1.0
75,124,2.0
75,125,2.0
75,126,1.0
75,127,1.0
75,128,0.0
75,129,1.0
75,130,1.0
75,131,1.0
75,132,1.0
75,133,1.0
75,134,1.0
75,135,1.0
75,136,0.0
75,137,0.0
75,138,0.0
75,139,0.0
75,140,0.0
75,141,3.0
75,142,0.0
75,143,1.0
75,144,1.0
75,145,2.0
75,146,4.0
75,147,0.0
75,148,0.0
75,149,4.0
75,150,1.0
75,151,1.0
75,152,0.0
75,153,1.0
75,154,2.0
75,155,0.0
75,156,2.0
75,157,1.0
75,158,1.0
75,159,0.0
75,160,2.0
75,161,2.0
75,162,1.0
75,163,1.0
75,164,4.0
75,165,0.0
75,166,1.0
75,167,1.0
75,168,2.0
75,169,1.0
75,170,1.0
75,171,1.0
75,172,1.0
75,173,0.0
75,174,0.0
75,175,2.0
75,176,0.0
75,177,3.0
75,178,3.0
75,179,2.0
75,180,3.0
75,181,3.0
75,182,0.0
75,183,1.0
75,184,1.0
75,185,0.0
75,186,0.0
75,187,0.0
75,188,5.0
75,189,0.0
75,190,1.0
75,191,1.0
75,192,1.0
75,193,2.0
75,194,1.0
75,195,1.0
75,196,1.0
75,197,1.0
75,198,1.0
75,199,1.0
75,200,1.0
75,201,1.0
75,202,0.0
75,203,1.0
75,204,1.0
75,205,1.0
75,206,1.0
75,207,1.0
75,208,1.0
75,209,1.0
75,210,1.0
75,211,1.0
75,212,2.0
75,213,1.0
75,214,2.0
75,215,1.0
75,216,0.0
75,217,1.0
75,218,0.0
75,219,1.0
75,220,2.0
75,221,1.0
75,222,2.0
75,223,2.0
75,224,1.0
75,225,1.0
75,226,0.0
75,227,1.0
75,228,1.0
75,229,2.0
75,230,1.0
75,231,1.0
75,232,1.0
75,233,3.0
75,234,1.0
75,235,1.0
75,236,1.0
75,237,0.0
75,238,1.0
75,239,1.0
75,240,1.0
75,241,1.0
75,242,1.0
75,243,2.0
75,244,1.0
75,245,1.0
75,246,1.0
75,247,1.0
75,248,5.0
75,249,0.0
75,250,0.0
75,251,1.0
75,252,1.0
75,253,1.0
75,254,1.0
75,255,0.0
75,256,0.0
75,257,1.0
75,258,2.0
75,259,2.0
75,260,1.0
75,261,1.0
75,262,0.0
75,263,2.0
75,264,1.0
75,265,0.0
75,266,3.0
75,267,1.0
75,268,2.0
75,269,0.0
75,270,1.0
75,271,2.0
75,272,1.0
75,273,2.0
75,274,0.0
75,275,1.0
75,276,1.0
75,277,1.0
75,278,2.0
75,279,0.0
75,280,1.0
75,281,0.0
75,282,1.0
75,283,0.0
75,284,1.0
75,285,1.0
75,286,2.0
75,287,2.0
75,288,1.0
75,289,1.0
75,290,1.0
75,291,1.0
75,292,1.0
75,293,3.0
75,294,1.0
75,295,1.0
75,296,0.0
75,297,1.0
75,298,1.0
75,299,1.0
75,300,1.0
75,301,1.0
75,302,1.0
75,303,1.0
75,304,0.0
75,305,0.0
75,306,0.0
75,307,1.0
75,308,2.0
75,309,2.0
75,310,1.0
75,311,1.0
75,312,2.0
75,313,1.0
75,314,1.0
75,315,0.0
75,316,0.0
75,317,2.0
75,318,1.0
75,319,0.0
75,320,1.0
75,321,1.0
75,322,2.0
75,323,2.0
75,324,1.0
75,325,0.0
75,326,1.0
75,327,2.0
75,328,1.0
75,329,2.0
75,330,1.0
75,331,0.0
75,332,1.0
75,333,0.0
75,334,0.0
75,335,1.0
75,336,2.0
75,337,1.0
75,338,0.0
75,339,2.0
75,340,0.0
75,341,0.0
75,342,1.0
75,343,1.0
75,344,1.0
75,345,0.0
75,346,0.0
75,347,1.0
75,348,0.0
75,349,2.0
75,350,1.0
75,351,1.0
75,352,1.0
75,353,2.0
75,354,1.0
75,355,5.0
75,356,2.0
75,357,2.0
75,358,1.0
75,359,0.0
75,360,2.0
75,361,1.0
75,362,1.0
75,363,2.0
75,364,0.0
75,365,2.0
75,366,1.0
75,367,1.0
75,368,1.0
75,369,0.0
75,370,1.0
75,371,1.0
75,372,1.0
75,373,1.0
75,374,1.0
75,375,3.0
75,376,0.0
75,377,1.0
76,77,1.0
76,78,2.0
76,79,2.0
76,80,1.0
76,81,1.0
76,82,1.0
76,83,4.0
76,84,4.0
76,85,4.0
76,86,1.0
76,87,1.0
76,88,1.0
76,89,1.0
76,90,2.0
76,91,2.0
76,92,2.0
76,93,1.0
76,94,1.0
76,95,0.0
76,96,3.0
76,97,1.0
76,98,3.0
76,99,1.0
76,100,3.0
76,101,1.0
76,102,3.0
76,103,1.0
76,104,2.0
76,105,2.0
76,106,2.0
76,107,1.0
76,108,1.0
76,109,1.0
76,110,2.0
76,111,1.0
76,112,1.0
76,113,1.0
76,114,4.0
76,115,4.0
76,116,4.0
76,117,1.0
76,118,1.0
76,119,1.0
76,120,1.0
76,121,1.0
76,122,1.0
76,123,2.0
76,124,2.0
76,125,2.0
76,126,1.0
76,127,1.0
76,128,4.0
76,129,1.0
76,130,1.0
76,131,1.0
76,132,1.0
76,133,1.0
76,134,1.0
76,135,1.0
76,136,3.0
76,137,3.0
76,138,3.0
76,139,4.0
76,140,1.0
76,141,1.0
76,142,1.0
76,143,2.0
76,144,2.0
76,145,1.0
76,146,1.0
76,147,4.0
76,148,4.0
76,149,1.0
76,150,2.0
76,151,2.0
76,152,2.0
76,153,1.0
76,154,1.0
76,155,1.0
76,156,1.0
76,157,1.0
76,158,1.0
76,159,2.0
76,160,1.0
76,161,2.0
76,162,1.0
76,163,1.0
76,164,0.0
76,165,3.0
76,166,1.0
76,167,1.0
76,168,0.0
76,169,1.0
76,170,1.0
76,171,1.0
76,172,1.0
76,173,1.0
76,174,4.0
76,175,2.0
76,176,2.0
76,177,2.0
76,178,2.0
76,179,1.0
76,180,2.0
76,181,2.0
76,182,1.0
76,183,1.0
76,184,1.0
76,185,4.0
76,186,1.0
76,187,1.0
76,188,0.0
76,189,2.0
76,190,0.0
76,191,0.0
76,192,0.0
76,193,1.0
76,194,1.0
76,195,1.0
76,196,1.0
76,197,1.0
76,198,1.0
76,199,3.0
76,200,3.0
76,201,3.0
76,202,1.0
76,203,3.0
76,204,1.0
76,205,1.0
76,206,1.0
76,207,1.0
76,208,1.0
76,209,1.0
76,210,1.0
76,211,1.0
76,212,1.0
76,213,2.0
76,214,1.0
76,215,1.0
76,216,2.0
76,217,1.0
76,218,2.0
76,219,1.0
76,220,1.0
76,221,0.0
76,222,1.0
76,223,1.0
76,224,1.0
76,225,1.0
76,226,4.0
76,227,1.0
76,228,2.0
76,229,2.0
76,230,1.0
76,231,1.0
76,232,2.0
76,233,2.0
76,234,0.0
76,235,1.0
76,236,1.0
76,237,1.0
76,238,0.0
76,239,1.0
76,240,1.0
76,241,2.0
76,242,1.0
76,243,1.0
76,244,1.0
76,245,1.0
76,246,1.0
76,247,1.0
76,248,0.0
76,249,1.0
76,250,1.0
76,251,2.0
76,252,1.0
76,253,1.0
76,254,2.0
76,255,2.0
76,256,1.0
76,257,1.0
76,258,1.0
76,259,2.0
76,260,1.0
76,261,1.0
76,262,2.0
76,263,1.0
76,264,1.0
76,265,2.0
76,266,0.0
76,267,1.0
76,268,1.0
76,269,1.0
76,270,1.0
76,271,2.0
76,272,1.0
76,273,1.0
76,274,1.0
76,275,1.0
76,276,1.0
76,277,1.0
76,278,1.0
76,279,1.0
76,280,1.0
76,281,2.0
76,282,1.0
76,283,5.0
76,284,1.0
76,285,2.0
76,286,1.0
76,287,1.0
76,288,2.0
76,289,1.0
76,290,2.0
76,291,1.0
76,292,1.0
76,293,2.0
76,294,1.0
76,295,2.0
76,296,1.0
76,297,1.0
76,298,1.0
76,299,1.0
76,300,1.0
76,301,1.0
76,302,1.0
76,303,1.0
76,304,1.0
76,305,2.0
76,306,1.0
76,307,1.0
76,308,1.0
76,309,1.0
76,310,1.0
76,311,1.0
76,312,2.0
76,313,1.0
76,314,1.0
76,315,1.0
76,316,1.0
76,317,1.0
76,318,1.0
76,319,1.0
76,320,1.0
76,321,1.0
76,322,1.0
76,323,1.0
76,324,1.0
76,325,4.0
76,326,1.0
76,327,2.0
76,328,1.0
76,329,1.0
76,330,2.0
76,331,4.0
76,332,1.0
76,333,1.0
76,334,4.0
76,335,3.0
76,336,2.0
76,337,1.0
76,338,1.0
76,339,2.0
76,340,0.0
76,341,2.0
76,342,1.0
76,343,1.0
76,344,1.0
76,345,1.0
76,346,1.0
76,347,1.0
76,348,1.0
76,349,1.0
76,350,1.0
76,351,1.0
76,352,1.0
76,353,1.0
76,354,1.0
76,355,0.0
76,356,1.0
76,357,1.0
76,358,1.0
76,359,1.0
76,360,1.0
76,361,1.0
76,362,2.0
76,363,1.0
76,364,4.0
76,365,1.0
76,366,1.0
76,367,1.0
76,368,1.0
76,369,2.0
76,370,1.0
76,371,2.0
76,372,1.0
76,373,1.0
76,374,1.0
76,375,2.0
76,376,2.0
76,377,1.0
77,78,4.0
77,79,4.0
77,80,4.0
77,81,2.0
77,82,4.0
77,83,1.0
77,84,1.0
77,85,1.0
77,86,3.0
77,87,4.0
77,88,2.0
77,89,1.0
77,90,1.0
77,91,1.0
77,92,1.0
77,93,4.0
77,94,1.0
77,95,1.0
77,96,1.0
77,97,2.0
77,98,1.0
77,99,1.0
77,100,0.0
77,101,4.0
77,102,0.0
77,103,3.0
77,104,2.0
77,105,4.0
77,106,4.0
77,107,4.0
77,108,3.0
77,109,3.0
77,110,2.0
77,111,1.0
77,112,2.0
77,113,1.0
77,114,1.0
77,115,1.0
77,116,1.0
77,117,3.0
77,118,1.0
77,119,2.0
77,120,3.0
77,121,1.0
77,122,2.0
77,123,3.0
77,124,1.0
77,125,1.0
77,126,5.0
77,127,5.0
77,128,1.0
77,129,5.0
77,130,5.0
77,131,5.0
77,132,1.0
77,133,1.0
77,134,1.0
77,135,1.0
77,136,1.0
77,137,1.0
77,138,1.0
77,139,1.0
77,140,3.0
77,141,3.0
77,142,2.0
77,143,4.0
77,144,4.0
77,145,2.0
77,146,2.0
77,147,1.0
77,148,1.0
77,149,2.0
77,150,2.0
77,151,2.0
77,152,1.0
77,153,2.0
77,154,3.0
77,155,2.0
77,156,3.0
77,157,2.0
77,158,2.0
77,159,1.0
77,160,3.0
77,161,1.0
77,162,4.0
77,163,2.0
77,164,2.0
77,165,0.0
77,166,3.0
77,167,2.0
77,168,2.0
77,169,4.0
77,170,2.0
77,171,2.0
77,172,2.0
77,173,2.0
77,174,1.0
77,175,1.0
77,176,1.0
77,177,3.0
77,178,3.0
77,179,3.0
77,180,3.0
77,181,3.0
77,182,3.0
77,183,3.0
77,184,3.0
77,185,1.0
77,186,2.0
77,187,2.0
77,188,1.0
77,189,2.0
77,190,1.0
77,191,1.0
77,192,1.0
77,193,3.0
77,194,2.0
77,195,1.0
77,196,2.0
77,197,2.0
77,198,2.0
77,199,0.0
77,200,0.0
77,201,0.0
77,202,3.0
77,203,2.0
77,204,1.0
77,205,1.0
77,206,1.0
77,207,3.0
77,208,2.0
77,209,4.0
77,210,2.0
77,211,2.0
77,212,3.0
77,213,4.0
77,214,3.0
77,215,2.0
77,216,2.0
77,217,3.0
77,218,1.0
77,219,3.0
77,220,3.0
77,221,2.0
77,222,1.0
77,223,2.0
77,224,4.0
77,225,4.0
77,226,1.0
77,227,4.0
77,228,2.0
77,229,3.0
77,230,3.0
77,231,4.0
77,232,2.0
77,233,3.0
77,234,1.0
77,235,3.0
77,236,3.0
77,237,2.0
77,238,1.0
77,239,4.0
77,240,2.0
77,241,4.0
77,242,3.0
77,243,3.0
77,244,4.0
77,245,3.0
77,246,3.0
77,247,5.0
77,248,1.0
77,249,2.0
77,250,3.0
77,251,2.0
77,252,1.0
77,253,3.0
77,254,1.0
77,255,2.0
77,256,2.0
77,257,2.0
77,258,3.0
77,259,3.0
77,260,3.0
77,261,4.0
77,262,2.0
77,263,3.0
77,264,2.0
77,265,1.0
77,266,0.0
77,267,4.0
77,268,3.0
77,269,1.0
77,270,2.0
77,271,3.0
77,272,5.0
77,273,3.0
77,274,2.0
77,275,4.0
77,276,4.0
77,277,4.0
77,278,3.0
77,279,1.0
77,280,2.0
77,281,1.0
77,282,2.0
77,283,1.0
77,284,4.0
77,285,2.0
77,286,3.0
77,287,1.0
77,288,1.0
77,289,4.0
77,290,2.0
77,291,2.0
77,292,3.0
77,293,3.0
77,294,2.0
77,295,4.0
77,296,3.0
77,297,4.0
77,298,3.0
77,299,3.0
77,300,1.0
77,301,2.0
77,302,4.0
77,303,3.0
77,304,3.0
77,305,1.0
77,306,2.0
77,307,4.0
77,308,3.0
77,309,3.0
77,310,4.0
77,311,2.0
77,312,3.0
77,313,4.0
77,314,4.0
77,315,2.0
77,316,2.0
77,317,0.0
77,318,3.0
77,319,2.0
77,320,4.0
77,321,4.0
77,322,3.0
77,323,3.0
77,324,5.0
77,325,2.0
77,326,4.0
77,327,3.0
77,328,4.0
77,329,3.0
77,330,4.0
77,331,1.0
77,332,4.0
77,333,3.0
77,334,1.0
77,335,0.0
77,336,1.0
77,337,4.0
77,338,3.0
77,339,3.0
77,340,1.0
77,341,1.0
77,342,3.0
77,343,4.0
77,344,4.0
77,345,3.0
77,346,2.0
77,347,4.0
77,348,3.0
77,349,3.0
77,350,2.0
77,351,4.0
77,352,4.0
77,353,3.0
77,354,4.0
77,355,1.0
77,356,3.0
77,357,3.0
77,358,4.0
77,359,2.0
77,360,3.0
77,361,4.0
77,362,4.0
77,363,1.0
77,364,1.0
77,365,1.0
77,366,5.0
77,367,4.0
77,368,1.0
77,369,2.0
77,370,3.0
77,371,4.0
77,372,3.0
77,373,2.0
77,374,4.0
77,375,3.0
77,376,2.0
77,377,2.0
78,79,5.0
78,80,4.0
78,81,2.0
78,82,4.0
78,83,2.0
78,84,2.0
78,85,2.0
78,86,3.0
78,87,4.0
78,88,2.0
78,89,1.0
78,90,2.0
78,91,2.0
78,92,1.0
78,93,4.0
78,94,1.0
78,95,1.0
78,96,2.0
78,97,2.0
78,98,2.0
78,99,1.0
78,100,1.0
78,101,4.0
78,102,1.0
78,103,3.0
78,104,2.0
78,105,5.0
78,106,5.0
78,107,4.0
78,108,3.0
78,109,3.0
78,110,2.0
78,111,1.0
78,112,3.0
78,113,1.0
78,114,2.0
78,115,2.0
78,116,2.0
78,117,3.0
78,118,2.0
78,119,2.0
78,120,3.0
78,121,2.0
78,122,2.0
78,123,4.0
78,124,2.0
78,125,2.0
78,126,4.0
78,127,4.0
78,128,2.0
78,129,4.0
78,130,4.0
78,131,4.0
78,132,1.0
78,133,1.0
78,134,1.0
78,135,1.0
78,136,2.0
78,137,2.0
78,138,2.0
78,139,2.0
78,140,3.0
78,141,3.0
78,142,1.0
78,143,5.0
78,144,5.0
78,145,2.0
78,146,2.0
78,147,2.0
78,148,2.0
78,149,2.0
78,150,3.0
78,151,3.0
78,152,2.0
78,153,2.0
78,154,3.0
78,155,2.0
78,156,3.0
78,157,2.0
78,158,2.0
78,159,2.0
78,160,3.0
78,161,2.0
78,162,4.0
78,163,2.0
78,164,2.0
78,165,1.0
78,166,3.0
78,167,2.0
78,168,2.0
78,169,4.0
78,170,2.0
78,171,2.0
78,172,2.0
78,173,2.0
78,174,2.0
78,175,2.0
78,176,2.0
78,177,4.0
78,178,4.0
78,179,3.0
78,180,4.0
78,181,4.0
78,182,2.0
78,183,3.0
78,184,3.0
78,185,2.0
78,186,2.0
78,187,2.0
78,188,1.0
78,189,3.0
78,190,1.0
78,191,1.0
78,192,1.0
78,193,2.0
78,194,2.0
78,195,1.0
78,196,2.0
78,197,2.0
78,198,2.0
78,199,1.0
78,200,1.0
78,201,1.0
78,202,3.0
78,203,2.0
78,204,1.0
78,205,1.0
78,206,1.0
78,207,3.0
78,208,2.0
78,209,4.0
78,210,2.0
78,211,2.0
78,212,3.0
78,213,5.0
78,214,3.0
78,215,2.0
78,216,3.0
78,217,3.0
78,218,2.0
78,219,3.0
78,220,3.0
78,221,1.0
78,222,2.0
78,223,2.0
78,224,4.0
78,225,4.0
78,226,2.0
78,227,4.0
78,228,2.0
78,229,4.0
78,230,3.0
78,231,4.0
78,232,2.0
78,233,4.0
78,234,1.0
78,235,3.0
78,236,3.0
78,237,2.0
78,238,1.0
78,239,4.0
78,240,2.0
78,241,5.0
78,242,3.0
78,243,3.0
78,244,4.0
78,245,3.0
78,246,3.0
78,247,4.0
78,248,1.0
78,249,2.0
78,250,3.0
78,251,2.0
78,252,1.0
78,253,3.0
78,254,2.0
78,255,3.0
78,256,2.0
78,257,2.0
78,258,3.0
78,259,4.0
78,260,3.0
78,261,4.0
78,262,2.0
78,263,3.0
78,264,2.0
78,265,2.0
78,266,0.0
78,267,4.0
78,268,3.0
78,269,1.0
78,270,2.0
78,271,4.0
78,272,4.0
78,273,3.0
78,274,2.0
78,275,4.0
78,276,4.0
78,277,4.0
78,278,3.0
78,279,1.0
78,280,2.0
78,281,2.0
78,282,2.0
78,283,2.0
78,284,4.0
78,285,2.0
78,286,3.0
78,287,2.0
78,288,2.0
78,289,4.0
78,290,3.0
78,291,1.0
78,292,3.0
78,293,4.0
78,294,2.0
78,295,5.0
78,296,3.0
78,297,4.0
78,298,3.0
78,299,3.0
78,300,1.0
78,301,2.0
78,302,4.0
78,303,3.0
78,304,3.0
78,305,2.0
78,306,2.0
78,307,4.0
78,308,3.0
78,309,3.0
78,310,4.0
78,311,2.0
78,312,4.0
78,313,4.0
78,314,4.0
78,315,2.0
78,316,2.0
78,317,1.0
78,318,3.0
78,319,1.0
78,320,4.0
78,321,4.0
78,322,3.0
78,323,3.0
78,324,4.0
78,325,3.0
78,326,4.0
78,327,4.0
78,328,4.0
78,329,3.0
78,330,5.0
78,331,2.0
78,332,3.0
78,333,3.0
78,334,2.0
78,335,1.0
78,336,2.0
78,337,4.0
78,338,3.0
78,339,4.0
78,340,1.0
78,341,2.0
78,342,3.0
78,343,4.0
78,344,4.0
78,345,3.0
78,346,2.0
78,347,4.0
78,348,3.0
78,349,3.0
78,350,2.0
78,351,4.0
78,352,4.0
78,353,3.0
78,354,4.0
78,355,1.0
78,356,3.0
78,357,3.0
78,358,4.0
78,359,2.0
78,360,3.0
78,361,4.0
78,362,5.0
78,363,2.0
78,364,2.0
78,365,2.0
78,366,4.0
78,367,4.0
78,368,1.0
78,369,3.0
78,370,3.0
78,371,5.0
78,372,3.0
78,373,2.0
78,374,4.0
78,375,4.0
78,376,2.0
78,377,2.0
79,80,4.0
79,81,2.0
79,82,4.0
79,83,2.0
79,84,2.0
79,85,2.0
79,86,3.0
79,87,4.0
79,88,2.0
79,89,1.0
79,90,2.0
79,91,2.0
79,92,1.0
79,93,4.0
79,94,1.0
79,95,1.0
79,96,2.0
79,97,2.0
79,98,2.0
79,99,1.0
79,100,1.0
79,101,4.0
79,102,1.0
79,103,3.0
79,104,2.0
79,105,5.0
79,106,5.0
79,107,4.0
79,108,3.0
79,109,3.0
79,110,2.0
79,111,1.0
79,112,3.0
79,113,1.0
79,114,2.0
79,115,2.0
79,116,2.0
79,117,3.0
79,118,2.0
79,119,2.0
79,120,3.0
79,121,2.0
79,122,2.0
79,123,4.0
79,124,2.0
79,125,2.0
79,126,4.0
79,127,4.0
79,128,2.0
79,129,4.0
79,130,4.0
79,131,4.0
79,132,1.0
79,133,1.0
79,134,1.0
79,135,1.0
79,136,2.0
79,137,2.0
79,138,2.0
79,139,2.0
79,140,3.0
79,141,3.0
79,142,1.0
79,143,5.0
79,144,5.0
79,145,2.0
79,146,2.0
79,147,2.0
79,148,2.0
79,149,2.0
79,150,3.0
79,151,3.0
79,152,2.0
79,153,2.0
79,154,3.0
79,155,2.0
79,156,3.0
79,157,2.0
79,158,2.0
79,159,2.0
79,160,3.0
79,161,2.0
79,162,4.0
79,163,2.0
79,164,2.0
79,165,1.0
79,166,3.0
79,167,2.0
79,168,2.0
79,169,4.0
79,170,2.0
79,171,2.0
79,172,2.0
79,173,2.0
79,174,2.0
79,175,2.0
79,176,2.0
79,177,4.0
79,178,4.0
79,179,3.0
79,180,4.0
79,181,4.0
79,182,2.0
79,183,3.0
79,184,3.0
79,185,2.0
79,186,2.0
79,187,2.0
79,188,1.0
79,189,3.0
79,190,1.0
79,191,1.0
79,192,1.0
79,193,2.0
79,194,2.0
79,195,1.0
79,196,2.0
79,197,2.0
79,198,2.0
79,199,1.0
79,200,1.0
79,201,1.0
79,202,3.0
79,203,2.0
79,204,1.0
79,205,1.0
79,206,1.0
79,207,3.0
79,208,2.0
79,209,4.0
79,210,2.0
79,211,2.0
79,212,3.0
79,213,5.0
79,214,3.0
79,215,2.0
79,216,3.0
79,217,3.0
79,218,2.0
79,219,3.0
79,220,3.0
79,221,1.0
79,222,2.0
79,223,2.0
79,224,4.0
79,225,4.0
79,226,2.0
79,227,4.0
79,228,2.0
79,229,4.0
79,230,3.0
79,231,4.0
79,232,2.0
79,233,4.0
79,234,1.0
79,235,3.0
79,236,3.0
79,237,2.0
79,238,1.0
79,239,4.0
79,240,2.0
79,241,5.0
79,242,3.0
79,243,3.0
79,244,4.0
79,245,3.0
79,246,3.0
79,247,4.0
79,248,1.0
79,249,2.0
79,250,3.0
79,251,2.0
79,252,1.0
79,253,3.0
79,254,2.0
79,255,3.0
79,256,2.0
79,257,2.0
79,258,3.0
79,259,4.0
79,260,3.0
79,261,4.0
79,262,2.0
79,263,3.0
79,264,2.0
79,265,2.0
79,266,0.0
79,267,4.0
79,268,3.0
79,269,1.0
79,270,2.0
79,271,4.0
79,272,4.0
79,273,3.0
79,274,2.0
79,275,4.0
79,276,4.0
79,277,4.0
79,278,3.0
79,279,1.0
79,280,2.0
79,281,2.0
79,282,2.0
79,283,2.0
79,284,4.0
79,285,2.0
79,286,3.0
79,287,2.0
79,288,2.0
79,289,4.0
79,290,3.0
79,291,1.0
79,292,3.0
79,293,4.0
79,294,2.0
79,295,5.0
79,296,3.0
79,297,4.0
79,298,3.0
79,299,3.0
79,300,1.0
79,301,2.0
79,302,4.0
79,303,3.0
79,304,3.0
79,305,2.0
79,306,2.0
79,307,4.0
79,308,3.0
79,309,3.0
79,310,4.0
79,311,2.0
79,312,4.0
79,313,4.0
79,314,4.0
79,315,2.0
79,316,2.0
79,317,1.0
79,318,3.0
79,319,1.0
79,320,4.0
79,321,4.0
79,322,3.0
79,323,3.0
79,324,4.0
79,325,3.0
79,326,4.0
79,327,4.0
79,328,4.0
79,329,3.0
79,330,5.0
79,331,2.0
79,332,3.0
79,333,3.0
79,334,2.0
79,335,1.0
79,336,2.0
79,337,4.0
79,338,3.0
79,339,4.0
79,340,1.0
79,341,2.0
79,342,3.0
79,343,4.0
79,344,4.0
79,345,3.0
79,346,2.0
79,347,4.0
79,348,3.0
79,349,3.0
79,350,2.0
79,351,4.0
79,352,4.0
79,353,3.0
79,354,4.0
79,355,1.0
79,356,3.0
79,357,3.0
79,358,4.0
79,359,2.0
79,360,3.0
79,361,4.0
79,362,5.0
79,363,2.0
79,364,2.0
79,365,2.0
79,366,4.0
79,367,4.0
79,368,1.0
79,369,3.0
79,370,3.0
79,371,5.0
79,372,3.0
79,373,2.0
79,374,4.0
79,375,4.0
79,376,2.0
79,377,2.0
80,81,3.0
80,82,5.0
80,83,1.0
80,84,1.0
80,85,1.0
80,86,3.0
80,87,5.0
80,88,2.0
80,89,1.0
80,90,2.0
80,91,2.0
80,92,2.0
80,93,5.0
80,94,2.0
80,95,1.0
80,96,1.0
80,97,2.0
80,98,1.0
80,99,2.0
80,100,0.0
80,101,5.0
80,102,0.0
80,103,4.0
80,104,2.0
80,105,4.0
80,106,4.0
80,107,5.0
80,108,3.0
80,109,3.0
80,110,3.0
80,111,2.0
80,112,2.0
80,113,2.0
80,114,1.0
80,115,1.0
80,116,1.0
80,117,3.0
80,118,2.0
80,119,3.0
80,120,3.0
80,121,2.0
80,122,3.0
80,123,4.0
80,124,1.0
80,125,1.0
80,126,4.0
80,127,4.0
80,128,1.0
80,129,4.0
80,130,4.0
80,131,4.0
80,132,2.0
80,133,2.0
80,134,2.0
80,135,2.0
80,136,1.0
80,137,1.0
80,138,1.0
80,139,1.0
80,140,4.0
80,141,3.0
80,142,2.0
80,143,4.0
80,144,4.0
80,145,3.0
80,146,2.0
80,147,1.0
80,148,1.0
80,149,2.0
80,150,2.0
80,151,2.0
80,152,2.0
80,153,3.0
80,154,3.0
80,155,2.0
80,156,3.0
80,157,2.0
80,158,2.0
80,159,2.0
80,160,4.0
80,161,1.0
80,162,4.0
80,163,2.0
80,164,2.0
80,165,0.0
80,166,3.0
80,167,2.0
80,168,2.0
80,169,5.0
80,170,2.0
80,171,2.0
80,172,2.0
80,173,2.0
80,174,1.0
80,175,1.0
80,176,2.0
80,177,3.0
80,178,3.0
80,179,3.0
80,180,3.0
80,181,3.0
80,182,2.0
80,183,4.0
80,184,4.0
80,185,1.0
80,186,3.0
80,187,3.0
80,188,1.0
80,189,3.0
80,190,2.0
80,191,2.0
80,192,2.0
80,193,2.0
80,194,2.0
80,195,2.0
80,196,2.0
80,197,2.0
80,198,2.0
80,199,0.0
80,200,0.0
80,201,0.0
80,202,4.0
80,203,3.0
80,204,2.0
80,205,2.0
80,206,1.0
80,207,4.0
80,208,2.0
80,209,5.0
80,210,3.0
80,211,2.0
80,212,3.0
80,213,4.0
80,214,3.0
80,215,2.0
80,216,3.0
80,217,4.0
80,218,2.0
80,219,3.0
80,220,3.0
80,221,1.0
80,222,2.0
80,223,3.0
80,224,5.0
80,225,5.0
80,226,1.0
80,227,5.0
80,228,3.0
80,229,3.0
80,230,4.0
80,231,5.0
80,232,3.0
80,233,3.0
80,234,2.0
80,235,4.0
80,236,4.0
80,237,3.0
80,238,2.0
80,239,5.0
80,240,2.0
80,241,4.0
80,242,4.0
80,243,3.0
80,244,5.0
80,245,4.0
80,246,4.0
80,247,4.0
80,248,1.0
80,249,2.0
80,250,4.0
80,251,3.0
80,252,2.0
80,253,3.0
80,254,2.0
80,255,3.0
80,256,3.0
80,257,2.0
80,258,3.0
80,259,3.0
80,260,4.0
80,261,5.0
80,262,2.0
80,263,3.0
80,264,2.0
80,265,2.0
80,266,0.0
80,267,5.0
80,268,3.0
80,269,2.0
80,270,2.0
80,271,3.0
80,272,4.0
80,273,4.0
80,274,3.0
80,275,5.0
80,276,5.0
80,277,5.0
80,278,3.0
80,279,2.0
80,280,3.0
80,281,2.0
80,282,3.0
80,283,1.0
80,284,5.0
80,285,1.0
80,286,3.0
80,287,2.0
80,288,2.0
80,289,5.0
80,290,3.0
80,291,2.0
80,292,4.0
80,293,3.0
80,294,2.0
80,295,4.0
80,296,4.0
80,297,5.0
80,298,4.0
80,299,4.0
80,300,2.0
80,301,3.0
80,302,5.0
80,303,4.0
80,304,4.0
80,305,2.0
80,306,3.0
80,307,5.0
80,308,3.0
80,309,3.0
80,310,5.0
80,311,2.0
80,312,3.0
80,313,5.0
80,314,5.0
80,315,3.0
80,316,2.0
80,317,0.0
80,318,4.0
80,319,2.0
80,320,5.0
80,321,5.0
80,322,3.0
80,323,3.0
80,324,4.0
80,325,2.0
80,326,5.0
80,327,3.0
80,328,5.0
80,329,3.0
80,330,4.0
80,331,1.0
80,332,4.0
80,333,4.0
80,334,1.0
80,335,0.0
80,336,1.0
80,337,5.0
80,338,4.0
80,339,3.0
80,340,2.0
80,341,2.0
80,342,4.0
80,343,5.0
80,344,5.0
80,345,4.0
80,346,2.0
80,347,5.0
80,348,4.0
80,349,3.0
80,350,3.0
80,351,5.0
80,352,5.0
80,353,3.0
80,354,5.0
80,355,1.0
80,356,3.0
80,357,3.0
80,358,5.0
80,359,3.0
80,360,3.0
80,361,5.0
80,362,4.0
80,363,2.0
80,364,1.0
80,365,2.0
80,366,4.0
80,367,5.0
80,368,1.0
80,369,3.0
80,370,4.0
80,371,4.0
80,372,4.0
80,373,2.0
80,374,5.0
80,375,3.0
80,376,2.0
80,377,3.0
81,82,3.0
81,83,1.0
81,84,1.0
81,85,1.0
81,86,3.0
81,87,3.0
81,88,2.0
81,89,1.0
81,90,2.0
81,91,2.0
81,92,2.0
81,93,3.0
81,94,2.0
81,95,0.0
81,96,1.0
81,97,2.0
81,98,1.0
81,99,3.0
81,100,0.0
81,101,3.0
81,102,0.0
81,103,4.0
81,104,2.0
81,105,2.0
81,106,2.0
81,107,3.0
81,108,3.0
81,109,3.0
81,110,3.0
81,111,2.0
81,112,1.0
81,113,2.0
81,114,1.0
81,115,1.0
81,116,1.0
81,117,3.0
81,118,2.0
81,119,3.0
81,120,3.0
81,121,2.0
81,122,3.0
81,123,3.0
81,124,1.0
81,125,1.0
81,126,2.0
81,127,2.0
81,128,1.0
81,129,2.0
81,130,2.0
81,131,2.0
81,132,5.0
81,133,5.0
81,134,5.0
81,135,5.0
81,136,1.0
81,137,1.0
81,138,1.0
81,139,1.0
81,140,4.0
81,141,2.0
81,142,2.0
81,143,2.0
81,144,2.0
81,145,2.0
81,146,1.0
81,147,1.0
81,148,1.0
81,149,1.0
81,150,1.0
81,151,1.0
81,152,2.0
81,153,2.0
81,154,3.0
81,155,2.0
81,156,2.0
81,157,2.0
81,158,2.0
81,159,2.0
81,160,3.0
81,161,1.0
81,162,2.0
81,163,2.0
81,164,1.0
81,165,0.0
81,166,2.0
81,167,2.0
81,168,1.0
81,169,3.0
81,170,2.0
81,171,1.0
81,172,2.0
81,173,2.0
81,174,1.0
81,175,1.0
81,176,3.0
81,177,2.0
81,178,2.0
81,179,3.0
81,180,2.0
81,181,2.0
81,182,1.0
81,183,3.0
81,184,3.0
81,185,1.0
81,186,5.0
81,187,5.0
81,188,0.0
81,189,2.0
81,190,2.0
81,191,2.0
81,192,2.0
81,193,1.0
81,194,2.0
81,195,2.0
81,196,1.0
81,197,1.0
81,198,1.0
81,199,0.0
81,200,0.0
81,201,0.0
81,202,4.0
81,203,3.0
81,204,2.0
81,205,2.0
81,206,1.0
81,207,3.0
81,208,2.0
81,209,3.0
81,210,2.0
81,211,1.0
81,212,3.0
81,213,2.0
81,214,3.0
81,215,2.0
81,216,2.0
81,217,4.0
81,218,3.0
81,219,2.0
81,220,3.0
81,221,1.0
81,222,2.0
81,223,2.0
81,224,3.0
81,225,3.0
81,226,1.0
81,227,3.0
81,228,2.0
81,229,2.0
81,230,3.0
81,231,3.0
81,232,4.0
81,233,2.0
81,234,4.0
81,235,2.0
81,236,3.0
81,237,3.0
81,238,4.0
81,239,3.0
81,240,1.0
81,241,2.0
81,242,2.0
81,243,3.0
81,244,3.0
81,245,3.0
81,246,3.0
81,247,2.0
81,248,0.0
81,249,2.0
81,250,4.0
81,251,2.0
81,252,3.0
81,253,1.0
81,254,2.0
81,255,2.0
81,256,5.0
81,257,2.0
81,258,2.0
81,259,2.0
81,260,2.0
81,261,3.0
81,262,2.0
81,263,2.0
81,264,1.0
81,265,3.0
81,266,0.0
81,267,3.0
81,268,3.0
81,269,2.0
81,270,2.0
81,271,2.0
81,272,2.0
81,273,3.0
81,274,3.0
81,275,3.0
81,276,3.0
81,277,3.0
81,278,2.0
81,279,3.0
81,280,2.0
81,281,3.0
81,282,2.0
81,283,1.0
81,284,3.0
81,285,1.0
81,286,3.0
81,287,2.0
81,288,2.0
81,289,3.0
81,290,2.0
81,291,2.0
81,292,2.0
81,293,2.0
81,294,2.0
81,295,2.0
81,296,3.0
81,297,3.0
81,298,3.0
81,299,3.0
81,300,3.0
81,301,3.0
81,302,3.0
81,303,2.0
81,304,4.0
81,305,3.0
81,306,2.0
81,307,3.0
81,308,1.0
81,309,2.0
81,310,3.0
81,311,1.0
81,312,2.0
81,313,3.0
81,314,3.0
81,315,3.0
81,316,2.0
81,317,0.0
81,318,3.0
81,319,2.0
81,320,3.0
81,321,3.0
81,322,3.0
81,323,3.0
81,324,2.0
81,325,2.0
81,326,3.0
81,327,2.0
81,328,3.0
81,329,3.0
81,330,2.0
81,331,1.0
81,332,2.0
81,333,4.0
81,334,1.0
81,335,0.0
81,336,1.0
81,337,3.0
81,338,4.0
81,339,2.0
81,340,5.0
81,341,3.0
81,342,2.0
81,343,3.0
81,344,3.0
81,345,4.0
81,346,2.0
81,347,3.0
81,348,4.0
81,349,2.0
81,350,2.0
81,351,3.0
81,352,3.0
81,353,3.0
81,354,3.0
81,355,0.0
81,356,3.0
81,357,1.0
81,358,3.0
81,359,3.0
81,360,3.0
81,361,3.0
81,362,2.0
81,363,2.0
81,364,1.0
81,365,2.0
81,366,2.0
81,367,3.0
81,368,0.0
81,369,2.0
81,370,3.0
81,371,2.0
81,372,2.0
81,373,2.0
81,374,3.0
81,375,2.0
81,376,2.0
81,377,2.0
82,83,1.0
82,84,1.0
82,85,1.0
82,86,3.0
82,87,5.0
82,88,2.0
82,89,1.0
82,90,2.0
82,91,2.0
82,92,2.0
82,93,5.0
82,94,2.0
82,95,1.0
82,96,1.0
82,97,2.0
82,98,1.0
82,99,2.0
82,100,0.0
82,101,5.0
82,102,0.0
82,103,4.0
82,104,2.0
82,105,4.0
82,106,4.0
82,107,5.0
82,108,3.0
82,109,3.0
82,110,3.0
82,111,2.0
82,112,2.0
82,113,2.0
82,114,1.0
82,115,1.0
82,116,1.0
82,117,3.0
82,118,2.0
82,119,3.0
82,120,3.0
82,121,2.0
82,122,3.0
82,123,4.0
82,124,1.0
82,125,1.0
82,126,4.0
82,127,4.0
82,128,1.0
82,129,4.0
82,130,4.0
82,131,4.0
82,132,2.0
82,133,2.0
82,134,2.0
82,135,2.0
82,136,1.0
82,137,1.0
82,138,1.0
82,139,1.0
82,140,4.0
82,141,3.0
82,142,2.0
82,143,4.0
82,144,4.0
82,145,3.0
82,146,2.0
82,147,1.0
82,148,1.0
82,149,2.0
82,150,2.0
82,151,2.0
82,152,2.0
82,153,3.0
82,154,3.0
82,155,2.0
82,156,3.0
82,157,2.0
82,158,2.0
82,159,2.0
82,160,4.0
82,161,1.0
82,162,4.0
82,163,2.0
82,164,2.0
82,165,0.0
82,166,3.0
82,167,2.0
82,168,2.0
82,169,5.0
82,170,2.0
82,171,2.0
82,172,2.0
82,173,2.0
82,174,1.0
82,175,1.0
82,176,2.0
82,177,3.0
82,178,3.0
82,179,3.0
82,180,3.0
82,181,3.0
82,182,2.0
82,183,4.0
82,184,4.0
82,185,1.0
82,186,3.0
82,187,3.0
82,188,1.0
82,189,3.0
82,190,2.0
82,191,2.0
82,192,2.0
82,193,2.0
82,194,2.0
82,195,2.0
82,196,2.0
82,197,2.0
82,198,2.0
82,199,0.0
82,200,0.0
82,201,0.0
82,202,4.0
82,203,3.0
82,204,2.0
82,205,2.0
82,206,1.0
82,207,4.0
82,208,2.0
82,209,5.0
82,210,3.0
82,211,2.0
82,212,3.0
82,213,4.0
82,214,3.0
82,215,2.0
82,216,3.0
82,217,4.0
82,218,2.0
82,219,3.0
82,220,3.0
82,221,1.0
82,222,2.0
82,223,3.0
82,224,5.0
82,225,5.0
82,226,1.0
82,227,5.0
82,228,3.0
82,229,3.0
82,230,4.0
82,231,5.0
82,232,3.0
82,233,3.0
82,234,2.0
82,235,4.0
82,236,4.0
82,237,3.0
82,238,2.0
82,239,5.0
82,240,2.0
82,241,4.0
82,242,4.0
82,243,3.0
82,244,5.0
82,245,4.0
82,246,4.0
82,247,4.0
82,248,1.0
82,249,2.0
82,250,4.0
82,251,3.0
82,252,2.0
82,253,3.0
82,254,2.0
82,255,3.0
82,256,3.0
82,257,2.0
82,258,3.0
82,259,3.0
82,260,4.0
82,261,5.0
82,262,2.0
82,263,3.0
82,264,2.0
82,265,2.0
82,266,0.0
82,267,5.0
82,268,3.0
82,269,2.0
82,270,2.0
82,271,3.0
82,272,4.0
82,273,4.0
82,274,3.0
82,275,5.0
82,276,5.0
82,277,5.0
82,278,3.0
82,279,2.0
82,280,3.0
82,281,2.0
82,282,3.0
82,283,1.0
82,284,5.0
82,285,1.0
82,286,3.0
82,287,2.0
82,288,2.0
82,289,5.0
82,290,3.0
82,291,2.0
82,292,4.0
82,293,3.0
82,294,2.0
82,295,4.0
82,296,4.0
82,297,5.0
82,298,4.0
82,299,4.0
82,300,2.0
82,301,3.0
82,302,5.0
82,303,4.0
82,304,4.0
82,305,2.0
82,306,3.0
82,307,5.0
82,308,3.0
82,309,3.0
82,310,5.0
82,311,2.0
82,312,3.0
82,313,5.0
82,314,5.0
82,315,3.0
82,316,2.0
82,317,0.0
82,318,4.0
82,319,2.0
82,320,5.0
82,321,5.0
82,322,3.0
82,323,3.0
82,324,4.0
82,325,2.0
82,326,5.0
82,327,3.0
82,328,5.0
82,329,3.0
82,330,4.0
82,331,1.0
82,332,4.0
82,333,4.0
82,334,1.0
82,335,0.0
82,336,1.0
82,337,5.0
82,338,4.0
82,339,3.0
82,340,2.0
82,341,2.0
82,342,4.0
82,343,5.0
82,344,5.0
82,345,4.0
82,346,2.0
82,347,5.0
82,348,4.0
82,349,3.0
82,350,3.0
82,351,5.0
82,352,5.0
82,353,3.0
82,354,5.0
82,355,1.0
82,356,3.0
82,357,3.0
82,358,5.0
82,359,3.0
82,360,3.0
82,361,5.0
82,362,4.0
82,363,2.0
82,364,1.0
82,365,2.0
82,366,4.0
82,367,5.0
82,368,1.0
82,369,3.0
82,370,4.0
82,371,4.0
82,372,4.0
82,373,2.0
82,374,5.0
82,375,3.0
82,376,2.0
82,377,3.0
83,84,6.0
83,85,6.0
83,86,1.0
83,87,1.0
83,88,1.0
83,89,1.0
83,90,2.0
83,91,2.0
83,92,1.0
83,93,1.0
83,94,1.0
83,95,0.0
83,96,4.0
83,97,1.0
83,98,4.0
83,99,1.0
83,100,5.0
83,101,1.0
83,102,5.0
83,103,1.0
83,104,2.0
83,105,2.0
83,106,2.0
83,107,1.0
83,108,1.0
83,109,1.0
83,110,1.0
83,111,1.0
83,112,1.0
83,113,1.0
83,114,6.0
83,115,6.0
83,116,6.0
83,117,1.0
83,118,1.0
83,119,1.0
83,120,1.0
83,121,1.0
83,122,1.0
83,123,2.0
83,124,2.0
83,125,2.0
83,126,1.0
83,127,1.0
83,128,6.0
83,129,1.0
83,130,1.0
83,131,1.0
83,132,2.0
83,133,2.0
83,134,2.0
83,135,2.0
83,136,2.0
83,137,2.0
83,138,2.0
83,139,6.0
83,140,1.0
83,141,1.0
83,142,1.0
83,143,2.0
83,144,2.0
83,145,1.0
83,146,1.0
83,147,4.0
83,148,4.0
83,149,1.0
83,150,2.0
83,151,2.0
83,152,2.0
83,153,1.0
83,154,1.0
83,155,1.0
83,156,1.0
83,157,1.0
83,158,1.0
83,159,2.0
83,160,1.0
83,161,2.0
83,162,1.0
83,163,1.0
83,164,0.0
83,165,3.0
83,166,1.0
83,167,1.0
83,168,0.0
83,169,1.0
83,170,1.0
83,171,1.0
83,172,1.0
83,173,1.0
83,174,6.0
83,175,2.0
83,176,3.0
83,177,2.0
83,178,2.0
83,179,1.0
83,180,2.0
83,181,2.0
83,182,1.0
83,183,1.0
83,184,1.0
83,185,6.0
83,186,1.0
83,187,1.0
83,188,0.0
83,189,2.0
83,190,0.0
83,191,0.0
83,192,0.0
83,193,1.0
83,194,1.0
83,195,1.0
83,196,1.0
83,197,1.0
83,198,1.0
83,199,5.0
83,200,5.0
83,201,5.0
83,202,1.0
83,203,2.0
83,204,1.0
83,205,1.0
83,206,1.0
83,207,1.0
83,208,1.0
83,209,1.0
83,210,1.0
83,211,1.0
83,212,1.0
83,213,2.0
83,214,1.0
83,215,1.0
83,216,2.0
83,217,1.0
83,218,3.0
83,219,1.0
83,220,1.0
83,221,0.0
83,222,1.0
83,223,1.0
83,224,1.0
83,225,1.0
83,226,6.0
83,227,1.0
83,228,2.0
83,229,2.0
83,230,1.0
83,231,1.0
83,232,1.0
83,233,2.0
83,234,0.0
83,235,1.0
83,236,1.0
83,237,1.0
83,238,0.0
83,239,1.0
83,240,1.0
83,241,2.0
83,242,1.0
83,243,1.0
83,244,1.0
83,245,1.0
83,246,1.0
83,247,1.0
83,248,0.0
83,249,1.0
83,250,1.0
83,251,2.0
83,252,1.0
83,253,1.0
83,254,2.0
83,255,2.0
83,256,1.0
83,257,1.0
83,258,1.0
83,259,2.0
83,260,1.0
83,261,1.0
83,262,2.0
83,263,1.0
83,264,1.0
83,265,3.0
83,266,0.0
83,267,1.0
83,268,1.0
83,269,1.0
83,270,1.0
83,271,2.0
83,272,1.0
83,273,1.0
83,274,1.0
83,275,1.0
83,276,1.0
83,277,1.0
83,278,1.0
83,279,1.0
83,280,1.0
83,281,3.0
83,282,1.0
83,283,3.0
83,284,1.0
83,285,2.0
83,286,1.0
83,287,1.0
83,288,2.0
83,289,1.0
83,290,2.0
83,291,1.0
83,292,1.0
83,293,2.0
83,294,1.0
83,295,2.0
83,296,1.0
83,297,1.0
83,298,1.0
83,299,1.0
83,300,1.0
83,301,1.0
83,302,1.0
83,303,1.0
83,304,1.0
83,305,3.0
83,306,1.0
83,307,1.0
83,308,1.0
83,309,1.0
83,310,1.0
83,311,1.0
83,312,2.0
83,313,1.0
83,314,1.0
83,315,1.0
83,316,1.0
83,317,1.0
83,318,1.0
83,319,2.0
83,320,1.0
83,321,1.0
83,322,1.0
83,323,1.0
83,324,1.0
83,325,4.0
83,326,1.0
83,327,2.0
83,328,1.0
83,329,1.0
83,330,2.0
83,331,6.0
83,332,1.0
83,333,1.0
83,334,5.0
83,335,4.0
83,336,2.0
83,337,1.0
83,338,1.0
83,339,2.0
83,340,0.0
83,341,3.0
83,342,1.0
83,343,1.0
83,344,1.0
83,345,1.0
83,346,1.0
83,347,1.0
83,348,1.0
83,349,1.0
83,350,1.0
83,351,1.0
83,352,1.0
83,353,1.0
83,354,1.0
83,355,0.0
83,356,1.0
83,357,1.0
83,358,1.0
83,359,1.0
83,360,1.0
83,361,1.0
83,362,2.0
83,363,1.0
83,364,4.0
83,365,1.0
83,366,1.0
83,367,1.0
83,368,1.0
83,369,2.0
83,370,1.0
83,371,2.0
83,372,1.0
83,373,1.0
83,374,1.0
83,375,2.0
83,376,2.0
83,377,1.0
84,85,6.0
84,86,1.0
84,87,1.0
84,88,1.0
84,89,1.0
84,90,2.0
84,91,2.0
84,92,1.0
84,93,1.0
84,94,1.0
84,95,0.0
84,96,4.0
84,97,1.0
84,98,4.0
84,99,1.0
84,100,5.0
84,101,1.0
84,102,5.0
84,103,1.0
84,104,2.0
84,105,2.0
84,106,2.0
84,107,1.0
84,108,1.0
84,109,1.0
84,110,1.0
84,111,1.0
84,112,1.0
84,113,1.0
84,114,6.0
84,115,6.0
84,116,6.0
84,117,1.0
84,118,1.0
84,119,1.0
84,120,1.0
84,121,1.0
84,122,1.0
84,123,2.0
84,124,2.0
84,125,2.0
84,126,1.0
84,127,1.0
84,128,6.0
84,129,1.0
84,130,1.0
84,131,1.0
84,132,2.0
84,133,2.0
84,134,2.0
84,135,2.0
84,136,2.0
84,137,2.0
84,138,2.0
84,139,6.0
84,140,1.0
84,141,1.0
84,142,1.0
84,143,2.0
84,144,2.0
84,145,1.0
84,146,1.0
84,147,4.0
84,148,4.0
84,149,1.0
84,150,2.0
84,151,2.0
84,152,2.0
84,153,1.0
84,154,1.0
84,155,1.0
84,156,1.0
84,157,1.0
84,158,1.0
84,159,2.0
84,160,1.0
84,161,2.0
84,162,1.0
84,163,1.0
84,164,0.0
84,165,3.0
84,166,1.0
84,167,1.0
84,168,0.0
84,169,1.0
84,170,1.0
84,171,1.0
84,172,1.0
84,173,1.0
84,174,6.0
84,175,2.0
84,176,3.0
84,177,2.0
84,178,2.0
84,179,1.0
84,180,2.0
84,181,2.0
84,182,1.0
84,183,1.0
84,184,1.0
84,185,6.0
84,186,1.0
84,187,1.0
84,188,0.0
84,189,2.0
84,190,0.0
84,191,0.0
84,192,0.0
84,193,1.0
84,194,1.0
84,195,1.0
84,196,1.0
84,197,1.0
84,198,1.0
84,199,5.0
84,200,5.0
84,201,5.0
84,202,1.0
84,203,2.0
84,204,1.0
84,205,1.0
84,206,1.0
84,207,1.0
84,208,1.0
84,209,1.0
84,210,1.0
84,211,1.0
84,212,1.0
84,213,2.0
84,214,1.0
84,215,1.0
84,216,2.0
84,217,1.0
84,218,3.0
84,219,1.0
84,220,1.0
84,221,0.0
84,222,1.0
84,223,1.0
84,224,1.0
84,225,1.0
84,226,6.0
84,227,1.0
84,228,2.0
84,229,2.0
84,230,1.0
84,231,1.0
84,232,1.0
84,233,2.0
84,234,0.0
84,235,1.0
84,236,1.0
84,237,1.0
84,238,0.0
84,239,1.0
84,240,1.0
84,241,2.0
84,242,1.0
84,243,1.0
84,244,1.0
84,245,1.0
84,246,1.0
84,247,1.0
84,248,0.0
84,249,1.0
84,250,1.0
84,251,2.0
84,252,1.0
84,253,1.0
84,254,2.0
84,255,2.0
84,256,1.0
84,257,1.0
84,258,1.0
84,259,2.0
84,260,1.0
84,261,1.0
84,262,2.0
84,263,1.0
84,264,1.0
84,265,3.0
84,266,0.0
84,267,1.0
84,268,1.0
84,269,1.0
84,270,1.0
84,271,2.0
84,272,1.0
84,273,1.0
84,274,1.0
84,275,1.0
84,276,1.0
84,277,1.0
84,278,1.0
84,279,1.0
84,280,1.0
84,281,3.0
84,282,1.0
84,283,3.0
84,284,1.0
84,285,2.0
84,286,1.0
84,287,1.0
84,288,2.0
84,289,1.0
84,290,2.0
84,291,1.0
84,292,1.0
84,293,2.0
84,294,1.0
84,295,2.0
84,296,1.0
84,297,1.0
84,298,1.0
84,299,1.0
84,300,1.0
84,301,1.0
84,302,1.0
84,303,1.0
84,304,1.0
84,305,3.0
84,306,1.0
84,307,1.0
84,308,1.0
84,309,1.0
84,310,1.0
84,311,1.0
84,312,2.0
84,313,1.0
84,314,1.0
84,315,1.0
84,316,1.0
84,317,1.0
84,318,1.0
84,319,2.0
84,320,1.0
84,321,1.0
84,322,1.0
84,323,1.0
84,324,1.0
84,325,4.0
84,326,1.0
84,327,2.0
84,328,1.0
84,329,1.0
84,330,2.0
84,331,6.0
84,332,1.0
84,333,1.0
84,334,5.0
84,335,4.0
84,336,2.0
84,337,1.0
84,338,1.0
84,339,2.0
84,340,0.0
84,341,3.0
84,342,1.0
84,343,1.0
84,344,1.0
84,345,1.0
84,346,1.0
84,347,1.0
84,348,1.0
84,349,1.0
84,350,1.0
84,351,1.0
84,352,1.0
84,353,1.0
84,354,1.0
84,355,0.0
84,356,1.0
84,357,1.0
84,358,1.0
84,359,1.0
84,360,1.0
84,361,1.0
84,362,2.0
84,363,1.0
84,364,4.0
84,365,1.0
84,366,1.0
84,367,1.0
84,368,1.0
84,369,2.0
84,370,1.0
84,371,2.0
84,372,1.0
84,373,1.0
84,374,1.0
84,375,2.0
84,376,2.0
84,377,1.0
85,86,1.0
85,87,1.0
85,88,1.0
85,89,1.0
85,90,2.0
85,91,2.0
85,92,1.0
85,93,1.0
85,94,1.0
85,95,0.0
85,96,4.0
85,97,1.0
85,98,4.0
85,99,1.0
85,100,5.0
85,101,1.0
85,102,5.0
85,103,1.0
85,104,2.0
85,105,2.0
85,106,2.0
85,107,1.0
85,108,1.0
85,109,1.0
85,110,1.0
85,111,1.0
85,112,1.0
85,113,1.0
85,114,6.0
85,115,6.0
85,116,6.0
85,117,1.0
85,118,1.0
85,119,1.0
85,120,1.0
85,121,1.0
85,122,1.0
85,123,2.0
85,124,2.0
85,125,2.0
85,126,1.0
85,127,1.0
85,128,6.0
85,129,1.0
85,130,1.0
85,131,1.0
85,132,2.0
85,133,2.0
85,134,2.0
85,135,2.0
85,136,2.0
85,137,2.0
85,138,2.0
85,139,6.0
85,140,1.0
85,141,1.0
85,142,1.0
85,143,2.0
85,144,2.0
85,145,1.0
85,146,1.0
85,147,4.0
85,148,4.0
85,149,1.0
85,150,2.0
85,151,2.0
85,152,2.0
85,153,1.0
85,154,1.0
85,155,1.0
85,156,1.0
85,157,1.0
85,158,1.0
85,159,2.0
85,160,1.0
85,161,2.0
85,162,1.0
85,163,1.0
85,164,0.0
85,165,3.0
85,166,1.0
85,167,1.0
85,168,0.0
85,169,1.0
85,170,1.0
85,171,1.0
85,172,1.0
85,173,1.0
85,174,6.0
85,175,2.0
85,176,3.0
85,177,2.0
85,178,2.0
85,179,1.0
85,180,2.0
85,181,2.0
85,182,1.0
85,183,1.0
85,184,1.0
85,185,6.0
85,186,1.0
85,187,1.0
85,188,0.0
85,189,2.0
85,190,0.0
85,191,0.0
85,192,0.0
85,193,1.0
85,194,1.0
85,195,1.0
85,196,1.0
85,197,1.0
85,198,1.0
85,199,5.0
85,200,5.0
85,201,5.0
85,202,1.0
85,203,2.0
85,204,1.0
85,205,1.0
85,206,1.0
85,207,1.0
85,208,1.0
85,209,1.0
85,210,1.0
85,211,1.0
85,212,1.0
85,213,2.0
85,214,1.0
85,215,1.0
85,216,2.0
85,217,1.0
85,218,3.0
85,219,1.0
85,220,1.0
85,221,0.0
85,222,1.0
85,223,1.0
85,224,1.0
85,225,1.0
85,226,6.0
85,227,1.0
85,228,2.0
85,229,2.0
85,230,1.0
85,231,1.0
85,232,1.0
85,233,2.0
85,234,0.0
85,235,1.0
85,236,1.0
85,237,1.0
85,238,0.0
85,239,1.0
85,240,1.0
85,241,2.0
85,242,1.0
85,243,1.0
85,244,1.0
85,245,1.0
85,246,1.0
85,247,1.0
85,248,0.0
85,249,1.0
85,250,1.0
85,251,2.0
85,252,1.0
85,253,1.0
85,254,2.0
85,255,2.0
85,256,1.0
85,257,1.0
85,258,1.0
85,259,2.0
85,260,1.0
85,261,1.0
85,262,2.0
85,263,1.0
85,264,1.0
85,265,3.0
85,266,0.0
85,267,1.0
85,268,1.0
85,269,1.0
85,270,1.0
85,271,2.0
85,272,1.0
85,273,1.0
85,274,1.0
85,275,1.0
85,276,1.0
85,277,1.0
85,278,1.0
85,279,1.0
85,280,1.0
85,281,3.0
85,282,1.0
85,283,3.0
85,284,1.0
85,285,2.0
85,286,1.0
85,287,1.0
85,288,2.0
85,289,1.0
85,290,2.0
85,291,1.0
85,292,1.0
85,293,2.0
85,294,1.0
85,295,2.0
85,296,1.0
85,297,1.0
85,298,1.0
85,299,1.0
85,300,1.0
85,301,1.0
85,302,1.0
85,303,1.0
85,304,1.0
85,305,3.0
85,306,1.0
85,307,1.0
85,308,1.0
85,309,1.0
85,310,1.0
85,311,1.0
85,312,2.0
85,313,1.0
85,314,1.0
85,315,1.0
85,316,1.0
85,317,1.0
85,318,1.0
85,319,2.0
85,320,1.0
85,321,1.0
85,322,1.0
85,323,1.0
85,324,1.0
85,325,4.0
85,326,1.0
85,327,2.0
85,328,1.0
85,329,1.0
85,330,2.0
85,331,6.0
85,332,1.0
85,333,1.0
85,334,5.0
85,335,4.0
85,336,2.0
85,337,1.0
85,338,1.0
85,339,2.0
85,340,0.0
85,341,3.0
85,342,1.0
85,343,1.0
85,344,1.0
85,345,1.0
85,346,1.0
85,347,1.0
85,348,1.0
85,349,1.0
85,350,1.0
85,351,1.0
85,352,1.0
85,353,1.0
85,354,1.0
85,355,0.0
85,356,1.0
85,357,1.0
85,358,1.0
85,359,1.0
85,360,1.0
85,361,1.0
85,362,2.0
85,363,1.0
85,364,4.0
85,365,1.0
85,366,1.0
85,367,1.0
85,368,1.0
85,369,2.0
85,370,1.0
85,371,2.0
85,372,1.0
85,373,1.0
85,374,1.0
85,375,2.0
85,376,2.0
85,377,1.0
86,87,3.0
86,88,5.0
86,89,2.0
86,90,4.0
86,91,2.0
86,92,2.0
86,93,3.0
86,94,2.0
86,95,2.0
86,96,1.0
86,97,3.0
86,98,1.0
86,99,2.0
86,100,1.0
86,101,3.0
86,102,1.0
86,103,3.0
86,104,4.0
86,105,3.0
86,106,3.0
86,107,3.0
86,108,5.0
86,109,6.0
86,110,5.0
86,111,3.0
86,112,3.0
86,113,3.0
86,114,1.0
86,115,1.0
86,116,1.0
86,117,6.0
86,118,3.0
86,119,3.0
86,120,6.0
86,121,3.0
86,122,3.0
86,123,3.0
86,124,2.0
86,125,2.0
86,126,3.0
86,127,3.0
86,128,1.0
86,129,3.0
86,130,3.0
86,131,3.0
86,132,3.0
86,133,3.0
86,134,3.0
86,135,3.0
86,136,1.0
86,137,1.0
86,138,1.0
86,139,1.0
86,140,3.0
86,141,4.0
86,142,3.0
86,143,3.0
86,144,3.0
86,145,2.0
86,146,3.0
86,147,1.0
86,148,1.0
86,149,3.0
86,150,2.0
86,151,2.0
86,152,2.0
86,153,3.0
86,154,6.0
86,155,3.0
86,156,4.0
86,157,4.0
86,158,4.0
86,159,2.0
86,160,3.0
86,161,2.0
86,162,3.0
86,163,4.0
86,164,3.0
86,165,1.0
86,166,3.0
86,167,4.0
86,168,2.0
86,169,3.0
86,170,4.0
86,171,1.0
86,172,4.0
86,173,3.0
86,174,1.0
86,175,2.0
86,176,2.0
86,177,3.0
86,178,3.0
86,179,5.0
86,180,3.0
86,181,3.0
86,182,2.0
86,183,3.0
86,184,3.0
86,185,1.0
86,186,3.0
86,187,3.0
86,188,2.0
86,189,2.0
86,190,3.0
86,191,3.0
86,192,3.0
86,193,2.0
86,194,4.0
86,195,2.0
86,196,2.0
86,197,2.0
86,198,2.0
86,199,1.0
86,200,1.0
86,201,1.0
86,202,3.0
86,203,4.0
86,204,2.0
86,205,2.0
86,206,2.0
86,207,3.0
86,208,4.0
86,209,3.0
86,210,4.0
86,211,1.0
86,212,6.0
86,213,3.0
86,214,6.0
86,215,3.0
86,216,2.0
86,217,4.0
86,218,2.0
86,219,3.0
86,220,6.0
86,221,2.0
86,222,3.0
86,223,3.0
86,224,3.0
86,225,3.0
86,226,1.0
86,227,3.0
86,228,2.0
86,229,3.0
86,230,3.0
86,231,3.0
86,232,4.0
86,233,3.0
86,234,3.0
86,235,2.0
86,236,4.0
86,237,4.0
86,238,3.0
86,239,3.0
86,240,1.0
86,241,3.0
86,242,2.0
86,243,6.0
86,244,3.0
86,245,4.0
86,246,3.0
86,247,3.0
86,248,2.0
86,249,3.0
86,250,3.0
86,251,2.0
86,252,2.0
86,253,2.0
86,254,2.0
86,255,2.0
86,256,3.0
86,257,3.0
86,258,5.0
86,259,3.0
86,260,2.0
86,261,3.0
86,262,3.0
86,263,5.0
86,264,1.0
86,265,2.0
86,266,2.0
86,267,3.0
86,268,6.0
86,269,2.0
86,270,4.0
86,271,3.0
86,272,3.0
86,273,3.0
86,274,3.0
86,275,3.0
86,276,3.0
86,277,3.0
86,278,5.0
86,279,2.0
86,280,4.0
86,281,2.0
86,282,3.0
86,283,1.0
86,284,3.0
86,285,2.0
86,286,6.0
86,287,3.0
86,288,2.0
86,289,3.0
86,290,2.0
86,291,2.0
86,292,2.0
86,293,3.0
86,294,4.0
86,295,3.0
86,296,3.0
86,297,3.0
86,298,3.0
86,299,3.0
86,300,4.0
86,301,4.0
86,302,3.0
86,303,2.0
86,304,3.0
86,305,2.0
86,306,2.0
86,307,3.0
86,308,4.0
86,309,5.0
86,310,3.0
86,311,1.0
86,312,3.0
86,313,3.0
86,314,3.0
86,315,3.0
86,316,3.0
86,317,1.0
86,318,3.0
86,319,3.0
86,320,3.0
86,321,3.0
86,322,6.0
86,323,6.0
86,324,3.0
86,325,2.0
86,326,3.0
86,327,3.0
86,328,3.0
86,329,6.0
86,330,3.0
86,331,1.0
86,332,2.0
86,333,3.0
86,334,1.0
86,335,1.0
86,336,2.0
86,337,3.0
86,338,3.0
86,339,3.0
86,340,2.0
86,341,2.0
86,342,2.0
86,343,3.0
86,344,3.0
86,345,3.0
86,346,3.0
86,347,3.0
86,348,3.0
86,349,5.0
86,350,2.0
86,351,3.0
86,352,3.0
86,353,5.0
86,354,3.0
86,355,2.0
86,356,6.0
86,357,4.0
86,358,3.0
86,359,3.0
86,360,6.0
86,361,3.0
86,362,3.0
86,363,4.0
86,364,1.0
86,365,3.0
86,366,3.0
86,367,3.0
86,368,2.0
86,369,2.0
86,370,3.0
86,371,3.0
86,372,2.0
86,373,4.0
86,374,3.0
86,375,3.0
86,376,3.0
86,377,3.0
87,88,2.0
87,89,1.0
87,90,2.0
87,91,2.0
87,92,2.0
87,93,5.0
87,94,2.0
87,95,1.0
87,96,1.0
87,97,2.0
87,98,1.0
87,99,2.0
87,100,0.0
87,101,5.0
87,102,0.0
87,103,4.0
87,104,2.0
87,105,4.0
87,106,4.0
87,107,5.0
87,108,3.0
87,109,3.0
87,110,3.0
87,111,2.0
87,112,2.0
87,113,2.0
87,114,1.0
87,115,1.0
87,116,1.0
87,117,3.0
87,118,2.0
87,119,3.0
87,120,3.0
87,121,2.0
87,122,3.0
87,123,4.0
87,124,1.0
87,125,1.0
87,126,4.0
87,127,4.0
87,128,1.0
87,129,4.0
87,130,4.0
87,131,4.0
87,132,2.0
87,133,2.0
87,134,2.0
87,135,2.0
87,136,1.0
87,137,1.0
87,138,1.0
87,139,1.0
87,140,4.0
87,141,3.0
87,142,2.0
87,143,4.0
87,144,4.0
87,145,3.0
87,146,2.0
87,147,1.0
87,148,1.0
87,149,2.0
87,150,2.0
87,151,2.0
87,152,2.0
87,153,3.0
87,154,3.0
87,155,2.0
87,156,3.0
87,157,2.0
87,158,2.0
87,159,2.0
87,160,4.0
87,161,1.0
87,162,4.0
87,163,2.0
87,164,2.0
87,165,0.0
87,166,3.0
87,167,2.0
87,168,2.0
87,169,5.0
87,170,2.0
87,171,2.0
87,172,2.0
87,173,2.0
87,174,1.0
87,175,1.0
87,176,2.0
87,177,3.0
87,178,3.0
87,179,3.0
87,180,3.0
87,181,3.0
87,182,2.0
87,183,4.0
87,184,4.0
87,185,1.0
87,186,3.0
87,187,3.0
87,188,1.0
87,189,3.0
87,190,2.0
87,191,2.0
87,192,2.0
87,193,2.0
87,194,2.0
87,195,2.0
87,196,2.0
87,197,2.0
87,198,2.0
87,199,0.0
87,200,0.0
87,201,0.0
87,202,4.0
87,203,3.0
87,204,2.0
87,205,2.0
87,206,1.0
87,207,4.0
87,208,2.0
87,209,5.0
87,210,3.0
87,211,2.0
87,212,3.0
87,213,4.0
87,214,3.0
87,215,2.0
87,216,3.0
87,217,4.0
87,218,2.0
87,219,3.0
87,220,3.0
87,221,1.0
87,222,2.0
87,223,3.0
87,224,5.0
87,225,5.0
87,226,1.0
87,227,5.0
87,228,3.0
87,229,3.0
87,230,4.0
87,231,5.0
87,232,3.0
87,233,3.0
87,234,2.0
87,235,4.0
87,236,4.0
87,237,3.0
87,238,2.0
87,239,5.0
87,240,2.0
87,241,4.0
87,242,4.0
87,243,3.0
87,244,5.0
87,245,4.0
87,246,4.0
87,247,4.0
87,248,1.0
87,249,2.0
87,250,4.0
87,251,3.0
87,252,2.0
87,253,3.0
87,254,2.0
87,255,3.0
87,256,3.0
87,257,2.0
87,258,3.0
87,259,3.0
87,260,4.0
87,261,5.0
87,262,2.0
87,263,3.0
87,264,2.0
87,265,2.0
87,266,0.0
87,267,5.0
87,268,3.0
87,269,2.0
87,270,2.0
87,271,3.0
87,272,4.0
87,273,4.0
87,274,3.0
87,275,5.0
87,276,5.0
87,277,5.0
87,278,3.0
87,279,2.0
87,280,3.0
87,281,2.0
87,282,3.0
87,283,1.0
87,284,5.0
87,285,1.0
87,286,3.0
87,287,2.0
87,288,2.0
87,289,5.0
87,290,3.0
87,291,2.0
87,292,4.0
87,293,3.0
87,294,2.0
87,295,4.0
87,296,4.0
87,297,5.0
87,298,4.0
87,299,4.0
87,300,2.0
87,301,3.0
87,302,5.0
87,303,4.0
87,304,4.0
87,305,2.0
87,306,3.0
87,307,5.0
87,308,3.0
87,309,3.0
87,310,5.0
87,311,2.0
87,312,3.0
87,313,5.0
87,314,5.0
87,315,3.0
87,316,2.0
87,317,0.0
87,318,4.0
87,319,2.0
87,320,5.0
87,321,5.0
87,322,3.0
87,323,3.0
87,324,4.0
87,325,2.0
87,326,5.0
87,327,3.0
87,328,5.0
87,329,3.0
87,330,4.0
87,331,1.0
87,332,4.0
87,333,4.0
87,334,1.0
87,335,0.0
87,336,1.0
87,337,5.0
87,338,4.0
87,339,3.0
87,340,2.0
87,341,2.0
87,342,4.0
87,343,5.0
87,344,5.0
87,345,4.0
87,346,2.0
87,347,5.0
87,348,4.0
87,349,3.0
87,350,3.0
87,351,5.0
87,352,5.0
87,353,3.0
87,354,5.0
87,355,1.0
87,356,3.0
87,357,3.0
87,358,5.0
87,359,3.0
87,360,3.0
87,361,5.0
87,362,4.0
87,363,2.0
87,364,1.0
87,365,2.0
87,366,4.0
87,367,5.0
87,368,1.0
87,369,3.0
87,370,4.0
87,371,4.0
87,372,4.0
87,373,2.0
87,374,5.0
87,375,3.0
87,376,2.0
87,377,3.0
88,89,2.0
88,90,4.0
88,91,2.0
88,92,2.0
88,93,2.0
88,94,2.0
88,95,2.0
88,96,1.0
88,97,3.0
88,98,1.0
88,99,2.0
88,100,1.0
88,101,2.0
88,102,1.0
88,103,2.0
88,104,4.0
88,105,2.0
88,106,2.0
88,107,2.0
88,108,4.0
88,109,5.0
88,110,4.0
88,111,3.0
88,112,2.0
88,113,3.0
88,114,1.0
88,115,1.0
88,116,1.0
88,117,5.0
88,118,2.0
88,119,2.0
88,120,5.0
88,121,2.0
88,122,2.0
88,123,2.0
88,124,2.0
88,125,2.0
88,126,2.0
88,127,2.0
88,128,1.0
88,129,2.0
88,130,2.0
88,131,2.0
88,132,2.0
88,133,2.0
88,134,2.0
88,135,2.0
88,136,1.0
88,137,1.0
88,138,1.0
88,139,1.0
88,140,2.0
88,141,3.0
88,142,3.0
88,143,2.0
88,144,2.0
88,145,2.0
88,146,3.0
88,147,1.0
88,148,1.0
88,149,3.0
88,150,2.0
88,151,2.0
88,152,2.0
88,153,3.0
88,154,5.0
88,155,3.0
88,156,3.0
88,157,4.0
88,158,4.0
88,159,2.0
88,160,2.0
88,161,2.0
88,162,2.0
88,163,4.0
88,164,2.0
88,165,1.0
88,166,2.0
88,167,4.0
88,168,2.0
88,169,2.0
88,170,4.0
88,171,1.0
88,172,4.0
88,173,3.0
88,174,1.0
88,175,2.0
88,176,2.0
88,177,2.0
88,178,2.0
88,179,4.0
88,180,2.0
88,181,2.0
88,182,3.0
88,183,2.0
88,184,2.0
88,185,1.0
88,186,2.0
88,187,2.0
88,188,2.0
88,189,2.0
88,190,3.0
88,191,3.0
88,192,3.0
88,193,2.0
88,194,4.0
88,195,2.0
88,196,2.0
88,197,2.0
88,198,2.0
88,199,1.0
88,200,1.0
88,201,1.0
88,202,2.0
88,203,3.0
88,204,2.0
88,205,2.0
88,206,2.0
88,207,2.0
88,208,4.0
88,209,2.0
88,210,4.0
88,211,1.0
88,212,5.0
88,213,2.0
88,214,5.0
88,215,2.0
88,216,2.0
88,217,3.0
88,218,2.0
88,219,2.0
88,220,5.0
88,221,1.0
88,222,2.0
88,223,3.0
88,224,2.0
88,225,2.0
88,226,1.0
88,227,2.0
88,228,2.0
88,229,2.0
88,230,2.0
88,231,2.0
88,232,3.0
88,233,2.0
88,234,2.0
88,235,2.0
88,236,3.0
88,237,3.0
88,238,2.0
88,239,2.0
88,240,1.0
88,241,2.0
88,242,2.0
88,243,5.0
88,244,2.0
88,245,3.0
88,246,2.0
88,247,2.0
88,248,2.0
88,249,3.0
88,250,2.0
88,251,2.0
88,252,2.0
88,253,2.0
88,254,2.0
88,255,2.0
88,256,2.0
88,257,2.0
88,258,4.0
88,259,2.0
88,260,2.0
88,261,2.0
88,262,3.0
88,263,4.0
88,264,1.0
88,265,2.0
88,266,2.0
88,267,2.0
88,268,5.0
88,269,2.0
88,270,4.0
88,271,2.0
88,272,2.0
88,273,2.0
88,274,2.0
88,275,2.0
88,276,2.0
88,277,2.0
88,278,4.0
88,279,2.0
88,280,4.0
88,281,2.0
88,282,3.0
88,283,1.0
88,284,2.0
88,285,2.0
88,286,5.0
88,287,2.0
88,288,2.0
88,289,2.0
88,290,2.0
88,291,3.0
88,292,2.0
88,293,2.0
88,294,4.0
88,295,2.0
88,296,2.0
88,297,2.0
88,298,2.0
88,299,2.0
88,300,4.0
88,301,3.0
88,302,2.0
88,303,2.0
88,304,2.0
88,305,2.0
88,306,2.0
88,307,2.0
88,308,4.0
88,309,4.0
88,310,2.0
88,311,1.0
88,312,2.0
88,313,2.0
88,314,2.0
88,315,2.0
88,316,3.0
88,317,1.0
88,318,2.0
88,319,3.0
88,320,2.0
88,321,2.0
88,322,5.0
88,323,5.0
88,324,2.0
88,325,1.0
88,326,2.0
88,327,2.0
88,328,2.0
88,329,5.0
88,330,2.0
88,331,1.0
88,332,2.0
88,333,2.0
88,334,1.0
88,335,1.0
88,336,2.0
88,337,2.0
88,338,2.0
88,339,3.0
88,340,1.0
88,341,2.0
88,342,2.0
88,343,2.0
88,344,2.0
88,345,2.0
88,346,3.0
88,347,2.0
88,348,2.0
88,349,4.0
88,350,2.0
88,351,2.0
88,352,2.0
88,353,4.0
88,354,2.0
88,355,2.0
88,356,5.0
88,357,4.0
88,358,2.0
88,359,2.0
88,360,5.0
88,361,2.0
88,362,2.0
88,363,3.0
88,364,1.0
88,365,2.0
88,366,2.0
88,367,2.0
88,368,2.0
88,369,2.0
88,370,2.0
88,371,2.0
88,372,2.0
88,373,4.0
88,374,2.0
88,375,2.0
88,376,3.0
88,377,3.0
89,90,2.0
89,91,1.0
89,92,2.0
89,93,1.0
89,94,1.0
89,95,1.0
89,96,1.0
89,97,2.0
89,98,1.0
89,99,2.0
89,100,0.0
89,101,1.0
89,102,0.0
89,103,2.0
89,104,3.0
89,105,1.0
89,106,1.0
89,107,1.0
89,108,1.0
89,109,2.0
89,110,2.0
89,111,3.0
89,112,0.0
89,113,3.0
89,114,1.0
89,115,1.0
89,116,1.0
89,117,2.0
89,118,0.0
89,119,2.0
89,120,2.0
89,121,0.0
89,122,2.0
89,123,1.0
89,124,1.0
89,125,1.0
89,126,1.0
89,127,1.0
89,128,1.0
89,129,1.0
89,130,1.0
89,131,1.0
89,132,2.0
89,133,2.0
89,134,2.0
89,135,2.0
89,136,2.0
89,137,2.0
89,138,2.0
89,139,1.0
89,140,1.0
89,141,1.0
89,142,2.0
89,143,1.0
89,144,1.0
89,145,2.0
89,146,1.0
89,147,1.0
89,148,1.0
89,149,1.0
89,150,2.0
89,151,2.0
89,152,3.0
89,153,2.0
89,154,2.0
89,155,2.0
89,156,1.0
89,157,4.0
89,158,4.0
89,159,3.0
89,160,1.0
89,161,1.0
89,162,1.0
89,163,4.0
89,164,0.0
89,165,2.0
89,166,2.0
89,167,4.0
89,168,0.0
89,169,1.0
89,170,4.0
89,171,2.0
89,172,4.0
89,173,2.0
89,174,1.0
89,175,1.0
89,176,2.0
89,177,1.0
89,178,1.0
89,179,1.0
89,180,1.0
89,181,1.0
89,182,4.0
89,183,1.0
89,184,1.0
89,185,1.0
89,186,1.0
89,187,1.0
89,188,0.0
89,189,3.0
89,190,3.0
89,191,3.0
89,192,3.0
89,193,2.0
89,194,4.0
89,195,3.0
89,196,2.0
89,197,2.0
89,198,2.0
89,199,0.0
89,200,0.0
89,201,0.0
89,202,1.0
89,203,1.0
89,204,3.0
89,205,3.0
89,206,4.0
89,207,1.0
89,208,4.0
89,209,1.0
89,210,2.0
89,211,2.0
89,212,2.0
89,213,1.0
89,214,2.0
89,215,1.0
89,216,2.0
89,217,1.0
89,218,2.0
89,219,2.0
89,220,2.0
89,221,0.0
89,222,0.0
89,223,2.0
89,224,1.0
89,225,1.0
89,226,1.0
89,227,1.0
89,228,1.0
89,229,1.0
89,230,1.0
89,231,1.0
89,232,1.0
89,233,1.0
89,234,1.0
89,235,1.0
89,236,1.0
89,237,2.0
89,238,1.0
89,239,1.0
89,240,2.0
89,241,1.0
89,242,1.0
89,243,2.0
89,244,1.0
89,245,1.0
89,246,1.0
89,247,1.0
89,248,0.0
89,249,2.0
89,250,1.0
89,251,1.0
89,252,2.0
89,253,2.0
89,254,3.0
89,255,3.0
89,256,1.0
89,257,1.0
89,258,2.0
89,259,1.0
89,260,1.0
89,261,1.0
89,262,2.0
89,263,2.0
89,264,2.0
89,265,2.0
89,266,1.0
89,267,1.0
89,268,2.0
89,269,3.0
89,270,4.0
89,271,1.0
89,272,1.0
89,273,1.0
89,274,2.0
89,275,1.0
89,276,1.0
89,277,1.0
89,278,2.0
89,279,1.0
89,280,2.0
89,281,2.0
89,282,2.0
89,283,1.0
89,284,1.0
89,285,1.0
89,286,2.0
89,287,0.0
89,288,1.0
89,289,1.0
89,290,1.0
89,291,3.0
89,292,1.0
89,293,1.0
89,294,4.0
89,295,1.0
89,296,1.0
89,297,1.0
89,298,1.0
89,299,1.0
89,300,2.0
89,301,1.0
89,302,1.0
89,303,1.0
89,304,2.0
89,305,2.0
89,306,1.0
89,307,1.0
89,308,2.0
89,309,2.0
89,310,1.0
89,311,2.0
89,312,1.0
89,313,1.0
89,314,1.0
89,315,2.0
89,316,2.0
89,317,1.0
89,318,1.0
89,319,2.0
89,320,1.0
89,321,1.0
89,322,2.0
89,323,2.0
89,324,1.0
89,325,1.0
89,326,1.0
89,327,1.0
89,328,1.0
89,329,2.0
89,330,1.0
89,331,1.0
89,332,1.0
89,333,2.0
89,334,1.0
89,335,0.0
89,336,1.0
89,337,1.0
89,338,1.0
89,339,1.0
89,340,1.0
89,341,2.0
89,342,1.0
89,343,1.0
89,344,1.0
89,345,1.0
89,346,2.0
89,347,1.0
89,348,1.0
89,349,2.0
89,350,2.0
89,351,1.0
89,352,1.0
89,353,1.0
89,354,1.0
89,355,0.0
89,356,2.0
89,357,2.0
89,358,1.0
89,359,2.0
89,360,2.0
89,361,1.0
89,362,1.0
89,363,1.0
89,364,1.0
89,365,0.0
89,366,1.0
89,367,1.0
89,368,1.0
89,369,3.0
89,370,1.0
89,371,1.0
89,372,1.0
89,373,4.0
89,374,1.0
89,375,1.0
89,376,2.0
89,377,2.0
90,91,2.0
90,92,2.0
90,93,2.0
90,94,3.0
90,95,1.0
90,96,2.0
90,97,3.0
90,98,2.0
90,99,2.0
90,100,2.0
90,101,2.0
90,102,2.0
90,103,2.0
90,104,4.0
90,105,2.0
90,106,2.0
90,107,2.0
90,108,3.0
90,109,4.0
90,110,4.0
90,111,3.0
90,112,2.0
90,113,3.0
90,114,2.0
90,115,2.0
90,116,2.0
90,117,4.0
90,118,2.0
90,119,2.0
90,120,4.0
90,121,2.0
90,122,2.0
90,123,2.0
90,124,3.0
90,125,3.0
90,126,1.0
90,127,1.0
90,128,2.0
90,129,1.0
90,130,1.0
90,131,1.0
90,132,2.0
90,133,2.0
90,134,2.0
90,135,2.0
90,136,2.0
90,137,2.0
90,138,2.0
90,139,2.0
90,140,2.0
90,141,2.0
90,142,3.0
90,143,2.0
90,144,2.0
90,145,2.0
90,146,2.0
90,147,2.0
90,148,2.0
90,149,2.0
90,150,3.0
90,151,3.0
90,152,2.0
90,153,3.0
90,154,4.0
90,155,3.0
90,156,3.0
90,157,3.0
90,158,3.0
90,159,2.0
90,160,2.0
90,161,3.0
90,162,1.0
90,163,3.0
90,164,1.0
90,165,2.0
90,166,1.0
90,167,3.0
90,168,2.0
90,169,2.0
90,170,3.0
90,171,1.0
90,172,3.0
90,173,3.0
90,174,2.0
90,175,3.0
90,176,2.0
90,177,2.0
90,178,2.0
90,179,3.0
90,180,2.0
90,181,2.0
90,182,2.0
90,183,2.0
90,184,2.0
90,185,2.0
90,186,2.0
90,187,2.0
90,188,1.0
90,189,2.0
90,190,2.0
90,191,2.0
90,192,2.0
90,193,2.0
90,194,3.0
90,195,2.0
90,196,2.0
90,197,2.0
90,198,2.0
90,199,2.0
90,200,2.0
90,201,2.0
90,202,2.0
90,203,3.0
90,204,2.0
90,205,2.0
90,206,2.0
90,207,2.0
90,208,3.0
90,209,2.0
90,210,4.0
90,211,1.0
90,212,4.0
90,213,2.0
90,214,4.0
90,215,2.0
90,216,2.0
90,217,2.0
90,218,2.0
90,219,1.0
90,220,4.0
90,221,1.0
90,222,2.0
90,223,3.0
90,224,2.0
90,225,2.0
90,226,2.0
90,227,2.0
90,228,2.0
90,229,2.0
90,230,2.0
90,231,2.0
90,232,3.0
90,233,2.0
90,234,2.0
90,235,2.0
90,236,3.0
90,237,3.0
90,238,2.0
90,239,2.0
90,240,1.0
90,241,2.0
90,242,2.0
90,243,4.0
90,244,2.0
90,245,3.0
90,246,2.0
90,247,1.0
90,248,1.0
90,249,3.0
90,250,2.0
90,251,2.0
90,252,2.0
90,253,1.0
90,254,2.0
90,255,2.0
90,256,2.0
90,257,2.0
90,258,3.0
90,259,2.0
90,260,2.0
90,261,2.0
90,262,3.0
90,263,3.0
90,264,1.0
90,265,2.0
90,266,2.0
90,267,2.0
90,268,4.0
90,269,2.0
90,270,3.0
90,271,2.0
90,272,1.0
90,273,2.0
90,274,2.0
90,275,2.0
90,276,2.0
90,277,2.0
90,278,3.0
90,279,2.0
90,280,4.0
90,281,2.0
90,282,3.0
90,283,2.0
90,284,2.0
90,285,2.0
90,286,4.0
90,287,2.0
90,288,2.0
90,289,2.0
90,290,2.0
90,291,2.0
90,292,2.0
90,293,2.0
90,294,3.0
90,295,2.0
90,296,2.0
90,297,2.0
90,298,2.0
90,299,2.0
90,300,4.0
90,301,3.0
90,302,2.0
90,303,2.0
90,304,2.0
90,305,2.0
90,306,2.0
90,307,2.0
90,308,3.0
90,309,3.0
90,310,2.0
90,311,1.0
90,312,2.0
90,313,2.0
90,314,2.0
90,315,2.0
90,316,3.0
90,317,2.0
90,318,2.0
90,319,3.0
90,320,2.0
90,321,2.0
90,322,4.0
90,323,4.0
90,324,1.0
90,325,2.0
90,326,2.0
90,327,2.0
90,328,2.0
90,329,4.0
90,330,2.0
90,331,2.0
90,332,2.0
90,333,2.0
90,334,2.0
90,335,2.0
90,336,3.0
90,337,2.0
90,338,2.0
90,339,3.0
90,340,1.0
90,341,2.0
90,342,2.0
90,343,2.0
90,344,2.0
90,345,2.0
90,346,3.0
90,347,2.0
90,348,2.0
90,349,3.0
90,350,2.0
90,351,2.0
90,352,2.0
90,353,3.0
90,354,2.0
90,355,1.0
90,356,4.0
90,357,3.0
90,358,2.0
90,359,2.0
90,360,4.0
90,361,2.0
90,362,2.0
90,363,3.0
90,364,2.0
90,365,2.0
90,366,1.0
90,367,2.0
90,368,2.0
90,369,2.0
90,370,2.0
90,371,2.0
90,372,2.0
90,373,3.0
90,374,2.0
90,375,2.0
90,376,3.0
90,377,3.0
91,92,3.0
91,93,2.0
91,94,2.0
91,95,1.0
91,96,3.0
91,97,2.0
91,98,3.0
91,99,3.0
91,100,1.0
91,101,2.0
91,102,1.0
91,103,2.0
91,104,2.0
91,105,2.0
91,106,2.0
91,107,2.0
91,108,2.0
91,109,2.0
91,110,2.0
91,111,2.0
91,112,2.0
91,113,2.0
91,114,2.0
91,115,2.0
91,116,2.0
91,117,2.0
91,118,3.0
91,119,2.0
91,120,2.0
91,121,3.0
91,122,2.0
91,123,4.0
91,124,3.0
91,125,3.0
91,126,1.0
91,127,1.0
91,128,2.0
91,129,1.0
91,130,1.0
91,131,1.0
91,132,2.0
91,133,2.0
91,134,2.0
91,135,2.0
91,136,3.0
91,137,3.0
91,138,3.0
91,139,2.0
91,140,2.0
91,141,2.0
91,142,2.0
91,143,2.0
91,144,2.0
91,145,3.0
91,146,2.0
91,147,3.0
91,148,3.0
91,149,2.0
91,150,2.0
91,151,2.0
91,152,3.0
91,153,3.0
91,154,2.0
91,155,2.0
91,156,2.0
91,157,2.0
91,158,2.0
91,159,3.0
91,160,2.0
91,161,3.0
91,162,2.0
91,163,2.0
91,164,2.0
91,165,2.0
91,166,1.0
91,167,2.0
91,168,1.0
91,169,2.0
91,170,2.0
91,171,2.0
91,172,2.0
91,173,2.0
91,174,2.0
91,175,3.0
91,176,3.0
91,177,2.0
91,178,2.0
91,179,2.0
91,180,2.0
91,181,2.0
91,182,1.0
91,183,2.0
91,184,2.0
91,185,2.0
91,186,2.0
91,187,2.0
91,188,1.0
91,189,3.0
91,190,1.0
91,191,1.0
91,192,1.0
91,193,2.0
91,194,2.0
91,195,3.0
91,196,2.0
91,197,2.0
91,198,2.0
91,199,1.0
91,200,1.0
91,201,1.0
91,202,2.0
91,203,2.0
91,204,3.0
91,205,3.0
91,206,3.0
91,207,2.0
91,208,2.0
91,209,2.0
91,210,2.0
91,211,2.0
91,212,2.0
91,213,2.0
91,214,2.0
91,215,2.0
91,216,3.0
91,217,2.0
91,218,3.0
91,219,1.0
91,220,2.0
91,221,2.0
91,222,3.0
91,223,2.0
91,224,2.0
91,225,2.0
91,226,2.0
91,227,2.0
91,228,2.0
91,229,2.0
91,230,2.0
91,231,2.0
91,232,2.0
91,233,2.0
91,234,1.0
91,235,2.0
91,236,2.0
91,237,2.0
91,238,1.0
91,239,2.0
91,240,2.0
91,241,2.0
91,242,3.0
91,243,2.0
91,244,2.0
91,245,2.0
91,246,2.0
91,247,1.0
91,248,1.0
91,249,2.0
91,250,2.0
91,251,2.0
91,252,3.0
91,253,2.0
91,254,3.0
91,255,3.0
91,256,3.0
91,257,2.0
91,258,2.0
91,259,2.0
91,260,3.0
91,261,2.0
91,262,2.0
91,263,2.0
91,264,2.0
91,265,3.0
91,266,1.0
91,267,2.0
91,268,2.0
91,269,2.0
91,270,2.0
91,271,2.0
91,272,1.0
91,273,2.0
91,274,2.0
91,275,2.0
91,276,2.0
91,277,2.0
91,278,2.0
91,279,3.0
91,280,2.0
91,281,3.0
91,282,2.0
91,283,3.0
91,284,2.0
91,285,3.0
91,286,2.0
91,287,2.0
91,288,5.0
91,289,2.0
91,290,5.0
91,291,2.0
91,292,3.0
91,293,2.0
91,294,2.0
91,295,2.0
91,296,2.0
91,297,2.0
91,298,2.0
91,299,2.0
91,300,2.0
91,301,2.0
91,302,2.0
91,303,3.0
91,304,2.0
91,305,3.0
91,306,2.0
91,307,2.0
91,308,2.0
91,309,2.0
91,310,2.0
91,311,2.0
91,312,2.0
91,313,2.0
91,314,2.0
91,315,2.0
91,316,2.0
91,317,1.0
91,318,2.0
91,319,2.0
91,320,2.0
91,321,2.0
91,322,2.0
91,323,2.0
91,324,1.0
91,325,2.0
91,326,2.0
91,327,2.0
91,328,2.0
91,329,2.0
91,330,2.0
91,331,2.0
91,332,2.0
91,333,2.0
91,334,2.0
91,335,2.0
91,336,3.0
91,337,2.0
91,338,2.0
91,339,3.0
91,340,2.0
91,341,3.0
91,342,3.0
91,343,2.0
91,344,2.0
91,345,2.0
91,346,2.0
91,347,2.0
91,348,2.0
91,349,2.0
91,350,2.0
91,351,2.0
91,352,2.0
91,353,2.0
91,354,2.0
91,355,1.0
91,356,2.0
91,357,2.0
91,358,2.0
91,359,2.0
91,360,2.0
91,361,2.0
91,362,2.0
91,363,3.0
91,364,3.0
91,365,2.0
91,366,1.0
91,367,2.0
91,368,0.0
91,369,3.0
91,370,2.0
91,371,2.0
91,372,3.0
91,373,2.0
91,374,2.0
91,375,2.0
91,376,2.0
91,377,2.0
92,93,2.0
92,94,2.0
92,95,0.0
92,96,2.0
92,97,2.0
92,98,2.0
92,99,3.0
92,100,0.0
92,101,2.0
92,102,0.0
92,103,2.0
92,104,2.0
92,105,1.0
92,106,1.0
92,107,2.0
92,108,2.0
92,109,2.0
92,110,2.0
92,111,2.0
92,112,1.0
92,113,2.0
92,114,1.0
92,115,1.0
92,116,1.0
92,117,2.0
92,118,1.0
92,119,2.0
92,120,2.0
92,121,1.0
92,122,2.0
92,123,2.0
92,124,1.0
92,125,1.0
92,126,1.0
92,127,1.0
92,128,1.0
92,129,1.0
92,130,1.0
92,131,1.0
92,132,2.0
92,133,2.0
92,134,2.0
92,135,2.0
92,136,3.0
92,137,3.0
92,138,3.0
92,139,1.0
92,140,2.0
92,141,1.0
92,142,2.0
92,143,1.0
92,144,1.0
92,145,3.0
92,146,1.0
92,147,3.0
92,148,3.0
92,149,1.0
92,150,1.0
92,151,1.0
92,152,2.0
92,153,3.0
92,154,2.0
92,155,2.0
92,156,1.0
92,157,2.0
92,158,2.0
92,159,2.0
92,160,2.0
92,161,1.0
92,162,1.0
92,163,2.0
92,164,1.0
92,165,2.0
92,166,2.0
92,167,2.0
92,168,1.0
92,169,2.0
92,170,2.0
92,171,2.0
92,172,2.0
92,173,2.0
92,174,1.0
92,175,1.0
92,176,2.0
92,177,1.0
92,178,1.0
92,179,2.0
92,180,1.0
92,181,1.0
92,182,1.0
92,183,2.0
92,184,2.0
92,185,1.0
92,186,2.0
92,187,2.0
92,188,0.0
92,189,2.0
92,190,1.0
92,191,1.0
92,192,1.0
92,193,1.0
92,194,2.0
92,195,4.0
92,196,1.0
92,197,1.0
92,198,1.0
92,199,0.0
92,200,0.0
92,201,0.0
92,202,2.0
92,203,2.0
92,204,4.0
92,205,4.0
92,206,3.0
92,207,2.0
92,208,2.0
92,209,2.0
92,210,2.0
92,211,2.0
92,212,2.0
92,213,1.0
92,214,2.0
92,215,1.0
92,216,2.0
92,217,2.0
92,218,2.0
92,219,2.0
92,220,2.0
92,221,1.0
92,222,1.0
92,223,2.0
92,224,2.0
92,225,2.0
92,226,1.0
92,227,2.0
92,228,2.0
92,229,1.0
92,230,2.0
92,231,2.0
92,232,2.0
92,233,1.0
92,234,1.0
92,235,2.0
92,236,2.0
92,237,2.0
92,238,1.0
92,239,2.0
92,240,2.0
92,241,1.0
92,242,3.0
92,243,2.0
92,244,2.0
92,245,2.0
92,246,2.0
92,247,1.0
92,248,0.0
92,249,2.0
92,250,2.0
92,251,2.0
92,252,3.0
92,253,3.0
92,254,3.0
92,255,2.0
92,256,3.0
92,257,1.0
92,258,1.0
92,259,1.0
92,260,3.0
92,261,2.0
92,262,2.0
92,263,1.0
92,264,2.0
92,265,2.0
92,266,0.0
92,267,2.0
92,268,2.0
92,269,3.0
92,270,2.0
92,271,1.0
92,272,1.0
92,273,2.0
92,274,2.0
92,275,2.0
92,276,2.0
92,277,2.0
92,278,1.0
92,279,3.0
92,280,2.0
92,281,2.0
92,282,2.0
92,283,3.0
92,284,2.0
92,285,1.0
92,286,2.0
92,287,1.0
92,288,2.0
92,289,2.0
92,290,2.0
92,291,2.0
92,292,3.0
92,293,1.0
92,294,2.0
92,295,1.0
92,296,2.0
92,297,2.0
92,298,2.0
92,299,2.0
92,300,2.0
92,301,2.0
92,302,2.0
92,303,3.0
92,304,2.0
92,305,2.0
92,306,2.0
92,307,2.0
92,308,1.0
92,309,1.0
92,310,2.0
92,311,2.0
92,312,1.0
92,313,2.0
92,314,2.0
92,315,2.0
92,316,2.0
92,317,1.0
92,318,2.0
92,319,2.0
92,320,2.0
92,321,2.0
92,322,2.0
92,323,2.0
92,324,1.0
92,325,2.0
92,326,2.0
92,327,1.0
92,328,2.0
92,329,2.0
92,330,1.0
92,331,1.0
92,332,2.0
92,333,2.0
92,334,1.0
92,335,0.0
92,336,1.0
92,337,2.0
92,338,2.0
92,339,2.0
92,340,2.0
92,341,2.0
92,342,3.0
92,343,2.0
92,344,2.0
92,345,2.0
92,346,2.0
92,347,2.0
92,348,2.0
92,349,1.0
92,350,3.0
92,351,2.0
92,352,2.0
92,353,2.0
92,354,2.0
92,355,0.0
92,356,2.0
92,357,1.0
92,358,2.0
92,359,2.0
92,360,2.0
92,361,2.0
92,362,1.0
92,363,1.0
92,364,3.0
92,365,1.0
92,366,1.0
92,367,2.0
92,368,0.0
92,369,2.0
92,370,2.0
92,371,1.0
92,372,3.0
92,373,2.0
92,374,2.0
92,375,1.0
92,376,2.0
92,377,2.0
93,94,2.0
93,95,1.0
93,96,1.0
93,97,2.0
93,98,1.0
93,99,2.0
93,100,0.0
93,101,5.0
93,102,0.0
93,103,4.0
93,104,2.0
93,105,4.0
93,106,4.0
93,107,5.0
93,108,3.0
93,109,3.0
93,110,3.0
93,111,2.0
93,112,2.0
93,113,2.0
93,114,1.0
93,115,1.0
93,116,1.0
93,117,3.0
93,118,2.0
93,119,3.0
93,120,3.0
93,121,2.0
93,122,3.0
93,123,4.0
93,124,1.0
93,125,1.0
93,126,4.0
93,127,4.0
93,128,1.0
93,129,4.0
93,130,4.0
93,131,4.0
93,132,2.0
93,133,2.0
93,134,2.0
93,135,2.0
93,136,1.0
93,137,1.0
93,138,1.0
93,139,1.0
93,140,4.0
93,141,3.0
93,142,2.0
93,143,4.0
93,144,4.0
93,145,3.0
93,146,2.0
93,147,1.0
93,148,1.0
93,149,2.0
93,150,2.0
93,151,2.0
93,152,2.0
93,153,3.0
93,154,3.0
93,155,2.0
93,156,3.0
93,157,2.0
93,158,2.0
93,159,2.0
93,160,4.0
93,161,1.0
93,162,4.0
93,163,2.0
93,164,2.0
93,165,0.0
93,166,3.0
93,167,2.0
93,168,2.0
93,169,5.0
93,170,2.0
93,171,2.0
93,172,2.0
93,173,2.0
93,174,1.0
93,175,1.0
93,176,2.0
93,177,3.0
93,178,3.0
93,179,3.0
93,180,3.0
93,181,3.0
93,182,2.0
93,183,4.0
93,184,4.0
93,185,1.0
93,186,3.0
93,187,3.0
93,188,1.0
93,189,3.0
93,190,2.0
93,191,2.0
93,192,2.0
93,193,2.0
93,194,2.0
93,195,2.0
93,196,2.0
93,197,2.0
93,198,2.0
93,199,0.0
93,200,0.0
93,201,0.0
93,202,4.0
93,203,3.0
93,204,2.0
93,205,2.0
93,206,1.0
93,207,4.0
93,208,2.0
93,209,5.0
93,210,3.0
93,211,2.0
93,212,3.0
93,213,4.0
93,214,3.0
93,215,2.0
93,216,3.0
93,217,4.0
93,218,2.0
93,219,3.0
93,220,3.0
93,221,1.0
93,222,2.0
93,223,3.0
93,224,5.0
93,225,5.0
93,226,1.0
93,227,5.0
93,228,3.0
93,229,3.0
93,230,4.0
93,231,5.0
93,232,3.0
93,233,3.0
93,234,2.0
93,235,4.0
93,236,4.0
93,237,3.0
93,238,2.0
93,239,5.0
93,240,2.0
93,241,4.0
93,242,4.0
93,243,3.0
93,244,5.0
93,245,4.0
93,246,4.0
93,247,4.0
93,248,1.0
93,249,2.0
93,250,4.0
93,251,3.0
93,252,2.0
93,253,3.0
93,254,2.0
93,255,3.0
93,256,3.0
93,257,2.0
93,258,3.0
93,259,3.0
93,260,4.0
93,261,5.0
93,262,2.0
93,263,3.0
93,264,2.0
93,265,2.0
93,266,0.0
93,267,5.0
93,268,3.0
93,269,2.0
93,270,2.0
93,271,3.0
93,272,4.0
93,273,4.0
93,274,3.0
93,275,5.0
93,276,5.0
93,277,5.0
93,278,3.0
93,279,2.0
93,280,3.0
93,281,2.0
93,282,3.0
93,283,1.0
93,284,5.0
93,285,1.0
93,286,3.0
93,287,2.0
93,288,2.0
93,289,5.0
93,290,3.0
93,291,2.0
93,292,4.0
93,293,3.0
93,294,2.0
93,295,4.0
93,296,4.0
93,297,5.0
93,298,4.0
93,299,4.0
93,300,2.0
93,301,3.0
93,302,5.0
93,303,4.0
93,304,4.0
93,305,2.0
93,306,3.0
93,307,5.0
93,308,3.0
93,309,3.0
93,310,5.0
93,311,2.0
93,312,3.0
93,313,5.0
93,314,5.0
93,315,3.0
93,316,2.0
93,317,0.0
93,318,4.0
93,319,2.0
93,320,5.0
93,321,5.0
93,322,3.0
93,323,3.0
93,324,4.0
93,325,2.0
93,326,5.0
93,327,3.0
93,328,5.0
93,329,3.0
93,330,4.0
93,331,1.0
93,332,4.0
93,333,4.0
93,334,1.0
93,335,0.0
93,336,1.0
93,337,5.0
93,338,4.0
93,339,3.0
93,340,2.0
93,341,2.0
93,342,4.0
93,343,5.0
93,344,5.0
93,345,4.0
93,346,2.0
93,347,5.0
93,348,4.0
93,349,3.0
93,350,3.0
93,351,5.0
93,352,5.0
93,353,3.0
93,354,5.0
93,355,1.0
93,356,3.0
93,357,3.0
93,358,5.0
93,359,3.0
93,360,3.0
93,361,5.0
93,362,4.0
93,363,2.0
93,364,1.0
93,365,2.0
93,366,4.0
93,367,5.0
93,368,1.0
93,369,3.0
93,370,4.0
93,371,4.0
93,372,4.0
93,373,2.0
93,374,5.0
93,375,3.0
93,376,2.0
93,377,3.0
94,95,0.0
94,96,1.0
94,97,2.0
94,98,1.0
94,99,2.0
94,100,0.0
94,101,2.0
94,102,0.0
94,103,2.0
94,104,2.0
94,105,1.0
94,106,1.0
94,107,2.0
94,108,2.0
94,109,2.0
94,110,2.0
94,111,3.0
94,112,1.0
94,113,3.0
94,114,1.0
94,115,1.0
94,116,1.0
94,117,2.0
94,118,1.0
94,119,3.0
94,120,2.0
94,121,1.0
94,122,3.0
94,123,2.0
94,124,1.0
94,125,1.0
94,126,1.0
94,127,1.0
94,128,1.0
94,129,1.0
94,130,1.0
94,131,1.0
94,132,1.0
94,133,1.0
94,134,1.0
94,135,1.0
94,136,1.0
94,137,1.0
94,138,1.0
94,139,1.0
94,140,2.0
94,141,1.0
94,142,2.0
94,143,1.0
94,144,1.0
94,145,2.0
94,146,1.0
94,147,1.0
94,148,1.0
94,149,1.0
94,150,1.0
94,151,1.0
94,152,2.0
94,153,2.0
94,154,2.0
94,155,2.0
94,156,2.0
94,157,2.0
94,158,2.0
94,159,2.0
94,160,2.0
94,161,1.0
94,162,1.0
94,163,2.0
94,164,1.0
94,165,0.0
94,166,1.0
94,167,2.0
94,168,2.0
94,169,2.0
94,170,2.0
94,171,1.0
94,172,2.0
94,173,2.0
94,174,1.0
94,175,1.0
94,176,2.0
94,177,1.0
94,178,1.0
94,179,2.0
94,180,1.0
94,181,1.0
94,182,1.0
94,183,2.0
94,184,2.0
94,185,1.0
94,186,2.0
94,187,2.0
94,188,0.0
94,189,2.0
94,190,1.0
94,191,1.0
94,192,1.0
94,193,1.0
94,194,2.0
94,195,2.0
94,196,1.0
94,197,1.0
94,198,1.0
94,199,0.0
94,200,0.0
94,201,0.0
94,202,2.0
94,203,2.0
94,204,2.0
94,205,2.0
94,206,1.0
94,207,3.0
94,208,2.0
94,209,2.0
94,210,2.0
94,211,1.0
94,212,2.0
94,213,1.0
94,214,2.0
94,215,1.0
94,216,2.0
94,217,2.0
94,218,2.0
94,219,1.0
94,220,2.0
94,221,1.0
94,222,1.0
94,223,2.0
94,224,2.0
94,225,2.0
94,226,1.0
94,227,2.0
94,228,2.0
94,229,1.0
94,230,2.0
94,231,2.0
94,232,2.0
94,233,1.0
94,234,1.0
94,235,2.0
94,236,2.0
94,237,2.0
94,238,1.0
94,239,2.0
94,240,1.0
94,241,1.0
94,242,2.0
94,243,2.0
94,244,2.0
94,245,2.0
94,246,2.0
94,247,1.0
94,248,0.0
94,249,2.0
94,250,2.0
94,251,2.0
94,252,2.0
94,253,1.0
94,254,2.0
94,255,2.0
94,256,2.0
94,257,1.0
94,258,1.0
94,259,1.0
94,260,2.0
94,261,2.0
94,262,2.0
94,263,1.0
94,264,1.0
94,265,2.0
94,266,0.0
94,267,2.0
94,268,2.0
94,269,2.0
94,270,2.0
94,271,1.0
94,272,1.0
94,273,2.0
94,274,3.0
94,275,2.0
94,276,2.0
94,277,2.0
94,278,1.0
94,279,2.0
94,280,2.0
94,281,2.0
94,282,2.0
94,283,1.0
94,284,2.0
94,285,1.0
94,286,2.0
94,287,1.0
94,288,2.0
94,289,2.0
94,290,2.0
94,291,2.0
94,292,2.0
94,293,1.0
94,294,2.0
94,295,1.0
94,296,2.0
94,297,2.0
94,298,2.0
94,299,2.0
94,300,2.0
94,301,2.0
94,302,2.0
94,303,2.0
94,304,2.0
94,305,2.0
94,306,4.0
94,307,2.0
94,308,1.0
94,309,1.0
94,310,2.0
94,311,1.0
94,312,1.0
94,313,2.0
94,314,2.0
94,315,3.0
94,316,2.0
94,317,0.0
94,318,3.0
94,319,2.0
94,320,2.0
94,321,2.0
94,322,2.0
94,323,2.0
94,324,1.0
94,325,1.0
94,326,2.0
94,327,1.0
94,328,2.0
94,329,2.0
94,330,1.0
94,331,1.0
94,332,2.0
94,333,2.0
94,334,1.0
94,335,0.0
94,336,1.0
94,337,2.0
94,338,2.0
94,339,2.0
94,340,1.0
94,341,2.0
94,342,2.0
94,343,2.0
94,344,2.0
94,345,2.0
94,346,2.0
94,347,2.0
94,348,2.0
94,349,1.0
94,350,2.0
94,351,2.0
94,352,2.0
94,353,2.0
94,354,2.0
94,355,0.0
94,356,2.0
94,357,1.0
94,358,2.0
94,359,3.0
94,360,2.0
94,361,2.0
94,362,1.0
94,363,1.0
94,364,1.0
94,365,1.0
94,366,1.0
94,367,2.0
94,368,1.0
94,369,2.0
94,370,2.0
94,371,1.0
94,372,2.0
94,373,2.0
94,374,2.0
94,375,1.0
94,376,2.0
94,377,2.0
95,96,0.0
95,97,1.0
95,98,0.0
95,99,2.0
95,100,1.0
95,101,1.0
95,102,1.0
95,103,1.0
95,104,2.0
95,105,1.0
95,106,1.0
95,107,1.0
95,108,3.0
95,109,2.0
95,110,1.0
95,111,1.0
95,112,3.0
95,113,1.0
95,114,0.0
95,115,0.0
95,116,0.0
95,117,2.0
95,118,2.0
95,119,1.0
95,120,2.0
95,121,2.0
95,122,1.0
95,123,1.0
95,124,2.0
95,125,2.0
95,126,1.0
95,127,1.0
95,128,0.0
95,129,1.0
95,130,1.0
95,131,1.0
95,132,1.0
95,133,1.0
95,134,1.0
95,135,1.0
95,136,0.0
95,137,0.0
95,138,0.0
95,139,0.0
95,140,0.0
95,141,3.0
95,142,1.0
95,143,1.0
95,144,1.0
95,145,2.0
95,146,4.0
95,147,0.0
95,148,0.0
95,149,4.0
95,150,2.0
95,151,2.0
95,152,1.0
95,153,1.0
95,154,2.0
95,155,1.0
95,156,2.0
95,157,2.0
95,158,2.0
95,159,1.0
95,160,2.0
95,161,2.0
95,162,1.0
95,163,2.0
95,164,4.0
95,165,1.0
95,166,1.0
95,167,2.0
95,168,2.0
95,169,1.0
95,170,2.0
95,171,1.0
95,172,2.0
95,173,1.0
95,174,0.0
95,175,2.0
95,176,1.0
95,177,3.0
95,178,3.0
95,179,2.0
95,180,3.0
95,181,3.0
95,182,1.0
95,183,1.0
95,184,1.0
95,185,0.0
95,186,0.0
95,187,0.0
95,188,4.0
95,189,1.0
95,190,2.0
95,191,2.0
95,192,2.0
95,193,3.0
95,194,2.0
95,195,2.0
95,196,2.0
95,197,2.0
95,198,2.0
95,199,1.0
95,200,1.0
95,201,1.0
95,202,0.0
95,203,1.0
95,204,2.0
95,205,2.0
95,206,2.0
95,207,1.0
95,208,2.0
95,209,1.0
95,210,1.0
95,211,1.0
95,212,2.0
95,213,1.0
95,214,2.0
95,215,1.0
95,216,1.0
95,217,1.0
95,218,1.0
95,219,1.0
95,220,2.0
95,221,1.0
95,222,2.0
95,223,3.0
95,224,1.0
95,225,1.0
95,226,0.0
95,227,1.0
95,228,1.0
95,229,2.0
95,230,1.0
95,231,1.0
95,232,1.0
95,233,3.0
95,234,1.0
95,235,1.0
95,236,1.0
95,237,1.0
95,238,1.0
95,239,1.0
95,240,1.0
95,241,1.0
95,242,1.0
95,243,2.0
95,244,1.0
95,245,1.0
95,246,1.0
95,247,1.0
95,248,4.0
95,249,1.0
95,250,0.0
95,251,1.0
95,252,2.0
95,253,1.0
95,254,1.0
95,255,1.0
95,256,0.0
95,257,1.0
95,258,2.0
95,259,2.0
95,260,1.0
95,261,1.0
95,262,1.0
95,263,2.0
95,264,1.0
95,265,1.0
95,266,3.0
95,267,1.0
95,268,2.0
95,269,0.0
95,270,2.0
95,271,2.0
95,272,1.0
95,273,2.0
95,274,1.0
95,275,1.0
95,276,1.0
95,277,1.0
95,278,2.0
95,279,0.0
95,280,1.0
95,281,1.0
95,282,2.0
95,283,0.0
95,284,1.0
95,285,1.0
95,286,2.0
95,287,2.0
95,288,1.0
95,289,1.0
95,290,1.0
95,291,1.0
95,292,1.0
95,293,3.0
95,294,2.0
95,295,1.0
95,296,0.0
95,297,1.0
95,298,1.0
95,299,1.0
95,300,2.0
95,301,1.0
95,302,1.0
95,303,1.0
95,304,1.0
95,305,1.0
95,306,0.0
95,307,1.0
95,308,2.0
95,309,2.0
95,310,1.0
95,311,1.0
95,312,2.0
95,313,1.0
95,314,1.0
95,315,1.0
95,316,1.0
95,317,3.0
95,318,1.0
95,319,1.0
95,320,1.0
95,321,1.0
95,322,2.0
95,323,2.0
95,324,1.0
95,325,0.0
95,326,1.0
95,327,2.0
95,328,1.0
95,329,2.0
95,330,1.0
95,331,0.0
95,332,1.0
95,333,1.0
95,334,0.0
95,335,1.0
95,336,2.0
95,337,1.0
95,338,0.0
95,339,2.0
95,340,0.0
95,341,1.0
95,342,1.0
95,343,1.0
95,344,1.0
95,345,0.0
95,346,1.0
95,347,1.0
95,348,0.0
95,349,2.0
95,350,1.0
95,351,1.0
95,352,1.0
95,353,2.0
95,354,1.0
95,355,4.0
95,356,2.0
95,357,2.0
95,358,1.0
95,359,1.0
95,360,2.0
95,361,1.0
95,362,1.0
95,363,2.0
95,364,0.0
95,365,2.0
95,366,1.0
95,367,1.0
95,368,2.0
95,369,1.0
95,370,1.0
95,371,1.0
95,372,1.0
95,373,2.0
95,374,1.0
95,375,3.0
95,376,1.0
95,377,2.0
96,97,1.0
96,98,6.0
96,99,2.0
96,100,4.0
96,101,1.0
96,102,4.0
96,103,1.0
96,104,2.0
96,105,2.0
96,106,2.0
96,107,1.0
96,108,1.0
96,109,1.0
96,110,1.0
96,111,1.0
96,112,1.0
96,113,1.0
96,114,4.0
96,115,4.0
96,116,4.0
96,117,1.0
96,118,1.0
96,119,1.0
96,120,1.0
96,121,1.0
96,122,1.0
96,123,2.0
96,124,2.0
96,125,2.0
96,126,1.0
96,127,1.0
96,128,4.0
96,129,1.0
96,130,1.0
96,131,1.0
96,132,2.0
96,133,2.0
96,134,2.0
96,135,2.0
96,136,3.0
96,137,3.0
96,138,3.0
96,139,4.0
96,140,1.0
96,141,1.0
96,142,1.0
96,143,2.0
96,144,2.0
96,145,2.0
96,146,1.0
96,147,5.0
96,148,5.0
96,149,1.0
96,150,2.0
96,151,2.0
96,152,2.0
96,153,2.0
96,154,1.0
96,155,1.0
96,156,1.0
96,157,1.0
96,158,1.0
96,159,2.0
96,160,1.0
96,161,2.0
96,162,1.0
96,163,1.0
96,164,0.0
96,165,4.0
96,166,1.0
96,167,1.0
96,168,0.0
96,169,1.0
96,170,1.0
96,171,2.0
96,172,1.0
96,173,1.0
96,174,4.0
96,175,2.0
96,176,3.0
96,177,2.0
96,178,2.0
96,179,1.0
96,180,2.0
96,181,2.0
96,182,1.0
96,183,1.0
96,184,1.0
96,185,4.0
96,186,1.0
96,187,1.0
96,188,0.0
96,189,2.0
96,190,0.0
96,191,0.0
96,192,0.0
96,193,1.0
96,194,1.0
96,195,2.0
96,196,1.0
96,197,1.0
96,198,1.0
96,199,4.0
96,200,4.0
96,201,4.0
96,202,1.0
96,203,1.0
96,204,2.0
96,205,2.0
96,206,2.0
96,207,1.0
96,208,1.0
96,209,1.0
96,210,1.0
96,211,2.0
96,212,1.0
96,213,2.0
96,214,1.0
96,215,1.0
96,216,2.0
96,217,1.0
96,218,3.0
96,219,1.0
96,220,1.0
96,221,0.0
96,222,1.0
96,223,1.0
96,224,1.0
96,225,1.0
96,226,4.0
96,227,1.0
96,228,1.0
96,229,2.0
96,230,1.0
96,231,1.0
96,232,1.0
96,233,2.0
96,234,0.0
96,235,1.0
96,236,1.0
96,237,1.0
96,238,0.0
96,239,1.0
96,240,2.0
96,241,2.0
96,242,2.0
96,243,1.0
96,244,1.0
96,245,1.0
96,246,1.0
96,247,1.0
96,248,0.0
96,249,1.0
96,250,1.0
96,251,1.0
96,252,2.0
96,253,2.0
96,254,2.0
96,255,2.0
96,256,2.0
96,257,1.0
96,258,1.0
96,259,2.0
96,260,2.0
96,261,1.0
96,262,2.0
96,263,1.0
96,264,2.0
96,265,3.0
96,266,0.0
96,267,1.0
96,268,1.0
96,269,1.0
96,270,1.0
96,271,2.0
96,272,1.0
96,273,1.0
96,274,1.0
96,275,1.0
96,276,1.0
96,277,1.0
96,278,1.0
96,279,2.0
96,280,1.0
96,281,3.0
96,282,1.0
96,283,4.0
96,284,1.0
96,285,2.0
96,286,1.0
96,287,1.0
96,288,2.0
96,289,1.0
96,290,2.0
96,291,1.0
96,292,2.0
96,293,2.0
96,294,1.0
96,295,2.0
96,296,1.0
96,297,1.0
96,298,1.0
96,299,1.0
96,300,1.0
96,301,1.0
96,302,1.0
96,303,2.0
96,304,1.0
96,305,3.0
96,306,1.0
96,307,1.0
96,308,1.0
96,309,1.0
96,310,1.0
96,311,2.0
96,312,2.0
96,313,1.0
96,314,1.0
96,315,1.0
96,316,1.0
96,317,1.0
96,318,1.0
96,319,1.0
96,320,1.0
96,321,1.0
96,322,1.0
96,323,1.0
96,324,1.0
96,325,3.0
96,326,1.0
96,327,2.0
96,328,1.0
96,329,1.0
96,330,2.0
96,331,4.0
96,332,1.0
96,333,1.0
96,334,3.0
96,335,3.0
96,336,2.0
96,337,1.0
96,338,1.0
96,339,2.0
96,340,1.0
96,341,3.0
96,342,2.0
96,343,1.0
96,344,1.0
96,345,1.0
96,346,1.0
96,347,1.0
96,348,1.0
96,349,1.0
96,350,1.0
96,351,1.0
96,352,1.0
96,353,1.0
96,354,1.0
96,355,0.0
96,356,1.0
96,357,1.0
96,358,1.0
96,359,1.0
96,360,1.0
96,361,1.0
96,362,2.0
96,363,1.0
96,364,5.0
96,365,1.0
96,366,1.0
96,367,1.0
96,368,1.0
96,369,2.0
96,370,1.0
96,371,2.0
96,372,2.0
96,373,1.0
96,374,1.0
96,375,2.0
96,376,2.0
96,377,1.0
97,98,1.0
97,99,2.0
97,100,0.0
97,101,2.0
97,102,0.0
97,103,2.0
97,104,3.0
97,105,2.0
97,106,2.0
97,107,2.0
97,108,2.0
97,109,3.0
97,110,3.0
97,111,3.0
97,112,1.0
97,113,3.0
97,114,1.0
97,115,1.0
97,116,1.0
97,117,3.0
97,118,1.0
97,119,2.0
97,120,3.0
97,121,1.0
97,122,2.0
97,123,2.0
97,124,1.0
97,125,1.0
97,126,2.0
97,127,2.0
97,128,1.0
97,129,2.0
97,130,2.0
97,131,2.0
97,132,2.0
97,133,2.0
97,134,2.0
97,135,2.0
97,136,1.0
97,137,1.0
97,138,1.0
97,139,1.0
97,140,3.0
97,141,2.0
97,142,5.0
97,143,2.0
97,144,2.0
97,145,2.0
97,146,1.0
97,147,1.0
97,148,1.0
97,149,1.0
97,150,2.0
97,151,2.0
97,152,2.0
97,153,2.0
97,154,3.0
97,155,6.0
97,156,2.0
97,157,3.0
97,158,3.0
97,159,2.0
97,160,2.0
97,161,1.0
97,162,2.0
97,163,3.0
97,164,1.0
97,165,1.0
97,166,2.0
97,167,3.0
97,168,1.0
97,169,2.0
97,170,3.0
97,171,2.0
97,172,3.0
97,173,6.0
97,174,1.0
97,175,1.0
97,176,2.0
97,177,2.0
97,178,2.0
97,179,2.0
97,180,2.0
97,181,2.0
97,182,3.0
97,183,2.0
97,184,2.0
97,185,1.0
97,186,2.0
97,187,2.0
97,188,0.0
97,189,2.0
97,190,2.0
97,191,2.0
97,192,2.0
97,193,2.0
97,194,3.0
97,195,2.0
97,196,2.0
97,197,2.0
97,198,2.0
97,199,0.0
97,200,0.0
97,201,0.0
97,202,3.0
97,203,2.0
97,204,2.0
97,205,2.0
97,206,1.0
97,207,2.0
97,208,3.0
97,209,2.0
97,210,3.0
97,211,2.0
97,212,3.0
97,213,2.0
97,214,3.0
97,215,2.0
97,216,2.0
97,217,2.0
97,218,2.0
97,219,2.0
97,220,3.0
97,221,1.0
97,222,1.0
97,223,3.0
97,224,2.0
97,225,2.0
97,226,1.0
97,227,2.0
97,228,2.0
97,229,2.0
97,230,2.0
97,231,2.0
97,232,2.0
97,233,2.0
97,234,2.0
97,235,2.0
97,236,2.0
97,237,4.0
97,238,2.0
97,239,2.0
97,240,2.0
97,241,2.0
97,242,2.0
97,243,3.0
97,244,2.0
97,245,2.0
97,246,2.0
97,247,2.0
97,248,0.0
97,249,6.0
97,250,3.0
97,251,2.0
97,252,2.0
97,253,2.0
97,254,2.0
97,255,2.0
97,256,2.0
97,257,2.0
97,258,3.0
97,259,2.0
97,260,2.0
97,261,2.0
97,262,5.0
97,263,3.0
97,264,2.0
97,265,2.0
97,266,1.0
97,267,2.0
97,268,3.0
97,269,2.0
97,270,3.0
97,271,2.0
97,272,2.0
97,273,2.0
97,274,2.0
97,275,2.0
97,276,2.0
97,277,2.0
97,278,3.0
97,279,2.0
97,280,3.0
97,281,2.0
97,282,3.0
97,283,1.0
97,284,2.0
97,285,1.0
97,286,3.0
97,287,1.0
97,288,2.0
97,289,2.0
97,290,2.0
97,291,2.0
97,292,2.0
97,293,2.0
97,294,3.0
97,295,2.0
97,296,4.0
97,297,2.0
97,298,2.0
97,299,2.0
97,300,3.0
97,301,2.0
97,302,2.0
97,303,2.0
97,304,2.0
97,305,2.0
97,306,2.0
97,307,2.0
97,308,3.0
97,309,3.0
97,310,2.0
97,311,2.0
97,312,2.0
97,313,2.0
97,314,2.0
97,315,2.0
97,316,6.0
97,317,1.0
97,318,2.0
97,319,4.0
97,320,2.0
97,321,2.0
97,322,3.0
97,323,3.0
97,324,2.0
97,325,2.0
97,326,2.0
97,327,2.0
97,328,2.0
97,329,3.0
97,330,2.0
97,331,1.0
97,332,2.0
97,333,2.0
97,334,2.0
97,335,0.0
97,336,1.0
97,337,2.0
97,338,3.0
97,339,3.0
97,340,1.0
97,341,2.0
97,342,2.0
97,343,2.0
97,344,2.0
97,345,2.0
97,346,6.0
97,347,2.0
97,348,3.0
97,349,3.0
97,350,2.0
97,351,2.0
97,352,2.0
97,353,2.0
97,354,2.0
97,355,0.0
97,356,3.0
97,357,3.0
97,358,2.0
97,359,2.0
97,360,3.0
97,361,2.0
97,362,2.0
97,363,2.0
97,364,1.0
97,365,1.0
97,366,2.0
97,367,2.0
97,368,1.0
97,369,2.0
97,370,2.0
97,371,2.0
97,372,2.0
97,373,3.0
97,374,2.0
97,375,2.0
97,376,5.0
97,377,3.0
98,99,2.0
98,100,4.0
98,101,1.0
98,102,4.0
98,103,1.0
98,104,2.0
98,105,2.0
98,106,2.0
98,107,1.0
98,108,1.0
98,109,1.0
98,110,1.0
98,111,1.0
98,112,1.0
98,113,1.0
98,114,4.0
98,115,4.0
98,116,4.0
98,117,1.0
98,118,1.0
98,119,1.0
98,120,1.0
98,121,1.0
98,122,1.0
98,123,2.0
98,124,2.0
98,125,2.0
98,126,1.0
98,127,1.0
98,128,4.0
98,129,1.0
98,130,1.0
98,131,1.0
98,132,2.0
98,133,2.0
98,134,2.0
98,135,2.0
98,136,3.0
98,137,3.0
98,138,3.0
98,139,4.0
98,140,1.0
98,141,1.0
98,142,1.0
98,143,2.0
98,144,2.0
98,145,2.0
98,146,1.0
98,147,5.0
98,148,5.0
98,149,1.0
98,150,2.0
98,151,2.0
98,152,2.0
98,153,2.0
98,154,1.0
98,155,1.0
98,156,1.0
98,157,1.0
98,158,1.0
98,159,2.0
98,160,1.0
98,161,2.0
98,162,1.0
98,163,1.0
98,164,0.0
98,165,4.0
98,166,1.0
98,167,1.0
98,168,0.0
98,169,1.0
98,170,1.0
98,171,2.0
98,172,1.0
98,173,1.0
98,174,4.0
98,175,2.0
98,176,3.0
98,177,2.0
98,178,2.0
98,179,1.0
98,180,2.0
98,181,2.0
98,182,1.0
98,183,1.0
98,184,1.0
98,185,4.0
98,186,1.0
98,187,1.0
98,188,0.0
98,189,2.0
98,190,0.0
98,191,0.0
98,192,0.0
98,193,1.0
98,194,1.0
98,195,2.0
98,196,1.0
98,197,1.0
98,198,1.0
98,199,4.0
98,200,4.0
98,201,4.0
98,202,1.0
98,203,1.0
98,204,2.0
98,205,2.0
98,206,2.0
98,207,1.0
98,208,1.0
98,209,1.0
98,210,1.0
98,211,2.0
98,212,1.0
98,213,2.0
98,214,1.0
98,215,1.0
98,216,2.0
98,217,1.0
98,218,3.0
98,219,1.0
98,220,1.0
98,221,0.0
98,222,1.0
98,223,1.0
98,224,1.0
98,225,1.0
98,226,4.0
98,227,1.0
98,228,1.0
98,229,2.0
98,230,1.0
98,231,1.0
98,232,1.0
98,233,2.0
98,234,0.0
98,235,1.0
98,236,1.0
98,237,1.0
98,238,0.0
98,239,1.0
98,240,2.0
98,241,2.0
98,242,2.0
98,243,1.0
98,244,1.0
98,245,1.0
98,246,1.0
98,247,1.0
98,248,0.0
98,249,1.0
98,250,1.0
98,251,1.0
98,252,2.0
98,253,2.0
98,254,2.0
98,255,2.0
98,256,2.0
98,257,1.0
98,258,1.0
98,259,2.0
98,260,2.0
98,261,1.0
98,262,2.0
98,263,1.0
98,264,2.0
98,265,3.0
98,266,0.0
98,267,1.0
98,268,1.0
98,269,1.0
98,270,1.0
98,271,2.0
98,272,1.0
98,273,1.0
98,274,1.0
98,275,1.0
98,276,1.0
98,277,1.0
98,278,1.0
98,279,2.0
98,280,1.0
98,281,3.0
98,282,1.0
98,283,4.0
98,284,1.0
98,285,2.0
98,286,1.0
98,287,1.0
98,288,2.0
98,289,1.0
98,290,2.0
98,291,1.0
98,292,2.0
98,293,2.0
98,294,1.0
98,295,2.0
98,296,1.0
98,297,1.0
98,298,1.0
98,299,1.0
98,300,1.0
98,301,1.0
98,302,1.0
98,303,2.0
98,304,1.0
98,305,3.0
98,306,1.0
98,307,1.0
98,308,1.0
98,309,1.0
98,310,1.0
98,311,2.0
98,312,2.0
98,313,1.0
98,314,1.0
98,315,1.0
98,316,1.0
98,317,1.0
98,318,1.0
98,319,1.0
98,320,1.0
98,321,1.0
98,322,1.0
98,323,1.0
98,324,1.0
98,325,3.0
98,326,1.0
98,327,2.0
98,328,1.0
98,329,1.0
98,330,2.0
98,331,4.0
98,332,1.0
98,333,1.0
98,334,3.0
98,335,3.0
98,336,2.0
98,337,1.0
98,338,1.0
98,339,2.0
98,340,1.0
98,341,3.0
98,342,2.0
98,343,1.0
98,344,1.0
98,345,1.0
98,346,1.0
98,347,1.0
98,348,1.0
98,349,1.0
98,350,1.0
98,351,1.0
98,352,1.0
98,353,1.0
98,354,1.0
98,355,0.0
98,356,1.0
98,357,1.0
98,358,1.0
98,359,1.0
98,360,1.0
98,361,1.0
98,362,2.0
98,363,1.0
98,364,5.0
98,365,1.0
98,366,1.0
98,367,1.0
98,368,1.0
98,369,2.0
98,370,1.0
98,371,2.0
98,372,2.0
98,373,1.0
98,374,1.0
98,375,2.0
98,376,2.0
98,377,1.0
99,100,0.0
99,101,2.0
99,102,0.0
99,103,3.0
99,104,3.0
99,105,1.0
99,106,1.0
99,107,2.0
99,108,2.0
99,109,2.0
99,110,2.0
99,111,3.0
99,112,1.0
99,113,3.0
99,114,1.0
99,115,1.0
99,116,1.0
99,117,2.0
99,118,2.0
99,119,3.0
99,120,2.0
99,121,2.0
99,122,3.0
99,123,2.0
99,124,1.0
99,125,1.0
99,126,1.0
99,127,1.0
99,128,1.0
99,129,1.0
99,130,1.0
99,131,1.0
99,132,4.0
99,133,4.0
99,134,4.0
99,135,4.0
99,136,2.0
99,137,2.0
99,138,2.0
99,139,1.0
99,140,3.0
99,141,2.0
99,142,2.0
99,143,1.0
99,144,1.0
99,145,3.0
99,146,2.0
99,147,2.0
99,148,2.0
99,149,2.0
99,150,2.0
99,151,2.0
99,152,3.0
99,153,3.0
99,154,2.0
99,155,2.0
99,156,2.0
99,157,3.0
99,158,3.0
99,159,3.0
99,160,3.0
99,161,1.0
99,162,1.0
99,163,3.0
99,164,2.0
99,165,2.0
99,166,1.0
99,167,3.0
99,168,2.0
99,169,2.0
99,170,3.0
99,171,2.0
99,172,3.0
99,173,2.0
99,174,1.0
99,175,1.0
99,176,3.0
99,177,1.0
99,178,1.0
99,179,2.0
99,180,1.0
99,181,1.0
99,182,2.0
99,183,2.0
99,184,2.0
99,185,1.0
99,186,3.0
99,187,3.0
99,188,1.0
99,189,3.0
99,190,4.0
99,191,4.0
99,192,4.0
99,193,2.0
99,194,3.0
99,195,5.0
99,196,2.0
99,197,2.0
99,198,2.0
99,199,0.0
99,200,0.0
99,201,0.0
99,202,3.0
99,203,2.0
99,204,5.0
99,205,5.0
99,206,3.0
99,207,2.0
99,208,3.0
99,209,2.0
99,210,2.0
99,211,2.0
99,212,2.0
99,213,1.0
99,214,2.0
99,215,1.0
99,216,3.0
99,217,3.0
99,218,3.0
99,219,1.0
99,220,2.0
99,221,1.0
99,222,2.0
99,223,3.0
99,224,2.0
99,225,2.0
99,226,1.0
99,227,2.0
99,228,2.0
99,229,1.0
99,230,2.0
99,231,2.0
99,232,2.0
99,233,1.0
99,234,2.0
99,235,2.0
99,236,2.0
99,237,3.0
99,238,2.0
99,239,2.0
99,240,2.0
99,241,1.0
99,242,3.0
99,243,2.0
99,244,2.0
99,245,2.0
99,246,2.0
99,247,1.0
99,248,1.0
99,249,2.0
99,250,3.0
99,251,2.0
99,252,6.0
99,253,2.0
99,254,3.0
99,255,3.0
99,256,4.0
99,257,1.0
99,258,2.0
99,259,1.0
99,260,3.0
99,261,2.0
99,262,2.0
99,263,2.0
99,264,2.0
99,265,3.0
99,266,2.0
99,267,2.0
99,268,2.0
99,269,2.0
99,270,3.0
99,271,1.0
99,272,1.0
99,273,2.0
99,274,3.0
99,275,2.0
99,276,2.0
99,277,2.0
99,278,2.0
99,279,4.0
99,280,2.0
99,281,3.0
99,282,2.0
99,283,2.0
99,284,2.0
99,285,1.0
99,286,2.0
99,287,2.0
99,288,2.0
99,289,2.0
99,290,2.0
99,291,3.0
99,292,3.0
99,293,1.0
99,294,3.0
99,295,1.0
99,296,2.0
99,297,2.0
99,298,2.0
99,299,2.0
99,300,3.0
99,301,2.0
99,302,2.0
99,303,3.0
99,304,3.0
99,305,3.0
99,306,2.0
99,307,2.0
99,308,1.0
99,309,2.0
99,310,2.0
99,311,2.0
99,312,1.0
99,313,2.0
99,314,2.0
99,315,3.0
99,316,2.0
99,317,1.0
99,318,2.0
99,319,2.0
99,320,2.0
99,321,2.0
99,322,2.0
99,323,2.0
99,324,1.0
99,325,1.0
99,326,2.0
99,327,1.0
99,328,2.0
99,329,2.0
99,330,1.0
99,331,1.0
99,332,2.0
99,333,3.0
99,334,1.0
99,335,0.0
99,336,1.0
99,337,2.0
99,338,3.0
99,339,2.0
99,340,3.0
99,341,3.0
99,342,3.0
99,343,2.0
99,344,2.0
99,345,2.0
99,346,2.0
99,347,2.0
99,348,3.0
99,349,2.0
99,350,2.0
99,351,2.0
99,352,2.0
99,353,2.0
99,354,2.0
99,355,1.0
99,356,2.0
99,357,1.0
99,358,2.0
99,359,3.0
99,360,2.0
99,361,2.0
99,362,1.0
99,363,2.0
99,364,2.0
99,365,2.0
99,366,1.0
99,367,2.0
99,368,1.0
99,369,3.0
99,370,2.0
99,371,1.0
99,372,3.0
99,373,3.0
99,374,2.0
99,375,1.0
99,376,2.0
99,377,2.0
100,101,0.0
100,102,6.0
100,103,0.0
100,104,1.0
100,105,1.0
100,106,1.0
100,107,0.0
100,108,1.0
100,109,1.0
100,110,1.0
100,111,0.0
100,112,2.0
100,113,0.0
100,114,5.0
100,115,5.0
100,116,5.0
100,117,1.0
100,118,2.0
100,119,0.0
100,120,1.0
100,121,2.0
100,122,0.0
100,123,1.0
100,124,2.0
100,125,2.0
100,126,0.0
100,127,0.0
100,128,5.0
100,129,0.0
100,130,0.0
100,131,0.0
100,132,2.0
100,133,2.0
100,134,2.0
100,135,2.0
100,136,1.0
100,137,1.0
100,138,1.0
100,139,5.0
100,140,0.0
100,141,1.0
100,142,0.0
100,143,1.0
100,144,1.0
100,145,1.0
100,146,1.0
100,147,3.0
100,148,3.0
100,149,1.0
100,150,2.0
100,151,2.0
100,152,1.0
100,153,1.0
100,154,1.0
100,155,0.0
100,156,1.0
100,157,0.0
100,158,0.0
100,159,1.0
100,160,1.0
100,161,2.0
100,162,0.0
100,163,0.0
100,164,1.0
100,165,3.0
100,166,0.0
100,167,0.0
100,168,0.0
100,169,0.0
100,170,0.0
100,171,1.0
100,172,0.0
100,173,0.0
100,174,5.0
100,175,2.0
100,176,2.0
100,177,2.0
100,178,2.0
100,179,1.0
100,180,2.0
100,181,2.0
100,182,0.0
100,183,0.0
100,184,0.0
100,185,5.0
100,186,0.0
100,187,0.0
100,188,1.0
100,189,1.0
100,190,0.0
100,191,0.0
100,192,0.0
100,193,1.0
100,194,0.0
100,195,0.0
100,196,1.0
100,197,1.0
100,198,1.0
100,199,6.0
100,200,6.0
100,201,6.0
100,202,0.0
100,203,2.0
100,204,0.0
100,205,0.0
100,206,1.0
100,207,0.0
100,208,0.0
100,209,0.0
100,210,1.0
100,211,1.0
100,212,1.0
100,213,1.0
100,214,1.0
100,215,1.0
100,216,1.0
100,217,0.0
100,218,2.0
100,219,0.0
100,220,1.0
100,221,1.0
100,222,2.0
100,223,1.0
100,224,0.0
100,225,0.0
100,226,5.0
100,227,0.0
100,228,1.0
100,229,2.0
100,230,0.0
100,231,0.0
100,232,1.0
100,233,2.0
100,234,0.0
100,235,0.0
100,236,1.0
100,237,0.0
100,238,0.0
100,239,0.0
100,240,1.0
100,241,1.0
100,242,0.0
100,243,1.0
100,244,0.0
100,245,1.0
100,246,0.0
100,247,0.0
100,248,1.0
100,249,0.0
100,250,0.0
100,251,1.0
100,252,0.0
100,253,0.0
100,254,1.0
100,255,1.0
100,256,0.0
100,257,1.0
100,258,1.0
100,259,2.0
100,260,0.0
100,261,0.0
100,262,1.0
100,263,1.0
100,264,1.0
100,265,2.0
100,266,1.0
100,267,0.0
100,268,1.0
100,269,0.0
100,270,0.0
100,271,2.0
100,272,0.0
100,273,1.0
100,274,0.0
100,275,0.0
100,276,0.0
100,277,0.0
100,278,1.0
100,279,0.0
100,280,1.0
100,281,2.0
100,282,0.0
100,283,2.0
100,284,0.0
100,285,1.0
100,286,1.0
100,287,2.0
100,288,1.0
100,289,0.0
100,290,1.0
100,291,0.0
100,292,0.0
100,293,2.0
100,294,0.0
100,295,1.0
100,296,0.0
100,297,0.0
100,298,0.0
100,299,0.0
100,300,1.0
100,301,1.0
100,302,0.0
100,303,0.0
100,304,0.0
100,305,2.0
100,306,0.0
100,307,0.0
100,308,1.0
100,309,1.0
100,310,0.0
100,311,1.0
100,312,2.0
100,313,0.0
100,314,0.0
100,315,0.0
100,316,0.0
100,317,2.0
100,318,0.0
100,319,1.0
100,320,0.0
100,321,0.0
100,322,1.0
100,323,1.0
100,324,0.0
100,325,3.0
100,326,0.0
100,327,2.0
100,328,0.0
100,329,1.0
100,330,1.0
100,331,5.0
100,332,0.0
100,333,0.0
100,334,4.0
100,335,5.0
100,336,2.0
100,337,0.0
100,338,0.0
100,339,2.0
100,340,0.0
100,341,2.0
100,342,0.0
100,343,0.0
100,344,0.0
100,345,0.0
100,346,0.0
100,347,0.0
100,348,0.0
100,349,1.0
100,350,0.0
100,351,0.0
100,352,0.0
100,353,1.0
100,354,0.0
100,355,1.0
100,356,1.0
100,357,1.0
100,358,0.0
100,359,0.0
100,360,1.0
100,361,0.0
100,362,1.0
100,363,2.0
100,364,3.0
100,365,2.0
100,366,0.0
100,367,0.0
100,368,1.0
100,369,1.0
100,370,0.0
100,371,1.0
100,372,0.0
100,373,0.0
100,374,0.0
100,375,2.0
100,376,1.0
100,377,0.0
101,102,0.0
101,103,4.0
101,104,2.0
101,105,4.0
101,106,4.0
101,107,5.0
101,108,3.0
101,109,3.0
101,110,3.0
101,111,2.0
101,112,2.0
101,113,2.0
101,114,1.0
101,115,1.0
101,116,1.0
101,117,3.0
101,118,2.0
101,119,3.0
101,120,3.0
101,121,2.0
101,122,3.0
101,123,4.0
101,124,1.0
101,125,1.0
101,126,4.0
101,127,4.0
101,128,1.0
101,129,4.0
101,130,4.0
101,131,4.0
101,132,2.0
101,133,2.0
101,134,2.0
101,135,2.0
101,136,1.0
101,137,1.0
101,138,1.0
101,139,1.0
101,140,4.0
101,141,3.0
101,142,2.0
101,143,4.0
101,144,4.0
101,145,3.0
101,146,2.0
101,147,1.0
101,148,1.0
101,149,2.0
101,150,2.0
101,151,2.0
101,152,2.0
101,153,3.0
101,154,3.0
101,155,2.0
101,156,3.0
101,157,2.0
101,158,2.0
101,159,2.0
101,160,4.0
101,161,1.0
101,162,4.0
101,163,2.0
101,164,2.0
101,165,0.0
101,166,3.0
101,167,2.0
101,168,2.0
101,169,5.0
101,170,2.0
101,171,2.0
101,172,2.0
101,173,2.0
101,174,1.0
101,175,1.0
101,176,2.0
101,177,3.0
101,178,3.0
101,179,3.0
101,180,3.0
101,181,3.0
101,182,2.0
101,183,4.0
101,184,4.0
101,185,1.0
101,186,3.0
101,187,3.0
101,188,1.0
101,189,3.0
101,190,2.0
101,191,2.0
101,192,2.0
101,193,2.0
101,194,2.0
101,195,2.0
101,196,2.0
101,197,2.0
101,198,2.0
101,199,0.0
101,200,0.0
101,201,0.0
101,202,4.0
101,203,3.0
101,204,2.0
101,205,2.0
101,206,1.0
101,207,4.0
101,208,2.0
101,209,5.0
101,210,3.0
101,211,2.0
101,212,3.0
101,213,4.0
101,214,3.0
101,215,2.0
101,216,3.0
101,217,4.0
101,218,2.0
101,219,3.0
101,220,3.0
101,221,1.0
101,222,2.0
101,223,3.0
101,224,5.0
101,225,5.0
101,226,1.0
101,227,5.0
101,228,3.0
101,229,3.0
101,230,4.0
101,231,5.0
101,232,3.0
101,233,3.0
101,234,2.0
101,235,4.0
101,236,4.0
101,237,3.0
101,238,2.0
101,239,5.0
101,240,2.0
101,241,4.0
101,242,4.0
101,243,3.0
101,244,5.0
101,245,4.0
101,246,4.0
101,247,4.0
101,248,1.0
101,249,2.0
101,250,4.0
101,251,3.0
101,252,2.0
101,253,3.0
101,254,2.0
101,255,3.0
101,256,3.0
101,257,2.0
101,258,3.0
101,259,3.0
101,260,4.0
101,261,5.0
101,262,2.0
101,263,3.0
101,264,2.0
101,265,2.0
101,266,0.0
101,267,5.0
101,268,3.0
101,269,2.0
101,270,2.0
101,271,3.0
101,272,4.0
101,273,4.0
101,274,3.0
101,275,5.0
101,276,5.0
101,277,5.0
101,278,3.0
101,279,2.0
101,280,3.0
101,281,2.0
101,282,3.0
101,283,1.0
101,284,5.0
101,285,1.0
101,286,3.0
101,287,2.0
101,288,2.0
101,289,5.0
101,290,3.0
101,291,2.0
101,292,4.0
101,293,3.0
101,294,2.0
101,295,4.0
101,296,4.0
101,297,5.0
101,298,4.0
101,299,4.0
101,300,2.0
101,301,3.0
101,302,5.0
101,303,4.0
101,304,4.0
101,305,2.0
101,306,3.0
101,307,5.0
101,308,3.0
101,309,3.0
101,310,5.0
101,311,2.0
101,312,3.0
101,313,5.0
101,314,5.0
101,315,3.0
101,316,2.0
101,317,0.0
101,318,4.0
101,319,2.0
101,320,5.0
101,321,5.0
101,322,3.0
101,323,3.0
101,324,4.0
101,325,2.0
101,326,5.0
101,327,3.0
101,328,5.0
101,329,3.0
101,330,4.0
101,331,1.0
101,332,4.0
101,333,4.0
101,334,1.0
101,335,0.0
101,336,1.0
101,337,5.0
101,338,4.0
101,339,3.0
101,340,2.0
101,341,2.0
101,342,4.0
101,343,5.0
101,344,5.0
101,345,4.0
101,346,2.0
101,347,5.0
101,348,4.0
101,349,3.0
101,350,3.0
101,351,5.0
101,352,5.0
101,353,3.0
101,354,5.0
101,355,1.0
101,356,3.0
101,357,3.0
101,358,5.0
101,359,3.0
101,360,3.0
101,361,5.0
101,362,4.0
101,363,2.0
101,364,1.0
101,365,2.0
101,366,4.0
101,367,5.0
101,368,1.0
101,369,3.0
101,370,4.0
101,371,4.0
101,372,4.0
101,373,2.0
101,374,5.0
101,375,3.0
101,376,2.0
101,377,3.0
102,103,0.0
102,104,1.0
102,105,1.0
102,106,1.0
102,107,0.0
102,108,1.0
102,109,1.0
102,110,1.0
102,111,0.0
102,112,2.0
102,113,0.0
102,114,5.0
102,115,5.0
102,116,5.0
102,117,1.0
102,118,2.0
102,119,0.0
102,120,1.0
102,121,2.0
102,122,0.0
102,123,1.0
102,124,2.0
102,125,2.0
102,126,0.0
102,127,0.0
102,128,5.0
102,129,0.0
102,130,0.0
102,131,0.0
102,132,2.0
102,133,2.0
102,134,2.0
102,135,2.0
102,136,1.0
102,137,1.0
102,138,1.0
102,139,5.0
102,140,0.0
102,141,1.0
102,142,0.0
102,143,1.0
102,144,1.0
102,145,1.0
102,146,1.0
102,147,3.0
102,148,3.0
102,149,1.0
102,150,2.0
102,151,2.0
102,152,1.0
102,153,1.0
102,154,1.0
102,155,0.0
102,156,1.0
102,157,0.0
102,158,0.0
102,159,1.0
102,160,1.0
102,161,2.0
102,162,0.0
102,163,0.0
102,164,1.0
102,165,3.0
102,166,0.0
102,167,0.0
102,168,0.0
102,169,0.0
102,170,0.0
102,171,1.0
102,172,0.0
102,173,0.0
102,174,5.0
102,175,2.0
102,176,2.0
102,177,2.0
102,178,2.0
102,179,1.0
102,180,2.0
102,181,2.0
102,182,0.0
102,183,0.0
102,184,0.0
102,185,5.0
102,186,0.0
102,187,0.0
102,188,1.0
102,189,1.0
102,190,0.0
102,191,0.0
102,192,0.0
102,193,1.0
102,194,0.0
102,195,0.0
102,196,1.0
102,197,1.0
102,198,1.0
102,199,6.0
102,200,6.0
102,201,6.0
102,202,0.0
102,203,2.0
102,204,0.0
102,205,0.0
102,206,1.0
102,207,0.0
102,208,0.0
102,209,0.0
102,210,1.0
102,211,1.0
102,212,1.0
102,213,1.0
102,214,1.0
102,215,1.0
102,216,1.0
102,217,0.0
102,218,2.0
102,219,0.0
102,220,1.0
102,221,1.0
102,222,2.0
102,223,1.0
102,224,0.0
102,225,0.0
102,226,5.0
102,227,0.0
102,228,1.0
102,229,2.0
102,230,0.0
102,231,0.0
102,232,1.0
102,233,2.0
102,234,0.0
102,235,0.0
102,236,1.0
102,237,0.0
102,238,0.0
102,239,0.0
102,240,1.0
102,241,1.0
102,242,0.0
102,243,1.0
102,244,0.0
102,245,1.0
102,246,0.0
102,247,0.0
102,248,1.0
102,249,0.0
102,250,0.0
102,251,1.0
102,252,0.0
102,253,0.0
102,254,1.0
102,255,1.0
102,256,0.0
102,257,1.0
102,258,1.0
102,259,2.0
102,260,0.0
102,261,0.0
102,262,1.0
102,263,1.0
102,264,1.0
102,265,2.0
102,266,1.0
102,267,0.0
102,268,1.0
102,269,0.0
102,270,0.0
102,271,2.0
102,272,0.0
102,273,1.0
102,274,0.0
102,275,0.0
102,276,0.0
102,277,0.0
102,278,1.0
102,279,0.0
102,280,1.0
102,281,2.0
102,282,0.0
102,283,2.0
102,284,0.0
102,285,1.0
102,286,1.0
102,287,2.0
102,288,1.0
102,289,0.0
102,290,1.0
102,291,0.0
102,292,0.0
102,293,2.0
102,294,0.0
102,295,1.0
102,296,0.0
102,297,0.0
102,298,0.0
102,299,0.0
102,300,1.0
102,301,1.0
102,302,0.0
102,303,0.0
102,304,0.0
102,305,2.0
102,306,0.0
102,307,0.0
102,308,1.0
102,309,1.0
102,310,0.0
102,311,1.0
102,312,2.0
102,313,0.0
102,314,0.0
102,315,0.0
102,316,0.0
102,317,2.0
102,318,0.0
102,319,1.0
102,320,0.0
102,321,0.0
102,322,1.0
102,323,1.0
102,324,0.0
102,325,3.0
102,326,0.0
102,327,2.0
102,328,0.0
102,329,1.0
102,330,1.0
102,331,5.0
102,332,0.0
102,333,0.0
102,334,4.0
102,335,5.0
102,336,2.0
102,337,0.0
102,338,0.0
102,339,2.0
102,340,0.0
102,341,2.0
102,342,0.0
102,343,0.0
102,344,0.0
102,345,0.0
102,346,0.0
102,347,0.0
102,348,0.0
102,349,1.0
102,350,0.0
102,351,0.0
102,352,0.0
102,353,1.0
102,354,0.0
102,355,1.0
102,356,1.0
102,357,1.0
102,358,0.0
102,359,0.0
102,360,1.0
102,361,0.0
102,362,1.0
102,363,2.0
102,364,3.0
102,365,2.0
102,366,0.0
102,367,0.0
102,368,1.0
102,369,1.0
102,370,0.0
102,371,1.0
102,372,0.0
102,373,0.0
102,374,0.0
102,375,2.0
102,376,1.0
102,377,0.0
103,104,2.0
103,105,3.0
103,106,3.0
103,107,4.0
103,108,3.0
103,109,3.0
103,110,3.0
103,111,3.0
103,112,1.0
103,113,3.0
103,114,1.0
103,115,1.0
103,116,1.0
103,117,3.0
103,118,2.0
103,119,4.0
103,120,3.0
103,121,2.0
103,122,4.0
103,123,4.0
103,124,1.0
103,125,1.0
103,126,3.0
103,127,3.0
103,128,1.0
103,129,3.0
103,130,3.0
103,131,3.0
103,132,4.0
103,133,4.0
103,134,4.0
103,135,4.0
103,136,1.0
103,137,1.0
103,138,1.0
103,139,1.0
103,140,5.0
103,141,2.0
103,142,2.0
103,143,3.0
103,144,3.0
103,145,3.0
103,146,1.0
103,147,1.0
103,148,1.0
103,149,1.0
103,150,3.0
103,151,3.0
103,152,3.0
103,153,3.0
103,154,3.0
103,155,2.0
103,156,2.0
103,157,2.0
103,158,2.0
103,159,3.0
103,160,3.0
103,161,1.0
103,162,3.0
103,163,2.0
103,164,1.0
103,165,1.0
103,166,2.0
103,167,2.0
103,168,1.0
103,169,4.0
103,170,2.0
103,171,2.0
103,172,2.0
103,173,2.0
103,174,1.0
103,175,1.0
103,176,4.0
103,177,2.0
103,178,2.0
103,179,3.0
103,180,2.0
103,181,2.0
103,182,3.0
103,183,3.0
103,184,3.0
103,185,1.0
103,186,4.0
103,187,4.0
103,188,0.0
103,189,4.0
103,190,2.0
103,191,2.0
103,192,2.0
103,193,3.0
103,194,2.0
103,195,3.0
103,196,3.0
103,197,3.0
103,198,3.0
103,199,0.0
103,200,0.0
103,201,0.0
103,202,5.0
103,203,3.0
103,204,3.0
103,205,3.0
103,206,2.0
103,207,3.0
103,208,2.0
103,209,4.0
103,210,3.0
103,211,2.0
103,212,3.0
103,213,3.0
103,214,3.0
103,215,2.0
103,216,4.0
103,217,4.0
103,218,4.0
103,219,2.0
103,220,3.0
103,221,1.0
103,222,2.0
103,223,3.0
103,224,4.0
103,225,4.0
103,226,1.0
103,227,4.0
103,228,2.0
103,229,2.0
103,230,3.0
103,231,4.0
103,232,3.0
103,233,2.0
103,234,3.0
103,235,3.0
103,236,4.0
103,237,4.0
103,238,3.0
103,239,4.0
103,240,2.0
103,241,3.0
103,242,3.0
103,243,3.0
103,244,4.0
103,245,4.0
103,246,3.0
103,247,3.0
103,248,0.0
103,249,2.0
103,250,5.0
103,251,2.0
103,252,3.0
103,253,2.0
103,254,3.0
103,255,4.0
103,256,4.0
103,257,2.0
103,258,2.0
103,259,2.0
103,260,3.0
103,261,4.0
103,262,2.0
103,263,2.0
103,264,2.0
103,265,4.0
103,266,1.0
103,267,4.0
103,268,3.0
103,269,2.0
103,270,2.0
103,271,2.0
103,272,3.0
103,273,3.0
103,274,4.0
103,275,4.0
103,276,4.0
103,277,4.0
103,278,2.0
103,279,3.0
103,280,3.0
103,281,4.0
103,282,2.0
103,283,1.0
103,284,4.0
103,285,1.0
103,286,3.0
103,287,2.0
103,288,2.0
103,289,4.0
103,290,3.0
103,291,2.0
103,292,3.0
103,293,2.0
103,294,2.0
103,295,3.0
103,296,4.0
103,297,4.0
103,298,3.0
103,299,3.0
103,300,3.0
103,301,3.0
103,302,4.0
103,303,3.0
103,304,6.0
103,305,4.0
103,306,3.0
103,307,4.0
103,308,2.0
103,309,2.0
103,310,4.0
103,311,2.0
103,312,2.0
103,313,4.0
103,314,4.0
103,315,4.0
103,316,2.0
103,317,1.0
103,318,3.0
103,319,2.0
103,320,4.0
103,321,4.0
103,322,3.0
103,323,3.0
103,324,3.0
103,325,2.0
103,326,4.0
103,327,2.0
103,328,4.0
103,329,3.0
103,330,3.0
103,331,1.0
103,332,3.0
103,333,6.0
103,334,1.0
103,335,0.0
103,336,1.0
103,337,4.0
103,338,5.0
103,339,2.0
103,340,3.0
103,341,4.0
103,342,3.0
103,343,4.0
103,344,4.0
103,345,4.0
103,346,2.0
103,347,4.0
103,348,5.0
103,349,2.0
103,350,2.0
103,351,4.0
103,352,4.0
103,353,3.0
103,354,4.0
103,355,0.0
103,356,3.0
103,357,2.0
103,358,4.0
103,359,4.0
103,360,3.0
103,361,4.0
103,362,3.0
103,363,2.0
103,364,1.0
103,365,2.0
103,366,3.0
103,367,4.0
103,368,1.0
103,369,4.0
103,370,3.0
103,371,3.0
103,372,3.0
103,373,2.0
103,374,4.0
103,375,2.0
103,376,2.0
103,377,2.0
104,105,2.0
104,106,2.0
104,107,2.0
104,108,3.0
104,109,4.0
104,110,3.0
104,111,3.0
104,112,1.0
104,113,3.0
104,114,2.0
104,115,2.0
104,116,2.0
104,117,4.0
104,118,2.0
104,119,2.0
104,120,4.0
104,121,2.0
104,122,2.0
104,123,2.0
104,124,2.0
104,125,2.0
104,126,2.0
104,127,2.0
104,128,2.0
104,129,2.0
104,130,2.0
104,131,2.0
104,132,2.0
104,133,2.0
104,134,2.0
104,135,2.0
104,136,2.0
104,137,2.0
104,138,2.0
104,139,2.0
104,140,2.0
104,141,2.0
104,142,3.0
104,143,2.0
104,144,2.0
104,145,2.0
104,146,2.0
104,147,2.0
104,148,2.0
104,149,2.0
104,150,2.0
104,151,2.0
104,152,3.0
104,153,2.0
104,154,4.0
104,155,3.0
104,156,2.0
104,157,5.0
104,158,5.0
104,159,3.0
104,160,2.0
104,161,2.0
104,162,2.0
104,163,5.0
104,164,1.0
104,165,2.0
104,166,2.0
104,167,5.0
104,168,2.0
104,169,2.0
104,170,5.0
104,171,1.0
104,172,5.0
104,173,3.0
104,174,2.0
104,175,2.0
104,176,2.0
104,177,2.0
104,178,2.0
104,179,3.0
104,180,2.0
104,181,2.0
104,182,3.0
104,183,2.0
104,184,2.0
104,185,2.0
104,186,2.0
104,187,2.0
104,188,1.0
104,189,3.0
104,190,3.0
104,191,3.0
104,192,3.0
104,193,2.0
104,194,5.0
104,195,2.0
104,196,2.0
104,197,2.0
104,198,2.0
104,199,1.0
104,200,1.0
104,201,1.0
104,202,2.0
104,203,2.0
104,204,2.0
104,205,2.0
104,206,2.0
104,207,2.0
104,208,5.0
104,209,2.0
104,210,3.0
104,211,1.0
104,212,4.0
104,213,2.0
104,214,4.0
104,215,1.0
104,216,2.0
104,217,3.0
104,218,2.0
104,219,2.0
104,220,4.0
104,221,1.0
104,222,2.0
104,223,4.0
104,224,2.0
104,225,2.0
104,226,2.0
104,227,2.0
104,228,2.0
104,229,2.0
104,230,2.0
104,231,2.0
104,232,2.0
104,233,2.0
104,234,2.0
104,235,2.0
104,236,2.0
104,237,3.0
104,238,2.0
104,239,2.0
104,240,1.0
104,241,2.0
104,242,2.0
104,243,4.0
104,244,2.0
104,245,2.0
104,246,2.0
104,247,2.0
104,248,1.0
104,249,3.0
104,250,2.0
104,251,2.0
104,252,3.0
104,253,2.0
104,254,2.0
104,255,3.0
104,256,2.0
104,257,1.0
104,258,3.0
104,259,2.0
104,260,2.0
104,261,2.0
104,262,3.0
104,263,3.0
104,264,1.0
104,265,2.0
104,266,1.0
104,267,2.0
104,268,4.0
104,269,2.0
104,270,5.0
104,271,2.0
104,272,2.0
104,273,2.0
104,274,2.0
104,275,2.0
104,276,2.0
104,277,2.0
104,278,3.0
104,279,2.0
104,280,3.0
104,281,2.0
104,282,3.0
104,283,2.0
104,284,2.0
104,285,2.0
104,286,4.0
104,287,1.0
104,288,2.0
104,289,2.0
104,290,2.0
104,291,3.0
104,292,2.0
104,293,2.0
104,294,5.0
104,295,2.0
104,296,2.0
104,297,2.0
104,298,2.0
104,299,2.0
104,300,3.0
104,301,2.0
104,302,2.0
104,303,2.0
104,304,2.0
104,305,2.0
104,306,2.0
104,307,2.0
104,308,3.0
104,309,3.0
104,310,2.0
104,311,1.0
104,312,2.0
104,313,2.0
104,314,2.0
104,315,2.0
104,316,3.0
104,317,2.0
104,318,2.0
104,319,3.0
104,320,2.0
104,321,2.0
104,322,4.0
104,323,4.0
104,324,2.0
104,325,2.0
104,326,2.0
104,327,2.0
104,328,2.0
104,329,4.0
104,330,2.0
104,331,2.0
104,332,2.0
104,333,2.0
104,334,2.0
104,335,1.0
104,336,2.0
104,337,2.0
104,338,2.0
104,339,2.0
104,340,1.0
104,341,2.0
104,342,2.0
104,343,2.0
104,344,2.0
104,345,2.0
104,346,3.0
104,347,2.0
104,348,2.0
104,349,3.0
104,350,2.0
104,351,2.0
104,352,2.0
104,353,3.0
104,354,2.0
104,355,1.0
104,356,4.0
104,357,3.0
104,358,2.0
104,359,2.0
104,360,4.0
104,361,2.0
104,362,2.0
104,363,2.0
104,364,2.0
104,365,1.0
104,366,2.0
104,367,2.0
104,368,2.0
104,369,3.0
104,370,2.0
104,371,2.0
104,372,2.0
104,373,5.0
104,374,2.0
104,375,2.0
104,376,3.0
104,377,3.0
105,106,5.0
105,107,4.0
105,108,3.0
105,109,3.0
105,110,2.0
105,111,1.0
105,112,3.0
105,113,1.0
105,114,2.0
105,115,2.0
105,116,2.0
105,117,3.0
105,118,2.0
105,119,2.0
105,120,3.0
105,121,2.0
105,122,2.0
105,123,4.0
105,124,2.0
105,125,2.0
105,126,4.0
105,127,4.0
105,128,2.0
105,129,4.0
105,130,4.0
105,131,4.0
105,132,1.0
105,133,1.0
105,134,1.0
105,135,1.0
105,136,2.0
105,137,2.0
105,138,2.0
105,139,2.0
105,140,3.0
105,141,3.0
105,142,1.0
105,143,5.0
105,144,5.0
105,145,2.0
105,146,2.0
105,147,2.0
105,148,2.0
105,149,2.0
105,150,3.0
105,151,3.0
105,152,2.0
105,153,2.0
105,154,3.0
105,155,2.0
105,156,3.0
105,157,2.0
105,158,2.0
105,159,2.0
105,160,3.0
105,161,2.0
105,162,4.0
105,163,2.0
105,164,2.0
105,165,1.0
105,166,3.0
105,167,2.0
105,168,2.0
105,169,4.0
105,170,2.0
105,171,2.0
105,172,2.0
105,173,2.0
105,174,2.0
105,175,2.0
105,176,2.0
105,177,4.0
105,178,4.0
105,179,3.0
105,180,4.0
105,181,4.0
105,182,2.0
105,183,3.0
105,184,3.0
105,185,2.0
105,186,2.0
105,187,2.0
105,188,1.0
105,189,3.0
105,190,1.0
105,191,1.0
105,192,1.0
105,193,2.0
105,194,2.0
105,195,1.0
105,196,2.0
105,197,2.0
105,198,2.0
105,199,1.0
105,200,1.0
105,201,1.0
105,202,3.0
105,203,2.0
105,204,1.0
105,205,1.0
105,206,1.0
105,207,3.0
105,208,2.0
105,209,4.0
105,210,2.0
105,211,2.0
105,212,3.0
105,213,5.0
105,214,3.0
105,215,2.0
105,216,3.0
105,217,3.0
105,218,2.0
105,219,3.0
105,220,3.0
105,221,1.0
105,222,2.0
105,223,2.0
105,224,4.0
105,225,4.0
105,226,2.0
105,227,4.0
105,228,2.0
105,229,4.0
105,230,3.0
105,231,4.0
105,232,2.0
105,233,4.0
105,234,1.0
105,235,3.0
105,236,3.0
105,237,2.0
105,238,1.0
105,239,4.0
105,240,2.0
105,241,5.0
105,242,3.0
105,243,3.0
105,244,4.0
105,245,3.0
105,246,3.0
105,247,4.0
105,248,1.0
105,249,2.0
105,250,3.0
105,251,2.0
105,252,1.0
105,253,3.0
105,254,2.0
105,255,3.0
105,256,2.0
105,257,2.0
105,258,3.0
105,259,4.0
105,260,3.0
105,261,4.0
105,262,2.0
105,263,3.0
105,264,2.0
105,265,2.0
105,266,0.0
105,267,4.0
105,268,3.0
105,269,1.0
105,270,2.0
105,271,4.0
105,272,4.0
105,273,3.0
105,274,2.0
105,275,4.0
105,276,4.0
105,277,4.0
105,278,3.0
105,279,1.0
105,280,2.0
105,281,2.0
105,282,2.0
105,283,2.0
105,284,4.0
105,285,2.0
105,286,3.0
105,287,2.0
105,288,2.0
105,289,4.0
105,290,3.0
105,291,1.0
105,292,3.0
105,293,4.0
105,294,2.0
105,295,5.0
105,296,3.0
105,297,4.0
105,298,3.0
105,299,3.0
105,300,1.0
105,301,2.0
105,302,4.0
105,303,3.0
105,304,3.0
105,305,2.0
105,306,2.0
105,307,4.0
105,308,3.0
105,309,3.0
105,310,4.0
105,311,2.0
105,312,4.0
105,313,4.0
105,314,4.0
105,315,2.0
105,316,2.0
105,317,1.0
105,318,3.0
105,319,1.0
105,320,4.0
105,321,4.0
105,322,3.0
105,323,3.0
105,324,4.0
105,325,3.0
105,326,4.0
105,327,4.0
105,328,4.0
105,329,3.0
105,330,5.0
105,331,2.0
105,332,3.0
105,333,3.0
105,334,2.0
105,335,1.0
105,336,2.0
105,337,4.0
105,338,3.0
105,339,4.0
105,340,1.0
105,341,2.0
105,342,3.0
105,343,4.0
105,344,4.0
105,345,3.0
105,346,2.0
105,347,4.0
105,348,3.0
105,349,3.0
105,350,2.0
105,351,4.0
105,352,4.0
105,353,3.0
105,354,4.0
105,355,1.0
105,356,3.0
105,357,3.0
105,358,4.0
105,359,2.0
105,360,3.0
105,361,4.0
105,362,5.0
105,363,2.0
105,364,2.0
105,365,2.0
105,366,4.0
105,367,4.0
105,368,1.0
105,369,3.0
105,370,3.0
105,371,5.0
105,372,3.0
105,373,2.0
105,374,4.0
105,375,4.0
105,376,2.0
105,377,2.0
106,107,4.0
106,108,3.0
106,109,3.0
106,110,2.0
106,111,1.0
106,112,3.0
106,113,1.0
106,114,2.0
106,115,2.0
106,116,2.0
106,117,3.0
106,118,2.0
106,119,2.0
106,120,3.0
106,121,2.0
106,122,2.0
106,123,4.0
106,124,2.0
106,125,2.0
106,126,4.0
106,127,4.0
106,128,2.0
106,129,4.0
106,130,4.0
106,131,4.0
106,132,1.0
106,133,1.0
106,134,1.0
106,135,1.0
106,136,2.0
106,137,2.0
106,138,2.0
106,139,2.0
106,140,3.0
106,141,3.0
106,142,1.0
106,143,5.0
106,144,5.0
106,145,2.0
106,146,2.0
106,147,2.0
106,148,2.0
106,149,2.0
106,150,3.0
106,151,3.0
106,152,2.0
106,153,2.0
106,154,3.0
106,155,2.0
106,156,3.0
106,157,2.0
106,158,2.0
106,159,2.0
106,160,3.0
106,161,2.0
106,162,4.0
106,163,2.0
106,164,2.0
106,165,1.0
106,166,3.0
106,167,2.0
106,168,2.0
106,169,4.0
106,170,2.0
106,171,2.0
106,172,2.0
106,173,2.0
106,174,2.0
106,175,2.0
106,176,2.0
106,177,4.0
106,178,4.0
106,179,3.0
106,180,4.0
106,181,4.0
106,182,2.0
106,183,3.0
106,184,3.0
106,185,2.0
106,186,2.0
106,187,2.0
106,188,1.0
106,189,3.0
106,190,1.0
106,191,1.0
106,192,1.0
106,193,2.0
106,194,2.0
106,195,1.0
106,196,2.0
106,197,2.0
106,198,2.0
106,199,1.0
106,200,1.0
106,201,1.0
106,202,3.0
106,203,2.0
106,204,1.0
106,205,1.0
106,206,1.0
106,207,3.0
106,208,2.0
106,209,4.0
106,210,2.0
106,211,2.0
106,212,3.0
106,213,5.0
106,214,3.0
106,215,2.0
106,216,3.0
106,217,3.0
106,218,2.0
106,219,3.0
106,220,3.0
106,221,1.0
106,222,2.0
106,223,2.0
106,224,4.0
106,225,4.0
106,226,2.0
106,227,4.0
106,228,2.0
106,229,4.0
106,230,3.0
106,231,4.0
106,232,2.0
106,233,4.0
106,234,1.0
106,235,3.0
106,236,3.0
106,237,2.0
106,238,1.0
106,239,4.0
106,240,2.0
106,241,5.0
106,242,3.0
106,243,3.0
106,244,4.0
106,245,3.0
106,246,3.0
106,247,4.0
106,248,1.0
106,249,2.0
106,250,3.0
106,251,2.0
106,252,1.0
106,253,3.0
106,254,2.0
106,255,3.0
106,256,2.0
106,257,2.0
106,258,3.0
106,259,4.0
106,260,3.0
106,261,4.0
106,262,2.0
106,263,3.0
106,264,2.0
106,265,2.0
106,266,0.0
106,267,4.0
106,268,3.0
106,269,1.0
106,270,2.0
106,271,4.0
106,272,4.0
106,273,3.0
106,274,2.0
106,275,4.0
106,276,4.0
106,277,4.0
106,278,3.0
106,279,1.0
106,280,2.0
106,281,2.0
106,282,2.0
106,283,2.0
106,284,4.0
106,285,2.0
106,286,3.0
106,287,2.0
106,288,2.0
106,289,4.0
106,290,3.0
106,291,1.0
106,292,3.0
106,293,4.0
106,294,2.0
106,295,5.0
106,296,3.0
106,297,4.0
106,298,3.0
106,299,3.0
106,300,1.0
106,301,2.0
106,302,4.0
106,303,3.0
106,304,3.0
106,305,2.0
106,306,2.0
106,307,4.0
106,308,3.0
106,309,3.0
106,310,4.0
106,311,2.0
106,312,4.0
106,313,4.0
106,314,4.0
106,315,2.0
106,316,2.0
106,317,1.0
106,318,3.0
106,319,1.0
106,320,4.0
106,321,4.0
106,322,3.0
106,323,3.0
106,324,4.0
106,325,3.0
106,326,4.0
106,327,4.0
106,328,4.0
106,329,3.0
106,330,5.0
106,331,2.0
106,332,3.0
106,333,3.0
106,334,2.0
106,335,1.0
106,336,2.0
106,337,4.0
106,338,3.0
106,339,4.0
106,340,1.0
106,341,2.0
106,342,3.0
106,343,4.0
106,344,4.0
106,345,3.0
106,346,2.0
106,347,4.0
106,348,3.0
106,349,3.0
106,350,2.0
106,351,4.0
106,352,4.0
106,353,3.0
106,354,4.0
106,355,1.0
106,356,3.0
106,357,3.0
106,358,4.0
106,359,2.0
106,360,3.0
106,361,4.0
106,362,5.0
106,363,2.0
106,364,2.0
106,365,2.0
106,366,4.0
106,367,4.0
106,368,1.0
106,369,3.0
106,370,3.0
106,371,5.0
106,372,3.0
106,373,2.0
106,374,4.0
106,375,4.0
106,376,2.0
106,377,2.0
107,108,3.0
107,109,3.0
107,110,3.0
107,111,2.0
107,112,2.0
107,113,2.0
107,114,1.0
107,115,1.0
107,116,1.0
107,117,3.0
107,118,2.0
107,119,3.0
107,120,3.0
107,121,2.0
107,122,3.0
107,123,4.0
107,124,1.0
107,125,1.0
107,126,4.0
107,127,4.0
107,128,1.0
107,129,4.0
107,130,4.0
107,131,4.0
107,132,2.0
107,133,2.0
107,134,2.0
107,135,2.0
107,136,1.0
107,137,1.0
107,138,1.0
107,139,1.0
107,140,4.0
107,141,3.0
107,142,2.0
107,143,4.0
107,144,4.0
107,145,3.0
107,146,2.0
107,147,1.0
107,148,1.0
107,149,2.0
107,150,2.0
107,151,2.0
107,152,2.0
107,153,3.0
107,154,3.0
107,155,2.0
107,156,3.0
107,157,2.0
107,158,2.0
107,159,2.0
107,160,4.0
107,161,1.0
107,162,4.0
107,163,2.0
107,164,2.0
107,165,0.0
107,166,3.0
107,167,2.0
107,168,2.0
107,169,5.0
107,170,2.0
107,171,2.0
107,172,2.0
107,173,2.0
107,174,1.0
107,175,1.0
107,176,2.0
107,177,3.0
107,178,3.0
107,179,3.0
107,180,3.0
107,181,3.0
107,182,2.0
107,183,4.0
107,184,4.0
107,185,1.0
107,186,3.0
107,187,3.0
107,188,1.0
107,189,3.0
107,190,2.0
107,191,2.0
107,192,2.0
107,193,2.0
107,194,2.0
107,195,2.0
107,196,2.0
107,197,2.0
107,198,2.0
107,199,0.0
107,200,0.0
107,201,0.0
107,202,4.0
107,203,3.0
107,204,2.0
107,205,2.0
107,206,1.0
107,207,4.0
107,208,2.0
107,209,5.0
107,210,3.0
107,211,2.0
107,212,3.0
107,213,4.0
107,214,3.0
107,215,2.0
107,216,3.0
107,217,4.0
107,218,2.0
107,219,3.0
107,220,3.0
107,221,1.0
107,222,2.0
107,223,3.0
107,224,5.0
107,225,5.0
107,226,1.0
107,227,5.0
107,228,3.0
107,229,3.0
107,230,4.0
107,231,5.0
107,232,3.0
107,233,3.0
107,234,2.0
107,235,4.0
107,236,4.0
107,237,3.0
107,238,2.0
107,239,5.0
107,240,2.0
107,241,4.0
107,242,4.0
107,243,3.0
107,244,5.0
107,245,4.0
107,246,4.0
107,247,4.0
107,248,1.0
107,249,2.0
107,250,4.0
107,251,3.0
107,252,2.0
107,253,3.0
107,254,2.0
107,255,3.0
107,256,3.0
107,257,2.0
107,258,3.0
107,259,3.0
107,260,4.0
107,261,5.0
107,262,2.0
107,263,3.0
107,264,2.0
107,265,2.0
107,266,0.0
107,267,5.0
107,268,3.0
107,269,2.0
107,270,2.0
107,271,3.0
107,272,4.0
107,273,4.0
107,274,3.0
107,275,5.0
107,276,5.0
107,277,5.0
107,278,3.0
107,279,2.0
107,280,3.0
107,281,2.0
107,282,3.0
107,283,1.0
107,284,5.0
107,285,1.0
107,286,3.0
107,287,2.0
107,288,2.0
107,289,5.0
107,290,3.0
107,291,2.0
107,292,4.0
107,293,3.0
107,294,2.0
107,295,4.0
107,296,4.0
107,297,5.0
107,298,4.0
107,299,4.0
107,300,2.0
107,301,3.0
107,302,5.0
107,303,4.0
107,304,4.0
107,305,2.0
107,306,3.0
107,307,5.0
107,308,3.0
107,309,3.0
107,310,5.0
107,311,2.0
107,312,3.0
107,313,5.0
107,314,5.0
107,315,3.0
107,316,2.0
107,317,0.0
107,318,4.0
107,319,2.0
107,320,5.0
107,321,5.0
107,322,3.0
107,323,3.0
107,324,4.0
107,325,2.0
107,326,5.0
107,327,3.0
107,328,5.0
107,329,3.0
107,330,4.0
107,331,1.0
107,332,4.0
107,333,4.0
107,334,1.0
107,335,0.0
107,336,1.0
107,337,5.0
107,338,4.0
107,339,3.0
107,340,2.0
107,341,2.0
107,342,4.0
107,343,5.0
107,344,5.0
107,345,4.0
107,346,2.0
107,347,5.0
107,348,4.0
107,349,3.0
107,350,3.0
107,351,5.0
107,352,5.0
107,353,3.0
107,354,5.0
107,355,1.0
107,356,3.0
107,357,3.0
107,358,5.0
107,359,3.0
107,360,3.0
107,361,5.0
107,362,4.0
107,363,2.0
107,364,1.0
107,365,2.0
107,366,4.0
107,367,5.0
107,368,1.0
107,369,3.0
107,370,4.0
107,371,4.0
107,372,4.0
107,373,2.0
107,374,5.0
107,375,3.0
107,376,2.0
107,377,3.0
108,109,5.0
108,110,4.0
108,111,2.0
108,112,4.0
108,113,2.0
108,114,1.0
108,115,1.0
108,116,1.0
108,117,5.0
108,118,3.0
108,119,3.0
108,120,5.0
108,121,3.0
108,122,3.0
108,123,3.0
108,124,2.0
108,125,2.0
108,126,3.0
108,127,3.0
108,128,1.0
108,129,3.0
108,130,3.0
108,131,3.0
108,132,2.0
108,133,2.0
108,134,2.0
108,135,2.0
108,136,1.0
108,137,1.0
108,138,1.0
108,139,1.0
108,140,3.0
108,141,5.0
108,142,2.0
108,143,3.0
108,144,3.0
108,145,3.0
108,146,4.0
108,147,1.0
108,148,1.0
108,149,4.0
108,150,2.0
108,151,2.0
108,152,2.0
108,153,3.0
108,154,5.0
108,155,2.0
108,156,4.0
108,157,3.0
108,158,3.0
108,159,2.0
108,160,4.0
108,161,2.0
108,162,3.0
108,163,3.0
108,164,3.0
108,165,0.0
108,166,3.0
108,167,3.0
108,168,2.0
108,169,3.0
108,170,3.0
108,171,2.0
108,172,3.0
108,173,2.0
108,174,1.0
108,175,2.0
108,176,2.0
108,177,4.0
108,178,4.0
108,179,5.0
108,180,4.0
108,181,4.0
108,182,1.0
108,183,3.0
108,184,3.0
108,185,1.0
108,186,3.0
108,187,3.0
108,188,3.0
108,189,2.0
108,190,2.0
108,191,2.0
108,192,2.0
108,193,3.0
108,194,3.0
108,195,2.0
108,196,2.0
108,197,2.0
108,198,2.0
108,199,1.0
108,200,1.0
108,201,1.0
108,202,3.0
108,203,4.0
108,204,2.0
108,205,2.0
108,206,2.0
108,207,3.0
108,208,3.0
108,209,3.0
108,210,3.0
108,211,2.0
108,212,5.0
108,213,3.0
108,214,5.0
108,215,3.0
108,216,2.0
108,217,4.0
108,218,2.0
108,219,3.0
108,220,5.0
108,221,2.0
108,222,3.0
108,223,4.0
108,224,3.0
108,225,3.0
108,226,1.0
108,227,3.0
108,228,2.0
108,229,3.0
108,230,3.0
108,231,3.0
108,232,4.0
108,233,4.0
108,234,2.0
108,235,2.0
108,236,4.0
108,237,3.0
108,238,2.0
108,239,3.0
108,240,2.0
108,241,3.0
108,242,2.0
108,243,5.0
108,244,3.0
108,245,4.0
108,246,3.0
108,247,3.0
108,248,3.0
108,249,2.0
108,250,3.0
108,251,2.0
108,252,2.0
108,253,2.0
108,254,2.0
108,255,2.0
108,256,3.0
108,257,3.0
108,258,4.0
108,259,3.0
108,260,2.0
108,261,3.0
108,262,2.0
108,263,4.0
108,264,2.0
108,265,2.0
108,266,2.0
108,267,3.0
108,268,5.0
108,269,2.0
108,270,3.0
108,271,3.0
108,272,3.0
108,273,3.0
108,274,3.0
108,275,3.0
108,276,3.0
108,277,3.0
108,278,4.0
108,279,2.0
108,280,3.0
108,281,2.0
108,282,2.0
108,283,1.0
108,284,3.0
108,285,2.0
108,286,5.0
108,287,3.0
108,288,2.0
108,289,3.0
108,290,2.0
108,291,2.0
108,292,2.0
108,293,4.0
108,294,3.0
108,295,3.0
108,296,3.0
108,297,3.0
108,298,3.0
108,299,3.0
108,300,3.0
108,301,4.0
108,302,3.0
108,303,2.0
108,304,3.0
108,305,2.0
108,306,2.0
108,307,3.0
108,308,3.0
108,309,4.0
108,310,3.0
108,311,2.0
108,312,3.0
108,313,3.0
108,314,3.0
108,315,3.0
108,316,2.0
108,317,2.0
108,318,3.0
108,319,2.0
108,320,3.0
108,321,3.0
108,322,5.0
108,323,5.0
108,324,3.0
108,325,2.0
108,326,3.0
108,327,3.0
108,328,3.0
108,329,5.0
108,330,3.0
108,331,1.0
108,332,2.0
108,333,3.0
108,334,1.0
108,335,1.0
108,336,2.0
108,337,3.0
108,338,3.0
108,339,3.0
108,340,2.0
108,341,2.0
108,342,2.0
108,343,3.0
108,344,3.0
108,345,3.0
108,346,2.0
108,347,3.0
108,348,3.0
108,349,4.0
108,350,2.0
108,351,3.0
108,352,3.0
108,353,5.0
108,354,3.0
108,355,3.0
108,356,5.0
108,357,3.0
108,358,3.0
108,359,3.0
108,360,5.0
108,361,3.0
108,362,3.0
108,363,3.0
108,364,1.0
108,365,3.0
108,366,3.0
108,367,3.0
108,368,1.0
108,369,2.0
108,370,3.0
108,371,3.0
108,372,2.0
108,373,3.0
108,374,3.0
108,375,4.0
108,376,2.0
108,377,2.0
109,110,5.0
109,111,3.0
109,112,3.0
109,113,3.0
109,114,1.0
109,115,1.0
109,116,1.0
109,117,6.0
109,118,3.0
109,119,3.0
109,120,6.0
109,121,3.0
109,122,3.0
109,123,3.0
109,124,2.0
109,125,2.0
109,126,3.0
109,127,3.0
109,128,1.0
109,129,3.0
109,130,3.0
109,131,3.0
109,132,3.0
109,133,3.0
109,134,3.0
109,135,3.0
109,136,1.0
109,137,1.0
109,138,1.0
109,139,1.0
109,140,3.0
109,141,4.0
109,142,3.0
109,143,3.0
109,144,3.0
109,145,2.0
109,146,3.0
109,147,1.0
109,148,1.0
109,149,3.0
109,150,2.0
109,151,2.0
109,152,2.0
109,153,3.0
109,154,6.0
109,155,3.0
109,156,4.0
109,157,4.0
109,158,4.0
109,159,2.0
109,160,3.0
109,161,2.0
109,162,3.0
109,163,4.0
109,164,3.0
109,165,1.0
109,166,3.0
109,167,4.0
109,168,2.0
109,169,3.0
109,170,4.0
109,171,1.0
109,172,4.0
109,173,3.0
109,174,1.0
109,175,2.0
109,176,2.0
109,177,3.0
109,178,3.0
109,179,5.0
109,180,3.0
109,181,3.0
109,182,2.0
109,183,3.0
109,184,3.0
109,185,1.0
109,186,3.0
109,187,3.0
109,188,2.0
109,189,2.0
109,190,3.0
109,191,3.0
109,192,3.0
109,193,2.0
109,194,4.0
109,195,2.0
109,196,2.0
109,197,2.0
109,198,2.0
109,199,1.0
109,200,1.0
109,201,1.0
109,202,3.0
109,203,4.0
109,204,2.0
109,205,2.0
109,206,2.0
109,207,3.0
109,208,4.0
109,209,3.0
109,210,4.0
109,211,1.0
109,212,6.0
109,213,3.0
109,214,6.0
109,215,3.0
109,216,2.0
109,217,4.0
109,218,2.0
109,219,3.0
109,220,6.0
109,221,2.0
109,222,3.0
109,223,3.0
109,224,3.0
109,225,3.0
109,226,1.0
109,227,3.0
109,228,2.0
109,229,3.0
109,230,3.0
109,231,3.0
109,232,4.0
109,233,3.0
109,234,3.0
109,235,2.0
109,236,4.0
109,237,4.0
109,238,3.0
109,239,3.0
109,240,1.0
109,241,3.0
109,242,2.0
109,243,6.0
109,244,3.0
109,245,4.0
109,246,3.0
109,247,3.0
109,248,2.0
109,249,3.0
109,250,3.0
109,251,2.0
109,252,2.0
109,253,2.0
109,254,2.0
109,255,2.0
109,256,3.0
109,257,3.0
109,258,5.0
109,259,3.0
109,260,2.0
109,261,3.0
109,262,3.0
109,263,5.0
109,264,1.0
109,265,2.0
109,266,2.0
109,267,3.0
109,268,6.0
109,269,2.0
109,270,4.0
109,271,3.0
109,272,3.0
109,273,3.0
109,274,3.0
109,275,3.0
109,276,3.0
109,277,3.0
109,278,5.0
109,279,2.0
109,280,4.0
109,281,2.0
109,282,3.0
109,283,1.0
109,284,3.0
109,285,2.0
109,286,6.0
109,287,3.0
109,288,2.0
109,289,3.0
109,290,2.0
109,291,2.0
109,292,2.0
109,293,3.0
109,294,4.0
109,295,3.0
109,296,3.0
109,297,3.0
109,298,3.0
109,299,3.0
109,300,4.0
109,301,4.0
109,302,3.0
109,303,2.0
109,304,3.0
109,305,2.0
109,306,2.0
109,307,3.0
109,308,4.0
109,309,5.0
109,310,3.0
109,311,1.0
109,312,3.0
109,313,3.0
109,314,3.0
109,315,3.0
109,316,3.0
109,317,1.0
109,318,3.0
109,319,3.0
109,320,3.0
109,321,3.0
109,322,6.0
109,323,6.0
109,324,3.0
109,325,2.0
109,326,3.0
109,327,3.0
109,328,3.0
109,329,6.0
109,330,3.0
109,331,1.0
109,332,2.0
109,333,3.0
109,334,1.0
109,335,1.0
109,336,2.0
109,337,3.0
109,338,3.0
109,339,3.0
109,340,2.0
109,341,2.0
109,342,2.0
109,343,3.0
109,344,3.0
109,345,3.0
109,346,3.0
109,347,3.0
109,348,3.0
109,349,5.0
109,350,2.0
109,351,3.0
109,352,3.0
109,353,5.0
109,354,3.0
109,355,2.0
109,356,6.0
109,357,4.0
109,358,3.0
109,359,3.0
109,360,6.0
109,361,3.0
109,362,3.0
109,363,4.0
109,364,1.0
109,365,3.0
109,366,3.0
109,367,3.0
109,368,2.0
109,369,2.0
109,370,3.0
109,371,3.0
109,372,2.0
109,373,4.0
109,374,3.0
109,375,3.0
109,376,3.0
109,377,3.0
110,111,3.0
110,112,2.0
110,113,3.0
110,114,1.0
110,115,1.0
110,116,1.0
110,117,5.0
110,118,3.0
110,119,3.0
110,120,5.0
110,121,3.0
110,122,3.0
110,123,3.0
110,124,2.0
110,125,2.0
110,126,2.0
110,127,2.0
110,128,1.0
110,129,2.0
110,130,2.0
110,131,2.0
110,132,3.0
110,133,3.0
110,134,3.0
110,135,3.0
110,136,2.0
110,137,2.0
110,138,2.0
110,139,1.0
110,140,3.0
110,141,3.0
110,142,3.0
110,143,2.0
110,144,2.0
110,145,2.0
110,146,2.0
110,147,2.0
110,148,2.0
110,149,2.0
110,150,2.0
110,151,2.0
110,152,2.0
110,153,3.0
110,154,5.0
110,155,3.0
110,156,3.0
110,157,3.0
110,158,3.0
110,159,2.0
110,160,3.0
110,161,2.0
110,162,2.0
110,163,3.0
110,164,2.0
110,165,2.0
110,166,2.0
110,167,3.0
110,168,1.0
110,169,3.0
110,170,3.0
110,171,1.0
110,172,3.0
110,173,3.0
110,174,1.0
110,175,2.0
110,176,2.0
110,177,2.0
110,178,2.0
110,179,4.0
110,180,2.0
110,181,2.0
110,182,2.0
110,183,3.0
110,184,3.0
110,185,1.0
110,186,3.0
110,187,3.0
110,188,1.0
110,189,2.0
110,190,3.0
110,191,3.0
110,192,3.0
110,193,2.0
110,194,3.0
110,195,2.0
110,196,2.0
110,197,2.0
110,198,2.0
110,199,1.0
110,200,1.0
110,201,1.0
110,202,3.0
110,203,5.0
110,204,2.0
110,205,2.0
110,206,2.0
110,207,3.0
110,208,3.0
110,209,3.0
110,210,4.0
110,211,1.0
110,212,5.0
110,213,2.0
110,214,5.0
110,215,3.0
110,216,2.0
110,217,3.0
110,218,2.0
110,219,2.0
110,220,5.0
110,221,2.0
110,222,3.0
110,223,3.0
110,224,3.0
110,225,3.0
110,226,1.0
110,227,3.0
110,228,2.0
110,229,2.0
110,230,3.0
110,231,3.0
110,232,5.0
110,233,2.0
110,234,3.0
110,235,2.0
110,236,4.0
110,237,4.0
110,238,3.0
110,239,3.0
110,240,1.0
110,241,2.0
110,242,2.0
110,243,5.0
110,244,3.0
110,245,4.0
110,246,3.0
110,247,2.0
110,248,1.0
110,249,3.0
110,250,3.0
110,251,2.0
110,252,2.0
110,253,1.0
110,254,2.0
110,255,2.0
110,256,3.0
110,257,3.0
110,258,4.0
110,259,2.0
110,260,2.0
110,261,3.0
110,262,3.0
110,263,4.0
110,264,1.0
110,265,2.0
110,266,2.0
110,267,3.0
110,268,5.0
110,269,2.0
110,270,3.0
110,271,2.0
110,272,2.0
110,273,3.0
110,274,3.0
110,275,3.0
110,276,3.0
110,277,3.0
110,278,4.0
110,279,2.0
110,280,4.0
110,281,2.0
110,282,3.0
110,283,2.0
110,284,3.0
110,285,2.0
110,286,5.0
110,287,3.0
110,288,2.0
110,289,3.0
110,290,2.0
110,291,2.0
110,292,2.0
110,293,2.0
110,294,3.0
110,295,2.0
110,296,3.0
110,297,3.0
110,298,3.0
110,299,3.0
110,300,4.0
110,301,4.0
110,302,3.0
110,303,2.0
110,304,3.0
110,305,2.0
110,306,2.0
110,307,3.0
110,308,3.0
110,309,4.0
110,310,3.0
110,311,1.0
110,312,2.0
110,313,3.0
110,314,3.0
110,315,3.0
110,316,3.0
110,317,2.0
110,318,3.0
110,319,3.0
110,320,3.0
110,321,3.0
110,322,5.0
110,323,5.0
110,324,2.0
110,325,3.0
110,326,3.0
110,327,2.0
110,328,3.0
110,329,5.0
110,330,2.0
110,331,1.0
110,332,2.0
110,333,3.0
110,334,1.0
110,335,1.0
110,336,2.0
110,337,3.0
110,338,3.0
110,339,2.0
110,340,2.0
110,341,2.0
110,342,2.0
110,343,3.0
110,344,3.0
110,345,3.0
110,346,3.0
110,347,3.0
110,348,3.0
110,349,4.0
110,350,2.0
110,351,3.0
110,352,3.0
110,353,4.0
110,354,3.0
110,355,1.0
110,356,5.0
110,357,3.0
110,358,3.0
110,359,3.0
110,360,5.0
110,361,3.0
110,362,2.0
110,363,4.0
110,364,2.0
110,365,3.0
110,366,2.0
110,367,3.0
110,368,1.0
110,369,2.0
110,370,3.0
110,371,2.0
110,372,2.0
110,373,3.0
110,374,3.0
110,375,2.0
110,376,3.0
110,377,3.0
111,112,1.0
111,113,5.0
111,114,1.0
111,115,1.0
111,116,1.0
111,117,3.0
111,118,1.0
111,119,4.0
111,120,3.0
111,121,1.0
111,122,4.0
111,123,2.0
111,124,1.0
111,125,1.0
111,126,1.0
111,127,1.0
111,128,1.0
111,129,1.0
111,130,1.0
111,131,1.0
111,132,2.0
111,133,2.0
111,134,2.0
111,135,2.0
111,136,1.0
111,137,1.0
111,138,1.0
111,139,1.0
111,140,2.0
111,141,1.0
111,142,3.0
111,143,1.0
111,144,1.0
111,145,2.0
111,146,1.0
111,147,1.0
111,148,1.0
111,149,1.0
111,150,2.0
111,151,2.0
111,152,3.0
111,153,2.0
111,154,3.0
111,155,3.0
111,156,1.0
111,157,3.0
111,158,3.0
111,159,3.0
111,160,2.0
111,161,1.0
111,162,1.0
111,163,3.0
111,164,1.0
111,165,1.0
111,166,1.0
111,167,3.0
111,168,1.0
111,169,2.0
111,170,3.0
111,171,1.0
111,172,3.0
111,173,3.0
111,174,1.0
111,175,1.0
111,176,3.0
111,177,1.0
111,178,1.0
111,179,2.0
111,180,1.0
111,181,1.0
111,182,3.0
111,183,2.0
111,184,2.0
111,185,1.0
111,186,2.0
111,187,2.0
111,188,0.0
111,189,3.0
111,190,3.0
111,191,3.0
111,192,3.0
111,193,2.0
111,194,3.0
111,195,3.0
111,196,2.0
111,197,2.0
111,198,2.0
111,199,0.0
111,200,0.0
111,201,0.0
111,202,2.0
111,203,2.0
111,204,3.0
111,205,3.0
111,206,2.0
111,207,3.0
111,208,3.0
111,209,2.0
111,210,3.0
111,211,1.0
111,212,3.0
111,213,1.0
111,214,3.0
111,215,1.0
111,216,3.0
111,217,2.0
111,218,3.0
111,219,1.0
111,220,3.0
111,221,1.0
111,222,1.0
111,223,3.0
111,224,2.0
111,225,2.0
111,226,1.0
111,227,2.0
111,228,2.0
111,229,1.0
111,230,2.0
111,231,2.0
111,232,2.0
111,233,1.0
111,234,2.0
111,235,2.0
111,236,2.0
111,237,3.0
111,238,2.0
111,239,2.0
111,240,1.0
111,241,1.0
111,242,2.0
111,243,3.0
111,244,2.0
111,245,2.0
111,246,2.0
111,247,1.0
111,248,0.0
111,249,3.0
111,250,2.0
111,251,2.0
111,252,3.0
111,253,1.0
111,254,3.0
111,255,3.0
111,256,2.0
111,257,1.0
111,258,2.0
111,259,1.0
111,260,2.0
111,261,2.0
111,262,3.0
111,263,2.0
111,264,1.0
111,265,3.0
111,266,1.0
111,267,2.0
111,268,3.0
111,269,2.0
111,270,3.0
111,271,1.0
111,272,1.0
111,273,2.0
111,274,4.0
111,275,2.0
111,276,2.0
111,277,2.0
111,278,2.0
111,279,2.0
111,280,3.0
111,281,3.0
111,282,3.0
111,283,1.0
111,284,2.0
111,285,1.0
111,286,3.0
111,287,1.0
111,288,2.0
111,289,2.0
111,290,2.0
111,291,2.0
111,292,2.0
111,293,1.0
111,294,3.0
111,295,1.0
111,296,2.0
111,297,2.0
111,298,2.0
111,299,2.0
111,300,3.0
111,301,2.0
111,302,2.0
111,303,2.0
111,304,3.0
111,305,3.0
111,306,3.0
111,307,2.0
111,308,2.0
111,309,2.0
111,310,2.0
111,311,1.0
111,312,1.0
111,313,2.0
111,314,2.0
111,315,4.0
111,316,3.0
111,317,1.0
111,318,3.0
111,319,3.0
111,320,2.0
111,321,2.0
111,322,3.0
111,323,3.0
111,324,1.0
111,325,1.0
111,326,2.0
111,327,1.0
111,328,2.0
111,329,3.0
111,330,1.0
111,331,1.0
111,332,2.0
111,333,3.0
111,334,1.0
111,335,0.0
111,336,1.0
111,337,2.0
111,338,2.0
111,339,2.0
111,340,1.0
111,341,3.0
111,342,2.0
111,343,2.0
111,344,2.0
111,345,2.0
111,346,3.0
111,347,2.0
111,348,2.0
111,349,2.0
111,350,2.0
111,351,2.0
111,352,2.0
111,353,2.0
111,354,2.0
111,355,0.0
111,356,3.0
111,357,2.0
111,358,2.0
111,359,4.0
111,360,3.0
111,361,2.0
111,362,1.0
111,363,2.0
111,364,1.0
111,365,1.0
111,366,1.0
111,367,2.0
111,368,1.0
111,369,3.0
111,370,2.0
111,371,1.0
111,372,2.0
111,373,3.0
111,374,2.0
111,375,1.0
111,376,3.0
111,377,3.0
112,113,1.0
112,114,1.0
112,115,1.0
112,116,1.0
112,117,3.0
112,118,3.0
112,119,1.0
112,120,3.0
112,121,3.0
112,122,1.0
112,123,2.0
112,124,2.0
112,125,2.0
112,126,2.0
112,127,2.0
112,128,1.0
112,129,2.0
112,130,2.0
112,131,2.0
112,132,1.0
112,133,1.0
112,134,1.0
112,135,1.0
112,136,1.0
112,137,1.0
112,138,1.0
112,139,1.0
112,140,1.0
112,141,4.0
112,142,1.0
112,143,3.0
112,144,3.0
112,145,2.0
112,146,3.0
112,147,1.0
112,148,1.0
112,149,3.0
112,150,2.0
112,151,2.0
112,152,2.0
112,153,2.0
112,154,3.0
112,155,1.0
112,156,3.0
112,157,1.0
112,158,1.0
112,159,2.0
112,160,3.0
112,161,2.0
112,162,2.0
112,163,1.0
112,164,4.0
112,165,1.0
112,166,2.0
112,167,1.0
112,168,2.0
112,169,2.0
112,170,1.0
112,171,1.0
112,172,1.0
112,173,1.0
112,174,1.0
112,175,2.0
112,176,2.0
112,177,5.0
112,178,5.0
112,179,3.0
112,180,5.0
112,181,5.0
112,182,0.0
112,183,2.0
112,184,2.0
112,185,1.0
112,186,1.0
112,187,1.0
112,188,4.0
112,189,2.0
112,190,1.0
112,191,1.0
112,192,1.0
112,193,2.0
112,194,1.0
112,195,1.0
112,196,1.0
112,197,1.0
112,198,1.0
112,199,2.0
112,200,2.0
112,201,2.0
112,202,1.0
112,203,2.0
112,204,1.0
112,205,1.0
112,206,1.0
112,207,2.0
112,208,1.0
112,209,2.0
112,210,2.0
112,211,1.0
112,212,3.0
112,213,3.0
112,214,3.0
112,215,2.0
112,216,2.0
112,217,2.0
112,218,2.0
112,219,2.0
112,220,3.0
112,221,2.0
112,222,3.0
112,223,2.0
112,224,2.0
112,225,2.0
112,226,1.0
112,227,2.0
112,228,2.0
112,229,4.0
112,230,2.0
112,231,2.0
112,232,2.0
112,233,5.0
112,234,1.0
112,235,2.0
112,236,2.0
112,237,1.0
112,238,1.0
112,239,2.0
112,240,1.0
112,241,3.0
112,242,2.0
112,243,3.0
112,244,2.0
112,245,2.0
112,246,2.0
112,247,2.0
112,248,4.0
112,249,1.0
112,250,1.0
112,251,2.0
112,252,1.0
112,253,1.0
112,254,2.0
112,255,2.0
112,256,1.0
112,257,2.0
112,258,3.0
112,259,4.0
112,260,2.0
112,261,2.0
112,262,1.0
112,263,3.0
112,264,1.0
112,265,2.0
112,266,3.0
112,267,2.0
112,268,3.0
112,269,1.0
112,270,1.0
112,271,4.0
112,272,2.0
112,273,3.0
112,274,1.0
112,275,2.0
112,276,2.0
112,277,2.0
112,278,3.0
112,279,1.0
112,280,2.0
112,281,2.0
112,282,2.0
112,283,1.0
112,284,2.0
112,285,1.0
112,286,3.0
112,287,4.0
112,288,2.0
112,289,2.0
112,290,2.0
112,291,1.0
112,292,2.0
112,293,5.0
112,294,1.0
112,295,3.0
112,296,1.0
112,297,2.0
112,298,2.0
112,299,2.0
112,300,2.0
112,301,2.0
112,302,2.0
112,303,2.0
112,304,1.0
112,305,2.0
112,306,1.0
112,307,2.0
112,308,2.0
112,309,3.0
112,310,2.0
112,311,1.0
112,312,4.0
112,313,2.0
112,314,2.0
112,315,1.0
112,316,1.0
112,317,3.0
112,318,2.0
112,319,1.0
112,320,2.0
112,321,2.0
112,322,3.0
112,323,3.0
112,324,2.0
112,325,2.0
112,326,2.0
112,327,4.0
112,328,2.0
112,329,3.0
112,330,3.0
112,331,1.0
112,332,2.0
112,333,1.0
112,334,1.0
112,335,2.0
112,336,2.0
112,337,2.0
112,338,1.0
112,339,4.0
112,340,1.0
112,341,2.0
112,342,2.0
112,343,2.0
112,344,2.0
112,345,1.0
112,346,1.0
112,347,2.0
112,348,1.0
112,349,3.0
112,350,2.0
112,351,2.0
112,352,2.0
112,353,3.0
112,354,2.0
112,355,4.0
112,356,3.0
112,357,2.0
112,358,2.0
112,359,1.0
112,360,3.0
112,361,2.0
112,362,3.0
112,363,3.0
112,364,1.0
112,365,4.0
112,366,2.0
112,367,2.0
112,368,1.0
112,369,2.0
112,370,2.0
112,371,3.0
112,372,2.0
112,373,1.0
112,374,2.0
112,375,5.0
112,376,1.0
112,377,2.0
113,114,1.0
113,115,1.0
113,116,1.0
113,117,3.0
113,118,1.0
113,119,4.0
113,120,3.0
113,121,1.0
113,122,4.0
113,123,2.0
113,124,1.0
113,125,1.0
113,126,1.0
113,127,1.0
113,128,1.0
113,129,1.0
113,130,1.0
113,131,1.0
113,132,2.0
113,133,2.0
113,134,2.0
113,135,2.0
113,136,1.0
113,137,1.0
113,138,1.0
113,139,1.0
113,140,2.0
113,141,1.0
113,142,3.0
113,143,1.0
113,144,1.0
113,145,2.0
113,146,1.0
113,147,1.0
113,148,1.0
113,149,1.0
113,150,2.0
113,151,2.0
113,152,3.0
113,153,2.0
113,154,3.0
113,155,3.0
113,156,1.0
113,157,3.0
113,158,3.0
113,159,3.0
113,160,2.0
113,161,1.0
113,162,1.0
113,163,3.0
113,164,1.0
113,165,1.0
113,166,1.0
113,167,3.0
113,168,1.0
113,169,2.0
113,170,3.0
113,171,1.0
113,172,3.0
113,173,3.0
113,174,1.0
113,175,1.0
113,176,3.0
113,177,1.0
113,178,1.0
113,179,2.0
113,180,1.0
113,181,1.0
113,182,3.0
113,183,2.0
113,184,2.0
113,185,1.0
113,186,2.0
113,187,2.0
113,188,0.0
113,189,3.0
113,190,3.0
113,191,3.0
113,192,3.0
113,193,2.0
113,194,3.0
113,195,3.0
113,196,2.0
113,197,2.0
113,198,2.0
113,199,0.0
113,200,0.0
113,201,0.0
113,202,2.0
113,203,2.0
113,204,3.0
113,205,3.0
113,206,2.0
113,207,3.0
113,208,3.0
113,209,2.0
113,210,3.0
113,211,1.0
113,212,3.0
113,213,1.0
113,214,3.0
113,215,1.0
113,216,3.0
113,217,2.0
113,218,3.0
113,219,1.0
113,220,3.0
113,221,1.0
113,222,1.0
113,223,3.0
113,224,2.0
113,225,2.0
113,226,1.0
113,227,2.0
113,228,2.0
113,229,1.0
113,230,2.0
113,231,2.0
113,232,2.0
113,233,1.0
113,234,2.0
113,235,2.0
113,236,2.0
113,237,3.0
113,238,2.0
113,239,2.0
113,240,1.0
113,241,1.0
113,242,2.0
113,243,3.0
113,244,2.0
113,245,2.0
113,246,2.0
113,247,1.0
113,248,0.0
113,249,3.0
113,250,2.0
113,251,2.0
113,252,3.0
113,253,1.0
113,254,3.0
113,255,3.0
113,256,2.0
113,257,1.0
113,258,2.0
113,259,1.0
113,260,2.0
113,261,2.0
113,262,3.0
113,263,2.0
113,264,1.0
113,265,3.0
113,266,1.0
113,267,2.0
113,268,3.0
113,269,2.0
113,270,3.0
113,271,1.0
113,272,1.0
113,273,2.0
113,274,4.0
113,275,2.0
113,276,2.0
113,277,2.0
113,278,2.0
113,279,2.0
113,280,3.0
113,281,3.0
113,282,3.0
113,283,1.0
113,284,2.0
113,285,1.0
113,286,3.0
113,287,1.0
113,288,2.0
113,289,2.0
113,290,2.0
113,291,2.0
113,292,2.0
113,293,1.0
113,294,3.0
113,295,1.0
113,296,2.0
113,297,2.0
113,298,2.0
113,299,2.0
113,300,3.0
113,301,2.0
113,302,2.0
113,303,2.0
113,304,3.0
113,305,3.0
113,306,3.0
113,307,2.0
113,308,2.0
113,309,2.0
113,310,2.0
113,311,1.0
113,312,1.0
113,313,2.0
113,314,2.0
113,315,4.0
113,316,3.0
113,317,1.0
113,318,3.0
113,319,3.0
113,320,2.0
113,321,2.0
113,322,3.0
113,323,3.0
113,324,1.0
113,325,1.0
113,326,2.0
113,327,1.0
113,328,2.0
113,329,3.0
113,330,1.0
113,331,1.0
113,332,2.0
113,333,3.0
113,334,1.0
113,335,0.0
113,336,1.0
113,337,2.0
113,338,2.0
113,339,2.0
113,340,1.0
113,341,3.0
113,342,2.0
113,343,2.0
113,344,2.0
113,345,2.0
113,346,3.0
113,347,2.0
113,348,2.0
113,349,2.0
113,350,2.0
113,351,2.0
113,352,2.0
113,353,2.0
113,354,2.0
113,355,0.0
113,356,3.0
113,357,2.0
113,358,2.0
113,359,4.0
113,360,3.0
113,361,2.0
113,362,1.0
113,363,2.0
113,364,1.0
113,365,1.0
113,366,1.0
113,367,2.0
113,368,1.0
113,369,3.0
113,370,2.0
113,371,1.0
113,372,2.0
113,373,3.0
113,374,2.0
113,375,1.0
113,376,3.0
113,377,3.0
114,115,6.0
114,116,6.0
114,117,1.0
114,118,1.0
114,119,1.0
114,120,1.0
114,121,1.0
114,122,1.0
114,123,2.0
114,124,2.0
114,125,2.0
114,126,1.0
114,127,1.0
114,128,6.0
114,129,1.0
114,130,1.0
114,131,1.0
114,132,2.0
114,133,2.0
114,134,2.0
114,135,2.0
114,136,2.0
114,137,2.0
114,138,2.0
114,139,6.0
114,140,1.0
114,141,1.0
114,142,1.0
114,143,2.0
114,144,2.0
114,145,1.0
114,146,1.0
114,147,4.0
114,148,4.0
114,149,1.0
114,150,2.0
114,151,2.0
114,152,2.0
114,153,1.0
114,154,1.0
114,155,1.0
114,156,1.0
114,157,1.0
114,158,1.0
114,159,2.0
114,160,1.0
114,161,2.0
114,162,1.0
114,163,1.0
114,164,0.0
114,165,3.0
114,166,1.0
114,167,1.0
114,168,0.0
114,169,1.0
114,170,1.0
114,171,1.0
114,172,1.0
114,173,1.0
114,174,6.0
114,175,2.0
114,176,3.0
114,177,2.0
114,178,2.0
114,179,1.0
114,180,2.0
114,181,2.0
114,182,1.0
114,183,1.0
114,184,1.0
114,185,6.0
114,186,1.0
114,187,1.0
114,188,0.0
114,189,2.0
114,190,0.0
114,191,0.0
114,192,0.0
114,193,1.0
114,194,1.0
114,195,1.0
114,196,1.0
114,197,1.0
114,198,1.0
114,199,5.0
114,200,5.0
114,201,5.0
114,202,1.0
114,203,2.0
114,204,1.0
114,205,1.0
114,206,1.0
114,207,1.0
114,208,1.0
114,209,1.0
114,210,1.0
114,211,1.0
114,212,1.0
114,213,2.0
114,214,1.0
114,215,1.0
114,216,2.0
114,217,1.0
114,218,3.0
114,219,1.0
114,220,1.0
114,221,0.0
114,222,1.0
114,223,1.0
114,224,1.0
114,225,1.0
114,226,6.0
114,227,1.0
114,228,2.0
114,229,2.0
114,230,1.0
114,231,1.0
114,232,1.0
114,233,2.0
114,234,0.0
114,235,1.0
114,236,1.0
114,237,1.0
114,238,0.0
114,239,1.0
114,240,1.0
114,241,2.0
114,242,1.0
114,243,1.0
114,244,1.0
114,245,1.0
114,246,1.0
114,247,1.0
114,248,0.0
114,249,1.0
114,250,1.0
114,251,2.0
114,252,1.0
114,253,1.0
114,254,2.0
114,255,2.0
114,256,1.0
114,257,1.0
114,258,1.0
114,259,2.0
114,260,1.0
114,261,1.0
114,262,2.0
114,263,1.0
114,264,1.0
114,265,3.0
114,266,0.0
114,267,1.0
114,268,1.0
114,269,1.0
114,270,1.0
114,271,2.0
114,272,1.0
114,273,1.0
114,274,1.0
114,275,1.0
114,276,1.0
114,277,1.0
114,278,1.0
114,279,1.0
114,280,1.0
114,281,3.0
114,282,1.0
114,283,3.0
114,284,1.0
114,285,2.0
114,286,1.0
114,287,1.0
114,288,2.0
114,289,1.0
114,290,2.0
114,291,1.0
114,292,1.0
114,293,2.0
114,294,1.0
114,295,2.0
114,296,1.0
114,297,1.0
114,298,1.0
114,299,1.0
114,300,1.0
114,301,1.0
114,302,1.0
114,303,1.0
114,304,1.0
114,305,3.0
114,306,1.0
114,307,1.0
114,308,1.0
114,309,1.0
114,310,1.0
114,311,1.0
114,312,2.0
114,313,1.0
114,314,1.0
114,315,1.0
114,316,1.0
114,317,1.0
114,318,1.0
114,319,2.0
114,320,1.0
114,321,1.0
114,322,1.0
114,323,1.0
114,324,1.0
114,325,4.0
114,326,1.0
114,327,2.0
114,328,1.0
114,329,1.0
114,330,2.0
114,331,6.0
114,332,1.0
114,333,1.0
114,334,5.0
114,335,4.0
114,336,2.0
114,337,1.0
114,338,1.0
114,339,2.0
114,340,0.0
114,341,3.0
114,342,1.0
114,343,1.0
114,344,1.0
114,345,1.0
114,346,1.0
114,347,1.0
114,348,1.0
114,349,1.0
114,350,1.0
114,351,1.0
114,352,1.0
114,353,1.0
114,354,1.0
114,355,0.0
114,356,1.0
114,357,1.0
114,358,1.0
114,359,1.0
114,360,1.0
114,361,1.0
114,362,2.0
114,363,1.0
114,364,4.0
114,365,1.0
114,366,1.0
114,367,1.0
114,368,1.0
114,369,2.0
114,370,1.0
114,371,2.0
114,372,1.0
114,373,1.0
114,374,1.0
114,375,2.0
114,376,2.0
114,377,1.0
115,116,6.0
115,117,1.0
115,118,1.0
115,119,1.0
115,120,1.0
115,121,1.0
115,122,1.0
115,123,2.0
115,124,2.0
115,125,2.0
115,126,1.0
115,127,1.0
115,128,6.0
115,129,1.0
115,130,1.0
115,131,1.0
115,132,2.0
115,133,2.0
115,134,2.0
115,135,2.0
115,136,2.0
115,137,2.0
115,138,2.0
115,139,6.0
115,140,1.0
115,141,1.0
115,142,1.0
115,143,2.0
115,144,2.0
115,145,1.0
115,146,1.0
115,147,4.0
115,148,4.0
115,149,1.0
115,150,2.0
115,151,2.0
115,152,2.0
115,153,1.0
115,154,1.0
115,155,1.0
115,156,1.0
115,157,1.0
115,158,1.0
115,159,2.0
115,160,1.0
115,161,2.0
115,162,1.0
115,163,1.0
115,164,0.0
115,165,3.0
115,166,1.0
115,167,1.0
115,168,0.0
115,169,1.0
115,170,1.0
115,171,1.0
115,172,1.0
115,173,1.0
115,174,6.0
115,175,2.0
115,176,3.0
115,177,2.0
115,178,2.0
115,179,1.0
115,180,2.0
115,181,2.0
115,182,1.0
115,183,1.0
115,184,1.0
115,185,6.0
115,186,1.0
115,187,1.0
115,188,0.0
115,189,2.0
115,190,0.0
115,191,0.0
115,192,0.0
115,193,1.0
115,194,1.0
115,195,1.0
115,196,1.0
115,197,1.0
115,198,1.0
115,199,5.0
115,200,5.0
115,201,5.0
115,202,1.0
115,203,2.0
115,204,1.0
115,205,1.0
115,206,1.0
115,207,1.0
115,208,1.0
115,209,1.0
115,210,1.0
115,211,1.0
115,212,1.0
115,213,2.0
115,214,1.0
115,215,1.0
115,216,2.0
115,217,1.0
115,218,3.0
115,219,1.0
115,220,1.0
115,221,0.0
115,222,1.0
115,223,1.0
115,224,1.0
115,225,1.0
115,226,6.0
115,227,1.0
115,228,2.0
115,229,2.0
115,230,1.0
115,231,1.0
115,232,1.0
115,233,2.0
115,234,0.0
115,235,1.0
115,236,1.0
115,237,1.0
115,238,0.0
115,239,1.0
115,240,1.0
115,241,2.0
115,242,1.0
115,243,1.0
115,244,1.0
115,245,1.0
115,246,1.0
115,247,1.0
115,248,0.0
115,249,1.0
115,250,1.0
115,251,2.0
115,252,1.0
115,253,1.0
115,254,2.0
115,255,2.0
115,256,1.0
115,257,1.0
115,258,1.0
115,259,2.0
115,260,1.0
115,261,1.0
115,262,2.0
115,263,1.0
115,264,1.0
115,265,3.0
115,266,0.0
115,267,1.0
115,268,1.0
115,269,1.0
115,270,1.0
115,271,2.0
115,272,1.0
115,273,1.0
115,274,1.0
115,275,1.0
115,276,1.0
115,277,1.0
115,278,1.0
115,279,1.0
115,280,1.0
115,281,3.0
115,282,1.0
115,283,3.0
115,284,1.0
115,285,2.0
115,286,1.0
115,287,1.0
115,288,2.0
115,289,1.0
115,290,2.0
115,291,1.0
115,292,1.0
115,293,2.0
115,294,1.0
115,295,2.0
115,296,1.0
115,297,1.0
115,298,1.0
115,299,1.0
115,300,1.0
115,301,1.0
115,302,1.0
115,303,1.0
115,304,1.0
115,305,3.0
115,306,1.0
115,307,1.0
115,308,1.0
115,309,1.0
115,310,1.0
115,311,1.0
115,312,2.0
115,313,1.0
115,314,1.0
115,315,1.0
115,316,1.0
115,317,1.0
115,318,1.0
115,319,2.0
115,320,1.0
115,321,1.0
115,322,1.0
115,323,1.0
115,324,1.0
115,325,4.0
115,326,1.0
115,327,2.0
115,328,1.0
115,329,1.0
115,330,2.0
115,331,6.0
115,332,1.0
115,333,1.0
115,334,5.0
115,335,4.0
115,336,2.0
115,337,1.0
115,338,1.0
115,339,2.0
115,340,0.0
115,341,3.0
115,342,1.0
115,343,1.0
115,344,1.0
115,345,1.0
115,346,1.0
115,347,1.0
115,348,1.0
115,349,1.0
115,350,1.0
115,351,1.0
115,352,1.0
115,353,1.0
115,354,1.0
115,355,0.0
115,356,1.0
115,357,1.0
115,358,1.0
115,359,1.0
115,360,1.0
115,361,1.0
115,362,2.0
115,363,1.0
115,364,4.0
115,365,1.0
115,366,1.0
115,367,1.0
115,368,1.0
115,369,2.0
115,370,1.0
115,371,2.0
115,372,1.0
115,373,1.0
115,374,1.0
115,375,2.0
115,376,2.0
115,377,1.0
116,117,1.0
116,118,1.0
116,119,1.0
116,120,1.0
116,121,1.0
116,122,1.0
116,123,2.0
116,124,2.0
116,125,2.0
116,126,1.0
116,127,1.0
116,128,6.0
116,129,1.0
116,130,1.0
116,131,1.0
116,132,2.0
116,133,2.0
116,134,2.0
116,135,2.0
116,136,2.0
116,137,2.0
116,138,2.0
116,139,6.0
116,140,1.0
116,141,1.0
116,142,1.0
116,143,2.0
116,144,2.0
116,145,1.0
116,146,1.0
116,147,4.0
116,148,4.0
116,149,1.0
116,150,2.0
116,151,2.0
116,152,2.0
116,153,1.0
116,154,1.0
116,155,1.0
116,156,1.0
116,157,1.0
116,158,1.0
116,159,2.0
116,160,1.0
116,161,2.0
116,162,1.0
116,163,1.0
116,164,0.0
116,165,3.0
116,166,1.0
116,167,1.0
116,168,0.0
116,169,1.0
116,170,1.0
116,171,1.0
116,172,1.0
116,173,1.0
116,174,6.0
116,175,2.0
116,176,3.0
116,177,2.0
116,178,2.0
116,179,1.0
116,180,2.0
116,181,2.0
116,182,1.0
116,183,1.0
116,184,1.0
116,185,6.0
116,186,1.0
116,187,1.0
116,188,0.0
116,189,2.0
116,190,0.0
116,191,0.0
116,192,0.0
116,193,1.0
116,194,1.0
116,195,1.0
116,196,1.0
116,197,1.0
116,198,1.0
116,199,5.0
116,200,5.0
116,201,5.0
116,202,1.0
116,203,2.0
116,204,1.0
116,205,1.0
116,206,1.0
116,207,1.0
116,208,1.0
116,209,1.0
116,210,1.0
116,211,1.0
116,212,1.0
116,213,2.0
116,214,1.0
116,215,1.0
116,216,2.0
116,217,1.0
116,218,3.0
116,219,1.0
116,220,1.0
116,221,0.0
116,222,1.0
116,223,1.0
116,224,1.0
116,225,1.0
116,226,6.0
116,227,1.0
116,228,2.0
116,229,2.0
116,230,1.0
116,231,1.0
116,232,1.0
116,233,2.0
116,234,0.0
116,235,1.0
116,236,1.0
116,237,1.0
116,238,0.0
116,239,1.0
116,240,1.0
116,241,2.0
116,242,1.0
116,243,1.0
116,244,1.0
116,245,1.0
116,246,1.0
116,247,1.0
116,248,0.0
116,249,1.0
116,250,1.0
116,251,2.0
116,252,1.0
116,253,1.0
116,254,2.0
116,255,2.0
116,256,1.0
116,257,1.0
116,258,1.0
116,259,2.0
116,260,1.0
116,261,1.0
116,262,2.0
116,263,1.0
116,264,1.0
116,265,3.0
116,266,0.0
116,267,1.0
116,268,1.0
116,269,1.0
116,270,1.0
116,271,2.0
116,272,1.0
116,273,1.0
116,274,1.0
116,275,1.0
116,276,1.0
116,277,1.0
116,278,1.0
116,279,1.0
116,280,1.0
116,281,3.0
116,282,1.0
116,283,3.0
116,284,1.0
116,285,2.0
116,286,1.0
116,287,1.0
116,288,2.0
116,289,1.0
116,290,2.0
116,291,1.0
116,292,1.0
116,293,2.0
116,294,1.0
116,295,2.0
116,296,1.0
116,297,1.0
116,298,1.0
116,299,1.0
116,300,1.0
116,301,1.0
116,302,1.0
116,303,1.0
116,304,1.0
116,305,3.0
116,306,1.0
116,307,1.0
116,308,1.0
116,309,1.0
116,310,1.0
116,311,1.0
116,312,2.0
116,313,1.0
116,314,1.0
116,315,1.0
116,316,1.0
116,317,1.0
116,318,1.0
116,319,2.0
116,320,1.0
116,321,1.0
116,322,1.0
116,323,1.0
116,324,1.0
116,325,4.0
116,326,1.0
116,327,2.0
116,328,1.0
116,329,1.0
116,330,2.0
116,331,6.0
116,332,1.0
116,333,1.0
116,334,5.0
116,335,4.0
116,336,2.0
116,337,1.0
116,338,1.0
116,339,2.0
116,340,0.0
116,341,3.0
116,342,1.0
116,343,1.0
116,344,1.0
116,345,1.0
116,346,1.0
116,347,1.0
116,348,1.0
116,349,1.0
116,350,1.0
116,351,1.0
116,352,1.0
116,353,1.0
116,354,1.0
116,355,0.0
116,356,1.0
116,357,1.0
116,358,1.0
116,359,1.0
116,360,1.0
116,361,1.0
116,362,2.0
116,363,1.0
116,364,4.0
116,365,1.0
116,366,1.0
116,367,1.0
116,368,1.0
116,369,2.0
116,370,1.0
116,371,2.0
116,372,1.0
116,373,1.0
116,374,1.0
116,375,2.0
116,376,2.0
116,377,1.0
117,118,3.0
117,119,3.0
117,120,6.0
117,121,3.0
117,122,3.0
117,123,3.0
117,124,2.0
117,125,2.0
117,126,3.0
117,127,3.0
117,128,1.0
117,129,3.0
117,130,3.0
117,131,3.0
117,132,3.0
117,133,3.0
117,134,3.0
117,135,3.0
117,136,1.0
117,137,1.0
117,138,1.0
117,139,1.0
117,140,3.0
117,141,4.0
117,142,3.0
117,143,3.0
117,144,3.0
117,145,2.0
117,146,3.0
117,147,1.0
117,148,1.0
117,149,3.0
117,150,2.0
117,151,2.0
117,152,2.0
117,153,3.0
117,154,6.0
117,155,3.0
117,156,4.0
117,157,4.0
117,158,4.0
117,159,2.0
117,160,3.0
117,161,2.0
117,162,3.0
117,163,4.0
117,164,3.0
117,165,1.0
117,166,3.0
117,167,4.0
117,168,2.0
117,169,3.0
117,170,4.0
117,171,1.0
117,172,4.0
117,173,3.0
117,174,1.0
117,175,2.0
117,176,2.0
117,177,3.0
117,178,3.0
117,179,5.0
117,180,3.0
117,181,3.0
117,182,2.0
117,183,3.0
117,184,3.0
117,185,1.0
117,186,3.0
117,187,3.0
117,188,2.0
117,189,2.0
117,190,3.0
117,191,3.0
117,192,3.0
117,193,2.0
117,194,4.0
117,195,2.0
117,196,2.0
117,197,2.0
117,198,2.0
117,199,1.0
117,200,1.0
117,201,1.0
117,202,3.0
117,203,4.0
117,204,2.0
117,205,2.0
117,206,2.0
117,207,3.0
117,208,4.0
117,209,3.0
117,210,4.0
117,211,1.0
117,212,6.0
117,213,3.0
117,214,6.0
117,215,3.0
117,216,2.0
117,217,4.0
117,218,2.0
117,219,3.0
117,220,6.0
117,221,2.0
117,222,3.0
117,223,3.0
117,224,3.0
117,225,3.0
117,226,1.0
117,227,3.0
117,228,2.0
117,229,3.0
117,230,3.0
117,231,3.0
117,232,4.0
117,233,3.0
117,234,3.0
117,235,2.0
117,236,4.0
117,237,4.0
117,238,3.0
117,239,3.0
117,240,1.0
117,241,3.0
117,242,2.0
117,243,6.0
117,244,3.0
117,245,4.0
117,246,3.0
117,247,3.0
117,248,2.0
117,249,3.0
117,250,3.0
117,251,2.0
117,252,2.0
117,253,2.0
117,254,2.0
117,255,2.0
117,256,3.0
117,257,3.0
117,258,5.0
117,259,3.0
117,260,2.0
117,261,3.0
117,262,3.0
117,263,5.0
117,264,1.0
117,265,2.0
117,266,2.0
117,267,3.0
117,268,6.0
117,269,2.0
117,270,4.0
117,271,3.0
117,272,3.0
117,273,3.0
117,274,3.0
117,275,3.0
117,276,3.0
117,277,3.0
117,278,5.0
117,279,2.0
117,280,4.0
117,281,2.0
117,282,3.0
117,283,1.0
117,284,3.0
117,285,2.0
117,286,6.0
117,287,3.0
117,288,2.0
117,289,3.0
117,290,2.0
117,291,2.0
117,292,2.0
117,293,3.0
117,294,4.0
117,295,3.0
117,296,3.0
117,297,3.0
117,298,3.0
117,299,3.0
117,300,4.0
117,301,4.0
117,302,3.0
117,303,2.0
117,304,3.0
117,305,2.0
117,306,2.0
117,307,3.0
117,308,4.0
117,309,5.0
117,310,3.0
117,311,1.0
117,312,3.0
117,313,3.0
117,314,3.0
117,315,3.0
117,316,3.0
117,317,1.0
117,318,3.0
117,319,3.0
117,320,3.0
117,321,3.0
117,322,6.0
117,323,6.0
117,324,3.0
117,325,2.0
117,326,3.0
117,327,3.0
117,328,3.0
117,329,6.0
117,330,3.0
117,331,1.0
117,332,2.0
117,333,3.0
117,334,1.0
117,335,1.0
117,336,2.0
117,337,3.0
117,338,3.0
117,339,3.0
117,340,2.0
117,341,2.0
117,342,2.0
117,343,3.0
117,344,3.0
117,345,3.0
117,346,3.0
117,347,3.0
117,348,3.0
117,349,5.0
117,350,2.0
117,351,3.0
117,352,3.0
117,353,5.0
117,354,3.0
117,355,2.0
117,356,6.0
117,357,4.0
117,358,3.0
117,359,3.0
117,360,6.0
117,361,3.0
117,362,3.0
117,363,4.0
117,364,1.0
117,365,3.0
117,366,3.0
117,367,3.0
117,368,2.0
117,369,2.0
117,370,3.0
117,371,3.0
117,372,2.0
117,373,4.0
117,374,3.0
117,375,3.0
117,376,3.0
117,377,3.0
118,119,2.0
118,120,3.0
118,121,6.0
118,122,2.0
118,123,4.0
118,124,3.0
118,125,3.0
118,126,1.0
118,127,1.0
118,128,1.0
118,129,1.0
118,130,1.0
118,131,1.0
118,132,3.0
118,133,3.0
118,134,3.0
118,135,3.0
118,136,1.0
118,137,1.0
118,138,1.0
118,139,1.0
118,140,2.0
118,141,3.0
118,142,1.0
118,143,2.0
118,144,2.0
118,145,2.0
118,146,2.0
118,147,1.0
118,148,1.0
118,149,2.0
118,150,2.0
118,151,2.0
118,152,2.0
118,153,2.0
118,154,3.0
118,155,1.0
118,156,2.0
118,157,2.0
118,158,2.0
118,159,2.0
118,160,2.0
118,161,3.0
118,162,1.0
118,163,2.0
118,164,3.0
118,165,1.0
118,166,1.0
118,167,2.0
118,168,2.0
118,169,2.0
118,170,2.0
118,171,1.0
118,172,2.0
118,173,1.0
118,174,1.0
118,175,3.0
118,176,3.0
118,177,3.0
118,178,3.0
118,179,4.0
118,180,3.0
118,181,3.0
118,182,0.0
118,183,2.0
118,184,2.0
118,185,1.0
118,186,2.0
118,187,2.0
118,188,2.0
118,189,2.0
118,190,2.0
118,191,2.0
118,192,2.0
118,193,2.0
118,194,2.0
118,195,1.0
118,196,1.0
118,197,1.0
118,198,1.0
118,199,2.0
118,200,2.0
118,201,2.0
118,202,2.0
118,203,3.0
118,204,1.0
118,205,1.0
118,206,1.0
118,207,2.0
118,208,2.0
118,209,2.0
118,210,2.0
118,211,1.0
118,212,3.0
118,213,2.0
118,214,3.0
118,215,2.0
118,216,2.0
118,217,2.0
118,218,3.0
118,219,1.0
118,220,3.0
118,221,2.0
118,222,6.0
118,223,2.0
118,224,2.0
118,225,2.0
118,226,1.0
118,227,2.0
118,228,1.0
118,229,3.0
118,230,2.0
118,231,2.0
118,232,3.0
118,233,3.0
118,234,3.0
118,235,1.0
118,236,3.0
118,237,2.0
118,238,3.0
118,239,2.0
118,240,1.0
118,241,2.0
118,242,1.0
118,243,3.0
118,244,2.0
118,245,3.0
118,246,2.0
118,247,1.0
118,248,2.0
118,249,1.0
118,250,2.0
118,251,1.0
118,252,2.0
118,253,1.0
118,254,3.0
118,255,2.0
118,256,2.0
118,257,2.0
118,258,2.0
118,259,3.0
118,260,1.0
118,261,2.0
118,262,1.0
118,263,2.0
118,264,1.0
118,265,3.0
118,266,2.0
118,267,2.0
118,268,3.0
118,269,1.0
118,270,2.0
118,271,3.0
118,272,1.0
118,273,3.0
118,274,2.0
118,275,2.0
118,276,2.0
118,277,2.0
118,278,2.0
118,279,2.0
118,280,2.0
118,281,3.0
118,282,1.0
118,283,1.0
118,284,2.0
118,285,2.0
118,286,3.0
118,287,4.0
118,288,3.0
118,289,2.0
118,290,3.0
118,291,2.0
118,292,1.0
118,293,3.0
118,294,2.0
118,295,2.0
118,296,2.0
118,297,2.0
118,298,2.0
118,299,2.0
118,300,3.0
118,301,3.0
118,302,2.0
118,303,1.0
118,304,2.0
118,305,3.0
118,306,1.0
118,307,2.0
118,308,1.0
118,309,2.0
118,310,2.0
118,311,1.0
118,312,3.0
118,313,2.0
118,314,2.0
118,315,2.0
118,316,1.0
118,317,2.0
118,318,2.0
118,319,1.0
118,320,2.0
118,321,2.0
118,322,3.0
118,323,3.0
118,324,1.0
118,325,2.0
118,326,2.0
118,327,3.0
118,328,2.0
118,329,3.0
118,330,2.0
118,331,1.0
118,332,1.0
118,333,2.0
118,334,1.0
118,335,2.0
118,336,3.0
118,337,2.0
118,338,2.0
118,339,3.0
118,340,2.0
118,341,3.0
118,342,1.0
118,343,2.0
118,344,2.0
118,345,2.0
118,346,1.0
118,347,2.0
118,348,2.0
118,349,2.0
118,350,1.0
118,351,2.0
118,352,2.0
118,353,3.0
118,354,2.0
118,355,2.0
118,356,3.0
118,357,1.0
118,358,2.0
118,359,2.0
118,360,3.0
118,361,2.0
118,362,2.0
118,363,5.0
118,364,1.0
118,365,4.0
118,366,1.0
118,367,2.0
118,368,1.0
118,369,2.0
118,370,2.0
118,371,2.0
118,372,1.0
118,373,2.0
118,374,2.0
118,375,3.0
118,376,1.0
118,377,1.0
119,120,3.0
119,121,2.0
119,122,5.0
119,123,3.0
119,124,1.0
119,125,1.0
119,126,2.0
119,127,2.0
119,128,1.0
119,129,2.0
119,130,2.0
119,131,2.0
119,132,3.0
119,133,3.0
119,134,3.0
119,135,3.0
119,136,1.0
119,137,1.0
119,138,1.0
119,139,1.0
119,140,3.0
119,141,2.0
119,142,2.0
119,143,2.0
119,144,2.0
119,145,2.0
119,146,1.0
119,147,1.0
119,148,1.0
119,149,1.0
119,150,2.0
119,151,2.0
119,152,3.0
119,153,2.0
119,154,3.0
119,155,2.0
119,156,2.0
119,157,2.0
119,158,2.0
119,159,3.0
119,160,3.0
119,161,1.0
119,162,2.0
119,163,2.0
119,164,1.0
119,165,1.0
119,166,2.0
119,167,2.0
119,168,1.0
119,169,3.0
119,170,2.0
119,171,1.0
119,172,2.0
119,173,2.0
119,174,1.0
119,175,1.0
119,176,3.0
119,177,2.0
119,178,2.0
119,179,3.0
119,180,2.0
119,181,2.0
119,182,2.0
119,183,3.0
119,184,3.0
119,185,1.0
119,186,3.0
119,187,3.0
119,188,0.0
119,189,3.0
119,190,2.0
119,191,2.0
119,192,2.0
119,193,2.0
119,194,2.0
119,195,3.0
119,196,2.0
119,197,2.0
119,198,2.0
119,199,0.0
119,200,0.0
119,201,0.0
119,202,3.0
119,203,3.0
119,204,3.0
119,205,3.0
119,206,2.0
119,207,4.0
119,208,2.0
119,209,3.0
119,210,2.0
119,211,1.0
119,212,3.0
119,213,2.0
119,214,3.0
119,215,2.0
119,216,3.0
119,217,3.0
119,218,3.0
119,219,2.0
119,220,3.0
119,221,1.0
119,222,2.0
119,223,2.0
119,224,3.0
119,225,3.0
119,226,1.0
119,227,3.0
119,228,2.0
119,229,2.0
119,230,3.0
119,231,3.0
119,232,3.0
119,233,2.0
119,234,2.0
119,235,2.0
119,236,3.0
119,237,3.0
119,238,2.0
119,239,3.0
119,240,1.0
119,241,2.0
119,242,2.0
119,243,3.0
119,244,3.0
119,245,3.0
119,246,3.0
119,247,2.0
119,248,0.0
119,249,2.0
119,250,3.0
119,251,2.0
119,252,3.0
119,253,1.0
119,254,3.0
119,255,3.0
119,256,3.0
119,257,2.0
119,258,2.0
119,259,2.0
119,260,2.0
119,261,3.0
119,262,2.0
119,263,2.0
119,264,1.0
119,265,3.0
119,266,1.0
119,267,3.0
119,268,3.0
119,269,2.0
119,270,2.0
119,271,2.0
119,272,2.0
119,273,3.0
119,274,5.0
119,275,3.0
119,276,3.0
119,277,3.0
119,278,2.0
119,279,2.0
119,280,2.0
119,281,3.0
119,282,2.0
119,283,1.0
119,284,3.0
119,285,1.0
119,286,3.0
119,287,2.0
119,288,2.0
119,289,3.0
119,290,2.0
119,291,2.0
119,292,2.0
119,293,2.0
119,294,2.0
119,295,2.0
119,296,3.0
119,297,3.0
119,298,3.0
119,299,3.0
119,300,2.0
119,301,3.0
119,302,3.0
119,303,2.0
119,304,4.0
119,305,3.0
119,306,3.0
119,307,3.0
119,308,1.0
119,309,2.0
119,310,3.0
119,311,1.0
119,312,2.0
119,313,3.0
119,314,3.0
119,315,5.0
119,316,2.0
119,317,1.0
119,318,4.0
119,319,2.0
119,320,3.0
119,321,3.0
119,322,3.0
119,323,3.0
119,324,2.0
119,325,2.0
119,326,3.0
119,327,2.0
119,328,3.0
119,329,3.0
119,330,2.0
119,331,1.0
119,332,2.0
119,333,4.0
119,334,1.0
119,335,0.0
119,336,1.0
119,337,3.0
119,338,3.0
119,339,2.0
119,340,2.0
119,341,3.0
119,342,2.0
119,343,3.0
119,344,3.0
119,345,3.0
119,346,2.0
119,347,3.0
119,348,3.0
119,349,2.0
119,350,2.0
119,351,3.0
119,352,3.0
119,353,3.0
119,354,3.0
119,355,0.0
119,356,3.0
119,357,1.0
119,358,3.0
119,359,5.0
119,360,3.0
119,361,3.0
119,362,2.0
119,363,2.0
119,364,1.0
119,365,2.0
119,366,2.0
119,367,3.0
119,368,1.0
119,369,3.0
119,370,3.0
119,371,2.0
119,372,2.0
119,373,2.0
119,374,3.0
119,375,2.0
119,376,2.0
119,377,2.0
120,121,3.0
120,122,3.0
120,123,3.0
120,124,2.0
120,125,2.0
120,126,3.0
120,127,3.0
120,128,1.0
120,129,3.0
120,130,3.0
120,131,3.0
120,132,3.0
120,133,3.0
120,134,3.0
120,135,3.0
120,136,1.0
120,137,1.0
120,138,1.0
120,139,1.0
120,140,3.0
120,141,4.0
120,142,3.0
120,143,3.0
120,144,3.0
120,145,2.0
120,146,3.0
120,147,1.0
120,148,1.0
120,149,3.0
120,150,2.0
120,151,2.0
120,152,2.0
120,153,3.0
120,154,6.0
120,155,3.0
120,156,4.0
120,157,4.0
120,158,4.0
120,159,2.0
120,160,3.0
120,161,2.0
120,162,3.0
120,163,4.0
120,164,3.0
120,165,1.0
120,166,3.0
120,167,4.0
120,168,2.0
120,169,3.0
120,170,4.0
120,171,1.0
120,172,4.0
120,173,3.0
120,174,1.0
120,175,2.0
120,176,2.0
120,177,3.0
120,178,3.0
120,179,5.0
120,180,3.0
120,181,3.0
120,182,2.0
120,183,3.0
120,184,3.0
120,185,1.0
120,186,3.0
120,187,3.0
120,188,2.0
120,189,2.0
120,190,3.0
120,191,3.0
120,192,3.0
120,193,2.0
120,194,4.0
120,195,2.0
120,196,2.0
120,197,2.0
120,198,2.0
120,199,1.0
120,200,1.0
120,201,1.0
120,202,3.0
120,203,4.0
120,204,2.0
120,205,2.0
120,206,2.0
120,207,3.0
120,208,4.0
120,209,3.0
120,210,4.0
120,211,1.0
120,212,6.0
120,213,3.0
120,214,6.0
120,215,3.0
120,216,2.0
120,217,4.0
120,218,2.0
120,219,3.0
120,220,6.0
120,221,2.0
120,222,3.0
120,223,3.0
120,224,3.0
120,225,3.0
120,226,1.0
120,227,3.0
120,228,2.0
120,229,3.0
120,230,3.0
120,231,3.0
120,232,4.0
120,233,3.0
120,234,3.0
120,235,2.0
120,236,4.0
120,237,4.0
120,238,3.0
120,239,3.0
120,240,1.0
120,241,3.0
120,242,2.0
120,243,6.0
120,244,3.0
120,245,4.0
120,246,3.0
120,247,3.0
120,248,2.0
120,249,3.0
120,250,3.0
120,251,2.0
120,252,2.0
120,253,2.0
120,254,2.0
120,255,2.0
120,256,3.0
120,257,3.0
120,258,5.0
120,259,3.0
120,260,2.0
120,261,3.0
120,262,3.0
120,263,5.0
120,264,1.0
120,265,2.0
120,266,2.0
120,267,3.0
120,268,6.0
120,269,2.0
120,270,4.0
120,271,3.0
120,272,3.0
120,273,3.0
120,274,3.0
120,275,3.0
120,276,3.0
120,277,3.0
120,278,5.0
120,279,2.0
120,280,4.0
120,281,2.0
120,282,3.0
120,283,1.0
120,284,3.0
120,285,2.0
120,286,6.0
120,287,3.0
120,288,2.0
120,289,3.0
120,290,2.0
120,291,2.0
120,292,2.0
120,293,3.0
120,294,4.0
120,295,3.0
120,296,3.0
120,297,3.0
120,298,3.0
120,299,3.0
120,300,4.0
120,301,4.0
120,302,3.0
120,303,2.0
120,304,3.0
120,305,2.0
120,306,2.0
120,307,3.0
120,308,4.0
120,309,5.0
120,310,3.0
120,311,1.0
120,312,3.0
120,313,3.0
120,314,3.0
120,315,3.0
120,316,3.0
120,317,1.0
120,318,3.0
120,319,3.0
120,320,3.0
120,321,3.0
120,322,6.0
120,323,6.0
120,324,3.0
120,325,2.0
120,326,3.0
120,327,3.0
120,328,3.0
120,329,6.0
120,330,3.0
120,331,1.0
120,332,2.0
120,333,3.0
120,334,1.0
120,335,1.0
120,336,2.0
120,337,3.0
120,338,3.0
120,339,3.0
120,340,2.0
120,341,2.0
120,342,2.0
120,343,3.0
120,344,3.0
120,345,3.0
120,346,3.0
120,347,3.0
120,348,3.0
120,349,5.0
120,350,2.0
120,351,3.0
120,352,3.0
120,353,5.0
120,354,3.0
120,355,2.0
120,356,6.0
120,357,4.0
120,358,3.0
120,359,3.0
120,360,6.0
120,361,3.0
120,362,3.0
120,363,4.0
120,364,1.0
120,365,3.0
120,366,3.0
120,367,3.0
120,368,2.0
120,369,2.0
120,370,3.0
120,371,3.0
120,372,2.0
120,373,4.0
120,374,3.0
120,375,3.0
120,376,3.0
120,377,3.0
121,122,2.0
121,123,4.0
121,124,3.0
121,125,3.0
121,126,1.0
121,127,1.0
121,128,1.0
121,129,1.0
121,130,1.0
121,131,1.0
121,132,3.0
121,133,3.0
121,134,3.0
121,135,3.0
121,136,1.0
121,137,1.0
121,138,1.0
121,139,1.0
121,140,2.0
121,141,3.0
121,142,1.0
121,143,2.0
121,144,2.0
121,145,2.0
121,146,2.0
121,147,1.0
121,148,1.0
121,149,2.0
121,150,2.0
121,151,2.0
121,152,2.0
121,153,2.0
121,154,3.0
121,155,1.0
121,156,2.0
121,157,2.0
121,158,2.0
121,159,2.0
121,160,2.0
121,161,3.0
121,162,1.0
121,163,2.0
121,164,3.0
121,165,1.0
121,166,1.0
121,167,2.0
121,168,2.0
121,169,2.0
121,170,2.0
121,171,1.0
121,172,2.0
121,173,1.0
121,174,1.0
121,175,3.0
121,176,3.0
121,177,3.0
121,178,3.0
121,179,4.0
121,180,3.0
121,181,3.0
121,182,0.0
121,183,2.0
121,184,2.0
121,185,1.0
121,186,2.0
121,187,2.0
121,188,2.0
121,189,2.0
121,190,2.0
121,191,2.0
121,192,2.0
121,193,2.0
121,194,2.0
121,195,1.0
121,196,1.0
121,197,1.0
121,198,1.0
121,199,2.0
121,200,2.0
121,201,2.0
121,202,2.0
121,203,3.0
121,204,1.0
121,205,1.0
121,206,1.0
121,207,2.0
121,208,2.0
121,209,2.0
121,210,2.0
121,211,1.0
121,212,3.0
121,213,2.0
121,214,3.0
121,215,2.0
121,216,2.0
121,217,2.0
121,218,3.0
121,219,1.0
121,220,3.0
121,221,2.0
121,222,6.0
121,223,2.0
121,224,2.0
121,225,2.0
121,226,1.0
121,227,2.0
121,228,1.0
121,229,3.0
121,230,2.0
121,231,2.0
121,232,3.0
121,233,3.0
121,234,3.0
121,235,1.0
121,236,3.0
121,237,2.0
121,238,3.0
121,239,2.0
121,240,1.0
121,241,2.0
121,242,1.0
121,243,3.0
121,244,2.0
121,245,3.0
121,246,2.0
121,247,1.0
121,248,2.0
121,249,1.0
121,250,2.0
121,251,1.0
121,252,2.0
121,253,1.0
121,254,3.0
121,255,2.0
121,256,2.0
121,257,2.0
121,258,2.0
121,259,3.0
121,260,1.0
121,261,2.0
121,262,1.0
121,263,2.0
121,264,1.0
121,265,3.0
121,266,2.0
121,267,2.0
121,268,3.0
121,269,1.0
121,270,2.0
121,271,3.0
121,272,1.0
121,273,3.0
121,274,2.0
121,275,2.0
121,276,2.0
121,277,2.0
121,278,2.0
121,279,2.0
121,280,2.0
121,281,3.0
121,282,1.0
121,283,1.0
121,284,2.0
121,285,2.0
121,286,3.0
121,287,4.0
121,288,3.0
121,289,2.0
121,290,3.0
121,291,2.0
121,292,1.0
121,293,3.0
121,294,2.0
121,295,2.0
121,296,2.0
121,297,2.0
121,298,2.0
121,299,2.0
121,300,3.0
121,301,3.0
121,302,2.0
121,303,1.0
121,304,2.0
121,305,3.0
121,306,1.0
121,307,2.0
121,308,1.0
121,309,2.0
121,310,2.0
121,311,1.0
121,312,3.0
121,313,2.0
121,314,2.0
121,315,2.0
121,316,1.0
121,317,2.0
121,318,2.0
121,319,1.0
121,320,2.0
121,321,2.0
121,322,3.0
121,323,3.0
121,324,1.0
121,325,2.0
121,326,2.0
121,327,3.0
121,328,2.0
121,329,3.0
121,330,2.0
121,331,1.0
121,332,1.0
121,333,2.0
121,334,1.0
121,335,2.0
121,336,3.0
121,337,2.0
121,338,2.0
121,339,3.0
121,340,2.0
121,341,3.0
121,342,1.0
121,343,2.0
121,344,2.0
121,345,2.0
121,346,1.0
121,347,2.0
121,348,2.0
121,349,2.0
121,350,1.0
121,351,2.0
121,352,2.0
121,353,3.0
121,354,2.0
121,355,2.0
121,356,3.0
121,357,1.0
121,358,2.0
121,359,2.0
121,360,3.0
121,361,2.0
121,362,2.0
121,363,5.0
121,364,1.0
121,365,4.0
121,366,1.0
121,367,2.0
121,368,1.0
121,369,2.0
121,370,2.0
121,371,2.0
121,372,1.0
121,373,2.0
121,374,2.0
121,375,3.0
121,376,1.0
121,377,1.0
122,123,3.0
122,124,1.0
122,125,1.0
122,126,2.0
122,127,2.0
122,128,1.0
122,129,2.0
122,130,2.0
122,131,2.0
122,132,3.0
122,133,3.0
122,134,3.0
122,135,3.0
122,136,1.0
122,137,1.0
122,138,1.0
122,139,1.0
122,140,3.0
122,141,2.0
122,142,2.0
122,143,2.0
122,144,2.0
122,145,2.0
122,146,1.0
122,147,1.0
122,148,1.0
122,149,1.0
122,150,2.0
122,151,2.0
122,152,3.0
122,153,2.0
122,154,3.0
122,155,2.0
122,156,2.0
122,157,2.0
122,158,2.0
122,159,3.0
122,160,3.0
122,161,1.0
122,162,2.0
122,163,2.0
122,164,1.0
122,165,1.0
122,166,2.0
122,167,2.0
122,168,1.0
122,169,3.0
122,170,2.0
122,171,1.0
122,172,2.0
122,173,2.0
122,174,1.0
122,175,1.0
122,176,3.0
122,177,2.0
122,178,2.0
122,179,3.0
122,180,2.0
122,181,2.0
122,182,2.0
122,183,3.0
122,184,3.0
122,185,1.0
122,186,3.0
122,187,3.0
122,188,0.0
122,189,3.0
122,190,2.0
122,191,2.0
122,192,2.0
122,193,2.0
122,194,2.0
122,195,3.0
122,196,2.0
122,197,2.0
122,198,2.0
122,199,0.0
122,200,0.0
122,201,0.0
122,202,3.0
122,203,3.0
122,204,3.0
122,205,3.0
122,206,2.0
122,207,4.0
122,208,2.0
122,209,3.0
122,210,2.0
122,211,1.0
122,212,3.0
122,213,2.0
122,214,3.0
122,215,2.0
122,216,3.0
122,217,3.0
122,218,3.0
122,219,2.0
122,220,3.0
122,221,1.0
122,222,2.0
122,223,2.0
122,224,3.0
122,225,3.0
122,226,1.0
122,227,3.0
122,228,2.0
122,229,2.0
122,230,3.0
122,231,3.0
122,232,3.0
122,233,2.0
122,234,2.0
122,235,2.0
122,236,3.0
122,237,3.0
122,238,2.0
122,239,3.0
122,240,1.0
122,241,2.0
122,242,2.0
122,243,3.0
122,244,3.0
122,245,3.0
122,246,3.0
122,247,2.0
122,248,0.0
122,249,2.0
122,250,3.0
122,251,2.0
122,252,3.0
122,253,1.0
122,254,3.0
122,255,3.0
122,256,3.0
122,257,2.0
122,258,2.0
122,259,2.0
122,260,2.0
122,261,3.0
122,262,2.0
122,263,2.0
122,264,1.0
122,265,3.0
122,266,1.0
122,267,3.0
122,268,3.0
122,269,2.0
122,270,2.0
122,271,2.0
122,272,2.0
122,273,3.0
122,274,5.0
122,275,3.0
122,276,3.0
122,277,3.0
122,278,2.0
122,279,2.0
122,280,2.0
122,281,3.0
122,282,2.0
122,283,1.0
122,284,3.0
122,285,1.0
122,286,3.0
122,287,2.0
122,288,2.0
122,289,3.0
122,290,2.0
122,291,2.0
122,292,2.0
122,293,2.0
122,294,2.0
122,295,2.0
122,296,3.0
122,297,3.0
122,298,3.0
122,299,3.0
122,300,2.0
122,301,3.0
122,302,3.0
122,303,2.0
122,304,4.0
122,305,3.0
122,306,3.0
122,307,3.0
122,308,1.0
122,309,2.0
122,310,3.0
122,311,1.0
122,312,2.0
122,313,3.0
122,314,3.0
122,315,5.0
122,316,2.0
122,317,1.0
122,318,4.0
122,319,2.0
122,320,3.0
122,321,3.0
122,322,3.0
122,323,3.0
122,324,2.0
122,325,2.0
122,326,3.0
122,327,2.0
122,328,3.0
122,329,3.0
122,330,2.0
122,331,1.0
122,332,2.0
122,333,4.0
122,334,1.0
122,335,0.0
122,336,1.0
122,337,3.0
122,338,3.0
122,339,2.0
122,340,2.0
122,341,3.0
122,342,2.0
122,343,3.0
122,344,3.0
122,345,3.0
122,346,2.0
122,347,3.0
122,348,3.0
122,349,2.0
122,350,2.0
122,351,3.0
122,352,3.0
122,353,3.0
122,354,3.0
122,355,0.0
122,356,3.0
122,357,1.0
122,358,3.0
122,359,5.0
122,360,3.0
122,361,3.0
122,362,2.0
122,363,2.0
122,364,1.0
122,365,2.0
122,366,2.0
122,367,3.0
122,368,1.0
122,369,3.0
122,370,3.0
122,371,2.0
122,372,2.0
122,373,2.0
122,374,3.0
122,375,2.0
122,376,2.0
122,377,2.0
123,124,3.0
123,125,3.0
123,126,3.0
123,127,3.0
123,128,2.0
123,129,3.0
123,130,3.0
123,131,3.0
123,132,2.0
123,133,2.0
123,134,2.0
123,135,2.0
123,136,2.0
123,137,2.0
123,138,2.0
123,139,2.0
123,140,4.0
123,141,3.0
123,142,2.0
123,143,4.0
123,144,4.0
123,145,3.0
123,146,2.0
123,147,2.0
123,148,2.0
123,149,2.0
123,150,3.0
123,151,3.0
123,152,3.0
123,153,3.0
123,154,3.0
123,155,2.0
123,156,3.0
123,157,2.0
123,158,2.0
123,159,3.0
123,160,3.0
123,161,3.0
123,162,3.0
123,163,2.0
123,164,2.0
123,165,1.0
123,166,2.0
123,167,2.0
123,168,1.0
123,169,4.0
123,170,2.0
123,171,2.0
123,172,2.0
123,173,2.0
123,174,2.0
123,175,3.0
123,176,3.0
123,177,3.0
123,178,3.0
123,179,3.0
123,180,3.0
123,181,3.0
123,182,2.0
123,183,3.0
123,184,3.0
123,185,2.0
123,186,3.0
123,187,3.0
123,188,1.0
123,189,4.0
123,190,2.0
123,191,2.0
123,192,2.0
123,193,2.0
123,194,2.0
123,195,2.0
123,196,3.0
123,197,3.0
123,198,3.0
123,199,1.0
123,200,1.0
123,201,1.0
123,202,4.0
123,203,3.0
123,204,2.0
123,205,2.0
123,206,2.0
123,207,3.0
123,208,2.0
123,209,4.0
123,210,3.0
123,211,2.0
123,212,3.0
123,213,4.0
123,214,3.0
123,215,3.0
123,216,4.0
123,217,3.0
123,218,3.0
123,219,2.0
123,220,3.0
123,221,2.0
123,222,4.0
123,223,3.0
123,224,4.0
123,225,4.0
123,226,2.0
123,227,4.0
123,228,2.0
123,229,3.0
123,230,3.0
123,231,4.0
123,232,3.0
123,233,3.0
123,234,2.0
123,235,3.0
123,236,4.0
123,237,3.0
123,238,2.0
123,239,4.0
123,240,2.0
123,241,4.0
123,242,3.0
123,243,3.0
123,244,4.0
123,245,4.0
123,246,3.0
123,247,3.0
123,248,1.0
123,249,2.0
123,250,4.0
123,251,2.0
123,252,2.0
123,253,2.0
123,254,3.0
123,255,4.0
123,256,3.0
123,257,3.0
123,258,3.0
123,259,3.0
123,260,3.0
123,261,4.0
123,262,2.0
123,263,3.0
123,264,2.0
123,265,3.0
123,266,1.0
123,267,4.0
123,268,3.0
123,269,2.0
123,270,2.0
123,271,3.0
123,272,3.0
123,273,3.0
123,274,3.0
123,275,4.0
123,276,4.0
123,277,4.0
123,278,3.0
123,279,2.0
123,280,3.0
123,281,3.0
123,282,2.0
123,283,2.0
123,284,4.0
123,285,3.0
123,286,3.0
123,287,3.0
123,288,4.0
123,289,4.0
123,290,5.0
123,291,2.0
123,292,3.0
123,293,3.0
123,294,2.0
123,295,4.0
123,296,4.0
123,297,4.0
123,298,3.0
123,299,3.0
123,300,2.0
123,301,3.0
123,302,4.0
123,303,3.0
123,304,4.0
123,305,3.0
123,306,3.0
123,307,4.0
123,308,3.0
123,309,3.0
123,310,4.0
123,311,2.0
123,312,3.0
123,313,4.0
123,314,4.0
123,315,3.0
123,316,2.0
123,317,1.0
123,318,3.0
123,319,2.0
123,320,4.0
123,321,4.0
123,322,3.0
123,323,3.0
123,324,3.0
123,325,3.0
123,326,4.0
123,327,3.0
123,328,4.0
123,329,3.0
123,330,4.0
123,331,2.0
123,332,3.0
123,333,4.0
123,334,2.0
123,335,1.0
123,336,3.0
123,337,4.0
123,338,4.0
123,339,3.0
123,340,2.0
123,341,3.0
123,342,3.0
123,343,4.0
123,344,4.0
123,345,4.0
123,346,2.0
123,347,4.0
123,348,4.0
123,349,3.0
123,350,2.0
123,351,4.0
123,352,4.0
123,353,3.0
123,354,4.0
123,355,1.0
123,356,3.0
123,357,2.0
123,358,4.0
123,359,3.0
123,360,3.0
123,361,4.0
123,362,4.0
123,363,4.0
123,364,2.0
123,365,3.0
123,366,3.0
123,367,4.0
123,368,0.0
123,369,4.0
123,370,3.0
123,371,4.0
123,372,3.0
123,373,2.0
123,374,4.0
123,375,3.0
123,376,2.0
123,377,2.0
124,125,6.0
124,126,1.0
124,127,1.0
124,128,2.0
124,129,1.0
124,130,1.0
124,131,1.0
124,132,0.0
124,133,0.0
124,134,0.0
124,135,0.0
124,136,2.0
124,137,2.0
124,138,2.0
124,139,2.0
124,140,1.0
124,141,2.0
124,142,1.0
124,143,2.0
124,144,2.0
124,145,2.0
124,146,2.0
124,147,2.0
124,148,2.0
124,149,2.0
124,150,3.0
124,151,3.0
124,152,2.0
124,153,2.0
124,154,2.0
124,155,1.0
124,156,2.0
124,157,1.0
124,158,1.0
124,159,2.0
124,160,1.0
124,161,6.0
124,162,1.0
124,163,1.0
124,164,2.0
124,165,1.0
124,166,1.0
124,167,1.0
124,168,0.0
124,169,1.0
124,170,1.0
124,171,1.0
124,172,1.0
124,173,1.0
124,174,2.0
124,175,6.0
124,176,2.0
124,177,2.0
124,178,2.0
124,179,2.0
124,180,2.0
124,181,2.0
124,182,1.0
124,183,1.0
124,184,1.0
124,185,2.0
124,186,1.0
124,187,1.0
124,188,2.0
124,189,2.0
124,190,0.0
124,191,0.0
124,192,0.0
124,193,2.0
124,194,1.0
124,195,1.0
124,196,3.0
124,197,3.0
124,198,3.0
124,199,2.0
124,200,2.0
124,201,2.0
124,202,1.0
124,203,2.0
124,204,1.0
124,205,1.0
124,206,2.0
124,207,1.0
124,208,1.0
124,209,1.0
124,210,2.0
124,211,1.0
124,212,2.0
124,213,2.0
124,214,2.0
124,215,3.0
124,216,2.0
124,217,1.0
124,218,2.0
124,219,1.0
124,220,2.0
124,221,2.0
124,222,3.0
124,223,1.0
124,224,1.0
124,225,1.0
124,226,2.0
124,227,1.0
124,228,1.0
124,229,3.0
124,230,1.0
124,231,1.0
124,232,2.0
124,233,2.0
124,234,0.0
124,235,1.0
124,236,2.0
124,237,1.0
124,238,0.0
124,239,1.0
124,240,1.0
124,241,2.0
124,242,1.0
124,243,2.0
124,244,1.0
124,245,2.0
124,246,1.0
124,247,1.0
124,248,2.0
124,249,1.0
124,250,1.0
124,251,1.0
124,252,1.0
124,253,1.0
124,254,2.0
124,255,2.0
124,256,1.0
124,257,3.0
124,258,2.0
124,259,3.0
124,260,1.0
124,261,1.0
124,262,1.0
124,263,2.0
124,264,1.0
124,265,2.0
124,266,2.0
124,267,1.0
124,268,2.0
124,269,1.0
124,270,1.0
124,271,3.0
124,272,1.0
124,273,1.0
124,274,1.0
124,275,1.0
124,276,1.0
124,277,1.0
124,278,2.0
124,279,1.0
124,280,2.0
124,281,2.0
124,282,1.0
124,283,2.0
124,284,1.0
124,285,5.0
124,286,2.0
124,287,2.0
124,288,4.0
124,289,1.0
124,290,3.0
124,291,1.0
124,292,1.0
124,293,2.0
124,294,1.0
124,295,2.0
124,296,1.0
124,297,1.0
124,298,1.0
124,299,1.0
124,300,2.0
124,301,3.0
124,302,1.0
124,303,1.0
124,304,1.0
124,305,2.0
124,306,1.0
124,307,1.0
124,308,2.0
124,309,2.0
124,310,1.0
124,311,1.0
124,312,3.0
124,313,1.0
124,314,1.0
124,315,1.0
124,316,1.0
124,317,3.0
124,318,1.0
124,319,1.0
124,320,1.0
124,321,1.0
124,322,2.0
124,323,2.0
124,324,1.0
124,325,2.0
124,326,1.0
124,327,3.0
124,328,1.0
124,329,2.0
124,330,2.0
124,331,2.0
124,332,1.0
124,333,1.0
124,334,2.0
124,335,2.0
124,336,6.0
124,337,1.0
124,338,1.0
124,339,3.0
124,340,0.0
124,341,2.0
124,342,1.0
124,343,1.0
124,344,1.0
124,345,1.0
124,346,1.0
124,347,1.0
124,348,1.0
124,349,2.0
124,350,1.0
124,351,1.0
124,352,1.0
124,353,2.0
124,354,1.0
124,355,2.0
124,356,2.0
124,357,2.0
124,358,1.0
124,359,1.0
124,360,2.0
124,361,1.0
124,362,2.0
124,363,3.0
124,364,2.0
124,365,2.0
124,366,1.0
124,367,1.0
124,368,0.0
124,369,2.0
124,370,1.0
124,371,2.0
124,372,1.0
124,373,1.0
124,374,1.0
124,375,2.0
124,376,1.0
124,377,1.0
125,126,1.0
125,127,1.0
125,128,2.0
125,129,1.0
125,130,1.0
125,131,1.0
125,132,0.0
125,133,0.0
125,134,0.0
125,135,0.0
125,136,2.0
125,137,2.0
125,138,2.0
125,139,2.0
125,140,1.0
125,141,2.0
125,142,1.0
125,143,2.0
125,144,2.0
125,145,2.0
125,146,2.0
125,147,2.0
125,148,2.0
125,149,2.0
125,150,3.0
125,151,3.0
125,152,2.0
125,153,2.0
125,154,2.0
125,155,1.0
125,156,2.0
125,157,1.0
125,158,1.0
125,159,2.0
125,160,1.0
125,161,6.0
125,162,1.0
125,163,1.0
125,164,2.0
125,165,1.0
125,166,1.0
125,167,1.0
125,168,0.0
125,169,1.0
125,170,1.0
125,171,1.0
125,172,1.0
125,173,1.0
125,174,2.0
125,175,6.0
125,176,2.0
125,177,2.0
125,178,2.0
125,179,2.0
125,180,2.0
125,181,2.0
125,182,1.0
125,183,1.0
125,184,1.0
125,185,2.0
125,186,1.0
125,187,1.0
125,188,2.0
125,189,2.0
125,190,0.0
125,191,0.0
125,192,0.0
125,193,2.0
125,194,1.0
125,195,1.0
125,196,3.0
125,197,3.0
125,198,3.0
125,199,2.0
125,200,2.0
125,201,2.0
125,202,1.0
125,203,2.0
125,204,1.0
125,205,1.0
125,206,2.0
125,207,1.0
125,208,1.0
125,209,1.0
125,210,2.0
125,211,1.0
125,212,2.0
125,213,2.0
125,214,2.0
125,215,3.0
125,216,2.0
125,217,1.0
125,218,2.0
125,219,1.0
125,220,2.0
125,221,2.0
125,222,3.0
125,223,1.0
125,224,1.0
125,225,1.0
125,226,2.0
125,227,1.0
125,228,1.0
125,229,3.0
125,230,1.0
125,231,1.0
125,232,2.0
125,233,2.0
125,234,0.0
125,235,1.0
125,236,2.0
125,237,1.0
125,238,0.0
125,239,1.0
125,240,1.0
125,241,2.0
125,242,1.0
125,243,2.0
125,244,1.0
125,245,2.0
125,246,1.0
125,247,1.0
125,248,2.0
125,249,1.0
125,250,1.0
125,251,1.0
125,252,1.0
125,253,1.0
125,254,2.0
125,255,2.0
125,256,1.0
125,257,3.0
125,258,2.0
125,259,3.0
125,260,1.0
125,261,1.0
125,262,1.0
125,263,2.0
125,264,1.0
125,265,2.0
125,266,2.0
125,267,1.0
125,268,2.0
125,269,1.0
125,270,1.0
125,271,3.0
125,272,1.0
125,273,1.0
125,274,1.0
125,275,1.0
125,276,1.0
125,277,1.0
125,278,2.0
125,279,1.0
125,280,2.0
125,281,2.0
125,282,1.0
125,283,2.0
125,284,1.0
125,285,5.0
125,286,2.0
125,287,2.0
125,288,4.0
125,289,1.0
125,290,3.0
125,291,1.0
125,292,1.0
125,293,2.0
125,294,1.0
125,295,2.0
125,296,1.0
125,297,1.0
125,298,1.0
125,299,1.0
125,300,2.0
125,301,3.0
125,302,1.0
125,303,1.0
125,304,1.0
125,305,2.0
125,306,1.0
125,307,1.0
125,308,2.0
125,309,2.0
125,310,1.0
125,311,1.0
125,312,3.0
125,313,1.0
125,314,1.0
125,315,1.0
125,316,1.0
125,317,3.0
125,318,1.0
125,319,1.0
125,320,1.0
125,321,1.0
125,322,2.0
125,323,2.0
125,324,1.0
125,325,2.0
125,326,1.0
125,327,3.0
125,328,1.0
125,329,2.0
125,330,2.0
125,331,2.0
125,332,1.0
125,333,1.0
125,334,2.0
125,335,2.0
125,336,6.0
125,337,1.0
125,338,1.0
125,339,3.0
125,340,0.0
125,341,2.0
125,342,1.0
125,343,1.0
125,344,1.0
125,345,1.0
125,346,1.0
125,347,1.0
125,348,1.0
125,349,2.0
125,350,1.0
125,351,1.0
125,352,1.0
125,353,2.0
125,354,1.0
125,355,2.0
125,356,2.0
125,357,2.0
125,358,1.0
125,359,1.0
125,360,2.0
125,361,1.0
125,362,2.0
125,363,3.0
125,364,2.0
125,365,2.0
125,366,1.0
125,367,1.0
125,368,0.0
125,369,2.0
125,370,1.0
125,371,2.0
125,372,1.0
125,373,1.0
125,374,1.0
125,375,2.0
125,376,1.0
125,377,1.0
126,127,5.0
126,128,1.0
126,129,5.0
126,130,5.0
126,131,5.0
126,132,1.0
126,133,1.0
126,134,1.0
126,135,1.0
126,136,1.0
126,137,1.0
126,138,1.0
126,139,1.0
126,140,3.0
126,141,3.0
126,142,2.0
126,143,4.0
126,144,4.0
126,145,2.0
126,146,2.0
126,147,1.0
126,148,1.0
126,149,2.0
126,150,2.0
126,151,2.0
126,152,1.0
126,153,2.0
126,154,3.0
126,155,2.0
126,156,3.0
126,157,2.0
126,158,2.0
126,159,1.0
126,160,3.0
126,161,1.0
126,162,4.0
126,163,2.0
126,164,2.0
126,165,0.0
126,166,3.0
126,167,2.0
126,168,2.0
126,169,4.0
126,170,2.0
126,171,2.0
126,172,2.0
126,173,2.0
126,174,1.0
126,175,1.0
126,176,1.0
126,177,3.0
126,178,3.0
126,179,3.0
126,180,3.0
126,181,3.0
126,182,3.0
126,183,3.0
126,184,3.0
126,185,1.0
126,186,2.0
126,187,2.0
126,188,1.0
126,189,2.0
126,190,1.0
126,191,1.0
126,192,1.0
126,193,3.0
126,194,2.0
126,195,1.0
126,196,2.0
126,197,2.0
126,198,2.0
126,199,0.0
126,200,0.0
126,201,0.0
126,202,3.0
126,203,2.0
126,204,1.0
126,205,1.0
126,206,1.0
126,207,3.0
126,208,2.0
126,209,4.0
126,210,2.0
126,211,2.0
126,212,3.0
126,213,4.0
126,214,3.0
126,215,2.0
126,216,2.0
126,217,3.0
126,218,1.0
126,219,3.0
126,220,3.0
126,221,2.0
126,222,1.0
126,223,2.0
126,224,4.0
126,225,4.0
126,226,1.0
126,227,4.0
126,228,2.0
126,229,3.0
126,230,3.0
126,231,4.0
126,232,2.0
126,233,3.0
126,234,1.0
126,235,3.0
126,236,3.0
126,237,2.0
126,238,1.0
126,239,4.0
126,240,2.0
126,241,4.0
126,242,3.0
126,243,3.0
126,244,4.0
126,245,3.0
126,246,3.0
126,247,5.0
126,248,1.0
126,249,2.0
126,250,3.0
126,251,2.0
126,252,1.0
126,253,3.0
126,254,1.0
126,255,2.0
126,256,2.0
126,257,2.0
126,258,3.0
126,259,3.0
126,260,3.0
126,261,4.0
126,262,2.0
126,263,3.0
126,264,2.0
126,265,1.0
126,266,0.0
126,267,4.0
126,268,3.0
126,269,1.0
126,270,2.0
126,271,3.0
126,272,5.0
126,273,3.0
126,274,2.0
126,275,4.0
126,276,4.0
126,277,4.0
126,278,3.0
126,279,1.0
126,280,2.0
126,281,1.0
126,282,2.0
126,283,1.0
126,284,4.0
126,285,2.0
126,286,3.0
126,287,1.0
126,288,1.0
126,289,4.0
126,290,2.0
126,291,2.0
126,292,3.0
126,293,3.0
126,294,2.0
126,295,4.0
126,296,3.0
126,297,4.0
126,298,3.0
126,299,3.0
126,300,1.0
126,301,2.0
126,302,4.0
126,303,3.0
126,304,3.0
126,305,1.0
126,306,2.0
126,307,4.0
126,308,3.0
126,309,3.0
126,310,4.0
126,311,2.0
126,312,3.0
126,313,4.0
126,314,4.0
126,315,2.0
126,316,2.0
126,317,0.0
126,318,3.0
126,319,2.0
126,320,4.0
126,321,4.0
126,322,3.0
126,323,3.0
126,324,5.0
126,325,2.0
126,326,4.0
126,327,3.0
126,328,4.0
126,329,3.0
126,330,4.0
126,331,1.0
126,332,4.0
126,333,3.0
126,334,1.0
126,335,0.0
126,336,1.0
126,337,4.0
126,338,3.0
126,339,3.0
126,340,1.0
126,341,1.0
126,342,3.0
126,343,4.0
126,344,4.0
126,345,3.0
126,346,2.0
126,347,4.0
126,348,3.0
126,349,3.0
126,350,2.0
126,351,4.0
126,352,4.0
126,353,3.0
126,354,4.0
126,355,1.0
126,356,3.0
126,357,3.0
126,358,4.0
126,359,2.0
126,360,3.0
126,361,4.0
126,362,4.0
126,363,1.0
126,364,1.0
126,365,1.0
126,366,5.0
126,367,4.0
126,368,1.0
126,369,2.0
126,370,3.0
126,371,4.0
126,372,3.0
126,373,2.0
126,374,4.0
126,375,3.0
126,376,2.0
126,377,2.0
127,128,1.0
127,129,5.0
127,130,5.0
127,131,5.0
127,132,1.0
127,133,1.0
127,134,1.0
127,135,1.0
127,136,1.0
127,137,1.0
127,138,1.0
127,139,1.0
127,140,3.0
127,141,3.0
127,142,2.0
127,143,4.0
127,144,4.0
127,145,2.0
127,146,2.0
127,147,1.0
127,148,1.0
127,149,2.0
127,150,2.0
127,151,2.0
127,152,1.0
127,153,2.0
127,154,3.0
127,155,2.0
127,156,3.0
127,157,2.0
127,158,2.0
127,159,1.0
127,160,3.0
127,161,1.0
127,162,4.0
127,163,2.0
127,164,2.0
127,165,0.0
127,166,3.0
127,167,2.0
127,168,2.0
127,169,4.0
127,170,2.0
127,171,2.0
127,172,2.0
127,173,2.0
127,174,1.0
127,175,1.0
127,176,1.0
127,177,3.0
127,178,3.0
127,179,3.0
127,180,3.0
127,181,3.0
127,182,3.0
127,183,3.0
127,184,3.0
127,185,1.0
127,186,2.0
127,187,2.0
127,188,1.0
127,189,2.0
127,190,1.0
127,191,1.0
127,192,1.0
127,193,3.0
127,194,2.0
127,195,1.0
127,196,2.0
127,197,2.0
127,198,2.0
127,199,0.0
127,200,0.0
127,201,0.0
127,202,3.0
127,203,2.0
127,204,1.0
127,205,1.0
127,206,1.0
127,207,3.0
127,208,2.0
127,209,4.0
127,210,2.0
127,211,2.0
127,212,3.0
127,213,4.0
127,214,3.0
127,215,2.0
127,216,2.0
127,217,3.0
127,218,1.0
127,219,3.0
127,220,3.0
127,221,2.0
127,222,1.0
127,223,2.0
127,224,4.0
127,225,4.0
127,226,1.0
127,227,4.0
127,228,2.0
127,229,3.0
127,230,3.0
127,231,4.0
127,232,2.0
127,233,3.0
127,234,1.0
127,235,3.0
127,236,3.0
127,237,2.0
127,238,1.0
127,239,4.0
127,240,2.0
127,241,4.0
127,242,3.0
127,243,3.0
127,244,4.0
127,245,3.0
127,246,3.0
127,247,5.0
127,248,1.0
127,249,2.0
127,250,3.0
127,251,2.0
127,252,1.0
127,253,3.0
127,254,1.0
127,255,2.0
127,256,2.0
127,257,2.0
127,258,3.0
127,259,3.0
127,260,3.0
127,261,4.0
127,262,2.0
127,263,3.0
127,264,2.0
127,265,1.0
127,266,0.0
127,267,4.0
127,268,3.0
127,269,1.0
127,270,2.0
127,271,3.0
127,272,5.0
127,273,3.0
127,274,2.0
127,275,4.0
127,276,4.0
127,277,4.0
127,278,3.0
127,279,1.0
127,280,2.0
127,281,1.0
127,282,2.0
127,283,1.0
127,284,4.0
127,285,2.0
127,286,3.0
127,287,1.0
127,288,1.0
127,289,4.0
127,290,2.0
127,291,2.0
127,292,3.0
127,293,3.0
127,294,2.0
127,295,4.0
127,296,3.0
127,297,4.0
127,298,3.0
127,299,3.0
127,300,1.0
127,301,2.0
127,302,4.0
127,303,3.0
127,304,3.0
127,305,1.0
127,306,2.0
127,307,4.0
127,308,3.0
127,309,3.0
127,310,4.0
127,311,2.0
127,312,3.0
127,313,4.0
127,314,4.0
127,315,2.0
127,316,2.0
127,317,0.0
127,318,3.0
127,319,2.0
127,320,4.0
127,321,4.0
127,322,3.0
127,323,3.0
127,324,5.0
127,325,2.0
127,326,4.0
127,327,3.0
127,328,4.0
127,329,3.0
127,330,4.0
127,331,1.0
127,332,4.0
127,333,3.0
127,334,1.0
127,335,0.0
127,336,1.0
127,337,4.0
127,338,3.0
127,339,3.0
127,340,1.0
127,341,1.0
127,342,3.0
127,343,4.0
127,344,4.0
127,345,3.0
127,346,2.0
127,347,4.0
127,348,3.0
127,349,3.0
127,350,2.0
127,351,4.0
127,352,4.0
127,353,3.0
127,354,4.0
127,355,1.0
127,356,3.0
127,357,3.0
127,358,4.0
127,359,2.0
127,360,3.0
127,361,4.0
127,362,4.0
127,363,1.0
127,364,1.0
127,365,1.0
127,366,5.0
127,367,4.0
127,368,1.0
127,369,2.0
127,370,3.0
127,371,4.0
127,372,3.0
127,373,2.0
127,374,4.0
127,375,3.0
127,376,2.0
127,377,2.0
128,129,1.0
128,130,1.0
128,131,1.0
128,132,2.0
128,133,2.0
128,134,2.0
128,135,2.0
128,136,2.0
128,137,2.0
128,138,2.0
128,139,6.0
128,140,1.0
128,141,1.0
128,142,1.0
128,143,2.0
128,144,2.0
128,145,1.0
128,146,1.0
128,147,4.0
128,148,4.0
128,149,1.0
128,150,2.0
128,151,2.0
128,152,2.0
128,153,1.0
128,154,1.0
128,155,1.0
128,156,1.0
128,157,1.0
128,158,1.0
128,159,2.0
128,160,1.0
128,161,2.0
128,162,1.0
128,163,1.0
128,164,0.0
128,165,3.0
128,166,1.0
128,167,1.0
128,168,0.0
128,169,1.0
128,170,1.0
128,171,1.0
128,172,1.0
128,173,1.0
128,174,6.0
128,175,2.0
128,176,3.0
128,177,2.0
128,178,2.0
128,179,1.0
128,180,2.0
128,181,2.0
128,182,1.0
128,183,1.0
128,184,1.0
128,185,6.0
128,186,1.0
128,187,1.0
128,188,0.0
128,189,2.0
128,190,0.0
128,191,0.0
128,192,0.0
128,193,1.0
128,194,1.0
128,195,1.0
128,196,1.0
128,197,1.0
128,198,1.0
128,199,5.0
128,200,5.0
128,201,5.0
128,202,1.0
128,203,2.0
128,204,1.0
128,205,1.0
128,206,1.0
128,207,1.0
128,208,1.0
128,209,1.0
128,210,1.0
128,211,1.0
128,212,1.0
128,213,2.0
128,214,1.0
128,215,1.0
128,216,2.0
128,217,1.0
128,218,3.0
128,219,1.0
128,220,1.0
128,221,0.0
128,222,1.0
128,223,1.0
128,224,1.0
128,225,1.0
128,226,6.0
128,227,1.0
128,228,2.0
128,229,2.0
128,230,1.0
128,231,1.0
128,232,1.0
128,233,2.0
128,234,0.0
128,235,1.0
128,236,1.0
128,237,1.0
128,238,0.0
128,239,1.0
128,240,1.0
128,241,2.0
128,242,1.0
128,243,1.0
128,244,1.0
128,245,1.0
128,246,1.0
128,247,1.0
128,248,0.0
128,249,1.0
128,250,1.0
128,251,2.0
128,252,1.0
128,253,1.0
128,254,2.0
128,255,2.0
128,256,1.0
128,257,1.0
128,258,1.0
128,259,2.0
128,260,1.0
128,261,1.0
128,262,2.0
128,263,1.0
128,264,1.0
128,265,3.0
128,266,0.0
128,267,1.0
128,268,1.0
128,269,1.0
128,270,1.0
128,271,2.0
128,272,1.0
128,273,1.0
128,274,1.0
128,275,1.0
128,276,1.0
128,277,1.0
128,278,1.0
128,279,1.0
128,280,1.0
128,281,3.0
128,282,1.0
128,283,3.0
128,284,1.0
128,285,2.0
128,286,1.0
128,287,1.0
128,288,2.0
128,289,1.0
128,290,2.0
128,291,1.0
128,292,1.0
128,293,2.0
128,294,1.0
128,295,2.0
128,296,1.0
128,297,1.0
128,298,1.0
128,299,1.0
128,300,1.0
128,301,1.0
128,302,1.0
128,303,1.0
128,304,1.0
128,305,3.0
128,306,1.0
128,307,1.0
128,308,1.0
128,309,1.0
128,310,1.0
128,311,1.0
128,312,2.0
128,313,1.0
128,314,1.0
128,315,1.0
128,316,1.0
128,317,1.0
128,318,1.0
128,319,2.0
128,320,1.0
128,321,1.0
128,322,1.0
128,323,1.0
128,324,1.0
128,325,4.0
128,326,1.0
128,327,2.0
128,328,1.0
128,329,1.0
128,330,2.0
128,331,6.0
128,332,1.0
128,333,1.0
128,334,5.0
128,335,4.0
128,336,2.0
128,337,1.0
128,338,1.0
128,339,2.0
128,340,0.0
128,341,3.0
128,342,1.0
128,343,1.0
128,344,1.0
128,345,1.0
128,346,1.0
128,347,1.0
128,348,1.0
128,349,1.0
128,350,1.0
128,351,1.0
128,352,1.0
128,353,1.0
128,354,1.0
128,355,0.0
128,356,1.0
128,357,1.0
128,358,1.0
128,359,1.0
128,360,1.0
128,361,1.0
128,362,2.0
128,363,1.0
128,364,4.0
128,365,1.0
128,366,1.0
128,367,1.0
128,368,1.0
128,369,2.0
128,370,1.0
128,371,2.0
128,372,1.0
128,373,1.0
128,374,1.0
128,375,2.0
128,376,2.0
128,377,1.0
129,130,5.0
129,131,5.0
129,132,1.0
129,133,1.0
129,134,1.0
129,135,1.0
129,136,1.0
129,137,1.0
129,138,1.0
129,139,1.0
129,140,3.0
129,141,3.0
129,142,2.0
129,143,4.0
129,144,4.0
129,145,2.0
129,146,2.0
129,147,1.0
129,148,1.0
129,149,2.0
129,150,2.0
129,151,2.0
129,152,1.0
129,153,2.0
129,154,3.0
129,155,2.0
129,156,3.0
129,157,2.0
129,158,2.0
129,159,1.0
129,160,3.0
129,161,1.0
129,162,4.0
129,163,2.0
129,164,2.0
129,165,0.0
129,166,3.0
129,167,2.0
129,168,2.0
129,169,4.0
129,170,2.0
129,171,2.0
129,172,2.0
129,173,2.0
129,174,1.0
129,175,1.0
129,176,1.0
129,177,3.0
129,178,3.0
129,179,3.0
129,180,3.0
129,181,3.0
129,182,3.0
129,183,3.0
129,184,3.0
129,185,1.0
129,186,2.0
129,187,2.0
129,188,1.0
129,189,2.0
129,190,1.0
129,191,1.0
129,192,1.0
129,193,3.0
129,194,2.0
129,195,1.0
129,196,2.0
129,197,2.0
129,198,2.0
129,199,0.0
129,200,0.0
129,201,0.0
129,202,3.0
129,203,2.0
129,204,1.0
129,205,1.0
129,206,1.0
129,207,3.0
129,208,2.0
129,209,4.0
129,210,2.0
129,211,2.0
129,212,3.0
129,213,4.0
129,214,3.0
129,215,2.0
129,216,2.0
129,217,3.0
129,218,1.0
129,219,3.0
129,220,3.0
129,221,2.0
129,222,1.0
129,223,2.0
129,224,4.0
129,225,4.0
129,226,1.0
129,227,4.0
129,228,2.0
129,229,3.0
129,230,3.0
129,231,4.0
129,232,2.0
129,233,3.0
129,234,1.0
129,235,3.0
129,236,3.0
129,237,2.0
129,238,1.0
129,239,4.0
129,240,2.0
129,241,4.0
129,242,3.0
129,243,3.0
129,244,4.0
129,245,3.0
129,246,3.0
129,247,5.0
129,248,1.0
129,249,2.0
129,250,3.0
129,251,2.0
129,252,1.0
129,253,3.0
129,254,1.0
129,255,2.0
129,256,2.0
129,257,2.0
129,258,3.0
129,259,3.0
129,260,3.0
129,261,4.0
129,262,2.0
129,263,3.0
129,264,2.0
129,265,1.0
129,266,0.0
129,267,4.0
129,268,3.0
129,269,1.0
129,270,2.0
129,271,3.0
129,272,5.0
129,273,3.0
129,274,2.0
129,275,4.0
129,276,4.0
129,277,4.0
129,278,3.0
129,279,1.0
129,280,2.0
129,281,1.0
129,282,2.0
129,283,1.0
129,284,4.0
129,285,2.0
129,286,3.0
129,287,1.0
129,288,1.0
129,289,4.0
129,290,2.0
129,291,2.0
129,292,3.0
129,293,3.0
129,294,2.0
129,295,4.0
129,296,3.0
129,297,4.0
129,298,3.0
129,299,3.0
129,300,1.0
129,301,2.0
129,302,4.0
129,303,3.0
129,304,3.0
129,305,1.0
129,306,2.0
129,307,4.0
129,308,3.0
129,309,3.0
129,310,4.0
129,311,2.0
129,312,3.0
129,313,4.0
129,314,4.0
129,315,2.0
129,316,2.0
129,317,0.0
129,318,3.0
129,319,2.0
129,320,4.0
129,321,4.0
129,322,3.0
129,323,3.0
129,324,5.0
129,325,2.0
129,326,4.0
129,327,3.0
129,328,4.0
129,329,3.0
129,330,4.0
129,331,1.0
129,332,4.0
129,333,3.0
129,334,1.0
129,335,0.0
129,336,1.0
129,337,4.0
129,338,3.0
129,339,3.0
129,340,1.0
129,341,1.0
129,342,3.0
129,343,4.0
129,344,4.0
129,345,3.0
129,346,2.0
129,347,4.0
129,348,3.0
129,349,3.0
129,350,2.0
129,351,4.0
129,352,4.0
129,353,3.0
129,354,4.0
129,355,1.0
129,356,3.0
129,357,3.0
129,358,4.0
129,359,2.0
129,360,3.0
129,361,4.0
129,362,4.0
129,363,1.0
129,364,1.0
129,365,1.0
129,366,5.0
129,367,4.0
129,368,1.0
129,369,2.0
129,370,3.0
129,371,4.0
129,372,3.0
129,373,2.0
129,374,4.0
129,375,3.0
129,376,2.0
129,377,2.0
130,131,5.0
130,132,1.0
130,133,1.0
130,134,1.0
130,135,1.0
130,136,1.0
130,137,1.0
130,138,1.0
130,139,1.0
130,140,3.0
130,141,3.0
130,142,2.0
130,143,4.0
130,144,4.0
130,145,2.0
130,146,2.0
130,147,1.0
130,148,1.0
130,149,2.0
130,150,2.0
130,151,2.0
130,152,1.0
130,153,2.0
130,154,3.0
130,155,2.0
130,156,3.0
130,157,2.0
130,158,2.0
130,159,1.0
130,160,3.0
130,161,1.0
130,162,4.0
130,163,2.0
130,164,2.0
130,165,0.0
130,166,3.0
130,167,2.0
130,168,2.0
130,169,4.0
130,170,2.0
130,171,2.0
130,172,2.0
130,173,2.0
130,174,1.0
130,175,1.0
130,176,1.0
130,177,3.0
130,178,3.0
130,179,3.0
130,180,3.0
130,181,3.0
130,182,3.0
130,183,3.0
130,184,3.0
130,185,1.0
130,186,2.0
130,187,2.0
130,188,1.0
130,189,2.0
130,190,1.0
130,191,1.0
130,192,1.0
130,193,3.0
130,194,2.0
130,195,1.0
130,196,2.0
130,197,2.0
130,198,2.0
130,199,0.0
130,200,0.0
130,201,0.0
130,202,3.0
130,203,2.0
130,204,1.0
130,205,1.0
130,206,1.0
130,207,3.0
130,208,2.0
130,209,4.0
130,210,2.0
130,211,2.0
130,212,3.0
130,213,4.0
130,214,3.0
130,215,2.0
130,216,2.0
130,217,3.0
130,218,1.0
130,219,3.0
130,220,3.0
130,221,2.0
130,222,1.0
130,223,2.0
130,224,4.0
130,225,4.0
130,226,1.0
130,227,4.0
130,228,2.0
130,229,3.0
130,230,3.0
130,231,4.0
130,232,2.0
130,233,3.0
130,234,1.0
130,235,3.0
130,236,3.0
130,237,2.0
130,238,1.0
130,239,4.0
130,240,2.0
130,241,4.0
130,242,3.0
130,243,3.0
130,244,4.0
130,245,3.0
130,246,3.0
130,247,5.0
130,248,1.0
130,249,2.0
130,250,3.0
130,251,2.0
130,252,1.0
130,253,3.0
130,254,1.0
130,255,2.0
130,256,2.0
130,257,2.0
130,258,3.0
130,259,3.0
130,260,3.0
130,261,4.0
130,262,2.0
130,263,3.0
130,264,2.0
130,265,1.0
130,266,0.0
130,267,4.0
130,268,3.0
130,269,1.0
130,270,2.0
130,271,3.0
130,272,5.0
130,273,3.0
130,274,2.0
130,275,4.0
130,276,4.0
130,277,4.0
130,278,3.0
130,279,1.0
130,280,2.0
130,281,1.0
130,282,2.0
130,283,1.0
130,284,4.0
130,285,2.0
130,286,3.0
130,287,1.0
130,288,1.0
130,289,4.0
130,290,2.0
130,291,2.0
130,292,3.0
130,293,3.0
130,294,2.0
130,295,4.0
130,296,3.0
130,297,4.0
130,298,3.0
130,299,3.0
130,300,1.0
130,301,2.0
130,302,4.0
130,303,3.0
130,304,3.0
130,305,1.0
130,306,2.0
130,307,4.0
130,308,3.0
130,309,3.0
130,310,4.0
130,311,2.0
130,312,3.0
130,313,4.0
130,314,4.0
130,315,2.0
130,316,2.0
130,317,0.0
130,318,3.0
130,319,2.0
130,320,4.0
130,321,4.0
130,322,3.0
130,323,3.0
130,324,5.0
130,325,2.0
130,326,4.0
130,327,3.0
130,328,4.0
130,329,3.0
130,330,4.0
130,331,1.0
130,332,4.0
130,333,3.0
130,334,1.0
130,335,0.0
130,336,1.0
130,337,4.0
130,338,3.0
130,339,3.0
130,340,1.0
130,341,1.0
130,342,3.0
130,343,4.0
130,344,4.0
130,345,3.0
130,346,2.0
130,347,4.0
130,348,3.0
130,349,3.0
130,350,2.0
130,351,4.0
130,352,4.0
130,353,3.0
130,354,4.0
130,355,1.0
130,356,3.0
130,357,3.0
130,358,4.0
130,359,2.0
130,360,3.0
130,361,4.0
130,362,4.0
130,363,1.0
130,364,1.0
130,365,1.0
130,366,5.0
130,367,4.0
130,368,1.0
130,369,2.0
130,370,3.0
130,371,4.0
130,372,3.0
130,373,2.0
130,374,4.0
130,375,3.0
130,376,2.0
130,377,2.0
131,132,1.0
131,133,1.0
131,134,1.0
131,135,1.0
131,136,1.0
131,137,1.0
131,138,1.0
131,139,1.0
131,140,3.0
131,141,3.0
131,142,2.0
131,143,4.0
131,144,4.0
131,145,2.0
131,146,2.0
131,147,1.0
131,148,1.0
131,149,2.0
131,150,2.0
131,151,2.0
131,152,1.0
131,153,2.0
131,154,3.0
131,155,2.0
131,156,3.0
131,157,2.0
131,158,2.0
131,159,1.0
131,160,3.0
131,161,1.0
131,162,4.0
131,163,2.0
131,164,2.0
131,165,0.0
131,166,3.0
131,167,2.0
131,168,2.0
131,169,4.0
131,170,2.0
131,171,2.0
131,172,2.0
131,173,2.0
131,174,1.0
131,175,1.0
131,176,1.0
131,177,3.0
131,178,3.0
131,179,3.0
131,180,3.0
131,181,3.0
131,182,3.0
131,183,3.0
131,184,3.0
131,185,1.0
131,186,2.0
131,187,2.0
131,188,1.0
131,189,2.0
131,190,1.0
131,191,1.0
131,192,1.0
131,193,3.0
131,194,2.0
131,195,1.0
131,196,2.0
131,197,2.0
131,198,2.0
131,199,0.0
131,200,0.0
131,201,0.0
131,202,3.0
131,203,2.0
131,204,1.0
131,205,1.0
131,206,1.0
131,207,3.0
131,208,2.0
131,209,4.0
131,210,2.0
131,211,2.0
131,212,3.0
131,213,4.0
131,214,3.0
131,215,2.0
131,216,2.0
131,217,3.0
131,218,1.0
131,219,3.0
131,220,3.0
131,221,2.0
131,222,1.0
131,223,2.0
131,224,4.0
131,225,4.0
131,226,1.0
131,227,4.0
131,228,2.0
131,229,3.0
131,230,3.0
131,231,4.0
131,232,2.0
131,233,3.0
131,234,1.0
131,235,3.0
131,236,3.0
131,237,2.0
131,238,1.0
131,239,4.0
131,240,2.0
131,241,4.0
131,242,3.0
131,243,3.0
131,244,4.0
131,245,3.0
131,246,3.0
131,247,5.0
131,248,1.0
131,249,2.0
131,250,3.0
131,251,2.0
131,252,1.0
131,253,3.0
131,254,1.0
131,255,2.0
131,256,2.0
131,257,2.0
131,258,3.0
131,259,3.0
131,260,3.0
131,261,4.0
131,262,2.0
131,263,3.0
131,264,2.0
131,265,1.0
131,266,0.0
131,267,4.0
131,268,3.0
131,269,1.0
131,270,2.0
131,271,3.0
131,272,5.0
131,273,3.0
131,274,2.0
131,275,4.0
131,276,4.0
131,277,4.0
131,278,3.0
131,279,1.0
131,280,2.0
131,281,1.0
131,282,2.0
131,283,1.0
131,284,4.0
131,285,2.0
131,286,3.0
131,287,1.0
131,288,1.0
131,289,4.0
131,290,2.0
131,291,2.0
131,292,3.0
131,293,3.0
131,294,2.0
131,295,4.0
131,296,3.0
131,297,4.0
131,298,3.0
131,299,3.0
131,300,1.0
131,301,2.0
131,302,4.0
131,303,3.0
131,304,3.0
131,305,1.0
131,306,2.0
131,307,4.0
131,308,3.0
131,309,3.0
131,310,4.0
131,311,2.0
131,312,3.0
131,313,4.0
131,314,4.0
131,315,2.0
131,316,2.0
131,317,0.0
131,318,3.0
131,319,2.0
131,320,4.0
131,321,4.0
131,322,3.0
131,323,3.0
131,324,5.0
131,325,2.0
131,326,4.0
131,327,3.0
131,328,4.0
131,329,3.0
131,330,4.0
131,331,1.0
131,332,4.0
131,333,3.0
131,334,1.0
131,335,0.0
131,336,1.0
131,337,4.0
131,338,3.0
131,339,3.0
131,340,1.0
131,341,1.0
131,342,3.0
131,343,4.0
131,344,4.0
131,345,3.0
131,346,2.0
131,347,4.0
131,348,3.0
131,349,3.0
131,350,2.0
131,351,4.0
131,352,4.0
131,353,3.0
131,354,4.0
131,355,1.0
131,356,3.0
131,357,3.0
131,358,4.0
131,359,2.0
131,360,3.0
131,361,4.0
131,362,4.0
131,363,1.0
131,364,1.0
131,365,1.0
131,366,5.0
131,367,4.0
131,368,1.0
131,369,2.0
131,370,3.0
131,371,4.0
131,372,3.0
131,373,2.0
131,374,4.0
131,375,3.0
131,376,2.0
131,377,2.0
132,133,10.0
132,134,10.0
132,135,10.0
132,136,2.0
132,137,2.0
132,138,2.0
132,139,2.0
132,140,3.0
132,141,1.0
132,142,2.0
132,143,1.0
132,144,1.0
132,145,2.0
132,146,1.0
132,147,2.0
132,148,2.0
132,149,1.0
132,150,1.0
132,151,1.0
132,152,2.0
132,153,2.0
132,154,3.0
132,155,2.0
132,156,1.0
132,157,3.0
132,158,3.0
132,159,2.0
132,160,2.0
132,161,0.0
132,162,1.0
132,163,3.0
132,164,1.0
132,165,2.0
132,166,2.0
132,167,3.0
132,168,2.0
132,169,2.0
132,170,3.0
132,171,1.0
132,172,3.0
132,173,2.0
132,174,2.0
132,175,0.0
132,176,4.0
132,177,1.0
132,178,1.0
132,179,3.0
132,180,1.0
132,181,1.0
132,182,1.0
132,183,2.0
132,184,2.0
132,185,2.0
132,186,4.0
132,187,4.0
132,188,1.0
132,189,2.0
132,190,3.0
132,191,3.0
132,192,3.0
132,193,1.0
132,194,3.0
132,195,3.0
132,196,1.0
132,197,1.0
132,198,1.0
132,199,2.0
132,200,2.0
132,201,2.0
132,202,3.0
132,203,3.0
132,204,3.0
132,205,3.0
132,206,2.0
132,207,2.0
132,208,3.0
132,209,2.0
132,210,2.0
132,211,1.0
132,212,3.0
132,213,1.0
132,214,3.0
132,215,1.0
132,216,2.0
132,217,3.0
132,218,4.0
132,219,2.0
132,220,3.0
132,221,1.0
132,222,3.0
132,223,2.0
132,224,2.0
132,225,2.0
132,226,2.0
132,227,2.0
132,228,2.0
132,229,1.0
132,230,2.0
132,231,2.0
132,232,3.0
132,233,1.0
132,234,5.0
132,235,1.0
132,236,2.0
132,237,3.0
132,238,5.0
132,239,2.0
132,240,1.0
132,241,1.0
132,242,2.0
132,243,3.0
132,244,2.0
132,245,2.0
132,246,2.0
132,247,1.0
132,248,1.0
132,249,2.0
132,250,3.0
132,251,2.0
132,252,4.0
132,253,1.0
132,254,4.0
132,255,2.0
132,256,5.0
132,257,1.0
132,258,2.0
132,259,1.0
132,260,2.0
132,261,2.0
132,262,2.0
132,263,2.0
132,264,1.0
132,265,4.0
132,266,1.0
132,267,2.0
132,268,3.0
132,269,2.0
132,270,3.0
132,271,1.0
132,272,1.0
132,273,2.0
132,274,3.0
132,275,2.0
132,276,2.0
132,277,2.0
132,278,2.0
132,279,3.0
132,280,2.0
132,281,4.0
132,282,2.0
132,283,2.0
132,284,2.0
132,285,0.0
132,286,3.0
132,287,2.0
132,288,1.0
132,289,2.0
132,290,1.0
132,291,3.0
132,292,2.0
132,293,1.0
132,294,3.0
132,295,1.0
132,296,2.0
132,297,2.0
132,298,2.0
132,299,2.0
132,300,3.0
132,301,2.0
132,302,2.0
132,303,2.0
132,304,4.0
132,305,4.0
132,306,1.0
132,307,2.0
132,308,1.0
132,309,2.0
132,310,2.0
132,311,1.0
132,312,1.0
132,313,2.0
132,314,2.0
132,315,3.0
132,316,2.0
132,317,1.0
132,318,2.0
132,319,2.0
132,320,2.0
132,321,2.0
132,322,3.0
132,323,3.0
132,324,1.0
132,325,3.0
132,326,2.0
132,327,1.0
132,328,2.0
132,329,3.0
132,330,1.0
132,331,2.0
132,332,1.0
132,333,4.0
132,334,2.0
132,335,2.0
132,336,0.0
132,337,2.0
132,338,3.0
132,339,1.0
132,340,5.0
132,341,4.0
132,342,2.0
132,343,2.0
132,344,2.0
132,345,3.0
132,346,2.0
132,347,2.0
132,348,3.0
132,349,2.0
132,350,2.0
132,351,2.0
132,352,2.0
132,353,2.0
132,354,2.0
132,355,1.0
132,356,3.0
132,357,1.0
132,358,2.0
132,359,3.0
132,360,3.0
132,361,2.0
132,362,1.0
132,363,3.0
132,364,2.0
132,365,2.0
132,366,1.0
132,367,2.0
132,368,1.0
132,369,2.0
132,370,2.0
132,371,1.0
132,372,2.0
132,373,3.0
132,374,2.0
132,375,1.0
132,376,2.0
132,377,2.0
133,134,10.0
133,135,10.0
133,136,2.0
133,137,2.0
133,138,2.0
133,139,2.0
133,140,3.0
133,141,1.0
133,142,2.0
133,143,1.0
133,144,1.0
133,145,2.0
133,146,1.0
133,147,2.0
133,148,2.0
133,149,1.0
133,150,1.0
133,151,1.0
133,152,2.0
133,153,2.0
133,154,3.0
133,155,2.0
133,156,1.0
133,157,3.0
133,158,3.0
133,159,2.0
133,160,2.0
133,161,0.0
133,162,1.0
133,163,3.0
133,164,1.0
133,165,2.0
133,166,2.0
133,167,3.0
133,168,2.0
133,169,2.0
133,170,3.0
133,171,1.0
133,172,3.0
133,173,2.0
133,174,2.0
133,175,0.0
133,176,4.0
133,177,1.0
133,178,1.0
133,179,3.0
133,180,1.0
133,181,1.0
133,182,1.0
133,183,2.0
133,184,2.0
133,185,2.0
133,186,4.0
133,187,4.0
133,188,1.0
133,189,2.0
133,190,3.0
133,191,3.0
133,192,3.0
133,193,1.0
133,194,3.0
133,195,3.0
133,196,1.0
133,197,1.0
133,198,1.0
133,199,2.0
133,200,2.0
133,201,2.0
133,202,3.0
133,203,3.0
133,204,3.0
133,205,3.0
133,206,2.0
133,207,2.0
133,208,3.0
133,209,2.0
133,210,2.0
133,211,1.0
133,212,3.0
133,213,1.0
133,214,3.0
133,215,1.0
133,216,2.0
133,217,3.0
133,218,4.0
133,219,2.0
133,220,3.0
133,221,1.0
133,222,3.0
133,223,2.0
133,224,2.0
133,225,2.0
133,226,2.0
133,227,2.0
133,228,2.0
133,229,1.0
133,230,2.0
133,231,2.0
133,232,3.0
133,233,1.0
133,234,5.0
133,235,1.0
133,236,2.0
133,237,3.0
133,238,5.0
133,239,2.0
133,240,1.0
133,241,1.0
133,242,2.0
133,243,3.0
133,244,2.0
133,245,2.0
133,246,2.0
133,247,1.0
133,248,1.0
133,249,2.0
133,250,3.0
133,251,2.0
133,252,4.0
133,253,1.0
133,254,4.0
133,255,2.0
133,256,5.0
133,257,1.0
133,258,2.0
133,259,1.0
133,260,2.0
133,261,2.0
133,262,2.0
133,263,2.0
133,264,1.0
133,265,4.0
133,266,1.0
133,267,2.0
133,268,3.0
133,269,2.0
133,270,3.0
133,271,1.0
133,272,1.0
133,273,2.0
133,274,3.0
133,275,2.0
133,276,2.0
133,277,2.0
133,278,2.0
133,279,3.0
133,280,2.0
133,281,4.0
133,282,2.0
133,283,2.0
133,284,2.0
133,285,0.0
133,286,3.0
133,287,2.0
133,288,1.0
133,289,2.0
133,290,1.0
133,291,3.0
133,292,2.0
133,293,1.0
133,294,3.0
133,295,1.0
133,296,2.0
133,297,2.0
133,298,2.0
133,299,2.0
133,300,3.0
133,301,2.0
133,302,2.0
133,303,2.0
133,304,4.0
133,305,4.0
133,306,1.0
133,307,2.0
133,308,1.0
133,309,2.0
133,310,2.0
133,311,1.0
133,312,1.0
133,313,2.0
133,314,2.0
133,315,3.0
133,316,2.0
133,317,1.0
133,318,2.0
133,319,2.0
133,320,2.0
133,321,2.0
133,322,3.0
133,323,3.0
133,324,1.0
133,325,3.0
133,326,2.0
133,327,1.0
133,328,2.0
133,329,3.0
133,330,1.0
133,331,2.0
133,332,1.0
133,333,4.0
133,334,2.0
133,335,2.0
133,336,0.0
133,337,2.0
133,338,3.0
133,339,1.0
133,340,5.0
133,341,4.0
133,342,2.0
133,343,2.0
133,344,2.0
133,345,3.0
133,346,2.0
133,347,2.0
133,348,3.0
133,349,2.0
133,350,2.0
133,351,2.0
133,352,2.0
133,353,2.0
133,354,2.0
133,355,1.0
133,356,3.0
133,357,1.0
133,358,2.0
133,359,3.0
133,360,3.0
133,361,2.0
133,362,1.0
133,363,3.0
133,364,2.0
133,365,2.0
133,366,1.0
133,367,2.0
133,368,1.0
133,369,2.0
133,370,2.0
133,371,1.0
133,372,2.0
133,373,3.0
133,374,2.0
133,375,1.0
133,376,2.0
133,377,2.0
134,135,10.0
134,136,2.0
134,137,2.0
134,138,2.0
134,139,2.0
134,140,3.0
134,141,1.0
134,142,2.0
134,143,1.0
134,144,1.0
134,145,2.0
134,146,1.0
134,147,2.0
134,148,2.0
134,149,1.0
134,150,1.0
134,151,1.0
134,152,2.0
134,153,2.0
134,154,3.0
134,155,2.0
134,156,1.0
134,157,3.0
134,158,3.0
134,159,2.0
134,160,2.0
134,161,0.0
134,162,1.0
134,163,3.0
134,164,1.0
134,165,2.0
134,166,2.0
134,167,3.0
134,168,2.0
134,169,2.0
134,170,3.0
134,171,1.0
134,172,3.0
134,173,2.0
134,174,2.0
134,175,0.0
134,176,4.0
134,177,1.0
134,178,1.0
134,179,3.0
134,180,1.0
134,181,1.0
134,182,1.0
134,183,2.0
134,184,2.0
134,185,2.0
134,186,4.0
134,187,4.0
134,188,1.0
134,189,2.0
134,190,3.0
134,191,3.0
134,192,3.0
134,193,1.0
134,194,3.0
134,195,3.0
134,196,1.0
134,197,1.0
134,198,1.0
134,199,2.0
134,200,2.0
134,201,2.0
134,202,3.0
134,203,3.0
134,204,3.0
134,205,3.0
134,206,2.0
134,207,2.0
134,208,3.0
134,209,2.0
134,210,2.0
134,211,1.0
134,212,3.0
134,213,1.0
134,214,3.0
134,215,1.0
134,216,2.0
134,217,3.0
134,218,4.0
134,219,2.0
134,220,3.0
134,221,1.0
134,222,3.0
134,223,2.0
134,224,2.0
134,225,2.0
134,226,2.0
134,227,2.0
134,228,2.0
134,229,1.0
134,230,2.0
134,231,2.0
134,232,3.0
134,233,1.0
134,234,5.0
134,235,1.0
134,236,2.0
134,237,3.0
134,238,5.0
134,239,2.0
134,240,1.0
134,241,1.0
134,242,2.0
134,243,3.0
134,244,2.0
134,245,2.0
134,246,2.0
134,247,1.0
134,248,1.0
134,249,2.0
134,250,3.0
134,251,2.0
134,252,4.0
134,253,1.0
134,254,4.0
134,255,2.0
134,256,5.0
134,257,1.0
134,258,2.0
134,259,1.0
134,260,2.0
134,261,2.0
134,262,2.0
134,263,2.0
134,264,1.0
134,265,4.0
134,266,1.0
134,267,2.0
134,268,3.0
134,269,2.0
134,270,3.0
134,271,1.0
134,272,1.0
134,273,2.0
134,274,3.0
134,275,2.0
134,276,2.0
134,277,2.0
134,278,2.0
134,279,3.0
134,280,2.0
134,281,4.0
134,282,2.0
134,283,2.0
134,284,2.0
134,285,0.0
134,286,3.0
134,287,2.0
134,288,1.0
134,289,2.0
134,290,1.0
134,291,3.0
134,292,2.0
134,293,1.0
134,294,3.0
134,295,1.0
134,296,2.0
134,297,2.0
134,298,2.0
134,299,2.0
134,300,3.0
134,301,2.0
134,302,2.0
134,303,2.0
134,304,4.0
134,305,4.0
134,306,1.0
134,307,2.0
134,308,1.0
134,309,2.0
134,310,2.0
134,311,1.0
134,312,1.0
134,313,2.0
134,314,2.0
134,315,3.0
134,316,2.0
134,317,1.0
134,318,2.0
134,319,2.0
134,320,2.0
134,321,2.0
134,322,3.0
134,323,3.0
134,324,1.0
134,325,3.0
134,326,2.0
134,327,1.0
134,328,2.0
134,329,3.0
134,330,1.0
134,331,2.0
134,332,1.0
134,333,4.0
134,334,2.0
134,335,2.0
134,336,0.0
134,337,2.0
134,338,3.0
134,339,1.0
134,340,5.0
134,341,4.0
134,342,2.0
134,343,2.0
134,344,2.0
134,345,3.0
134,346,2.0
134,347,2.0
134,348,3.0
134,349,2.0
134,350,2.0
134,351,2.0
134,352,2.0
134,353,2.0
134,354,2.0
134,355,1.0
134,356,3.0
134,357,1.0
134,358,2.0
134,359,3.0
134,360,3.0
134,361,2.0
134,362,1.0
134,363,3.0
134,364,2.0
134,365,2.0
134,366,1.0
134,367,2.0
134,368,1.0
134,369,2.0
134,370,2.0
134,371,1.0
134,372,2.0
134,373,3.0
134,374,2.0
134,375,1.0
134,376,2.0
134,377,2.0
135,136,2.0
135,137,2.0
135,138,2.0
135,139,2.0
135,140,3.0
135,141,1.0
135,142,2.0
135,143,1.0
135,144,1.0
135,145,2.0
135,146,1.0
135,147,2.0
135,148,2.0
135,149,1.0
135,150,1.0
135,151,1.0
135,152,2.0
135,153,2.0
135,154,3.0
135,155,2.0
135,156,1.0
135,157,3.0
135,158,3.0
135,159,2.0
135,160,2.0
135,161,0.0
135,162,1.0
135,163,3.0
135,164,1.0
135,165,2.0
135,166,2.0
135,167,3.0
135,168,2.0
135,169,2.0
135,170,3.0
135,171,1.0
135,172,3.0
135,173,2.0
135,174,2.0
135,175,0.0
135,176,4.0
135,177,1.0
135,178,1.0
135,179,3.0
135,180,1.0
135,181,1.0
135,182,1.0
135,183,2.0
135,184,2.0
135,185,2.0
135,186,4.0
135,187,4.0
135,188,1.0
135,189,2.0
135,190,3.0
135,191,3.0
135,192,3.0
135,193,1.0
135,194,3.0
135,195,3.0
135,196,1.0
135,197,1.0
135,198,1.0
135,199,2.0
135,200,2.0
135,201,2.0
135,202,3.0
135,203,3.0
135,204,3.0
135,205,3.0
135,206,2.0
135,207,2.0
135,208,3.0
135,209,2.0
135,210,2.0
135,211,1.0
135,212,3.0
135,213,1.0
135,214,3.0
135,215,1.0
135,216,2.0
135,217,3.0
135,218,4.0
135,219,2.0
135,220,3.0
135,221,1.0
135,222,3.0
135,223,2.0
135,224,2.0
135,225,2.0
135,226,2.0
135,227,2.0
135,228,2.0
135,229,1.0
135,230,2.0
135,231,2.0
135,232,3.0
135,233,1.0
135,234,5.0
135,235,1.0
135,236,2.0
135,237,3.0
135,238,5.0
135,239,2.0
135,240,1.0
135,241,1.0
135,242,2.0
135,243,3.0
135,244,2.0
135,245,2.0
135,246,2.0
135,247,1.0
135,248,1.0
135,249,2.0
135,250,3.0
135,251,2.0
135,252,4.0
135,253,1.0
135,254,4.0
135,255,2.0
135,256,5.0
135,257,1.0
135,258,2.0
135,259,1.0
135,260,2.0
135,261,2.0
135,262,2.0
135,263,2.0
135,264,1.0
135,265,4.0
135,266,1.0
135,267,2.0
135,268,3.0
135,269,2.0
135,270,3.0
135,271,1.0
135,272,1.0
135,273,2.0
135,274,3.0
135,275,2.0
135,276,2.0
135,277,2.0
135,278,2.0
135,279,3.0
135,280,2.0
135,281,4.0
135,282,2.0
135,283,2.0
135,284,2.0
135,285,0.0
135,286,3.0
135,287,2.0
135,288,1.0
135,289,2.0
135,290,1.0
135,291,3.0
135,292,2.0
135,293,1.0
135,294,3.0
135,295,1.0
135,296,2.0
135,297,2.0
135,298,2.0
135,299,2.0
135,300,3.0
135,301,2.0
135,302,2.0
135,303,2.0
135,304,4.0
135,305,4.0
135,306,1.0
135,307,2.0
135,308,1.0
135,309,2.0
135,310,2.0
135,311,1.0
135,312,1.0
135,313,2.0
135,314,2.0
135,315,3.0
135,316,2.0
135,317,1.0
135,318,2.0
135,319,2.0
135,320,2.0
135,321,2.0
135,322,3.0
135,323,3.0
135,324,1.0
135,325,3.0
135,326,2.0
135,327,1.0
135,328,2.0
135,329,3.0
135,330,1.0
135,331,2.0
135,332,1.0
135,333,4.0
135,334,2.0
135,335,2.0
135,336,0.0
135,337,2.0
135,338,3.0
135,339,1.0
135,340,5.0
135,341,4.0
135,342,2.0
135,343,2.0
135,344,2.0
135,345,3.0
135,346,2.0
135,347,2.0
135,348,3.0
135,349,2.0
135,350,2.0
135,351,2.0
135,352,2.0
135,353,2.0
135,354,2.0
135,355,1.0
135,356,3.0
135,357,1.0
135,358,2.0
135,359,3.0
135,360,3.0
135,361,2.0
135,362,1.0
135,363,3.0
135,364,2.0
135,365,2.0
135,366,1.0
135,367,2.0
135,368,1.0
135,369,2.0
135,370,2.0
135,371,1.0
135,372,2.0
135,373,3.0
135,374,2.0
135,375,1.0
135,376,2.0
135,377,2.0
136,137,6.0
136,138,6.0
136,139,2.0
136,140,1.0
136,141,1.0
136,142,1.0
136,143,2.0
136,144,2.0
136,145,2.0
136,146,1.0
136,147,4.0
136,148,4.0
136,149,1.0
136,150,2.0
136,151,2.0
136,152,2.0
136,153,3.0
136,154,1.0
136,155,1.0
136,156,1.0
136,157,2.0
136,158,2.0
136,159,2.0
136,160,1.0
136,161,2.0
136,162,1.0
136,163,2.0
136,164,0.0
136,165,3.0
136,166,2.0
136,167,2.0
136,168,0.0
136,169,1.0
136,170,2.0
136,171,2.0
136,172,2.0
136,173,1.0
136,174,2.0
136,175,2.0
136,176,2.0
136,177,2.0
136,178,2.0
136,179,1.0
136,180,2.0
136,181,2.0
136,182,1.0
136,183,1.0
136,184,1.0
136,185,2.0
136,186,1.0
136,187,1.0
136,188,0.0
136,189,2.0
136,190,0.0
136,191,0.0
136,192,0.0
136,193,1.0
136,194,2.0
136,195,3.0
136,196,1.0
136,197,1.0
136,198,1.0
136,199,1.0
136,200,1.0
136,201,1.0
136,202,1.0
136,203,2.0
136,204,3.0
136,205,3.0
136,206,3.0
136,207,1.0
136,208,2.0
136,209,1.0
136,210,1.0
136,211,2.0
136,212,1.0
136,213,2.0
136,214,1.0
136,215,1.0
136,216,2.0
136,217,1.0
136,218,2.0
136,219,2.0
136,220,1.0
136,221,0.0
136,222,1.0
136,223,1.0
136,224,1.0
136,225,1.0
136,226,2.0
136,227,1.0
136,228,1.0
136,229,2.0
136,230,1.0
136,231,1.0
136,232,2.0
136,233,2.0
136,234,0.0
136,235,1.0
136,236,1.0
136,237,1.0
136,238,0.0
136,239,1.0
136,240,2.0
136,241,2.0
136,242,2.0
136,243,1.0
136,244,1.0
136,245,1.0
136,246,1.0
136,247,1.0
136,248,0.0
136,249,1.0
136,250,1.0
136,251,1.0
136,252,2.0
136,253,3.0
136,254,3.0
136,255,2.0
136,256,2.0
136,257,1.0
136,258,1.0
136,259,2.0
136,260,2.0
136,261,1.0
136,262,1.0
136,263,1.0
136,264,2.0
136,265,2.0
136,266,0.0
136,267,1.0
136,268,1.0
136,269,2.0
136,270,2.0
136,271,2.0
136,272,1.0
136,273,1.0
136,274,1.0
136,275,1.0
136,276,1.0
136,277,1.0
136,278,1.0
136,279,2.0
136,280,1.0
136,281,2.0
136,282,1.0
136,283,4.0
136,284,1.0
136,285,2.0
136,286,1.0
136,287,1.0
136,288,2.0
136,289,1.0
136,290,2.0
136,291,1.0
136,292,2.0
136,293,2.0
136,294,2.0
136,295,2.0
136,296,1.0
136,297,1.0
136,298,1.0
136,299,1.0
136,300,1.0
136,301,1.0
136,302,1.0
136,303,2.0
136,304,1.0
136,305,2.0
136,306,1.0
136,307,1.0
136,308,1.0
136,309,1.0
136,310,1.0
136,311,2.0
136,312,2.0
136,313,1.0
136,314,1.0
136,315,1.0
136,316,1.0
136,317,1.0
136,318,1.0
136,319,2.0
136,320,1.0
136,321,1.0
136,322,1.0
136,323,1.0
136,324,1.0
136,325,3.0
136,326,1.0
136,327,2.0
136,328,1.0
136,329,1.0
136,330,2.0
136,331,2.0
136,332,1.0
136,333,1.0
136,334,2.0
136,335,1.0
136,336,2.0
136,337,1.0
136,338,1.0
136,339,2.0
136,340,1.0
136,341,2.0
136,342,2.0
136,343,1.0
136,344,1.0
136,345,1.0
136,346,1.0
136,347,1.0
136,348,1.0
136,349,1.0
136,350,2.0
136,351,1.0
136,352,1.0
136,353,1.0
136,354,1.0
136,355,0.0
136,356,1.0
136,357,1.0
136,358,1.0
136,359,1.0
136,360,1.0
136,361,1.0
136,362,2.0
136,363,1.0
136,364,4.0
136,365,1.0
136,366,1.0
136,367,1.0
136,368,0.0
136,369,2.0
136,370,1.0
136,371,2.0
136,372,2.0
136,373,2.0
136,374,1.0
136,375,2.0
136,376,1.0
136,377,1.0
137,138,6.0
137,139,2.0
137,140,1.0
137,141,1.0
137,142,1.0
137,143,2.0
137,144,2.0
137,145,2.0
137,146,1.0
137,147,4.0
137,148,4.0
137,149,1.0
137,150,2.0
137,151,2.0
137,152,2.0
137,153,3.0
137,154,1.0
137,155,1.0
137,156,1.0
137,157,2.0
137,158,2.0
137,159,2.0
137,160,1.0
137,161,2.0
137,162,1.0
137,163,2.0
137,164,0.0
137,165,3.0
137,166,2.0
137,167,2.0
137,168,0.0
137,169,1.0
137,170,2.0
137,171,2.0
137,172,2.0
137,173,1.0
137,174,2.0
137,175,2.0
137,176,2.0
137,177,2.0
137,178,2.0
137,179,1.0
137,180,2.0
137,181,2.0
137,182,1.0
137,183,1.0
137,184,1.0
137,185,2.0
137,186,1.0
137,187,1.0
137,188,0.0
137,189,2.0
137,190,0.0
137,191,0.0
137,192,0.0
137,193,1.0
137,194,2.0
137,195,3.0
137,196,1.0
137,197,1.0
137,198,1.0
137,199,1.0
137,200,1.0
137,201,1.0
137,202,1.0
137,203,2.0
137,204,3.0
137,205,3.0
137,206,3.0
137,207,1.0
137,208,2.0
137,209,1.0
137,210,1.0
137,211,2.0
137,212,1.0
137,213,2.0
137,214,1.0
137,215,1.0
137,216,2.0
137,217,1.0
137,218,2.0
137,219,2.0
137,220,1.0
137,221,0.0
137,222,1.0
137,223,1.0
137,224,1.0
137,225,1.0
137,226,2.0
137,227,1.0
137,228,1.0
137,229,2.0
137,230,1.0
137,231,1.0
137,232,2.0
137,233,2.0
137,234,0.0
137,235,1.0
137,236,1.0
137,237,1.0
137,238,0.0
137,239,1.0
137,240,2.0
137,241,2.0
137,242,2.0
137,243,1.0
137,244,1.0
137,245,1.0
137,246,1.0
137,247,1.0
137,248,0.0
137,249,1.0
137,250,1.0
137,251,1.0
137,252,2.0
137,253,3.0
137,254,3.0
137,255,2.0
137,256,2.0
137,257,1.0
137,258,1.0
137,259,2.0
137,260,2.0
137,261,1.0
137,262,1.0
137,263,1.0
137,264,2.0
137,265,2.0
137,266,0.0
137,267,1.0
137,268,1.0
137,269,2.0
137,270,2.0
137,271,2.0
137,272,1.0
137,273,1.0
137,274,1.0
137,275,1.0
137,276,1.0
137,277,1.0
137,278,1.0
137,279,2.0
137,280,1.0
137,281,2.0
137,282,1.0
137,283,4.0
137,284,1.0
137,285,2.0
137,286,1.0
137,287,1.0
137,288,2.0
137,289,1.0
137,290,2.0
137,291,1.0
137,292,2.0
137,293,2.0
137,294,2.0
137,295,2.0
137,296,1.0
137,297,1.0
137,298,1.0
137,299,1.0
137,300,1.0
137,301,1.0
137,302,1.0
137,303,2.0
137,304,1.0
137,305,2.0
137,306,1.0
137,307,1.0
137,308,1.0
137,309,1.0
137,310,1.0
137,311,2.0
137,312,2.0
137,313,1.0
137,314,1.0
137,315,1.0
137,316,1.0
137,317,1.0
137,318,1.0
137,319,2.0
137,320,1.0
137,321,1.0
137,322,1.0
137,323,1.0
137,324,1.0
137,325,3.0
137,326,1.0
137,327,2.0
137,328,1.0
137,329,1.0
137,330,2.0
137,331,2.0
137,332,1.0
137,333,1.0
137,334,2.0
137,335,1.0
137,336,2.0
137,337,1.0
137,338,1.0
137,339,2.0
137,340,1.0
137,341,2.0
137,342,2.0
137,343,1.0
137,344,1.0
137,345,1.0
137,346,1.0
137,347,1.0
137,348,1.0
137,349,1.0
137,350,2.0
137,351,1.0
137,352,1.0
137,353,1.0
137,354,1.0
137,355,0.0
137,356,1.0
137,357,1.0
137,358,1.0
137,359,1.0
137,360,1.0
137,361,1.0
137,362,2.0
137,363,1.0
137,364,4.0
137,365,1.0
137,366,1.0
137,367,1.0
137,368,0.0
137,369,2.0
137,370,1.0
137,371,2.0
137,372,2.0
137,373,2.0
137,374,1.0
137,375,2.0
137,376,1.0
137,377,1.0
138,139,2.0
138,140,1.0
138,141,1.0
138,142,1.0
138,143,2.0
138,144,2.0
138,145,2.0
138,146,1.0
138,147,4.0
138,148,4.0
138,149,1.0
138,150,2.0
138,151,2.0
138,152,2.0
138,153,3.0
138,154,1.0
138,155,1.0
138,156,1.0
138,157,2.0
138,158,2.0
138,159,2.0
138,160,1.0
138,161,2.0
138,162,1.0
138,163,2.0
138,164,0.0
138,165,3.0
138,166,2.0
138,167,2.0
138,168,0.0
138,169,1.0
138,170,2.0
138,171,2.0
138,172,2.0
138,173,1.0
138,174,2.0
138,175,2.0
138,176,2.0
138,177,2.0
138,178,2.0
138,179,1.0
138,180,2.0
138,181,2.0
138,182,1.0
138,183,1.0
138,184,1.0
138,185,2.0
138,186,1.0
138,187,1.0
138,188,0.0
138,189,2.0
138,190,0.0
138,191,0.0
138,192,0.0
138,193,1.0
138,194,2.0
138,195,3.0
138,196,1.0
138,197,1.0
138,198,1.0
138,199,1.0
138,200,1.0
138,201,1.0
138,202,1.0
138,203,2.0
138,204,3.0
138,205,3.0
138,206,3.0
138,207,1.0
138,208,2.0
138,209,1.0
138,210,1.0
138,211,2.0
138,212,1.0
138,213,2.0
138,214,1.0
138,215,1.0
138,216,2.0
138,217,1.0
138,218,2.0
138,219,2.0
138,220,1.0
138,221,0.0
138,222,1.0
138,223,1.0
138,224,1.0
138,225,1.0
138,226,2.0
138,227,1.0
138,228,1.0
138,229,2.0
138,230,1.0
138,231,1.0
138,232,2.0
138,233,2.0
138,234,0.0
138,235,1.0
138,236,1.0
138,237,1.0
138,238,0.0
138,239,1.0
138,240,2.0
138,241,2.0
138,242,2.0
138,243,1.0
138,244,1.0
138,245,1.0
138,246,1.0
138,247,1.0
138,248,0.0
138,249,1.0
138,250,1.0
138,251,1.0
138,252,2.0
138,253,3.0
138,254,3.0
138,255,2.0
138,256,2.0
138,257,1.0
138,258,1.0
138,259,2.0
138,260,2.0
138,261,1.0
138,262,1.0
138,263,1.0
138,264,2.0
138,265,2.0
138,266,0.0
138,267,1.0
138,268,1.0
138,269,2.0
138,270,2.0
138,271,2.0
138,272,1.0
138,273,1.0
138,274,1.0
138,275,1.0
138,276,1.0
138,277,1.0
138,278,1.0
138,279,2.0
138,280,1.0
138,281,2.0
138,282,1.0
138,283,4.0
138,284,1.0
138,285,2.0
138,286,1.0
138,287,1.0
138,288,2.0
138,289,1.0
138,290,2.0
138,291,1.0
138,292,2.0
138,293,2.0
138,294,2.0
138,295,2.0
138,296,1.0
138,297,1.0
138,298,1.0
138,299,1.0
138,300,1.0
138,301,1.0
138,302,1.0
138,303,2.0
138,304,1.0
138,305,2.0
138,306,1.0
138,307,1.0
138,308,1.0
138,309,1.0
138,310,1.0
138,311,2.0
138,312,2.0
138,313,1.0
138,314,1.0
138,315,1.0
138,316,1.0
138,317,1.0
138,318,1.0
138,319,2.0
138,320,1.0
138,321,1.0
138,322,1.0
138,323,1.0
138,324,1.0
138,325,3.0
138,326,1.0
138,327,2.0
138,328,1.0
138,329,1.0
138,330,2.0
138,331,2.0
138,332,1.0
138,333,1.0
138,334,2.0
138,335,1.0
138,336,2.0
138,337,1.0
138,338,1.0
138,339,2.0
138,340,1.0
138,341,2.0
138,342,2.0
138,343,1.0
138,344,1.0
138,345,1.0
138,346,1.0
138,347,1.0
138,348,1.0
138,349,1.0
138,350,2.0
138,351,1.0
138,352,1.0
138,353,1.0
138,354,1.0
138,355,0.0
138,356,1.0
138,357,1.0
138,358,1.0
138,359,1.0
138,360,1.0
138,361,1.0
138,362,2.0
138,363,1.0
138,364,4.0
138,365,1.0
138,366,1.0
138,367,1.0
138,368,0.0
138,369,2.0
138,370,1.0
138,371,2.0
138,372,2.0
138,373,2.0
138,374,1.0
138,375,2.0
138,376,1.0
138,377,1.0
139,140,1.0
139,141,1.0
139,142,1.0
139,143,2.0
139,144,2.0
139,145,1.0
139,146,1.0
139,147,4.0
139,148,4.0
139,149,1.0
139,150,2.0
139,151,2.0
139,152,2.0
139,153,1.0
139,154,1.0
139,155,1.0
139,156,1.0
139,157,1.0
139,158,1.0
139,159,2.0
139,160,1.0
139,161,2.0
139,162,1.0
139,163,1.0
139,164,0.0
139,165,3.0
139,166,1.0
139,167,1.0
139,168,0.0
139,169,1.0
139,170,1.0
139,171,1.0
139,172,1.0
139,173,1.0
139,174,6.0
139,175,2.0
139,176,3.0
139,177,2.0
139,178,2.0
139,179,1.0
139,180,2.0
139,181,2.0
139,182,1.0
139,183,1.0
139,184,1.0
139,185,6.0
139,186,1.0
139,187,1.0
139,188,0.0
139,189,2.0
139,190,0.0
139,191,0.0
139,192,0.0
139,193,1.0
139,194,1.0
139,195,1.0
139,196,1.0
139,197,1.0
139,198,1.0
139,199,5.0
139,200,5.0
139,201,5.0
139,202,1.0
139,203,2.0
139,204,1.0
139,205,1.0
139,206,1.0
139,207,1.0
139,208,1.0
139,209,1.0
139,210,1.0
139,211,1.0
139,212,1.0
139,213,2.0
139,214,1.0
139,215,1.0
139,216,2.0
139,217,1.0
139,218,3.0
139,219,1.0
139,220,1.0
139,221,0.0
139,222,1.0
139,223,1.0
139,224,1.0
139,225,1.0
139,226,6.0
139,227,1.0
139,228,2.0
139,229,2.0
139,230,1.0
139,231,1.0
139,232,1.0
139,233,2.0
139,234,0.0
139,235,1.0
139,236,1.0
139,237,1.0
139,238,0.0
139,239,1.0
139,240,1.0
139,241,2.0
139,242,1.0
139,243,1.0
139,244,1.0
139,245,1.0
139,246,1.0
139,247,1.0
139,248,0.0
139,249,1.0
139,250,1.0
139,251,2.0
139,252,1.0
139,253,1.0
139,254,2.0
139,255,2.0
139,256,1.0
139,257,1.0
139,258,1.0
139,259,2.0
139,260,1.0
139,261,1.0
139,262,2.0
139,263,1.0
139,264,1.0
139,265,3.0
139,266,0.0
139,267,1.0
139,268,1.0
139,269,1.0
139,270,1.0
139,271,2.0
139,272,1.0
139,273,1.0
139,274,1.0
139,275,1.0
139,276,1.0
139,277,1.0
139,278,1.0
139,279,1.0
139,280,1.0
139,281,3.0
139,282,1.0
139,283,3.0
139,284,1.0
139,285,2.0
139,286,1.0
139,287,1.0
139,288,2.0
139,289,1.0
139,290,2.0
139,291,1.0
139,292,1.0
139,293,2.0
139,294,1.0
139,295,2.0
139,296,1.0
139,297,1.0
139,298,1.0
139,299,1.0
139,300,1.0
139,301,1.0
139,302,1.0
139,303,1.0
139,304,1.0
139,305,3.0
139,306,1.0
139,307,1.0
139,308,1.0
139,309,1.0
139,310,1.0
139,311,1.0
139,312,2.0
139,313,1.0
139,314,1.0
139,315,1.0
139,316,1.0
139,317,1.0
139,318,1.0
139,319,2.0
139,320,1.0
139,321,1.0
139,322,1.0
139,323,1.0
139,324,1.0
139,325,4.0
139,326,1.0
139,327,2.0
139,328,1.0
139,329,1.0
139,330,2.0
139,331,6.0
139,332,1.0
139,333,1.0
139,334,5.0
139,335,4.0
139,336,2.0
139,337,1.0
139,338,1.0
139,339,2.0
139,340,0.0
139,341,3.0
139,342,1.0
139,343,1.0
139,344,1.0
139,345,1.0
139,346,1.0
139,347,1.0
139,348,1.0
139,349,1.0
139,350,1.0
139,351,1.0
139,352,1.0
139,353,1.0
139,354,1.0
139,355,0.0
139,356,1.0
139,357,1.0
139,358,1.0
139,359,1.0
139,360,1.0
139,361,1.0
139,362,2.0
139,363,1.0
139,364,4.0
139,365,1.0
139,366,1.0
139,367,1.0
139,368,1.0
139,369,2.0
139,370,1.0
139,371,2.0
139,372,1.0
139,373,1.0
139,374,1.0
139,375,2.0
139,376,2.0
139,377,1.0
140,141,2.0
140,142,2.0
140,143,3.0
140,144,3.0
140,145,3.0
140,146,1.0
140,147,1.0
140,148,1.0
140,149,1.0
140,150,3.0
140,151,3.0
140,152,2.0
140,153,3.0
140,154,3.0
140,155,3.0
140,156,2.0
140,157,2.0
140,158,2.0
140,159,2.0
140,160,3.0
140,161,1.0
140,162,3.0
140,163,2.0
140,164,1.0
140,165,0.0
140,166,2.0
140,167,2.0
140,168,1.0
140,169,4.0
140,170,2.0
140,171,2.0
140,172,2.0
140,173,3.0
140,174,1.0
140,175,1.0
140,176,3.0
140,177,2.0
140,178,2.0
140,179,3.0
140,180,2.0
140,181,2.0
140,182,2.0
140,183,3.0
140,184,3.0
140,185,1.0
140,186,4.0
140,187,4.0
140,188,0.0
140,189,3.0
140,190,2.0
140,191,2.0
140,192,2.0
140,193,2.0
140,194,2.0
140,195,2.0
140,196,2.0
140,197,2.0
140,198,2.0
140,199,0.0
140,200,0.0
140,201,0.0
140,202,6.0
140,203,3.0
140,204,2.0
140,205,2.0
140,206,1.0
140,207,3.0
140,208,2.0
140,209,4.0
140,210,3.0
140,211,2.0
140,212,3.0
140,213,3.0
140,214,3.0
140,215,2.0
140,216,4.0
140,217,4.0
140,218,3.0
140,219,2.0
140,220,3.0
140,221,1.0
140,222,2.0
140,223,3.0
140,224,4.0
140,225,4.0
140,226,1.0
140,227,4.0
140,228,2.0
140,229,2.0
140,230,3.0
140,231,4.0
140,232,4.0
140,233,2.0
140,234,3.0
140,235,3.0
140,236,5.0
140,237,5.0
140,238,3.0
140,239,4.0
140,240,2.0
140,241,3.0
140,242,3.0
140,243,3.0
140,244,4.0
140,245,5.0
140,246,3.0
140,247,3.0
140,248,0.0
140,249,3.0
140,250,6.0
140,251,2.0
140,252,3.0
140,253,2.0
140,254,2.0
140,255,3.0
140,256,4.0
140,257,2.0
140,258,2.0
140,259,2.0
140,260,3.0
140,261,4.0
140,262,3.0
140,263,2.0
140,264,2.0
140,265,3.0
140,266,0.0
140,267,4.0
140,268,3.0
140,269,2.0
140,270,2.0
140,271,2.0
140,272,3.0
140,273,3.0
140,274,3.0
140,275,4.0
140,276,4.0
140,277,4.0
140,278,2.0
140,279,3.0
140,280,3.0
140,281,3.0
140,282,2.0
140,283,1.0
140,284,4.0
140,285,1.0
140,286,3.0
140,287,2.0
140,288,2.0
140,289,4.0
140,290,3.0
140,291,2.0
140,292,3.0
140,293,2.0
140,294,2.0
140,295,3.0
140,296,5.0
140,297,4.0
140,298,3.0
140,299,3.0
140,300,3.0
140,301,3.0
140,302,4.0
140,303,3.0
140,304,5.0
140,305,3.0
140,306,3.0
140,307,4.0
140,308,2.0
140,309,2.0
140,310,4.0
140,311,2.0
140,312,2.0
140,313,4.0
140,314,4.0
140,315,3.0
140,316,3.0
140,317,0.0
140,318,3.0
140,319,2.0
140,320,4.0
140,321,4.0
140,322,3.0
140,323,3.0
140,324,3.0
140,325,2.0
140,326,4.0
140,327,2.0
140,328,4.0
140,329,3.0
140,330,3.0
140,331,1.0
140,332,3.0
140,333,5.0
140,334,1.0
140,335,0.0
140,336,1.0
140,337,4.0
140,338,6.0
140,339,3.0
140,340,3.0
140,341,3.0
140,342,3.0
140,343,4.0
140,344,4.0
140,345,4.0
140,346,3.0
140,347,4.0
140,348,6.0
140,349,2.0
140,350,2.0
140,351,4.0
140,352,4.0
140,353,3.0
140,354,4.0
140,355,0.0
140,356,3.0
140,357,2.0
140,358,4.0
140,359,3.0
140,360,3.0
140,361,4.0
140,362,3.0
140,363,2.0
140,364,1.0
140,365,2.0
140,366,3.0
140,367,4.0
140,368,0.0
140,369,3.0
140,370,3.0
140,371,3.0
140,372,3.0
140,373,2.0
140,374,4.0
140,375,2.0
140,376,3.0
140,377,2.0
141,142,1.0
141,143,3.0
141,144,3.0
141,145,2.0
141,146,4.0
141,147,1.0
141,148,1.0
141,149,4.0
141,150,2.0
141,151,2.0
141,152,1.0
141,153,2.0
141,154,4.0
141,155,2.0
141,156,5.0
141,157,2.0
141,158,2.0
141,159,1.0
141,160,5.0
141,161,2.0
141,162,3.0
141,163,2.0
141,164,3.0
141,165,0.0
141,166,3.0
141,167,2.0
141,168,2.0
141,169,3.0
141,170,2.0
141,171,2.0
141,172,2.0
141,173,2.0
141,174,1.0
141,175,2.0
141,176,1.0
141,177,4.0
141,178,4.0
141,179,4.0
141,180,4.0
141,181,4.0
141,182,1.0
141,183,3.0
141,184,3.0
141,185,1.0
141,186,2.0
141,187,2.0
141,188,3.0
141,189,1.0
141,190,2.0
141,191,2.0
141,192,2.0
141,193,3.0
141,194,2.0
141,195,2.0
141,196,2.0
141,197,2.0
141,198,2.0
141,199,1.0
141,200,1.0
141,201,1.0
141,202,2.0
141,203,3.0
141,204,2.0
141,205,2.0
141,206,2.0
141,207,3.0
141,208,2.0
141,209,3.0
141,210,2.0
141,211,2.0
141,212,4.0
141,213,3.0
141,214,4.0
141,215,3.0
141,216,1.0
141,217,3.0
141,218,1.0
141,219,3.0
141,220,4.0
141,221,2.0
141,222,3.0
141,223,3.0
141,224,3.0
141,225,3.0
141,226,1.0
141,227,3.0
141,228,2.0
141,229,3.0
141,230,3.0
141,231,3.0
141,232,3.0
141,233,4.0
141,234,1.0
141,235,2.0
141,236,3.0
141,237,2.0
141,238,1.0
141,239,3.0
141,240,2.0
141,241,3.0
141,242,2.0
141,243,4.0
141,244,3.0
141,245,3.0
141,246,3.0
141,247,3.0
141,248,3.0
141,249,2.0
141,250,2.0
141,251,2.0
141,252,2.0
141,253,2.0
141,254,1.0
141,255,1.0
141,256,2.0
141,257,3.0
141,258,5.0
141,259,3.0
141,260,2.0
141,261,3.0
141,262,2.0
141,263,5.0
141,264,2.0
141,265,1.0
141,266,3.0
141,267,3.0
141,268,4.0
141,269,1.0
141,270,2.0
141,271,3.0
141,272,3.0
141,273,3.0
141,274,2.0
141,275,3.0
141,276,3.0
141,277,3.0
141,278,5.0
141,279,1.0
141,280,2.0
141,281,1.0
141,282,2.0
141,283,1.0
141,284,3.0
141,285,2.0
141,286,4.0
141,287,2.0
141,288,2.0
141,289,3.0
141,290,2.0
141,291,1.0
141,292,2.0
141,293,4.0
141,294,2.0
141,295,3.0
141,296,2.0
141,297,3.0
141,298,3.0
141,299,3.0
141,300,2.0
141,301,3.0
141,302,3.0
141,303,2.0
141,304,2.0
141,305,1.0
141,306,1.0
141,307,3.0
141,308,3.0
141,309,5.0
141,310,3.0
141,311,2.0
141,312,3.0
141,313,3.0
141,314,3.0
141,315,2.0
141,316,2.0
141,317,2.0
141,318,3.0
141,319,1.0
141,320,3.0
141,321,3.0
141,322,4.0
141,323,4.0
141,324,3.0
141,325,2.0
141,326,3.0
141,327,3.0
141,328,3.0
141,329,4.0
141,330,3.0
141,331,1.0
141,332,2.0
141,333,2.0
141,334,1.0
141,335,1.0
141,336,2.0
141,337,3.0
141,338,2.0
141,339,3.0
141,340,1.0
141,341,1.0
141,342,2.0
141,343,3.0
141,344,3.0
141,345,2.0
141,346,2.0
141,347,3.0
141,348,2.0
141,349,5.0
141,350,2.0
141,351,3.0
141,352,3.0
141,353,4.0
141,354,3.0
141,355,3.0
141,356,4.0
141,357,3.0
141,358,3.0
141,359,2.0
141,360,4.0
141,361,3.0
141,362,3.0
141,363,3.0
141,364,1.0
141,365,2.0
141,366,3.0
141,367,3.0
141,368,1.0
141,369,1.0
141,370,3.0
141,371,3.0
141,372,2.0
141,373,2.0
141,374,3.0
141,375,4.0
141,376,2.0
141,377,2.0
142,143,1.0
142,144,1.0
142,145,2.0
142,146,1.0
142,147,1.0
142,148,1.0
142,149,1.0
142,150,1.0
142,151,1.0
142,152,2.0
142,153,2.0
142,154,3.0
142,155,5.0
142,156,1.0
142,157,3.0
142,158,3.0
142,159,2.0
142,160,2.0
142,161,1.0
142,162,1.0
142,163,3.0
142,164,1.0
142,165,1.0
142,166,1.0
142,167,3.0
142,168,1.0
142,169,2.0
142,170,3.0
142,171,2.0
142,172,3.0
142,173,5.0
142,174,1.0
142,175,1.0
142,176,2.0
142,177,1.0
142,178,1.0
142,179,2.0
142,180,1.0
142,181,1.0
142,182,3.0
142,183,2.0
142,184,2.0
142,185,1.0
142,186,2.0
142,187,2.0
142,188,0.0
142,189,2.0
142,190,2.0
142,191,2.0
142,192,2.0
142,193,2.0
142,194,3.0
142,195,2.0
142,196,1.0
142,197,1.0
142,198,1.0
142,199,0.0
142,200,0.0
142,201,0.0
142,202,2.0
142,203,2.0
142,204,2.0
142,205,2.0
142,206,1.0
142,207,2.0
142,208,3.0
142,209,2.0
142,210,3.0
142,211,2.0
142,212,3.0
142,213,1.0
142,214,3.0
142,215,1.0
142,216,2.0
142,217,2.0
142,218,2.0
142,219,1.0
142,220,3.0
142,221,2.0
142,222,1.0
142,223,3.0
142,224,2.0
142,225,2.0
142,226,1.0
142,227,2.0
142,228,2.0
142,229,1.0
142,230,2.0
142,231,2.0
142,232,2.0
142,233,1.0
142,234,2.0
142,235,2.0
142,236,2.0
142,237,3.0
142,238,2.0
142,239,2.0
142,240,2.0
142,241,1.0
142,242,2.0
142,243,3.0
142,244,2.0
142,245,2.0
142,246,2.0
142,247,2.0
142,248,0.0
142,249,5.0
142,250,2.0
142,251,2.0
142,252,2.0
142,253,1.0
142,254,2.0
142,255,2.0
142,256,2.0
142,257,1.0
142,258,2.0
142,259,1.0
142,260,2.0
142,261,2.0
142,262,4.0
142,263,2.0
142,264,2.0
142,265,2.0
142,266,1.0
142,267,2.0
142,268,3.0
142,269,2.0
142,270,3.0
142,271,1.0
142,272,2.0
142,273,2.0
142,274,2.0
142,275,2.0
142,276,2.0
142,277,2.0
142,278,2.0
142,279,2.0
142,280,3.0
142,281,2.0
142,282,3.0
142,283,1.0
142,284,2.0
142,285,2.0
142,286,3.0
142,287,1.0
142,288,2.0
142,289,2.0
142,290,2.0
142,291,2.0
142,292,2.0
142,293,1.0
142,294,3.0
142,295,1.0
142,296,3.0
142,297,2.0
142,298,2.0
142,299,2.0
142,300,3.0
142,301,2.0
142,302,2.0
142,303,2.0
142,304,2.0
142,305,2.0
142,306,2.0
142,307,2.0
142,308,2.0
142,309,2.0
142,310,2.0
142,311,2.0
142,312,1.0
142,313,2.0
142,314,2.0
142,315,2.0
142,316,5.0
142,317,1.0
142,318,2.0
142,319,5.0
142,320,2.0
142,321,2.0
142,322,3.0
142,323,3.0
142,324,2.0
142,325,1.0
142,326,2.0
142,327,1.0
142,328,2.0
142,329,3.0
142,330,1.0
142,331,1.0
142,332,3.0
142,333,2.0
142,334,2.0
142,335,0.0
142,336,1.0
142,337,2.0
142,338,2.0
142,339,2.0
142,340,1.0
142,341,2.0
142,342,2.0
142,343,2.0
142,344,2.0
142,345,2.0
142,346,5.0
142,347,2.0
142,348,2.0
142,349,2.0
142,350,2.0
142,351,2.0
142,352,2.0
142,353,2.0
142,354,2.0
142,355,0.0
142,356,3.0
142,357,2.0
142,358,2.0
142,359,2.0
142,360,3.0
142,361,2.0
142,362,1.0
142,363,2.0
142,364,1.0
142,365,1.0
142,366,2.0
142,367,2.0
142,368,1.0
142,369,2.0
142,370,2.0
142,371,1.0
142,372,2.0
142,373,3.0
142,374,2.0
142,375,1.0
142,376,4.0
142,377,3.0
143,144,5.0
143,145,2.0
143,146,2.0
143,147,2.0
143,148,2.0
143,149,2.0
143,150,3.0
143,151,3.0
143,152,2.0
143,153,2.0
143,154,3.0
143,155,2.0
143,156,3.0
143,157,2.0
143,158,2.0
143,159,2.0
143,160,3.0
143,161,2.0
143,162,4.0
143,163,2.0
143,164,2.0
143,165,1.0
143,166,3.0
143,167,2.0
143,168,2.0
143,169,4.0
143,170,2.0
143,171,2.0
143,172,2.0
143,173,2.0
143,174,2.0
143,175,2.0
143,176,2.0
143,177,4.0
143,178,4.0
143,179,3.0
143,180,4.0
143,181,4.0
143,182,2.0
143,183,3.0
143,184,3.0
143,185,2.0
143,186,2.0
143,187,2.0
143,188,1.0
143,189,3.0
143,190,1.0
143,191,1.0
143,192,1.0
143,193,2.0
143,194,2.0
143,195,1.0
143,196,2.0
143,197,2.0
143,198,2.0
143,199,1.0
143,200,1.0
143,201,1.0
143,202,3.0
143,203,2.0
143,204,1.0
143,205,1.0
143,206,1.0
143,207,3.0
143,208,2.0
143,209,4.0
143,210,2.0
143,211,2.0
143,212,3.0
143,213,5.0
143,214,3.0
143,215,2.0
143,216,3.0
143,217,3.0
143,218,2.0
143,219,3.0
143,220,3.0
143,221,1.0
143,222,2.0
143,223,2.0
143,224,4.0
143,225,4.0
143,226,2.0
143,227,4.0
143,228,2.0
143,229,4.0
143,230,3.0
143,231,4.0
143,232,2.0
143,233,4.0
143,234,1.0
143,235,3.0
143,236,3.0
143,237,2.0
143,238,1.0
143,239,4.0
143,240,2.0
143,241,5.0
143,242,3.0
143,243,3.0
143,244,4.0
143,245,3.0
143,246,3.0
143,247,4.0
143,248,1.0
143,249,2.0
143,250,3.0
143,251,2.0
143,252,1.0
143,253,3.0
143,254,2.0
143,255,3.0
143,256,2.0
143,257,2.0
143,258,3.0
143,259,4.0
143,260,3.0
143,261,4.0
143,262,2.0
143,263,3.0
143,264,2.0
143,265,2.0
143,266,0.0
143,267,4.0
143,268,3.0
143,269,1.0
143,270,2.0
143,271,4.0
143,272,4.0
143,273,3.0
143,274,2.0
143,275,4.0
143,276,4.0
143,277,4.0
143,278,3.0
143,279,1.0
143,280,2.0
143,281,2.0
143,282,2.0
143,283,2.0
143,284,4.0
143,285,2.0
143,286,3.0
143,287,2.0
143,288,2.0
143,289,4.0
143,290,3.0
143,291,1.0
143,292,3.0
143,293,4.0
143,294,2.0
143,295,5.0
143,296,3.0
143,297,4.0
143,298,3.0
143,299,3.0
143,300,1.0
143,301,2.0
143,302,4.0
143,303,3.0
143,304,3.0
143,305,2.0
143,306,2.0
143,307,4.0
143,308,3.0
143,309,3.0
143,310,4.0
143,311,2.0
143,312,4.0
143,313,4.0
143,314,4.0
143,315,2.0
143,316,2.0
143,317,1.0
143,318,3.0
143,319,1.0
143,320,4.0
143,321,4.0
143,322,3.0
143,323,3.0
143,324,4.0
143,325,3.0
143,326,4.0
143,327,4.0
143,328,4.0
143,329,3.0
143,330,5.0
143,331,2.0
143,332,3.0
143,333,3.0
143,334,2.0
143,335,1.0
143,336,2.0
143,337,4.0
143,338,3.0
143,339,4.0
143,340,1.0
143,341,2.0
143,342,3.0
143,343,4.0
143,344,4.0
143,345,3.0
143,346,2.0
143,347,4.0
143,348,3.0
143,349,3.0
143,350,2.0
143,351,4.0
143,352,4.0
143,353,3.0
143,354,4.0
143,355,1.0
143,356,3.0
143,357,3.0
143,358,4.0
143,359,2.0
143,360,3.0
143,361,4.0
143,362,5.0
143,363,2.0
143,364,2.0
143,365,2.0
143,366,4.0
143,367,4.0
143,368,1.0
143,369,3.0
143,370,3.0
143,371,5.0
143,372,3.0
143,373,2.0
143,374,4.0
143,375,4.0
143,376,2.0
143,377,2.0
144,145,2.0
144,146,2.0
144,147,2.0
144,148,2.0
144,149,2.0
144,150,3.0
144,151,3.0
144,152,2.0
144,153,2.0
144,154,3.0
144,155,2.0
144,156,3.0
144,157,2.0
144,158,2.0
144,159,2.0
144,160,3.0
144,161,2.0
144,162,4.0
144,163,2.0
144,164,2.0
144,165,1.0
144,166,3.0
144,167,2.0
144,168,2.0
144,169,4.0
144,170,2.0
144,171,2.0
144,172,2.0
144,173,2.0
144,174,2.0
144,175,2.0
144,176,2.0
144,177,4.0
144,178,4.0
144,179,3.0
144,180,4.0
144,181,4.0
144,182,2.0
144,183,3.0
144,184,3.0
144,185,2.0
144,186,2.0
144,187,2.0
144,188,1.0
144,189,3.0
144,190,1.0
144,191,1.0
144,192,1.0
144,193,2.0
144,194,2.0
144,195,1.0
144,196,2.0
144,197,2.0
144,198,2.0
144,199,1.0
144,200,1.0
144,201,1.0
144,202,3.0
144,203,2.0
144,204,1.0
144,205,1.0
144,206,1.0
144,207,3.0
144,208,2.0
144,209,4.0
144,210,2.0
144,211,2.0
144,212,3.0
144,213,5.0
144,214,3.0
144,215,2.0
144,216,3.0
144,217,3.0
144,218,2.0
144,219,3.0
144,220,3.0
144,221,1.0
144,222,2.0
144,223,2.0
144,224,4.0
144,225,4.0
144,226,2.0
144,227,4.0
144,228,2.0
144,229,4.0
144,230,3.0
144,231,4.0
144,232,2.0
144,233,4.0
144,234,1.0
144,235,3.0
144,236,3.0
144,237,2.0
144,238,1.0
144,239,4.0
144,240,2.0
144,241,5.0
144,242,3.0
144,243,3.0
144,244,4.0
144,245,3.0
144,246,3.0
144,247,4.0
144,248,1.0
144,249,2.0
144,250,3.0
144,251,2.0
144,252,1.0
144,253,3.0
144,254,2.0
144,255,3.0
144,256,2.0
144,257,2.0
144,258,3.0
144,259,4.0
144,260,3.0
144,261,4.0
144,262,2.0
144,263,3.0
144,264,2.0
144,265,2.0
144,266,0.0
144,267,4.0
144,268,3.0
144,269,1.0
144,270,2.0
144,271,4.0
144,272,4.0
144,273,3.0
144,274,2.0
144,275,4.0
144,276,4.0
144,277,4.0
144,278,3.0
144,279,1.0
144,280,2.0
144,281,2.0
144,282,2.0
144,283,2.0
144,284,4.0
144,285,2.0
144,286,3.0
144,287,2.0
144,288,2.0
144,289,4.0
144,290,3.0
144,291,1.0
144,292,3.0
144,293,4.0
144,294,2.0
144,295,5.0
144,296,3.0
144,297,4.0
144,298,3.0
144,299,3.0
144,300,1.0
144,301,2.0
144,302,4.0
144,303,3.0
144,304,3.0
144,305,2.0
144,306,2.0
144,307,4.0
144,308,3.0
144,309,3.0
144,310,4.0
144,311,2.0
144,312,4.0
144,313,4.0
144,314,4.0
144,315,2.0
144,316,2.0
144,317,1.0
144,318,3.0
144,319,1.0
144,320,4.0
144,321,4.0
144,322,3.0
144,323,3.0
144,324,4.0
144,325,3.0
144,326,4.0
144,327,4.0
144,328,4.0
144,329,3.0
144,330,5.0
144,331,2.0
144,332,3.0
144,333,3.0
144,334,2.0
144,335,1.0
144,336,2.0
144,337,4.0
144,338,3.0
144,339,4.0
144,340,1.0
144,341,2.0
144,342,3.0
144,343,4.0
144,344,4.0
144,345,3.0
144,346,2.0
144,347,4.0
144,348,3.0
144,349,3.0
144,350,2.0
144,351,4.0
144,352,4.0
144,353,3.0
144,354,4.0
144,355,1.0
144,356,3.0
144,357,3.0
144,358,4.0
144,359,2.0
144,360,3.0
144,361,4.0
144,362,5.0
144,363,2.0
144,364,2.0
144,365,2.0
144,366,4.0
144,367,4.0
144,368,1.0
144,369,3.0
144,370,3.0
144,371,5.0
144,372,3.0
144,373,2.0
144,374,4.0
144,375,4.0
144,376,2.0
144,377,2.0
145,146,2.0
145,147,2.0
145,148,2.0
145,149,2.0
145,150,2.0
145,151,2.0
145,152,2.0
145,153,3.0
145,154,2.0
145,155,2.0
145,156,1.0
145,157,3.0
145,158,3.0
145,159,2.0
145,160,3.0
145,161,2.0
145,162,2.0
145,163,3.0
145,164,2.0
145,165,1.0
145,166,2.0
145,167,3.0
145,168,1.0
145,169,3.0
145,170,3.0
145,171,4.0
145,172,3.0
145,173,2.0
145,174,1.0
145,175,2.0
145,176,2.0
145,177,3.0
145,178,3.0
145,179,2.0
145,180,3.0
145,181,3.0
145,182,2.0
145,183,2.0
145,184,2.0
145,185,1.0
145,186,2.0
145,187,2.0
145,188,2.0
145,189,3.0
145,190,1.0
145,191,1.0
145,192,1.0
145,193,3.0
145,194,3.0
145,195,3.0
145,196,2.0
145,197,2.0
145,198,2.0
145,199,1.0
145,200,1.0
145,201,1.0
145,202,3.0
145,203,2.0
145,204,3.0
145,205,3.0
145,206,2.0
145,207,2.0
145,208,3.0
145,209,3.0
145,210,3.0
145,211,4.0
145,212,2.0
145,213,2.0
145,214,2.0
145,215,1.0
145,216,3.0
145,217,2.0
145,218,2.0
145,219,2.0
145,220,2.0
145,221,1.0
145,222,2.0
145,223,4.0
145,224,3.0
145,225,3.0
145,226,1.0
145,227,3.0
145,228,2.0
145,229,2.0
145,230,2.0
145,231,3.0
145,232,2.0
145,233,3.0
145,234,1.0
145,235,3.0
145,236,3.0
145,237,3.0
145,238,1.0
145,239,3.0
145,240,4.0
145,241,2.0
145,242,3.0
145,243,2.0
145,244,3.0
145,245,3.0
145,246,2.0
145,247,2.0
145,248,2.0
145,249,2.0
145,250,3.0
145,251,2.0
145,252,3.0
145,253,2.0
145,254,2.0
145,255,3.0
145,256,3.0
145,257,1.0
145,258,1.0
145,259,2.0
145,260,3.0
145,261,3.0
145,262,2.0
145,263,1.0
145,264,4.0
145,265,2.0
145,266,2.0
145,267,3.0
145,268,2.0
145,269,2.0
145,270,3.0
145,271,2.0
145,272,2.0
145,273,3.0
145,274,2.0
145,275,3.0
145,276,3.0
145,277,3.0
145,278,1.0
145,279,3.0
145,280,3.0
145,281,2.0
145,282,2.0
145,283,2.0
145,284,3.0
145,285,1.0
145,286,2.0
145,287,3.0
145,288,2.0
145,289,3.0
145,290,3.0
145,291,2.0
145,292,3.0
145,293,3.0
145,294,3.0
145,295,2.0
145,296,3.0
145,297,3.0
145,298,2.0
145,299,2.0
145,300,2.0
145,301,2.0
145,302,3.0
145,303,3.0
145,304,3.0
145,305,2.0
145,306,3.0
145,307,3.0
145,308,2.0
145,309,1.0
145,310,3.0
145,311,4.0
145,312,2.0
145,313,3.0
145,314,3.0
145,315,2.0
145,316,2.0
145,317,2.0
145,318,2.0
145,319,2.0
145,320,3.0
145,321,3.0
145,322,2.0
145,323,2.0
145,324,2.0
145,325,1.0
145,326,3.0
145,327,2.0
145,328,3.0
145,329,2.0
145,330,2.0
145,331,1.0
145,332,3.0
145,333,3.0
145,334,1.0
145,335,1.0
145,336,2.0
145,337,3.0
145,338,3.0
145,339,2.0
145,340,2.0
145,341,2.0
145,342,3.0
145,343,3.0
145,344,3.0
145,345,3.0
145,346,2.0
145,347,3.0
145,348,3.0
145,349,1.0
145,350,2.0
145,351,3.0
145,352,3.0
145,353,2.0
145,354,3.0
145,355,2.0
145,356,2.0
145,357,2.0
145,358,3.0
145,359,2.0
145,360,2.0
145,361,3.0
145,362,2.0
145,363,2.0
145,364,2.0
145,365,3.0
145,366,2.0
145,367,3.0
145,368,0.0
145,369,3.0
145,370,2.0
145,371,2.0
145,372,3.0
145,373,3.0
145,374,3.0
145,375,3.0
145,376,2.0
145,377,2.0
146,147,1.0
146,148,1.0
146,149,5.0
146,150,2.0
146,151,2.0
146,152,1.0
146,153,2.0
146,154,3.0
146,155,1.0
146,156,3.0
146,157,2.0
146,158,2.0
146,159,1.0
146,160,3.0
146,161,2.0
146,162,2.0
146,163,2.0
146,164,4.0
146,165,0.0
146,166,2.0
146,167,2.0
146,168,2.0
146,169,2.0
146,170,2.0
146,171,2.0
146,172,2.0
146,173,1.0
146,174,1.0
146,175,2.0
146,176,1.0
146,177,3.0
146,178,3.0
146,179,3.0
146,180,3.0
146,181,3.0
146,182,1.0
146,183,2.0
146,184,2.0
146,185,1.0
146,186,1.0
146,187,1.0
146,188,4.0
146,189,1.0
146,190,1.0
146,191,1.0
146,192,1.0
146,193,3.0
146,194,2.0
146,195,2.0
146,196,2.0
146,197,2.0
146,198,2.0
146,199,1.0
146,200,1.0
146,201,1.0
146,202,1.0
146,203,2.0
146,204,2.0
146,205,2.0
146,206,2.0
146,207,2.0
146,208,2.0
146,209,2.0
146,210,2.0
146,211,2.0
146,212,3.0
146,213,2.0
146,214,3.0
146,215,2.0
146,216,1.0
146,217,2.0
146,218,1.0
146,219,2.0
146,220,3.0
146,221,1.0
146,222,2.0
146,223,3.0
146,224,2.0
146,225,2.0
146,226,1.0
146,227,2.0
146,228,2.0
146,229,3.0
146,230,2.0
146,231,2.0
146,232,2.0
146,233,3.0
146,234,1.0
146,235,2.0
146,236,2.0
146,237,1.0
146,238,1.0
146,239,2.0
146,240,2.0
146,241,2.0
146,242,2.0
146,243,3.0
146,244,2.0
146,245,2.0
146,246,2.0
146,247,2.0
146,248,4.0
146,249,1.0
146,250,1.0
146,251,2.0
146,252,2.0
146,253,2.0
146,254,1.0
146,255,1.0
146,256,1.0
146,257,2.0
146,258,3.0
146,259,3.0
146,260,2.0
146,261,2.0
146,262,1.0
146,263,3.0
146,264,2.0
146,265,1.0
146,266,3.0
146,267,2.0
146,268,3.0
146,269,1.0
146,270,2.0
146,271,3.0
146,272,2.0
146,273,3.0
146,274,1.0
146,275,2.0
146,276,2.0
146,277,2.0
146,278,3.0
146,279,1.0
146,280,2.0
146,281,1.0
146,282,2.0
146,283,1.0
146,284,2.0
146,285,2.0
146,286,3.0
146,287,2.0
146,288,2.0
146,289,2.0
146,290,2.0
146,291,1.0
146,292,2.0
146,293,3.0
146,294,2.0
146,295,2.0
146,296,1.0
146,297,2.0
146,298,2.0
146,299,2.0
146,300,2.0
146,301,2.0
146,302,2.0
146,303,2.0
146,304,1.0
146,305,1.0
146,306,1.0
146,307,2.0
146,308,3.0
146,309,3.0
146,310,2.0
146,311,2.0
146,312,3.0
146,313,2.0
146,314,2.0
146,315,1.0
146,316,1.0
146,317,2.0
146,318,2.0
146,319,1.0
146,320,2.0
146,321,2.0
146,322,3.0
146,323,3.0
146,324,2.0
146,325,1.0
146,326,2.0
146,327,3.0
146,328,2.0
146,329,3.0
146,330,2.0
146,331,1.0
146,332,2.0
146,333,1.0
146,334,1.0
146,335,1.0
146,336,2.0
146,337,2.0
146,338,1.0
146,339,3.0
146,340,0.0
146,341,1.0
146,342,2.0
146,343,2.0
146,344,2.0
146,345,1.0
146,346,1.0
146,347,2.0
146,348,1.0
146,349,3.0
146,350,2.0
146,351,2.0
146,352,2.0
146,353,3.0
146,354,2.0
146,355,4.0
146,356,3.0
146,357,3.0
146,358,2.0
146,359,1.0
146,360,3.0
146,361,2.0
146,362,2.0
146,363,2.0
146,364,1.0
146,365,2.0
146,366,2.0
146,367,2.0
146,368,1.0
146,369,1.0
146,370,2.0
146,371,2.0
146,372,2.0
146,373,2.0
146,374,2.0
146,375,3.0
146,376,1.0
146,377,2.0
147,148,6.0
147,149,1.0
147,150,2.0
147,151,2.0
147,152,2.0
147,153,2.0
147,154,1.0
147,155,1.0
147,156,1.0
147,157,1.0
147,158,1.0
147,159,2.0
147,160,1.0
147,161,2.0
147,162,1.0
147,163,1.0
147,164,0.0
147,165,5.0
147,166,1.0
147,167,1.0
147,168,0.0
147,169,1.0
147,170,1.0
147,171,2.0
147,172,1.0
147,173,1.0
147,174,4.0
147,175,2.0
147,176,3.0
147,177,2.0
147,178,2.0
147,179,1.0
147,180,2.0
147,181,2.0
147,182,1.0
147,183,1.0
147,184,1.0
147,185,4.0
147,186,1.0
147,187,1.0
147,188,0.0
147,189,2.0
147,190,0.0
147,191,0.0
147,192,0.0
147,193,1.0
147,194,1.0
147,195,2.0
147,196,1.0
147,197,1.0
147,198,1.0
147,199,3.0
147,200,3.0
147,201,3.0
147,202,1.0
147,203,2.0
147,204,2.0
147,205,2.0
147,206,2.0
147,207,1.0
147,208,1.0
147,209,1.0
147,210,1.0
147,211,2.0
147,212,1.0
147,213,2.0
147,214,1.0
147,215,1.0
147,216,2.0
147,217,1.0
147,218,3.0
147,219,1.0
147,220,1.0
147,221,0.0
147,222,1.0
147,223,1.0
147,224,1.0
147,225,1.0
147,226,4.0
147,227,1.0
147,228,1.0
147,229,2.0
147,230,1.0
147,231,1.0
147,232,2.0
147,233,2.0
147,234,0.0
147,235,1.0
147,236,1.0
147,237,1.0
147,238,0.0
147,239,1.0
147,240,2.0
147,241,2.0
147,242,2.0
147,243,1.0
147,244,1.0
147,245,1.0
147,246,1.0
147,247,1.0
147,248,0.0
147,249,1.0
147,250,1.0
147,251,1.0
147,252,2.0
147,253,2.0
147,254,2.0
147,255,2.0
147,256,2.0
147,257,1.0
147,258,1.0
147,259,2.0
147,260,2.0
147,261,1.0
147,262,2.0
147,263,1.0
147,264,2.0
147,265,3.0
147,266,0.0
147,267,1.0
147,268,1.0
147,269,1.0
147,270,1.0
147,271,2.0
147,272,1.0
147,273,1.0
147,274,1.0
147,275,1.0
147,276,1.0
147,277,1.0
147,278,1.0
147,279,2.0
147,280,1.0
147,281,3.0
147,282,1.0
147,283,5.0
147,284,1.0
147,285,2.0
147,286,1.0
147,287,1.0
147,288,2.0
147,289,1.0
147,290,2.0
147,291,1.0
147,292,2.0
147,293,2.0
147,294,1.0
147,295,2.0
147,296,1.0
147,297,1.0
147,298,1.0
147,299,1.0
147,300,1.0
147,301,1.0
147,302,1.0
147,303,2.0
147,304,1.0
147,305,3.0
147,306,1.0
147,307,1.0
147,308,1.0
147,309,1.0
147,310,1.0
147,311,2.0
147,312,2.0
147,313,1.0
147,314,1.0
147,315,1.0
147,316,1.0
147,317,1.0
147,318,1.0
147,319,1.0
147,320,1.0
147,321,1.0
147,322,1.0
147,323,1.0
147,324,1.0
147,325,4.0
147,326,1.0
147,327,2.0
147,328,1.0
147,329,1.0
147,330,2.0
147,331,4.0
147,332,1.0
147,333,1.0
147,334,3.0
147,335,3.0
147,336,2.0
147,337,1.0
147,338,1.0
147,339,2.0
147,340,1.0
147,341,3.0
147,342,2.0
147,343,1.0
147,344,1.0
147,345,1.0
147,346,1.0
147,347,1.0
147,348,1.0
147,349,1.0
147,350,1.0
147,351,1.0
147,352,1.0
147,353,1.0
147,354,1.0
147,355,0.0
147,356,1.0
147,357,1.0
147,358,1.0
147,359,1.0
147,360,1.0
147,361,1.0
147,362,2.0
147,363,1.0
147,364,6.0
147,365,1.0
147,366,1.0
147,367,1.0
147,368,1.0
147,369,2.0
147,370,1.0
147,371,2.0
147,372,2.0
147,373,1.0
147,374,1.0
147,375,2.0
147,376,2.0
147,377,1.0
148,149,1.0
148,150,2.0
148,151,2.0
148,152,2.0
148,153,2.0
148,154,1.0
148,155,1.0
148,156,1.0
148,157,1.0
148,158,1.0
148,159,2.0
148,160,1.0
148,161,2.0
148,162,1.0
148,163,1.0
148,164,0.0
148,165,5.0
148,166,1.0
148,167,1.0
148,168,0.0
148,169,1.0
148,170,1.0
148,171,2.0
148,172,1.0
148,173,1.0
148,174,4.0
148,175,2.0
148,176,3.0
148,177,2.0
148,178,2.0
148,179,1.0
148,180,2.0
148,181,2.0
148,182,1.0
148,183,1.0
148,184,1.0
148,185,4.0
148,186,1.0
148,187,1.0
148,188,0.0
148,189,2.0
148,190,0.0
148,191,0.0
148,192,0.0
148,193,1.0
148,194,1.0
148,195,2.0
148,196,1.0
148,197,1.0
148,198,1.0
148,199,3.0
148,200,3.0
148,201,3.0
148,202,1.0
148,203,2.0
148,204,2.0
148,205,2.0
148,206,2.0
148,207,1.0
148,208,1.0
148,209,1.0
148,210,1.0
148,211,2.0
148,212,1.0
148,213,2.0
148,214,1.0
148,215,1.0
148,216,2.0
148,217,1.0
148,218,3.0
148,219,1.0
148,220,1.0
148,221,0.0
148,222,1.0
148,223,1.0
148,224,1.0
148,225,1.0
148,226,4.0
148,227,1.0
148,228,1.0
148,229,2.0
148,230,1.0
148,231,1.0
148,232,2.0
148,233,2.0
148,234,0.0
148,235,1.0
148,236,1.0
148,237,1.0
148,238,0.0
148,239,1.0
148,240,2.0
148,241,2.0
148,242,2.0
148,243,1.0
148,244,1.0
148,245,1.0
148,246,1.0
148,247,1.0
148,248,0.0
148,249,1.0
148,250,1.0
148,251,1.0
148,252,2.0
148,253,2.0
148,254,2.0
148,255,2.0
148,256,2.0
148,257,1.0
148,258,1.0
148,259,2.0
148,260,2.0
148,261,1.0
148,262,2.0
148,263,1.0
148,264,2.0
148,265,3.0
148,266,0.0
148,267,1.0
148,268,1.0
148,269,1.0
148,270,1.0
148,271,2.0
148,272,1.0
148,273,1.0
148,274,1.0
148,275,1.0
148,276,1.0
148,277,1.0
148,278,1.0
148,279,2.0
148,280,1.0
148,281,3.0
148,282,1.0
148,283,5.0
148,284,1.0
148,285,2.0
148,286,1.0
148,287,1.0
148,288,2.0
148,289,1.0
148,290,2.0
148,291,1.0
148,292,2.0
148,293,2.0
148,294,1.0
148,295,2.0
148,296,1.0
148,297,1.0
148,298,1.0
148,299,1.0
148,300,1.0
148,301,1.0
148,302,1.0
148,303,2.0
148,304,1.0
148,305,3.0
148,306,1.0
148,307,1.0
148,308,1.0
148,309,1.0
148,310,1.0
148,311,2.0
148,312,2.0
148,313,1.0
148,314,1.0
148,315,1.0
148,316,1.0
148,317,1.0
148,318,1.0
148,319,1.0
148,320,1.0
148,321,1.0
148,322,1.0
148,323,1.0
148,324,1.0
148,325,4.0
148,326,1.0
148,327,2.0
148,328,1.0
148,329,1.0
148,330,2.0
148,331,4.0
148,332,1.0
148,333,1.0
148,334,3.0
148,335,3.0
148,336,2.0
148,337,1.0
148,338,1.0
148,339,2.0
148,340,1.0
148,341,3.0
148,342,2.0
148,343,1.0
148,344,1.0
148,345,1.0
148,346,1.0
148,347,1.0
148,348,1.0
148,349,1.0
148,350,1.0
148,351,1.0
148,352,1.0
148,353,1.0
148,354,1.0
148,355,0.0
148,356,1.0
148,357,1.0
148,358,1.0
148,359,1.0
148,360,1.0
148,361,1.0
148,362,2.0
148,363,1.0
148,364,6.0
148,365,1.0
148,366,1.0
148,367,1.0
148,368,1.0
148,369,2.0
148,370,1.0
148,371,2.0
148,372,2.0
148,373,1.0
148,374,1.0
148,375,2.0
148,376,2.0
148,377,1.0
149,150,2.0
149,151,2.0
149,152,1.0
149,153,2.0
149,154,3.0
149,155,1.0
149,156,3.0
149,157,2.0
149,158,2.0
149,159,1.0
149,160,3.0
149,161,2.0
149,162,2.0
149,163,2.0
149,164,4.0
149,165,0.0
149,166,2.0
149,167,2.0
149,168,2.0
149,169,2.0
149,170,2.0
149,171,2.0
149,172,2.0
149,173,1.0
149,174,1.0
149,175,2.0
149,176,1.0
149,177,3.0
149,178,3.0
149,179,3.0
149,180,3.0
149,181,3.0
149,182,1.0
149,183,2.0
149,184,2.0
149,185,1.0
149,186,1.0
149,187,1.0
149,188,4.0
149,189,1.0
149,190,1.0
149,191,1.0
149,192,1.0
149,193,3.0
149,194,2.0
149,195,2.0
149,196,2.0
149,197,2.0
149,198,2.0
149,199,1.0
149,200,1.0
149,201,1.0
149,202,1.0
149,203,2.0
149,204,2.0
149,205,2.0
149,206,2.0
149,207,2.0
149,208,2.0
149,209,2.0
149,210,2.0
149,211,2.0
149,212,3.0
149,213,2.0
149,214,3.0
149,215,2.0
149,216,1.0
149,217,2.0
149,218,1.0
149,219,2.0
149,220,3.0
149,221,1.0
149,222,2.0
149,223,3.0
149,224,2.0
149,225,2.0
149,226,1.0
149,227,2.0
149,228,2.0
149,229,3.0
149,230,2.0
149,231,2.0
149,232,2.0
149,233,3.0
149,234,1.0
149,235,2.0
149,236,2.0
149,237,1.0
149,238,1.0
149,239,2.0
149,240,2.0
149,241,2.0
149,242,2.0
149,243,3.0
149,244,2.0
149,245,2.0
149,246,2.0
149,247,2.0
149,248,4.0
149,249,1.0
149,250,1.0
149,251,2.0
149,252,2.0
149,253,2.0
149,254,1.0
149,255,1.0
149,256,1.0
149,257,2.0
149,258,3.0
149,259,3.0
149,260,2.0
149,261,2.0
149,262,1.0
149,263,3.0
149,264,2.0
149,265,1.0
149,266,3.0
149,267,2.0
149,268,3.0
149,269,1.0
149,270,2.0
149,271,3.0
149,272,2.0
149,273,3.0
149,274,1.0
149,275,2.0
149,276,2.0
149,277,2.0
149,278,3.0
149,279,1.0
149,280,2.0
149,281,1.0
149,282,2.0
149,283,1.0
149,284,2.0
149,285,2.0
149,286,3.0
149,287,2.0
149,288,2.0
149,289,2.0
149,290,2.0
149,291,1.0
149,292,2.0
149,293,3.0
149,294,2.0
149,295,2.0
149,296,1.0
149,297,2.0
149,298,2.0
149,299,2.0
149,300,2.0
149,301,2.0
149,302,2.0
149,303,2.0
149,304,1.0
149,305,1.0
149,306,1.0
149,307,2.0
149,308,3.0
149,309,3.0
149,310,2.0
149,311,2.0
149,312,3.0
149,313,2.0
149,314,2.0
149,315,1.0
149,316,1.0
149,317,2.0
149,318,2.0
149,319,1.0
149,320,2.0
149,321,2.0
149,322,3.0
149,323,3.0
149,324,2.0
149,325,1.0
149,326,2.0
149,327,3.0
149,328,2.0
149,329,3.0
149,330,2.0
149,331,1.0
149,332,2.0
149,333,1.0
149,334,1.0
149,335,1.0
149,336,2.0
149,337,2.0
149,338,1.0
149,339,3.0
149,340,0.0
149,341,1.0
149,342,2.0
149,343,2.0
149,344,2.0
149,345,1.0
149,346,1.0
149,347,2.0
149,348,1.0
149,349,3.0
149,350,2.0
149,351,2.0
149,352,2.0
149,353,3.0
149,354,2.0
149,355,4.0
149,356,3.0
149,357,3.0
149,358,2.0
149,359,1.0
149,360,3.0
149,361,2.0
149,362,2.0
149,363,2.0
149,364,1.0
149,365,2.0
149,366,2.0
149,367,2.0
149,368,1.0
149,369,1.0
149,370,2.0
149,371,2.0
149,372,2.0
149,373,2.0
149,374,2.0
149,375,3.0
149,376,1.0
149,377,2.0
150,151,6.0
150,152,3.0
150,153,3.0
150,154,2.0
150,155,2.0
150,156,2.0
150,157,2.0
150,158,2.0
150,159,3.0
150,160,2.0
150,161,3.0
150,162,2.0
150,163,2.0
150,164,1.0
150,165,1.0
150,166,1.0
150,167,2.0
150,168,0.0
150,169,2.0
150,170,2.0
150,171,2.0
150,172,2.0
150,173,2.0
150,174,2.0
150,175,3.0
150,176,3.0
150,177,3.0
150,178,3.0
150,179,2.0
150,180,3.0
150,181,3.0
150,182,3.0
150,183,1.0
150,184,1.0
150,185,2.0
150,186,1.0
150,187,1.0
150,188,1.0
150,189,4.0
150,190,1.0
150,191,1.0
150,192,1.0
150,193,4.0
150,194,2.0
150,195,2.0
150,196,4.0
150,197,4.0
150,198,4.0
150,199,2.0
150,200,2.0
150,201,2.0
150,202,3.0
150,203,2.0
150,204,2.0
150,205,2.0
150,206,3.0
150,207,1.0
150,208,2.0
150,209,2.0
150,210,3.0
150,211,2.0
150,212,2.0
150,213,3.0
150,214,2.0
150,215,2.0
150,216,5.0
150,217,1.0
150,218,3.0
150,219,1.0
150,220,2.0
150,221,1.0
150,222,2.0
150,223,3.0
150,224,2.0
150,225,2.0
150,226,2.0
150,227,2.0
150,228,1.0
150,229,3.0
150,230,1.0
150,231,2.0
150,232,2.0
150,233,3.0
150,234,1.0
150,235,2.0
150,236,3.0
150,237,3.0
150,238,1.0
150,239,2.0
150,240,2.0
150,241,3.0
150,242,2.0
150,243,2.0
150,244,2.0
150,245,4.0
150,246,1.0
150,247,2.0
150,248,1.0
150,249,2.0
150,250,3.0
150,251,1.0
150,252,2.0
150,253,2.0
150,254,3.0
150,255,4.0
150,256,1.0
150,257,2.0
150,258,2.0
150,259,3.0
150,260,2.0
150,261,2.0
150,262,2.0
150,263,2.0
150,264,2.0
150,265,3.0
150,266,1.0
150,267,2.0
150,268,2.0
150,269,1.0
150,270,2.0
150,271,3.0
150,272,2.0
150,273,2.0
150,274,2.0
150,275,2.0
150,276,2.0
150,277,2.0
150,278,2.0
150,279,1.0
150,280,3.0
150,281,3.0
150,282,1.0
150,283,2.0
150,284,2.0
150,285,2.0
150,286,2.0
150,287,2.0
150,288,2.0
150,289,2.0
150,290,3.0
150,291,2.0
150,292,2.0
150,293,3.0
150,294,2.0
150,295,3.0
150,296,3.0
150,297,2.0
150,298,1.0
150,299,1.0
150,300,2.0
150,301,2.0
150,302,2.0
150,303,2.0
150,304,3.0
150,305,3.0
150,306,2.0
150,307,2.0
150,308,3.0
150,309,2.0
150,310,2.0
150,311,2.0
150,312,3.0
150,313,2.0
150,314,2.0
150,315,2.0
150,316,2.0
150,317,2.0
150,318,1.0
150,319,1.0
150,320,2.0
150,321,2.0
150,322,2.0
150,323,2.0
150,324,2.0
150,325,2.0
150,326,2.0
150,327,3.0
150,328,2.0
150,329,2.0
150,330,3.0
150,331,2.0
150,332,2.0
150,333,3.0
150,334,2.0
150,335,2.0
150,336,3.0
150,337,2.0
150,338,3.0
150,339,4.0
150,340,0.0
150,341,3.0
150,342,2.0
150,343,2.0
150,344,2.0
150,345,2.0
150,346,2.0
150,347,2.0
150,348,3.0
150,349,2.0
150,350,1.0
150,351,2.0
150,352,2.0
150,353,2.0
150,354,2.0
150,355,1.0
150,356,2.0
150,357,3.0
150,358,2.0
150,359,2.0
150,360,2.0
150,361,2.0
150,362,3.0
150,363,2.0
150,364,2.0
150,365,2.0
150,366,2.0
150,367,2.0
150,368,1.0
150,369,4.0
150,370,1.0
150,371,3.0
150,372,2.0
150,373,2.0
150,374,2.0
150,375,3.0
150,376,2.0
150,377,1.0
151,152,3.0
151,153,3.0
151,154,2.0
151,155,2.0
151,156,2.0
151,157,2.0
151,158,2.0
151,159,3.0
151,160,2.0
151,161,3.0
151,162,2.0
151,163,2.0
151,164,1.0
151,165,1.0
151,166,1.0
151,167,2.0
151,168,0.0
151,169,2.0
151,170,2.0
151,171,2.0
151,172,2.0
151,173,2.0
151,174,2.0
151,175,3.0
151,176,3.0
151,177,3.0
151,178,3.0
151,179,2.0
151,180,3.0
151,181,3.0
151,182,3.0
151,183,1.0
151,184,1.0
151,185,2.0
151,186,1.0
151,187,1.0
151,188,1.0
151,189,4.0
151,190,1.0
151,191,1.0
151,192,1.0
151,193,4.0
151,194,2.0
151,195,2.0
151,196,4.0
151,197,4.0
151,198,4.0
151,199,2.0
151,200,2.0
151,201,2.0
151,202,3.0
151,203,2.0
151,204,2.0
151,205,2.0
151,206,3.0
151,207,1.0
151,208,2.0
151,209,2.0
151,210,3.0
151,211,2.0
151,212,2.0
151,213,3.0
151,214,2.0
151,215,2.0
151,216,5.0
151,217,1.0
151,218,3.0
151,219,1.0
151,220,2.0
151,221,1.0
151,222,2.0
151,223,3.0
151,224,2.0
151,225,2.0
151,226,2.0
151,227,2.0
151,228,1.0
151,229,3.0
151,230,1.0
151,231,2.0
151,232,2.0
151,233,3.0
151,234,1.0
151,235,2.0
151,236,3.0
151,237,3.0
151,238,1.0
151,239,2.0
151,240,2.0
151,241,3.0
151,242,2.0
151,243,2.0
151,244,2.0
151,245,4.0
151,246,1.0
151,247,2.0
151,248,1.0
151,249,2.0
151,250,3.0
151,251,1.0
151,252,2.0
151,253,2.0
151,254,3.0
151,255,4.0
151,256,1.0
151,257,2.0
151,258,2.0
151,259,3.0
151,260,2.0
151,261,2.0
151,262,2.0
151,263,2.0
151,264,2.0
151,265,3.0
151,266,1.0
151,267,2.0
151,268,2.0
151,269,1.0
151,270,2.0
151,271,3.0
151,272,2.0
151,273,2.0
151,274,2.0
151,275,2.0
151,276,2.0
151,277,2.0
151,278,2.0
151,279,1.0
151,280,3.0
151,281,3.0
151,282,1.0
151,283,2.0
151,284,2.0
151,285,2.0
151,286,2.0
151,287,2.0
151,288,2.0
151,289,2.0
151,290,3.0
151,291,2.0
151,292,2.0
151,293,3.0
151,294,2.0
151,295,3.0
151,296,3.0
151,297,2.0
151,298,1.0
151,299,1.0
151,300,2.0
151,301,2.0
151,302,2.0
151,303,2.0
151,304,3.0
151,305,3.0
151,306,2.0
151,307,2.0
151,308,3.0
151,309,2.0
151,310,2.0
151,311,2.0
151,312,3.0
151,313,2.0
151,314,2.0
151,315,2.0
151,316,2.0
151,317,2.0
151,318,1.0
151,319,1.0
151,320,2.0
151,321,2.0
151,322,2.0
151,323,2.0
151,324,2.0
151,325,2.0
151,326,2.0
151,327,3.0
151,328,2.0
151,329,2.0
151,330,3.0
151,331,2.0
151,332,2.0
151,333,3.0
151,334,2.0
151,335,2.0
151,336,3.0
151,337,2.0
151,338,3.0
151,339,4.0
151,340,0.0
151,341,3.0
151,342,2.0
151,343,2.0
151,344,2.0
151,345,2.0
151,346,2.0
151,347,2.0
151,348,3.0
151,349,2.0
151,350,1.0
151,351,2.0
151,352,2.0
151,353,2.0
151,354,2.0
151,355,1.0
151,356,2.0
151,357,3.0
151,358,2.0
151,359,2.0
151,360,2.0
151,361,2.0
151,362,3.0
151,363,2.0
151,364,2.0
151,365,2.0
151,366,2.0
151,367,2.0
151,368,1.0
151,369,4.0
151,370,1.0
151,371,3.0
151,372,2.0
151,373,2.0
151,374,2.0
151,375,3.0
151,376,2.0
151,377,1.0
152,153,2.0
152,154,2.0
152,155,2.0
152,156,1.0
152,157,2.0
152,158,2.0
152,159,5.0
152,160,2.0
152,161,2.0
152,162,1.0
152,163,2.0
152,164,1.0
152,165,2.0
152,166,1.0
152,167,2.0
152,168,1.0
152,169,2.0
152,170,2.0
152,171,2.0
152,172,2.0
152,173,2.0
152,174,2.0
152,175,2.0
152,176,4.0
152,177,2.0
152,178,2.0
152,179,2.0
152,180,2.0
152,181,2.0
152,182,3.0
152,183,2.0
152,184,2.0
152,185,2.0
152,186,2.0
152,187,2.0
152,188,0.0
152,189,5.0
152,190,2.0
152,191,2.0
152,192,2.0
152,193,2.0
152,194,2.0
152,195,3.0
152,196,2.0
152,197,2.0
152,198,2.0
152,199,1.0
152,200,1.0
152,201,1.0
152,202,2.0
152,203,2.0
152,204,3.0
152,205,3.0
152,206,2.0
152,207,2.0
152,208,2.0
152,209,2.0
152,210,2.0
152,211,2.0
152,212,2.0
152,213,2.0
152,214,2.0
152,215,1.0
152,216,4.0
152,217,2.0
152,218,4.0
152,219,1.0
152,220,2.0
152,221,1.0
152,222,2.0
152,223,2.0
152,224,2.0
152,225,2.0
152,226,2.0
152,227,2.0
152,228,2.0
152,229,2.0
152,230,2.0
152,231,2.0
152,232,2.0
152,233,2.0
152,234,1.0
152,235,3.0
152,236,2.0
152,237,2.0
152,238,1.0
152,239,2.0
152,240,2.0
152,241,2.0
152,242,2.0
152,243,2.0
152,244,2.0
152,245,2.0
152,246,2.0
152,247,1.0
152,248,0.0
152,249,2.0
152,250,2.0
152,251,2.0
152,252,3.0
152,253,1.0
152,254,4.0
152,255,5.0
152,256,2.0
152,257,1.0
152,258,1.0
152,259,2.0
152,260,2.0
152,261,2.0
152,262,2.0
152,263,1.0
152,264,2.0
152,265,4.0
152,266,1.0
152,267,2.0
152,268,2.0
152,269,3.0
152,270,2.0
152,271,2.0
152,272,1.0
152,273,2.0
152,274,3.0
152,275,2.0
152,276,2.0
152,277,2.0
152,278,1.0
152,279,2.0
152,280,2.0
152,281,4.0
152,282,2.0
152,283,2.0
152,284,2.0
152,285,2.0
152,286,2.0
152,287,2.0
152,288,3.0
152,289,2.0
152,290,3.0
152,291,3.0
152,292,2.0
152,293,2.0
152,294,2.0
152,295,2.0
152,296,2.0
152,297,2.0
152,298,2.0
152,299,2.0
152,300,2.0
152,301,2.0
152,302,2.0
152,303,2.0
152,304,3.0
152,305,4.0
152,306,2.0
152,307,2.0
152,308,1.0
152,309,1.0
152,310,2.0
152,311,2.0
152,312,2.0
152,313,2.0
152,314,2.0
152,315,3.0
152,316,2.0
152,317,2.0
152,318,2.0
152,319,2.0
152,320,2.0
152,321,2.0
152,322,2.0
152,323,2.0
152,324,1.0
152,325,2.0
152,326,2.0
152,327,2.0
152,328,2.0
152,329,2.0
152,330,2.0
152,331,2.0
152,332,3.0
152,333,3.0
152,334,2.0
152,335,1.0
152,336,2.0
152,337,2.0
152,338,2.0
152,339,3.0
152,340,1.0
152,341,4.0
152,342,2.0
152,343,2.0
152,344,2.0
152,345,2.0
152,346,2.0
152,347,2.0
152,348,2.0
152,349,1.0
152,350,2.0
152,351,2.0
152,352,2.0
152,353,2.0
152,354,2.0
152,355,0.0
152,356,2.0
152,357,1.0
152,358,2.0
152,359,3.0
152,360,2.0
152,361,2.0
152,362,2.0
152,363,2.0
152,364,2.0
152,365,2.0
152,366,1.0
152,367,2.0
152,368,1.0
152,369,5.0
152,370,2.0
152,371,2.0
152,372,2.0
152,373,2.0
152,374,2.0
152,375,2.0
152,376,2.0
152,377,2.0
153,154,3.0
153,155,2.0
153,156,2.0
153,157,3.0
153,158,3.0
153,159,2.0
153,160,2.0
153,161,2.0
153,162,2.0
153,163,3.0
153,164,1.0
153,165,1.0
153,166,2.0
153,167,3.0
153,168,2.0
153,169,3.0
153,170,3.0
153,171,2.0
153,172,3.0
153,173,2.0
153,174,1.0
153,175,2.0
153,176,2.0
153,177,2.0
153,178,2.0
153,179,3.0
153,180,2.0
153,181,2.0
153,182,2.0
153,183,2.0
153,184,2.0
153,185,1.0
153,186,2.0
153,187,2.0
153,188,1.0
153,189,3.0
153,190,1.0
153,191,1.0
153,192,1.0
153,193,2.0
153,194,3.0
153,195,3.0
153,196,3.0
153,197,3.0
153,198,3.0
153,199,1.0
153,200,1.0
153,201,1.0
153,202,3.0
153,203,3.0
153,204,3.0
153,205,3.0
153,206,4.0
153,207,2.0
153,208,3.0
153,209,3.0
153,210,4.0
153,211,2.0
153,212,3.0
153,213,2.0
153,214,3.0
153,215,3.0
153,216,3.0
153,217,2.0
153,218,2.0
153,219,2.0
153,220,3.0
153,221,2.0
153,222,2.0
153,223,3.0
153,224,3.0
153,225,3.0
153,226,1.0
153,227,3.0
153,228,2.0
153,229,1.0
153,230,2.0
153,231,3.0
153,232,3.0
153,233,2.0
153,234,1.0
153,235,3.0
153,236,4.0
153,237,3.0
153,238,1.0
153,239,3.0
153,240,2.0
153,241,2.0
153,242,4.0
153,243,3.0
153,244,3.0
153,245,4.0
153,246,2.0
153,247,2.0
153,248,1.0
153,249,2.0
153,250,3.0
153,251,2.0
153,252,3.0
153,253,4.0
153,254,2.0
153,255,3.0
153,256,3.0
153,257,3.0
153,258,2.0
153,259,1.0
153,260,4.0
153,261,3.0
153,262,2.0
153,263,2.0
153,264,2.0
153,265,2.0
153,266,1.0
153,267,3.0
153,268,3.0
153,269,2.0
153,270,3.0
153,271,1.0
153,272,2.0
153,273,2.0
153,274,2.0
153,275,3.0
153,276,3.0
153,277,3.0
153,278,2.0
153,279,3.0
153,280,4.0
153,281,2.0
153,282,2.0
153,283,2.0
153,284,3.0
153,285,2.0
153,286,3.0
153,287,3.0
153,288,2.0
153,289,3.0
153,290,3.0
153,291,2.0
153,292,4.0
153,293,2.0
153,294,3.0
153,295,2.0
153,296,3.0
153,297,3.0
153,298,2.0
153,299,2.0
153,300,3.0
153,301,3.0
153,302,3.0
153,303,4.0
153,304,3.0
153,305,2.0
153,306,3.0
153,307,3.0
153,308,3.0
153,309,2.0
153,310,3.0
153,311,2.0
153,312,1.0
153,313,3.0
153,314,3.0
153,315,2.0
153,316,2.0
153,317,1.0
153,318,2.0
153,319,2.0
153,320,3.0
153,321,3.0
153,322,3.0
153,323,3.0
153,324,2.0
153,325,1.0
153,326,3.0
153,327,1.0
153,328,3.0
153,329,3.0
153,330,2.0
153,331,1.0
153,332,3.0
153,333,3.0
153,334,1.0
153,335,1.0
153,336,2.0
153,337,3.0
153,338,3.0
153,339,2.0
153,340,2.0
153,341,2.0
153,342,4.0
153,343,3.0
153,344,3.0
153,345,3.0
153,346,2.0
153,347,3.0
153,348,3.0
153,349,2.0
153,350,2.0
153,351,3.0
153,352,3.0
153,353,3.0
153,354,3.0
153,355,1.0
153,356,3.0
153,357,2.0
153,358,3.0
153,359,2.0
153,360,3.0
153,361,3.0
153,362,2.0
153,363,2.0
153,364,2.0
153,365,3.0
153,366,2.0
153,367,3.0
153,368,1.0
153,369,3.0
153,370,2.0
153,371,2.0
153,372,4.0
153,373,3.0
153,374,3.0
153,375,2.0
153,376,2.0
153,377,2.0
154,155,3.0
154,156,4.0
154,157,4.0
154,158,4.0
154,159,2.0
154,160,3.0
154,161,2.0
154,162,3.0
154,163,4.0
154,164,3.0
154,165,1.0
154,166,3.0
154,167,4.0
154,168,2.0
154,169,3.0
154,170,4.0
154,171,1.0
154,172,4.0
154,173,3.0
154,174,1.0
154,175,2.0
154,176,2.0
154,177,3.0
154,178,3.0
154,179,5.0
154,180,3.0
154,181,3.0
154,182,2.0
154,183,3.0
154,184,3.0
154,185,1.0
154,186,3.0
154,187,3.0
154,188,2.0
154,189,2.0
154,190,3.0
154,191,3.0
154,192,3.0
154,193,2.0
154,194,4.0
154,195,2.0
154,196,2.0
154,197,2.0
154,198,2.0
154,199,1.0
154,200,1.0
154,201,1.0
154,202,3.0
154,203,4.0
154,204,2.0
154,205,2.0
154,206,2.0
154,207,3.0
154,208,4.0
154,209,3.0
154,210,4.0
154,211,1.0
154,212,6.0
154,213,3.0
154,214,6.0
154,215,3.0
154,216,2.0
154,217,4.0
154,218,2.0
154,219,3.0
154,220,6.0
154,221,2.0
154,222,3.0
154,223,3.0
154,224,3.0
154,225,3.0
154,226,1.0
154,227,3.0
154,228,2.0
154,229,3.0
154,230,3.0
154,231,3.0
154,232,4.0
154,233,3.0
154,234,3.0
154,235,2.0
154,236,4.0
154,237,4.0
154,238,3.0
154,239,3.0
154,240,1.0
154,241,3.0
154,242,2.0
154,243,6.0
154,244,3.0
154,245,4.0
154,246,3.0
154,247,3.0
154,248,2.0
154,249,3.0
154,250,3.0
154,251,2.0
154,252,2.0
154,253,2.0
154,254,2.0
154,255,2.0
154,256,3.0
154,257,3.0
154,258,5.0
154,259,3.0
154,260,2.0
154,261,3.0
154,262,3.0
154,263,5.0
154,264,1.0
154,265,2.0
154,266,2.0
154,267,3.0
154,268,6.0
154,269,2.0
154,270,4.0
154,271,3.0
154,272,3.0
154,273,3.0
154,274,3.0
154,275,3.0
154,276,3.0
154,277,3.0
154,278,5.0
154,279,2.0
154,280,4.0
154,281,2.0
154,282,3.0
154,283,1.0
154,284,3.0
154,285,2.0
154,286,6.0
154,287,3.0
154,288,2.0
154,289,3.0
154,290,2.0
154,291,2.0
154,292,2.0
154,293,3.0
154,294,4.0
154,295,3.0
154,296,3.0
154,297,3.0
154,298,3.0
154,299,3.0
154,300,4.0
154,301,4.0
154,302,3.0
154,303,2.0
154,304,3.0
154,305,2.0
154,306,2.0
154,307,3.0
154,308,4.0
154,309,5.0
154,310,3.0
154,311,1.0
154,312,3.0
154,313,3.0
154,314,3.0
154,315,3.0
154,316,3.0
154,317,1.0
154,318,3.0
154,319,3.0
154,320,3.0
154,321,3.0
154,322,6.0
154,323,6.0
154,324,3.0
154,325,2.0
154,326,3.0
154,327,3.0
154,328,3.0
154,329,6.0
154,330,3.0
154,331,1.0
154,332,2.0
154,333,3.0
154,334,1.0
154,335,1.0
154,336,2.0
154,337,3.0
154,338,3.0
154,339,3.0
154,340,2.0
154,341,2.0
154,342,2.0
154,343,3.0
154,344,3.0
154,345,3.0
154,346,3.0
154,347,3.0
154,348,3.0
154,349,5.0
154,350,2.0
154,351,3.0
154,352,3.0
154,353,5.0
154,354,3.0
154,355,2.0
154,356,6.0
154,357,4.0
154,358,3.0
154,359,3.0
154,360,6.0
154,361,3.0
154,362,3.0
154,363,4.0
154,364,1.0
154,365,3.0
154,366,3.0
154,367,3.0
154,368,2.0
154,369,2.0
154,370,3.0
154,371,3.0
154,372,2.0
154,373,4.0
154,374,3.0
154,375,3.0
154,376,3.0
154,377,3.0
155,156,2.0
155,157,3.0
155,158,3.0
155,159,2.0
155,160,2.0
155,161,1.0
155,162,2.0
155,163,3.0
155,164,1.0
155,165,1.0
155,166,2.0
155,167,3.0
155,168,1.0
155,169,2.0
155,170,3.0
155,171,2.0
155,172,3.0
155,173,6.0
155,174,1.0
155,175,1.0
155,176,2.0
155,177,2.0
155,178,2.0
155,179,2.0
155,180,2.0
155,181,2.0
155,182,3.0
155,183,2.0
155,184,2.0
155,185,1.0
155,186,2.0
155,187,2.0
155,188,0.0
155,189,2.0
155,190,2.0
155,191,2.0
155,192,2.0
155,193,2.0
155,194,3.0
155,195,2.0
155,196,2.0
155,197,2.0
155,198,2.0
155,199,0.0
155,200,0.0
155,201,0.0
155,202,3.0
155,203,2.0
155,204,2.0
155,205,2.0
155,206,1.0
155,207,2.0
155,208,3.0
155,209,2.0
155,210,3.0
155,211,2.0
155,212,3.0
155,213,2.0
155,214,3.0
155,215,2.0
155,216,2.0
155,217,2.0
155,218,2.0
155,219,2.0
155,220,3.0
155,221,1.0
155,222,1.0
155,223,3.0
155,224,2.0
155,225,2.0
155,226,1.0
155,227,2.0
155,228,2.0
155,229,2.0
155,230,2.0
155,231,2.0
155,232,2.0
155,233,2.0
155,234,2.0
155,235,2.0
155,236,2.0
155,237,4.0
155,238,2.0
155,239,2.0
155,240,2.0
155,241,2.0
155,242,2.0
155,243,3.0
155,244,2.0
155,245,2.0
155,246,2.0
155,247,2.0
155,248,0.0
155,249,6.0
155,250,3.0
155,251,2.0
155,252,2.0
155,253,2.0
155,254,2.0
155,255,2.0
155,256,2.0
155,257,2.0
155,258,3.0
155,259,2.0
155,260,2.0
155,261,2.0
155,262,5.0
155,263,3.0
155,264,2.0
155,265,2.0
155,266,1.0
155,267,2.0
155,268,3.0
155,269,2.0
155,270,3.0
155,271,2.0
155,272,2.0
155,273,2.0
155,274,2.0
155,275,2.0
155,276,2.0
155,277,2.0
155,278,3.0
155,279,2.0
155,280,3.0
155,281,2.0
155,282,3.0
155,283,1.0
155,284,2.0
155,285,1.0
155,286,3.0
155,287,1.0
155,288,2.0
155,289,2.0
155,290,2.0
155,291,2.0
155,292,2.0
155,293,2.0
155,294,3.0
155,295,2.0
155,296,4.0
155,297,2.0
155,298,2.0
155,299,2.0
155,300,3.0
155,301,2.0
155,302,2.0
155,303,2.0
155,304,2.0
155,305,2.0
155,306,2.0
155,307,2.0
155,308,3.0
155,309,3.0
155,310,2.0
155,311,2.0
155,312,2.0
155,313,2.0
155,314,2.0
155,315,2.0
155,316,6.0
155,317,1.0
155,318,2.0
155,319,4.0
155,320,2.0
155,321,2.0
155,322,3.0
155,323,3.0
155,324,2.0
155,325,2.0
155,326,2.0
155,327,2.0
155,328,2.0
155,329,3.0
155,330,2.0
155,331,1.0
155,332,2.0
155,333,2.0
155,334,2.0
155,335,0.0
155,336,1.0
155,337,2.0
155,338,3.0
155,339,3.0
155,340,1.0
155,341,2.0
155,342,2.0
155,343,2.0
155,344,2.0
155,345,2.0
155,346,6.0
155,347,2.0
155,348,3.0
155,349,3.0
155,350,2.0
155,351,2.0
155,352,2.0
155,353,2.0
155,354,2.0
155,355,0.0
155,356,3.0
155,357,3.0
155,358,2.0
155,359,2.0
155,360,3.0
155,361,2.0
155,362,2.0
155,363,2.0
155,364,1.0
155,365,1.0
155,366,2.0
155,367,2.0
155,368,1.0
155,369,2.0
155,370,2.0
155,371,2.0
155,372,2.0
155,373,3.0
155,374,2.0
155,375,2.0
155,376,5.0
155,377,3.0
156,157,2.0
156,158,2.0
156,159,1.0
156,160,4.0
156,161,2.0
156,162,3.0
156,163,2.0
156,164,3.0
156,165,0.0
156,166,3.0
156,167,2.0
156,168,3.0
156,169,3.0
156,170,2.0
156,171,1.0
156,172,2.0
156,173,2.0
156,174,1.0
156,175,2.0
156,176,1.0
156,177,3.0
156,178,3.0
156,179,4.0
156,180,3.0
156,181,3.0
156,182,1.0
156,183,3.0
156,184,3.0
156,185,1.0
156,186,2.0
156,187,2.0
156,188,2.0
156,189,1.0
156,190,2.0
156,191,2.0
156,192,2.0
156,193,2.0
156,194,2.0
156,195,2.0
156,196,2.0
156,197,2.0
156,198,2.0
156,199,1.0
156,200,1.0
156,201,1.0
156,202,2.0
156,203,3.0
156,204,2.0
156,205,2.0
156,206,2.0
156,207,3.0
156,208,2.0
156,209,3.0
156,210,2.0
156,211,1.0
156,212,4.0
156,213,3.0
156,214,4.0
156,215,3.0
156,216,1.0
156,217,3.0
156,218,1.0
156,219,3.0
156,220,4.0
156,221,2.0
156,222,2.0
156,223,2.0
156,224,3.0
156,225,3.0
156,226,1.0
156,227,3.0
156,228,2.0
156,229,3.0
156,230,3.0
156,231,3.0
156,232,3.0
156,233,3.0
156,234,1.0
156,235,2.0
156,236,3.0
156,237,2.0
156,238,1.0
156,239,3.0
156,240,1.0
156,241,3.0
156,242,2.0
156,243,4.0
156,244,3.0
156,245,3.0
156,246,3.0
156,247,3.0
156,248,2.0
156,249,2.0
156,250,2.0
156,251,2.0
156,252,2.0
156,253,2.0
156,254,1.0
156,255,1.0
156,256,2.0
156,257,3.0
156,258,5.0
156,259,3.0
156,260,2.0
156,261,3.0
156,262,2.0
156,263,5.0
156,264,1.0
156,265,1.0
156,266,2.0
156,267,3.0
156,268,4.0
156,269,1.0
156,270,2.0
156,271,3.0
156,272,3.0
156,273,3.0
156,274,2.0
156,275,3.0
156,276,3.0
156,277,3.0
156,278,5.0
156,279,1.0
156,280,2.0
156,281,1.0
156,282,2.0
156,283,1.0
156,284,3.0
156,285,2.0
156,286,4.0
156,287,2.0
156,288,2.0
156,289,3.0
156,290,2.0
156,291,1.0
156,292,2.0
156,293,3.0
156,294,2.0
156,295,3.0
156,296,2.0
156,297,3.0
156,298,3.0
156,299,3.0
156,300,2.0
156,301,3.0
156,302,3.0
156,303,2.0
156,304,2.0
156,305,1.0
156,306,1.0
156,307,3.0
156,308,3.0
156,309,5.0
156,310,3.0
156,311,1.0
156,312,3.0
156,313,3.0
156,314,3.0
156,315,2.0
156,316,2.0
156,317,1.0
156,318,3.0
156,319,1.0
156,320,3.0
156,321,3.0
156,322,4.0
156,323,4.0
156,324,3.0
156,325,2.0
156,326,3.0
156,327,3.0
156,328,3.0
156,329,4.0
156,330,3.0
156,331,1.0
156,332,2.0
156,333,2.0
156,334,1.0
156,335,1.0
156,336,2.0
156,337,3.0
156,338,2.0
156,339,3.0
156,340,1.0
156,341,1.0
156,342,2.0
156,343,3.0
156,344,3.0
156,345,2.0
156,346,2.0
156,347,3.0
156,348,2.0
156,349,5.0
156,350,2.0
156,351,3.0
156,352,3.0
156,353,4.0
156,354,3.0
156,355,2.0
156,356,4.0
156,357,3.0
156,358,3.0
156,359,2.0
156,360,4.0
156,361,3.0
156,362,3.0
156,363,2.0
156,364,1.0
156,365,2.0
156,366,3.0
156,367,3.0
156,368,2.0
156,369,1.0
156,370,3.0
156,371,3.0
156,372,2.0
156,373,2.0
156,374,3.0
156,375,3.0
156,376,2.0
156,377,2.0
157,158,6.0
157,159,2.0
157,160,2.0
157,161,1.0
157,162,2.0
157,163,6.0
157,164,1.0
157,165,1.0
157,166,2.0
157,167,6.0
157,168,2.0
157,169,2.0
157,170,6.0
157,171,2.0
157,172,6.0
157,173,3.0
157,174,1.0
157,175,1.0
157,176,2.0
157,177,2.0
157,178,2.0
157,179,3.0
157,180,2.0
157,181,2.0
157,182,3.0
157,183,2.0
157,184,2.0
157,185,1.0
157,186,2.0
157,187,2.0
157,188,1.0
157,189,2.0
157,190,3.0
157,191,3.0
157,192,3.0
157,193,2.0
157,194,6.0
157,195,3.0
157,196,2.0
157,197,2.0
157,198,2.0
157,199,0.0
157,200,0.0
157,201,0.0
157,202,2.0
157,203,2.0
157,204,3.0
157,205,3.0
157,206,2.0
157,207,2.0
157,208,6.0
157,209,2.0
157,210,3.0
157,211,2.0
157,212,4.0
157,213,2.0
157,214,4.0
157,215,1.0
157,216,2.0
157,217,3.0
157,218,2.0
157,219,2.0
157,220,4.0
157,221,1.0
157,222,2.0
157,223,4.0
157,224,2.0
157,225,2.0
157,226,1.0
157,227,2.0
157,228,2.0
157,229,2.0
157,230,2.0
157,231,2.0
157,232,2.0
157,233,2.0
157,234,2.0
157,235,2.0
157,236,2.0
157,237,3.0
157,238,2.0
157,239,2.0
157,240,2.0
157,241,2.0
157,242,2.0
157,243,4.0
157,244,2.0
157,245,2.0
157,246,2.0
157,247,2.0
157,248,1.0
157,249,3.0
157,250,2.0
157,251,2.0
157,252,3.0
157,253,2.0
157,254,2.0
157,255,2.0
157,256,2.0
157,257,1.0
157,258,3.0
157,259,2.0
157,260,2.0
157,261,2.0
157,262,3.0
157,263,3.0
157,264,2.0
157,265,2.0
157,266,1.0
157,267,2.0
157,268,4.0
157,269,2.0
157,270,6.0
157,271,2.0
157,272,2.0
157,273,2.0
157,274,2.0
157,275,2.0
157,276,2.0
157,277,2.0
157,278,3.0
157,279,2.0
157,280,3.0
157,281,2.0
157,282,3.0
157,283,1.0
157,284,2.0
157,285,1.0
157,286,4.0
157,287,1.0
157,288,2.0
157,289,2.0
157,290,2.0
157,291,3.0
157,292,2.0
157,293,2.0
157,294,6.0
157,295,2.0
157,296,2.0
157,297,2.0
157,298,2.0
157,299,2.0
157,300,3.0
157,301,2.0
157,302,2.0
157,303,2.0
157,304,2.0
157,305,2.0
157,306,2.0
157,307,2.0
157,308,3.0
157,309,3.0
157,310,2.0
157,311,2.0
157,312,2.0
157,313,2.0
157,314,2.0
157,315,2.0
157,316,3.0
157,317,1.0
157,318,2.0
157,319,3.0
157,320,2.0
157,321,2.0
157,322,4.0
157,323,4.0
157,324,2.0
157,325,1.0
157,326,2.0
157,327,2.0
157,328,2.0
157,329,4.0
157,330,2.0
157,331,1.0
157,332,2.0
157,333,2.0
157,334,1.0
157,335,0.0
157,336,1.0
157,337,2.0
157,338,2.0
157,339,2.0
157,340,2.0
157,341,2.0
157,342,2.0
157,343,2.0
157,344,2.0
157,345,2.0
157,346,3.0
157,347,2.0
157,348,2.0
157,349,3.0
157,350,3.0
157,351,2.0
157,352,2.0
157,353,3.0
157,354,2.0
157,355,1.0
157,356,4.0
157,357,3.0
157,358,2.0
157,359,2.0
157,360,4.0
157,361,2.0
157,362,2.0
157,363,2.0
157,364,1.0
157,365,1.0
157,366,2.0
157,367,2.0
157,368,2.0
157,369,2.0
157,370,2.0
157,371,2.0
157,372,2.0
157,373,6.0
157,374,2.0
157,375,2.0
157,376,3.0
157,377,3.0
158,159,2.0
158,160,2.0
158,161,1.0
158,162,2.0
158,163,6.0
158,164,1.0
158,165,1.0
158,166,2.0
158,167,6.0
158,168,2.0
158,169,2.0
158,170,6.0
158,171,2.0
158,172,6.0
158,173,3.0
158,174,1.0
158,175,1.0
158,176,2.0
158,177,2.0
158,178,2.0
158,179,3.0
158,180,2.0
158,181,2.0
158,182,3.0
158,183,2.0
158,184,2.0
158,185,1.0
158,186,2.0
158,187,2.0
158,188,1.0
158,189,2.0
158,190,3.0
158,191,3.0
158,192,3.0
158,193,2.0
158,194,6.0
158,195,3.0
158,196,2.0
158,197,2.0
158,198,2.0
158,199,0.0
158,200,0.0
158,201,0.0
158,202,2.0
158,203,2.0
158,204,3.0
158,205,3.0
158,206,2.0
158,207,2.0
158,208,6.0
158,209,2.0
158,210,3.0
158,211,2.0
158,212,4.0
158,213,2.0
158,214,4.0
158,215,1.0
158,216,2.0
158,217,3.0
158,218,2.0
158,219,2.0
158,220,4.0
158,221,1.0
158,222,2.0
158,223,4.0
158,224,2.0
158,225,2.0
158,226,1.0
158,227,2.0
158,228,2.0
158,229,2.0
158,230,2.0
158,231,2.0
158,232,2.0
158,233,2.0
158,234,2.0
158,235,2.0
158,236,2.0
158,237,3.0
158,238,2.0
158,239,2.0
158,240,2.0
158,241,2.0
158,242,2.0
158,243,4.0
158,244,2.0
158,245,2.0
158,246,2.0
158,247,2.0
158,248,1.0
158,249,3.0
158,250,2.0
158,251,2.0
158,252,3.0
158,253,2.0
158,254,2.0
158,255,2.0
158,256,2.0
158,257,1.0
158,258,3.0
158,259,2.0
158,260,2.0
158,261,2.0
158,262,3.0
158,263,3.0
158,264,2.0
158,265,2.0
158,266,1.0
158,267,2.0
158,268,4.0
158,269,2.0
158,270,6.0
158,271,2.0
158,272,2.0
158,273,2.0
158,274,2.0
158,275,2.0
158,276,2.0
158,277,2.0
158,278,3.0
158,279,2.0
158,280,3.0
158,281,2.0
158,282,3.0
158,283,1.0
158,284,2.0
158,285,1.0
158,286,4.0
158,287,1.0
158,288,2.0
158,289,2.0
158,290,2.0
158,291,3.0
158,292,2.0
158,293,2.0
158,294,6.0
158,295,2.0
158,296,2.0
158,297,2.0
158,298,2.0
158,299,2.0
158,300,3.0
158,301,2.0
158,302,2.0
158,303,2.0
158,304,2.0
158,305,2.0
158,306,2.0
158,307,2.0
158,308,3.0
158,309,3.0
158,310,2.0
158,311,2.0
158,312,2.0
158,313,2.0
158,314,2.0
158,315,2.0
158,316,3.0
158,317,1.0
158,318,2.0
158,319,3.0
158,320,2.0
158,321,2.0
158,322,4.0
158,323,4.0
158,324,2.0
158,325,1.0
158,326,2.0
158,327,2.0
158,328,2.0
158,329,4.0
158,330,2.0
158,331,1.0
158,332,2.0
158,333,2.0
158,334,1.0
158,335,0.0
158,336,1.0
158,337,2.0
158,338,2.0
158,339,2.0
158,340,2.0
158,341,2.0
158,342,2.0
158,343,2.0
158,344,2.0
158,345,2.0
158,346,3.0
158,347,2.0
158,348,2.0
158,349,3.0
158,350,3.0
158,351,2.0
158,352,2.0
158,353,3.0
158,354,2.0
158,355,1.0
158,356,4.0
158,357,3.0
158,358,2.0
158,359,2.0
158,360,4.0
158,361,2.0
158,362,2.0
158,363,2.0
158,364,1.0
158,365,1.0
158,366,2.0
158,367,2.0
158,368,2.0
158,369,2.0
158,370,2.0
158,371,2.0
158,372,2.0
158,373,6.0
158,374,2.0
158,375,2.0
158,376,3.0
158,377,3.0
159,160,2.0
159,161,2.0
159,162,1.0
159,163,2.0
159,164,1.0
159,165,2.0
159,166,1.0
159,167,2.0
159,168,1.0
159,169,2.0
159,170,2.0
159,171,1.0
159,172,2.0
159,173,2.0
159,174,2.0
159,175,2.0
159,176,4.0
159,177,2.0
159,178,2.0
159,179,2.0
159,180,2.0
159,181,2.0
159,182,3.0
159,183,2.0
159,184,2.0
159,185,2.0
159,186,2.0
159,187,2.0
159,188,0.0
159,189,5.0
159,190,2.0
159,191,2.0
159,192,2.0
159,193,2.0
159,194,2.0
159,195,3.0
159,196,2.0
159,197,2.0
159,198,2.0
159,199,1.0
159,200,1.0
159,201,1.0
159,202,2.0
159,203,2.0
159,204,3.0
159,205,3.0
159,206,2.0
159,207,2.0
159,208,2.0
159,209,2.0
159,210,2.0
159,211,1.0
159,212,2.0
159,213,2.0
159,214,2.0
159,215,1.0
159,216,4.0
159,217,2.0
159,218,4.0
159,219,1.0
159,220,2.0
159,221,1.0
159,222,2.0
159,223,2.0
159,224,2.0
159,225,2.0
159,226,2.0
159,227,2.0
159,228,2.0
159,229,2.0
159,230,2.0
159,231,2.0
159,232,2.0
159,233,2.0
159,234,1.0
159,235,2.0
159,236,2.0
159,237,2.0
159,238,1.0
159,239,2.0
159,240,1.0
159,241,2.0
159,242,2.0
159,243,2.0
159,244,2.0
159,245,2.0
159,246,2.0
159,247,1.0
159,248,0.0
159,249,2.0
159,250,2.0
159,251,2.0
159,252,3.0
159,253,1.0
159,254,4.0
159,255,5.0
159,256,2.0
159,257,1.0
159,258,1.0
159,259,2.0
159,260,2.0
159,261,2.0
159,262,2.0
159,263,1.0
159,264,1.0
159,265,4.0
159,266,1.0
159,267,2.0
159,268,2.0
159,269,2.0
159,270,2.0
159,271,2.0
159,272,1.0
159,273,2.0
159,274,3.0
159,275,2.0
159,276,2.0
159,277,2.0
159,278,1.0
159,279,2.0
159,280,2.0
159,281,4.0
159,282,2.0
159,283,2.0
159,284,2.0
159,285,2.0
159,286,2.0
159,287,2.0
159,288,3.0
159,289,2.0
159,290,3.0
159,291,3.0
159,292,2.0
159,293,2.0
159,294,2.0
159,295,2.0
159,296,2.0
159,297,2.0
159,298,2.0
159,299,2.0
159,300,2.0
159,301,2.0
159,302,2.0
159,303,2.0
159,304,3.0
159,305,4.0
159,306,2.0
159,307,2.0
159,308,1.0
159,309,1.0
159,310,2.0
159,311,1.0
159,312,2.0
159,313,2.0
159,314,2.0
159,315,3.0
159,316,2.0
159,317,2.0
159,318,2.0
159,319,2.0
159,320,2.0
159,321,2.0
159,322,2.0
159,323,2.0
159,324,1.0
159,325,2.0
159,326,2.0
159,327,2.0
159,328,2.0
159,329,2.0
159,330,2.0
159,331,2.0
159,332,2.0
159,333,3.0
159,334,2.0
159,335,1.0
159,336,2.0
159,337,2.0
159,338,2.0
159,339,3.0
159,340,1.0
159,341,4.0
159,342,2.0
159,343,2.0
159,344,2.0
159,345,2.0
159,346,2.0
159,347,2.0
159,348,2.0
159,349,1.0
159,350,2.0
159,351,2.0
159,352,2.0
159,353,2.0
159,354,2.0
159,355,0.0
159,356,2.0
159,357,1.0
159,358,2.0
159,359,3.0
159,360,2.0
159,361,2.0
159,362,2.0
159,363,2.0
159,364,2.0
159,365,2.0
159,366,1.0
159,367,2.0
159,368,1.0
159,369,5.0
159,370,2.0
159,371,2.0
159,372,2.0
159,373,2.0
159,374,2.0
159,375,2.0
159,376,2.0
159,377,2.0
160,161,1.0
160,162,3.0
160,163,2.0
160,164,2.0
160,165,0.0
160,166,3.0
160,167,2.0
160,168,2.0
160,169,4.0
160,170,2.0
160,171,2.0
160,172,2.0
160,173,2.0
160,174,1.0
160,175,1.0
160,176,2.0
160,177,4.0
160,178,4.0
160,179,3.0
160,180,4.0
160,181,4.0
160,182,1.0
160,183,4.0
160,184,4.0
160,185,1.0
160,186,3.0
160,187,3.0
160,188,2.0
160,189,2.0
160,190,2.0
160,191,2.0
160,192,2.0
160,193,2.0
160,194,2.0
160,195,3.0
160,196,1.0
160,197,1.0
160,198,1.0
160,199,1.0
160,200,1.0
160,201,1.0
160,202,3.0
160,203,3.0
160,204,3.0
160,205,3.0
160,206,1.0
160,207,4.0
160,208,2.0
160,209,4.0
160,210,2.0
160,211,2.0
160,212,3.0
160,213,3.0
160,214,3.0
160,215,2.0
160,216,2.0
160,217,4.0
160,218,2.0
160,219,3.0
160,220,3.0
160,221,1.0
160,222,2.0
160,223,3.0
160,224,4.0
160,225,4.0
160,226,1.0
160,227,4.0
160,228,3.0
160,229,3.0
160,230,4.0
160,231,4.0
160,232,3.0
160,233,4.0
160,234,2.0
160,235,3.0
160,236,3.0
160,237,3.0
160,238,2.0
160,239,4.0
160,240,2.0
160,241,3.0
160,242,3.0
160,243,3.0
160,244,4.0
160,245,3.0
160,246,4.0
160,247,3.0
160,248,2.0
160,249,2.0
160,250,3.0
160,251,3.0
160,252,3.0
160,253,2.0
160,254,2.0
160,255,2.0
160,256,3.0
160,257,2.0
160,258,4.0
160,259,3.0
160,260,3.0
160,261,4.0
160,262,2.0
160,263,4.0
160,264,2.0
160,265,2.0
160,266,2.0
160,267,4.0
160,268,3.0
160,269,2.0
160,270,2.0
160,271,3.0
160,272,3.0
160,273,4.0
160,274,3.0
160,275,4.0
160,276,4.0
160,277,4.0
160,278,4.0
160,279,2.0
160,280,2.0
160,281,2.0
160,282,3.0
160,283,1.0
160,284,4.0
160,285,1.0
160,286,3.0
160,287,2.0
160,288,2.0
160,289,4.0
160,290,2.0
160,291,2.0
160,292,3.0
160,293,4.0
160,294,2.0
160,295,3.0
160,296,3.0
160,297,4.0
160,298,4.0
160,299,4.0
160,300,3.0
160,301,3.0
160,302,4.0
160,303,3.0
160,304,3.0
160,305,2.0
160,306,2.0
160,307,4.0
160,308,2.0
160,309,4.0
160,310,4.0
160,311,2.0
160,312,3.0
160,313,4.0
160,314,4.0
160,315,3.0
160,316,2.0
160,317,1.0
160,318,4.0
160,319,2.0
160,320,4.0
160,321,4.0
160,322,3.0
160,323,3.0
160,324,3.0
160,325,2.0
160,326,4.0
160,327,3.0
160,328,4.0
160,329,3.0
160,330,3.0
160,331,1.0
160,332,3.0
160,333,3.0
160,334,1.0
160,335,1.0
160,336,1.0
160,337,4.0
160,338,3.0
160,339,3.0
160,340,2.0
160,341,2.0
160,342,3.0
160,343,4.0
160,344,4.0
160,345,3.0
160,346,2.0
160,347,4.0
160,348,3.0
160,349,4.0
160,350,3.0
160,351,4.0
160,352,4.0
160,353,3.0
160,354,4.0
160,355,2.0
160,356,3.0
160,357,3.0
160,358,4.0
160,359,3.0
160,360,3.0
160,361,4.0
160,362,3.0
160,363,2.0
160,364,1.0
160,365,2.0
160,366,3.0
160,367,4.0
160,368,1.0
160,369,2.0
160,370,4.0
160,371,3.0
160,372,3.0
160,373,2.0
160,374,4.0
160,375,4.0
160,376,2.0
160,377,3.0
161,162,1.0
161,163,1.0
161,164,2.0
161,165,1.0
161,166,1.0
161,167,1.0
161,168,0.0
161,169,1.0
161,170,1.0
161,171,1.0
161,172,1.0
161,173,1.0
161,174,2.0
161,175,6.0
161,176,2.0
161,177,2.0
161,178,2.0
161,179,2.0
161,180,2.0
161,181,2.0
161,182,1.0
161,183,1.0
161,184,1.0
161,185,2.0
161,186,1.0
161,187,1.0
161,188,2.0
161,189,2.0
161,190,0.0
161,191,0.0
161,192,0.0
161,193,2.0
161,194,1.0
161,195,1.0
161,196,3.0
161,197,3.0
161,198,3.0
161,199,2.0
161,200,2.0
161,201,2.0
161,202,1.0
161,203,2.0
161,204,1.0
161,205,1.0
161,206,2.0
161,207,1.0
161,208,1.0
161,209,1.0
161,210,2.0
161,211,1.0
161,212,2.0
161,213,2.0
161,214,2.0
161,215,3.0
161,216,2.0
161,217,1.0
161,218,2.0
161,219,1.0
161,220,2.0
161,221,2.0
161,222,3.0
161,223,1.0
161,224,1.0
161,225,1.0
161,226,2.0
161,227,1.0
161,228,1.0
161,229,3.0
161,230,1.0
161,231,1.0
161,232,2.0
161,233,2.0
161,234,0.0
161,235,1.0
161,236,2.0
161,237,1.0
161,238,0.0
161,239,1.0
161,240,1.0
161,241,2.0
161,242,1.0
161,243,2.0
161,244,1.0
161,245,2.0
161,246,1.0
161,247,1.0
161,248,2.0
161,249,1.0
161,250,1.0
161,251,1.0
161,252,1.0
161,253,1.0
161,254,2.0
161,255,2.0
161,256,1.0
161,257,3.0
161,258,2.0
161,259,3.0
161,260,1.0
161,261,1.0
161,262,1.0
161,263,2.0
161,264,1.0
161,265,2.0
161,266,2.0
161,267,1.0
161,268,2.0
161,269,1.0
161,270,1.0
161,271,3.0
161,272,1.0
161,273,1.0
161,274,1.0
161,275,1.0
161,276,1.0
161,277,1.0
161,278,2.0
161,279,1.0
161,280,2.0
161,281,2.0
161,282,1.0
161,283,2.0
161,284,1.0
161,285,5.0
161,286,2.0
161,287,2.0
161,288,4.0
161,289,1.0
161,290,3.0
161,291,1.0
161,292,1.0
161,293,2.0
161,294,1.0
161,295,2.0
161,296,1.0
161,297,1.0
161,298,1.0
161,299,1.0
161,300,2.0
161,301,3.0
161,302,1.0
161,303,1.0
161,304,1.0
161,305,2.0
161,306,1.0
161,307,1.0
161,308,2.0
161,309,2.0
161,310,1.0
161,311,1.0
161,312,3.0
161,313,1.0
161,314,1.0
161,315,1.0
161,316,1.0
161,317,3.0
161,318,1.0
161,319,1.0
161,320,1.0
161,321,1.0
161,322,2.0
161,323,2.0
161,324,1.0
161,325,2.0
161,326,1.0
161,327,3.0
161,328,1.0
161,329,2.0
161,330,2.0
161,331,2.0
161,332,1.0
161,333,1.0
161,334,2.0
161,335,2.0
161,336,6.0
161,337,1.0
161,338,1.0
161,339,3.0
161,340,0.0
161,341,2.0
161,342,1.0
161,343,1.0
161,344,1.0
161,345,1.0
161,346,1.0
161,347,1.0
161,348,1.0
161,349,2.0
161,350,1.0
161,351,1.0
161,352,1.0
161,353,2.0
161,354,1.0
161,355,2.0
161,356,2.0
161,357,2.0
161,358,1.0
161,359,1.0
161,360,2.0
161,361,1.0
161,362,2.0
161,363,3.0
161,364,2.0
161,365,2.0
161,366,1.0
161,367,1.0
161,368,0.0
161,369,2.0
161,370,1.0
161,371,2.0
161,372,1.0
161,373,1.0
161,374,1.0
161,375,2.0
161,376,1.0
161,377,1.0
162,163,2.0
162,164,2.0
162,165,0.0
162,166,3.0
162,167,2.0
162,168,3.0
162,169,4.0
162,170,2.0
162,171,2.0
162,172,2.0
162,173,2.0
162,174,1.0
162,175,1.0
162,176,1.0
162,177,3.0
162,178,3.0
162,179,3.0
162,180,3.0
162,181,3.0
162,182,2.0
162,183,3.0
162,184,3.0
162,185,1.0
162,186,2.0
162,187,2.0
162,188,1.0
162,189,2.0
162,190,1.0
162,191,1.0
162,192,1.0
162,193,2.0
162,194,2.0
162,195,1.0
162,196,2.0
162,197,2.0
162,198,2.0
162,199,0.0
162,200,0.0
162,201,0.0
162,202,3.0
162,203,2.0
162,204,1.0
162,205,1.0
162,206,1.0
162,207,3.0
162,208,2.0
162,209,4.0
162,210,2.0
162,211,2.0
162,212,3.0
162,213,4.0
162,214,3.0
162,215,2.0
162,216,2.0
162,217,3.0
162,218,1.0
162,219,3.0
162,220,3.0
162,221,1.0
162,222,1.0
162,223,2.0
162,224,4.0
162,225,4.0
162,226,1.0
162,227,4.0
162,228,2.0
162,229,3.0
162,230,3.0
162,231,4.0
162,232,2.0
162,233,3.0
162,234,1.0
162,235,3.0
162,236,3.0
162,237,2.0
162,238,1.0
162,239,4.0
162,240,2.0
162,241,4.0
162,242,3.0
162,243,3.0
162,244,4.0
162,245,3.0
162,246,3.0
162,247,4.0
162,248,1.0
162,249,2.0
162,250,3.0
162,251,2.0
162,252,1.0
162,253,3.0
162,254,1.0
162,255,2.0
162,256,2.0
162,257,2.0
162,258,3.0
162,259,3.0
162,260,3.0
162,261,4.0
162,262,2.0
162,263,3.0
162,264,2.0
162,265,1.0
162,266,0.0
162,267,4.0
162,268,3.0
162,269,1.0
162,270,2.0
162,271,3.0
162,272,4.0
162,273,3.0
162,274,2.0
162,275,4.0
162,276,4.0
162,277,4.0
162,278,3.0
162,279,2.0
162,280,2.0
162,281,1.0
162,282,2.0
162,283,1.0
162,284,4.0
162,285,1.0
162,286,3.0
162,287,1.0
162,288,2.0
162,289,4.0
162,290,2.0
162,291,1.0
162,292,3.0
162,293,3.0
162,294,2.0
162,295,4.0
162,296,3.0
162,297,4.0
162,298,3.0
162,299,3.0
162,300,1.0
162,301,2.0
162,302,4.0
162,303,3.0
162,304,3.0
162,305,1.0
162,306,2.0
162,307,4.0
162,308,3.0
162,309,3.0
162,310,4.0
162,311,2.0
162,312,3.0
162,313,4.0
162,314,4.0
162,315,2.0
162,316,2.0
162,317,0.0
162,318,3.0
162,319,1.0
162,320,4.0
162,321,4.0
162,322,3.0
162,323,3.0
162,324,4.0
162,325,2.0
162,326,4.0
162,327,3.0
162,328,4.0
162,329,3.0
162,330,4.0
162,331,1.0
162,332,3.0
162,333,3.0
162,334,1.0
162,335,1.0
162,336,1.0
162,337,4.0
162,338,3.0
162,339,3.0
162,340,1.0
162,341,1.0
162,342,3.0
162,343,4.0
162,344,4.0
162,345,3.0
162,346,2.0
162,347,4.0
162,348,3.0
162,349,3.0
162,350,2.0
162,351,4.0
162,352,4.0
162,353,3.0
162,354,4.0
162,355,1.0
162,356,3.0
162,357,3.0
162,358,4.0
162,359,2.0
162,360,3.0
162,361,4.0
162,362,4.0
162,363,1.0
162,364,1.0
162,365,1.0
162,366,4.0
162,367,4.0
162,368,1.0
162,369,2.0
162,370,3.0
162,371,4.0
162,372,3.0
162,373,2.0
162,374,4.0
162,375,3.0
162,376,2.0
162,377,2.0
163,164,1.0
163,165,1.0
163,166,2.0
163,167,6.0
163,168,2.0
163,169,2.0
163,170,6.0
163,171,2.0
163,172,6.0
163,173,3.0
163,174,1.0
163,175,1.0
163,176,2.0
163,177,2.0
163,178,2.0
163,179,3.0
163,180,2.0
163,181,2.0
163,182,3.0
163,183,2.0
163,184,2.0
163,185,1.0
163,186,2.0
163,187,2.0
163,188,1.0
163,189,2.0
163,190,3.0
163,191,3.0
163,192,3.0
163,193,2.0
163,194,6.0
163,195,3.0
163,196,2.0
163,197,2.0
163,198,2.0
163,199,0.0
163,200,0.0
163,201,0.0
163,202,2.0
163,203,2.0
163,204,3.0
163,205,3.0
163,206,2.0
163,207,2.0
163,208,6.0
163,209,2.0
163,210,3.0
163,211,2.0
163,212,4.0
163,213,2.0
163,214,4.0
163,215,1.0
163,216,2.0
163,217,3.0
163,218,2.0
163,219,2.0
163,220,4.0
163,221,1.0
163,222,2.0
163,223,4.0
163,224,2.0
163,225,2.0
163,226,1.0
163,227,2.0
163,228,2.0
163,229,2.0
163,230,2.0
163,231,2.0
163,232,2.0
163,233,2.0
163,234,2.0
163,235,2.0
163,236,2.0
163,237,3.0
163,238,2.0
163,239,2.0
163,240,2.0
163,241,2.0
163,242,2.0
163,243,4.0
163,244,2.0
163,245,2.0
163,246,2.0
163,247,2.0
163,248,1.0
163,249,3.0
163,250,2.0
163,251,2.0
163,252,3.0
163,253,2.0
163,254,2.0
163,255,2.0
163,256,2.0
163,257,1.0
163,258,3.0
163,259,2.0
163,260,2.0
163,261,2.0
163,262,3.0
163,263,3.0
163,264,2.0
163,265,2.0
163,266,1.0
163,267,2.0
163,268,4.0
163,269,2.0
163,270,6.0
163,271,2.0
163,272,2.0
163,273,2.0
163,274,2.0
163,275,2.0
163,276,2.0
163,277,2.0
163,278,3.0
163,279,2.0
163,280,3.0
163,281,2.0
163,282,3.0
163,283,1.0
163,284,2.0
163,285,1.0
163,286,4.0
163,287,1.0
163,288,2.0
163,289,2.0
163,290,2.0
163,291,3.0
163,292,2.0
163,293,2.0
163,294,6.0
163,295,2.0
163,296,2.0
163,297,2.0
163,298,2.0
163,299,2.0
163,300,3.0
163,301,2.0
163,302,2.0
163,303,2.0
163,304,2.0
163,305,2.0
163,306,2.0
163,307,2.0
163,308,3.0
163,309,3.0
163,310,2.0
163,311,2.0
163,312,2.0
163,313,2.0
163,314,2.0
163,315,2.0
163,316,3.0
163,317,1.0
163,318,2.0
163,319,3.0
163,320,2.0
163,321,2.0
163,322,4.0
163,323,4.0
163,324,2.0
163,325,1.0
163,326,2.0
163,327,2.0
163,328,2.0
163,329,4.0
163,330,2.0
163,331,1.0
163,332,2.0
163,333,2.0
163,334,1.0
163,335,0.0
163,336,1.0
163,337,2.0
163,338,2.0
163,339,2.0
163,340,2.0
163,341,2.0
163,342,2.0
163,343,2.0
163,344,2.0
163,345,2.0
163,346,3.0
163,347,2.0
163,348,2.0
163,349,3.0
163,350,3.0
163,351,2.0
163,352,2.0
163,353,3.0
163,354,2.0
163,355,1.0
163,356,4.0
163,357,3.0
163,358,2.0
163,359,2.0
163,360,4.0
163,361,2.0
163,362,2.0
163,363,2.0
163,364,1.0
163,365,1.0
163,366,2.0
163,367,2.0
163,368,2.0
163,369,2.0
163,370,2.0
163,371,2.0
163,372,2.0
163,373,6.0
163,374,2.0
163,375,2.0
163,376,3.0
163,377,3.0
164,165,0.0
164,166,2.0
164,167,1.0
164,168,2.0
164,169,2.0
164,170,1.0
164,171,1.0
164,172,1.0
164,173,1.0
164,174,0.0
164,175,2.0
164,176,1.0
164,177,3.0
164,178,3.0
164,179,3.0
164,180,3.0
164,181,3.0
164,182,0.0
164,183,2.0
164,184,2.0
164,185,0.0
164,186,1.0
164,187,1.0
164,188,4.0
164,189,1.0
164,190,2.0
164,191,2.0
164,192,2.0
164,193,2.0
164,194,1.0
164,195,2.0
164,196,1.0
164,197,1.0
164,198,1.0
164,199,1.0
164,200,1.0
164,201,1.0
164,202,1.0
164,203,2.0
164,204,2.0
164,205,2.0
164,206,1.0
164,207,2.0
164,208,1.0
164,209,2.0
164,210,1.0
164,211,1.0
164,212,3.0
164,213,2.0
164,214,3.0
164,215,2.0
164,216,1.0
164,217,2.0
164,218,1.0
164,219,2.0
164,220,3.0
164,221,2.0
164,222,3.0
164,223,2.0
164,224,2.0
164,225,2.0
164,226,0.0
164,227,2.0
164,228,2.0
164,229,3.0
164,230,2.0
164,231,2.0
164,232,2.0
164,233,3.0
164,234,1.0
164,235,2.0
164,236,2.0
164,237,1.0
164,238,1.0
164,239,2.0
164,240,1.0
164,241,2.0
164,242,2.0
164,243,3.0
164,244,2.0
164,245,2.0
164,246,2.0
164,247,2.0
164,248,4.0
164,249,1.0
164,250,1.0
164,251,2.0
164,252,2.0
164,253,1.0
164,254,1.0
164,255,1.0
164,256,1.0
164,257,2.0
164,258,3.0
164,259,3.0
164,260,2.0
164,261,2.0
164,262,1.0
164,263,3.0
164,264,1.0
164,265,1.0
164,266,3.0
164,267,2.0
164,268,3.0
164,269,1.0
164,270,1.0
164,271,3.0
164,272,2.0
164,273,3.0
164,274,1.0
164,275,2.0
164,276,2.0
164,277,2.0
164,278,3.0
164,279,1.0
164,280,1.0
164,281,1.0
164,282,2.0
164,283,0.0
164,284,2.0
164,285,1.0
164,286,3.0
164,287,3.0
164,288,2.0
164,289,2.0
164,290,2.0
164,291,1.0
164,292,2.0
164,293,3.0
164,294,1.0
164,295,2.0
164,296,1.0
164,297,2.0
164,298,2.0
164,299,2.0
164,300,1.0
164,301,2.0
164,302,2.0
164,303,2.0
164,304,1.0
164,305,1.0
164,306,1.0
164,307,2.0
164,308,2.0
164,309,3.0
164,310,2.0
164,311,1.0
164,312,3.0
164,313,2.0
164,314,2.0
164,315,1.0
164,316,1.0
164,317,2.0
164,318,2.0
164,319,1.0
164,320,2.0
164,321,2.0
164,322,3.0
164,323,3.0
164,324,2.0
164,325,1.0
164,326,2.0
164,327,3.0
164,328,2.0
164,329,3.0
164,330,2.0
164,331,0.0
164,332,2.0
164,333,1.0
164,334,0.0
164,335,1.0
164,336,2.0
164,337,2.0
164,338,1.0
164,339,3.0
164,340,1.0
164,341,1.0
164,342,2.0
164,343,2.0
164,344,2.0
164,345,1.0
164,346,1.0
164,347,2.0
164,348,1.0
164,349,3.0
164,350,2.0
164,351,2.0
164,352,2.0
164,353,3.0
164,354,2.0
164,355,4.0
164,356,3.0
164,357,2.0
164,358,2.0
164,359,1.0
164,360,3.0
164,361,2.0
164,362,2.0
164,363,3.0
164,364,0.0
164,365,3.0
164,366,2.0
164,367,2.0
164,368,1.0
164,369,1.0
164,370,2.0
164,371,2.0
164,372,2.0
164,373,1.0
164,374,2.0
164,375,3.0
164,376,1.0
164,377,2.0
165,166,1.0
165,167,1.0
165,168,0.0
165,169,0.0
165,170,1.0
165,171,1.0
165,172,1.0
165,173,1.0
165,174,3.0
165,175,1.0
165,176,2.0
165,177,1.0
165,178,1.0
165,179,0.0
165,180,1.0
165,181,1.0
165,182,1.0
165,183,0.0
165,184,0.0
165,185,3.0
165,186,0.0
165,187,0.0
165,188,0.0
165,189,2.0
165,190,1.0
165,191,1.0
165,192,1.0
165,193,1.0
165,194,1.0
165,195,2.0
165,196,1.0
165,197,1.0
165,198,1.0
165,199,3.0
165,200,3.0
165,201,3.0
165,202,0.0
165,203,1.0
165,204,2.0
165,205,2.0
165,206,2.0
165,207,0.0
165,208,1.0
165,209,0.0
165,210,1.0
165,211,1.0
165,212,1.0
165,213,1.0
165,214,1.0
165,215,0.0
165,216,1.0
165,217,0.0
165,218,2.0
165,219,1.0
165,220,1.0
165,221,0.0
165,222,1.0
165,223,1.0
165,224,0.0
165,225,0.0
165,226,3.0
165,227,0.0
165,228,1.0
165,229,1.0
165,230,0.0
165,231,0.0
165,232,1.0
165,233,1.0
165,234,1.0
165,235,0.0
165,236,0.0
165,237,1.0
165,238,1.0
165,239,0.0
165,240,1.0
165,241,1.0
165,242,1.0
165,243,1.0
165,244,0.0
165,245,0.0
165,246,0.0
165,247,0.0
165,248,0.0
165,249,1.0
165,250,0.0
165,251,1.0
165,252,2.0
165,253,1.0
165,254,2.0
165,255,2.0
165,256,1.0
165,257,0.0
165,258,1.0
165,259,1.0
165,260,1.0
165,261,0.0
165,262,2.0
165,263,1.0
165,264,1.0
165,265,2.0
165,266,1.0
165,267,0.0
165,268,1.0
165,269,1.0
165,270,1.0
165,271,1.0
165,272,0.0
165,273,0.0
165,274,1.0
165,275,0.0
165,276,0.0
165,277,0.0
165,278,1.0
165,279,1.0
165,280,1.0
165,281,2.0
165,282,1.0
165,283,4.0
165,284,0.0
165,285,1.0
165,286,1.0
165,287,1.0
165,288,1.0
165,289,0.0
165,290,1.0
165,291,1.0
165,292,1.0
165,293,1.0
165,294,1.0
165,295,1.0
165,296,0.0
165,297,0.0
165,298,0.0
165,299,0.0
165,300,1.0
165,301,0.0
165,302,0.0
165,303,1.0
165,304,1.0
165,305,2.0
165,306,0.0
165,307,0.0
165,308,1.0
165,309,1.0
165,310,0.0
165,311,1.0
165,312,1.0
165,313,0.0
165,314,0.0
165,315,1.0
165,316,1.0
165,317,2.0
165,318,0.0
165,319,1.0
165,320,0.0
165,321,0.0
165,322,1.0
165,323,1.0
165,324,0.0
165,325,3.0
165,326,0.0
165,327,1.0
165,328,0.0
165,329,1.0
165,330,1.0
165,331,3.0
165,332,0.0
165,333,1.0
165,334,3.0
165,335,3.0
165,336,1.0
165,337,0.0
165,338,0.0
165,339,1.0
165,340,1.0
165,341,2.0
165,342,1.0
165,343,0.0
165,344,0.0
165,345,1.0
165,346,1.0
165,347,0.0
165,348,0.0
165,349,1.0
165,350,1.0
165,351,0.0
165,352,0.0
165,353,0.0
165,354,0.0
165,355,0.0
165,356,1.0
165,357,1.0
165,358,0.0
165,359,1.0
165,360,1.0
165,361,0.0
165,362,1.0
165,363,2.0
165,364,5.0
165,365,1.0
165,366,0.0
165,367,0.0
165,368,2.0
165,369,2.0
165,370,0.0
165,371,1.0
165,372,1.0
165,373,1.0
165,374,0.0
165,375,1.0
165,376,2.0
165,377,1.0
166,167,2.0
166,168,3.0
166,169,3.0
166,170,2.0
166,171,2.0
166,172,2.0
166,173,2.0
166,174,1.0
166,175,1.0
166,176,1.0
166,177,3.0
166,178,3.0
166,179,3.0
166,180,3.0
166,181,3.0
166,182,1.0
166,183,4.0
166,184,4.0
166,185,1.0
166,186,2.0
166,187,2.0
166,188,1.0
166,189,1.0
166,190,1.0
166,191,1.0
166,192,1.0
166,193,1.0
166,194,2.0
166,195,2.0
166,196,1.0
166,197,1.0
166,198,1.0
166,199,0.0
166,200,0.0
166,201,0.0
166,202,2.0
166,203,2.0
166,204,2.0
166,205,2.0
166,206,2.0
166,207,3.0
166,208,2.0
166,209,3.0
166,210,1.0
166,211,2.0
166,212,3.0
166,213,3.0
166,214,3.0
166,215,2.0
166,216,1.0
166,217,3.0
166,218,1.0
166,219,5.0
166,220,3.0
166,221,1.0
166,222,1.0
166,223,2.0
166,224,3.0
166,225,3.0
166,226,1.0
166,227,3.0
166,228,3.0
166,229,3.0
166,230,4.0
166,231,3.0
166,232,2.0
166,233,3.0
166,234,1.0
166,235,2.0
166,236,2.0
166,237,2.0
166,238,1.0
166,239,3.0
166,240,2.0
166,241,3.0
166,242,2.0
166,243,3.0
166,244,3.0
166,245,2.0
166,246,4.0
166,247,3.0
166,248,1.0
166,249,2.0
166,250,2.0
166,251,3.0
166,252,1.0
166,253,3.0
166,254,2.0
166,255,1.0
166,256,2.0
166,257,2.0
166,258,3.0
166,259,3.0
166,260,2.0
166,261,3.0
166,262,2.0
166,263,3.0
166,264,2.0
166,265,1.0
166,266,0.0
166,267,3.0
166,268,3.0
166,269,2.0
166,270,2.0
166,271,3.0
166,272,3.0
166,273,3.0
166,274,2.0
166,275,3.0
166,276,3.0
166,277,3.0
166,278,3.0
166,279,1.0
166,280,1.0
166,281,1.0
166,282,3.0
166,283,1.0
166,284,3.0
166,285,1.0
166,286,3.0
166,287,1.0
166,288,1.0
166,289,3.0
166,290,1.0
166,291,1.0
166,292,2.0
166,293,3.0
166,294,2.0
166,295,3.0
166,296,2.0
166,297,3.0
166,298,4.0
166,299,4.0
166,300,1.0
166,301,2.0
166,302,3.0
166,303,2.0
166,304,2.0
166,305,1.0
166,306,1.0
166,307,3.0
166,308,2.0
166,309,3.0
166,310,3.0
166,311,2.0
166,312,3.0
166,313,3.0
166,314,3.0
166,315,2.0
166,316,2.0
166,317,0.0
166,318,3.0
166,319,1.0
166,320,3.0
166,321,3.0
166,322,3.0
166,323,3.0
166,324,3.0
166,325,2.0
166,326,3.0
166,327,3.0
166,328,3.0
166,329,3.0
166,330,3.0
166,331,1.0
166,332,2.0
166,333,2.0
166,334,1.0
166,335,0.0
166,336,1.0
166,337,3.0
166,338,2.0
166,339,3.0
166,340,1.0
166,341,1.0
166,342,2.0
166,343,3.0
166,344,3.0
166,345,2.0
166,346,2.0
166,347,3.0
166,348,2.0
166,349,3.0
166,350,2.0
166,351,3.0
166,352,3.0
166,353,3.0
166,354,3.0
166,355,1.0
166,356,3.0
166,357,2.0
166,358,3.0
166,359,2.0
166,360,3.0
166,361,3.0
166,362,3.0
166,363,1.0
166,364,1.0
166,365,1.0
166,366,3.0
166,367,3.0
166,368,2.0
166,369,1.0
166,370,4.0
166,371,3.0
166,372,2.0
166,373,2.0
166,374,3.0
166,375,3.0
166,376,2.0
166,377,3.0
167,168,2.0
167,169,2.0
167,170,6.0
167,171,2.0
167,172,6.0
167,173,3.0
167,174,1.0
167,175,1.0
167,176,2.0
167,177,2.0
167,178,2.0
167,179,3.0
167,180,2.0
167,181,2.0
167,182,3.0
167,183,2.0
167,184,2.0
167,185,1.0
167,186,2.0
167,187,2.0
167,188,1.0
167,189,2.0
167,190,3.0
167,191,3.0
167,192,3.0
167,193,2.0
167,194,6.0
167,195,3.0
167,196,2.0
167,197,2.0
167,198,2.0
167,199,0.0
167,200,0.0
167,201,0.0
167,202,2.0
167,203,2.0
167,204,3.0
167,205,3.0
167,206,2.0
167,207,2.0
167,208,6.0
167,209,2.0
167,210,3.0
167,211,2.0
167,212,4.0
167,213,2.0
167,214,4.0
167,215,1.0
167,216,2.0
167,217,3.0
167,218,2.0
167,219,2.0
167,220,4.0
167,221,1.0
167,222,2.0
167,223,4.0
167,224,2.0
167,225,2.0
167,226,1.0
167,227,2.0
167,228,2.0
167,229,2.0
167,230,2.0
167,231,2.0
167,232,2.0
167,233,2.0
167,234,2.0
167,235,2.0
167,236,2.0
167,237,3.0
167,238,2.0
167,239,2.0
167,240,2.0
167,241,2.0
167,242,2.0
167,243,4.0
167,244,2.0
167,245,2.0
167,246,2.0
167,247,2.0
167,248,1.0
167,249,3.0
167,250,2.0
167,251,2.0
167,252,3.0
167,253,2.0
167,254,2.0
167,255,2.0
167,256,2.0
167,257,1.0
167,258,3.0
167,259,2.0
167,260,2.0
167,261,2.0
167,262,3.0
167,263,3.0
167,264,2.0
167,265,2.0
167,266,1.0
167,267,2.0
167,268,4.0
167,269,2.0
167,270,6.0
167,271,2.0
167,272,2.0
167,273,2.0
167,274,2.0
167,275,2.0
167,276,2.0
167,277,2.0
167,278,3.0
167,279,2.0
167,280,3.0
167,281,2.0
167,282,3.0
167,283,1.0
167,284,2.0
167,285,1.0
167,286,4.0
167,287,1.0
167,288,2.0
167,289,2.0
167,290,2.0
167,291,3.0
167,292,2.0
167,293,2.0
167,294,6.0
167,295,2.0
167,296,2.0
167,297,2.0
167,298,2.0
167,299,2.0
167,300,3.0
167,301,2.0
167,302,2.0
167,303,2.0
167,304,2.0
167,305,2.0
167,306,2.0
167,307,2.0
167,308,3.0
167,309,3.0
167,310,2.0
167,311,2.0
167,312,2.0
167,313,2.0
167,314,2.0
167,315,2.0
167,316,3.0
167,317,1.0
167,318,2.0
167,319,3.0
167,320,2.0
167,321,2.0
167,322,4.0
167,323,4.0
167,324,2.0
167,325,1.0
167,326,2.0
167,327,2.0
167,328,2.0
167,329,4.0
167,330,2.0
167,331,1.0
167,332,2.0
167,333,2.0
167,334,1.0
167,335,0.0
167,336,1.0
167,337,2.0
167,338,2.0
167,339,2.0
167,340,2.0
167,341,2.0
167,342,2.0
167,343,2.0
167,344,2.0
167,345,2.0
167,346,3.0
167,347,2.0
167,348,2.0
167,349,3.0
167,350,3.0
167,351,2.0
167,352,2.0
167,353,3.0
167,354,2.0
167,355,1.0
167,356,4.0
167,357,3.0
167,358,2.0
167,359,2.0
167,360,4.0
167,361,2.0
167,362,2.0
167,363,2.0
167,364,1.0
167,365,1.0
167,366,2.0
167,367,2.0
167,368,2.0
167,369,2.0
167,370,2.0
167,371,2.0
167,372,2.0
167,373,6.0
167,374,2.0
167,375,2.0
167,376,3.0
167,377,3.0
168,169,2.0
168,170,2.0
168,171,0.0
168,172,2.0
168,173,1.0
168,174,0.0
168,175,0.0
168,176,1.0
168,177,2.0
168,178,2.0
168,179,3.0
168,180,2.0
168,181,2.0
168,182,0.0
168,183,3.0
168,184,3.0
168,185,0.0
168,186,1.0
168,187,1.0
168,188,2.0
168,189,1.0
168,190,2.0
168,191,2.0
168,192,2.0
168,193,0.0
168,194,2.0
168,195,1.0
168,196,0.0
168,197,0.0
168,198,0.0
168,199,0.0
168,200,0.0
168,201,0.0
168,202,1.0
168,203,1.0
168,204,1.0
168,205,1.0
168,206,0.0
168,207,2.0
168,208,2.0
168,209,2.0
168,210,1.0
168,211,0.0
168,212,2.0
168,213,2.0
168,214,2.0
168,215,1.0
168,216,1.0
168,217,2.0
168,218,1.0
168,219,3.0
168,220,2.0
168,221,1.0
168,222,2.0
168,223,2.0
168,224,2.0
168,225,2.0
168,226,0.0
168,227,2.0
168,228,3.0
168,229,2.0
168,230,3.0
168,231,2.0
168,232,1.0
168,233,2.0
168,234,2.0
168,235,2.0
168,236,1.0
168,237,1.0
168,238,2.0
168,239,2.0
168,240,0.0
168,241,2.0
168,242,2.0
168,243,2.0
168,244,2.0
168,245,1.0
168,246,3.0
168,247,2.0
168,248,2.0
168,249,1.0
168,250,1.0
168,251,3.0
168,252,2.0
168,253,1.0
168,254,2.0
168,255,1.0
168,256,1.0
168,257,1.0
168,258,2.0
168,259,2.0
168,260,2.0
168,261,2.0
168,262,1.0
168,263,2.0
168,264,0.0
168,265,1.0
168,266,1.0
168,267,2.0
168,268,2.0
168,269,1.0
168,270,2.0
168,271,2.0
168,272,2.0
168,273,2.0
168,274,1.0
168,275,2.0
168,276,2.0
168,277,2.0
168,278,2.0
168,279,2.0
168,280,1.0
168,281,1.0
168,282,3.0
168,283,0.0
168,284,2.0
168,285,0.0
168,286,2.0
168,287,1.0
168,288,1.0
168,289,2.0
168,290,1.0
168,291,2.0
168,292,2.0
168,293,2.0
168,294,2.0
168,295,2.0
168,296,1.0
168,297,2.0
168,298,3.0
168,299,3.0
168,300,2.0
168,301,2.0
168,302,2.0
168,303,2.0
168,304,1.0
168,305,1.0
168,306,1.0
168,307,2.0
168,308,2.0
168,309,2.0
168,310,2.0
168,311,0.0
168,312,2.0
168,313,2.0
168,314,2.0
168,315,1.0
168,316,1.0
168,317,0.0
168,318,2.0
168,319,1.0
168,320,2.0
168,321,2.0
168,322,2.0
168,323,2.0
168,324,2.0
168,325,1.0
168,326,2.0
168,327,2.0
168,328,2.0
168,329,2.0
168,330,2.0
168,331,0.0
168,332,2.0
168,333,1.0
168,334,0.0
168,335,1.0
168,336,0.0
168,337,2.0
168,338,1.0
168,339,2.0
168,340,1.0
168,341,1.0
168,342,2.0
168,343,2.0
168,344,2.0
168,345,1.0
168,346,1.0
168,347,2.0
168,348,1.0
168,349,2.0
168,350,2.0
168,351,2.0
168,352,2.0
168,353,2.0
168,354,2.0
168,355,2.0
168,356,2.0
168,357,1.0
168,358,2.0
168,359,1.0
168,360,2.0
168,361,2.0
168,362,2.0
168,363,1.0
168,364,0.0
168,365,1.0
168,366,2.0
168,367,2.0
168,368,3.0
168,369,1.0
168,370,3.0
168,371,2.0
168,372,2.0
168,373,2.0
168,374,2.0
168,375,2.0
168,376,1.0
168,377,3.0
169,170,2.0
169,171,2.0
169,172,2.0
169,173,2.0
169,174,1.0
169,175,1.0
169,176,2.0
169,177,3.0
169,178,3.0
169,179,3.0
169,180,3.0
169,181,3.0
169,182,2.0
169,183,4.0
169,184,4.0
169,185,1.0
169,186,3.0
169,187,3.0
169,188,1.0
169,189,3.0
169,190,2.0
169,191,2.0
169,192,2.0
169,193,2.0
169,194,2.0
169,195,2.0
169,196,2.0
169,197,2.0
169,198,2.0
169,199,0.0
169,200,0.0
169,201,0.0
169,202,4.0
169,203,3.0
169,204,2.0
169,205,2.0
169,206,1.0
169,207,4.0
169,208,2.0
169,209,5.0
169,210,3.0
169,211,2.0
169,212,3.0
169,213,4.0
169,214,3.0
169,215,2.0
169,216,3.0
169,217,4.0
169,218,2.0
169,219,3.0
169,220,3.0
169,221,1.0
169,222,2.0
169,223,3.0
169,224,5.0
169,225,5.0
169,226,1.0
169,227,5.0
169,228,3.0
169,229,3.0
169,230,4.0
169,231,5.0
169,232,3.0
169,233,3.0
169,234,2.0
169,235,4.0
169,236,4.0
169,237,3.0
169,238,2.0
169,239,5.0
169,240,2.0
169,241,4.0
169,242,4.0
169,243,3.0
169,244,5.0
169,245,4.0
169,246,4.0
169,247,4.0
169,248,1.0
169,249,2.0
169,250,4.0
169,251,3.0
169,252,2.0
169,253,3.0
169,254,2.0
169,255,3.0
169,256,3.0
169,257,2.0
169,258,3.0
169,259,3.0
169,260,4.0
169,261,5.0
169,262,2.0
169,263,3.0
169,264,2.0
169,265,2.0
169,266,0.0
169,267,5.0
169,268,3.0
169,269,2.0
169,270,2.0
169,271,3.0
169,272,4.0
169,273,4.0
169,274,3.0
169,275,5.0
169,276,5.0
169,277,5.0
169,278,3.0
169,279,2.0
169,280,3.0
169,281,2.0
169,282,3.0
169,283,1.0
169,284,5.0
169,285,1.0
169,286,3.0
169,287,2.0
169,288,2.0
169,289,5.0
169,290,3.0
169,291,2.0
169,292,4.0
169,293,3.0
169,294,2.0
169,295,4.0
169,296,4.0
169,297,5.0
169,298,4.0
169,299,4.0
169,300,2.0
169,301,3.0
169,302,5.0
169,303,4.0
169,304,4.0
169,305,2.0
169,306,3.0
169,307,5.0
169,308,3.0
169,309,3.0
169,310,5.0
169,311,2.0
169,312,3.0
169,313,5.0
169,314,5.0
169,315,3.0
169,316,2.0
169,317,0.0
169,318,4.0
169,319,2.0
169,320,5.0
169,321,5.0
169,322,3.0
169,323,3.0
169,324,4.0
169,325,2.0
169,326,5.0
169,327,3.0
169,328,5.0
169,329,3.0
169,330,4.0
169,331,1.0
169,332,4.0
169,333,4.0
169,334,1.0
169,335,0.0
169,336,1.0
169,337,5.0
169,338,4.0
169,339,3.0
169,340,2.0
169,341,2.0
169,342,4.0
169,343,5.0
169,344,5.0
169,345,4.0
169,346,2.0
169,347,5.0
169,348,4.0
169,349,3.0
169,350,3.0
169,351,5.0
169,352,5.0
169,353,3.0
169,354,5.0
169,355,1.0
169,356,3.0
169,357,3.0
169,358,5.0
169,359,3.0
169,360,3.0
169,361,5.0
169,362,4.0
169,363,2.0
169,364,1.0
169,365,2.0
169,366,4.0
169,367,5.0
169,368,1.0
169,369,3.0
169,370,4.0
169,371,4.0
169,372,4.0
169,373,2.0
169,374,5.0
169,375,3.0
169,376,2.0
169,377,3.0
170,171,2.0
170,172,6.0
170,173,3.0
170,174,1.0
170,175,1.0
170,176,2.0
170,177,2.0
170,178,2.0
170,179,3.0
170,180,2.0
170,181,2.0
170,182,3.0
170,183,2.0
170,184,2.0
170,185,1.0
170,186,2.0
170,187,2.0
170,188,1.0
170,189,2.0
170,190,3.0
170,191,3.0
170,192,3.0
170,193,2.0
170,194,6.0
170,195,3.0
170,196,2.0
170,197,2.0
170,198,2.0
170,199,0.0
170,200,0.0
170,201,0.0
170,202,2.0
170,203,2.0
170,204,3.0
170,205,3.0
170,206,2.0
170,207,2.0
170,208,6.0
170,209,2.0
170,210,3.0
170,211,2.0
170,212,4.0
170,213,2.0
170,214,4.0
170,215,1.0
170,216,2.0
170,217,3.0
170,218,2.0
170,219,2.0
170,220,4.0
170,221,1.0
170,222,2.0
170,223,4.0
170,224,2.0
170,225,2.0
170,226,1.0
170,227,2.0
170,228,2.0
170,229,2.0
170,230,2.0
170,231,2.0
170,232,2.0
170,233,2.0
170,234,2.0
170,235,2.0
170,236,2.0
170,237,3.0
170,238,2.0
170,239,2.0
170,240,2.0
170,241,2.0
170,242,2.0
170,243,4.0
170,244,2.0
170,245,2.0
170,246,2.0
170,247,2.0
170,248,1.0
170,249,3.0
170,250,2.0
170,251,2.0
170,252,3.0
170,253,2.0
170,254,2.0
170,255,2.0
170,256,2.0
170,257,1.0
170,258,3.0
170,259,2.0
170,260,2.0
170,261,2.0
170,262,3.0
170,263,3.0
170,264,2.0
170,265,2.0
170,266,1.0
170,267,2.0
170,268,4.0
170,269,2.0
170,270,6.0
170,271,2.0
170,272,2.0
170,273,2.0
170,274,2.0
170,275,2.0
170,276,2.0
170,277,2.0
170,278,3.0
170,279,2.0
170,280,3.0
170,281,2.0
170,282,3.0
170,283,1.0
170,284,2.0
170,285,1.0
170,286,4.0
170,287,1.0
170,288,2.0
170,289,2.0
170,290,2.0
170,291,3.0
170,292,2.0
170,293,2.0
170,294,6.0
170,295,2.0
170,296,2.0
170,297,2.0
170,298,2.0
170,299,2.0
170,300,3.0
170,301,2.0
170,302,2.0
170,303,2.0
170,304,2.0
170,305,2.0
170,306,2.0
170,307,2.0
170,308,3.0
170,309,3.0
170,310,2.0
170,311,2.0
170,312,2.0
170,313,2.0
170,314,2.0
170,315,2.0
170,316,3.0
170,317,1.0
170,318,2.0
170,319,3.0
170,320,2.0
170,321,2.0
170,322,4.0
170,323,4.0
170,324,2.0
170,325,1.0
170,326,2.0
170,327,2.0
170,328,2.0
170,329,4.0
170,330,2.0
170,331,1.0
170,332,2.0
170,333,2.0
170,334,1.0
170,335,0.0
170,336,1.0
170,337,2.0
170,338,2.0
170,339,2.0
170,340,2.0
170,341,2.0
170,342,2.0
170,343,2.0
170,344,2.0
170,345,2.0
170,346,3.0
170,347,2.0
170,348,2.0
170,349,3.0
170,350,3.0
170,351,2.0
170,352,2.0
170,353,3.0
170,354,2.0
170,355,1.0
170,356,4.0
170,357,3.0
170,358,2.0
170,359,2.0
170,360,4.0
170,361,2.0
170,362,2.0
170,363,2.0
170,364,1.0
170,365,1.0
170,366,2.0
170,367,2.0
170,368,2.0
170,369,2.0
170,370,2.0
170,371,2.0
170,372,2.0
170,373,6.0
170,374,2.0
170,375,2.0
170,376,3.0
170,377,3.0
171,172,2.0
171,173,2.0
171,174,1.0
171,175,1.0
171,176,1.0
171,177,2.0
171,178,2.0
171,179,1.0
171,180,2.0
171,181,2.0
171,182,2.0
171,183,1.0
171,184,1.0
171,185,1.0
171,186,1.0
171,187,1.0
171,188,1.0
171,189,2.0
171,190,0.0
171,191,0.0
171,192,0.0
171,193,3.0
171,194,2.0
171,195,2.0
171,196,2.0
171,197,2.0
171,198,2.0
171,199,1.0
171,200,1.0
171,201,1.0
171,202,2.0
171,203,1.0
171,204,2.0
171,205,2.0
171,206,2.0
171,207,1.0
171,208,2.0
171,209,2.0
171,210,2.0
171,211,5.0
171,212,1.0
171,213,2.0
171,214,1.0
171,215,1.0
171,216,2.0
171,217,1.0
171,218,1.0
171,219,2.0
171,220,1.0
171,221,1.0
171,222,1.0
171,223,3.0
171,224,2.0
171,225,2.0
171,226,1.0
171,227,2.0
171,228,1.0
171,229,2.0
171,230,1.0
171,231,2.0
171,232,1.0
171,233,2.0
171,234,0.0
171,235,2.0
171,236,2.0
171,237,2.0
171,238,0.0
171,239,2.0
171,240,5.0
171,241,2.0
171,242,2.0
171,243,1.0
171,244,2.0
171,245,2.0
171,246,1.0
171,247,2.0
171,248,1.0
171,249,2.0
171,250,2.0
171,251,1.0
171,252,2.0
171,253,2.0
171,254,2.0
171,255,2.0
171,256,2.0
171,257,1.0
171,258,1.0
171,259,2.0
171,260,2.0
171,261,2.0
171,262,2.0
171,263,1.0
171,264,5.0
171,265,1.0
171,266,1.0
171,267,2.0
171,268,1.0
171,269,2.0
171,270,2.0
171,271,2.0
171,272,2.0
171,273,2.0
171,274,1.0
171,275,2.0
171,276,2.0
171,277,2.0
171,278,1.0
171,279,2.0
171,280,2.0
171,281,1.0
171,282,1.0
171,283,2.0
171,284,2.0
171,285,2.0
171,286,1.0
171,287,1.0
171,288,1.0
171,289,2.0
171,290,2.0
171,291,2.0
171,292,2.0
171,293,2.0
171,294,2.0
171,295,2.0
171,296,2.0
171,297,2.0
171,298,1.0
171,299,1.0
171,300,1.0
171,301,1.0
171,302,2.0
171,303,2.0
171,304,2.0
171,305,1.0
171,306,2.0
171,307,2.0
171,308,2.0
171,309,1.0
171,310,2.0
171,311,5.0
171,312,2.0
171,313,2.0
171,314,2.0
171,315,1.0
171,316,2.0
171,317,1.0
171,318,1.0
171,319,2.0
171,320,2.0
171,321,2.0
171,322,1.0
171,323,1.0
171,324,2.0
171,325,1.0
171,326,2.0
171,327,2.0
171,328,2.0
171,329,1.0
171,330,2.0
171,331,1.0
171,332,2.0
171,333,2.0
171,334,1.0
171,335,1.0
171,336,1.0
171,337,2.0
171,338,2.0
171,339,2.0
171,340,1.0
171,341,1.0
171,342,2.0
171,343,2.0
171,344,2.0
171,345,2.0
171,346,2.0
171,347,2.0
171,348,2.0
171,349,1.0
171,350,2.0
171,351,2.0
171,352,2.0
171,353,1.0
171,354,2.0
171,355,1.0
171,356,1.0
171,357,2.0
171,358,2.0
171,359,1.0
171,360,1.0
171,361,2.0
171,362,2.0
171,363,1.0
171,364,2.0
171,365,1.0
171,366,2.0
171,367,2.0
171,368,0.0
171,369,2.0
171,370,1.0
171,371,2.0
171,372,2.0
171,373,2.0
171,374,2.0
171,375,2.0
171,376,2.0
171,377,1.0
172,173,3.0
172,174,1.0
172,175,1.0
172,176,2.0
172,177,2.0
172,178,2.0
172,179,3.0
172,180,2.0
172,181,2.0
172,182,3.0
172,183,2.0
172,184,2.0
172,185,1.0
172,186,2.0
172,187,2.0
172,188,1.0
172,189,2.0
172,190,3.0
172,191,3.0
172,192,3.0
172,193,2.0
172,194,6.0
172,195,3.0
172,196,2.0
172,197,2.0
172,198,2.0
172,199,0.0
172,200,0.0
172,201,0.0
172,202,2.0
172,203,2.0
172,204,3.0
172,205,3.0
172,206,2.0
172,207,2.0
172,208,6.0
172,209,2.0
172,210,3.0
172,211,2.0
172,212,4.0
172,213,2.0
172,214,4.0
172,215,1.0
172,216,2.0
172,217,3.0
172,218,2.0
172,219,2.0
172,220,4.0
172,221,1.0
172,222,2.0
172,223,4.0
172,224,2.0
172,225,2.0
172,226,1.0
172,227,2.0
172,228,2.0
172,229,2.0
172,230,2.0
172,231,2.0
172,232,2.0
172,233,2.0
172,234,2.0
172,235,2.0
172,236,2.0
172,237,3.0
172,238,2.0
172,239,2.0
172,240,2.0
172,241,2.0
172,242,2.0
172,243,4.0
172,244,2.0
172,245,2.0
172,246,2.0
172,247,2.0
172,248,1.0
172,249,3.0
172,250,2.0
172,251,2.0
172,252,3.0
172,253,2.0
172,254,2.0
172,255,2.0
172,256,2.0
172,257,1.0
172,258,3.0
172,259,2.0
172,260,2.0
172,261,2.0
172,262,3.0
172,263,3.0
172,264,2.0
172,265,2.0
172,266,1.0
172,267,2.0
172,268,4.0
172,269,2.0
172,270,6.0
172,271,2.0
172,272,2.0
172,273,2.0
172,274,2.0
172,275,2.0
172,276,2.0
172,277,2.0
172,278,3.0
172,279,2.0
172,280,3.0
172,281,2.0
172,282,3.0
172,283,1.0
172,284,2.0
172,285,1.0
172,286,4.0
172,287,1.0
172,288,2.0
172,289,2.0
172,290,2.0
172,291,3.0
172,292,2.0
172,293,2.0
172,294,6.0
172,295,2.0
172,296,2.0
172,297,2.0
172,298,2.0
172,299,2.0
172,300,3.0
172,301,2.0
172,302,2.0
172,303,2.0
172,304,2.0
172,305,2.0
172,306,2.0
172,307,2.0
172,308,3.0
172,309,3.0
172,310,2.0
172,311,2.0
172,312,2.0
172,313,2.0
172,314,2.0
172,315,2.0
172,316,3.0
172,317,1.0
172,318,2.0
172,319,3.0
172,320,2.0
172,321,2.0
172,322,4.0
172,323,4.0
172,324,2.0
172,325,1.0
172,326,2.0
172,327,2.0
172,328,2.0
172,329,4.0
172,330,2.0
172,331,1.0
172,332,2.0
172,333,2.0
172,334,1.0
172,335,0.0
172,336,1.0
172,337,2.0
172,338,2.0
172,339,2.0
172,340,2.0
172,341,2.0
172,342,2.0
172,343,2.0
172,344,2.0
172,345,2.0
172,346,3.0
172,347,2.0
172,348,2.0
172,349,3.0
172,350,3.0
172,351,2.0
172,352,2.0
172,353,3.0
172,354,2.0
172,355,1.0
172,356,4.0
172,357,3.0
172,358,2.0
172,359,2.0
172,360,4.0
172,361,2.0
172,362,2.0
172,363,2.0
172,364,1.0
172,365,1.0
172,366,2.0
172,367,2.0
172,368,2.0
172,369,2.0
172,370,2.0
172,371,2.0
172,372,2.0
172,373,6.0
172,374,2.0
172,375,2.0
172,376,3.0
172,377,3.0
173,174,1.0
173,175,1.0
173,176,2.0
173,177,2.0
173,178,2.0
173,179,2.0
173,180,2.0
173,181,2.0
173,182,3.0
173,183,2.0
173,184,2.0
173,185,1.0
173,186,2.0
173,187,2.0
173,188,0.0
173,189,2.0
173,190,2.0
173,191,2.0
173,192,2.0
173,193,2.0
173,194,3.0
173,195,2.0
173,196,2.0
173,197,2.0
173,198,2.0
173,199,0.0
173,200,0.0
173,201,0.0
173,202,3.0
173,203,2.0
173,204,2.0
173,205,2.0
173,206,1.0
173,207,2.0
173,208,3.0
173,209,2.0
173,210,3.0
173,211,2.0
173,212,3.0
173,213,2.0
173,214,3.0
173,215,2.0
173,216,2.0
173,217,2.0
173,218,2.0
173,219,2.0
173,220,3.0
173,221,1.0
173,222,1.0
173,223,3.0
173,224,2.0
173,225,2.0
173,226,1.0
173,227,2.0
173,228,2.0
173,229,2.0
173,230,2.0
173,231,2.0
173,232,2.0
173,233,2.0
173,234,2.0
173,235,2.0
173,236,2.0
173,237,4.0
173,238,2.0
173,239,2.0
173,240,2.0
173,241,2.0
173,242,2.0
173,243,3.0
173,244,2.0
173,245,2.0
173,246,2.0
173,247,2.0
173,248,0.0
173,249,6.0
173,250,3.0
173,251,2.0
173,252,2.0
173,253,2.0
173,254,2.0
173,255,2.0
173,256,2.0
173,257,2.0
173,258,3.0
173,259,2.0
173,260,2.0
173,261,2.0
173,262,5.0
173,263,3.0
173,264,2.0
173,265,2.0
173,266,1.0
173,267,2.0
173,268,3.0
173,269,2.0
173,270,3.0
173,271,2.0
173,272,2.0
173,273,2.0
173,274,2.0
173,275,2.0
173,276,2.0
173,277,2.0
173,278,3.0
173,279,2.0
173,280,3.0
173,281,2.0
173,282,3.0
173,283,1.0
173,284,2.0
173,285,1.0
173,286,3.0
173,287,1.0
173,288,2.0
173,289,2.0
173,290,2.0
173,291,2.0
173,292,2.0
173,293,2.0
173,294,3.0
173,295,2.0
173,296,4.0
173,297,2.0
173,298,2.0
173,299,2.0
173,300,3.0
173,301,2.0
173,302,2.0
173,303,2.0
173,304,2.0
173,305,2.0
173,306,2.0
173,307,2.0
173,308,3.0
173,309,3.0
173,310,2.0
173,311,2.0
173,312,2.0
173,313,2.0
173,314,2.0
173,315,2.0
173,316,6.0
173,317,1.0
173,318,2.0
173,319,4.0
173,320,2.0
173,321,2.0
173,322,3.0
173,323,3.0
173,324,2.0
173,325,2.0
173,326,2.0
173,327,2.0
173,328,2.0
173,329,3.0
173,330,2.0
173,331,1.0
173,332,2.0
173,333,2.0
173,334,2.0
173,335,0.0
173,336,1.0
173,337,2.0
173,338,3.0
173,339,3.0
173,340,1.0
173,341,2.0
173,342,2.0
173,343,2.0
173,344,2.0
173,345,2.0
173,346,6.0
173,347,2.0
173,348,3.0
173,349,3.0
173,350,2.0
173,351,2.0
173,352,2.0
173,353,2.0
173,354,2.0
173,355,0.0
173,356,3.0
173,357,3.0
173,358,2.0
173,359,2.0
173,360,3.0
173,361,2.0
173,362,2.0
173,363,2.0
173,364,1.0
173,365,1.0
173,366,2.0
173,367,2.0
173,368,1.0
173,369,2.0
173,370,2.0
173,371,2.0
173,372,2.0
173,373,3.0
173,374,2.0
173,375,2.0
173,376,5.0
173,377,3.0
174,175,2.0
174,176,3.0
174,177,2.0
174,178,2.0
174,179,1.0
174,180,2.0
174,181,2.0
174,182,1.0
174,183,1.0
174,184,1.0
174,185,6.0
174,186,1.0
174,187,1.0
174,188,0.0
174,189,2.0
174,190,0.0
174,191,0.0
174,192,0.0
174,193,1.0
174,194,1.0
174,195,1.0
174,196,1.0
174,197,1.0
174,198,1.0
174,199,5.0
174,200,5.0
174,201,5.0
174,202,1.0
174,203,2.0
174,204,1.0
174,205,1.0
174,206,1.0
174,207,1.0
174,208,1.0
174,209,1.0
174,210,1.0
174,211,1.0
174,212,1.0
174,213,2.0
174,214,1.0
174,215,1.0
174,216,2.0
174,217,1.0
174,218,3.0
174,219,1.0
174,220,1.0
174,221,0.0
174,222,1.0
174,223,1.0
174,224,1.0
174,225,1.0
174,226,6.0
174,227,1.0
174,228,2.0
174,229,2.0
174,230,1.0
174,231,1.0
174,232,1.0
174,233,2.0
174,234,0.0
174,235,1.0
174,236,1.0
174,237,1.0
174,238,0.0
174,239,1.0
174,240,1.0
174,241,2.0
174,242,1.0
174,243,1.0
174,244,1.0
174,245,1.0
174,246,1.0
174,247,1.0
174,248,0.0
174,249,1.0
174,250,1.0
174,251,2.0
174,252,1.0
174,253,1.0
174,254,2.0
174,255,2.0
174,256,1.0
174,257,1.0
174,258,1.0
174,259,2.0
174,260,1.0
174,261,1.0
174,262,2.0
174,263,1.0
174,264,1.0
174,265,3.0
174,266,0.0
174,267,1.0
174,268,1.0
174,269,1.0
174,270,1.0
174,271,2.0
174,272,1.0
174,273,1.0
174,274,1.0
174,275,1.0
174,276,1.0
174,277,1.0
174,278,1.0
174,279,1.0
174,280,1.0
174,281,3.0
174,282,1.0
174,283,3.0
174,284,1.0
174,285,2.0
174,286,1.0
174,287,1.0
174,288,2.0
174,289,1.0
174,290,2.0
174,291,1.0
174,292,1.0
174,293,2.0
174,294,1.0
174,295,2.0
174,296,1.0
174,297,1.0
174,298,1.0
174,299,1.0
174,300,1.0
174,301,1.0
174,302,1.0
174,303,1.0
174,304,1.0
174,305,3.0
174,306,1.0
174,307,1.0
174,308,1.0
174,309,1.0
174,310,1.0
174,311,1.0
174,312,2.0
174,313,1.0
174,314,1.0
174,315,1.0
174,316,1.0
174,317,1.0
174,318,1.0
174,319,2.0
174,320,1.0
174,321,1.0
174,322,1.0
174,323,1.0
174,324,1.0
174,325,4.0
174,326,1.0
174,327,2.0
174,328,1.0
174,329,1.0
174,330,2.0
174,331,6.0
174,332,1.0
174,333,1.0
174,334,5.0
174,335,4.0
174,336,2.0
174,337,1.0
174,338,1.0
174,339,2.0
174,340,0.0
174,341,3.0
174,342,1.0
174,343,1.0
174,344,1.0
174,345,1.0
174,346,1.0
174,347,1.0
174,348,1.0
174,349,1.0
174,350,1.0
174,351,1.0
174,352,1.0
174,353,1.0
174,354,1.0
174,355,0.0
174,356,1.0
174,357,1.0
174,358,1.0
174,359,1.0
174,360,1.0
174,361,1.0
174,362,2.0
174,363,1.0
174,364,4.0
174,365,1.0
174,366,1.0
174,367,1.0
174,368,1.0
174,369,2.0
174,370,1.0
174,371,2.0
174,372,1.0
174,373,1.0
174,374,1.0
174,375,2.0
174,376,2.0
174,377,1.0
175,176,2.0
175,177,2.0
175,178,2.0
175,179,2.0
175,180,2.0
175,181,2.0
175,182,1.0
175,183,1.0
175,184,1.0
175,185,2.0
175,186,1.0
175,187,1.0
175,188,2.0
175,189,2.0
175,190,0.0
175,191,0.0
175,192,0.0
175,193,2.0
175,194,1.0
175,195,1.0
175,196,3.0
175,197,3.0
175,198,3.0
175,199,2.0
175,200,2.0
175,201,2.0
175,202,1.0
175,203,2.0
175,204,1.0
175,205,1.0
175,206,2.0
175,207,1.0
175,208,1.0
175,209,1.0
175,210,2.0
175,211,1.0
175,212,2.0
175,213,2.0
175,214,2.0
175,215,3.0
175,216,2.0
175,217,1.0
175,218,2.0
175,219,1.0
175,220,2.0
175,221,2.0
175,222,3.0
175,223,1.0
175,224,1.0
175,225,1.0
175,226,2.0
175,227,1.0
175,228,1.0
175,229,3.0
175,230,1.0
175,231,1.0
175,232,2.0
175,233,2.0
175,234,0.0
175,235,1.0
175,236,2.0
175,237,1.0
175,238,0.0
175,239,1.0
175,240,1.0
175,241,2.0
175,242,1.0
175,243,2.0
175,244,1.0
175,245,2.0
175,246,1.0
175,247,1.0
175,248,2.0
175,249,1.0
175,250,1.0
175,251,1.0
175,252,1.0
175,253,1.0
175,254,2.0
175,255,2.0
175,256,1.0
175,257,3.0
175,258,2.0
175,259,3.0
175,260,1.0
175,261,1.0
175,262,1.0
175,263,2.0
175,264,1.0
175,265,2.0
175,266,2.0
175,267,1.0
175,268,2.0
175,269,1.0
175,270,1.0
175,271,3.0
175,272,1.0
175,273,1.0
175,274,1.0
175,275,1.0
175,276,1.0
175,277,1.0
175,278,2.0
175,279,1.0
175,280,2.0
175,281,2.0
175,282,1.0
175,283,2.0
175,284,1.0
175,285,5.0
175,286,2.0
175,287,2.0
175,288,4.0
175,289,1.0
175,290,3.0
175,291,1.0
175,292,1.0
175,293,2.0
175,294,1.0
175,295,2.0
175,296,1.0
175,297,1.0
175,298,1.0
175,299,1.0
175,300,2.0
175,301,3.0
175,302,1.0
175,303,1.0
175,304,1.0
175,305,2.0
175,306,1.0
175,307,1.0
175,308,2.0
175,309,2.0
175,310,1.0
175,311,1.0
175,312,3.0
175,313,1.0
175,314,1.0
175,315,1.0
175,316,1.0
175,317,3.0
175,318,1.0
175,319,1.0
175,320,1.0
175,321,1.0
175,322,2.0
175,323,2.0
175,324,1.0
175,325,2.0
175,326,1.0
175,327,3.0
175,328,1.0
175,329,2.0
175,330,2.0
175,331,2.0
175,332,1.0
175,333,1.0
175,334,2.0
175,335,2.0
175,336,6.0
175,337,1.0
175,338,1.0
175,339,3.0
175,340,0.0
175,341,2.0
175,342,1.0
175,343,1.0
175,344,1.0
175,345,1.0
175,346,1.0
175,347,1.0
175,348,1.0
175,349,2.0
175,350,1.0
175,351,1.0
175,352,1.0
175,353,2.0
175,354,1.0
175,355,2.0
175,356,2.0
175,357,2.0
175,358,1.0
175,359,1.0
175,360,2.0
175,361,1.0
175,362,2.0
175,363,3.0
175,364,2.0
175,365,2.0
175,366,1.0
175,367,1.0
175,368,0.0
175,369,2.0
175,370,1.0
175,371,2.0
175,372,1.0
175,373,1.0
175,374,1.0
175,375,2.0
175,376,1.0
175,377,1.0
176,177,2.0
176,178,2.0
176,179,2.0
176,180,2.0
176,181,2.0
176,182,2.0
176,183,2.0
176,184,2.0
176,185,3.0
176,186,3.0
176,187,3.0
176,188,0.0
176,189,4.0
176,190,2.0
176,191,2.0
176,192,2.0
176,193,2.0
176,194,2.0
176,195,3.0
176,196,2.0
176,197,2.0
176,198,2.0
176,199,2.0
176,200,2.0
176,201,2.0
176,202,3.0
176,203,2.0
176,204,3.0
176,205,3.0
176,206,2.0
176,207,2.0
176,208,2.0
176,209,2.0
176,210,2.0
176,211,1.0
176,212,2.0
176,213,2.0
176,214,2.0
176,215,1.0
176,216,4.0
176,217,3.0
176,218,6.0
176,219,1.0
176,220,2.0
176,221,1.0
176,222,3.0
176,223,2.0
176,224,2.0
176,225,2.0
176,226,3.0
176,227,2.0
176,228,2.0
176,229,2.0
176,230,2.0
176,231,2.0
176,232,2.0
176,233,2.0
176,234,2.0
176,235,2.0
176,236,2.0
176,237,3.0
176,238,2.0
176,239,2.0
176,240,1.0
176,241,2.0
176,242,2.0
176,243,2.0
176,244,2.0
176,245,2.0
176,246,2.0
176,247,1.0
176,248,0.0
176,249,2.0
176,250,3.0
176,251,2.0
176,252,3.0
176,253,1.0
176,254,4.0
176,255,4.0
176,256,3.0
176,257,1.0
176,258,1.0
176,259,2.0
176,260,2.0
176,261,2.0
176,262,3.0
176,263,1.0
176,264,1.0
176,265,6.0
176,266,1.0
176,267,2.0
176,268,2.0
176,269,2.0
176,270,2.0
176,271,2.0
176,272,1.0
176,273,2.0
176,274,3.0
176,275,2.0
176,276,2.0
176,277,2.0
176,278,1.0
176,279,3.0
176,280,2.0
176,281,6.0
176,282,2.0
176,283,2.0
176,284,2.0
176,285,2.0
176,286,2.0
176,287,3.0
176,288,3.0
176,289,2.0
176,290,3.0
176,291,2.0
176,292,2.0
176,293,2.0
176,294,2.0
176,295,2.0
176,296,2.0
176,297,2.0
176,298,2.0
176,299,2.0
176,300,3.0
176,301,2.0
176,302,2.0
176,303,2.0
176,304,4.0
176,305,6.0
176,306,2.0
176,307,2.0
176,308,1.0
176,309,1.0
176,310,2.0
176,311,1.0
176,312,2.0
176,313,2.0
176,314,2.0
176,315,3.0
176,316,2.0
176,317,1.0
176,318,2.0
176,319,2.0
176,320,2.0
176,321,2.0
176,322,2.0
176,323,2.0
176,324,1.0
176,325,2.0
176,326,2.0
176,327,2.0
176,328,2.0
176,329,2.0
176,330,2.0
176,331,3.0
176,332,2.0
176,333,4.0
176,334,2.0
176,335,2.0
176,336,2.0
176,337,2.0
176,338,3.0
176,339,3.0
176,340,2.0
176,341,6.0
176,342,2.0
176,343,2.0
176,344,2.0
176,345,2.0
176,346,2.0
176,347,2.0
176,348,3.0
176,349,1.0
176,350,2.0
176,351,2.0
176,352,2.0
176,353,2.0
176,354,2.0
176,355,0.0
176,356,2.0
176,357,1.0
176,358,2.0
176,359,3.0
176,360,2.0
176,361,2.0
176,362,2.0
176,363,3.0
176,364,3.0
176,365,3.0
176,366,1.0
176,367,2.0
176,368,1.0
176,369,4.0
176,370,2.0
176,371,2.0
176,372,2.0
176,373,2.0
176,374,2.0
176,375,2.0
176,376,3.0
176,377,2.0
177,178,6.0
177,179,3.0
177,180,6.0
177,181,6.0
177,182,1.0
177,183,3.0
177,184,3.0
177,185,2.0
177,186,2.0
177,187,2.0
177,188,3.0
177,189,2.0
177,190,1.0
177,191,1.0
177,192,1.0
177,193,3.0
177,194,2.0
177,195,1.0
177,196,1.0
177,197,1.0
177,198,1.0
177,199,2.0
177,200,2.0
177,201,2.0
177,202,2.0
177,203,2.0
177,204,1.0
177,205,1.0
177,206,1.0
177,207,3.0
177,208,2.0
177,209,3.0
177,210,2.0
177,211,2.0
177,212,3.0
177,213,4.0
177,214,3.0
177,215,2.0
177,216,2.0
177,217,3.0
177,218,2.0
177,219,3.0
177,220,3.0
177,221,2.0
177,222,3.0
177,223,3.0
177,224,3.0
177,225,3.0
177,226,2.0
177,227,3.0
177,228,2.0
177,229,5.0
177,230,3.0
177,231,3.0
177,232,2.0
177,233,6.0
177,234,1.0
177,235,2.0
177,236,2.0
177,237,2.0
177,238,1.0
177,239,3.0
177,240,2.0
177,241,4.0
177,242,2.0
177,243,3.0
177,244,3.0
177,245,3.0
177,246,3.0
177,247,3.0
177,248,3.0
177,249,2.0
177,250,2.0
177,251,2.0
177,252,1.0
177,253,2.0
177,254,2.0
177,255,2.0
177,256,2.0
177,257,2.0
177,258,3.0
177,259,5.0
177,260,2.0
177,261,3.0
177,262,2.0
177,263,3.0
177,264,2.0
177,265,2.0
177,266,2.0
177,267,3.0
177,268,3.0
177,269,1.0
177,270,2.0
177,271,5.0
177,272,3.0
177,273,4.0
177,274,2.0
177,275,3.0
177,276,3.0
177,277,3.0
177,278,3.0
177,279,1.0
177,280,2.0
177,281,2.0
177,282,2.0
177,283,2.0
177,284,3.0
177,285,2.0
177,286,3.0
177,287,3.0
177,288,2.0
177,289,3.0
177,290,2.0
177,291,1.0
177,292,2.0
177,293,6.0
177,294,2.0
177,295,4.0
177,296,2.0
177,297,3.0
177,298,3.0
177,299,3.0
177,300,2.0
177,301,2.0
177,302,3.0
177,303,2.0
177,304,2.0
177,305,2.0
177,306,1.0
177,307,3.0
177,308,2.0
177,309,3.0
177,310,3.0
177,311,2.0
177,312,5.0
177,313,3.0
177,314,3.0
177,315,2.0
177,316,2.0
177,317,3.0
177,318,3.0
177,319,1.0
177,320,3.0
177,321,3.0
177,322,3.0
177,323,3.0
177,324,3.0
177,325,3.0
177,326,3.0
177,327,5.0
177,328,3.0
177,329,3.0
177,330,4.0
177,331,2.0
177,332,2.0
177,333,2.0
177,334,2.0
177,335,2.0
177,336,2.0
177,337,3.0
177,338,2.0
177,339,5.0
177,340,1.0
177,341,2.0
177,342,2.0
177,343,3.0
177,344,3.0
177,345,2.0
177,346,2.0
177,347,3.0
177,348,2.0
177,349,3.0
177,350,2.0
177,351,3.0
177,352,3.0
177,353,3.0
177,354,3.0
177,355,3.0
177,356,3.0
177,357,3.0
177,358,3.0
177,359,2.0
177,360,3.0
177,361,3.0
177,362,4.0
177,363,3.0
177,364,2.0
177,365,3.0
177,366,3.0
177,367,3.0
177,368,1.0
177,369,2.0
177,370,3.0
177,371,4.0
177,372,2.0
177,373,2.0
177,374,3.0
177,375,6.0
177,376,2.0
177,377,2.0
178,179,3.0
178,180,6.0
178,181,6.0
178,182,1.0
178,183,3.0
178,184,3.0
178,185,2.0
178,186,2.0
178,187,2.0
178,188,3.0
178,189,2.0
178,190,1.0
178,191,1.0
178,192,1.0
178,193,3.0
178,194,2.0
178,195,1.0
178,196,1.0
178,197,1.0
178,198,1.0
178,199,2.0
178,200,2.0
178,201,2.0
178,202,2.0
178,203,2.0
178,204,1.0
178,205,1.0
178,206,1.0
178,207,3.0
178,208,2.0
178,209,3.0
178,210,2.0
178,211,2.0
178,212,3.0
178,213,4.0
178,214,3.0
178,215,2.0
178,216,2.0
178,217,3.0
178,218,2.0
178,219,3.0
178,220,3.0
178,221,2.0
178,222,3.0
178,223,3.0
178,224,3.0
178,225,3.0
178,226,2.0
178,227,3.0
178,228,2.0
178,229,5.0
178,230,3.0
178,231,3.0
178,232,2.0
178,233,6.0
178,234,1.0
178,235,2.0
178,236,2.0
178,237,2.0
178,238,1.0
178,239,3.0
178,240,2.0
178,241,4.0
178,242,2.0
178,243,3.0
178,244,3.0
178,245,3.0
178,246,3.0
178,247,3.0
178,248,3.0
178,249,2.0
178,250,2.0
178,251,2.0
178,252,1.0
178,253,2.0
178,254,2.0
178,255,2.0
178,256,2.0
178,257,2.0
178,258,3.0
178,259,5.0
178,260,2.0
178,261,3.0
178,262,2.0
178,263,3.0
178,264,2.0
178,265,2.0
178,266,2.0
178,267,3.0
178,268,3.0
178,269,1.0
178,270,2.0
178,271,5.0
178,272,3.0
178,273,4.0
178,274,2.0
178,275,3.0
178,276,3.0
178,277,3.0
178,278,3.0
178,279,1.0
178,280,2.0
178,281,2.0
178,282,2.0
178,283,2.0
178,284,3.0
178,285,2.0
178,286,3.0
178,287,3.0
178,288,2.0
178,289,3.0
178,290,2.0
178,291,1.0
178,292,2.0
178,293,6.0
178,294,2.0
178,295,4.0
178,296,2.0
178,297,3.0
178,298,3.0
178,299,3.0
178,300,2.0
178,301,2.0
178,302,3.0
178,303,2.0
178,304,2.0
178,305,2.0
178,306,1.0
178,307,3.0
178,308,2.0
178,309,3.0
178,310,3.0
178,311,2.0
178,312,5.0
178,313,3.0
178,314,3.0
178,315,2.0
178,316,2.0
178,317,3.0
178,318,3.0
178,319,1.0
178,320,3.0
178,321,3.0
178,322,3.0
178,323,3.0
178,324,3.0
178,325,3.0
178,326,3.0
178,327,5.0
178,328,3.0
178,329,3.0
178,330,4.0
178,331,2.0
178,332,2.0
178,333,2.0
178,334,2.0
178,335,2.0
178,336,2.0
178,337,3.0
178,338,2.0
178,339,5.0
178,340,1.0
178,341,2.0
178,342,2.0
178,343,3.0
178,344,3.0
178,345,2.0
178,346,2.0
178,347,3.0
178,348,2.0
178,349,3.0
178,350,2.0
178,351,3.0
178,352,3.0
178,353,3.0
178,354,3.0
178,355,3.0
178,356,3.0
178,357,3.0
178,358,3.0
178,359,2.0
178,360,3.0
178,361,3.0
178,362,4.0
178,363,3.0
178,364,2.0
178,365,3.0
178,366,3.0
178,367,3.0
178,368,1.0
178,369,2.0
178,370,3.0
178,371,4.0
178,372,2.0
178,373,2.0
178,374,3.0
178,375,6.0
178,376,2.0
178,377,2.0
179,180,3.0
179,181,3.0
179,182,1.0
179,183,3.0
179,184,3.0
179,185,1.0
179,186,3.0
179,187,3.0
179,188,2.0
179,189,2.0
179,190,2.0
179,191,2.0
179,192,2.0
179,193,2.0
179,194,3.0
179,195,2.0
179,196,2.0
179,197,2.0
179,198,2.0
179,199,1.0
179,200,1.0
179,201,1.0
179,202,3.0
179,203,4.0
179,204,2.0
179,205,2.0
179,206,2.0
179,207,3.0
179,208,3.0
179,209,3.0
179,210,3.0
179,211,1.0
179,212,5.0
179,213,3.0
179,214,5.0
179,215,3.0
179,216,2.0
179,217,4.0
179,218,2.0
179,219,3.0
179,220,5.0
179,221,2.0
179,222,4.0
179,223,3.0
179,224,3.0
179,225,3.0
179,226,1.0
179,227,3.0
179,228,2.0
179,229,3.0
179,230,3.0
179,231,3.0
179,232,4.0
179,233,3.0
179,234,3.0
179,235,2.0
179,236,4.0
179,237,3.0
179,238,3.0
179,239,3.0
179,240,1.0
179,241,3.0
179,242,2.0
179,243,5.0
179,244,3.0
179,245,4.0
179,246,3.0
179,247,3.0
179,248,2.0
179,249,2.0
179,250,3.0
179,251,2.0
179,252,2.0
179,253,2.0
179,254,3.0
179,255,2.0
179,256,3.0
179,257,3.0
179,258,4.0
179,259,3.0
179,260,2.0
179,261,3.0
179,262,2.0
179,263,4.0
179,264,1.0
179,265,2.0
179,266,1.0
179,267,3.0
179,268,5.0
179,269,2.0
179,270,3.0
179,271,3.0
179,272,3.0
179,273,3.0
179,274,3.0
179,275,3.0
179,276,3.0
179,277,3.0
179,278,4.0
179,279,2.0
179,280,3.0
179,281,2.0
179,282,2.0
179,283,1.0
179,284,3.0
179,285,2.0
179,286,5.0
179,287,3.0
179,288,2.0
179,289,3.0
179,290,2.0
179,291,3.0
179,292,2.0
179,293,3.0
179,294,3.0
179,295,3.0
179,296,3.0
179,297,3.0
179,298,3.0
179,299,3.0
179,300,4.0
179,301,4.0
179,302,3.0
179,303,2.0
179,304,3.0
179,305,2.0
179,306,2.0
179,307,3.0
179,308,3.0
179,309,4.0
179,310,3.0
179,311,1.0
179,312,3.0
179,313,3.0
179,314,3.0
179,315,3.0
179,316,2.0
179,317,1.0
179,318,3.0
179,319,2.0
179,320,3.0
179,321,3.0
179,322,5.0
179,323,5.0
179,324,3.0
179,325,2.0
179,326,3.0
179,327,3.0
179,328,3.0
179,329,5.0
179,330,3.0
179,331,1.0
179,332,2.0
179,333,3.0
179,334,1.0
179,335,1.0
179,336,2.0
179,337,3.0
179,338,3.0
179,339,3.0
179,340,2.0
179,341,2.0
179,342,2.0
179,343,3.0
179,344,3.0
179,345,3.0
179,346,2.0
179,347,3.0
179,348,3.0
179,349,4.0
179,350,2.0
179,351,3.0
179,352,3.0
179,353,5.0
179,354,3.0
179,355,2.0
179,356,5.0
179,357,3.0
179,358,3.0
179,359,3.0
179,360,5.0
179,361,3.0
179,362,3.0
179,363,3.0
179,364,1.0
179,365,3.0
179,366,3.0
179,367,3.0
179,368,2.0
179,369,2.0
179,370,3.0
179,371,3.0
179,372,2.0
179,373,3.0
179,374,3.0
179,375,3.0
179,376,2.0
179,377,2.0
180,181,6.0
180,182,1.0
180,183,3.0
180,184,3.0
180,185,2.0
180,186,2.0
180,187,2.0
180,188,3.0
180,189,2.0
180,190,1.0
180,191,1.0
180,192,1.0
180,193,3.0
180,194,2.0
180,195,1.0
180,196,1.0
180,197,1.0
180,198,1.0
180,199,2.0
180,200,2.0
180,201,2.0
180,202,2.0
180,203,2.0
180,204,1.0
180,205,1.0
180,206,1.0
180,207,3.0
180,208,2.0
180,209,3.0
180,210,2.0
180,211,2.0
180,212,3.0
180,213,4.0
180,214,3.0
180,215,2.0
180,216,2.0
180,217,3.0
180,218,2.0
180,219,3.0
180,220,3.0
180,221,2.0
180,222,3.0
180,223,3.0
180,224,3.0
180,225,3.0
180,226,2.0
180,227,3.0
180,228,2.0
180,229,5.0
180,230,3.0
180,231,3.0
180,232,2.0
180,233,6.0
180,234,1.0
180,235,2.0
180,236,2.0
180,237,2.0
180,238,1.0
180,239,3.0
180,240,2.0
180,241,4.0
180,242,2.0
180,243,3.0
180,244,3.0
180,245,3.0
180,246,3.0
180,247,3.0
180,248,3.0
180,249,2.0
180,250,2.0
180,251,2.0
180,252,1.0
180,253,2.0
180,254,2.0
180,255,2.0
180,256,2.0
180,257,2.0
180,258,3.0
180,259,5.0
180,260,2.0
180,261,3.0
180,262,2.0
180,263,3.0
180,264,2.0
180,265,2.0
180,266,2.0
180,267,3.0
180,268,3.0
180,269,1.0
180,270,2.0
180,271,5.0
180,272,3.0
180,273,4.0
180,274,2.0
180,275,3.0
180,276,3.0
180,277,3.0
180,278,3.0
180,279,1.0
180,280,2.0
180,281,2.0
180,282,2.0
180,283,2.0
180,284,3.0
180,285,2.0
180,286,3.0
180,287,3.0
180,288,2.0
180,289,3.0
180,290,2.0
180,291,1.0
180,292,2.0
180,293,6.0
180,294,2.0
180,295,4.0
180,296,2.0
180,297,3.0
180,298,3.0
180,299,3.0
180,300,2.0
180,301,2.0
180,302,3.0
180,303,2.0
180,304,2.0
180,305,2.0
180,306,1.0
180,307,3.0
180,308,2.0
180,309,3.0
180,310,3.0
180,311,2.0
180,312,5.0
180,313,3.0
180,314,3.0
180,315,2.0
180,316,2.0
180,317,3.0
180,318,3.0
180,319,1.0
180,320,3.0
180,321,3.0
180,322,3.0
180,323,3.0
180,324,3.0
180,325,3.0
180,326,3.0
180,327,5.0
180,328,3.0
180,329,3.0
180,330,4.0
180,331,2.0
180,332,2.0
180,333,2.0
180,334,2.0
180,335,2.0
180,336,2.0
180,337,3.0
180,338,2.0
180,339,5.0
180,340,1.0
180,341,2.0
180,342,2.0
180,343,3.0
180,344,3.0
180,345,2.0
180,346,2.0
180,347,3.0
180,348,2.0
180,349,3.0
180,350,2.0
180,351,3.0
180,352,3.0
180,353,3.0
180,354,3.0
180,355,3.0
180,356,3.0
180,357,3.0
180,358,3.0
180,359,2.0
180,360,3.0
180,361,3.0
180,362,4.0
180,363,3.0
180,364,2.0
180,365,3.0
180,366,3.0
180,367,3.0
180,368,1.0
180,369,2.0
180,370,3.0
180,371,4.0
180,372,2.0
180,373,2.0
180,374,3.0
180,375,6.0
180,376,2.0
180,377,2.0
181,182,1.0
181,183,3.0
181,184,3.0
181,185,2.0
181,186,2.0
181,187,2.0
181,188,3.0
181,189,2.0
181,190,1.0
181,191,1.0
181,192,1.0
181,193,3.0
181,194,2.0
181,195,1.0
181,196,1.0
181,197,1.0
181,198,1.0
181,199,2.0
181,200,2.0
181,201,2.0
181,202,2.0
181,203,2.0
181,204,1.0
181,205,1.0
181,206,1.0
181,207,3.0
181,208,2.0
181,209,3.0
181,210,2.0
181,211,2.0
181,212,3.0
181,213,4.0
181,214,3.0
181,215,2.0
181,216,2.0
181,217,3.0
181,218,2.0
181,219,3.0
181,220,3.0
181,221,2.0
181,222,3.0
181,223,3.0
181,224,3.0
181,225,3.0
181,226,2.0
181,227,3.0
181,228,2.0
181,229,5.0
181,230,3.0
181,231,3.0
181,232,2.0
181,233,6.0
181,234,1.0
181,235,2.0
181,236,2.0
181,237,2.0
181,238,1.0
181,239,3.0
181,240,2.0
181,241,4.0
181,242,2.0
181,243,3.0
181,244,3.0
181,245,3.0
181,246,3.0
181,247,3.0
181,248,3.0
181,249,2.0
181,250,2.0
181,251,2.0
181,252,1.0
181,253,2.0
181,254,2.0
181,255,2.0
181,256,2.0
181,257,2.0
181,258,3.0
181,259,5.0
181,260,2.0
181,261,3.0
181,262,2.0
181,263,3.0
181,264,2.0
181,265,2.0
181,266,2.0
181,267,3.0
181,268,3.0
181,269,1.0
181,270,2.0
181,271,5.0
181,272,3.0
181,273,4.0
181,274,2.0
181,275,3.0
181,276,3.0
181,277,3.0
181,278,3.0
181,279,1.0
181,280,2.0
181,281,2.0
181,282,2.0
181,283,2.0
181,284,3.0
181,285,2.0
181,286,3.0
181,287,3.0
181,288,2.0
181,289,3.0
181,290,2.0
181,291,1.0
181,292,2.0
181,293,6.0
181,294,2.0
181,295,4.0
181,296,2.0
181,297,3.0
181,298,3.0
181,299,3.0
181,300,2.0
181,301,2.0
181,302,3.0
181,303,2.0
181,304,2.0
181,305,2.0
181,306,1.0
181,307,3.0
181,308,2.0
181,309,3.0
181,310,3.0
181,311,2.0
181,312,5.0
181,313,3.0
181,314,3.0
181,315,2.0
181,316,2.0
181,317,3.0
181,318,3.0
181,319,1.0
181,320,3.0
181,321,3.0
181,322,3.0
181,323,3.0
181,324,3.0
181,325,3.0
181,326,3.0
181,327,5.0
181,328,3.0
181,329,3.0
181,330,4.0
181,331,2.0
181,332,2.0
181,333,2.0
181,334,2.0
181,335,2.0
181,336,2.0
181,337,3.0
181,338,2.0
181,339,5.0
181,340,1.0
181,341,2.0
181,342,2.0
181,343,3.0
181,344,3.0
181,345,2.0
181,346,2.0
181,347,3.0
181,348,2.0
181,349,3.0
181,350,2.0
181,351,3.0
181,352,3.0
181,353,3.0
181,354,3.0
181,355,3.0
181,356,3.0
181,357,3.0
181,358,3.0
181,359,2.0
181,360,3.0
181,361,3.0
181,362,4.0
181,363,3.0
181,364,2.0
181,365,3.0
181,366,3.0
181,367,3.0
181,368,1.0
181,369,2.0
181,370,3.0
181,371,4.0
181,372,2.0
181,373,2.0
181,374,3.0
181,375,6.0
181,376,2.0
181,377,2.0
182,183,1.0
182,184,1.0
182,185,1.0
182,186,1.0
182,187,1.0
182,188,0.0
182,189,3.0
182,190,3.0
182,191,3.0
182,192,3.0
182,193,4.0
182,194,3.0
182,195,2.0
182,196,3.0
182,197,3.0
182,198,3.0
182,199,0.0
182,200,0.0
182,201,0.0
182,202,2.0
182,203,1.0
182,204,2.0
182,205,2.0
182,206,2.0
182,207,1.0
182,208,3.0
182,209,2.0
182,210,3.0
182,211,2.0
182,212,2.0
182,213,2.0
182,214,2.0
182,215,1.0
182,216,3.0
182,217,1.0
182,218,2.0
182,219,1.0
182,220,2.0
182,221,1.0
182,222,0.0
182,223,3.0
182,224,2.0
182,225,2.0
182,226,1.0
182,227,2.0
182,228,1.0
182,229,1.0
182,230,1.0
182,231,2.0
182,232,1.0
182,233,1.0
182,234,1.0
182,235,2.0
182,236,2.0
182,237,3.0
182,238,1.0
182,239,2.0
182,240,2.0
182,241,2.0
182,242,2.0
182,243,2.0
182,244,2.0
182,245,2.0
182,246,1.0
182,247,3.0
182,248,0.0
182,249,3.0
182,250,2.0
182,251,1.0
182,252,2.0
182,253,2.0
182,254,2.0
182,255,3.0
182,256,1.0
182,257,1.0
182,258,2.0
182,259,1.0
182,260,2.0
182,261,2.0
182,262,3.0
182,263,2.0
182,264,2.0
182,265,2.0
182,266,1.0
182,267,2.0
182,268,2.0
182,269,1.0
182,270,3.0
182,271,1.0
182,272,3.0
182,273,1.0
182,274,2.0
182,275,2.0
182,276,2.0
182,277,2.0
182,278,2.0
182,279,1.0
182,280,3.0
182,281,2.0
182,282,2.0
182,283,1.0
182,284,2.0
182,285,2.0
182,286,2.0
182,287,0.0
182,288,1.0
182,289,2.0
182,290,2.0
182,291,3.0
182,292,2.0
182,293,1.0
182,294,3.0
182,295,2.0
182,296,2.0
182,297,2.0
182,298,1.0
182,299,1.0
182,300,2.0
182,301,1.0
182,302,2.0
182,303,2.0
182,304,3.0
182,305,2.0
182,306,2.0
182,307,2.0
182,308,3.0
182,309,2.0
182,310,2.0
182,311,2.0
182,312,1.0
182,313,2.0
182,314,2.0
182,315,2.0
182,316,3.0
182,317,1.0
182,318,1.0
182,319,3.0
182,320,2.0
182,321,2.0
182,322,2.0
182,323,2.0
182,324,3.0
182,325,1.0
182,326,2.0
182,327,1.0
182,328,2.0
182,329,2.0
182,330,2.0
182,331,1.0
182,332,3.0
182,333,3.0
182,334,1.0
182,335,0.0
182,336,1.0
182,337,2.0
182,338,2.0
182,339,2.0
182,340,0.0
182,341,2.0
182,342,2.0
182,343,2.0
182,344,2.0
182,345,2.0
182,346,3.0
182,347,2.0
182,348,2.0
182,349,2.0
182,350,1.0
182,351,2.0
182,352,2.0
182,353,1.0
182,354,2.0
182,355,0.0
182,356,2.0
182,357,3.0
182,358,2.0
182,359,2.0
182,360,2.0
182,361,2.0
182,362,2.0
182,363,1.0
182,364,1.0
182,365,0.0
182,366,3.0
182,367,2.0
182,368,1.0
182,369,3.0
182,370,1.0
182,371,2.0
182,372,2.0
182,373,3.0
182,374,2.0
182,375,1.0
182,376,3.0
182,377,2.0
183,184,5.0
183,185,1.0
183,186,3.0
183,187,3.0
183,188,1.0
183,189,2.0
183,190,2.0
183,191,2.0
183,192,2.0
183,193,1.0
183,194,2.0
183,195,2.0
183,196,1.0
183,197,1.0
183,198,1.0
183,199,0.0
183,200,0.0
183,201,0.0
183,202,3.0
183,203,3.0
183,204,2.0
183,205,2.0
183,206,1.0
183,207,4.0
183,208,2.0
183,209,4.0
183,210,2.0
183,211,1.0
183,212,3.0
183,213,3.0
183,214,3.0
183,215,2.0
183,216,2.0
183,217,4.0
183,218,2.0
183,219,4.0
183,220,3.0
183,221,1.0
183,222,2.0
183,223,2.0
183,224,4.0
183,225,4.0
183,226,1.0
183,227,4.0
183,228,4.0
183,229,3.0
183,230,5.0
183,231,4.0
183,232,3.0
183,233,3.0
183,234,2.0
183,235,3.0
183,236,3.0
183,237,3.0
183,238,2.0
183,239,4.0
183,240,1.0
183,241,3.0
183,242,3.0
183,243,3.0
183,244,4.0
183,245,3.0
183,246,5.0
183,247,3.0
183,248,1.0
183,249,2.0
183,250,3.0
183,251,4.0
183,252,2.0
183,253,2.0
183,254,2.0
183,255,2.0
183,256,3.0
183,257,2.0
183,258,3.0
183,259,3.0
183,260,3.0
183,261,4.0
183,262,2.0
183,263,3.0
183,264,1.0
183,265,2.0
183,266,0.0
183,267,4.0
183,268,3.0
183,269,2.0
183,270,2.0
183,271,3.0
183,272,3.0
183,273,4.0
183,274,3.0
183,275,4.0
183,276,4.0
183,277,4.0
183,278,3.0
183,279,2.0
183,280,2.0
183,281,2.0
183,282,4.0
183,283,1.0
183,284,4.0
183,285,1.0
183,286,3.0
183,287,2.0
183,288,2.0
183,289,4.0
183,290,2.0
183,291,2.0
183,292,3.0
183,293,3.0
183,294,2.0
183,295,3.0
183,296,3.0
183,297,4.0
183,298,5.0
183,299,5.0
183,300,2.0
183,301,3.0
183,302,4.0
183,303,3.0
183,304,3.0
183,305,2.0
183,306,2.0
183,307,4.0
183,308,2.0
183,309,3.0
183,310,4.0
183,311,1.0
183,312,3.0
183,313,4.0
183,314,4.0
183,315,3.0
183,316,2.0
183,317,0.0
183,318,4.0
183,319,2.0
183,320,4.0
183,321,4.0
183,322,3.0
183,323,3.0
183,324,3.0
183,325,2.0
183,326,4.0
183,327,3.0
183,328,4.0
183,329,3.0
183,330,3.0
183,331,1.0
183,332,3.0
183,333,3.0
183,334,1.0
183,335,0.0
183,336,1.0
183,337,4.0
183,338,3.0
183,339,3.0
183,340,2.0
183,341,2.0
183,342,3.0
183,343,4.0
183,344,4.0
183,345,3.0
183,346,2.0
183,347,4.0
183,348,3.0
183,349,3.0
183,350,3.0
183,351,4.0
183,352,4.0
183,353,3.0
183,354,4.0
183,355,1.0
183,356,3.0
183,357,2.0
183,358,4.0
183,359,3.0
183,360,3.0
183,361,4.0
183,362,3.0
183,363,2.0
183,364,1.0
183,365,2.0
183,366,3.0
183,367,4.0
183,368,2.0
183,369,2.0
183,370,5.0
183,371,3.0
183,372,3.0
183,373,2.0
183,374,4.0
183,375,3.0
183,376,2.0
183,377,4.0
184,185,1.0
184,186,3.0
184,187,3.0
184,188,1.0
184,189,2.0
184,190,2.0
184,191,2.0
184,192,2.0
184,193,1.0
184,194,2.0
184,195,2.0
184,196,1.0
184,197,1.0
184,198,1.0
184,199,0.0
184,200,0.0
184,201,0.0
184,202,3.0
184,203,3.0
184,204,2.0
184,205,2.0
184,206,1.0
184,207,4.0
184,208,2.0
184,209,4.0
184,210,2.0
184,211,1.0
184,212,3.0
184,213,3.0
184,214,3.0
184,215,2.0
184,216,2.0
184,217,4.0
184,218,2.0
184,219,4.0
184,220,3.0
184,221,1.0
184,222,2.0
184,223,2.0
184,224,4.0
184,225,4.0
184,226,1.0
184,227,4.0
184,228,4.0
184,229,3.0
184,230,5.0
184,231,4.0
184,232,3.0
184,233,3.0
184,234,2.0
184,235,3.0
184,236,3.0
184,237,3.0
184,238,2.0
184,239,4.0
184,240,1.0
184,241,3.0
184,242,3.0
184,243,3.0
184,244,4.0
184,245,3.0
184,246,5.0
184,247,3.0
184,248,1.0
184,249,2.0
184,250,3.0
184,251,4.0
184,252,2.0
184,253,2.0
184,254,2.0
184,255,2.0
184,256,3.0
184,257,2.0
184,258,3.0
184,259,3.0
184,260,3.0
184,261,4.0
184,262,2.0
184,263,3.0
184,264,1.0
184,265,2.0
184,266,0.0
184,267,4.0
184,268,3.0
184,269,2.0
184,270,2.0
184,271,3.0
184,272,3.0
184,273,4.0
184,274,3.0
184,275,4.0
184,276,4.0
184,277,4.0
184,278,3.0
184,279,2.0
184,280,2.0
184,281,2.0
184,282,4.0
184,283,1.0
184,284,4.0
184,285,1.0
184,286,3.0
184,287,2.0
184,288,2.0
184,289,4.0
184,290,2.0
184,291,2.0
184,292,3.0
184,293,3.0
184,294,2.0
184,295,3.0
184,296,3.0
184,297,4.0
184,298,5.0
184,299,5.0
184,300,2.0
184,301,3.0
184,302,4.0
184,303,3.0
184,304,3.0
184,305,2.0
184,306,2.0
184,307,4.0
184,308,2.0
184,309,3.0
184,310,4.0
184,311,1.0
184,312,3.0
184,313,4.0
184,314,4.0
184,315,3.0
184,316,2.0
184,317,0.0
184,318,4.0
184,319,2.0
184,320,4.0
184,321,4.0
184,322,3.0
184,323,3.0
184,324,3.0
184,325,2.0
184,326,4.0
184,327,3.0
184,328,4.0
184,329,3.0
184,330,3.0
184,331,1.0
184,332,3.0
184,333,3.0
184,334,1.0
184,335,0.0
184,336,1.0
184,337,4.0
184,338,3.0
184,339,3.0
184,340,2.0
184,341,2.0
184,342,3.0
184,343,4.0
184,344,4.0
184,345,3.0
184,346,2.0
184,347,4.0
184,348,3.0
184,349,3.0
184,350,3.0
184,351,4.0
184,352,4.0
184,353,3.0
184,354,4.0
184,355,1.0
184,356,3.0
184,357,2.0
184,358,4.0
184,359,3.0
184,360,3.0
184,361,4.0
184,362,3.0
184,363,2.0
184,364,1.0
184,365,2.0
184,366,3.0
184,367,4.0
184,368,2.0
184,369,2.0
184,370,5.0
184,371,3.0
184,372,3.0
184,373,2.0
184,374,4.0
184,375,3.0
184,376,2.0
184,377,4.0
185,186,1.0
185,187,1.0
185,188,0.0
185,189,2.0
185,190,0.0
185,191,0.0
185,192,0.0
185,193,1.0
185,194,1.0
185,195,1.0
185,196,1.0
185,197,1.0
185,198,1.0
185,199,5.0
185,200,5.0
185,201,5.0
185,202,1.0
185,203,2.0
185,204,1.0
185,205,1.0
185,206,1.0
185,207,1.0
185,208,1.0
185,209,1.0
185,210,1.0
185,211,1.0
185,212,1.0
185,213,2.0
185,214,1.0
185,215,1.0
185,216,2.0
185,217,1.0
185,218,3.0
185,219,1.0
185,220,1.0
185,221,0.0
185,222,1.0
185,223,1.0
185,224,1.0
185,225,1.0
185,226,6.0
185,227,1.0
185,228,2.0
185,229,2.0
185,230,1.0
185,231,1.0
185,232,1.0
185,233,2.0
185,234,0.0
185,235,1.0
185,236,1.0
185,237,1.0
185,238,0.0
185,239,1.0
185,240,1.0
185,241,2.0
185,242,1.0
185,243,1.0
185,244,1.0
185,245,1.0
185,246,1.0
185,247,1.0
185,248,0.0
185,249,1.0
185,250,1.0
185,251,2.0
185,252,1.0
185,253,1.0
185,254,2.0
185,255,2.0
185,256,1.0
185,257,1.0
185,258,1.0
185,259,2.0
185,260,1.0
185,261,1.0
185,262,2.0
185,263,1.0
185,264,1.0
185,265,3.0
185,266,0.0
185,267,1.0
185,268,1.0
185,269,1.0
185,270,1.0
185,271,2.0
185,272,1.0
185,273,1.0
185,274,1.0
185,275,1.0
185,276,1.0
185,277,1.0
185,278,1.0
185,279,1.0
185,280,1.0
185,281,3.0
185,282,1.0
185,283,3.0
185,284,1.0
185,285,2.0
185,286,1.0
185,287,1.0
185,288,2.0
185,289,1.0
185,290,2.0
185,291,1.0
185,292,1.0
185,293,2.0
185,294,1.0
185,295,2.0
185,296,1.0
185,297,1.0
185,298,1.0
185,299,1.0
185,300,1.0
185,301,1.0
185,302,1.0
185,303,1.0
185,304,1.0
185,305,3.0
185,306,1.0
185,307,1.0
185,308,1.0
185,309,1.0
185,310,1.0
185,311,1.0
185,312,2.0
185,313,1.0
185,314,1.0
185,315,1.0
185,316,1.0
185,317,1.0
185,318,1.0
185,319,2.0
185,320,1.0
185,321,1.0
185,322,1.0
185,323,1.0
185,324,1.0
185,325,4.0
185,326,1.0
185,327,2.0
185,328,1.0
185,329,1.0
185,330,2.0
185,331,6.0
185,332,1.0
185,333,1.0
185,334,5.0
185,335,4.0
185,336,2.0
185,337,1.0
185,338,1.0
185,339,2.0
185,340,0.0
185,341,3.0
185,342,1.0
185,343,1.0
185,344,1.0
185,345,1.0
185,346,1.0
185,347,1.0
185,348,1.0
185,349,1.0
185,350,1.0
185,351,1.0
185,352,1.0
185,353,1.0
185,354,1.0
185,355,0.0
185,356,1.0
185,357,1.0
185,358,1.0
185,359,1.0
185,360,1.0
185,361,1.0
185,362,2.0
185,363,1.0
185,364,4.0
185,365,1.0
185,366,1.0
185,367,1.0
185,368,1.0
185,369,2.0
185,370,1.0
185,371,2.0
185,372,1.0
185,373,1.0
185,374,1.0
185,375,2.0
185,376,2.0
185,377,1.0
186,187,6.0
186,188,0.0
186,189,2.0
186,190,2.0
186,191,2.0
186,192,2.0
186,193,1.0
186,194,2.0
186,195,2.0
186,196,1.0
186,197,1.0
186,198,1.0
186,199,0.0
186,200,0.0
186,201,0.0
186,202,4.0
186,203,3.0
186,204,2.0
186,205,2.0
186,206,1.0
186,207,3.0
186,208,2.0
186,209,3.0
186,210,2.0
186,211,1.0
186,212,3.0
186,213,2.0
186,214,3.0
186,215,2.0
186,216,2.0
186,217,4.0
186,218,3.0
186,219,2.0
186,220,3.0
186,221,1.0
186,222,2.0
186,223,2.0
186,224,3.0
186,225,3.0
186,226,1.0
186,227,3.0
186,228,2.0
186,229,2.0
186,230,3.0
186,231,3.0
186,232,3.0
186,233,2.0
186,234,4.0
186,235,2.0
186,236,3.0
186,237,3.0
186,238,4.0
186,239,3.0
186,240,1.0
186,241,2.0
186,242,2.0
186,243,3.0
186,244,3.0
186,245,3.0
186,246,3.0
186,247,2.0
186,248,0.0
186,249,2.0
186,250,4.0
186,251,2.0
186,252,3.0
186,253,1.0
186,254,2.0
186,255,2.0
186,256,5.0
186,257,2.0
186,258,2.0
186,259,2.0
186,260,2.0
186,261,3.0
186,262,2.0
186,263,2.0
186,264,1.0
186,265,3.0
186,266,0.0
186,267,3.0
186,268,3.0
186,269,2.0
186,270,2.0
186,271,2.0
186,272,2.0
186,273,3.0
186,274,3.0
186,275,3.0
186,276,3.0
186,277,3.0
186,278,2.0
186,279,3.0
186,280,2.0
186,281,3.0
186,282,2.0
186,283,1.0
186,284,3.0
186,285,1.0
186,286,3.0
186,287,2.0
186,288,2.0
186,289,3.0
186,290,2.0
186,291,2.0
186,292,2.0
186,293,2.0
186,294,2.0
186,295,2.0
186,296,3.0
186,297,3.0
186,298,3.0
186,299,3.0
186,300,3.0
186,301,3.0
186,302,3.0
186,303,2.0
186,304,4.0
186,305,3.0
186,306,2.0
186,307,3.0
186,308,1.0
186,309,2.0
186,310,3.0
186,311,1.0
186,312,2.0
186,313,3.0
186,314,3.0
186,315,3.0
186,316,2.0
186,317,0.0
186,318,3.0
186,319,2.0
186,320,3.0
186,321,3.0
186,322,3.0
186,323,3.0
186,324,2.0
186,325,2.0
186,326,3.0
186,327,2.0
186,328,3.0
186,329,3.0
186,330,2.0
186,331,1.0
186,332,2.0
186,333,4.0
186,334,1.0
186,335,0.0
186,336,1.0
186,337,3.0
186,338,4.0
186,339,2.0
186,340,4.0
186,341,3.0
186,342,2.0
186,343,3.0
186,344,3.0
186,345,3.0
186,346,2.0
186,347,3.0
186,348,4.0
186,349,2.0
186,350,2.0
186,351,3.0
186,352,3.0
186,353,3.0
186,354,3.0
186,355,0.0
186,356,3.0
186,357,1.0
186,358,3.0
186,359,3.0
186,360,3.0
186,361,3.0
186,362,2.0
186,363,2.0
186,364,1.0
186,365,2.0
186,366,2.0
186,367,3.0
186,368,0.0
186,369,2.0
186,370,3.0
186,371,2.0
186,372,2.0
186,373,2.0
186,374,3.0
186,375,2.0
186,376,2.0
186,377,2.0
187,188,0.0
187,189,2.0
187,190,2.0
187,191,2.0
187,192,2.0
187,193,1.0
187,194,2.0
187,195,2.0
187,196,1.0
187,197,1.0
187,198,1.0
187,199,0.0
187,200,0.0
187,201,0.0
187,202,4.0
187,203,3.0
187,204,2.0
187,205,2.0
187,206,1.0
187,207,3.0
187,208,2.0
187,209,3.0
187,210,2.0
187,211,1.0
187,212,3.0
187,213,2.0
187,214,3.0
187,215,2.0
187,216,2.0
187,217,4.0
187,218,3.0
187,219,2.0
187,220,3.0
187,221,1.0
187,222,2.0
187,223,2.0
187,224,3.0
187,225,3.0
187,226,1.0
187,227,3.0
187,228,2.0
187,229,2.0
187,230,3.0
187,231,3.0
187,232,3.0
187,233,2.0
187,234,4.0
187,235,2.0
187,236,3.0
187,237,3.0
187,238,4.0
187,239,3.0
187,240,1.0
187,241,2.0
187,242,2.0
187,243,3.0
187,244,3.0
187,245,3.0
187,246,3.0
187,247,2.0
187,248,0.0
187,249,2.0
187,250,4.0
187,251,2.0
187,252,3.0
187,253,1.0
187,254,2.0
187,255,2.0
187,256,5.0
187,257,2.0
187,258,2.0
187,259,2.0
187,260,2.0
187,261,3.0
187,262,2.0
187,263,2.0
187,264,1.0
187,265,3.0
187,266,0.0
187,267,3.0
187,268,3.0
187,269,2.0
187,270,2.0
187,271,2.0
187,272,2.0
187,273,3.0
187,274,3.0
187,275,3.0
187,276,3.0
187,277,3.0
187,278,2.0
187,279,3.0
187,280,2.0
187,281,3.0
187,282,2.0
187,283,1.0
187,284,3.0
187,285,1.0
187,286,3.0
187,287,2.0
187,288,2.0
187,289,3.0
187,290,2.0
187,291,2.0
187,292,2.0
187,293,2.0
187,294,2.0
187,295,2.0
187,296,3.0
187,297,3.0
187,298,3.0
187,299,3.0
187,300,3.0
187,301,3.0
187,302,3.0
187,303,2.0
187,304,4.0
187,305,3.0
187,306,2.0
187,307,3.0
187,308,1.0
187,309,2.0
187,310,3.0
187,311,1.0
187,312,2.0
187,313,3.0
187,314,3.0
187,315,3.0
187,316,2.0
187,317,0.0
187,318,3.0
187,319,2.0
187,320,3.0
187,321,3.0
187,322,3.0
187,323,3.0
187,324,2.0
187,325,2.0
187,326,3.0
187,327,2.0
187,328,3.0
187,329,3.0
187,330,2.0
187,331,1.0
187,332,2.0
187,333,4.0
187,334,1.0
187,335,0.0
187,336,1.0
187,337,3.0
187,338,4.0
187,339,2.0
187,340,4.0
187,341,3.0
187,342,2.0
187,343,3.0
187,344,3.0
187,345,3.0
187,346,2.0
187,347,3.0
187,348,4.0
187,349,2.0
187,350,2.0
187,351,3.0
187,352,3.0
187,353,3.0
187,354,3.0
187,355,0.0
187,356,3.0
187,357,1.0
187,358,3.0
187,359,3.0
187,360,3.0
187,361,3.0
187,362,2.0
187,363,2.0
187,364,1.0
187,365,2.0
187,366,2.0
187,367,3.0
187,368,0.0
187,369,2.0
187,370,3.0
187,371,2.0
187,372,2.0
187,373,2.0
187,374,3.0
187,375,2.0
187,376,2.0
187,377,2.0
188,189,0.0
188,190,1.0
188,191,1.0
188,192,1.0
188,193,2.0
188,194,1.0
188,195,1.0
188,196,1.0
188,197,1.0
188,198,1.0
188,199,1.0
188,200,1.0
188,201,1.0
188,202,0.0
188,203,1.0
188,204,1.0
188,205,1.0
188,206,1.0
188,207,1.0
188,208,1.0
188,209,1.0
188,210,1.0
188,211,1.0
188,212,2.0
188,213,1.0
188,214,2.0
188,215,1.0
188,216,0.0
188,217,1.0
188,218,0.0
188,219,1.0
188,220,2.0
188,221,1.0
188,222,2.0
188,223,2.0
188,224,1.0
188,225,1.0
188,226,0.0
188,227,1.0
188,228,1.0
188,229,2.0
188,230,1.0
188,231,1.0
188,232,1.0
188,233,3.0
188,234,1.0
188,235,1.0
188,236,1.0
188,237,0.0
188,238,1.0
188,239,1.0
188,240,1.0
188,241,1.0
188,242,1.0
188,243,2.0
188,244,1.0
188,245,1.0
188,246,1.0
188,247,1.0
188,248,5.0
188,249,0.0
188,250,0.0
188,251,1.0
188,252,1.0
188,253,1.0
188,254,1.0
188,255,0.0
188,256,0.0
188,257,1.0
188,258,2.0
188,259,2.0
188,260,1.0
188,261,1.0
188,262,0.0
188,263,2.0
188,264,1.0
188,265,0.0
188,266,3.0
188,267,1.0
188,268,2.0
188,269,0.0
188,270,1.0
188,271,2.0
188,272,1.0
188,273,2.0
188,274,0.0
188,275,1.0
188,276,1.0
188,277,1.0
188,278,2.0
188,279,0.0
188,280,1.0
188,281,0.0
188,282,1.0
188,283,0.0
188,284,1.0
188,285,1.0
188,286,2.0
188,287,2.0
188,288,1.0
188,289,1.0
188,290,1.0
188,291,1.0
188,292,1.0
188,293,3.0
188,294,1.0
188,295,1.0
188,296,0.0
188,297,1.0
188,298,1.0
188,299,1.0
188,300,1.0
188,301,1.0
188,302,1.0
188,303,1.0
188,304,0.0
188,305,0.0
188,306,0.0
188,307,1.0
188,308,2.0
188,309,2.0
188,310,1.0
188,311,1.0
188,312,2.0
188,313,1.0
188,314,1.0
188,315,0.0
188,316,0.0
188,317,2.0
188,318,1.0
188,319,0.0
188,320,1.0
188,321,1.0
188,322,2.0
188,323,2.0
188,324,1.0
188,325,0.0
188,326,1.0
188,327,2.0
188,328,1.0
188,329,2.0
188,330,1.0
188,331,0.0
188,332,1.0
188,333,0.0
188,334,0.0
188,335,1.0
188,336,2.0
188,337,1.0
188,338,0.0
188,339,2.0
188,340,0.0
188,341,0.0
188,342,1.0
188,343,1.0
188,344,1.0
188,345,0.0
188,346,0.0
188,347,1.0
188,348,0.0
188,349,2.0
188,350,1.0
188,351,1.0
188,352,1.0
188,353,2.0
188,354,1.0
188,355,5.0
188,356,2.0
188,357,2.0
188,358,1.0
188,359,0.0
188,360,2.0
188,361,1.0
188,362,1.0
188,363,2.0
188,364,0.0
188,365,2.0
188,366,1.0
188,367,1.0
188,368,1.0
188,369,0.0
188,370,1.0
188,371,1.0
188,372,1.0
188,373,1.0
188,374,1.0
188,375,3.0
188,376,0.0
188,377,1.0
189,190,2.0
189,191,2.0
189,192,2.0
189,193,3.0
189,194,2.0
189,195,3.0
189,196,3.0
189,197,3.0
189,198,3.0
189,199,1.0
189,200,1.0
189,201,1.0
189,202,3.0
189,203,2.0
189,204,3.0
189,205,3.0
189,206,2.0
189,207,2.0
189,208,2.0
189,209,3.0
189,210,3.0
189,211,2.0
189,212,2.0
189,213,3.0
189,214,2.0
189,215,1.0
189,216,5.0
189,217,2.0
189,218,4.0
189,219,1.0
189,220,2.0
189,221,1.0
189,222,2.0
189,223,3.0
189,224,3.0
189,225,3.0
189,226,2.0
189,227,3.0
189,228,2.0
189,229,2.0
189,230,2.0
189,231,3.0
189,232,2.0
189,233,2.0
189,234,1.0
189,235,3.0
189,236,3.0
189,237,3.0
189,238,1.0
189,239,3.0
189,240,2.0
189,241,3.0
189,242,3.0
189,243,2.0
189,244,3.0
189,245,3.0
189,246,2.0
189,247,2.0
189,248,0.0
189,249,2.0
189,250,3.0
189,251,2.0
189,252,3.0
189,253,2.0
189,254,4.0
189,255,6.0
189,256,2.0
189,257,1.0
189,258,1.0
189,259,2.0
189,260,3.0
189,261,3.0
189,262,2.0
189,263,1.0
189,264,2.0
189,265,4.0
189,266,1.0
189,267,3.0
189,268,2.0
189,269,2.0
189,270,2.0
189,271,2.0
189,272,2.0
189,273,2.0
189,274,3.0
189,275,3.0
189,276,3.0
189,277,3.0
189,278,1.0
189,279,2.0
189,280,3.0
189,281,4.0
189,282,2.0
189,283,2.0
189,284,3.0
189,285,2.0
189,286,2.0
189,287,2.0
189,288,3.0
189,289,3.0
189,290,4.0
189,291,3.0
189,292,3.0
189,293,2.0
189,294,2.0
189,295,3.0
189,296,3.0
189,297,3.0
189,298,2.0
189,299,2.0
189,300,2.0
189,301,2.0
189,302,3.0
189,303,3.0
189,304,4.0
189,305,4.0
189,306,3.0
189,307,3.0
189,308,2.0
189,309,1.0
189,310,3.0
189,311,2.0
189,312,2.0
189,313,3.0
189,314,3.0
189,315,3.0
189,316,2.0
189,317,2.0
189,318,2.0
189,319,2.0
189,320,3.0
189,321,3.0
189,322,2.0
189,323,2.0
189,324,2.0
189,325,2.0
189,326,3.0
189,327,2.0
189,328,3.0
189,329,2.0
189,330,3.0
189,331,2.0
189,332,3.0
189,333,4.0
189,334,2.0
189,335,1.0
189,336,2.0
189,337,3.0
189,338,3.0
189,339,3.0
189,340,1.0
189,341,4.0
189,342,3.0
189,343,3.0
189,344,3.0
189,345,3.0
189,346,2.0
189,347,3.0
189,348,3.0
189,349,1.0
189,350,2.0
189,351,3.0
189,352,3.0
189,353,2.0
189,354,3.0
189,355,0.0
189,356,2.0
189,357,2.0
189,358,3.0
189,359,3.0
189,360,2.0
189,361,3.0
189,362,3.0
189,363,2.0
189,364,2.0
189,365,2.0
189,366,2.0
189,367,3.0
189,368,1.0
189,369,6.0
189,370,2.0
189,371,3.0
189,372,3.0
189,373,2.0
189,374,3.0
189,375,2.0
189,376,2.0
189,377,2.0
190,191,6.0
190,192,6.0
190,193,1.0
190,194,3.0
190,195,3.0
190,196,1.0
190,197,1.0
190,198,1.0
190,199,0.0
190,200,0.0
190,201,0.0
190,202,2.0
190,203,2.0
190,204,3.0
190,205,3.0
190,206,1.0
190,207,2.0
190,208,3.0
190,209,2.0
190,210,2.0
190,211,0.0
190,212,3.0
190,213,1.0
190,214,3.0
190,215,1.0
190,216,2.0
190,217,2.0
190,218,2.0
190,219,1.0
190,220,3.0
190,221,1.0
190,222,2.0
190,223,2.0
190,224,2.0
190,225,2.0
190,226,0.0
190,227,2.0
190,228,1.0
190,229,1.0
190,230,2.0
190,231,2.0
190,232,2.0
190,233,1.0
190,234,3.0
190,235,1.0
190,236,2.0
190,237,3.0
190,238,3.0
190,239,2.0
190,240,0.0
190,241,1.0
190,242,1.0
190,243,3.0
190,244,2.0
190,245,2.0
190,246,2.0
190,247,1.0
190,248,1.0
190,249,2.0
190,250,2.0
190,251,1.0
190,252,4.0
190,253,0.0
190,254,2.0
190,255,2.0
190,256,2.0
190,257,1.0
190,258,3.0
190,259,1.0
190,260,1.0
190,261,2.0
190,262,2.0
190,263,3.0
190,264,0.0
190,265,2.0
190,266,2.0
190,267,2.0
190,268,3.0
190,269,1.0
190,270,3.0
190,271,1.0
190,272,1.0
190,273,2.0
190,274,2.0
190,275,2.0
190,276,2.0
190,277,2.0
190,278,3.0
190,279,2.0
190,280,2.0
190,281,2.0
190,282,2.0
190,283,0.0
190,284,2.0
190,285,0.0
190,286,3.0
190,287,2.0
190,288,1.0
190,289,2.0
190,290,1.0
190,291,3.0
190,292,1.0
190,293,1.0
190,294,3.0
190,295,1.0
190,296,2.0
190,297,2.0
190,298,2.0
190,299,2.0
190,300,3.0
190,301,2.0
190,302,2.0
190,303,1.0
190,304,2.0
190,305,2.0
190,306,1.0
190,307,2.0
190,308,1.0
190,309,3.0
190,310,2.0
190,311,0.0
190,312,1.0
190,313,2.0
190,314,2.0
190,315,2.0
190,316,2.0
190,317,1.0
190,318,2.0
190,319,2.0
190,320,2.0
190,321,2.0
190,322,3.0
190,323,3.0
190,324,1.0
190,325,1.0
190,326,2.0
190,327,1.0
190,328,2.0
190,329,3.0
190,330,1.0
190,331,0.0
190,332,1.0
190,333,2.0
190,334,0.0
190,335,0.0
190,336,0.0
190,337,2.0
190,338,2.0
190,339,1.0
190,340,2.0
190,341,2.0
190,342,1.0
190,343,2.0
190,344,2.0
190,345,2.0
190,346,2.0
190,347,2.0
190,348,2.0
190,349,3.0
190,350,1.0
190,351,2.0
190,352,2.0
190,353,2.0
190,354,2.0
190,355,1.0
190,356,3.0
190,357,1.0
190,358,2.0
190,359,2.0
190,360,3.0
190,361,2.0
190,362,1.0
190,363,3.0
190,364,0.0
190,365,2.0
190,366,1.0
190,367,2.0
190,368,1.0
190,369,2.0
190,370,2.0
190,371,1.0
190,372,1.0
190,373,3.0
190,374,2.0
190,375,1.0
190,376,2.0
190,377,2.0
191,192,6.0
191,193,1.0
191,194,3.0
191,195,3.0
191,196,1.0
191,197,1.0
191,198,1.0
191,199,0.0
191,200,0.0
191,201,0.0
191,202,2.0
191,203,2.0
191,204,3.0
191,205,3.0
191,206,1.0
191,207,2.0
191,208,3.0
191,209,2.0
191,210,2.0
191,211,0.0
191,212,3.0
191,213,1.0
191,214,3.0
191,215,1.0
191,216,2.0
191,217,2.0
191,218,2.0
191,219,1.0
191,220,3.0
191,221,1.0
191,222,2.0
191,223,2.0
191,224,2.0
191,225,2.0
191,226,0.0
191,227,2.0
191,228,1.0
191,229,1.0
191,230,2.0
191,231,2.0
191,232,2.0
191,233,1.0
191,234,3.0
191,235,1.0
191,236,2.0
191,237,3.0
191,238,3.0
191,239,2.0
191,240,0.0
191,241,1.0
191,242,1.0
191,243,3.0
191,244,2.0
191,245,2.0
191,246,2.0
191,247,1.0
191,248,1.0
191,249,2.0
191,250,2.0
191,251,1.0
191,252,4.0
191,253,0.0
191,254,2.0
191,255,2.0
191,256,2.0
191,257,1.0
191,258,3.0
191,259,1.0
191,260,1.0
191,261,2.0
191,262,2.0
191,263,3.0
191,264,0.0
191,265,2.0
191,266,2.0
191,267,2.0
191,268,3.0
191,269,1.0
191,270,3.0
191,271,1.0
191,272,1.0
191,273,2.0
191,274,2.0
191,275,2.0
191,276,2.0
191,277,2.0
191,278,3.0
191,279,2.0
191,280,2.0
191,281,2.0
191,282,2.0
191,283,0.0
191,284,2.0
191,285,0.0
191,286,3.0
191,287,2.0
191,288,1.0
191,289,2.0
191,290,1.0
191,291,3.0
191,292,1.0
191,293,1.0
191,294,3.0
191,295,1.0
191,296,2.0
191,297,2.0
191,298,2.0
191,299,2.0
191,300,3.0
191,301,2.0
191,302,2.0
191,303,1.0
191,304,2.0
191,305,2.0
191,306,1.0
191,307,2.0
191,308,1.0
191,309,3.0
191,310,2.0
191,311,0.0
191,312,1.0
191,313,2.0
191,314,2.0
191,315,2.0
191,316,2.0
191,317,1.0
191,318,2.0
191,319,2.0
191,320,2.0
191,321,2.0
191,322,3.0
191,323,3.0
191,324,1.0
191,325,1.0
191,326,2.0
191,327,1.0
191,328,2.0
191,329,3.0
191,330,1.0
191,331,0.0
191,332,1.0
191,333,2.0
191,334,0.0
191,335,0.0
191,336,0.0
191,337,2.0
191,338,2.0
191,339,1.0
191,340,2.0
191,341,2.0
191,342,1.0
191,343,2.0
191,344,2.0
191,345,2.0
191,346,2.0
191,347,2.0
191,348,2.0
191,349,3.0
191,350,1.0
191,351,2.0
191,352,2.0
191,353,2.0
191,354,2.0
191,355,1.0
191,356,3.0
191,357,1.0
191,358,2.0
191,359,2.0
191,360,3.0
191,361,2.0
191,362,1.0
191,363,3.0
191,364,0.0
191,365,2.0
191,366,1.0
191,367,2.0
191,368,1.0
191,369,2.0
191,370,2.0
191,371,1.0
191,372,1.0
191,373,3.0
191,374,2.0
191,375,1.0
191,376,2.0
191,377,2.0
192,193,1.0
192,194,3.0
192,195,3.0
192,196,1.0
192,197,1.0
192,198,1.0
192,199,0.0
192,200,0.0
192,201,0.0
192,202,2.0
192,203,2.0
192,204,3.0
192,205,3.0
192,206,1.0
192,207,2.0
192,208,3.0
192,209,2.0
192,210,2.0
192,211,0.0
192,212,3.0
192,213,1.0
192,214,3.0
192,215,1.0
192,216,2.0
192,217,2.0
192,218,2.0
192,219,1.0
192,220,3.0
192,221,1.0
192,222,2.0
192,223,2.0
192,224,2.0
192,225,2.0
192,226,0.0
192,227,2.0
192,228,1.0
192,229,1.0
192,230,2.0
192,231,2.0
192,232,2.0
192,233,1.0
192,234,3.0
192,235,1.0
192,236,2.0
192,237,3.0
192,238,3.0
192,239,2.0
192,240,0.0
192,241,1.0
192,242,1.0
192,243,3.0
192,244,2.0
192,245,2.0
192,246,2.0
192,247,1.0
192,248,1.0
192,249,2.0
192,250,2.0
192,251,1.0
192,252,4.0
192,253,0.0
192,254,2.0
192,255,2.0
192,256,2.0
192,257,1.0
192,258,3.0
192,259,1.0
192,260,1.0
192,261,2.0
192,262,2.0
192,263,3.0
192,264,0.0
192,265,2.0
192,266,2.0
192,267,2.0
192,268,3.0
192,269,1.0
192,270,3.0
192,271,1.0
192,272,1.0
192,273,2.0
192,274,2.0
192,275,2.0
192,276,2.0
192,277,2.0
192,278,3.0
192,279,2.0
192,280,2.0
192,281,2.0
192,282,2.0
192,283,0.0
192,284,2.0
192,285,0.0
192,286,3.0
192,287,2.0
192,288,1.0
192,289,2.0
192,290,1.0
192,291,3.0
192,292,1.0
192,293,1.0
192,294,3.0
192,295,1.0
192,296,2.0
192,297,2.0
192,298,2.0
192,299,2.0
192,300,3.0
192,301,2.0
192,302,2.0
192,303,1.0
192,304,2.0
192,305,2.0
192,306,1.0
192,307,2.0
192,308,1.0
192,309,3.0
192,310,2.0
192,311,0.0
192,312,1.0
192,313,2.0
192,314,2.0
192,315,2.0
192,316,2.0
192,317,1.0
192,318,2.0
192,319,2.0
192,320,2.0
192,321,2.0
192,322,3.0
192,323,3.0
192,324,1.0
192,325,1.0
192,326,2.0
192,327,1.0
192,328,2.0
192,329,3.0
192,330,1.0
192,331,0.0
192,332,1.0
192,333,2.0
192,334,0.0
192,335,0.0
192,336,0.0
192,337,2.0
192,338,2.0
192,339,1.0
192,340,2.0
192,341,2.0
192,342,1.0
192,343,2.0
192,344,2.0
192,345,2.0
192,346,2.0
192,347,2.0
192,348,2.0
192,349,3.0
192,350,1.0
192,351,2.0
192,352,2.0
192,353,2.0
192,354,2.0
192,355,1.0
192,356,3.0
192,357,1.0
192,358,2.0
192,359,2.0
192,360,3.0
192,361,2.0
192,362,1.0
192,363,3.0
192,364,0.0
192,365,2.0
192,366,1.0
192,367,2.0
192,368,1.0
192,369,2.0
192,370,2.0
192,371,1.0
192,372,1.0
192,373,3.0
192,374,2.0
192,375,1.0
192,376,2.0
192,377,2.0
193,194,2.0
193,195,2.0
193,196,3.0
193,197,3.0
193,198,3.0
193,199,1.0
193,200,1.0
193,201,1.0
193,202,2.0
193,203,2.0
193,204,2.0
193,205,2.0
193,206,3.0
193,207,1.0
193,208,2.0
193,209,2.0
193,210,2.0
193,211,3.0
193,212,2.0
193,213,2.0
193,214,2.0
193,215,2.0
193,216,3.0
193,217,1.0
193,218,2.0
193,219,1.0
193,220,2.0
193,221,1.0
193,222,2.0
193,223,3.0
193,224,2.0
193,225,2.0
193,226,1.0
193,227,2.0
193,228,1.0
193,229,2.0
193,230,1.0
193,231,2.0
193,232,2.0
193,233,3.0
193,234,1.0
193,235,2.0
193,236,2.0
193,237,2.0
193,238,1.0
193,239,2.0
193,240,3.0
193,241,2.0
193,242,2.0
193,243,2.0
193,244,2.0
193,245,3.0
193,246,1.0
193,247,3.0
193,248,2.0
193,249,2.0
193,250,2.0
193,251,1.0
193,252,2.0
193,253,2.0
193,254,2.0
193,255,3.0
193,256,1.0
193,257,2.0
193,258,2.0
193,259,2.0
193,260,2.0
193,261,2.0
193,262,2.0
193,263,2.0
193,264,3.0
193,265,2.0
193,266,2.0
193,267,2.0
193,268,2.0
193,269,1.0
193,270,2.0
193,271,2.0
193,272,3.0
193,273,2.0
193,274,2.0
193,275,2.0
193,276,2.0
193,277,2.0
193,278,2.0
193,279,1.0
193,280,2.0
193,281,2.0
193,282,1.0
193,283,1.0
193,284,2.0
193,285,2.0
193,286,2.0
193,287,2.0
193,288,2.0
193,289,2.0
193,290,2.0
193,291,2.0
193,292,2.0
193,293,3.0
193,294,2.0
193,295,2.0
193,296,2.0
193,297,2.0
193,298,1.0
193,299,1.0
193,300,2.0
193,301,2.0
193,302,2.0
193,303,2.0
193,304,3.0
193,305,2.0
193,306,2.0
193,307,2.0
193,308,2.0
193,309,2.0
193,310,2.0
193,311,3.0
193,312,2.0
193,313,2.0
193,314,2.0
193,315,2.0
193,316,2.0
193,317,3.0
193,318,1.0
193,319,2.0
193,320,2.0
193,321,2.0
193,322,2.0
193,323,2.0
193,324,3.0
193,325,1.0
193,326,2.0
193,327,2.0
193,328,2.0
193,329,2.0
193,330,2.0
193,331,1.0
193,332,3.0
193,333,3.0
193,334,1.0
193,335,1.0
193,336,2.0
193,337,2.0
193,338,2.0
193,339,3.0
193,340,0.0
193,341,2.0
193,342,2.0
193,343,2.0
193,344,2.0
193,345,2.0
193,346,2.0
193,347,2.0
193,348,2.0
193,349,2.0
193,350,1.0
193,351,2.0
193,352,2.0
193,353,2.0
193,354,2.0
193,355,2.0
193,356,2.0
193,357,3.0
193,358,2.0
193,359,2.0
193,360,2.0
193,361,2.0
193,362,2.0
193,363,2.0
193,364,1.0
193,365,2.0
193,366,3.0
193,367,2.0
193,368,1.0
193,369,3.0
193,370,1.0
193,371,2.0
193,372,2.0
193,373,2.0
193,374,2.0
193,375,3.0
193,376,2.0
193,377,1.0
194,195,3.0
194,196,2.0
194,197,2.0
194,198,2.0
194,199,0.0
194,200,0.0
194,201,0.0
194,202,2.0
194,203,2.0
194,204,3.0
194,205,3.0
194,206,2.0
194,207,2.0
194,208,6.0
194,209,2.0
194,210,3.0
194,211,2.0
194,212,4.0
194,213,2.0
194,214,4.0
194,215,1.0
194,216,2.0
194,217,3.0
194,218,2.0
194,219,2.0
194,220,4.0
194,221,1.0
194,222,2.0
194,223,4.0
194,224,2.0
194,225,2.0
194,226,1.0
194,227,2.0
194,228,2.0
194,229,2.0
194,230,2.0
194,231,2.0
194,232,2.0
194,233,2.0
194,234,2.0
194,235,2.0
194,236,2.0
194,237,3.0
194,238,2.0
194,239,2.0
194,240,2.0
194,241,2.0
194,242,2.0
194,243,4.0
194,244,2.0
194,245,2.0
194,246,2.0
194,247,2.0
194,248,1.0
194,249,3.0
194,250,2.0
194,251,2.0
194,252,3.0
194,253,2.0
194,254,2.0
194,255,2.0
194,256,2.0
194,257,1.0
194,258,3.0
194,259,2.0
194,260,2.0
194,261,2.0
194,262,3.0
194,263,3.0
194,264,2.0
194,265,2.0
194,266,1.0
194,267,2.0
194,268,4.0
194,269,2.0
194,270,6.0
194,271,2.0
194,272,2.0
194,273,2.0
194,274,2.0
194,275,2.0
194,276,2.0
194,277,2.0
194,278,3.0
194,279,2.0
194,280,3.0
194,281,2.0
194,282,3.0
194,283,1.0
194,284,2.0
194,285,1.0
194,286,4.0
194,287,1.0
194,288,2.0
194,289,2.0
194,290,2.0
194,291,3.0
194,292,2.0
194,293,2.0
194,294,6.0
194,295,2.0
194,296,2.0
194,297,2.0
194,298,2.0
194,299,2.0
194,300,3.0
194,301,2.0
194,302,2.0
194,303,2.0
194,304,2.0
194,305,2.0
194,306,2.0
194,307,2.0
194,308,3.0
194,309,3.0
194,310,2.0
194,311,2.0
194,312,2.0
194,313,2.0
194,314,2.0
194,315,2.0
194,316,3.0
194,317,1.0
194,318,2.0
194,319,3.0
194,320,2.0
194,321,2.0
194,322,4.0
194,323,4.0
194,324,2.0
194,325,1.0
194,326,2.0
194,327,2.0
194,328,2.0
194,329,4.0
194,330,2.0
194,331,1.0
194,332,2.0
194,333,2.0
194,334,1.0
194,335,0.0
194,336,1.0
194,337,2.0
194,338,2.0
194,339,2.0
194,340,2.0
194,341,2.0
194,342,2.0
194,343,2.0
194,344,2.0
194,345,2.0
194,346,3.0
194,347,2.0
194,348,2.0
194,349,3.0
194,350,3.0
194,351,2.0
194,352,2.0
194,353,3.0
194,354,2.0
194,355,1.0
194,356,4.0
194,357,3.0
194,358,2.0
194,359,2.0
194,360,4.0
194,361,2.0
194,362,2.0
194,363,2.0
194,364,1.0
194,365,1.0
194,366,2.0
194,367,2.0
194,368,2.0
194,369,2.0
194,370,2.0
194,371,2.0
194,372,2.0
194,373,6.0
194,374,2.0
194,375,2.0
194,376,3.0
194,377,3.0
195,196,2.0
195,197,2.0
195,198,2.0
195,199,0.0
195,200,0.0
195,201,0.0
195,202,2.0
195,203,2.0
195,204,6.0
195,205,6.0
195,206,3.0
195,207,2.0
195,208,3.0
195,209,2.0
195,210,2.0
195,211,2.0
195,212,2.0
195,213,1.0
195,214,2.0
195,215,1.0
195,216,3.0
195,217,2.0
195,218,3.0
195,219,2.0
195,220,2.0
195,221,1.0
195,222,1.0
195,223,2.0
195,224,2.0
195,225,2.0
195,226,1.0
195,227,2.0
195,228,2.0
195,229,1.0
195,230,2.0
195,231,2.0
195,232,2.0
195,233,1.0
195,234,1.0
195,235,2.0
195,236,2.0
195,237,2.0
195,238,1.0
195,239,2.0
195,240,2.0
195,241,1.0
195,242,3.0
195,243,2.0
195,244,2.0
195,245,2.0
195,246,2.0
195,247,1.0
195,248,1.0
195,249,2.0
195,250,2.0
195,251,2.0
195,252,5.0
195,253,3.0
195,254,3.0
195,255,3.0
195,256,3.0
195,257,1.0
195,258,2.0
195,259,1.0
195,260,3.0
195,261,2.0
195,262,2.0
195,263,2.0
195,264,2.0
195,265,3.0
195,266,2.0
195,267,2.0
195,268,2.0
195,269,3.0
195,270,3.0
195,271,1.0
195,272,1.0
195,273,2.0
195,274,3.0
195,275,2.0
195,276,2.0
195,277,2.0
195,278,2.0
195,279,3.0
195,280,2.0
195,281,3.0
195,282,2.0
195,283,2.0
195,284,2.0
195,285,1.0
195,286,2.0
195,287,1.0
195,288,2.0
195,289,2.0
195,290,2.0
195,291,2.0
195,292,3.0
195,293,1.0
195,294,3.0
195,295,1.0
195,296,2.0
195,297,2.0
195,298,2.0
195,299,2.0
195,300,2.0
195,301,2.0
195,302,2.0
195,303,3.0
195,304,3.0
195,305,3.0
195,306,2.0
195,307,2.0
195,308,1.0
195,309,2.0
195,310,2.0
195,311,2.0
195,312,1.0
195,313,2.0
195,314,2.0
195,315,3.0
195,316,2.0
195,317,1.0
195,318,2.0
195,319,2.0
195,320,2.0
195,321,2.0
195,322,2.0
195,323,2.0
195,324,1.0
195,325,1.0
195,326,2.0
195,327,1.0
195,328,2.0
195,329,2.0
195,330,1.0
195,331,1.0
195,332,2.0
195,333,3.0
195,334,1.0
195,335,0.0
195,336,1.0
195,337,2.0
195,338,2.0
195,339,2.0
195,340,2.0
195,341,3.0
195,342,3.0
195,343,2.0
195,344,2.0
195,345,2.0
195,346,2.0
195,347,2.0
195,348,2.0
195,349,2.0
195,350,3.0
195,351,2.0
195,352,2.0
195,353,2.0
195,354,2.0
195,355,1.0
195,356,2.0
195,357,1.0
195,358,2.0
195,359,3.0
195,360,2.0
195,361,2.0
195,362,1.0
195,363,1.0
195,364,2.0
195,365,1.0
195,366,1.0
195,367,2.0
195,368,1.0
195,369,3.0
195,370,2.0
195,371,1.0
195,372,3.0
195,373,3.0
195,374,2.0
195,375,1.0
195,376,2.0
195,377,2.0
196,197,6.0
196,198,6.0
196,199,1.0
196,200,1.0
196,201,1.0
196,202,2.0
196,203,2.0
196,204,2.0
196,205,2.0
196,206,3.0
196,207,1.0
196,208,2.0
196,209,2.0
196,210,4.0
196,211,2.0
196,212,2.0
196,213,2.0
196,214,2.0
196,215,4.0
196,216,3.0
196,217,1.0
196,218,2.0
196,219,1.0
196,220,2.0
196,221,3.0
196,222,1.0
196,223,2.0
196,224,2.0
196,225,2.0
196,226,1.0
196,227,2.0
196,228,1.0
196,229,2.0
196,230,1.0
196,231,2.0
196,232,2.0
196,233,1.0
196,234,1.0
196,235,2.0
196,236,3.0
196,237,2.0
196,238,1.0
196,239,2.0
196,240,2.0
196,241,2.0
196,242,2.0
196,243,2.0
196,244,2.0
196,245,3.0
196,246,1.0
196,247,2.0
196,248,1.0
196,249,2.0
196,250,2.0
196,251,1.0
196,252,2.0
196,253,2.0
196,254,2.0
196,255,3.0
196,256,1.0
196,257,4.0
196,258,2.0
196,259,2.0
196,260,2.0
196,261,2.0
196,262,2.0
196,263,2.0
196,264,2.0
196,265,2.0
196,266,1.0
196,267,2.0
196,268,2.0
196,269,1.0
196,270,2.0
196,271,2.0
196,272,2.0
196,273,1.0
196,274,2.0
196,275,2.0
196,276,2.0
196,277,2.0
196,278,2.0
196,279,1.0
196,280,4.0
196,281,2.0
196,282,1.0
196,283,1.0
196,284,2.0
196,285,3.0
196,286,2.0
196,287,1.0
196,288,3.0
196,289,2.0
196,290,3.0
196,291,2.0
196,292,2.0
196,293,1.0
196,294,2.0
196,295,2.0
196,296,2.0
196,297,2.0
196,298,1.0
196,299,1.0
196,300,2.0
196,301,2.0
196,302,2.0
196,303,2.0
196,304,3.0
196,305,2.0
196,306,2.0
196,307,2.0
196,308,3.0
196,309,2.0
196,310,2.0
196,311,2.0
196,312,2.0
196,313,2.0
196,314,2.0
196,315,2.0
196,316,2.0
196,317,2.0
196,318,1.0
196,319,1.0
196,320,2.0
196,321,2.0
196,322,2.0
196,323,2.0
196,324,2.0
196,325,1.0
196,326,2.0
196,327,2.0
196,328,2.0
196,329,2.0
196,330,2.0
196,331,1.0
196,332,2.0
196,333,3.0
196,334,1.0
196,335,1.0
196,336,3.0
196,337,2.0
196,338,2.0
196,339,2.0
196,340,0.0
196,341,2.0
196,342,2.0
196,343,2.0
196,344,2.0
196,345,2.0
196,346,2.0
196,347,2.0
196,348,2.0
196,349,2.0
196,350,1.0
196,351,2.0
196,352,2.0
196,353,2.0
196,354,2.0
196,355,1.0
196,356,2.0
196,357,2.0
196,358,2.0
196,359,2.0
196,360,2.0
196,361,2.0
196,362,2.0
196,363,1.0
196,364,1.0
196,365,1.0
196,366,2.0
196,367,2.0
196,368,1.0
196,369,3.0
196,370,1.0
196,371,2.0
196,372,2.0
196,373,2.0
196,374,2.0
196,375,1.0
196,376,2.0
196,377,1.0
197,198,6.0
197,199,1.0
197,200,1.0
197,201,1.0
197,202,2.0
197,203,2.0
197,204,2.0
197,205,2.0
197,206,3.0
197,207,1.0
197,208,2.0
197,209,2.0
197,210,4.0
197,211,2.0
197,212,2.0
197,213,2.0
197,214,2.0
197,215,4.0
197,216,3.0
197,217,1.0
197,218,2.0
197,219,1.0
197,220,2.0
197,221,3.0
197,222,1.0
197,223,2.0
197,224,2.0
197,225,2.0
197,226,1.0
197,227,2.0
197,228,1.0
197,229,2.0
197,230,1.0
197,231,2.0
197,232,2.0
197,233,1.0
197,234,1.0
197,235,2.0
197,236,3.0
197,237,2.0
197,238,1.0
197,239,2.0
197,240,2.0
197,241,2.0
197,242,2.0
197,243,2.0
197,244,2.0
197,245,3.0
197,246,1.0
197,247,2.0
197,248,1.0
197,249,2.0
197,250,2.0
197,251,1.0
197,252,2.0
197,253,2.0
197,254,2.0
197,255,3.0
197,256,1.0
197,257,4.0
197,258,2.0
197,259,2.0
197,260,2.0
197,261,2.0
197,262,2.0
197,263,2.0
197,264,2.0
197,265,2.0
197,266,1.0
197,267,2.0
197,268,2.0
197,269,1.0
197,270,2.0
197,271,2.0
197,272,2.0
197,273,1.0
197,274,2.0
197,275,2.0
197,276,2.0
197,277,2.0
197,278,2.0
197,279,1.0
197,280,4.0
197,281,2.0
197,282,1.0
197,283,1.0
197,284,2.0
197,285,3.0
197,286,2.0
197,287,1.0
197,288,3.0
197,289,2.0
197,290,3.0
197,291,2.0
197,292,2.0
197,293,1.0
197,294,2.0
197,295,2.0
197,296,2.0
197,297,2.0
197,298,1.0
197,299,1.0
197,300,2.0
197,301,2.0
197,302,2.0
197,303,2.0
197,304,3.0
197,305,2.0
197,306,2.0
197,307,2.0
197,308,3.0
197,309,2.0
197,310,2.0
197,311,2.0
197,312,2.0
197,313,2.0
197,314,2.0
197,315,2.0
197,316,2.0
197,317,2.0
197,318,1.0
197,319,1.0
197,320,2.0
197,321,2.0
197,322,2.0
197,323,2.0
197,324,2.0
197,325,1.0
197,326,2.0
197,327,2.0
197,328,2.0
197,329,2.0
197,330,2.0
197,331,1.0
197,332,2.0
197,333,3.0
197,334,1.0
197,335,1.0
197,336,3.0
197,337,2.0
197,338,2.0
197,339,2.0
197,340,0.0
197,341,2.0
197,342,2.0
197,343,2.0
197,344,2.0
197,345,2.0
197,346,2.0
197,347,2.0
197,348,2.0
197,349,2.0
197,350,1.0
197,351,2.0
197,352,2.0
197,353,2.0
197,354,2.0
197,355,1.0
197,356,2.0
197,357,2.0
197,358,2.0
197,359,2.0
197,360,2.0
197,361,2.0
197,362,2.0
197,363,1.0
197,364,1.0
197,365,1.0
197,366,2.0
197,367,2.0
197,368,1.0
197,369,3.0
197,370,1.0
197,371,2.0
197,372,2.0
197,373,2.0
197,374,2.0
197,375,1.0
197,376,2.0
197,377,1.0
198,199,1.0
198,200,1.0
198,201,1.0
198,202,2.0
198,203,2.0
198,204,2.0
198,205,2.0
198,206,3.0
198,207,1.0
198,208,2.0
198,209,2.0
198,210,4.0
198,211,2.0
198,212,2.0
198,213,2.0
198,214,2.0
198,215,4.0
198,216,3.0
198,217,1.0
198,218,2.0
198,219,1.0
198,220,2.0
198,221,3.0
198,222,1.0
198,223,2.0
198,224,2.0
198,225,2.0
198,226,1.0
198,227,2.0
198,228,1.0
198,229,2.0
198,230,1.0
198,231,2.0
198,232,2.0
198,233,1.0
198,234,1.0
198,235,2.0
198,236,3.0
198,237,2.0
198,238,1.0
198,239,2.0
198,240,2.0
198,241,2.0
198,242,2.0
198,243,2.0
198,244,2.0
198,245,3.0
198,246,1.0
198,247,2.0
198,248,1.0
198,249,2.0
198,250,2.0
198,251,1.0
198,252,2.0
198,253,2.0
198,254,2.0
198,255,3.0
198,256,1.0
198,257,4.0
198,258,2.0
198,259,2.0
198,260,2.0
198,261,2.0
198,262,2.0
198,263,2.0
198,264,2.0
198,265,2.0
198,266,1.0
198,267,2.0
198,268,2.0
198,269,1.0
198,270,2.0
198,271,2.0
198,272,2.0
198,273,1.0
198,274,2.0
198,275,2.0
198,276,2.0
198,277,2.0
198,278,2.0
198,279,1.0
198,280,4.0
198,281,2.0
198,282,1.0
198,283,1.0
198,284,2.0
198,285,3.0
198,286,2.0
198,287,1.0
198,288,3.0
198,289,2.0
198,290,3.0
198,291,2.0
198,292,2.0
198,293,1.0
198,294,2.0
198,295,2.0
198,296,2.0
198,297,2.0
198,298,1.0
198,299,1.0
198,300,2.0
198,301,2.0
198,302,2.0
198,303,2.0
198,304,3.0
198,305,2.0
198,306,2.0
198,307,2.0
198,308,3.0
198,309,2.0
198,310,2.0
198,311,2.0
198,312,2.0
198,313,2.0
198,314,2.0
198,315,2.0
198,316,2.0
198,317,2.0
198,318,1.0
198,319,1.0
198,320,2.0
198,321,2.0
198,322,2.0
198,323,2.0
198,324,2.0
198,325,1.0
198,326,2.0
198,327,2.0
198,328,2.0
198,329,2.0
198,330,2.0
198,331,1.0
198,332,2.0
198,333,3.0
198,334,1.0
198,335,1.0
198,336,3.0
198,337,2.0
198,338,2.0
198,339,2.0
198,340,0.0
198,341,2.0
198,342,2.0
198,343,2.0
198,344,2.0
198,345,2.0
198,346,2.0
198,347,2.0
198,348,2.0
198,349,2.0
198,350,1.0
198,351,2.0
198,352,2.0
198,353,2.0
198,354,2.0
198,355,1.0
198,356,2.0
198,357,2.0
198,358,2.0
198,359,2.0
198,360,2.0
198,361,2.0
198,362,2.0
198,363,1.0
198,364,1.0
198,365,1.0
198,366,2.0
198,367,2.0
198,368,1.0
198,369,3.0
198,370,1.0
198,371,2.0
198,372,2.0
198,373,2.0
198,374,2.0
198,375,1.0
198,376,2.0
198,377,1.0
199,200,6.0
199,201,6.0
199,202,0.0
199,203,2.0
199,204,0.0
199,205,0.0
199,206,1.0
199,207,0.0
199,208,0.0
199,209,0.0
199,210,1.0
199,211,1.0
199,212,1.0
199,213,1.0
199,214,1.0
199,215,1.0
199,216,1.0
199,217,0.0
199,218,2.0
199,219,0.0
199,220,1.0
199,221,1.0
199,222,2.0
199,223,1.0
199,224,0.0
199,225,0.0
199,226,5.0
199,227,0.0
199,228,1.0
199,229,2.0
199,230,0.0
199,231,0.0
199,232,1.0
199,233,2.0
199,234,0.0
199,235,0.0
199,236,1.0
199,237,0.0
199,238,0.0
199,239,0.0
199,240,1.0
199,241,1.0
199,242,0.0
199,243,1.0
199,244,0.0
199,245,1.0
199,246,0.0
199,247,0.0
199,248,1.0
199,249,0.0
199,250,0.0
199,251,1.0
199,252,0.0
199,253,0.0
199,254,1.0
199,255,1.0
199,256,0.0
199,257,1.0
199,258,1.0
199,259,2.0
199,260,0.0
199,261,0.0
199,262,1.0
199,263,1.0
199,264,1.0
199,265,2.0
199,266,1.0
199,267,0.0
199,268,1.0
199,269,0.0
199,270,0.0
199,271,2.0
199,272,0.0
199,273,1.0
199,274,0.0
199,275,0.0
199,276,0.0
199,277,0.0
199,278,1.0
199,279,0.0
199,280,1.0
199,281,2.0
199,282,0.0
199,283,2.0
199,284,0.0
199,285,1.0
199,286,1.0
199,287,2.0
199,288,1.0
199,289,0.0
199,290,1.0
199,291,0.0
199,292,0.0
199,293,2.0
199,294,0.0
199,295,1.0
199,296,0.0
199,297,0.0
199,298,0.0
199,299,0.0
199,300,1.0
199,301,1.0
199,302,0.0
199,303,0.0
199,304,0.0
199,305,2.0
199,306,0.0
199,307,0.0
199,308,1.0
199,309,1.0
199,310,0.0
199,311,1.0
199,312,2.0
199,313,0.0
199,314,0.0
199,315,0.0
199,316,0.0
199,317,2.0
199,318,0.0
199,319,1.0
199,320,0.0
199,321,0.0
199,322,1.0
199,323,1.0
199,324,0.0
199,325,3.0
199,326,0.0
199,327,2.0
199,328,0.0
199,329,1.0
199,330,1.0
199,331,5.0
199,332,0.0
199,333,0.0
199,334,4.0
199,335,5.0
199,336,2.0
199,337,0.0
199,338,0.0
199,339,2.0
199,340,0.0
199,341,2.0
199,342,0.0
199,343,0.0
199,344,0.0
199,345,0.0
199,346,0.0
199,347,0.0
199,348,0.0
199,349,1.0
199,350,0.0
199,351,0.0
199,352,0.0
199,353,1.0
199,354,0.0
199,355,1.0
199,356,1.0
199,357,1.0
199,358,0.0
199,359,0.0
199,360,1.0
199,361,0.0
199,362,1.0
199,363,2.0
199,364,3.0
199,365,2.0
199,366,0.0
199,367,0.0
199,368,1.0
199,369,1.0
199,370,0.0
199,371,1.0
199,372,0.0
199,373,0.0
199,374,0.0
199,375,2.0
199,376,1.0
199,377,0.0
200,201,6.0
200,202,0.0
200,203,2.0
200,204,0.0
200,205,0.0
200,206,1.0
200,207,0.0
200,208,0.0
200,209,0.0
200,210,1.0
200,211,1.0
200,212,1.0
200,213,1.0
200,214,1.0
200,215,1.0
200,216,1.0
200,217,0.0
200,218,2.0
200,219,0.0
200,220,1.0
200,221,1.0
200,222,2.0
200,223,1.0
200,224,0.0
200,225,0.0
200,226,5.0
200,227,0.0
200,228,1.0
200,229,2.0
200,230,0.0
200,231,0.0
200,232,1.0
200,233,2.0
200,234,0.0
200,235,0.0
200,236,1.0
200,237,0.0
200,238,0.0
200,239,0.0
200,240,1.0
200,241,1.0
200,242,0.0
200,243,1.0
200,244,0.0
200,245,1.0
200,246,0.0
200,247,0.0
200,248,1.0
200,249,0.0
200,250,0.0
200,251,1.0
200,252,0.0
200,253,0.0
200,254,1.0
200,255,1.0
200,256,0.0
200,257,1.0
200,258,1.0
200,259,2.0
200,260,0.0
200,261,0.0
200,262,1.0
200,263,1.0
200,264,1.0
200,265,2.0
200,266,1.0
200,267,0.0
200,268,1.0
200,269,0.0
200,270,0.0
200,271,2.0
200,272,0.0
200,273,1.0
200,274,0.0
200,275,0.0
200,276,0.0
200,277,0.0
200,278,1.0
200,279,0.0
200,280,1.0
200,281,2.0
200,282,0.0
200,283,2.0
200,284,0.0
200,285,1.0
200,286,1.0
200,287,2.0
200,288,1.0
200,289,0.0
200,290,1.0
200,291,0.0
200,292,0.0
200,293,2.0
200,294,0.0
200,295,1.0
200,296,0.0
200,297,0.0
200,298,0.0
200,299,0.0
200,300,1.0
200,301,1.0
200,302,0.0
200,303,0.0
200,304,0.0
200,305,2.0
200,306,0.0
200,307,0.0
200,308,1.0
200,309,1.0
200,310,0.0
200,311,1.0
200,312,2.0
200,313,0.0
200,314,0.0
200,315,0.0
200,316,0.0
200,317,2.0
200,318,0.0
200,319,1.0
200,320,0.0
200,321,0.0
200,322,1.0
200,323,1.0
200,324,0.0
200,325,3.0
200,326,0.0
200,327,2.0
200,328,0.0
200,329,1.0
200,330,1.0
200,331,5.0
200,332,0.0
200,333,0.0
200,334,4.0
200,335,5.0
200,336,2.0
200,337,0.0
200,338,0.0
200,339,2.0
200,340,0.0
200,341,2.0
200,342,0.0
200,343,0.0
200,344,0.0
200,345,0.0
200,346,0.0
200,347,0.0
200,348,0.0
200,349,1.0
200,350,0.0
200,351,0.0
200,352,0.0
200,353,1.0
200,354,0.0
200,355,1.0
200,356,1.0
200,357,1.0
200,358,0.0
200,359,0.0
200,360,1.0
200,361,0.0
200,362,1.0
200,363,2.0
200,364,3.0
200,365,2.0
200,366,0.0
200,367,0.0
200,368,1.0
200,369,1.0
200,370,0.0
200,371,1.0
200,372,0.0
200,373,0.0
200,374,0.0
200,375,2.0
200,376,1.0
200,377,0.0
201,202,0.0
201,203,2.0
201,204,0.0
201,205,0.0
201,206,1.0
201,207,0.0
201,208,0.0
201,209,0.0
201,210,1.0
201,211,1.0
201,212,1.0
201,213,1.0
201,214,1.0
201,215,1.0
201,216,1.0
201,217,0.0
201,218,2.0
201,219,0.0
201,220,1.0
201,221,1.0
201,222,2.0
201,223,1.0
201,224,0.0
201,225,0.0
201,226,5.0
201,227,0.0
201,228,1.0
201,229,2.0
201,230,0.0
201,231,0.0
201,232,1.0
201,233,2.0
201,234,0.0
201,235,0.0
201,236,1.0
201,237,0.0
201,238,0.0
201,239,0.0
201,240,1.0
201,241,1.0
201,242,0.0
201,243,1.0
201,244,0.0
201,245,1.0
201,246,0.0
201,247,0.0
201,248,1.0
201,249,0.0
201,250,0.0
201,251,1.0
201,252,0.0
201,253,0.0
201,254,1.0
201,255,1.0
201,256,0.0
201,257,1.0
201,258,1.0
201,259,2.0
201,260,0.0
201,261,0.0
201,262,1.0
201,263,1.0
201,264,1.0
201,265,2.0
201,266,1.0
201,267,0.0
201,268,1.0
201,269,0.0
201,270,0.0
201,271,2.0
201,272,0.0
201,273,1.0
201,274,0.0
201,275,0.0
201,276,0.0
201,277,0.0
201,278,1.0
201,279,0.0
201,280,1.0
201,281,2.0
201,282,0.0
201,283,2.0
201,284,0.0
201,285,1.0
201,286,1.0
201,287,2.0
201,288,1.0
201,289,0.0
201,290,1.0
201,291,0.0
201,292,0.0
201,293,2.0
201,294,0.0
201,295,1.0
201,296,0.0
201,297,0.0
201,298,0.0
201,299,0.0
201,300,1.0
201,301,1.0
201,302,0.0
201,303,0.0
201,304,0.0
201,305,2.0
201,306,0.0
201,307,0.0
201,308,1.0
201,309,1.0
201,310,0.0
201,311,1.0
201,312,2.0
201,313,0.0
201,314,0.0
201,315,0.0
201,316,0.0
201,317,2.0
201,318,0.0
201,319,1.0
201,320,0.0
201,321,0.0
201,322,1.0
201,323,1.0
201,324,0.0
201,325,3.0
201,326,0.0
201,327,2.0
201,328,0.0
201,329,1.0
201,330,1.0
201,331,5.0
201,332,0.0
201,333,0.0
201,334,4.0
201,335,5.0
201,336,2.0
201,337,0.0
201,338,0.0
201,339,2.0
201,340,0.0
201,341,2.0
201,342,0.0
201,343,0.0
201,344,0.0
201,345,0.0
201,346,0.0
201,347,0.0
201,348,0.0
201,349,1.0
201,350,0.0
201,351,0.0
201,352,0.0
201,353,1.0
201,354,0.0
201,355,1.0
201,356,1.0
201,357,1.0
201,358,0.0
201,359,0.0
201,360,1.0
201,361,0.0
201,362,1.0
201,363,2.0
201,364,3.0
201,365,2.0
201,366,0.0
201,367,0.0
201,368,1.0
201,369,1.0
201,370,0.0
201,371,1.0
201,372,0.0
201,373,0.0
201,374,0.0
201,375,2.0
201,376,1.0
201,377,0.0
202,203,3.0
202,204,2.0
202,205,2.0
202,206,1.0
202,207,3.0
202,208,2.0
202,209,4.0
202,210,3.0
202,211,2.0
202,212,3.0
202,213,3.0
202,214,3.0
202,215,2.0
202,216,4.0
202,217,4.0
202,218,3.0
202,219,2.0
202,220,3.0
202,221,1.0
202,222,2.0
202,223,3.0
202,224,4.0
202,225,4.0
202,226,1.0
202,227,4.0
202,228,2.0
202,229,2.0
202,230,3.0
202,231,4.0
202,232,4.0
202,233,2.0
202,234,3.0
202,235,3.0
202,236,5.0
202,237,5.0
202,238,3.0
202,239,4.0
202,240,2.0
202,241,3.0
202,242,3.0
202,243,3.0
202,244,4.0
202,245,5.0
202,246,3.0
202,247,3.0
202,248,0.0
202,249,3.0
202,250,6.0
202,251,2.0
202,252,3.0
202,253,2.0
202,254,2.0
202,255,3.0
202,256,4.0
202,257,2.0
202,258,2.0
202,259,2.0
202,260,3.0
202,261,4.0
202,262,3.0
202,263,2.0
202,264,2.0
202,265,3.0
202,266,0.0
202,267,4.0
202,268,3.0
202,269,2.0
202,270,2.0
202,271,2.0
202,272,3.0
202,273,3.0
202,274,3.0
202,275,4.0
202,276,4.0
202,277,4.0
202,278,2.0
202,279,3.0
202,280,3.0
202,281,3.0
202,282,2.0
202,283,1.0
202,284,4.0
202,285,1.0
202,286,3.0
202,287,2.0
202,288,2.0
202,289,4.0
202,290,3.0
202,291,2.0
202,292,3.0
202,293,2.0
202,294,2.0
202,295,3.0
202,296,5.0
202,297,4.0
202,298,3.0
202,299,3.0
202,300,3.0
202,301,3.0
202,302,4.0
202,303,3.0
202,304,5.0
202,305,3.0
202,306,3.0
202,307,4.0
202,308,2.0
202,309,2.0
202,310,4.0
202,311,2.0
202,312,2.0
202,313,4.0
202,314,4.0
202,315,3.0
202,316,3.0
202,317,0.0
202,318,3.0
202,319,2.0
202,320,4.0
202,321,4.0
202,322,3.0
202,323,3.0
202,324,3.0
202,325,2.0
202,326,4.0
202,327,2.0
202,328,4.0
202,329,3.0
202,330,3.0
202,331,1.0
202,332,3.0
202,333,5.0
202,334,1.0
202,335,0.0
202,336,1.0
202,337,4.0
202,338,6.0
202,339,3.0
202,340,3.0
202,341,3.0
202,342,3.0
202,343,4.0
202,344,4.0
202,345,4.0
202,346,3.0
202,347,4.0
202,348,6.0
202,349,2.0
202,350,2.0
202,351,4.0
202,352,4.0
202,353,3.0
202,354,4.0
202,355,0.0
202,356,3.0
202,357,2.0
202,358,4.0
202,359,3.0
202,360,3.0
202,361,4.0
202,362,3.0
202,363,2.0
202,364,1.0
202,365,2.0
202,366,3.0
202,367,4.0
202,368,0.0
202,369,3.0
202,370,3.0
202,371,3.0
202,372,3.0
202,373,2.0
202,374,4.0
202,375,2.0
202,376,3.0
202,377,2.0
203,204,2.0
203,205,2.0
203,206,2.0
203,207,3.0
203,208,2.0
203,209,3.0
203,210,3.0
203,211,1.0
203,212,4.0
203,213,2.0
203,214,4.0
203,215,3.0
203,216,2.0
203,217,3.0
203,218,2.0
203,219,2.0
203,220,4.0
203,221,2.0
203,222,3.0
203,223,2.0
203,224,3.0
203,225,3.0
203,226,2.0
203,227,3.0
203,228,3.0
203,229,2.0
203,230,3.0
203,231,3.0
203,232,5.0
203,233,2.0
203,234,2.0
203,235,2.0
203,236,4.0
203,237,3.0
203,238,2.0
203,239,3.0
203,240,1.0
203,241,2.0
203,242,2.0
203,243,4.0
203,244,3.0
203,245,4.0
203,246,3.0
203,247,2.0
203,248,1.0
203,249,2.0
203,250,3.0
203,251,3.0
203,252,2.0
203,253,1.0
203,254,2.0
203,255,2.0
203,256,3.0
203,257,3.0
203,258,3.0
203,259,2.0
203,260,2.0
203,261,3.0
203,262,2.0
203,263,3.0
203,264,1.0
203,265,2.0
203,266,1.0
203,267,3.0
203,268,4.0
203,269,2.0
203,270,2.0
203,271,2.0
203,272,2.0
203,273,3.0
203,274,3.0
203,275,3.0
203,276,3.0
203,277,3.0
203,278,3.0
203,279,2.0
203,280,3.0
203,281,2.0
203,282,2.0
203,283,2.0
203,284,3.0
203,285,2.0
203,286,4.0
203,287,3.0
203,288,2.0
203,289,3.0
203,290,2.0
203,291,2.0
203,292,2.0
203,293,2.0
203,294,2.0
203,295,2.0
203,296,3.0
203,297,3.0
203,298,3.0
203,299,3.0
203,300,3.0
203,301,4.0
203,302,3.0
203,303,2.0
203,304,3.0
203,305,2.0
203,306,2.0
203,307,3.0
203,308,2.0
203,309,3.0
203,310,3.0
203,311,1.0
203,312,2.0
203,313,3.0
203,314,3.0
203,315,3.0
203,316,2.0
203,317,2.0
203,318,3.0
203,319,2.0
203,320,3.0
203,321,3.0
203,322,4.0
203,323,4.0
203,324,2.0
203,325,3.0
203,326,3.0
203,327,2.0
203,328,3.0
203,329,4.0
203,330,2.0
203,331,2.0
203,332,2.0
203,333,3.0
203,334,2.0
203,335,1.0
203,336,2.0
203,337,3.0
203,338,3.0
203,339,2.0
203,340,2.0
203,341,2.0
203,342,2.0
203,343,3.0
203,344,3.0
203,345,3.0
203,346,2.0
203,347,3.0
203,348,3.0
203,349,3.0
203,350,2.0
203,351,3.0
203,352,3.0
203,353,4.0
203,354,3.0
203,355,1.0
203,356,4.0
203,357,2.0
203,358,3.0
203,359,3.0
203,360,4.0
203,361,3.0
203,362,2.0
203,363,3.0
203,364,2.0
203,365,3.0
203,366,2.0
203,367,3.0
203,368,1.0
203,369,2.0
203,370,3.0
203,371,2.0
203,372,2.0
203,373,2.0
203,374,3.0
203,375,2.0
203,376,2.0
203,377,2.0
204,205,6.0
204,206,3.0
204,207,2.0
204,208,3.0
204,209,2.0
204,210,2.0
204,211,2.0
204,212,2.0
204,213,1.0
204,214,2.0
204,215,1.0
204,216,3.0
204,217,2.0
204,218,3.0
204,219,2.0
204,220,2.0
204,221,1.0
204,222,1.0
204,223,2.0
204,224,2.0
204,225,2.0
204,226,1.0
204,227,2.0
204,228,2.0
204,229,1.0
204,230,2.0
204,231,2.0
204,232,2.0
204,233,1.0
204,234,1.0
204,235,2.0
204,236,2.0
204,237,2.0
204,238,1.0
204,239,2.0
204,240,2.0
204,241,1.0
204,242,3.0
204,243,2.0
204,244,2.0
204,245,2.0
204,246,2.0
204,247,1.0
204,248,1.0
204,249,2.0
204,250,2.0
204,251,2.0
204,252,5.0
204,253,3.0
204,254,3.0
204,255,3.0
204,256,3.0
204,257,1.0
204,258,2.0
204,259,1.0
204,260,3.0
204,261,2.0
204,262,2.0
204,263,2.0
204,264,2.0
204,265,3.0
204,266,2.0
204,267,2.0
204,268,2.0
204,269,3.0
204,270,3.0
204,271,1.0
204,272,1.0
204,273,2.0
204,274,3.0
204,275,2.0
204,276,2.0
204,277,2.0
204,278,2.0
204,279,3.0
204,280,2.0
204,281,3.0
204,282,2.0
204,283,2.0
204,284,2.0
204,285,1.0
204,286,2.0
204,287,1.0
204,288,2.0
204,289,2.0
204,290,2.0
204,291,2.0
204,292,3.0
204,293,1.0
204,294,3.0
204,295,1.0
204,296,2.0
204,297,2.0
204,298,2.0
204,299,2.0
204,300,2.0
204,301,2.0
204,302,2.0
204,303,3.0
204,304,3.0
204,305,3.0
204,306,2.0
204,307,2.0
204,308,1.0
204,309,2.0
204,310,2.0
204,311,2.0
204,312,1.0
204,313,2.0
204,314,2.0
204,315,3.0
204,316,2.0
204,317,1.0
204,318,2.0
204,319,2.0
204,320,2.0
204,321,2.0
204,322,2.0
204,323,2.0
204,324,1.0
204,325,1.0
204,326,2.0
204,327,1.0
204,328,2.0
204,329,2.0
204,330,1.0
204,331,1.0
204,332,2.0
204,333,3.0
204,334,1.0
204,335,0.0
204,336,1.0
204,337,2.0
204,338,2.0
204,339,2.0
204,340,2.0
204,341,3.0
204,342,3.0
204,343,2.0
204,344,2.0
204,345,2.0
204,346,2.0
204,347,2.0
204,348,2.0
204,349,2.0
204,350,3.0
204,351,2.0
204,352,2.0
204,353,2.0
204,354,2.0
204,355,1.0
204,356,2.0
204,357,1.0
204,358,2.0
204,359,3.0
204,360,2.0
204,361,2.0
204,362,1.0
204,363,1.0
204,364,2.0
204,365,1.0
204,366,1.0
204,367,2.0
204,368,1.0
204,369,3.0
204,370,2.0
204,371,1.0
204,372,3.0
204,373,3.0
204,374,2.0
204,375,1.0
204,376,2.0
204,377,2.0
205,206,3.0
205,207,2.0
205,208,3.0
205,209,2.0
205,210,2.0
205,211,2.0
205,212,2.0
205,213,1.0
205,214,2.0
205,215,1.0
205,216,3.0
205,217,2.0
205,218,3.0
205,219,2.0
205,220,2.0
205,221,1.0
205,222,1.0
205,223,2.0
205,224,2.0
205,225,2.0
205,226,1.0
205,227,2.0
205,228,2.0
205,229,1.0
205,230,2.0
205,231,2.0
205,232,2.0
205,233,1.0
205,234,1.0
205,235,2.0
205,236,2.0
205,237,2.0
205,238,1.0
205,239,2.0
205,240,2.0
205,241,1.0
205,242,3.0
205,243,2.0
205,244,2.0
205,245,2.0
205,246,2.0
205,247,1.0
205,248,1.0
205,249,2.0
205,250,2.0
205,251,2.0
205,252,5.0
205,253,3.0
205,254,3.0
205,255,3.0
205,256,3.0
205,257,1.0
205,258,2.0
205,259,1.0
205,260,3.0
205,261,2.0
205,262,2.0
205,263,2.0
205,264,2.0
205,265,3.0
205,266,2.0
205,267,2.0
205,268,2.0
205,269,3.0
205,270,3.0
205,271,1.0
205,272,1.0
205,273,2.0
205,274,3.0
205,275,2.0
205,276,2.0
205,277,2.0
205,278,2.0
205,279,3.0
205,280,2.0
205,281,3.0
205,282,2.0
205,283,2.0
205,284,2.0
205,285,1.0
205,286,2.0
205,287,1.0
205,288,2.0
205,289,2.0
205,290,2.0
205,291,2.0
205,292,3.0
205,293,1.0
205,294,3.0
205,295,1.0
205,296,2.0
205,297,2.0
205,298,2.0
205,299,2.0
205,300,2.0
205,301,2.0
205,302,2.0
205,303,3.0
205,304,3.0
205,305,3.0
205,306,2.0
205,307,2.0
205,308,1.0
205,309,2.0
205,310,2.0
205,311,2.0
205,312,1.0
205,313,2.0
205,314,2.0
205,315,3.0
205,316,2.0
205,317,1.0
205,318,2.0
205,319,2.0
205,320,2.0
205,321,2.0
205,322,2.0
205,323,2.0
205,324,1.0
205,325,1.0
205,326,2.0
205,327,1.0
205,328,2.0
205,329,2.0
205,330,1.0
205,331,1.0
205,332,2.0
205,333,3.0
205,334,1.0
205,335,0.0
205,336,1.0
205,337,2.0
205,338,2.0
205,339,2.0
205,340,2.0
205,341,3.0
205,342,3.0
205,343,2.0
205,344,2.0
205,345,2.0
205,346,2.0
205,347,2.0
205,348,2.0
205,349,2.0
205,350,3.0
205,351,2.0
205,352,2.0
205,353,2.0
205,354,2.0
205,355,1.0
205,356,2.0
205,357,1.0
205,358,2.0
205,359,3.0
205,360,2.0
205,361,2.0
205,362,1.0
205,363,1.0
205,364,2.0
205,365,1.0
205,366,1.0
205,367,2.0
205,368,1.0
205,369,3.0
205,370,2.0
205,371,1.0
205,372,3.0
205,373,3.0
205,374,2.0
205,375,1.0
205,376,2.0
205,377,2.0
206,207,1.0
206,208,2.0
206,209,1.0
206,210,2.0
206,211,2.0
206,212,2.0
206,213,1.0
206,214,2.0
206,215,2.0
206,216,2.0
206,217,1.0
206,218,2.0
206,219,2.0
206,220,2.0
206,221,1.0
206,222,1.0
206,223,2.0
206,224,1.0
206,225,1.0
206,226,1.0
206,227,1.0
206,228,1.0
206,229,1.0
206,230,1.0
206,231,1.0
206,232,2.0
206,233,1.0
206,234,1.0
206,235,1.0
206,236,2.0
206,237,1.0
206,238,1.0
206,239,1.0
206,240,2.0
206,241,1.0
206,242,2.0
206,243,2.0
206,244,1.0
206,245,2.0
206,246,1.0
206,247,1.0
206,248,1.0
206,249,1.0
206,250,1.0
206,251,1.0
206,252,3.0
206,253,3.0
206,254,3.0
206,255,2.0
206,256,2.0
206,257,2.0
206,258,2.0
206,259,1.0
206,260,2.0
206,261,1.0
206,262,1.0
206,263,2.0
206,264,2.0
206,265,2.0
206,266,1.0
206,267,1.0
206,268,2.0
206,269,3.0
206,270,2.0
206,271,1.0
206,272,1.0
206,273,1.0
206,274,2.0
206,275,1.0
206,276,1.0
206,277,1.0
206,278,2.0
206,279,2.0
206,280,2.0
206,281,2.0
206,282,1.0
206,283,2.0
206,284,1.0
206,285,2.0
206,286,2.0
206,287,1.0
206,288,2.0
206,289,1.0
206,290,2.0
206,291,2.0
206,292,2.0
206,293,1.0
206,294,2.0
206,295,1.0
206,296,1.0
206,297,1.0
206,298,1.0
206,299,1.0
206,300,2.0
206,301,2.0
206,302,1.0
206,303,2.0
206,304,2.0
206,305,2.0
206,306,1.0
206,307,1.0
206,308,2.0
206,309,2.0
206,310,1.0
206,311,2.0
206,312,1.0
206,313,1.0
206,314,1.0
206,315,2.0
206,316,1.0
206,317,2.0
206,318,1.0
206,319,1.0
206,320,1.0
206,321,1.0
206,322,2.0
206,323,2.0
206,324,1.0
206,325,1.0
206,326,1.0
206,327,1.0
206,328,1.0
206,329,2.0
206,330,1.0
206,331,1.0
206,332,1.0
206,333,2.0
206,334,1.0
206,335,1.0
206,336,2.0
206,337,1.0
206,338,1.0
206,339,2.0
206,340,1.0
206,341,2.0
206,342,2.0
206,343,1.0
206,344,1.0
206,345,1.0
206,346,1.0
206,347,1.0
206,348,1.0
206,349,2.0
206,350,2.0
206,351,1.0
206,352,1.0
206,353,2.0
206,354,1.0
206,355,1.0
206,356,2.0
206,357,2.0
206,358,1.0
206,359,2.0
206,360,2.0
206,361,1.0
206,362,1.0
206,363,1.0
206,364,2.0
206,365,1.0
206,366,1.0
206,367,1.0
206,368,1.0
206,369,2.0
206,370,1.0
206,371,1.0
206,372,2.0
206,373,2.0
206,374,1.0
206,375,1.0
206,376,1.0
206,377,1.0
207,208,2.0
207,209,4.0
207,210,2.0
207,211,1.0
207,212,3.0
207,213,3.0
207,214,3.0
207,215,2.0
207,216,2.0
207,217,4.0
207,218,2.0
207,219,3.0
207,220,3.0
207,221,1.0
207,222,2.0
207,223,2.0
207,224,4.0
207,225,4.0
207,226,1.0
207,227,4.0
207,228,3.0
207,229,3.0
207,230,4.0
207,231,4.0
207,232,3.0
207,233,3.0
207,234,2.0
207,235,3.0
207,236,3.0
207,237,3.0
207,238,2.0
207,239,4.0
207,240,1.0
207,241,3.0
207,242,3.0
207,243,3.0
207,244,4.0
207,245,3.0
207,246,4.0
207,247,3.0
207,248,1.0
207,249,2.0
207,250,3.0
207,251,3.0
207,252,2.0
207,253,2.0
207,254,2.0
207,255,2.0
207,256,3.0
207,257,2.0
207,258,3.0
207,259,3.0
207,260,3.0
207,261,4.0
207,262,2.0
207,263,3.0
207,264,1.0
207,265,2.0
207,266,0.0
207,267,4.0
207,268,3.0
207,269,2.0
207,270,2.0
207,271,3.0
207,272,3.0
207,273,4.0
207,274,4.0
207,275,4.0
207,276,4.0
207,277,4.0
207,278,3.0
207,279,2.0
207,280,2.0
207,281,2.0
207,282,3.0
207,283,1.0
207,284,4.0
207,285,1.0
207,286,3.0
207,287,2.0
207,288,2.0
207,289,4.0
207,290,2.0
207,291,2.0
207,292,3.0
207,293,3.0
207,294,2.0
207,295,3.0
207,296,3.0
207,297,4.0
207,298,4.0
207,299,4.0
207,300,2.0
207,301,3.0
207,302,4.0
207,303,3.0
207,304,3.0
207,305,2.0
207,306,3.0
207,307,4.0
207,308,2.0
207,309,3.0
207,310,4.0
207,311,1.0
207,312,3.0
207,313,4.0
207,314,4.0
207,315,4.0
207,316,2.0
207,317,0.0
207,318,5.0
207,319,2.0
207,320,4.0
207,321,4.0
207,322,3.0
207,323,3.0
207,324,3.0
207,325,2.0
207,326,4.0
207,327,3.0
207,328,4.0
207,329,3.0
207,330,3.0
207,331,1.0
207,332,3.0
207,333,3.0
207,334,1.0
207,335,0.0
207,336,1.0
207,337,4.0
207,338,3.0
207,339,3.0
207,340,2.0
207,341,2.0
207,342,3.0
207,343,4.0
207,344,4.0
207,345,3.0
207,346,2.0
207,347,4.0
207,348,3.0
207,349,3.0
207,350,3.0
207,351,4.0
207,352,4.0
207,353,3.0
207,354,4.0
207,355,1.0
207,356,3.0
207,357,2.0
207,358,4.0
207,359,4.0
207,360,3.0
207,361,4.0
207,362,3.0
207,363,2.0
207,364,1.0
207,365,2.0
207,366,3.0
207,367,4.0
207,368,1.0
207,369,2.0
207,370,4.0
207,371,3.0
207,372,3.0
207,373,2.0
207,374,4.0
207,375,3.0
207,376,2.0
207,377,3.0
208,209,2.0
208,210,3.0
208,211,2.0
208,212,4.0
208,213,2.0
208,214,4.0
208,215,1.0
208,216,2.0
208,217,3.0
208,218,2.0
208,219,2.0
208,220,4.0
208,221,1.0
208,222,2.0
208,223,4.0
208,224,2.0
208,225,2.0
208,226,1.0
208,227,2.0
208,228,2.0
208,229,2.0
208,230,2.0
208,231,2.0
208,232,2.0
208,233,2.0
208,234,2.0
208,235,2.0
208,236,2.0
208,237,3.0
208,238,2.0
208,239,2.0
208,240,2.0
208,241,2.0
208,242,2.0
208,243,4.0
208,244,2.0
208,245,2.0
208,246,2.0
208,247,2.0
208,248,1.0
208,249,3.0
208,250,2.0
208,251,2.0
208,252,3.0
208,253,2.0
208,254,2.0
208,255,2.0
208,256,2.0
208,257,1.0
208,258,3.0
208,259,2.0
208,260,2.0
208,261,2.0
208,262,3.0
208,263,3.0
208,264,2.0
208,265,2.0
208,266,1.0
208,267,2.0
208,268,4.0
208,269,2.0
208,270,6.0
208,271,2.0
208,272,2.0
208,273,2.0
208,274,2.0
208,275,2.0
208,276,2.0
208,277,2.0
208,278,3.0
208,279,2.0
208,280,3.0
208,281,2.0
208,282,3.0
208,283,1.0
208,284,2.0
208,285,1.0
208,286,4.0
208,287,1.0
208,288,2.0
208,289,2.0
208,290,2.0
208,291,3.0
208,292,2.0
208,293,2.0
208,294,6.0
208,295,2.0
208,296,2.0
208,297,2.0
208,298,2.0
208,299,2.0
208,300,3.0
208,301,2.0
208,302,2.0
208,303,2.0
208,304,2.0
208,305,2.0
208,306,2.0
208,307,2.0
208,308,3.0
208,309,3.0
208,310,2.0
208,311,2.0
208,312,2.0
208,313,2.0
208,314,2.0
208,315,2.0
208,316,3.0
208,317,1.0
208,318,2.0
208,319,3.0
208,320,2.0
208,321,2.0
208,322,4.0
208,323,4.0
208,324,2.0
208,325,1.0
208,326,2.0
208,327,2.0
208,328,2.0
208,329,4.0
208,330,2.0
208,331,1.0
208,332,2.0
208,333,2.0
208,334,1.0
208,335,0.0
208,336,1.0
208,337,2.0
208,338,2.0
208,339,2.0
208,340,2.0
208,341,2.0
208,342,2.0
208,343,2.0
208,344,2.0
208,345,2.0
208,346,3.0
208,347,2.0
208,348,2.0
208,349,3.0
208,350,3.0
208,351,2.0
208,352,2.0
208,353,3.0
208,354,2.0
208,355,1.0
208,356,4.0
208,357,3.0
208,358,2.0
208,359,2.0
208,360,4.0
208,361,2.0
208,362,2.0
208,363,2.0
208,364,1.0
208,365,1.0
208,366,2.0
208,367,2.0
208,368,2.0
208,369,2.0
208,370,2.0
208,371,2.0
208,372,2.0
208,373,6.0
208,374,2.0
208,375,2.0
208,376,3.0
208,377,3.0
209,210,3.0
209,211,2.0
209,212,3.0
209,213,4.0
209,214,3.0
209,215,2.0
209,216,3.0
209,217,4.0
209,218,2.0
209,219,3.0
209,220,3.0
209,221,1.0
209,222,2.0
209,223,3.0
209,224,5.0
209,225,5.0
209,226,1.0
209,227,5.0
209,228,3.0
209,229,3.0
209,230,4.0
209,231,5.0
209,232,3.0
209,233,3.0
209,234,2.0
209,235,4.0
209,236,4.0
209,237,3.0
209,238,2.0
209,239,5.0
209,240,2.0
209,241,4.0
209,242,4.0
209,243,3.0
209,244,5.0
209,245,4.0
209,246,4.0
209,247,4.0
209,248,1.0
209,249,2.0
209,250,4.0
209,251,3.0
209,252,2.0
209,253,3.0
209,254,2.0
209,255,3.0
209,256,3.0
209,257,2.0
209,258,3.0
209,259,3.0
209,260,4.0
209,261,5.0
209,262,2.0
209,263,3.0
209,264,2.0
209,265,2.0
209,266,0.0
209,267,5.0
209,268,3.0
209,269,2.0
209,270,2.0
209,271,3.0
209,272,4.0
209,273,4.0
209,274,3.0
209,275,5.0
209,276,5.0
209,277,5.0
209,278,3.0
209,279,2.0
209,280,3.0
209,281,2.0
209,282,3.0
209,283,1.0
209,284,5.0
209,285,1.0
209,286,3.0
209,287,2.0
209,288,2.0
209,289,5.0
209,290,3.0
209,291,2.0
209,292,4.0
209,293,3.0
209,294,2.0
209,295,4.0
209,296,4.0
209,297,5.0
209,298,4.0
209,299,4.0
209,300,2.0
209,301,3.0
209,302,5.0
209,303,4.0
209,304,4.0
209,305,2.0
209,306,3.0
209,307,5.0
209,308,3.0
209,309,3.0
209,310,5.0
209,311,2.0
209,312,3.0
209,313,5.0
209,314,5.0
209,315,3.0
209,316,2.0
209,317,0.0
209,318,4.0
209,319,2.0
209,320,5.0
209,321,5.0
209,322,3.0
209,323,3.0
209,324,4.0
209,325,2.0
209,326,5.0
209,327,3.0
209,328,5.0
209,329,3.0
209,330,4.0
209,331,1.0
209,332,4.0
209,333,4.0
209,334,1.0
209,335,0.0
209,336,1.0
209,337,5.0
209,338,4.0
209,339,3.0
209,340,2.0
209,341,2.0
209,342,4.0
209,343,5.0
209,344,5.0
209,345,4.0
209,346,2.0
209,347,5.0
209,348,4.0
209,349,3.0
209,350,3.0
209,351,5.0
209,352,5.0
209,353,3.0
209,354,5.0
209,355,1.0
209,356,3.0
209,357,3.0
209,358,5.0
209,359,3.0
209,360,3.0
209,361,5.0
209,362,4.0
209,363,2.0
209,364,1.0
209,365,2.0
209,366,4.0
209,367,5.0
209,368,1.0
209,369,3.0
209,370,4.0
209,371,4.0
209,372,4.0
209,373,2.0
209,374,5.0
209,375,3.0
209,376,2.0
209,377,3.0
210,211,2.0
210,212,4.0
210,213,2.0
210,214,4.0
210,215,3.0
210,216,3.0
210,217,2.0
210,218,2.0
210,219,1.0
210,220,4.0
210,221,2.0
210,222,2.0
210,223,3.0
210,224,3.0
210,225,3.0
210,226,1.0
210,227,3.0
210,228,2.0
210,229,1.0
210,230,2.0
210,231,3.0
210,232,3.0
210,233,2.0
210,234,2.0
210,235,3.0
210,236,4.0
210,237,4.0
210,238,2.0
210,239,3.0
210,240,2.0
210,241,2.0
210,242,3.0
210,243,4.0
210,244,3.0
210,245,4.0
210,246,2.0
210,247,2.0
210,248,1.0
210,249,3.0
210,250,3.0
210,251,2.0
210,252,2.0
210,253,2.0
210,254,2.0
210,255,3.0
210,256,2.0
210,257,3.0
210,258,3.0
210,259,1.0
210,260,3.0
210,261,3.0
210,262,3.0
210,263,3.0
210,264,2.0
210,265,2.0
210,266,2.0
210,267,3.0
210,268,4.0
210,269,2.0
210,270,3.0
210,271,1.0
210,272,2.0
210,273,2.0
210,274,2.0
210,275,3.0
210,276,3.0
210,277,3.0
210,278,3.0
210,279,2.0
210,280,6.0
210,281,2.0
210,282,3.0
210,283,1.0
210,284,3.0
210,285,2.0
210,286,4.0
210,287,2.0
210,288,2.0
210,289,3.0
210,290,3.0
210,291,2.0
210,292,3.0
210,293,2.0
210,294,3.0
210,295,2.0
210,296,3.0
210,297,3.0
210,298,2.0
210,299,2.0
210,300,4.0
210,301,3.0
210,302,3.0
210,303,3.0
210,304,3.0
210,305,2.0
210,306,3.0
210,307,3.0
210,308,4.0
210,309,3.0
210,310,3.0
210,311,2.0
210,312,1.0
210,313,3.0
210,314,3.0
210,315,2.0
210,316,3.0
210,317,1.0
210,318,2.0
210,319,3.0
210,320,3.0
210,321,3.0
210,322,4.0
210,323,4.0
210,324,2.0
210,325,1.0
210,326,3.0
210,327,1.0
210,328,3.0
210,329,4.0
210,330,2.0
210,331,1.0
210,332,3.0
210,333,3.0
210,334,1.0
210,335,1.0
210,336,2.0
210,337,3.0
210,338,3.0
210,339,2.0
210,340,1.0
210,341,2.0
210,342,3.0
210,343,3.0
210,344,3.0
210,345,3.0
210,346,3.0
210,347,3.0
210,348,3.0
210,349,3.0
210,350,2.0
210,351,3.0
210,352,3.0
210,353,3.0
210,354,3.0
210,355,1.0
210,356,4.0
210,357,3.0
210,358,3.0
210,359,2.0
210,360,4.0
210,361,3.0
210,362,2.0
210,363,3.0
210,364,1.0
210,365,2.0
210,366,2.0
210,367,3.0
210,368,1.0
210,369,3.0
210,370,2.0
210,371,2.0
210,372,3.0
210,373,3.0
210,374,3.0
210,375,2.0
210,376,3.0
210,377,3.0
211,212,1.0
211,213,2.0
211,214,1.0
211,215,1.0
211,216,2.0
211,217,1.0
211,218,1.0
211,219,2.0
211,220,1.0
211,221,1.0
211,222,1.0
211,223,3.0
211,224,2.0
211,225,2.0
211,226,1.0
211,227,2.0
211,228,1.0
211,229,2.0
211,230,1.0
211,231,2.0
211,232,1.0
211,233,2.0
211,234,0.0
211,235,2.0
211,236,2.0
211,237,2.0
211,238,0.0
211,239,2.0
211,240,5.0
211,241,2.0
211,242,2.0
211,243,1.0
211,244,2.0
211,245,2.0
211,246,1.0
211,247,2.0
211,248,1.0
211,249,2.0
211,250,2.0
211,251,1.0
211,252,2.0
211,253,2.0
211,254,2.0
211,255,2.0
211,256,2.0
211,257,1.0
211,258,1.0
211,259,2.0
211,260,2.0
211,261,2.0
211,262,2.0
211,263,1.0
211,264,5.0
211,265,1.0
211,266,1.0
211,267,2.0
211,268,1.0
211,269,2.0
211,270,2.0
211,271,2.0
211,272,2.0
211,273,2.0
211,274,1.0
211,275,2.0
211,276,2.0
211,277,2.0
211,278,1.0
211,279,2.0
211,280,2.0
211,281,1.0
211,282,1.0
211,283,2.0
211,284,2.0
211,285,2.0
211,286,1.0
211,287,1.0
211,288,1.0
211,289,2.0
211,290,2.0
211,291,2.0
211,292,2.0
211,293,2.0
211,294,2.0
211,295,2.0
211,296,2.0
211,297,2.0
211,298,1.0
211,299,1.0
211,300,1.0
211,301,1.0
211,302,2.0
211,303,2.0
211,304,2.0
211,305,1.0
211,306,2.0
211,307,2.0
211,308,2.0
211,309,1.0
211,310,2.0
211,311,5.0
211,312,2.0
211,313,2.0
211,314,2.0
211,315,1.0
211,316,2.0
211,317,1.0
211,318,1.0
211,319,2.0
211,320,2.0
211,321,2.0
211,322,1.0
211,323,1.0
211,324,2.0
211,325,1.0
211,326,2.0
211,327,2.0
211,328,2.0
211,329,1.0
211,330,2.0
211,331,1.0
211,332,2.0
211,333,2.0
211,334,1.0
211,335,1.0
211,336,1.0
211,337,2.0
211,338,2.0
211,339,2.0
211,340,1.0
211,341,1.0
211,342,2.0
211,343,2.0
211,344,2.0
211,345,2.0
211,346,2.0
211,347,2.0
211,348,2.0
211,349,1.0
211,350,2.0
211,351,2.0
211,352,2.0
211,353,1.0
211,354,2.0
211,355,1.0
211,356,1.0
211,357,2.0
211,358,2.0
211,359,1.0
211,360,1.0
211,361,2.0
211,362,2.0
211,363,1.0
211,364,2.0
211,365,1.0
211,366,2.0
211,367,2.0
211,368,0.0
211,369,2.0
211,370,1.0
211,371,2.0
211,372,2.0
211,373,2.0
211,374,2.0
211,375,2.0
211,376,2.0
211,377,1.0
212,213,3.0
212,214,6.0
212,215,3.0
212,216,2.0
212,217,4.0
212,218,2.0
212,219,3.0
212,220,6.0
212,221,2.0
212,222,3.0
212,223,3.0
212,224,3.0
212,225,3.0
212,226,1.0
212,227,3.0
212,228,2.0
212,229,3.0
212,230,3.0
212,231,3.0
212,232,4.0
212,233,3.0
212,234,3.0
212,235,2.0
212,236,4.0
212,237,4.0
212,238,3.0
212,239,3.0
212,240,1.0
212,241,3.0
212,242,2.0
212,243,6.0
212,244,3.0
212,245,4.0
212,246,3.0
212,247,3.0
212,248,2.0
212,249,3.0
212,250,3.0
212,251,2.0
212,252,2.0
212,253,2.0
212,254,2.0
212,255,2.0
212,256,3.0
212,257,3.0
212,258,5.0
212,259,3.0
212,260,2.0
212,261,3.0
212,262,3.0
212,263,5.0
212,264,1.0
212,265,2.0
212,266,2.0
212,267,3.0
212,268,6.0
212,269,2.0
212,270,4.0
212,271,3.0
212,272,3.0
212,273,3.0
212,274,3.0
212,275,3.0
212,276,3.0
212,277,3.0
212,278,5.0
212,279,2.0
212,280,4.0
212,281,2.0
212,282,3.0
212,283,1.0
212,284,3.0
212,285,2.0
212,286,6.0
212,287,3.0
212,288,2.0
212,289,3.0
212,290,2.0
212,291,2.0
212,292,2.0
212,293,3.0
212,294,4.0
212,295,3.0
212,296,3.0
212,297,3.0
212,298,3.0
212,299,3.0
212,300,4.0
212,301,4.0
212,302,3.0
212,303,2.0
212,304,3.0
212,305,2.0
212,306,2.0
212,307,3.0
212,308,4.0
212,309,5.0
212,310,3.0
212,311,1.0
212,312,3.0
212,313,3.0
212,314,3.0
212,315,3.0
212,316,3.0
212,317,1.0
212,318,3.0
212,319,3.0
212,320,3.0
212,321,3.0
212,322,6.0
212,323,6.0
212,324,3.0
212,325,2.0
212,326,3.0
212,327,3.0
212,328,3.0
212,329,6.0
212,330,3.0
212,331,1.0
212,332,2.0
212,333,3.0
212,334,1.0
212,335,1.0
212,336,2.0
212,337,3.0
212,338,3.0
212,339,3.0
212,340,2.0
212,341,2.0
212,342,2.0
212,343,3.0
212,344,3.0
212,345,3.0
212,346,3.0
212,347,3.0
212,348,3.0
212,349,5.0
212,350,2.0
212,351,3.0
212,352,3.0
212,353,5.0
212,354,3.0
212,355,2.0
212,356,6.0
212,357,4.0
212,358,3.0
212,359,3.0
212,360,6.0
212,361,3.0
212,362,3.0
212,363,4.0
212,364,1.0
212,365,3.0
212,366,3.0
212,367,3.0
212,368,2.0
212,369,2.0
212,370,3.0
212,371,3.0
212,372,2.0
212,373,4.0
212,374,3.0
212,375,3.0
212,376,3.0
212,377,3.0
213,214,3.0
213,215,2.0
213,216,3.0
213,217,3.0
213,218,2.0
213,219,3.0
213,220,3.0
213,221,1.0
213,222,2.0
213,223,2.0
213,224,4.0
213,225,4.0
213,226,2.0
213,227,4.0
213,228,2.0
213,229,4.0
213,230,3.0
213,231,4.0
213,232,2.0
213,233,4.0
213,234,1.0
213,235,3.0
213,236,3.0
213,237,2.0
213,238,1.0
213,239,4.0
213,240,2.0
213,241,5.0
213,242,3.0
213,243,3.0
213,244,4.0
213,245,3.0
213,246,3.0
213,247,4.0
213,248,1.0
213,249,2.0
213,250,3.0
213,251,2.0
213,252,1.0
213,253,3.0
213,254,2.0
213,255,3.0
213,256,2.0
213,257,2.0
213,258,3.0
213,259,4.0
213,260,3.0
213,261,4.0
213,262,2.0
213,263,3.0
213,264,2.0
213,265,2.0
213,266,0.0
213,267,4.0
213,268,3.0
213,269,1.0
213,270,2.0
213,271,4.0
213,272,4.0
213,273,3.0
213,274,2.0
213,275,4.0
213,276,4.0
213,277,4.0
213,278,3.0
213,279,1.0
213,280,2.0
213,281,2.0
213,282,2.0
213,283,2.0
213,284,4.0
213,285,2.0
213,286,3.0
213,287,2.0
213,288,2.0
213,289,4.0
213,290,3.0
213,291,1.0
213,292,3.0
213,293,4.0
213,294,2.0
213,295,5.0
213,296,3.0
213,297,4.0
213,298,3.0
213,299,3.0
213,300,1.0
213,301,2.0
213,302,4.0
213,303,3.0
213,304,3.0
213,305,2.0
213,306,2.0
213,307,4.0
213,308,3.0
213,309,3.0
213,310,4.0
213,311,2.0
213,312,4.0
213,313,4.0
213,314,4.0
213,315,2.0
213,316,2.0
213,317,1.0
213,318,3.0
213,319,1.0
213,320,4.0
213,321,4.0
213,322,3.0
213,323,3.0
213,324,4.0
213,325,3.0
213,326,4.0
213,327,4.0
213,328,4.0
213,329,3.0
213,330,5.0
213,331,2.0
213,332,3.0
213,333,3.0
213,334,2.0
213,335,1.0
213,336,2.0
213,337,4.0
213,338,3.0
213,339,4.0
213,340,1.0
213,341,2.0
213,342,3.0
213,343,4.0
213,344,4.0
213,345,3.0
213,346,2.0
213,347,4.0
213,348,3.0
213,349,3.0
213,350,2.0
213,351,4.0
213,352,4.0
213,353,3.0
213,354,4.0
213,355,1.0
213,356,3.0
213,357,3.0
213,358,4.0
213,359,2.0
213,360,3.0
213,361,4.0
213,362,5.0
213,363,2.0
213,364,2.0
213,365,2.0
213,366,4.0
213,367,4.0
213,368,1.0
213,369,3.0
213,370,3.0
213,371,5.0
213,372,3.0
213,373,2.0
213,374,4.0
213,375,4.0
213,376,2.0
213,377,2.0
214,215,3.0
214,216,2.0
214,217,4.0
214,218,2.0
214,219,3.0
214,220,6.0
214,221,2.0
214,222,3.0
214,223,3.0
214,224,3.0
214,225,3.0
214,226,1.0
214,227,3.0
214,228,2.0
214,229,3.0
214,230,3.0
214,231,3.0
214,232,4.0
214,233,3.0
214,234,3.0
214,235,2.0
214,236,4.0
214,237,4.0
214,238,3.0
214,239,3.0
214,240,1.0
214,241,3.0
214,242,2.0
214,243,6.0
214,244,3.0
214,245,4.0
214,246,3.0
214,247,3.0
214,248,2.0
214,249,3.0
214,250,3.0
214,251,2.0
214,252,2.0
214,253,2.0
214,254,2.0
214,255,2.0
214,256,3.0
214,257,3.0
214,258,5.0
214,259,3.0
214,260,2.0
214,261,3.0
214,262,3.0
214,263,5.0
214,264,1.0
214,265,2.0
214,266,2.0
214,267,3.0
214,268,6.0
214,269,2.0
214,270,4.0
214,271,3.0
214,272,3.0
214,273,3.0
214,274,3.0
214,275,3.0
214,276,3.0
214,277,3.0
214,278,5.0
214,279,2.0
214,280,4.0
214,281,2.0
214,282,3.0
214,283,1.0
214,284,3.0
214,285,2.0
214,286,6.0
214,287,3.0
214,288,2.0
214,289,3.0
214,290,2.0
214,291,2.0
214,292,2.0
214,293,3.0
214,294,4.0
214,295,3.0
214,296,3.0
214,297,3.0
214,298,3.0
214,299,3.0
214,300,4.0
214,301,4.0
214,302,3.0
214,303,2.0
214,304,3.0
214,305,2.0
214,306,2.0
214,307,3.0
214,308,4.0
214,309,5.0
214,310,3.0
214,311,1.0
214,312,3.0
214,313,3.0
214,314,3.0
214,315,3.0
214,316,3.0
214,317,1.0
214,318,3.0
214,319,3.0
214,320,3.0
214,321,3.0
214,322,6.0
214,323,6.0
214,324,3.0
214,325,2.0
214,326,3.0
214,327,3.0
214,328,3.0
214,329,6.0
214,330,3.0
214,331,1.0
214,332,2.0
214,333,3.0
214,334,1.0
214,335,1.0
214,336,2.0
214,337,3.0
214,338,3.0
214,339,3.0
214,340,2.0
214,341,2.0
214,342,2.0
214,343,3.0
214,344,3.0
214,345,3.0
214,346,3.0
214,347,3.0
214,348,3.0
214,349,5.0
214,350,2.0
214,351,3.0
214,352,3.0
214,353,5.0
214,354,3.0
214,355,2.0
214,356,6.0
214,357,4.0
214,358,3.0
214,359,3.0
214,360,6.0
214,361,3.0
214,362,3.0
214,363,4.0
214,364,1.0
214,365,3.0
214,366,3.0
214,367,3.0
214,368,2.0
214,369,2.0
214,370,3.0
214,371,3.0
214,372,2.0
214,373,4.0
214,374,3.0
214,375,3.0
214,376,3.0
214,377,3.0
215,216,1.0
215,217,2.0
215,218,1.0
215,219,2.0
215,220,3.0
215,221,5.0
215,222,2.0
215,223,1.0
215,224,2.0
215,225,2.0
215,226,1.0
215,227,2.0
215,228,1.0
215,229,3.0
215,230,2.0
215,231,2.0
215,232,3.0
215,233,2.0
215,234,1.0
215,235,1.0
215,236,3.0
215,237,2.0
215,238,1.0
215,239,2.0
215,240,1.0
215,241,2.0
215,242,1.0
215,243,3.0
215,244,2.0
215,245,3.0
215,246,2.0
215,247,2.0
215,248,1.0
215,249,2.0
215,250,2.0
215,251,1.0
215,252,1.0
215,253,1.0
215,254,1.0
215,255,1.0
215,256,2.0
215,257,6.0
215,258,3.0
215,259,3.0
215,260,1.0
215,261,2.0
215,262,2.0
215,263,3.0
215,264,1.0
215,265,1.0
215,266,1.0
215,267,2.0
215,268,3.0
215,269,1.0
215,270,1.0
215,271,3.0
215,272,2.0
215,273,2.0
215,274,2.0
215,275,2.0
215,276,2.0
215,277,2.0
215,278,3.0
215,279,1.0
215,280,3.0
215,281,1.0
215,282,1.0
215,283,1.0
215,284,2.0
215,285,3.0
215,286,3.0
215,287,3.0
215,288,3.0
215,289,2.0
215,290,2.0
215,291,1.0
215,292,1.0
215,293,2.0
215,294,1.0
215,295,2.0
215,296,2.0
215,297,2.0
215,298,2.0
215,299,2.0
215,300,2.0
215,301,3.0
215,302,2.0
215,303,1.0
215,304,2.0
215,305,1.0
215,306,1.0
215,307,2.0
215,308,2.0
215,309,3.0
215,310,2.0
215,311,1.0
215,312,3.0
215,313,2.0
215,314,2.0
215,315,2.0
215,316,2.0
215,317,1.0
215,318,2.0
215,319,1.0
215,320,2.0
215,321,2.0
215,322,3.0
215,323,3.0
215,324,2.0
215,325,2.0
215,326,2.0
215,327,3.0
215,328,2.0
215,329,3.0
215,330,2.0
215,331,1.0
215,332,1.0
215,333,2.0
215,334,1.0
215,335,1.0
215,336,3.0
215,337,2.0
215,338,2.0
215,339,2.0
215,340,1.0
215,341,1.0
215,342,1.0
215,343,2.0
215,344,2.0
215,345,2.0
215,346,2.0
215,347,2.0
215,348,2.0
215,349,3.0
215,350,1.0
215,351,2.0
215,352,2.0
215,353,3.0
215,354,2.0
215,355,1.0
215,356,3.0
215,357,2.0
215,358,2.0
215,359,2.0
215,360,3.0
215,361,2.0
215,362,2.0
215,363,2.0
215,364,1.0
215,365,3.0
215,366,2.0
215,367,2.0
215,368,1.0
215,369,1.0
215,370,2.0
215,371,2.0
215,372,1.0
215,373,1.0
215,374,2.0
215,375,2.0
215,376,2.0
215,377,1.0
216,217,2.0
216,218,4.0
216,219,1.0
216,220,2.0
216,221,1.0
216,222,2.0
216,223,3.0
216,224,3.0
216,225,3.0
216,226,2.0
216,227,3.0
216,228,2.0
216,229,2.0
216,230,2.0
216,231,3.0
216,232,2.0
216,233,2.0
216,234,1.0
216,235,3.0
216,236,4.0
216,237,4.0
216,238,1.0
216,239,3.0
216,240,2.0
216,241,3.0
216,242,3.0
216,243,2.0
216,244,3.0
216,245,4.0
216,246,2.0
216,247,2.0
216,248,0.0
216,249,2.0
216,250,4.0
216,251,2.0
216,252,3.0
216,253,2.0
216,254,4.0
216,255,5.0
216,256,2.0
216,257,1.0
216,258,1.0
216,259,2.0
216,260,3.0
216,261,3.0
216,262,2.0
216,263,1.0
216,264,2.0
216,265,4.0
216,266,1.0
216,267,3.0
216,268,2.0
216,269,2.0
216,270,2.0
216,271,2.0
216,272,2.0
216,273,2.0
216,274,3.0
216,275,3.0
216,276,3.0
216,277,3.0
216,278,1.0
216,279,2.0
216,280,3.0
216,281,4.0
216,282,2.0
216,283,2.0
216,284,3.0
216,285,2.0
216,286,2.0
216,287,2.0
216,288,3.0
216,289,3.0
216,290,4.0
216,291,2.0
216,292,3.0
216,293,2.0
216,294,2.0
216,295,3.0
216,296,3.0
216,297,3.0
216,298,2.0
216,299,2.0
216,300,2.0
216,301,2.0
216,302,3.0
216,303,3.0
216,304,4.0
216,305,4.0
216,306,3.0
216,307,3.0
216,308,2.0
216,309,1.0
216,310,3.0
216,311,2.0
216,312,2.0
216,313,3.0
216,314,3.0
216,315,3.0
216,316,2.0
216,317,1.0
216,318,2.0
216,319,2.0
216,320,3.0
216,321,3.0
216,322,2.0
216,323,2.0
216,324,2.0
216,325,2.0
216,326,3.0
216,327,2.0
216,328,3.0
216,329,2.0
216,330,3.0
216,331,2.0
216,332,3.0
216,333,4.0
216,334,2.0
216,335,1.0
216,336,2.0
216,337,3.0
216,338,4.0
216,339,3.0
216,340,1.0
216,341,4.0
216,342,3.0
216,343,3.0
216,344,3.0
216,345,3.0
216,346,2.0
216,347,3.0
216,348,4.0
216,349,1.0
216,350,2.0
216,351,3.0
216,352,3.0
216,353,2.0
216,354,3.0
216,355,0.0
216,356,2.0
216,357,2.0
216,358,3.0
216,359,3.0
216,360,2.0
216,361,3.0
216,362,3.0
216,363,2.0
216,364,2.0
216,365,2.0
216,366,2.0
216,367,3.0
216,368,1.0
216,369,5.0
216,370,2.0
216,371,3.0
216,372,3.0
216,373,2.0
216,374,3.0
216,375,2.0
216,376,2.0
216,377,2.0
217,218,3.0
217,219,3.0
217,220,4.0
217,221,1.0
217,222,2.0
217,223,3.0
217,224,4.0
217,225,4.0
217,226,1.0
217,227,4.0
217,228,3.0
217,229,3.0
217,230,4.0
217,231,4.0
217,232,3.0
217,233,3.0
217,234,3.0
217,235,3.0
217,236,3.0
217,237,3.0
217,238,3.0
217,239,4.0
217,240,1.0
217,241,3.0
217,242,3.0
217,243,4.0
217,244,4.0
217,245,3.0
217,246,4.0
217,247,3.0
217,248,1.0
217,249,2.0
217,250,4.0
217,251,3.0
217,252,3.0
217,253,2.0
217,254,2.0
217,255,2.0
217,256,4.0
217,257,2.0
217,258,3.0
217,259,3.0
217,260,3.0
217,261,4.0
217,262,2.0
217,263,3.0
217,264,1.0
217,265,3.0
217,266,0.0
217,267,4.0
217,268,4.0
217,269,2.0
217,270,3.0
217,271,3.0
217,272,3.0
217,273,4.0
217,274,3.0
217,275,4.0
217,276,4.0
217,277,4.0
217,278,3.0
217,279,3.0
217,280,2.0
217,281,3.0
217,282,3.0
217,283,1.0
217,284,4.0
217,285,1.0
217,286,4.0
217,287,2.0
217,288,2.0
217,289,4.0
217,290,2.0
217,291,2.0
217,292,3.0
217,293,3.0
217,294,3.0
217,295,3.0
217,296,3.0
217,297,4.0
217,298,4.0
217,299,4.0
217,300,3.0
217,301,3.0
217,302,4.0
217,303,3.0
217,304,4.0
217,305,3.0
217,306,2.0
217,307,4.0
217,308,2.0
217,309,3.0
217,310,4.0
217,311,1.0
217,312,3.0
217,313,4.0
217,314,4.0
217,315,3.0
217,316,2.0
217,317,0.0
217,318,4.0
217,319,2.0
217,320,4.0
217,321,4.0
217,322,4.0
217,323,4.0
217,324,3.0
217,325,2.0
217,326,4.0
217,327,3.0
217,328,4.0
217,329,4.0
217,330,3.0
217,331,1.0
217,332,3.0
217,333,4.0
217,334,1.0
217,335,0.0
217,336,1.0
217,337,4.0
217,338,4.0
217,339,3.0
217,340,3.0
217,341,3.0
217,342,3.0
217,343,4.0
217,344,4.0
217,345,3.0
217,346,2.0
217,347,4.0
217,348,4.0
217,349,3.0
217,350,3.0
217,351,4.0
217,352,4.0
217,353,4.0
217,354,4.0
217,355,1.0
217,356,4.0
217,357,2.0
217,358,4.0
217,359,3.0
217,360,4.0
217,361,4.0
217,362,3.0
217,363,2.0
217,364,1.0
217,365,2.0
217,366,3.0
217,367,4.0
217,368,1.0
217,369,2.0
217,370,4.0
217,371,3.0
217,372,3.0
217,373,3.0
217,374,4.0
217,375,3.0
217,376,2.0
217,377,3.0
218,219,1.0
218,220,2.0
218,221,1.0
218,222,3.0
218,223,2.0
218,224,2.0
218,225,2.0
218,226,3.0
218,227,2.0
218,228,2.0
218,229,2.0
218,230,2.0
218,231,2.0
218,232,2.0
218,233,2.0
218,234,2.0
218,235,2.0
218,236,2.0
218,237,3.0
218,238,2.0
218,239,2.0
218,240,1.0
218,241,2.0
218,242,2.0
218,243,2.0
218,244,2.0
218,245,2.0
218,246,2.0
218,247,1.0
218,248,0.0
218,249,2.0
218,250,3.0
218,251,2.0
218,252,3.0
218,253,1.0
218,254,4.0
218,255,4.0
218,256,3.0
218,257,1.0
218,258,1.0
218,259,2.0
218,260,2.0
218,261,2.0
218,262,3.0
218,263,1.0
218,264,1.0
218,265,6.0
218,266,1.0
218,267,2.0
218,268,2.0
218,269,2.0
218,270,2.0
218,271,2.0
218,272,1.0
218,273,2.0
218,274,3.0
218,275,2.0
218,276,2.0
218,277,2.0
218,278,1.0
218,279,3.0
218,280,2.0
218,281,6.0
218,282,2.0
218,283,2.0
218,284,2.0
218,285,2.0
218,286,2.0
218,287,3.0
218,288,3.0
218,289,2.0
218,290,3.0
218,291,2.0
218,292,2.0
218,293,2.0
218,294,2.0
218,295,2.0
218,296,2.0
218,297,2.0
218,298,2.0
218,299,2.0
218,300,3.0
218,301,2.0
218,302,2.0
218,303,2.0
218,304,4.0
218,305,6.0
218,306,2.0
218,307,2.0
218,308,1.0
218,309,1.0
218,310,2.0
218,311,1.0
218,312,2.0
218,313,2.0
218,314,2.0
218,315,3.0
218,316,2.0
218,317,1.0
218,318,2.0
218,319,2.0
218,320,2.0
218,321,2.0
218,322,2.0
218,323,2.0
218,324,1.0
218,325,2.0
218,326,2.0
218,327,2.0
218,328,2.0
218,329,2.0
218,330,2.0
218,331,3.0
218,332,2.0
218,333,4.0
218,334,2.0
218,335,2.0
218,336,2.0
218,337,2.0
218,338,3.0
218,339,3.0
218,340,2.0
218,341,6.0
218,342,2.0
218,343,2.0
218,344,2.0
218,345,2.0
218,346,2.0
218,347,2.0
218,348,3.0
218,349,1.0
218,350,2.0
218,351,2.0
218,352,2.0
218,353,2.0
218,354,2.0
218,355,0.0
218,356,2.0
218,357,1.0
218,358,2.0
218,359,3.0
218,360,2.0
218,361,2.0
218,362,2.0
218,363,3.0
218,364,3.0
218,365,3.0
218,366,1.0
218,367,2.0
218,368,1.0
218,369,4.0
218,370,2.0
218,371,2.0
218,372,2.0
218,373,2.0
218,374,2.0
218,375,2.0
218,376,3.0
218,377,2.0
219,220,3.0
219,221,1.0
219,222,1.0
219,223,2.0
219,224,3.0
219,225,3.0
219,226,1.0
219,227,3.0
219,228,3.0
219,229,3.0
219,230,4.0
219,231,3.0
219,232,2.0
219,233,3.0
219,234,1.0
219,235,2.0
219,236,2.0
219,237,2.0
219,238,1.0
219,239,3.0
219,240,2.0
219,241,3.0
219,242,2.0
219,243,3.0
219,244,3.0
219,245,2.0
219,246,4.0
219,247,3.0
219,248,1.0
219,249,2.0
219,250,2.0
219,251,3.0
219,252,1.0
219,253,3.0
219,254,2.0
219,255,1.0
219,256,2.0
219,257,2.0
219,258,3.0
219,259,3.0
219,260,2.0
219,261,3.0
219,262,2.0
219,263,3.0
219,264,2.0
219,265,1.0
219,266,0.0
219,267,3.0
219,268,3.0
219,269,2.0
219,270,2.0
219,271,3.0
219,272,3.0
219,273,3.0
219,274,2.0
219,275,3.0
219,276,3.0
219,277,3.0
219,278,3.0
219,279,1.0
219,280,1.0
219,281,1.0
219,282,3.0
219,283,1.0
219,284,3.0
219,285,1.0
219,286,3.0
219,287,1.0
219,288,1.0
219,289,3.0
219,290,1.0
219,291,1.0
219,292,2.0
219,293,3.0
219,294,2.0
219,295,3.0
219,296,2.0
219,297,3.0
219,298,4.0
219,299,4.0
219,300,1.0
219,301,2.0
219,302,3.0
219,303,2.0
219,304,2.0
219,305,1.0
219,306,1.0
219,307,3.0
219,308,2.0
219,309,3.0
219,310,3.0
219,311,2.0
219,312,3.0
219,313,3.0
219,314,3.0
219,315,2.0
219,316,2.0
219,317,0.0
219,318,3.0
219,319,1.0
219,320,3.0
219,321,3.0
219,322,3.0
219,323,3.0
219,324,3.0
219,325,2.0
219,326,3.0
219,327,3.0
219,328,3.0
219,329,3.0
219,330,3.0
219,331,1.0
219,332,2.0
219,333,2.0
219,334,1.0
219,335,0.0
219,336,1.0
219,337,3.0
219,338,2.0
219,339,3.0
219,340,1.0
219,341,1.0
219,342,2.0
219,343,3.0
219,344,3.0
219,345,2.0
219,346,2.0
219,347,3.0
219,348,2.0
219,349,3.0
219,350,2.0
219,351,3.0
219,352,3.0
219,353,3.0
219,354,3.0
219,355,1.0
219,356,3.0
219,357,2.0
219,358,3.0
219,359,2.0
219,360,3.0
219,361,3.0
219,362,3.0
219,363,1.0
219,364,1.0
219,365,1.0
219,366,3.0
219,367,3.0
219,368,2.0
219,369,1.0
219,370,4.0
219,371,3.0
219,372,2.0
219,373,2.0
219,374,3.0
219,375,3.0
219,376,2.0
219,377,3.0
220,221,2.0
220,222,3.0
220,223,3.0
220,224,3.0
220,225,3.0
220,226,1.0
220,227,3.0
220,228,2.0
220,229,3.0
220,230,3.0
220,231,3.0
220,232,4.0
220,233,3.0
220,234,3.0
220,235,2.0
220,236,4.0
220,237,4.0
220,238,3.0
220,239,3.0
220,240,1.0
220,241,3.0
220,242,2.0
220,243,6.0
220,244,3.0
220,245,4.0
220,246,3.0
220,247,3.0
220,248,2.0
220,249,3.0
220,250,3.0
220,251,2.0
220,252,2.0
220,253,2.0
220,254,2.0
220,255,2.0
220,256,3.0
220,257,3.0
220,258,5.0
220,259,3.0
220,260,2.0
220,261,3.0
220,262,3.0
220,263,5.0
220,264,1.0
220,265,2.0
220,266,2.0
220,267,3.0
220,268,6.0
220,269,2.0
220,270,4.0
220,271,3.0
220,272,3.0
220,273,3.0
220,274,3.0
220,275,3.0
220,276,3.0
220,277,3.0
220,278,5.0
220,279,2.0
220,280,4.0
220,281,2.0
220,282,3.0
220,283,1.0
220,284,3.0
220,285,2.0
220,286,6.0
220,287,3.0
220,288,2.0
220,289,3.0
220,290,2.0
220,291,2.0
220,292,2.0
220,293,3.0
220,294,4.0
220,295,3.0
220,296,3.0
220,297,3.0
220,298,3.0
220,299,3.0
220,300,4.0
220,301,4.0
220,302,3.0
220,303,2.0
220,304,3.0
220,305,2.0
220,306,2.0
220,307,3.0
220,308,4.0
220,309,5.0
220,310,3.0
220,311,1.0
220,312,3.0
220,313,3.0
220,314,3.0
220,315,3.0
220,316,3.0
220,317,1.0
220,318,3.0
220,319,3.0
220,320,3.0
220,321,3.0
220,322,6.0
220,323,6.0
220,324,3.0
220,325,2.0
220,326,3.0
220,327,3.0
220,328,3.0
220,329,6.0
220,330,3.0
220,331,1.0
220,332,2.0
220,333,3.0
220,334,1.0
220,335,1.0
220,336,2.0
220,337,3.0
220,338,3.0
220,339,3.0
220,340,2.0
220,341,2.0
220,342,2.0
220,343,3.0
220,344,3.0
220,345,3.0
220,346,3.0
220,347,3.0
220,348,3.0
220,349,5.0
220,350,2.0
220,351,3.0
220,352,3.0
220,353,5.0
220,354,3.0
220,355,2.0
220,356,6.0
220,357,4.0
220,358,3.0
220,359,3.0
220,360,6.0
220,361,3.0
220,362,3.0
220,363,4.0
220,364,1.0
220,365,3.0
220,366,3.0
220,367,3.0
220,368,2.0
220,369,2.0
220,370,3.0
220,371,3.0
220,372,2.0
220,373,4.0
220,374,3.0
220,375,3.0
220,376,3.0
220,377,3.0
221,222,2.0
221,223,1.0
221,224,1.0
221,225,1.0
221,226,0.0
221,227,1.0
221,228,1.0
221,229,3.0
221,230,1.0
221,231,1.0
221,232,2.0
221,233,2.0
221,234,1.0
221,235,1.0
221,236,2.0
221,237,1.0
221,238,1.0
221,239,1.0
221,240,1.0
221,241,1.0
221,242,1.0
221,243,2.0
221,244,1.0
221,245,2.0
221,246,1.0
221,247,2.0
221,248,1.0
221,249,1.0
221,250,1.0
221,251,1.0
221,252,1.0
221,253,0.0
221,254,1.0
221,255,1.0
221,256,1.0
221,257,5.0
221,258,2.0
221,259,3.0
221,260,1.0
221,261,1.0
221,262,1.0
221,263,2.0
221,264,1.0
221,265,1.0
221,266,1.0
221,267,1.0
221,268,2.0
221,269,1.0
221,270,1.0
221,271,3.0
221,272,2.0
221,273,2.0
221,274,1.0
221,275,1.0
221,276,1.0
221,277,1.0
221,278,2.0
221,279,1.0
221,280,2.0
221,281,1.0
221,282,1.0
221,283,0.0
221,284,1.0
221,285,3.0
221,286,2.0
221,287,3.0
221,288,3.0
221,289,1.0
221,290,2.0
221,291,1.0
221,292,1.0
221,293,2.0
221,294,1.0
221,295,1.0
221,296,1.0
221,297,1.0
221,298,1.0
221,299,1.0
221,300,1.0
221,301,2.0
221,302,1.0
221,303,1.0
221,304,1.0
221,305,1.0
221,306,1.0
221,307,1.0
221,308,1.0
221,309,2.0
221,310,1.0
221,311,1.0
221,312,3.0
221,313,1.0
221,314,1.0
221,315,1.0
221,316,1.0
221,317,1.0
221,318,1.0
221,319,2.0
221,320,1.0
221,321,1.0
221,322,2.0
221,323,2.0
221,324,2.0
221,325,1.0
221,326,1.0
221,327,3.0
221,328,1.0
221,329,2.0
221,330,1.0
221,331,0.0
221,332,2.0
221,333,1.0
221,334,0.0
221,335,1.0
221,336,2.0
221,337,1.0
221,338,1.0
221,339,2.0
221,340,1.0
221,341,1.0
221,342,1.0
221,343,1.0
221,344,1.0
221,345,1.0
221,346,1.0
221,347,1.0
221,348,1.0
221,349,2.0
221,350,1.0
221,351,1.0
221,352,1.0
221,353,2.0
221,354,1.0
221,355,1.0
221,356,2.0
221,357,1.0
221,358,1.0
221,359,1.0
221,360,2.0
221,361,1.0
221,362,1.0
221,363,2.0
221,364,0.0
221,365,3.0
221,366,2.0
221,367,1.0
221,368,1.0
221,369,1.0
221,370,1.0
221,371,1.0
221,372,1.0
221,373,1.0
221,374,1.0
221,375,2.0
221,376,1.0
221,377,1.0
222,223,2.0
222,224,2.0
222,225,2.0
222,226,1.0
222,227,2.0
222,228,1.0
222,229,3.0
222,230,2.0
222,231,2.0
222,232,3.0
222,233,3.0
222,234,3.0
222,235,1.0
222,236,3.0
222,237,2.0
222,238,3.0
222,239,2.0
222,240,1.0
222,241,2.0
222,242,1.0
222,243,3.0
222,244,2.0
222,245,3.0
222,246,2.0
222,247,1.0
222,248,2.0
222,249,1.0
222,250,2.0
222,251,1.0
222,252,2.0
222,253,1.0
222,254,3.0
222,255,2.0
222,256,2.0
222,257,2.0
222,258,2.0
222,259,3.0
222,260,1.0
222,261,2.0
222,262,1.0
222,263,2.0
222,264,1.0
222,265,3.0
222,266,2.0
222,267,2.0
222,268,3.0
222,269,1.0
222,270,2.0
222,271,3.0
222,272,1.0
222,273,3.0
222,274,2.0
222,275,2.0
222,276,2.0
222,277,2.0
222,278,2.0
222,279,2.0
222,280,2.0
222,281,3.0
222,282,1.0
222,283,1.0
222,284,2.0
222,285,2.0
222,286,3.0
222,287,4.0
222,288,3.0
222,289,2.0
222,290,3.0
222,291,2.0
222,292,1.0
222,293,3.0
222,294,2.0
222,295,2.0
222,296,2.0
222,297,2.0
222,298,2.0
222,299,2.0
222,300,3.0
222,301,3.0
222,302,2.0
222,303,1.0
222,304,2.0
222,305,3.0
222,306,1.0
222,307,2.0
222,308,1.0
222,309,2.0
222,310,2.0
222,311,1.0
222,312,3.0
222,313,2.0
222,314,2.0
222,315,2.0
222,316,1.0
222,317,2.0
222,318,2.0
222,319,1.0
222,320,2.0
222,321,2.0
222,322,3.0
222,323,3.0
222,324,1.0
222,325,2.0
222,326,2.0
222,327,3.0
222,328,2.0
222,329,3.0
222,330,2.0
222,331,1.0
222,332,1.0
222,333,2.0
222,334,1.0
222,335,2.0
222,336,3.0
222,337,2.0
222,338,2.0
222,339,3.0
222,340,2.0
222,341,3.0
222,342,1.0
222,343,2.0
222,344,2.0
222,345,2.0
222,346,1.0
222,347,2.0
222,348,2.0
222,349,2.0
222,350,1.0
222,351,2.0
222,352,2.0
222,353,3.0
222,354,2.0
222,355,2.0
222,356,3.0
222,357,1.0
222,358,2.0
222,359,2.0
222,360,3.0
222,361,2.0
222,362,2.0
222,363,5.0
222,364,1.0
222,365,4.0
222,366,1.0
222,367,2.0
222,368,1.0
222,369,2.0
222,370,2.0
222,371,2.0
222,372,1.0
222,373,2.0
222,374,2.0
222,375,3.0
222,376,1.0
222,377,1.0
223,224,3.0
223,225,3.0
223,226,1.0
223,227,3.0
223,228,2.0
223,229,3.0
223,230,2.0
223,231,3.0
223,232,2.0
223,233,3.0
223,234,2.0
223,235,3.0
223,236,3.0
223,237,3.0
223,238,2.0
223,239,3.0
223,240,3.0
223,241,2.0
223,242,3.0
223,243,3.0
223,244,3.0
223,245,3.0
223,246,2.0
223,247,2.0
223,248,2.0
223,249,3.0
223,250,3.0
223,251,2.0
223,252,3.0
223,253,2.0
223,254,3.0
223,255,3.0
223,256,2.0
223,257,1.0
223,258,2.0
223,259,3.0
223,260,3.0
223,261,3.0
223,262,3.0
223,263,2.0
223,264,3.0
223,265,2.0
223,266,1.0
223,267,3.0
223,268,3.0
223,269,2.0
223,270,4.0
223,271,3.0
223,272,2.0
223,273,3.0
223,274,2.0
223,275,3.0
223,276,3.0
223,277,3.0
223,278,2.0
223,279,2.0
223,280,3.0
223,281,2.0
223,282,3.0
223,283,1.0
223,284,3.0
223,285,1.0
223,286,3.0
223,287,2.0
223,288,2.0
223,289,3.0
223,290,3.0
223,291,3.0
223,292,3.0
223,293,3.0
223,294,4.0
223,295,2.0
223,296,3.0
223,297,3.0
223,298,2.0
223,299,2.0
223,300,4.0
223,301,3.0
223,302,3.0
223,303,3.0
223,304,3.0
223,305,2.0
223,306,3.0
223,307,3.0
223,308,2.0
223,309,2.0
223,310,3.0
223,311,3.0
223,312,3.0
223,313,3.0
223,314,3.0
223,315,2.0
223,316,3.0
223,317,2.0
223,318,2.0
223,319,3.0
223,320,3.0
223,321,3.0
223,322,3.0
223,323,3.0
223,324,2.0
223,325,1.0
223,326,3.0
223,327,3.0
223,328,3.0
223,329,3.0
223,330,2.0
223,331,1.0
223,332,3.0
223,333,3.0
223,334,1.0
223,335,1.0
223,336,1.0
223,337,3.0
223,338,3.0
223,339,3.0
223,340,1.0
223,341,2.0
223,342,3.0
223,343,3.0
223,344,3.0
223,345,3.0
223,346,3.0
223,347,3.0
223,348,3.0
223,349,2.0
223,350,2.0
223,351,3.0
223,352,3.0
223,353,3.0
223,354,3.0
223,355,2.0
223,356,3.0
223,357,3.0
223,358,3.0
223,359,2.0
223,360,3.0
223,361,3.0
223,362,2.0
223,363,2.0
223,364,1.0
223,365,2.0
223,366,2.0
223,367,3.0
223,368,2.0
223,369,3.0
223,370,2.0
223,371,2.0
223,372,3.0
223,373,4.0
223,374,3.0
223,375,3.0
223,376,3.0
223,377,3.0
224,225,5.0
224,226,1.0
224,227,5.0
224,228,3.0
224,229,3.0
224,230,4.0
224,231,5.0
224,232,3.0
224,233,3.0
224,234,2.0
224,235,4.0
224,236,4.0
224,237,3.0
224,238,2.0
224,239,5.0
224,240,2.0
224,241,4.0
224,242,4.0
224,243,3.0
224,244,5.0
224,245,4.0
224,246,4.0
224,247,4.0
224,248,1.0
224,249,2.0
224,250,4.0
224,251,3.0
224,252,2.0
224,253,3.0
224,254,2.0
224,255,3.0
224,256,3.0
224,257,2.0
224,258,3.0
224,259,3.0
224,260,4.0
224,261,5.0
224,262,2.0
224,263,3.0
224,264,2.0
224,265,2.0
224,266,0.0
224,267,5.0
224,268,3.0
224,269,2.0
224,270,2.0
224,271,3.0
224,272,4.0
224,273,4.0
224,274,3.0
224,275,5.0
224,276,5.0
224,277,5.0
224,278,3.0
224,279,2.0
224,280,3.0
224,281,2.0
224,282,3.0
224,283,1.0
224,284,5.0
224,285,1.0
224,286,3.0
224,287,2.0
224,288,2.0
224,289,5.0
224,290,3.0
224,291,2.0
224,292,4.0
224,293,3.0
224,294,2.0
224,295,4.0
224,296,4.0
224,297,5.0
224,298,4.0
224,299,4.0
224,300,2.0
224,301,3.0
224,302,5.0
224,303,4.0
224,304,4.0
224,305,2.0
224,306,3.0
224,307,5.0
224,308,3.0
224,309,3.0
224,310,5.0
224,311,2.0
224,312,3.0
224,313,5.0
224,314,5.0
224,315,3.0
224,316,2.0
224,317,0.0
224,318,4.0
224,319,2.0
224,320,5.0
224,321,5.0
224,322,3.0
224,323,3.0
224,324,4.0
224,325,2.0
224,326,5.0
224,327,3.0
224,328,5.0
224,329,3.0
224,330,4.0
224,331,1.0
224,332,4.0
224,333,4.0
224,334,1.0
224,335,0.0
224,336,1.0
224,337,5.0
224,338,4.0
224,339,3.0
224,340,2.0
224,341,2.0
224,342,4.0
224,343,5.0
224,344,5.0
224,345,4.0
224,346,2.0
224,347,5.0
224,348,4.0
224,349,3.0
224,350,3.0
224,351,5.0
224,352,5.0
224,353,3.0
224,354,5.0
224,355,1.0
224,356,3.0
224,357,3.0
224,358,5.0
224,359,3.0
224,360,3.0
224,361,5.0
224,362,4.0
224,363,2.0
224,364,1.0
224,365,2.0
224,366,4.0
224,367,5.0
224,368,1.0
224,369,3.0
224,370,4.0
224,371,4.0
224,372,4.0
224,373,2.0
224,374,5.0
224,375,3.0
224,376,2.0
224,377,3.0
225,226,1.0
225,227,5.0
225,228,3.0
225,229,3.0
225,230,4.0
225,231,5.0
225,232,3.0
225,233,3.0
225,234,2.0
225,235,4.0
225,236,4.0
225,237,3.0
225,238,2.0
225,239,5.0
225,240,2.0
225,241,4.0
225,242,4.0
225,243,3.0
225,244,5.0
225,245,4.0
225,246,4.0
225,247,4.0
225,248,1.0
225,249,2.0
225,250,4.0
225,251,3.0
225,252,2.0
225,253,3.0
225,254,2.0
225,255,3.0
225,256,3.0
225,257,2.0
225,258,3.0
225,259,3.0
225,260,4.0
225,261,5.0
225,262,2.0
225,263,3.0
225,264,2.0
225,265,2.0
225,266,0.0
225,267,5.0
225,268,3.0
225,269,2.0
225,270,2.0
225,271,3.0
225,272,4.0
225,273,4.0
225,274,3.0
225,275,5.0
225,276,5.0
225,277,5.0
225,278,3.0
225,279,2.0
225,280,3.0
225,281,2.0
225,282,3.0
225,283,1.0
225,284,5.0
225,285,1.0
225,286,3.0
225,287,2.0
225,288,2.0
225,289,5.0
225,290,3.0
225,291,2.0
225,292,4.0
225,293,3.0
225,294,2.0
225,295,4.0
225,296,4.0
225,297,5.0
225,298,4.0
225,299,4.0
225,300,2.0
225,301,3.0
225,302,5.0
225,303,4.0
225,304,4.0
225,305,2.0
225,306,3.0
225,307,5.0
225,308,3.0
225,309,3.0
225,310,5.0
225,311,2.0
225,312,3.0
225,313,5.0
225,314,5.0
225,315,3.0
225,316,2.0
225,317,0.0
225,318,4.0
225,319,2.0
225,320,5.0
225,321,5.0
225,322,3.0
225,323,3.0
225,324,4.0
225,325,2.0
225,326,5.0
225,327,3.0
225,328,5.0
225,329,3.0
225,330,4.0
225,331,1.0
225,332,4.0
225,333,4.0
225,334,1.0
225,335,0.0
225,336,1.0
225,337,5.0
225,338,4.0
225,339,3.0
225,340,2.0
225,341,2.0
225,342,4.0
225,343,5.0
225,344,5.0
225,345,4.0
225,346,2.0
225,347,5.0
225,348,4.0
225,349,3.0
225,350,3.0
225,351,5.0
225,352,5.0
225,353,3.0
225,354,5.0
225,355,1.0
225,356,3.0
225,357,3.0
225,358,5.0
225,359,3.0
225,360,3.0
225,361,5.0
225,362,4.0
225,363,2.0
225,364,1.0
225,365,2.0
225,366,4.0
225,367,5.0
225,368,1.0
225,369,3.0
225,370,4.0
225,371,4.0
225,372,4.0
225,373,2.0
225,374,5.0
225,375,3.0
225,376,2.0
225,377,3.0
226,227,1.0
226,228,2.0
226,229,2.0
226,230,1.0
226,231,1.0
226,232,1.0
226,233,2.0
226,234,0.0
226,235,1.0
226,236,1.0
226,237,1.0
226,238,0.0
226,239,1.0
226,240,1.0
226,241,2.0
226,242,1.0
226,243,1.0
226,244,1.0
226,245,1.0
226,246,1.0
226,247,1.0
226,248,0.0
226,249,1.0
226,250,1.0
226,251,2.0
226,252,1.0
226,253,1.0
226,254,2.0
226,255,2.0
226,256,1.0
226,257,1.0
226,258,1.0
226,259,2.0
226,260,1.0
226,261,1.0
226,262,2.0
226,263,1.0
226,264,1.0
226,265,3.0
226,266,0.0
226,267,1.0
226,268,1.0
226,269,1.0
226,270,1.0
226,271,2.0
226,272,1.0
226,273,1.0
226,274,1.0
226,275,1.0
226,276,1.0
226,277,1.0
226,278,1.0
226,279,1.0
226,280,1.0
226,281,3.0
226,282,1.0
226,283,3.0
226,284,1.0
226,285,2.0
226,286,1.0
226,287,1.0
226,288,2.0
226,289,1.0
226,290,2.0
226,291,1.0
226,292,1.0
226,293,2.0
226,294,1.0
226,295,2.0
226,296,1.0
226,297,1.0
226,298,1.0
226,299,1.0
226,300,1.0
226,301,1.0
226,302,1.0
226,303,1.0
226,304,1.0
226,305,3.0
226,306,1.0
226,307,1.0
226,308,1.0
226,309,1.0
226,310,1.0
226,311,1.0
226,312,2.0
226,313,1.0
226,314,1.0
226,315,1.0
226,316,1.0
226,317,1.0
226,318,1.0
226,319,2.0
226,320,1.0
226,321,1.0
226,322,1.0
226,323,1.0
226,324,1.0
226,325,4.0
226,326,1.0
226,327,2.0
226,328,1.0
226,329,1.0
226,330,2.0
226,331,6.0
226,332,1.0
226,333,1.0
226,334,5.0
226,335,4.0
226,336,2.0
226,337,1.0
226,338,1.0
226,339,2.0
226,340,0.0
226,341,3.0
226,342,1.0
226,343,1.0
226,344,1.0
226,345,1.0
226,346,1.0
226,347,1.0
226,348,1.0
226,349,1.0
226,350,1.0
226,351,1.0
226,352,1.0
226,353,1.0
226,354,1.0
226,355,0.0
226,356,1.0
226,357,1.0
226,358,1.0
226,359,1.0
226,360,1.0
226,361,1.0
226,362,2.0
226,363,1.0
226,364,4.0
226,365,1.0
226,366,1.0
226,367,1.0
226,368,1.0
226,369,2.0
226,370,1.0
226,371,2.0
226,372,1.0
226,373,1.0
226,374,1.0
226,375,2.0
226,376,2.0
226,377,1.0
227,228,3.0
227,229,3.0
227,230,4.0
227,231,5.0
227,232,3.0
227,233,3.0
227,234,2.0
227,235,4.0
227,236,4.0
227,237,3.0
227,238,2.0
227,239,5.0
227,240,2.0
227,241,4.0
227,242,4.0
227,243,3.0
227,244,5.0
227,245,4.0
227,246,4.0
227,247,4.0
227,248,1.0
227,249,2.0
227,250,4.0
227,251,3.0
227,252,2.0
227,253,3.0
227,254,2.0
227,255,3.0
227,256,3.0
227,257,2.0
227,258,3.0
227,259,3.0
227,260,4.0
227,261,5.0
227,262,2.0
227,263,3.0
227,264,2.0
227,265,2.0
227,266,0.0
227,267,5.0
227,268,3.0
227,269,2.0
227,270,2.0
227,271,3.0
227,272,4.0
227,273,4.0
227,274,3.0
227,275,5.0
227,276,5.0
227,277,5.0
227,278,3.0
227,279,2.0
227,280,3.0
227,281,2.0
227,282,3.0
227,283,1.0
227,284,5.0
227,285,1.0
227,286,3.0
227,287,2.0
227,288,2.0
227,289,5.0
227,290,3.0
227,291,2.0
227,292,4.0
227,293,3.0
227,294,2.0
227,295,4.0
227,296,4.0
227,297,5.0
227,298,4.0
227,299,4.0
227,300,2.0
227,301,3.0
227,302,5.0
227,303,4.0
227,304,4.0
227,305,2.0
227,306,3.0
227,307,5.0
227,308,3.0
227,309,3.0
227,310,5.0
227,311,2.0
227,312,3.0
227,313,5.0
227,314,5.0
227,315,3.0
227,316,2.0
227,317,0.0
227,318,4.0
227,319,2.0
227,320,5.0
227,321,5.0
227,322,3.0
227,323,3.0
227,324,4.0
227,325,2.0
227,326,5.0
227,327,3.0
227,328,5.0
227,329,3.0
227,330,4.0
227,331,1.0
227,332,4.0
227,333,4.0
227,334,1.0
227,335,0.0
227,336,1.0
227,337,5.0
227,338,4.0
227,339,3.0
227,340,2.0
227,341,2.0
227,342,4.0
227,343,5.0
227,344,5.0
227,345,4.0
227,346,2.0
227,347,5.0
227,348,4.0
227,349,3.0
227,350,3.0
227,351,5.0
227,352,5.0
227,353,3.0
227,354,5.0
227,355,1.0
227,356,3.0
227,357,3.0
227,358,5.0
227,359,3.0
227,360,3.0
227,361,5.0
227,362,4.0
227,363,2.0
227,364,1.0
227,365,2.0
227,366,4.0
227,367,5.0
227,368,1.0
227,369,3.0
227,370,4.0
227,371,4.0
227,372,4.0
227,373,2.0
227,374,5.0
227,375,3.0
227,376,2.0
227,377,3.0
228,229,2.0
228,230,4.0
228,231,3.0
228,232,2.0
228,233,2.0
228,234,1.0
228,235,3.0
228,236,2.0
228,237,2.0
228,238,1.0
228,239,3.0
228,240,1.0
228,241,2.0
228,242,3.0
228,243,2.0
228,244,3.0
228,245,2.0
228,246,4.0
228,247,2.0
228,248,1.0
228,249,2.0
228,250,2.0
228,251,5.0
228,252,2.0
228,253,2.0
228,254,2.0
228,255,2.0
228,256,2.0
228,257,1.0
228,258,2.0
228,259,2.0
228,260,3.0
228,261,3.0
228,262,2.0
228,263,2.0
228,264,1.0
228,265,2.0
228,266,0.0
228,267,3.0
228,268,2.0
228,269,2.0
228,270,2.0
228,271,2.0
228,272,2.0
228,273,3.0
228,274,2.0
228,275,3.0
228,276,3.0
228,277,3.0
228,278,2.0
228,279,2.0
228,280,2.0
228,281,2.0
228,282,4.0
228,283,1.0
228,284,3.0
228,285,1.0
228,286,2.0
228,287,1.0
228,288,2.0
228,289,3.0
228,290,2.0
228,291,2.0
228,292,3.0
228,293,2.0
228,294,2.0
228,295,2.0
228,296,2.0
228,297,3.0
228,298,4.0
228,299,4.0
228,300,2.0
228,301,2.0
228,302,3.0
228,303,3.0
228,304,2.0
228,305,2.0
228,306,2.0
228,307,3.0
228,308,2.0
228,309,2.0
228,310,3.0
228,311,1.0
228,312,2.0
228,313,3.0
228,314,3.0
228,315,2.0
228,316,2.0
228,317,0.0
228,318,3.0
228,319,2.0
228,320,3.0
228,321,3.0
228,322,2.0
228,323,2.0
228,324,2.0
228,325,1.0
228,326,3.0
228,327,2.0
228,328,3.0
228,329,2.0
228,330,2.0
228,331,2.0
228,332,3.0
228,333,2.0
228,334,2.0
228,335,1.0
228,336,1.0
228,337,3.0
228,338,2.0
228,339,3.0
228,340,1.0
228,341,2.0
228,342,3.0
228,343,3.0
228,344,3.0
228,345,2.0
228,346,2.0
228,347,3.0
228,348,2.0
228,349,2.0
228,350,3.0
228,351,3.0
228,352,3.0
228,353,2.0
228,354,3.0
228,355,1.0
228,356,2.0
228,357,2.0
228,358,3.0
228,359,2.0
228,360,2.0
228,361,3.0
228,362,2.0
228,363,1.0
228,364,1.0
228,365,1.0
228,366,2.0
228,367,3.0
228,368,3.0
228,369,2.0
228,370,4.0
228,371,2.0
228,372,3.0
228,373,2.0
228,374,3.0
228,375,2.0
228,376,2.0
228,377,4.0
229,230,3.0
229,231,3.0
229,232,2.0
229,233,5.0
229,234,1.0
229,235,2.0
229,236,2.0
229,237,2.0
229,238,1.0
229,239,3.0
229,240,2.0
229,241,4.0
229,242,2.0
229,243,3.0
229,244,3.0
229,245,3.0
229,246,3.0
229,247,3.0
229,248,2.0
229,249,2.0
229,250,2.0
229,251,2.0
229,252,1.0
229,253,2.0
229,254,2.0
229,255,2.0
229,256,2.0
229,257,3.0
229,258,3.0
229,259,6.0
229,260,2.0
229,261,3.0
229,262,2.0
229,263,3.0
229,264,2.0
229,265,2.0
229,266,1.0
229,267,3.0
229,268,3.0
229,269,1.0
229,270,2.0
229,271,6.0
229,272,3.0
229,273,4.0
229,274,2.0
229,275,3.0
229,276,3.0
229,277,3.0
229,278,3.0
229,279,1.0
229,280,1.0
229,281,2.0
229,282,2.0
229,283,2.0
229,284,3.0
229,285,3.0
229,286,3.0
229,287,3.0
229,288,3.0
229,289,3.0
229,290,2.0
229,291,1.0
229,292,2.0
229,293,5.0
229,294,2.0
229,295,4.0
229,296,2.0
229,297,3.0
229,298,3.0
229,299,3.0
229,300,1.0
229,301,2.0
229,302,3.0
229,303,2.0
229,304,2.0
229,305,2.0
229,306,1.0
229,307,3.0
229,308,2.0
229,309,3.0
229,310,3.0
229,311,2.0
229,312,6.0
229,313,3.0
229,314,3.0
229,315,2.0
229,316,2.0
229,317,2.0
229,318,3.0
229,319,1.0
229,320,3.0
229,321,3.0
229,322,3.0
229,323,3.0
229,324,3.0
229,325,3.0
229,326,3.0
229,327,6.0
229,328,3.0
229,329,3.0
229,330,4.0
229,331,2.0
229,332,2.0
229,333,2.0
229,334,2.0
229,335,2.0
229,336,3.0
229,337,3.0
229,338,2.0
229,339,5.0
229,340,1.0
229,341,2.0
229,342,2.0
229,343,3.0
229,344,3.0
229,345,2.0
229,346,2.0
229,347,3.0
229,348,2.0
229,349,3.0
229,350,2.0
229,351,3.0
229,352,3.0
229,353,3.0
229,354,3.0
229,355,2.0
229,356,3.0
229,357,3.0
229,358,3.0
229,359,2.0
229,360,3.0
229,361,3.0
229,362,4.0
229,363,3.0
229,364,2.0
229,365,3.0
229,366,3.0
229,367,3.0
229,368,1.0
229,369,2.0
229,370,3.0
229,371,4.0
229,372,2.0
229,373,2.0
229,374,3.0
229,375,5.0
229,376,2.0
229,377,2.0
230,231,4.0
230,232,3.0
230,233,3.0
230,234,2.0
230,235,3.0
230,236,3.0
230,237,3.0
230,238,2.0
230,239,4.0
230,240,1.0
230,241,3.0
230,242,3.0
230,243,3.0
230,244,4.0
230,245,3.0
230,246,5.0
230,247,3.0
230,248,1.0
230,249,2.0
230,250,3.0
230,251,4.0
230,252,2.0
230,253,2.0
230,254,2.0
230,255,2.0
230,256,3.0
230,257,2.0
230,258,3.0
230,259,3.0
230,260,3.0
230,261,4.0
230,262,2.0
230,263,3.0
230,264,1.0
230,265,2.0
230,266,0.0
230,267,4.0
230,268,3.0
230,269,2.0
230,270,2.0
230,271,3.0
230,272,3.0
230,273,4.0
230,274,3.0
230,275,4.0
230,276,4.0
230,277,4.0
230,278,3.0
230,279,2.0
230,280,2.0
230,281,2.0
230,282,4.0
230,283,1.0
230,284,4.0
230,285,1.0
230,286,3.0
230,287,2.0
230,288,2.0
230,289,4.0
230,290,2.0
230,291,2.0
230,292,3.0
230,293,3.0
230,294,2.0
230,295,3.0
230,296,3.0
230,297,4.0
230,298,5.0
230,299,5.0
230,300,2.0
230,301,3.0
230,302,4.0
230,303,3.0
230,304,3.0
230,305,2.0
230,306,2.0
230,307,4.0
230,308,2.0
230,309,3.0
230,310,4.0
230,311,1.0
230,312,3.0
230,313,4.0
230,314,4.0
230,315,3.0
230,316,2.0
230,317,0.0
230,318,4.0
230,319,2.0
230,320,4.0
230,321,4.0
230,322,3.0
230,323,3.0
230,324,3.0
230,325,2.0
230,326,4.0
230,327,3.0
230,328,4.0
230,329,3.0
230,330,3.0
230,331,1.0
230,332,3.0
230,333,3.0
230,334,1.0
230,335,0.0
230,336,1.0
230,337,4.0
230,338,3.0
230,339,3.0
230,340,2.0
230,341,2.0
230,342,3.0
230,343,4.0
230,344,4.0
230,345,3.0
230,346,2.0
230,347,4.0
230,348,3.0
230,349,3.0
230,350,3.0
230,351,4.0
230,352,4.0
230,353,3.0
230,354,4.0
230,355,1.0
230,356,3.0
230,357,2.0
230,358,4.0
230,359,3.0
230,360,3.0
230,361,4.0
230,362,3.0
230,363,2.0
230,364,1.0
230,365,2.0
230,366,3.0
230,367,4.0
230,368,2.0
230,369,2.0
230,370,5.0
230,371,3.0
230,372,3.0
230,373,2.0
230,374,4.0
230,375,3.0
230,376,2.0
230,377,4.0
231,232,3.0
231,233,3.0
231,234,2.0
231,235,4.0
231,236,4.0
231,237,3.0
231,238,2.0
231,239,5.0
231,240,2.0
231,241,4.0
231,242,4.0
231,243,3.0
231,244,5.0
231,245,4.0
231,246,4.0
231,247,4.0
231,248,1.0
231,249,2.0
231,250,4.0
231,251,3.0
231,252,2.0
231,253,3.0
231,254,2.0
231,255,3.0
231,256,3.0
231,257,2.0
231,258,3.0
231,259,3.0
231,260,4.0
231,261,5.0
231,262,2.0
231,263,3.0
231,264,2.0
231,265,2.0
231,266,0.0
231,267,5.0
231,268,3.0
231,269,2.0
231,270,2.0
231,271,3.0
231,272,4.0
231,273,4.0
231,274,3.0
231,275,5.0
231,276,5.0
231,277,5.0
231,278,3.0
231,279,2.0
231,280,3.0
231,281,2.0
231,282,3.0
231,283,1.0
231,284,5.0
231,285,1.0
231,286,3.0
231,287,2.0
231,288,2.0
231,289,5.0
231,290,3.0
231,291,2.0
231,292,4.0
231,293,3.0
231,294,2.0
231,295,4.0
231,296,4.0
231,297,5.0
231,298,4.0
231,299,4.0
231,300,2.0
231,301,3.0
231,302,5.0
231,303,4.0
231,304,4.0
231,305,2.0
231,306,3.0
231,307,5.0
231,308,3.0
231,309,3.0
231,310,5.0
231,311,2.0
231,312,3.0
231,313,5.0
231,314,5.0
231,315,3.0
231,316,2.0
231,317,0.0
231,318,4.0
231,319,2.0
231,320,5.0
231,321,5.0
231,322,3.0
231,323,3.0
231,324,4.0
231,325,2.0
231,326,5.0
231,327,3.0
231,328,5.0
231,329,3.0
231,330,4.0
231,331,1.0
231,332,4.0
231,333,4.0
231,334,1.0
231,335,0.0
231,336,1.0
231,337,5.0
231,338,4.0
231,339,3.0
231,340,2.0
231,341,2.0
231,342,4.0
231,343,5.0
231,344,5.0
231,345,4.0
231,346,2.0
231,347,5.0
231,348,4.0
231,349,3.0
231,350,3.0
231,351,5.0
231,352,5.0
231,353,3.0
231,354,5.0
231,355,1.0
231,356,3.0
231,357,3.0
231,358,5.0
231,359,3.0
231,360,3.0
231,361,5.0
231,362,4.0
231,363,2.0
231,364,1.0
231,365,2.0
231,366,4.0
231,367,5.0
231,368,1.0
231,369,3.0
231,370,4.0
231,371,4.0
231,372,4.0
231,373,2.0
231,374,5.0
231,375,3.0
231,376,2.0
231,377,3.0
232,233,2.0
232,234,3.0
232,235,2.0
232,236,4.0
232,237,3.0
232,238,3.0
232,239,3.0
232,240,1.0
232,241,2.0
232,242,2.0
232,243,4.0
232,244,3.0
232,245,4.0
232,246,3.0
232,247,2.0
232,248,1.0
232,249,2.0
232,250,4.0
232,251,2.0
232,252,2.0
232,253,1.0
232,254,2.0
232,255,2.0
232,256,3.0
232,257,3.0
232,258,3.0
232,259,2.0
232,260,2.0
232,261,3.0
232,262,2.0
232,263,3.0
232,264,1.0
232,265,2.0
232,266,1.0
232,267,3.0
232,268,4.0
232,269,2.0
232,270,2.0
232,271,2.0
232,272,2.0
232,273,3.0
232,274,3.0
232,275,3.0
232,276,3.0
232,277,3.0
232,278,3.0
232,279,2.0
232,280,3.0
232,281,2.0
232,282,2.0
232,283,2.0
232,284,3.0
232,285,2.0
232,286,4.0
232,287,3.0
232,288,2.0
232,289,3.0
232,290,2.0
232,291,2.0
232,292,2.0
232,293,2.0
232,294,2.0
232,295,2.0
232,296,3.0
232,297,3.0
232,298,3.0
232,299,3.0
232,300,3.0
232,301,4.0
232,302,3.0
232,303,2.0
232,304,3.0
232,305,2.0
232,306,2.0
232,307,3.0
232,308,2.0
232,309,3.0
232,310,3.0
232,311,1.0
232,312,2.0
232,313,3.0
232,314,3.0
232,315,3.0
232,316,2.0
232,317,2.0
232,318,3.0
232,319,2.0
232,320,3.0
232,321,3.0
232,322,4.0
232,323,4.0
232,324,2.0
232,325,3.0
232,326,3.0
232,327,2.0
232,328,3.0
232,329,4.0
232,330,2.0
232,331,1.0
232,332,2.0
232,333,3.0
232,334,1.0
232,335,1.0
232,336,2.0
232,337,3.0
232,338,4.0
232,339,2.0
232,340,3.0
232,341,2.0
232,342,2.0
232,343,3.0
232,344,3.0
232,345,4.0
232,346,2.0
232,347,3.0
232,348,4.0
232,349,3.0
232,350,2.0
232,351,3.0
232,352,3.0
232,353,4.0
232,354,3.0
232,355,1.0
232,356,4.0
232,357,2.0
232,358,3.0
232,359,3.0
232,360,4.0
232,361,3.0
232,362,2.0
232,363,3.0
232,364,2.0
232,365,3.0
232,366,2.0
232,367,3.0
232,368,0.0
232,369,2.0
232,370,3.0
232,371,2.0
232,372,2.0
232,373,2.0
232,374,3.0
232,375,2.0
232,376,2.0
232,377,2.0
233,234,1.0
233,235,2.0
233,236,2.0
233,237,2.0
233,238,1.0
233,239,3.0
233,240,2.0
233,241,4.0
233,242,2.0
233,243,3.0
233,244,3.0
233,245,3.0
233,246,3.0
233,247,3.0
233,248,3.0
233,249,2.0
233,250,2.0
233,251,2.0
233,252,1.0
233,253,2.0
233,254,2.0
233,255,2.0
233,256,2.0
233,257,2.0
233,258,3.0
233,259,5.0
233,260,2.0
233,261,3.0
233,262,2.0
233,263,3.0
233,264,2.0
233,265,2.0
233,266,2.0
233,267,3.0
233,268,3.0
233,269,1.0
233,270,2.0
233,271,5.0
233,272,3.0
233,273,4.0
233,274,2.0
233,275,3.0
233,276,3.0
233,277,3.0
233,278,3.0
233,279,1.0
233,280,2.0
233,281,2.0
233,282,2.0
233,283,2.0
233,284,3.0
233,285,2.0
233,286,3.0
233,287,3.0
233,288,2.0
233,289,3.0
233,290,2.0
233,291,1.0
233,292,2.0
233,293,6.0
233,294,2.0
233,295,4.0
233,296,2.0
233,297,3.0
233,298,3.0
233,299,3.0
233,300,2.0
233,301,2.0
233,302,3.0
233,303,2.0
233,304,2.0
233,305,2.0
233,306,1.0
233,307,3.0
233,308,2.0
233,309,3.0
233,310,3.0
233,311,2.0
233,312,5.0
233,313,3.0
233,314,3.0
233,315,2.0
233,316,2.0
233,317,3.0
233,318,3.0
233,319,1.0
233,320,3.0
233,321,3.0
233,322,3.0
233,323,3.0
233,324,3.0
233,325,3.0
233,326,3.0
233,327,5.0
233,328,3.0
233,329,3.0
233,330,4.0
233,331,2.0
233,332,2.0
233,333,2.0
233,334,2.0
233,335,2.0
233,336,2.0
233,337,3.0
233,338,2.0
233,339,5.0
233,340,1.0
233,341,2.0
233,342,2.0
233,343,3.0
233,344,3.0
233,345,2.0
233,346,2.0
233,347,3.0
233,348,2.0
233,349,3.0
233,350,2.0
233,351,3.0
233,352,3.0
233,353,3.0
233,354,3.0
233,355,3.0
233,356,3.0
233,357,3.0
233,358,3.0
233,359,2.0
233,360,3.0
233,361,3.0
233,362,4.0
233,363,3.0
233,364,2.0
233,365,3.0
233,366,3.0
233,367,3.0
233,368,1.0
233,369,2.0
233,370,3.0
233,371,4.0
233,372,2.0
233,373,2.0
233,374,3.0
233,375,6.0
233,376,2.0
233,377,2.0
234,235,1.0
234,236,2.0
234,237,3.0
234,238,6.0
234,239,2.0
234,240,0.0
234,241,1.0
234,242,1.0
234,243,3.0
234,244,2.0
234,245,2.0
234,246,2.0
234,247,1.0
234,248,1.0
234,249,2.0
234,250,3.0
234,251,1.0
234,252,2.0
234,253,1.0
234,254,2.0
234,255,1.0
234,256,4.0
234,257,1.0
234,258,2.0
234,259,1.0
234,260,1.0
234,261,2.0
234,262,2.0
234,263,2.0
234,264,0.0
234,265,2.0
234,266,1.0
234,267,2.0
234,268,3.0
234,269,1.0
234,270,2.0
234,271,1.0
234,272,1.0
234,273,2.0
234,274,2.0
234,275,2.0
234,276,2.0
234,277,2.0
234,278,2.0
234,279,2.0
234,280,2.0
234,281,2.0
234,282,2.0
234,283,0.0
234,284,2.0
234,285,0.0
234,286,3.0
234,287,2.0
234,288,1.0
234,289,2.0
234,290,1.0
234,291,3.0
234,292,1.0
234,293,1.0
234,294,2.0
234,295,1.0
234,296,2.0
234,297,2.0
234,298,2.0
234,299,2.0
234,300,3.0
234,301,2.0
234,302,2.0
234,303,1.0
234,304,3.0
234,305,2.0
234,306,1.0
234,307,2.0
234,308,1.0
234,309,2.0
234,310,2.0
234,311,0.0
234,312,1.0
234,313,2.0
234,314,2.0
234,315,2.0
234,316,2.0
234,317,1.0
234,318,2.0
234,319,2.0
234,320,2.0
234,321,2.0
234,322,3.0
234,323,3.0
234,324,1.0
234,325,1.0
234,326,2.0
234,327,1.0
234,328,2.0
234,329,3.0
234,330,1.0
234,331,0.0
234,332,1.0
234,333,3.0
234,334,0.0
234,335,0.0
234,336,0.0
234,337,2.0
234,338,3.0
234,339,1.0
234,340,4.0
234,341,2.0
234,342,1.0
234,343,2.0
234,344,2.0
234,345,3.0
234,346,2.0
234,347,2.0
234,348,3.0
234,349,2.0
234,350,1.0
234,351,2.0
234,352,2.0
234,353,2.0
234,354,2.0
234,355,1.0
234,356,3.0
234,357,1.0
234,358,2.0
234,359,2.0
234,360,3.0
234,361,2.0
234,362,1.0
234,363,3.0
234,364,0.0
234,365,2.0
234,366,1.0
234,367,2.0
234,368,1.0
234,369,1.0
234,370,2.0
234,371,1.0
234,372,1.0
234,373,2.0
234,374,2.0
234,375,1.0
234,376,2.0
234,377,2.0
235,236,3.0
235,237,3.0
235,238,1.0
235,239,4.0
235,240,2.0
235,241,3.0
235,242,4.0
235,243,2.0
235,244,4.0
235,245,3.0
235,246,3.0
235,247,3.0
235,248,1.0
235,249,2.0
235,250,3.0
235,251,3.0
235,252,2.0
235,253,3.0
235,254,2.0
235,255,3.0
235,256,2.0
235,257,1.0
235,258,2.0
235,259,2.0
235,260,4.0
235,261,4.0
235,262,2.0
235,263,2.0
235,264,2.0
235,265,2.0
235,266,0.0
235,267,4.0
235,268,2.0
235,269,3.0
235,270,2.0
235,271,2.0
235,272,3.0
235,273,3.0
235,274,2.0
235,275,4.0
235,276,4.0
235,277,4.0
235,278,2.0
235,279,2.0
235,280,3.0
235,281,2.0
235,282,3.0
235,283,1.0
235,284,4.0
235,285,1.0
235,286,2.0
235,287,1.0
235,288,2.0
235,289,4.0
235,290,3.0
235,291,2.0
235,292,4.0
235,293,2.0
235,294,2.0
235,295,3.0
235,296,3.0
235,297,4.0
235,298,3.0
235,299,3.0
235,300,2.0
235,301,2.0
235,302,4.0
235,303,4.0
235,304,3.0
235,305,2.0
235,306,3.0
235,307,4.0
235,308,3.0
235,309,2.0
235,310,4.0
235,311,2.0
235,312,2.0
235,313,4.0
235,314,4.0
235,315,2.0
235,316,2.0
235,317,0.0
235,318,3.0
235,319,2.0
235,320,4.0
235,321,4.0
235,322,2.0
235,323,2.0
235,324,3.0
235,325,1.0
235,326,4.0
235,327,2.0
235,328,4.0
235,329,2.0
235,330,3.0
235,331,1.0
235,332,5.0
235,333,3.0
235,334,1.0
235,335,0.0
235,336,1.0
235,337,4.0
235,338,3.0
235,339,3.0
235,340,1.0
235,341,2.0
235,342,4.0
235,343,4.0
235,344,4.0
235,345,3.0
235,346,2.0
235,347,4.0
235,348,3.0
235,349,2.0
235,350,3.0
235,351,4.0
235,352,4.0
235,353,2.0
235,354,4.0
235,355,1.0
235,356,2.0
235,357,3.0
235,358,4.0
235,359,2.0
235,360,2.0
235,361,4.0
235,362,3.0
235,363,1.0
235,364,1.0
235,365,1.0
235,366,3.0
235,367,4.0
235,368,1.0
235,369,3.0
235,370,3.0
235,371,3.0
235,372,4.0
235,373,2.0
235,374,4.0
235,375,2.0
235,376,2.0
235,377,3.0
236,237,4.0
236,238,2.0
236,239,4.0
236,240,2.0
236,241,3.0
236,242,3.0
236,243,4.0
236,244,4.0
236,245,5.0
236,246,3.0
236,247,3.0
236,248,1.0
236,249,2.0
236,250,5.0
236,251,2.0
236,252,2.0
236,253,2.0
236,254,2.0
236,255,3.0
236,256,3.0
236,257,3.0
236,258,3.0
236,259,2.0
236,260,3.0
236,261,4.0
236,262,2.0
236,263,3.0
236,264,2.0
236,265,2.0
236,266,1.0
236,267,4.0
236,268,4.0
236,269,2.0
236,270,2.0
236,271,2.0
236,272,3.0
236,273,3.0
236,274,3.0
236,275,4.0
236,276,4.0
236,277,4.0
236,278,3.0
236,279,2.0
236,280,4.0
236,281,2.0
236,282,2.0
236,283,1.0
236,284,4.0
236,285,2.0
236,286,4.0
236,287,3.0
236,288,2.0
236,289,4.0
236,290,3.0
236,291,2.0
236,292,3.0
236,293,2.0
236,294,2.0
236,295,3.0
236,296,4.0
236,297,4.0
236,298,3.0
236,299,3.0
236,300,3.0
236,301,4.0
236,302,4.0
236,303,3.0
236,304,4.0
236,305,2.0
236,306,3.0
236,307,4.0
236,308,3.0
236,309,3.0
236,310,4.0
236,311,2.0
236,312,2.0
236,313,4.0
236,314,4.0
236,315,3.0
236,316,2.0
236,317,1.0
236,318,3.0
236,319,2.0
236,320,4.0
236,321,4.0
236,322,4.0
236,323,4.0
236,324,3.0
236,325,2.0
236,326,4.0
236,327,2.0
236,328,4.0
236,329,4.0
236,330,3.0
236,331,1.0
236,332,3.0
236,333,4.0
236,334,1.0
236,335,1.0
236,336,2.0
236,337,4.0
236,338,5.0
236,339,2.0
236,340,2.0
236,341,2.0
236,342,3.0
236,343,4.0
236,344,4.0
236,345,4.0
236,346,2.0
236,347,4.0
236,348,5.0
236,349,3.0
236,350,2.0
236,351,4.0
236,352,4.0
236,353,4.0
236,354,4.0
236,355,1.0
236,356,4.0
236,357,2.0
236,358,4.0
236,359,3.0
236,360,4.0
236,361,4.0
236,362,3.0
236,363,3.0
236,364,1.0
236,365,3.0
236,366,3.0
236,367,4.0
236,368,0.0
236,369,3.0
236,370,3.0
236,371,3.0
236,372,3.0
236,373,2.0
236,374,4.0
236,375,2.0
236,376,2.0
236,377,2.0
237,238,3.0
237,239,3.0
237,240,2.0
237,241,2.0
237,242,3.0
237,243,4.0
237,244,3.0
237,245,4.0
237,246,3.0
237,247,2.0
237,248,0.0
237,249,4.0
237,250,5.0
237,251,2.0
237,252,3.0
237,253,2.0
237,254,2.0
237,255,3.0
237,256,3.0
237,257,2.0
237,258,3.0
237,259,2.0
237,260,3.0
237,261,3.0
237,262,4.0
237,263,3.0
237,264,2.0
237,265,3.0
237,266,1.0
237,267,3.0
237,268,4.0
237,269,2.0
237,270,3.0
237,271,2.0
237,272,2.0
237,273,3.0
237,274,3.0
237,275,3.0
237,276,3.0
237,277,3.0
237,278,3.0
237,279,3.0
237,280,4.0
237,281,3.0
237,282,3.0
237,283,1.0
237,284,3.0
237,285,1.0
237,286,4.0
237,287,2.0
237,288,2.0
237,289,3.0
237,290,3.0
237,291,2.0
237,292,3.0
237,293,2.0
237,294,3.0
237,295,2.0
237,296,4.0
237,297,3.0
237,298,3.0
237,299,3.0
237,300,4.0
237,301,3.0
237,302,3.0
237,303,3.0
237,304,4.0
237,305,3.0
237,306,3.0
237,307,3.0
237,308,3.0
237,309,3.0
237,310,3.0
237,311,2.0
237,312,2.0
237,313,3.0
237,314,3.0
237,315,3.0
237,316,4.0
237,317,1.0
237,318,3.0
237,319,3.0
237,320,3.0
237,321,3.0
237,322,4.0
237,323,4.0
237,324,2.0
237,325,2.0
237,326,3.0
237,327,2.0
237,328,3.0
237,329,4.0
237,330,2.0
237,331,1.0
237,332,3.0
237,333,4.0
237,334,1.0
237,335,0.0
237,336,1.0
237,337,3.0
237,338,5.0
237,339,3.0
237,340,2.0
237,341,3.0
237,342,3.0
237,343,3.0
237,344,3.0
237,345,3.0
237,346,4.0
237,347,3.0
237,348,5.0
237,349,3.0
237,350,2.0
237,351,3.0
237,352,3.0
237,353,3.0
237,354,3.0
237,355,0.0
237,356,4.0
237,357,3.0
237,358,3.0
237,359,3.0
237,360,4.0
237,361,3.0
237,362,2.0
237,363,3.0
237,364,1.0
237,365,2.0
237,366,2.0
237,367,3.0
237,368,1.0
237,369,3.0
237,370,3.0
237,371,2.0
237,372,3.0
237,373,3.0
237,374,3.0
237,375,2.0
237,376,4.0
237,377,3.0
238,239,2.0
238,240,0.0
238,241,1.0
238,242,1.0
238,243,3.0
238,244,2.0
238,245,2.0
238,246,2.0
238,247,1.0
238,248,1.0
238,249,2.0
238,250,3.0
238,251,1.0
238,252,2.0
238,253,1.0
238,254,2.0
238,255,1.0
238,256,4.0
238,257,1.0
238,258,2.0
238,259,1.0
238,260,1.0
238,261,2.0
238,262,2.0
238,263,2.0
238,264,0.0
238,265,2.0
238,266,1.0
238,267,2.0
238,268,3.0
238,269,1.0
238,270,2.0
238,271,1.0
238,272,1.0
238,273,2.0
238,274,2.0
238,275,2.0
238,276,2.0
238,277,2.0
238,278,2.0
238,279,2.0
238,280,2.0
238,281,2.0
238,282,2.0
238,283,0.0
238,284,2.0
238,285,0.0
238,286,3.0
238,287,2.0
238,288,1.0
238,289,2.0
238,290,1.0
238,291,3.0
238,292,1.0
238,293,1.0
238,294,2.0
238,295,1.0
238,296,2.0
238,297,2.0
238,298,2.0
238,299,2.0
238,300,3.0
238,301,2.0
238,302,2.0
238,303,1.0
238,304,3.0
238,305,2.0
238,306,1.0
238,307,2.0
238,308,1.0
238,309,2.0
238,310,2.0
238,311,0.0
238,312,1.0
238,313,2.0
238,314,2.0
238,315,2.0
238,316,2.0
238,317,1.0
238,318,2.0
238,319,2.0
238,320,2.0
238,321,2.0
238,322,3.0
238,323,3.0
238,324,1.0
238,325,1.0
238,326,2.0
238,327,1.0
238,328,2.0
238,329,3.0
238,330,1.0
238,331,0.0
238,332,1.0
238,333,3.0
238,334,0.0
238,335,0.0
238,336,0.0
238,337,2.0
238,338,3.0
238,339,1.0
238,340,4.0
238,341,2.0
238,342,1.0
238,343,2.0
238,344,2.0
238,345,3.0
238,346,2.0
238,347,2.0
238,348,3.0
238,349,2.0
238,350,1.0
238,351,2.0
238,352,2.0
238,353,2.0
238,354,2.0
238,355,1.0
238,356,3.0
238,357,1.0
238,358,2.0
238,359,2.0
238,360,3.0
238,361,2.0
238,362,1.0
238,363,3.0
238,364,0.0
238,365,2.0
238,366,1.0
238,367,2.0
238,368,1.0
238,369,1.0
238,370,2.0
238,371,1.0
238,372,1.0
238,373,2.0
238,374,2.0
238,375,1.0
238,376,2.0
238,377,2.0
239,240,2.0
239,241,4.0
239,242,4.0
239,243,3.0
239,244,5.0
239,245,4.0
239,246,4.0
239,247,4.0
239,248,1.0
239,249,2.0
239,250,4.0
239,251,3.0
239,252,2.0
239,253,3.0
239,254,2.0
239,255,3.0
239,256,3.0
239,257,2.0
239,258,3.0
239,259,3.0
239,260,4.0
239,261,5.0
239,262,2.0
239,263,3.0
239,264,2.0
239,265,2.0
239,266,0.0
239,267,5.0
239,268,3.0
239,269,2.0
239,270,2.0
239,271,3.0
239,272,4.0
239,273,4.0
239,274,3.0
239,275,5.0
239,276,5.0
239,277,5.0
239,278,3.0
239,279,2.0
239,280,3.0
239,281,2.0
239,282,3.0
239,283,1.0
239,284,5.0
239,285,1.0
239,286,3.0
239,287,2.0
239,288,2.0
239,289,5.0
239,290,3.0
239,291,2.0
239,292,4.0
239,293,3.0
239,294,2.0
239,295,4.0
239,296,4.0
239,297,5.0
239,298,4.0
239,299,4.0
239,300,2.0
239,301,3.0
239,302,5.0
239,303,4.0
239,304,4.0
239,305,2.0
239,306,3.0
239,307,5.0
239,308,3.0
239,309,3.0
239,310,5.0
239,311,2.0
239,312,3.0
239,313,5.0
239,314,5.0
239,315,3.0
239,316,2.0
239,317,0.0
239,318,4.0
239,319,2.0
239,320,5.0
239,321,5.0
239,322,3.0
239,323,3.0
239,324,4.0
239,325,2.0
239,326,5.0
239,327,3.0
239,328,5.0
239,329,3.0
239,330,4.0
239,331,1.0
239,332,4.0
239,333,4.0
239,334,1.0
239,335,0.0
239,336,1.0
239,337,5.0
239,338,4.0
239,339,3.0
239,340,2.0
239,341,2.0
239,342,4.0
239,343,5.0
239,344,5.0
239,345,4.0
239,346,2.0
239,347,5.0
239,348,4.0
239,349,3.0
239,350,3.0
239,351,5.0
239,352,5.0
239,353,3.0
239,354,5.0
239,355,1.0
239,356,3.0
239,357,3.0
239,358,5.0
239,359,3.0
239,360,3.0
239,361,5.0
239,362,4.0
239,363,2.0
239,364,1.0
239,365,2.0
239,366,4.0
239,367,5.0
239,368,1.0
239,369,3.0
239,370,4.0
239,371,4.0
239,372,4.0
239,373,2.0
239,374,5.0
239,375,3.0
239,376,2.0
239,377,3.0
240,241,2.0
240,242,2.0
240,243,1.0
240,244,2.0
240,245,2.0
240,246,1.0
240,247,2.0
240,248,1.0
240,249,2.0
240,250,2.0
240,251,1.0
240,252,2.0
240,253,2.0
240,254,2.0
240,255,2.0
240,256,2.0
240,257,1.0
240,258,1.0
240,259,2.0
240,260,2.0
240,261,2.0
240,262,2.0
240,263,1.0
240,264,5.0
240,265,1.0
240,266,1.0
240,267,2.0
240,268,1.0
240,269,2.0
240,270,2.0
240,271,2.0
240,272,2.0
240,273,2.0
240,274,1.0
240,275,2.0
240,276,2.0
240,277,2.0
240,278,1.0
240,279,2.0
240,280,2.0
240,281,1.0
240,282,1.0
240,283,2.0
240,284,2.0
240,285,2.0
240,286,1.0
240,287,1.0
240,288,1.0
240,289,2.0
240,290,2.0
240,291,2.0
240,292,2.0
240,293,2.0
240,294,2.0
240,295,2.0
240,296,2.0
240,297,2.0
240,298,1.0
240,299,1.0
240,300,1.0
240,301,1.0
240,302,2.0
240,303,2.0
240,304,2.0
240,305,1.0
240,306,2.0
240,307,2.0
240,308,2.0
240,309,1.0
240,310,2.0
240,311,5.0
240,312,2.0
240,313,2.0
240,314,2.0
240,315,1.0
240,316,2.0
240,317,1.0
240,318,1.0
240,319,2.0
240,320,2.0
240,321,2.0
240,322,1.0
240,323,1.0
240,324,2.0
240,325,1.0
240,326,2.0
240,327,2.0
240,328,2.0
240,329,1.0
240,330,2.0
240,331,1.0
240,332,2.0
240,333,2.0
240,334,1.0
240,335,1.0
240,336,1.0
240,337,2.0
240,338,2.0
240,339,2.0
240,340,1.0
240,341,1.0
240,342,2.0
240,343,2.0
240,344,2.0
240,345,2.0
240,346,2.0
240,347,2.0
240,348,2.0
240,349,1.0
240,350,2.0
240,351,2.0
240,352,2.0
240,353,1.0
240,354,2.0
240,355,1.0
240,356,1.0
240,357,2.0
240,358,2.0
240,359,1.0
240,360,1.0
240,361,2.0
240,362,2.0
240,363,1.0
240,364,2.0
240,365,1.0
240,366,2.0
240,367,2.0
240,368,0.0
240,369,2.0
240,370,1.0
240,371,2.0
240,372,2.0
240,373,2.0
240,374,2.0
240,375,2.0
240,376,2.0
240,377,1.0
241,242,3.0
241,243,3.0
241,244,4.0
241,245,3.0
241,246,3.0
241,247,4.0
241,248,1.0
241,249,2.0
241,250,3.0
241,251,2.0
241,252,1.0
241,253,3.0
241,254,2.0
241,255,3.0
241,256,2.0
241,257,2.0
241,258,3.0
241,259,4.0
241,260,3.0
241,261,4.0
241,262,2.0
241,263,3.0
241,264,2.0
241,265,2.0
241,266,0.0
241,267,4.0
241,268,3.0
241,269,1.0
241,270,2.0
241,271,4.0
241,272,4.0
241,273,3.0
241,274,2.0
241,275,4.0
241,276,4.0
241,277,4.0
241,278,3.0
241,279,1.0
241,280,2.0
241,281,2.0
241,282,2.0
241,283,2.0
241,284,4.0
241,285,2.0
241,286,3.0
241,287,2.0
241,288,2.0
241,289,4.0
241,290,3.0
241,291,1.0
241,292,3.0
241,293,4.0
241,294,2.0
241,295,5.0
241,296,3.0
241,297,4.0
241,298,3.0
241,299,3.0
241,300,1.0
241,301,2.0
241,302,4.0
241,303,3.0
241,304,3.0
241,305,2.0
241,306,2.0
241,307,4.0
241,308,3.0
241,309,3.0
241,310,4.0
241,311,2.0
241,312,4.0
241,313,4.0
241,314,4.0
241,315,2.0
241,316,2.0
241,317,1.0
241,318,3.0
241,319,1.0
241,320,4.0
241,321,4.0
241,322,3.0
241,323,3.0
241,324,4.0
241,325,3.0
241,326,4.0
241,327,4.0
241,328,4.0
241,329,3.0
241,330,5.0
241,331,2.0
241,332,3.0
241,333,3.0
241,334,2.0
241,335,1.0
241,336,2.0
241,337,4.0
241,338,3.0
241,339,4.0
241,340,1.0
241,341,2.0
241,342,3.0
241,343,4.0
241,344,4.0
241,345,3.0
241,346,2.0
241,347,4.0
241,348,3.0
241,349,3.0
241,350,2.0
241,351,4.0
241,352,4.0
241,353,3.0
241,354,4.0
241,355,1.0
241,356,3.0
241,357,3.0
241,358,4.0
241,359,2.0
241,360,3.0
241,361,4.0
241,362,5.0
241,363,2.0
241,364,2.0
241,365,2.0
241,366,4.0
241,367,4.0
241,368,1.0
241,369,3.0
241,370,3.0
241,371,5.0
241,372,3.0
241,373,2.0
241,374,4.0
241,375,4.0
241,376,2.0
241,377,2.0
242,243,2.0
242,244,4.0
242,245,3.0
242,246,3.0
242,247,3.0
242,248,1.0
242,249,2.0
242,250,3.0
242,251,3.0
242,252,3.0
242,253,4.0
242,254,2.0
242,255,3.0
242,256,3.0
242,257,1.0
242,258,2.0
242,259,2.0
242,260,5.0
242,261,4.0
242,262,2.0
242,263,2.0
242,264,2.0
242,265,2.0
242,266,0.0
242,267,4.0
242,268,2.0
242,269,2.0
242,270,2.0
242,271,2.0
242,272,3.0
242,273,3.0
242,274,2.0
242,275,4.0
242,276,4.0
242,277,4.0
242,278,2.0
242,279,3.0
242,280,3.0
242,281,2.0
242,282,3.0
242,283,2.0
242,284,4.0
242,285,1.0
242,286,2.0
242,287,1.0
242,288,2.0
242,289,4.0
242,290,3.0
242,291,2.0
242,292,5.0
242,293,2.0
242,294,2.0
242,295,3.0
242,296,3.0
242,297,4.0
242,298,3.0
242,299,3.0
242,300,2.0
242,301,2.0
242,302,4.0
242,303,5.0
242,304,3.0
242,305,2.0
242,306,3.0
242,307,4.0
242,308,3.0
242,309,2.0
242,310,4.0
242,311,2.0
242,312,2.0
242,313,4.0
242,314,4.0
242,315,2.0
242,316,2.0
242,317,0.0
242,318,3.0
242,319,2.0
242,320,4.0
242,321,4.0
242,322,2.0
242,323,2.0
242,324,3.0
242,325,1.0
242,326,4.0
242,327,2.0
242,328,4.0
242,329,2.0
242,330,3.0
242,331,1.0
242,332,4.0
242,333,3.0
242,334,1.0
242,335,0.0
242,336,1.0
242,337,4.0
242,338,3.0
242,339,3.0
242,340,2.0
242,341,2.0
242,342,5.0
242,343,4.0
242,344,4.0
242,345,3.0
242,346,2.0
242,347,4.0
242,348,3.0
242,349,2.0
242,350,3.0
242,351,4.0
242,352,4.0
242,353,2.0
242,354,4.0
242,355,1.0
242,356,2.0
242,357,3.0
242,358,4.0
242,359,2.0
242,360,2.0
242,361,4.0
242,362,3.0
242,363,1.0
242,364,2.0
242,365,1.0
242,366,3.0
242,367,4.0
242,368,1.0
242,369,3.0
242,370,3.0
242,371,3.0
242,372,5.0
242,373,2.0
242,374,4.0
242,375,2.0
242,376,2.0
242,377,3.0
243,244,3.0
243,245,4.0
243,246,3.0
243,247,3.0
243,248,2.0
243,249,3.0
243,250,3.0
243,251,2.0
243,252,2.0
243,253,2.0
243,254,2.0
243,255,2.0
243,256,3.0
243,257,3.0
243,258,5.0
243,259,3.0
243,260,2.0
243,261,3.0
243,262,3.0
243,263,5.0
243,264,1.0
243,265,2.0
243,266,2.0
243,267,3.0
243,268,6.0
243,269,2.0
243,270,4.0
243,271,3.0
243,272,3.0
243,273,3.0
243,274,3.0
243,275,3.0
243,276,3.0
243,277,3.0
243,278,5.0
243,279,2.0
243,280,4.0
243,281,2.0
243,282,3.0
243,283,1.0
243,284,3.0
243,285,2.0
243,286,6.0
243,287,3.0
243,288,2.0
243,289,3.0
243,290,2.0
243,291,2.0
243,292,2.0
243,293,3.0
243,294,4.0
243,295,3.0
243,296,3.0
243,297,3.0
243,298,3.0
243,299,3.0
243,300,4.0
243,301,4.0
243,302,3.0
243,303,2.0
243,304,3.0
243,305,2.0
243,306,2.0
243,307,3.0
243,308,4.0
243,309,5.0
243,310,3.0
243,311,1.0
243,312,3.0
243,313,3.0
243,314,3.0
243,315,3.0
243,316,3.0
243,317,1.0
243,318,3.0
243,319,3.0
243,320,3.0
243,321,3.0
243,322,6.0
243,323,6.0
243,324,3.0
243,325,2.0
243,326,3.0
243,327,3.0
243,328,3.0
243,329,6.0
243,330,3.0
243,331,1.0
243,332,2.0
243,333,3.0
243,334,1.0
243,335,1.0
243,336,2.0
243,337,3.0
243,338,3.0
243,339,3.0
243,340,2.0
243,341,2.0
243,342,2.0
243,343,3.0
243,344,3.0
243,345,3.0
243,346,3.0
243,347,3.0
243,348,3.0
243,349,5.0
243,350,2.0
243,351,3.0
243,352,3.0
243,353,5.0
243,354,3.0
243,355,2.0
243,356,6.0
243,357,4.0
243,358,3.0
243,359,3.0
243,360,6.0
243,361,3.0
243,362,3.0
243,363,4.0
243,364,1.0
243,365,3.0
243,366,3.0
243,367,3.0
243,368,2.0
243,369,2.0
243,370,3.0
243,371,3.0
243,372,2.0
243,373,4.0
243,374,3.0
243,375,3.0
243,376,3.0
243,377,3.0
244,245,4.0
244,246,4.0
244,247,4.0
244,248,1.0
244,249,2.0
244,250,4.0
244,251,3.0
244,252,2.0
244,253,3.0
244,254,2.0
244,255,3.0
244,256,3.0
244,257,2.0
244,258,3.0
244,259,3.0
244,260,4.0
244,261,5.0
244,262,2.0
244,263,3.0
244,264,2.0
244,265,2.0
244,266,0.0
244,267,5.0
244,268,3.0
244,269,2.0
244,270,2.0
244,271,3.0
244,272,4.0
244,273,4.0
244,274,3.0
244,275,5.0
244,276,5.0
244,277,5.0
244,278,3.0
244,279,2.0
244,280,3.0
244,281,2.0
244,282,3.0
244,283,1.0
244,284,5.0
244,285,1.0
244,286,3.0
244,287,2.0
244,288,2.0
244,289,5.0
244,290,3.0
244,291,2.0
244,292,4.0
244,293,3.0
244,294,2.0
244,295,4.0
244,296,4.0
244,297,5.0
244,298,4.0
244,299,4.0
244,300,2.0
244,301,3.0
244,302,5.0
244,303,4.0
244,304,4.0
244,305,2.0
244,306,3.0
244,307,5.0
244,308,3.0
244,309,3.0
244,310,5.0
244,311,2.0
244,312,3.0
244,313,5.0
244,314,5.0
244,315,3.0
244,316,2.0
244,317,0.0
244,318,4.0
244,319,2.0
244,320,5.0
244,321,5.0
244,322,3.0
244,323,3.0
244,324,4.0
244,325,2.0
244,326,5.0
244,327,3.0
244,328,5.0
244,329,3.0
244,330,4.0
244,331,1.0
244,332,4.0
244,333,4.0
244,334,1.0
244,335,0.0
244,336,1.0
244,337,5.0
244,338,4.0
244,339,3.0
244,340,2.0
244,341,2.0
244,342,4.0
244,343,5.0
244,344,5.0
244,345,4.0
244,346,2.0
244,347,5.0
244,348,4.0
244,349,3.0
244,350,3.0
244,351,5.0
244,352,5.0
244,353,3.0
244,354,5.0
244,355,1.0
244,356,3.0
244,357,3.0
244,358,5.0
244,359,3.0
244,360,3.0
244,361,5.0
244,362,4.0
244,363,2.0
244,364,1.0
244,365,2.0
244,366,4.0
244,367,5.0
244,368,1.0
244,369,3.0
244,370,4.0
244,371,4.0
244,372,4.0
244,373,2.0
244,374,5.0
244,375,3.0
244,376,2.0
244,377,3.0
245,246,3.0
245,247,3.0
245,248,1.0
245,249,2.0
245,250,5.0
245,251,2.0
245,252,2.0
245,253,2.0
245,254,2.0
245,255,3.0
245,256,3.0
245,257,3.0
245,258,3.0
245,259,3.0
245,260,3.0
245,261,4.0
245,262,2.0
245,263,3.0
245,264,2.0
245,265,2.0
245,266,1.0
245,267,4.0
245,268,4.0
245,269,2.0
245,270,2.0
245,271,3.0
245,272,3.0
245,273,4.0
245,274,3.0
245,275,4.0
245,276,4.0
245,277,4.0
245,278,3.0
245,279,2.0
245,280,4.0
245,281,2.0
245,282,2.0
245,283,1.0
245,284,4.0
245,285,2.0
245,286,4.0
245,287,3.0
245,288,2.0
245,289,4.0
245,290,3.0
245,291,2.0
245,292,3.0
245,293,3.0
245,294,2.0
245,295,3.0
245,296,4.0
245,297,4.0
245,298,3.0
245,299,3.0
245,300,3.0
245,301,4.0
245,302,4.0
245,303,3.0
245,304,4.0
245,305,2.0
245,306,3.0
245,307,4.0
245,308,3.0
245,309,3.0
245,310,4.0
245,311,2.0
245,312,3.0
245,313,4.0
245,314,4.0
245,315,3.0
245,316,2.0
245,317,1.0
245,318,3.0
245,319,2.0
245,320,4.0
245,321,4.0
245,322,4.0
245,323,4.0
245,324,3.0
245,325,2.0
245,326,4.0
245,327,3.0
245,328,4.0
245,329,4.0
245,330,3.0
245,331,1.0
245,332,3.0
245,333,4.0
245,334,1.0
245,335,1.0
245,336,2.0
245,337,4.0
245,338,5.0
245,339,3.0
245,340,2.0
245,341,2.0
245,342,3.0
245,343,4.0
245,344,4.0
245,345,4.0
245,346,2.0
245,347,4.0
245,348,5.0
245,349,3.0
245,350,2.0
245,351,4.0
245,352,4.0
245,353,4.0
245,354,4.0
245,355,1.0
245,356,4.0
245,357,3.0
245,358,4.0
245,359,3.0
245,360,4.0
245,361,4.0
245,362,3.0
245,363,3.0
245,364,1.0
245,365,3.0
245,366,3.0
245,367,4.0
245,368,0.0
245,369,3.0
245,370,3.0
245,371,3.0
245,372,3.0
245,373,2.0
245,374,4.0
245,375,3.0
245,376,2.0
245,377,2.0
246,247,3.0
246,248,1.0
246,249,2.0
246,250,3.0
246,251,4.0
246,252,2.0
246,253,2.0
246,254,2.0
246,255,2.0
246,256,3.0
246,257,2.0
246,258,3.0
246,259,3.0
246,260,3.0
246,261,4.0
246,262,2.0
246,263,3.0
246,264,1.0
246,265,2.0
246,266,0.0
246,267,4.0
246,268,3.0
246,269,2.0
246,270,2.0
246,271,3.0
246,272,3.0
246,273,4.0
246,274,3.0
246,275,4.0
246,276,4.0
246,277,4.0
246,278,3.0
246,279,2.0
246,280,2.0
246,281,2.0
246,282,4.0
246,283,1.0
246,284,4.0
246,285,1.0
246,286,3.0
246,287,2.0
246,288,2.0
246,289,4.0
246,290,2.0
246,291,2.0
246,292,3.0
246,293,3.0
246,294,2.0
246,295,3.0
246,296,3.0
246,297,4.0
246,298,5.0
246,299,5.0
246,300,2.0
246,301,3.0
246,302,4.0
246,303,3.0
246,304,3.0
246,305,2.0
246,306,2.0
246,307,4.0
246,308,2.0
246,309,3.0
246,310,4.0
246,311,1.0
246,312,3.0
246,313,4.0
246,314,4.0
246,315,3.0
246,316,2.0
246,317,0.0
246,318,4.0
246,319,2.0
246,320,4.0
246,321,4.0
246,322,3.0
246,323,3.0
246,324,3.0
246,325,2.0
246,326,4.0
246,327,3.0
246,328,4.0
246,329,3.0
246,330,3.0
246,331,1.0
246,332,3.0
246,333,3.0
246,334,1.0
246,335,0.0
246,336,1.0
246,337,4.0
246,338,3.0
246,339,3.0
246,340,2.0
246,341,2.0
246,342,3.0
246,343,4.0
246,344,4.0
246,345,3.0
246,346,2.0
246,347,4.0
246,348,3.0
246,349,3.0
246,350,3.0
246,351,4.0
246,352,4.0
246,353,3.0
246,354,4.0
246,355,1.0
246,356,3.0
246,357,2.0
246,358,4.0
246,359,3.0
246,360,3.0
246,361,4.0
246,362,3.0
246,363,2.0
246,364,1.0
246,365,2.0
246,366,3.0
246,367,4.0
246,368,2.0
246,369,2.0
246,370,5.0
246,371,3.0
246,372,3.0
246,373,2.0
246,374,4.0
246,375,3.0
246,376,2.0
246,377,4.0
247,248,1.0
247,249,2.0
247,250,3.0
247,251,2.0
247,252,1.0
247,253,3.0
247,254,1.0
247,255,2.0
247,256,2.0
247,257,2.0
247,258,3.0
247,259,3.0
247,260,3.0
247,261,4.0
247,262,2.0
247,263,3.0
247,264,2.0
247,265,1.0
247,266,0.0
247,267,4.0
247,268,3.0
247,269,1.0
247,270,2.0
247,271,3.0
247,272,5.0
247,273,3.0
247,274,2.0
247,275,4.0
247,276,4.0
247,277,4.0
247,278,3.0
247,279,1.0
247,280,2.0
247,281,1.0
247,282,2.0
247,283,1.0
247,284,4.0
247,285,2.0
247,286,3.0
247,287,1.0
247,288,1.0
247,289,4.0
247,290,2.0
247,291,2.0
247,292,3.0
247,293,3.0
247,294,2.0
247,295,4.0
247,296,3.0
247,297,4.0
247,298,3.0
247,299,3.0
247,300,1.0
247,301,2.0
247,302,4.0
247,303,3.0
247,304,3.0
247,305,1.0
247,306,2.0
247,307,4.0
247,308,3.0
247,309,3.0
247,310,4.0
247,311,2.0
247,312,3.0
247,313,4.0
247,314,4.0
247,315,2.0
247,316,2.0
247,317,0.0
247,318,3.0
247,319,2.0
247,320,4.0
247,321,4.0
247,322,3.0
247,323,3.0
247,324,5.0
247,325,2.0
247,326,4.0
247,327,3.0
247,328,4.0
247,329,3.0
247,330,4.0
247,331,1.0
247,332,4.0
247,333,3.0
247,334,1.0
247,335,0.0
247,336,1.0
247,337,4.0
247,338,3.0
247,339,3.0
247,340,1.0
247,341,1.0
247,342,3.0
247,343,4.0
247,344,4.0
247,345,3.0
247,346,2.0
247,347,4.0
247,348,3.0
247,349,3.0
247,350,2.0
247,351,4.0
247,352,4.0
247,353,3.0
247,354,4.0
247,355,1.0
247,356,3.0
247,357,3.0
247,358,4.0
247,359,2.0
247,360,3.0
247,361,4.0
247,362,4.0
247,363,1.0
247,364,1.0
247,365,1.0
247,366,5.0
247,367,4.0
247,368,1.0
247,369,2.0
247,370,3.0
247,371,4.0
247,372,3.0
247,373,2.0
247,374,4.0
247,375,3.0
247,376,2.0
247,377,2.0
248,249,0.0
248,250,0.0
248,251,1.0
248,252,1.0
248,253,1.0
248,254,1.0
248,255,0.0
248,256,0.0
248,257,1.0
248,258,2.0
248,259,2.0
248,260,1.0
248,261,1.0
248,262,0.0
248,263,2.0
248,264,1.0
248,265,0.0
248,266,3.0
248,267,1.0
248,268,2.0
248,269,0.0
248,270,1.0
248,271,2.0
248,272,1.0
248,273,2.0
248,274,0.0
248,275,1.0
248,276,1.0
248,277,1.0
248,278,2.0
248,279,0.0
248,280,1.0
248,281,0.0
248,282,1.0
248,283,0.0
248,284,1.0
248,285,1.0
248,286,2.0
248,287,2.0
248,288,1.0
248,289,1.0
248,290,1.0
248,291,1.0
248,292,1.0
248,293,3.0
248,294,1.0
248,295,1.0
248,296,0.0
248,297,1.0
248,298,1.0
248,299,1.0
248,300,1.0
248,301,1.0
248,302,1.0
248,303,1.0
248,304,0.0
248,305,0.0
248,306,0.0
248,307,1.0
248,308,2.0
248,309,2.0
248,310,1.0
248,311,1.0
248,312,2.0
248,313,1.0
248,314,1.0
248,315,0.0
248,316,0.0
248,317,2.0
248,318,1.0
248,319,0.0
248,320,1.0
248,321,1.0
248,322,2.0
248,323,2.0
248,324,1.0
248,325,0.0
248,326,1.0
248,327,2.0
248,328,1.0
248,329,2.0
248,330,1.0
248,331,0.0
248,332,1.0
248,333,0.0
248,334,0.0
248,335,1.0
248,336,2.0
248,337,1.0
248,338,0.0
248,339,2.0
248,340,0.0
248,341,0.0
248,342,1.0
248,343,1.0
248,344,1.0
248,345,0.0
248,346,0.0
248,347,1.0
248,348,0.0
248,349,2.0
248,350,1.0
248,351,1.0
248,352,1.0
248,353,2.0
248,354,1.0
248,355,5.0
248,356,2.0
248,357,2.0
248,358,1.0
248,359,0.0
248,360,2.0
248,361,1.0
248,362,1.0
248,363,2.0
248,364,0.0
248,365,2.0
248,366,1.0
248,367,1.0
248,368,1.0
248,369,0.0
248,370,1.0
248,371,1.0
248,372,1.0
248,373,1.0
248,374,1.0
248,375,3.0
248,376,0.0
248,377,1.0
249,250,3.0
249,251,2.0
249,252,2.0
249,253,2.0
249,254,2.0
249,255,2.0
249,256,2.0
249,257,2.0
249,258,3.0
249,259,2.0
249,260,2.0
249,261,2.0
249,262,5.0
249,263,3.0
249,264,2.0
249,265,2.0
249,266,1.0
249,267,2.0
249,268,3.0
249,269,2.0
249,270,3.0
249,271,2.0
249,272,2.0
249,273,2.0
249,274,2.0
249,275,2.0
249,276,2.0
249,277,2.0
249,278,3.0
249,279,2.0
249,280,3.0
249,281,2.0
249,282,3.0
249,283,1.0
249,284,2.0
249,285,1.0
249,286,3.0
249,287,1.0
249,288,2.0
249,289,2.0
249,290,2.0
249,291,2.0
249,292,2.0
249,293,2.0
249,294,3.0
249,295,2.0
249,296,4.0
249,297,2.0
249,298,2.0
249,299,2.0
249,300,3.0
249,301,2.0
249,302,2.0
249,303,2.0
249,304,2.0
249,305,2.0
249,306,2.0
249,307,2.0
249,308,3.0
249,309,3.0
249,310,2.0
249,311,2.0
249,312,2.0
249,313,2.0
249,314,2.0
249,315,2.0
249,316,6.0
249,317,1.0
249,318,2.0
249,319,4.0
249,320,2.0
249,321,2.0
249,322,3.0
249,323,3.0
249,324,2.0
249,325,2.0
249,326,2.0
249,327,2.0
249,328,2.0
249,329,3.0
249,330,2.0
249,331,1.0
249,332,2.0
249,333,2.0
249,334,2.0
249,335,0.0
249,336,1.0
249,337,2.0
249,338,3.0
249,339,3.0
249,340,1.0
249,341,2.0
249,342,2.0
249,343,2.0
249,344,2.0
249,345,2.0
249,346,6.0
249,347,2.0
249,348,3.0
249,349,3.0
249,350,2.0
249,351,2.0
249,352,2.0
249,353,2.0
249,354,2.0
249,355,0.0
249,356,3.0
249,357,3.0
249,358,2.0
249,359,2.0
249,360,3.0
249,361,2.0
249,362,2.0
249,363,2.0
249,364,1.0
249,365,1.0
249,366,2.0
249,367,2.0
249,368,1.0
249,369,2.0
249,370,2.0
249,371,2.0
249,372,2.0
249,373,3.0
249,374,2.0
249,375,2.0
249,376,5.0
249,377,3.0
250,251,2.0
250,252,3.0
250,253,2.0
250,254,2.0
250,255,3.0
250,256,4.0
250,257,2.0
250,258,2.0
250,259,2.0
250,260,3.0
250,261,4.0
250,262,3.0
250,263,2.0
250,264,2.0
250,265,3.0
250,266,0.0
250,267,4.0
250,268,3.0
250,269,2.0
250,270,2.0
250,271,2.0
250,272,3.0
250,273,3.0
250,274,3.0
250,275,4.0
250,276,4.0
250,277,4.0
250,278,2.0
250,279,3.0
250,280,3.0
250,281,3.0
250,282,2.0
250,283,1.0
250,284,4.0
250,285,1.0
250,286,3.0
250,287,2.0
250,288,2.0
250,289,4.0
250,290,3.0
250,291,2.0
250,292,3.0
250,293,2.0
250,294,2.0
250,295,3.0
250,296,5.0
250,297,4.0
250,298,3.0
250,299,3.0
250,300,3.0
250,301,3.0
250,302,4.0
250,303,3.0
250,304,5.0
250,305,3.0
250,306,3.0
250,307,4.0
250,308,2.0
250,309,2.0
250,310,4.0
250,311,2.0
250,312,2.0
250,313,4.0
250,314,4.0
250,315,3.0
250,316,3.0
250,317,0.0
250,318,3.0
250,319,2.0
250,320,4.0
250,321,4.0
250,322,3.0
250,323,3.0
250,324,3.0
250,325,2.0
250,326,4.0
250,327,2.0
250,328,4.0
250,329,3.0
250,330,3.0
250,331,1.0
250,332,3.0
250,333,5.0
250,334,1.0
250,335,0.0
250,336,1.0
250,337,4.0
250,338,6.0
250,339,3.0
250,340,3.0
250,341,3.0
250,342,3.0
250,343,4.0
250,344,4.0
250,345,4.0
250,346,3.0
250,347,4.0
250,348,6.0
250,349,2.0
250,350,2.0
250,351,4.0
250,352,4.0
250,353,3.0
250,354,4.0
250,355,0.0
250,356,3.0
250,357,2.0
250,358,4.0
250,359,3.0
250,360,3.0
250,361,4.0
250,362,3.0
250,363,2.0
250,364,1.0
250,365,2.0
250,366,3.0
250,367,4.0
250,368,0.0
250,369,3.0
250,370,3.0
250,371,3.0
250,372,3.0
250,373,2.0
250,374,4.0
250,375,2.0
250,376,3.0
250,377,2.0
251,252,2.0
251,253,2.0
251,254,2.0
251,255,2.0
251,256,2.0
251,257,1.0
251,258,2.0
251,259,2.0
251,260,3.0
251,261,3.0
251,262,2.0
251,263,2.0
251,264,1.0
251,265,2.0
251,266,0.0
251,267,3.0
251,268,2.0
251,269,2.0
251,270,2.0
251,271,2.0
251,272,2.0
251,273,3.0
251,274,2.0
251,275,3.0
251,276,3.0
251,277,3.0
251,278,2.0
251,279,2.0
251,280,2.0
251,281,2.0
251,282,4.0
251,283,1.0
251,284,3.0
251,285,1.0
251,286,2.0
251,287,1.0
251,288,2.0
251,289,3.0
251,290,2.0
251,291,2.0
251,292,3.0
251,293,2.0
251,294,2.0
251,295,2.0
251,296,2.0
251,297,3.0
251,298,4.0
251,299,4.0
251,300,2.0
251,301,2.0
251,302,3.0
251,303,3.0
251,304,2.0
251,305,2.0
251,306,2.0
251,307,3.0
251,308,2.0
251,309,2.0
251,310,3.0
251,311,1.0
251,312,2.0
251,313,3.0
251,314,3.0
251,315,2.0
251,316,2.0
251,317,0.0
251,318,3.0
251,319,2.0
251,320,3.0
251,321,3.0
251,322,2.0
251,323,2.0
251,324,2.0
251,325,1.0
251,326,3.0
251,327,2.0
251,328,3.0
251,329,2.0
251,330,2.0
251,331,2.0
251,332,3.0
251,333,2.0
251,334,2.0
251,335,1.0
251,336,1.0
251,337,3.0
251,338,2.0
251,339,3.0
251,340,1.0
251,341,2.0
251,342,3.0
251,343,3.0
251,344,3.0
251,345,2.0
251,346,2.0
251,347,3.0
251,348,2.0
251,349,2.0
251,350,3.0
251,351,3.0
251,352,3.0
251,353,2.0
251,354,3.0
251,355,1.0
251,356,2.0
251,357,2.0
251,358,3.0
251,359,2.0
251,360,2.0
251,361,3.0
251,362,2.0
251,363,1.0
251,364,1.0
251,365,1.0
251,366,2.0
251,367,3.0
251,368,3.0
251,369,2.0
251,370,4.0
251,371,2.0
251,372,3.0
251,373,2.0
251,374,3.0
251,375,2.0
251,376,2.0
251,377,4.0
252,253,2.0
252,254,3.0
252,255,3.0
252,256,4.0
252,257,1.0
252,258,2.0
252,259,1.0
252,260,3.0
252,261,2.0
252,262,2.0
252,263,2.0
252,264,2.0
252,265,3.0
252,266,2.0
252,267,2.0
252,268,2.0
252,269,2.0
252,270,3.0
252,271,1.0
252,272,1.0
252,273,2.0
252,274,3.0
252,275,2.0
252,276,2.0
252,277,2.0
252,278,2.0
252,279,4.0
252,280,2.0
252,281,3.0
252,282,2.0
252,283,2.0
252,284,2.0
252,285,1.0
252,286,2.0
252,287,2.0
252,288,2.0
252,289,2.0
252,290,2.0
252,291,3.0
252,292,3.0
252,293,1.0
252,294,3.0
252,295,1.0
252,296,2.0
252,297,2.0
252,298,2.0
252,299,2.0
252,300,3.0
252,301,2.0
252,302,2.0
252,303,3.0
252,304,3.0
252,305,3.0
252,306,2.0
252,307,2.0
252,308,1.0
252,309,2.0
252,310,2.0
252,311,2.0
252,312,1.0
252,313,2.0
252,314,2.0
252,315,3.0
252,316,2.0
252,317,1.0
252,318,2.0
252,319,2.0
252,320,2.0
252,321,2.0
252,322,2.0
252,323,2.0
252,324,1.0
252,325,1.0
252,326,2.0
252,327,1.0
252,328,2.0
252,329,2.0
252,330,1.0
252,331,1.0
252,332,2.0
252,333,3.0
252,334,1.0
252,335,0.0
252,336,1.0
252,337,2.0
252,338,3.0
252,339,2.0
252,340,3.0
252,341,3.0
252,342,3.0
252,343,2.0
252,344,2.0
252,345,2.0
252,346,2.0
252,347,2.0
252,348,3.0
252,349,2.0
252,350,2.0
252,351,2.0
252,352,2.0
252,353,2.0
252,354,2.0
252,355,1.0
252,356,2.0
252,357,1.0
252,358,2.0
252,359,3.0
252,360,2.0
252,361,2.0
252,362,1.0
252,363,2.0
252,364,2.0
252,365,2.0
252,366,1.0
252,367,2.0
252,368,1.0
252,369,3.0
252,370,2.0
252,371,1.0
252,372,3.0
252,373,3.0
252,374,2.0
252,375,1.0
252,376,2.0
252,377,2.0
253,254,2.0
253,255,2.0
253,256,2.0
253,257,1.0
253,258,2.0
253,259,2.0
253,260,4.0
253,261,3.0
253,262,2.0
253,263,2.0
253,264,2.0
253,265,1.0
253,266,0.0
253,267,3.0
253,268,2.0
253,269,2.0
253,270,2.0
253,271,2.0
253,272,3.0
253,273,2.0
253,274,1.0
253,275,3.0
253,276,3.0
253,277,3.0
253,278,2.0
253,279,2.0
253,280,2.0
253,281,1.0
253,282,2.0
253,283,2.0
253,284,3.0
253,285,1.0
253,286,2.0
253,287,0.0
253,288,1.0
253,289,3.0
253,290,2.0
253,291,1.0
253,292,4.0
253,293,2.0
253,294,2.0
253,295,3.0
253,296,2.0
253,297,3.0
253,298,2.0
253,299,2.0
253,300,1.0
253,301,1.0
253,302,3.0
253,303,4.0
253,304,2.0
253,305,1.0
253,306,2.0
253,307,3.0
253,308,3.0
253,309,2.0
253,310,3.0
253,311,2.0
253,312,2.0
253,313,3.0
253,314,3.0
253,315,1.0
253,316,2.0
253,317,0.0
253,318,2.0
253,319,1.0
253,320,3.0
253,321,3.0
253,322,2.0
253,323,2.0
253,324,3.0
253,325,1.0
253,326,3.0
253,327,2.0
253,328,3.0
253,329,2.0
253,330,3.0
253,331,1.0
253,332,3.0
253,333,2.0
253,334,1.0
253,335,0.0
253,336,1.0
253,337,3.0
253,338,2.0
253,339,3.0
253,340,1.0
253,341,1.0
253,342,4.0
253,343,3.0
253,344,3.0
253,345,2.0
253,346,2.0
253,347,3.0
253,348,2.0
253,349,2.0
253,350,2.0
253,351,3.0
253,352,3.0
253,353,2.0
253,354,3.0
253,355,1.0
253,356,2.0
253,357,3.0
253,358,3.0
253,359,1.0
253,360,2.0
253,361,3.0
253,362,3.0
253,363,0.0
253,364,2.0
253,365,0.0
253,366,3.0
253,367,3.0
253,368,1.0
253,369,2.0
253,370,2.0
253,371,3.0
253,372,4.0
253,373,2.0
253,374,3.0
253,375,2.0
253,376,2.0
253,377,2.0
254,255,4.0
254,256,2.0
254,257,1.0
254,258,1.0
254,259,2.0
254,260,2.0
254,261,2.0
254,262,2.0
254,263,1.0
254,264,2.0
254,265,4.0
254,266,1.0
254,267,2.0
254,268,2.0
254,269,3.0
254,270,2.0
254,271,2.0
254,272,1.0
254,273,2.0
254,274,3.0
254,275,2.0
254,276,2.0
254,277,2.0
254,278,1.0
254,279,2.0
254,280,2.0
254,281,4.0
254,282,2.0
254,283,2.0
254,284,2.0
254,285,2.0
254,286,2.0
254,287,2.0
254,288,3.0
254,289,2.0
254,290,3.0
254,291,3.0
254,292,2.0
254,293,2.0
254,294,2.0
254,295,2.0
254,296,2.0
254,297,2.0
254,298,2.0
254,299,2.0
254,300,3.0
254,301,3.0
254,302,2.0
254,303,2.0
254,304,3.0
254,305,4.0
254,306,2.0
254,307,2.0
254,308,1.0
254,309,1.0
254,310,2.0
254,311,2.0
254,312,2.0
254,313,2.0
254,314,2.0
254,315,3.0
254,316,2.0
254,317,1.0
254,318,2.0
254,319,2.0
254,320,2.0
254,321,2.0
254,322,2.0
254,323,2.0
254,324,1.0
254,325,2.0
254,326,2.0
254,327,2.0
254,328,2.0
254,329,2.0
254,330,2.0
254,331,2.0
254,332,2.0
254,333,3.0
254,334,2.0
254,335,1.0
254,336,2.0
254,337,2.0
254,338,2.0
254,339,3.0
254,340,1.0
254,341,4.0
254,342,2.0
254,343,2.0
254,344,2.0
254,345,2.0
254,346,2.0
254,347,2.0
254,348,2.0
254,349,1.0
254,350,3.0
254,351,2.0
254,352,2.0
254,353,2.0
254,354,2.0
254,355,1.0
254,356,2.0
254,357,1.0
254,358,2.0
254,359,3.0
254,360,2.0
254,361,2.0
254,362,2.0
254,363,2.0
254,364,2.0
254,365,2.0
254,366,1.0
254,367,2.0
254,368,1.0
254,369,4.0
254,370,2.0
254,371,2.0
254,372,2.0
254,373,2.0
254,374,2.0
254,375,2.0
254,376,2.0
254,377,2.0
255,256,2.0
255,257,1.0
255,258,1.0
255,259,2.0
255,260,3.0
255,261,3.0
255,262,2.0
255,263,1.0
255,264,2.0
255,265,4.0
255,266,1.0
255,267,3.0
255,268,2.0
255,269,2.0
255,270,2.0
255,271,2.0
255,272,2.0
255,273,2.0
255,274,3.0
255,275,3.0
255,276,3.0
255,277,3.0
255,278,1.0
255,279,2.0
255,280,3.0
255,281,4.0
255,282,2.0
255,283,2.0
255,284,3.0
255,285,2.0
255,286,2.0
255,287,2.0
255,288,3.0
255,289,3.0
255,290,4.0
255,291,3.0
255,292,3.0
255,293,2.0
255,294,2.0
255,295,3.0
255,296,3.0
255,297,3.0
255,298,2.0
255,299,2.0
255,300,2.0
255,301,2.0
255,302,3.0
255,303,3.0
255,304,4.0
255,305,4.0
255,306,3.0
255,307,3.0
255,308,2.0
255,309,1.0
255,310,3.0
255,311,2.0
255,312,2.0
255,313,3.0
255,314,3.0
255,315,3.0
255,316,2.0
255,317,2.0
255,318,2.0
255,319,2.0
255,320,3.0
255,321,3.0
255,322,2.0
255,323,2.0
255,324,2.0
255,325,2.0
255,326,3.0
255,327,2.0
255,328,3.0
255,329,2.0
255,330,3.0
255,331,2.0
255,332,3.0
255,333,4.0
255,334,2.0
255,335,1.0
255,336,2.0
255,337,3.0
255,338,3.0
255,339,3.0
255,340,1.0
255,341,4.0
255,342,3.0
255,343,3.0
255,344,3.0
255,345,3.0
255,346,2.0
255,347,3.0
255,348,3.0
255,349,1.0
255,350,2.0
255,351,3.0
255,352,3.0
255,353,2.0
255,354,3.0
255,355,0.0
255,356,2.0
255,357,2.0
255,358,3.0
255,359,3.0
255,360,2.0
255,361,3.0
255,362,3.0
255,363,2.0
255,364,2.0
255,365,2.0
255,366,2.0
255,367,3.0
255,368,1.0
255,369,6.0
255,370,2.0
255,371,3.0
255,372,3.0
255,373,2.0
255,374,3.0
255,375,2.0
255,376,2.0
255,377,2.0
256,257,2.0
256,258,2.0
256,259,2.0
256,260,3.0
256,261,3.0
256,262,2.0
256,263,2.0
256,264,2.0
256,265,3.0
256,266,0.0
256,267,3.0
256,268,3.0
256,269,2.0
256,270,2.0
256,271,2.0
256,272,2.0
256,273,3.0
256,274,3.0
256,275,3.0
256,276,3.0
256,277,3.0
256,278,2.0
256,279,4.0
256,280,2.0
256,281,3.0
256,282,2.0
256,283,2.0
256,284,3.0
256,285,1.0
256,286,3.0
256,287,2.0
256,288,2.0
256,289,3.0
256,290,2.0
256,291,2.0
256,292,3.0
256,293,2.0
256,294,2.0
256,295,2.0
256,296,3.0
256,297,3.0
256,298,3.0
256,299,3.0
256,300,3.0
256,301,3.0
256,302,3.0
256,303,3.0
256,304,4.0
256,305,3.0
256,306,2.0
256,307,3.0
256,308,1.0
256,309,2.0
256,310,3.0
256,311,2.0
256,312,2.0
256,313,3.0
256,314,3.0
256,315,3.0
256,316,2.0
256,317,0.0
256,318,3.0
256,319,2.0
256,320,3.0
256,321,3.0
256,322,3.0
256,323,3.0
256,324,2.0
256,325,2.0
256,326,3.0
256,327,2.0
256,328,3.0
256,329,3.0
256,330,2.0
256,331,1.0
256,332,2.0
256,333,4.0
256,334,1.0
256,335,0.0
256,336,1.0
256,337,3.0
256,338,4.0
256,339,2.0
256,340,5.0
256,341,3.0
256,342,3.0
256,343,3.0
256,344,3.0
256,345,3.0
256,346,2.0
256,347,3.0
256,348,4.0
256,349,2.0
256,350,2.0
256,351,3.0
256,352,3.0
256,353,3.0
256,354,3.0
256,355,0.0
256,356,3.0
256,357,1.0
256,358,3.0
256,359,3.0
256,360,3.0
256,361,3.0
256,362,2.0
256,363,2.0
256,364,2.0
256,365,2.0
256,366,2.0
256,367,3.0
256,368,0.0
256,369,2.0
256,370,3.0
256,371,2.0
256,372,3.0
256,373,2.0
256,374,3.0
256,375,2.0
256,376,2.0
256,377,2.0
257,258,3.0
257,259,3.0
257,260,1.0
257,261,2.0
257,262,2.0
257,263,3.0
257,264,1.0
257,265,1.0
257,266,1.0
257,267,2.0
257,268,3.0
257,269,1.0
257,270,1.0
257,271,3.0
257,272,2.0
257,273,2.0
257,274,2.0
257,275,2.0
257,276,2.0
257,277,2.0
257,278,3.0
257,279,1.0
257,280,3.0
257,281,1.0
257,282,1.0
257,283,1.0
257,284,2.0
257,285,3.0
257,286,3.0
257,287,3.0
257,288,3.0
257,289,2.0
257,290,2.0
257,291,1.0
257,292,1.0
257,293,2.0
257,294,1.0
257,295,2.0
257,296,2.0
257,297,2.0
257,298,2.0
257,299,2.0
257,300,2.0
257,301,3.0
257,302,2.0
257,303,1.0
257,304,2.0
257,305,1.0
257,306,1.0
257,307,2.0
257,308,2.0
257,309,3.0
257,310,2.0
257,311,1.0
257,312,3.0
257,313,2.0
257,314,2.0
257,315,2.0
257,316,2.0
257,317,1.0
257,318,2.0
257,319,1.0
257,320,2.0
257,321,2.0
257,322,3.0
257,323,3.0
257,324,2.0
257,325,2.0
257,326,2.0
257,327,3.0
257,328,2.0
257,329,3.0
257,330,2.0
257,331,1.0
257,332,1.0
257,333,2.0
257,334,1.0
257,335,1.0
257,336,3.0
257,337,2.0
257,338,2.0
257,339,2.0
257,340,1.0
257,341,1.0
257,342,1.0
257,343,2.0
257,344,2.0
257,345,2.0
257,346,2.0
257,347,2.0
257,348,2.0
257,349,3.0
257,350,1.0
257,351,2.0
257,352,2.0
257,353,3.0
257,354,2.0
257,355,1.0
257,356,3.0
257,357,2.0
257,358,2.0
257,359,2.0
257,360,3.0
257,361,2.0
257,362,2.0
257,363,2.0
257,364,1.0
257,365,3.0
257,366,2.0
257,367,2.0
257,368,1.0
257,369,1.0
257,370,2.0
257,371,2.0
257,372,1.0
257,373,1.0
257,374,2.0
257,375,2.0
257,376,2.0
257,377,1.0
258,259,3.0
258,260,2.0
258,261,3.0
258,262,3.0
258,263,6.0
258,264,1.0
258,265,1.0
258,266,3.0
258,267,3.0
258,268,5.0
258,269,1.0
258,270,3.0
258,271,3.0
258,272,3.0
258,273,3.0
258,274,2.0
258,275,3.0
258,276,3.0
258,277,3.0
258,278,6.0
258,279,1.0
258,280,3.0
258,281,1.0
258,282,3.0
258,283,1.0
258,284,3.0
258,285,2.0
258,286,5.0
258,287,2.0
258,288,2.0
258,289,3.0
258,290,2.0
258,291,2.0
258,292,2.0
258,293,3.0
258,294,3.0
258,295,3.0
258,296,2.0
258,297,3.0
258,298,3.0
258,299,3.0
258,300,3.0
258,301,3.0
258,302,3.0
258,303,2.0
258,304,2.0
258,305,1.0
258,306,1.0
258,307,3.0
258,308,4.0
258,309,6.0
258,310,3.0
258,311,1.0
258,312,3.0
258,313,3.0
258,314,3.0
258,315,2.0
258,316,3.0
258,317,1.0
258,318,3.0
258,319,2.0
258,320,3.0
258,321,3.0
258,322,5.0
258,323,5.0
258,324,3.0
258,325,2.0
258,326,3.0
258,327,3.0
258,328,3.0
258,329,5.0
258,330,3.0
258,331,1.0
258,332,2.0
258,333,2.0
258,334,1.0
258,335,1.0
258,336,2.0
258,337,3.0
258,338,2.0
258,339,3.0
258,340,1.0
258,341,1.0
258,342,2.0
258,343,3.0
258,344,3.0
258,345,2.0
258,346,3.0
258,347,3.0
258,348,2.0
258,349,6.0
258,350,2.0
258,351,3.0
258,352,3.0
258,353,4.0
258,354,3.0
258,355,2.0
258,356,5.0
258,357,4.0
258,358,3.0
258,359,2.0
258,360,5.0
258,361,3.0
258,362,3.0
258,363,3.0
258,364,1.0
258,365,2.0
258,366,3.0
258,367,3.0
258,368,2.0
258,369,1.0
258,370,3.0
258,371,3.0
258,372,2.0
258,373,3.0
258,374,3.0
258,375,3.0
258,376,3.0
258,377,3.0
259,260,2.0
259,261,3.0
259,262,2.0
259,263,3.0
259,264,2.0
259,265,2.0
259,266,1.0
259,267,3.0
259,268,3.0
259,269,1.0
259,270,2.0
259,271,6.0
259,272,3.0
259,273,4.0
259,274,2.0
259,275,3.0
259,276,3.0
259,277,3.0
259,278,3.0
259,279,1.0
259,280,1.0
259,281,2.0
259,282,2.0
259,283,2.0
259,284,3.0
259,285,3.0
259,286,3.0
259,287,3.0
259,288,3.0
259,289,3.0
259,290,2.0
259,291,1.0
259,292,2.0
259,293,5.0
259,294,2.0
259,295,4.0
259,296,2.0
259,297,3.0
259,298,3.0
259,299,3.0
259,300,1.0
259,301,2.0
259,302,3.0
259,303,2.0
259,304,2.0
259,305,2.0
259,306,1.0
259,307,3.0
259,308,2.0
259,309,3.0
259,310,3.0
259,311,2.0
259,312,6.0
259,313,3.0
259,314,3.0
259,315,2.0
259,316,2.0
259,317,2.0
259,318,3.0
259,319,1.0
259,320,3.0
259,321,3.0
259,322,3.0
259,323,3.0
259,324,3.0
259,325,3.0
259,326,3.0
259,327,6.0
259,328,3.0
259,329,3.0
259,330,4.0
259,331,2.0
259,332,2.0
259,333,2.0
259,334,2.0
259,335,2.0
259,336,3.0
259,337,3.0
259,338,2.0
259,339,5.0
259,340,1.0
259,341,2.0
259,342,2.0
259,343,3.0
259,344,3.0
259,345,2.0
259,346,2.0
259,347,3.0
259,348,2.0
259,349,3.0
259,350,2.0
259,351,3.0
259,352,3.0
259,353,3.0
259,354,3.0
259,355,2.0
259,356,3.0
259,357,3.0
259,358,3.0
259,359,2.0
259,360,3.0
259,361,3.0
259,362,4.0
259,363,3.0
259,364,2.0
259,365,3.0
259,366,3.0
259,367,3.0
259,368,1.0
259,369,2.0
259,370,3.0
259,371,4.0
259,372,2.0
259,373,2.0
259,374,3.0
259,375,5.0
259,376,2.0
259,377,2.0
260,261,4.0
260,262,2.0
260,263,2.0
260,264,2.0
260,265,2.0
260,266,0.0
260,267,4.0
260,268,2.0
260,269,2.0
260,270,2.0
260,271,2.0
260,272,3.0
260,273,3.0
260,274,2.0
260,275,4.0
260,276,4.0
260,277,4.0
260,278,2.0
260,279,3.0
260,280,3.0
260,281,2.0
260,282,3.0
260,283,2.0
260,284,4.0
260,285,1.0
260,286,2.0
260,287,1.0
260,288,2.0
260,289,4.0
260,290,3.0
260,291,2.0
260,292,5.0
260,293,2.0
260,294,2.0
260,295,3.0
260,296,3.0
260,297,4.0
260,298,3.0
260,299,3.0
260,300,2.0
260,301,2.0
260,302,4.0
260,303,5.0
260,304,3.0
260,305,2.0
260,306,3.0
260,307,4.0
260,308,3.0
260,309,2.0
260,310,4.0
260,311,2.0
260,312,2.0
260,313,4.0
260,314,4.0
260,315,2.0
260,316,2.0
260,317,0.0
260,318,3.0
260,319,2.0
260,320,4.0
260,321,4.0
260,322,2.0
260,323,2.0
260,324,3.0
260,325,1.0
260,326,4.0
260,327,2.0
260,328,4.0
260,329,2.0
260,330,3.0
260,331,1.0
260,332,4.0
260,333,3.0
260,334,1.0
260,335,0.0
260,336,1.0
260,337,4.0
260,338,3.0
260,339,3.0
260,340,2.0
260,341,2.0
260,342,5.0
260,343,4.0
260,344,4.0
260,345,3.0
260,346,2.0
260,347,4.0
260,348,3.0
260,349,2.0
260,350,3.0
260,351,4.0
260,352,4.0
260,353,2.0
260,354,4.0
260,355,1.0
260,356,2.0
260,357,3.0
260,358,4.0
260,359,2.0
260,360,2.0
260,361,4.0
260,362,3.0
260,363,1.0
260,364,2.0
260,365,1.0
260,366,3.0
260,367,4.0
260,368,1.0
260,369,3.0
260,370,3.0
260,371,3.0
260,372,5.0
260,373,2.0
260,374,4.0
260,375,2.0
260,376,2.0
260,377,3.0
261,262,2.0
261,263,3.0
261,264,2.0
261,265,2.0
261,266,0.0
261,267,5.0
261,268,3.0
261,269,2.0
261,270,2.0
261,271,3.0
261,272,4.0
261,273,4.0
261,274,3.0
261,275,5.0
261,276,5.0
261,277,5.0
261,278,3.0
261,279,2.0
261,280,3.0
261,281,2.0
261,282,3.0
261,283,1.0
261,284,5.0
261,285,1.0
261,286,3.0
261,287,2.0
261,288,2.0
261,289,5.0
261,290,3.0
261,291,2.0
261,292,4.0
261,293,3.0
261,294,2.0
261,295,4.0
261,296,4.0
261,297,5.0
261,298,4.0
261,299,4.0
261,300,2.0
261,301,3.0
261,302,5.0
261,303,4.0
261,304,4.0
261,305,2.0
261,306,3.0
261,307,5.0
261,308,3.0
261,309,3.0
261,310,5.0
261,311,2.0
261,312,3.0
261,313,5.0
261,314,5.0
261,315,3.0
261,316,2.0
261,317,0.0
261,318,4.0
261,319,2.0
261,320,5.0
261,321,5.0
261,322,3.0
261,323,3.0
261,324,4.0
261,325,2.0
261,326,5.0
261,327,3.0
261,328,5.0
261,329,3.0
261,330,4.0
261,331,1.0
261,332,4.0
261,333,4.0
261,334,1.0
261,335,0.0
261,336,1.0
261,337,5.0
261,338,4.0
261,339,3.0
261,340,2.0
261,341,2.0
261,342,4.0
261,343,5.0
261,344,5.0
261,345,4.0
261,346,2.0
261,347,5.0
261,348,4.0
261,349,3.0
261,350,3.0
261,351,5.0
261,352,5.0
261,353,3.0
261,354,5.0
261,355,1.0
261,356,3.0
261,357,3.0
261,358,5.0
261,359,3.0
261,360,3.0
261,361,5.0
261,362,4.0
261,363,2.0
261,364,1.0
261,365,2.0
261,366,4.0
261,367,5.0
261,368,1.0
261,369,3.0
261,370,4.0
261,371,4.0
261,372,4.0
261,373,2.0
261,374,5.0
261,375,3.0
261,376,2.0
261,377,3.0
262,263,3.0
262,264,2.0
262,265,3.0
262,266,1.0
262,267,2.0
262,268,3.0
262,269,2.0
262,270,3.0
262,271,2.0
262,272,2.0
262,273,2.0
262,274,2.0
262,275,2.0
262,276,2.0
262,277,2.0
262,278,3.0
262,279,2.0
262,280,3.0
262,281,3.0
262,282,3.0
262,283,2.0
262,284,2.0
262,285,1.0
262,286,3.0
262,287,1.0
262,288,2.0
262,289,2.0
262,290,2.0
262,291,2.0
262,292,2.0
262,293,2.0
262,294,3.0
262,295,2.0
262,296,4.0
262,297,2.0
262,298,2.0
262,299,2.0
262,300,3.0
262,301,2.0
262,302,2.0
262,303,2.0
262,304,2.0
262,305,3.0
262,306,2.0
262,307,2.0
262,308,3.0
262,309,3.0
262,310,2.0
262,311,2.0
262,312,2.0
262,313,2.0
262,314,2.0
262,315,2.0
262,316,5.0
262,317,1.0
262,318,2.0
262,319,4.0
262,320,2.0
262,321,2.0
262,322,3.0
262,323,3.0
262,324,2.0
262,325,3.0
262,326,2.0
262,327,2.0
262,328,2.0
262,329,3.0
262,330,2.0
262,331,2.0
262,332,2.0
262,333,2.0
262,334,2.0
262,335,1.0
262,336,1.0
262,337,2.0
262,338,3.0
262,339,3.0
262,340,1.0
262,341,3.0
262,342,2.0
262,343,2.0
262,344,2.0
262,345,2.0
262,346,5.0
262,347,2.0
262,348,3.0
262,349,3.0
262,350,2.0
262,351,2.0
262,352,2.0
262,353,2.0
262,354,2.0
262,355,0.0
262,356,3.0
262,357,3.0
262,358,2.0
262,359,2.0
262,360,3.0
262,361,2.0
262,362,2.0
262,363,2.0
262,364,2.0
262,365,1.0
262,366,2.0
262,367,2.0
262,368,2.0
262,369,2.0
262,370,2.0
262,371,2.0
262,372,2.0
262,373,3.0
262,374,2.0
262,375,2.0
262,376,6.0
262,377,3.0
263,264,1.0
263,265,1.0
263,266,3.0
263,267,3.0
263,268,5.0
263,269,1.0
263,270,3.0
263,271,3.0
263,272,3.0
263,273,3.0
263,274,2.0
263,275,3.0
263,276,3.0
263,277,3.0
263,278,6.0
263,279,1.0
263,280,3.0
263,281,1.0
263,282,3.0
263,283,1.0
263,284,3.0
263,285,2.0
263,286,5.0
263,287,2.0
263,288,2.0
263,289,3.0
263,290,2.0
263,291,2.0
263,292,2.0
263,293,3.0
263,294,3.0
263,295,3.0
263,296,2.0
263,297,3.0
263,298,3.0
263,299,3.0
263,300,3.0
263,301,3.0
263,302,3.0
263,303,2.0
263,304,2.0
263,305,1.0
263,306,1.0
263,307,3.0
263,308,4.0
263,309,6.0
263,310,3.0
263,311,1.0
263,312,3.0
263,313,3.0
263,314,3.0
263,315,2.0
263,316,3.0
263,317,1.0
263,318,3.0
263,319,2.0
263,320,3.0
263,321,3.0
263,322,5.0
263,323,5.0
263,324,3.0
263,325,2.0
263,326,3.0
263,327,3.0
263,328,3.0
263,329,5.0
263,330,3.0
263,331,1.0
263,332,2.0
263,333,2.0
263,334,1.0
263,335,1.0
263,336,2.0
263,337,3.0
263,338,2.0
263,339,3.0
263,340,1.0
263,341,1.0
263,342,2.0
263,343,3.0
263,344,3.0
263,345,2.0
263,346,3.0
263,347,3.0
263,348,2.0
263,349,6.0
263,350,2.0
263,351,3.0
263,352,3.0
263,353,4.0
263,354,3.0
263,355,2.0
263,356,5.0
263,357,4.0
263,358,3.0
263,359,2.0
263,360,5.0
263,361,3.0
263,362,3.0
263,363,3.0
263,364,1.0
263,365,2.0
263,366,3.0
263,367,3.0
263,368,2.0
263,369,1.0
263,370,3.0
263,371,3.0
263,372,2.0
263,373,3.0
263,374,3.0
263,375,3.0
263,376,3.0
263,377,3.0
264,265,1.0
264,266,1.0
264,267,2.0
264,268,1.0
264,269,2.0
264,270,2.0
264,271,2.0
264,272,2.0
264,273,2.0
264,274,1.0
264,275,2.0
264,276,2.0
264,277,2.0
264,278,1.0
264,279,2.0
264,280,2.0
264,281,1.0
264,282,1.0
264,283,2.0
264,284,2.0
264,285,2.0
264,286,1.0
264,287,1.0
264,288,1.0
264,289,2.0
264,290,2.0
264,291,2.0
264,292,2.0
264,293,2.0
264,294,2.0
264,295,2.0
264,296,2.0
264,297,2.0
264,298,1.0
264,299,1.0
264,300,1.0
264,301,1.0
264,302,2.0
264,303,2.0
264,304,2.0
264,305,1.0
264,306,2.0
264,307,2.0
264,308,2.0
264,309,1.0
264,310,2.0
264,311,5.0
264,312,2.0
264,313,2.0
264,314,2.0
264,315,1.0
264,316,2.0
264,317,1.0
264,318,1.0
264,319,2.0
264,320,2.0
264,321,2.0
264,322,1.0
264,323,1.0
264,324,2.0
264,325,1.0
264,326,2.0
264,327,2.0
264,328,2.0
264,329,1.0
264,330,2.0
264,331,1.0
264,332,2.0
264,333,2.0
264,334,1.0
264,335,1.0
264,336,1.0
264,337,2.0
264,338,2.0
264,339,2.0
264,340,1.0
264,341,1.0
264,342,2.0
264,343,2.0
264,344,2.0
264,345,2.0
264,346,2.0
264,347,2.0
264,348,2.0
264,349,1.0
264,350,2.0
264,351,2.0
264,352,2.0
264,353,1.0
264,354,2.0
264,355,1.0
264,356,1.0
264,357,2.0
264,358,2.0
264,359,1.0
264,360,1.0
264,361,2.0
264,362,2.0
264,363,1.0
264,364,2.0
264,365,1.0
264,366,2.0
264,367,2.0
264,368,0.0
264,369,2.0
264,370,1.0
264,371,2.0
264,372,2.0
264,373,2.0
264,374,2.0
264,375,2.0
264,376,2.0
264,377,1.0
265,266,1.0
265,267,2.0
265,268,2.0
265,269,2.0
265,270,2.0
265,271,2.0
265,272,1.0
265,273,2.0
265,274,3.0
265,275,2.0
265,276,2.0
265,277,2.0
265,278,1.0
265,279,3.0
265,280,2.0
265,281,6.0
265,282,2.0
265,283,2.0
265,284,2.0
265,285,2.0
265,286,2.0
265,287,3.0
265,288,3.0
265,289,2.0
265,290,3.0
265,291,2.0
265,292,2.0
265,293,2.0
265,294,2.0
265,295,2.0
265,296,2.0
265,297,2.0
265,298,2.0
265,299,2.0
265,300,3.0
265,301,2.0
265,302,2.0
265,303,2.0
265,304,4.0
265,305,6.0
265,306,2.0
265,307,2.0
265,308,1.0
265,309,1.0
265,310,2.0
265,311,1.0
265,312,2.0
265,313,2.0
265,314,2.0
265,315,3.0
265,316,2.0
265,317,1.0
265,318,2.0
265,319,2.0
265,320,2.0
265,321,2.0
265,322,2.0
265,323,2.0
265,324,1.0
265,325,2.0
265,326,2.0
265,327,2.0
265,328,2.0
265,329,2.0
265,330,2.0
265,331,3.0
265,332,2.0
265,333,4.0
265,334,2.0
265,335,2.0
265,336,2.0
265,337,2.0
265,338,3.0
265,339,3.0
265,340,2.0
265,341,6.0
265,342,2.0
265,343,2.0
265,344,2.0
265,345,2.0
265,346,2.0
265,347,2.0
265,348,3.0
265,349,1.0
265,350,2.0
265,351,2.0
265,352,2.0
265,353,2.0
265,354,2.0
265,355,0.0
265,356,2.0
265,357,1.0
265,358,2.0
265,359,3.0
265,360,2.0
265,361,2.0
265,362,2.0
265,363,3.0
265,364,3.0
265,365,3.0
265,366,1.0
265,367,2.0
265,368,1.0
265,369,4.0
265,370,2.0
265,371,2.0
265,372,2.0
265,373,2.0
265,374,2.0
265,375,2.0
265,376,3.0
265,377,2.0
266,267,0.0
266,268,2.0
266,269,0.0
266,270,1.0
266,271,1.0
266,272,0.0
266,273,1.0
266,274,1.0
266,275,0.0
266,276,0.0
266,277,0.0
266,278,3.0
266,279,0.0
266,280,2.0
266,281,1.0
266,282,1.0
266,283,0.0
266,284,0.0
266,285,1.0
266,286,2.0
266,287,2.0
266,288,1.0
266,289,0.0
266,290,1.0
266,291,1.0
266,292,0.0
266,293,2.0
266,294,1.0
266,295,0.0
266,296,0.0
266,297,0.0
266,298,0.0
266,299,0.0
266,300,2.0
266,301,1.0
266,302,0.0
266,303,0.0
266,304,1.0
266,305,1.0
266,306,0.0
266,307,0.0
266,308,2.0
266,309,3.0
266,310,0.0
266,311,1.0
266,312,1.0
266,313,0.0
266,314,0.0
266,315,1.0
266,316,1.0
266,317,2.0
266,318,0.0
266,319,1.0
266,320,0.0
266,321,0.0
266,322,2.0
266,323,2.0
266,324,0.0
266,325,0.0
266,326,0.0
266,327,1.0
266,328,0.0
266,329,2.0
266,330,0.0
266,331,0.0
266,332,0.0
266,333,1.0
266,334,0.0
266,335,1.0
266,336,2.0
266,337,0.0
266,338,0.0
266,339,1.0
266,340,0.0
266,341,1.0
266,342,0.0
266,343,0.0
266,344,0.0
266,345,0.0
266,346,1.0
266,347,0.0
266,348,0.0
266,349,3.0
266,350,0.0
266,351,0.0
266,352,0.0
266,353,1.0
266,354,0.0
266,355,3.0
266,356,2.0
266,357,2.0
266,358,0.0
266,359,1.0
266,360,2.0
266,361,0.0
266,362,0.0
266,363,3.0
266,364,0.0
266,365,2.0
266,366,0.0
266,367,0.0
266,368,1.0
266,369,1.0
266,370,0.0
266,371,0.0
266,372,0.0
266,373,1.0
266,374,0.0
266,375,2.0
266,376,1.0
266,377,1.0
267,268,3.0
267,269,2.0
267,270,2.0
267,271,3.0
267,272,4.0
267,273,4.0
267,274,3.0
267,275,5.0
267,276,5.0
267,277,5.0
267,278,3.0
267,279,2.0
267,280,3.0
267,281,2.0
267,282,3.0
267,283,1.0
267,284,5.0
267,285,1.0
267,286,3.0
267,287,2.0
267,288,2.0
267,289,5.0
267,290,3.0
267,291,2.0
267,292,4.0
267,293,3.0
267,294,2.0
267,295,4.0
267,296,4.0
267,297,5.0
267,298,4.0
267,299,4.0
267,300,2.0
267,301,3.0
267,302,5.0
267,303,4.0
267,304,4.0
267,305,2.0
267,306,3.0
267,307,5.0
267,308,3.0
267,309,3.0
267,310,5.0
267,311,2.0
267,312,3.0
267,313,5.0
267,314,5.0
267,315,3.0
267,316,2.0
267,317,0.0
267,318,4.0
267,319,2.0
267,320,5.0
267,321,5.0
267,322,3.0
267,323,3.0
267,324,4.0
267,325,2.0
267,326,5.0
267,327,3.0
267,328,5.0
267,329,3.0
267,330,4.0
267,331,1.0
267,332,4.0
267,333,4.0
267,334,1.0
267,335,0.0
267,336,1.0
267,337,5.0
267,338,4.0
267,339,3.0
267,340,2.0
267,341,2.0
267,342,4.0
267,343,5.0
267,344,5.0
267,345,4.0
267,346,2.0
267,347,5.0
267,348,4.0
267,349,3.0
267,350,3.0
267,351,5.0
267,352,5.0
267,353,3.0
267,354,5.0
267,355,1.0
267,356,3.0
267,357,3.0
267,358,5.0
267,359,3.0
267,360,3.0
267,361,5.0
267,362,4.0
267,363,2.0
267,364,1.0
267,365,2.0
267,366,4.0
267,367,5.0
267,368,1.0
267,369,3.0
267,370,4.0
267,371,4.0
267,372,4.0
267,373,2.0
267,374,5.0
267,375,3.0
267,376,2.0
267,377,3.0
268,269,2.0
268,270,4.0
268,271,3.0
268,272,3.0
268,273,3.0
268,274,3.0
268,275,3.0
268,276,3.0
268,277,3.0
268,278,5.0
268,279,2.0
268,280,4.0
268,281,2.0
268,282,3.0
268,283,1.0
268,284,3.0
268,285,2.0
268,286,6.0
268,287,3.0
268,288,2.0
268,289,3.0
268,290,2.0
268,291,2.0
268,292,2.0
268,293,3.0
268,294,4.0
268,295,3.0
268,296,3.0
268,297,3.0
268,298,3.0
268,299,3.0
268,300,4.0
268,301,4.0
268,302,3.0
268,303,2.0
268,304,3.0
268,305,2.0
268,306,2.0
268,307,3.0
268,308,4.0
268,309,5.0
268,310,3.0
268,311,1.0
268,312,3.0
268,313,3.0
268,314,3.0
268,315,3.0
268,316,3.0
268,317,1.0
268,318,3.0
268,319,3.0
268,320,3.0
268,321,3.0
268,322,6.0
268,323,6.0
268,324,3.0
268,325,2.0
268,326,3.0
268,327,3.0
268,328,3.0
268,329,6.0
268,330,3.0
268,331,1.0
268,332,2.0
268,333,3.0
268,334,1.0
268,335,1.0
268,336,2.0
268,337,3.0
268,338,3.0
268,339,3.0
268,340,2.0
268,341,2.0
268,342,2.0
268,343,3.0
268,344,3.0
268,345,3.0
268,346,3.0
268,347,3.0
268,348,3.0
268,349,5.0
268,350,2.0
268,351,3.0
268,352,3.0
268,353,5.0
268,354,3.0
268,355,2.0
268,356,6.0
268,357,4.0
268,358,3.0
268,359,3.0
268,360,6.0
268,361,3.0
268,362,3.0
268,363,4.0
268,364,1.0
268,365,3.0
268,366,3.0
268,367,3.0
268,368,2.0
268,369,2.0
268,370,3.0
268,371,3.0
268,372,2.0
268,373,4.0
268,374,3.0
268,375,3.0
268,376,3.0
268,377,3.0
269,270,2.0
269,271,1.0
269,272,1.0
269,273,2.0
269,274,2.0
269,275,2.0
269,276,2.0
269,277,2.0
269,278,1.0
269,279,3.0
269,280,2.0
269,281,2.0
269,282,2.0
269,283,1.0
269,284,2.0
269,285,1.0
269,286,2.0
269,287,1.0
269,288,2.0
269,289,2.0
269,290,2.0
269,291,2.0
269,292,2.0
269,293,1.0
269,294,2.0
269,295,1.0
269,296,2.0
269,297,2.0
269,298,2.0
269,299,2.0
269,300,2.0
269,301,2.0
269,302,2.0
269,303,2.0
269,304,2.0
269,305,2.0
269,306,2.0
269,307,2.0
269,308,1.0
269,309,1.0
269,310,2.0
269,311,2.0
269,312,1.0
269,313,2.0
269,314,2.0
269,315,2.0
269,316,2.0
269,317,0.0
269,318,2.0
269,319,2.0
269,320,2.0
269,321,2.0
269,322,2.0
269,323,2.0
269,324,1.0
269,325,1.0
269,326,2.0
269,327,1.0
269,328,2.0
269,329,2.0
269,330,1.0
269,331,1.0
269,332,3.0
269,333,2.0
269,334,1.0
269,335,0.0
269,336,1.0
269,337,2.0
269,338,2.0
269,339,2.0
269,340,1.0
269,341,2.0
269,342,2.0
269,343,2.0
269,344,2.0
269,345,2.0
269,346,2.0
269,347,2.0
269,348,2.0
269,349,1.0
269,350,3.0
269,351,2.0
269,352,2.0
269,353,2.0
269,354,2.0
269,355,0.0
269,356,2.0
269,357,1.0
269,358,2.0
269,359,2.0
269,360,2.0
269,361,2.0
269,362,1.0
269,363,1.0
269,364,1.0
269,365,1.0
269,366,1.0
269,367,2.0
269,368,0.0
269,369,2.0
269,370,2.0
269,371,1.0
269,372,2.0
269,373,2.0
269,374,2.0
269,375,1.0
269,376,2.0
269,377,2.0
270,271,2.0
270,272,2.0
270,273,2.0
270,274,2.0
270,275,2.0
270,276,2.0
270,277,2.0
270,278,3.0
270,279,2.0
270,280,3.0
270,281,2.0
270,282,3.0
270,283,1.0
270,284,2.0
270,285,1.0
270,286,4.0
270,287,1.0
270,288,2.0
270,289,2.0
270,290,2.0
270,291,3.0
270,292,2.0
270,293,2.0
270,294,6.0
270,295,2.0
270,296,2.0
270,297,2.0
270,298,2.0
270,299,2.0
270,300,3.0
270,301,2.0
270,302,2.0
270,303,2.0
270,304,2.0
270,305,2.0
270,306,2.0
270,307,2.0
270,308,3.0
270,309,3.0
270,310,2.0
270,311,2.0
270,312,2.0
270,313,2.0
270,314,2.0
270,315,2.0
270,316,3.0
270,317,1.0
270,318,2.0
270,319,3.0
270,320,2.0
270,321,2.0
270,322,4.0
270,323,4.0
270,324,2.0
270,325,1.0
270,326,2.0
270,327,2.0
270,328,2.0
270,329,4.0
270,330,2.0
270,331,1.0
270,332,2.0
270,333,2.0
270,334,1.0
270,335,0.0
270,336,1.0
270,337,2.0
270,338,2.0
270,339,2.0
270,340,2.0
270,341,2.0
270,342,2.0
270,343,2.0
270,344,2.0
270,345,2.0
270,346,3.0
270,347,2.0
270,348,2.0
270,349,3.0
270,350,3.0
270,351,2.0
270,352,2.0
270,353,3.0
270,354,2.0
270,355,1.0
270,356,4.0
270,357,3.0
270,358,2.0
270,359,2.0
270,360,4.0
270,361,2.0
270,362,2.0
270,363,2.0
270,364,1.0
270,365,1.0
270,366,2.0
270,367,2.0
270,368,2.0
270,369,2.0
270,370,2.0
270,371,2.0
270,372,2.0
270,373,6.0
270,374,2.0
270,375,2.0
270,376,3.0
270,377,3.0
271,272,3.0
271,273,4.0
271,274,2.0
271,275,3.0
271,276,3.0
271,277,3.0
271,278,3.0
271,279,1.0
271,280,1.0
271,281,2.0
271,282,2.0
271,283,2.0
271,284,3.0
271,285,3.0
271,286,3.0
271,287,3.0
271,288,3.0
271,289,3.0
271,290,2.0
271,291,1.0
271,292,2.0
271,293,5.0
271,294,2.0
271,295,4.0
271,296,2.0
271,297,3.0
271,298,3.0
271,299,3.0
271,300,1.0
271,301,2.0
271,302,3.0
271,303,2.0
271,304,2.0
271,305,2.0
271,306,1.0
271,307,3.0
271,308,2.0
271,309,3.0
271,310,3.0
271,311,2.0
271,312,6.0
271,313,3.0
271,314,3.0
271,315,2.0
271,316,2.0
271,317,2.0
271,318,3.0
271,319,1.0
271,320,3.0
271,321,3.0
271,322,3.0
271,323,3.0
271,324,3.0
271,325,3.0
271,326,3.0
271,327,6.0
271,328,3.0
271,329,3.0
271,330,4.0
271,331,2.0
271,332,2.0
271,333,2.0
271,334,2.0
271,335,2.0
271,336,3.0
271,337,3.0
271,338,2.0
271,339,5.0
271,340,1.0
271,341,2.0
271,342,2.0
271,343,3.0
271,344,3.0
271,345,2.0
271,346,2.0
271,347,3.0
271,348,2.0
271,349,3.0
271,350,2.0
271,351,3.0
271,352,3.0
271,353,3.0
271,354,3.0
271,355,2.0
271,356,3.0
271,357,3.0
271,358,3.0
271,359,2.0
271,360,3.0
271,361,3.0
271,362,4.0
271,363,3.0
271,364,2.0
271,365,3.0
271,366,3.0
271,367,3.0
271,368,1.0
271,369,2.0
271,370,3.0
271,371,4.0
271,372,2.0
271,373,2.0
271,374,3.0
271,375,5.0
271,376,2.0
271,377,2.0
272,273,3.0
272,274,2.0
272,275,4.0
272,276,4.0
272,277,4.0
272,278,3.0
272,279,1.0
272,280,2.0
272,281,1.0
272,282,2.0
272,283,1.0
272,284,4.0
272,285,2.0
272,286,3.0
272,287,1.0
272,288,1.0
272,289,4.0
272,290,2.0
272,291,2.0
272,292,3.0
272,293,3.0
272,294,2.0
272,295,4.0
272,296,3.0
272,297,4.0
272,298,3.0
272,299,3.0
272,300,1.0
272,301,2.0
272,302,4.0
272,303,3.0
272,304,3.0
272,305,1.0
272,306,2.0
272,307,4.0
272,308,3.0
272,309,3.0
272,310,4.0
272,311,2.0
272,312,3.0
272,313,4.0
272,314,4.0
272,315,2.0
272,316,2.0
272,317,0.0
272,318,3.0
272,319,2.0
272,320,4.0
272,321,4.0
272,322,3.0
272,323,3.0
272,324,5.0
272,325,2.0
272,326,4.0
272,327,3.0
272,328,4.0
272,329,3.0
272,330,4.0
272,331,1.0
272,332,4.0
272,333,3.0
272,334,1.0
272,335,0.0
272,336,1.0
272,337,4.0
272,338,3.0
272,339,3.0
272,340,1.0
272,341,1.0
272,342,3.0
272,343,4.0
272,344,4.0
272,345,3.0
272,346,2.0
272,347,4.0
272,348,3.0
272,349,3.0
272,350,2.0
272,351,4.0
272,352,4.0
272,353,3.0
272,354,4.0
272,355,1.0
272,356,3.0
272,357,3.0
272,358,4.0
272,359,2.0
272,360,3.0
272,361,4.0
272,362,4.0
272,363,1.0
272,364,1.0
272,365,1.0
272,366,5.0
272,367,4.0
272,368,1.0
272,369,2.0
272,370,3.0
272,371,4.0
272,372,3.0
272,373,2.0
272,374,4.0
272,375,3.0
272,376,2.0
272,377,2.0
273,274,3.0
273,275,4.0
273,276,4.0
273,277,4.0
273,278,3.0
273,279,2.0
273,280,2.0
273,281,2.0
273,282,3.0
273,283,1.0
273,284,4.0
273,285,1.0
273,286,3.0
273,287,3.0
273,288,2.0
273,289,4.0
273,290,2.0
273,291,2.0
273,292,3.0
273,293,4.0
273,294,2.0
273,295,3.0
273,296,3.0
273,297,4.0
273,298,4.0
273,299,4.0
273,300,2.0
273,301,3.0
273,302,4.0
273,303,3.0
273,304,3.0
273,305,2.0
273,306,2.0
273,307,4.0
273,308,2.0
273,309,3.0
273,310,4.0
273,311,2.0
273,312,4.0
273,313,4.0
273,314,4.0
273,315,3.0
273,316,2.0
273,317,1.0
273,318,4.0
273,319,2.0
273,320,4.0
273,321,4.0
273,322,3.0
273,323,3.0
273,324,3.0
273,325,2.0
273,326,4.0
273,327,4.0
273,328,4.0
273,329,3.0
273,330,3.0
273,331,1.0
273,332,3.0
273,333,3.0
273,334,1.0
273,335,1.0
273,336,1.0
273,337,4.0
273,338,3.0
273,339,4.0
273,340,2.0
273,341,2.0
273,342,3.0
273,343,4.0
273,344,4.0
273,345,3.0
273,346,2.0
273,347,4.0
273,348,3.0
273,349,3.0
273,350,3.0
273,351,4.0
273,352,4.0
273,353,3.0
273,354,4.0
273,355,2.0
273,356,3.0
273,357,3.0
273,358,4.0
273,359,3.0
273,360,3.0
273,361,4.0
273,362,3.0
273,363,3.0
273,364,1.0
273,365,3.0
273,366,3.0
273,367,4.0
273,368,1.0
273,369,2.0
273,370,4.0
273,371,3.0
273,372,3.0
273,373,2.0
273,374,4.0
273,375,4.0
273,376,2.0
273,377,3.0
274,275,3.0
274,276,3.0
274,277,3.0
274,278,2.0
274,279,2.0
274,280,2.0
274,281,3.0
274,282,2.0
274,283,1.0
274,284,3.0
274,285,1.0
274,286,3.0
274,287,2.0
274,288,2.0
274,289,3.0
274,290,2.0
274,291,2.0
274,292,2.0
274,293,2.0
274,294,2.0
274,295,2.0
274,296,3.0
274,297,3.0
274,298,3.0
274,299,3.0
274,300,2.0
274,301,3.0
274,302,3.0
274,303,2.0
274,304,4.0
274,305,3.0
274,306,3.0
274,307,3.0
274,308,1.0
274,309,2.0
274,310,3.0
274,311,1.0
274,312,2.0
274,313,3.0
274,314,3.0
274,315,5.0
274,316,2.0
274,317,1.0
274,318,4.0
274,319,2.0
274,320,3.0
274,321,3.0
274,322,3.0
274,323,3.0
274,324,2.0
274,325,2.0
274,326,3.0
274,327,2.0
274,328,3.0
274,329,3.0
274,330,2.0
274,331,1.0
274,332,2.0
274,333,4.0
274,334,1.0
274,335,0.0
274,336,1.0
274,337,3.0
274,338,3.0
274,339,2.0
274,340,2.0
274,341,3.0
274,342,2.0
274,343,3.0
274,344,3.0
274,345,3.0
274,346,2.0
274,347,3.0
274,348,3.0
274,349,2.0
274,350,2.0
274,351,3.0
274,352,3.0
274,353,3.0
274,354,3.0
274,355,0.0
274,356,3.0
274,357,1.0
274,358,3.0
274,359,5.0
274,360,3.0
274,361,3.0
274,362,2.0
274,363,2.0
274,364,1.0
274,365,2.0
274,366,2.0
274,367,3.0
274,368,1.0
274,369,3.0
274,370,3.0
274,371,2.0
274,372,2.0
274,373,2.0
274,374,3.0
274,375,2.0
274,376,2.0
274,377,2.0
275,276,5.0
275,277,5.0
275,278,3.0
275,279,2.0
275,280,3.0
275,281,2.0
275,282,3.0
275,283,1.0
275,284,5.0
275,285,1.0
275,286,3.0
275,287,2.0
275,288,2.0
275,289,5.0
275,290,3.0
275,291,2.0
275,292,4.0
275,293,3.0
275,294,2.0
275,295,4.0
275,296,4.0
275,297,5.0
275,298,4.0
275,299,4.0
275,300,2.0
275,301,3.0
275,302,5.0
275,303,4.0
275,304,4.0
275,305,2.0
275,306,3.0
275,307,5.0
275,308,3.0
275,309,3.0
275,310,5.0
275,311,2.0
275,312,3.0
275,313,5.0
275,314,5.0
275,315,3.0
275,316,2.0
275,317,0.0
275,318,4.0
275,319,2.0
275,320,5.0
275,321,5.0
275,322,3.0
275,323,3.0
275,324,4.0
275,325,2.0
275,326,5.0
275,327,3.0
275,328,5.0
275,329,3.0
275,330,4.0
275,331,1.0
275,332,4.0
275,333,4.0
275,334,1.0
275,335,0.0
275,336,1.0
275,337,5.0
275,338,4.0
275,339,3.0
275,340,2.0
275,341,2.0
275,342,4.0
275,343,5.0
275,344,5.0
275,345,4.0
275,346,2.0
275,347,5.0
275,348,4.0
275,349,3.0
275,350,3.0
275,351,5.0
275,352,5.0
275,353,3.0
275,354,5.0
275,355,1.0
275,356,3.0
275,357,3.0
275,358,5.0
275,359,3.0
275,360,3.0
275,361,5.0
275,362,4.0
275,363,2.0
275,364,1.0
275,365,2.0
275,366,4.0
275,367,5.0
275,368,1.0
275,369,3.0
275,370,4.0
275,371,4.0
275,372,4.0
275,373,2.0
275,374,5.0
275,375,3.0
275,376,2.0
275,377,3.0
276,277,5.0
276,278,3.0
276,279,2.0
276,280,3.0
276,281,2.0
276,282,3.0
276,283,1.0
276,284,5.0
276,285,1.0
276,286,3.0
276,287,2.0
276,288,2.0
276,289,5.0
276,290,3.0
276,291,2.0
276,292,4.0
276,293,3.0
276,294,2.0
276,295,4.0
276,296,4.0
276,297,5.0
276,298,4.0
276,299,4.0
276,300,2.0
276,301,3.0
276,302,5.0
276,303,4.0
276,304,4.0
276,305,2.0
276,306,3.0
276,307,5.0
276,308,3.0
276,309,3.0
276,310,5.0
276,311,2.0
276,312,3.0
276,313,5.0
276,314,5.0
276,315,3.0
276,316,2.0
276,317,0.0
276,318,4.0
276,319,2.0
276,320,5.0
276,321,5.0
276,322,3.0
276,323,3.0
276,324,4.0
276,325,2.0
276,326,5.0
276,327,3.0
276,328,5.0
276,329,3.0
276,330,4.0
276,331,1.0
276,332,4.0
276,333,4.0
276,334,1.0
276,335,0.0
276,336,1.0
276,337,5.0
276,338,4.0
276,339,3.0
276,340,2.0
276,341,2.0
276,342,4.0
276,343,5.0
276,344,5.0
276,345,4.0
276,346,2.0
276,347,5.0
276,348,4.0
276,349,3.0
276,350,3.0
276,351,5.0
276,352,5.0
276,353,3.0
276,354,5.0
276,355,1.0
276,356,3.0
276,357,3.0
276,358,5.0
276,359,3.0
276,360,3.0
276,361,5.0
276,362,4.0
276,363,2.0
276,364,1.0
276,365,2.0
276,366,4.0
276,367,5.0
276,368,1.0
276,369,3.0
276,370,4.0
276,371,4.0
276,372,4.0
276,373,2.0
276,374,5.0
276,375,3.0
276,376,2.0
276,377,3.0
277,278,3.0
277,279,2.0
277,280,3.0
277,281,2.0
277,282,3.0
277,283,1.0
277,284,5.0
277,285,1.0
277,286,3.0
277,287,2.0
277,288,2.0
277,289,5.0
277,290,3.0
277,291,2.0
277,292,4.0
277,293,3.0
277,294,2.0
277,295,4.0
277,296,4.0
277,297,5.0
277,298,4.0
277,299,4.0
277,300,2.0
277,301,3.0
277,302,5.0
277,303,4.0
277,304,4.0
277,305,2.0
277,306,3.0
277,307,5.0
277,308,3.0
277,309,3.0
277,310,5.0
277,311,2.0
277,312,3.0
277,313,5.0
277,314,5.0
277,315,3.0
277,316,2.0
277,317,0.0
277,318,4.0
277,319,2.0
277,320,5.0
277,321,5.0
277,322,3.0
277,323,3.0
277,324,4.0
277,325,2.0
277,326,5.0
277,327,3.0
277,328,5.0
277,329,3.0
277,330,4.0
277,331,1.0
277,332,4.0
277,333,4.0
277,334,1.0
277,335,0.0
277,336,1.0
277,337,5.0
277,338,4.0
277,339,3.0
277,340,2.0
277,341,2.0
277,342,4.0
277,343,5.0
277,344,5.0
277,345,4.0
277,346,2.0
277,347,5.0
277,348,4.0
277,349,3.0
277,350,3.0
277,351,5.0
277,352,5.0
277,353,3.0
277,354,5.0
277,355,1.0
277,356,3.0
277,357,3.0
277,358,5.0
277,359,3.0
277,360,3.0
277,361,5.0
277,362,4.0
277,363,2.0
277,364,1.0
277,365,2.0
277,366,4.0
277,367,5.0
277,368,1.0
277,369,3.0
277,370,4.0
277,371,4.0
277,372,4.0
277,373,2.0
277,374,5.0
277,375,3.0
277,376,2.0
277,377,3.0
278,279,1.0
278,280,3.0
278,281,1.0
278,282,3.0
278,283,1.0
278,284,3.0
278,285,2.0
278,286,5.0
278,287,2.0
278,288,2.0
278,289,3.0
278,290,2.0
278,291,2.0
278,292,2.0
278,293,3.0
278,294,3.0
278,295,3.0
278,296,2.0
278,297,3.0
278,298,3.0
278,299,3.0
278,300,3.0
278,301,3.0
278,302,3.0
278,303,2.0
278,304,2.0
278,305,1.0
278,306,1.0
278,307,3.0
278,308,4.0
278,309,6.0
278,310,3.0
278,311,1.0
278,312,3.0
278,313,3.0
278,314,3.0
278,315,2.0
278,316,3.0
278,317,1.0
278,318,3.0
278,319,2.0
278,320,3.0
278,321,3.0
278,322,5.0
278,323,5.0
278,324,3.0
278,325,2.0
278,326,3.0
278,327,3.0
278,328,3.0
278,329,5.0
278,330,3.0
278,331,1.0
278,332,2.0
278,333,2.0
278,334,1.0
278,335,1.0
278,336,2.0
278,337,3.0
278,338,2.0
278,339,3.0
278,340,1.0
278,341,1.0
278,342,2.0
278,343,3.0
278,344,3.0
278,345,2.0
278,346,3.0
278,347,3.0
278,348,2.0
278,349,6.0
278,350,2.0
278,351,3.0
278,352,3.0
278,353,4.0
278,354,3.0
278,355,2.0
278,356,5.0
278,357,4.0
278,358,3.0
278,359,2.0
278,360,5.0
278,361,3.0
278,362,3.0
278,363,3.0
278,364,1.0
278,365,2.0
278,366,3.0
278,367,3.0
278,368,2.0
278,369,1.0
278,370,3.0
278,371,3.0
278,372,2.0
278,373,3.0
278,374,3.0
278,375,3.0
278,376,3.0
278,377,3.0
279,280,2.0
279,281,3.0
279,282,2.0
279,283,2.0
279,284,2.0
279,285,1.0
279,286,2.0
279,287,2.0
279,288,2.0
279,289,2.0
279,290,2.0
279,291,2.0
279,292,3.0
279,293,1.0
279,294,2.0
279,295,1.0
279,296,2.0
279,297,2.0
279,298,2.0
279,299,2.0
279,300,3.0
279,301,2.0
279,302,2.0
279,303,3.0
279,304,3.0
279,305,3.0
279,306,2.0
279,307,2.0
279,308,2.0
279,309,1.0
279,310,2.0
279,311,2.0
279,312,1.0
279,313,2.0
279,314,2.0
279,315,2.0
279,316,2.0
279,317,0.0
279,318,2.0
279,319,2.0
279,320,2.0
279,321,2.0
279,322,2.0
279,323,2.0
279,324,1.0
279,325,1.0
279,326,2.0
279,327,1.0
279,328,2.0
279,329,2.0
279,330,1.0
279,331,1.0
279,332,2.0
279,333,3.0
279,334,1.0
279,335,1.0
279,336,1.0
279,337,2.0
279,338,3.0
279,339,2.0
279,340,3.0
279,341,3.0
279,342,3.0
279,343,2.0
279,344,2.0
279,345,2.0
279,346,2.0
279,347,2.0
279,348,3.0
279,349,1.0
279,350,2.0
279,351,2.0
279,352,2.0
279,353,2.0
279,354,2.0
279,355,0.0
279,356,2.0
279,357,1.0
279,358,2.0
279,359,2.0
279,360,2.0
279,361,2.0
279,362,1.0
279,363,2.0
279,364,2.0
279,365,2.0
279,366,1.0
279,367,2.0
279,368,0.0
279,369,2.0
279,370,2.0
279,371,1.0
279,372,3.0
279,373,2.0
279,374,2.0
279,375,1.0
279,376,2.0
279,377,2.0
280,281,2.0
280,282,3.0
280,283,1.0
280,284,3.0
280,285,2.0
280,286,4.0
280,287,2.0
280,288,2.0
280,289,3.0
280,290,3.0
280,291,2.0
280,292,3.0
280,293,2.0
280,294,3.0
280,295,2.0
280,296,3.0
280,297,3.0
280,298,2.0
280,299,2.0
280,300,4.0
280,301,3.0
280,302,3.0
280,303,3.0
280,304,3.0
280,305,2.0
280,306,3.0
280,307,3.0
280,308,4.0
280,309,3.0
280,310,3.0
280,311,2.0
280,312,1.0
280,313,3.0
280,314,3.0
280,315,2.0
280,316,3.0
280,317,1.0
280,318,2.0
280,319,3.0
280,320,3.0
280,321,3.0
280,322,4.0
280,323,4.0
280,324,2.0
280,325,1.0
280,326,3.0
280,327,1.0
280,328,3.0
280,329,4.0
280,330,2.0
280,331,1.0
280,332,3.0
280,333,3.0
280,334,1.0
280,335,1.0
280,336,2.0
280,337,3.0
280,338,3.0
280,339,2.0
280,340,1.0
280,341,2.0
280,342,3.0
280,343,3.0
280,344,3.0
280,345,3.0
280,346,3.0
280,347,3.0
280,348,3.0
280,349,3.0
280,350,2.0
280,351,3.0
280,352,3.0
280,353,3.0
280,354,3.0
280,355,1.0
280,356,4.0
280,357,3.0
280,358,3.0
280,359,2.0
280,360,4.0
280,361,3.0
280,362,2.0
280,363,3.0
280,364,1.0
280,365,2.0
280,366,2.0
280,367,3.0
280,368,1.0
280,369,3.0
280,370,2.0
280,371,2.0
280,372,3.0
280,373,3.0
280,374,3.0
280,375,2.0
280,376,3.0
280,377,3.0
281,282,2.0
281,283,2.0
281,284,2.0
281,285,2.0
281,286,2.0
281,287,3.0
281,288,3.0
281,289,2.0
281,290,3.0
281,291,2.0
281,292,2.0
281,293,2.0
281,294,2.0
281,295,2.0
281,296,2.0
281,297,2.0
281,298,2.0
281,299,2.0
281,300,3.0
281,301,2.0
281,302,2.0
281,303,2.0
281,304,4.0
281,305,6.0
281,306,2.0
281,307,2.0
281,308,1.0
281,309,1.0
281,310,2.0
281,311,1.0
281,312,2.0
281,313,2.0
281,314,2.0
281,315,3.0
281,316,2.0
281,317,1.0
281,318,2.0
281,319,2.0
281,320,2.0
281,321,2.0
281,322,2.0
281,323,2.0
281,324,1.0
281,325,2.0
281,326,2.0
281,327,2.0
281,328,2.0
281,329,2.0
281,330,2.0
281,331,3.0
281,332,2.0
281,333,4.0
281,334,2.0
281,335,2.0
281,336,2.0
281,337,2.0
281,338,3.0
281,339,3.0
281,340,2.0
281,341,6.0
281,342,2.0
281,343,2.0
281,344,2.0
281,345,2.0
281,346,2.0
281,347,2.0
281,348,3.0
281,349,1.0
281,350,2.0
281,351,2.0
281,352,2.0
281,353,2.0
281,354,2.0
281,355,0.0
281,356,2.0
281,357,1.0
281,358,2.0
281,359,3.0
281,360,2.0
281,361,2.0
281,362,2.0
281,363,3.0
281,364,3.0
281,365,3.0
281,366,1.0
281,367,2.0
281,368,1.0
281,369,4.0
281,370,2.0
281,371,2.0
281,372,2.0
281,373,2.0
281,374,2.0
281,375,2.0
281,376,3.0
281,377,2.0
282,283,1.0
282,284,3.0
282,285,1.0
282,286,3.0
282,287,1.0
282,288,2.0
282,289,3.0
282,290,2.0
282,291,2.0
282,292,3.0
282,293,2.0
282,294,3.0
282,295,2.0
282,296,2.0
282,297,3.0
282,298,4.0
282,299,4.0
282,300,3.0
282,301,2.0
282,302,3.0
282,303,3.0
282,304,2.0
282,305,2.0
282,306,2.0
282,307,3.0
282,308,3.0
282,309,3.0
282,310,3.0
282,311,1.0
282,312,2.0
282,313,3.0
282,314,3.0
282,315,2.0
282,316,3.0
282,317,1.0
282,318,3.0
282,319,3.0
282,320,3.0
282,321,3.0
282,322,3.0
282,323,3.0
282,324,2.0
282,325,1.0
282,326,3.0
282,327,2.0
282,328,3.0
282,329,3.0
282,330,2.0
282,331,1.0
282,332,3.0
282,333,2.0
282,334,1.0
282,335,0.0
282,336,1.0
282,337,3.0
282,338,2.0
282,339,3.0
282,340,1.0
282,341,2.0
282,342,3.0
282,343,3.0
282,344,3.0
282,345,2.0
282,346,3.0
282,347,3.0
282,348,2.0
282,349,3.0
282,350,3.0
282,351,3.0
282,352,3.0
282,353,2.0
282,354,3.0
282,355,1.0
282,356,3.0
282,357,3.0
282,358,3.0
282,359,2.0
282,360,3.0
282,361,3.0
282,362,2.0
282,363,2.0
282,364,1.0
282,365,1.0
282,366,2.0
282,367,3.0
282,368,3.0
282,369,2.0
282,370,4.0
282,371,2.0
282,372,3.0
282,373,3.0
282,374,3.0
282,375,2.0
282,376,3.0
282,377,5.0
283,284,1.0
283,285,2.0
283,286,1.0
283,287,1.0
283,288,2.0
283,289,1.0
283,290,2.0
283,291,1.0
283,292,2.0
283,293,2.0
283,294,1.0
283,295,2.0
283,296,1.0
283,297,1.0
283,298,1.0
283,299,1.0
283,300,1.0
283,301,1.0
283,302,1.0
283,303,2.0
283,304,1.0
283,305,2.0
283,306,1.0
283,307,1.0
283,308,1.0
283,309,1.0
283,310,1.0
283,311,2.0
283,312,2.0
283,313,1.0
283,314,1.0
283,315,1.0
283,316,1.0
283,317,1.0
283,318,1.0
283,319,1.0
283,320,1.0
283,321,1.0
283,322,1.0
283,323,1.0
283,324,1.0
283,325,4.0
283,326,1.0
283,327,2.0
283,328,1.0
283,329,1.0
283,330,2.0
283,331,3.0
283,332,1.0
283,333,1.0
283,334,3.0
283,335,2.0
283,336,2.0
283,337,1.0
283,338,1.0
283,339,2.0
283,340,1.0
283,341,2.0
283,342,2.0
283,343,1.0
283,344,1.0
283,345,1.0
283,346,1.0
283,347,1.0
283,348,1.0
283,349,1.0
283,350,1.0
283,351,1.0
283,352,1.0
283,353,1.0
283,354,1.0
283,355,0.0
283,356,1.0
283,357,1.0
283,358,1.0
283,359,1.0
283,360,1.0
283,361,1.0
283,362,2.0
283,363,1.0
283,364,5.0
283,365,1.0
283,366,1.0
283,367,1.0
283,368,1.0
283,369,2.0
283,370,1.0
283,371,2.0
283,372,2.0
283,373,1.0
283,374,1.0
283,375,2.0
283,376,2.0
283,377,1.0
284,285,1.0
284,286,3.0
284,287,2.0
284,288,2.0
284,289,5.0
284,290,3.0
284,291,2.0
284,292,4.0
284,293,3.0
284,294,2.0
284,295,4.0
284,296,4.0
284,297,5.0
284,298,4.0
284,299,4.0
284,300,2.0
284,301,3.0
284,302,5.0
284,303,4.0
284,304,4.0
284,305,2.0
284,306,3.0
284,307,5.0
284,308,3.0
284,309,3.0
284,310,5.0
284,311,2.0
284,312,3.0
284,313,5.0
284,314,5.0
284,315,3.0
284,316,2.0
284,317,0.0
284,318,4.0
284,319,2.0
284,320,5.0
284,321,5.0
284,322,3.0
284,323,3.0
284,324,4.0
284,325,2.0
284,326,5.0
284,327,3.0
284,328,5.0
284,329,3.0
284,330,4.0
284,331,1.0
284,332,4.0
284,333,4.0
284,334,1.0
284,335,0.0
284,336,1.0
284,337,5.0
284,338,4.0
284,339,3.0
284,340,2.0
284,341,2.0
284,342,4.0
284,343,5.0
284,344,5.0
284,345,4.0
284,346,2.0
284,347,5.0
284,348,4.0
284,349,3.0
284,350,3.0
284,351,5.0
284,352,5.0
284,353,3.0
284,354,5.0
284,355,1.0
284,356,3.0
284,357,3.0
284,358,5.0
284,359,3.0
284,360,3.0
284,361,5.0
284,362,4.0
284,363,2.0
284,364,1.0
284,365,2.0
284,366,4.0
284,367,5.0
284,368,1.0
284,369,3.0
284,370,4.0
284,371,4.0
284,372,4.0
284,373,2.0
284,374,5.0
284,375,3.0
284,376,2.0
284,377,3.0
285,286,2.0
285,287,1.0
285,288,4.0
285,289,1.0
285,290,3.0
285,291,2.0
285,292,1.0
285,293,2.0
285,294,1.0
285,295,2.0
285,296,1.0
285,297,1.0
285,298,1.0
285,299,1.0
285,300,2.0
285,301,2.0
285,302,1.0
285,303,1.0
285,304,1.0
285,305,2.0
285,306,1.0
285,307,1.0
285,308,2.0
285,309,2.0
285,310,1.0
285,311,2.0
285,312,3.0
285,313,1.0
285,314,1.0
285,315,1.0
285,316,1.0
285,317,2.0
285,318,1.0
285,319,2.0
285,320,1.0
285,321,1.0
285,322,2.0
285,323,2.0
285,324,2.0
285,325,2.0
285,326,1.0
285,327,3.0
285,328,1.0
285,329,2.0
285,330,2.0
285,331,2.0
285,332,2.0
285,333,1.0
285,334,2.0
285,335,1.0
285,336,5.0
285,337,1.0
285,338,1.0
285,339,2.0
285,340,0.0
285,341,2.0
285,342,1.0
285,343,1.0
285,344,1.0
285,345,1.0
285,346,1.0
285,347,1.0
285,348,1.0
285,349,2.0
285,350,1.0
285,351,1.0
285,352,1.0
285,353,2.0
285,354,1.0
285,355,1.0
285,356,2.0
285,357,2.0
285,358,1.0
285,359,1.0
285,360,2.0
285,361,1.0
285,362,2.0
285,363,2.0
285,364,2.0
285,365,1.0
285,366,2.0
285,367,1.0
285,368,0.0
285,369,2.0
285,370,1.0
285,371,2.0
285,372,1.0
285,373,1.0
285,374,1.0
285,375,2.0
285,376,1.0
285,377,1.0
286,287,3.0
286,288,2.0
286,289,3.0
286,290,2.0
286,291,2.0
286,292,2.0
286,293,3.0
286,294,4.0
286,295,3.0
286,296,3.0
286,297,3.0
286,298,3.0
286,299,3.0
286,300,4.0
286,301,4.0
286,302,3.0
286,303,2.0
286,304,3.0
286,305,2.0
286,306,2.0
286,307,3.0
286,308,4.0
286,309,5.0
286,310,3.0
286,311,1.0
286,312,3.0
286,313,3.0
286,314,3.0
286,315,3.0
286,316,3.0
286,317,1.0
286,318,3.0
286,319,3.0
286,320,3.0
286,321,3.0
286,322,6.0
286,323,6.0
286,324,3.0
286,325,2.0
286,326,3.0
286,327,3.0
286,328,3.0
286,329,6.0
286,330,3.0
286,331,1.0
286,332,2.0
286,333,3.0
286,334,1.0
286,335,1.0
286,336,2.0
286,337,3.0
286,338,3.0
286,339,3.0
286,340,2.0
286,341,2.0
286,342,2.0
286,343,3.0
286,344,3.0
286,345,3.0
286,346,3.0
286,347,3.0
286,348,3.0
286,349,5.0
286,350,2.0
286,351,3.0
286,352,3.0
286,353,5.0
286,354,3.0
286,355,2.0
286,356,6.0
286,357,4.0
286,358,3.0
286,359,3.0
286,360,6.0
286,361,3.0
286,362,3.0
286,363,4.0
286,364,1.0
286,365,3.0
286,366,3.0
286,367,3.0
286,368,2.0
286,369,2.0
286,370,3.0
286,371,3.0
286,372,2.0
286,373,4.0
286,374,3.0
286,375,3.0
286,376,3.0
286,377,3.0
287,288,2.0
287,289,2.0
287,290,2.0
287,291,1.0
287,292,1.0
287,293,3.0
287,294,1.0
287,295,2.0
287,296,2.0
287,297,2.0
287,298,2.0
287,299,2.0
287,300,2.0
287,301,3.0
287,302,2.0
287,303,1.0
287,304,2.0
287,305,3.0
287,306,1.0
287,307,2.0
287,308,1.0
287,309,2.0
287,310,2.0
287,311,1.0
287,312,3.0
287,313,2.0
287,314,2.0
287,315,2.0
287,316,1.0
287,317,3.0
287,318,2.0
287,319,1.0
287,320,2.0
287,321,2.0
287,322,3.0
287,323,3.0
287,324,1.0
287,325,2.0
287,326,2.0
287,327,3.0
287,328,2.0
287,329,3.0
287,330,2.0
287,331,1.0
287,332,1.0
287,333,2.0
287,334,1.0
287,335,2.0
287,336,2.0
287,337,2.0
287,338,2.0
287,339,3.0
287,340,2.0
287,341,3.0
287,342,1.0
287,343,2.0
287,344,2.0
287,345,2.0
287,346,1.0
287,347,2.0
287,348,2.0
287,349,2.0
287,350,1.0
287,351,2.0
287,352,2.0
287,353,3.0
287,354,2.0
287,355,2.0
287,356,3.0
287,357,1.0
287,358,2.0
287,359,2.0
287,360,3.0
287,361,2.0
287,362,2.0
287,363,4.0
287,364,1.0
287,365,6.0
287,366,1.0
287,367,2.0
287,368,1.0
287,369,2.0
287,370,2.0
287,371,2.0
287,372,1.0
287,373,1.0
287,374,2.0
287,375,3.0
287,376,1.0
287,377,1.0
288,289,2.0
288,290,5.0
288,291,2.0
288,292,2.0
288,293,2.0
288,294,2.0
288,295,2.0
288,296,2.0
288,297,2.0
288,298,2.0
288,299,2.0
288,300,2.0
288,301,2.0
288,302,2.0
288,303,2.0
288,304,2.0
288,305,3.0
288,306,2.0
288,307,2.0
288,308,2.0
288,309,2.0
288,310,2.0
288,311,1.0
288,312,3.0
288,313,2.0
288,314,2.0
288,315,2.0
288,316,2.0
288,317,2.0
288,318,2.0
288,319,2.0
288,320,2.0
288,321,2.0
288,322,2.0
288,323,2.0
288,324,1.0
288,325,2.0
288,326,2.0
288,327,3.0
288,328,2.0
288,329,2.0
288,330,2.0
288,331,2.0
288,332,2.0
288,333,2.0
288,334,2.0
288,335,2.0
288,336,4.0
288,337,2.0
288,338,2.0
288,339,3.0
288,340,1.0
288,341,3.0
288,342,2.0
288,343,2.0
288,344,2.0
288,345,2.0
288,346,2.0
288,347,2.0
288,348,2.0
288,349,2.0
288,350,2.0
288,351,2.0
288,352,2.0
288,353,2.0
288,354,2.0
288,355,1.0
288,356,2.0
288,357,2.0
288,358,2.0
288,359,2.0
288,360,2.0
288,361,2.0
288,362,2.0
288,363,3.0
288,364,2.0
288,365,2.0
288,366,1.0
288,367,2.0
288,368,0.0
288,369,3.0
288,370,2.0
288,371,2.0
288,372,2.0
288,373,2.0
288,374,2.0
288,375,2.0
288,376,2.0
288,377,2.0
289,290,3.0
289,291,2.0
289,292,4.0
289,293,3.0
289,294,2.0
289,295,4.0
289,296,4.0
289,297,5.0
289,298,4.0
289,299,4.0
289,300,2.0
289,301,3.0
289,302,5.0
289,303,4.0
289,304,4.0
289,305,2.0
289,306,3.0
289,307,5.0
289,308,3.0
289,309,3.0
289,310,5.0
289,311,2.0
289,312,3.0
289,313,5.0
289,314,5.0
289,315,3.0
289,316,2.0
289,317,0.0
289,318,4.0
289,319,2.0
289,320,5.0
289,321,5.0
289,322,3.0
289,323,3.0
289,324,4.0
289,325,2.0
289,326,5.0
289,327,3.0
289,328,5.0
289,329,3.0
289,330,4.0
289,331,1.0
289,332,4.0
289,333,4.0
289,334,1.0
289,335,0.0
289,336,1.0
289,337,5.0
289,338,4.0
289,339,3.0
289,340,2.0
289,341,2.0
289,342,4.0
289,343,5.0
289,344,5.0
289,345,4.0
289,346,2.0
289,347,5.0
289,348,4.0
289,349,3.0
289,350,3.0
289,351,5.0
289,352,5.0
289,353,3.0
289,354,5.0
289,355,1.0
289,356,3.0
289,357,3.0
289,358,5.0
289,359,3.0
289,360,3.0
289,361,5.0
289,362,4.0
289,363,2.0
289,364,1.0
289,365,2.0
289,366,4.0
289,367,5.0
289,368,1.0
289,369,3.0
289,370,4.0
289,371,4.0
289,372,4.0
289,373,2.0
289,374,5.0
289,375,3.0
289,376,2.0
289,377,3.0
290,291,2.0
290,292,3.0
290,293,2.0
290,294,2.0
290,295,3.0
290,296,3.0
290,297,3.0
290,298,2.0
290,299,2.0
290,300,2.0
290,301,2.0
290,302,3.0
290,303,3.0
290,304,3.0
290,305,3.0
290,306,3.0
290,307,3.0
290,308,3.0
290,309,2.0
290,310,3.0
290,311,2.0
290,312,2.0
290,313,3.0
290,314,3.0
290,315,2.0
290,316,2.0
290,317,1.0
290,318,2.0
290,319,2.0
290,320,3.0
290,321,3.0
290,322,2.0
290,323,2.0
290,324,2.0
290,325,2.0
290,326,3.0
290,327,2.0
290,328,3.0
290,329,2.0
290,330,3.0
290,331,2.0
290,332,3.0
290,333,3.0
290,334,2.0
290,335,2.0
290,336,3.0
290,337,3.0
290,338,3.0
290,339,3.0
290,340,1.0
290,341,3.0
290,342,3.0
290,343,3.0
290,344,3.0
290,345,3.0
290,346,2.0
290,347,3.0
290,348,3.0
290,349,2.0
290,350,3.0
290,351,3.0
290,352,3.0
290,353,2.0
290,354,3.0
290,355,1.0
290,356,2.0
290,357,2.0
290,358,3.0
290,359,2.0
290,360,2.0
290,361,3.0
290,362,3.0
290,363,3.0
290,364,2.0
290,365,2.0
290,366,2.0
290,367,3.0
290,368,0.0
290,369,4.0
290,370,2.0
290,371,3.0
290,372,3.0
290,373,2.0
290,374,3.0
290,375,2.0
290,376,2.0
290,377,2.0
291,292,2.0
291,293,1.0
291,294,3.0
291,295,1.0
291,296,2.0
291,297,2.0
291,298,2.0
291,299,2.0
291,300,3.0
291,301,3.0
291,302,2.0
291,303,2.0
291,304,2.0
291,305,2.0
291,306,2.0
291,307,2.0
291,308,1.0
291,309,2.0
291,310,2.0
291,311,2.0
291,312,1.0
291,313,2.0
291,314,2.0
291,315,2.0
291,316,2.0
291,317,1.0
291,318,2.0
291,319,2.0
291,320,2.0
291,321,2.0
291,322,2.0
291,323,2.0
291,324,2.0
291,325,1.0
291,326,2.0
291,327,1.0
291,328,2.0
291,329,2.0
291,330,1.0
291,331,1.0
291,332,2.0
291,333,2.0
291,334,1.0
291,335,0.0
291,336,1.0
291,337,2.0
291,338,2.0
291,339,2.0
291,340,1.0
291,341,2.0
291,342,2.0
291,343,2.0
291,344,2.0
291,345,2.0
291,346,2.0
291,347,2.0
291,348,2.0
291,349,2.0
291,350,2.0
291,351,2.0
291,352,2.0
291,353,2.0
291,354,2.0
291,355,1.0
291,356,2.0
291,357,1.0
291,358,2.0
291,359,2.0
291,360,2.0
291,361,2.0
291,362,1.0
291,363,2.0
291,364,1.0
291,365,1.0
291,366,2.0
291,367,2.0
291,368,1.0
291,369,3.0
291,370,2.0
291,371,1.0
291,372,2.0
291,373,3.0
291,374,2.0
291,375,1.0
291,376,2.0
291,377,2.0
292,293,2.0
292,294,2.0
292,295,3.0
292,296,3.0
292,297,4.0
292,298,3.0
292,299,3.0
292,300,2.0
292,301,2.0
292,302,4.0
292,303,5.0
292,304,3.0
292,305,2.0
292,306,3.0
292,307,4.0
292,308,3.0
292,309,2.0
292,310,4.0
292,311,2.0
292,312,2.0
292,313,4.0
292,314,4.0
292,315,2.0
292,316,2.0
292,317,0.0
292,318,3.0
292,319,2.0
292,320,4.0
292,321,4.0
292,322,2.0
292,323,2.0
292,324,3.0
292,325,1.0
292,326,4.0
292,327,2.0
292,328,4.0
292,329,2.0
292,330,3.0
292,331,1.0
292,332,4.0
292,333,3.0
292,334,1.0
292,335,0.0
292,336,1.0
292,337,4.0
292,338,3.0
292,339,3.0
292,340,2.0
292,341,2.0
292,342,5.0
292,343,4.0
292,344,4.0
292,345,3.0
292,346,2.0
292,347,4.0
292,348,3.0
292,349,2.0
292,350,3.0
292,351,4.0
292,352,4.0
292,353,2.0
292,354,4.0
292,355,1.0
292,356,2.0
292,357,3.0
292,358,4.0
292,359,2.0
292,360,2.0
292,361,4.0
292,362,3.0
292,363,1.0
292,364,2.0
292,365,1.0
292,366,3.0
292,367,4.0
292,368,1.0
292,369,3.0
292,370,3.0
292,371,3.0
292,372,5.0
292,373,2.0
292,374,4.0
292,375,2.0
292,376,2.0
292,377,3.0
293,294,2.0
293,295,4.0
293,296,2.0
293,297,3.0
293,298,3.0
293,299,3.0
293,300,2.0
293,301,2.0
293,302,3.0
293,303,2.0
293,304,2.0
293,305,2.0
293,306,1.0
293,307,3.0
293,308,2.0
293,309,3.0
293,310,3.0
293,311,2.0
293,312,5.0
293,313,3.0
293,314,3.0
293,315,2.0
293,316,2.0
293,317,3.0
293,318,3.0
293,319,1.0
293,320,3.0
293,321,3.0
293,322,3.0
293,323,3.0
293,324,3.0
293,325,3.0
293,326,3.0
293,327,5.0
293,328,3.0
293,329,3.0
293,330,4.0
293,331,2.0
293,332,2.0
293,333,2.0
293,334,2.0
293,335,2.0
293,336,2.0
293,337,3.0
293,338,2.0
293,339,5.0
293,340,1.0
293,341,2.0
293,342,2.0
293,343,3.0
293,344,3.0
293,345,2.0
293,346,2.0
293,347,3.0
293,348,2.0
293,349,3.0
293,350,2.0
293,351,3.0
293,352,3.0
293,353,3.0
293,354,3.0
293,355,3.0
293,356,3.0
293,357,3.0
293,358,3.0
293,359,2.0
293,360,3.0
293,361,3.0
293,362,4.0
293,363,3.0
293,364,2.0
293,365,3.0
293,366,3.0
293,367,3.0
293,368,1.0
293,369,2.0
293,370,3.0
293,371,4.0
293,372,2.0
293,373,2.0
293,374,3.0
293,375,6.0
293,376,2.0
293,377,2.0
294,295,2.0
294,296,2.0
294,297,2.0
294,298,2.0
294,299,2.0
294,300,3.0
294,301,2.0
294,302,2.0
294,303,2.0
294,304,2.0
294,305,2.0
294,306,2.0
294,307,2.0
294,308,3.0
294,309,3.0
294,310,2.0
294,311,2.0
294,312,2.0
294,313,2.0
294,314,2.0
294,315,2.0
294,316,3.0
294,317,1.0
294,318,2.0
294,319,3.0
294,320,2.0
294,321,2.0
294,322,4.0
294,323,4.0
294,324,2.0
294,325,1.0
294,326,2.0
294,327,2.0
294,328,2.0
294,329,4.0
294,330,2.0
294,331,1.0
294,332,2.0
294,333,2.0
294,334,1.0
294,335,0.0
294,336,1.0
294,337,2.0
294,338,2.0
294,339,2.0
294,340,2.0
294,341,2.0
294,342,2.0
294,343,2.0
294,344,2.0
294,345,2.0
294,346,3.0
294,347,2.0
294,348,2.0
294,349,3.0
294,350,3.0
294,351,2.0
294,352,2.0
294,353,3.0
294,354,2.0
294,355,1.0
294,356,4.0
294,357,3.0
294,358,2.0
294,359,2.0
294,360,4.0
294,361,2.0
294,362,2.0
294,363,2.0
294,364,1.0
294,365,1.0
294,366,2.0
294,367,2.0
294,368,2.0
294,369,2.0
294,370,2.0
294,371,2.0
294,372,2.0
294,373,6.0
294,374,2.0
294,375,2.0
294,376,3.0
294,377,3.0
295,296,3.0
295,297,4.0
295,298,3.0
295,299,3.0
295,300,1.0
295,301,2.0
295,302,4.0
295,303,3.0
295,304,3.0
295,305,2.0
295,306,2.0
295,307,4.0
295,308,3.0
295,309,3.0
295,310,4.0
295,311,2.0
295,312,4.0
295,313,4.0
295,314,4.0
295,315,2.0
295,316,2.0
295,317,1.0
295,318,3.0
295,319,1.0
295,320,4.0
295,321,4.0
295,322,3.0
295,323,3.0
295,324,4.0
295,325,3.0
295,326,4.0
295,327,4.0
295,328,4.0
295,329,3.0
295,330,5.0
295,331,2.0
295,332,3.0
295,333,3.0
295,334,2.0
295,335,1.0
295,336,2.0
295,337,4.0
295,338,3.0
295,339,4.0
295,340,1.0
295,341,2.0
295,342,3.0
295,343,4.0
295,344,4.0
295,345,3.0
295,346,2.0
295,347,4.0
295,348,3.0
295,349,3.0
295,350,2.0
295,351,4.0
295,352,4.0
295,353,3.0
295,354,4.0
295,355,1.0
295,356,3.0
295,357,3.0
295,358,4.0
295,359,2.0
295,360,3.0
295,361,4.0
295,362,5.0
295,363,2.0
295,364,2.0
295,365,2.0
295,366,4.0
295,367,4.0
295,368,1.0
295,369,3.0
295,370,3.0
295,371,5.0
295,372,3.0
295,373,2.0
295,374,4.0
295,375,4.0
295,376,2.0
295,377,2.0
296,297,4.0
296,298,3.0
296,299,3.0
296,300,2.0
296,301,3.0
296,302,4.0
296,303,3.0
296,304,4.0
296,305,2.0
296,306,3.0
296,307,4.0
296,308,2.0
296,309,2.0
296,310,4.0
296,311,2.0
296,312,2.0
296,313,4.0
296,314,4.0
296,315,3.0
296,316,4.0
296,317,0.0
296,318,3.0
296,319,3.0
296,320,4.0
296,321,4.0
296,322,3.0
296,323,3.0
296,324,3.0
296,325,2.0
296,326,4.0
296,327,2.0
296,328,4.0
296,329,3.0
296,330,3.0
296,331,1.0
296,332,3.0
296,333,4.0
296,334,2.0
296,335,0.0
296,336,1.0
296,337,4.0
296,338,5.0
296,339,3.0
296,340,2.0
296,341,2.0
296,342,3.0
296,343,4.0
296,344,4.0
296,345,4.0
296,346,4.0
296,347,4.0
296,348,5.0
296,349,2.0
296,350,2.0
296,351,4.0
296,352,4.0
296,353,3.0
296,354,4.0
296,355,0.0
296,356,3.0
296,357,2.0
296,358,4.0
296,359,3.0
296,360,3.0
296,361,4.0
296,362,3.0
296,363,2.0
296,364,1.0
296,365,2.0
296,366,3.0
296,367,4.0
296,368,0.0
296,369,3.0
296,370,3.0
296,371,3.0
296,372,3.0
296,373,2.0
296,374,4.0
296,375,2.0
296,376,4.0
296,377,2.0
297,298,4.0
297,299,4.0
297,300,2.0
297,301,3.0
297,302,5.0
297,303,4.0
297,304,4.0
297,305,2.0
297,306,3.0
297,307,5.0
297,308,3.0
297,309,3.0
297,310,5.0
297,311,2.0
297,312,3.0
297,313,5.0
297,314,5.0
297,315,3.0
297,316,2.0
297,317,0.0
297,318,4.0
297,319,2.0
297,320,5.0
297,321,5.0
297,322,3.0
297,323,3.0
297,324,4.0
297,325,2.0
297,326,5.0
297,327,3.0
297,328,5.0
297,329,3.0
297,330,4.0
297,331,1.0
297,332,4.0
297,333,4.0
297,334,1.0
297,335,0.0
297,336,1.0
297,337,5.0
297,338,4.0
297,339,3.0
297,340,2.0
297,341,2.0
297,342,4.0
297,343,5.0
297,344,5.0
297,345,4.0
297,346,2.0
297,347,5.0
297,348,4.0
297,349,3.0
297,350,3.0
297,351,5.0
297,352,5.0
297,353,3.0
297,354,5.0
297,355,1.0
297,356,3.0
297,357,3.0
297,358,5.0
297,359,3.0
297,360,3.0
297,361,5.0
297,362,4.0
297,363,2.0
297,364,1.0
297,365,2.0
297,366,4.0
297,367,5.0
297,368,1.0
297,369,3.0
297,370,4.0
297,371,4.0
297,372,4.0
297,373,2.0
297,374,5.0
297,375,3.0
297,376,2.0
297,377,3.0
298,299,5.0
298,300,2.0
298,301,3.0
298,302,4.0
298,303,3.0
298,304,3.0
298,305,2.0
298,306,2.0
298,307,4.0
298,308,2.0
298,309,3.0
298,310,4.0
298,311,1.0
298,312,3.0
298,313,4.0
298,314,4.0
298,315,3.0
298,316,2.0
298,317,0.0
298,318,4.0
298,319,2.0
298,320,4.0
298,321,4.0
298,322,3.0
298,323,3.0
298,324,3.0
298,325,2.0
298,326,4.0
298,327,3.0
298,328,4.0
298,329,3.0
298,330,3.0
298,331,1.0
298,332,3.0
298,333,3.0
298,334,1.0
298,335,0.0
298,336,1.0
298,337,4.0
298,338,3.0
298,339,3.0
298,340,2.0
298,341,2.0
298,342,3.0
298,343,4.0
298,344,4.0
298,345,3.0
298,346,2.0
298,347,4.0
298,348,3.0
298,349,3.0
298,350,3.0
298,351,4.0
298,352,4.0
298,353,3.0
298,354,4.0
298,355,1.0
298,356,3.0
298,357,2.0
298,358,4.0
298,359,3.0
298,360,3.0
298,361,4.0
298,362,3.0
298,363,2.0
298,364,1.0
298,365,2.0
298,366,3.0
298,367,4.0
298,368,2.0
298,369,2.0
298,370,5.0
298,371,3.0
298,372,3.0
298,373,2.0
298,374,4.0
298,375,3.0
298,376,2.0
298,377,4.0
299,300,2.0
299,301,3.0
299,302,4.0
299,303,3.0
299,304,3.0
299,305,2.0
299,306,2.0
299,307,4.0
299,308,2.0
299,309,3.0
299,310,4.0
299,311,1.0
299,312,3.0
299,313,4.0
299,314,4.0
299,315,3.0
299,316,2.0
299,317,0.0
299,318,4.0
299,319,2.0
299,320,4.0
299,321,4.0
299,322,3.0
299,323,3.0
299,324,3.0
299,325,2.0
299,326,4.0
299,327,3.0
299,328,4.0
299,329,3.0
299,330,3.0
299,331,1.0
299,332,3.0
299,333,3.0
299,334,1.0
299,335,0.0
299,336,1.0
299,337,4.0
299,338,3.0
299,339,3.0
299,340,2.0
299,341,2.0
299,342,3.0
299,343,4.0
299,344,4.0
299,345,3.0
299,346,2.0
299,347,4.0
299,348,3.0
299,349,3.0
299,350,3.0
299,351,4.0
299,352,4.0
299,353,3.0
299,354,4.0
299,355,1.0
299,356,3.0
299,357,2.0
299,358,4.0
299,359,3.0
299,360,3.0
299,361,4.0
299,362,3.0
299,363,2.0
299,364,1.0
299,365,2.0
299,366,3.0
299,367,4.0
299,368,2.0
299,369,2.0
299,370,5.0
299,371,3.0
299,372,3.0
299,373,2.0
299,374,4.0
299,375,3.0
299,376,2.0
299,377,4.0
300,301,4.0
300,302,2.0
300,303,2.0
300,304,3.0
300,305,3.0
300,306,2.0
300,307,2.0
300,308,3.0
300,309,3.0
300,310,2.0
300,311,1.0
300,312,1.0
300,313,2.0
300,314,2.0
300,315,2.0
300,316,3.0
300,317,1.0
300,318,2.0
300,319,3.0
300,320,2.0
300,321,2.0
300,322,4.0
300,323,4.0
300,324,1.0
300,325,1.0
300,326,2.0
300,327,1.0
300,328,2.0
300,329,4.0
300,330,1.0
300,331,1.0
300,332,2.0
300,333,3.0
300,334,1.0
300,335,1.0
300,336,2.0
300,337,2.0
300,338,3.0
300,339,2.0
300,340,2.0
300,341,3.0
300,342,2.0
300,343,2.0
300,344,2.0
300,345,2.0
300,346,3.0
300,347,2.0
300,348,3.0
300,349,3.0
300,350,2.0
300,351,2.0
300,352,2.0
300,353,3.0
300,354,2.0
300,355,1.0
300,356,4.0
300,357,3.0
300,358,2.0
300,359,2.0
300,360,4.0
300,361,2.0
300,362,1.0
300,363,3.0
300,364,1.0
300,365,2.0
300,366,1.0
300,367,2.0
300,368,2.0
300,369,2.0
300,370,2.0
300,371,1.0
300,372,2.0
300,373,3.0
300,374,2.0
300,375,2.0
300,376,3.0
300,377,3.0
301,302,3.0
301,303,2.0
301,304,3.0
301,305,2.0
301,306,2.0
301,307,3.0
301,308,2.0
301,309,3.0
301,310,3.0
301,311,1.0
301,312,2.0
301,313,3.0
301,314,3.0
301,315,3.0
301,316,2.0
301,317,2.0
301,318,3.0
301,319,2.0
301,320,3.0
301,321,3.0
301,322,4.0
301,323,4.0
301,324,2.0
301,325,2.0
301,326,3.0
301,327,2.0
301,328,3.0
301,329,4.0
301,330,2.0
301,331,1.0
301,332,2.0
301,333,3.0
301,334,1.0
301,335,1.0
301,336,3.0
301,337,3.0
301,338,3.0
301,339,2.0
301,340,2.0
301,341,2.0
301,342,2.0
301,343,3.0
301,344,3.0
301,345,3.0
301,346,2.0
301,347,3.0
301,348,3.0
301,349,3.0
301,350,2.0
301,351,3.0
301,352,3.0
301,353,4.0
301,354,3.0
301,355,1.0
301,356,4.0
301,357,2.0
301,358,3.0
301,359,3.0
301,360,4.0
301,361,3.0
301,362,2.0
301,363,3.0
301,364,1.0
301,365,3.0
301,366,2.0
301,367,3.0
301,368,1.0
301,369,2.0
301,370,3.0
301,371,2.0
301,372,2.0
301,373,2.0
301,374,3.0
301,375,2.0
301,376,2.0
301,377,2.0
302,303,4.0
302,304,4.0
302,305,2.0
302,306,3.0
302,307,5.0
302,308,3.0
302,309,3.0
302,310,5.0
302,311,2.0
302,312,3.0
302,313,5.0
302,314,5.0
302,315,3.0
302,316,2.0
302,317,0.0
302,318,4.0
302,319,2.0
302,320,5.0
302,321,5.0
302,322,3.0
302,323,3.0
302,324,4.0
302,325,2.0
302,326,5.0
302,327,3.0
302,328,5.0
302,329,3.0
302,330,4.0
302,331,1.0
302,332,4.0
302,333,4.0
302,334,1.0
302,335,0.0
302,336,1.0
302,337,5.0
302,338,4.0
302,339,3.0
302,340,2.0
302,341,2.0
302,342,4.0
302,343,5.0
302,344,5.0
302,345,4.0
302,346,2.0
302,347,5.0
302,348,4.0
302,349,3.0
302,350,3.0
302,351,5.0
302,352,5.0
302,353,3.0
302,354,5.0
302,355,1.0
302,356,3.0
302,357,3.0
302,358,5.0
302,359,3.0
302,360,3.0
302,361,5.0
302,362,4.0
302,363,2.0
302,364,1.0
302,365,2.0
302,366,4.0
302,367,5.0
302,368,1.0
302,369,3.0
302,370,4.0
302,371,4.0
302,372,4.0
302,373,2.0
302,374,5.0
302,375,3.0
302,376,2.0
302,377,3.0
303,304,3.0
303,305,2.0
303,306,3.0
303,307,4.0
303,308,3.0
303,309,2.0
303,310,4.0
303,311,2.0
303,312,2.0
303,313,4.0
303,314,4.0
303,315,2.0
303,316,2.0
303,317,0.0
303,318,3.0
303,319,2.0
303,320,4.0
303,321,4.0
303,322,2.0
303,323,2.0
303,324,3.0
303,325,1.0
303,326,4.0
303,327,2.0
303,328,4.0
303,329,2.0
303,330,3.0
303,331,1.0
303,332,4.0
303,333,3.0
303,334,1.0
303,335,0.0
303,336,1.0
303,337,4.0
303,338,3.0
303,339,3.0
303,340,2.0
303,341,2.0
303,342,5.0
303,343,4.0
303,344,4.0
303,345,3.0
303,346,2.0
303,347,4.0
303,348,3.0
303,349,2.0
303,350,3.0
303,351,4.0
303,352,4.0
303,353,2.0
303,354,4.0
303,355,1.0
303,356,2.0
303,357,3.0
303,358,4.0
303,359,2.0
303,360,2.0
303,361,4.0
303,362,3.0
303,363,1.0
303,364,2.0
303,365,1.0
303,366,3.0
303,367,4.0
303,368,1.0
303,369,3.0
303,370,3.0
303,371,3.0
303,372,5.0
303,373,2.0
303,374,4.0
303,375,2.0
303,376,2.0
303,377,3.0
304,305,4.0
304,306,3.0
304,307,4.0
304,308,2.0
304,309,2.0
304,310,4.0
304,311,2.0
304,312,2.0
304,313,4.0
304,314,4.0
304,315,4.0
304,316,2.0
304,317,1.0
304,318,3.0
304,319,2.0
304,320,4.0
304,321,4.0
304,322,3.0
304,323,3.0
304,324,3.0
304,325,2.0
304,326,4.0
304,327,2.0
304,328,4.0
304,329,3.0
304,330,3.0
304,331,1.0
304,332,3.0
304,333,6.0
304,334,1.0
304,335,0.0
304,336,1.0
304,337,4.0
304,338,5.0
304,339,2.0
304,340,3.0
304,341,4.0
304,342,3.0
304,343,4.0
304,344,4.0
304,345,4.0
304,346,2.0
304,347,4.0
304,348,5.0
304,349,2.0
304,350,2.0
304,351,4.0
304,352,4.0
304,353,3.0
304,354,4.0
304,355,0.0
304,356,3.0
304,357,2.0
304,358,4.0
304,359,4.0
304,360,3.0
304,361,4.0
304,362,3.0
304,363,2.0
304,364,1.0
304,365,2.0
304,366,3.0
304,367,4.0
304,368,1.0
304,369,4.0
304,370,3.0
304,371,3.0
304,372,3.0
304,373,2.0
304,374,4.0
304,375,2.0
304,376,2.0
304,377,2.0
305,306,2.0
305,307,2.0
305,308,1.0
305,309,1.0
305,310,2.0
305,311,1.0
305,312,2.0
305,313,2.0
305,314,2.0
305,315,3.0
305,316,2.0
305,317,1.0
305,318,2.0
305,319,2.0
305,320,2.0
305,321,2.0
305,322,2.0
305,323,2.0
305,324,1.0
305,325,2.0
305,326,2.0
305,327,2.0
305,328,2.0
305,329,2.0
305,330,2.0
305,331,3.0
305,332,2.0
305,333,4.0
305,334,2.0
305,335,2.0
305,336,2.0
305,337,2.0
305,338,3.0
305,339,3.0
305,340,2.0
305,341,6.0
305,342,2.0
305,343,2.0
305,344,2.0
305,345,2.0
305,346,2.0
305,347,2.0
305,348,3.0
305,349,1.0
305,350,2.0
305,351,2.0
305,352,2.0
305,353,2.0
305,354,2.0
305,355,0.0
305,356,2.0
305,357,1.0
305,358,2.0
305,359,3.0
305,360,2.0
305,361,2.0
305,362,2.0
305,363,3.0
305,364,3.0
305,365,3.0
305,366,1.0
305,367,2.0
305,368,1.0
305,369,4.0
305,370,2.0
305,371,2.0
305,372,2.0
305,373,2.0
305,374,2.0
305,375,2.0
305,376,3.0
305,377,2.0
306,307,3.0
306,308,2.0
306,309,1.0
306,310,3.0
306,311,2.0
306,312,1.0
306,313,3.0
306,314,3.0
306,315,3.0
306,316,2.0
306,317,0.0
306,318,3.0
306,319,2.0
306,320,3.0
306,321,3.0
306,322,2.0
306,323,2.0
306,324,2.0
306,325,1.0
306,326,3.0
306,327,1.0
306,328,3.0
306,329,2.0
306,330,2.0
306,331,1.0
306,332,3.0
306,333,3.0
306,334,1.0
306,335,0.0
306,336,1.0
306,337,3.0
306,338,3.0
306,339,2.0
306,340,1.0
306,341,2.0
306,342,3.0
306,343,3.0
306,344,3.0
306,345,3.0
306,346,2.0
306,347,3.0
306,348,3.0
306,349,1.0
306,350,2.0
306,351,3.0
306,352,3.0
306,353,2.0
306,354,3.0
306,355,0.0
306,356,2.0
306,357,2.0
306,358,3.0
306,359,3.0
306,360,2.0
306,361,3.0
306,362,2.0
306,363,1.0
306,364,1.0
306,365,1.0
306,366,2.0
306,367,3.0
306,368,0.0
306,369,3.0
306,370,2.0
306,371,2.0
306,372,3.0
306,373,2.0
306,374,3.0
306,375,1.0
306,376,2.0
306,377,2.0
307,308,3.0
307,309,3.0
307,310,5.0
307,311,2.0
307,312,3.0
307,313,5.0
307,314,5.0
307,315,3.0
307,316,2.0
307,317,0.0
307,318,4.0
307,319,2.0
307,320,5.0
307,321,5.0
307,322,3.0
307,323,3.0
307,324,4.0
307,325,2.0
307,326,5.0
307,327,3.0
307,328,5.0
307,329,3.0
307,330,4.0
307,331,1.0
307,332,4.0
307,333,4.0
307,334,1.0
307,335,0.0
307,336,1.0
307,337,5.0
307,338,4.0
307,339,3.0
307,340,2.0
307,341,2.0
307,342,4.0
307,343,5.0
307,344,5.0
307,345,4.0
307,346,2.0
307,347,5.0
307,348,4.0
307,349,3.0
307,350,3.0
307,351,5.0
307,352,5.0
307,353,3.0
307,354,5.0
307,355,1.0
307,356,3.0
307,357,3.0
307,358,5.0
307,359,3.0
307,360,3.0
307,361,5.0
307,362,4.0
307,363,2.0
307,364,1.0
307,365,2.0
307,366,4.0
307,367,5.0
307,368,1.0
307,369,3.0
307,370,4.0
307,371,4.0
307,372,4.0
307,373,2.0
307,374,5.0
307,375,3.0
307,376,2.0
307,377,3.0
308,309,4.0
308,310,3.0
308,311,2.0
308,312,2.0
308,313,3.0
308,314,3.0
308,315,1.0
308,316,3.0
308,317,1.0
308,318,2.0
308,319,2.0
308,320,3.0
308,321,3.0
308,322,4.0
308,323,4.0
308,324,3.0
308,325,1.0
308,326,3.0
308,327,2.0
308,328,3.0
308,329,4.0
308,330,3.0
308,331,1.0
308,332,3.0
308,333,2.0
308,334,1.0
308,335,1.0
308,336,2.0
308,337,3.0
308,338,2.0
308,339,3.0
308,340,0.0
308,341,1.0
308,342,3.0
308,343,3.0
308,344,3.0
308,345,2.0
308,346,3.0
308,347,3.0
308,348,2.0
308,349,4.0
308,350,2.0
308,351,3.0
308,352,3.0
308,353,3.0
308,354,3.0
308,355,2.0
308,356,4.0
308,357,4.0
308,358,3.0
308,359,1.0
308,360,4.0
308,361,3.0
308,362,3.0
308,363,2.0
308,364,1.0
308,365,1.0
308,366,3.0
308,367,3.0
308,368,2.0
308,369,2.0
308,370,2.0
308,371,3.0
308,372,3.0
308,373,3.0
308,374,3.0
308,375,2.0
308,376,3.0
308,377,3.0
309,310,3.0
309,311,1.0
309,312,3.0
309,313,3.0
309,314,3.0
309,315,2.0
309,316,3.0
309,317,1.0
309,318,3.0
309,319,2.0
309,320,3.0
309,321,3.0
309,322,5.0
309,323,5.0
309,324,3.0
309,325,2.0
309,326,3.0
309,327,3.0
309,328,3.0
309,329,5.0
309,330,3.0
309,331,1.0
309,332,2.0
309,333,2.0
309,334,1.0
309,335,1.0
309,336,2.0
309,337,3.0
309,338,2.0
309,339,3.0
309,340,1.0
309,341,1.0
309,342,2.0
309,343,3.0
309,344,3.0
309,345,2.0
309,346,3.0
309,347,3.0
309,348,2.0
309,349,6.0
309,350,2.0
309,351,3.0
309,352,3.0
309,353,4.0
309,354,3.0
309,355,2.0
309,356,5.0
309,357,4.0
309,358,3.0
309,359,2.0
309,360,5.0
309,361,3.0
309,362,3.0
309,363,3.0
309,364,1.0
309,365,2.0
309,366,3.0
309,367,3.0
309,368,2.0
309,369,1.0
309,370,3.0
309,371,3.0
309,372,2.0
309,373,3.0
309,374,3.0
309,375,3.0
309,376,3.0
309,377,3.0
310,311,2.0
310,312,3.0
310,313,5.0
310,314,5.0
310,315,3.0
310,316,2.0
310,317,0.0
310,318,4.0
310,319,2.0
310,320,5.0
310,321,5.0
310,322,3.0
310,323,3.0
310,324,4.0
310,325,2.0
310,326,5.0
310,327,3.0
310,328,5.0
310,329,3.0
310,330,4.0
310,331,1.0
310,332,4.0
310,333,4.0
310,334,1.0
310,335,0.0
310,336,1.0
310,337,5.0
310,338,4.0
310,339,3.0
310,340,2.0
310,341,2.0
310,342,4.0
310,343,5.0
310,344,5.0
310,345,4.0
310,346,2.0
310,347,5.0
310,348,4.0
310,349,3.0
310,350,3.0
310,351,5.0
310,352,5.0
310,353,3.0
310,354,5.0
310,355,1.0
310,356,3.0
310,357,3.0
310,358,5.0
310,359,3.0
310,360,3.0
310,361,5.0
310,362,4.0
310,363,2.0
310,364,1.0
310,365,2.0
310,366,4.0
310,367,5.0
310,368,1.0
310,369,3.0
310,370,4.0
310,371,4.0
310,372,4.0
310,373,2.0
310,374,5.0
310,375,3.0
310,376,2.0
310,377,3.0
311,312,2.0
311,313,2.0
311,314,2.0
311,315,1.0
311,316,2.0
311,317,1.0
311,318,1.0
311,319,2.0
311,320,2.0
311,321,2.0
311,322,1.0
311,323,1.0
311,324,2.0
311,325,1.0
311,326,2.0
311,327,2.0
311,328,2.0
311,329,1.0
311,330,2.0
311,331,1.0
311,332,2.0
311,333,2.0
311,334,1.0
311,335,1.0
311,336,1.0
311,337,2.0
311,338,2.0
311,339,2.0
311,340,1.0
311,341,1.0
311,342,2.0
311,343,2.0
311,344,2.0
311,345,2.0
311,346,2.0
311,347,2.0
311,348,2.0
311,349,1.0
311,350,2.0
311,351,2.0
311,352,2.0
311,353,1.0
311,354,2.0
311,355,1.0
311,356,1.0
311,357,2.0
311,358,2.0
311,359,1.0
311,360,1.0
311,361,2.0
311,362,2.0
311,363,1.0
311,364,2.0
311,365,1.0
311,366,2.0
311,367,2.0
311,368,0.0
311,369,2.0
311,370,1.0
311,371,2.0
311,372,2.0
311,373,2.0
311,374,2.0
311,375,2.0
311,376,2.0
311,377,1.0
312,313,3.0
312,314,3.0
312,315,2.0
312,316,2.0
312,317,2.0
312,318,3.0
312,319,1.0
312,320,3.0
312,321,3.0
312,322,3.0
312,323,3.0
312,324,3.0
312,325,3.0
312,326,3.0
312,327,6.0
312,328,3.0
312,329,3.0
312,330,4.0
312,331,2.0
312,332,2.0
312,333,2.0
312,334,2.0
312,335,2.0
312,336,3.0
312,337,3.0
312,338,2.0
312,339,5.0
312,340,1.0
312,341,2.0
312,342,2.0
312,343,3.0
312,344,3.0
312,345,2.0
312,346,2.0
312,347,3.0
312,348,2.0
312,349,3.0
312,350,2.0
312,351,3.0
312,352,3.0
312,353,3.0
312,354,3.0
312,355,2.0
312,356,3.0
312,357,3.0
312,358,3.0
312,359,2.0
312,360,3.0
312,361,3.0
312,362,4.0
312,363,3.0
312,364,2.0
312,365,3.0
312,366,3.0
312,367,3.0
312,368,1.0
312,369,2.0
312,370,3.0
312,371,4.0
312,372,2.0
312,373,2.0
312,374,3.0
312,375,5.0
312,376,2.0
312,377,2.0
313,314,5.0
313,315,3.0
313,316,2.0
313,317,0.0
313,318,4.0
313,319,2.0
313,320,5.0
313,321,5.0
313,322,3.0
313,323,3.0
313,324,4.0
313,325,2.0
313,326,5.0
313,327,3.0
313,328,5.0
313,329,3.0
313,330,4.0
313,331,1.0
313,332,4.0
313,333,4.0
313,334,1.0
313,335,0.0
313,336,1.0
313,337,5.0
313,338,4.0
313,339,3.0
313,340,2.0
313,341,2.0
313,342,4.0
313,343,5.0
313,344,5.0
313,345,4.0
313,346,2.0
313,347,5.0
313,348,4.0
313,349,3.0
313,350,3.0
313,351,5.0
313,352,5.0
313,353,3.0
313,354,5.0
313,355,1.0
313,356,3.0
313,357,3.0
313,358,5.0
313,359,3.0
313,360,3.0
313,361,5.0
313,362,4.0
313,363,2.0
313,364,1.0
313,365,2.0
313,366,4.0
313,367,5.0
313,368,1.0
313,369,3.0
313,370,4.0
313,371,4.0
313,372,4.0
313,373,2.0
313,374,5.0
313,375,3.0
313,376,2.0
313,377,3.0
314,315,3.0
314,316,2.0
314,317,0.0
314,318,4.0
314,319,2.0
314,320,5.0
314,321,5.0
314,322,3.0
314,323,3.0
314,324,4.0
314,325,2.0
314,326,5.0
314,327,3.0
314,328,5.0
314,329,3.0
314,330,4.0
314,331,1.0
314,332,4.0
314,333,4.0
314,334,1.0
314,335,0.0
314,336,1.0
314,337,5.0
314,338,4.0
314,339,3.0
314,340,2.0
314,341,2.0
314,342,4.0
314,343,5.0
314,344,5.0
314,345,4.0
314,346,2.0
314,347,5.0
314,348,4.0
314,349,3.0
314,350,3.0
314,351,5.0
314,352,5.0
314,353,3.0
314,354,5.0
314,355,1.0
314,356,3.0
314,357,3.0
314,358,5.0
314,359,3.0
314,360,3.0
314,361,5.0
314,362,4.0
314,363,2.0
314,364,1.0
314,365,2.0
314,366,4.0
314,367,5.0
314,368,1.0
314,369,3.0
314,370,4.0
314,371,4.0
314,372,4.0
314,373,2.0
314,374,5.0
314,375,3.0
314,376,2.0
314,377,3.0
315,316,2.0
315,317,1.0
315,318,4.0
315,319,2.0
315,320,3.0
315,321,3.0
315,322,3.0
315,323,3.0
315,324,2.0
315,325,2.0
315,326,3.0
315,327,2.0
315,328,3.0
315,329,3.0
315,330,2.0
315,331,1.0
315,332,2.0
315,333,4.0
315,334,1.0
315,335,0.0
315,336,1.0
315,337,3.0
315,338,3.0
315,339,2.0
315,340,2.0
315,341,3.0
315,342,2.0
315,343,3.0
315,344,3.0
315,345,3.0
315,346,2.0
315,347,3.0
315,348,3.0
315,349,2.0
315,350,2.0
315,351,3.0
315,352,3.0
315,353,3.0
315,354,3.0
315,355,0.0
315,356,3.0
315,357,1.0
315,358,3.0
315,359,5.0
315,360,3.0
315,361,3.0
315,362,2.0
315,363,2.0
315,364,1.0
315,365,2.0
315,366,2.0
315,367,3.0
315,368,1.0
315,369,3.0
315,370,3.0
315,371,2.0
315,372,2.0
315,373,2.0
315,374,3.0
315,375,2.0
315,376,2.0
315,377,2.0
316,317,1.0
316,318,2.0
316,319,4.0
316,320,2.0
316,321,2.0
316,322,3.0
316,323,3.0
316,324,2.0
316,325,2.0
316,326,2.0
316,327,2.0
316,328,2.0
316,329,3.0
316,330,2.0
316,331,1.0
316,332,2.0
316,333,2.0
316,334,2.0
316,335,0.0
316,336,1.0
316,337,2.0
316,338,3.0
316,339,3.0
316,340,1.0
316,341,2.0
316,342,2.0
316,343,2.0
316,344,2.0
316,345,2.0
316,346,6.0
316,347,2.0
316,348,3.0
316,349,3.0
316,350,2.0
316,351,2.0
316,352,2.0
316,353,2.0
316,354,2.0
316,355,0.0
316,356,3.0
316,357,3.0
316,358,2.0
316,359,2.0
316,360,3.0
316,361,2.0
316,362,2.0
316,363,2.0
316,364,1.0
316,365,1.0
316,366,2.0
316,367,2.0
316,368,1.0
316,369,2.0
316,370,2.0
316,371,2.0
316,372,2.0
316,373,3.0
316,374,2.0
316,375,2.0
316,376,5.0
316,377,3.0
317,318,0.0
317,319,1.0
317,320,0.0
317,321,0.0
317,322,1.0
317,323,1.0
317,324,0.0
317,325,1.0
317,326,0.0
317,327,2.0
317,328,0.0
317,329,1.0
317,330,1.0
317,331,1.0
317,332,0.0
317,333,1.0
317,334,1.0
317,335,2.0
317,336,3.0
317,337,0.0
317,338,0.0
317,339,2.0
317,340,0.0
317,341,1.0
317,342,0.0
317,343,0.0
317,344,0.0
317,345,1.0
317,346,1.0
317,347,0.0
317,348,0.0
317,349,1.0
317,350,0.0
317,351,0.0
317,352,0.0
317,353,1.0
317,354,0.0
317,355,2.0
317,356,1.0
317,357,1.0
317,358,0.0
317,359,1.0
317,360,1.0
317,361,0.0
317,362,1.0
317,363,2.0
317,364,1.0
317,365,3.0
317,366,0.0
317,367,0.0
317,368,1.0
317,369,2.0
317,370,0.0
317,371,1.0
317,372,0.0
317,373,1.0
317,374,0.0
317,375,3.0
317,376,1.0
317,377,1.0
318,319,2.0
318,320,4.0
318,321,4.0
318,322,3.0
318,323,3.0
318,324,3.0
318,325,2.0
318,326,4.0
318,327,3.0
318,328,4.0
318,329,3.0
318,330,3.0
318,331,1.0
318,332,3.0
318,333,3.0
318,334,1.0
318,335,0.0
318,336,1.0
318,337,4.0
318,338,3.0
318,339,3.0
318,340,2.0
318,341,2.0
318,342,3.0
318,343,4.0
318,344,4.0
318,345,3.0
318,346,2.0
318,347,4.0
318,348,3.0
318,349,3.0
318,350,3.0
318,351,4.0
318,352,4.0
318,353,3.0
318,354,4.0
318,355,1.0
318,356,3.0
318,357,2.0
318,358,4.0
318,359,4.0
318,360,3.0
318,361,4.0
318,362,3.0
318,363,2.0
318,364,1.0
318,365,2.0
318,366,3.0
318,367,4.0
318,368,1.0
318,369,2.0
318,370,4.0
318,371,3.0
318,372,3.0
318,373,2.0
318,374,4.0
318,375,3.0
318,376,2.0
318,377,3.0
319,320,2.0
319,321,2.0
319,322,3.0
319,323,3.0
319,324,2.0
319,325,2.0
319,326,2.0
319,327,1.0
319,328,2.0
319,329,3.0
319,330,1.0
319,331,2.0
319,332,3.0
319,333,2.0
319,334,3.0
319,335,1.0
319,336,1.0
319,337,2.0
319,338,2.0
319,339,2.0
319,340,1.0
319,341,2.0
319,342,2.0
319,343,2.0
319,344,2.0
319,345,2.0
319,346,4.0
319,347,2.0
319,348,2.0
319,349,2.0
319,350,2.0
319,351,2.0
319,352,2.0
319,353,2.0
319,354,2.0
319,355,0.0
319,356,3.0
319,357,2.0
319,358,2.0
319,359,2.0
319,360,3.0
319,361,2.0
319,362,1.0
319,363,2.0
319,364,1.0
319,365,1.0
319,366,2.0
319,367,2.0
319,368,1.0
319,369,2.0
319,370,2.0
319,371,1.0
319,372,2.0
319,373,3.0
319,374,2.0
319,375,1.0
319,376,4.0
319,377,3.0
320,321,5.0
320,322,3.0
320,323,3.0
320,324,4.0
320,325,2.0
320,326,5.0
320,327,3.0
320,328,5.0
320,329,3.0
320,330,4.0
320,331,1.0
320,332,4.0
320,333,4.0
320,334,1.0
320,335,0.0
320,336,1.0
320,337,5.0
320,338,4.0
320,339,3.0
320,340,2.0
320,341,2.0
320,342,4.0
320,343,5.0
320,344,5.0
320,345,4.0
320,346,2.0
320,347,5.0
320,348,4.0
320,349,3.0
320,350,3.0
320,351,5.0
320,352,5.0
320,353,3.0
320,354,5.0
320,355,1.0
320,356,3.0
320,357,3.0
320,358,5.0
320,359,3.0
320,360,3.0
320,361,5.0
320,362,4.0
320,363,2.0
320,364,1.0
320,365,2.0
320,366,4.0
320,367,5.0
320,368,1.0
320,369,3.0
320,370,4.0
320,371,4.0
320,372,4.0
320,373,2.0
320,374,5.0
320,375,3.0
320,376,2.0
320,377,3.0
321,322,3.0
321,323,3.0
321,324,4.0
321,325,2.0
321,326,5.0
321,327,3.0
321,328,5.0
321,329,3.0
321,330,4.0
321,331,1.0
321,332,4.0
321,333,4.0
321,334,1.0
321,335,0.0
321,336,1.0
321,337,5.0
321,338,4.0
321,339,3.0
321,340,2.0
321,341,2.0
321,342,4.0
321,343,5.0
321,344,5.0
321,345,4.0
321,346,2.0
321,347,5.0
321,348,4.0
321,349,3.0
321,350,3.0
321,351,5.0
321,352,5.0
321,353,3.0
321,354,5.0
321,355,1.0
321,356,3.0
321,357,3.0
321,358,5.0
321,359,3.0
321,360,3.0
321,361,5.0
321,362,4.0
321,363,2.0
321,364,1.0
321,365,2.0
321,366,4.0
321,367,5.0
321,368,1.0
321,369,3.0
321,370,4.0
321,371,4.0
321,372,4.0
321,373,2.0
321,374,5.0
321,375,3.0
321,376,2.0
321,377,3.0
322,323,6.0
322,324,3.0
322,325,2.0
322,326,3.0
322,327,3.0
322,328,3.0
322,329,6.0
322,330,3.0
322,331,1.0
322,332,2.0
322,333,3.0
322,334,1.0
322,335,1.0
322,336,2.0
322,337,3.0
322,338,3.0
322,339,3.0
322,340,2.0
322,341,2.0
322,342,2.0
322,343,3.0
322,344,3.0
322,345,3.0
322,346,3.0
322,347,3.0
322,348,3.0
322,349,5.0
322,350,2.0
322,351,3.0
322,352,3.0
322,353,5.0
322,354,3.0
322,355,2.0
322,356,6.0
322,357,4.0
322,358,3.0
322,359,3.0
322,360,6.0
322,361,3.0
322,362,3.0
322,363,4.0
322,364,1.0
322,365,3.0
322,366,3.0
322,367,3.0
322,368,2.0
322,369,2.0
322,370,3.0
322,371,3.0
322,372,2.0
322,373,4.0
322,374,3.0
322,375,3.0
322,376,3.0
322,377,3.0
323,324,3.0
323,325,2.0
323,326,3.0
323,327,3.0
323,328,3.0
323,329,6.0
323,330,3.0
323,331,1.0
323,332,2.0
323,333,3.0
323,334,1.0
323,335,1.0
323,336,2.0
323,337,3.0
323,338,3.0
323,339,3.0
323,340,2.0
323,341,2.0
323,342,2.0
323,343,3.0
323,344,3.0
323,345,3.0
323,346,3.0
323,347,3.0
323,348,3.0
323,349,5.0
323,350,2.0
323,351,3.0
323,352,3.0
323,353,5.0
323,354,3.0
323,355,2.0
323,356,6.0
323,357,4.0
323,358,3.0
323,359,3.0
323,360,6.0
323,361,3.0
323,362,3.0
323,363,4.0
323,364,1.0
323,365,3.0
323,366,3.0
323,367,3.0
323,368,2.0
323,369,2.0
323,370,3.0
323,371,3.0
323,372,2.0
323,373,4.0
323,374,3.0
323,375,3.0
323,376,3.0
323,377,3.0
324,325,2.0
324,326,4.0
324,327,3.0
324,328,4.0
324,329,3.0
324,330,4.0
324,331,1.0
324,332,4.0
324,333,3.0
324,334,1.0
324,335,0.0
324,336,1.0
324,337,4.0
324,338,3.0
324,339,3.0
324,340,1.0
324,341,1.0
324,342,3.0
324,343,4.0
324,344,4.0
324,345,3.0
324,346,2.0
324,347,4.0
324,348,3.0
324,349,3.0
324,350,2.0
324,351,4.0
324,352,4.0
324,353,3.0
324,354,4.0
324,355,1.0
324,356,3.0
324,357,3.0
324,358,4.0
324,359,2.0
324,360,3.0
324,361,4.0
324,362,4.0
324,363,1.0
324,364,1.0
324,365,1.0
324,366,5.0
324,367,4.0
324,368,1.0
324,369,2.0
324,370,3.0
324,371,4.0
324,372,3.0
324,373,2.0
324,374,4.0
324,375,3.0
324,376,2.0
324,377,2.0
325,326,2.0
325,327,3.0
325,328,2.0
325,329,2.0
325,330,3.0
325,331,4.0
325,332,1.0
325,333,2.0
325,334,4.0
325,335,3.0
325,336,2.0
325,337,2.0
325,338,2.0
325,339,3.0
325,340,1.0
325,341,2.0
325,342,1.0
325,343,2.0
325,344,2.0
325,345,2.0
325,346,2.0
325,347,2.0
325,348,2.0
325,349,2.0
325,350,1.0
325,351,2.0
325,352,2.0
325,353,2.0
325,354,2.0
325,355,0.0
325,356,2.0
325,357,1.0
325,358,2.0
325,359,2.0
325,360,2.0
325,361,2.0
325,362,3.0
325,363,2.0
325,364,4.0
325,365,2.0
325,366,2.0
325,367,2.0
325,368,1.0
325,369,2.0
325,370,2.0
325,371,3.0
325,372,1.0
325,373,1.0
325,374,2.0
325,375,3.0
325,376,3.0
325,377,1.0
326,327,3.0
326,328,5.0
326,329,3.0
326,330,4.0
326,331,1.0
326,332,4.0
326,333,4.0
326,334,1.0
326,335,0.0
326,336,1.0
326,337,5.0
326,338,4.0
326,339,3.0
326,340,2.0
326,341,2.0
326,342,4.0
326,343,5.0
326,344,5.0
326,345,4.0
326,346,2.0
326,347,5.0
326,348,4.0
326,349,3.0
326,350,3.0
326,351,5.0
326,352,5.0
326,353,3.0
326,354,5.0
326,355,1.0
326,356,3.0
326,357,3.0
326,358,5.0
326,359,3.0
326,360,3.0
326,361,5.0
326,362,4.0
326,363,2.0
326,364,1.0
326,365,2.0
326,366,4.0
326,367,5.0
326,368,1.0
326,369,3.0
326,370,4.0
326,371,4.0
326,372,4.0
326,373,2.0
326,374,5.0
326,375,3.0
326,376,2.0
326,377,3.0
327,328,3.0
327,329,3.0
327,330,4.0
327,331,2.0
327,332,2.0
327,333,2.0
327,334,2.0
327,335,2.0
327,336,3.0
327,337,3.0
327,338,2.0
327,339,5.0
327,340,1.0
327,341,2.0
327,342,2.0
327,343,3.0
327,344,3.0
327,345,2.0
327,346,2.0
327,347,3.0
327,348,2.0
327,349,3.0
327,350,2.0
327,351,3.0
327,352,3.0
327,353,3.0
327,354,3.0
327,355,2.0
327,356,3.0
327,357,3.0
327,358,3.0
327,359,2.0
327,360,3.0
327,361,3.0
327,362,4.0
327,363,3.0
327,364,2.0
327,365,3.0
327,366,3.0
327,367,3.0
327,368,1.0
327,369,2.0
327,370,3.0
327,371,4.0
327,372,2.0
327,373,2.0
327,374,3.0
327,375,5.0
327,376,2.0
327,377,2.0
328,329,3.0
328,330,4.0
328,331,1.0
328,332,4.0
328,333,4.0
328,334,1.0
328,335,0.0
328,336,1.0
328,337,5.0
328,338,4.0
328,339,3.0
328,340,2.0
328,341,2.0
328,342,4.0
328,343,5.0
328,344,5.0
328,345,4.0
328,346,2.0
328,347,5.0
328,348,4.0
328,349,3.0
328,350,3.0
328,351,5.0
328,352,5.0
328,353,3.0
328,354,5.0
328,355,1.0
328,356,3.0
328,357,3.0
328,358,5.0
328,359,3.0
328,360,3.0
328,361,5.0
328,362,4.0
328,363,2.0
328,364,1.0
328,365,2.0
328,366,4.0
328,367,5.0
328,368,1.0
328,369,3.0
328,370,4.0
328,371,4.0
328,372,4.0
328,373,2.0
328,374,5.0
328,375,3.0
328,376,2.0
328,377,3.0
329,330,3.0
329,331,1.0
329,332,2.0
329,333,3.0
329,334,1.0
329,335,1.0
329,336,2.0
329,337,3.0
329,338,3.0
329,339,3.0
329,340,2.0
329,341,2.0
329,342,2.0
329,343,3.0
329,344,3.0
329,345,3.0
329,346,3.0
329,347,3.0
329,348,3.0
329,349,5.0
329,350,2.0
329,351,3.0
329,352,3.0
329,353,5.0
329,354,3.0
329,355,2.0
329,356,6.0
329,357,4.0
329,358,3.0
329,359,3.0
329,360,6.0
329,361,3.0
329,362,3.0
329,363,4.0
329,364,1.0
329,365,3.0
329,366,3.0
329,367,3.0
329,368,2.0
329,369,2.0
329,370,3.0
329,371,3.0
329,372,2.0
329,373,4.0
329,374,3.0
329,375,3.0
329,376,3.0
329,377,3.0
330,331,2.0
330,332,3.0
330,333,3.0
330,334,2.0
330,335,1.0
330,336,2.0
330,337,4.0
330,338,3.0
330,339,4.0
330,340,1.0
330,341,2.0
330,342,3.0
330,343,4.0
330,344,4.0
330,345,3.0
330,346,2.0
330,347,4.0
330,348,3.0
330,349,3.0
330,350,2.0
330,351,4.0
330,352,4.0
330,353,3.0
330,354,4.0
330,355,1.0
330,356,3.0
330,357,3.0
330,358,4.0
330,359,2.0
330,360,3.0
330,361,4.0
330,362,5.0
330,363,2.0
330,364,2.0
330,365,2.0
330,366,4.0
330,367,4.0
330,368,1.0
330,369,3.0
330,370,3.0
330,371,5.0
330,372,3.0
330,373,2.0
330,374,4.0
330,375,4.0
330,376,2.0
330,377,2.0
331,332,1.0
331,333,1.0
331,334,5.0
331,335,4.0
331,336,2.0
331,337,1.0
331,338,1.0
331,339,2.0
331,340,0.0
331,341,3.0
331,342,1.0
331,343,1.0
331,344,1.0
331,345,1.0
331,346,1.0
331,347,1.0
331,348,1.0
331,349,1.0
331,350,1.0
331,351,1.0
331,352,1.0
331,353,1.0
331,354,1.0
331,355,0.0
331,356,1.0
331,357,1.0
331,358,1.0
331,359,1.0
331,360,1.0
331,361,1.0
331,362,2.0
331,363,1.0
331,364,4.0
331,365,1.0
331,366,1.0
331,367,1.0
331,368,1.0
331,369,2.0
331,370,1.0
331,371,2.0
331,372,1.0
331,373,1.0
331,374,1.0
331,375,2.0
331,376,2.0
331,377,1.0
332,333,3.0
332,334,1.0
332,335,0.0
332,336,1.0
332,337,4.0
332,338,3.0
332,339,3.0
332,340,1.0
332,341,2.0
332,342,4.0
332,343,4.0
332,344,4.0
332,345,3.0
332,346,2.0
332,347,4.0
332,348,3.0
332,349,2.0
332,350,3.0
332,351,4.0
332,352,4.0
332,353,2.0
332,354,4.0
332,355,1.0
332,356,2.0
332,357,3.0
332,358,4.0
332,359,2.0
332,360,2.0
332,361,4.0
332,362,3.0
332,363,1.0
332,364,1.0
332,365,1.0
332,366,4.0
332,367,4.0
332,368,1.0
332,369,3.0
332,370,3.0
332,371,3.0
332,372,4.0
332,373,2.0
332,374,4.0
332,375,2.0
332,376,2.0
332,377,3.0
333,334,1.0
333,335,0.0
333,336,1.0
333,337,4.0
333,338,5.0
333,339,2.0
333,340,3.0
333,341,4.0
333,342,3.0
333,343,4.0
333,344,4.0
333,345,4.0
333,346,2.0
333,347,4.0
333,348,5.0
333,349,2.0
333,350,2.0
333,351,4.0
333,352,4.0
333,353,3.0
333,354,4.0
333,355,0.0
333,356,3.0
333,357,2.0
333,358,4.0
333,359,4.0
333,360,3.0
333,361,4.0
333,362,3.0
333,363,2.0
333,364,1.0
333,365,2.0
333,366,3.0
333,367,4.0
333,368,1.0
333,369,4.0
333,370,3.0
333,371,3.0
333,372,3.0
333,373,2.0
333,374,4.0
333,375,2.0
333,376,2.0
333,377,2.0
334,335,3.0
334,336,2.0
334,337,1.0
334,338,1.0
334,339,2.0
334,340,0.0
334,341,2.0
334,342,1.0
334,343,1.0
334,344,1.0
334,345,1.0
334,346,2.0
334,347,1.0
334,348,1.0
334,349,1.0
334,350,1.0
334,351,1.0
334,352,1.0
334,353,1.0
334,354,1.0
334,355,0.0
334,356,1.0
334,357,1.0
334,358,1.0
334,359,1.0
334,360,1.0
334,361,1.0
334,362,2.0
334,363,1.0
334,364,3.0
334,365,1.0
334,366,1.0
334,367,1.0
334,368,1.0
334,369,2.0
334,370,1.0
334,371,2.0
334,372,1.0
334,373,1.0
334,374,1.0
334,375,2.0
334,376,2.0
334,377,1.0
335,336,2.0
335,337,0.0
335,338,0.0
335,339,2.0
335,340,0.0
335,341,2.0
335,342,0.0
335,343,0.0
335,344,0.0
335,345,0.0
335,346,0.0
335,347,0.0
335,348,0.0
335,349,1.0
335,350,1.0
335,351,0.0
335,352,0.0
335,353,1.0
335,354,0.0
335,355,1.0
335,356,1.0
335,357,1.0
335,358,0.0
335,359,0.0
335,360,1.0
335,361,0.0
335,362,1.0
335,363,2.0
335,364,3.0
335,365,2.0
335,366,0.0
335,367,0.0
335,368,1.0
335,369,1.0
335,370,0.0
335,371,1.0
335,372,0.0
335,373,0.0
335,374,0.0
335,375,2.0
335,376,1.0
335,377,0.0
336,337,1.0
336,338,1.0
336,339,3.0
336,340,0.0
336,341,2.0
336,342,1.0
336,343,1.0
336,344,1.0
336,345,1.0
336,346,1.0
336,347,1.0
336,348,1.0
336,349,2.0
336,350,1.0
336,351,1.0
336,352,1.0
336,353,2.0
336,354,1.0
336,355,2.0
336,356,2.0
336,357,2.0
336,358,1.0
336,359,1.0
336,360,2.0
336,361,1.0
336,362,2.0
336,363,3.0
336,364,2.0
336,365,2.0
336,366,1.0
336,367,1.0
336,368,0.0
336,369,2.0
336,370,1.0
336,371,2.0
336,372,1.0
336,373,1.0
336,374,1.0
336,375,2.0
336,376,1.0
336,377,1.0
337,338,4.0
337,339,3.0
337,340,2.0
337,341,2.0
337,342,4.0
337,343,5.0
337,344,5.0
337,345,4.0
337,346,2.0
337,347,5.0
337,348,4.0
337,349,3.0
337,350,3.0
337,351,5.0
337,352,5.0
337,353,3.0
337,354,5.0
337,355,1.0
337,356,3.0
337,357,3.0
337,358,5.0
337,359,3.0
337,360,3.0
337,361,5.0
337,362,4.0
337,363,2.0
337,364,1.0
337,365,2.0
337,366,4.0
337,367,5.0
337,368,1.0
337,369,3.0
337,370,4.0
337,371,4.0
337,372,4.0
337,373,2.0
337,374,5.0
337,375,3.0
337,376,2.0
337,377,3.0
338,339,3.0
338,340,3.0
338,341,3.0
338,342,3.0
338,343,4.0
338,344,4.0
338,345,4.0
338,346,3.0
338,347,4.0
338,348,6.0
338,349,2.0
338,350,2.0
338,351,4.0
338,352,4.0
338,353,3.0
338,354,4.0
338,355,0.0
338,356,3.0
338,357,2.0
338,358,4.0
338,359,3.0
338,360,3.0
338,361,4.0
338,362,3.0
338,363,2.0
338,364,1.0
338,365,2.0
338,366,3.0
338,367,4.0
338,368,0.0
338,369,3.0
338,370,3.0
338,371,3.0
338,372,3.0
338,373,2.0
338,374,4.0
338,375,2.0
338,376,3.0
338,377,2.0
339,340,1.0
339,341,3.0
339,342,3.0
339,343,3.0
339,344,3.0
339,345,2.0
339,346,3.0
339,347,3.0
339,348,3.0
339,349,3.0
339,350,3.0
339,351,3.0
339,352,3.0
339,353,3.0
339,354,3.0
339,355,2.0
339,356,3.0
339,357,4.0
339,358,3.0
339,359,2.0
339,360,3.0
339,361,3.0
339,362,4.0
339,363,3.0
339,364,2.0
339,365,3.0
339,366,3.0
339,367,3.0
339,368,1.0
339,369,3.0
339,370,3.0
339,371,4.0
339,372,3.0
339,373,2.0
339,374,3.0
339,375,5.0
339,376,3.0
339,377,3.0
340,341,2.0
340,342,2.0
340,343,2.0
340,344,2.0
340,345,3.0
340,346,1.0
340,347,2.0
340,348,3.0
340,349,1.0
340,350,1.0
340,351,2.0
340,352,2.0
340,353,2.0
340,354,2.0
340,355,0.0
340,356,2.0
340,357,0.0
340,358,2.0
340,359,2.0
340,360,2.0
340,361,2.0
340,362,1.0
340,363,2.0
340,364,1.0
340,365,2.0
340,366,1.0
340,367,2.0
340,368,0.0
340,369,1.0
340,370,2.0
340,371,1.0
340,372,2.0
340,373,2.0
340,374,2.0
340,375,1.0
340,376,1.0
340,377,1.0
341,342,2.0
341,343,2.0
341,344,2.0
341,345,2.0
341,346,2.0
341,347,2.0
341,348,3.0
341,349,1.0
341,350,2.0
341,351,2.0
341,352,2.0
341,353,2.0
341,354,2.0
341,355,0.0
341,356,2.0
341,357,1.0
341,358,2.0
341,359,3.0
341,360,2.0
341,361,2.0
341,362,2.0
341,363,3.0
341,364,3.0
341,365,3.0
341,366,1.0
341,367,2.0
341,368,1.0
341,369,4.0
341,370,2.0
341,371,2.0
341,372,2.0
341,373,2.0
341,374,2.0
341,375,2.0
341,376,3.0
341,377,2.0
342,343,4.0
342,344,4.0
342,345,3.0
342,346,2.0
342,347,4.0
342,348,3.0
342,349,2.0
342,350,3.0
342,351,4.0
342,352,4.0
342,353,2.0
342,354,4.0
342,355,1.0
342,356,2.0
342,357,3.0
342,358,4.0
342,359,2.0
342,360,2.0
342,361,4.0
342,362,3.0
342,363,1.0
342,364,2.0
342,365,1.0
342,366,3.0
342,367,4.0
342,368,1.0
342,369,3.0
342,370,3.0
342,371,3.0
342,372,5.0
342,373,2.0
342,374,4.0
342,375,2.0
342,376,2.0
342,377,3.0
343,344,5.0
343,345,4.0
343,346,2.0
343,347,5.0
343,348,4.0
343,349,3.0
343,350,3.0
343,351,5.0
343,352,5.0
343,353,3.0
343,354,5.0
343,355,1.0
343,356,3.0
343,357,3.0
343,358,5.0
343,359,3.0
343,360,3.0
343,361,5.0
343,362,4.0
343,363,2.0
343,364,1.0
343,365,2.0
343,366,4.0
343,367,5.0
343,368,1.0
343,369,3.0
343,370,4.0
343,371,4.0
343,372,4.0
343,373,2.0
343,374,5.0
343,375,3.0
343,376,2.0
343,377,3.0
344,345,4.0
344,346,2.0
344,347,5.0
344,348,4.0
344,349,3.0
344,350,3.0
344,351,5.0
344,352,5.0
344,353,3.0
344,354,5.0
344,355,1.0
344,356,3.0
344,357,3.0
344,358,5.0
344,359,3.0
344,360,3.0
344,361,5.0
344,362,4.0
344,363,2.0
344,364,1.0
344,365,2.0
344,366,4.0
344,367,5.0
344,368,1.0
344,369,3.0
344,370,4.0
344,371,4.0
344,372,4.0
344,373,2.0
344,374,5.0
344,375,3.0
344,376,2.0
344,377,3.0
345,346,2.0
345,347,4.0
345,348,4.0
345,349,2.0
345,350,2.0
345,351,4.0
345,352,4.0
345,353,3.0
345,354,4.0
345,355,0.0
345,356,3.0
345,357,2.0
345,358,4.0
345,359,3.0
345,360,3.0
345,361,4.0
345,362,3.0
345,363,2.0
345,364,1.0
345,365,2.0
345,366,3.0
345,367,4.0
345,368,0.0
345,369,3.0
345,370,3.0
345,371,3.0
345,372,3.0
345,373,2.0
345,374,4.0
345,375,2.0
345,376,2.0
345,377,2.0
346,347,2.0
346,348,3.0
346,349,3.0
346,350,2.0
346,351,2.0
346,352,2.0
346,353,2.0
346,354,2.0
346,355,0.0
346,356,3.0
346,357,3.0
346,358,2.0
346,359,2.0
346,360,3.0
346,361,2.0
346,362,2.0
346,363,2.0
346,364,1.0
346,365,1.0
346,366,2.0
346,367,2.0
346,368,1.0
346,369,2.0
346,370,2.0
346,371,2.0
346,372,2.0
346,373,3.0
346,374,2.0
346,375,2.0
346,376,5.0
346,377,3.0
347,348,4.0
347,349,3.0
347,350,3.0
347,351,5.0
347,352,5.0
347,353,3.0
347,354,5.0
347,355,1.0
347,356,3.0
347,357,3.0
347,358,5.0
347,359,3.0
347,360,3.0
347,361,5.0
347,362,4.0
347,363,2.0
347,364,1.0
347,365,2.0
347,366,4.0
347,367,5.0
347,368,1.0
347,369,3.0
347,370,4.0
347,371,4.0
347,372,4.0
347,373,2.0
347,374,5.0
347,375,3.0
347,376,2.0
347,377,3.0
348,349,2.0
348,350,2.0
348,351,4.0
348,352,4.0
348,353,3.0
348,354,4.0
348,355,0.0
348,356,3.0
348,357,2.0
348,358,4.0
348,359,3.0
348,360,3.0
348,361,4.0
348,362,3.0
348,363,2.0
348,364,1.0
348,365,2.0
348,366,3.0
348,367,4.0
348,368,0.0
348,369,3.0
348,370,3.0
348,371,3.0
348,372,3.0
348,373,2.0
348,374,4.0
348,375,2.0
348,376,3.0
348,377,2.0
349,350,2.0
349,351,3.0
349,352,3.0
349,353,4.0
349,354,3.0
349,355,2.0
349,356,5.0
349,357,4.0
349,358,3.0
349,359,2.0
349,360,5.0
349,361,3.0
349,362,3.0
349,363,3.0
349,364,1.0
349,365,2.0
349,366,3.0
349,367,3.0
349,368,2.0
349,369,1.0
349,370,3.0
349,371,3.0
349,372,2.0
349,373,3.0
349,374,3.0
349,375,3.0
349,376,3.0
349,377,3.0
350,351,3.0
350,352,3.0
350,353,2.0
350,354,3.0
350,355,1.0
350,356,2.0
350,357,2.0
350,358,3.0
350,359,2.0
350,360,2.0
350,361,3.0
350,362,2.0
350,363,1.0
350,364,1.0
350,365,1.0
350,366,2.0
350,367,3.0
350,368,1.0
350,369,2.0
350,370,3.0
350,371,2.0
350,372,3.0
350,373,3.0
350,374,3.0
350,375,2.0
350,376,2.0
350,377,3.0
351,352,5.0
351,353,3.0
351,354,5.0
351,355,1.0
351,356,3.0
351,357,3.0
351,358,5.0
351,359,3.0
351,360,3.0
351,361,5.0
351,362,4.0
351,363,2.0
351,364,1.0
351,365,2.0
351,366,4.0
351,367,5.0
351,368,1.0
351,369,3.0
351,370,4.0
351,371,4.0
351,372,4.0
351,373,2.0
351,374,5.0
351,375,3.0
351,376,2.0
351,377,3.0
352,353,3.0
352,354,5.0
352,355,1.0
352,356,3.0
352,357,3.0
352,358,5.0
352,359,3.0
352,360,3.0
352,361,5.0
352,362,4.0
352,363,2.0
352,364,1.0
352,365,2.0
352,366,4.0
352,367,5.0
352,368,1.0
352,369,3.0
352,370,4.0
352,371,4.0
352,372,4.0
352,373,2.0
352,374,5.0
352,375,3.0
352,376,2.0
352,377,3.0
353,354,3.0
353,355,2.0
353,356,5.0
353,357,3.0
353,358,3.0
353,359,3.0
353,360,5.0
353,361,3.0
353,362,3.0
353,363,3.0
353,364,1.0
353,365,3.0
353,366,3.0
353,367,3.0
353,368,1.0
353,369,2.0
353,370,3.0
353,371,3.0
353,372,2.0
353,373,3.0
353,374,3.0
353,375,3.0
353,376,2.0
353,377,2.0
354,355,1.0
354,356,3.0
354,357,3.0
354,358,5.0
354,359,3.0
354,360,3.0
354,361,5.0
354,362,4.0
354,363,2.0
354,364,1.0
354,365,2.0
354,366,4.0
354,367,5.0
354,368,1.0
354,369,3.0
354,370,4.0
354,371,4.0
354,372,4.0
354,373,2.0
354,374,5.0
354,375,3.0
354,376,2.0
354,377,3.0
355,356,2.0
355,357,2.0
355,358,1.0
355,359,0.0
355,360,2.0
355,361,1.0
355,362,1.0
355,363,2.0
355,364,0.0
355,365,2.0
355,366,1.0
355,367,1.0
355,368,1.0
355,369,0.0
355,370,1.0
355,371,1.0
355,372,1.0
355,373,1.0
355,374,1.0
355,375,3.0
355,376,0.0
355,377,1.0
356,357,4.0
356,358,3.0
356,359,3.0
356,360,6.0
356,361,3.0
356,362,3.0
356,363,4.0
356,364,1.0
356,365,3.0
356,366,3.0
356,367,3.0
356,368,2.0
356,369,2.0
356,370,3.0
356,371,3.0
356,372,2.0
356,373,4.0
356,374,3.0
356,375,3.0
356,376,3.0
356,377,3.0
357,358,3.0
357,359,1.0
357,360,4.0
357,361,3.0
357,362,3.0
357,363,2.0
357,364,1.0
357,365,1.0
357,366,3.0
357,367,3.0
357,368,2.0
357,369,2.0
357,370,2.0
357,371,3.0
357,372,3.0
357,373,3.0
357,374,3.0
357,375,3.0
357,376,3.0
357,377,3.0
358,359,3.0
358,360,3.0
358,361,5.0
358,362,4.0
358,363,2.0
358,364,1.0
358,365,2.0
358,366,4.0
358,367,5.0
358,368,1.0
358,369,3.0
358,370,4.0
358,371,4.0
358,372,4.0
358,373,2.0
358,374,5.0
358,375,3.0
358,376,2.0
358,377,3.0
359,360,3.0
359,361,3.0
359,362,2.0
359,363,2.0
359,364,1.0
359,365,2.0
359,366,2.0
359,367,3.0
359,368,1.0
359,369,3.0
359,370,3.0
359,371,2.0
359,372,2.0
359,373,2.0
359,374,3.0
359,375,2.0
359,376,2.0
359,377,2.0
360,361,3.0
360,362,3.0
360,363,4.0
360,364,1.0
360,365,3.0
360,366,3.0
360,367,3.0
360,368,2.0
360,369,2.0
360,370,3.0
360,371,3.0
360,372,2.0
360,373,4.0
360,374,3.0
360,375,3.0
360,376,3.0
360,377,3.0
361,362,4.0
361,363,2.0
361,364,1.0
361,365,2.0
361,366,4.0
361,367,5.0
361,368,1.0
361,369,3.0
361,370,4.0
361,371,4.0
361,372,4.0
361,373,2.0
361,374,5.0
361,375,3.0
361,376,2.0
361,377,3.0
362,363,2.0
362,364,2.0
362,365,2.0
362,366,4.0
362,367,4.0
362,368,1.0
362,369,3.0
362,370,3.0
362,371,5.0
362,372,3.0
362,373,2.0
362,374,4.0
362,375,4.0
362,376,2.0
362,377,2.0
363,364,1.0
363,365,4.0
363,366,1.0
363,367,2.0
363,368,1.0
363,369,2.0
363,370,2.0
363,371,2.0
363,372,1.0
363,373,2.0
363,374,2.0
363,375,3.0
363,376,2.0
363,377,2.0
364,365,1.0
364,366,1.0
364,367,1.0
364,368,1.0
364,369,2.0
364,370,1.0
364,371,2.0
364,372,2.0
364,373,1.0
364,374,1.0
364,375,2.0
364,376,2.0
364,377,1.0
365,366,1.0
365,367,2.0
365,368,1.0
365,369,2.0
365,370,2.0
365,371,2.0
365,372,1.0
365,373,1.0
365,374,2.0
365,375,3.0
365,376,1.0
365,377,1.0
366,367,4.0
366,368,1.0
366,369,2.0
366,370,3.0
366,371,4.0
366,372,3.0
366,373,2.0
366,374,4.0
366,375,3.0
366,376,2.0
366,377,2.0
367,368,1.0
367,369,3.0
367,370,4.0
367,371,4.0
367,372,4.0
367,373,2.0
367,374,5.0
367,375,3.0
367,376,2.0
367,377,3.0
368,369,1.0
368,370,2.0
368,371,1.0
368,372,1.0
368,373,2.0
368,374,1.0
368,375,1.0
368,376,2.0
368,377,3.0
369,370,2.0
369,371,3.0
369,372,3.0
369,373,2.0
369,374,3.0
369,375,2.0
369,376,2.0
369,377,2.0
370,371,3.0
370,372,3.0
370,373,2.0
370,374,4.0
370,375,3.0
370,376,2.0
370,377,4.0
371,372,3.0
371,373,2.0
371,374,4.0
371,375,4.0
371,376,2.0
371,377,2.0
372,373,2.0
372,374,4.0
372,375,2.0
372,376,2.0
372,377,3.0
373,374,2.0
373,375,2.0
373,376,3.0
373,377,3.0
374,375,3.0
374,376,2.0
374,377,3.0
375,376,2.0
375,377,2.0
376,377,3.0
