pdb	heavy_chain	CDR_H3	CDR_H2	CDR_H1	CDR_H1_count_A	CDR_H1_count_R	CDR_H1_count_N	CDR_H1_count_D	CDR_H1_count_C	CDR_H1_count_Q	CDR_H1_count_E	CDR_H1_count_G	CDR_H1_count_H	CDR_H1_count_I	CDR_H1_count_L	CDR_H1_count_K	CDR_H1_count_M	CDR_H1_count_F	CDR_H1_count_P	CDR_H1_count_S	CDR_H1_count_T	CDR_H1_count_W	CDR_H1_count_Y	CDR_H1_count_V	CDR_H2_count_A	CDR_H2_count_R	CDR_H2_count_N	CDR_H2_count_D	CDR_H2_count_C	CDR_H2_count_Q	CDR_H2_count_E	CDR_H2_count_G	CDR_H2_count_H	CDR_H2_count_I	CDR_H2_count_L	CDR_H2_count_K	CDR_H2_count_M	CDR_H2_count_F	CDR_H2_count_P	CDR_H2_count_S	CDR_H2_count_T	CDR_H2_count_W	CDR_H2_count_Y	CDR_H2_count_V	CDR_H3_count_A	CDR_H3_count_R	CDR_H3_count_N	CDR_H3_count_D	CDR_H3_count_C	CDR_H3_count_Q	CDR_H3_count_E	CDR_H3_count_G	CDR_H3_count_H	CDR_H3_count_I	CDR_H3_count_L	CDR_H3_count_K	CDR_H3_count_M	CDR_H3_count_F	CDR_H3_count_P	CDR_H3_count_S	CDR_H3_count_T	CDR_H3_count_W	CDR_H3_count_Y	CDR_H3_count_V	CDR_H1_mean_hydrophobicity	CDR_H1_mean_charge	CDR_H1_mean_polarity	CDR_H1_mean_mass	CDR_H2_mean_hydrophobicity	CDR_H2_mean_charge	CDR_H2_mean_polarity	CDR_H2_mean_mass	CDR_H3_mean_hydrophobicity	CDR_H3_mean_charge	CDR_H3_mean_polarity	CDR_H3_mean_mass	cdr_h1_length	cdr_h2_length	cdr_h3_length	CDR_H1_length	CDR_H2_length	CDR_H3_length	source
8rmx	E	RFVGTLDV	FWDDD	GFSLDTSGV	0.0	0.0	0.0	1.0	0.0	0.0	0.0	2.0	0.0	0.0	1.0	0.0	0.0	1.0	0.0	2.0	1.0	0.0	0.0	1.0	0.0	0.0	0.0	3.0	0.0	0.0	0.0	0.0	0.0	0.0	0.0	0.0	0.0	1.0	0.0	0.0	0.0	1.0	0.0	0.0	0.0	1.0	0.0	1.0	0.0	0.0	0.0	1.0	0.0	0.0	1.0	0.0	0.0	1.0	0.0	0.0	1.0	0.0	0.0	2.0	0.4666666666666665	-0.1111111111111111	8.222222222222221	99.9922222222222	-1.72	-0.6	9.92	135.734	0.7375	0.0	7.875	113.255	9	5	8	9	5	8	human
8rmy	E	RFVGTLDV	FWDDD	GFSLDTSGV	0.0	0.0	0.0	1.0	0.0	0.0	0.0	2.0	0.0	0.0	1.0	0.0	0.0	1.0	0.0	2.0	1.0	0.0	0.0	1.0	0.0	0.0	0.0	3.0	0.0	0.0	0.0	0.0	0.0	0.0	0.0	0.0	0.0	1.0	0.0	0.0	0.0	1.0	0.0	0.0	0.0	1.0	0.0	1.0	0.0	0.0	0.0	1.0	0.0	0.0	1.0	0.0	0.0	1.0	0.0	0.0	1.0	0.0	0.0	2.0	0.4666666666666665	-0.1111111111111111	8.222222222222221	99.9922222222222	-1.72	-0.6	9.92	135.734	0.7375	0.0	7.875	113.255	9	5	8	9	5	8	human
8znz	F	AIYYYGSSYNYYAMDY	SSGGGY	GFTFSKY	0.0	0.0	0.0	0.0	0.0	0.0	0.0	1.0	0.0	0.0	0.0	1.0	0.0	2.0	0.0	1.0	1.0	0.0	1.0	0.0	0.0	0.0	0.0	0.0	0.0	0.0	0.0	3.0	0.0	0.0	0.0	0.0	0.0	0.0	0.0	2.0	0.0	0.0	1.0	0.0	2.0	0.0	1.0	1.0	0.0	0.0	0.0	1.0	0.0	1.0	0.0	0.0	1.0	0.0	0.0	2.0	0.0	0.0	7.0	0.0	-0.2142857142857143	0.1428571428571428	7.814285714285715	121.28	-0.6833333333333335	0.0	8.6	93.74833333333332	-0.50625	-0.0625	7.65625	125.449375	7	6	16	7	6	16	human
9avo	B	GYGWALDY	YPYYGS	GFNVSYY	0.0	0.0	1.0	0.0	0.0	0.0	0.0	1.0	0.0	0.0	0.0	0.0	0.0	1.0	0.0	1.0	0.0	0.0	2.0	1.0	0.0	0.0	0.0	0.0	0.0	0.0	0.0	1.0	0.0	0.0	0.0	0.0	0.0	0.0	1.0	1.0	0.0	0.0	3.0	0.0	1.0	0.0	0.0	1.0	0.0	0.0	0.0	2.0	0.0	0.0	1.0	0.0	0.0	0.0	0.0	0.0	0.0	1.0	2.0	0.0	-0.0428571428571428	0.0	7.614285714285714	121.27285714285712	-1.1166666666666667	0.0	7.466666666666666	124.79833333333332	-0.275	-0.125	7.725	120.25125	7	6	8	7	6	8	human
9awe	B	GYGWALDY	YPYYGS	GFNVSYY	0.0	0.0	1.0	0.0	0.0	0.0	0.0	1.0	0.0	0.0	0.0	0.0	0.0	1.0	0.0	1.0	0.0	0.0	2.0	1.0	0.0	0.0	0.0	0.0	0.0	0.0	0.0	1.0	0.0	0.0	0.0	0.0	0.0	0.0	1.0	1.0	0.0	0.0	3.0	0.0	1.0	0.0	0.0	1.0	0.0	0.0	0.0	2.0	0.0	0.0	1.0	0.0	0.0	0.0	0.0	0.0	0.0	1.0	2.0	0.0	-0.0428571428571428	0.0	7.614285714285714	121.27285714285712	-1.1166666666666667	0.0	7.466666666666666	124.79833333333332	-0.275	-0.125	7.725	120.25125	7	6	8	7	6	8	human
9dq3	H	TGWLGPFDY	SYDGRH	GFTFSKY	0.0	0.0	0.0	0.0	0.0	0.0	0.0	1.0	0.0	0.0	0.0	1.0	0.0	2.0	0.0	1.0	1.0	0.0	1.0	0.0	0.0	1.0	0.0	1.0	0.0	0.0	0.0	1.0	1.0	0.0	0.0	0.0	0.0	0.0	0.0	1.0	0.0	0.0	1.0	0.0	0.0	0.0	0.0	1.0	0.0	0.0	0.0	2.0	0.0	0.0	1.0	0.0	0.0	1.0	1.0	0.0	1.0	1.0	1.0	0.0	-0.2142857142857143	0.1428571428571428	7.814285714285715	121.28	-2.2833333333333337	0.1666666666666666	9.716666666666669	122.28833333333334	-0.2444444444444445	-0.1111111111111111	7.699999999999999	119.24	7	6	9	7	6	9	human
9gox	H	SRGYYGSFYFDI	IPVIDD	GGFFSHY	0.0	0.0	0.0	0.0	0.0	0.0	0.0	2.0	1.0	0.0	0.0	0.0	0.0	2.0	0.0	1.0	0.0	0.0	1.0	0.0	0.0	0.0	0.0	2.0	0.0	0.0	0.0	0.0	0.0	2.0	0.0	0.0	0.0	0.0	1.0	0.0	0.0	0.0	0.0	1.0	0.0	1.0	0.0	1.0	0.0	0.0	0.0	2.0	0.0	1.0	0.0	0.0	0.0	2.0	0.0	2.0	0.0	0.0	3.0	0.0	-0.0714285714285715	0.1428571428571428	7.742857142857143	118.83714285714288	0.7666666666666666	-0.3333333333333333	8.383333333333333	108.79166666666669	-0.3500000000000001	0.0	7.841666666666666	124.38333333333333	7	6	12	7	6	12	human
9goy	H	GLGYYLYSSYYFDI	IPRLDA	GLPDATY	1.0	0.0	0.0	1.0	0.0	0.0	0.0	1.0	0.0	0.0	1.0	0.0	0.0	0.0	1.0	0.0	1.0	0.0	1.0	0.0	1.0	1.0	0.0	1.0	0.0	0.0	0.0	0.0	0.0	1.0	1.0	0.0	0.0	0.0	1.0	0.0	0.0	0.0	0.0	0.0	0.0	0.0	0.0	1.0	0.0	0.0	0.0	2.0	0.0	1.0	2.0	0.0	0.0	1.0	0.0	2.0	0.0	0.0	5.0	0.0	-0.2714285714285714	-0.1428571428571428	8.257142857142856	105.11285714285714	0.0833333333333333	0.0	8.283333333333333	110.96666666666664	0.1785714285714285	-0.0714285714285714	7.185714285714285	124.42214285714286	7	6	14	7	6	14	human
9l1s	C	NLGPSFYFDY	NPNSGG	GFTFSAY	1.0	0.0	0.0	0.0	0.0	0.0	0.0	1.0	0.0	0.0	0.0	0.0	0.0	2.0	0.0	1.0	1.0	0.0	1.0	0.0	0.0	0.0	2.0	0.0	0.0	0.0	0.0	2.0	0.0	0.0	0.0	0.0	0.0	0.0	1.0	1.0	0.0	0.0	0.0	0.0	0.0	0.0	1.0	1.0	0.0	0.0	0.0	1.0	0.0	0.0	1.0	0.0	0.0	2.0	1.0	1.0	0.0	0.0	2.0	0.0	0.5999999999999999	0.0	7.357142857142857	113.12285714285714	-1.7	0.0	9.733333333333333	93.75333333333332	-0.3000000000000001	-0.1	7.85	122.233	7	6	10	7	6	10	human
8t6m	B	TTGYCSGGSCYSGWFDP	YWDHN	GFSVNTSGV	0.0	0.0	1.0	0.0	0.0	0.0	0.0	2.0	0.0	0.0	0.0	0.0	0.0	1.0	0.0	2.0	1.0	0.0	0.0	2.0	0.0	0.0	1.0	1.0	0.0	0.0	0.0	0.0	1.0	0.0	0.0	0.0	0.0	0.0	0.0	0.0	0.0	1.0	1.0	0.0	0.0	0.0	0.0	1.0	2.0	0.0	0.0	4.0	0.0	0.0	0.0	0.0	0.0	1.0	1.0	3.0	2.0	1.0	2.0	0.0	0.5111111111111111	0.0	8.177777777777777	98.32444444444444	-2.48	0.0	9.32	143.148	-0.3647058823529412	-0.0588235294117647	7.988235294117648	108.34882352941176	9	5	17	9	5	17	human
8s6z	A	SYGAFDY	SGSGGS	GFTFSSY	0.0	0.0	0.0	0.0	0.0	0.0	0.0	1.0	0.0	0.0	0.0	0.0	0.0	2.0	0.0	2.0	1.0	0.0	1.0	0.0	0.0	0.0	0.0	0.0	0.0	0.0	0.0	3.0	0.0	0.0	0.0	0.0	0.0	0.0	0.0	3.0	0.0	0.0	0.0	0.0	1.0	0.0	0.0	1.0	0.0	0.0	0.0	1.0	0.0	0.0	0.0	0.0	0.0	1.0	0.0	1.0	0.0	0.0	2.0	0.0	0.2285714285714285	0.0	7.514285714285714	115.40857142857143	-0.6	0.0	9.1	81.065	-0.3857142857142857	-0.1428571428571428	8.128571428571428	117.4057142857143	7	6	7	7	6	7	human
8v9d	I	VNYDLLTGRANFFDP	YTSGS	GGYISSGSH	0.0	0.0	0.0	0.0	0.0	0.0	0.0	3.0	1.0	1.0	0.0	0.0	0.0	0.0	0.0	3.0	0.0	0.0	1.0	0.0	0.0	0.0	0.0	0.0	0.0	0.0	0.0	1.0	0.0	0.0	0.0	0.0	0.0	0.0	0.0	2.0	1.0	0.0	1.0	0.0	1.0	1.0	2.0	2.0	0.0	0.0	0.0	1.0	0.0	0.0	2.0	0.0	0.0	2.0	1.0	0.0	1.0	0.0	1.0	1.0	-0.4000000000000001	0.1111111111111111	8.488888888888889	99.98555555555556	-0.8	0.0	8.44	102.7	-0.22	-0.0666666666666666	8.38	116.12933333333334	9	5	15	9	5	15	human
8vc7	J	YYYTRGYPDGMDY	YPSSGY	GFNLYSS	0.0	0.0	1.0	0.0	0.0	0.0	0.0	1.0	0.0	0.0	1.0	0.0	0.0	1.0	0.0	2.0	0.0	0.0	1.0	0.0	0.0	0.0	0.0	0.0	0.0	0.0	0.0	1.0	0.0	0.0	0.0	0.0	0.0	0.0	1.0	2.0	0.0	0.0	2.0	0.0	0.0	1.0	0.0	2.0	0.0	0.0	0.0	2.0	0.0	0.0	0.0	0.0	1.0	0.0	1.0	0.0	1.0	0.0	5.0	0.0	-0.0285714285714286	0.0	7.9	112.4057142857143	-1.0333333333333334	0.0	7.966666666666666	112.115	-1.4769230769230768	-0.0769230769230769	8.292307692307691	129.36923076923077	7	6	13	7	6	13	human
8y31	B	EDVAVYMAIDL	NVYGG	GFSLSSY	0.0	0.0	0.0	0.0	0.0	0.0	0.0	1.0	0.0	0.0	1.0	0.0	0.0	1.0	0.0	3.0	0.0	0.0	1.0	0.0	0.0	0.0	1.0	0.0	0.0	0.0	0.0	2.0	0.0	0.0	0.0	0.0	0.0	0.0	0.0	0.0	0.0	0.0	1.0	1.0	2.0	0.0	0.0	2.0	0.0	0.0	1.0	0.0	0.0	1.0	1.0	0.0	1.0	0.0	0.0	0.0	0.0	0.0	1.0	2.0	0.3571428571428571	0.0	7.557142857142857	108.5442857142857	-0.2799999999999999	0.0	8.34	105.304	0.9454545454545454	-0.2727272727272727	8.027272727272727	110.94727272727272	7	5	11	7	5	11	human
9dh2	A	MGEFYFDY	DLSDSE	GYTFTSY	0.0	0.0	0.0	0.0	0.0	0.0	0.0	1.0	0.0	0.0	0.0	0.0	0.0	1.0	0.0	1.0	2.0	0.0	2.0	0.0	0.0	0.0	0.0	2.0	0.0	0.0	1.0	0.0	0.0	0.0	1.0	0.0	0.0	0.0	0.0	2.0	0.0	0.0	0.0	0.0	0.0	0.0	0.0	1.0	0.0	0.0	1.0	1.0	0.0	0.0	0.0	0.0	1.0	2.0	0.0	0.0	0.0	0.0	2.0	0.0	-0.3428571428571429	0.0	7.571428571428571	119.69857142857144	-1.3833333333333335	-0.5	10.266666666666667	107.77	-0.3125	-0.25	7.85	133.8975	7	6	8	7	6	8	human
9e6k	H	GWLDV	TYNGT	GFTFSGY	0.0	0.0	0.0	0.0	0.0	0.0	0.0	2.0	0.0	0.0	0.0	0.0	0.0	2.0	0.0	1.0	1.0	0.0	1.0	0.0	0.0	0.0	1.0	0.0	0.0	0.0	0.0	1.0	0.0	0.0	0.0	0.0	0.0	0.0	0.0	0.0	2.0	0.0	1.0	0.0	0.0	0.0	0.0	1.0	0.0	0.0	0.0	1.0	0.0	0.0	1.0	0.0	0.0	0.0	0.0	0.0	0.0	1.0	0.0	1.0	0.2857142857142856	0.0	7.485714285714286	113.69	-1.3199999999999998	0.0	8.8	110.912	0.64	-0.2	7.640000000000001	117.73	7	5	5	7	5	5	human
8vgn	A	STYYGGDWYFNV	YPGNGD	GYTFTSY	0.0	0.0	0.0	0.0	0.0	0.0	0.0	1.0	0.0	0.0	0.0	0.0	0.0	1.0	0.0	1.0	2.0	0.0	2.0	0.0	0.0	0.0	1.0	1.0	0.0	0.0	0.0	2.0	0.0	0.0	0.0	0.0	0.0	0.0	1.0	0.0	0.0	0.0	1.0	0.0	0.0	0.0	1.0	1.0	0.0	0.0	0.0	2.0	0.0	0.0	0.0	0.0	0.0	1.0	0.0	1.0	1.0	1.0	3.0	1.0	-0.3428571428571429	0.0	7.571428571428571	119.69857142857144	-1.7833333333333332	-0.1666666666666666	9.466666666666669	106.6	-0.5916666666666667	-0.0833333333333333	7.958333333333333	124.13	7	6	12	7	6	12	human
8vgo	A	STYYGGDWYFNV	YPGNGD	GYTFTSY	0.0	0.0	0.0	0.0	0.0	0.0	0.0	1.0	0.0	0.0	0.0	0.0	0.0	1.0	0.0	1.0	2.0	0.0	2.0	0.0	0.0	0.0	1.0	1.0	0.0	0.0	0.0	2.0	0.0	0.0	0.0	0.0	0.0	0.0	1.0	0.0	0.0	0.0	1.0	0.0	0.0	0.0	1.0	1.0	0.0	0.0	0.0	2.0	0.0	0.0	0.0	0.0	0.0	1.0	0.0	1.0	1.0	1.0	3.0	1.0	-0.3428571428571429	0.0	7.571428571428571	119.69857142857144	-1.7833333333333332	-0.1666666666666666	9.466666666666669	106.6	-0.5916666666666667	-0.0833333333333333	7.958333333333333	124.13	7	6	12	7	6	12	human
8ywq	H	RANYGTSYDYGMDY	WWDDD	GFSLSTSGM	0.0	0.0	0.0	0.0	0.0	0.0	0.0	2.0	0.0	0.0	1.0	0.0	1.0	1.0	0.0	3.0	1.0	0.0	0.0	0.0	0.0	0.0	0.0	3.0	0.0	0.0	0.0	0.0	0.0	0.0	0.0	0.0	0.0	0.0	0.0	0.0	0.0	2.0	0.0	0.0	1.0	1.0	1.0	2.0	0.0	0.0	0.0	2.0	0.0	0.0	0.0	0.0	1.0	0.0	0.0	1.0	1.0	0.0	4.0	0.0	0.5111111111111111	0.0	7.777777777777778	100.44333333333331	-2.46	-0.6	9.96	143.542	-1.342857142857143	-0.0714285714285714	8.75	120.98357142857142	9	5	14	9	5	14	human
8vgh	H	DPRGYGAALDRLDL	SSAAT	RFSLIGY	0.0	1.0	0.0	0.0	0.0	0.0	0.0	1.0	0.0	1.0	1.0	0.0	0.0	1.0	0.0	1.0	0.0	0.0	1.0	0.0	2.0	0.0	0.0	0.0	0.0	0.0	0.0	0.0	0.0	0.0	0.0	0.0	0.0	0.0	0.0	2.0	1.0	0.0	0.0	0.0	2.0	2.0	0.0	3.0	0.0	0.0	0.0	2.0	0.0	0.0	3.0	0.0	0.0	0.0	1.0	0.0	0.0	0.0	1.0	0.0	0.5857142857142856	0.1428571428571428	7.171428571428572	122.14285714285714	0.26	0.0	8.639999999999999	83.486	-0.5857142857142857	-0.0714285714285714	8.792857142857143	110.69214285714284	7	5	14	7	5	14	human
8vgi	F	DPRGYGAALDRLDL	SSAAT	RFSLIGY	0.0	1.0	0.0	0.0	0.0	0.0	0.0	1.0	0.0	1.0	1.0	0.0	0.0	1.0	0.0	1.0	0.0	0.0	1.0	0.0	2.0	0.0	0.0	0.0	0.0	0.0	0.0	0.0	0.0	0.0	0.0	0.0	0.0	0.0	0.0	2.0	1.0	0.0	0.0	0.0	2.0	2.0	0.0	3.0	0.0	0.0	0.0	2.0	0.0	0.0	3.0	0.0	0.0	0.0	1.0	0.0	0.0	0.0	1.0	0.0	0.5857142857142856	0.1428571428571428	7.171428571428572	122.14285714285714	0.26	0.0	8.639999999999999	83.486	-0.5857142857142857	-0.0714285714285714	8.792857142857143	110.69214285714284	7	5	14	7	5	14	human
8vgj	F	DPRGYGAALDRLDL	SSAAT	RFSLIGY	0.0	1.0	0.0	0.0	0.0	0.0	0.0	1.0	0.0	1.0	1.0	0.0	0.0	1.0	0.0	1.0	0.0	0.0	1.0	0.0	2.0	0.0	0.0	0.0	0.0	0.0	0.0	0.0	0.0	0.0	0.0	0.0	0.0	0.0	0.0	2.0	1.0	0.0	0.0	0.0	2.0	2.0	0.0	3.0	0.0	0.0	0.0	2.0	0.0	0.0	3.0	0.0	0.0	0.0	1.0	0.0	0.0	0.0	1.0	0.0	0.5857142857142856	0.1428571428571428	7.171428571428572	122.14285714285714	0.26	0.0	8.639999999999999	83.486	-0.5857142857142857	-0.0714285714285714	8.792857142857143	110.69214285714284	7	5	14	7	5	14	human
8vgk	F	DPRGYGAALDRLDL	SSAAT	RFSLIGY	0.0	1.0	0.0	0.0	0.0	0.0	0.0	1.0	0.0	1.0	1.0	0.0	0.0	1.0	0.0	1.0	0.0	0.0	1.0	0.0	2.0	0.0	0.0	0.0	0.0	0.0	0.0	0.0	0.0	0.0	0.0	0.0	0.0	0.0	0.0	2.0	1.0	0.0	0.0	0.0	2.0	2.0	0.0	3.0	0.0	0.0	0.0	2.0	0.0	0.0	3.0	0.0	0.0	0.0	1.0	0.0	0.0	0.0	1.0	0.0	0.5857142857142856	0.1428571428571428	7.171428571428572	122.14285714285714	0.26	0.0	8.639999999999999	83.486	-0.5857142857142857	-0.0714285714285714	8.792857142857143	110.69214285714284	7	5	14	7	5	14	human
8vgp	H	FVFFLPYAMDY	TPAGGY	GFTISDY	0.0	0.0	0.0	1.0	0.0	0.0	0.0	1.0	0.0	1.0	0.0	0.0	0.0	1.0	0.0	1.0	1.0	0.0	1.0	0.0	1.0	0.0	0.0	0.0	0.0	0.0	0.0	2.0	0.0	0.0	0.0	0.0	0.0	0.0	1.0	0.0	1.0	0.0	1.0	0.0	1.0	0.0	0.0	1.0	0.0	0.0	0.0	0.0	0.0	0.0	1.0	0.0	1.0	3.0	1.0	0.0	0.0	0.0	2.0	1.0	0.0857142857142856	-0.1428571428571428	8.057142857142857	114.55	-0.4333333333333333	0.0	8.15	97.09833333333334	1.1272727272727272	-0.0909090909090909	6.6909090909090905	126.78909090909092	7	6	11	7	6	11	human
9gwt	H	ERPLTGVMDY	WAGGG	GFSLTNY	0.0	0.0	1.0	0.0	0.0	0.0	0.0	1.0	0.0	0.0	1.0	0.0	0.0	1.0	0.0	1.0	1.0	0.0	1.0	0.0	1.0	0.0	0.0	0.0	0.0	0.0	0.0	3.0	0.0	0.0	0.0	0.0	0.0	0.0	0.0	0.0	0.0	1.0	0.0	0.0	0.0	1.0	0.0	1.0	0.0	0.0	1.0	1.0	0.0	0.0	1.0	0.0	1.0	0.0	1.0	0.0	1.0	0.0	1.0	1.0	-0.0142857142857143	0.0	7.814285714285715	114.41	-0.06	0.0	8.1	96.49	-0.56	-0.1	8.41	118.035	7	5	10	7	5	10	human
8vqd	C	YGTYELKSYGSWESLPAFDY	YSAGGY	GFTWSGA	1.0	0.0	0.0	0.0	0.0	0.0	0.0	2.0	0.0	0.0	0.0	0.0	0.0	1.0	0.0	1.0	1.0	1.0	0.0	0.0	1.0	0.0	0.0	0.0	0.0	0.0	0.0	2.0	0.0	0.0	0.0	0.0	0.0	0.0	0.0	1.0	0.0	0.0	2.0	0.0	1.0	0.0	0.0	1.0	0.0	0.0	2.0	2.0	0.0	0.0	2.0	1.0	0.0	1.0	1.0	3.0	1.0	1.0	4.0	0.0	0.1999999999999999	0.0	7.785714285714286	106.11	-0.4000000000000001	0.0	7.95	105.77	-0.6900000000000001	-0.1	8.22	119.73	7	6	20	7	6	20	human
8tbb	H	SWETARILPGAFDI	SGSGRS	GFTFSSY	0.0	0.0	0.0	0.0	0.0	0.0	0.0	1.0	0.0	0.0	0.0	0.0	0.0	2.0	0.0	2.0	1.0	0.0	1.0	0.0	0.0	1.0	0.0	0.0	0.0	0.0	0.0	2.0	0.0	0.0	0.0	0.0	0.0	0.0	0.0	3.0	0.0	0.0	0.0	0.0	2.0	1.0	0.0	1.0	0.0	0.0	1.0	1.0	0.0	2.0	1.0	0.0	0.0	1.0	1.0	1.0	1.0	1.0	0.0	0.0	0.2285714285714285	0.0	7.514285714285714	115.40857142857143	-1.2833333333333334	0.1666666666666666	9.35	94.58833333333332	0.2357142857142857	-0.0714285714285714	8.05	112.55714285714284	7	6	14	7	6	14	human
8tft	I	GSYGTYYGNYFEY	SGSGGS	GFTFSSY	0.0	0.0	0.0	0.0	0.0	0.0	0.0	1.0	0.0	0.0	0.0	0.0	0.0	2.0	0.0	2.0	1.0	0.0	1.0	0.0	0.0	0.0	0.0	0.0	0.0	0.0	0.0	3.0	0.0	0.0	0.0	0.0	0.0	0.0	0.0	3.0	0.0	0.0	0.0	0.0	0.0	0.0	1.0	0.0	0.0	0.0	1.0	3.0	0.0	0.0	0.0	0.0	0.0	1.0	0.0	1.0	1.0	0.0	5.0	0.0	0.2285714285714285	0.0	7.514285714285714	115.40857142857143	-0.6	0.0	9.1	81.065	-1.0307692307692309	-0.0769230769230769	8.069230769230769	124.58846153846154	7	6	13	7	6	13	human
8tnj	D	LIFYMWSSAMDY	SPYSGY	GFNVSSY	0.0	0.0	1.0	0.0	0.0	0.0	0.0	1.0	0.0	0.0	0.0	0.0	0.0	1.0	0.0	2.0	0.0	0.0	1.0	1.0	0.0	0.0	0.0	0.0	0.0	0.0	0.0	1.0	0.0	0.0	0.0	0.0	0.0	0.0	1.0	2.0	0.0	0.0	2.0	0.0	1.0	0.0	0.0	1.0	0.0	0.0	0.0	0.0	0.0	1.0	1.0	0.0	2.0	1.0	0.0	2.0	0.0	1.0	2.0	0.0	0.0285714285714285	0.0	8.042857142857143	110.40142857142855	-1.0333333333333334	0.0	7.966666666666666	112.115	0.6749999999999999	-0.0833333333333333	7.0	125.73416666666668	7	6	12	7	6	12	human
8udz	C	PRIAARRGGFGY	SHEGSL	GFTFRSY	0.0	1.0	0.0	0.0	0.0	0.0	0.0	1.0	0.0	0.0	0.0	0.0	0.0	2.0	0.0	1.0	1.0	0.0	1.0	0.0	0.0	0.0	0.0	0.0	0.0	0.0	1.0	1.0	1.0	0.0	1.0	0.0	0.0	0.0	0.0	2.0	0.0	0.0	0.0	0.0	2.0	3.0	0.0	0.0	0.0	0.0	0.0	3.0	0.0	1.0	0.0	0.0	0.0	1.0	1.0	0.0	0.0	0.0	1.0	0.0	-0.3000000000000001	0.1428571428571428	7.7	125.28142857142858	-0.8166666666666668	0.0	9.166666666666666	104.77166666666666	-0.5583333333333333	0.25	8.275	113.04333333333334	7	6	12	7	6	12	human
8trv	C	YYAMDY	SSYYGY	GFTIYYS	0.0	0.0	0.0	0.0	0.0	0.0	0.0	1.0	0.0	1.0	0.0	0.0	0.0	1.0	0.0	1.0	1.0	0.0	2.0	0.0	0.0	0.0	0.0	0.0	0.0	0.0	0.0	1.0	0.0	0.0	0.0	0.0	0.0	0.0	0.0	2.0	0.0	0.0	3.0	0.0	1.0	0.0	0.0	1.0	0.0	0.0	0.0	0.0	0.0	0.0	0.0	0.0	1.0	0.0	0.0	0.0	0.0	0.0	3.0	0.0	0.3999999999999999	0.0	7.085714285714286	121.42	-0.9833333333333334	0.0	7.666666666666667	123.125	-0.6166666666666667	-0.1666666666666666	7.566666666666666	134.485	7	6	6	7	6	6	human
8vui	A	HGYGAMDY	SPYYSY	GFNLRSY	0.0	1.0	1.0	0.0	0.0	0.0	0.0	1.0	0.0	0.0	1.0	0.0	0.0	1.0	0.0	1.0	0.0	0.0	1.0	0.0	0.0	0.0	0.0	0.0	0.0	0.0	0.0	0.0	0.0	0.0	0.0	0.0	0.0	0.0	1.0	2.0	0.0	0.0	3.0	0.0	1.0	0.0	0.0	1.0	0.0	0.0	0.0	2.0	1.0	0.0	0.0	0.0	1.0	0.0	0.0	0.0	0.0	0.0	2.0	0.0	-0.5571428571428572	0.1428571428571428	8.085714285714285	122.27857142857144	-1.1833333333333331	0.0	7.5	126.80333333333334	-0.8	0.0	8.45	116.37125	7	6	8	7	6	8	human
8vvm	A	HGYGAMDY	SPYYSY	GFNLRSY	0.0	1.0	1.0	0.0	0.0	0.0	0.0	1.0	0.0	0.0	1.0	0.0	0.0	1.0	0.0	1.0	0.0	0.0	1.0	0.0	0.0	0.0	0.0	0.0	0.0	0.0	0.0	0.0	0.0	0.0	0.0	0.0	0.0	0.0	1.0	2.0	0.0	0.0	3.0	0.0	1.0	0.0	0.0	1.0	0.0	0.0	0.0	2.0	1.0	0.0	0.0	0.0	1.0	0.0	0.0	0.0	0.0	0.0	2.0	0.0	-0.5571428571428572	0.1428571428571428	8.085714285714285	122.27857142857144	-1.1833333333333331	0.0	7.5	126.80333333333334	-0.8	0.0	8.45	116.37125	7	6	8	7	6	8	human
8vvo	A	HGYGAMDY	SPYYSY	GFNLRSY	0.0	1.0	1.0	0.0	0.0	0.0	0.0	1.0	0.0	0.0	1.0	0.0	0.0	1.0	0.0	1.0	0.0	0.0	1.0	0.0	0.0	0.0	0.0	0.0	0.0	0.0	0.0	0.0	0.0	0.0	0.0	0.0	0.0	0.0	1.0	2.0	0.0	0.0	3.0	0.0	1.0	0.0	0.0	1.0	0.0	0.0	0.0	2.0	1.0	0.0	0.0	0.0	1.0	0.0	0.0	0.0	0.0	0.0	2.0	0.0	-0.5571428571428572	0.1428571428571428	8.085714285714285	122.27857142857144	-1.1833333333333331	0.0	7.5	126.80333333333334	-0.8	0.0	8.45	116.37125	7	6	8	7	6	8	human
8tv1	D	SHYSVWWGWHSVSYYAAFDY	SSYYGS	GFTISSS	0.0	0.0	0.0	0.0	0.0	0.0	0.0	1.0	0.0	1.0	0.0	0.0	0.0	1.0	0.0	3.0	1.0	0.0	0.0	0.0	0.0	0.0	0.0	0.0	0.0	0.0	0.0	1.0	0.0	0.0	0.0	0.0	0.0	0.0	0.0	3.0	0.0	0.0	2.0	0.0	2.0	0.0	0.0	1.0	0.0	0.0	0.0	1.0	2.0	0.0	0.0	0.0	0.0	1.0	0.0	4.0	0.0	3.0	4.0	2.0	0.5428571428571428	0.0	7.942857142857142	99.67714285714284	-0.9	0.0	8.166666666666666	110.44166666666666	-0.33	0.05	7.69	125.58599999999998	7	6	20	7	6	20	human
8rp8	A	SYGAFDY	SGSGGS	GFTFSSY	0.0	0.0	0.0	0.0	0.0	0.0	0.0	1.0	0.0	0.0	0.0	0.0	0.0	2.0	0.0	2.0	1.0	0.0	1.0	0.0	0.0	0.0	0.0	0.0	0.0	0.0	0.0	3.0	0.0	0.0	0.0	0.0	0.0	0.0	0.0	3.0	0.0	0.0	0.0	0.0	1.0	0.0	0.0	1.0	0.0	0.0	0.0	1.0	0.0	0.0	0.0	0.0	0.0	1.0	0.0	1.0	0.0	0.0	2.0	0.0	0.2285714285714285	0.0	7.514285714285714	115.40857142857143	-0.6	0.0	9.1	81.065	-0.3857142857142857	-0.1428571428571428	8.128571428571428	117.4057142857143	7	6	7	7	6	7	human
8rpb	H	SYGAFDY	SGSGGS	GFTFSSY	0.0	0.0	0.0	0.0	0.0	0.0	0.0	1.0	0.0	0.0	0.0	0.0	0.0	2.0	0.0	2.0	1.0	0.0	1.0	0.0	0.0	0.0	0.0	0.0	0.0	0.0	0.0	3.0	0.0	0.0	0.0	0.0	0.0	0.0	0.0	3.0	0.0	0.0	0.0	0.0	1.0	0.0	0.0	1.0	0.0	0.0	0.0	1.0	0.0	0.0	0.0	0.0	0.0	1.0	0.0	1.0	0.0	0.0	2.0	0.0	0.2285714285714285	0.0	7.514285714285714	115.40857142857143	-0.6	0.0	9.1	81.065	-0.3857142857142857	-0.1428571428571428	8.128571428571428	117.4057142857143	7	6	7	7	6	7	human
8ts0	H	KGRDYGTSHYFDY	FPRSDN	GYTFTNY	0.0	0.0	1.0	0.0	0.0	0.0	0.0	1.0	0.0	0.0	0.0	0.0	0.0	1.0	0.0	0.0	2.0	0.0	2.0	0.0	0.0	1.0	1.0	1.0	0.0	0.0	0.0	0.0	0.0	0.0	0.0	0.0	0.0	1.0	1.0	1.0	0.0	0.0	0.0	0.0	0.0	1.0	0.0	2.0	0.0	0.0	0.0	2.0	1.0	0.0	0.0	1.0	0.0	1.0	0.0	1.0	1.0	0.0	3.0	0.0	-0.7285714285714286	0.0	7.914285714285714	123.56000000000002	-1.85	0.0	9.583333333333334	119.46166666666666	-1.6923076923076923	0.0769230769230769	9.06153846153846	125.13076923076925	7	6	13	7	6	13	human
8u31	C	AGGAGGGVYTLTRLDL	YAGSSGN	GFSFSSTY	0.0	0.0	0.0	0.0	0.0	0.0	0.0	1.0	0.0	0.0	0.0	0.0	0.0	2.0	0.0	3.0	1.0	0.0	1.0	0.0	1.0	0.0	1.0	0.0	0.0	0.0	0.0	2.0	0.0	0.0	0.0	0.0	0.0	0.0	0.0	2.0	0.0	0.0	1.0	0.0	2.0	1.0	0.0	1.0	0.0	0.0	0.0	5.0	0.0	0.0	3.0	0.0	0.0	0.0	0.0	0.0	2.0	0.0	1.0	1.0	0.0999999999999999	0.0	7.725	111.8675	-0.7714285714285715	0.0	8.9	96.09	0.40625	0.0	8.04375	99.54375	8	7	16	8	7	16	human
8u32	C	AGGAGGGVYTLTRLDL	YVGSSGN	GFSFSSTY	0.0	0.0	0.0	0.0	0.0	0.0	0.0	1.0	0.0	0.0	0.0	0.0	0.0	2.0	0.0	3.0	1.0	0.0	1.0	0.0	0.0	0.0	1.0	0.0	0.0	0.0	0.0	2.0	0.0	0.0	0.0	0.0	0.0	0.0	0.0	2.0	0.0	0.0	1.0	1.0	2.0	1.0	0.0	1.0	0.0	0.0	0.0	5.0	0.0	0.0	3.0	0.0	0.0	0.0	0.0	0.0	2.0	0.0	1.0	1.0	0.0999999999999999	0.0	7.725	111.8675	-0.4285714285714285	0.0	8.585714285714285	100.09714285714286	0.40625	0.0	8.04375	99.54375	8	7	16	8	7	16	human
8urf	H	SRYRNGLDY	FPATGS	GYTFLTY	0.0	0.0	0.0	0.0	0.0	0.0	0.0	1.0	0.0	0.0	1.0	0.0	0.0	1.0	0.0	0.0	2.0	0.0	2.0	0.0	1.0	0.0	0.0	0.0	0.0	0.0	0.0	1.0	0.0	0.0	0.0	0.0	0.0	1.0	1.0	1.0	1.0	0.0	0.0	0.0	0.0	2.0	1.0	1.0	0.0	0.0	0.0	1.0	0.0	0.0	1.0	0.0	0.0	0.0	0.0	1.0	0.0	0.0	2.0	0.0	0.3142857142857142	0.0	6.957142857142857	123.42428571428572	0.1833333333333332	0.0	8.016666666666667	96.43666666666668	-1.7777777777777777	0.1111111111111111	9.011111111111113	127.02555555555556	7	6	9	7	6	9	human
8r9x	H	VGFCYSSTCPFDY	TDSGGG	GFTFSSY	0.0	0.0	0.0	0.0	0.0	0.0	0.0	1.0	0.0	0.0	0.0	0.0	0.0	2.0	0.0	2.0	1.0	0.0	1.0	0.0	0.0	0.0	0.0	1.0	0.0	0.0	0.0	3.0	0.0	0.0	0.0	0.0	0.0	0.0	0.0	1.0	1.0	0.0	0.0	0.0	0.0	0.0	0.0	1.0	2.0	0.0	0.0	1.0	0.0	0.0	0.0	0.0	0.0	2.0	1.0	2.0	1.0	0.0	2.0	1.0	0.2285714285714285	0.0	7.514285714285714	115.40857142857143	-1.0333333333333334	-0.1666666666666666	9.633333333333333	88.07166666666666	0.3384615384615384	-0.0769230769230769	7.438461538461539	114.51384615384616	7	6	13	7	6	13	human
8tzw	H	TGKYYDFWSGYPPGEEYFQD	KSKTDGGT	GFTFSNA	1.0	0.0	1.0	0.0	0.0	0.0	0.0	1.0	0.0	0.0	0.0	0.0	0.0	2.0	0.0	1.0	1.0	0.0	0.0	0.0	0.0	0.0	0.0	1.0	0.0	0.0	0.0	2.0	0.0	0.0	0.0	2.0	0.0	0.0	0.0	1.0	2.0	0.0	0.0	0.0	0.0	0.0	0.0	2.0	0.0	1.0	2.0	3.0	0.0	0.0	0.0	1.0	0.0	2.0	2.0	1.0	1.0	1.0	4.0	0.0	0.2857142857142856	0.0	8.128571428571428	106.11285714285714	-1.7875	0.125	10.0	101.35625	-1.39	-0.15	8.690000000000001	124.2805	7	8	20	7	8	20	human
8u03	H	VQTYYDFWSGYYQQHYYFDY	KSKTDGGT	GFTFSNA	1.0	0.0	1.0	0.0	0.0	0.0	0.0	1.0	0.0	0.0	0.0	0.0	0.0	2.0	0.0	1.0	1.0	0.0	0.0	0.0	0.0	0.0	0.0	1.0	0.0	0.0	0.0	2.0	0.0	0.0	0.0	2.0	0.0	0.0	0.0	1.0	2.0	0.0	0.0	0.0	0.0	0.0	0.0	2.0	0.0	3.0	0.0	1.0	1.0	0.0	0.0	0.0	0.0	2.0	0.0	1.0	1.0	1.0	7.0	1.0	0.2857142857142856	0.0	8.128571428571428	106.11285714285714	-1.7875	0.125	10.0	101.35625	-1.14	-0.05	7.99	136.846	7	8	20	7	8	20	human
8u08	H	TGKYYDFWSGYPPGEEYFQD	KSKTEGGT	GFTFSNA	1.0	0.0	1.0	0.0	0.0	0.0	0.0	1.0	0.0	0.0	0.0	0.0	0.0	2.0	0.0	1.0	1.0	0.0	0.0	0.0	0.0	0.0	0.0	0.0	0.0	0.0	1.0	2.0	0.0	0.0	0.0	2.0	0.0	0.0	0.0	1.0	2.0	0.0	0.0	0.0	0.0	0.0	0.0	2.0	0.0	1.0	2.0	3.0	0.0	0.0	0.0	1.0	0.0	2.0	2.0	1.0	1.0	1.0	4.0	0.0	0.2857142857142856	0.0	8.128571428571428	106.11285714285714	-1.7875	0.125	9.9125	103.11	-1.39	-0.15	8.690000000000001	124.2805	7	8	20	7	8	20	human
8yx1	H	PVVRYFGWFDP	YKSGS	GGSISSPGY	0.0	0.0	0.0	0.0	0.0	0.0	0.0	3.0	0.0	1.0	0.0	0.0	0.0	0.0	1.0	3.0	0.0	0.0	1.0	0.0	0.0	0.0	0.0	0.0	0.0	0.0	0.0	1.0	0.0	0.0	0.0	1.0	0.0	0.0	0.0	2.0	0.0	0.0	1.0	0.0	0.0	1.0	0.0	1.0	0.0	0.0	0.0	1.0	0.0	0.0	0.0	0.0	0.0	2.0	2.0	0.0	0.0	1.0	1.0	2.0	-0.2222222222222222	0.0	8.222222222222221	95.53888888888888	-1.44	0.2	8.98	108.114	0.0181818181818181	0.0	7.481818181818181	125.69	9	5	11	9	5	11	human
8yx9	H	EGIYW	IPNAGG	GYSFTGY	0.0	0.0	0.0	0.0	0.0	0.0	0.0	2.0	0.0	0.0	0.0	0.0	0.0	1.0	0.0	1.0	1.0	0.0	2.0	0.0	1.0	0.0	1.0	0.0	0.0	0.0	0.0	2.0	0.0	1.0	0.0	0.0	0.0	0.0	1.0	0.0	0.0	0.0	0.0	0.0	0.0	0.0	0.0	0.0	0.0	0.0	1.0	1.0	0.0	1.0	0.0	0.0	0.0	0.0	0.0	0.0	0.0	1.0	1.0	0.0	-0.3000000000000001	0.0	7.628571428571428	115.97571428571428	0.0666666666666666	0.0	8.483333333333333	90.92833333333331	-0.32	-0.2	7.62	133.346	7	6	5	7	6	5	human
8ruu	B	PPQYYEGSIYRLWFAH	TYEGRN	GFTFSDY	0.0	0.0	0.0	1.0	0.0	0.0	0.0	1.0	0.0	0.0	0.0	0.0	0.0	2.0	0.0	1.0	1.0	0.0	1.0	0.0	0.0	1.0	1.0	0.0	0.0	0.0	1.0	1.0	0.0	0.0	0.0	0.0	0.0	0.0	0.0	0.0	1.0	0.0	1.0	0.0	1.0	1.0	0.0	0.0	0.0	1.0	1.0	1.0	1.0	1.0	1.0	0.0	0.0	1.0	2.0	1.0	0.0	1.0	3.0	0.0	-0.1571428571428572	-0.1428571428571428	8.057142857142857	119.41	-2.316666666666667	0.0	9.7	123.12666666666668	-0.6875	0.0625	7.83125	126.705625	7	6	16	7	6	16	human
8uky	H	PSLYGSFDY	NPGSGG	GYAFTNY	1.0	0.0	1.0	0.0	0.0	0.0	0.0	1.0	0.0	0.0	0.0	0.0	0.0	1.0	0.0	0.0	1.0	0.0	2.0	0.0	0.0	0.0	1.0	0.0	0.0	0.0	0.0	3.0	0.0	0.0	0.0	0.0	0.0	0.0	1.0	1.0	0.0	0.0	0.0	0.0	0.0	0.0	0.0	1.0	0.0	0.0	0.0	1.0	0.0	0.0	1.0	0.0	0.0	1.0	1.0	2.0	0.0	0.0	2.0	0.0	-0.3714285714285714	0.0	7.8428571428571425	119.27	-1.1833333333333331	0.0	9.3	87.24333333333334	-0.3444444444444445	-0.1111111111111111	7.877777777777778	116.4577777777778	7	6	9	7	6	9	human
8v52	D	APGGSFDY	VSKTYNYA	GFDFNSY	0.0	0.0	1.0	1.0	0.0	0.0	0.0	1.0	0.0	0.0	0.0	0.0	0.0	2.0	0.0	1.0	0.0	0.0	1.0	0.0	1.0	0.0	1.0	0.0	0.0	0.0	0.0	0.0	0.0	0.0	0.0	1.0	0.0	0.0	0.0	1.0	1.0	0.0	2.0	1.0	1.0	0.0	0.0	1.0	0.0	0.0	0.0	2.0	0.0	0.0	0.0	0.0	0.0	1.0	1.0	1.0	0.0	0.0	1.0	0.0	-0.5571428571428572	-0.1428571428571428	8.485714285714286	121.26714285714286	-0.6875	0.125	8.3875	115.88125	-0.425	-0.125	8.4625	103.85375	7	8	8	7	8	8	human
8iow	H	GRDSFDI	SWNSGR	RFTFDDY	0.0	1.0	0.0	2.0	0.0	0.0	0.0	0.0	0.0	0.0	0.0	0.0	0.0	2.0	0.0	0.0	1.0	0.0	1.0	0.0	0.0	1.0	1.0	0.0	0.0	0.0	0.0	1.0	0.0	0.0	0.0	0.0	0.0	0.0	0.0	2.0	0.0	1.0	0.0	0.0	0.0	1.0	0.0	2.0	0.0	0.0	0.0	1.0	0.0	1.0	0.0	0.0	0.0	1.0	0.0	1.0	0.0	0.0	0.0	0.0	-1.1285714285714286	-0.1428571428571428	8.814285714285715	135.00285714285715	-1.8166666666666669	0.1666666666666666	9.15	117.62166666666668	-0.7714285714285715	-0.1428571428571428	9.3	115.54857142857144	7	6	7	7	6	7	human
8tbq	H	EAGGVLGRVDFQH	SSDADT	GFTFDDY	0.0	0.0	0.0	2.0	0.0	0.0	0.0	1.0	0.0	0.0	0.0	0.0	0.0	2.0	0.0	0.0	1.0	0.0	1.0	0.0	1.0	0.0	0.0	2.0	0.0	0.0	0.0	0.0	0.0	0.0	0.0	0.0	0.0	0.0	0.0	2.0	1.0	0.0	0.0	0.0	1.0	1.0	0.0	1.0	0.0	1.0	1.0	3.0	1.0	0.0	1.0	0.0	0.0	1.0	0.0	0.0	0.0	0.0	0.0	2.0	-0.5428571428571429	-0.2857142857142857	8.6	123.41142857142856	-1.25	-0.3333333333333333	10.183333333333332	96.08833333333332	-0.2	0.0	8.746153846153847	109.26923076923076	7	6	13	7	6	13	human
8r1d	F	HYCSGGSCPFDY	SGSGDS	GVTFSSY	0.0	0.0	0.0	0.0	0.0	0.0	0.0	1.0	0.0	0.0	0.0	0.0	0.0	1.0	0.0	2.0	1.0	0.0	1.0	1.0	0.0	0.0	0.0	1.0	0.0	0.0	0.0	2.0	0.0	0.0	0.0	0.0	0.0	0.0	0.0	3.0	0.0	0.0	0.0	0.0	0.0	0.0	0.0	1.0	2.0	0.0	0.0	2.0	1.0	0.0	0.0	0.0	0.0	1.0	1.0	2.0	0.0	0.0	2.0	0.0	0.4285714285714285	0.0	7.614285714285714	108.5442857142857	-1.1166666666666667	-0.1666666666666666	9.766666666666666	87.73833333333333	-0.4583333333333334	0.0	8.033333333333333	112.7875	7	6	12	7	6	12	human
8u4r	H	HGITGARNYYYHYGMDV	STYNGN	GYTFTSY	0.0	0.0	0.0	0.0	0.0	0.0	0.0	1.0	0.0	0.0	0.0	0.0	0.0	1.0	0.0	1.0	2.0	0.0	2.0	0.0	0.0	0.0	2.0	0.0	0.0	0.0	0.0	1.0	0.0	0.0	0.0	0.0	0.0	0.0	0.0	1.0	1.0	0.0	1.0	0.0	1.0	1.0	1.0	1.0	0.0	0.0	0.0	3.0	2.0	1.0	0.0	0.0	1.0	0.0	0.0	0.0	1.0	0.0	4.0	1.0	-0.3428571428571429	0.0	7.571428571428571	119.69857142857144	-1.7	0.0	9.366666666666664	109.10666666666668	-0.7411764705882353	0.1176470588235294	8.305882352941175	120.77764705882352	7	6	17	7	6	17	human
8jel	C	QTNYDFTMDY	TKGGGS	GFTFSDY	0.0	0.0	0.0	1.0	0.0	0.0	0.0	1.0	0.0	0.0	0.0	0.0	0.0	2.0	0.0	1.0	1.0	0.0	1.0	0.0	0.0	0.0	0.0	0.0	0.0	0.0	0.0	3.0	0.0	0.0	0.0	1.0	0.0	0.0	0.0	1.0	1.0	0.0	0.0	0.0	0.0	0.0	1.0	2.0	0.0	1.0	0.0	0.0	0.0	0.0	0.0	0.0	1.0	1.0	0.0	0.0	2.0	0.0	2.0	0.0	-0.1571428571428572	-0.1428571428571428	8.057142857142857	119.41	-1.1	0.1666666666666666	9.35	90.25333333333332	-1.33	-0.2	8.86	127.93800000000002	7	6	10	7	6	10	human
8jen	A	QTNYDFTMDY	TKGGGS	GFTFSDY	0.0	0.0	0.0	1.0	0.0	0.0	0.0	1.0	0.0	0.0	0.0	0.0	0.0	2.0	0.0	1.0	1.0	0.0	1.0	0.0	0.0	0.0	0.0	0.0	0.0	0.0	0.0	3.0	0.0	0.0	0.0	1.0	0.0	0.0	0.0	1.0	1.0	0.0	0.0	0.0	0.0	0.0	1.0	2.0	0.0	1.0	0.0	0.0	0.0	0.0	0.0	0.0	1.0	1.0	0.0	0.0	2.0	0.0	2.0	0.0	-0.1571428571428572	-0.1428571428571428	8.057142857142857	119.41	-1.1	0.1666666666666666	9.35	90.25333333333332	-1.33	-0.2	8.86	127.93800000000002	7	6	10	7	6	10	human
8jeo	B	ESTTYDLLAGPFDY	YYRFKWY	GDSVSSNSA	1.0	0.0	1.0	1.0	0.0	0.0	0.0	1.0	0.0	0.0	0.0	0.0	0.0	0.0	0.0	4.0	0.0	0.0	0.0	1.0	0.0	1.0	0.0	0.0	0.0	0.0	0.0	0.0	0.0	0.0	0.0	1.0	0.0	1.0	0.0	0.0	0.0	1.0	3.0	0.0	1.0	0.0	0.0	2.0	0.0	0.0	1.0	1.0	0.0	0.0	2.0	0.0	0.0	1.0	1.0	1.0	2.0	0.0	2.0	0.0	-0.5111111111111111	-0.1111111111111111	9.377777777777776	91.42	-1.4857142857142858	0.2857142857142857	7.285714285714286	158.18714285714285	-0.3642857142857143	-0.2142857142857142	8.371428571428572	113.69357142857145	9	7	14	9	7	14	human
8pwh	B	WGGDGFYAMDY	YPTNGY	GFNIKDT	0.0	0.0	1.0	1.0	0.0	0.0	0.0	1.0	0.0	1.0	0.0	1.0	0.0	1.0	0.0	0.0	1.0	0.0	0.0	0.0	0.0	0.0	1.0	0.0	0.0	0.0	0.0	1.0	0.0	0.0	0.0	0.0	0.0	0.0	1.0	0.0	1.0	0.0	2.0	0.0	1.0	0.0	0.0	2.0	0.0	0.0	0.0	3.0	0.0	0.0	0.0	0.0	1.0	1.0	0.0	0.0	0.0	1.0	2.0	0.0	-0.6714285714285715	0.0	9.128571428571428	113.41142857142856	-1.4666666666666668	0.0	8.266666666666667	118.95833333333331	-0.4727272727272727	-0.1818181818181818	8.163636363636364	119.76090909090908	7	6	11	7	6	11	human
8jnk	I	GDSWYAMDY	YSSSGY	GFNFSYS	0.0	0.0	1.0	0.0	0.0	0.0	0.0	1.0	0.0	0.0	0.0	0.0	0.0	2.0	0.0	2.0	0.0	0.0	1.0	0.0	0.0	0.0	0.0	0.0	0.0	0.0	0.0	1.0	0.0	0.0	0.0	0.0	0.0	0.0	0.0	3.0	0.0	0.0	2.0	0.0	1.0	0.0	0.0	2.0	0.0	0.0	0.0	1.0	0.0	0.0	0.0	0.0	1.0	0.0	0.0	1.0	0.0	1.0	2.0	0.0	-0.1714285714285715	0.0	7.942857142857143	117.26571428571428	-0.9	0.0	8.166666666666666	110.44166666666666	-0.8888888888888888	-0.2222222222222222	8.422222222222222	123.0188888888889	7	6	9	7	6	9	human
8b7h	H	DARGSGSYYPNHFDY	DPEDGE	GYTFTDY	0.0	0.0	0.0	1.0	0.0	0.0	0.0	1.0	0.0	0.0	0.0	0.0	0.0	1.0	0.0	0.0	2.0	0.0	2.0	0.0	0.0	0.0	0.0	2.0	0.0	0.0	2.0	1.0	0.0	0.0	0.0	0.0	0.0	0.0	1.0	0.0	0.0	0.0	0.0	0.0	1.0	1.0	1.0	2.0	0.0	0.0	0.0	2.0	1.0	0.0	0.0	0.0	0.0	1.0	1.0	2.0	0.0	0.0	3.0	0.0	-0.7285714285714286	-0.1428571428571428	8.114285714285714	123.7	-2.6666666666666665	-0.6666666666666666	11.266666666666666	110.09833333333334	-1.4333333333333331	0.0	8.986666666666668	117.78666666666666	7	6	15	7	6	15	human
8r8d	E	ALPRSGYLISPHYYYYALDV	DIPTKG	GFTFSKY	0.0	0.0	0.0	0.0	0.0	0.0	0.0	1.0	0.0	0.0	0.0	1.0	0.0	2.0	0.0	1.0	1.0	0.0	1.0	0.0	0.0	0.0	0.0	1.0	0.0	0.0	0.0	1.0	0.0	1.0	0.0	1.0	0.0	0.0	1.0	0.0	1.0	0.0	0.0	0.0	2.0	1.0	0.0	1.0	0.0	0.0	0.0	1.0	1.0	1.0	3.0	0.0	0.0	0.0	2.0	2.0	0.0	0.0	5.0	1.0	-0.2142857142857143	0.1428571428571428	7.814285714285715	121.28	-0.9333333333333332	0.0	9.183333333333334	104.95166666666668	0.0399999999999999	0.05	7.515000000000001	118.085	7	6	20	7	6	20	human
8tui	H	IPSGSYYYDYDMDV	IPIFGA	GGTFSFY	0.0	0.0	0.0	0.0	0.0	0.0	0.0	2.0	0.0	0.0	0.0	0.0	0.0	2.0	0.0	1.0	1.0	0.0	1.0	0.0	1.0	0.0	0.0	0.0	0.0	0.0	0.0	1.0	0.0	2.0	0.0	0.0	0.0	1.0	1.0	0.0	0.0	0.0	0.0	0.0	0.0	0.0	0.0	3.0	0.0	0.0	0.0	1.0	0.0	1.0	0.0	0.0	1.0	0.0	1.0	2.0	0.0	0.0	4.0	1.0	0.2857142857142856	0.0	7.485714285714286	113.69	1.9333333333333331	0.0	6.783333333333334	102.79166666666669	-0.6214285714285716	-0.2142857142857142	8.285714285714286	120.55785714285716	7	6	14	7	6	14	human
8trs	A	YYAMDY	SSYYGY	GFTIYYS	0.0	0.0	0.0	0.0	0.0	0.0	0.0	1.0	0.0	1.0	0.0	0.0	0.0	1.0	0.0	1.0	1.0	0.0	2.0	0.0	0.0	0.0	0.0	0.0	0.0	0.0	0.0	1.0	0.0	0.0	0.0	0.0	0.0	0.0	0.0	2.0	0.0	0.0	3.0	0.0	1.0	0.0	0.0	1.0	0.0	0.0	0.0	0.0	0.0	0.0	0.0	0.0	1.0	0.0	0.0	0.0	0.0	0.0	3.0	0.0	0.3999999999999999	0.0	7.085714285714286	121.42	-0.9833333333333334	0.0	7.666666666666667	123.125	-0.6166666666666667	-0.1666666666666666	7.566666666666666	134.485	7	6	6	7	6	6	human
8trt	A	YYAMDY	SSYYGY	GFTIYYS	0.0	0.0	0.0	0.0	0.0	0.0	0.0	1.0	0.0	1.0	0.0	0.0	0.0	1.0	0.0	1.0	1.0	0.0	2.0	0.0	0.0	0.0	0.0	0.0	0.0	0.0	0.0	1.0	0.0	0.0	0.0	0.0	0.0	0.0	0.0	2.0	0.0	0.0	3.0	0.0	1.0	0.0	0.0	1.0	0.0	0.0	0.0	0.0	0.0	0.0	0.0	0.0	1.0	0.0	0.0	0.0	0.0	0.0	3.0	0.0	0.3999999999999999	0.0	7.085714285714286	121.42	-0.9833333333333334	0.0	7.666666666666667	123.125	-0.6166666666666667	-0.1666666666666666	7.566666666666666	134.485	7	6	6	7	6	6	human
8oxv	B	DHYLGSDSYGMDV	SWNSRS	GFTFDDY	0.0	0.0	0.0	2.0	0.0	0.0	0.0	1.0	0.0	0.0	0.0	0.0	0.0	2.0	0.0	0.0	1.0	0.0	1.0	0.0	0.0	1.0	1.0	0.0	0.0	0.0	0.0	0.0	0.0	0.0	0.0	0.0	0.0	0.0	0.0	3.0	0.0	1.0	0.0	0.0	0.0	0.0	0.0	3.0	0.0	0.0	0.0	2.0	1.0	0.0	1.0	0.0	1.0	0.0	0.0	2.0	0.0	0.0	2.0	1.0	-0.5428571428571429	-0.2857142857142857	8.6	123.41142857142856	-1.8833333333333335	0.1666666666666666	9.183333333333332	119.62666666666668	-0.676923076923077	-0.1538461538461538	8.823076923076924	113.57846153846154	7	6	13	7	6	13	human
8oxw	B	DHYLGSDSYGMDV	SWNSRS	GFTFDDY	0.0	0.0	0.0	2.0	0.0	0.0	0.0	1.0	0.0	0.0	0.0	0.0	0.0	2.0	0.0	0.0	1.0	0.0	1.0	0.0	0.0	1.0	1.0	0.0	0.0	0.0	0.0	0.0	0.0	0.0	0.0	0.0	0.0	0.0	0.0	3.0	0.0	1.0	0.0	0.0	0.0	0.0	0.0	3.0	0.0	0.0	0.0	2.0	1.0	0.0	1.0	0.0	1.0	0.0	0.0	2.0	0.0	0.0	2.0	1.0	-0.5428571428571429	-0.2857142857142857	8.6	123.41142857142856	-1.8833333333333335	0.1666666666666666	9.183333333333332	119.62666666666668	-0.676923076923077	-0.1538461538461538	8.823076923076924	113.57846153846154	7	6	13	7	6	13	human
8oxx	B	DHYLGSDSYGMDV	SWNSRS	GFTFDDY	0.0	0.0	0.0	2.0	0.0	0.0	0.0	1.0	0.0	0.0	0.0	0.0	0.0	2.0	0.0	0.0	1.0	0.0	1.0	0.0	0.0	1.0	1.0	0.0	0.0	0.0	0.0	0.0	0.0	0.0	0.0	0.0	0.0	0.0	0.0	3.0	0.0	1.0	0.0	0.0	0.0	0.0	0.0	3.0	0.0	0.0	0.0	2.0	1.0	0.0	1.0	0.0	1.0	0.0	0.0	2.0	0.0	0.0	2.0	1.0	-0.5428571428571429	-0.2857142857142857	8.6	123.41142857142856	-1.8833333333333335	0.1666666666666666	9.183333333333332	119.62666666666668	-0.676923076923077	-0.1538461538461538	8.823076923076924	113.57846153846154	7	6	13	7	6	13	human
8oxy	B	DHYLGSDSYGMDV	SWNSRS	GFTFDDY	0.0	0.0	0.0	2.0	0.0	0.0	0.0	1.0	0.0	0.0	0.0	0.0	0.0	2.0	0.0	0.0	1.0	0.0	1.0	0.0	0.0	1.0	1.0	0.0	0.0	0.0	0.0	0.0	0.0	0.0	0.0	0.0	0.0	0.0	0.0	3.0	0.0	1.0	0.0	0.0	0.0	0.0	0.0	3.0	0.0	0.0	0.0	2.0	1.0	0.0	1.0	0.0	1.0	0.0	0.0	2.0	0.0	0.0	2.0	1.0	-0.5428571428571429	-0.2857142857142857	8.6	123.41142857142856	-1.8833333333333335	0.1666666666666666	9.183333333333332	119.62666666666668	-0.676923076923077	-0.1538461538461538	8.823076923076924	113.57846153846154	7	6	13	7	6	13	human
8tp2	H	DAPYSDFLSGVETGWFDP	HYSGS	GGSLSTH	0.0	0.0	0.0	0.0	0.0	0.0	0.0	2.0	1.0	0.0	1.0	0.0	0.0	0.0	0.0	2.0	1.0	0.0	0.0	0.0	0.0	0.0	0.0	0.0	0.0	0.0	0.0	1.0	1.0	0.0	0.0	0.0	0.0	0.0	0.0	2.0	0.0	0.0	1.0	0.0	1.0	0.0	0.0	3.0	0.0	0.0	1.0	2.0	0.0	0.0	1.0	0.0	0.0	2.0	2.0	2.0	1.0	1.0	1.0	1.0	-0.3571428571428572	0.1428571428571428	8.614285714285714	96.52428571428572	-1.3	0.2	8.8	109.906	-0.3944444444444445	-0.2222222222222222	8.511111111111111	112.285	7	5	18	7	5	18	human
8gy5	A	WGNIYFDY	SGGGRD	GFTFSNF	0.0	0.0	1.0	0.0	0.0	0.0	0.0	1.0	0.0	0.0	0.0	0.0	0.0	3.0	0.0	1.0	1.0	0.0	0.0	0.0	0.0	1.0	0.0	1.0	0.0	0.0	0.0	3.0	0.0	0.0	0.0	0.0	0.0	0.0	0.0	1.0	0.0	0.0	0.0	0.0	0.0	0.0	1.0	1.0	0.0	0.0	0.0	1.0	0.0	1.0	0.0	0.0	0.0	1.0	0.0	0.0	0.0	1.0	2.0	0.0	0.4285714285714285	0.0	7.714285714285714	116.98428571428572	-1.6666666666666667	0.0	9.95	97.25166666666668	-0.45	-0.125	7.725	134.64625	7	6	8	7	6	8	human
8gye	B	VTGTWYFDV	WPGGS	GSSLTSY	0.0	0.0	0.0	0.0	0.0	0.0	0.0	1.0	0.0	0.0	1.0	0.0	0.0	0.0	0.0	3.0	1.0	0.0	1.0	0.0	0.0	0.0	0.0	0.0	0.0	0.0	0.0	2.0	0.0	0.0	0.0	0.0	0.0	0.0	1.0	1.0	0.0	1.0	0.0	0.0	0.0	0.0	0.0	1.0	0.0	0.0	0.0	1.0	0.0	0.0	0.0	0.0	0.0	1.0	0.0	0.0	2.0	1.0	1.0	2.0	-0.1428571428571429	0.0	8.042857142857143	101.96285714285716	-0.8200000000000001	0.0	8.120000000000001	104.104	0.4111111111111111	-0.1111111111111111	7.533333333333333	120.8	7	5	9	7	5	9	human
8pg0	H	YYIKRWWLMSWEDYSMGLDY	SSSSGS	GFNFSSS	0.0	0.0	1.0	0.0	0.0	0.0	0.0	1.0	0.0	0.0	0.0	0.0	0.0	2.0	0.0	3.0	0.0	0.0	0.0	0.0	0.0	0.0	0.0	0.0	0.0	0.0	0.0	1.0	0.0	0.0	0.0	0.0	0.0	0.0	0.0	5.0	0.0	0.0	0.0	0.0	0.0	1.0	0.0	2.0	0.0	0.0	1.0	1.0	0.0	1.0	2.0	1.0	2.0	0.0	0.0	2.0	0.0	3.0	4.0	0.0	-0.1	0.0	8.37142857142857	106.39428571428572	-0.7333333333333334	0.0	9.166666666666666	85.075	-0.645	-0.05	7.745	135.307	7	6	20	7	6	20	human
8szy	A	GVRFALDY	FPYNGG	GYSFTGY	0.0	0.0	0.0	0.0	0.0	0.0	0.0	2.0	0.0	0.0	0.0	0.0	0.0	1.0	0.0	1.0	1.0	0.0	2.0	0.0	0.0	0.0	1.0	0.0	0.0	0.0	0.0	2.0	0.0	0.0	0.0	0.0	0.0	1.0	1.0	0.0	0.0	0.0	1.0	0.0	1.0	1.0	0.0	1.0	0.0	0.0	0.0	1.0	0.0	0.0	1.0	0.0	0.0	1.0	0.0	0.0	0.0	0.0	1.0	1.0	-0.3000000000000001	0.0	7.628571428571428	115.97571428571428	-0.7333333333333334	0.0	8.166666666666666	111.94833333333334	0.3625	0.0	7.85	117.5075	7	6	8	7	6	8	human
8fgx	B	SLMVTTGAPFDY	YPGDDD	GYAFSSY	1.0	0.0	0.0	0.0	0.0	0.0	0.0	1.0	0.0	0.0	0.0	0.0	0.0	1.0	0.0	2.0	0.0	0.0	2.0	0.0	0.0	0.0	0.0	3.0	0.0	0.0	0.0	1.0	0.0	0.0	0.0	0.0	0.0	0.0	1.0	0.0	0.0	0.0	1.0	0.0	1.0	0.0	0.0	1.0	0.0	0.0	0.0	1.0	0.0	0.0	1.0	0.0	1.0	1.0	1.0	1.0	2.0	0.0	1.0	1.0	-4.7580986769649563e-17	0.0	7.585714285714286	113.40428571428572	-2.3000000000000003	-0.5	10.366666666666667	113.43666666666668	0.4583333333333333	-0.0833333333333333	7.7	108.4575	7	6	12	7	6	12	human
7yk4	H	APRWYFSV	YPDNGD	GYTFTDS	0.0	0.0	0.0	1.0	0.0	0.0	0.0	1.0	0.0	0.0	0.0	0.0	0.0	1.0	0.0	1.0	2.0	0.0	1.0	0.0	0.0	0.0	1.0	2.0	0.0	0.0	0.0	1.0	0.0	0.0	0.0	0.0	0.0	0.0	1.0	0.0	0.0	0.0	1.0	0.0	1.0	1.0	0.0	0.0	0.0	0.0	0.0	0.0	0.0	0.0	0.0	0.0	0.0	1.0	1.0	1.0	0.0	1.0	1.0	1.0	-0.6571428571428573	-0.1428571428571428	8.542857142857143	112.82857142857142	-2.3000000000000003	-0.3333333333333333	10.133333333333333	113.27333333333333	-0.0375	0.125	7.3125	125.8975	7	6	8	7	6	8	human
7yv1	H	QRYWSKSYFRP	YHSGS	GYSISSGY	0.0	0.0	0.0	0.0	0.0	0.0	0.0	2.0	0.0	1.0	0.0	0.0	0.0	0.0	0.0	3.0	0.0	0.0	2.0	0.0	0.0	0.0	0.0	0.0	0.0	0.0	0.0	1.0	1.0	0.0	0.0	0.0	0.0	0.0	0.0	2.0	0.0	0.0	1.0	0.0	0.0	2.0	0.0	0.0	0.0	1.0	0.0	0.0	0.0	0.0	0.0	1.0	0.0	1.0	1.0	2.0	0.0	1.0	2.0	0.0	-0.1625	0.0	7.9	106.3575	-1.3	0.2	8.8	109.906	-1.8454545454545457	0.2727272727272727	8.381818181818183	136.3390909090909	8	5	11	8	5	11	human
7yds	B	DRPDGAATNL	SYVSR	GIDLSSY	0.0	0.0	0.0	1.0	0.0	0.0	0.0	1.0	0.0	1.0	1.0	0.0	0.0	0.0	0.0	2.0	0.0	0.0	1.0	0.0	0.0	1.0	0.0	0.0	0.0	0.0	0.0	0.0	0.0	0.0	0.0	0.0	0.0	0.0	0.0	2.0	0.0	0.0	1.0	1.0	2.0	1.0	1.0	2.0	0.0	0.0	0.0	1.0	0.0	0.0	1.0	0.0	0.0	0.0	1.0	0.0	1.0	0.0	0.0	0.0	0.2142857142857142	-0.1428571428571428	8.1	107.68571428571428	-0.64	0.2	8.2	118.532	-1.03	-0.1	9.48	102.908	7	5	10	7	5	10	human
8ol9	B	AFGSGSYYNGFDY	SWNSDN	GFIFDDY	0.0	0.0	0.0	2.0	0.0	0.0	0.0	1.0	0.0	1.0	0.0	0.0	0.0	2.0	0.0	0.0	0.0	0.0	1.0	0.0	0.0	0.0	2.0	1.0	0.0	0.0	0.0	0.0	0.0	0.0	0.0	0.0	0.0	0.0	0.0	2.0	0.0	1.0	0.0	0.0	1.0	0.0	1.0	1.0	0.0	0.0	0.0	3.0	0.0	0.0	0.0	0.0	0.0	2.0	0.0	2.0	0.0	0.0	3.0	0.0	0.1999999999999999	-0.2857142857142857	8.114285714285714	125.13285714285716	-2.1666666666666665	-0.1666666666666666	10.0	117.28166666666668	-0.4846153846153846	-0.0769230769230769	8.238461538461538	114.1146153846154	7	6	13	7	6	13	human
8byu	H	EPGERDPDAVDI	IRFLGI	GGTFSSY	0.0	0.0	0.0	0.0	0.0	0.0	0.0	2.0	0.0	0.0	0.0	0.0	0.0	1.0	0.0	2.0	1.0	0.0	1.0	0.0	0.0	1.0	0.0	0.0	0.0	0.0	0.0	1.0	0.0	2.0	1.0	0.0	0.0	1.0	0.0	0.0	0.0	0.0	0.0	0.0	1.0	1.0	0.0	3.0	0.0	0.0	2.0	1.0	0.0	1.0	0.0	0.0	0.0	0.0	2.0	0.0	0.0	0.0	0.0	1.0	-0.2285714285714286	0.0	8.057142857142857	105.10428571428572	1.7833333333333332	0.1666666666666666	6.666666666666667	119.65	-1.2583333333333333	-0.3333333333333333	9.858333333333333	109.36333333333334	7	6	12	7	6	12	human
8ivw	B	PIYGSREAWFAY	DVEDDE	GFNIKDY	0.0	0.0	1.0	1.0	0.0	0.0	0.0	1.0	0.0	1.0	0.0	1.0	0.0	1.0	0.0	0.0	0.0	0.0	1.0	0.0	0.0	0.0	0.0	3.0	0.0	0.0	2.0	0.0	0.0	0.0	0.0	0.0	0.0	0.0	0.0	0.0	0.0	0.0	0.0	1.0	2.0	1.0	0.0	0.0	0.0	0.0	1.0	1.0	0.0	1.0	0.0	0.0	0.0	1.0	1.0	1.0	0.0	1.0	2.0	0.0	-0.7571428571428571	0.0	8.785714285714286	122.27857142857144	-2.216666666666667	-0.8333333333333334	11.583333333333334	117.10666666666668	-0.2833333333333334	0.0	7.783333333333334	121.63666666666668	7	6	12	7	6	12	human
8ivx	H	NSYSSGYYAMDY	WSGGS	GFSLTSY	0.0	0.0	0.0	0.0	0.0	0.0	0.0	1.0	0.0	0.0	1.0	0.0	0.0	1.0	0.0	2.0	1.0	0.0	1.0	0.0	0.0	0.0	0.0	0.0	0.0	0.0	0.0	2.0	0.0	0.0	0.0	0.0	0.0	0.0	0.0	2.0	0.0	1.0	0.0	0.0	1.0	0.0	1.0	1.0	0.0	0.0	0.0	1.0	0.0	0.0	0.0	0.0	1.0	0.0	0.0	3.0	0.0	0.0	4.0	0.0	0.3714285714285714	0.0	7.471428571428571	110.54857142857144	-0.66	0.0	8.36	102.096	-0.9416666666666668	-0.0833333333333333	8.316666666666666	118.37416666666668	7	5	12	7	5	12	human
7zoz	H	WWDYGSSYDYFDY	YCGSDT	GYTFTSY	0.0	0.0	0.0	0.0	0.0	0.0	0.0	1.0	0.0	0.0	0.0	0.0	0.0	1.0	0.0	1.0	2.0	0.0	2.0	0.0	0.0	0.0	0.0	1.0	1.0	0.0	0.0	1.0	0.0	0.0	0.0	0.0	0.0	0.0	0.0	1.0	1.0	0.0	1.0	0.0	0.0	0.0	0.0	3.0	0.0	0.0	0.0	1.0	0.0	0.0	0.0	0.0	0.0	1.0	0.0	2.0	0.0	2.0	4.0	0.0	-0.3428571428571429	0.0	7.571428571428571	119.69857142857144	-0.7000000000000001	-0.1666666666666666	8.583333333333334	107.44333333333331	-1.2846153846153845	-0.2307692307692307	8.246153846153847	135.90923076923076	7	6	13	7	6	13	human
8pe9	H	ADTGDNGYLGLQL	SYGDT	GNRY	0.0	1.0	1.0	0.0	0.0	0.0	0.0	1.0	0.0	0.0	0.0	0.0	0.0	0.0	0.0	0.0	0.0	0.0	1.0	0.0	0.0	0.0	0.0	1.0	0.0	0.0	0.0	1.0	0.0	0.0	0.0	0.0	0.0	0.0	0.0	1.0	1.0	0.0	1.0	0.0	1.0	0.0	1.0	2.0	0.0	1.0	0.0	3.0	0.0	0.0	3.0	0.0	0.0	0.0	0.0	0.0	1.0	0.0	1.0	0.0	-2.425	0.25	9.325	127.1325	-1.34	-0.2	9.2	108.302	-0.3076923076923077	-0.1538461538461538	8.669230769230769	105.57076923076924	4	5	13	4	5	13	human
7quh	H	DGSSPYYYSMEY	WAGGS	GFSLTIY	0.0	0.0	0.0	0.0	0.0	0.0	0.0	1.0	0.0	1.0	1.0	0.0	0.0	1.0	0.0	1.0	1.0	0.0	1.0	0.0	1.0	0.0	0.0	0.0	0.0	0.0	0.0	2.0	0.0	0.0	0.0	0.0	0.0	0.0	0.0	1.0	0.0	1.0	0.0	0.0	0.0	0.0	0.0	1.0	0.0	0.0	1.0	1.0	0.0	0.0	0.0	0.0	1.0	0.0	1.0	3.0	0.0	0.0	4.0	0.0	1.1285714285714286	0.0	6.8999999999999995	114.27428571428572	-0.14	0.0	8.14	98.896	-1.225	-0.1666666666666666	8.366666666666667	121.795	7	5	12	7	5	12	human
7xjf	A	EGDFYANYGRLGFAY	NPYNDA	GYKFTNY	0.0	0.0	1.0	0.0	0.0	0.0	0.0	1.0	0.0	0.0	0.0	1.0	0.0	1.0	0.0	0.0	1.0	0.0	2.0	0.0	1.0	0.0	2.0	1.0	0.0	0.0	0.0	0.0	0.0	0.0	0.0	0.0	0.0	0.0	1.0	0.0	0.0	0.0	1.0	0.0	2.0	1.0	1.0	1.0	0.0	0.0	1.0	3.0	0.0	0.0	1.0	0.0	0.0	2.0	0.0	0.0	0.0	0.0	3.0	0.0	-1.1857142857142855	0.1428571428571428	8.3	127.42714285714284	-1.9333333333333331	-0.1666666666666666	9.75	112.44833333333334	-0.4733333333333334	-0.0666666666666666	8.3	118.592	7	6	15	7	6	15	human
8f6l	A	DAGAGGVQDYLTL	SDDGT	GFSLWTY	0.0	0.0	0.0	0.0	0.0	0.0	0.0	1.0	0.0	0.0	1.0	0.0	0.0	1.0	0.0	1.0	1.0	1.0	1.0	0.0	0.0	0.0	0.0	2.0	0.0	0.0	0.0	1.0	0.0	0.0	0.0	0.0	0.0	0.0	0.0	1.0	1.0	0.0	0.0	0.0	2.0	0.0	0.0	2.0	0.0	1.0	0.0	3.0	0.0	0.0	2.0	0.0	0.0	0.0	0.0	0.0	1.0	0.0	1.0	1.0	0.3571428571428571	0.0	6.928571428571429	124.71142857142856	-1.78	-0.4	10.56	98.684	0.1307692307692307	-0.1538461538461538	8.476923076923077	101.18153846153844	7	5	13	7	5	13	human
8f6o	A	GDYYDDYVYVYALDI	SYDGI	GFSLSSY	0.0	0.0	0.0	0.0	0.0	0.0	0.0	1.0	0.0	0.0	1.0	0.0	0.0	1.0	0.0	3.0	0.0	0.0	1.0	0.0	0.0	0.0	0.0	1.0	0.0	0.0	0.0	1.0	0.0	1.0	0.0	0.0	0.0	0.0	0.0	1.0	0.0	0.0	1.0	0.0	1.0	0.0	0.0	4.0	0.0	0.0	0.0	1.0	0.0	1.0	1.0	0.0	0.0	0.0	0.0	0.0	0.0	0.0	5.0	2.0	0.3571428571428571	0.0	7.557142857142857	108.5442857142857	-0.3	-0.2	8.52	110.712	-0.16	-0.2666666666666666	8.133333333333333	123.13133333333332	7	5	15	7	5	15	human
7st5	H	EAGSSWYDFDL	SAYGGE	GYTFRGY	0.0	1.0	0.0	0.0	0.0	0.0	0.0	2.0	0.0	0.0	0.0	0.0	0.0	1.0	0.0	0.0	1.0	0.0	2.0	0.0	1.0	0.0	0.0	0.0	0.0	0.0	1.0	2.0	0.0	0.0	0.0	0.0	0.0	0.0	0.0	1.0	0.0	0.0	1.0	0.0	1.0	0.0	0.0	2.0	0.0	0.0	1.0	1.0	0.0	0.0	1.0	0.0	0.0	1.0	0.0	2.0	0.0	1.0	1.0	0.0	-0.8285714285714286	0.1428571428571428	7.814285714285715	125.84857142857145	-0.7666666666666666	-0.1666666666666666	8.966666666666667	100.09333333333332	-0.5727272727272728	-0.2727272727272727	8.681818181818182	117.21181818181816	7	6	11	7	6	11	human
4edw	H	GGYWYATSYYFDY	WGDGT	GFSLIGY	0.0	0.0	0.0	0.0	0.0	0.0	0.0	2.0	0.0	1.0	1.0	0.0	0.0	1.0	0.0	1.0	0.0	0.0	1.0	0.0	0.0	0.0	0.0	1.0	0.0	0.0	0.0	2.0	0.0	0.0	0.0	0.0	0.0	0.0	0.0	0.0	1.0	1.0	0.0	0.0	1.0	0.0	0.0	1.0	0.0	0.0	0.0	2.0	0.0	0.0	0.0	0.0	0.0	1.0	0.0	1.0	1.0	1.0	5.0	0.0	1.1714285714285713	0.0	6.957142857142857	110.55142857142856	-1.1800000000000002	-0.2	9.0	110.504	-0.6615384615384615	-0.0769230769230769	7.576923076923077	128.75076923076924	7	5	13	7	5	13	human
8d7e	F	EFWSAFDL	WYDGIN	GFTFSTS	0.0	0.0	0.0	0.0	0.0	0.0	0.0	1.0	0.0	0.0	0.0	0.0	0.0	2.0	0.0	2.0	2.0	0.0	0.0	0.0	0.0	0.0	1.0	1.0	0.0	0.0	0.0	1.0	0.0	1.0	0.0	0.0	0.0	0.0	0.0	0.0	0.0	1.0	1.0	0.0	1.0	0.0	0.0	1.0	0.0	0.0	1.0	0.0	0.0	0.0	1.0	0.0	0.0	2.0	0.0	1.0	0.0	1.0	0.0	0.0	0.3142857142857142	0.0	7.857142857142857	106.54142857142855	-0.85	-0.1666666666666666	8.4	127.80166666666666	0.3124999999999999	-0.25	7.9125	124.51375	7	6	8	7	6	8	human
8il3	B	GETPGTFPY	YPRNGA	GYTFTDY	0.0	0.0	0.0	1.0	0.0	0.0	0.0	1.0	0.0	0.0	0.0	0.0	0.0	1.0	0.0	0.0	2.0	0.0	2.0	0.0	1.0	1.0	1.0	0.0	0.0	0.0	0.0	1.0	0.0	0.0	0.0	0.0	0.0	0.0	1.0	0.0	0.0	0.0	1.0	0.0	0.0	0.0	0.0	0.0	0.0	0.0	1.0	2.0	0.0	0.0	0.0	0.0	0.0	1.0	2.0	0.0	2.0	0.0	1.0	0.0	-0.7285714285714286	-0.1428571428571428	8.114285714285714	123.7	-1.5833333333333333	0.1666666666666666	8.9	112.78833333333334	-0.8222222222222223	-0.1111111111111111	8.322222222222223	109.56	7	6	9	7	6	9	human
7wsl	H	PYYAMDY	SGGGSY	GFTFSSY	0.0	0.0	0.0	0.0	0.0	0.0	0.0	1.0	0.0	0.0	0.0	0.0	0.0	2.0	0.0	2.0	1.0	0.0	1.0	0.0	0.0	0.0	0.0	0.0	0.0	0.0	0.0	3.0	0.0	0.0	0.0	0.0	0.0	0.0	0.0	2.0	0.0	0.0	1.0	0.0	1.0	0.0	0.0	1.0	0.0	0.0	0.0	0.0	0.0	0.0	0.0	0.0	1.0	0.0	1.0	0.0	0.0	0.0	3.0	0.0	0.2285714285714285	0.0	7.514285714285714	115.40857142857143	-0.6833333333333335	0.0	8.6	93.74833333333332	-0.7571428571428572	-0.1428571428571428	7.628571428571428	129.14714285714285	7	6	7	7	6	7	human
8ffe	H	GSGHVNAVKNYGYVMDY	TPYGGY	GFTFTNS	0.0	0.0	1.0	0.0	0.0	0.0	0.0	1.0	0.0	0.0	0.0	0.0	0.0	2.0	0.0	1.0	2.0	0.0	0.0	0.0	0.0	0.0	0.0	0.0	0.0	0.0	0.0	2.0	0.0	0.0	0.0	0.0	0.0	0.0	1.0	0.0	1.0	0.0	2.0	0.0	1.0	0.0	2.0	1.0	0.0	0.0	0.0	3.0	1.0	0.0	0.0	1.0	1.0	0.0	0.0	1.0	0.0	0.0	3.0	3.0	-0.0714285714285714	0.0	8.2	110.40285714285714	-0.95	0.0	7.833333333333333	112.44833333333334	-0.4235294117647059	0.0588235294117647	8.48235294117647	112.3570588235294	7	6	17	7	6	17	human
8ath	E	ANWDVAFAY	YPGNGD	GYIFTNY	0.0	0.0	1.0	0.0	0.0	0.0	0.0	1.0	0.0	1.0	0.0	0.0	0.0	1.0	0.0	0.0	1.0	0.0	2.0	0.0	0.0	0.0	1.0	1.0	0.0	0.0	0.0	2.0	0.0	0.0	0.0	0.0	0.0	0.0	1.0	0.0	0.0	0.0	1.0	0.0	3.0	0.0	1.0	1.0	0.0	0.0	0.0	0.0	0.0	0.0	0.0	0.0	0.0	1.0	0.0	0.0	0.0	1.0	1.0	1.0	0.0142857142857142	0.0	7.428571428571429	125.28142857142858	-1.7833333333333332	-0.1666666666666666	9.466666666666669	106.6	0.3555555555555555	-0.1111111111111111	7.955555555555555	115.35	7	6	9	7	6	9	human
7z2m	B	YPNYGAFDI	YPSDSD	GYSFTSY	0.0	0.0	0.0	0.0	0.0	0.0	0.0	1.0	0.0	0.0	0.0	0.0	0.0	1.0	0.0	2.0	1.0	0.0	2.0	0.0	0.0	0.0	0.0	2.0	0.0	0.0	0.0	0.0	0.0	0.0	0.0	0.0	0.0	0.0	1.0	2.0	0.0	0.0	1.0	0.0	1.0	0.0	1.0	1.0	0.0	0.0	0.0	1.0	0.0	1.0	0.0	0.0	0.0	1.0	1.0	0.0	0.0	0.0	2.0	0.0	-0.3571428571428572	0.0	7.6571428571428575	117.69428571428573	-1.9166666666666667	-0.3333333333333333	9.766666666666667	110.77333333333333	-0.2777777777777778	-0.1111111111111111	8.055555555555555	117.68333333333334	7	6	9	7	6	9	human
7x8t	C	SGYGGSWGGYIADDIDA	DDDGSY	GFTFSSF	0.0	0.0	0.0	0.0	0.0	0.0	0.0	1.0	0.0	0.0	0.0	0.0	0.0	3.0	0.0	2.0	1.0	0.0	0.0	0.0	0.0	0.0	0.0	3.0	0.0	0.0	0.0	1.0	0.0	0.0	0.0	0.0	0.0	0.0	0.0	1.0	0.0	0.0	1.0	0.0	2.0	0.0	0.0	3.0	0.0	0.0	0.0	5.0	0.0	2.0	0.0	0.0	0.0	0.0	0.0	2.0	0.0	1.0	2.0	0.0	0.8142857142857142	0.0	7.371428571428572	113.12285714285714	-2.1666666666666665	-0.5	10.566666666666666	111.76333333333334	-0.2941176470588235	-0.1764705882352941	8.63529411764706	104.45529411764706	7	6	17	7	6	17	human
7yxu	H	SSYYGSYYSIDY	SSGSGS	GFTFSYG	0.0	0.0	0.0	0.0	0.0	0.0	0.0	2.0	0.0	0.0	0.0	0.0	0.0	2.0	0.0	1.0	1.0	0.0	1.0	0.0	0.0	0.0	0.0	0.0	0.0	0.0	0.0	2.0	0.0	0.0	0.0	0.0	0.0	0.0	0.0	4.0	0.0	0.0	0.0	0.0	0.0	0.0	0.0	1.0	0.0	0.0	0.0	1.0	0.0	1.0	0.0	0.0	0.0	0.0	0.0	4.0	0.0	0.0	5.0	0.0	0.2857142857142856	0.0	7.485714285714286	113.69	-0.6666666666666666	0.0	9.133333333333333	83.07	-0.7583333333333333	-0.0833333333333333	7.916666666666667	122.29333333333334	7	6	12	7	6	12	human
7wn8	H	GTVYFDY	SAYNGN	GYTFTSY	0.0	0.0	0.0	0.0	0.0	0.0	0.0	1.0	0.0	0.0	0.0	0.0	0.0	1.0	0.0	1.0	2.0	0.0	2.0	0.0	1.0	0.0	2.0	0.0	0.0	0.0	0.0	1.0	0.0	0.0	0.0	0.0	0.0	0.0	0.0	1.0	0.0	0.0	1.0	0.0	0.0	0.0	0.0	1.0	0.0	0.0	0.0	1.0	0.0	0.0	0.0	0.0	0.0	1.0	0.0	0.0	1.0	0.0	2.0	1.0	-0.3428571428571429	0.0	7.571428571428571	119.69857142857144	-1.2833333333333334	0.0	9.283333333333331	104.10166666666667	-0.0285714285714285	-0.1428571428571428	7.728571428571429	123.41714285714286	7	6	7	7	6	7	human
7ox1	A	AGEGRSWYPGYYYGMDY	ARDGS	GGSITTGYY	0.0	0.0	0.0	0.0	0.0	0.0	0.0	3.0	0.0	1.0	0.0	0.0	0.0	0.0	0.0	1.0	2.0	0.0	2.0	0.0	1.0	1.0	0.0	1.0	0.0	0.0	0.0	1.0	0.0	0.0	0.0	0.0	0.0	0.0	0.0	1.0	0.0	0.0	0.0	0.0	1.0	1.0	0.0	1.0	0.0	0.0	1.0	4.0	0.0	0.0	0.0	0.0	1.0	0.0	1.0	1.0	0.0	1.0	5.0	0.0	-0.1666666666666666	0.0	7.888888888888889	105.99666666666668	-1.48	0.0	9.96	100.898	-1.1294117647058823	-0.0588235294117647	8.188235294117646	122.8941176470588	9	5	17	9	5	17	human
7ox3	A	VSAATLFLDY	DYDGS	GGPITTRYY	0.0	1.0	0.0	0.0	0.0	0.0	0.0	2.0	0.0	1.0	0.0	0.0	0.0	0.0	1.0	0.0	2.0	0.0	2.0	0.0	0.0	0.0	0.0	2.0	0.0	0.0	0.0	1.0	0.0	0.0	0.0	0.0	0.0	0.0	0.0	1.0	0.0	0.0	1.0	0.0	2.0	0.0	0.0	1.0	0.0	0.0	0.0	0.0	0.0	0.0	2.0	0.0	0.0	1.0	0.0	1.0	1.0	0.0	1.0	1.0	-0.7111111111111111	0.1111111111111111	7.922222222222222	116.1277777777778	-1.9	-0.4	10.08	111.098	1.19	-0.1	7.409999999999999	108.125	9	5	10	9	5	10	human
7df1	H	GYYDILTGSRPIFFDI	NPSGGS	GYTFTSY	0.0	0.0	0.0	0.0	0.0	0.0	0.0	1.0	0.0	0.0	0.0	0.0	0.0	1.0	0.0	1.0	2.0	0.0	2.0	0.0	0.0	0.0	1.0	0.0	0.0	0.0	0.0	2.0	0.0	0.0	0.0	0.0	0.0	0.0	1.0	2.0	0.0	0.0	0.0	0.0	0.0	1.0	0.0	2.0	0.0	0.0	0.0	2.0	0.0	3.0	1.0	0.0	0.0	2.0	1.0	1.0	1.0	0.0	2.0	0.0	-0.3428571428571429	0.0	7.571428571428571	119.69857142857144	-1.25	0.0	9.333333333333334	89.24833333333333	0.3062499999999999	-0.0625	7.725	118.44625	7	6	16	7	6	16	human
8eb2	J	EEITYAMDY	YPGNVN	GYTFTSY	0.0	0.0	0.0	0.0	0.0	0.0	0.0	1.0	0.0	0.0	0.0	0.0	0.0	1.0	0.0	1.0	2.0	0.0	2.0	0.0	0.0	0.0	2.0	0.0	0.0	0.0	0.0	1.0	0.0	0.0	0.0	0.0	0.0	0.0	1.0	0.0	0.0	0.0	1.0	1.0	1.0	0.0	0.0	1.0	0.0	0.0	2.0	0.0	0.0	1.0	0.0	0.0	1.0	0.0	0.0	0.0	1.0	0.0	2.0	0.0	-0.3428571428571429	0.0	7.571428571428571	119.69857142857144	-1.0166666666666666	0.0	8.716666666666667	110.45	-0.6222222222222222	-0.3333333333333333	8.622222222222222	124.02666666666669	7	6	9	7	6	9	human
7zxk	H	DGGRTSYTATAHNWFDP	SSSGSY	GFTFRSY	0.0	1.0	0.0	0.0	0.0	0.0	0.0	1.0	0.0	0.0	0.0	0.0	0.0	2.0	0.0	1.0	1.0	0.0	1.0	0.0	0.0	0.0	0.0	0.0	0.0	0.0	0.0	1.0	0.0	0.0	0.0	0.0	0.0	0.0	0.0	4.0	0.0	0.0	1.0	0.0	2.0	1.0	1.0	2.0	0.0	0.0	0.0	2.0	1.0	0.0	0.0	0.0	0.0	1.0	1.0	1.0	3.0	1.0	1.0	0.0	-0.3000000000000001	0.1428571428571428	7.7	125.28142857142858	-0.8166666666666668	0.0	8.666666666666666	97.75833333333333	-1.1352941176470588	0.0	8.970588235294118	112.58764705882352	7	6	17	7	6	17	human
7uvf	H	GYGYYVFDH	DPANDN	GFNIKDT	0.0	0.0	1.0	1.0	0.0	0.0	0.0	1.0	0.0	1.0	0.0	1.0	0.0	1.0	0.0	0.0	1.0	0.0	0.0	0.0	1.0	0.0	2.0	2.0	0.0	0.0	0.0	0.0	0.0	0.0	0.0	0.0	0.0	0.0	1.0	0.0	0.0	0.0	0.0	0.0	0.0	0.0	0.0	1.0	0.0	0.0	0.0	2.0	1.0	0.0	0.0	0.0	0.0	1.0	0.0	0.0	0.0	0.0	3.0	1.0	-0.6714285714285715	0.0	9.128571428571428	113.41142857142856	-2.3000000000000003	-0.3333333333333333	10.883333333333333	104.43333333333334	-0.4888888888888889	0.0	7.9	126.46444444444444	7	6	9	7	6	9	human
7s7i	H	WGYGSGGFDY	SYRSRT	GFTFSTY	0.0	0.0	0.0	0.0	0.0	0.0	0.0	1.0	0.0	0.0	0.0	0.0	0.0	2.0	0.0	1.0	2.0	0.0	1.0	0.0	0.0	2.0	0.0	0.0	0.0	0.0	0.0	0.0	0.0	0.0	0.0	0.0	0.0	0.0	0.0	2.0	1.0	0.0	1.0	0.0	0.0	0.0	0.0	1.0	0.0	0.0	0.0	4.0	0.0	0.0	0.0	0.0	0.0	1.0	0.0	1.0	0.0	1.0	2.0	0.0	0.2428571428571428	0.0	7.428571428571429	117.41285714285712	-2.1	0.3333333333333333	9.033333333333331	125.13833333333334	-0.66	-0.1	8.120000000000001	116.213	7	6	10	7	6	10	human
8e7m	H	DWAMVGADAFDI	SGSGDR	GFTFSSY	0.0	0.0	0.0	0.0	0.0	0.0	0.0	1.0	0.0	0.0	0.0	0.0	0.0	2.0	0.0	2.0	1.0	0.0	1.0	0.0	0.0	1.0	0.0	1.0	0.0	0.0	0.0	2.0	0.0	0.0	0.0	0.0	0.0	0.0	0.0	2.0	0.0	0.0	0.0	0.0	3.0	0.0	0.0	3.0	0.0	0.0	0.0	1.0	0.0	1.0	0.0	0.0	1.0	1.0	0.0	0.0	0.0	1.0	0.0	1.0	0.2285714285714285	0.0	7.514285714285714	115.40857142857143	-1.7333333333333334	0.0	9.983333333333333	99.25666666666666	0.5833333333333334	-0.25	8.308333333333334	109.20416666666668	7	6	12	7	6	12	human
7sjn	D	GYDYDYALDY	DPETEG	GYKFTDS	0.0	0.0	0.0	1.0	0.0	0.0	0.0	1.0	0.0	0.0	0.0	1.0	0.0	1.0	0.0	1.0	1.0	0.0	1.0	0.0	0.0	0.0	0.0	1.0	0.0	0.0	2.0	1.0	0.0	0.0	0.0	0.0	0.0	0.0	1.0	0.0	1.0	0.0	0.0	0.0	1.0	0.0	0.0	3.0	0.0	0.0	0.0	1.0	0.0	0.0	1.0	0.0	0.0	0.0	0.0	0.0	0.0	0.0	4.0	0.0	-1.1142857142857143	0.0	8.928571428571429	116.69571428571427	-2.1999999999999997	-0.5	10.533333333333331	107.76833333333332	-1.05	-0.3	8.58	125.728	7	6	10	7	6	10	human
7sjo	E	GYDYDYALDY	DPETEG	GYKFTDS	0.0	0.0	0.0	1.0	0.0	0.0	0.0	1.0	0.0	0.0	0.0	1.0	0.0	1.0	0.0	1.0	1.0	0.0	1.0	0.0	0.0	0.0	0.0	1.0	0.0	0.0	2.0	1.0	0.0	0.0	0.0	0.0	0.0	0.0	1.0	0.0	1.0	0.0	0.0	0.0	1.0	0.0	0.0	3.0	0.0	0.0	0.0	1.0	0.0	0.0	1.0	0.0	0.0	0.0	0.0	0.0	0.0	0.0	4.0	0.0	-1.1142857142857143	0.0	8.928571428571429	116.69571428571427	-2.1999999999999997	-0.5	10.533333333333331	107.76833333333332	-1.05	-0.3	8.58	125.728	7	6	10	7	6	10	human
7ubr	E	PLYDYYAMDY	DPANGY	GFNIKDT	0.0	0.0	1.0	1.0	0.0	0.0	0.0	1.0	0.0	1.0	0.0	1.0	0.0	1.0	0.0	0.0	1.0	0.0	0.0	0.0	1.0	0.0	1.0	1.0	0.0	0.0	0.0	1.0	0.0	0.0	0.0	0.0	0.0	0.0	1.0	0.0	0.0	0.0	1.0	0.0	1.0	0.0	0.0	2.0	0.0	0.0	0.0	0.0	0.0	0.0	1.0	0.0	1.0	0.0	1.0	0.0	0.0	0.0	4.0	0.0	-0.6714285714285715	0.0	9.128571428571428	113.41142857142856	-1.4166666666666667	-0.1666666666666666	9.316666666666666	105.93833333333332	-0.6300000000000001	-0.2	7.75	129.546	7	6	10	7	6	10	human
7xw7	A	LDWNYNPLRY	YPGDSD	GYSLTDN	0.0	0.0	1.0	1.0	0.0	0.0	0.0	1.0	0.0	0.0	1.0	0.0	0.0	0.0	0.0	1.0	1.0	0.0	1.0	0.0	0.0	0.0	0.0	2.0	0.0	0.0	0.0	1.0	0.0	0.0	0.0	0.0	0.0	0.0	1.0	1.0	0.0	0.0	1.0	0.0	0.0	1.0	2.0	1.0	0.0	0.0	0.0	0.0	0.0	0.0	2.0	0.0	0.0	0.0	1.0	0.0	0.0	1.0	2.0	0.0	-0.9142857142857144	-0.1428571428571428	8.928571428571429	109.82571428571428	-1.85	-0.3333333333333333	9.733333333333333	108.76833333333332	-1.25	0.0	8.23	133.552	7	6	10	7	6	10	human
7t9n	H	LEPGYSSTWSVN	DPTDSY	GYRFTSY	0.0	1.0	0.0	0.0	0.0	0.0	0.0	1.0	0.0	0.0	0.0	0.0	0.0	1.0	0.0	1.0	1.0	0.0	2.0	0.0	0.0	0.0	0.0	2.0	0.0	0.0	0.0	0.0	0.0	0.0	0.0	0.0	0.0	0.0	1.0	1.0	1.0	0.0	1.0	0.0	0.0	0.0	1.0	0.0	0.0	0.0	1.0	1.0	0.0	0.0	1.0	0.0	0.0	0.0	1.0	3.0	1.0	1.0	1.0	1.0	-0.8857142857142858	0.1428571428571428	7.8428571428571425	127.56714285714284	-1.9	-0.3333333333333333	9.666666666666666	113.11166666666668	-0.525	-0.0833333333333333	8.291666666666666	111.62	7	6	12	7	6	12	human
7sk3	D	VYPWWYYKYYHGALDY	YSSYGY	GFNFSYS	0.0	0.0	1.0	0.0	0.0	0.0	0.0	1.0	0.0	0.0	0.0	0.0	0.0	2.0	0.0	2.0	0.0	0.0	1.0	0.0	0.0	0.0	0.0	0.0	0.0	0.0	0.0	1.0	0.0	0.0	0.0	0.0	0.0	0.0	0.0	2.0	0.0	0.0	3.0	0.0	1.0	0.0	0.0	1.0	0.0	0.0	0.0	1.0	1.0	0.0	1.0	1.0	0.0	0.0	1.0	0.0	0.0	2.0	6.0	1.0	-0.1714285714285715	0.0	7.942857142857143	117.26571428571428	-0.9833333333333334	0.0	7.666666666666667	123.125	-0.775	0.0625	7.4125	136.71687500000002	7	6	16	7	6	16	human
7sk4	D	VYPWWYYKYYHGALDY	YSSYGY	GFNFSYS	0.0	0.0	1.0	0.0	0.0	0.0	0.0	1.0	0.0	0.0	0.0	0.0	0.0	2.0	0.0	2.0	0.0	0.0	1.0	0.0	0.0	0.0	0.0	0.0	0.0	0.0	0.0	1.0	0.0	0.0	0.0	0.0	0.0	0.0	0.0	2.0	0.0	0.0	3.0	0.0	1.0	0.0	0.0	1.0	0.0	0.0	0.0	1.0	1.0	0.0	1.0	1.0	0.0	0.0	1.0	0.0	0.0	2.0	6.0	1.0	-0.1714285714285715	0.0	7.942857142857143	117.26571428571428	-0.9833333333333334	0.0	7.666666666666667	123.125	-0.775	0.0625	7.4125	136.71687500000002	7	6	16	7	6	16	human
7sk8	D	VYPWWYYKYYHGALDY	YSSYGY	GFNFSYS	0.0	0.0	1.0	0.0	0.0	0.0	0.0	1.0	0.0	0.0	0.0	0.0	0.0	2.0	0.0	2.0	0.0	0.0	1.0	0.0	0.0	0.0	0.0	0.0	0.0	0.0	0.0	1.0	0.0	0.0	0.0	0.0	0.0	0.0	0.0	2.0	0.0	0.0	3.0	0.0	1.0	0.0	0.0	1.0	0.0	0.0	0.0	1.0	1.0	0.0	1.0	1.0	0.0	0.0	1.0	0.0	0.0	2.0	6.0	1.0	-0.1714285714285715	0.0	7.942857142857143	117.26571428571428	-0.9833333333333334	0.0	7.666666666666667	123.125	-0.775	0.0625	7.4125	136.71687500000002	7	6	16	7	6	16	human
7sk9	F	VSYWDWTWGWSKYEGMDY	SPSYGY	GFNISSS	0.0	0.0	1.0	0.0	0.0	0.0	0.0	1.0	0.0	1.0	0.0	0.0	0.0	1.0	0.0	3.0	0.0	0.0	0.0	0.0	0.0	0.0	0.0	0.0	0.0	0.0	0.0	1.0	0.0	0.0	0.0	0.0	0.0	0.0	1.0	2.0	0.0	0.0	2.0	0.0	0.0	0.0	0.0	2.0	0.0	0.0	1.0	2.0	0.0	0.0	0.0	1.0	1.0	0.0	0.0	2.0	1.0	4.0	3.0	1.0	0.1428571428571428	0.0	8.37142857142857	101.53428571428572	-1.0333333333333334	0.0	7.966666666666666	112.115	-1.0499999999999998	-0.1111111111111111	8.133333333333333	132.08888888888887	7	6	18	7	6	18	human
4ypg	H	DPIAAGY	SVYNGN	GYTFTSY	0.0	0.0	0.0	0.0	0.0	0.0	0.0	1.0	0.0	0.0	0.0	0.0	0.0	1.0	0.0	1.0	2.0	0.0	2.0	0.0	0.0	0.0	2.0	0.0	0.0	0.0	0.0	1.0	0.0	0.0	0.0	0.0	0.0	0.0	0.0	1.0	0.0	0.0	1.0	1.0	2.0	0.0	0.0	1.0	0.0	0.0	0.0	1.0	0.0	1.0	0.0	0.0	0.0	0.0	1.0	0.0	0.0	0.0	1.0	0.0	-0.3428571428571429	0.0	7.571428571428571	119.69857142857144	-0.8833333333333333	0.0	8.916666666666666	108.77666666666666	0.1857142857142857	-0.1428571428571428	8.22857142857143	100.82285714285716	7	6	7	7	6	7	human
2vxs	J	DLIHGVTRN	SGSGGS	GFTFSSY	0.0	0.0	0.0	0.0	0.0	0.0	0.0	1.0	0.0	0.0	0.0	0.0	0.0	2.0	0.0	2.0	1.0	0.0	1.0	0.0	0.0	0.0	0.0	0.0	0.0	0.0	0.0	3.0	0.0	0.0	0.0	0.0	0.0	0.0	0.0	3.0	0.0	0.0	0.0	0.0	0.0	1.0	1.0	1.0	0.0	0.0	0.0	1.0	1.0	1.0	1.0	0.0	0.0	0.0	0.0	0.0	1.0	0.0	0.0	1.0	0.2285714285714285	0.0	7.514285714285714	115.40857142857143	-0.6	0.0	9.1	81.065	-0.3666666666666667	0.1111111111111111	8.788888888888888	113.79333333333332	7	6	9	7	6	9	human
7dc8	B	YGKLYSLNWVFDY	SSQSYH	GFTFSSY	0.0	0.0	0.0	0.0	0.0	0.0	0.0	1.0	0.0	0.0	0.0	0.0	0.0	2.0	0.0	2.0	1.0	0.0	1.0	0.0	0.0	0.0	0.0	0.0	0.0	1.0	0.0	0.0	1.0	0.0	0.0	0.0	0.0	0.0	0.0	3.0	0.0	0.0	1.0	0.0	0.0	0.0	1.0	1.0	0.0	0.0	0.0	1.0	0.0	0.0	2.0	1.0	0.0	1.0	0.0	1.0	0.0	1.0	3.0	1.0	0.2285714285714285	0.0	7.514285714285714	115.40857142857143	-1.7333333333333334	0.1666666666666666	9.116666666666664	114.94833333333332	-0.176923076923077	0.0	7.615384615384615	128.3	7	6	13	7	6	13	human
3x3f	H	SYGSGSYYRDYYYGMDV	NPDTDS	GYTFTNY	0.0	0.0	1.0	0.0	0.0	0.0	0.0	1.0	0.0	0.0	0.0	0.0	0.0	1.0	0.0	0.0	2.0	0.0	2.0	0.0	0.0	0.0	1.0	2.0	0.0	0.0	0.0	0.0	0.0	0.0	0.0	0.0	0.0	0.0	1.0	1.0	1.0	0.0	0.0	0.0	0.0	1.0	0.0	2.0	0.0	0.0	0.0	3.0	0.0	0.0	0.0	0.0	1.0	0.0	0.0	3.0	0.0	0.0	6.0	1.0	-0.7285714285714286	0.0	7.914285714285714	123.56000000000002	-2.2666666666666666	-0.3333333333333333	10.566666666666666	104.93333333333334	-0.9882352941176472	-0.0588235294117647	8.229411764705883	122.48058823529412	7	6	17	7	6	17	human
6okm	H	DRLDY	NPGSGD	GYAFTNY	1.0	0.0	1.0	0.0	0.0	0.0	0.0	1.0	0.0	0.0	0.0	0.0	0.0	1.0	0.0	0.0	1.0	0.0	2.0	0.0	0.0	0.0	1.0	1.0	0.0	0.0	0.0	2.0	0.0	0.0	0.0	0.0	0.0	0.0	1.0	1.0	0.0	0.0	0.0	0.0	0.0	1.0	0.0	2.0	0.0	0.0	0.0	0.0	0.0	0.0	1.0	0.0	0.0	0.0	0.0	0.0	0.0	0.0	1.0	0.0	-0.3714285714285714	0.0	7.8428571428571425	119.27	-1.7	-0.1666666666666666	9.966666666666669	93.91666666666669	-1.8	-0.2	9.52	132.542	7	6	5	7	6	5	human
6rp8	h	TGWLGPFDY	SYDGNN	GFTFSSY	0.0	0.0	0.0	0.0	0.0	0.0	0.0	1.0	0.0	0.0	0.0	0.0	0.0	2.0	0.0	2.0	1.0	0.0	1.0	0.0	0.0	0.0	2.0	1.0	0.0	0.0	0.0	1.0	0.0	0.0	0.0	0.0	0.0	0.0	0.0	1.0	0.0	0.0	1.0	0.0	0.0	0.0	0.0	1.0	0.0	0.0	0.0	2.0	0.0	0.0	1.0	0.0	0.0	1.0	1.0	0.0	1.0	1.0	1.0	0.0	0.2285714285714285	0.0	7.514285714285714	115.40857142857143	-2.1666666666666665	-0.1666666666666666	10.1	111.43666666666668	-0.2444444444444445	-0.1111111111111111	7.699999999999999	119.24	7	6	9	7	6	9	human
3hi6	H	SYDFWSNAFDI	WPSGGN	GFTFSRY	0.0	1.0	0.0	0.0	0.0	0.0	0.0	1.0	0.0	0.0	0.0	0.0	0.0	2.0	0.0	1.0	1.0	0.0	1.0	0.0	0.0	0.0	1.0	0.0	0.0	0.0	0.0	2.0	0.0	0.0	0.0	0.0	0.0	0.0	1.0	1.0	0.0	1.0	0.0	0.0	1.0	0.0	1.0	2.0	0.0	0.0	0.0	0.0	0.0	1.0	0.0	0.0	0.0	2.0	0.0	2.0	0.0	1.0	1.0	0.0	-0.3000000000000001	0.1428571428571428	7.7	125.28142857142858	-1.2666666666666668	0.0	8.700000000000001	105.77166666666666	-0.2181818181818182	-0.1818181818181818	8.299999999999999	122.40454545454546	7	6	11	7	6	11	human
4qhu	B	QLTLDV	SLTSGF	GFTFSSY	0.0	0.0	0.0	0.0	0.0	0.0	0.0	1.0	0.0	0.0	0.0	0.0	0.0	2.0	0.0	2.0	1.0	0.0	1.0	0.0	0.0	0.0	0.0	0.0	0.0	0.0	0.0	1.0	0.0	0.0	1.0	0.0	0.0	1.0	0.0	2.0	1.0	0.0	0.0	0.0	0.0	0.0	0.0	1.0	0.0	1.0	0.0	0.0	0.0	0.0	2.0	0.0	0.0	0.0	0.0	0.0	1.0	0.0	0.0	1.0	0.2285714285714285	0.0	7.514285714285714	115.40857142857143	0.6499999999999999	0.0	7.683333333333334	101.77666666666666	0.6833333333333332	-0.1666666666666666	7.966666666666666	111.63	7	6	6	7	6	6	human
6nms	B	ENNRYRFFDD	SGSGEI	GFTFSSY	0.0	0.0	0.0	0.0	0.0	0.0	0.0	1.0	0.0	0.0	0.0	0.0	0.0	2.0	0.0	2.0	1.0	0.0	1.0	0.0	0.0	0.0	0.0	0.0	0.0	0.0	1.0	2.0	0.0	1.0	0.0	0.0	0.0	0.0	0.0	2.0	0.0	0.0	0.0	0.0	0.0	2.0	2.0	2.0	0.0	0.0	1.0	0.0	0.0	0.0	0.0	0.0	0.0	2.0	0.0	0.0	0.0	0.0	1.0	0.0	0.2285714285714285	0.0	7.514285714285714	115.40857142857143	-0.2333333333333333	-0.1666666666666666	8.983333333333333	94.42333333333332	-2.22	-0.1	9.91	135.744	7	6	10	7	6	10	human
6vmj	F	EGGFAY	NPTSGG	GYTFTSY	0.0	0.0	0.0	0.0	0.0	0.0	0.0	1.0	0.0	0.0	0.0	0.0	0.0	1.0	0.0	1.0	2.0	0.0	2.0	0.0	0.0	0.0	1.0	0.0	0.0	0.0	0.0	2.0	0.0	0.0	0.0	0.0	0.0	0.0	1.0	1.0	1.0	0.0	0.0	0.0	1.0	0.0	0.0	0.0	0.0	0.0	1.0	2.0	0.0	0.0	0.0	0.0	0.0	1.0	0.0	0.0	0.0	0.0	1.0	0.0	-0.3428571428571429	0.0	7.571428571428571	119.69857142857144	-1.2333333333333334	0.0	9.233333333333333	91.58666666666666	-0.1666666666666667	-0.1666666666666666	8.299999999999999	110.11	7	6	6	7	6	6	human
4ers	H	EKDHYDILTGYNYYYGLDV	YYDGSN	GFTFSSY	0.0	0.0	0.0	0.0	0.0	0.0	0.0	1.0	0.0	0.0	0.0	0.0	0.0	2.0	0.0	2.0	1.0	0.0	1.0	0.0	0.0	0.0	1.0	1.0	0.0	0.0	0.0	1.0	0.0	0.0	0.0	0.0	0.0	0.0	0.0	1.0	0.0	0.0	2.0	0.0	0.0	0.0	1.0	3.0	0.0	0.0	1.0	2.0	1.0	1.0	2.0	1.0	0.0	0.0	0.0	0.0	1.0	0.0	5.0	1.0	0.2285714285714285	0.0	7.514285714285714	115.40857142857143	-1.8	-0.1666666666666666	9.2	119.615	-0.8578947368421053	-0.1052631578947368	8.58421052631579	124.18631578947368	7	6	19	7	6	19	human
6r0x	C	SYGSSYGIDY	DPADVY	GFNIKET	0.0	0.0	1.0	0.0	0.0	0.0	1.0	1.0	0.0	1.0	0.0	1.0	0.0	1.0	0.0	0.0	1.0	0.0	0.0	0.0	1.0	0.0	0.0	2.0	0.0	0.0	0.0	0.0	0.0	0.0	0.0	0.0	0.0	0.0	1.0	0.0	0.0	0.0	1.0	1.0	0.0	0.0	0.0	1.0	0.0	0.0	0.0	2.0	0.0	1.0	0.0	0.0	0.0	0.0	0.0	3.0	0.0	0.0	3.0	0.0	-0.6714285714285715	0.0	9.028571428571428	115.41571428571427	-0.65	-0.3333333333333333	9.033333333333331	110.115	-0.6100000000000001	-0.1	8.24	112.913	7	6	10	7	6	10	human
5cus	J	VGLGDAFDI	GSSGGV	GFTFSYY	0.0	0.0	0.0	0.0	0.0	0.0	0.0	1.0	0.0	0.0	0.0	0.0	0.0	2.0	0.0	1.0	1.0	0.0	2.0	0.0	0.0	0.0	0.0	0.0	0.0	0.0	0.0	3.0	0.0	0.0	0.0	0.0	0.0	0.0	0.0	2.0	0.0	0.0	0.0	1.0	1.0	0.0	0.0	2.0	0.0	0.0	0.0	2.0	0.0	1.0	1.0	0.0	0.0	1.0	0.0	0.0	0.0	0.0	0.0	1.0	0.157142857142857	0.0	7.085714285714286	126.28	0.2333333333333333	0.0	8.549999999999999	83.07333333333334	1.0333333333333334	-0.2222222222222222	8.144444444444444	102.66555555555556	7	6	9	7	6	9	human
4kxz	Q	TLGLVLDAMDY	IPIVDI	GYTFSSN	0.0	0.0	1.0	0.0	0.0	0.0	0.0	1.0	0.0	0.0	0.0	0.0	0.0	1.0	0.0	2.0	1.0	0.0	1.0	0.0	0.0	0.0	0.0	1.0	0.0	0.0	0.0	0.0	0.0	3.0	0.0	0.0	0.0	0.0	1.0	0.0	0.0	0.0	0.0	1.0	1.0	0.0	0.0	2.0	0.0	0.0	0.0	1.0	0.0	0.0	3.0	0.0	1.0	0.0	0.0	0.0	1.0	0.0	1.0	1.0	-0.6714285714285715	0.0	8.428571428571429	110.6842857142857	2.1	-0.1666666666666666	7.083333333333333	108.46999999999998	0.9	-0.1818181818181818	7.654545454545455	110.03727272727274	7	6	11	7	6	11	human
5xmh	H	GIASAGTPDYFFY	IPLFGT	GGTFSSY	0.0	0.0	0.0	0.0	0.0	0.0	0.0	2.0	0.0	0.0	0.0	0.0	0.0	1.0	0.0	2.0	1.0	0.0	1.0	0.0	0.0	0.0	0.0	0.0	0.0	0.0	0.0	1.0	0.0	1.0	1.0	0.0	0.0	1.0	1.0	0.0	1.0	0.0	0.0	0.0	2.0	0.0	0.0	1.0	0.0	0.0	0.0	2.0	0.0	1.0	0.0	0.0	0.0	2.0	1.0	1.0	1.0	0.0	2.0	0.0	-0.2285714285714286	0.0	8.057142857142857	105.10428571428572	1.4	0.0	6.816666666666666	107.79666666666668	0.2846153846153845	-0.0769230769230769	7.769230769230769	109.73384615384614	7	6	13	7	6	13	human
6rlo	C	AVSGYFPYFDY	SWNSGS	GFTFDDY	0.0	0.0	0.0	2.0	0.0	0.0	0.0	1.0	0.0	0.0	0.0	0.0	0.0	2.0	0.0	0.0	1.0	0.0	1.0	0.0	0.0	0.0	1.0	0.0	0.0	0.0	0.0	1.0	0.0	0.0	0.0	0.0	0.0	0.0	0.0	3.0	0.0	1.0	0.0	0.0	1.0	0.0	0.0	1.0	0.0	0.0	0.0	1.0	0.0	0.0	0.0	0.0	0.0	2.0	1.0	1.0	0.0	0.0	3.0	1.0	-0.5428571428571429	-0.2857142857142857	8.6	123.41142857142856	-1.2	0.0	8.933333333333332	106.10333333333334	0.1272727272727272	-0.0909090909090909	7.472727272727273	120.76818181818182	7	6	11	7	6	11	human
6wir	A	DYYDILTDYYIHYWYFDL	NQDGSE	GFTFSNY	0.0	0.0	1.0	0.0	0.0	0.0	0.0	1.0	0.0	0.0	0.0	0.0	0.0	2.0	0.0	1.0	1.0	0.0	1.0	0.0	0.0	0.0	1.0	1.0	0.0	1.0	1.0	1.0	0.0	0.0	0.0	0.0	0.0	0.0	0.0	1.0	0.0	0.0	0.0	0.0	0.0	0.0	0.0	4.0	0.0	0.0	0.0	0.0	1.0	2.0	2.0	0.0	0.0	1.0	0.0	0.0	1.0	1.0	6.0	0.0	-0.1571428571428572	0.0	7.857142857142857	119.27	-2.533333333333333	-0.3333333333333333	10.933333333333332	108.09666666666668	-0.4000000000000001	-0.1666666666666666	7.722222222222222	136.8738888888889	7	6	18	7	6	18	human
7vux	H	PYGGYFDV	SGGGRY	GFAFSSY	1.0	0.0	0.0	0.0	0.0	0.0	0.0	1.0	0.0	0.0	0.0	0.0	0.0	2.0	0.0	2.0	0.0	0.0	1.0	0.0	0.0	1.0	0.0	0.0	0.0	0.0	0.0	3.0	0.0	0.0	0.0	0.0	0.0	0.0	0.0	1.0	0.0	0.0	1.0	0.0	0.0	0.0	0.0	1.0	0.0	0.0	0.0	2.0	0.0	0.0	0.0	0.0	0.0	1.0	1.0	0.0	0.0	0.0	2.0	1.0	0.5857142857142856	0.0	7.442857142857143	111.11857142857144	-1.3	0.1666666666666666	8.816666666666666	105.26666666666668	-0.1875	-0.125	7.8125	116.8725	7	6	8	7	6	8	human
4dn4	H	YDGIYGELDF	IPIFGT	GGTFSSY	0.0	0.0	0.0	0.0	0.0	0.0	0.0	2.0	0.0	0.0	0.0	0.0	0.0	1.0	0.0	2.0	1.0	0.0	1.0	0.0	0.0	0.0	0.0	0.0	0.0	0.0	0.0	1.0	0.0	2.0	0.0	0.0	0.0	1.0	1.0	0.0	1.0	0.0	0.0	0.0	0.0	0.0	0.0	2.0	0.0	0.0	1.0	2.0	0.0	1.0	1.0	0.0	0.0	1.0	0.0	0.0	0.0	0.0	2.0	0.0	-0.2285714285714286	0.0	8.057142857142857	105.10428571428572	1.5166666666666666	0.0	6.866666666666667	107.79666666666668	-0.2800000000000001	-0.3	8.4	120.926	7	6	10	7	6	10	human
7amr	H	GNGYNFDGAYRFFDF	NPYNDD	GYKFTGF	0.0	0.0	0.0	0.0	0.0	0.0	0.0	2.0	0.0	0.0	0.0	1.0	0.0	2.0	0.0	0.0	1.0	0.0	1.0	0.0	0.0	0.0	2.0	2.0	0.0	0.0	0.0	0.0	0.0	0.0	0.0	0.0	0.0	0.0	1.0	0.0	0.0	0.0	1.0	0.0	1.0	1.0	2.0	2.0	0.0	0.0	0.0	3.0	0.0	0.0	0.0	0.0	0.0	4.0	0.0	0.0	0.0	0.0	2.0	0.0	-0.1571428571428572	0.1428571428571428	7.785714285714286	119.56142857142858	-2.8166666666666664	-0.3333333333333333	10.566666666666666	119.78333333333336	-0.62	-0.0666666666666666	8.533333333333333	121.72666666666667	7	6	15	7	6	15	human
1jps	H	DTAAYFDY	DPEQGN	GFNIKEY	0.0	0.0	1.0	0.0	0.0	0.0	1.0	1.0	0.0	1.0	0.0	1.0	0.0	1.0	0.0	0.0	0.0	0.0	1.0	0.0	0.0	0.0	1.0	1.0	0.0	1.0	1.0	1.0	0.0	0.0	0.0	0.0	0.0	0.0	1.0	0.0	0.0	0.0	0.0	0.0	2.0	0.0	0.0	2.0	0.0	0.0	0.0	0.0	0.0	0.0	0.0	0.0	0.0	1.0	0.0	0.0	1.0	0.0	2.0	0.0	-0.7571428571428571	0.0	8.685714285714287	124.28285714285714	-2.6666666666666665	-0.3333333333333333	10.733333333333334	109.77	-0.4875	-0.25	8.55	118.37375	7	6	8	7	6	8	human
4hj0	C	GPIVGAPTDY	IPTFGT	GGTFSSY	0.0	0.0	0.0	0.0	0.0	0.0	0.0	2.0	0.0	0.0	0.0	0.0	0.0	1.0	0.0	2.0	1.0	0.0	1.0	0.0	0.0	0.0	0.0	0.0	0.0	0.0	0.0	1.0	0.0	1.0	0.0	0.0	0.0	1.0	1.0	0.0	2.0	0.0	0.0	0.0	1.0	0.0	0.0	1.0	0.0	0.0	0.0	2.0	0.0	1.0	0.0	0.0	0.0	0.0	2.0	0.0	1.0	0.0	1.0	1.0	-0.2285714285714286	0.0	8.057142857142857	105.10428571428572	0.65	0.0	7.433333333333334	105.78833333333334	0.1	-0.1	8.1	100.709	7	6	10	7	6	10	human
5nh3	I	GGWFDY	NPVSGS	GYTFTSS	0.0	0.0	0.0	0.0	0.0	0.0	0.0	1.0	0.0	0.0	0.0	0.0	0.0	1.0	0.0	2.0	2.0	0.0	1.0	0.0	0.0	0.0	1.0	0.0	0.0	0.0	0.0	1.0	0.0	0.0	0.0	0.0	0.0	0.0	1.0	2.0	0.0	0.0	0.0	1.0	0.0	0.0	0.0	1.0	0.0	0.0	0.0	2.0	0.0	0.0	0.0	0.0	0.0	1.0	0.0	0.0	0.0	1.0	1.0	0.0	-0.2714285714285714	0.0	8.0	108.82714285714285	-0.4833333333333333	0.0	8.816666666666666	93.26166666666666	-0.6166666666666667	-0.1666666666666666	7.966666666666666	126.96166666666666	7	6	6	7	6	6	human
6mvl	H	VPGYSGGWIDAEDD	DWNSEN	GFTLEDY	0.0	0.0	0.0	1.0	0.0	0.0	1.0	1.0	0.0	0.0	1.0	0.0	0.0	1.0	0.0	0.0	1.0	0.0	1.0	0.0	0.0	0.0	2.0	1.0	0.0	0.0	1.0	0.0	0.0	0.0	0.0	0.0	0.0	0.0	0.0	1.0	0.0	1.0	0.0	0.0	1.0	0.0	0.0	3.0	0.0	0.0	1.0	3.0	0.0	1.0	0.0	0.0	0.0	0.0	1.0	1.0	0.0	1.0	1.0	1.0	-0.4	-0.2857142857142857	8.457142857142857	120.55571428571427	-2.6166666666666667	-0.3333333333333333	10.516666666666667	124.28833333333334	-0.6642857142857144	-0.2857142857142857	9.02142857142857	108.32214285714284	7	6	14	7	6	14	human
4z5r	W	WISDFFDY	NPDYDI	GYTFTEY	0.0	0.0	0.0	0.0	0.0	0.0	1.0	1.0	0.0	0.0	0.0	0.0	0.0	1.0	0.0	0.0	2.0	0.0	2.0	0.0	0.0	0.0	1.0	2.0	0.0	0.0	0.0	0.0	0.0	1.0	0.0	0.0	0.0	0.0	1.0	0.0	0.0	0.0	1.0	0.0	0.0	0.0	0.0	2.0	0.0	0.0	0.0	0.0	0.0	1.0	0.0	0.0	0.0	2.0	0.0	1.0	0.0	1.0	1.0	0.0	-0.7285714285714286	-0.1428571428571428	8.014285714285714	125.70428571428572	-1.4833333333333334	-0.3333333333333333	9.5	119.625	0.0124999999999999	-0.25	7.8	134.2725	7	6	8	7	6	8	human
3so3	C	DLGIAARRFVSGAFDI	SGSGGS	GFTFSSY	0.0	0.0	0.0	0.0	0.0	0.0	0.0	1.0	0.0	0.0	0.0	0.0	0.0	2.0	0.0	2.0	1.0	0.0	1.0	0.0	0.0	0.0	0.0	0.0	0.0	0.0	0.0	3.0	0.0	0.0	0.0	0.0	0.0	0.0	0.0	3.0	0.0	0.0	0.0	0.0	3.0	2.0	0.0	2.0	0.0	0.0	0.0	2.0	0.0	2.0	1.0	0.0	0.0	2.0	0.0	1.0	0.0	0.0	0.0	1.0	0.2285714285714285	0.0	7.514285714285714	115.40857142857143	-0.6	0.0	9.1	81.065	0.65	0.0	8.13125	107.871875	7	6	16	7	6	16	human
5mvz	H	FVSLDAFDI	YPGDSD	GYTFTSY	0.0	0.0	0.0	0.0	0.0	0.0	0.0	1.0	0.0	0.0	0.0	0.0	0.0	1.0	0.0	1.0	2.0	0.0	2.0	0.0	0.0	0.0	0.0	2.0	0.0	0.0	0.0	1.0	0.0	0.0	0.0	0.0	0.0	0.0	1.0	1.0	0.0	0.0	1.0	0.0	1.0	0.0	0.0	2.0	0.0	0.0	0.0	0.0	0.0	1.0	1.0	0.0	0.0	2.0	0.0	1.0	0.0	0.0	0.0	1.0	-0.3428571428571429	0.0	7.571428571428571	119.69857142857144	-1.85	-0.3333333333333333	9.733333333333333	108.76833333333332	1.3444444444444443	-0.2222222222222222	7.7444444444444445	112.01666666666668	7	6	9	7	6	9	human
5bo1	I	AGTLFAY	TPDGGY	GFTFSNY	0.0	0.0	1.0	0.0	0.0	0.0	0.0	1.0	0.0	0.0	0.0	0.0	0.0	2.0	0.0	1.0	1.0	0.0	1.0	0.0	0.0	0.0	0.0	1.0	0.0	0.0	0.0	2.0	0.0	0.0	0.0	0.0	0.0	0.0	1.0	0.0	1.0	0.0	1.0	0.0	2.0	0.0	0.0	0.0	0.0	0.0	0.0	1.0	0.0	0.0	1.0	0.0	0.0	1.0	0.0	0.0	1.0	0.0	1.0	0.0	-0.1571428571428572	0.0	7.857142857142857	119.27	-1.3166666666666669	-0.1666666666666666	8.966666666666667	104.43333333333334	1.1142857142857143	0.0	7.1571428571428575	105.97714285714288	7	6	7	7	6	7	human
6ye3	D	HMGYNDYLAWFAY	SGGGSY	GFSFSNY	0.0	0.0	1.0	0.0	0.0	0.0	0.0	1.0	0.0	0.0	0.0	0.0	0.0	2.0	0.0	2.0	0.0	0.0	1.0	0.0	0.0	0.0	0.0	0.0	0.0	0.0	0.0	3.0	0.0	0.0	0.0	0.0	0.0	0.0	0.0	2.0	0.0	0.0	1.0	0.0	2.0	0.0	1.0	1.0	0.0	0.0	0.0	1.0	1.0	0.0	1.0	0.0	1.0	1.0	0.0	0.0	0.0	1.0	3.0	0.0	-0.1714285714285715	0.0	7.942857142857143	117.26571428571428	-0.6833333333333335	0.0	8.6	93.74833333333332	-0.2538461538461539	0.0	7.6923076923076925	126.98846153846154	7	6	13	7	6	13	human
6svl	O	GGFDTNHYAMDY	DPENSN	GFNIKDY	0.0	0.0	1.0	1.0	0.0	0.0	0.0	1.0	0.0	1.0	0.0	1.0	0.0	1.0	0.0	0.0	0.0	0.0	1.0	0.0	0.0	0.0	2.0	1.0	0.0	0.0	1.0	0.0	0.0	0.0	0.0	0.0	0.0	0.0	1.0	1.0	0.0	0.0	0.0	0.0	1.0	0.0	1.0	2.0	0.0	0.0	0.0	2.0	1.0	0.0	0.0	0.0	1.0	1.0	0.0	0.0	1.0	0.0	2.0	0.0	-0.7571428571428571	0.0	8.785714285714286	122.27857142857144	-2.733333333333333	-0.3333333333333333	10.95	109.43833333333332	-0.9416666666666668	-0.0833333333333333	8.833333333333334	117.37166666666668	7	6	12	7	6	12	human
5y9j	H	SRDLLLFPHHALSP	IPMFGT	GGTFNNN	0.0	0.0	3.0	0.0	0.0	0.0	0.0	2.0	0.0	0.0	0.0	0.0	0.0	1.0	0.0	0.0	1.0	0.0	0.0	0.0	0.0	0.0	0.0	0.0	0.0	0.0	0.0	1.0	0.0	1.0	0.0	0.0	1.0	1.0	1.0	0.0	1.0	0.0	0.0	0.0	1.0	1.0	0.0	1.0	0.0	0.0	0.0	0.0	2.0	0.0	4.0	0.0	0.0	1.0	2.0	2.0	0.0	0.0	0.0	0.0	-1.3142857142857145	0.0	9.514285714285714	105.81714285714284	1.0833333333333333	0.0	6.95	110.80333333333331	0.0428571428571427	0.1428571428571428	7.971428571428571	113.2042857142857	7	6	14	7	6	14	human
6vvu	J	DPRGYGAALDRLDL	SSAAT	RFSLIGY	0.0	1.0	0.0	0.0	0.0	0.0	0.0	1.0	0.0	1.0	1.0	0.0	0.0	1.0	0.0	1.0	0.0	0.0	1.0	0.0	2.0	0.0	0.0	0.0	0.0	0.0	0.0	0.0	0.0	0.0	0.0	0.0	0.0	0.0	0.0	2.0	1.0	0.0	0.0	0.0	2.0	2.0	0.0	3.0	0.0	0.0	0.0	2.0	0.0	0.0	3.0	0.0	0.0	0.0	1.0	0.0	0.0	0.0	1.0	0.0	0.5857142857142856	0.1428571428571428	7.171428571428572	122.14285714285714	0.26	0.0	8.639999999999999	83.486	-0.5857142857142857	-0.0714285714285714	8.792857142857143	110.69214285714284	7	5	14	7	5	14	human
7ley	D	DRRRGSYGSDAFDI	NWNGGS	GFTFDDY	0.0	0.0	0.0	2.0	0.0	0.0	0.0	1.0	0.0	0.0	0.0	0.0	0.0	2.0	0.0	0.0	1.0	0.0	1.0	0.0	0.0	0.0	2.0	0.0	0.0	0.0	0.0	2.0	0.0	0.0	0.0	0.0	0.0	0.0	0.0	1.0	0.0	1.0	0.0	0.0	1.0	3.0	0.0	3.0	0.0	0.0	0.0	2.0	0.0	1.0	0.0	0.0	0.0	1.0	0.0	2.0	0.0	0.0	1.0	0.0	-0.5428571428571429	-0.2857142857142857	8.6	123.41142857142856	-1.5833333333333333	0.0	9.3	108.60333333333334	-1.3285714285714287	0.0	9.4	116.62142857142858	7	6	14	7	6	14	human
6xlq	E	RHSDMIGYYYGMDV	NPNSGG	GYTFTGY	0.0	0.0	0.0	0.0	0.0	0.0	0.0	2.0	0.0	0.0	0.0	0.0	0.0	1.0	0.0	0.0	2.0	0.0	2.0	0.0	0.0	0.0	2.0	0.0	0.0	0.0	0.0	2.0	0.0	0.0	0.0	0.0	0.0	0.0	1.0	1.0	0.0	0.0	0.0	0.0	0.0	1.0	0.0	2.0	0.0	0.0	0.0	2.0	1.0	1.0	0.0	0.0	2.0	0.0	0.0	1.0	0.0	0.0	3.0	1.0	-0.2857142857142857	0.0	7.542857142857143	117.98	-1.7	0.0	9.733333333333333	93.75333333333332	-0.55	0.0	8.22857142857143	123.20857142857145	7	6	14	7	6	14	human
5ggv	H	DPRGATLYYYYYGMDV	WYDGSN	GFTFSSY	0.0	0.0	0.0	0.0	0.0	0.0	0.0	1.0	0.0	0.0	0.0	0.0	0.0	2.0	0.0	2.0	1.0	0.0	1.0	0.0	0.0	0.0	1.0	1.0	0.0	0.0	0.0	1.0	0.0	0.0	0.0	0.0	0.0	0.0	0.0	1.0	0.0	1.0	1.0	0.0	1.0	1.0	0.0	2.0	0.0	0.0	0.0	2.0	0.0	0.0	1.0	0.0	1.0	0.0	1.0	0.0	1.0	0.0	5.0	1.0	0.2285714285714285	0.0	7.514285714285714	115.40857142857143	-1.7333333333333334	-0.1666666666666666	9.066666666666666	123.455	-0.5875	-0.0625	7.91875	122.823125	7	6	16	7	6	16	human
2vh5	H	GRFFDY	SRTSKT	GFTFSTF	0.0	0.0	0.0	0.0	0.0	0.0	0.0	1.0	0.0	0.0	0.0	0.0	0.0	3.0	0.0	1.0	2.0	0.0	0.0	0.0	0.0	1.0	0.0	0.0	0.0	0.0	0.0	0.0	0.0	0.0	0.0	1.0	0.0	0.0	0.0	2.0	2.0	0.0	0.0	0.0	0.0	1.0	0.0	1.0	0.0	0.0	0.0	1.0	0.0	0.0	0.0	0.0	0.0	2.0	0.0	0.0	0.0	0.0	1.0	0.0	0.8285714285714285	0.0	7.285714285714286	115.12714285714286	-1.9	0.3333333333333333	9.566666666666666	110.125	-0.6833333333333335	0.0	8.183333333333334	133.97833333333332	7	6	6	7	6	6	human
7ams	H	GNGYNFDGAYRFFDF	NPYNDD	GYKFTGF	0.0	0.0	0.0	0.0	0.0	0.0	0.0	2.0	0.0	0.0	0.0	1.0	0.0	2.0	0.0	0.0	1.0	0.0	1.0	0.0	0.0	0.0	2.0	2.0	0.0	0.0	0.0	0.0	0.0	0.0	0.0	0.0	0.0	0.0	1.0	0.0	0.0	0.0	1.0	0.0	1.0	1.0	2.0	2.0	0.0	0.0	0.0	3.0	0.0	0.0	0.0	0.0	0.0	4.0	0.0	0.0	0.0	0.0	2.0	0.0	-0.1571428571428572	0.1428571428571428	7.785714285714286	119.56142857142858	-2.8166666666666664	-0.3333333333333333	10.566666666666666	119.78333333333336	-0.62	-0.0666666666666666	8.533333333333333	121.72666666666667	7	6	15	7	6	15	human
5xez	H	EKDHYDILTGYNYYYGLDV	YYDGSN	GFTFSSY	0.0	0.0	0.0	0.0	0.0	0.0	0.0	1.0	0.0	0.0	0.0	0.0	0.0	2.0	0.0	2.0	1.0	0.0	1.0	0.0	0.0	0.0	1.0	1.0	0.0	0.0	0.0	1.0	0.0	0.0	0.0	0.0	0.0	0.0	0.0	1.0	0.0	0.0	2.0	0.0	0.0	0.0	1.0	3.0	0.0	0.0	1.0	2.0	1.0	1.0	2.0	1.0	0.0	0.0	0.0	0.0	1.0	0.0	5.0	1.0	0.2285714285714285	0.0	7.514285714285714	115.40857142857143	-1.8	-0.1666666666666666	9.2	119.615	-0.8578947368421053	-0.1052631578947368	8.58421052631579	124.18631578947368	7	6	19	7	6	19	human
7chz	H	FNGYWNYIMDY	WPREGF	GFTIKDM	0.0	0.0	0.0	1.0	0.0	0.0	0.0	1.0	0.0	1.0	0.0	1.0	1.0	1.0	0.0	0.0	1.0	0.0	0.0	0.0	0.0	1.0	0.0	0.0	0.0	0.0	1.0	1.0	0.0	0.0	0.0	0.0	0.0	1.0	1.0	0.0	0.0	1.0	0.0	0.0	0.0	0.0	2.0	1.0	0.0	0.0	0.0	1.0	0.0	1.0	0.0	0.0	1.0	1.0	0.0	0.0	0.0	1.0	3.0	0.0	0.0999999999999999	0.0	8.285714285714286	115.85285714285716	-1.35	0.0	8.4	131.81333333333333	-0.5909090909090909	-0.0909090909090909	7.754545454545454	135.06	7	6	11	7	6	11	human
5lsp	H	DATTPYWGMMW	DPEDGE	GYTFTDY	0.0	0.0	0.0	1.0	0.0	0.0	0.0	1.0	0.0	0.0	0.0	0.0	0.0	1.0	0.0	0.0	2.0	0.0	2.0	0.0	0.0	0.0	0.0	2.0	0.0	0.0	2.0	1.0	0.0	0.0	0.0	0.0	0.0	0.0	1.0	0.0	0.0	0.0	0.0	0.0	1.0	0.0	0.0	1.0	0.0	0.0	0.0	1.0	0.0	0.0	0.0	0.0	2.0	0.0	1.0	0.0	2.0	2.0	1.0	0.0	-0.7285714285714286	-0.1428571428571428	8.114285714285714	123.7	-2.6666666666666665	-0.6666666666666666	11.266666666666666	110.09833333333334	-0.4	-0.0909090909090909	7.609090909090909	123.50727272727272	7	6	11	7	6	11	human
3g04	B	LEPGYSSTWSVN	DPTDSY	GYRFTSY	0.0	1.0	0.0	0.0	0.0	0.0	0.0	1.0	0.0	0.0	0.0	0.0	0.0	1.0	0.0	1.0	1.0	0.0	2.0	0.0	0.0	0.0	0.0	2.0	0.0	0.0	0.0	0.0	0.0	0.0	0.0	0.0	0.0	0.0	1.0	1.0	1.0	0.0	1.0	0.0	0.0	0.0	1.0	0.0	0.0	0.0	1.0	1.0	0.0	0.0	1.0	0.0	0.0	0.0	1.0	3.0	1.0	1.0	1.0	1.0	-0.8857142857142858	0.1428571428571428	7.8428571428571425	127.56714285714284	-1.9	-0.3333333333333333	9.666666666666666	113.11166666666668	-0.525	-0.0833333333333333	8.291666666666666	111.62	7	6	12	7	6	12	human
3sob	H	GSGHVNAVKNYGYVMDY	TPYGGY	GFTFTNS	0.0	0.0	1.0	0.0	0.0	0.0	0.0	1.0	0.0	0.0	0.0	0.0	0.0	2.0	0.0	1.0	2.0	0.0	0.0	0.0	0.0	0.0	0.0	0.0	0.0	0.0	0.0	2.0	0.0	0.0	0.0	0.0	0.0	0.0	1.0	0.0	1.0	0.0	2.0	0.0	1.0	0.0	2.0	1.0	0.0	0.0	0.0	3.0	1.0	0.0	0.0	1.0	1.0	0.0	0.0	1.0	0.0	0.0	3.0	3.0	-0.0714285714285714	0.0	8.2	110.40285714285714	-0.95	0.0	7.833333333333333	112.44833333333334	-0.4235294117647059	0.0588235294117647	8.48235294117647	112.3570588235294	7	6	17	7	6	17	human
3eoa	H	GIYFYGTTYFDY	HPSDSE	GYSFTGH	0.0	0.0	0.0	0.0	0.0	0.0	0.0	2.0	1.0	0.0	0.0	0.0	0.0	1.0	0.0	1.0	1.0	0.0	1.0	0.0	0.0	0.0	0.0	1.0	0.0	0.0	1.0	0.0	1.0	0.0	0.0	0.0	0.0	0.0	1.0	2.0	0.0	0.0	0.0	0.0	0.0	0.0	0.0	1.0	0.0	0.0	0.0	2.0	0.0	1.0	0.0	0.0	0.0	2.0	0.0	0.0	2.0	0.0	4.0	0.0	-0.5714285714285714	0.1428571428571428	8.22857142857143	112.25571428571428	-2.2333333333333334	-0.1666666666666666	10.35	108.77166666666666	-0.0666666666666667	-0.0833333333333333	7.383333333333333	127.30416666666667	7	6	12	7	6	12	human
3nps	B	TFHIRRYRSGYYDKMDH	IPIFGT	GGTFSSY	0.0	0.0	0.0	0.0	0.0	0.0	0.0	2.0	0.0	0.0	0.0	0.0	0.0	1.0	0.0	2.0	1.0	0.0	1.0	0.0	0.0	0.0	0.0	0.0	0.0	0.0	0.0	1.0	0.0	2.0	0.0	0.0	0.0	1.0	1.0	0.0	1.0	0.0	0.0	0.0	0.0	3.0	0.0	2.0	0.0	0.0	0.0	1.0	2.0	1.0	0.0	1.0	1.0	1.0	0.0	1.0	1.0	0.0	3.0	0.0	-0.2285714285714286	0.0	8.057142857142857	105.10428571428572	1.5166666666666666	0.0	6.866666666666667	107.79666666666668	-1.611764705882353	0.2352941176470588	8.888235294117647	132.09	7	6	17	7	6	17	human
3n85	H	WWSSAMDY	SPSSGW	GFSIWWS	0.0	0.0	0.0	0.0	0.0	0.0	0.0	1.0	0.0	1.0	0.0	0.0	0.0	1.0	0.0	2.0	0.0	2.0	0.0	0.0	0.0	0.0	0.0	0.0	0.0	0.0	0.0	1.0	0.0	0.0	0.0	0.0	0.0	0.0	1.0	3.0	0.0	1.0	0.0	0.0	1.0	0.0	0.0	1.0	0.0	0.0	0.0	0.0	0.0	0.0	0.0	0.0	1.0	0.0	0.0	2.0	0.0	2.0	1.0	0.0	0.4999999999999999	0.0	6.942857142857143	125.99857142857142	-0.8833333333333334	0.0	8.333333333333334	103.27166666666666	-0.5625	-0.125	7.775	128.39375	7	6	8	7	6	8	human
7shy	C	GSHYFGHWHFAV	TYDGS	GYSITSGY	0.0	0.0	0.0	0.0	0.0	0.0	0.0	2.0	0.0	1.0	0.0	0.0	0.0	0.0	0.0	2.0	1.0	0.0	2.0	0.0	0.0	0.0	0.0	1.0	0.0	0.0	0.0	1.0	0.0	0.0	0.0	0.0	0.0	0.0	0.0	1.0	1.0	0.0	1.0	0.0	1.0	0.0	0.0	0.0	0.0	0.0	0.0	2.0	3.0	0.0	0.0	0.0	0.0	2.0	0.0	1.0	0.0	1.0	1.0	1.0	-0.15	0.0	7.825	108.11125	-1.34	-0.2	9.2	108.302	-0.15	0.25	7.866666666666667	121.88083333333331	8	5	12	8	5	12	human
7amq	H	GAGYNFDGAYRFFDF	NPYNDD	GYTFTGY	0.0	0.0	0.0	0.0	0.0	0.0	0.0	2.0	0.0	0.0	0.0	0.0	0.0	1.0	0.0	0.0	2.0	0.0	2.0	0.0	0.0	0.0	2.0	2.0	0.0	0.0	0.0	0.0	0.0	0.0	0.0	0.0	0.0	0.0	1.0	0.0	0.0	0.0	1.0	0.0	2.0	1.0	1.0	2.0	0.0	0.0	0.0	3.0	0.0	0.0	0.0	0.0	0.0	4.0	0.0	0.0	0.0	0.0	2.0	0.0	-0.2857142857142857	0.0	7.542857142857143	117.98	-2.8166666666666664	-0.3333333333333333	10.566666666666666	119.78333333333336	-0.2666666666666667	-0.0666666666666666	8.3	118.858	7	6	15	7	6	15	human
6pe9	H	SWGYFDV	SSGRSN	GFTFSDY	0.0	0.0	0.0	1.0	0.0	0.0	0.0	1.0	0.0	0.0	0.0	0.0	0.0	2.0	0.0	1.0	1.0	0.0	1.0	0.0	0.0	1.0	1.0	0.0	0.0	0.0	0.0	1.0	0.0	0.0	0.0	0.0	0.0	0.0	0.0	3.0	0.0	0.0	0.0	0.0	0.0	0.0	0.0	1.0	0.0	0.0	0.0	1.0	0.0	0.0	0.0	0.0	0.0	1.0	0.0	1.0	0.0	1.0	1.0	1.0	-0.1571428571428572	-0.1428571428571428	8.057142857142857	119.41	-1.8	0.1666666666666666	9.783333333333331	101.09833333333334	0.0142857142857142	-0.1428571428571428	7.7	124.70428571428572	7	6	7	7	6	7	human
6u36	H	ERYGYYFDY	DPGSGG	GYTFSSY	0.0	0.0	0.0	0.0	0.0	0.0	0.0	1.0	0.0	0.0	0.0	0.0	0.0	1.0	0.0	2.0	1.0	0.0	2.0	0.0	0.0	0.0	0.0	1.0	0.0	0.0	0.0	3.0	0.0	0.0	0.0	0.0	0.0	0.0	1.0	1.0	0.0	0.0	0.0	0.0	0.0	1.0	0.0	1.0	0.0	0.0	1.0	1.0	0.0	0.0	0.0	0.0	0.0	1.0	0.0	0.0	0.0	0.0	4.0	0.0	-0.3571428571428572	0.0	7.6571428571428575	117.69428571428573	-1.1833333333333331	-0.1666666666666666	9.533333333333331	87.40666666666668	-1.588888888888889	-0.1111111111111111	8.31111111111111	141.70555555555558	7	6	9	7	6	9	human
5hi4	C	DLIHGVTRN	SGSGGS	GFTFSSY	0.0	0.0	0.0	0.0	0.0	0.0	0.0	1.0	0.0	0.0	0.0	0.0	0.0	2.0	0.0	2.0	1.0	0.0	1.0	0.0	0.0	0.0	0.0	0.0	0.0	0.0	0.0	3.0	0.0	0.0	0.0	0.0	0.0	0.0	0.0	3.0	0.0	0.0	0.0	0.0	0.0	1.0	1.0	1.0	0.0	0.0	0.0	1.0	1.0	1.0	1.0	0.0	0.0	0.0	0.0	0.0	1.0	0.0	0.0	1.0	0.2285714285714285	0.0	7.514285714285714	115.40857142857143	-0.6	0.0	9.1	81.065	-0.3666666666666667	0.1111111111111111	8.788888888888888	113.79333333333332	7	6	9	7	6	9	human
7kql	H	GGPYGDYAHWFEP	YYSGF	GGSISSRSY	0.0	1.0	0.0	0.0	0.0	0.0	0.0	2.0	0.0	1.0	0.0	0.0	0.0	0.0	0.0	4.0	0.0	0.0	1.0	0.0	0.0	0.0	0.0	0.0	0.0	0.0	0.0	1.0	0.0	0.0	0.0	0.0	0.0	1.0	0.0	1.0	0.0	0.0	2.0	0.0	1.0	0.0	0.0	1.0	0.0	0.0	1.0	3.0	1.0	0.0	0.0	0.0	0.0	1.0	2.0	0.0	0.0	1.0	2.0	0.0	-0.588888888888889	0.1111111111111111	8.522222222222222	103.4388888888889	-0.2000000000000001	0.0	7.159999999999999	127.134	-1.0384615384615383	-0.0769230769230769	8.446153846153846	117.81384615384614	9	5	13	9	5	13	human
6aru	C	ALTYYDYEFAY	WSGGN	GFDLTDY	0.0	0.0	0.0	2.0	0.0	0.0	0.0	1.0	0.0	0.0	1.0	0.0	0.0	1.0	0.0	0.0	1.0	0.0	1.0	0.0	0.0	0.0	1.0	0.0	0.0	0.0	0.0	2.0	0.0	0.0	0.0	0.0	0.0	0.0	0.0	1.0	0.0	1.0	0.0	0.0	2.0	0.0	0.0	1.0	0.0	0.0	1.0	0.0	0.0	0.0	1.0	0.0	0.0	1.0	0.0	0.0	1.0	0.0	4.0	0.0	-0.4	-0.2857142857142857	8.557142857142857	118.55142857142856	-1.2	0.0	8.84	107.502	-0.2454545454545454	-0.1818181818181818	7.727272727272728	127.32181818181816	7	5	11	7	5	11	human
5hys	A	GSHYFGHWHFAV	TYDGS	GYSITSGY	0.0	0.0	0.0	0.0	0.0	0.0	0.0	2.0	0.0	1.0	0.0	0.0	0.0	0.0	0.0	2.0	1.0	0.0	2.0	0.0	0.0	0.0	0.0	1.0	0.0	0.0	0.0	1.0	0.0	0.0	0.0	0.0	0.0	0.0	0.0	1.0	1.0	0.0	1.0	0.0	1.0	0.0	0.0	0.0	0.0	0.0	0.0	2.0	3.0	0.0	0.0	0.0	0.0	2.0	0.0	1.0	0.0	1.0	1.0	1.0	-0.15	0.0	7.825	108.11125	-1.34	-0.2	9.2	108.302	-0.15	0.25	7.866666666666667	121.88083333333331	8	5	12	8	5	12	human
5mes	H	QVGATWAFDI	SSSSSY	GFTFSSY	0.0	0.0	0.0	0.0	0.0	0.0	0.0	1.0	0.0	0.0	0.0	0.0	0.0	2.0	0.0	2.0	1.0	0.0	1.0	0.0	0.0	0.0	0.0	0.0	0.0	0.0	0.0	0.0	0.0	0.0	0.0	0.0	0.0	0.0	0.0	5.0	0.0	0.0	1.0	0.0	2.0	0.0	0.0	1.0	0.0	1.0	0.0	1.0	0.0	1.0	0.0	0.0	0.0	1.0	0.0	0.0	1.0	1.0	0.0	1.0	0.2285714285714285	0.0	7.514285714285714	115.40857142857143	-0.8833333333333334	0.0	8.7	99.76333333333334	0.61	-0.1	7.9	110.723	7	6	10	7	6	10	human
3nfp	H	GGGVFDY	NPSTGY	GYTFTSY	0.0	0.0	0.0	0.0	0.0	0.0	0.0	1.0	0.0	0.0	0.0	0.0	0.0	1.0	0.0	1.0	2.0	0.0	2.0	0.0	0.0	0.0	1.0	0.0	0.0	0.0	0.0	1.0	0.0	0.0	0.0	0.0	0.0	0.0	1.0	1.0	1.0	0.0	1.0	0.0	0.0	0.0	0.0	1.0	0.0	0.0	0.0	3.0	0.0	0.0	0.0	0.0	0.0	1.0	0.0	0.0	0.0	0.0	1.0	1.0	-0.3428571428571429	0.0	7.571428571428571	119.69857142857144	-1.3833333333333335	0.0	8.766666666666667	106.275	0.1428571428571428	-0.1428571428571428	8.185714285714285	107.10428571428572	7	6	7	7	6	7	human
5bv7	C	EGAAVRSFYYSYYGMDV	WYDGSN	GFTFSSY	0.0	0.0	0.0	0.0	0.0	0.0	0.0	1.0	0.0	0.0	0.0	0.0	0.0	2.0	0.0	2.0	1.0	0.0	1.0	0.0	0.0	0.0	1.0	1.0	0.0	0.0	0.0	1.0	0.0	0.0	0.0	0.0	0.0	0.0	0.0	1.0	0.0	1.0	1.0	0.0	2.0	1.0	0.0	1.0	0.0	0.0	1.0	2.0	0.0	0.0	0.0	0.0	1.0	1.0	0.0	2.0	0.0	0.0	4.0	2.0	0.2285714285714285	0.0	7.514285714285714	115.40857142857143	-1.7333333333333334	-0.1666666666666666	9.066666666666666	123.455	-0.1411764705882353	-0.0588235294117647	7.994117647058824	117.42235294117648	7	6	17	7	6	17	human
6yxd	H	ETGTAWFAY	NPNSGG	GYTFTDF	0.0	0.0	0.0	1.0	0.0	0.0	0.0	1.0	0.0	0.0	0.0	0.0	0.0	2.0	0.0	0.0	2.0	0.0	1.0	0.0	0.0	0.0	2.0	0.0	0.0	0.0	0.0	2.0	0.0	0.0	0.0	0.0	0.0	0.0	1.0	1.0	0.0	0.0	0.0	0.0	2.0	0.0	0.0	0.0	0.0	0.0	1.0	1.0	0.0	0.0	0.0	0.0	0.0	1.0	0.0	0.0	2.0	1.0	1.0	0.0	-0.1428571428571429	-0.1428571428571428	7.971428571428571	121.41428571428573	-1.7	0.0	9.733333333333333	93.75333333333332	-0.1222222222222222	-0.1111111111111111	7.944444444444445	116.12555555555556	7	6	9	7	6	9	human
5mev	H	QVGATWAFDI	SSSSSY	GFTFSSY	0.0	0.0	0.0	0.0	0.0	0.0	0.0	1.0	0.0	0.0	0.0	0.0	0.0	2.0	0.0	2.0	1.0	0.0	1.0	0.0	0.0	0.0	0.0	0.0	0.0	0.0	0.0	0.0	0.0	0.0	0.0	0.0	0.0	0.0	0.0	5.0	0.0	0.0	1.0	0.0	2.0	0.0	0.0	1.0	0.0	1.0	0.0	1.0	0.0	1.0	0.0	0.0	0.0	1.0	0.0	0.0	1.0	1.0	0.0	1.0	0.2285714285714285	0.0	7.514285714285714	115.40857142857143	-0.8833333333333334	0.0	8.7	99.76333333333334	0.61	-0.1	7.9	110.723	7	6	10	7	6	10	human
7si0	I	GSHYFGHWHFAV	TYDGS	GYSITSGY	0.0	0.0	0.0	0.0	0.0	0.0	0.0	2.0	0.0	1.0	0.0	0.0	0.0	0.0	0.0	2.0	1.0	0.0	2.0	0.0	0.0	0.0	0.0	1.0	0.0	0.0	0.0	1.0	0.0	0.0	0.0	0.0	0.0	0.0	0.0	1.0	1.0	0.0	1.0	0.0	1.0	0.0	0.0	0.0	0.0	0.0	0.0	2.0	3.0	0.0	0.0	0.0	0.0	2.0	0.0	1.0	0.0	1.0	1.0	1.0	-0.15	0.0	7.825	108.11125	-1.34	-0.2	9.2	108.302	-0.15	0.25	7.866666666666667	121.88083333333331	8	5	12	8	5	12	human
5ggs	C	RDYRFDMGFDY	NPSNGG	GYTFTNY	0.0	0.0	1.0	0.0	0.0	0.0	0.0	1.0	0.0	0.0	0.0	0.0	0.0	1.0	0.0	0.0	2.0	0.0	2.0	0.0	0.0	0.0	2.0	0.0	0.0	0.0	0.0	2.0	0.0	0.0	0.0	0.0	0.0	0.0	1.0	1.0	0.0	0.0	0.0	0.0	0.0	2.0	0.0	3.0	0.0	0.0	0.0	1.0	0.0	0.0	0.0	0.0	1.0	2.0	0.0	0.0	0.0	0.0	2.0	0.0	-0.7285714285714286	0.0	7.914285714285714	123.56000000000002	-1.7	0.0	9.733333333333333	93.75333333333332	-1.3636363636363635	-0.0909090909090909	8.863636363636363	134.96545454545455	7	6	11	7	6	11	human
4d9r	H	EGGVNN	NTYTGE	GYTFTNY	0.0	0.0	1.0	0.0	0.0	0.0	0.0	1.0	0.0	0.0	0.0	0.0	0.0	1.0	0.0	0.0	2.0	0.0	2.0	0.0	0.0	0.0	1.0	0.0	0.0	0.0	1.0	1.0	0.0	0.0	0.0	0.0	0.0	0.0	0.0	0.0	2.0	0.0	1.0	0.0	0.0	0.0	2.0	0.0	0.0	0.0	1.0	2.0	0.0	0.0	0.0	0.0	0.0	0.0	0.0	0.0	0.0	0.0	0.0	1.0	-0.7285714285714286	0.0	7.914285714285714	123.56000000000002	-1.6833333333333331	-0.1666666666666666	9.383333333333333	113.94666666666669	-1.1833333333333331	-0.1666666666666666	9.9	101.09499999999998	7	6	6	7	6	6	human
4lmq	E	DQGLNYGSLFDY	WGSGG	GFSLTVY	0.0	0.0	0.0	0.0	0.0	0.0	0.0	1.0	0.0	0.0	1.0	0.0	0.0	1.0	0.0	1.0	1.0	0.0	1.0	1.0	0.0	0.0	0.0	0.0	0.0	0.0	0.0	3.0	0.0	0.0	0.0	0.0	0.0	0.0	0.0	1.0	0.0	1.0	0.0	0.0	0.0	0.0	1.0	2.0	0.0	1.0	0.0	2.0	0.0	0.0	2.0	0.0	0.0	1.0	0.0	1.0	0.0	0.0	2.0	0.0	1.0857142857142856	0.0	7.0	112.27	-0.5800000000000001	0.0	8.32	99.69	-0.65	-0.1666666666666666	8.558333333333334	117.455	7	5	12	7	5	12	human
5xwd	H	LPMVTMSFDY	YYSGS	GGSISSSSY	0.0	0.0	0.0	0.0	0.0	0.0	0.0	2.0	0.0	1.0	0.0	0.0	0.0	0.0	0.0	5.0	0.0	0.0	1.0	0.0	0.0	0.0	0.0	0.0	0.0	0.0	0.0	1.0	0.0	0.0	0.0	0.0	0.0	0.0	0.0	2.0	0.0	0.0	2.0	0.0	0.0	0.0	0.0	1.0	0.0	0.0	0.0	0.0	0.0	0.0	1.0	0.0	2.0	1.0	1.0	1.0	1.0	0.0	1.0	1.0	-0.1777777777777778	0.0	8.377777777777776	95.76	-0.9200000000000002	0.0	7.959999999999999	115.114	0.6699999999999999	-0.1	7.24	118.545	9	5	10	9	5	10	human
3b2u	F	VSIFGVGTFDY	YYSGS	GGSISSGDY	0.0	0.0	0.0	1.0	0.0	0.0	0.0	3.0	0.0	1.0	0.0	0.0	0.0	0.0	0.0	3.0	0.0	0.0	1.0	0.0	0.0	0.0	0.0	0.0	0.0	0.0	0.0	1.0	0.0	0.0	0.0	0.0	0.0	0.0	0.0	2.0	0.0	0.0	2.0	0.0	0.0	0.0	0.0	1.0	0.0	0.0	0.0	2.0	0.0	1.0	0.0	0.0	0.0	2.0	0.0	1.0	1.0	0.0	1.0	2.0	-0.4333333333333333	-0.1111111111111111	8.777777777777779	97.53555555555556	-0.9200000000000002	0.0	7.959999999999999	115.114	1.0363636363636364	-0.0909090909090909	7.490909090909091	111.12181818181816	9	5	11	9	5	11	human
6fxn	D	SRDLLLFPHHALSP	IPMFGT	GGTFNNN	0.0	0.0	3.0	0.0	0.0	0.0	0.0	2.0	0.0	0.0	0.0	0.0	0.0	1.0	0.0	0.0	1.0	0.0	0.0	0.0	0.0	0.0	0.0	0.0	0.0	0.0	0.0	1.0	0.0	1.0	0.0	0.0	1.0	1.0	1.0	0.0	1.0	0.0	0.0	0.0	1.0	1.0	0.0	1.0	0.0	0.0	0.0	0.0	2.0	0.0	4.0	0.0	0.0	1.0	2.0	2.0	0.0	0.0	0.0	0.0	-1.3142857142857145	0.0	9.514285714285714	105.81714285714284	1.0833333333333333	0.0	6.95	110.80333333333331	0.0428571428571427	0.1428571428571428	7.971428571428571	113.2042857142857	7	6	14	7	6	14	human
3nh7	K	ERWHVRGYFDH	SSSGSL	GFTFSNY	0.0	0.0	1.0	0.0	0.0	0.0	0.0	1.0	0.0	0.0	0.0	0.0	0.0	2.0	0.0	1.0	1.0	0.0	1.0	0.0	0.0	0.0	0.0	0.0	0.0	0.0	0.0	1.0	0.0	0.0	1.0	0.0	0.0	0.0	0.0	4.0	0.0	0.0	0.0	0.0	0.0	2.0	0.0	1.0	0.0	0.0	1.0	1.0	2.0	0.0	0.0	0.0	0.0	1.0	0.0	0.0	0.0	1.0	1.0	1.0	-0.1571428571428572	0.0	7.857142857142857	119.27	0.0333333333333332	0.0	8.45	89.42166666666667	-1.6363636363636365	0.1818181818181818	8.981818181818182	136.51181818181817	7	6	11	7	6	11	human
6k7o	F	GMSTNDWASDL	FSGDSAS	GIDFSNHY	0.0	0.0	1.0	1.0	0.0	0.0	0.0	1.0	1.0	1.0	0.0	0.0	0.0	1.0	0.0	1.0	0.0	0.0	1.0	0.0	1.0	0.0	0.0	1.0	0.0	0.0	0.0	1.0	0.0	0.0	0.0	0.0	0.0	1.0	0.0	3.0	0.0	0.0	0.0	0.0	1.0	0.0	1.0	2.0	0.0	0.0	0.0	1.0	0.0	0.0	1.0	0.0	1.0	0.0	0.0	2.0	1.0	1.0	0.0	0.0	-0.675	0.0	8.725	118.99875	-0.2428571428571428	-0.1428571428571428	8.985714285714286	95.66285714285712	-0.6000000000000001	-0.1818181818181818	8.881818181818183	108.75181818181818	8	7	11	8	7	11	human
5tz2	H	VGRFASHQLDY	YPGDSD	GYSFTDY	0.0	0.0	0.0	1.0	0.0	0.0	0.0	1.0	0.0	0.0	0.0	0.0	0.0	1.0	0.0	1.0	1.0	0.0	2.0	0.0	0.0	0.0	0.0	2.0	0.0	0.0	0.0	1.0	0.0	0.0	0.0	0.0	0.0	0.0	1.0	1.0	0.0	0.0	1.0	0.0	1.0	1.0	0.0	1.0	0.0	1.0	0.0	1.0	1.0	0.0	1.0	0.0	0.0	1.0	0.0	1.0	0.0	0.0	1.0	1.0	-0.7428571428571429	-0.1428571428571428	8.2	121.69571428571427	-1.85	-0.3333333333333333	9.733333333333333	108.76833333333332	-0.4181818181818182	0.0909090909090909	8.445454545454545	117.4918181818182	7	6	11	7	6	11	human
5yoy	P	DRGIAAGGNYYYYGMDV	SYDGSN	GFIFSSY	0.0	0.0	0.0	0.0	0.0	0.0	0.0	1.0	0.0	1.0	0.0	0.0	0.0	2.0	0.0	2.0	0.0	0.0	1.0	0.0	0.0	0.0	1.0	1.0	0.0	0.0	0.0	1.0	0.0	0.0	0.0	0.0	0.0	0.0	0.0	2.0	0.0	0.0	1.0	0.0	2.0	1.0	1.0	2.0	0.0	0.0	0.0	4.0	0.0	1.0	0.0	0.0	1.0	0.0	0.0	0.0	0.0	0.0	4.0	1.0	0.9714285714285714	0.0	7.028571428571429	117.13	-1.7166666666666668	-0.1666666666666666	9.7	106.93166666666669	-0.4470588235294117	-0.0588235294117647	8.347058823529412	114.06176470588235	7	6	17	7	6	17	human
7cgw	A	AYGNYWYIDV	YADGS	GFSLTSY	0.0	0.0	0.0	0.0	0.0	0.0	0.0	1.0	0.0	0.0	1.0	0.0	0.0	1.0	0.0	2.0	1.0	0.0	1.0	0.0	1.0	0.0	0.0	1.0	0.0	0.0	0.0	1.0	0.0	0.0	0.0	0.0	0.0	0.0	0.0	1.0	0.0	0.0	1.0	0.0	1.0	0.0	1.0	1.0	0.0	0.0	0.0	1.0	0.0	1.0	0.0	0.0	0.0	0.0	0.0	0.0	0.0	1.0	3.0	1.0	0.3714285714285714	0.0	7.471428571428571	110.54857142857144	-0.8400000000000001	-0.2	9.1	102.296	-0.1699999999999999	-0.1	7.68	126.338	7	5	10	7	5	10	human
6t3j	C	WGTNVYFAY	DPANGN	GFNIKDT	0.0	0.0	1.0	1.0	0.0	0.0	0.0	1.0	0.0	1.0	0.0	1.0	0.0	1.0	0.0	0.0	1.0	0.0	0.0	0.0	1.0	0.0	2.0	1.0	0.0	0.0	0.0	1.0	0.0	0.0	0.0	0.0	0.0	0.0	1.0	0.0	0.0	0.0	0.0	0.0	1.0	0.0	1.0	0.0	0.0	0.0	0.0	1.0	0.0	0.0	0.0	0.0	0.0	1.0	0.0	0.0	1.0	1.0	2.0	1.0	-0.6714285714285715	0.0	9.128571428571428	113.41142857142856	-1.7833333333333332	-0.1666666666666666	10.216666666666669	97.76	0.0777777777777777	0.0	7.355555555555556	124.47111111111111	7	6	9	7	6	9	human
4ogx	H	RRIGVPRRDEFDI	YSSGGI	GFTFSHY	0.0	0.0	0.0	0.0	0.0	0.0	0.0	1.0	1.0	0.0	0.0	0.0	0.0	2.0	0.0	1.0	1.0	0.0	1.0	0.0	0.0	0.0	0.0	0.0	0.0	0.0	0.0	2.0	0.0	1.0	0.0	0.0	0.0	0.0	0.0	2.0	0.0	0.0	1.0	0.0	0.0	4.0	0.0	2.0	0.0	0.0	1.0	1.0	0.0	2.0	0.0	0.0	0.0	1.0	1.0	0.0	0.0	0.0	0.0	1.0	-0.1142857142857143	0.1428571428571428	7.685714285714285	122.56	0.1333333333333333	0.0	7.966666666666666	100.1	-1.1153846153846154	0.0769230769230769	9.138461538461538	125.29692307692306	7	6	13	7	6	13	human
6pe8	H	SWGYFDV	SSGRGN	GFTFSDY	0.0	0.0	0.0	1.0	0.0	0.0	0.0	1.0	0.0	0.0	0.0	0.0	0.0	2.0	0.0	1.0	1.0	0.0	1.0	0.0	0.0	1.0	1.0	0.0	0.0	0.0	0.0	2.0	0.0	0.0	0.0	0.0	0.0	0.0	0.0	2.0	0.0	0.0	0.0	0.0	0.0	0.0	0.0	1.0	0.0	0.0	0.0	1.0	0.0	0.0	0.0	0.0	0.0	1.0	0.0	1.0	0.0	1.0	1.0	1.0	-0.1571428571428572	-0.1428571428571428	8.057142857142857	119.41	-1.7333333333333334	0.1666666666666666	9.75	99.09333333333332	0.0142857142857142	-0.1428571428571428	7.7	124.70428571428572	7	6	7	7	6	7	human
5ggt	H	KFHFVSGSPFGMDV	IPIFGK	GDTFSTY	0.0	0.0	0.0	1.0	0.0	0.0	0.0	1.0	0.0	0.0	0.0	0.0	0.0	1.0	0.0	1.0	2.0	0.0	1.0	0.0	0.0	0.0	0.0	0.0	0.0	0.0	0.0	1.0	0.0	2.0	0.0	1.0	0.0	1.0	1.0	0.0	0.0	0.0	0.0	0.0	0.0	0.0	0.0	1.0	0.0	0.0	0.0	2.0	1.0	0.0	0.0	1.0	1.0	3.0	1.0	2.0	0.0	0.0	0.0	2.0	-0.6571428571428573	-0.1428571428571428	8.542857142857143	112.82857142857142	0.9833333333333332	0.1666666666666666	7.316666666666666	112.30833333333334	0.2928571428571428	0.0714285714285714	8.014285714285714	112.34214285714286	7	6	14	7	6	14	human
6mhr	A	DYGPGNYDWYFDL	NHGGY	GGSFSGY	0.0	0.0	0.0	0.0	0.0	0.0	0.0	3.0	0.0	0.0	0.0	0.0	0.0	1.0	0.0	2.0	0.0	0.0	1.0	0.0	0.0	0.0	1.0	0.0	0.0	0.0	0.0	2.0	1.0	0.0	0.0	0.0	0.0	0.0	0.0	0.0	0.0	0.0	1.0	0.0	0.0	0.0	1.0	3.0	0.0	0.0	0.0	2.0	0.0	0.0	1.0	0.0	0.0	1.0	1.0	0.0	0.0	1.0	3.0	0.0	-0.1857142857142857	0.0	8.114285714285714	101.38142857142856	-1.7600000000000002	0.2	9.24	112.906	-1.123076923076923	-0.2307692307692307	8.515384615384615	126.36153846153846	7	5	13	7	5	13	human
6o3b	G	SSPGADYGLDY	YSSYSY	GFNIYYY	0.0	0.0	1.0	0.0	0.0	0.0	0.0	1.0	0.0	1.0	0.0	0.0	0.0	1.0	0.0	0.0	0.0	0.0	3.0	0.0	0.0	0.0	0.0	0.0	0.0	0.0	0.0	0.0	0.0	0.0	0.0	0.0	0.0	0.0	0.0	3.0	0.0	0.0	3.0	0.0	1.0	0.0	0.0	2.0	0.0	0.0	0.0	2.0	0.0	0.0	1.0	0.0	0.0	0.0	1.0	2.0	0.0	0.0	2.0	0.0	-0.0714285714285714	0.0	7.085714285714286	134.14857142857142	-1.05	0.0	7.699999999999999	125.13	-0.7272727272727273	-0.1818181818181818	8.709090909090909	105.6509090909091	7	6	11	7	6	11	human
6vmk	l	EGGFAY	NPTSGG	GYTFTSY	0.0	0.0	0.0	0.0	0.0	0.0	0.0	1.0	0.0	0.0	0.0	0.0	0.0	1.0	0.0	1.0	2.0	0.0	2.0	0.0	0.0	0.0	1.0	0.0	0.0	0.0	0.0	2.0	0.0	0.0	0.0	0.0	0.0	0.0	1.0	1.0	1.0	0.0	0.0	0.0	1.0	0.0	0.0	0.0	0.0	0.0	1.0	2.0	0.0	0.0	0.0	0.0	0.0	1.0	0.0	0.0	0.0	0.0	1.0	0.0	-0.3428571428571429	0.0	7.571428571428571	119.69857142857144	-1.2333333333333334	0.0	9.233333333333333	91.58666666666666	-0.1666666666666667	-0.1666666666666666	8.299999999999999	110.11	7	6	6	7	6	6	human
4i2x	D	GNYDRAWFAY	FPGSGN	GYSFTSY	0.0	0.0	0.0	0.0	0.0	0.0	0.0	1.0	0.0	0.0	0.0	0.0	0.0	1.0	0.0	2.0	1.0	0.0	2.0	0.0	0.0	0.0	1.0	0.0	0.0	0.0	0.0	2.0	0.0	0.0	0.0	0.0	0.0	1.0	1.0	1.0	0.0	0.0	0.0	0.0	2.0	1.0	1.0	1.0	0.0	0.0	0.0	1.0	0.0	0.0	0.0	0.0	0.0	1.0	0.0	0.0	0.0	1.0	2.0	0.0	-0.3571428571428572	0.0	7.6571428571428575	117.69428571428573	-0.65	0.0	8.666666666666666	99.265	-0.9	0.0	8.33	126.23600000000002	7	6	10	7	6	10	human
3t2n	H	GFAY	NTETGS	GYTFTDY	0.0	0.0	0.0	1.0	0.0	0.0	0.0	1.0	0.0	0.0	0.0	0.0	0.0	1.0	0.0	0.0	2.0	0.0	2.0	0.0	0.0	0.0	1.0	0.0	0.0	0.0	1.0	1.0	0.0	0.0	0.0	0.0	0.0	0.0	0.0	1.0	2.0	0.0	0.0	0.0	1.0	0.0	0.0	0.0	0.0	0.0	0.0	1.0	0.0	0.0	0.0	0.0	0.0	1.0	0.0	0.0	0.0	0.0	1.0	0.0	-0.7285714285714286	-0.1428571428571428	8.114285714285714	123.7	-1.6	-0.1666666666666666	9.883333333333333	101.26333333333334	0.725	0.0	7.125	114.1225	7	6	4	7	6	4	human
5jxe	D	RDYRFDMGFDY	NPSNGG	GYTFTNY	0.0	0.0	1.0	0.0	0.0	0.0	0.0	1.0	0.0	0.0	0.0	0.0	0.0	1.0	0.0	0.0	2.0	0.0	2.0	0.0	0.0	0.0	2.0	0.0	0.0	0.0	0.0	2.0	0.0	0.0	0.0	0.0	0.0	0.0	1.0	1.0	0.0	0.0	0.0	0.0	0.0	2.0	0.0	3.0	0.0	0.0	0.0	1.0	0.0	0.0	0.0	0.0	1.0	2.0	0.0	0.0	0.0	0.0	2.0	0.0	-0.7285714285714286	0.0	7.914285714285714	123.56000000000002	-1.7	0.0	9.733333333333333	93.75333333333332	-1.3636363636363635	-0.0909090909090909	8.863636363636363	134.96545454545455	7	6	11	7	6	11	human
3p0y	H	ESRVSFEAAMDY	SAAGGY	GFTLSGD	0.0	0.0	0.0	1.0	0.0	0.0	0.0	2.0	0.0	0.0	1.0	0.0	0.0	1.0	0.0	1.0	1.0	0.0	0.0	0.0	2.0	0.0	0.0	0.0	0.0	0.0	0.0	2.0	0.0	0.0	0.0	0.0	0.0	0.0	0.0	1.0	0.0	0.0	1.0	0.0	2.0	1.0	0.0	1.0	0.0	0.0	2.0	0.0	0.0	0.0	0.0	0.0	1.0	1.0	0.0	2.0	0.0	0.0	1.0	1.0	0.1142857142857142	-0.1428571428571428	8.414285714285715	101.96	0.1166666666666666	0.0	8.266666666666667	90.42	-0.45	-0.1666666666666666	8.808333333333334	115.54416666666668	7	6	12	7	6	12	human
5tzt	H	GGWHAMDS	YPYNGG	GYTFTDY	0.0	0.0	0.0	1.0	0.0	0.0	0.0	1.0	0.0	0.0	0.0	0.0	0.0	1.0	0.0	0.0	2.0	0.0	2.0	0.0	0.0	0.0	1.0	0.0	0.0	0.0	0.0	2.0	0.0	0.0	0.0	0.0	0.0	0.0	1.0	0.0	0.0	0.0	2.0	0.0	1.0	0.0	0.0	1.0	0.0	0.0	0.0	2.0	1.0	0.0	0.0	0.0	1.0	0.0	0.0	1.0	0.0	1.0	0.0	0.0	-0.7285714285714286	-0.1428571428571428	8.114285714285714	123.7	-1.4166666666666667	0.0	8.333333333333334	114.615	-0.6875	0.0	8.725	109.73875	7	6	8	7	6	8	human
6b3s	C	VSIFGVGTFDY	YYSGS	GGSISSGDY	0.0	0.0	0.0	1.0	0.0	0.0	0.0	3.0	0.0	1.0	0.0	0.0	0.0	0.0	0.0	3.0	0.0	0.0	1.0	0.0	0.0	0.0	0.0	0.0	0.0	0.0	0.0	1.0	0.0	0.0	0.0	0.0	0.0	0.0	0.0	2.0	0.0	0.0	2.0	0.0	0.0	0.0	0.0	1.0	0.0	0.0	0.0	2.0	0.0	1.0	0.0	0.0	0.0	2.0	0.0	1.0	1.0	0.0	1.0	2.0	-0.4333333333333333	-0.1111111111111111	8.777777777777779	97.53555555555556	-0.9200000000000002	0.0	7.959999999999999	115.114	1.0363636363636364	-0.0909090909090909	7.490909090909091	111.12181818181816	9	5	11	9	5	11	human
4wv1	B	TYGIYDLYVDYTEYVMDY	HLGDGS	GFTFTST	0.0	0.0	0.0	0.0	0.0	0.0	0.0	1.0	0.0	0.0	0.0	0.0	0.0	2.0	0.0	1.0	3.0	0.0	0.0	0.0	0.0	0.0	0.0	1.0	0.0	0.0	0.0	2.0	1.0	0.0	1.0	0.0	0.0	0.0	0.0	1.0	0.0	0.0	0.0	0.0	0.0	0.0	0.0	3.0	0.0	0.0	1.0	1.0	0.0	1.0	1.0	0.0	1.0	0.0	0.0	0.0	2.0	0.0	6.0	2.0	0.3285714285714285	0.0	7.771428571428571	108.5457142857143	-0.75	0.0	9.25	100.42833333333331	-0.2777777777777778	-0.2222222222222222	7.905555555555556	127.02888888888889	7	6	18	7	6	18	human
5wi9	H	DRAAAGLHYYYGMDV	WYDGSI	GFTFSNY	0.0	0.0	1.0	0.0	0.0	0.0	0.0	1.0	0.0	0.0	0.0	0.0	0.0	2.0	0.0	1.0	1.0	0.0	1.0	0.0	0.0	0.0	0.0	1.0	0.0	0.0	0.0	1.0	0.0	1.0	0.0	0.0	0.0	0.0	0.0	1.0	0.0	1.0	1.0	0.0	3.0	1.0	0.0	2.0	0.0	0.0	0.0	2.0	1.0	0.0	1.0	0.0	1.0	0.0	0.0	0.0	0.0	0.0	3.0	1.0	-0.1571428571428572	0.0	7.857142857142857	119.27	-0.4000000000000001	-0.1666666666666666	8.0	123.29666666666668	-0.2733333333333334	0.0	8.286666666666667	114.65866666666666	7	6	15	7	6	15	human
7seg	H	GSAYYYDFADY	EPMYGS	GYTFTSY	0.0	0.0	0.0	0.0	0.0	0.0	0.0	1.0	0.0	0.0	0.0	0.0	0.0	1.0	0.0	1.0	2.0	0.0	2.0	0.0	0.0	0.0	0.0	0.0	0.0	0.0	1.0	1.0	0.0	0.0	0.0	0.0	1.0	0.0	1.0	1.0	0.0	0.0	1.0	0.0	2.0	0.0	0.0	2.0	0.0	0.0	0.0	1.0	0.0	0.0	0.0	0.0	0.0	1.0	0.0	1.0	0.0	0.0	4.0	0.0	-0.3428571428571429	0.0	7.571428571428571	119.69857142857144	-0.95	-0.1666666666666666	8.4	113.79166666666669	-0.6363636363636364	-0.1818181818181818	8.218181818181819	121.30636363636364	7	6	11	7	6	11	human
6m58	C	ETVMAGKALDY	SSSGRY	GFMFRAY	1.0	1.0	0.0	0.0	0.0	0.0	0.0	1.0	0.0	0.0	0.0	0.0	1.0	2.0	0.0	0.0	0.0	0.0	1.0	0.0	0.0	1.0	0.0	0.0	0.0	0.0	0.0	1.0	0.0	0.0	0.0	0.0	0.0	0.0	0.0	3.0	0.0	0.0	1.0	0.0	2.0	0.0	0.0	1.0	0.0	0.0	1.0	1.0	0.0	0.0	1.0	1.0	1.0	0.0	0.0	0.0	1.0	0.0	1.0	1.0	0.4428571428571428	0.1428571428571428	7.128571428571428	127.2942857142857	-1.4333333333333331	0.1666666666666666	8.883333333333333	109.27666666666666	0.0181818181818181	-0.0909090909090909	8.463636363636363	108.85272727272728	7	6	11	7	6	11	human
6pi7	C	SHYRPWYKWAYGLDY	YPYYGS	GFNVSYY	0.0	0.0	1.0	0.0	0.0	0.0	0.0	1.0	0.0	0.0	0.0	0.0	0.0	1.0	0.0	1.0	0.0	0.0	2.0	1.0	0.0	0.0	0.0	0.0	0.0	0.0	0.0	1.0	0.0	0.0	0.0	0.0	0.0	0.0	1.0	1.0	0.0	0.0	3.0	0.0	1.0	1.0	0.0	1.0	0.0	0.0	0.0	1.0	1.0	0.0	1.0	1.0	0.0	0.0	1.0	1.0	0.0	2.0	4.0	0.0	-0.0428571428571428	0.0	7.614285714285714	121.27285714285712	-1.1166666666666667	0.0	7.466666666666666	124.79833333333332	-1.2866666666666666	0.1333333333333333	8.0	133.68333333333334	7	6	15	7	6	15	human
7mdp	H	GSSSWYDLGPFDY	YHSGS	GGSISSSN	0.0	0.0	1.0	0.0	0.0	0.0	0.0	2.0	0.0	1.0	0.0	0.0	0.0	0.0	0.0	4.0	0.0	0.0	0.0	0.0	0.0	0.0	0.0	0.0	0.0	0.0	0.0	1.0	1.0	0.0	0.0	0.0	0.0	0.0	0.0	2.0	0.0	0.0	1.0	0.0	0.0	0.0	0.0	2.0	0.0	0.0	0.0	2.0	0.0	0.0	1.0	0.0	0.0	1.0	1.0	3.0	0.0	1.0	2.0	0.0	-0.375	0.0	8.95	90.71125	-1.3	0.2	8.8	109.906	-0.6692307692307693	-0.1538461538461538	8.26923076923077	116.27384615384616	8	5	13	8	5	13	human
4s1q	H	KGPSCPHCGDFHWQH	KGMWGA	GYNFREY	0.0	1.0	1.0	0.0	0.0	0.0	1.0	1.0	0.0	0.0	0.0	0.0	0.0	1.0	0.0	0.0	0.0	0.0	2.0	0.0	1.0	0.0	0.0	0.0	0.0	0.0	0.0	2.0	0.0	0.0	0.0	1.0	1.0	0.0	0.0	0.0	0.0	1.0	0.0	0.0	0.0	0.0	0.0	1.0	2.0	1.0	0.0	2.0	3.0	0.0	0.0	1.0	0.0	1.0	2.0	1.0	0.0	1.0	0.0	0.0	-1.6714285714285717	0.0	8.714285714285714	135.43	-0.3166666666666666	0.1666666666666666	8.083333333333334	111.13	-1.2266666666666668	0.2	8.72	116.92933333333332	7	6	15	7	6	15	human
6ktr	A	DNWQELLFDY	SGSGGS	GFTFSSY	0.0	0.0	0.0	0.0	0.0	0.0	0.0	1.0	0.0	0.0	0.0	0.0	0.0	2.0	0.0	2.0	1.0	0.0	1.0	0.0	0.0	0.0	0.0	0.0	0.0	0.0	0.0	3.0	0.0	0.0	0.0	0.0	0.0	0.0	0.0	3.0	0.0	0.0	0.0	0.0	0.0	0.0	1.0	2.0	0.0	1.0	1.0	0.0	0.0	0.0	2.0	0.0	0.0	1.0	0.0	0.0	0.0	1.0	1.0	0.0	0.2285714285714285	0.0	7.514285714285714	115.40857142857143	-0.6	0.0	9.1	81.065	-0.93	-0.3	8.7	132.44400000000002	7	6	10	7	6	10	human
7su0	I	TGWLGPFDY	SYDGHN	GFTFSHY	0.0	0.0	0.0	0.0	0.0	0.0	0.0	1.0	1.0	0.0	0.0	0.0	0.0	2.0	0.0	1.0	1.0	0.0	1.0	0.0	0.0	0.0	1.0	1.0	0.0	0.0	0.0	1.0	1.0	0.0	0.0	0.0	0.0	0.0	0.0	1.0	0.0	0.0	1.0	0.0	0.0	0.0	0.0	1.0	0.0	0.0	0.0	2.0	0.0	0.0	1.0	0.0	0.0	1.0	1.0	0.0	1.0	1.0	1.0	0.0	-0.1142857142857143	0.1428571428571428	7.685714285714285	122.56	-2.1166666666666667	0.0	9.9	115.275	-0.2444444444444445	-0.1111111111111111	7.699999999999999	119.24	7	6	9	7	6	9	human
5anm	H	VMGGGYDY	DPDNGE	GYIFTDY	0.0	0.0	0.0	1.0	0.0	0.0	0.0	1.0	0.0	1.0	0.0	0.0	0.0	1.0	0.0	0.0	1.0	0.0	2.0	0.0	0.0	0.0	1.0	2.0	0.0	0.0	1.0	1.0	0.0	0.0	0.0	0.0	0.0	0.0	1.0	0.0	0.0	0.0	0.0	0.0	0.0	0.0	0.0	1.0	0.0	0.0	0.0	3.0	0.0	0.0	0.0	0.0	1.0	0.0	0.0	0.0	0.0	0.0	2.0	1.0	0.0142857142857142	-0.1428571428571428	7.628571428571428	125.42142857142858	-2.6666666666666665	-0.5	11.15	107.59666666666668	-0.15	-0.125	8.0	112.11625	7	6	8	7	6	8	human
6o3a	B	GYFYTWGGMDY	YPSYDY	GFNFSSS	0.0	0.0	1.0	0.0	0.0	0.0	0.0	1.0	0.0	0.0	0.0	0.0	0.0	2.0	0.0	3.0	0.0	0.0	0.0	0.0	0.0	0.0	0.0	1.0	0.0	0.0	0.0	0.0	0.0	0.0	0.0	0.0	0.0	0.0	1.0	1.0	0.0	0.0	3.0	0.0	0.0	0.0	0.0	1.0	0.0	0.0	0.0	3.0	0.0	0.0	0.0	0.0	1.0	1.0	0.0	0.0	1.0	1.0	3.0	0.0	-0.1	0.0	8.37142857142857	106.39428571428572	-1.6333333333333335	-0.1666666666666666	8.133333333333333	131.47166666666666	-0.5	-0.0909090909090909	7.590909090909091	126.86272727272728	7	6	11	7	6	11	human
1i9r	K	SDGRNDMDS	NPSNGD	GYIFTSY	0.0	0.0	0.0	0.0	0.0	0.0	0.0	1.0	0.0	1.0	0.0	0.0	0.0	1.0	0.0	1.0	1.0	0.0	2.0	0.0	0.0	0.0	2.0	1.0	0.0	0.0	0.0	1.0	0.0	0.0	0.0	0.0	0.0	0.0	1.0	1.0	0.0	0.0	0.0	0.0	0.0	1.0	1.0	3.0	0.0	0.0	0.0	1.0	0.0	0.0	0.0	0.0	1.0	0.0	0.0	2.0	0.0	0.0	0.0	0.0	0.3999999999999999	0.0	7.085714285714286	121.42	-2.216666666666667	-0.1666666666666666	10.4	100.42666666666666	-2.066666666666667	-0.2222222222222222	10.466666666666669	110.66444444444444	7	6	9	7	6	9	human
5b8c	B	RDYRFDMGFDY	NPSNGG	GYTFTNY	0.0	0.0	1.0	0.0	0.0	0.0	0.0	1.0	0.0	0.0	0.0	0.0	0.0	1.0	0.0	0.0	2.0	0.0	2.0	0.0	0.0	0.0	2.0	0.0	0.0	0.0	0.0	2.0	0.0	0.0	0.0	0.0	0.0	0.0	1.0	1.0	0.0	0.0	0.0	0.0	0.0	2.0	0.0	3.0	0.0	0.0	0.0	1.0	0.0	0.0	0.0	0.0	1.0	2.0	0.0	0.0	0.0	0.0	2.0	0.0	-0.7285714285714286	0.0	7.914285714285714	123.56000000000002	-1.7	0.0	9.733333333333333	93.75333333333332	-1.3636363636363635	-0.0909090909090909	8.863636363636363	134.96545454545455	7	6	11	7	6	11	human
7chy	H	FNGYWNYIMDY	WPYGGF	GFTINGY	0.0	0.0	1.0	0.0	0.0	0.0	0.0	2.0	0.0	1.0	0.0	0.0	0.0	1.0	0.0	0.0	1.0	0.0	1.0	0.0	0.0	0.0	0.0	0.0	0.0	0.0	0.0	2.0	0.0	0.0	0.0	0.0	0.0	1.0	1.0	0.0	0.0	1.0	1.0	0.0	0.0	0.0	2.0	1.0	0.0	0.0	0.0	1.0	0.0	1.0	0.0	0.0	1.0	1.0	0.0	0.0	0.0	1.0	3.0	0.0	0.1428571428571428	0.0	7.828571428571428	112.69142857142856	-0.3	0.0	7.133333333333333	123.96666666666664	-0.5909090909090909	-0.0909090909090909	7.754545454545454	135.06	7	6	11	7	6	11	human
7lf8	H	QIDDYYVDALDY	SRDSY	GFTFSRC	0.0	1.0	0.0	0.0	1.0	0.0	0.0	1.0	0.0	0.0	0.0	0.0	0.0	2.0	0.0	1.0	1.0	0.0	0.0	0.0	0.0	1.0	0.0	1.0	0.0	0.0	0.0	0.0	0.0	0.0	0.0	0.0	0.0	0.0	0.0	2.0	0.0	0.0	1.0	0.0	1.0	0.0	0.0	4.0	0.0	1.0	0.0	0.0	0.0	1.0	1.0	0.0	0.0	0.0	0.0	0.0	0.0	0.0	3.0	1.0	0.2428571428571428	0.1428571428571428	7.6	116.7057142857143	-2.18	0.0	9.62	121.724	-0.5916666666666667	-0.3333333333333333	8.766666666666667	122.88	7	5	12	7	5	12	human
6umx	H	DLLVRFLYWSHYYGMDV	SYDGSR	GFTFSSY	0.0	0.0	0.0	0.0	0.0	0.0	0.0	1.0	0.0	0.0	0.0	0.0	0.0	2.0	0.0	2.0	1.0	0.0	1.0	0.0	0.0	1.0	0.0	1.0	0.0	0.0	0.0	1.0	0.0	0.0	0.0	0.0	0.0	0.0	0.0	2.0	0.0	0.0	1.0	0.0	0.0	1.0	0.0	2.0	0.0	0.0	0.0	1.0	1.0	0.0	3.0	0.0	1.0	1.0	0.0	1.0	0.0	1.0	3.0	2.0	0.2285714285714285	0.0	7.514285714285714	115.40857142857143	-1.8833333333333335	0.0	9.516666666666667	113.945	0.2235294117647058	0.0	7.4411764705882355	128.0894117647059	7	6	17	7	6	17	human
3kr3	H	DNGDYVGEKGFDI	SSSGGM	GFTFSNY	0.0	0.0	1.0	0.0	0.0	0.0	0.0	1.0	0.0	0.0	0.0	0.0	0.0	2.0	0.0	1.0	1.0	0.0	1.0	0.0	0.0	0.0	0.0	0.0	0.0	0.0	0.0	2.0	0.0	0.0	0.0	0.0	1.0	0.0	0.0	3.0	0.0	0.0	0.0	0.0	0.0	0.0	1.0	3.0	0.0	0.0	1.0	3.0	0.0	1.0	0.0	1.0	0.0	1.0	0.0	0.0	0.0	0.0	1.0	1.0	-0.1571428571428572	0.0	7.857142857142857	119.27	-0.2166666666666667	0.0	8.549999999999999	90.42333333333332	-0.953846153846154	-0.2307692307692307	9.515384615384615	112.65230769230767	7	6	13	7	6	13	human
3hmx	H	RRPGQGYFDF	SPVDSD	GYSFTTY	0.0	0.0	0.0	0.0	0.0	0.0	0.0	1.0	0.0	0.0	0.0	0.0	0.0	1.0	0.0	1.0	2.0	0.0	2.0	0.0	0.0	0.0	0.0	2.0	0.0	0.0	0.0	0.0	0.0	0.0	0.0	0.0	0.0	0.0	1.0	2.0	0.0	0.0	0.0	1.0	0.0	2.0	0.0	1.0	0.0	1.0	0.0	2.0	0.0	0.0	0.0	0.0	0.0	2.0	1.0	0.0	0.0	0.0	1.0	0.0	-0.3428571428571429	0.0	7.571428571428571	119.69857142857144	-1.0	-0.3333333333333333	9.716666666666669	100.09833333333334	-1.41	0.1	8.709999999999999	126.03600000000002	7	6	10	7	6	10	human
3bn9	D	PYLTYPQRRGPQNVSPFDN	SGSGGS	GFTFSSY	0.0	0.0	0.0	0.0	0.0	0.0	0.0	1.0	0.0	0.0	0.0	0.0	0.0	2.0	0.0	2.0	1.0	0.0	1.0	0.0	0.0	0.0	0.0	0.0	0.0	0.0	0.0	3.0	0.0	0.0	0.0	0.0	0.0	0.0	0.0	3.0	0.0	0.0	0.0	0.0	0.0	2.0	2.0	1.0	0.0	2.0	0.0	1.0	0.0	0.0	1.0	0.0	0.0	1.0	4.0	1.0	1.0	0.0	2.0	1.0	0.2285714285714285	0.0	7.514285714285714	115.40857142857143	-0.6	0.0	9.1	81.065	-1.4	0.0526315789473684	8.705263157894738	118.39473684210526	7	6	19	7	6	19	human
4y5x	G	DRVAVAGKGSYYFDS	SGSGGS	GFTFSSY	0.0	0.0	0.0	0.0	0.0	0.0	0.0	1.0	0.0	0.0	0.0	0.0	0.0	2.0	0.0	2.0	1.0	0.0	1.0	0.0	0.0	0.0	0.0	0.0	0.0	0.0	0.0	3.0	0.0	0.0	0.0	0.0	0.0	0.0	0.0	3.0	0.0	0.0	0.0	0.0	2.0	1.0	0.0	2.0	0.0	0.0	0.0	2.0	0.0	0.0	0.0	1.0	0.0	1.0	0.0	2.0	0.0	0.0	2.0	2.0	0.2285714285714285	0.0	7.514285714285714	115.40857142857143	-0.6	0.0	9.1	81.065	-0.3733333333333333	0.0	8.653333333333334	110.18466666666669	7	6	15	7	6	15	human
6nmr	A	DSTVSWSGDFFDY	GSGD	GFSFSNF	0.0	0.0	1.0	0.0	0.0	0.0	0.0	1.0	0.0	0.0	0.0	0.0	0.0	3.0	0.0	2.0	0.0	0.0	0.0	0.0	0.0	0.0	0.0	1.0	0.0	0.0	0.0	2.0	0.0	0.0	0.0	0.0	0.0	0.0	0.0	1.0	0.0	0.0	0.0	0.0	0.0	0.0	0.0	3.0	0.0	0.0	0.0	1.0	0.0	0.0	0.0	0.0	0.0	2.0	0.0	3.0	1.0	1.0	1.0	1.0	0.4142857142857142	0.0	7.8	114.98	-1.275	-0.25	10.05	88.0675	-0.4923076923076923	-0.2307692307692307	8.623076923076923	117.35076923076925	7	4	13	7	4	13	human
4dkf	H	GGPDYAMDV	DWYGGD	GFSFTSY	0.0	0.0	0.0	0.0	0.0	0.0	0.0	1.0	0.0	0.0	0.0	0.0	0.0	2.0	0.0	2.0	1.0	0.0	1.0	0.0	0.0	0.0	0.0	2.0	0.0	0.0	0.0	2.0	0.0	0.0	0.0	0.0	0.0	0.0	0.0	0.0	0.0	1.0	1.0	0.0	1.0	0.0	0.0	2.0	0.0	0.0	0.0	2.0	0.0	0.0	0.0	0.0	1.0	0.0	1.0	0.0	0.0	0.0	1.0	1.0	0.2285714285714285	0.0	7.514285714285714	115.40857142857143	-1.6666666666666667	-0.3333333333333333	9.266666666666667	121.61333333333334	-0.3111111111111111	-0.2222222222222222	8.655555555555557	104.66555555555556	7	6	9	7	6	9	human
5xf1	H	EKDHYDILTGYNYYYGLDV	YYDGSN	GFTFSSY	0.0	0.0	0.0	0.0	0.0	0.0	0.0	1.0	0.0	0.0	0.0	0.0	0.0	2.0	0.0	2.0	1.0	0.0	1.0	0.0	0.0	0.0	1.0	1.0	0.0	0.0	0.0	1.0	0.0	0.0	0.0	0.0	0.0	0.0	0.0	1.0	0.0	0.0	2.0	0.0	0.0	0.0	1.0	3.0	0.0	0.0	1.0	2.0	1.0	1.0	2.0	1.0	0.0	0.0	0.0	0.0	1.0	0.0	5.0	1.0	0.2285714285714285	0.0	7.514285714285714	115.40857142857143	-1.8	-0.1666666666666666	9.2	119.615	-0.8578947368421053	-0.1052631578947368	8.58421052631579	124.18631578947368	7	6	19	7	6	19	human
5sx4	H	DRVTGAFDI	YYSGN	GGSVSSGDY	0.0	0.0	0.0	1.0	0.0	0.0	0.0	3.0	0.0	0.0	0.0	0.0	0.0	0.0	0.0	3.0	0.0	0.0	1.0	1.0	0.0	0.0	1.0	0.0	0.0	0.0	0.0	1.0	0.0	0.0	0.0	0.0	0.0	0.0	0.0	1.0	0.0	0.0	2.0	0.0	1.0	1.0	0.0	2.0	0.0	0.0	0.0	1.0	0.0	1.0	0.0	0.0	0.0	1.0	0.0	0.0	1.0	0.0	0.0	1.0	-0.4666666666666667	-0.1111111111111111	8.855555555555556	95.97666666666666	-1.46	0.0	8.440000000000001	120.52	0.0777777777777777	-0.1111111111111111	8.722222222222221	110.34222222222223	9	5	9	9	5	9	human
6wvz	H	DLRGTNYFDY	SAYNGY	GYTFTSY	0.0	0.0	0.0	0.0	0.0	0.0	0.0	1.0	0.0	0.0	0.0	0.0	0.0	1.0	0.0	1.0	2.0	0.0	2.0	0.0	1.0	0.0	1.0	0.0	0.0	0.0	0.0	1.0	0.0	0.0	0.0	0.0	0.0	0.0	0.0	1.0	0.0	0.0	2.0	0.0	0.0	1.0	1.0	2.0	0.0	0.0	0.0	1.0	0.0	0.0	1.0	0.0	0.0	1.0	0.0	0.0	1.0	0.0	2.0	0.0	-0.3428571428571429	0.0	7.571428571428571	119.69857142857144	-0.9166666666666666	0.0	8.383333333333333	112.28000000000002	-1.21	-0.1	8.82	126.334	7	6	10	7	6	10	human
6xm2	F	HMQVGGAPTGSMAAFDP	SYGGS	GFSLSSY	0.0	0.0	0.0	0.0	0.0	0.0	0.0	1.0	0.0	0.0	1.0	0.0	0.0	1.0	0.0	3.0	0.0	0.0	1.0	0.0	0.0	0.0	0.0	0.0	0.0	0.0	0.0	2.0	0.0	0.0	0.0	0.0	0.0	0.0	0.0	2.0	0.0	0.0	1.0	0.0	3.0	0.0	0.0	1.0	0.0	1.0	0.0	3.0	1.0	0.0	0.0	0.0	2.0	1.0	2.0	1.0	1.0	0.0	0.0	1.0	0.3571428571428571	0.0	7.557142857142857	108.5442857142857	-0.74	0.0	8.52	97.488	0.0058823529411764	0.0	8.323529411764707	100.58176470588236	7	5	17	7	5	17	human
5czx	H	DDYSTYAFAY	VPYHGI	GGTFRTY	0.0	1.0	0.0	0.0	0.0	0.0	0.0	2.0	0.0	0.0	0.0	0.0	0.0	1.0	0.0	0.0	2.0	0.0	1.0	0.0	0.0	0.0	0.0	0.0	0.0	0.0	0.0	1.0	1.0	1.0	0.0	0.0	0.0	0.0	1.0	0.0	0.0	0.0	1.0	1.0	2.0	0.0	0.0	2.0	0.0	0.0	0.0	0.0	0.0	0.0	0.0	0.0	0.0	1.0	0.0	1.0	1.0	0.0	3.0	0.0	-0.7428571428571429	0.1428571428571428	8.157142857142857	116.98142857142857	0.3666666666666666	0.1666666666666666	7.45	114.13	-0.6	-0.2	8.379999999999999	119.725	7	6	10	7	6	10	human
7kf1	D	LGIGYYYYGMDV	YPTNGY	GFNIKDT	0.0	0.0	1.0	1.0	0.0	0.0	0.0	1.0	0.0	1.0	0.0	1.0	0.0	1.0	0.0	0.0	1.0	0.0	0.0	0.0	0.0	0.0	1.0	0.0	0.0	0.0	0.0	1.0	0.0	0.0	0.0	0.0	0.0	0.0	1.0	0.0	1.0	0.0	2.0	0.0	0.0	0.0	0.0	1.0	0.0	0.0	0.0	3.0	0.0	1.0	1.0	0.0	1.0	0.0	0.0	0.0	0.0	0.0	4.0	1.0	-0.6714285714285715	0.0	9.128571428571428	113.41142857142856	-1.4666666666666668	0.0	8.266666666666667	118.95833333333331	0.375	-0.0833333333333333	7.208333333333333	120.80083333333332	7	6	12	7	6	12	human
4g3y	H	NYYGSTYDY	RSKSINSA	GFIFSNH	0.0	0.0	1.0	0.0	0.0	0.0	0.0	1.0	1.0	1.0	0.0	0.0	0.0	2.0	0.0	1.0	0.0	0.0	0.0	0.0	1.0	1.0	1.0	0.0	0.0	0.0	0.0	0.0	0.0	1.0	0.0	1.0	0.0	0.0	0.0	3.0	0.0	0.0	0.0	0.0	0.0	0.0	1.0	1.0	0.0	0.0	0.0	1.0	0.0	0.0	0.0	0.0	0.0	0.0	0.0	1.0	1.0	0.0	4.0	0.0	0.3142857142857141	0.1428571428571428	7.971428571428571	117.27142857142856	-1.0	0.25	9.2875	105.495	-1.5666666666666669	-0.1111111111111111	8.466666666666667	127.24	7	8	9	7	8	9	human
7shu	E	GNNYFGHWHFAV	TYDGS	GYNITSGY	0.0	0.0	1.0	0.0	0.0	0.0	0.0	2.0	0.0	1.0	0.0	0.0	0.0	0.0	0.0	1.0	1.0	0.0	2.0	0.0	0.0	0.0	0.0	1.0	0.0	0.0	0.0	1.0	0.0	0.0	0.0	0.0	0.0	0.0	0.0	1.0	1.0	0.0	1.0	0.0	1.0	0.0	2.0	0.0	0.0	0.0	0.0	2.0	2.0	0.0	0.0	0.0	0.0	2.0	0.0	0.0	0.0	1.0	1.0	1.0	-0.4875	0.0	8.125	111.49	-1.34	-0.2	9.2	108.302	-0.4000000000000001	0.1666666666666666	8.166666666666666	122.21416666666666	8	5	12	8	5	12	human
6d2p	H	SLGRDWFDP	NPNSGG	GYTFTGY	0.0	0.0	0.0	0.0	0.0	0.0	0.0	2.0	0.0	0.0	0.0	0.0	0.0	1.0	0.0	0.0	2.0	0.0	2.0	0.0	0.0	0.0	2.0	0.0	0.0	0.0	0.0	2.0	0.0	0.0	0.0	0.0	0.0	0.0	1.0	1.0	0.0	0.0	0.0	0.0	0.0	1.0	0.0	2.0	0.0	0.0	0.0	1.0	0.0	0.0	1.0	0.0	0.0	1.0	1.0	1.0	0.0	1.0	0.0	0.0	-0.2857142857142857	0.0	7.542857142857143	117.98	-1.7	0.0	9.733333333333333	93.75333333333332	-0.9555555555555556	-0.1111111111111111	8.68888888888889	121.35333333333334	7	6	9	7	6	9	human
5wux	C	GYRSYAMDY	NTYIGE	GYVFTDY	0.0	0.0	0.0	1.0	0.0	0.0	0.0	1.0	0.0	0.0	0.0	0.0	0.0	1.0	0.0	0.0	1.0	0.0	2.0	1.0	0.0	0.0	1.0	0.0	0.0	0.0	1.0	1.0	0.0	1.0	0.0	0.0	0.0	0.0	0.0	0.0	1.0	0.0	1.0	0.0	1.0	1.0	0.0	1.0	0.0	0.0	0.0	1.0	0.0	0.0	0.0	0.0	1.0	0.0	0.0	1.0	0.0	0.0	3.0	0.0	-0.0285714285714285	-0.1428571428571428	7.728571428571429	123.41714285714286	-0.8166666666666668	-0.1666666666666666	8.816666666666666	115.955	-1.0444444444444445	0.0	8.233333333333333	125.02555555555556	7	6	9	7	6	9	human
2wub	R	WAWPAFDY	YPAGGA	GFTINGT	0.0	0.0	1.0	0.0	0.0	0.0	0.0	2.0	0.0	1.0	0.0	0.0	0.0	1.0	0.0	0.0	2.0	0.0	0.0	0.0	2.0	0.0	0.0	0.0	0.0	0.0	0.0	2.0	0.0	0.0	0.0	0.0	0.0	0.0	1.0	0.0	0.0	0.0	1.0	0.0	2.0	0.0	0.0	1.0	0.0	0.0	0.0	0.0	0.0	0.0	0.0	0.0	0.0	1.0	1.0	0.0	0.0	2.0	1.0	0.0	0.2285714285714285	0.0	8.171428571428573	103.82428571428572	-0.0166666666666666	0.0	8.066666666666666	92.09333333333332	-0.225	-0.125	7.425	129.64625	7	6	8	7	6	8	human
6ba5	F	GYSTYYGDFNI	NSGGS	GSDINDY	0.0	0.0	1.0	2.0	0.0	0.0	0.0	1.0	0.0	1.0	0.0	0.0	0.0	0.0	0.0	1.0	0.0	0.0	1.0	0.0	0.0	0.0	1.0	0.0	0.0	0.0	0.0	2.0	0.0	0.0	0.0	0.0	0.0	0.0	0.0	2.0	0.0	0.0	0.0	0.0	0.0	0.0	1.0	1.0	0.0	0.0	0.0	2.0	0.0	1.0	0.0	0.0	0.0	1.0	0.0	1.0	1.0	0.0	3.0	0.0	-1.2142857142857142	-0.2857142857142857	9.6	111.82285714285716	-1.1800000000000002	0.0	9.6	87.674	-0.5363636363636364	-0.0909090909090909	8.127272727272727	119.7609090909091	7	5	11	7	5	11	human
6jjp	D	PDSSGVAY	SGGGSY	GFTFSSY	0.0	0.0	0.0	0.0	0.0	0.0	0.0	1.0	0.0	0.0	0.0	0.0	0.0	2.0	0.0	2.0	1.0	0.0	1.0	0.0	0.0	0.0	0.0	0.0	0.0	0.0	0.0	3.0	0.0	0.0	0.0	0.0	0.0	0.0	0.0	2.0	0.0	0.0	1.0	0.0	1.0	0.0	0.0	1.0	0.0	0.0	0.0	1.0	0.0	0.0	0.0	0.0	0.0	0.0	1.0	2.0	0.0	0.0	1.0	1.0	0.2285714285714285	0.0	7.514285714285714	115.40857142857143	-0.6833333333333335	0.0	8.6	93.74833333333332	-0.3	-0.125	8.575	99.35125	7	6	8	7	6	8	human
4y5v	D	VSRGGSYSD	KPDGSE	GFTFSSY	0.0	0.0	0.0	0.0	0.0	0.0	0.0	1.0	0.0	0.0	0.0	0.0	0.0	2.0	0.0	2.0	1.0	0.0	1.0	0.0	0.0	0.0	0.0	1.0	0.0	0.0	1.0	1.0	0.0	0.0	0.0	1.0	0.0	0.0	1.0	1.0	0.0	0.0	0.0	0.0	0.0	1.0	0.0	1.0	0.0	0.0	0.0	2.0	0.0	0.0	0.0	0.0	0.0	0.0	0.0	3.0	0.0	0.0	1.0	1.0	0.2285714285714285	0.0	7.514285714285714	115.40857142857143	-2.283333333333333	-0.1666666666666666	10.466666666666669	105.27333333333333	-0.9222222222222224	0.0	9.022222222222222	104.9922222222222	7	6	9	7	6	9	human
6bfq	H	ITGTTDL	YASGS	DSAIRKY	1.0	1.0	0.0	1.0	0.0	0.0	0.0	0.0	0.0	1.0	0.0	1.0	0.0	0.0	0.0	1.0	0.0	0.0	1.0	0.0	1.0	0.0	0.0	0.0	0.0	0.0	0.0	1.0	0.0	0.0	0.0	0.0	0.0	0.0	0.0	2.0	0.0	0.0	1.0	0.0	0.0	0.0	0.0	1.0	0.0	0.0	0.0	1.0	0.0	1.0	1.0	0.0	0.0	0.0	0.0	0.0	3.0	0.0	0.0	0.0	-1.1	0.1428571428571428	9.071428571428571	119.13714285714286	-0.3	0.0	8.34	96.694	0.3285714285714285	-0.1428571428571428	8.27142857142857	102.82714285714285	7	5	7	7	5	7	human
5grj	H	IKLGTVTTVDY	YPSGGI	GFTFSSY	0.0	0.0	0.0	0.0	0.0	0.0	0.0	1.0	0.0	0.0	0.0	0.0	0.0	2.0	0.0	2.0	1.0	0.0	1.0	0.0	0.0	0.0	0.0	0.0	0.0	0.0	0.0	2.0	0.0	1.0	0.0	0.0	0.0	0.0	1.0	1.0	0.0	0.0	1.0	0.0	0.0	0.0	0.0	1.0	0.0	0.0	0.0	1.0	0.0	1.0	1.0	1.0	0.0	0.0	0.0	0.0	3.0	0.0	1.0	2.0	0.2285714285714285	0.0	7.514285714285714	115.40857142857143	-3.7007434154171876e-17	0.0	7.766666666666667	101.77333333333333	0.5	0.0	7.927272727272728	109.94636363636364	7	6	11	7	6	11	human
7kpg	H	ETWNHLFDY	SSGSD	GFTFSSN	0.0	0.0	1.0	0.0	0.0	0.0	0.0	1.0	0.0	0.0	0.0	0.0	0.0	2.0	0.0	2.0	1.0	0.0	0.0	0.0	0.0	0.0	0.0	1.0	0.0	0.0	0.0	1.0	0.0	0.0	0.0	0.0	0.0	0.0	0.0	3.0	0.0	0.0	0.0	0.0	0.0	0.0	1.0	1.0	0.0	0.0	1.0	0.0	1.0	0.0	1.0	0.0	0.0	1.0	0.0	0.0	1.0	1.0	1.0	0.0	-0.0857142857142857	0.0	8.285714285714286	108.39857142857144	-1.26	-0.2	9.919999999999998	90.276	-1.1111111111111112	-0.1111111111111111	8.622222222222222	134.03444444444443	7	5	9	7	5	9	human
5wk3	W	VGPADVWDSFDY	DPSDSD	GYSFTSY	0.0	0.0	0.0	0.0	0.0	0.0	0.0	1.0	0.0	0.0	0.0	0.0	0.0	1.0	0.0	2.0	1.0	0.0	2.0	0.0	0.0	0.0	0.0	3.0	0.0	0.0	0.0	0.0	0.0	0.0	0.0	0.0	0.0	0.0	1.0	2.0	0.0	0.0	0.0	0.0	1.0	0.0	0.0	3.0	0.0	0.0	0.0	1.0	0.0	0.0	0.0	0.0	0.0	1.0	1.0	1.0	0.0	1.0	1.0	2.0	-0.3571428571428572	0.0	7.6571428571428575	117.69428571428573	-2.283333333333333	-0.5	10.9	102.75833333333333	-0.2083333333333333	-0.25	8.491666666666667	114.20333333333332	7	6	12	7	6	12	human
5x8l	G	RHWPGGFDY	SPYGGS	GFTFSDS	0.0	0.0	0.0	1.0	0.0	0.0	0.0	1.0	0.0	0.0	0.0	0.0	0.0	2.0	0.0	2.0	1.0	0.0	0.0	0.0	0.0	0.0	0.0	0.0	0.0	0.0	0.0	2.0	0.0	0.0	0.0	0.0	0.0	0.0	1.0	2.0	0.0	0.0	1.0	0.0	0.0	1.0	0.0	1.0	0.0	0.0	0.0	2.0	1.0	0.0	0.0	0.0	0.0	1.0	1.0	0.0	0.0	1.0	1.0	0.0	-0.0857142857142857	-0.1428571428571428	8.485714285714286	108.53857142857144	-0.8833333333333334	0.0	8.433333333333334	97.42666666666666	-1.4444444444444444	0.1111111111111111	8.522222222222222	128.02444444444444	7	6	9	7	6	9	human
7amp	H	GAGYNFDGAYRFFDF	NPYNDD	GYTFTGY	0.0	0.0	0.0	0.0	0.0	0.0	0.0	2.0	0.0	0.0	0.0	0.0	0.0	1.0	0.0	0.0	2.0	0.0	2.0	0.0	0.0	0.0	2.0	2.0	0.0	0.0	0.0	0.0	0.0	0.0	0.0	0.0	0.0	0.0	1.0	0.0	0.0	0.0	1.0	0.0	2.0	1.0	1.0	2.0	0.0	0.0	0.0	3.0	0.0	0.0	0.0	0.0	0.0	4.0	0.0	0.0	0.0	0.0	2.0	0.0	-0.2857142857142857	0.0	7.542857142857143	117.98	-2.8166666666666664	-0.3333333333333333	10.566666666666666	119.78333333333336	-0.2666666666666667	-0.0666666666666666	8.3	118.858	7	6	15	7	6	15	human
3u30	F	TWLLRWVMDL	TPSSGQ	GFTFSNT	0.0	0.0	1.0	0.0	0.0	0.0	0.0	1.0	0.0	0.0	0.0	0.0	0.0	2.0	0.0	1.0	2.0	0.0	0.0	0.0	0.0	0.0	0.0	0.0	0.0	1.0	0.0	1.0	0.0	0.0	0.0	0.0	0.0	0.0	1.0	2.0	1.0	0.0	0.0	0.0	0.0	1.0	0.0	1.0	0.0	0.0	0.0	0.0	0.0	0.0	3.0	0.0	1.0	0.0	0.0	0.0	1.0	2.0	0.0	1.0	-0.0714285714285714	0.0	8.2	110.40285714285714	-1.3	0.0	9.083333333333334	95.92833333333331	0.7	0.0	6.92	131.464	7	6	10	7	6	10	human
6xxv	A	DRTYYSGVYYTEDGLDS	NSGGGI	GFTFSPY	0.0	0.0	0.0	0.0	0.0	0.0	0.0	1.0	0.0	0.0	0.0	0.0	0.0	2.0	1.0	1.0	1.0	0.0	1.0	0.0	0.0	0.0	1.0	0.0	0.0	0.0	0.0	3.0	0.0	1.0	0.0	0.0	0.0	0.0	0.0	1.0	0.0	0.0	0.0	0.0	0.0	1.0	0.0	3.0	0.0	0.0	1.0	2.0	0.0	0.0	1.0	0.0	0.0	0.0	0.0	2.0	2.0	0.0	4.0	1.0	0.1142857142857142	0.0	7.3428571428571425	116.84285714285714	-0.1666666666666666	0.0	8.833333333333334	89.91666666666667	-1.1470588235294117	-0.1764705882352941	8.882352941176471	118.94529411764704	7	6	17	7	6	17	human
6txz	J	ANWGFFDY	SVSGGS	GFTFSSY	0.0	0.0	0.0	0.0	0.0	0.0	0.0	1.0	0.0	0.0	0.0	0.0	0.0	2.0	0.0	2.0	1.0	0.0	1.0	0.0	0.0	0.0	0.0	0.0	0.0	0.0	0.0	2.0	0.0	0.0	0.0	0.0	0.0	0.0	0.0	3.0	0.0	0.0	0.0	1.0	1.0	0.0	1.0	1.0	0.0	0.0	0.0	1.0	0.0	0.0	0.0	0.0	0.0	2.0	0.0	0.0	0.0	1.0	1.0	0.0	0.2285714285714285	0.0	7.514285714285714	115.40857142857143	0.1666666666666666	0.0	8.583333333333334	85.07833333333333	-0.275	-0.125	7.9625	127.38625	7	6	8	7	6	8	human
7wkx	A	YGWGYFDY	DTNTGE	EYIFTNY	0.0	0.0	1.0	0.0	0.0	0.0	1.0	0.0	0.0	1.0	0.0	0.0	0.0	1.0	0.0	0.0	1.0	0.0	2.0	0.0	0.0	0.0	1.0	1.0	0.0	0.0	1.0	1.0	0.0	0.0	0.0	0.0	0.0	0.0	0.0	0.0	2.0	0.0	0.0	0.0	0.0	0.0	0.0	1.0	0.0	0.0	0.0	2.0	0.0	0.0	0.0	0.0	0.0	1.0	0.0	0.0	0.0	1.0	3.0	0.0	-0.4285714285714285	-0.1428571428571428	7.9	133.00571428571428	-2.0500000000000003	-0.3333333333333333	10.516666666666667	105.93166666666669	-0.7875000000000001	-0.125	7.525	136.01625	7	6	8	7	6	8	human
6bft	A	YPHYYGSSHWYFDV	NTYTGE	GYDFDNY	0.0	0.0	1.0	2.0	0.0	0.0	0.0	1.0	0.0	0.0	0.0	0.0	0.0	1.0	0.0	0.0	0.0	0.0	2.0	0.0	0.0	0.0	1.0	0.0	0.0	0.0	1.0	1.0	0.0	0.0	0.0	0.0	0.0	0.0	0.0	0.0	2.0	0.0	1.0	0.0	0.0	0.0	0.0	1.0	0.0	0.0	0.0	1.0	2.0	0.0	0.0	0.0	0.0	1.0	1.0	2.0	0.0	1.0	4.0	1.0	-1.5285714285714287	-0.2857142857142857	9.171428571428573	127.55428571428573	-1.6833333333333331	-0.1666666666666666	9.383333333333333	113.94666666666669	-0.9000000000000001	0.0714285714285714	7.892857142857143	130.06785714285715	7	6	14	7	6	14	human
6nmu	B	QYDWNSFFDY	NSGGGG	GFSFSSY	0.0	0.0	0.0	0.0	0.0	0.0	0.0	1.0	0.0	0.0	0.0	0.0	0.0	2.0	0.0	3.0	0.0	0.0	1.0	0.0	0.0	0.0	1.0	0.0	0.0	0.0	0.0	4.0	0.0	0.0	0.0	0.0	0.0	0.0	0.0	1.0	0.0	0.0	0.0	0.0	0.0	0.0	1.0	2.0	0.0	1.0	0.0	0.0	0.0	0.0	0.0	0.0	0.0	2.0	0.0	1.0	0.0	1.0	2.0	0.0	0.2142857142857142	0.0	7.6	113.40428571428572	-0.9833333333333334	0.0	9.466666666666669	83.565	-1.27	-0.2	8.55	136.644	7	6	10	7	6	10	human
1n8z	B	WGGDGFYAMDY	YPTNGY	GFNIKDT	0.0	0.0	1.0	1.0	0.0	0.0	0.0	1.0	0.0	1.0	0.0	1.0	0.0	1.0	0.0	0.0	1.0	0.0	0.0	0.0	0.0	0.0	1.0	0.0	0.0	0.0	0.0	1.0	0.0	0.0	0.0	0.0	0.0	0.0	1.0	0.0	1.0	0.0	2.0	0.0	1.0	0.0	0.0	2.0	0.0	0.0	0.0	3.0	0.0	0.0	0.0	0.0	1.0	1.0	0.0	0.0	0.0	1.0	2.0	0.0	-0.6714285714285715	0.0	9.128571428571428	113.41142857142856	-1.4666666666666668	0.0	8.266666666666667	118.95833333333331	-0.4727272727272727	-0.1818181818181818	8.163636363636364	119.76090909090908	7	6	11	7	6	11	human
5hhx	H	DLIHGVTRN	SGSGGS	GFTFSSY	0.0	0.0	0.0	0.0	0.0	0.0	0.0	1.0	0.0	0.0	0.0	0.0	0.0	2.0	0.0	2.0	1.0	0.0	1.0	0.0	0.0	0.0	0.0	0.0	0.0	0.0	0.0	3.0	0.0	0.0	0.0	0.0	0.0	0.0	0.0	3.0	0.0	0.0	0.0	0.0	0.0	1.0	1.0	1.0	0.0	0.0	0.0	1.0	1.0	1.0	1.0	0.0	0.0	0.0	0.0	0.0	1.0	0.0	0.0	1.0	0.2285714285714285	0.0	7.514285714285714	115.40857142857143	-0.6	0.0	9.1	81.065	-0.3666666666666667	0.1111111111111111	8.788888888888888	113.79333333333332	7	6	9	7	6	9	human
2xqb	H	DPAAWPLQQSLAWFDP	SAFNGY	GYSFSSF	0.0	0.0	0.0	0.0	0.0	0.0	0.0	1.0	0.0	0.0	0.0	0.0	0.0	2.0	0.0	3.0	0.0	0.0	1.0	0.0	1.0	0.0	1.0	0.0	0.0	0.0	0.0	1.0	0.0	0.0	0.0	0.0	0.0	1.0	0.0	1.0	0.0	0.0	1.0	0.0	3.0	0.0	0.0	2.0	0.0	2.0	0.0	0.0	0.0	0.0	2.0	0.0	0.0	1.0	3.0	1.0	0.0	2.0	0.0	0.0	0.2142857142857142	0.0	7.6	113.40428571428572	-0.2333333333333334	0.0	8.216666666666667	109.61333333333334	-0.35	-0.125	8.14375	114.00375	7	6	16	7	6	16	human
5wt9	H	NDDY	WYDGSK	GITFSNS	0.0	0.0	1.0	0.0	0.0	0.0	0.0	1.0	0.0	1.0	0.0	0.0	0.0	1.0	0.0	2.0	1.0	0.0	0.0	0.0	0.0	0.0	0.0	1.0	0.0	0.0	0.0	1.0	0.0	0.0	0.0	1.0	0.0	0.0	0.0	1.0	0.0	1.0	1.0	0.0	0.0	0.0	1.0	2.0	0.0	0.0	0.0	0.0	0.0	0.0	0.0	0.0	0.0	0.0	0.0	0.0	0.0	0.0	1.0	0.0	0.157142857142857	0.0	8.285714285714286	103.53857142857144	-1.8	0.0	9.016666666666667	125.8	-2.95	-0.5	10.95	126.8675	7	6	4	7	6	4	human
6i04	H	TIYDLFDI	YPSGN	GGSISSSVY	0.0	0.0	0.0	0.0	0.0	0.0	0.0	2.0	0.0	1.0	0.0	0.0	0.0	0.0	0.0	4.0	0.0	0.0	1.0	1.0	0.0	0.0	1.0	0.0	0.0	0.0	0.0	1.0	0.0	0.0	0.0	0.0	0.0	0.0	1.0	1.0	0.0	0.0	1.0	0.0	0.0	0.0	0.0	2.0	0.0	0.0	0.0	0.0	0.0	2.0	1.0	0.0	0.0	1.0	0.0	0.0	1.0	0.0	1.0	0.0	0.3777777777777777	0.0	8.011111111111111	97.0988888888889	-1.52	0.0	8.8	107.308	0.825	-0.25	7.6625	122.64125	9	5	8	9	5	8	human
7rco	F	HMQVGGAPTGSMAAFDP	SYGGS	GFSLSSY	0.0	0.0	0.0	0.0	0.0	0.0	0.0	1.0	0.0	0.0	1.0	0.0	0.0	1.0	0.0	3.0	0.0	0.0	1.0	0.0	0.0	0.0	0.0	0.0	0.0	0.0	0.0	2.0	0.0	0.0	0.0	0.0	0.0	0.0	0.0	2.0	0.0	0.0	1.0	0.0	3.0	0.0	0.0	1.0	0.0	1.0	0.0	3.0	1.0	0.0	0.0	0.0	2.0	1.0	2.0	1.0	1.0	0.0	0.0	1.0	0.3571428571428571	0.0	7.557142857142857	108.5442857142857	-0.74	0.0	8.52	97.488	0.0058823529411764	0.0	8.323529411764707	100.58176470588236	7	5	17	7	5	17	human
6ogx	C	APRWYFSV	YPDNGD	GYTFTDS	0.0	0.0	0.0	1.0	0.0	0.0	0.0	1.0	0.0	0.0	0.0	0.0	0.0	1.0	0.0	1.0	2.0	0.0	1.0	0.0	0.0	0.0	1.0	2.0	0.0	0.0	0.0	1.0	0.0	0.0	0.0	0.0	0.0	0.0	1.0	0.0	0.0	0.0	1.0	0.0	1.0	1.0	0.0	0.0	0.0	0.0	0.0	0.0	0.0	0.0	0.0	0.0	0.0	1.0	1.0	1.0	0.0	1.0	1.0	1.0	-0.6571428571428573	-0.1428571428571428	8.542857142857143	112.82857142857142	-2.3000000000000003	-0.3333333333333333	10.133333333333333	113.27333333333333	-0.0375	0.125	7.3125	125.8975	7	6	8	7	6	8	human
5hi3	C	DLIHGVTRN	SGSGGS	GFTFSSY	0.0	0.0	0.0	0.0	0.0	0.0	0.0	1.0	0.0	0.0	0.0	0.0	0.0	2.0	0.0	2.0	1.0	0.0	1.0	0.0	0.0	0.0	0.0	0.0	0.0	0.0	0.0	3.0	0.0	0.0	0.0	0.0	0.0	0.0	0.0	3.0	0.0	0.0	0.0	0.0	0.0	1.0	1.0	1.0	0.0	0.0	0.0	1.0	1.0	1.0	1.0	0.0	0.0	0.0	0.0	0.0	1.0	0.0	0.0	1.0	0.2285714285714285	0.0	7.514285714285714	115.40857142857143	-0.6	0.0	9.1	81.065	-0.3666666666666667	0.1111111111111111	8.788888888888888	113.79333333333332	7	6	9	7	6	9	human
4g6j	H	DLRTGPFDY	WYDGDN	GFTFSVY	0.0	0.0	0.0	0.0	0.0	0.0	0.0	1.0	0.0	0.0	0.0	0.0	0.0	2.0	0.0	1.0	1.0	0.0	1.0	1.0	0.0	0.0	1.0	2.0	0.0	0.0	0.0	1.0	0.0	0.0	0.0	0.0	0.0	0.0	0.0	0.0	0.0	1.0	1.0	0.0	0.0	1.0	0.0	2.0	0.0	0.0	0.0	1.0	0.0	0.0	1.0	0.0	0.0	1.0	1.0	0.0	1.0	0.0	1.0	0.0	0.9428571428571428	0.0	7.042857142857143	117.13	-2.183333333333333	-0.3333333333333333	9.7	128.1233333333333	-0.9888888888888888	-0.1111111111111111	8.711111111111112	120.35222222222222	7	6	9	7	6	9	human
5hi5	C	DLIHGVTRN	SGSGGS	GFTFSSY	0.0	0.0	0.0	0.0	0.0	0.0	0.0	1.0	0.0	0.0	0.0	0.0	0.0	2.0	0.0	2.0	1.0	0.0	1.0	0.0	0.0	0.0	0.0	0.0	0.0	0.0	0.0	3.0	0.0	0.0	0.0	0.0	0.0	0.0	0.0	3.0	0.0	0.0	0.0	0.0	0.0	1.0	1.0	1.0	0.0	0.0	0.0	1.0	1.0	1.0	1.0	0.0	0.0	0.0	0.0	0.0	1.0	0.0	0.0	1.0	0.2285714285714285	0.0	7.514285714285714	115.40857142857143	-0.6	0.0	9.1	81.065	-0.3666666666666667	0.1111111111111111	8.788888888888888	113.79333333333332	7	6	9	7	6	9	human
2fjh	B	WGHSTSPWAMDY	YPYSGY	GFTINAS	1.0	0.0	1.0	0.0	0.0	0.0	0.0	1.0	0.0	1.0	0.0	0.0	0.0	1.0	0.0	1.0	1.0	0.0	0.0	0.0	0.0	0.0	0.0	0.0	0.0	0.0	0.0	1.0	0.0	0.0	0.0	0.0	0.0	0.0	1.0	1.0	0.0	0.0	3.0	0.0	1.0	0.0	0.0	1.0	0.0	0.0	0.0	1.0	1.0	0.0	0.0	0.0	1.0	0.0	1.0	2.0	1.0	2.0	1.0	0.0	0.5285714285714286	0.0	8.128571428571428	101.25285714285714	-1.1166666666666667	0.0	7.466666666666666	124.79833333333332	-0.8666666666666667	0.0	8.183333333333334	119.7975	7	6	12	7	6	12	human
4zso	D	EGLGALLRDLYY	YPGNGD	GYTFTSY	0.0	0.0	0.0	0.0	0.0	0.0	0.0	1.0	0.0	0.0	0.0	0.0	0.0	1.0	0.0	1.0	2.0	0.0	2.0	0.0	0.0	0.0	1.0	1.0	0.0	0.0	0.0	2.0	0.0	0.0	0.0	0.0	0.0	0.0	1.0	0.0	0.0	0.0	1.0	0.0	1.0	1.0	0.0	1.0	0.0	0.0	1.0	2.0	0.0	0.0	4.0	0.0	0.0	0.0	0.0	0.0	0.0	0.0	2.0	0.0	-0.3428571428571429	0.0	7.571428571428571	119.69857142857144	-1.7833333333333332	-0.1666666666666666	9.466666666666669	106.6	0.1749999999999999	-0.0833333333333333	7.825	116.715	7	6	12	7	6	12	human
5utz	F	TPTVTGDWFDP	YYSGS	GGSISSGGY	0.0	0.0	0.0	0.0	0.0	0.0	0.0	4.0	0.0	1.0	0.0	0.0	0.0	0.0	0.0	3.0	0.0	0.0	1.0	0.0	0.0	0.0	0.0	0.0	0.0	0.0	0.0	1.0	0.0	0.0	0.0	0.0	0.0	0.0	0.0	2.0	0.0	0.0	2.0	0.0	0.0	0.0	0.0	2.0	0.0	0.0	0.0	1.0	0.0	0.0	0.0	0.0	0.0	1.0	2.0	0.0	3.0	1.0	0.0	1.0	-0.0888888888888889	0.0	8.333333333333334	93.08666666666666	-0.9200000000000002	0.0	7.959999999999999	115.114	-0.6	-0.1818181818181818	8.481818181818182	112.30272727272728	9	5	11	9	5	11	human
4dke	I	GLGKGSKRGAMDY	SPYYYY	GFTFSST	0.0	0.0	0.0	0.0	0.0	0.0	0.0	1.0	0.0	0.0	0.0	0.0	0.0	2.0	0.0	2.0	2.0	0.0	0.0	0.0	0.0	0.0	0.0	0.0	0.0	0.0	0.0	0.0	0.0	0.0	0.0	0.0	0.0	0.0	1.0	1.0	0.0	0.0	4.0	0.0	1.0	1.0	0.0	1.0	0.0	0.0	0.0	4.0	0.0	0.0	1.0	2.0	1.0	0.0	0.0	1.0	0.0	0.0	1.0	0.0	0.3142857142857142	0.0	7.857142857142857	106.54142857142855	-1.2666666666666668	0.0	7.0	139.48666666666668	-0.9230769230769232	0.1538461538461538	8.938461538461539	107.1953846153846	7	6	13	7	6	13	human
3mxw	H	DWERGDFFDY	RPYSGE	GYTFIDE	0.0	0.0	0.0	1.0	0.0	0.0	1.0	1.0	0.0	1.0	0.0	0.0	0.0	1.0	0.0	0.0	1.0	0.0	1.0	0.0	0.0	1.0	0.0	0.0	0.0	0.0	1.0	1.0	0.0	0.0	0.0	0.0	0.0	0.0	1.0	1.0	0.0	0.0	1.0	0.0	0.0	1.0	0.0	3.0	0.0	0.0	1.0	1.0	0.0	0.0	0.0	0.0	0.0	2.0	0.0	0.0	0.0	1.0	1.0	0.0	-0.3	-0.2857142857142857	8.5	120.55571428571427	-2.0166666666666666	0.0	9.2	117.95666666666666	-1.55	-0.3	9.28	134.93900000000002	7	6	10	7	6	10	human
7e9b	H	YYYGIDF	SGGGSN	GFTFSNY	0.0	0.0	1.0	0.0	0.0	0.0	0.0	1.0	0.0	0.0	0.0	0.0	0.0	2.0	0.0	1.0	1.0	0.0	1.0	0.0	0.0	0.0	1.0	0.0	0.0	0.0	0.0	3.0	0.0	0.0	0.0	0.0	0.0	0.0	0.0	2.0	0.0	0.0	0.0	0.0	0.0	0.0	0.0	1.0	0.0	0.0	0.0	1.0	0.0	1.0	0.0	0.0	0.0	1.0	0.0	0.0	0.0	0.0	3.0	0.0	-0.1571428571428572	0.0	7.857142857142857	119.27	-1.05	0.0	9.5	85.57	-0.0714285714285714	-0.1428571428571428	7.285714285714286	134.28857142857143	7	6	7	7	6	7	human
6ban	B	GYSTYYGDFNI	NSGGS	GSDINDY	0.0	0.0	1.0	2.0	0.0	0.0	0.0	1.0	0.0	1.0	0.0	0.0	0.0	0.0	0.0	1.0	0.0	0.0	1.0	0.0	0.0	0.0	1.0	0.0	0.0	0.0	0.0	2.0	0.0	0.0	0.0	0.0	0.0	0.0	0.0	2.0	0.0	0.0	0.0	0.0	0.0	0.0	1.0	1.0	0.0	0.0	0.0	2.0	0.0	1.0	0.0	0.0	0.0	1.0	0.0	1.0	1.0	0.0	3.0	0.0	-1.2142857142857142	-0.2857142857142857	9.6	111.82285714285716	-1.1800000000000002	0.0	9.6	87.674	-0.5363636363636364	-0.0909090909090909	8.127272727272727	119.7609090909091	7	5	11	7	5	11	human
2h9g	H	RLALVRMWMDY	YPHDGN	GFSIGKS	0.0	0.0	0.0	0.0	0.0	0.0	0.0	2.0	0.0	1.0	0.0	1.0	0.0	1.0	0.0	2.0	0.0	0.0	0.0	0.0	0.0	0.0	1.0	1.0	0.0	0.0	0.0	1.0	1.0	0.0	0.0	0.0	0.0	0.0	1.0	0.0	0.0	0.0	1.0	0.0	1.0	2.0	0.0	1.0	0.0	0.0	0.0	0.0	0.0	0.0	2.0	0.0	2.0	0.0	0.0	0.0	0.0	1.0	1.0	1.0	0.1428571428571428	0.1428571428571428	8.3	101.82571428571428	-2.25	0.0	9.7	116.94833333333334	0.2454545454545454	0.0909090909090909	7.345454545454545	130.52727272727273	7	6	11	7	6	11	human
6mi2	D	GYGIFDY	YPGDSY	GYSFSTY	0.0	0.0	0.0	0.0	0.0	0.0	0.0	1.0	0.0	0.0	0.0	0.0	0.0	1.0	0.0	2.0	1.0	0.0	2.0	0.0	0.0	0.0	0.0	1.0	0.0	0.0	0.0	1.0	0.0	0.0	0.0	0.0	0.0	0.0	1.0	1.0	0.0	0.0	2.0	0.0	0.0	0.0	0.0	1.0	0.0	0.0	0.0	2.0	0.0	1.0	0.0	0.0	0.0	1.0	0.0	0.0	0.0	0.0	2.0	0.0	-0.3571428571428572	0.0	7.6571428571428575	117.69428571428573	-1.4833333333333334	-0.1666666666666666	8.6	116.78333333333336	0.0571428571428571	-0.1428571428571428	7.685714285714285	121.69857142857144	7	6	7	7	6	7	human
2fjg	H	FVFFLPYAMDY	TPAGGY	GFTISDY	0.0	0.0	0.0	1.0	0.0	0.0	0.0	1.0	0.0	1.0	0.0	0.0	0.0	1.0	0.0	1.0	1.0	0.0	1.0	0.0	1.0	0.0	0.0	0.0	0.0	0.0	0.0	2.0	0.0	0.0	0.0	0.0	0.0	0.0	1.0	0.0	1.0	0.0	1.0	0.0	1.0	0.0	0.0	1.0	0.0	0.0	0.0	0.0	0.0	0.0	1.0	0.0	1.0	3.0	1.0	0.0	0.0	0.0	2.0	1.0	0.0857142857142856	-0.1428571428571428	8.057142857142857	114.55	-0.4333333333333333	0.0	8.15	97.09833333333334	1.1272727272727272	-0.0909090909090909	6.6909090909090905	126.78909090909092	7	6	11	7	6	11	human
5x8m	B	EGGWFGELAFDY	KQDGSE	GFTFSRY	0.0	1.0	0.0	0.0	0.0	0.0	0.0	1.0	0.0	0.0	0.0	0.0	0.0	2.0	0.0	1.0	1.0	0.0	1.0	0.0	0.0	0.0	0.0	1.0	0.0	1.0	1.0	1.0	0.0	0.0	0.0	1.0	0.0	0.0	0.0	1.0	0.0	0.0	0.0	0.0	1.0	0.0	0.0	1.0	0.0	0.0	2.0	3.0	0.0	0.0	1.0	0.0	0.0	2.0	0.0	0.0	0.0	1.0	1.0	0.0	-0.3000000000000001	0.1428571428571428	7.7	125.28142857142858	-2.6	-0.1666666666666666	10.883333333333333	110.44166666666666	-0.225	-0.25	8.3	118.87333333333332	7	6	12	7	6	12	human
5xxy	H	RHWPGGFDY	SPYGGS	GFTFSDS	0.0	0.0	0.0	1.0	0.0	0.0	0.0	1.0	0.0	0.0	0.0	0.0	0.0	2.0	0.0	2.0	1.0	0.0	0.0	0.0	0.0	0.0	0.0	0.0	0.0	0.0	0.0	2.0	0.0	0.0	0.0	0.0	0.0	0.0	1.0	2.0	0.0	0.0	1.0	0.0	0.0	1.0	0.0	1.0	0.0	0.0	0.0	2.0	1.0	0.0	0.0	0.0	0.0	1.0	1.0	0.0	0.0	1.0	1.0	0.0	-0.0857142857142857	-0.1428571428571428	8.485714285714286	108.53857142857144	-0.8833333333333334	0.0	8.433333333333334	97.42666666666666	-1.4444444444444444	0.1111111111111111	8.522222222222222	128.02444444444444	7	6	9	7	6	9	human
4j4p	H	DGEISYDYYYYGMDV	YYRSKWY	GDSVSSNSA	1.0	0.0	1.0	1.0	0.0	0.0	0.0	1.0	0.0	0.0	0.0	0.0	0.0	0.0	0.0	4.0	0.0	0.0	0.0	1.0	0.0	1.0	0.0	0.0	0.0	0.0	0.0	0.0	0.0	0.0	0.0	1.0	0.0	0.0	0.0	1.0	0.0	1.0	3.0	0.0	0.0	0.0	0.0	3.0	0.0	0.0	1.0	2.0	0.0	1.0	0.0	0.0	1.0	0.0	0.0	1.0	0.0	0.0	5.0	1.0	-0.5111111111111111	-0.1111111111111111	9.377777777777776	91.42	-2.0	0.2857142857142857	7.857142857142857	149.60142857142858	-0.7666666666666667	-0.2666666666666666	8.42	124.73066666666666	9	7	15	9	7	15	human
6wmw	H	RYGPEDIDY	NTYTGE	GYTFTDY	0.0	0.0	0.0	1.0	0.0	0.0	0.0	1.0	0.0	0.0	0.0	0.0	0.0	1.0	0.0	0.0	2.0	0.0	2.0	0.0	0.0	0.0	1.0	0.0	0.0	0.0	1.0	1.0	0.0	0.0	0.0	0.0	0.0	0.0	0.0	0.0	2.0	0.0	1.0	0.0	0.0	1.0	0.0	2.0	0.0	0.0	1.0	1.0	0.0	1.0	0.0	0.0	0.0	0.0	1.0	0.0	0.0	0.0	2.0	0.0	-0.7285714285714286	-0.1428571428571428	8.114285714285714	123.7	-1.6833333333333331	-0.1666666666666666	9.383333333333333	113.94666666666669	-1.6777777777777778	-0.2222222222222222	9.266666666666667	125.24222222222222	7	6	9	7	6	9	human
7lfa	H	ENLYGYYFDY	YPGDGD	GYTFTSH	0.0	0.0	0.0	0.0	0.0	0.0	0.0	1.0	1.0	0.0	0.0	0.0	0.0	1.0	0.0	1.0	2.0	0.0	1.0	0.0	0.0	0.0	0.0	2.0	0.0	0.0	0.0	2.0	0.0	0.0	0.0	0.0	0.0	0.0	1.0	0.0	0.0	0.0	1.0	0.0	0.0	0.0	1.0	1.0	0.0	0.0	1.0	1.0	0.0	0.0	1.0	0.0	0.0	1.0	0.0	0.0	0.0	0.0	4.0	0.0	-0.6142857142857144	0.1428571428571428	8.171428571428573	115.97857142857144	-1.7833333333333332	-0.3333333333333333	9.7	106.76333333333334	-0.95	-0.2	8.08	134.643	7	6	10	7	6	10	human
3wlw	C	EGDGAFDY	SAYNGN	GYSFTSY	0.0	0.0	0.0	0.0	0.0	0.0	0.0	1.0	0.0	0.0	0.0	0.0	0.0	1.0	0.0	2.0	1.0	0.0	2.0	0.0	1.0	0.0	2.0	0.0	0.0	0.0	0.0	1.0	0.0	0.0	0.0	0.0	0.0	0.0	0.0	1.0	0.0	0.0	1.0	0.0	1.0	0.0	0.0	2.0	0.0	0.0	1.0	2.0	0.0	0.0	0.0	0.0	0.0	1.0	0.0	0.0	0.0	0.0	1.0	0.0	-0.3571428571428572	0.0	7.6571428571428575	117.69428571428573	-1.2833333333333334	0.0	9.283333333333331	104.10166666666667	-1.0	-0.375	9.475	111.355	7	6	8	7	6	8	human
5veb	H	QWGSYAFDS	SGSGSN	GFTFSSH	0.0	0.0	0.0	0.0	0.0	0.0	0.0	1.0	1.0	0.0	0.0	0.0	0.0	2.0	0.0	2.0	1.0	0.0	0.0	0.0	0.0	0.0	1.0	0.0	0.0	0.0	0.0	2.0	0.0	0.0	0.0	0.0	0.0	0.0	0.0	3.0	0.0	0.0	0.0	0.0	1.0	0.0	0.0	1.0	0.0	1.0	0.0	1.0	0.0	0.0	0.0	0.0	0.0	1.0	0.0	2.0	0.0	1.0	1.0	0.0	-0.0428571428571429	0.1428571428571428	8.114285714285714	111.68857142857142	-1.1166666666666667	0.0	9.533333333333331	87.575	-0.7333333333333334	-0.1111111111111111	8.422222222222222	117.78777777777776	7	6	9	7	6	9	human
3thm	H	RQLLDDGTGYQWAAFDV	AYRGNSNSGS	GASISANSY	2.0	0.0	1.0	0.0	0.0	0.0	0.0	1.0	0.0	1.0	0.0	0.0	0.0	0.0	0.0	3.0	0.0	0.0	1.0	0.0	1.0	1.0	2.0	0.0	0.0	0.0	0.0	2.0	0.0	0.0	0.0	0.0	0.0	0.0	0.0	3.0	0.0	0.0	1.0	0.0	2.0	1.0	0.0	3.0	0.0	2.0	0.0	2.0	0.0	0.0	2.0	0.0	0.0	1.0	0.0	0.0	1.0	1.0	1.0	1.0	0.0555555555555555	0.0	8.422222222222222	96.54444444444444	-1.42	0.1	9.36	103.001	-0.4411764705882353	-0.1176470588235294	8.576470588235296	116.06588235294116	9	10	17	9	10	17	human
5occ	H	SVGAYANDAFDI	SGSGGN	GFTLSSY	0.0	0.0	0.0	0.0	0.0	0.0	0.0	1.0	0.0	0.0	1.0	0.0	0.0	1.0	0.0	2.0	1.0	0.0	1.0	0.0	0.0	0.0	1.0	0.0	0.0	0.0	0.0	3.0	0.0	0.0	0.0	0.0	0.0	0.0	0.0	2.0	0.0	0.0	0.0	0.0	3.0	0.0	1.0	2.0	0.0	0.0	0.0	1.0	0.0	1.0	0.0	0.0	0.0	1.0	0.0	1.0	0.0	0.0	1.0	1.0	0.3714285714285714	0.0	7.471428571428571	110.54857142857144	-1.05	0.0	9.5	85.57	0.325	-0.1666666666666666	8.549999999999999	103.52583333333332	7	6	12	7	6	12	human
7shz	E	GSHYFGHWHFAV	KYSGE	GYSITSGY	0.0	0.0	0.0	0.0	0.0	0.0	0.0	2.0	0.0	1.0	0.0	0.0	0.0	0.0	0.0	2.0	1.0	0.0	2.0	0.0	0.0	0.0	0.0	0.0	0.0	0.0	1.0	1.0	0.0	0.0	0.0	1.0	0.0	0.0	0.0	1.0	0.0	0.0	1.0	0.0	1.0	0.0	0.0	0.0	0.0	0.0	0.0	2.0	3.0	0.0	0.0	0.0	0.0	2.0	0.0	1.0	0.0	1.0	1.0	1.0	-0.15	0.0	7.825	108.11125	-1.98	0.0	9.6	116.522	-0.15	0.25	7.866666666666667	121.88083333333331	8	5	12	8	5	12	human
2j6e	I	LGPDDYTLDGMDV	YYSGN	GGSISRGSH	0.0	1.0	0.0	0.0	0.0	0.0	0.0	3.0	1.0	1.0	0.0	0.0	0.0	0.0	0.0	3.0	0.0	0.0	0.0	0.0	0.0	0.0	1.0	0.0	0.0	0.0	0.0	1.0	0.0	0.0	0.0	0.0	0.0	0.0	0.0	1.0	0.0	0.0	2.0	0.0	0.0	0.0	0.0	4.0	0.0	0.0	0.0	2.0	0.0	0.0	2.0	0.0	1.0	0.0	1.0	0.0	1.0	0.0	1.0	1.0	-0.7555555555555556	0.2222222222222222	8.966666666666667	99.2088888888889	-1.46	0.0	8.440000000000001	120.52	-0.3615384615384615	-0.3076923076923077	8.784615384615385	109.88615384615385	9	5	13	9	5	13	human
7dha	C	DKILWFGEPVFDY	SGSGGG	GFTFNSF	0.0	0.0	1.0	0.0	0.0	0.0	0.0	1.0	0.0	0.0	0.0	0.0	0.0	3.0	0.0	1.0	1.0	0.0	0.0	0.0	0.0	0.0	0.0	0.0	0.0	0.0	0.0	4.0	0.0	0.0	0.0	0.0	0.0	0.0	0.0	2.0	0.0	0.0	0.0	0.0	0.0	0.0	0.0	2.0	0.0	0.0	1.0	1.0	0.0	1.0	1.0	1.0	0.0	2.0	1.0	0.0	0.0	1.0	1.0	1.0	0.4285714285714285	0.0	7.714285714285714	116.98428571428572	-0.5333333333333333	0.0	9.066666666666666	79.06	-0.0384615384615385	-0.1538461538461538	8.046153846153846	125.2969230769231	7	6	13	7	6	13	human
4hcr	M	EGSSSSGDYYYGMDV	SVYSGN	GYTFTSY	0.0	0.0	0.0	0.0	0.0	0.0	0.0	1.0	0.0	0.0	0.0	0.0	0.0	1.0	0.0	1.0	2.0	0.0	2.0	0.0	0.0	0.0	1.0	0.0	0.0	0.0	0.0	1.0	0.0	0.0	0.0	0.0	0.0	0.0	0.0	2.0	0.0	0.0	1.0	1.0	0.0	0.0	0.0	2.0	0.0	0.0	1.0	3.0	0.0	0.0	0.0	0.0	1.0	0.0	0.0	4.0	0.0	0.0	3.0	1.0	-0.3428571428571429	0.0	7.571428571428571	119.69857142857144	-0.4333333333333333	0.0	8.516666666666667	104.27166666666666	-0.8466666666666668	-0.2	8.82	110.176	7	6	15	7	6	15	human
3l5x	H	MGSDYDVWFDY	WWDDV	GFSLSTYGM	0.0	0.0	0.0	0.0	0.0	0.0	0.0	2.0	0.0	0.0	1.0	0.0	1.0	1.0	0.0	2.0	1.0	0.0	1.0	0.0	0.0	0.0	0.0	2.0	0.0	0.0	0.0	0.0	0.0	0.0	0.0	0.0	0.0	0.0	0.0	0.0	0.0	2.0	0.0	1.0	0.0	0.0	0.0	3.0	0.0	0.0	0.0	1.0	0.0	0.0	0.0	0.0	1.0	1.0	0.0	1.0	0.0	1.0	2.0	1.0	0.4555555555555555	0.0	7.444444444444445	108.89888888888888	-0.92	-0.4	8.540000000000001	140.35	-0.5727272727272728	-0.2727272727272727	8.345454545454546	127.04454545454546	9	5	11	9	5	11	human
5tzu	H	SLAGNAMDY	TSGGTY	GFTFSGY	0.0	0.0	0.0	0.0	0.0	0.0	0.0	2.0	0.0	0.0	0.0	0.0	0.0	2.0	0.0	1.0	1.0	0.0	1.0	0.0	0.0	0.0	0.0	0.0	0.0	0.0	0.0	2.0	0.0	0.0	0.0	0.0	0.0	0.0	0.0	1.0	2.0	0.0	1.0	0.0	2.0	0.0	1.0	1.0	0.0	0.0	0.0	1.0	0.0	0.0	1.0	0.0	1.0	0.0	0.0	1.0	0.0	0.0	1.0	0.0	0.2857142857142856	0.0	7.485714285714286	113.69	-0.7166666666666667	0.0	8.433333333333334	100.43	-0.0222222222222222	-0.1111111111111111	8.422222222222222	104.55888888888887	7	6	9	7	6	9	human
4zff	A	FVFFLPYAMDY	TPAGGY	GFTISDY	0.0	0.0	0.0	1.0	0.0	0.0	0.0	1.0	0.0	1.0	0.0	0.0	0.0	1.0	0.0	1.0	1.0	0.0	1.0	0.0	1.0	0.0	0.0	0.0	0.0	0.0	0.0	2.0	0.0	0.0	0.0	0.0	0.0	0.0	1.0	0.0	1.0	0.0	1.0	0.0	1.0	0.0	0.0	1.0	0.0	0.0	0.0	0.0	0.0	0.0	1.0	0.0	1.0	3.0	1.0	0.0	0.0	0.0	2.0	1.0	0.0857142857142856	-0.1428571428571428	8.057142857142857	114.55	-0.4333333333333333	0.0	8.15	97.09833333333334	1.1272727272727272	-0.0909090909090909	6.6909090909090905	126.78909090909092	7	6	11	7	6	11	human
4k8r	D	EGTYYHDSGSDNYYSYGMDV	GTAGD	GFTFSSY	0.0	0.0	0.0	0.0	0.0	0.0	0.0	1.0	0.0	0.0	0.0	0.0	0.0	2.0	0.0	2.0	1.0	0.0	1.0	0.0	1.0	0.0	0.0	1.0	0.0	0.0	0.0	2.0	0.0	0.0	0.0	0.0	0.0	0.0	0.0	0.0	1.0	0.0	0.0	0.0	0.0	0.0	1.0	3.0	0.0	0.0	1.0	3.0	1.0	0.0	0.0	0.0	1.0	0.0	0.0	3.0	1.0	0.0	5.0	1.0	0.2285714285714285	0.0	7.514285714285714	115.40857142857143	-0.64	-0.2	9.54	87.476	-1.27	-0.15	8.955	117.9685	7	5	20	7	5	20	human
7vyt	B	RSGSGWFGALDY	NPSGGS	GYTFTSY	0.0	0.0	0.0	0.0	0.0	0.0	0.0	1.0	0.0	0.0	0.0	0.0	0.0	1.0	0.0	1.0	2.0	0.0	2.0	0.0	0.0	0.0	1.0	0.0	0.0	0.0	0.0	2.0	0.0	0.0	0.0	0.0	0.0	0.0	1.0	2.0	0.0	0.0	0.0	0.0	1.0	1.0	0.0	1.0	0.0	0.0	0.0	3.0	0.0	0.0	1.0	0.0	0.0	1.0	0.0	2.0	0.0	1.0	1.0	0.0	-0.3428571428571429	0.0	7.571428571428571	119.69857142857144	-1.25	0.0	9.333333333333334	89.24833333333333	-0.3833333333333333	0.0	8.225	112.6175	7	6	12	7	6	12	human
5czv	H	GSFWFGY	KPRWGA	GGTFSSY	0.0	0.0	0.0	0.0	0.0	0.0	0.0	2.0	0.0	0.0	0.0	0.0	0.0	1.0	0.0	2.0	1.0	0.0	1.0	0.0	1.0	1.0	0.0	0.0	0.0	0.0	0.0	1.0	0.0	0.0	0.0	1.0	0.0	0.0	1.0	0.0	0.0	1.0	0.0	0.0	0.0	0.0	0.0	0.0	0.0	0.0	0.0	2.0	0.0	0.0	0.0	0.0	0.0	2.0	0.0	1.0	0.0	1.0	1.0	0.0	-0.2285714285714286	0.0	8.057142857142857	105.10428571428572	-1.5833333333333333	0.3333333333333333	8.716666666666667	118.97333333333334	0.257142857142857	0.0	7.028571428571429	125.84857142857145	7	6	7	7	6	7	human
7lfb	H	LIYDGDYISSDF	NTNTGQ	GYAFTNY	1.0	0.0	1.0	0.0	0.0	0.0	0.0	1.0	0.0	0.0	0.0	0.0	0.0	1.0	0.0	0.0	1.0	0.0	2.0	0.0	0.0	0.0	2.0	0.0	0.0	1.0	0.0	1.0	0.0	0.0	0.0	0.0	0.0	0.0	0.0	0.0	2.0	0.0	0.0	0.0	0.0	0.0	0.0	3.0	0.0	0.0	0.0	1.0	0.0	2.0	1.0	0.0	0.0	1.0	0.0	2.0	0.0	0.0	2.0	0.0	-0.3714285714285714	0.0	7.8428571428571425	119.27	-2.0500000000000003	0.0	9.983333333333333	105.60333333333334	0.0416666666666666	-0.25	8.275	117.29166666666669	7	6	12	7	6	12	human
6o9h	A	GKYPTWIAY	SSGSST	GFTFSSF	0.0	0.0	0.0	0.0	0.0	0.0	0.0	1.0	0.0	0.0	0.0	0.0	0.0	3.0	0.0	2.0	1.0	0.0	0.0	0.0	0.0	0.0	0.0	0.0	0.0	0.0	0.0	1.0	0.0	0.0	0.0	0.0	0.0	0.0	0.0	4.0	1.0	0.0	0.0	0.0	1.0	0.0	0.0	0.0	0.0	0.0	0.0	1.0	0.0	1.0	0.0	1.0	0.0	0.0	1.0	0.0	1.0	1.0	2.0	0.0	0.8142857142857142	0.0	7.371428571428572	113.12285714285714	-0.7166666666666667	0.0	9.066666666666666	87.41333333333334	-0.4222222222222222	0.1111111111111111	7.555555555555555	122.0311111111111	7	6	9	7	6	9	human
6ztr	H	GEGYGREGFAI	YYRSKWY	GDSVSSQSA	1.0	0.0	0.0	1.0	0.0	1.0	0.0	1.0	0.0	0.0	0.0	0.0	0.0	0.0	0.0	4.0	0.0	0.0	0.0	1.0	0.0	1.0	0.0	0.0	0.0	0.0	0.0	0.0	0.0	0.0	0.0	1.0	0.0	0.0	0.0	1.0	0.0	1.0	3.0	0.0	1.0	1.0	0.0	0.0	0.0	0.0	2.0	4.0	0.0	1.0	0.0	0.0	0.0	1.0	0.0	0.0	0.0	0.0	1.0	0.0	-0.5111111111111111	-0.1111111111111111	9.255555555555556	92.97777777777776	-2.0	0.2857142857142857	7.857142857142857	149.60142857142858	-0.4818181818181818	-0.0909090909090909	8.709090909090909	109.93	9	7	11	9	7	11	human
5ob5	H	SGYDRTWFAH	YSGGGY	GYTFTNY	0.0	0.0	1.0	0.0	0.0	0.0	0.0	1.0	0.0	0.0	0.0	0.0	0.0	1.0	0.0	0.0	2.0	0.0	2.0	0.0	0.0	0.0	0.0	0.0	0.0	0.0	0.0	3.0	0.0	0.0	0.0	0.0	0.0	0.0	0.0	1.0	0.0	0.0	2.0	0.0	1.0	1.0	0.0	1.0	0.0	0.0	0.0	1.0	1.0	0.0	0.0	0.0	0.0	1.0	0.0	1.0	1.0	1.0	1.0	0.0	-0.7285714285714286	0.0	7.914285714285714	123.56000000000002	-0.7666666666666667	0.0	8.1	106.43166666666669	-1.07	0.1	8.559999999999999	123.932	7	6	10	7	6	10	human
4oqt	H	EGDNDAFDI	GPSGGF	GFTFSAY	1.0	0.0	0.0	0.0	0.0	0.0	0.0	1.0	0.0	0.0	0.0	0.0	0.0	2.0	0.0	1.0	1.0	0.0	1.0	0.0	0.0	0.0	0.0	0.0	0.0	0.0	0.0	3.0	0.0	0.0	0.0	0.0	0.0	1.0	1.0	1.0	0.0	0.0	0.0	0.0	1.0	0.0	1.0	3.0	0.0	0.0	1.0	1.0	0.0	1.0	0.0	0.0	0.0	1.0	0.0	0.0	0.0	0.0	0.0	0.0	0.5999999999999999	0.0	7.357142857142857	113.12285714285714	-0.1333333333333334	0.0	8.233333333333333	92.755	-0.977777777777778	-0.4444444444444444	10.044444444444444	110.55222222222224	7	6	9	7	6	9	human
5sx5	J	DRVTGAFDI	YYSGN	GGSVSSGDY	0.0	0.0	0.0	1.0	0.0	0.0	0.0	3.0	0.0	0.0	0.0	0.0	0.0	0.0	0.0	3.0	0.0	0.0	1.0	1.0	0.0	0.0	1.0	0.0	0.0	0.0	0.0	1.0	0.0	0.0	0.0	0.0	0.0	0.0	0.0	1.0	0.0	0.0	2.0	0.0	1.0	1.0	0.0	2.0	0.0	0.0	0.0	1.0	0.0	1.0	0.0	0.0	0.0	1.0	0.0	0.0	1.0	0.0	0.0	1.0	-0.4666666666666667	-0.1111111111111111	8.855555555555556	95.97666666666666	-1.46	0.0	8.440000000000001	120.52	0.0777777777777777	-0.1111111111111111	8.722222222222221	110.34222222222223	9	5	9	9	5	9	human
6mft	A	GKNSDYNWDFQH	NPNSGG	GYTFTGY	0.0	0.0	0.0	0.0	0.0	0.0	0.0	2.0	0.0	0.0	0.0	0.0	0.0	1.0	0.0	0.0	2.0	0.0	2.0	0.0	0.0	0.0	2.0	0.0	0.0	0.0	0.0	2.0	0.0	0.0	0.0	0.0	0.0	0.0	1.0	1.0	0.0	0.0	0.0	0.0	0.0	0.0	2.0	2.0	0.0	1.0	0.0	1.0	1.0	0.0	0.0	1.0	0.0	1.0	0.0	1.0	0.0	1.0	1.0	0.0	-0.2857142857142857	0.0	7.542857142857143	117.98	-1.7	0.0	9.733333333333333	93.75333333333332	-2.1	0.0	9.7	125.88	7	6	12	7	6	12	human
1uj3	B	DSGYAMDY	DPANGH	GFNIKDY	0.0	0.0	1.0	1.0	0.0	0.0	0.0	1.0	0.0	1.0	0.0	1.0	0.0	1.0	0.0	0.0	0.0	0.0	1.0	0.0	1.0	0.0	1.0	1.0	0.0	0.0	0.0	1.0	1.0	0.0	0.0	0.0	0.0	0.0	1.0	0.0	0.0	0.0	0.0	0.0	1.0	0.0	0.0	2.0	0.0	0.0	0.0	1.0	0.0	0.0	0.0	0.0	1.0	0.0	0.0	1.0	0.0	0.0	2.0	0.0	-0.7571428571428571	0.0	8.785714285714286	122.27857142857144	-1.7333333333333334	0.0	10.016666666666667	101.59833333333334	-0.8875000000000001	-0.25	8.8	115.11875	7	6	8	7	6	8	human
6aod	B	LASGFRDY	DPDEGD	GYTFTGY	0.0	0.0	0.0	0.0	0.0	0.0	0.0	2.0	0.0	0.0	0.0	0.0	0.0	1.0	0.0	0.0	2.0	0.0	2.0	0.0	0.0	0.0	0.0	3.0	0.0	0.0	1.0	1.0	0.0	0.0	0.0	0.0	0.0	0.0	1.0	0.0	0.0	0.0	0.0	0.0	1.0	1.0	0.0	1.0	0.0	0.0	0.0	1.0	0.0	0.0	1.0	0.0	0.0	1.0	0.0	1.0	0.0	0.0	1.0	0.0	-0.2857142857142857	0.0	7.542857142857143	117.98	-2.6666666666666665	-0.6666666666666666	11.383333333333333	107.76	-0.2625	0.0	8.2625	116.00125	7	6	8	7	6	8	human
6was	H	APVWTGYTSLDV	SYDSDN	GITFSED	0.0	0.0	0.0	1.0	0.0	0.0	1.0	1.0	0.0	1.0	0.0	0.0	0.0	1.0	0.0	1.0	1.0	0.0	0.0	0.0	0.0	0.0	1.0	2.0	0.0	0.0	0.0	0.0	0.0	0.0	0.0	0.0	0.0	0.0	0.0	2.0	0.0	0.0	1.0	0.0	1.0	0.0	0.0	1.0	0.0	0.0	0.0	1.0	0.0	0.0	1.0	0.0	0.0	0.0	1.0	1.0	2.0	1.0	1.0	2.0	-0.2285714285714286	-0.2857142857142857	8.928571428571429	109.6842857142857	-2.2333333333333334	-0.3333333333333333	10.366666666666664	113.605	0.3416666666666666	-0.0833333333333333	7.733333333333333	109.03833333333334	7	6	12	7	6	12	human
5d72	M	GFGTDF	ENKYAGGA	GFTFSSY	0.0	0.0	0.0	0.0	0.0	0.0	0.0	1.0	0.0	0.0	0.0	0.0	0.0	2.0	0.0	2.0	1.0	0.0	1.0	0.0	2.0	0.0	1.0	0.0	0.0	0.0	1.0	2.0	0.0	0.0	0.0	1.0	0.0	0.0	0.0	0.0	0.0	0.0	1.0	0.0	0.0	0.0	0.0	1.0	0.0	0.0	0.0	2.0	0.0	0.0	0.0	0.0	0.0	2.0	0.0	0.0	1.0	0.0	0.0	0.0	0.2285714285714285	0.0	7.514285714285714	115.40857142857143	-1.175	0.0	9.45	103.35625	0.0999999999999999	-0.1666666666666666	8.333333333333334	110.11	7	8	6	7	8	6	human
2xtj	D	HYEIQIGRYGMNVYYLMYRFAS	NPILGI	GGTFNSH	0.0	0.0	1.0	0.0	0.0	0.0	0.0	2.0	1.0	0.0	0.0	0.0	0.0	1.0	0.0	1.0	1.0	0.0	0.0	0.0	0.0	0.0	1.0	0.0	0.0	0.0	0.0	1.0	0.0	2.0	1.0	0.0	0.0	0.0	1.0	0.0	0.0	0.0	0.0	0.0	1.0	2.0	1.0	0.0	0.0	1.0	1.0	2.0	1.0	2.0	1.0	0.0	2.0	1.0	0.0	1.0	0.0	0.0	5.0	1.0	-0.8857142857142858	0.1428571428571428	9.0	105.24571428571429	1.2166666666666666	0.0	7.316666666666666	104.29333333333334	-0.2454545454545454	0.0909090909090909	7.722727272727273	126.965	7	6	22	7	6	22	human
2wuc	H	WAWPAFDY	YPAGGA	GFTINGT	0.0	0.0	1.0	0.0	0.0	0.0	0.0	2.0	0.0	1.0	0.0	0.0	0.0	1.0	0.0	0.0	2.0	0.0	0.0	0.0	2.0	0.0	0.0	0.0	0.0	0.0	0.0	2.0	0.0	0.0	0.0	0.0	0.0	0.0	1.0	0.0	0.0	0.0	1.0	0.0	2.0	0.0	0.0	1.0	0.0	0.0	0.0	0.0	0.0	0.0	0.0	0.0	0.0	1.0	1.0	0.0	0.0	2.0	1.0	0.0	0.2285714285714285	0.0	8.171428571428573	103.82428571428572	-0.0166666666666666	0.0	8.066666666666666	92.09333333333332	-0.225	-0.125	7.425	129.64625	7	6	8	7	6	8	human
4mxv	H	PTMLPWFAY	NPYNAG	GYTFTSY	0.0	0.0	0.0	0.0	0.0	0.0	0.0	1.0	0.0	0.0	0.0	0.0	0.0	1.0	0.0	1.0	2.0	0.0	2.0	0.0	1.0	0.0	2.0	0.0	0.0	0.0	0.0	1.0	0.0	0.0	0.0	0.0	0.0	0.0	1.0	0.0	0.0	0.0	1.0	0.0	1.0	0.0	0.0	0.0	0.0	0.0	0.0	0.0	0.0	0.0	1.0	0.0	1.0	1.0	2.0	0.0	1.0	1.0	1.0	0.0	-0.3428571428571429	0.0	7.571428571428571	119.69857142857144	-1.4166666666666667	0.0	9.083333333333334	105.775	0.4666666666666665	0.0	6.677777777777778	123.04111111111108	7	6	9	7	6	9	human
2qqk	H	EDFRNRRRLWYVMDY	YPDSGY	GFTISGY	0.0	0.0	0.0	0.0	0.0	0.0	0.0	2.0	0.0	1.0	0.0	0.0	0.0	1.0	0.0	1.0	1.0	0.0	1.0	0.0	0.0	0.0	0.0	1.0	0.0	0.0	0.0	1.0	0.0	0.0	0.0	0.0	0.0	0.0	1.0	1.0	0.0	0.0	2.0	0.0	0.0	4.0	1.0	2.0	0.0	0.0	1.0	0.0	0.0	0.0	1.0	0.0	1.0	1.0	0.0	0.0	0.0	1.0	2.0	1.0	0.5285714285714286	0.0	7.485714285714286	108.83	-1.4833333333333334	-0.1666666666666666	8.6	116.78333333333336	-1.52	0.0666666666666666	8.76	140.09466666666668	7	6	15	7	6	15	human
3be1	H	WGGDGFYAMDY	YPTNGY	GFNIKDT	0.0	0.0	1.0	1.0	0.0	0.0	0.0	1.0	0.0	1.0	0.0	1.0	0.0	1.0	0.0	0.0	1.0	0.0	0.0	0.0	0.0	0.0	1.0	0.0	0.0	0.0	0.0	1.0	0.0	0.0	0.0	0.0	0.0	0.0	1.0	0.0	1.0	0.0	2.0	0.0	1.0	0.0	0.0	2.0	0.0	0.0	0.0	3.0	0.0	0.0	0.0	0.0	1.0	1.0	0.0	0.0	0.0	1.0	2.0	0.0	-0.6714285714285715	0.0	9.128571428571428	113.41142857142856	-1.4666666666666668	0.0	8.266666666666667	118.95833333333331	-0.4727272727272727	-0.1818181818181818	8.163636363636364	119.76090909090908	7	6	11	7	6	11	human
7lf7	H	QIDDYYVDALDY	SRDSTY	GFTFSR	0.0	1.0	0.0	0.0	0.0	0.0	0.0	1.0	0.0	0.0	0.0	0.0	0.0	2.0	0.0	1.0	1.0	0.0	0.0	0.0	0.0	1.0	0.0	1.0	0.0	0.0	0.0	0.0	0.0	0.0	0.0	0.0	0.0	0.0	0.0	2.0	1.0	0.0	1.0	0.0	1.0	0.0	0.0	4.0	0.0	1.0	0.0	0.0	0.0	1.0	1.0	0.0	0.0	0.0	0.0	0.0	0.0	0.0	3.0	1.0	-0.1333333333333334	0.1666666666666666	7.95	118.965	-1.9333333333333331	0.0	9.45	118.28833333333334	-0.5916666666666667	-0.3333333333333333	8.766666666666667	122.88	6	6	12	6	6	12	human
3sqo	H	ERPLYASDL	SPFGGR	GYTFTSY	0.0	0.0	0.0	0.0	0.0	0.0	0.0	1.0	0.0	0.0	0.0	0.0	0.0	1.0	0.0	1.0	2.0	0.0	2.0	0.0	0.0	1.0	0.0	0.0	0.0	0.0	0.0	2.0	0.0	0.0	0.0	0.0	0.0	1.0	1.0	1.0	0.0	0.0	0.0	0.0	1.0	1.0	0.0	1.0	0.0	0.0	1.0	0.0	0.0	0.0	2.0	0.0	0.0	0.0	1.0	1.0	0.0	0.0	1.0	0.0	-0.3428571428571429	0.0	7.571428571428571	119.69857142857144	-0.8166666666666668	0.1666666666666666	8.483333333333333	106.27833333333332	-0.6444444444444445	-0.1111111111111111	8.566666666666666	116.13111111111112	7	6	9	7	6	9	human
5if0	A	ISGSYSFDY	NPNSGG	GYTFTGY	0.0	0.0	0.0	0.0	0.0	0.0	0.0	2.0	0.0	0.0	0.0	0.0	0.0	1.0	0.0	0.0	2.0	0.0	2.0	0.0	0.0	0.0	2.0	0.0	0.0	0.0	0.0	2.0	0.0	0.0	0.0	0.0	0.0	0.0	1.0	1.0	0.0	0.0	0.0	0.0	0.0	0.0	0.0	1.0	0.0	0.0	0.0	1.0	0.0	1.0	0.0	0.0	0.0	1.0	0.0	3.0	0.0	0.0	2.0	0.0	-0.2857142857142857	0.0	7.542857142857143	117.98	-1.7	0.0	9.733333333333333	93.75333333333332	-0.1777777777777778	-0.1111111111111111	8.044444444444444	115.34222222222222	7	6	9	7	6	9	human
6ppg	H	DIGGFGEFYWNFGL	NWSSGG	GFTFDDY	0.0	0.0	0.0	2.0	0.0	0.0	0.0	1.0	0.0	0.0	0.0	0.0	0.0	2.0	0.0	0.0	1.0	0.0	1.0	0.0	0.0	0.0	1.0	0.0	0.0	0.0	0.0	2.0	0.0	0.0	0.0	0.0	0.0	0.0	0.0	2.0	0.0	1.0	0.0	0.0	0.0	0.0	1.0	1.0	0.0	0.0	1.0	4.0	0.0	1.0	1.0	0.0	0.0	3.0	0.0	0.0	0.0	1.0	1.0	0.0	-0.5428571428571429	-0.2857142857142857	8.6	123.41142857142856	-1.1333333333333333	0.0	8.9	104.09833333333334	0.1714285714285713	-0.1428571428571428	7.871428571428572	119.69857142857144	7	6	14	7	6	14	human
6fax	H	REVYGRNYYALDY	IPNNGG	GYTFTEY	0.0	0.0	0.0	0.0	0.0	0.0	1.0	1.0	0.0	0.0	0.0	0.0	0.0	1.0	0.0	0.0	2.0	0.0	2.0	0.0	0.0	0.0	2.0	0.0	0.0	0.0	0.0	2.0	0.0	1.0	0.0	0.0	0.0	0.0	1.0	0.0	0.0	0.0	0.0	0.0	1.0	2.0	1.0	1.0	0.0	0.0	1.0	1.0	0.0	0.0	1.0	0.0	0.0	0.0	0.0	0.0	0.0	0.0	4.0	1.0	-0.7285714285714286	-0.1428571428571428	8.014285714285714	125.70428571428572	-0.8166666666666668	0.0	9.066666666666666	98.1	-1.176923076923077	0.0	8.507692307692308	129.3723076923077	7	6	13	7	6	13	human
6hhc	H	GGPYYYYGMDV	GPSGGS	GFTFSQY	0.0	0.0	0.0	0.0	0.0	1.0	0.0	1.0	0.0	0.0	0.0	0.0	0.0	2.0	0.0	1.0	1.0	0.0	1.0	0.0	0.0	0.0	0.0	0.0	0.0	0.0	0.0	3.0	0.0	0.0	0.0	0.0	0.0	0.0	1.0	2.0	0.0	0.0	0.0	0.0	0.0	0.0	0.0	1.0	0.0	0.0	0.0	3.0	0.0	0.0	0.0	0.0	1.0	0.0	1.0	0.0	0.0	0.0	4.0	1.0	-0.1571428571428572	0.0	7.7	121.27285714285712	-0.7333333333333334	0.0	8.9	82.73833333333333	-0.4909090909090909	-0.0909090909090909	7.672727272727273	120.03727272727274	7	6	11	7	6	11	human
4ogy	H	RRIGVPRRDEFDI	YSSGGI	GFTFSHY	0.0	0.0	0.0	0.0	0.0	0.0	0.0	1.0	1.0	0.0	0.0	0.0	0.0	2.0	0.0	1.0	1.0	0.0	1.0	0.0	0.0	0.0	0.0	0.0	0.0	0.0	0.0	2.0	0.0	1.0	0.0	0.0	0.0	0.0	0.0	2.0	0.0	0.0	1.0	0.0	0.0	4.0	0.0	2.0	0.0	0.0	1.0	1.0	0.0	2.0	0.0	0.0	0.0	1.0	1.0	0.0	0.0	0.0	0.0	1.0	-0.1142857142857143	0.1428571428571428	7.685714285714285	122.56	0.1333333333333333	0.0	7.966666666666666	100.1	-1.1153846153846154	0.0769230769230769	9.138461538461538	125.29692307692306	7	6	13	7	6	13	human
6qb6	H	QVGATWAFDI	SSSSSY	GFTFSSY	0.0	0.0	0.0	0.0	0.0	0.0	0.0	1.0	0.0	0.0	0.0	0.0	0.0	2.0	0.0	2.0	1.0	0.0	1.0	0.0	0.0	0.0	0.0	0.0	0.0	0.0	0.0	0.0	0.0	0.0	0.0	0.0	0.0	0.0	0.0	5.0	0.0	0.0	1.0	0.0	2.0	0.0	0.0	1.0	0.0	1.0	0.0	1.0	0.0	1.0	0.0	0.0	0.0	1.0	0.0	0.0	1.0	1.0	0.0	1.0	0.2285714285714285	0.0	7.514285714285714	115.40857142857143	-0.8833333333333334	0.0	8.7	99.76333333333334	0.61	-0.1	7.9	110.723	7	6	10	7	6	10	human
4h8w	H	DLRLGGGSDY	NNSGRN	GFTFSTY	0.0	0.0	0.0	0.0	0.0	0.0	0.0	1.0	0.0	0.0	0.0	0.0	0.0	2.0	0.0	1.0	2.0	0.0	1.0	0.0	0.0	1.0	3.0	0.0	0.0	0.0	0.0	1.0	0.0	0.0	0.0	0.0	0.0	0.0	0.0	1.0	0.0	0.0	0.0	0.0	0.0	1.0	0.0	2.0	0.0	0.0	0.0	3.0	0.0	0.0	2.0	0.0	0.0	0.0	0.0	1.0	0.0	0.0	1.0	0.0	0.2428571428571428	0.0	7.428571428571429	117.41285714285712	-2.6999999999999997	0.1666666666666666	10.583333333333334	110.10833333333332	-0.72	-0.1	8.870000000000001	108.81	7	6	10	7	6	10	human
5b71	D	DAGYDYPTHAMHY	FTGSGA	GFTVHSSY	0.0	0.0	0.0	0.0	0.0	0.0	0.0	1.0	1.0	0.0	0.0	0.0	0.0	1.0	0.0	2.0	1.0	0.0	1.0	1.0	1.0	0.0	0.0	0.0	0.0	0.0	0.0	2.0	0.0	0.0	0.0	0.0	0.0	1.0	0.0	1.0	1.0	0.0	0.0	0.0	2.0	0.0	0.0	2.0	0.0	0.0	0.0	1.0	2.0	0.0	0.0	0.0	1.0	0.0	1.0	0.0	1.0	0.0	3.0	0.0	-0.025	0.125	7.9625	112.11875	0.3833333333333333	0.0	8.183333333333334	92.75833333333333	-1.1153846153846154	0.0	8.684615384615386	118.51076923076924	8	6	13	8	6	13	human
6vc9	H	EHYVSGTSLDN	YISGT	GGSIRNN	0.0	1.0	2.0	0.0	0.0	0.0	0.0	2.0	0.0	1.0	0.0	0.0	0.0	0.0	0.0	1.0	0.0	0.0	0.0	0.0	0.0	0.0	0.0	0.0	0.0	0.0	0.0	1.0	0.0	1.0	0.0	0.0	0.0	0.0	0.0	1.0	1.0	0.0	1.0	0.0	0.0	0.0	1.0	1.0	0.0	0.0	1.0	1.0	1.0	0.0	1.0	0.0	0.0	0.0	0.0	2.0	1.0	0.0	1.0	1.0	-1.2285714285714284	0.1428571428571428	9.44285714285714	104.96428571428572	0.2599999999999999	0.0	7.640000000000001	107.916	-0.881818181818182	-0.0909090909090909	9.118181818181816	111.02272727272728	7	5	11	7	5	11	human
3d85	B	NWDVAY	NPYNDG	GYTFTSN	0.0	0.0	1.0	0.0	0.0	0.0	0.0	1.0	0.0	0.0	0.0	0.0	0.0	1.0	0.0	1.0	2.0	0.0	1.0	0.0	0.0	0.0	2.0	1.0	0.0	0.0	0.0	1.0	0.0	0.0	0.0	0.0	0.0	0.0	1.0	0.0	0.0	0.0	1.0	0.0	1.0	0.0	1.0	1.0	0.0	0.0	0.0	0.0	0.0	0.0	0.0	0.0	0.0	0.0	0.0	0.0	0.0	1.0	1.0	1.0	-0.6571428571428573	0.0	8.342857142857143	112.68857142857144	-2.3000000000000003	-0.1666666666666666	9.9	113.11	-0.5333333333333333	-0.1666666666666666	8.366666666666667	124.80166666666666	7	6	6	7	6	6	human
5tru	H	TGWLGPFDY	SYDGNN	GFTFSSY	0.0	0.0	0.0	0.0	0.0	0.0	0.0	1.0	0.0	0.0	0.0	0.0	0.0	2.0	0.0	2.0	1.0	0.0	1.0	0.0	0.0	0.0	2.0	1.0	0.0	0.0	0.0	1.0	0.0	0.0	0.0	0.0	0.0	0.0	0.0	1.0	0.0	0.0	1.0	0.0	0.0	0.0	0.0	1.0	0.0	0.0	0.0	2.0	0.0	0.0	1.0	0.0	0.0	1.0	1.0	0.0	1.0	1.0	1.0	0.0	0.2285714285714285	0.0	7.514285714285714	115.40857142857143	-2.1666666666666665	-0.1666666666666666	10.1	111.43666666666668	-0.2444444444444445	-0.1111111111111111	7.699999999999999	119.24	7	6	9	7	6	9	human
6nmt	B	DFGSGVGSIDA	TSGSR	GFIFSDY	0.0	0.0	0.0	1.0	0.0	0.0	0.0	1.0	0.0	1.0	0.0	0.0	0.0	2.0	0.0	1.0	0.0	0.0	1.0	0.0	0.0	1.0	0.0	0.0	0.0	0.0	0.0	1.0	0.0	0.0	0.0	0.0	0.0	0.0	0.0	2.0	1.0	0.0	0.0	0.0	1.0	0.0	0.0	2.0	0.0	0.0	0.0	3.0	0.0	1.0	0.0	0.0	0.0	1.0	0.0	2.0	0.0	0.0	0.0	1.0	0.5857142857142856	-0.1428571428571428	7.571428571428571	121.1314285714286	-1.44	0.2	9.3	101.302	0.3181818181818182	-0.1818181818181818	8.709090909090909	96.36727272727272	7	5	11	7	5	11	human
5hhv	H	DLIHGVTRN	SGSGGS	GFTFSSY	0.0	0.0	0.0	0.0	0.0	0.0	0.0	1.0	0.0	0.0	0.0	0.0	0.0	2.0	0.0	2.0	1.0	0.0	1.0	0.0	0.0	0.0	0.0	0.0	0.0	0.0	0.0	3.0	0.0	0.0	0.0	0.0	0.0	0.0	0.0	3.0	0.0	0.0	0.0	0.0	0.0	1.0	1.0	1.0	0.0	0.0	0.0	1.0	1.0	1.0	1.0	0.0	0.0	0.0	0.0	0.0	1.0	0.0	0.0	1.0	0.2285714285714285	0.0	7.514285714285714	115.40857142857143	-0.6	0.0	9.1	81.065	-0.3666666666666667	0.1111111111111111	8.788888888888888	113.79333333333332	7	6	9	7	6	9	human
6k0y	A	DLDIATTRDY	YHSGS	GHSIRGSY	0.0	1.0	0.0	0.0	0.0	0.0	0.0	2.0	1.0	1.0	0.0	0.0	0.0	0.0	0.0	2.0	0.0	0.0	1.0	0.0	0.0	0.0	0.0	0.0	0.0	0.0	0.0	1.0	1.0	0.0	0.0	0.0	0.0	0.0	0.0	2.0	0.0	0.0	1.0	0.0	1.0	1.0	0.0	3.0	0.0	0.0	0.0	0.0	0.0	1.0	1.0	0.0	0.0	0.0	0.0	0.0	2.0	0.0	1.0	0.0	-0.8625	0.25	8.5875	111.74125	-1.3	0.2	8.8	109.906	-0.76	-0.2	9.11	116.426	8	5	10	8	5	10	human
6rps	N	DFGYFDGSSPFDY	WYDGD	GFSLTTY	0.0	0.0	0.0	0.0	0.0	0.0	0.0	1.0	0.0	0.0	1.0	0.0	0.0	1.0	0.0	1.0	2.0	0.0	1.0	0.0	0.0	0.0	0.0	2.0	0.0	0.0	0.0	1.0	0.0	0.0	0.0	0.0	0.0	0.0	0.0	0.0	0.0	1.0	1.0	0.0	0.0	0.0	0.0	3.0	0.0	0.0	0.0	2.0	0.0	0.0	0.0	0.0	0.0	3.0	1.0	2.0	0.0	0.0	2.0	0.0	0.3857142857142857	0.0	7.385714285714286	112.55285714285716	-1.92	-0.4	9.32	130.926	-0.6692307692307693	-0.2307692307692307	8.569230769230769	118.04230769230767	7	5	13	7	5	13	human
6xkr	H	LSTGTFAY	YPGSSL	GYTFTSY	0.0	0.0	0.0	0.0	0.0	0.0	0.0	1.0	0.0	0.0	0.0	0.0	0.0	1.0	0.0	1.0	2.0	0.0	2.0	0.0	0.0	0.0	0.0	0.0	0.0	0.0	0.0	1.0	0.0	0.0	1.0	0.0	0.0	0.0	1.0	2.0	0.0	0.0	1.0	0.0	1.0	0.0	0.0	0.0	0.0	0.0	0.0	1.0	0.0	0.0	1.0	0.0	0.0	1.0	0.0	1.0	2.0	0.0	1.0	0.0	-0.3428571428571429	0.0	7.571428571428571	119.69857142857144	-0.1833333333333334	0.0	7.75	103.77833333333332	0.5625	0.0	7.475	107.36875	7	6	8	7	6	8	human
7e72	A	GLYGNS	HPSDSE	GYSFTSY	0.0	0.0	0.0	0.0	0.0	0.0	0.0	1.0	0.0	0.0	0.0	0.0	0.0	1.0	0.0	2.0	1.0	0.0	2.0	0.0	0.0	0.0	0.0	1.0	0.0	0.0	1.0	0.0	1.0	0.0	0.0	0.0	0.0	0.0	1.0	2.0	0.0	0.0	0.0	0.0	0.0	0.0	1.0	0.0	0.0	0.0	0.0	2.0	0.0	0.0	1.0	0.0	0.0	0.0	0.0	1.0	0.0	0.0	1.0	0.0	-0.3571428571428572	0.0	7.6571428571428575	117.69428571428573	-2.2333333333333334	-0.1666666666666666	10.35	108.77166666666666	-0.4333333333333334	0.0	8.316666666666666	104.605	7	6	6	7	6	6	human
6a3w	A	GYGIFDY	YPGDSY	GYSFSTY	0.0	0.0	0.0	0.0	0.0	0.0	0.0	1.0	0.0	0.0	0.0	0.0	0.0	1.0	0.0	2.0	1.0	0.0	2.0	0.0	0.0	0.0	0.0	1.0	0.0	0.0	0.0	1.0	0.0	0.0	0.0	0.0	0.0	0.0	1.0	1.0	0.0	0.0	2.0	0.0	0.0	0.0	0.0	1.0	0.0	0.0	0.0	2.0	0.0	1.0	0.0	0.0	0.0	1.0	0.0	0.0	0.0	0.0	2.0	0.0	-0.3571428571428572	0.0	7.6571428571428575	117.69428571428573	-1.4833333333333334	-0.1666666666666666	8.6	116.78333333333336	0.0571428571428571	-0.1428571428571428	7.685714285714285	121.69857142857144	7	6	7	7	6	7	human
4qci	H	HPYWYGGQLDL	SDDGSL	GFTFSSY	0.0	0.0	0.0	0.0	0.0	0.0	0.0	1.0	0.0	0.0	0.0	0.0	0.0	2.0	0.0	2.0	1.0	0.0	1.0	0.0	0.0	0.0	0.0	2.0	0.0	0.0	0.0	1.0	0.0	0.0	1.0	0.0	0.0	0.0	0.0	2.0	0.0	0.0	0.0	0.0	0.0	0.0	0.0	1.0	0.0	1.0	0.0	2.0	1.0	0.0	2.0	0.0	0.0	0.0	1.0	0.0	0.0	1.0	2.0	0.0	0.2285714285714285	0.0	7.514285714285714	115.40857142857143	-0.8666666666666667	-0.3333333333333333	9.716666666666669	98.75833333333333	-0.7727272727272727	0.0	7.954545454545454	124.22545454545455	7	6	11	7	6	11	human
6nmv	H	DTFDH	STSGVI	GFTFTSS	0.0	0.0	0.0	0.0	0.0	0.0	0.0	1.0	0.0	0.0	0.0	0.0	0.0	2.0	0.0	2.0	2.0	0.0	0.0	0.0	0.0	0.0	0.0	0.0	0.0	0.0	0.0	1.0	0.0	1.0	0.0	0.0	0.0	0.0	0.0	2.0	1.0	0.0	0.0	1.0	0.0	0.0	0.0	2.0	0.0	0.0	0.0	0.0	1.0	0.0	0.0	0.0	0.0	1.0	0.0	0.0	1.0	0.0	0.0	0.0	0.3142857142857142	0.0	7.857142857142857	106.54142857142855	1.0	0.0	7.85	93.76833333333332	-1.62	-0.2	10.04	123.122	7	6	5	7	6	5	human
7cj2	C	VGTFDV	SGSGGT	GFTFSNY	0.0	0.0	1.0	0.0	0.0	0.0	0.0	1.0	0.0	0.0	0.0	0.0	0.0	2.0	0.0	1.0	1.0	0.0	1.0	0.0	0.0	0.0	0.0	0.0	0.0	0.0	0.0	3.0	0.0	0.0	0.0	0.0	0.0	0.0	0.0	2.0	1.0	0.0	0.0	0.0	0.0	0.0	0.0	1.0	0.0	0.0	0.0	1.0	0.0	0.0	0.0	0.0	0.0	1.0	0.0	0.0	1.0	0.0	0.0	2.0	-0.1571428571428572	0.0	7.857142857142857	119.27	-0.5833333333333334	0.0	9.0	83.40333333333332	1.1	-0.1666666666666666	7.933333333333334	106.115	7	6	6	7	6	6	human
3wd5	H	VSYLSTASSLDY	TWNSGH	GFTFDDY	0.0	0.0	0.0	2.0	0.0	0.0	0.0	1.0	0.0	0.0	0.0	0.0	0.0	2.0	0.0	0.0	1.0	0.0	1.0	0.0	0.0	0.0	1.0	0.0	0.0	0.0	0.0	1.0	1.0	0.0	0.0	0.0	0.0	0.0	0.0	1.0	1.0	1.0	0.0	0.0	1.0	0.0	0.0	1.0	0.0	0.0	0.0	0.0	0.0	0.0	2.0	0.0	0.0	0.0	0.0	4.0	1.0	0.0	2.0	1.0	-0.5428571428571429	-0.2857142857142857	8.6	123.41142857142856	-1.5833333333333333	0.1666666666666666	9.033333333333331	116.785	0.3	-0.0833333333333333	7.883333333333333	107.28416666666668	7	6	12	7	6	12	human
6xy2	H	TEGHYYGSNYGYYALDY	WYDGN	GFSLTSY	0.0	0.0	0.0	0.0	0.0	0.0	0.0	1.0	0.0	0.0	1.0	0.0	0.0	1.0	0.0	2.0	1.0	0.0	1.0	0.0	0.0	0.0	1.0	1.0	0.0	0.0	0.0	1.0	0.0	0.0	0.0	0.0	0.0	0.0	0.0	0.0	0.0	1.0	1.0	0.0	1.0	0.0	1.0	1.0	0.0	0.0	1.0	3.0	1.0	0.0	1.0	0.0	0.0	0.0	0.0	1.0	1.0	0.0	6.0	0.0	0.3714285714285714	0.0	7.471428571428571	110.54857142857144	-1.92	-0.2	9.04	130.73	-1.0941176470588236	-0.0588235294117647	8.370588235294118	121.88941176470588	7	5	17	7	5	17	human
6okn	A	APRWYFSV	YPDNGD	GYTFTDS	0.0	0.0	0.0	1.0	0.0	0.0	0.0	1.0	0.0	0.0	0.0	0.0	0.0	1.0	0.0	1.0	2.0	0.0	1.0	0.0	0.0	0.0	1.0	2.0	0.0	0.0	0.0	1.0	0.0	0.0	0.0	0.0	0.0	0.0	1.0	0.0	0.0	0.0	1.0	0.0	1.0	1.0	0.0	0.0	0.0	0.0	0.0	0.0	0.0	0.0	0.0	0.0	0.0	1.0	1.0	1.0	0.0	1.0	1.0	1.0	-0.6571428571428573	-0.1428571428571428	8.542857142857143	112.82857142857142	-2.3000000000000003	-0.3333333333333333	10.133333333333333	113.27333333333333	-0.0375	0.125	7.3125	125.8975	7	6	8	7	6	8	human
4hwb	H	MPNWGSFDY	YPGDSY	GYSFTSY	0.0	0.0	0.0	0.0	0.0	0.0	0.0	1.0	0.0	0.0	0.0	0.0	0.0	1.0	0.0	2.0	1.0	0.0	2.0	0.0	0.0	0.0	0.0	1.0	0.0	0.0	0.0	1.0	0.0	0.0	0.0	0.0	0.0	0.0	1.0	1.0	0.0	0.0	2.0	0.0	0.0	0.0	1.0	1.0	0.0	0.0	0.0	1.0	0.0	0.0	0.0	0.0	1.0	1.0	1.0	1.0	0.0	1.0	1.0	0.0	-0.3571428571428572	0.0	7.6571428571428575	117.69428571428573	-1.4833333333333334	-0.1666666666666666	8.6	116.78333333333336	-0.8111111111111112	-0.1111111111111111	8.144444444444444	124.02555555555556	7	6	9	7	6	9	human
4xwg	H	EGAAVRSFYYSYYGMDV	WYDGSN	GFTFSSY	0.0	0.0	0.0	0.0	0.0	0.0	0.0	1.0	0.0	0.0	0.0	0.0	0.0	2.0	0.0	2.0	1.0	0.0	1.0	0.0	0.0	0.0	1.0	1.0	0.0	0.0	0.0	1.0	0.0	0.0	0.0	0.0	0.0	0.0	0.0	1.0	0.0	1.0	1.0	0.0	2.0	1.0	0.0	1.0	0.0	0.0	1.0	2.0	0.0	0.0	0.0	0.0	1.0	1.0	0.0	2.0	0.0	0.0	4.0	2.0	0.2285714285714285	0.0	7.514285714285714	115.40857142857143	-1.7333333333333334	-0.1666666666666666	9.066666666666666	123.455	-0.1411764705882353	-0.0588235294117647	7.994117647058824	117.42235294117648	7	6	17	7	6	17	human
6dkj	H	DQAIFGVVPDY	WFDASD	GFTFSNY	0.0	0.0	1.0	0.0	0.0	0.0	0.0	1.0	0.0	0.0	0.0	0.0	0.0	2.0	0.0	1.0	1.0	0.0	1.0	0.0	1.0	0.0	0.0	2.0	0.0	0.0	0.0	0.0	0.0	0.0	0.0	0.0	0.0	1.0	0.0	1.0	0.0	1.0	0.0	0.0	1.0	0.0	0.0	2.0	0.0	1.0	0.0	1.0	0.0	1.0	0.0	0.0	0.0	1.0	1.0	0.0	0.0	0.0	1.0	2.0	-0.1571428571428572	0.0	7.857142857142857	119.27	-0.6833333333333335	-0.3333333333333333	8.983333333333333	120.29	0.3363636363636363	-0.1818181818181818	8.181818181818182	111.21272727272726	7	6	11	7	6	11	human
6m3b	C	TGRSGWMRFPNWFDP	SWNGSR	GFTFSSY	0.0	0.0	0.0	0.0	0.0	0.0	0.0	1.0	0.0	0.0	0.0	0.0	0.0	2.0	0.0	2.0	1.0	0.0	1.0	0.0	0.0	1.0	1.0	0.0	0.0	0.0	0.0	1.0	0.0	0.0	0.0	0.0	0.0	0.0	0.0	2.0	0.0	1.0	0.0	0.0	0.0	2.0	1.0	1.0	0.0	0.0	0.0	2.0	0.0	0.0	0.0	0.0	1.0	2.0	2.0	1.0	1.0	2.0	0.0	0.0	0.2285714285714285	0.0	7.514285714285714	115.40857142857143	-1.8166666666666669	0.1666666666666666	9.15	117.62166666666668	-1.0533333333333337	0.0666666666666666	8.286666666666667	124.80733333333332	7	6	15	7	6	15	human
3r1g	H	GPFSPWVMDY	SPAGGS	GFTFLGY	0.0	0.0	0.0	0.0	0.0	0.0	0.0	2.0	0.0	0.0	1.0	0.0	0.0	2.0	0.0	0.0	1.0	0.0	1.0	0.0	1.0	0.0	0.0	0.0	0.0	0.0	0.0	2.0	0.0	0.0	0.0	0.0	0.0	0.0	1.0	2.0	0.0	0.0	0.0	0.0	0.0	0.0	0.0	1.0	0.0	0.0	0.0	1.0	0.0	0.0	0.0	0.0	1.0	1.0	2.0	1.0	0.0	1.0	1.0	1.0	0.9428571428571428	0.0	6.871428571428572	117.41571428571427	-0.3666666666666667	0.0	8.75	82.07666666666667	-0.12	-0.1	7.56	119.837	7	6	10	7	6	10	human
7kez	H	GGAVAGTGVYYFDY	YPTNGY	GFNIKDT	0.0	0.0	1.0	1.0	0.0	0.0	0.0	1.0	0.0	1.0	0.0	1.0	0.0	1.0	0.0	0.0	1.0	0.0	0.0	0.0	0.0	0.0	1.0	0.0	0.0	0.0	0.0	1.0	0.0	0.0	0.0	0.0	0.0	0.0	1.0	0.0	1.0	0.0	2.0	0.0	2.0	0.0	0.0	1.0	0.0	0.0	0.0	4.0	0.0	0.0	0.0	0.0	0.0	1.0	0.0	0.0	1.0	0.0	3.0	2.0	-0.6714285714285715	0.0	9.128571428571428	113.41142857142856	-1.4666666666666668	0.0	8.266666666666667	118.95833333333331	0.3642857142857142	-0.0714285714285714	7.814285714285715	106.68142857142855	7	6	14	7	6	14	human
7kf0	A	GGSFYYYYMDV	YPTNGY	GFNIKDT	0.0	0.0	1.0	1.0	0.0	0.0	0.0	1.0	0.0	1.0	0.0	1.0	0.0	1.0	0.0	0.0	1.0	0.0	0.0	0.0	0.0	0.0	1.0	0.0	0.0	0.0	0.0	1.0	0.0	0.0	0.0	0.0	0.0	0.0	1.0	0.0	1.0	0.0	2.0	0.0	0.0	0.0	0.0	1.0	0.0	0.0	0.0	2.0	0.0	0.0	0.0	0.0	1.0	1.0	0.0	1.0	0.0	0.0	4.0	1.0	-0.6714285714285715	0.0	9.128571428571428	113.41142857142856	-1.4666666666666668	0.0	8.266666666666667	118.95833333333331	-0.1272727272727273	-0.0909090909090909	7.4363636363636365	125.6818181818182	7	6	11	7	6	11	human
1iqd	B	PDPDAFDI	DPESGE	GYTLTEL	0.0	0.0	0.0	0.0	0.0	0.0	1.0	1.0	0.0	0.0	2.0	0.0	0.0	0.0	0.0	0.0	2.0	0.0	1.0	0.0	0.0	0.0	0.0	1.0	0.0	0.0	2.0	1.0	0.0	0.0	0.0	0.0	0.0	0.0	1.0	1.0	0.0	0.0	0.0	0.0	1.0	0.0	0.0	3.0	0.0	0.0	0.0	0.0	0.0	1.0	0.0	0.0	0.0	1.0	2.0	0.0	0.0	0.0	0.0	0.0	0.1428571428571428	-0.1428571428571428	7.785714285714286	113.69857142857144	-2.216666666666667	-0.5	10.633333333333333	105.43	-0.5750000000000001	-0.375	9.1875	108.86625	7	6	8	7	6	8	human
4g6m	H	NRYDPPWFVD	WWDGD	GFSLSTSGM	0.0	0.0	0.0	0.0	0.0	0.0	0.0	2.0	0.0	0.0	1.0	0.0	1.0	1.0	0.0	3.0	1.0	0.0	0.0	0.0	0.0	0.0	0.0	2.0	0.0	0.0	0.0	1.0	0.0	0.0	0.0	0.0	0.0	0.0	0.0	0.0	0.0	2.0	0.0	0.0	0.0	1.0	1.0	2.0	0.0	0.0	0.0	0.0	0.0	0.0	0.0	0.0	0.0	1.0	2.0	0.0	0.0	1.0	1.0	1.0	0.5111111111111111	0.0	7.777777777777778	100.44333333333331	-1.84	-0.4	9.16	135.534	-1.34	-0.1	8.68	129.043	9	5	10	9	5	10	human
6wgl	A	DRLSITIRPRYYGLDV	SGSGGN	GFTFRDY	0.0	1.0	0.0	1.0	0.0	0.0	0.0	1.0	0.0	0.0	0.0	0.0	0.0	2.0	0.0	0.0	1.0	0.0	1.0	0.0	0.0	0.0	1.0	0.0	0.0	0.0	0.0	3.0	0.0	0.0	0.0	0.0	0.0	0.0	0.0	2.0	0.0	0.0	0.0	0.0	0.0	3.0	0.0	2.0	0.0	0.0	0.0	1.0	0.0	2.0	2.0	0.0	0.0	0.0	1.0	1.0	1.0	0.0	2.0	1.0	-0.6857142857142858	0.0	8.242857142857144	129.28285714285715	-1.05	0.0	9.5	85.57	-0.3625	0.0625	8.175	121.0775	7	6	16	7	6	16	human
5c7x	M	GFGTDF	ENKYAGGA	GFTFSSY	0.0	0.0	0.0	0.0	0.0	0.0	0.0	1.0	0.0	0.0	0.0	0.0	0.0	2.0	0.0	2.0	1.0	0.0	1.0	0.0	2.0	0.0	1.0	0.0	0.0	0.0	1.0	2.0	0.0	0.0	0.0	1.0	0.0	0.0	0.0	0.0	0.0	0.0	1.0	0.0	0.0	0.0	0.0	1.0	0.0	0.0	0.0	2.0	0.0	0.0	0.0	0.0	0.0	2.0	0.0	0.0	1.0	0.0	0.0	0.0	0.2285714285714285	0.0	7.514285714285714	115.40857142857143	-1.175	0.0	9.45	103.35625	0.0999999999999999	-0.1666666666666666	8.333333333333334	110.11	7	8	6	7	8	6	human
6al5	H	RETTTVGRYYYAMDY	WPGDSD	GYAFSSY	1.0	0.0	0.0	0.0	0.0	0.0	0.0	1.0	0.0	0.0	0.0	0.0	0.0	1.0	0.0	2.0	0.0	0.0	2.0	0.0	0.0	0.0	0.0	2.0	0.0	0.0	0.0	1.0	0.0	0.0	0.0	0.0	0.0	0.0	1.0	1.0	0.0	1.0	0.0	0.0	1.0	2.0	0.0	1.0	0.0	0.0	1.0	1.0	0.0	0.0	0.0	0.0	1.0	0.0	0.0	0.0	3.0	0.0	4.0	1.0	-4.7580986769649563e-17	0.0	7.585714285714286	113.40428571428572	-1.7833333333333332	-0.3333333333333333	9.6	112.60833333333332	-1.0533333333333337	0.0	8.373333333333333	125.94	7	6	15	7	6	15	human
6yx9	H	ETGTAWFAY	NPNSGG	GYTFTDF	0.0	0.0	0.0	1.0	0.0	0.0	0.0	1.0	0.0	0.0	0.0	0.0	0.0	2.0	0.0	0.0	2.0	0.0	1.0	0.0	0.0	0.0	2.0	0.0	0.0	0.0	0.0	2.0	0.0	0.0	0.0	0.0	0.0	0.0	1.0	1.0	0.0	0.0	0.0	0.0	2.0	0.0	0.0	0.0	0.0	0.0	1.0	1.0	0.0	0.0	0.0	0.0	0.0	1.0	0.0	0.0	2.0	1.0	1.0	0.0	-0.1428571428571429	-0.1428571428571428	7.971428571428571	121.41428571428573	-1.7	0.0	9.733333333333333	93.75333333333332	-0.1222222222222222	-0.1111111111111111	7.944444444444445	116.12555555555556	7	6	9	7	6	9	human
5kzc	B	GKNCDYNWDFEH	KPRGGA	GYEFIDC	0.0	0.0	0.0	1.0	1.0	0.0	1.0	1.0	0.0	1.0	0.0	0.0	0.0	1.0	0.0	0.0	0.0	0.0	1.0	0.0	1.0	1.0	0.0	0.0	0.0	0.0	0.0	2.0	0.0	0.0	0.0	1.0	0.0	0.0	1.0	0.0	0.0	0.0	0.0	0.0	0.0	0.0	2.0	2.0	1.0	0.0	1.0	1.0	1.0	0.0	0.0	1.0	0.0	1.0	0.0	0.0	0.0	1.0	1.0	0.0	0.157142857142857	-0.2857142857142857	8.057142857142857	120.84714285714288	-1.5	0.3333333333333333	9.316666666666666	100.445	-1.825	-0.0833333333333333	9.541666666666666	127.30166666666668	7	6	12	7	6	12	human
5e8e	B	GDFSEFEPFSMDYFHF	DPQDGE	GYTLTEA	1.0	0.0	0.0	0.0	0.0	0.0	1.0	1.0	0.0	0.0	1.0	0.0	0.0	0.0	0.0	0.0	2.0	0.0	1.0	0.0	0.0	0.0	0.0	2.0	0.0	1.0	1.0	1.0	0.0	0.0	0.0	0.0	0.0	0.0	1.0	0.0	0.0	0.0	0.0	0.0	0.0	0.0	0.0	2.0	0.0	0.0	2.0	1.0	1.0	0.0	0.0	0.0	1.0	5.0	1.0	2.0	0.0	0.0	1.0	0.0	-0.1428571428571428	-0.1428571428571428	8.242857142857144	107.68714285714285	-2.6666666666666665	-0.5	10.966666666666669	109.93333333333334	-0.3875	-0.1875	8.39375	125.135625	7	6	16	7	6	16	human
5j13	C	APQWELVHEAFDI	WYDGSN	GFTFRTY	0.0	1.0	0.0	0.0	0.0	0.0	0.0	1.0	0.0	0.0	0.0	0.0	0.0	2.0	0.0	0.0	2.0	0.0	1.0	0.0	0.0	0.0	1.0	1.0	0.0	0.0	0.0	1.0	0.0	0.0	0.0	0.0	0.0	0.0	0.0	1.0	0.0	1.0	1.0	0.0	2.0	0.0	0.0	1.0	0.0	1.0	2.0	0.0	1.0	1.0	1.0	0.0	0.0	1.0	1.0	0.0	0.0	1.0	0.0	1.0	-0.2857142857142857	0.1428571428571428	7.614285714285714	127.28571428571428	-1.7333333333333334	-0.1666666666666666	9.066666666666666	123.455	-0.0615384615384615	-0.1538461538461538	8.407692307692308	118.21	7	6	13	7	6	13	human
5n7w	H	FPYYYGNWDV	LPGSGS	GYTFSSY	0.0	0.0	0.0	0.0	0.0	0.0	0.0	1.0	0.0	0.0	0.0	0.0	0.0	1.0	0.0	2.0	1.0	0.0	2.0	0.0	0.0	0.0	0.0	0.0	0.0	0.0	0.0	2.0	0.0	0.0	1.0	0.0	0.0	0.0	1.0	2.0	0.0	0.0	0.0	0.0	0.0	0.0	1.0	1.0	0.0	0.0	0.0	1.0	0.0	0.0	0.0	0.0	0.0	1.0	1.0	0.0	0.0	1.0	3.0	1.0	-0.3571428571428572	0.0	7.6571428571428575	117.69428571428573	-0.0333333333333334	0.0	8.216666666666667	89.08999999999999	-0.68	-0.1	7.67	132.344	7	6	10	7	6	10	human
2h32	H	HYYYYYGMDV	YPGDSD	GYSFTSY	0.0	0.0	0.0	0.0	0.0	0.0	0.0	1.0	0.0	0.0	0.0	0.0	0.0	1.0	0.0	2.0	1.0	0.0	2.0	0.0	0.0	0.0	0.0	2.0	0.0	0.0	0.0	1.0	0.0	0.0	0.0	0.0	0.0	0.0	1.0	1.0	0.0	0.0	1.0	0.0	0.0	0.0	0.0	1.0	0.0	0.0	0.0	1.0	1.0	0.0	0.0	0.0	1.0	0.0	0.0	0.0	0.0	0.0	5.0	1.0	-0.3571428571428572	0.0	7.6571428571428575	117.69428571428573	-1.85	-0.3333333333333333	9.733333333333333	108.76833333333332	-0.75	0.0	7.5	137.351	7	6	10	7	6	10	human
5l6y	H	DSSSSWARWFFDL	SANNGD	GYTFTNY	0.0	0.0	1.0	0.0	0.0	0.0	0.0	1.0	0.0	0.0	0.0	0.0	0.0	1.0	0.0	0.0	2.0	0.0	2.0	0.0	1.0	0.0	2.0	1.0	0.0	0.0	0.0	1.0	0.0	0.0	0.0	0.0	0.0	0.0	0.0	1.0	0.0	0.0	0.0	0.0	1.0	1.0	0.0	2.0	0.0	0.0	0.0	0.0	0.0	0.0	1.0	0.0	0.0	2.0	0.0	4.0	0.0	2.0	0.0	0.0	-0.7285714285714286	0.0	7.914285714285714	123.56000000000002	-1.65	-0.1666666666666666	10.416666666666666	96.08666666666666	-0.4076923076923077	-0.0769230769230769	8.26923076923077	121.97923076923075	7	6	13	7	6	13	human
6wio	A	DYYDILTDYYIHYWYFDL	NQDGSE	GFTFSNY	0.0	0.0	1.0	0.0	0.0	0.0	0.0	1.0	0.0	0.0	0.0	0.0	0.0	2.0	0.0	1.0	1.0	0.0	1.0	0.0	0.0	0.0	1.0	1.0	0.0	1.0	1.0	1.0	0.0	0.0	0.0	0.0	0.0	0.0	0.0	1.0	0.0	0.0	0.0	0.0	0.0	0.0	0.0	4.0	0.0	0.0	0.0	0.0	1.0	2.0	2.0	0.0	0.0	1.0	0.0	0.0	1.0	1.0	6.0	0.0	-0.1571428571428572	0.0	7.857142857142857	119.27	-2.533333333333333	-0.3333333333333333	10.933333333333332	108.09666666666668	-0.4000000000000001	-0.1666666666666666	7.722222222222222	136.8738888888889	7	6	18	7	6	18	human
4cni	H	ESYYGFTSY	RNKNYQYG	GFNFNDY	0.0	0.0	2.0	1.0	0.0	0.0	0.0	1.0	0.0	0.0	0.0	0.0	0.0	2.0	0.0	0.0	0.0	0.0	1.0	0.0	0.0	1.0	2.0	0.0	0.0	1.0	0.0	1.0	0.0	0.0	0.0	1.0	0.0	0.0	0.0	0.0	0.0	0.0	2.0	0.0	0.0	0.0	0.0	0.0	0.0	0.0	1.0	1.0	0.0	0.0	0.0	0.0	0.0	1.0	0.0	2.0	1.0	0.0	3.0	0.0	-0.942857142857143	-0.1428571428571428	8.828571428571427	125.12857142857142	-2.7375	0.25	9.6125	130.26625	-0.8111111111111112	-0.1111111111111111	8.011111111111111	124.01777777777778	7	8	9	7	8	9	human
5ngv	H	GGWFDY	NPVSGS	GYTFTSS	0.0	0.0	0.0	0.0	0.0	0.0	0.0	1.0	0.0	0.0	0.0	0.0	0.0	1.0	0.0	2.0	2.0	0.0	1.0	0.0	0.0	0.0	1.0	0.0	0.0	0.0	0.0	1.0	0.0	0.0	0.0	0.0	0.0	0.0	1.0	2.0	0.0	0.0	0.0	1.0	0.0	0.0	0.0	1.0	0.0	0.0	0.0	2.0	0.0	0.0	0.0	0.0	0.0	1.0	0.0	0.0	0.0	1.0	1.0	0.0	-0.2714285714285714	0.0	8.0	108.82714285714285	-0.4833333333333333	0.0	8.816666666666666	93.26166666666666	-0.6166666666666667	-0.1666666666666666	7.966666666666666	126.96166666666666	7	6	6	7	6	6	human
7ahv	A	SYGSGSFYNAFDS	SWRGDI	GFTFHDY	0.0	0.0	0.0	1.0	0.0	0.0	0.0	1.0	1.0	0.0	0.0	0.0	0.0	2.0	0.0	0.0	1.0	0.0	1.0	0.0	0.0	1.0	0.0	1.0	0.0	0.0	0.0	1.0	0.0	1.0	0.0	0.0	0.0	0.0	0.0	1.0	0.0	1.0	0.0	0.0	1.0	0.0	1.0	1.0	0.0	0.0	0.0	2.0	0.0	0.0	0.0	0.0	0.0	2.0	0.0	4.0	0.0	0.0	2.0	0.0	-0.5000000000000001	0.0	8.22857142857143	126.56142857142858	-0.9333333333333332	0.0	8.716666666666667	122.13166666666666	-0.476923076923077	-0.0769230769230769	8.484615384615385	109.18615384615386	7	6	13	7	6	13	human
3skj	H	YDSGYDYVAVAGPAEYFQH	GPSGGP	GFTFSHY	0.0	0.0	0.0	0.0	0.0	0.0	0.0	1.0	1.0	0.0	0.0	0.0	0.0	2.0	0.0	1.0	1.0	0.0	1.0	0.0	0.0	0.0	0.0	0.0	0.0	0.0	0.0	3.0	0.0	0.0	0.0	0.0	0.0	0.0	2.0	1.0	0.0	0.0	0.0	0.0	3.0	0.0	0.0	2.0	0.0	1.0	1.0	2.0	1.0	0.0	0.0	0.0	0.0	1.0	1.0	1.0	0.0	0.0	4.0	2.0	-0.1142857142857143	0.1428571428571428	7.685714285714285	122.56	-0.8666666666666667	0.0	8.700000000000001	84.41166666666668	-0.4736842105263157	-0.1052631578947368	8.447368421052632	114.22473684210526	7	6	19	7	6	19	human
6vgr	C	RAAAYYSNPEWFAY	LPGSGN	GGTFSSY	0.0	0.0	0.0	0.0	0.0	0.0	0.0	2.0	0.0	0.0	0.0	0.0	0.0	1.0	0.0	2.0	1.0	0.0	1.0	0.0	0.0	0.0	1.0	0.0	0.0	0.0	0.0	2.0	0.0	0.0	1.0	0.0	0.0	0.0	1.0	1.0	0.0	0.0	0.0	0.0	4.0	1.0	1.0	0.0	0.0	0.0	1.0	0.0	0.0	0.0	0.0	0.0	0.0	1.0	1.0	1.0	0.0	1.0	3.0	0.0	-0.2285714285714286	0.0	8.057142857142857	105.10428571428572	-0.4833333333333334	0.0	8.616666666666667	93.59499999999998	-0.6214285714285716	0.0	8.085714285714285	120.77714285714286	7	6	14	7	6	14	human
2uzi	H	GRFFDY	SRTSKT	GFTFSTF	0.0	0.0	0.0	0.0	0.0	0.0	0.0	1.0	0.0	0.0	0.0	0.0	0.0	3.0	0.0	1.0	2.0	0.0	0.0	0.0	0.0	1.0	0.0	0.0	0.0	0.0	0.0	0.0	0.0	0.0	0.0	1.0	0.0	0.0	0.0	2.0	2.0	0.0	0.0	0.0	0.0	1.0	0.0	1.0	0.0	0.0	0.0	1.0	0.0	0.0	0.0	0.0	0.0	2.0	0.0	0.0	0.0	0.0	1.0	0.0	0.8285714285714285	0.0	7.285714285714286	115.12714285714286	-1.9	0.3333333333333333	9.566666666666666	110.125	-0.6833333333333335	0.0	8.183333333333334	133.97833333333332	7	6	6	7	6	6	human
2xwt	A	LDWNYNPLRY	YPGDSD	GYSLTDN	0.0	0.0	1.0	1.0	0.0	0.0	0.0	1.0	0.0	0.0	1.0	0.0	0.0	0.0	0.0	1.0	1.0	0.0	1.0	0.0	0.0	0.0	0.0	2.0	0.0	0.0	0.0	1.0	0.0	0.0	0.0	0.0	0.0	0.0	1.0	1.0	0.0	0.0	1.0	0.0	0.0	1.0	2.0	1.0	0.0	0.0	0.0	0.0	0.0	0.0	2.0	0.0	0.0	0.0	1.0	0.0	0.0	1.0	2.0	0.0	-0.9142857142857144	-0.1428571428571428	8.928571428571429	109.82571428571428	-1.85	-0.3333333333333333	9.733333333333333	108.76833333333332	-1.25	0.0	8.23	133.552	7	6	10	7	6	10	human
6yio	H	GGSVSGTLVDFDI	IPIFGT	GGTFSSL	0.0	0.0	0.0	0.0	0.0	0.0	0.0	2.0	0.0	0.0	1.0	0.0	0.0	1.0	0.0	2.0	1.0	0.0	0.0	0.0	0.0	0.0	0.0	0.0	0.0	0.0	0.0	1.0	0.0	2.0	0.0	0.0	0.0	1.0	1.0	0.0	1.0	0.0	0.0	0.0	0.0	0.0	0.0	2.0	0.0	0.0	0.0	3.0	0.0	1.0	1.0	0.0	0.0	1.0	0.0	2.0	1.0	0.0	0.0	2.0	0.4999999999999999	0.0	7.871428571428572	97.95857142857145	1.5166666666666666	0.0	6.866666666666667	107.79666666666668	0.6923076923076923	-0.1538461538461538	8.238461538461538	100.18153846153844	7	6	13	7	6	13	human
5d71	H	GFGTDF	SYSGSE	GFTFSSY	0.0	0.0	0.0	0.0	0.0	0.0	0.0	1.0	0.0	0.0	0.0	0.0	0.0	2.0	0.0	2.0	1.0	0.0	1.0	0.0	0.0	0.0	0.0	0.0	0.0	0.0	1.0	1.0	0.0	0.0	0.0	0.0	0.0	0.0	0.0	3.0	0.0	0.0	1.0	0.0	0.0	0.0	0.0	1.0	0.0	0.0	0.0	2.0	0.0	0.0	0.0	0.0	0.0	2.0	0.0	0.0	1.0	0.0	0.0	0.0	0.2285714285714285	0.0	7.514285714285714	115.40857142857143	-1.2666666666666668	-0.1666666666666666	9.183333333333334	104.765	0.0999999999999999	-0.1666666666666666	8.333333333333334	110.11	7	6	6	7	6	6	human
6wzm	C	EGPYSYYPSREYYGSDL	SPNSGS	GYEFTSY	0.0	0.0	0.0	0.0	0.0	0.0	1.0	1.0	0.0	0.0	0.0	0.0	0.0	1.0	0.0	1.0	1.0	0.0	2.0	0.0	0.0	0.0	1.0	0.0	0.0	0.0	0.0	1.0	0.0	0.0	0.0	0.0	0.0	0.0	1.0	3.0	0.0	0.0	0.0	0.0	0.0	1.0	0.0	1.0	0.0	0.0	2.0	2.0	0.0	0.0	1.0	0.0	0.0	0.0	2.0	3.0	0.0	0.0	5.0	0.0	-0.7428571428571429	-0.1428571428571428	8.1	123.7	-1.3166666666666669	0.0	9.366666666666664	91.25333333333332	-1.4176470588235297	-0.1176470588235294	8.564705882352941	121.42117647058822	7	6	17	7	6	17	human
3k2u	H	WWAWPAFDY	YPAGGA	GFTINGT	0.0	0.0	1.0	0.0	0.0	0.0	0.0	2.0	0.0	1.0	0.0	0.0	0.0	1.0	0.0	0.0	2.0	0.0	0.0	0.0	2.0	0.0	0.0	0.0	0.0	0.0	0.0	2.0	0.0	0.0	0.0	0.0	0.0	0.0	1.0	0.0	0.0	0.0	1.0	0.0	2.0	0.0	0.0	1.0	0.0	0.0	0.0	0.0	0.0	0.0	0.0	0.0	0.0	1.0	1.0	0.0	0.0	3.0	1.0	0.0	0.2285714285714285	0.0	8.171428571428573	103.82428571428572	-0.0166666666666666	0.0	8.066666666666666	92.09333333333332	-0.3	-0.1111111111111111	7.199999999999999	135.93222222222224	7	6	9	7	6	9	human
6x4t	D	EGILWFGDLPTF	KQDGNE	GFTFSSY	0.0	0.0	0.0	0.0	0.0	0.0	0.0	1.0	0.0	0.0	0.0	0.0	0.0	2.0	0.0	2.0	1.0	0.0	1.0	0.0	0.0	0.0	1.0	1.0	0.0	1.0	1.0	1.0	0.0	0.0	0.0	1.0	0.0	0.0	0.0	0.0	0.0	0.0	0.0	0.0	0.0	0.0	0.0	1.0	0.0	0.0	1.0	2.0	0.0	1.0	2.0	0.0	0.0	2.0	1.0	0.0	1.0	1.0	0.0	0.0	0.2285714285714285	0.0	7.514285714285714	115.40857142857143	-3.0500000000000003	-0.1666666666666666	11.283333333333331	114.94666666666669	0.5583333333333332	-0.1666666666666666	7.558333333333334	117.71666666666664	7	6	12	7	6	12	human
3g6d	H	GLGAFHWDMQPDY	AYDSSN	GFTFNSY	0.0	0.0	1.0	0.0	0.0	0.0	0.0	1.0	0.0	0.0	0.0	0.0	0.0	2.0	0.0	1.0	1.0	0.0	1.0	0.0	1.0	0.0	1.0	1.0	0.0	0.0	0.0	0.0	0.0	0.0	0.0	0.0	0.0	0.0	0.0	2.0	0.0	0.0	1.0	0.0	1.0	0.0	0.0	2.0	0.0	1.0	0.0	2.0	1.0	0.0	1.0	0.0	1.0	1.0	1.0	0.0	0.0	1.0	1.0	0.0	-0.1571428571428572	0.0	7.857142857142857	119.27	-1.35	-0.1666666666666666	9.55	106.27	-0.6153846153846154	-0.0769230769230769	8.338461538461539	119.59153846153846	7	6	13	7	6	13	human
6o9i	D	FYYGTSWFAY	NPSNGR	GYTFTSN	0.0	0.0	1.0	0.0	0.0	0.0	0.0	1.0	0.0	0.0	0.0	0.0	0.0	1.0	0.0	1.0	2.0	0.0	1.0	0.0	0.0	1.0	2.0	0.0	0.0	0.0	0.0	1.0	0.0	0.0	0.0	0.0	0.0	0.0	1.0	1.0	0.0	0.0	0.0	0.0	1.0	0.0	0.0	0.0	0.0	0.0	0.0	1.0	0.0	0.0	0.0	0.0	0.0	2.0	0.0	1.0	1.0	1.0	3.0	0.0	-0.6571428571428573	0.0	8.342857142857143	112.68857142857144	-2.3833333333333333	0.1666666666666666	9.983333333333333	107.27666666666666	0.0699999999999999	0.0	6.93	130.44400000000002	7	6	10	7	6	10	human
7d85	B	DLHMGPEGPFDY	DLDSGS	GFTFSDY	0.0	0.0	0.0	1.0	0.0	0.0	0.0	1.0	0.0	0.0	0.0	0.0	0.0	2.0	0.0	1.0	1.0	0.0	1.0	0.0	0.0	0.0	0.0	2.0	0.0	0.0	0.0	1.0	0.0	0.0	1.0	0.0	0.0	0.0	0.0	2.0	0.0	0.0	0.0	0.0	0.0	0.0	0.0	2.0	0.0	0.0	1.0	2.0	1.0	0.0	1.0	0.0	1.0	1.0	2.0	0.0	0.0	0.0	1.0	0.0	-0.1571428571428572	-0.1428571428571428	8.057142857142857	119.41	-0.8666666666666667	-0.3333333333333333	9.716666666666669	98.75833333333333	-0.875	-0.1666666666666666	8.725	116.29166666666669	7	6	12	7	6	12	human
4y5y	D	VSRGGSFSD	PDGSE	GFTFSY	0.0	0.0	0.0	0.0	0.0	0.0	0.0	1.0	0.0	0.0	0.0	0.0	0.0	2.0	0.0	1.0	1.0	0.0	1.0	0.0	0.0	0.0	0.0	1.0	0.0	0.0	1.0	1.0	0.0	0.0	0.0	0.0	0.0	0.0	1.0	1.0	0.0	0.0	0.0	0.0	0.0	1.0	0.0	1.0	0.0	0.0	0.0	2.0	0.0	0.0	0.0	0.0	0.0	1.0	0.0	3.0	0.0	0.0	0.0	1.0	0.3999999999999999	0.0	7.233333333333333	120.13	-1.96	-0.4	10.3	100.692	-0.4666666666666667	0.0	8.911111111111111	103.21444444444444	6	5	9	6	5	9	human
6o39	B	YHHPFGYALDY	YSSFGS	GFNIHSS	0.0	0.0	1.0	0.0	0.0	0.0	0.0	1.0	1.0	1.0	0.0	0.0	0.0	1.0	0.0	2.0	0.0	0.0	0.0	0.0	0.0	0.0	0.0	0.0	0.0	0.0	0.0	1.0	0.0	0.0	0.0	0.0	0.0	1.0	0.0	3.0	0.0	0.0	1.0	0.0	1.0	0.0	0.0	1.0	0.0	0.0	0.0	1.0	2.0	0.0	1.0	0.0	0.0	1.0	1.0	0.0	0.0	0.0	3.0	0.0	-0.2	0.1428571428571428	8.542857142857143	108.68571428571428	-0.2166666666666667	0.0	8.0	107.775	-0.6727272727272728	0.0909090909090909	7.963636363636363	125.6818181818182	7	6	11	7	6	11	human
7mrz	X	DSLRYGMDV	SYSGS	GGSISSSSY	0.0	0.0	0.0	0.0	0.0	0.0	0.0	2.0	0.0	1.0	0.0	0.0	0.0	0.0	0.0	5.0	0.0	0.0	1.0	0.0	0.0	0.0	0.0	0.0	0.0	0.0	0.0	1.0	0.0	0.0	0.0	0.0	0.0	0.0	0.0	3.0	0.0	0.0	1.0	0.0	0.0	1.0	0.0	2.0	0.0	0.0	0.0	1.0	0.0	0.0	1.0	0.0	1.0	0.0	0.0	1.0	0.0	0.0	1.0	1.0	-0.1777777777777778	0.0	8.377777777777776	95.76	-0.8200000000000001	0.0	8.559999999999999	99.894	-0.4555555555555556	-0.1111111111111111	8.600000000000001	117.24111111111112	9	5	9	9	5	9	human
7su1	H	HGWLGPFDY	SYDGHN	GFTFSHY	0.0	0.0	0.0	0.0	0.0	0.0	0.0	1.0	1.0	0.0	0.0	0.0	0.0	2.0	0.0	1.0	1.0	0.0	1.0	0.0	0.0	0.0	1.0	1.0	0.0	0.0	0.0	1.0	1.0	0.0	0.0	0.0	0.0	0.0	0.0	1.0	0.0	0.0	1.0	0.0	0.0	0.0	0.0	1.0	0.0	0.0	0.0	2.0	1.0	0.0	1.0	0.0	0.0	1.0	1.0	0.0	0.0	1.0	1.0	0.0	-0.1142857142857143	0.1428571428571428	7.685714285714285	122.56	-2.1166666666666667	0.0	9.9	115.275	-0.5222222222222224	0.0	7.9	123.24333333333334	7	6	9	7	6	9	human
4uu9	H	DDDYEEWPWYYGMDV	SGSGGS	GFTFSSY	0.0	0.0	0.0	0.0	0.0	0.0	0.0	1.0	0.0	0.0	0.0	0.0	0.0	2.0	0.0	2.0	1.0	0.0	1.0	0.0	0.0	0.0	0.0	0.0	0.0	0.0	0.0	3.0	0.0	0.0	0.0	0.0	0.0	0.0	0.0	3.0	0.0	0.0	0.0	0.0	0.0	0.0	0.0	4.0	0.0	0.0	2.0	1.0	0.0	0.0	0.0	0.0	1.0	0.0	1.0	0.0	0.0	2.0	3.0	1.0	0.2285714285714285	0.0	7.514285714285714	115.40857142857143	-0.6	0.0	9.1	81.065	-1.5066666666666668	-0.4	8.973333333333333	132.20533333333333	7	6	15	7	6	15	human
4uv7	H	HGSPGYTLYAWDY	LGGSER	GFTFSDY	0.0	0.0	0.0	1.0	0.0	0.0	0.0	1.0	0.0	0.0	0.0	0.0	0.0	2.0	0.0	1.0	1.0	0.0	1.0	0.0	0.0	1.0	0.0	0.0	0.0	0.0	1.0	2.0	0.0	0.0	1.0	0.0	0.0	0.0	0.0	1.0	0.0	0.0	0.0	0.0	1.0	0.0	0.0	1.0	0.0	0.0	0.0	2.0	1.0	0.0	1.0	0.0	0.0	0.0	1.0	1.0	1.0	1.0	3.0	0.0	-0.1571428571428572	-0.1428571428571428	8.057142857142857	119.41	-0.9666666666666668	0.0	9.15	105.94166666666666	-0.7538461538461539	0.0	8.015384615384615	119.04923076923076	7	6	13	7	6	13	human
4dtg	H	LGGYDEGDAMDS	SRSGSY	GFTFSNY	0.0	0.0	1.0	0.0	0.0	0.0	0.0	1.0	0.0	0.0	0.0	0.0	0.0	2.0	0.0	1.0	1.0	0.0	1.0	0.0	0.0	1.0	0.0	0.0	0.0	0.0	0.0	1.0	0.0	0.0	0.0	0.0	0.0	0.0	0.0	3.0	0.0	0.0	1.0	0.0	1.0	0.0	0.0	3.0	0.0	0.0	1.0	3.0	0.0	0.0	1.0	0.0	1.0	0.0	0.0	1.0	0.0	0.0	1.0	0.0	-0.1571428571428572	0.0	7.857142857142857	119.27	-1.4333333333333331	0.1666666666666666	8.883333333333333	109.27666666666666	-0.8166666666666668	-0.3333333333333333	9.366666666666667	105.43666666666668	7	6	12	7	6	12	human
7elx	H	TGWLGPFDY	SYDGNN	GFTFSSY	0.0	0.0	0.0	0.0	0.0	0.0	0.0	1.0	0.0	0.0	0.0	0.0	0.0	2.0	0.0	2.0	1.0	0.0	1.0	0.0	0.0	0.0	2.0	1.0	0.0	0.0	0.0	1.0	0.0	0.0	0.0	0.0	0.0	0.0	0.0	1.0	0.0	0.0	1.0	0.0	0.0	0.0	0.0	1.0	0.0	0.0	0.0	2.0	0.0	0.0	1.0	0.0	0.0	1.0	1.0	0.0	1.0	1.0	1.0	0.0	0.2285714285714285	0.0	7.514285714285714	115.40857142857143	-2.1666666666666665	-0.1666666666666666	10.1	111.43666666666668	-0.2444444444444445	-0.1111111111111111	7.699999999999999	119.24	7	6	9	7	6	9	human
4i77	H	DGYYPYAMDN	WGDGK	GFSLSAY	1.0	0.0	0.0	0.0	0.0	0.0	0.0	1.0	0.0	0.0	1.0	0.0	0.0	1.0	0.0	2.0	0.0	0.0	1.0	0.0	0.0	0.0	0.0	1.0	0.0	0.0	0.0	2.0	0.0	0.0	0.0	1.0	0.0	0.0	0.0	0.0	0.0	1.0	0.0	0.0	1.0	0.0	1.0	2.0	0.0	0.0	0.0	1.0	0.0	0.0	0.0	0.0	1.0	0.0	1.0	0.0	0.0	0.0	3.0	0.0	0.7285714285714285	0.0	7.4	106.2585714285714	-1.82	0.0	9.54	115.918	-1.27	-0.2	8.7	120.828	7	5	10	7	5	10	human
3bdy	H	WGGDGFYAMDY	YPTNGY	GFNIKDT	0.0	0.0	1.0	1.0	0.0	0.0	0.0	1.0	0.0	1.0	0.0	1.0	0.0	1.0	0.0	0.0	1.0	0.0	0.0	0.0	0.0	0.0	1.0	0.0	0.0	0.0	0.0	1.0	0.0	0.0	0.0	0.0	0.0	0.0	1.0	0.0	1.0	0.0	2.0	0.0	1.0	0.0	0.0	2.0	0.0	0.0	0.0	3.0	0.0	0.0	0.0	0.0	1.0	1.0	0.0	0.0	0.0	1.0	2.0	0.0	-0.6714285714285715	0.0	9.128571428571428	113.41142857142856	-1.4666666666666668	0.0	8.266666666666667	118.95833333333331	-0.4727272727272727	-0.1818181818181818	8.163636363636364	119.76090909090908	7	6	11	7	6	11	human
7n0a	B	WEWDLDF	KAKSDDYA	GFTFSHA	1.0	0.0	0.0	0.0	0.0	0.0	0.0	1.0	1.0	0.0	0.0	0.0	0.0	2.0	0.0	1.0	1.0	0.0	0.0	0.0	2.0	0.0	0.0	2.0	0.0	0.0	0.0	0.0	0.0	0.0	0.0	2.0	0.0	0.0	0.0	1.0	0.0	0.0	1.0	0.0	0.0	0.0	0.0	2.0	0.0	0.0	1.0	0.0	0.0	0.0	1.0	0.0	0.0	1.0	0.0	0.0	0.0	2.0	0.0	0.0	0.3285714285714284	0.1428571428571428	7.957142857142857	109.40285714285712	-1.6625	0.0	10.025	109.87	-0.8142857142857143	-0.4285714285714285	8.457142857142857	141.7257142857143	7	8	7	7	8	7	human
1h0d	B	LGDYGYAYTMDY	SSGGGN	GFTFSSY	0.0	0.0	0.0	0.0	0.0	0.0	0.0	1.0	0.0	0.0	0.0	0.0	0.0	2.0	0.0	2.0	1.0	0.0	1.0	0.0	0.0	0.0	1.0	0.0	0.0	0.0	0.0	3.0	0.0	0.0	0.0	0.0	0.0	0.0	0.0	2.0	0.0	0.0	0.0	0.0	1.0	0.0	0.0	2.0	0.0	0.0	0.0	2.0	0.0	0.0	1.0	0.0	1.0	0.0	0.0	0.0	1.0	0.0	4.0	0.0	0.2285714285714285	0.0	7.514285714285714	115.40857142857143	-1.05	0.0	9.5	85.57	-0.5166666666666667	-0.1666666666666666	8.008333333333333	120.79583333333332	7	6	12	7	6	12	human
3grw	H	TYGIYDLYVDYTEYVMDY	YPTNGS	GFTFTST	0.0	0.0	0.0	0.0	0.0	0.0	0.0	1.0	0.0	0.0	0.0	0.0	0.0	2.0	0.0	1.0	3.0	0.0	0.0	0.0	0.0	0.0	1.0	0.0	0.0	0.0	0.0	1.0	0.0	0.0	0.0	0.0	0.0	0.0	1.0	1.0	1.0	0.0	1.0	0.0	0.0	0.0	0.0	3.0	0.0	0.0	1.0	1.0	0.0	1.0	1.0	0.0	1.0	0.0	0.0	0.0	2.0	0.0	6.0	2.0	0.3285714285714285	0.0	7.771428571428571	108.5457142857143	-1.3833333333333335	0.0	8.766666666666667	106.275	-0.2777777777777778	-0.2222222222222222	7.905555555555556	127.02888888888889	7	6	18	7	6	18	human
2qqn	H	GELPYYRMSKVMDV	SPAGGY	GFTFSSY	0.0	0.0	0.0	0.0	0.0	0.0	0.0	1.0	0.0	0.0	0.0	0.0	0.0	2.0	0.0	2.0	1.0	0.0	1.0	0.0	1.0	0.0	0.0	0.0	0.0	0.0	0.0	2.0	0.0	0.0	0.0	0.0	0.0	0.0	1.0	1.0	0.0	0.0	1.0	0.0	0.0	1.0	0.0	1.0	0.0	0.0	1.0	1.0	0.0	0.0	1.0	1.0	2.0	0.0	1.0	1.0	0.0	0.0	2.0	2.0	0.2285714285714285	0.0	7.514285714285714	115.40857142857143	-0.45	0.0	8.25	94.76	-0.3428571428571428	0.0	8.128571428571428	120.57214285714284	7	6	14	7	6	14	human
6bgt	B	WGGDGFYAMDY	YPTNGY	GFNIDDT	0.0	0.0	1.0	2.0	0.0	0.0	0.0	1.0	0.0	1.0	0.0	0.0	0.0	1.0	0.0	0.0	1.0	0.0	0.0	0.0	0.0	0.0	1.0	0.0	0.0	0.0	0.0	1.0	0.0	0.0	0.0	0.0	0.0	0.0	1.0	0.0	1.0	0.0	2.0	0.0	1.0	0.0	0.0	2.0	0.0	0.0	0.0	3.0	0.0	0.0	0.0	0.0	1.0	1.0	0.0	0.0	0.0	1.0	2.0	0.0	-0.6142857142857142	-0.2857142857142857	9.37142857142857	111.54142857142855	-1.4666666666666668	0.0	8.266666666666667	118.95833333333331	-0.4727272727272727	-0.1818181818181818	8.163636363636364	119.76090909090908	7	6	11	7	6	11	human
3tje	H	RQLLDDGTGYQWAAFDV	AYRGNSNSGS	GASISANSY	2.0	0.0	1.0	0.0	0.0	0.0	0.0	1.0	0.0	1.0	0.0	0.0	0.0	0.0	0.0	3.0	0.0	0.0	1.0	0.0	1.0	1.0	2.0	0.0	0.0	0.0	0.0	2.0	0.0	0.0	0.0	0.0	0.0	0.0	0.0	3.0	0.0	0.0	1.0	0.0	2.0	1.0	0.0	3.0	0.0	2.0	0.0	2.0	0.0	0.0	2.0	0.0	0.0	1.0	0.0	0.0	1.0	1.0	1.0	1.0	0.0555555555555555	0.0	8.422222222222222	96.54444444444444	-1.42	0.1	9.36	103.001	-0.4411764705882353	-0.1176470588235294	8.576470588235296	116.06588235294116	9	10	17	9	10	17	human
5ies	H	ISGSYSFDY	NPNSGG	GYTFTGY	0.0	0.0	0.0	0.0	0.0	0.0	0.0	2.0	0.0	0.0	0.0	0.0	0.0	1.0	0.0	0.0	2.0	0.0	2.0	0.0	0.0	0.0	2.0	0.0	0.0	0.0	0.0	2.0	0.0	0.0	0.0	0.0	0.0	0.0	1.0	1.0	0.0	0.0	0.0	0.0	0.0	0.0	0.0	1.0	0.0	0.0	0.0	1.0	0.0	1.0	0.0	0.0	0.0	1.0	0.0	3.0	0.0	0.0	2.0	0.0	-0.2857142857142857	0.0	7.542857142857143	117.98	-1.7	0.0	9.733333333333333	93.75333333333332	-0.1777777777777778	-0.1111111111111111	8.044444444444444	115.34222222222222	7	6	9	7	6	9	human
7o52	H	EVTGDLEDAFDI	YYRSKWY	GDSVSSNSA	1.0	0.0	1.0	1.0	0.0	0.0	0.0	1.0	0.0	0.0	0.0	0.0	0.0	0.0	0.0	4.0	0.0	0.0	0.0	1.0	0.0	1.0	0.0	0.0	0.0	0.0	0.0	0.0	0.0	0.0	0.0	1.0	0.0	0.0	0.0	1.0	0.0	1.0	3.0	0.0	1.0	0.0	0.0	3.0	0.0	0.0	2.0	1.0	0.0	1.0	1.0	0.0	0.0	1.0	0.0	0.0	1.0	0.0	0.0	1.0	-0.5111111111111111	-0.1111111111111111	9.377777777777776	91.42	-2.0	0.2857142857142857	7.857142857142857	149.60142857142858	-0.125	-0.4166666666666667	9.208333333333334	110.28166666666668	9	7	12	9	7	12	human
7daa	H	YYAGSDI	YASGS	GFSLSDY	0.0	0.0	0.0	1.0	0.0	0.0	0.0	1.0	0.0	0.0	1.0	0.0	0.0	1.0	0.0	2.0	0.0	0.0	1.0	0.0	1.0	0.0	0.0	0.0	0.0	0.0	0.0	1.0	0.0	0.0	0.0	0.0	0.0	0.0	0.0	2.0	0.0	0.0	1.0	0.0	1.0	0.0	0.0	1.0	0.0	0.0	0.0	1.0	0.0	1.0	0.0	0.0	0.0	0.0	0.0	1.0	0.0	0.0	2.0	0.0	-0.0285714285714286	-0.1428571428571428	8.1	112.5457142857143	-0.3	0.0	8.34	96.694	-0.1428571428571428	-0.1428571428571428	8.128571428571428	112.5457142857143	7	5	7	7	5	7	human
6u6u	H	VFYGEPYFPY	NPGNVR	GYSFTSS	0.0	0.0	0.0	0.0	0.0	0.0	0.0	1.0	0.0	0.0	0.0	0.0	0.0	1.0	0.0	3.0	1.0	0.0	1.0	0.0	0.0	1.0	2.0	0.0	0.0	0.0	0.0	1.0	0.0	0.0	0.0	0.0	0.0	0.0	1.0	0.0	0.0	0.0	0.0	1.0	0.0	0.0	0.0	0.0	0.0	0.0	1.0	1.0	0.0	0.0	0.0	0.0	0.0	2.0	2.0	0.0	0.0	0.0	3.0	1.0	-0.2857142857142857	0.0	8.085714285714285	106.82285714285716	-1.55	0.1666666666666666	9.433333333333334	109.285	-0.12	-0.1	7.220000000000001	128.144	7	6	10	7	6	10	human
5bvp	H	DLRTGPFDY	WYDGDN	GFTFSVY	0.0	0.0	0.0	0.0	0.0	0.0	0.0	1.0	0.0	0.0	0.0	0.0	0.0	2.0	0.0	1.0	1.0	0.0	1.0	1.0	0.0	0.0	1.0	2.0	0.0	0.0	0.0	1.0	0.0	0.0	0.0	0.0	0.0	0.0	0.0	0.0	0.0	1.0	1.0	0.0	0.0	1.0	0.0	2.0	0.0	0.0	0.0	1.0	0.0	0.0	1.0	0.0	0.0	1.0	1.0	0.0	1.0	0.0	1.0	0.0	0.9428571428571428	0.0	7.042857142857143	117.13	-2.183333333333333	-0.3333333333333333	9.7	128.1233333333333	-0.9888888888888888	-0.1111111111111111	8.711111111111112	120.35222222222222	7	6	9	7	6	9	human
1adq	H	TRSYVVAAEYYFHY	SWNTGT	GFTFDDY	0.0	0.0	0.0	2.0	0.0	0.0	0.0	1.0	0.0	0.0	0.0	0.0	0.0	2.0	0.0	0.0	1.0	0.0	1.0	0.0	0.0	0.0	1.0	0.0	0.0	0.0	0.0	1.0	0.0	0.0	0.0	0.0	0.0	0.0	0.0	1.0	2.0	1.0	0.0	0.0	2.0	1.0	0.0	0.0	0.0	0.0	1.0	0.0	1.0	0.0	0.0	0.0	0.0	1.0	0.0	1.0	1.0	0.0	4.0	2.0	-0.5428571428571429	-0.2857142857142857	8.6	123.41142857142856	-1.1666666666666667	0.0	8.733333333333333	110.78	-0.2214285714285714	0.0714285714285714	7.785714285714286	125.06857142857145	7	6	14	7	6	14	human
7rp2	H	GSSSWYDLGPFDY	YHSGS	GGSISSSN	0.0	0.0	1.0	0.0	0.0	0.0	0.0	2.0	0.0	1.0	0.0	0.0	0.0	0.0	0.0	4.0	0.0	0.0	0.0	0.0	0.0	0.0	0.0	0.0	0.0	0.0	0.0	1.0	1.0	0.0	0.0	0.0	0.0	0.0	0.0	2.0	0.0	0.0	1.0	0.0	0.0	0.0	0.0	2.0	0.0	0.0	0.0	2.0	0.0	0.0	1.0	0.0	0.0	1.0	1.0	3.0	0.0	1.0	2.0	0.0	-0.375	0.0	8.95	90.71125	-1.3	0.2	8.8	109.906	-0.6692307692307693	-0.1538461538461538	8.26923076923077	116.27384615384616	8	5	13	8	5	13	human
7duo	H	DKILWFGEPVFDY	SGSGGG	GFTFNSF	0.0	0.0	1.0	0.0	0.0	0.0	0.0	1.0	0.0	0.0	0.0	0.0	0.0	3.0	0.0	1.0	1.0	0.0	0.0	0.0	0.0	0.0	0.0	0.0	0.0	0.0	0.0	4.0	0.0	0.0	0.0	0.0	0.0	0.0	0.0	2.0	0.0	0.0	0.0	0.0	0.0	0.0	0.0	2.0	0.0	0.0	1.0	1.0	0.0	1.0	1.0	1.0	0.0	2.0	1.0	0.0	0.0	1.0	1.0	1.0	0.4285714285714285	0.0	7.714285714285714	116.98428571428572	-0.5333333333333333	0.0	9.066666666666666	79.06	-0.0384615384615385	-0.1538461538461538	8.046153846153846	125.2969230769231	7	6	13	7	6	13	human
6u38	H	ERYGYYFDY	DPGSGG	GYTFSSY	0.0	0.0	0.0	0.0	0.0	0.0	0.0	1.0	0.0	0.0	0.0	0.0	0.0	1.0	0.0	2.0	1.0	0.0	2.0	0.0	0.0	0.0	0.0	1.0	0.0	0.0	0.0	3.0	0.0	0.0	0.0	0.0	0.0	0.0	1.0	1.0	0.0	0.0	0.0	0.0	0.0	1.0	0.0	1.0	0.0	0.0	1.0	1.0	0.0	0.0	0.0	0.0	0.0	1.0	0.0	0.0	0.0	0.0	4.0	0.0	-0.3571428571428572	0.0	7.6571428571428575	117.69428571428573	-1.1833333333333331	-0.1666666666666666	9.533333333333331	87.40666666666668	-1.588888888888889	-0.1111111111111111	8.31111111111111	141.70555555555558	7	6	9	7	6	9	human
2qql	H	EDFRNRRRLWYVMDY	YPDSGY	GFTISGY	0.0	0.0	0.0	0.0	0.0	0.0	0.0	2.0	0.0	1.0	0.0	0.0	0.0	1.0	0.0	1.0	1.0	0.0	1.0	0.0	0.0	0.0	0.0	1.0	0.0	0.0	0.0	1.0	0.0	0.0	0.0	0.0	0.0	0.0	1.0	1.0	0.0	0.0	2.0	0.0	0.0	4.0	1.0	2.0	0.0	0.0	1.0	0.0	0.0	0.0	1.0	0.0	1.0	1.0	0.0	0.0	0.0	1.0	2.0	1.0	0.5285714285714286	0.0	7.485714285714286	108.83	-1.4833333333333334	-0.1666666666666666	8.6	116.78333333333336	-1.52	0.0666666666666666	8.76	140.09466666666668	7	6	15	7	6	15	human
7f9w	B	ERGDYSNFWYFDL	IPIFGV	GGTFSSD	0.0	0.0	0.0	1.0	0.0	0.0	0.0	2.0	0.0	0.0	0.0	0.0	0.0	1.0	0.0	2.0	1.0	0.0	0.0	0.0	0.0	0.0	0.0	0.0	0.0	0.0	0.0	1.0	0.0	2.0	0.0	0.0	0.0	1.0	1.0	0.0	0.0	0.0	0.0	1.0	0.0	1.0	1.0	2.0	0.0	0.0	1.0	1.0	0.0	0.0	1.0	0.0	0.0	2.0	0.0	1.0	0.0	1.0	2.0	0.0	-0.5428571428571429	-0.1428571428571428	9.028571428571428	98.23428571428572	2.3333333333333335	0.0	6.416666666666667	107.46666666666664	-1.0615384615384615	-0.1538461538461538	8.592307692307692	131.67923076923077	7	6	13	7	6	13	human
5d70	H	GFGTDF	SYSGSE	GFTFSSY	0.0	0.0	0.0	0.0	0.0	0.0	0.0	1.0	0.0	0.0	0.0	0.0	0.0	2.0	0.0	2.0	1.0	0.0	1.0	0.0	0.0	0.0	0.0	0.0	0.0	0.0	1.0	1.0	0.0	0.0	0.0	0.0	0.0	0.0	0.0	3.0	0.0	0.0	1.0	0.0	0.0	0.0	0.0	1.0	0.0	0.0	0.0	2.0	0.0	0.0	0.0	0.0	0.0	2.0	0.0	0.0	1.0	0.0	0.0	0.0	0.2285714285714285	0.0	7.514285714285714	115.40857142857143	-1.2666666666666668	-0.1666666666666666	9.183333333333334	104.765	0.0999999999999999	-0.1666666666666666	8.333333333333334	110.11	7	6	6	7	6	6	human
5o4g	B	PPVYYDSAWFAY	YPGSGY	GYTFTAY	1.0	0.0	0.0	0.0	0.0	0.0	0.0	1.0	0.0	0.0	0.0	0.0	0.0	1.0	0.0	0.0	2.0	0.0	2.0	0.0	0.0	0.0	0.0	0.0	0.0	0.0	0.0	2.0	0.0	0.0	0.0	0.0	0.0	0.0	1.0	1.0	0.0	0.0	2.0	0.0	2.0	0.0	0.0	1.0	0.0	0.0	0.0	0.0	0.0	0.0	0.0	0.0	0.0	1.0	2.0	1.0	0.0	1.0	3.0	1.0	0.0285714285714285	0.0	7.414285714285714	117.41285714285712	-0.9666666666666668	0.0	7.933333333333334	110.11	-0.1416666666666667	-0.0833333333333333	7.458333333333333	121.72	7	6	12	7	6	12	human
4od2	B	ILGAGRGWYFDY	NWQGGS	GFTFDDY	0.0	0.0	0.0	2.0	0.0	0.0	0.0	1.0	0.0	0.0	0.0	0.0	0.0	2.0	0.0	0.0	1.0	0.0	1.0	0.0	0.0	0.0	1.0	0.0	0.0	1.0	0.0	2.0	0.0	0.0	0.0	0.0	0.0	0.0	0.0	1.0	0.0	1.0	0.0	0.0	1.0	1.0	0.0	1.0	0.0	0.0	0.0	3.0	0.0	1.0	1.0	0.0	0.0	1.0	0.0	0.0	0.0	1.0	2.0	0.0	-0.5428571428571429	-0.2857142857142857	8.6	123.41142857142856	-1.5833333333333333	0.0	9.116666666666667	110.94	0.0166666666666666	0.0	7.641666666666667	121.1325	7	6	12	7	6	12	human
7rp3	H	GSSSWYDLGPFDY	YHSGS	GGSISSSN	0.0	0.0	1.0	0.0	0.0	0.0	0.0	2.0	0.0	1.0	0.0	0.0	0.0	0.0	0.0	4.0	0.0	0.0	0.0	0.0	0.0	0.0	0.0	0.0	0.0	0.0	0.0	1.0	1.0	0.0	0.0	0.0	0.0	0.0	0.0	2.0	0.0	0.0	1.0	0.0	0.0	0.0	0.0	2.0	0.0	0.0	0.0	2.0	0.0	0.0	1.0	0.0	0.0	1.0	1.0	3.0	0.0	1.0	2.0	0.0	-0.375	0.0	8.95	90.71125	-1.3	0.2	8.8	109.906	-0.6692307692307693	-0.1538461538461538	8.26923076923077	116.27384615384616	8	5	13	8	5	13	human
3q1s	H	VAIGVSGFLNYYYYMDV	IYGGT	GGSMINY	0.0	0.0	1.0	0.0	0.0	0.0	0.0	2.0	0.0	1.0	0.0	0.0	1.0	0.0	0.0	1.0	0.0	0.0	1.0	0.0	0.0	0.0	0.0	0.0	0.0	0.0	0.0	2.0	0.0	1.0	0.0	0.0	0.0	0.0	0.0	0.0	1.0	0.0	1.0	0.0	1.0	0.0	1.0	1.0	0.0	0.0	0.0	2.0	0.0	1.0	1.0	0.0	1.0	1.0	0.0	1.0	0.0	0.0	4.0	3.0	-3.1720657846433036e-17	0.0	7.985714285714286	108.4042857142857	0.3399999999999999	0.0	7.6	105.51	0.7999999999999999	-0.0588235294117647	7.258823529411765	117.19235294117648	7	5	17	7	5	17	human
4zfg	H	FVFFLPYAMDY	TPAGGY	GFTISDY	0.0	0.0	0.0	1.0	0.0	0.0	0.0	1.0	0.0	1.0	0.0	0.0	0.0	1.0	0.0	1.0	1.0	0.0	1.0	0.0	1.0	0.0	0.0	0.0	0.0	0.0	0.0	2.0	0.0	0.0	0.0	0.0	0.0	0.0	1.0	0.0	1.0	0.0	1.0	0.0	1.0	0.0	0.0	1.0	0.0	0.0	0.0	0.0	0.0	0.0	1.0	0.0	1.0	3.0	1.0	0.0	0.0	0.0	2.0	1.0	0.0857142857142856	-0.1428571428571428	8.057142857142857	114.55	-0.4333333333333333	0.0	8.15	97.09833333333334	1.1272727272727272	-0.0909090909090909	6.6909090909090905	126.78909090909092	7	6	11	7	6	11	human
4ps4	H	LGSDYDVWFDY	WWDDV	GFSLSTYGV	0.0	0.0	0.0	0.0	0.0	0.0	0.0	2.0	0.0	0.0	1.0	0.0	0.0	1.0	0.0	2.0	1.0	0.0	1.0	1.0	0.0	0.0	0.0	2.0	0.0	0.0	0.0	0.0	0.0	0.0	0.0	0.0	0.0	0.0	0.0	0.0	0.0	2.0	0.0	1.0	0.0	0.0	0.0	3.0	0.0	0.0	0.0	1.0	0.0	0.0	1.0	0.0	0.0	1.0	0.0	1.0	0.0	1.0	2.0	1.0	0.711111111111111	0.0	7.466666666666667	105.33555555555556	-0.92	-0.4	8.540000000000001	140.35	-0.4	-0.2727272727272727	8.272727272727273	125.40454545454546	9	5	11	9	5	11	human
8veb	G	VPFYYDTRGVFYGNAEGGFEI	TYSGD	GGSVSRGGY	0.0	1.0	0.0	0.0	0.0	0.0	0.0	4.0	0.0	0.0	0.0	0.0	0.0	0.0	0.0	2.0	0.0	0.0	1.0	1.0	0.0	0.0	0.0	1.0	0.0	0.0	0.0	1.0	0.0	0.0	0.0	0.0	0.0	0.0	0.0	1.0	1.0	0.0	1.0	0.0	1.0	1.0	1.0	1.0	0.0	0.0	2.0	4.0	0.0	1.0	0.0	0.0	0.0	3.0	1.0	0.0	1.0	0.0	3.0	2.0	-0.5333333333333333	0.1111111111111111	8.555555555555555	99.20666666666666	-1.34	-0.2	9.2	108.302	-0.1523809523809524	-0.0952380952380952	8.17142857142857	116.93523809523808	9	5	21	9	5	21	influenza
8ved	H	GRLDYSDTTGYYKPPPLDY	YTSGN	GASVSSY	1.0	0.0	0.0	0.0	0.0	0.0	0.0	1.0	0.0	0.0	0.0	0.0	0.0	0.0	0.0	3.0	0.0	0.0	1.0	1.0	0.0	0.0	1.0	0.0	0.0	0.0	0.0	1.0	0.0	0.0	0.0	0.0	0.0	0.0	0.0	1.0	1.0	0.0	1.0	0.0	0.0	1.0	0.0	3.0	0.0	0.0	0.0	2.0	0.0	0.0	2.0	1.0	0.0	0.0	3.0	1.0	2.0	0.0	4.0	0.0	0.2714285714285714	0.0	8.114285714285714	95.66857142857144	-1.34	0.0	8.92	108.106	-1.2789473684210526	-0.0526315789473684	8.621052631578948	117.86526315789474	7	5	19	7	5	19	influenza
8vee	H	VPFYYDTRGVFYGNAEGGFEI	TYSGD	GGSVSRGGY	0.0	1.0	0.0	0.0	0.0	0.0	0.0	4.0	0.0	0.0	0.0	0.0	0.0	0.0	0.0	2.0	0.0	0.0	1.0	1.0	0.0	0.0	0.0	1.0	0.0	0.0	0.0	1.0	0.0	0.0	0.0	0.0	0.0	0.0	0.0	1.0	1.0	0.0	1.0	0.0	1.0	1.0	1.0	1.0	0.0	0.0	2.0	4.0	0.0	1.0	0.0	0.0	0.0	3.0	1.0	0.0	1.0	0.0	3.0	2.0	-0.5333333333333333	0.1111111111111111	8.555555555555555	99.20666666666666	-1.34	-0.2	9.2	108.302	-0.1523809523809524	-0.0952380952380952	8.17142857142857	116.93523809523808	9	5	21	9	5	21	influenza
8vef	H	VPFYYDSSGYYYGNADDAFDI	YYSGS	GGSISSGGY	0.0	0.0	0.0	0.0	0.0	0.0	0.0	4.0	0.0	1.0	0.0	0.0	0.0	0.0	0.0	3.0	0.0	0.0	1.0	0.0	0.0	0.0	0.0	0.0	0.0	0.0	0.0	1.0	0.0	0.0	0.0	0.0	0.0	0.0	0.0	2.0	0.0	0.0	2.0	0.0	2.0	0.0	1.0	4.0	0.0	0.0	0.0	2.0	0.0	1.0	0.0	0.0	0.0	2.0	1.0	2.0	0.0	0.0	5.0	1.0	-0.0888888888888889	0.0	8.333333333333334	93.08666666666666	-0.9200000000000002	0.0	7.959999999999999	115.114	-0.480952380952381	-0.1904761904761904	8.414285714285715	117.1695238095238	9	5	21	9	5	21	influenza
9dpc	H	SYSGYDRIQYYYSGMDV	IPFLGT	GDTFSSY	0.0	0.0	0.0	1.0	0.0	0.0	0.0	1.0	0.0	0.0	0.0	0.0	0.0	1.0	0.0	2.0	1.0	0.0	1.0	0.0	0.0	0.0	0.0	0.0	0.0	0.0	0.0	1.0	0.0	1.0	1.0	0.0	0.0	1.0	1.0	0.0	1.0	0.0	0.0	0.0	0.0	1.0	0.0	2.0	0.0	1.0	0.0	2.0	0.0	1.0	0.0	0.0	1.0	0.0	0.0	3.0	0.0	0.0	5.0	1.0	-0.6714285714285715	-0.1428571428571428	8.628571428571428	110.82428571428572	1.4	0.0	6.816666666666666	107.79666666666668	-0.8294117647058823	-0.0588235294117647	8.258823529411766	122.66058823529411	7	6	17	7	6	17	influenza
9mer	H	GTEDLGYCSSGSCPNH	FYNGD	GVSVTSDIY	0.0	0.0	0.0	1.0	0.0	0.0	0.0	1.0	0.0	1.0	0.0	0.0	0.0	0.0	0.0	2.0	1.0	0.0	1.0	2.0	0.0	0.0	1.0	1.0	0.0	0.0	0.0	1.0	0.0	0.0	0.0	0.0	0.0	1.0	0.0	0.0	0.0	0.0	1.0	0.0	0.0	0.0	1.0	1.0	2.0	0.0	1.0	3.0	1.0	0.0	1.0	0.0	0.0	0.0	1.0	3.0	1.0	0.0	1.0	0.0	0.6000000000000001	-0.1111111111111111	8.022222222222222	104.44555555555556	-1.1800000000000002	-0.2	9.0	122.922	-0.7562500000000001	-0.0625	8.7875	103.92	9	5	16	9	5	16	influenza
9mev	H	GTEDLGYCSSGSCPNH	FYNGD	GVSVTSDIY	0.0	0.0	0.0	1.0	0.0	0.0	0.0	1.0	0.0	1.0	0.0	0.0	0.0	0.0	0.0	2.0	1.0	0.0	1.0	2.0	0.0	0.0	1.0	1.0	0.0	0.0	0.0	1.0	0.0	0.0	0.0	0.0	0.0	1.0	0.0	0.0	0.0	0.0	1.0	0.0	0.0	0.0	1.0	1.0	2.0	0.0	1.0	3.0	1.0	0.0	1.0	0.0	0.0	0.0	1.0	3.0	1.0	0.0	1.0	0.0	0.6000000000000001	-0.1111111111111111	8.022222222222222	104.44555555555556	-1.1800000000000002	-0.2	9.0	122.922	-0.7562500000000001	-0.0625	8.7875	103.92	9	5	16	9	5	16	influenza
9azr	H	GGLEPRSVDYYYYGMDV	NPNSGG	GYTFTGY	0.0	0.0	0.0	0.0	0.0	0.0	0.0	2.0	0.0	0.0	0.0	0.0	0.0	1.0	0.0	0.0	2.0	0.0	2.0	0.0	0.0	0.0	2.0	0.0	0.0	0.0	0.0	2.0	0.0	0.0	0.0	0.0	0.0	0.0	1.0	1.0	0.0	0.0	0.0	0.0	0.0	1.0	0.0	2.0	0.0	0.0	1.0	3.0	0.0	0.0	1.0	0.0	1.0	0.0	1.0	1.0	0.0	0.0	4.0	2.0	-0.2857142857142857	0.0	7.542857142857143	117.98	-1.7	0.0	9.733333333333333	93.75333333333332	-0.5705882352941177	-0.1176470588235294	8.24705882352941	118.83411764705885	7	6	17	7	6	17	influenza
9azt	H	AGLEPRSVDYYFYGLDV	HPNSGA	GYTFTDN	0.0	0.0	1.0	1.0	0.0	0.0	0.0	1.0	0.0	0.0	0.0	0.0	0.0	1.0	0.0	0.0	2.0	0.0	1.0	0.0	1.0	0.0	1.0	0.0	0.0	0.0	0.0	1.0	1.0	0.0	0.0	0.0	0.0	0.0	1.0	1.0	0.0	0.0	0.0	0.0	1.0	1.0	0.0	2.0	0.0	0.0	1.0	2.0	0.0	0.0	2.0	0.0	0.0	1.0	1.0	1.0	0.0	0.0	3.0	2.0	-1.042857142857143	-0.1428571428571428	8.885714285714286	116.69	-1.2833333333333334	0.1666666666666666	9.383333333333333	96.93	-0.088235294117647	-0.1176470588235294	8.088235294117647	116.59823529411766	7	6	17	7	6	17	influenza
9azv	H	AGLEPRSVDYYFYGLDV	HPNSGA	GYTFTDN	0.0	0.0	1.0	1.0	0.0	0.0	0.0	1.0	0.0	0.0	0.0	0.0	0.0	1.0	0.0	0.0	2.0	0.0	1.0	0.0	1.0	0.0	1.0	0.0	0.0	0.0	0.0	1.0	1.0	0.0	0.0	0.0	0.0	0.0	1.0	1.0	0.0	0.0	0.0	0.0	1.0	1.0	0.0	2.0	0.0	0.0	1.0	2.0	0.0	0.0	2.0	0.0	0.0	1.0	1.0	1.0	0.0	0.0	3.0	2.0	-1.042857142857143	-0.1428571428571428	8.885714285714286	116.69	-1.2833333333333334	0.1666666666666666	9.383333333333333	96.93	-0.088235294117647	-0.1176470588235294	8.088235294117647	116.59823529411766	7	6	17	7	6	17	influenza
8zr4	A	GSDPDYDKGWGAYRNTDRPSYDGLDV	SKDGNN	GFTLETY	0.0	0.0	0.0	0.0	0.0	0.0	1.0	1.0	0.0	0.0	1.0	0.0	0.0	1.0	0.0	0.0	2.0	0.0	1.0	0.0	0.0	0.0	2.0	1.0	0.0	0.0	0.0	1.0	0.0	0.0	0.0	1.0	0.0	0.0	0.0	1.0	0.0	0.0	0.0	0.0	1.0	2.0	1.0	6.0	0.0	0.0	0.0	4.0	0.0	0.0	1.0	1.0	0.0	0.0	2.0	2.0	1.0	1.0	3.0	1.0	-4.7580986769649563e-17	-0.1428571428571428	7.828571428571428	118.55857142857144	-2.6	0.0	10.95	105.60333333333334	-1.5192307692307692	-0.1153846153846153	9.376923076923076	114.38653846153846	7	6	26	7	6	26	influenza
8ume	H	APAAISYYMDV	SSSSSY	GFTFSSY	0.0	0.0	0.0	0.0	0.0	0.0	0.0	1.0	0.0	0.0	0.0	0.0	0.0	2.0	0.0	2.0	1.0	0.0	1.0	0.0	0.0	0.0	0.0	0.0	0.0	0.0	0.0	0.0	0.0	0.0	0.0	0.0	0.0	0.0	0.0	5.0	0.0	0.0	1.0	0.0	3.0	0.0	0.0	1.0	0.0	0.0	0.0	0.0	0.0	1.0	0.0	0.0	1.0	0.0	1.0	1.0	0.0	0.0	2.0	1.0	0.2285714285714285	0.0	7.514285714285714	115.40857142857143	-0.8833333333333334	0.0	8.7	99.76333333333334	0.6818181818181818	-0.0909090909090909	7.609090909090909	107.48909090909092	7	6	11	7	6	11	influenza
9ekf	D	HRRGHFYGSGSAWDWFES	DPTDSY	AYSSTYF	1.0	0.0	0.0	0.0	0.0	0.0	0.0	0.0	0.0	0.0	0.0	0.0	0.0	1.0	0.0	2.0	1.0	0.0	2.0	0.0	0.0	0.0	0.0	2.0	0.0	0.0	0.0	0.0	0.0	0.0	0.0	0.0	0.0	0.0	1.0	1.0	1.0	0.0	1.0	0.0	1.0	2.0	0.0	1.0	0.0	0.0	1.0	3.0	2.0	0.0	0.0	0.0	0.0	2.0	0.0	3.0	0.0	2.0	1.0	0.0	-0.0428571428571428	0.0	7.528571428571428	117.12714285714286	-1.9	-0.3333333333333333	9.666666666666666	113.11166666666668	-1.2055555555555555	0.1111111111111111	8.733333333333333	123.24	7	6	18	7	6	18	influenza
9dwe	H	HGNYYYYSGMDV	SPIFGS	GGTSNNY	0.0	0.0	2.0	0.0	0.0	0.0	0.0	2.0	0.0	0.0	0.0	0.0	0.0	0.0	0.0	1.0	1.0	0.0	1.0	0.0	0.0	0.0	0.0	0.0	0.0	0.0	0.0	1.0	0.0	1.0	0.0	0.0	0.0	1.0	1.0	2.0	0.0	0.0	0.0	0.0	0.0	0.0	1.0	1.0	0.0	0.0	0.0	2.0	1.0	0.0	0.0	0.0	1.0	0.0	0.0	1.0	0.0	0.0	4.0	1.0	-1.5142857142857142	0.0	9.314285714285717	104.2414285714286	0.6166666666666666	0.0	7.633333333333333	101.11166666666666	-0.9083333333333332	0.0	8.216666666666667	123.88083333333331	7	6	12	7	6	12	influenza
9bdf	B	DLVEGGYIPFSYGLDV	HHSGE	GGFVTRNSY	0.0	1.0	1.0	0.0	0.0	0.0	0.0	2.0	0.0	0.0	0.0	0.0	0.0	1.0	0.0	1.0	1.0	0.0	1.0	1.0	0.0	0.0	0.0	0.0	0.0	0.0	1.0	1.0	2.0	0.0	0.0	0.0	0.0	0.0	0.0	1.0	0.0	0.0	0.0	0.0	0.0	0.0	0.0	2.0	0.0	0.0	1.0	3.0	0.0	1.0	2.0	0.0	0.0	1.0	1.0	1.0	0.0	0.0	2.0	2.0	-0.5111111111111111	0.1111111111111111	8.355555555555556	113.12	-2.22	0.2	10.26	113.106	0.4125	-0.1875	7.93125	111.245625	9	5	16	9	5	16	influenza
9bdg	D	GQVWSGYYLTHDAFDL	TWNSVN	GFTFHNY	0.0	0.0	1.0	0.0	0.0	0.0	0.0	1.0	1.0	0.0	0.0	0.0	0.0	2.0	0.0	0.0	1.0	0.0	1.0	0.0	0.0	0.0	2.0	0.0	0.0	0.0	0.0	0.0	0.0	0.0	0.0	0.0	0.0	0.0	0.0	1.0	1.0	1.0	0.0	1.0	1.0	0.0	0.0	2.0	0.0	1.0	0.0	2.0	1.0	0.0	2.0	0.0	0.0	1.0	0.0	1.0	1.0	1.0	2.0	1.0	-0.5000000000000001	0.1428571428571428	8.028571428571428	126.42142857142858	-0.8666666666666667	0.0	8.716666666666667	116.96	-0.19375	-0.0625	8.09375	118.126875	7	6	16	7	6	16	influenza
8gat	M	TSSWGDYTRGPEPKITWYFDL	NWNGDI	GFKFDDY	0.0	0.0	0.0	2.0	0.0	0.0	0.0	1.0	0.0	0.0	0.0	1.0	0.0	2.0	0.0	0.0	0.0	0.0	1.0	0.0	0.0	0.0	2.0	1.0	0.0	0.0	0.0	1.0	0.0	1.0	0.0	0.0	0.0	0.0	0.0	0.0	0.0	1.0	0.0	0.0	0.0	1.0	0.0	2.0	0.0	0.0	1.0	2.0	0.0	1.0	1.0	1.0	0.0	1.0	2.0	2.0	3.0	2.0	2.0	0.0	-1.0	-0.1428571428571428	8.985714285714286	127.27857142857144	-1.2166666666666666	-0.1666666666666666	9.3	119.62333333333332	-0.9476190476190476	-0.0476190476190476	8.41904761904762	120.84761904761906	7	6	21	7	6	21	influenza
8gav	H	GDPHYIWGTYLDS	TSSGRP	GFTFSDY	0.0	0.0	0.0	1.0	0.0	0.0	0.0	1.0	0.0	0.0	0.0	0.0	0.0	2.0	0.0	1.0	1.0	0.0	1.0	0.0	0.0	1.0	0.0	0.0	0.0	0.0	0.0	1.0	0.0	0.0	0.0	0.0	0.0	0.0	1.0	2.0	1.0	0.0	0.0	0.0	0.0	0.0	0.0	2.0	0.0	0.0	0.0	2.0	1.0	1.0	1.0	0.0	0.0	0.0	1.0	1.0	1.0	1.0	2.0	0.0	-0.1571428571428572	-0.1428571428571428	8.057142857142857	119.41	-1.4666666666666668	0.1666666666666666	9.083333333333334	100.605	-0.7153846153846154	-0.0769230769230769	8.315384615384614	118.58692307692309	7	6	13	7	6	13	influenza
8ez3	H	SNSNTWSREYFQH	NSIGN	GASISDVDF	1.0	0.0	0.0	2.0	0.0	0.0	0.0	1.0	0.0	1.0	0.0	0.0	0.0	1.0	0.0	2.0	0.0	0.0	0.0	1.0	0.0	0.0	2.0	0.0	0.0	0.0	0.0	1.0	0.0	1.0	0.0	0.0	0.0	0.0	0.0	1.0	0.0	0.0	0.0	0.0	0.0	1.0	2.0	0.0	0.0	1.0	1.0	0.0	1.0	0.0	0.0	0.0	0.0	1.0	0.0	3.0	1.0	1.0	1.0	0.0	0.4777777777777777	-0.2222222222222222	8.644444444444444	101.10444444444444	-0.74	0.0	9.32	100.702	-1.8615384615384616	0.0769230769230769	9.223076923076924	125.97923076923075	9	5	13	9	5	13	influenza
8ez7	H	QRSVYSTSRSNWSVFLDD	SGNGDT	GFDFSSF	0.0	0.0	0.0	1.0	0.0	0.0	0.0	1.0	0.0	0.0	0.0	0.0	0.0	3.0	0.0	2.0	0.0	0.0	0.0	0.0	0.0	0.0	1.0	1.0	0.0	0.0	0.0	2.0	0.0	0.0	0.0	0.0	0.0	0.0	0.0	1.0	1.0	0.0	0.0	0.0	0.0	2.0	1.0	2.0	0.0	1.0	0.0	0.0	0.0	0.0	1.0	0.0	0.0	1.0	0.0	5.0	1.0	1.0	1.0	2.0	0.4142857142857142	-0.1428571428571428	8.0	115.12	-1.55	-0.1666666666666666	10.066666666666666	94.58166666666666	-0.8277777777777778	0.0	8.733333333333333	118.295	7	6	18	7	6	18	influenza
8ez8	H	DKGGLRWGSRGSDVFDI	SNSGS	GDSIRNS	0.0	1.0	1.0	1.0	0.0	0.0	0.0	1.0	0.0	1.0	0.0	0.0	0.0	0.0	0.0	2.0	0.0	0.0	0.0	0.0	0.0	0.0	1.0	0.0	0.0	0.0	0.0	1.0	0.0	0.0	0.0	0.0	0.0	0.0	0.0	3.0	0.0	0.0	0.0	0.0	0.0	2.0	0.0	3.0	0.0	0.0	0.0	4.0	0.0	1.0	1.0	1.0	0.0	1.0	0.0	2.0	0.0	1.0	0.0	1.0	-1.2857142857142858	0.0	9.671428571428573	106.82285714285716	-1.26	0.0	9.64	90.08	-0.7176470588235295	0.0	8.958823529411765	112.88470588235292	7	5	17	7	5	17	influenza
8tp5	E	DGGDKFHSSGHFETNQGYFDH	IPVFGM	GDTFNSY	0.0	0.0	1.0	1.0	0.0	0.0	0.0	1.0	0.0	0.0	0.0	0.0	0.0	1.0	0.0	1.0	1.0	0.0	1.0	0.0	0.0	0.0	0.0	0.0	0.0	0.0	0.0	1.0	0.0	1.0	0.0	0.0	1.0	1.0	1.0	0.0	0.0	0.0	0.0	1.0	0.0	0.0	1.0	3.0	0.0	1.0	1.0	4.0	3.0	0.0	0.0	1.0	0.0	3.0	0.0	2.0	1.0	0.0	1.0	0.0	-1.0571428571428572	-0.1428571428571428	8.971428571428572	114.68571428571428	1.9	0.0	6.5	110.47333333333334	-1.4904761904761905	0.0	9.557142857142855	116.02	7	6	21	7	6	21	influenza
8tp6	H	GMDFGPTDAFDI	YTTGS	GGSISSGNY	0.0	0.0	1.0	0.0	0.0	0.0	0.0	3.0	0.0	1.0	0.0	0.0	0.0	0.0	0.0	3.0	0.0	0.0	1.0	0.0	0.0	0.0	0.0	0.0	0.0	0.0	0.0	1.0	0.0	0.0	0.0	0.0	0.0	0.0	0.0	1.0	2.0	0.0	1.0	0.0	1.0	0.0	0.0	3.0	0.0	0.0	0.0	2.0	0.0	1.0	0.0	0.0	1.0	2.0	1.0	0.0	1.0	0.0	0.0	0.0	-0.4333333333333333	0.0	8.622222222222222	97.42666666666668	-0.78	0.0	8.32	105.506	0.0166666666666666	-0.25	8.583333333333334	108.61666666666667	9	5	12	9	5	12	influenza
8tp7	D	HVYYSDTNSYTYFFDY	YYSGT	GGSISGSRY	0.0	1.0	0.0	0.0	0.0	0.0	0.0	3.0	0.0	1.0	0.0	0.0	0.0	0.0	0.0	3.0	0.0	0.0	1.0	0.0	0.0	0.0	0.0	0.0	0.0	0.0	0.0	1.0	0.0	0.0	0.0	0.0	0.0	0.0	0.0	1.0	1.0	0.0	2.0	0.0	0.0	0.0	1.0	2.0	0.0	0.0	0.0	0.0	1.0	0.0	0.0	0.0	0.0	2.0	0.0	2.0	2.0	0.0	5.0	1.0	-0.5444444444444445	0.1111111111111111	8.5	102.10222222222222	-0.9	0.0	7.840000000000001	117.92	-0.8375	-0.0625	8.18125	129.2	9	5	16	9	5	16	influenza
8tp9	D	EGWVPDYGGRNYYLDF	YYNGV	GDSISNGGL	0.0	0.0	1.0	1.0	0.0	0.0	0.0	3.0	0.0	1.0	1.0	0.0	0.0	0.0	0.0	2.0	0.0	0.0	0.0	0.0	0.0	0.0	1.0	0.0	0.0	0.0	0.0	1.0	0.0	0.0	0.0	0.0	0.0	0.0	0.0	0.0	0.0	0.0	2.0	1.0	0.0	1.0	1.0	2.0	0.0	0.0	1.0	3.0	0.0	0.0	1.0	0.0	0.0	1.0	1.0	0.0	0.0	1.0	3.0	1.0	-0.1666666666666667	-0.1111111111111111	8.899999999999999	94.9811111111111	-0.4599999999999999	0.0	7.779999999999999	122.93	-0.95625	-0.125	8.4625	124.19375	9	5	16	9	5	16	influenza
8e6j	H	HVTSISSWNRGVYLDS	FYSGN	GDSISSSYY	0.0	0.0	0.0	1.0	0.0	0.0	0.0	1.0	0.0	1.0	0.0	0.0	0.0	0.0	0.0	4.0	0.0	0.0	2.0	0.0	0.0	0.0	1.0	0.0	0.0	0.0	0.0	1.0	0.0	0.0	0.0	0.0	0.0	1.0	0.0	1.0	0.0	0.0	1.0	0.0	0.0	1.0	1.0	1.0	0.0	0.0	0.0	1.0	1.0	1.0	1.0	0.0	0.0	0.0	0.0	4.0	1.0	1.0	1.0	2.0	-0.5777777777777778	-0.1111111111111111	8.488888888888887	108.66444444444444	-0.64	0.0	8.24	117.32	-0.28125	0.0625	8.3375	113.811875	9	5	16	9	5	16	influenza
8e6k	H	SIAVSGPLYFHH	YYRGI	GDSVSSTNY	0.0	0.0	1.0	1.0	0.0	0.0	0.0	1.0	0.0	0.0	0.0	0.0	0.0	0.0	0.0	3.0	1.0	0.0	1.0	1.0	0.0	1.0	0.0	0.0	0.0	0.0	0.0	1.0	0.0	1.0	0.0	0.0	0.0	0.0	0.0	0.0	0.0	0.0	2.0	0.0	1.0	0.0	0.0	0.0	0.0	0.0	0.0	1.0	2.0	1.0	1.0	0.0	0.0	1.0	1.0	2.0	0.0	0.0	1.0	1.0	-0.8444444444444444	-0.1111111111111111	9.1	103.21222222222222	-0.6	0.2	7.42	134.152	0.4833333333333332	0.1666666666666666	7.641666666666667	110.625	9	5	12	9	5	12	influenza
7trh	H	LLDSIVWGEGWYYGMDV	TSSGSR	AFTFSSY	1.0	0.0	0.0	0.0	0.0	0.0	0.0	0.0	0.0	0.0	0.0	0.0	0.0	2.0	0.0	2.0	1.0	0.0	1.0	0.0	0.0	1.0	0.0	0.0	0.0	0.0	0.0	1.0	0.0	0.0	0.0	0.0	0.0	0.0	0.0	3.0	1.0	0.0	0.0	0.0	0.0	0.0	0.0	2.0	0.0	0.0	1.0	3.0	0.0	1.0	2.0	0.0	1.0	0.0	0.0	1.0	0.0	2.0	2.0	2.0	0.5428571428571428	0.0	7.385714285714285	114.84142857142857	-1.3333333333333333	0.1666666666666666	9.283333333333331	98.93166666666669	0.3235294117647059	-0.1764705882352941	7.658823529411764	119.9570588235294	7	6	17	7	6	17	influenza
8g30	E	AVSDYFNRDLGWEDYYFPF	IPISGI	EGTFNKY	0.0	0.0	1.0	0.0	0.0	0.0	1.0	1.0	0.0	0.0	0.0	1.0	0.0	1.0	0.0	0.0	1.0	0.0	1.0	0.0	0.0	0.0	0.0	0.0	0.0	0.0	0.0	1.0	0.0	3.0	0.0	0.0	0.0	0.0	1.0	1.0	0.0	0.0	0.0	0.0	1.0	1.0	1.0	3.0	0.0	0.0	1.0	1.0	0.0	0.0	1.0	0.0	0.0	3.0	1.0	1.0	0.0	1.0	3.0	1.0	-1.5	0.0	9.171428571428573	122.56142857142858	1.7833333333333332	0.0	6.966666666666666	99.78833333333334	-0.6	-0.1578947368421052	8.321052631578947	126.5584210526316	7	6	19	7	6	19	influenza
8g3m	E	AGSDYFNRDLGWENYYFAS	FPISGT	GGSFNNQ	0.0	0.0	2.0	0.0	0.0	1.0	0.0	2.0	0.0	0.0	0.0	0.0	0.0	1.0	0.0	1.0	0.0	0.0	0.0	0.0	0.0	0.0	0.0	0.0	0.0	0.0	0.0	1.0	0.0	1.0	0.0	0.0	0.0	1.0	1.0	1.0	1.0	0.0	0.0	0.0	2.0	1.0	2.0	2.0	0.0	0.0	1.0	2.0	0.0	0.0	1.0	0.0	0.0	2.0	0.0	2.0	0.0	1.0	3.0	0.0	-1.3285714285714287	0.0	9.44285714285714	105.8157142857143	0.6333333333333333	0.0	7.533333333333334	103.45	-0.8526315789473684	-0.1052631578947368	8.626315789473685	120.7057894736842	7	6	19	7	6	19	influenza
8g3n	E	AGSDYFNRDLGWENYYFAS	FPISGT	GGSFNNQ	0.0	0.0	2.0	0.0	0.0	1.0	0.0	2.0	0.0	0.0	0.0	0.0	0.0	1.0	0.0	1.0	0.0	0.0	0.0	0.0	0.0	0.0	0.0	0.0	0.0	0.0	0.0	1.0	0.0	1.0	0.0	0.0	0.0	1.0	1.0	1.0	1.0	0.0	0.0	0.0	2.0	1.0	2.0	2.0	0.0	0.0	1.0	2.0	0.0	0.0	1.0	0.0	0.0	2.0	0.0	2.0	0.0	1.0	3.0	0.0	-1.3285714285714287	0.0	9.44285714285714	105.8157142857143	0.6333333333333333	0.0	7.533333333333334	103.45	-0.8526315789473684	-0.1052631578947368	8.626315789473685	120.7057894736842	7	6	19	7	6	19	influenza
8g3o	E	AGSDYFNRDLGWENYYFAS	FPISGT	GGSFNNQ	0.0	0.0	2.0	0.0	0.0	1.0	0.0	2.0	0.0	0.0	0.0	0.0	0.0	1.0	0.0	1.0	0.0	0.0	0.0	0.0	0.0	0.0	0.0	0.0	0.0	0.0	0.0	1.0	0.0	1.0	0.0	0.0	0.0	1.0	1.0	1.0	1.0	0.0	0.0	0.0	2.0	1.0	2.0	2.0	0.0	0.0	1.0	2.0	0.0	0.0	1.0	0.0	0.0	2.0	0.0	2.0	0.0	1.0	3.0	0.0	-1.3285714285714287	0.0	9.44285714285714	105.8157142857143	0.6333333333333333	0.0	7.533333333333334	103.45	-0.8526315789473684	-0.1052631578947368	8.626315789473685	120.7057894736842	7	6	19	7	6	19	influenza
8g3p	C	AGSDYFNRDLGWENYYFAS	FPISGT	GGSFNNQ	0.0	0.0	2.0	0.0	0.0	1.0	0.0	2.0	0.0	0.0	0.0	0.0	0.0	1.0	0.0	1.0	0.0	0.0	0.0	0.0	0.0	0.0	0.0	0.0	0.0	0.0	0.0	1.0	0.0	1.0	0.0	0.0	0.0	1.0	1.0	1.0	1.0	0.0	0.0	0.0	2.0	1.0	2.0	2.0	0.0	0.0	1.0	2.0	0.0	0.0	1.0	0.0	0.0	2.0	0.0	2.0	0.0	1.0	3.0	0.0	-1.3285714285714287	0.0	9.44285714285714	105.8157142857143	0.6333333333333333	0.0	7.533333333333334	103.45	-0.8526315789473684	-0.1052631578947368	8.626315789473685	120.7057894736842	7	6	19	7	6	19	influenza
8g3q	C	ARSDYFNRDLGWEDYYFEN	IPTSGI	GGTFSNN	0.0	0.0	2.0	0.0	0.0	0.0	0.0	2.0	0.0	0.0	0.0	0.0	0.0	1.0	0.0	1.0	1.0	0.0	0.0	0.0	0.0	0.0	0.0	0.0	0.0	0.0	0.0	1.0	0.0	2.0	0.0	0.0	0.0	0.0	1.0	1.0	1.0	0.0	0.0	0.0	1.0	2.0	2.0	3.0	0.0	0.0	2.0	1.0	0.0	0.0	1.0	0.0	0.0	2.0	0.0	1.0	0.0	1.0	3.0	0.0	-0.9285714285714286	0.0	9.171428571428573	101.9557142857143	0.9166666666666666	0.0	7.533333333333334	97.78	-1.4894736842105265	-0.1578947368421052	9.126315789473685	129.50526315789477	7	6	19	7	6	19	influenza
8g3r	C	ARSDYFNRDLGWEDYYFEN	IPTSGI	GGTFSNN	0.0	0.0	2.0	0.0	0.0	0.0	0.0	2.0	0.0	0.0	0.0	0.0	0.0	1.0	0.0	1.0	1.0	0.0	0.0	0.0	0.0	0.0	0.0	0.0	0.0	0.0	0.0	1.0	0.0	2.0	0.0	0.0	0.0	0.0	1.0	1.0	1.0	0.0	0.0	0.0	1.0	2.0	2.0	3.0	0.0	0.0	2.0	1.0	0.0	0.0	1.0	0.0	0.0	2.0	0.0	1.0	0.0	1.0	3.0	0.0	-0.9285714285714286	0.0	9.171428571428573	101.9557142857143	0.9166666666666666	0.0	7.533333333333334	97.78	-1.4894736842105265	-0.1578947368421052	9.126315789473685	129.50526315789477	7	6	19	7	6	19	influenza
8g3v	A	AVSDYFNRDLGWEDYYFPF	IPISGI	EGTFNKY	0.0	0.0	1.0	0.0	0.0	0.0	1.0	1.0	0.0	0.0	0.0	1.0	0.0	1.0	0.0	0.0	1.0	0.0	1.0	0.0	0.0	0.0	0.0	0.0	0.0	0.0	0.0	1.0	0.0	3.0	0.0	0.0	0.0	0.0	1.0	1.0	0.0	0.0	0.0	0.0	1.0	1.0	1.0	3.0	0.0	0.0	1.0	1.0	0.0	0.0	1.0	0.0	0.0	3.0	1.0	1.0	0.0	1.0	3.0	1.0	-1.5	0.0	9.171428571428573	122.56142857142858	1.7833333333333332	0.0	6.966666666666666	99.78833333333334	-0.6	-0.1578947368421052	8.321052631578947	126.5584210526316	7	6	19	7	6	19	influenza
8g40	A	AVSDYFNRDLGWEDYYFPF	IPISGI	EGTFNKY	0.0	0.0	1.0	0.0	0.0	0.0	1.0	1.0	0.0	0.0	0.0	1.0	0.0	1.0	0.0	0.0	1.0	0.0	1.0	0.0	0.0	0.0	0.0	0.0	0.0	0.0	0.0	1.0	0.0	3.0	0.0	0.0	0.0	0.0	1.0	1.0	0.0	0.0	0.0	0.0	1.0	1.0	1.0	3.0	0.0	0.0	1.0	1.0	0.0	0.0	1.0	0.0	0.0	3.0	1.0	1.0	0.0	1.0	3.0	1.0	-1.5	0.0	9.171428571428573	122.56142857142858	1.7833333333333332	0.0	6.966666666666666	99.78833333333334	-0.6	-0.1578947368421052	8.321052631578947	126.5584210526316	7	6	19	7	6	19	influenza
8diu	G	HMGYQVRETMDV	IPIFGT	GGPFRSY	0.0	1.0	0.0	0.0	0.0	0.0	0.0	2.0	0.0	0.0	0.0	0.0	0.0	1.0	1.0	1.0	0.0	0.0	1.0	0.0	0.0	0.0	0.0	0.0	0.0	0.0	0.0	1.0	0.0	2.0	0.0	0.0	0.0	1.0	1.0	0.0	1.0	0.0	0.0	0.0	0.0	1.0	0.0	1.0	0.0	1.0	1.0	1.0	1.0	0.0	0.0	0.0	2.0	0.0	0.0	0.0	1.0	0.0	1.0	2.0	-0.8857142857142858	0.1428571428571428	8.157142857142857	114.40714285714286	1.5166666666666666	0.0	6.866666666666667	107.79666666666668	-0.7000000000000001	0.0	8.641666666666667	122.13916666666668	7	6	12	7	6	12	influenza
8dim	B	HMGYQVRETMDV	IPIFGT	GGPFRSY	0.0	1.0	0.0	0.0	0.0	0.0	0.0	2.0	0.0	0.0	0.0	0.0	0.0	1.0	1.0	1.0	0.0	0.0	1.0	0.0	0.0	0.0	0.0	0.0	0.0	0.0	0.0	1.0	0.0	2.0	0.0	0.0	0.0	1.0	1.0	0.0	1.0	0.0	0.0	0.0	0.0	1.0	0.0	1.0	0.0	1.0	1.0	1.0	1.0	0.0	0.0	0.0	2.0	0.0	0.0	0.0	1.0	0.0	1.0	2.0	-0.8857142857142858	0.1428571428571428	8.157142857142857	114.40714285714286	1.5166666666666666	0.0	6.866666666666667	107.79666666666668	-0.7000000000000001	0.0	8.641666666666667	122.13916666666668	7	6	12	7	6	12	influenza
5w08	K	DLTLMYVFDSGWARGAHDYYGMDV	NPNTGD	GYTFTAY	1.0	0.0	0.0	0.0	0.0	0.0	0.0	1.0	0.0	0.0	0.0	0.0	0.0	1.0	0.0	0.0	2.0	0.0	2.0	0.0	0.0	0.0	2.0	1.0	0.0	0.0	0.0	1.0	0.0	0.0	0.0	0.0	0.0	0.0	1.0	0.0	1.0	0.0	0.0	0.0	2.0	1.0	0.0	4.0	0.0	0.0	0.0	3.0	1.0	0.0	2.0	0.0	2.0	1.0	0.0	1.0	1.0	1.0	3.0	2.0	0.0285714285714285	0.0	7.414285714285714	117.41285714285712	-2.1999999999999997	-0.1666666666666666	10.3	102.765	-0.125	-0.0833333333333333	8.170833333333333	117.46291666666669	7	6	24	7	6	24	influenza
6q18	H	VPPYCTSASCPDDYYYHYMDV	QHGGG	GGSISSSN	0.0	0.0	1.0	0.0	0.0	0.0	0.0	2.0	0.0	1.0	0.0	0.0	0.0	0.0	0.0	4.0	0.0	0.0	0.0	0.0	0.0	0.0	0.0	0.0	0.0	1.0	0.0	3.0	1.0	0.0	0.0	0.0	0.0	0.0	0.0	0.0	0.0	0.0	0.0	0.0	1.0	0.0	0.0	3.0	2.0	0.0	0.0	0.0	1.0	0.0	0.0	0.0	1.0	0.0	3.0	2.0	1.0	0.0	5.0	2.0	-0.375	0.0	8.95	90.71125	-1.58	0.2	9.58	98.084	-0.4857142857142857	-0.0952380952380952	8.0	117.70380952380954	8	5	21	8	5	21	influenza
5dup	H	DDSYDGGGHYGLHNWFDS	SG	GFTFSNY	0.0	0.0	1.0	0.0	0.0	0.0	0.0	1.0	0.0	0.0	0.0	0.0	0.0	2.0	0.0	1.0	1.0	0.0	1.0	0.0	0.0	0.0	0.0	0.0	0.0	0.0	0.0	1.0	0.0	0.0	0.0	0.0	0.0	0.0	0.0	1.0	0.0	0.0	0.0	0.0	0.0	0.0	1.0	4.0	0.0	0.0	0.0	4.0	2.0	0.0	1.0	0.0	0.0	1.0	0.0	2.0	0.0	1.0	2.0	0.0	-0.1571428571428572	0.0	7.857142857142857	119.27	-0.6000000000000001	0.0	9.1	81.065	-1.3333333333333333	-0.1111111111111111	9.261111111111113	116.44611111111112	7	2	18	7	2	18	influenza
6pzw	F	DKRFITMILVGPFDY	SYDGSN	GFTFNNY	0.0	0.0	2.0	0.0	0.0	0.0	0.0	1.0	0.0	0.0	0.0	0.0	0.0	2.0	0.0	0.0	1.0	0.0	1.0	0.0	0.0	0.0	1.0	1.0	0.0	0.0	0.0	1.0	0.0	0.0	0.0	0.0	0.0	0.0	0.0	2.0	0.0	0.0	1.0	0.0	0.0	1.0	0.0	2.0	0.0	0.0	0.0	1.0	0.0	2.0	1.0	1.0	1.0	2.0	1.0	0.0	1.0	0.0	1.0	1.0	-0.5428571428571429	0.0	8.2	123.1314285714286	-1.7166666666666668	-0.1666666666666666	9.7	106.93166666666669	0.3399999999999999	0.0	7.793333333333334	121.012	7	6	15	7	6	15	influenza
4fp8	I	HMSMQQVVSAGWERADLVGDAFDV	NAGGGD	GSSFGESTLSYY	0.0	0.0	0.0	0.0	0.0	0.0	1.0	2.0	0.0	0.0	1.0	0.0	0.0	1.0	0.0	4.0	1.0	0.0	2.0	0.0	1.0	0.0	1.0	1.0	0.0	0.0	0.0	3.0	0.0	0.0	0.0	0.0	0.0	0.0	0.0	0.0	0.0	0.0	0.0	0.0	3.0	1.0	0.0	3.0	0.0	2.0	1.0	2.0	1.0	0.0	1.0	0.0	2.0	1.0	0.0	2.0	0.0	1.0	0.0	4.0	-0.3500000000000001	-0.0833333333333333	8.183333333333334	109.6125	-1.0666666666666669	-0.1666666666666666	9.95	87.57166666666666	0.0249999999999999	-0.0833333333333333	8.516666666666667	111.12333333333332	12	6	24	12	6	24	influenza
6d0u	H	HMSMQQVPSAGWEREDLVGDAFDV	NAGGGD	GSSFGESTLSYY	0.0	0.0	0.0	0.0	0.0	0.0	1.0	2.0	0.0	0.0	1.0	0.0	0.0	1.0	0.0	4.0	1.0	0.0	2.0	0.0	1.0	0.0	1.0	1.0	0.0	0.0	0.0	3.0	0.0	0.0	0.0	0.0	0.0	0.0	0.0	0.0	0.0	0.0	0.0	0.0	2.0	1.0	0.0	3.0	0.0	2.0	2.0	2.0	1.0	0.0	1.0	0.0	2.0	1.0	1.0	2.0	0.0	1.0	0.0	3.0	-0.3500000000000001	-0.0833333333333333	8.183333333333334	109.6125	-1.0666666666666669	-0.1666666666666666	9.95	87.57166666666666	-0.4375	-0.125	8.779166666666667	113.45791666666666	12	6	24	12	6	24	influenza
4m5z	H	HVRSGYPDTAYYFDK	YHSGS	GYSISSNY	0.0	0.0	1.0	0.0	0.0	0.0	0.0	1.0	0.0	1.0	0.0	0.0	0.0	0.0	0.0	3.0	0.0	0.0	2.0	0.0	0.0	0.0	0.0	0.0	0.0	0.0	0.0	1.0	1.0	0.0	0.0	0.0	0.0	0.0	0.0	2.0	0.0	0.0	1.0	0.0	1.0	1.0	0.0	2.0	0.0	0.0	0.0	1.0	1.0	0.0	0.0	1.0	0.0	1.0	1.0	1.0	1.0	0.0	3.0	1.0	-0.55	0.0	8.225	111.24	-1.3	0.2	8.8	109.906	-1.1466666666666667	0.0666666666666666	8.72	121.26533333333332	8	5	15	8	5	15	influenza
4hg4	P	GISGSYGWFDP	IAIFGT	GGTFITH	0.0	0.0	0.0	0.0	0.0	0.0	0.0	2.0	1.0	1.0	0.0	0.0	0.0	1.0	0.0	0.0	2.0	0.0	0.0	0.0	1.0	0.0	0.0	0.0	0.0	0.0	0.0	1.0	0.0	2.0	0.0	0.0	0.0	1.0	0.0	0.0	1.0	0.0	0.0	0.0	0.0	0.0	0.0	1.0	0.0	0.0	0.0	3.0	0.0	1.0	0.0	0.0	0.0	1.0	1.0	2.0	0.0	1.0	1.0	0.0	0.2714285714285714	0.1428571428571428	8.0	107.11428571428571	2.0833333333333335	0.0	6.883333333333333	103.45666666666666	-0.2545454545454546	-0.0909090909090909	8.036363636363637	111.02363636363636	7	6	11	7	6	11	influenza
5k9q	U	DKKQGEVVLPAASFRWFAP	SGYTGN	GYSFSRY	0.0	1.0	0.0	0.0	0.0	0.0	0.0	1.0	0.0	0.0	0.0	0.0	0.0	1.0	0.0	2.0	0.0	0.0	2.0	0.0	0.0	0.0	1.0	0.0	0.0	0.0	0.0	2.0	0.0	0.0	0.0	0.0	0.0	0.0	0.0	1.0	1.0	0.0	1.0	0.0	3.0	1.0	0.0	1.0	0.0	1.0	1.0	1.0	0.0	0.0	1.0	2.0	0.0	2.0	2.0	1.0	0.0	1.0	0.0	2.0	-0.9000000000000001	0.1428571428571428	7.928571428571429	125.56285714285715	-1.1833333333333331	0.0	8.933333333333334	102.59666666666668	-0.2578947368421053	0.0526315789473684	8.41578947368421	112.97368421052632	7	6	19	7	6	19	influenza
6lxj	M	DLQDTPMVDRIIGSYYYYNGLDV	IPVYGT	GGPFSSY	0.0	0.0	0.0	0.0	0.0	0.0	0.0	2.0	0.0	0.0	0.0	0.0	0.0	1.0	1.0	2.0	0.0	0.0	1.0	0.0	0.0	0.0	0.0	0.0	0.0	0.0	0.0	1.0	0.0	1.0	0.0	0.0	0.0	0.0	1.0	0.0	1.0	0.0	1.0	1.0	0.0	1.0	1.0	4.0	0.0	1.0	0.0	2.0	0.0	2.0	2.0	0.0	1.0	0.0	1.0	1.0	1.0	0.0	4.0	2.0	-0.3571428571428572	0.0	7.971428571428571	104.53428571428572	0.7833333333333333	0.0	7.1499999999999995	108.125	-0.3347826086956522	-0.1304347826086956	8.3	118.65304347826088	7	6	23	7	6	23	influenza
5xku	C	GSTGDRHYYYYGMDV	YYSGS	GGSISSGGY	0.0	0.0	0.0	0.0	0.0	0.0	0.0	4.0	0.0	1.0	0.0	0.0	0.0	0.0	0.0	3.0	0.0	0.0	1.0	0.0	0.0	0.0	0.0	0.0	0.0	0.0	0.0	1.0	0.0	0.0	0.0	0.0	0.0	0.0	0.0	2.0	0.0	0.0	2.0	0.0	0.0	1.0	0.0	2.0	0.0	0.0	0.0	3.0	1.0	0.0	0.0	0.0	1.0	0.0	0.0	1.0	1.0	0.0	4.0	1.0	-0.0888888888888889	0.0	8.333333333333334	93.08666666666666	-0.9200000000000002	0.0	7.959999999999999	115.114	-1.1	0.0	8.54	121.32666666666668	9	5	15	9	5	15	influenza
6iut	H	GFWGLDGFDI	FDSGS	GGSINSY	0.0	0.0	1.0	0.0	0.0	0.0	0.0	2.0	0.0	1.0	0.0	0.0	0.0	0.0	0.0	2.0	0.0	0.0	1.0	0.0	0.0	0.0	0.0	1.0	0.0	0.0	0.0	1.0	0.0	0.0	0.0	0.0	0.0	1.0	0.0	2.0	0.0	0.0	0.0	0.0	0.0	0.0	0.0	2.0	0.0	0.0	0.0	3.0	0.0	1.0	1.0	0.0	0.0	2.0	0.0	0.0	0.0	1.0	0.0	0.0	-0.3857142857142857	0.0	8.485714285714286	102.10142857142856	-0.54	-0.2	9.12	102.296	0.4799999999999998	-0.2	7.890000000000001	116.223	7	5	10	7	5	10	influenza
5dur	H	ALLTTVTTFEY	HGSGH	GDSVSSGSY	0.0	0.0	0.0	1.0	0.0	0.0	0.0	2.0	0.0	0.0	0.0	0.0	0.0	0.0	0.0	4.0	0.0	0.0	1.0	1.0	0.0	0.0	0.0	0.0	0.0	0.0	0.0	2.0	2.0	0.0	0.0	0.0	0.0	0.0	0.0	1.0	0.0	0.0	0.0	0.0	1.0	0.0	0.0	0.0	0.0	0.0	1.0	0.0	0.0	0.0	2.0	0.0	0.0	1.0	0.0	0.0	4.0	0.0	1.0	1.0	-0.5111111111111111	-0.1111111111111111	8.877777777777776	97.31333333333332	-1.6	0.4	9.6	102.292	0.8	-0.0909090909090909	7.445454545454546	112.76818181818182	9	5	11	9	5	11	influenza
6e4x	Z	GGVENLMLVAVIQEMWYFDL	YHSGS	GGSVSSNIY	0.0	0.0	1.0	0.0	0.0	0.0	0.0	2.0	0.0	1.0	0.0	0.0	0.0	0.0	0.0	3.0	0.0	0.0	1.0	1.0	0.0	0.0	0.0	0.0	0.0	0.0	0.0	1.0	1.0	0.0	0.0	0.0	0.0	0.0	0.0	2.0	0.0	0.0	1.0	0.0	1.0	0.0	1.0	1.0	0.0	1.0	2.0	2.0	0.0	1.0	3.0	0.0	2.0	1.0	0.0	0.0	0.0	1.0	1.0	3.0	0.0777777777777777	0.0	8.277777777777779	100.10222222222222	-1.3	0.2	8.8	109.906	0.82	-0.15	7.58	117.28799999999998	9	5	20	9	5	20	influenza
7mem	H	SDSSGFQYGRREF	SAGGGN	GFTFSSF	0.0	0.0	0.0	0.0	0.0	0.0	0.0	1.0	0.0	0.0	0.0	0.0	0.0	3.0	0.0	2.0	1.0	0.0	0.0	0.0	1.0	0.0	1.0	0.0	0.0	0.0	0.0	3.0	0.0	0.0	0.0	0.0	0.0	0.0	0.0	1.0	0.0	0.0	0.0	0.0	0.0	2.0	0.0	1.0	0.0	1.0	1.0	2.0	0.0	0.0	0.0	0.0	0.0	2.0	0.0	3.0	0.0	0.0	1.0	0.0	0.8142857142857142	0.0	7.371428571428572	113.12285714285714	-0.6166666666666667	0.0	9.316666666666666	82.90333333333332	-1.4153846153846157	0.0	9.153846153846152	119.5076923076923	7	6	13	7	6	13	influenza
5ugy	I	GGLEPRSVDYYYYGMDV	HPNSGD	GYTFTDY	0.0	0.0	0.0	1.0	0.0	0.0	0.0	1.0	0.0	0.0	0.0	0.0	0.0	1.0	0.0	0.0	2.0	0.0	2.0	0.0	0.0	0.0	1.0	1.0	0.0	0.0	0.0	1.0	1.0	0.0	0.0	0.0	0.0	0.0	1.0	1.0	0.0	0.0	0.0	0.0	0.0	1.0	0.0	2.0	0.0	0.0	1.0	3.0	0.0	0.0	1.0	0.0	1.0	0.0	1.0	1.0	0.0	0.0	4.0	2.0	-0.7285714285714286	-0.1428571428571428	8.114285714285714	123.7	-2.1666666666666665	0.0	10.2	104.265	-0.5705882352941177	-0.1176470588235294	8.24705882352941	118.83411764705885	7	6	17	7	6	17	influenza
3lzf	H	TLRVSGDYVRDFDL	DWDDDTYY	GFSLSTSGM	0.0	0.0	0.0	0.0	0.0	0.0	0.0	2.0	0.0	0.0	1.0	0.0	1.0	1.0	0.0	3.0	1.0	0.0	0.0	0.0	0.0	0.0	0.0	4.0	0.0	0.0	0.0	0.0	0.0	0.0	0.0	0.0	0.0	0.0	0.0	0.0	1.0	1.0	2.0	0.0	0.0	2.0	0.0	3.0	0.0	0.0	0.0	1.0	0.0	0.0	2.0	0.0	0.0	1.0	0.0	1.0	1.0	0.0	1.0	2.0	0.5111111111111111	0.0	7.777777777777778	100.44333333333331	-2.275	-0.5	9.8	134.25625	-0.2785714285714286	-0.0714285714285714	8.557142857142857	118.27357142857144	9	8	14	9	8	14	influenza
6q0h	H	APPYCTSASCPDDYYYYYMDV	YHGGS	GGSISSSN	0.0	0.0	1.0	0.0	0.0	0.0	0.0	2.0	0.0	1.0	0.0	0.0	0.0	0.0	0.0	4.0	0.0	0.0	0.0	0.0	0.0	0.0	0.0	0.0	0.0	0.0	0.0	2.0	1.0	0.0	0.0	0.0	0.0	0.0	0.0	1.0	0.0	0.0	1.0	0.0	2.0	0.0	0.0	3.0	2.0	0.0	0.0	0.0	0.0	0.0	0.0	0.0	1.0	0.0	3.0	2.0	1.0	0.0	6.0	1.0	-0.375	0.0	8.95	90.71125	-1.2200000000000002	0.2	8.76	107.5	-0.5095238095238096	-0.1428571428571428	7.904761904761905	117.60809523809525	8	5	21	8	5	21	influenza
4yk4	C	RRSDFETVDFIYHYMDV	YYSGS	GGSISSY	0.0	0.0	0.0	0.0	0.0	0.0	0.0	2.0	0.0	1.0	0.0	0.0	0.0	0.0	0.0	3.0	0.0	0.0	1.0	0.0	0.0	0.0	0.0	0.0	0.0	0.0	0.0	1.0	0.0	0.0	0.0	0.0	0.0	0.0	0.0	2.0	0.0	0.0	2.0	0.0	0.0	2.0	0.0	3.0	0.0	0.0	1.0	0.0	1.0	1.0	0.0	0.0	1.0	2.0	0.0	1.0	1.0	0.0	2.0	2.0	-3.1720657846433036e-17	0.0	8.142857142857142	98.24	-0.9200000000000002	0.0	7.959999999999999	115.114	-0.5823529411764706	-0.0588235294117647	8.588235294117647	127.9670588235294	7	5	17	7	5	17	influenza
6urm	H	MLYGDLGGRFDP	DWDDN	GFSLSTSGM	0.0	0.0	0.0	0.0	0.0	0.0	0.0	2.0	0.0	0.0	1.0	0.0	1.0	1.0	0.0	3.0	1.0	0.0	0.0	0.0	0.0	0.0	1.0	3.0	0.0	0.0	0.0	0.0	0.0	0.0	0.0	0.0	0.0	0.0	0.0	0.0	0.0	1.0	0.0	0.0	0.0	1.0	0.0	2.0	0.0	0.0	0.0	3.0	0.0	0.0	2.0	0.0	1.0	1.0	1.0	0.0	0.0	0.0	1.0	0.0	0.5111111111111111	0.0	7.777777777777778	100.44333333333331	-2.98	-0.6	11.2	129.12	-0.2750000000000001	-0.0833333333333333	8.200000000000001	114.71	9	5	12	9	5	12	influenza
6xq0	B	ALTEWLFQRGTRNHYYYGMDV	GKGGE	GFMFRSY	0.0	1.0	0.0	0.0	0.0	0.0	0.0	1.0	0.0	0.0	0.0	0.0	1.0	2.0	0.0	1.0	0.0	0.0	1.0	0.0	0.0	0.0	0.0	0.0	0.0	0.0	1.0	3.0	0.0	0.0	0.0	1.0	0.0	0.0	0.0	0.0	0.0	0.0	0.0	0.0	1.0	2.0	1.0	1.0	0.0	1.0	1.0	2.0	1.0	0.0	2.0	0.0	1.0	1.0	0.0	0.0	2.0	1.0	3.0	1.0	0.0714285714285713	0.1428571428571428	7.285714285714286	129.57999999999998	-1.72	0.0	10.12	96.49	-0.7095238095238096	0.0476190476190476	8.223809523809523	125.6647619047619	7	5	21	7	5	21	influenza
6a4k	I	LNYDILTGYYFFDF	SVSGT	GGSVNTGSY	0.0	0.0	1.0	0.0	0.0	0.0	0.0	3.0	0.0	0.0	0.0	0.0	0.0	0.0	0.0	2.0	1.0	0.0	1.0	1.0	0.0	0.0	0.0	0.0	0.0	0.0	0.0	1.0	0.0	0.0	0.0	0.0	0.0	0.0	0.0	2.0	1.0	0.0	0.0	1.0	0.0	0.0	1.0	2.0	0.0	0.0	0.0	1.0	0.0	1.0	2.0	0.0	0.0	3.0	0.0	0.0	1.0	0.0	3.0	0.0	-0.4555555555555555	0.0	8.633333333333333	97.42666666666668	0.3	0.0	8.379999999999999	89.89	0.3571428571428571	-0.1428571428571428	7.457142857142857	127.92928571428573	9	5	14	9	5	14	influenza
6pzy	I	DPSFWSSTSRTSPYYYGMDV	NHRGS	GYTISSGY	0.0	0.0	0.0	0.0	0.0	0.0	0.0	2.0	0.0	1.0	0.0	0.0	0.0	0.0	0.0	2.0	1.0	0.0	2.0	0.0	0.0	1.0	1.0	0.0	0.0	0.0	0.0	1.0	1.0	0.0	0.0	0.0	0.0	0.0	0.0	1.0	0.0	0.0	0.0	0.0	0.0	1.0	0.0	2.0	0.0	0.0	0.0	1.0	0.0	0.0	0.0	0.0	1.0	1.0	2.0	5.0	2.0	1.0	3.0	1.0	-0.15	0.0	7.825	108.11125	-2.48	0.4	10.14	113.914	-0.8200000000000001	-0.05	8.275	117.3275	8	5	20	8	5	20	influenza
7t3d	O	GSITWPTEYYLDY	SSSSLS	GFTFSTY	0.0	0.0	0.0	0.0	0.0	0.0	0.0	1.0	0.0	0.0	0.0	0.0	0.0	2.0	0.0	1.0	2.0	0.0	1.0	0.0	0.0	0.0	0.0	0.0	0.0	0.0	0.0	0.0	0.0	0.0	1.0	0.0	0.0	0.0	0.0	5.0	0.0	0.0	0.0	0.0	0.0	0.0	0.0	1.0	0.0	0.0	1.0	1.0	0.0	1.0	1.0	0.0	0.0	0.0	1.0	1.0	2.0	1.0	3.0	0.0	0.2428571428571428	0.0	7.428571428571429	117.41285714285712	-0.0333333333333334	0.0	8.483333333333333	91.42666666666666	-0.5923076923076923	-0.1538461538461538	7.907692307692307	123.67384615384616	7	6	13	7	6	13	influenza
6u02	H	STAAEFFDY	KQDGSE	GFTFSSY	0.0	0.0	0.0	0.0	0.0	0.0	0.0	1.0	0.0	0.0	0.0	0.0	0.0	2.0	0.0	2.0	1.0	0.0	1.0	0.0	0.0	0.0	0.0	1.0	0.0	1.0	1.0	1.0	0.0	0.0	0.0	1.0	0.0	0.0	0.0	1.0	0.0	0.0	0.0	0.0	2.0	0.0	0.0	1.0	0.0	0.0	1.0	0.0	0.0	0.0	0.0	0.0	0.0	2.0	0.0	1.0	1.0	0.0	1.0	0.0	0.2285714285714285	0.0	7.514285714285714	115.40857142857143	-2.6	-0.1666666666666666	10.883333333333333	110.44166666666666	-0.0666666666666667	-0.2222222222222222	8.433333333333334	114.67777777777776	7	6	9	7	6	9	influenza
5dum	H	HRRGHFYGSGSAWDWFES	DPTDSY	GFAYSSTYF	1.0	0.0	0.0	0.0	0.0	0.0	0.0	1.0	0.0	0.0	0.0	0.0	0.0	2.0	0.0	2.0	1.0	0.0	2.0	0.0	0.0	0.0	0.0	2.0	0.0	0.0	0.0	0.0	0.0	0.0	0.0	0.0	0.0	0.0	1.0	1.0	1.0	0.0	1.0	0.0	1.0	2.0	0.0	1.0	0.0	0.0	1.0	3.0	2.0	0.0	0.0	0.0	0.0	2.0	0.0	3.0	0.0	2.0	1.0	0.0	0.2333333333333332	0.0	7.433333333333334	115.79111111111112	-1.9	-0.3333333333333333	9.666666666666666	113.11166666666668	-1.2055555555555555	0.1111111111111111	8.733333333333333	123.24	9	6	18	9	6	18	influenza
4hkx	A	AGLEPRSVDYYFYGLDV	HPNSGA	GYTFTDN	0.0	0.0	1.0	1.0	0.0	0.0	0.0	1.0	0.0	0.0	0.0	0.0	0.0	1.0	0.0	0.0	2.0	0.0	1.0	0.0	1.0	0.0	1.0	0.0	0.0	0.0	0.0	1.0	1.0	0.0	0.0	0.0	0.0	0.0	1.0	1.0	0.0	0.0	0.0	0.0	1.0	1.0	0.0	2.0	0.0	0.0	1.0	2.0	0.0	0.0	2.0	0.0	0.0	1.0	1.0	1.0	0.0	0.0	3.0	2.0	-1.042857142857143	-0.1428571428571428	8.885714285714286	116.69	-1.2833333333333334	0.1666666666666666	9.383333333333333	96.93	-0.088235294117647	-0.1176470588235294	8.088235294117647	116.59823529411766	7	6	17	7	6	17	influenza
6q0o	Z	APPYCSSASCPDDYYYFFLDV	SHGVY	GGSISSSQ	0.0	0.0	0.0	0.0	0.0	1.0	0.0	2.0	0.0	1.0	0.0	0.0	0.0	0.0	0.0	4.0	0.0	0.0	0.0	0.0	0.0	0.0	0.0	0.0	0.0	0.0	0.0	1.0	1.0	0.0	0.0	0.0	0.0	0.0	0.0	1.0	0.0	0.0	1.0	1.0	2.0	0.0	0.0	3.0	2.0	0.0	0.0	0.0	0.0	0.0	1.0	0.0	0.0	2.0	3.0	3.0	0.0	0.0	4.0	1.0	-0.375	0.0	8.8125	92.46375	-0.3	0.2	8.14	112.316	-0.0333333333333333	-0.1428571428571428	7.800000000000001	114.55714285714286	8	5	21	8	5	21	influenza
6xq2	F	DLVYTGSYYGMDV	RSSGTV	GFTFSNY	0.0	0.0	1.0	0.0	0.0	0.0	0.0	1.0	0.0	0.0	0.0	0.0	0.0	2.0	0.0	1.0	1.0	0.0	1.0	0.0	0.0	1.0	0.0	0.0	0.0	0.0	0.0	1.0	0.0	0.0	0.0	0.0	0.0	0.0	0.0	2.0	1.0	0.0	0.0	1.0	0.0	0.0	0.0	2.0	0.0	0.0	0.0	2.0	0.0	0.0	1.0	0.0	1.0	0.0	0.0	1.0	1.0	0.0	3.0	2.0	-0.1571428571428572	0.0	7.857142857142857	119.27	-0.5	0.1666666666666666	8.733333333333333	100.94	0.0692307692307692	-0.1538461538461538	7.907692307692307	115.43307692307692	7	6	13	7	6	13	influenza
6ml8	H	HMSMQQVVSAGWERADLVGDAFDV	NAGGGD	GSSFGESTLSYY	0.0	0.0	0.0	0.0	0.0	0.0	1.0	2.0	0.0	0.0	1.0	0.0	0.0	1.0	0.0	4.0	1.0	0.0	2.0	0.0	1.0	0.0	1.0	1.0	0.0	0.0	0.0	3.0	0.0	0.0	0.0	0.0	0.0	0.0	0.0	0.0	0.0	0.0	0.0	0.0	3.0	1.0	0.0	3.0	0.0	2.0	1.0	2.0	1.0	0.0	1.0	0.0	2.0	1.0	0.0	2.0	0.0	1.0	0.0	4.0	-0.3500000000000001	-0.0833333333333333	8.183333333333334	109.6125	-1.0666666666666669	-0.1666666666666666	9.95	87.57166666666666	0.0249999999999999	-0.0833333333333333	8.516666666666667	111.12333333333332	12	6	24	12	6	24	influenza
6pzf	H	STAAEFFDY	KQDGSE	GFTFSSY	0.0	0.0	0.0	0.0	0.0	0.0	0.0	1.0	0.0	0.0	0.0	0.0	0.0	2.0	0.0	2.0	1.0	0.0	1.0	0.0	0.0	0.0	0.0	1.0	0.0	1.0	1.0	1.0	0.0	0.0	0.0	1.0	0.0	0.0	0.0	1.0	0.0	0.0	0.0	0.0	2.0	0.0	0.0	1.0	0.0	0.0	1.0	0.0	0.0	0.0	0.0	0.0	0.0	2.0	0.0	1.0	1.0	0.0	1.0	0.0	0.2285714285714285	0.0	7.514285714285714	115.40857142857143	-2.6	-0.1666666666666666	10.883333333333333	110.44166666666666	-0.0666666666666667	-0.2222222222222222	8.433333333333334	114.67777777777776	7	6	9	7	6	9	influenza
6pze	H	DPGLEWELSVLSNWFDP	YYSGS	GGSISSSSY	0.0	0.0	0.0	0.0	0.0	0.0	0.0	2.0	0.0	1.0	0.0	0.0	0.0	0.0	0.0	5.0	0.0	0.0	1.0	0.0	0.0	0.0	0.0	0.0	0.0	0.0	0.0	1.0	0.0	0.0	0.0	0.0	0.0	0.0	0.0	2.0	0.0	0.0	2.0	0.0	0.0	0.0	1.0	2.0	0.0	0.0	2.0	1.0	0.0	0.0	3.0	0.0	0.0	1.0	2.0	2.0	0.0	2.0	0.0	1.0	-0.1777777777777778	0.0	8.377777777777776	95.76	-0.9200000000000002	0.0	7.959999999999999	115.114	-0.3588235294117647	-0.2352941176470588	8.36470588235294	117.89470588235294	9	5	17	9	5	17	influenza
6whk	C	DWVRDIILLPALHLDY	RSKVYGGT	GFTFGDY	0.0	0.0	0.0	1.0	0.0	0.0	0.0	2.0	0.0	0.0	0.0	0.0	0.0	2.0	0.0	0.0	1.0	0.0	1.0	0.0	0.0	1.0	0.0	0.0	0.0	0.0	0.0	2.0	0.0	0.0	0.0	1.0	0.0	0.0	0.0	1.0	1.0	0.0	1.0	1.0	1.0	1.0	0.0	3.0	0.0	0.0	0.0	0.0	1.0	2.0	4.0	0.0	0.0	0.0	1.0	0.0	0.0	1.0	1.0	1.0	-0.1	-0.1428571428571428	8.028571428571428	117.69142857142856	-0.975	0.25	8.7125	110.62125	0.5125	-0.0625	7.71875	120.893125	7	8	16	7	8	16	influenza
6oc3	C	GTEDLGYCSSGSCPNH	FYNGD	GVSVTSDIY	0.0	0.0	0.0	1.0	0.0	0.0	0.0	1.0	0.0	1.0	0.0	0.0	0.0	0.0	0.0	2.0	1.0	0.0	1.0	2.0	0.0	0.0	1.0	1.0	0.0	0.0	0.0	1.0	0.0	0.0	0.0	0.0	0.0	1.0	0.0	0.0	0.0	0.0	1.0	0.0	0.0	0.0	1.0	1.0	2.0	0.0	1.0	3.0	1.0	0.0	1.0	0.0	0.0	0.0	1.0	3.0	1.0	0.0	1.0	0.0	0.6000000000000001	-0.1111111111111111	8.022222222222222	104.44555555555556	-1.1800000000000002	-0.2	9.0	122.922	-0.7562500000000001	-0.0625	8.7875	103.92	9	5	16	9	5	16	influenza
6q0i	H	APPYCTSASCPDDYYYYYMDV	YHGGS	GGSISSSN	0.0	0.0	1.0	0.0	0.0	0.0	0.0	2.0	0.0	1.0	0.0	0.0	0.0	0.0	0.0	4.0	0.0	0.0	0.0	0.0	0.0	0.0	0.0	0.0	0.0	0.0	0.0	2.0	1.0	0.0	0.0	0.0	0.0	0.0	0.0	1.0	0.0	0.0	1.0	0.0	2.0	0.0	0.0	3.0	2.0	0.0	0.0	0.0	0.0	0.0	0.0	0.0	1.0	0.0	3.0	2.0	1.0	0.0	6.0	1.0	-0.375	0.0	8.95	90.71125	-1.2200000000000002	0.2	8.76	107.5	-0.5095238095238096	-0.1428571428571428	7.904761904761905	117.60809523809525	8	5	21	8	5	21	influenza
5a3i	G	HASCSARSCYWGPVDY	YPASSE	GYSFSDY	0.0	0.0	0.0	1.0	0.0	0.0	0.0	1.0	0.0	0.0	0.0	0.0	0.0	1.0	0.0	2.0	0.0	0.0	2.0	0.0	1.0	0.0	0.0	0.0	0.0	0.0	1.0	0.0	0.0	0.0	0.0	0.0	0.0	0.0	1.0	2.0	0.0	0.0	1.0	0.0	2.0	1.0	0.0	1.0	2.0	0.0	0.0	1.0	1.0	0.0	0.0	0.0	0.0	0.0	1.0	3.0	0.0	1.0	2.0	1.0	-0.7571428571428572	-0.1428571428571428	8.285714285714286	119.69142857142856	-1.0333333333333334	-0.1666666666666666	8.833333333333334	105.77666666666666	-0.39375	0.0625	8.0875	112.625	7	6	16	7	6	16	influenza
6a67	C	AENLLSPYLAEGFDP	YHSGS	GGSISSGTY	0.0	0.0	0.0	0.0	0.0	0.0	0.0	3.0	0.0	1.0	0.0	0.0	0.0	0.0	0.0	3.0	1.0	0.0	1.0	0.0	0.0	0.0	0.0	0.0	0.0	0.0	0.0	1.0	1.0	0.0	0.0	0.0	0.0	0.0	0.0	2.0	0.0	0.0	1.0	0.0	2.0	0.0	1.0	1.0	0.0	0.0	2.0	1.0	0.0	0.0	3.0	0.0	0.0	1.0	2.0	1.0	0.0	0.0	1.0	0.0	-0.1222222222222222	0.0	8.288888888888888	95.98222222222222	-1.3	0.2	8.8	109.906	-0.1266666666666667	-0.2	8.38	109.054	9	5	15	9	5	15	influenza
6iuv	C	RATYYYGSGSYFDAFDI	DPSDSD	GNNFPSY	0.0	0.0	2.0	0.0	0.0	0.0	0.0	1.0	0.0	0.0	0.0	0.0	0.0	1.0	1.0	1.0	0.0	0.0	1.0	0.0	0.0	0.0	0.0	3.0	0.0	0.0	0.0	0.0	0.0	0.0	0.0	0.0	0.0	0.0	1.0	2.0	0.0	0.0	0.0	0.0	2.0	1.0	0.0	2.0	0.0	0.0	0.0	2.0	0.0	1.0	0.0	0.0	0.0	2.0	0.0	2.0	1.0	0.0	4.0	0.0	-1.1857142857142855	0.0	8.685714285714285	113.97571428571428	-2.283333333333333	-0.5	10.9	102.75833333333333	-0.3588235294117647	-0.0588235294117647	8.123529411764705	118.47882352941176	7	6	17	7	6	17	influenza
6p3r	C	GFLERLLLGRQGAYYYGMDV	KQDGSE	RFTSSSY	0.0	1.0	0.0	0.0	0.0	0.0	0.0	0.0	0.0	0.0	0.0	0.0	0.0	1.0	0.0	3.0	1.0	0.0	1.0	0.0	0.0	0.0	0.0	1.0	0.0	1.0	1.0	1.0	0.0	0.0	0.0	1.0	0.0	0.0	0.0	1.0	0.0	0.0	0.0	0.0	1.0	2.0	0.0	1.0	0.0	1.0	1.0	4.0	0.0	0.0	4.0	0.0	1.0	1.0	0.0	0.0	0.0	0.0	3.0	1.0	-0.8714285714285716	0.1428571428571428	8.299999999999999	118.41428571428573	-2.6	-0.1666666666666666	10.883333333333333	110.44166666666666	0.0449999999999999	0.0	7.795	118.7845	7	6	20	7	6	20	influenza
5umn	E	HMSMQQVPGSGWERADLVGDAFDV	NAGGGD	GSSFGESTLSYY	0.0	0.0	0.0	0.0	0.0	0.0	1.0	2.0	0.0	0.0	1.0	0.0	0.0	1.0	0.0	4.0	1.0	0.0	2.0	0.0	1.0	0.0	1.0	1.0	0.0	0.0	0.0	3.0	0.0	0.0	0.0	0.0	0.0	0.0	0.0	0.0	0.0	0.0	0.0	0.0	2.0	1.0	0.0	3.0	0.0	2.0	1.0	3.0	1.0	0.0	1.0	0.0	2.0	1.0	1.0	2.0	0.0	1.0	0.0	3.0	-0.3500000000000001	-0.0833333333333333	8.183333333333334	109.6125	-1.0666666666666669	-0.1666666666666666	9.95	87.57166666666666	-0.3083333333333333	-0.0833333333333333	8.641666666666667	111.205	12	6	24	12	6	24	influenza
4xnm	B	VALFDILTGGWFDP	YHSGN	GGSISSSY	0.0	0.0	0.0	0.0	0.0	0.0	0.0	2.0	0.0	1.0	0.0	0.0	0.0	0.0	0.0	4.0	0.0	0.0	1.0	0.0	0.0	0.0	1.0	0.0	0.0	0.0	0.0	1.0	1.0	0.0	0.0	0.0	0.0	0.0	0.0	1.0	0.0	0.0	1.0	0.0	1.0	0.0	0.0	2.0	0.0	0.0	0.0	2.0	0.0	1.0	2.0	0.0	0.0	2.0	1.0	0.0	1.0	1.0	0.0	1.0	-0.1	0.0	8.275	96.845	-1.8400000000000003	0.2	9.28	115.31199999999998	0.9071428571428573	-0.1428571428571428	7.528571428571429	112.05571428571427	8	5	14	8	5	14	influenza
6q20	H	VRTWGDYTTGEEIINSWYFDL	NWNGDI	GFTFDDY	0.0	0.0	0.0	2.0	0.0	0.0	0.0	1.0	0.0	0.0	0.0	0.0	0.0	2.0	0.0	0.0	1.0	0.0	1.0	0.0	0.0	0.0	2.0	1.0	0.0	0.0	0.0	1.0	0.0	1.0	0.0	0.0	0.0	0.0	0.0	0.0	0.0	1.0	0.0	0.0	0.0	1.0	1.0	2.0	0.0	0.0	2.0	2.0	0.0	2.0	1.0	0.0	0.0	1.0	0.0	1.0	3.0	2.0	2.0	1.0	-0.5428571428571429	-0.2857142857142857	8.6	123.41142857142856	-1.2166666666666666	-0.1666666666666666	9.3	119.62333333333332	-0.4904761904761905	-0.1428571428571428	8.347619047619048	123.03904761904762	7	6	21	7	6	21	influenza
6q0e	H	APPYCSSTSCPDDYYYYYMDV	YHSGS	GGSISSSN	0.0	0.0	1.0	0.0	0.0	0.0	0.0	2.0	0.0	1.0	0.0	0.0	0.0	0.0	0.0	4.0	0.0	0.0	0.0	0.0	0.0	0.0	0.0	0.0	0.0	0.0	0.0	1.0	1.0	0.0	0.0	0.0	0.0	0.0	0.0	2.0	0.0	0.0	1.0	0.0	1.0	0.0	0.0	3.0	2.0	0.0	0.0	0.0	0.0	0.0	0.0	0.0	1.0	0.0	3.0	3.0	1.0	0.0	6.0	1.0	-0.375	0.0	8.95	90.71125	-1.3	0.2	8.8	109.906	-0.6333333333333334	-0.1428571428571428	7.957142857142857	118.37	8	5	21	8	5	21	influenza
4xrc	B	VALFDILTGGWFDP	YHSGN	GGSISSSY	0.0	0.0	0.0	0.0	0.0	0.0	0.0	2.0	0.0	1.0	0.0	0.0	0.0	0.0	0.0	4.0	0.0	0.0	1.0	0.0	0.0	0.0	1.0	0.0	0.0	0.0	0.0	1.0	1.0	0.0	0.0	0.0	0.0	0.0	0.0	1.0	0.0	0.0	1.0	0.0	1.0	0.0	0.0	2.0	0.0	0.0	0.0	2.0	0.0	1.0	2.0	0.0	0.0	2.0	1.0	0.0	1.0	1.0	0.0	1.0	-0.1	0.0	8.275	96.845	-1.8400000000000003	0.2	9.28	115.31199999999998	0.9071428571428573	-0.1428571428571428	7.528571428571429	112.05571428571427	8	5	14	8	5	14	influenza
6xpx	B	DRGGLDV	SFDGGE	GFTFRDS	0.0	1.0	0.0	1.0	0.0	0.0	0.0	1.0	0.0	0.0	0.0	0.0	0.0	2.0	0.0	1.0	1.0	0.0	0.0	0.0	0.0	0.0	0.0	1.0	0.0	0.0	1.0	2.0	0.0	0.0	0.0	0.0	0.0	1.0	0.0	1.0	0.0	0.0	0.0	0.0	0.0	1.0	0.0	2.0	0.0	0.0	0.0	2.0	0.0	0.0	1.0	0.0	0.0	0.0	0.0	0.0	0.0	0.0	0.0	1.0	-0.6142857142857144	0.0	8.671428571428573	118.41142857142856	-0.9666666666666668	-0.3333333333333333	9.616666666666667	104.76166666666668	-0.6142857142857142	-0.1428571428571428	9.328571428571427	106.96571428571428	7	6	7	7	6	7	influenza
6uig	B	ESLWNPDYYYYMDV	YSTGN	GGSINSSHS	0.0	0.0	1.0	0.0	0.0	0.0	0.0	2.0	1.0	1.0	0.0	0.0	0.0	0.0	0.0	4.0	0.0	0.0	0.0	0.0	0.0	0.0	1.0	0.0	0.0	0.0	0.0	1.0	0.0	0.0	0.0	0.0	0.0	0.0	0.0	1.0	1.0	0.0	1.0	0.0	0.0	0.0	1.0	2.0	0.0	0.0	1.0	0.0	0.0	0.0	1.0	0.0	1.0	0.0	1.0	1.0	0.0	1.0	4.0	1.0	-0.6888888888888889	0.1111111111111111	9.11111111111111	95.87	-1.34	0.0	8.92	108.106	-0.9	-0.2142857142857142	8.128571428571428	131.43142857142857	9	5	14	9	5	14	influenza
5k9k	H	GSAMIFGIVIILES	YYRSKWY	GDTVSSNRA	1.0	1.0	1.0	1.0	0.0	0.0	0.0	1.0	0.0	0.0	0.0	0.0	0.0	0.0	0.0	2.0	1.0	0.0	0.0	1.0	0.0	1.0	0.0	0.0	0.0	0.0	0.0	0.0	0.0	0.0	0.0	1.0	0.0	0.0	0.0	1.0	0.0	1.0	3.0	0.0	1.0	0.0	0.0	0.0	0.0	0.0	1.0	2.0	0.0	4.0	1.0	0.0	1.0	1.0	0.0	2.0	0.0	0.0	0.0	1.0	-0.911111111111111	0.0	9.455555555555556	100.65777777777777	-2.0	0.2857142857142857	7.857142857142857	149.60142857142858	1.9	-0.0714285714285714	7.0928571428571425	104.84071428571428	9	7	14	9	7	14	influenza
4xnq	H	VALFDILTGGWFDP	YHSGN	GGSISSSY	0.0	0.0	0.0	0.0	0.0	0.0	0.0	2.0	0.0	1.0	0.0	0.0	0.0	0.0	0.0	4.0	0.0	0.0	1.0	0.0	0.0	0.0	1.0	0.0	0.0	0.0	0.0	1.0	1.0	0.0	0.0	0.0	0.0	0.0	0.0	1.0	0.0	0.0	1.0	0.0	1.0	0.0	0.0	2.0	0.0	0.0	0.0	2.0	0.0	1.0	2.0	0.0	0.0	2.0	1.0	0.0	1.0	1.0	0.0	1.0	-0.1	0.0	8.275	96.845	-1.8400000000000003	0.2	9.28	115.31199999999998	0.9071428571428573	-0.1428571428571428	7.528571428571429	112.05571428571427	8	5	14	8	5	14	influenza
6ocb	H	GTEDLGYCSSGSCPNH	FYNGD	GVSVTSDIY	0.0	0.0	0.0	1.0	0.0	0.0	0.0	1.0	0.0	1.0	0.0	0.0	0.0	0.0	0.0	2.0	1.0	0.0	1.0	2.0	0.0	0.0	1.0	1.0	0.0	0.0	0.0	1.0	0.0	0.0	0.0	0.0	0.0	1.0	0.0	0.0	0.0	0.0	1.0	0.0	0.0	0.0	1.0	1.0	2.0	0.0	1.0	3.0	1.0	0.0	1.0	0.0	0.0	0.0	1.0	3.0	1.0	0.0	1.0	0.0	0.6000000000000001	-0.1111111111111111	8.022222222222222	104.44555555555556	-1.1800000000000002	-0.2	9.0	122.922	-0.7562500000000001	-0.0625	8.7875	103.92	9	5	16	9	5	16	influenza
4o58	H	PSITESHYCLDCAAKDYYYGLDV	IPFFGT	GTFYKY	0.0	0.0	0.0	0.0	0.0	0.0	0.0	1.0	0.0	0.0	0.0	1.0	0.0	1.0	0.0	0.0	1.0	0.0	2.0	0.0	0.0	0.0	0.0	0.0	0.0	0.0	0.0	1.0	0.0	1.0	0.0	0.0	0.0	2.0	1.0	0.0	1.0	0.0	0.0	0.0	2.0	0.0	0.0	3.0	2.0	0.0	1.0	1.0	1.0	1.0	2.0	1.0	0.0	0.0	1.0	2.0	1.0	0.0	4.0	1.0	-0.7999999999999999	0.1666666666666666	7.75	129.64666666666668	1.2333333333333332	0.0	6.866666666666667	113.46666666666664	-0.2478260869565217	-0.0869565217391304	8.256521739130434	114.21478260869566	6	6	23	6	6	23	influenza
5w0d	B	DLTLMYVHSSGWERGVYYYYGMDV	NPNSGG	GYTFTGY	0.0	0.0	0.0	0.0	0.0	0.0	0.0	2.0	0.0	0.0	0.0	0.0	0.0	1.0	0.0	0.0	2.0	0.0	2.0	0.0	0.0	0.0	2.0	0.0	0.0	0.0	0.0	2.0	0.0	0.0	0.0	0.0	0.0	0.0	1.0	1.0	0.0	0.0	0.0	0.0	0.0	1.0	0.0	2.0	0.0	0.0	1.0	3.0	1.0	0.0	2.0	0.0	2.0	0.0	0.0	2.0	1.0	1.0	5.0	3.0	-0.2857142857142857	0.0	7.542857142857143	117.98	-1.7	0.0	9.733333333333333	93.75333333333332	-0.2125	-0.0416666666666666	7.854166666666667	122.55333333333331	7	6	24	7	6	24	influenza
4hf5	H	QQDSGYSGPEVSYYSHYGMDV	WYDGSK	GFMFSSY	0.0	0.0	0.0	0.0	0.0	0.0	0.0	1.0	0.0	0.0	0.0	0.0	1.0	2.0	0.0	2.0	0.0	0.0	1.0	0.0	0.0	0.0	0.0	1.0	0.0	0.0	0.0	1.0	0.0	0.0	0.0	1.0	0.0	0.0	0.0	1.0	0.0	1.0	1.0	0.0	0.0	0.0	0.0	2.0	0.0	2.0	1.0	3.0	1.0	0.0	0.0	0.0	1.0	0.0	1.0	4.0	0.0	0.0	4.0	2.0	0.5999999999999999	0.0	7.1000000000000005	119.70714285714288	-1.8	0.0	9.016666666666667	125.8	-1.0285714285714287	-0.0952380952380952	8.752380952380953	114.54619047619046	7	6	21	7	6	21	influenza
6e56	G	SSNYYGSGSYSPDDYYHMDV	SGSGRS	GFTFNHY	0.0	0.0	1.0	0.0	0.0	0.0	0.0	1.0	1.0	0.0	0.0	0.0	0.0	2.0	0.0	0.0	1.0	0.0	1.0	0.0	0.0	1.0	0.0	0.0	0.0	0.0	0.0	2.0	0.0	0.0	0.0	0.0	0.0	0.0	0.0	3.0	0.0	0.0	0.0	0.0	0.0	0.0	1.0	3.0	0.0	0.0	0.0	2.0	1.0	0.0	0.0	0.0	1.0	0.0	1.0	5.0	0.0	0.0	5.0	1.0	-0.5000000000000001	0.1428571428571428	8.028571428571428	126.42142857142858	-1.2833333333333334	0.1666666666666666	9.35	94.58833333333332	-1.2	-0.1	8.78	116.2685	7	6	20	7	6	20	influenza
6q0l	H	APPYCTSASCPDDYYYYYMDV	YHGGS	GGSISSSN	0.0	0.0	1.0	0.0	0.0	0.0	0.0	2.0	0.0	1.0	0.0	0.0	0.0	0.0	0.0	4.0	0.0	0.0	0.0	0.0	0.0	0.0	0.0	0.0	0.0	0.0	0.0	2.0	1.0	0.0	0.0	0.0	0.0	0.0	0.0	1.0	0.0	0.0	1.0	0.0	2.0	0.0	0.0	3.0	2.0	0.0	0.0	0.0	0.0	0.0	0.0	0.0	1.0	0.0	3.0	2.0	1.0	0.0	6.0	1.0	-0.375	0.0	8.95	90.71125	-1.2200000000000002	0.2	8.76	107.5	-0.5095238095238096	-0.1428571428571428	7.904761904761905	117.60809523809525	8	5	21	8	5	21	influenza
4kvn	H	PGPVFGIFPPWSYFDN	SYDGAN	GSSY	0.0	0.0	0.0	0.0	0.0	0.0	0.0	1.0	0.0	0.0	0.0	0.0	0.0	0.0	0.0	2.0	0.0	0.0	1.0	0.0	1.0	0.0	1.0	1.0	0.0	0.0	0.0	1.0	0.0	0.0	0.0	0.0	0.0	0.0	0.0	1.0	0.0	0.0	1.0	0.0	0.0	0.0	1.0	1.0	0.0	0.0	0.0	2.0	0.0	1.0	0.0	0.0	0.0	3.0	4.0	1.0	0.0	1.0	1.0	1.0	-0.8250000000000001	0.0	8.4	103.0975	-1.2833333333333334	-0.1666666666666666	9.516666666666667	104.265	-0.00625	-0.0625	7.63125	116.130625	4	6	16	4	6	16	influenza
5vag	C	DPSFWAAEYFQH	IPIFGT	GGTFSSY	0.0	0.0	0.0	0.0	0.0	0.0	0.0	2.0	0.0	0.0	0.0	0.0	0.0	1.0	0.0	2.0	1.0	0.0	1.0	0.0	0.0	0.0	0.0	0.0	0.0	0.0	0.0	1.0	0.0	2.0	0.0	0.0	0.0	1.0	1.0	0.0	1.0	0.0	0.0	0.0	2.0	0.0	0.0	1.0	0.0	1.0	1.0	0.0	1.0	0.0	0.0	0.0	0.0	2.0	1.0	1.0	0.0	1.0	1.0	0.0	-0.2285714285714286	0.0	8.057142857142857	105.10428571428572	1.5166666666666666	0.0	6.866666666666667	107.79666666666668	-0.7583333333333334	-0.0833333333333333	8.466666666666667	123.3	7	6	12	7	6	12	influenza
4hfu	H	VGGEWGSGRYYLDH	TPIFGS	GDTFSSY	0.0	0.0	0.0	1.0	0.0	0.0	0.0	1.0	0.0	0.0	0.0	0.0	0.0	1.0	0.0	2.0	1.0	0.0	1.0	0.0	0.0	0.0	0.0	0.0	0.0	0.0	0.0	1.0	0.0	1.0	0.0	0.0	0.0	1.0	1.0	1.0	1.0	0.0	0.0	0.0	0.0	1.0	0.0	1.0	0.0	0.0	1.0	4.0	1.0	0.0	1.0	0.0	0.0	0.0	0.0	1.0	0.0	1.0	2.0	1.0	-0.6714285714285715	-0.1428571428571428	8.628571428571428	110.82428571428572	0.6333333333333333	0.0	7.533333333333334	103.45	-0.9	0.0	8.571428571428571	117.835	7	6	14	7	6	14	influenza
6lxi	C	DLQDTPMVDRIIGSYYYYNGLDV	IPVYGT	GGPFSSY	0.0	0.0	0.0	0.0	0.0	0.0	0.0	2.0	0.0	0.0	0.0	0.0	0.0	1.0	1.0	2.0	0.0	0.0	1.0	0.0	0.0	0.0	0.0	0.0	0.0	0.0	0.0	1.0	0.0	1.0	0.0	0.0	0.0	0.0	1.0	0.0	1.0	0.0	1.0	1.0	0.0	1.0	1.0	4.0	0.0	1.0	0.0	2.0	0.0	2.0	2.0	0.0	1.0	0.0	1.0	1.0	1.0	0.0	4.0	2.0	-0.3571428571428572	0.0	7.971428571428571	104.53428571428572	0.7833333333333333	0.0	7.1499999999999995	108.125	-0.3347826086956522	-0.1304347826086956	8.3	118.65304347826088	7	6	23	7	6	23	influenza
5w6g	H	SYVDNWHAGLHWFDS	FYSGG	GGSIKNKDF	0.0	0.0	1.0	1.0	0.0	0.0	0.0	2.0	0.0	1.0	0.0	2.0	0.0	1.0	0.0	1.0	0.0	0.0	0.0	0.0	0.0	0.0	0.0	0.0	0.0	0.0	0.0	2.0	0.0	0.0	0.0	0.0	0.0	1.0	0.0	1.0	0.0	0.0	1.0	0.0	1.0	0.0	1.0	2.0	0.0	0.0	0.0	1.0	2.0	0.0	1.0	0.0	0.0	1.0	0.0	2.0	0.0	2.0	1.0	1.0	-1.011111111111111	0.1111111111111111	9.422222222222222	109.23111111111112	-0.02	0.0	7.720000000000001	109.508	-0.6266666666666667	0.0	8.46	122.26333333333334	9	5	15	9	5	15	influenza
9cci	B	TFGTYYDNTEDWFFDF	YGGDSD	GYSFSSF	0.0	0.0	0.0	0.0	0.0	0.0	0.0	1.0	0.0	0.0	0.0	0.0	0.0	2.0	0.0	3.0	0.0	0.0	1.0	0.0	0.0	0.0	0.0	2.0	0.0	0.0	0.0	2.0	0.0	0.0	0.0	0.0	0.0	0.0	0.0	1.0	0.0	0.0	1.0	0.0	0.0	0.0	1.0	3.0	0.0	0.0	1.0	1.0	0.0	0.0	0.0	0.0	0.0	4.0	0.0	0.0	3.0	1.0	2.0	0.0	0.2142857142857142	0.0	7.6	113.40428571428572	-1.65	-0.3333333333333333	9.9	105.09	-0.76875	-0.25	8.51875	129.26125	7	6	16	7	6	16	sars_cov2
9ccj	H	LPLGERIDY	YYSGT	GGSINTNMY	0.0	0.0	2.0	0.0	0.0	0.0	0.0	2.0	0.0	1.0	0.0	0.0	1.0	0.0	0.0	1.0	1.0	0.0	1.0	0.0	0.0	0.0	0.0	0.0	0.0	0.0	0.0	1.0	0.0	0.0	0.0	0.0	0.0	0.0	0.0	1.0	1.0	0.0	2.0	0.0	0.0	1.0	0.0	1.0	0.0	0.0	1.0	1.0	0.0	1.0	2.0	0.0	0.0	0.0	1.0	0.0	0.0	0.0	1.0	0.0	-0.4666666666666667	0.0	8.455555555555556	108.22777777777776	-0.9	0.0	7.840000000000001	117.92	-0.3	-0.1111111111111111	8.222222222222221	119.47	9	5	9	9	5	9	sars_cov2
9bj2	H	HNGDPYDFWSGYNTWAGGLDV	IPFLDV	GVIFSRN	0.0	1.0	1.0	0.0	0.0	0.0	0.0	1.0	0.0	1.0	0.0	0.0	0.0	1.0	0.0	1.0	0.0	0.0	0.0	1.0	0.0	0.0	0.0	1.0	0.0	0.0	0.0	0.0	0.0	1.0	1.0	0.0	0.0	1.0	1.0	0.0	0.0	0.0	0.0	1.0	1.0	0.0	2.0	3.0	0.0	0.0	0.0	4.0	1.0	0.0	1.0	0.0	0.0	1.0	1.0	1.0	1.0	2.0	2.0	1.0	0.3285714285714285	0.1428571428571428	8.085714285714285	113.12857142857142	1.7	-0.1666666666666666	7.033333333333334	114.14	-0.819047619047619	-0.0952380952380952	8.652380952380952	115.4995238095238	7	6	21	7	6	21	sars_cov2
9bj3	C	VPQAGAAQGHYYYYYGMDV	IPILGI	GGTFINY	0.0	0.0	1.0	0.0	0.0	0.0	0.0	2.0	0.0	1.0	0.0	0.0	0.0	1.0	0.0	0.0	1.0	0.0	1.0	0.0	0.0	0.0	0.0	0.0	0.0	0.0	0.0	1.0	0.0	3.0	1.0	0.0	0.0	0.0	1.0	0.0	0.0	0.0	0.0	0.0	3.0	0.0	0.0	1.0	0.0	2.0	0.0	3.0	1.0	0.0	0.0	0.0	1.0	0.0	1.0	0.0	0.0	0.0	5.0	2.0	0.1428571428571428	0.0	7.828571428571428	112.69142857142856	2.55	0.0	6.25	104.135	-0.3842105263157894	0.0	8.010526315789473	115.22947368421052	7	6	19	7	6	19	sars_cov2
8z6r	E	QGDLGDWILLGY	YPGDSD	GYTFSYY	0.0	0.0	0.0	0.0	0.0	0.0	0.0	1.0	0.0	0.0	0.0	0.0	0.0	1.0	0.0	1.0	1.0	0.0	3.0	0.0	0.0	0.0	0.0	2.0	0.0	0.0	0.0	1.0	0.0	0.0	0.0	0.0	0.0	0.0	1.0	1.0	0.0	0.0	1.0	0.0	0.0	0.0	0.0	2.0	0.0	1.0	0.0	3.0	0.0	1.0	3.0	0.0	0.0	0.0	0.0	0.0	0.0	1.0	1.0	0.0	-0.4285714285714286	0.0	7.228571428571429	128.56571428571428	-1.85	-0.3333333333333333	9.733333333333333	108.76833333333332	0.1666666666666666	-0.1666666666666666	7.916666666666667	115.45833333333331	7	6	12	7	6	12	sars_cov2
8z6s	E	QGDLGDWILLGY	YPGDSD	GYTFSYY	0.0	0.0	0.0	0.0	0.0	0.0	0.0	1.0	0.0	0.0	0.0	0.0	0.0	1.0	0.0	1.0	1.0	0.0	3.0	0.0	0.0	0.0	0.0	2.0	0.0	0.0	0.0	1.0	0.0	0.0	0.0	0.0	0.0	0.0	1.0	1.0	0.0	0.0	1.0	0.0	0.0	0.0	0.0	2.0	0.0	1.0	0.0	3.0	0.0	1.0	3.0	0.0	0.0	0.0	0.0	0.0	0.0	1.0	1.0	0.0	-0.4285714285714286	0.0	7.228571428571429	128.56571428571428	-1.85	-0.3333333333333333	9.733333333333333	108.76833333333332	0.1666666666666666	-0.1666666666666666	7.916666666666667	115.45833333333331	7	6	12	7	6	12	sars_cov2
8z6t	B	QGDLGDWILLGY	YPGDSD	GYTFSYY	0.0	0.0	0.0	0.0	0.0	0.0	0.0	1.0	0.0	0.0	0.0	0.0	0.0	1.0	0.0	1.0	1.0	0.0	3.0	0.0	0.0	0.0	0.0	2.0	0.0	0.0	0.0	1.0	0.0	0.0	0.0	0.0	0.0	0.0	1.0	1.0	0.0	0.0	1.0	0.0	0.0	0.0	0.0	2.0	0.0	1.0	0.0	3.0	0.0	1.0	3.0	0.0	0.0	0.0	0.0	0.0	0.0	1.0	1.0	0.0	-0.4285714285714286	0.0	7.228571428571429	128.56571428571428	-1.85	-0.3333333333333333	9.733333333333333	108.76833333333332	0.1666666666666666	-0.1666666666666666	7.916666666666667	115.45833333333331	7	6	12	7	6	12	sars_cov2
8z6w	G	QGDLGDWILLGY	YPGDSD	GYTFSYY	0.0	0.0	0.0	0.0	0.0	0.0	0.0	1.0	0.0	0.0	0.0	0.0	0.0	1.0	0.0	1.0	1.0	0.0	3.0	0.0	0.0	0.0	0.0	2.0	0.0	0.0	0.0	1.0	0.0	0.0	0.0	0.0	0.0	0.0	1.0	1.0	0.0	0.0	1.0	0.0	0.0	0.0	0.0	2.0	0.0	1.0	0.0	3.0	0.0	1.0	3.0	0.0	0.0	0.0	0.0	0.0	0.0	1.0	1.0	0.0	-0.4285714285714286	0.0	7.228571428571429	128.56571428571428	-1.85	-0.3333333333333333	9.733333333333333	108.76833333333332	0.1666666666666666	-0.1666666666666666	7.916666666666667	115.45833333333331	7	6	12	7	6	12	sars_cov2
8z6x	B	QGDLGDWILLGY	YPGDSD	GYTFSYY	0.0	0.0	0.0	0.0	0.0	0.0	0.0	1.0	0.0	0.0	0.0	0.0	0.0	1.0	0.0	1.0	1.0	0.0	3.0	0.0	0.0	0.0	0.0	2.0	0.0	0.0	0.0	1.0	0.0	0.0	0.0	0.0	0.0	0.0	1.0	1.0	0.0	0.0	1.0	0.0	0.0	0.0	0.0	2.0	0.0	1.0	0.0	3.0	0.0	1.0	3.0	0.0	0.0	0.0	0.0	0.0	0.0	1.0	1.0	0.0	-0.4285714285714286	0.0	7.228571428571429	128.56571428571428	-1.85	-0.3333333333333333	9.733333333333333	108.76833333333332	0.1666666666666666	-0.1666666666666666	7.916666666666667	115.45833333333331	7	6	12	7	6	12	sars_cov2
8v5v	b	CGARSYYYDSGDYCAFDI	NPNSGG	GYTFTGY	0.0	0.0	0.0	0.0	0.0	0.0	0.0	2.0	0.0	0.0	0.0	0.0	0.0	1.0	0.0	0.0	2.0	0.0	2.0	0.0	0.0	0.0	2.0	0.0	0.0	0.0	0.0	2.0	0.0	0.0	0.0	0.0	0.0	0.0	1.0	1.0	0.0	0.0	0.0	0.0	2.0	1.0	0.0	3.0	2.0	0.0	0.0	2.0	0.0	1.0	0.0	0.0	0.0	1.0	0.0	2.0	0.0	0.0	4.0	0.0	-0.2857142857142857	0.0	7.542857142857143	117.98	-1.7	0.0	9.733333333333333	93.75333333333332	-0.3722222222222222	-0.1111111111111111	8.238888888888889	115.9577777777778	7	6	18	7	6	18	sars_cov2
9c44	H	LKDSRYSGSYYDY	RYDGGN	GFTFNSY	0.0	0.0	1.0	0.0	0.0	0.0	0.0	1.0	0.0	0.0	0.0	0.0	0.0	2.0	0.0	1.0	1.0	0.0	1.0	0.0	0.0	1.0	1.0	1.0	0.0	0.0	0.0	2.0	0.0	0.0	0.0	0.0	0.0	0.0	0.0	0.0	0.0	0.0	1.0	0.0	0.0	1.0	0.0	2.0	0.0	0.0	0.0	1.0	0.0	0.0	1.0	1.0	0.0	0.0	0.0	3.0	0.0	0.0	4.0	0.0	-0.1571428571428572	0.0	7.857142857142857	119.27	-2.2666666666666666	0.0	9.883333333333333	116.445	-1.507692307692308	0.0	8.776923076923076	124.36307692307692	7	6	13	7	6	13	sars_cov2
9c45	H	LKDSRYSGSYYDY	RYDGGN	GFTFNSY	0.0	0.0	1.0	0.0	0.0	0.0	0.0	1.0	0.0	0.0	0.0	0.0	0.0	2.0	0.0	1.0	1.0	0.0	1.0	0.0	0.0	1.0	1.0	1.0	0.0	0.0	0.0	2.0	0.0	0.0	0.0	0.0	0.0	0.0	0.0	0.0	0.0	0.0	1.0	0.0	0.0	1.0	0.0	2.0	0.0	0.0	0.0	1.0	0.0	0.0	1.0	1.0	0.0	0.0	0.0	3.0	0.0	0.0	4.0	0.0	-0.1571428571428572	0.0	7.857142857142857	119.27	-2.2666666666666666	0.0	9.883333333333333	116.445	-1.507692307692308	0.0	8.776923076923076	124.36307692307692	7	6	13	7	6	13	sars_cov2
8wyj	Q	LFPNGDPNSPEDGFDI	IPLFGT	GGTFRSH	0.0	1.0	0.0	0.0	0.0	0.0	0.0	2.0	1.0	0.0	0.0	0.0	0.0	1.0	0.0	1.0	1.0	0.0	0.0	0.0	0.0	0.0	0.0	0.0	0.0	0.0	0.0	1.0	0.0	1.0	1.0	0.0	0.0	1.0	1.0	0.0	1.0	0.0	0.0	0.0	0.0	0.0	2.0	3.0	0.0	0.0	1.0	2.0	0.0	1.0	1.0	0.0	0.0	2.0	3.0	1.0	0.0	0.0	0.0	0.0	-1.0285714285714287	0.2857142857142857	8.842857142857143	111.25714285714284	1.4	0.0	6.816666666666666	107.79666666666668	-0.84375	-0.25	9.1375	109.489375	7	6	16	7	6	16	sars_cov2
8s6m	H	DYYPLLSYYYGLDV	AYDGSN	GITFSSF	0.0	0.0	0.0	0.0	0.0	0.0	0.0	1.0	0.0	1.0	0.0	0.0	0.0	2.0	0.0	2.0	1.0	0.0	0.0	0.0	1.0	0.0	1.0	1.0	0.0	0.0	0.0	1.0	0.0	0.0	0.0	0.0	0.0	0.0	0.0	1.0	0.0	0.0	1.0	0.0	0.0	0.0	0.0	2.0	0.0	0.0	0.0	1.0	0.0	0.0	3.0	0.0	0.0	0.0	1.0	1.0	0.0	0.0	5.0	1.0	1.0571428571428572	0.0	7.371428571428572	108.26285714285714	-1.2833333333333334	-0.1666666666666666	9.516666666666667	104.265	-0.05	-0.1428571428571428	7.414285714285714	124.56714285714284	7	6	14	7	6	14	sars_cov2
9au2	D	DYYPLLSYYYGLDV	AYDGSD	GITFSSF	0.0	0.0	0.0	0.0	0.0	0.0	0.0	1.0	0.0	1.0	0.0	0.0	0.0	2.0	0.0	2.0	1.0	0.0	0.0	0.0	1.0	0.0	0.0	2.0	0.0	0.0	0.0	1.0	0.0	0.0	0.0	0.0	0.0	0.0	0.0	1.0	0.0	0.0	1.0	0.0	0.0	0.0	0.0	2.0	0.0	0.0	0.0	1.0	0.0	0.0	3.0	0.0	0.0	0.0	1.0	1.0	0.0	0.0	5.0	1.0	1.0571428571428572	0.0	7.371428571428572	108.26285714285714	-1.2833333333333334	-0.3333333333333333	9.75	104.42833333333334	-0.05	-0.1428571428571428	7.414285714285714	124.56714285714284	7	6	14	7	6	14	sars_cov2
8wpw	A	DYTRGAWFGESLIGGFDN	STYNGN	GYPFTSY	0.0	0.0	0.0	0.0	0.0	0.0	0.0	1.0	0.0	0.0	0.0	0.0	0.0	1.0	1.0	1.0	1.0	0.0	2.0	0.0	0.0	0.0	2.0	0.0	0.0	0.0	0.0	1.0	0.0	0.0	0.0	0.0	0.0	0.0	0.0	1.0	1.0	0.0	1.0	0.0	1.0	1.0	1.0	2.0	0.0	0.0	1.0	4.0	0.0	1.0	1.0	0.0	0.0	2.0	0.0	1.0	1.0	1.0	1.0	0.0	-0.4714285714285715	0.0	7.485714285714286	119.12857142857142	-1.7	0.0	9.366666666666664	109.10666666666668	-0.45	-0.1111111111111111	8.577777777777778	114.39722222222224	7	6	18	7	6	18	sars_cov2
8wpy	A	DYTRGAWFGESLIGGFDN	STYNGN	GYPFTSY	0.0	0.0	0.0	0.0	0.0	0.0	0.0	1.0	0.0	0.0	0.0	0.0	0.0	1.0	1.0	1.0	1.0	0.0	2.0	0.0	0.0	0.0	2.0	0.0	0.0	0.0	0.0	1.0	0.0	0.0	0.0	0.0	0.0	0.0	0.0	1.0	1.0	0.0	1.0	0.0	1.0	1.0	1.0	2.0	0.0	0.0	1.0	4.0	0.0	1.0	1.0	0.0	0.0	2.0	0.0	1.0	1.0	1.0	1.0	0.0	-0.4714285714285715	0.0	7.485714285714286	119.12857142857142	-1.7	0.0	9.366666666666664	109.10666666666668	-0.45	-0.1111111111111111	8.577777777777778	114.39722222222224	7	6	18	7	6	18	sars_cov2
9atm	H	DYYPLLSYYYGLDV	AYDGSD	GITFSSF	0.0	0.0	0.0	0.0	0.0	0.0	0.0	1.0	0.0	1.0	0.0	0.0	0.0	2.0	0.0	2.0	1.0	0.0	0.0	0.0	1.0	0.0	0.0	2.0	0.0	0.0	0.0	1.0	0.0	0.0	0.0	0.0	0.0	0.0	0.0	1.0	0.0	0.0	1.0	0.0	0.0	0.0	0.0	2.0	0.0	0.0	0.0	1.0	0.0	0.0	3.0	0.0	0.0	0.0	1.0	1.0	0.0	0.0	5.0	1.0	1.0571428571428572	0.0	7.371428571428572	108.26285714285714	-1.2833333333333334	-0.3333333333333333	9.75	104.42833333333334	-0.05	-0.1428571428571428	7.414285714285714	124.56714285714284	7	6	14	7	6	14	sars_cov2
9au1	M	DYTRGAWFGESLIGGFDN	STYNGN	GYPFTSY	0.0	0.0	0.0	0.0	0.0	0.0	0.0	1.0	0.0	0.0	0.0	0.0	0.0	1.0	1.0	1.0	1.0	0.0	2.0	0.0	0.0	0.0	2.0	0.0	0.0	0.0	0.0	1.0	0.0	0.0	0.0	0.0	0.0	0.0	0.0	1.0	1.0	0.0	1.0	0.0	1.0	1.0	1.0	2.0	0.0	0.0	1.0	4.0	0.0	1.0	1.0	0.0	0.0	2.0	0.0	1.0	1.0	1.0	1.0	0.0	-0.4714285714285715	0.0	7.485714285714286	119.12857142857142	-1.7	0.0	9.366666666666664	109.10666666666668	-0.45	-0.1111111111111111	8.577777777777778	114.39722222222224	7	6	18	7	6	18	sars_cov2
8keh	G	DLFFIPAANSFDY	NPDAGS	GYTFTDH	0.0	0.0	0.0	1.0	0.0	0.0	0.0	1.0	1.0	0.0	0.0	0.0	0.0	1.0	0.0	0.0	2.0	0.0	1.0	0.0	1.0	0.0	1.0	1.0	0.0	0.0	0.0	1.0	0.0	0.0	0.0	0.0	0.0	0.0	1.0	1.0	0.0	0.0	0.0	0.0	2.0	0.0	1.0	2.0	0.0	0.0	0.0	0.0	0.0	1.0	1.0	0.0	0.0	3.0	1.0	1.0	0.0	0.0	1.0	0.0	-1.0	0.0	8.714285714285714	119.98	-1.3333333333333333	-0.1666666666666666	9.816666666666666	93.255	0.4692307692307692	-0.1538461538461538	7.915384615384616	115.51461538461538	7	6	13	7	6	13	sars_cov2
8zhe	H	GQLGPWVGVDY	KQDGSE	GFTFSSY	0.0	0.0	0.0	0.0	0.0	0.0	0.0	1.0	0.0	0.0	0.0	0.0	0.0	2.0	0.0	2.0	1.0	0.0	1.0	0.0	0.0	0.0	0.0	1.0	0.0	1.0	1.0	1.0	0.0	0.0	0.0	1.0	0.0	0.0	0.0	1.0	0.0	0.0	0.0	0.0	0.0	0.0	0.0	1.0	0.0	1.0	0.0	3.0	0.0	0.0	1.0	0.0	0.0	0.0	1.0	0.0	0.0	1.0	1.0	2.0	0.2285714285714285	0.0	7.514285714285714	115.40857142857143	-2.6	-0.1666666666666666	10.883333333333333	110.44166666666666	0.0181818181818181	-0.0909090909090909	7.890909090909091	111.48272727272727	7	6	11	7	6	11	sars_cov2
8kdm	E	DLFFIPAANSFDY	NPDAGS	GYTFTDH	0.0	0.0	0.0	1.0	0.0	0.0	0.0	1.0	1.0	0.0	0.0	0.0	0.0	1.0	0.0	0.0	2.0	0.0	1.0	0.0	1.0	0.0	1.0	1.0	0.0	0.0	0.0	1.0	0.0	0.0	0.0	0.0	0.0	0.0	1.0	1.0	0.0	0.0	0.0	0.0	2.0	0.0	1.0	2.0	0.0	0.0	0.0	0.0	0.0	1.0	1.0	0.0	0.0	3.0	1.0	1.0	0.0	0.0	1.0	0.0	-1.0	0.0	8.714285714285714	119.98	-1.3333333333333333	-0.1666666666666666	9.816666666666666	93.255	0.4692307692307692	-0.1538461538461538	7.915384615384616	115.51461538461538	7	6	13	7	6	13	sars_cov2
8kds	E	GDASPDNIYYYMDV	GTSGD	GFTFRNY	0.0	1.0	1.0	0.0	0.0	0.0	0.0	1.0	0.0	0.0	0.0	0.0	0.0	2.0	0.0	0.0	1.0	0.0	1.0	0.0	0.0	0.0	0.0	1.0	0.0	0.0	0.0	2.0	0.0	0.0	0.0	0.0	0.0	0.0	0.0	1.0	1.0	0.0	0.0	0.0	1.0	0.0	1.0	3.0	0.0	0.0	0.0	1.0	0.0	1.0	0.0	0.0	1.0	0.0	1.0	1.0	0.0	0.0	3.0	1.0	-0.6857142857142858	0.1428571428571428	8.042857142857143	129.14285714285714	-1.16	-0.2	9.76	90.676	-0.5928571428571429	-0.2142857142857142	8.592857142857143	115.91	7	5	14	7	5	14	sars_cov2
8kdt	H	DLFFIPAANSFDY	NPDAGS	GYTFTDH	0.0	0.0	0.0	1.0	0.0	0.0	0.0	1.0	1.0	0.0	0.0	0.0	0.0	1.0	0.0	0.0	2.0	0.0	1.0	0.0	1.0	0.0	1.0	1.0	0.0	0.0	0.0	1.0	0.0	0.0	0.0	0.0	0.0	0.0	1.0	1.0	0.0	0.0	0.0	0.0	2.0	0.0	1.0	2.0	0.0	0.0	0.0	0.0	0.0	1.0	1.0	0.0	0.0	3.0	1.0	1.0	0.0	0.0	1.0	0.0	-1.0	0.0	8.714285714285714	119.98	-1.3333333333333333	-0.1666666666666666	9.816666666666666	93.255	0.4692307692307692	-0.1538461538461538	7.915384615384616	115.51461538461538	7	6	13	7	6	13	sars_cov2
8keo	E	PHCNRTNCHDGFDI	VFGSSN	VFSFDTS	0.0	0.0	0.0	1.0	0.0	0.0	0.0	0.0	0.0	0.0	0.0	0.0	0.0	2.0	0.0	2.0	1.0	0.0	0.0	1.0	0.0	0.0	1.0	0.0	0.0	0.0	0.0	1.0	0.0	0.0	0.0	0.0	0.0	1.0	0.0	2.0	0.0	0.0	0.0	1.0	0.0	1.0	2.0	2.0	2.0	0.0	0.0	1.0	2.0	1.0	0.0	0.0	0.0	1.0	1.0	0.0	1.0	0.0	0.0	0.0	0.5714285714285714	-0.1428571428571428	8.042857142857143	111.97857142857144	0.25	0.0	8.35	101.605	-1.092857142857143	0.0714285714285714	9.107142857142858	116.34214285714286	7	6	14	7	6	14	sars_cov2
8kep	H	PHCNRTNCHDGFDI	VFGSSN	VFSFDTS	0.0	0.0	0.0	1.0	0.0	0.0	0.0	0.0	0.0	0.0	0.0	0.0	0.0	2.0	0.0	2.0	1.0	0.0	0.0	1.0	0.0	0.0	1.0	0.0	0.0	0.0	0.0	1.0	0.0	0.0	0.0	0.0	0.0	1.0	0.0	2.0	0.0	0.0	0.0	1.0	0.0	1.0	2.0	2.0	2.0	0.0	0.0	1.0	2.0	1.0	0.0	0.0	0.0	1.0	1.0	0.0	1.0	0.0	0.0	0.0	0.5714285714285714	-0.1428571428571428	8.042857142857143	111.97857142857144	0.25	0.0	8.35	101.605	-1.092857142857143	0.0714285714285714	9.107142857142858	116.34214285714286	7	6	14	7	6	14	sars_cov2
8keq	E	DLFFIPAANSFDY	NPDAGS	GYTFTDH	0.0	0.0	0.0	1.0	0.0	0.0	0.0	1.0	1.0	0.0	0.0	0.0	0.0	1.0	0.0	0.0	2.0	0.0	1.0	0.0	1.0	0.0	1.0	1.0	0.0	0.0	0.0	1.0	0.0	0.0	0.0	0.0	0.0	0.0	1.0	1.0	0.0	0.0	0.0	0.0	2.0	0.0	1.0	2.0	0.0	0.0	0.0	0.0	0.0	1.0	1.0	0.0	0.0	3.0	1.0	1.0	0.0	0.0	1.0	0.0	-1.0	0.0	8.714285714285714	119.98	-1.3333333333333333	-0.1666666666666666	9.816666666666666	93.255	0.4692307692307692	-0.1538461538461538	7.915384615384616	115.51461538461538	7	6	13	7	6	13	sars_cov2
8ker	I	GDASPDNIYYYMDV	GTSGD	GFTFRNY	0.0	1.0	1.0	0.0	0.0	0.0	0.0	1.0	0.0	0.0	0.0	0.0	0.0	2.0	0.0	0.0	1.0	0.0	1.0	0.0	0.0	0.0	0.0	1.0	0.0	0.0	0.0	2.0	0.0	0.0	0.0	0.0	0.0	0.0	0.0	1.0	1.0	0.0	0.0	0.0	1.0	0.0	1.0	3.0	0.0	0.0	0.0	1.0	0.0	1.0	0.0	0.0	1.0	0.0	1.0	1.0	0.0	0.0	3.0	1.0	-0.6857142857142858	0.1428571428571428	8.042857142857143	129.14285714285714	-1.16	-0.2	9.76	90.676	-0.5928571428571429	-0.2142857142857142	8.592857142857143	115.91	7	5	14	7	5	14	sars_cov2
8sdh	H	GGIAVASGAFDI	YPGDSD	GYTFTRH	0.0	1.0	0.0	0.0	0.0	0.0	0.0	1.0	1.0	0.0	0.0	0.0	0.0	1.0	0.0	0.0	2.0	0.0	1.0	0.0	0.0	0.0	0.0	2.0	0.0	0.0	0.0	1.0	0.0	0.0	0.0	0.0	0.0	0.0	1.0	1.0	0.0	0.0	1.0	0.0	3.0	0.0	0.0	1.0	0.0	0.0	0.0	3.0	0.0	2.0	0.0	0.0	0.0	1.0	0.0	1.0	0.0	0.0	0.0	1.0	-1.1428571428571428	0.2857142857142857	8.357142857142858	125.85142857142856	-1.85	-0.3333333333333333	9.733333333333333	108.76833333333332	1.325	-0.0833333333333333	7.916666666666667	92.76583333333332	7	6	12	7	6	12	sars_cov2
8vcr	D	GFLGYCAGGSCFLNWLDP	YYNGR	GDSISNSSY	0.0	0.0	1.0	1.0	0.0	0.0	0.0	1.0	0.0	1.0	0.0	0.0	0.0	0.0	0.0	4.0	0.0	0.0	1.0	0.0	0.0	1.0	1.0	0.0	0.0	0.0	0.0	1.0	0.0	0.0	0.0	0.0	0.0	0.0	0.0	0.0	0.0	0.0	2.0	0.0	1.0	0.0	1.0	1.0	2.0	0.0	0.0	4.0	0.0	0.0	3.0	0.0	0.0	2.0	1.0	1.0	0.0	1.0	1.0	0.0	-0.8222222222222223	-0.1111111111111111	9.088888888888889	103.21222222222222	-2.2	0.2	8.7	134.342	0.5888888888888889	-0.0555555555555555	7.422222222222222	109.67888888888888	9	5	18	9	5	18	sars_cov2
8yww	H	DSYYDILTGYSGAFDM	NWNGDN	GLKFDDF	0.0	0.0	0.0	2.0	0.0	0.0	0.0	1.0	0.0	0.0	1.0	1.0	0.0	2.0	0.0	0.0	0.0	0.0	0.0	0.0	0.0	0.0	3.0	1.0	0.0	0.0	0.0	1.0	0.0	0.0	0.0	0.0	0.0	0.0	0.0	0.0	0.0	1.0	0.0	0.0	1.0	0.0	0.0	3.0	0.0	0.0	0.0	2.0	0.0	1.0	1.0	0.0	1.0	1.0	0.0	2.0	1.0	0.0	3.0	0.0	-0.2714285714285714	-0.1428571428571428	8.8	120.13285714285716	-2.5500000000000003	-0.1666666666666666	10.366666666666667	119.78166666666668	-0.16875	-0.1875	8.23125	114.7475	7	6	16	7	6	16	sars_cov2
8vif	H	LANYDFWSGYSRFSAQFDN	FSNDE	GFSLSNVGM	0.0	0.0	1.0	0.0	0.0	0.0	0.0	2.0	0.0	0.0	1.0	0.0	1.0	1.0	0.0	2.0	0.0	0.0	0.0	1.0	0.0	0.0	1.0	1.0	0.0	0.0	1.0	0.0	0.0	0.0	0.0	0.0	0.0	1.0	0.0	1.0	0.0	0.0	0.0	0.0	2.0	1.0	2.0	2.0	0.0	1.0	0.0	1.0	0.0	0.0	1.0	0.0	0.0	3.0	0.0	3.0	0.0	1.0	2.0	0.0	0.7555555555555555	0.0	7.7444444444444445	103.22666666666666	-1.7	-0.4	10.26	118.516	-0.6578947368421053	-0.0526315789473684	8.489473684210527	120.44473684210526	9	5	19	9	5	19	sars_cov2
8vke	H	LANYDFWSGYSRFSAQFDN	FSNDE	GFSLSNVGM	0.0	0.0	1.0	0.0	0.0	0.0	0.0	2.0	0.0	0.0	1.0	0.0	1.0	1.0	0.0	2.0	0.0	0.0	0.0	1.0	0.0	0.0	1.0	1.0	0.0	0.0	1.0	0.0	0.0	0.0	0.0	0.0	0.0	1.0	0.0	1.0	0.0	0.0	0.0	0.0	2.0	1.0	2.0	2.0	0.0	1.0	0.0	1.0	0.0	0.0	1.0	0.0	0.0	3.0	0.0	3.0	0.0	1.0	2.0	0.0	0.7555555555555555	0.0	7.7444444444444445	103.22666666666666	-1.7	-0.4	10.26	118.516	-0.6578947368421053	-0.0526315789473684	8.489473684210527	120.44473684210526	9	5	19	9	5	19	sars_cov2
8q5y	R	DLGTYDDS	SYDGIT	GFTFSNY	0.0	0.0	1.0	0.0	0.0	0.0	0.0	1.0	0.0	0.0	0.0	0.0	0.0	2.0	0.0	1.0	1.0	0.0	1.0	0.0	0.0	0.0	0.0	1.0	0.0	0.0	0.0	1.0	0.0	1.0	0.0	0.0	0.0	0.0	0.0	1.0	1.0	0.0	1.0	0.0	0.0	0.0	0.0	3.0	0.0	0.0	0.0	1.0	0.0	0.0	1.0	0.0	0.0	0.0	0.0	1.0	1.0	0.0	1.0	0.0	-0.1571428571428572	0.0	7.857142857142857	119.27	-0.3666666666666667	-0.1666666666666666	8.533333333333333	109.11166666666666	-1.2375	-0.375	9.6125	110.60625	7	6	8	7	6	8	sars_cov2
8xse	H	DHLITMVQPEYFHH	SGSGGS	GFTFSSY	0.0	0.0	0.0	0.0	0.0	0.0	0.0	1.0	0.0	0.0	0.0	0.0	0.0	2.0	0.0	2.0	1.0	0.0	1.0	0.0	0.0	0.0	0.0	0.0	0.0	0.0	0.0	3.0	0.0	0.0	0.0	0.0	0.0	0.0	0.0	3.0	0.0	0.0	0.0	0.0	0.0	0.0	0.0	1.0	0.0	1.0	1.0	0.0	3.0	1.0	1.0	0.0	1.0	1.0	1.0	0.0	1.0	0.0	1.0	1.0	0.2285714285714285	0.0	7.514285714285714	115.40857142857143	-0.6	0.0	9.1	81.065	-0.4642857142857143	0.0714285714285714	8.335714285714285	124.92857142857144	7	6	14	7	6	14	sars_cov2
8xsf	H	QEGTYCSGGSCYSGLDY	WYDGSN	GFTFSRY	0.0	1.0	0.0	0.0	0.0	0.0	0.0	1.0	0.0	0.0	0.0	0.0	0.0	2.0	0.0	1.0	1.0	0.0	1.0	0.0	0.0	0.0	1.0	1.0	0.0	0.0	0.0	1.0	0.0	0.0	0.0	0.0	0.0	0.0	0.0	1.0	0.0	1.0	1.0	0.0	0.0	0.0	0.0	1.0	2.0	1.0	1.0	4.0	0.0	0.0	1.0	0.0	0.0	0.0	0.0	3.0	1.0	0.0	3.0	0.0	-0.3000000000000001	0.1428571428571428	7.7	125.28142857142858	-1.7333333333333334	-0.1666666666666666	9.066666666666666	123.455	-0.6058823529411765	-0.1176470588235294	8.382352941176471	108.46411764705884	7	6	17	7	6	17	sars_cov2
8xsi	H	QEGTYCSGGSCYSGLDY	WYDGSN	GFTFSRY	0.0	1.0	0.0	0.0	0.0	0.0	0.0	1.0	0.0	0.0	0.0	0.0	0.0	2.0	0.0	1.0	1.0	0.0	1.0	0.0	0.0	0.0	1.0	1.0	0.0	0.0	0.0	1.0	0.0	0.0	0.0	0.0	0.0	0.0	0.0	1.0	0.0	1.0	1.0	0.0	0.0	0.0	0.0	1.0	2.0	1.0	1.0	4.0	0.0	0.0	1.0	0.0	0.0	0.0	0.0	3.0	1.0	0.0	3.0	0.0	-0.3000000000000001	0.1428571428571428	7.7	125.28142857142858	-1.7333333333333334	-0.1666666666666666	9.066666666666666	123.455	-0.6058823529411765	-0.1176470588235294	8.382352941176471	108.46411764705884	7	6	17	7	6	17	sars_cov2
8xsj	H	GGGYSYVVDMGPY	SHDASN	GFTFSNY	0.0	0.0	1.0	0.0	0.0	0.0	0.0	1.0	0.0	0.0	0.0	0.0	0.0	2.0	0.0	1.0	1.0	0.0	1.0	0.0	1.0	0.0	1.0	1.0	0.0	0.0	0.0	0.0	1.0	0.0	0.0	0.0	0.0	0.0	0.0	2.0	0.0	0.0	0.0	0.0	0.0	0.0	0.0	1.0	0.0	0.0	0.0	4.0	0.0	0.0	0.0	0.0	1.0	0.0	1.0	1.0	0.0	0.0	3.0	2.0	-0.1571428571428572	0.0	7.857142857142857	119.27	-1.6666666666666667	0.0	10.25	101.93	-0.0846153846153846	-0.0769230769230769	7.869230769230769	109.1146153846154	7	6	13	7	6	13	sars_cov2
8xsl	H	DHLITMVQPEYFHH	SGSGGS	GFTFSSY	0.0	0.0	0.0	0.0	0.0	0.0	0.0	1.0	0.0	0.0	0.0	0.0	0.0	2.0	0.0	2.0	1.0	0.0	1.0	0.0	0.0	0.0	0.0	0.0	0.0	0.0	0.0	3.0	0.0	0.0	0.0	0.0	0.0	0.0	0.0	3.0	0.0	0.0	0.0	0.0	0.0	0.0	0.0	1.0	0.0	1.0	1.0	0.0	3.0	1.0	1.0	0.0	1.0	1.0	1.0	0.0	1.0	0.0	1.0	1.0	0.2285714285714285	0.0	7.514285714285714	115.40857142857143	-0.6	0.0	9.1	81.065	-0.4642857142857143	0.0714285714285714	8.335714285714285	124.92857142857144	7	6	14	7	6	14	sars_cov2
8y6a	C	DYTRGAWFGESLIGGFDN	STYNGN	GYPFTSY	0.0	0.0	0.0	0.0	0.0	0.0	0.0	1.0	0.0	0.0	0.0	0.0	0.0	1.0	1.0	1.0	1.0	0.0	2.0	0.0	0.0	0.0	2.0	0.0	0.0	0.0	0.0	1.0	0.0	0.0	0.0	0.0	0.0	0.0	0.0	1.0	1.0	0.0	1.0	0.0	1.0	1.0	1.0	2.0	0.0	0.0	1.0	4.0	0.0	1.0	1.0	0.0	0.0	2.0	0.0	1.0	1.0	1.0	1.0	0.0	-0.4714285714285715	0.0	7.485714285714286	119.12857142857142	-1.7	0.0	9.366666666666664	109.10666666666668	-0.45	-0.1111111111111111	8.577777777777778	114.39722222222224	7	6	18	7	6	18	sars_cov2
8c0y	B	DYGDFYFDY	YPGGS	EFIVSAN	1.0	0.0	1.0	0.0	0.0	0.0	1.0	0.0	0.0	1.0	0.0	0.0	0.0	1.0	0.0	1.0	0.0	0.0	0.0	1.0	0.0	0.0	0.0	0.0	0.0	0.0	0.0	2.0	0.0	0.0	0.0	0.0	0.0	0.0	1.0	1.0	0.0	0.0	1.0	0.0	0.0	0.0	0.0	3.0	0.0	0.0	0.0	1.0	0.0	0.0	0.0	0.0	0.0	2.0	0.0	0.0	0.0	0.0	3.0	0.0	0.7857142857142857	-0.1428571428571428	8.214285714285714	108.69428571428573	-0.9	0.0	8.28	99.496	-1.0222222222222224	-0.3333333333333333	8.555555555555555	133.8022222222222	7	5	9	7	5	9	sars_cov2
8qh0	H	DLVVYGMDV	YPGGS	GITVTSN	0.0	0.0	1.0	0.0	0.0	0.0	0.0	1.0	0.0	1.0	0.0	0.0	0.0	0.0	0.0	1.0	2.0	0.0	0.0	1.0	0.0	0.0	0.0	0.0	0.0	0.0	0.0	2.0	0.0	0.0	0.0	0.0	0.0	0.0	1.0	1.0	0.0	0.0	1.0	0.0	0.0	0.0	0.0	2.0	0.0	0.0	0.0	1.0	0.0	0.0	1.0	0.0	1.0	0.0	0.0	0.0	0.0	0.0	1.0	3.0	0.3714285714285714	0.0	8.3	98.67857142857144	-0.9	0.0	8.28	99.496	1.0666666666666669	-0.2222222222222222	7.722222222222222	112.24	7	5	9	7	5	9	sars_cov2
8qh1	H	DLVVYGMDV	YPGGS	GITVTSN	0.0	0.0	1.0	0.0	0.0	0.0	0.0	1.0	0.0	1.0	0.0	0.0	0.0	0.0	0.0	1.0	2.0	0.0	0.0	1.0	0.0	0.0	0.0	0.0	0.0	0.0	0.0	2.0	0.0	0.0	0.0	0.0	0.0	0.0	1.0	1.0	0.0	0.0	1.0	0.0	0.0	0.0	0.0	2.0	0.0	0.0	0.0	1.0	0.0	0.0	1.0	0.0	1.0	0.0	0.0	0.0	0.0	0.0	1.0	3.0	0.3714285714285714	0.0	8.3	98.67857142857144	-0.9	0.0	8.28	99.496	1.0666666666666669	-0.2222222222222222	7.722222222222222	112.24	7	5	9	7	5	9	sars_cov2
8hlc	H	GGWELRSLAGGYYGMDV	SSSGST	GFTFSDY	0.0	0.0	0.0	1.0	0.0	0.0	0.0	1.0	0.0	0.0	0.0	0.0	0.0	2.0	0.0	1.0	1.0	0.0	1.0	0.0	0.0	0.0	0.0	0.0	0.0	0.0	0.0	1.0	0.0	0.0	0.0	0.0	0.0	0.0	0.0	4.0	1.0	0.0	0.0	0.0	1.0	1.0	0.0	1.0	0.0	0.0	1.0	5.0	0.0	0.0	2.0	0.0	1.0	0.0	0.0	1.0	0.0	1.0	2.0	1.0	-0.1571428571428572	-0.1428571428571428	8.057142857142857	119.41	-0.7166666666666667	0.0	9.066666666666666	87.41333333333334	-0.1352941176470588	-0.0588235294117647	8.076470588235296	111.9435294117647	7	6	17	7	6	17	sars_cov2
8hld	H	SPPDFLGWFDP	SAYKGN	GYTFSRY	0.0	1.0	0.0	0.0	0.0	0.0	0.0	1.0	0.0	0.0	0.0	0.0	0.0	1.0	0.0	1.0	1.0	0.0	2.0	0.0	1.0	0.0	1.0	0.0	0.0	0.0	0.0	1.0	0.0	0.0	0.0	1.0	0.0	0.0	0.0	1.0	0.0	0.0	1.0	0.0	0.0	0.0	0.0	2.0	0.0	0.0	0.0	1.0	0.0	0.0	1.0	0.0	0.0	2.0	3.0	1.0	0.0	1.0	0.0	0.0	-0.8857142857142858	0.1428571428571428	7.8428571428571425	127.56714285714284	-1.35	0.1666666666666666	9.233333333333333	106.44666666666669	-0.4090909090909091	-0.1818181818181818	8.081818181818182	116.12818181818184	7	6	11	7	6	11	sars_cov2
8p5m	G	DLGTYDDS	SYDGIT	GFTFSNY	0.0	0.0	1.0	0.0	0.0	0.0	0.0	1.0	0.0	0.0	0.0	0.0	0.0	2.0	0.0	1.0	1.0	0.0	1.0	0.0	0.0	0.0	0.0	1.0	0.0	0.0	0.0	1.0	0.0	1.0	0.0	0.0	0.0	0.0	0.0	1.0	1.0	0.0	1.0	0.0	0.0	0.0	0.0	3.0	0.0	0.0	0.0	1.0	0.0	0.0	1.0	0.0	0.0	0.0	0.0	1.0	1.0	0.0	1.0	0.0	-0.1571428571428572	0.0	7.857142857142857	119.27	-0.3666666666666667	-0.1666666666666666	8.533333333333333	109.11166666666666	-1.2375	-0.375	9.6125	110.60625	7	6	8	7	6	8	sars_cov2
8v4f	B	DYGDFYFDY	YPGGS	EFIVSAN	1.0	0.0	1.0	0.0	0.0	0.0	1.0	0.0	0.0	1.0	0.0	0.0	0.0	1.0	0.0	1.0	0.0	0.0	0.0	1.0	0.0	0.0	0.0	0.0	0.0	0.0	0.0	2.0	0.0	0.0	0.0	0.0	0.0	0.0	1.0	1.0	0.0	0.0	1.0	0.0	0.0	0.0	0.0	3.0	0.0	0.0	0.0	1.0	0.0	0.0	0.0	0.0	0.0	2.0	0.0	0.0	0.0	0.0	3.0	0.0	0.7857142857142857	-0.1428571428571428	8.214285714285714	108.69428571428573	-0.9	0.0	8.28	99.496	-1.0222222222222224	-0.3333333333333333	8.555555555555555	133.8022222222222	7	5	9	7	5	9	sars_cov2
8x0y	E	MRGIFDY	FHSGT	GASISSGD	1.0	0.0	0.0	1.0	0.0	0.0	0.0	2.0	0.0	1.0	0.0	0.0	0.0	0.0	0.0	3.0	0.0	0.0	0.0	0.0	0.0	0.0	0.0	0.0	0.0	0.0	0.0	1.0	1.0	0.0	0.0	0.0	0.0	1.0	0.0	1.0	1.0	0.0	0.0	0.0	0.0	1.0	0.0	1.0	0.0	0.0	0.0	1.0	0.0	1.0	0.0	0.0	1.0	1.0	0.0	0.0	0.0	0.0	1.0	0.0	-0.05	-0.125	8.987499999999999	88.83375	-0.4600000000000001	0.2	8.48	109.512	-0.0714285714285714	0.0	7.828571428571428	128.72142857142856	8	5	7	8	5	7	sars_cov2
8c2r	F	DYGDFYFDY	YPGGS	EFIVSAN	1.0	0.0	1.0	0.0	0.0	0.0	1.0	0.0	0.0	1.0	0.0	0.0	0.0	1.0	0.0	1.0	0.0	0.0	0.0	1.0	0.0	0.0	0.0	0.0	0.0	0.0	0.0	2.0	0.0	0.0	0.0	0.0	0.0	0.0	1.0	1.0	0.0	0.0	1.0	0.0	0.0	0.0	0.0	3.0	0.0	0.0	0.0	1.0	0.0	0.0	0.0	0.0	0.0	2.0	0.0	0.0	0.0	0.0	3.0	0.0	0.7857142857142857	-0.1428571428571428	8.214285714285714	108.69428571428573	-0.9	0.0	8.28	99.496	-1.0222222222222224	-0.3333333333333333	8.555555555555555	133.8022222222222	7	5	9	7	5	9	sars_cov2
8xi6	D	PPLGSNLFAVGYHFDY	SGSADS	GFSFSGY	0.0	0.0	0.0	0.0	0.0	0.0	0.0	2.0	0.0	0.0	0.0	0.0	0.0	2.0	0.0	2.0	0.0	0.0	1.0	0.0	1.0	0.0	0.0	1.0	0.0	0.0	0.0	1.0	0.0	0.0	0.0	0.0	0.0	0.0	0.0	3.0	0.0	0.0	0.0	0.0	1.0	0.0	1.0	1.0	0.0	0.0	0.0	2.0	1.0	0.0	2.0	0.0	0.0	2.0	2.0	1.0	0.0	0.0	2.0	1.0	0.2714285714285713	0.0	7.571428571428571	111.68571428571428	-0.75	-0.1666666666666666	9.616666666666664	87.07666666666667	0.0999999999999999	0.0	7.8	113.438125	7	6	16	7	6	16	sars_cov2
8khc	F	GVDIVVMMYADDAFDI	SSEIGGGT	GFSFSDA	1.0	0.0	0.0	1.0	0.0	0.0	0.0	1.0	0.0	0.0	0.0	0.0	0.0	2.0	0.0	2.0	0.0	0.0	0.0	0.0	0.0	0.0	0.0	0.0	0.0	0.0	1.0	3.0	0.0	1.0	0.0	0.0	0.0	0.0	0.0	2.0	1.0	0.0	0.0	0.0	2.0	0.0	0.0	4.0	0.0	0.0	0.0	1.0	0.0	2.0	0.0	0.0	2.0	1.0	0.0	0.0	0.0	0.0	1.0	3.0	0.2714285714285713	-0.1428571428571428	8.414285714285715	104.24857142857142	-0.3125	-0.125	8.9375	92.8375	1.00625	-0.25	8.00625	110.8775	7	8	16	7	8	16	sars_cov2
8vye	B	LKDSRYSGSYYDY	RYDGGN	GFTFNSY	0.0	0.0	1.0	0.0	0.0	0.0	0.0	1.0	0.0	0.0	0.0	0.0	0.0	2.0	0.0	1.0	1.0	0.0	1.0	0.0	0.0	1.0	1.0	1.0	0.0	0.0	0.0	2.0	0.0	0.0	0.0	0.0	0.0	0.0	0.0	0.0	0.0	0.0	1.0	0.0	0.0	1.0	0.0	2.0	0.0	0.0	0.0	1.0	0.0	0.0	1.0	1.0	0.0	0.0	0.0	3.0	0.0	0.0	4.0	0.0	-0.1571428571428572	0.0	7.857142857142857	119.27	-2.2666666666666666	0.0	9.883333333333333	116.445	-1.507692307692308	0.0	8.776923076923076	124.36307692307692	7	6	13	7	6	13	sars_cov2
8vyf	B	LKDSRYSGSYYDY	RYDGGN	GFTFNSY	0.0	0.0	1.0	0.0	0.0	0.0	0.0	1.0	0.0	0.0	0.0	0.0	0.0	2.0	0.0	1.0	1.0	0.0	1.0	0.0	0.0	1.0	1.0	1.0	0.0	0.0	0.0	2.0	0.0	0.0	0.0	0.0	0.0	0.0	0.0	0.0	0.0	0.0	1.0	0.0	0.0	1.0	0.0	2.0	0.0	0.0	0.0	1.0	0.0	0.0	1.0	1.0	0.0	0.0	0.0	3.0	0.0	0.0	4.0	0.0	-0.1571428571428572	0.0	7.857142857142857	119.27	-2.2666666666666666	0.0	9.883333333333333	116.445	-1.507692307692308	0.0	8.776923076923076	124.36307692307692	7	6	13	7	6	13	sars_cov2
8vyg	A	DYTRGAWFGESLIGGFDN	STYNGN	GYPFTSY	0.0	0.0	0.0	0.0	0.0	0.0	0.0	1.0	0.0	0.0	0.0	0.0	0.0	1.0	1.0	1.0	1.0	0.0	2.0	0.0	0.0	0.0	2.0	0.0	0.0	0.0	0.0	1.0	0.0	0.0	0.0	0.0	0.0	0.0	0.0	1.0	1.0	0.0	1.0	0.0	1.0	1.0	1.0	2.0	0.0	0.0	1.0	4.0	0.0	1.0	1.0	0.0	0.0	2.0	0.0	1.0	1.0	1.0	1.0	0.0	-0.4714285714285715	0.0	7.485714285714286	119.12857142857142	-1.7	0.0	9.366666666666664	109.10666666666668	-0.45	-0.1111111111111111	8.577777777777778	114.39722222222224	7	6	18	7	6	18	sars_cov2
8r1c	H	LDNCSAGYCHAFDI	HSSGS	GDSISSGTY	0.0	0.0	0.0	1.0	0.0	0.0	0.0	2.0	0.0	1.0	0.0	0.0	0.0	0.0	0.0	3.0	1.0	0.0	1.0	0.0	0.0	0.0	0.0	0.0	0.0	0.0	0.0	1.0	1.0	0.0	0.0	0.0	0.0	0.0	0.0	3.0	0.0	0.0	0.0	0.0	2.0	0.0	1.0	2.0	2.0	0.0	0.0	1.0	1.0	1.0	1.0	0.0	0.0	1.0	0.0	1.0	0.0	0.0	1.0	0.0	-0.4666666666666667	-0.1111111111111111	8.733333333333333	100.43111111111112	-1.2	0.2	9.4	94.686	0.2499999999999999	-0.0714285714285714	8.207142857142857	109.19285714285716	9	5	14	9	5	14	sars_cov2
8sdf	H	DNERYQMQNYYHYYGMDV	NPDSGG	GYTFTDY	0.0	0.0	0.0	1.0	0.0	0.0	0.0	1.0	0.0	0.0	0.0	0.0	0.0	1.0	0.0	0.0	2.0	0.0	2.0	0.0	0.0	0.0	1.0	1.0	0.0	0.0	0.0	2.0	0.0	0.0	0.0	0.0	0.0	0.0	1.0	1.0	0.0	0.0	0.0	0.0	0.0	1.0	2.0	2.0	0.0	2.0	1.0	1.0	1.0	0.0	0.0	0.0	2.0	0.0	0.0	0.0	0.0	0.0	5.0	1.0	-0.7285714285714286	-0.1428571428571428	8.114285714285714	123.7	-1.7	-0.1666666666666666	9.966666666666669	93.91666666666669	-1.727777777777778	-0.0555555555555555	8.927777777777777	132.755	7	6	18	7	6	18	sars_cov2
8sdg	G	VPVLEYYQYGMDV	SSNVNNDA	GFTLSDS	0.0	0.0	0.0	1.0	0.0	0.0	0.0	1.0	0.0	0.0	1.0	0.0	0.0	1.0	0.0	2.0	1.0	0.0	0.0	0.0	1.0	0.0	3.0	1.0	0.0	0.0	0.0	0.0	0.0	0.0	0.0	0.0	0.0	0.0	0.0	2.0	0.0	0.0	0.0	1.0	0.0	0.0	0.0	1.0	0.0	1.0	1.0	1.0	0.0	0.0	1.0	0.0	1.0	0.0	1.0	0.0	0.0	0.0	3.0	3.0	0.057142857142857	-0.1428571428571428	8.442857142857143	103.67857142857144	-1.2	-0.125	10.025	100.22375	0.1461538461538461	-0.1538461538461538	7.6692307692307695	121.2153846153846	7	8	13	7	8	13	sars_cov2
8siq	H	GVVGYYDMLTGPPDNWLDA	SSSGS	GFTFSSR	0.0	1.0	0.0	0.0	0.0	0.0	0.0	1.0	0.0	0.0	0.0	0.0	0.0	2.0	0.0	2.0	1.0	0.0	0.0	0.0	0.0	0.0	0.0	0.0	0.0	0.0	0.0	1.0	0.0	0.0	0.0	0.0	0.0	0.0	0.0	4.0	0.0	0.0	0.0	0.0	1.0	0.0	1.0	3.0	0.0	0.0	0.0	3.0	0.0	0.0	2.0	0.0	1.0	0.0	2.0	0.0	1.0	1.0	2.0	2.0	-0.2285714285714286	0.1428571428571428	8.128571428571428	114.41	-0.72	0.0	9.16	84.674	-0.1526315789473684	-0.1578947368421052	8.178947368421053	111.54315789473684	7	5	19	7	5	19	sars_cov2
8sis	H	DLYYYDSSGYQHINYQLDY	NAGNGN	GYTFTRY	0.0	1.0	0.0	0.0	0.0	0.0	0.0	1.0	0.0	0.0	0.0	0.0	0.0	1.0	0.0	0.0	2.0	0.0	2.0	0.0	1.0	0.0	3.0	0.0	0.0	0.0	0.0	2.0	0.0	0.0	0.0	0.0	0.0	0.0	0.0	0.0	0.0	0.0	0.0	0.0	0.0	0.0	1.0	3.0	0.0	2.0	0.0	1.0	1.0	1.0	2.0	0.0	0.0	0.0	0.0	2.0	0.0	0.0	6.0	0.0	-0.8714285714285716	0.1428571428571428	7.757142857142857	129.57142857142858	-1.5833333333333333	0.0	10.15	93.91833333333334	-1.1526315789473685	-0.1052631578947368	8.505263157894737	127.39736842105263	7	6	19	7	6	19	sars_cov2
8sit	H	AGRDYYDRSGYQRFPGFDY	RSSGNY	GFTFSPY	0.0	0.0	0.0	0.0	0.0	0.0	0.0	1.0	0.0	0.0	0.0	0.0	0.0	2.0	1.0	1.0	1.0	0.0	1.0	0.0	0.0	1.0	1.0	0.0	0.0	0.0	0.0	1.0	0.0	0.0	0.0	0.0	0.0	0.0	0.0	2.0	0.0	0.0	1.0	0.0	1.0	3.0	0.0	3.0	0.0	1.0	0.0	3.0	0.0	0.0	0.0	0.0	0.0	2.0	1.0	1.0	0.0	0.0	4.0	0.0	0.1142857142857142	0.0	7.3428571428571425	116.84285714285714	-1.8833333333333335	0.1666666666666666	9.283333333333331	113.78166666666668	-1.5210526315789474	0.0	8.868421052631579	124.70947368421052	7	6	19	7	6	19	sars_cov2
8cin	E	DSVWYTGSYGLIY	YYGGS	GGSIDNF	0.0	0.0	1.0	1.0	0.0	0.0	0.0	2.0	0.0	1.0	0.0	0.0	0.0	1.0	0.0	1.0	0.0	0.0	0.0	0.0	0.0	0.0	0.0	0.0	0.0	0.0	0.0	2.0	0.0	0.0	0.0	0.0	0.0	0.0	0.0	1.0	0.0	0.0	2.0	0.0	0.0	0.0	0.0	1.0	0.0	0.0	0.0	2.0	0.0	1.0	1.0	0.0	0.0	0.0	0.0	2.0	1.0	1.0	3.0	1.0	-0.1857142857142857	-0.1428571428571428	8.885714285714286	103.81714285714284	-0.8400000000000001	0.0	7.92	112.708	0.0846153846153845	-0.0769230769230769	7.538461538461538	118.59	7	5	13	7	5	13	sars_cov2
8cbe	H	DLLPLLALYYGMDV	SYDGSN	GFTLRSF	0.0	1.0	0.0	0.0	0.0	0.0	0.0	1.0	0.0	0.0	1.0	0.0	0.0	2.0	0.0	1.0	1.0	0.0	0.0	0.0	0.0	0.0	1.0	1.0	0.0	0.0	0.0	1.0	0.0	0.0	0.0	0.0	0.0	0.0	0.0	2.0	0.0	0.0	1.0	0.0	1.0	0.0	0.0	2.0	0.0	0.0	0.0	1.0	0.0	0.0	5.0	0.0	1.0	0.0	1.0	0.0	0.0	0.0	2.0	1.0	0.4285714285714285	0.1428571428571428	7.514285714285714	118.13571428571429	-1.7166666666666668	-0.1666666666666666	9.7	106.93166666666669	1.0928571428571427	-0.1428571428571428	7.114285714285715	113.99428571428572	7	6	14	7	6	14	sars_cov2
8cbf	A	VSQWALILF	IPLFGS	GGTFSSS	0.0	0.0	0.0	0.0	0.0	0.0	0.0	2.0	0.0	0.0	0.0	0.0	0.0	1.0	0.0	3.0	1.0	0.0	0.0	0.0	0.0	0.0	0.0	0.0	0.0	0.0	0.0	1.0	0.0	1.0	1.0	0.0	0.0	1.0	1.0	1.0	0.0	0.0	0.0	0.0	1.0	0.0	0.0	0.0	0.0	1.0	0.0	0.0	0.0	1.0	2.0	0.0	0.0	1.0	0.0	1.0	0.0	1.0	0.0	1.0	-0.1571428571428572	0.0	8.485714285714286	94.23285714285714	1.383333333333333	0.0	6.916666666666667	105.45833333333331	1.7444444444444445	0.0	6.588888888888889	117.58888888888887	7	6	9	7	6	9	sars_cov2
8hp9	H	FFSHYDSSNYYYGSWFDP	YWDND	GFSLSTSGV	0.0	0.0	0.0	0.0	0.0	0.0	0.0	2.0	0.0	0.0	1.0	0.0	0.0	1.0	0.0	3.0	1.0	0.0	0.0	1.0	0.0	0.0	1.0	2.0	0.0	0.0	0.0	0.0	0.0	0.0	0.0	0.0	0.0	0.0	0.0	0.0	0.0	1.0	1.0	0.0	0.0	0.0	1.0	2.0	0.0	0.0	0.0	1.0	1.0	0.0	0.0	0.0	0.0	3.0	1.0	4.0	0.0	1.0	4.0	0.0	0.7666666666666666	0.0	7.800000000000001	96.88	-2.54	-0.4	9.84	138.738	-0.9222222222222224	-0.0555555555555555	8.2	126.8	9	5	18	9	5	18	sars_cov2
8hpq	H	FFSHYDSSNYYYGSWFDP	YWDND	GFSLSTSGV	0.0	0.0	0.0	0.0	0.0	0.0	0.0	2.0	0.0	0.0	1.0	0.0	0.0	1.0	0.0	3.0	1.0	0.0	0.0	1.0	0.0	0.0	1.0	2.0	0.0	0.0	0.0	0.0	0.0	0.0	0.0	0.0	0.0	0.0	0.0	0.0	0.0	1.0	1.0	0.0	0.0	0.0	1.0	2.0	0.0	0.0	0.0	1.0	1.0	0.0	0.0	0.0	0.0	3.0	1.0	4.0	0.0	1.0	4.0	0.0	0.7666666666666666	0.0	7.800000000000001	96.88	-2.54	-0.4	9.84	138.738	-0.9222222222222224	-0.0555555555555555	8.2	126.8	9	5	18	9	5	18	sars_cov2
8hpv	M	ESGGFPLAEGAFDI	YPGGS	EITVSSN	0.0	0.0	1.0	0.0	0.0	0.0	1.0	0.0	0.0	1.0	0.0	0.0	0.0	0.0	0.0	2.0	1.0	0.0	0.0	1.0	0.0	0.0	0.0	0.0	0.0	0.0	0.0	2.0	0.0	0.0	0.0	0.0	0.0	0.0	1.0	1.0	0.0	0.0	1.0	0.0	2.0	0.0	0.0	1.0	0.0	0.0	2.0	3.0	0.0	1.0	1.0	0.0	0.0	2.0	1.0	1.0	0.0	0.0	0.0	0.0	-0.0857142857142857	-0.1428571428571428	8.857142857142858	104.39857142857144	-0.9	0.0	8.28	99.496	0.2428571428571428	-0.2142857142857142	8.464285714285714	103.25142857142858	7	5	14	7	5	14	sars_cov2
8tma	H	GTIYFDRSGYRRVDPFHI	YFSGN	GGSFATENY	1.0	0.0	1.0	0.0	0.0	0.0	1.0	2.0	0.0	0.0	0.0	0.0	0.0	1.0	0.0	1.0	1.0	0.0	1.0	0.0	0.0	0.0	1.0	0.0	0.0	0.0	0.0	1.0	0.0	0.0	0.0	0.0	0.0	1.0	0.0	1.0	0.0	0.0	1.0	0.0	0.0	3.0	0.0	2.0	0.0	0.0	0.0	2.0	1.0	2.0	0.0	0.0	0.0	2.0	1.0	1.0	1.0	0.0	2.0	1.0	-0.6666666666666666	-0.1111111111111111	8.8	106.99555555555555	-0.64	0.0	8.24	117.32	-0.6333333333333333	0.1111111111111111	8.377777777777778	123.19277777777776	9	5	18	9	5	18	sars_cov2
7y3o	H	AQTPTLWWLQDAFDI	SGDGSY	GFTFDDY	0.0	0.0	0.0	2.0	0.0	0.0	0.0	1.0	0.0	0.0	0.0	0.0	0.0	2.0	0.0	0.0	1.0	0.0	1.0	0.0	0.0	0.0	0.0	1.0	0.0	0.0	0.0	2.0	0.0	0.0	0.0	0.0	0.0	0.0	0.0	2.0	0.0	0.0	1.0	0.0	2.0	0.0	0.0	2.0	0.0	2.0	0.0	0.0	0.0	1.0	2.0	0.0	0.0	1.0	1.0	0.0	2.0	2.0	0.0	0.0	-0.5428571428571429	-0.2857142857142857	8.6	123.41142857142856	-1.2	-0.1666666666666666	9.266666666666667	100.42166666666668	-0.02	-0.1333333333333333	7.96	119.136	7	6	15	7	6	15	sars_cov2
8hpf	H	FFSHYDSSNYYYGSWFDP	YWDND	GFSLSTSGV	0.0	0.0	0.0	0.0	0.0	0.0	0.0	2.0	0.0	0.0	1.0	0.0	0.0	1.0	0.0	3.0	1.0	0.0	0.0	1.0	0.0	0.0	1.0	2.0	0.0	0.0	0.0	0.0	0.0	0.0	0.0	0.0	0.0	0.0	0.0	0.0	0.0	1.0	1.0	0.0	0.0	0.0	1.0	2.0	0.0	0.0	0.0	1.0	1.0	0.0	0.0	0.0	0.0	3.0	1.0	4.0	0.0	1.0	4.0	0.0	0.7666666666666666	0.0	7.800000000000001	96.88	-2.54	-0.4	9.84	138.738	-0.9222222222222224	-0.0555555555555555	8.2	126.8	9	5	18	9	5	18	sars_cov2
8hpu	H	FFSHYDSSNYYYGSWFDP	YWDND	GFSLSTSGV	0.0	0.0	0.0	0.0	0.0	0.0	0.0	2.0	0.0	0.0	1.0	0.0	0.0	1.0	0.0	3.0	1.0	0.0	0.0	1.0	0.0	0.0	1.0	2.0	0.0	0.0	0.0	0.0	0.0	0.0	0.0	0.0	0.0	0.0	0.0	0.0	0.0	1.0	1.0	0.0	0.0	0.0	1.0	2.0	0.0	0.0	0.0	1.0	1.0	0.0	0.0	0.0	0.0	3.0	1.0	4.0	0.0	1.0	4.0	0.0	0.7666666666666666	0.0	7.800000000000001	96.88	-2.54	-0.4	9.84	138.738	-0.9222222222222224	-0.0555555555555555	8.2	126.8	9	5	18	9	5	18	sars_cov2
8hq7	M	ESGGFPLAEGAFDI	YPGGS	EITVSSN	0.0	0.0	1.0	0.0	0.0	0.0	1.0	0.0	0.0	1.0	0.0	0.0	0.0	0.0	0.0	2.0	1.0	0.0	0.0	1.0	0.0	0.0	0.0	0.0	0.0	0.0	0.0	2.0	0.0	0.0	0.0	0.0	0.0	0.0	1.0	1.0	0.0	0.0	1.0	0.0	2.0	0.0	0.0	1.0	0.0	0.0	2.0	3.0	0.0	1.0	1.0	0.0	0.0	2.0	1.0	1.0	0.0	0.0	0.0	0.0	-0.0857142857142857	-0.1428571428571428	8.857142857142858	104.39857142857144	-0.9	0.0	8.28	99.496	0.2428571428571428	-0.2142857142857142	8.464285714285714	103.25142857142858	7	5	14	7	5	14	sars_cov2
8hrd	O	FGAGMTGMPRYFDTTRWFDP	YPDDSD	GYNFSRY	0.0	1.0	1.0	0.0	0.0	0.0	0.0	1.0	0.0	0.0	0.0	0.0	0.0	1.0	0.0	1.0	0.0	0.0	2.0	0.0	0.0	0.0	0.0	3.0	0.0	0.0	0.0	0.0	0.0	0.0	0.0	0.0	0.0	0.0	1.0	1.0	0.0	0.0	1.0	0.0	1.0	2.0	0.0	2.0	0.0	0.0	0.0	3.0	0.0	0.0	0.0	0.0	2.0	3.0	2.0	0.0	3.0	1.0	1.0	0.0	-1.2857142857142858	0.1428571428571428	8.27142857142857	129.42428571428573	-2.3666666666666667	-0.5	10.4	115.44166666666666	-0.535	0.0	8.125	119.485	7	6	20	7	6	20	sars_cov2
8f2j	A	DLSSSSGWDDYYYYYGMDV	WYDGSN	GFIFSSY	0.0	0.0	0.0	0.0	0.0	0.0	0.0	1.0	0.0	1.0	0.0	0.0	0.0	2.0	0.0	2.0	0.0	0.0	1.0	0.0	0.0	0.0	1.0	1.0	0.0	0.0	0.0	1.0	0.0	0.0	0.0	0.0	0.0	0.0	0.0	1.0	0.0	1.0	1.0	0.0	0.0	0.0	0.0	4.0	0.0	0.0	0.0	2.0	0.0	0.0	1.0	0.0	1.0	0.0	0.0	4.0	0.0	1.0	5.0	1.0	0.9714285714285714	0.0	7.028571428571429	117.13	-1.7333333333333334	-0.1666666666666666	9.066666666666666	123.455	-0.8157894736842105	-0.2105263157894736	8.405263157894737	121.2836842105263	7	6	19	7	6	19	sars_cov2
8hws	H	DLGPYGMDV	YSGGS	GIIVSSN	0.0	0.0	1.0	0.0	0.0	0.0	0.0	1.0	0.0	2.0	0.0	0.0	0.0	0.0	0.0	2.0	0.0	0.0	0.0	1.0	0.0	0.0	0.0	0.0	0.0	0.0	0.0	2.0	0.0	0.0	0.0	0.0	0.0	0.0	0.0	2.0	0.0	0.0	1.0	0.0	0.0	0.0	0.0	2.0	0.0	0.0	0.0	2.0	0.0	0.0	1.0	0.0	1.0	0.0	1.0	0.0	0.0	0.0	1.0	1.0	1.1	0.0	7.9	98.39571428571428	-0.74	0.0	8.52	97.488	-0.0888888888888889	-0.2222222222222222	8.3	109.3411111111111	7	5	9	7	5	9	sars_cov2
8hwt	H	DLGPYGMDV	YSGGS	GIIVSSN	0.0	0.0	1.0	0.0	0.0	0.0	0.0	1.0	0.0	2.0	0.0	0.0	0.0	0.0	0.0	2.0	0.0	0.0	0.0	1.0	0.0	0.0	0.0	0.0	0.0	0.0	0.0	2.0	0.0	0.0	0.0	0.0	0.0	0.0	0.0	2.0	0.0	0.0	1.0	0.0	0.0	0.0	0.0	2.0	0.0	0.0	0.0	2.0	0.0	0.0	1.0	0.0	1.0	0.0	1.0	0.0	0.0	0.0	1.0	1.0	1.1	0.0	7.9	98.39571428571428	-0.74	0.0	8.52	97.488	-0.0888888888888889	-0.2222222222222222	8.3	109.3411111111111	7	5	9	7	5	9	sars_cov2
8j1v	H	DHSGHALDI	YPGGS	GLTVSSN	0.0	0.0	1.0	0.0	0.0	0.0	0.0	1.0	0.0	0.0	1.0	0.0	0.0	0.0	0.0	2.0	1.0	0.0	0.0	1.0	0.0	0.0	0.0	0.0	0.0	0.0	0.0	2.0	0.0	0.0	0.0	0.0	0.0	0.0	1.0	1.0	0.0	0.0	1.0	0.0	1.0	0.0	0.0	2.0	0.0	0.0	0.0	1.0	2.0	1.0	1.0	0.0	0.0	0.0	0.0	1.0	0.0	0.0	0.0	0.0	0.2571428571428571	0.0	8.342857142857143	96.67428571428572	-0.9	0.0	8.28	99.496	-0.5000000000000001	0.0	9.244444444444444	107.11	7	5	9	7	5	9	sars_cov2
8hes	H	DGGYNILTAYYHAPSY	KHDESE	GFTFYSY	0.0	0.0	0.0	0.0	0.0	0.0	0.0	1.0	0.0	0.0	0.0	0.0	0.0	2.0	0.0	1.0	1.0	0.0	2.0	0.0	0.0	0.0	0.0	1.0	0.0	0.0	2.0	0.0	1.0	0.0	0.0	1.0	0.0	0.0	0.0	1.0	0.0	0.0	0.0	0.0	2.0	0.0	1.0	1.0	0.0	0.0	0.0	2.0	1.0	1.0	1.0	0.0	0.0	0.0	1.0	1.0	1.0	0.0	4.0	0.0	0.157142857142857	0.0	7.085714285714286	126.28	-3.0666666666666664	-0.1666666666666666	11.416666666666666	120.955	-0.4625	0.0	8.11875	113.934375	7	6	16	7	6	16	sars_cov2
8hgl	H	PNCTGGSCYDGFNL	AVGSGK	GFTFYYS	0.0	0.0	0.0	0.0	0.0	0.0	0.0	1.0	0.0	0.0	0.0	0.0	0.0	2.0	0.0	1.0	1.0	0.0	2.0	0.0	1.0	0.0	0.0	0.0	0.0	0.0	0.0	2.0	0.0	0.0	0.0	1.0	0.0	0.0	0.0	1.0	0.0	0.0	0.0	1.0	0.0	0.0	2.0	1.0	2.0	0.0	0.0	3.0	0.0	0.0	1.0	0.0	0.0	1.0	1.0	1.0	1.0	0.0	1.0	0.0	0.157142857142857	0.0	7.085714285714286	126.28	0.0833333333333333	0.1666666666666666	8.75	89.26166666666666	-0.3214285714285715	-0.0714285714285714	8.307142857142857	105.97071428571428	7	6	14	7	6	14	sars_cov2
8eqf	H	KDYSKTYYGYYFDY	WYDGNN	GFTFSSY	0.0	0.0	0.0	0.0	0.0	0.0	0.0	1.0	0.0	0.0	0.0	0.0	0.0	2.0	0.0	2.0	1.0	0.0	1.0	0.0	0.0	0.0	2.0	1.0	0.0	0.0	0.0	1.0	0.0	0.0	0.0	0.0	0.0	0.0	0.0	0.0	0.0	1.0	1.0	0.0	0.0	0.0	0.0	2.0	0.0	0.0	0.0	1.0	0.0	0.0	0.0	2.0	0.0	1.0	0.0	1.0	1.0	0.0	6.0	0.0	0.2285714285714285	0.0	7.514285714285714	115.40857142857143	-2.183333333333333	-0.1666666666666666	9.466666666666669	127.96	-1.55	0.0	8.414285714285715	134.00285714285715	7	6	14	7	6	14	sars_cov2
7ukl	X	DLSFYYDISTGYYPQSYNSGTDV	SFDGSN	GFTFSNY	0.0	0.0	1.0	0.0	0.0	0.0	0.0	1.0	0.0	0.0	0.0	0.0	0.0	2.0	0.0	1.0	1.0	0.0	1.0	0.0	0.0	0.0	1.0	1.0	0.0	0.0	0.0	1.0	0.0	0.0	0.0	0.0	0.0	1.0	0.0	2.0	0.0	0.0	0.0	0.0	0.0	0.0	1.0	3.0	0.0	1.0	0.0	2.0	0.0	1.0	1.0	0.0	0.0	1.0	1.0	4.0	2.0	0.0	5.0	1.0	-0.1571428571428572	0.0	7.857142857142857	119.27	-1.0333333333333334	-0.1666666666666666	9.533333333333331	104.265	-0.682608695652174	-0.1304347826086956	8.404347826086957	116.25217391304348	7	6	23	7	6	23	sars_cov2
7ukm	X	DRTPVYDILTGYYWPPPRVDGMDV	WYDGSN	GFTFNTY	0.0	0.0	1.0	0.0	0.0	0.0	0.0	1.0	0.0	0.0	0.0	0.0	0.0	2.0	0.0	0.0	2.0	0.0	1.0	0.0	0.0	0.0	1.0	1.0	0.0	0.0	0.0	1.0	0.0	0.0	0.0	0.0	0.0	0.0	0.0	1.0	0.0	1.0	1.0	0.0	0.0	2.0	0.0	4.0	0.0	0.0	0.0	2.0	0.0	1.0	1.0	0.0	1.0	0.0	4.0	0.0	2.0	1.0	3.0	3.0	-0.1428571428571429	0.0	7.771428571428571	121.27428571428572	-1.7333333333333334	-0.1666666666666666	9.066666666666666	123.455	-0.5666666666666667	-0.0833333333333333	8.237499999999999	118.50875	7	6	24	7	6	24	sars_cov2
8fxc	H	DYTRGAWFGESLIGGFDN	STYNGN	GYPFTSY	0.0	0.0	0.0	0.0	0.0	0.0	0.0	1.0	0.0	0.0	0.0	0.0	0.0	1.0	1.0	1.0	1.0	0.0	2.0	0.0	0.0	0.0	2.0	0.0	0.0	0.0	0.0	1.0	0.0	0.0	0.0	0.0	0.0	0.0	0.0	1.0	1.0	0.0	1.0	0.0	1.0	1.0	1.0	2.0	0.0	0.0	1.0	4.0	0.0	1.0	1.0	0.0	0.0	2.0	0.0	1.0	1.0	1.0	1.0	0.0	-0.4714285714285715	0.0	7.485714285714286	119.12857142857142	-1.7	0.0	9.366666666666664	109.10666666666668	-0.45	-0.1111111111111111	8.577777777777778	114.39722222222224	7	6	18	7	6	18	sars_cov2
8h7l	D	VSYPLTKYYYGMDV	SYDGSN	EFTFSSF	0.0	0.0	0.0	0.0	0.0	0.0	1.0	0.0	0.0	0.0	0.0	0.0	0.0	3.0	0.0	2.0	1.0	0.0	0.0	0.0	0.0	0.0	1.0	1.0	0.0	0.0	0.0	1.0	0.0	0.0	0.0	0.0	0.0	0.0	0.0	2.0	0.0	0.0	1.0	0.0	0.0	0.0	0.0	1.0	0.0	0.0	0.0	1.0	0.0	0.0	1.0	1.0	1.0	0.0	1.0	1.0	1.0	0.0	4.0	2.0	0.3714285714285714	-0.1428571428571428	7.8428571428571425	120.84714285714288	-1.7166666666666668	-0.1666666666666666	9.7	106.93166666666669	-0.1428571428571428	0.0	7.5928571428571425	121.355	7	6	14	7	6	14	sars_cov2
8h7z	F	VSYPLTKYYYGMDV	SYDGSN	EFTFSSF	0.0	0.0	0.0	0.0	0.0	0.0	1.0	0.0	0.0	0.0	0.0	0.0	0.0	3.0	0.0	2.0	1.0	0.0	0.0	0.0	0.0	0.0	1.0	1.0	0.0	0.0	0.0	1.0	0.0	0.0	0.0	0.0	0.0	0.0	0.0	2.0	0.0	0.0	1.0	0.0	0.0	0.0	0.0	1.0	0.0	0.0	0.0	1.0	0.0	0.0	1.0	1.0	1.0	0.0	1.0	1.0	1.0	0.0	4.0	2.0	0.3714285714285714	-0.1428571428571428	7.8428571428571425	120.84714285714288	-1.7166666666666668	-0.1666666666666666	9.7	106.93166666666669	-0.1428571428571428	0.0	7.5928571428571425	121.355	7	6	14	7	6	14	sars_cov2
8gf2	C	DFGDFYFDY	YSGGS	GFTVSSN	0.0	0.0	1.0	0.0	0.0	0.0	0.0	1.0	0.0	0.0	0.0	0.0	0.0	1.0	0.0	2.0	1.0	0.0	0.0	1.0	0.0	0.0	0.0	0.0	0.0	0.0	0.0	2.0	0.0	0.0	0.0	0.0	0.0	0.0	0.0	2.0	0.0	0.0	1.0	0.0	0.0	0.0	0.0	3.0	0.0	0.0	0.0	1.0	0.0	0.0	0.0	0.0	0.0	3.0	0.0	0.0	0.0	0.0	2.0	0.0	0.1142857142857142	0.0	8.385714285714284	101.53428571428572	-0.74	0.0	8.52	97.488	-0.5666666666666668	-0.3333333333333333	8.444444444444445	132.02444444444444	7	5	9	7	5	9	sars_cov2
8el2	H	GHTYNWNYAYCDY	NPISGG	GYTFTGY	0.0	0.0	0.0	0.0	0.0	0.0	0.0	2.0	0.0	0.0	0.0	0.0	0.0	1.0	0.0	0.0	2.0	0.0	2.0	0.0	0.0	0.0	1.0	0.0	0.0	0.0	0.0	2.0	0.0	1.0	0.0	0.0	0.0	0.0	1.0	1.0	0.0	0.0	0.0	0.0	1.0	0.0	2.0	1.0	1.0	0.0	0.0	1.0	1.0	0.0	0.0	0.0	0.0	0.0	0.0	0.0	1.0	1.0	4.0	0.0	-0.2857142857142857	0.0	7.542857142857143	117.98	-0.3666666666666667	0.0	8.666666666666666	93.59499999999998	-1.276923076923077	0.0	8.307692307692308	128.4446153846154	7	6	13	7	6	13	sars_cov2
7yd1	A	LTAADTIFDC	YWDDD	GFSLSTPGG	0.0	0.0	0.0	0.0	0.0	0.0	0.0	3.0	0.0	0.0	1.0	0.0	0.0	1.0	1.0	2.0	1.0	0.0	0.0	0.0	0.0	0.0	0.0	3.0	0.0	0.0	0.0	0.0	0.0	0.0	0.0	0.0	0.0	0.0	0.0	0.0	0.0	1.0	1.0	0.0	2.0	0.0	0.0	2.0	1.0	0.0	0.0	0.0	0.0	1.0	1.0	0.0	0.0	1.0	0.0	0.0	2.0	0.0	0.0	0.0	0.1666666666666666	0.0	8.011111111111111	95.32	-2.54	-0.6	10.12	138.93400000000003	0.8800000000000001	-0.2	8.02	105.121	9	5	10	9	5	10	sars_cov2
8gto	H	DQSGFDFFYYDH	IPIVGK	GDTFSSY	0.0	0.0	0.0	1.0	0.0	0.0	0.0	1.0	0.0	0.0	0.0	0.0	0.0	1.0	0.0	2.0	1.0	0.0	1.0	0.0	0.0	0.0	0.0	0.0	0.0	0.0	0.0	1.0	0.0	2.0	0.0	1.0	0.0	0.0	1.0	0.0	0.0	0.0	0.0	1.0	0.0	0.0	0.0	3.0	0.0	1.0	0.0	1.0	1.0	0.0	0.0	0.0	0.0	3.0	0.0	1.0	0.0	0.0	2.0	0.0	-0.6714285714285715	-0.1428571428571428	8.628571428571428	110.82428571428572	1.2166666666666666	0.1666666666666666	7.433333333333334	104.3	-1.05	-0.1666666666666666	8.841666666666667	128.38083333333333	7	6	12	7	6	12	sars_cov2
8gtp	H	AEGSSWLGWFDP	NPSGG	GYTFTSH	0.0	0.0	0.0	0.0	0.0	0.0	0.0	1.0	1.0	0.0	0.0	0.0	0.0	1.0	0.0	1.0	2.0	0.0	1.0	0.0	0.0	0.0	1.0	0.0	0.0	0.0	0.0	2.0	0.0	0.0	0.0	0.0	0.0	0.0	1.0	1.0	0.0	0.0	0.0	0.0	1.0	0.0	0.0	1.0	0.0	0.0	1.0	2.0	0.0	0.0	1.0	0.0	0.0	1.0	1.0	2.0	0.0	2.0	0.0	0.0	-0.6142857142857144	0.1428571428571428	8.171428571428573	115.97857142857144	-1.34	0.0	9.36	89.68199999999999	-0.3666666666666667	-0.1666666666666666	8.225	114.12083333333334	7	5	12	7	5	12	sars_cov2
8gtq	H	LKDSRYSGSYYDY	RYDGGN	GFTFNSY	0.0	0.0	1.0	0.0	0.0	0.0	0.0	1.0	0.0	0.0	0.0	0.0	0.0	2.0	0.0	1.0	1.0	0.0	1.0	0.0	0.0	1.0	1.0	1.0	0.0	0.0	0.0	2.0	0.0	0.0	0.0	0.0	0.0	0.0	0.0	0.0	0.0	0.0	1.0	0.0	0.0	1.0	0.0	2.0	0.0	0.0	0.0	1.0	0.0	0.0	1.0	1.0	0.0	0.0	0.0	3.0	0.0	0.0	4.0	0.0	-0.1571428571428572	0.0	7.857142857142857	119.27	-2.2666666666666666	0.0	9.883333333333333	116.445	-1.507692307692308	0.0	8.776923076923076	124.36307692307692	7	6	13	7	6	13	sars_cov2
8cim	D	DQHIYDSSGHGGLWFDP	IPIQGT	GGSFSTS	0.0	0.0	0.0	0.0	0.0	0.0	0.0	2.0	0.0	0.0	0.0	0.0	0.0	1.0	0.0	3.0	1.0	0.0	0.0	0.0	0.0	0.0	0.0	0.0	0.0	1.0	0.0	1.0	0.0	2.0	0.0	0.0	0.0	0.0	1.0	0.0	1.0	0.0	0.0	0.0	0.0	0.0	0.0	3.0	0.0	1.0	0.0	3.0	2.0	1.0	1.0	0.0	0.0	1.0	1.0	2.0	0.0	1.0	1.0	0.0	-0.1571428571428572	0.0	8.485714285714286	94.23285714285714	0.4666666666666666	0.0	7.75	104.62166666666668	-0.9352941176470588	-0.0588235294117647	8.858823529411765	115.70647058823528	7	6	17	7	6	17	sars_cov2
8e1g	H	DRGPWLHDY	YSGGT	EFIVSSN	0.0	0.0	1.0	0.0	0.0	0.0	1.0	0.0	0.0	1.0	0.0	0.0	0.0	1.0	0.0	2.0	0.0	0.0	0.0	1.0	0.0	0.0	0.0	0.0	0.0	0.0	0.0	2.0	0.0	0.0	0.0	0.0	0.0	0.0	0.0	1.0	1.0	0.0	1.0	0.0	0.0	1.0	0.0	2.0	0.0	0.0	0.0	1.0	1.0	0.0	1.0	0.0	0.0	0.0	1.0	0.0	0.0	1.0	1.0	0.0	0.4142857142857142	-0.1428571428571428	8.371428571428572	110.98	-0.72	0.0	8.4	100.294	-1.677777777777778	0.0	8.933333333333334	128.69333333333333	7	5	9	7	5	9	sars_cov2
8smt	A	DLSSSSGWDDYYYYYGMDV	WYDGSN	GFIFSSY	0.0	0.0	0.0	0.0	0.0	0.0	0.0	1.0	0.0	1.0	0.0	0.0	0.0	2.0	0.0	2.0	0.0	0.0	1.0	0.0	0.0	0.0	1.0	1.0	0.0	0.0	0.0	1.0	0.0	0.0	0.0	0.0	0.0	0.0	0.0	1.0	0.0	1.0	1.0	0.0	0.0	0.0	0.0	4.0	0.0	0.0	0.0	2.0	0.0	0.0	1.0	0.0	1.0	0.0	0.0	4.0	0.0	1.0	5.0	1.0	0.9714285714285714	0.0	7.028571428571429	117.13	-1.7333333333333334	-0.1666666666666666	9.066666666666666	123.455	-0.8157894736842105	-0.2105263157894736	8.405263157894737	121.2836842105263	7	6	19	7	6	19	sars_cov2
7yvk	H	KTIPTIFDY	YWDDD	GFSLSTGGV	0.0	0.0	0.0	0.0	0.0	0.0	0.0	3.0	0.0	0.0	1.0	0.0	0.0	1.0	0.0	2.0	1.0	0.0	0.0	1.0	0.0	0.0	0.0	3.0	0.0	0.0	0.0	0.0	0.0	0.0	0.0	0.0	0.0	0.0	0.0	0.0	0.0	1.0	1.0	0.0	0.0	0.0	0.0	1.0	0.0	0.0	0.0	0.0	0.0	2.0	0.0	1.0	0.0	1.0	1.0	0.0	2.0	0.0	1.0	0.0	0.8111111111111111	0.0	7.777777777777778	95.54333333333334	-2.54	-0.6	10.12	138.93400000000003	0.011111111111111	0.0	7.922222222222222	119.9211111111111	9	5	9	9	5	9	sars_cov2
8eoo	A	LAWLRGYFDY	YYGGS	GGSISGSNY	0.0	0.0	1.0	0.0	0.0	0.0	0.0	3.0	0.0	1.0	0.0	0.0	0.0	0.0	0.0	3.0	0.0	0.0	1.0	0.0	0.0	0.0	0.0	0.0	0.0	0.0	0.0	2.0	0.0	0.0	0.0	0.0	0.0	0.0	0.0	1.0	0.0	0.0	2.0	0.0	1.0	1.0	0.0	1.0	0.0	0.0	0.0	1.0	0.0	0.0	2.0	0.0	0.0	1.0	0.0	0.0	0.0	1.0	2.0	0.0	-0.4333333333333333	0.0	8.622222222222222	97.42666666666668	-0.8400000000000001	0.0	7.92	112.708	0.0299999999999999	0.0	7.340000000000001	130.349	9	5	10	9	5	10	sars_cov2
7xeg	C	VLPMYGDYLDY	YPGGT	GFTVGWN	0.0	0.0	1.0	0.0	0.0	0.0	0.0	2.0	0.0	0.0	0.0	0.0	0.0	1.0	0.0	0.0	1.0	1.0	0.0	1.0	0.0	0.0	0.0	0.0	0.0	0.0	0.0	2.0	0.0	0.0	0.0	0.0	0.0	0.0	1.0	0.0	1.0	0.0	1.0	0.0	0.0	0.0	0.0	2.0	0.0	0.0	0.0	1.0	0.0	0.0	2.0	0.0	1.0	0.0	1.0	0.0	0.0	0.0	3.0	1.0	0.1571428571428571	0.0	7.814285714285715	113.97857142857144	-0.8800000000000001	0.0	8.16	102.302	0.0727272727272726	-0.1818181818181818	7.545454545454546	122.59454545454544	7	5	11	7	5	11	sars_cov2
7xei	C	VLPMYGDYLDY	YPGGT	GFTVGWN	0.0	0.0	1.0	0.0	0.0	0.0	0.0	2.0	0.0	0.0	0.0	0.0	0.0	1.0	0.0	0.0	1.0	1.0	0.0	1.0	0.0	0.0	0.0	0.0	0.0	0.0	0.0	2.0	0.0	0.0	0.0	0.0	0.0	0.0	1.0	0.0	1.0	0.0	1.0	0.0	0.0	0.0	0.0	2.0	0.0	0.0	0.0	1.0	0.0	0.0	2.0	0.0	1.0	0.0	1.0	0.0	0.0	0.0	3.0	1.0	0.1571428571428571	0.0	7.814285714285715	113.97857142857144	-0.8800000000000001	0.0	8.16	102.302	0.0727272727272726	-0.1818181818181818	7.545454545454546	122.59454545454544	7	5	11	7	5	11	sars_cov2
8h07	E	GSGGIHDAFDI	YTGGN	GFTVS	0.0	0.0	0.0	0.0	0.0	0.0	0.0	1.0	0.0	0.0	0.0	0.0	0.0	1.0	0.0	1.0	1.0	0.0	0.0	1.0	0.0	0.0	1.0	0.0	0.0	0.0	0.0	2.0	0.0	0.0	0.0	0.0	0.0	0.0	0.0	0.0	1.0	0.0	1.0	0.0	1.0	0.0	0.0	2.0	0.0	0.0	0.0	3.0	1.0	2.0	0.0	0.0	0.0	1.0	0.0	1.0	0.0	0.0	0.0	0.0	1.02	0.0	7.58	101.91	-1.26	0.0	8.879999999999999	105.7	0.1272727272727272	-0.0909090909090909	8.754545454545454	102.19363636363636	5	5	11	5	5	11	sars_cov2
8h08	D	GSGGIHDAFDI	YTGGN	GFTVS	0.0	0.0	0.0	0.0	0.0	0.0	0.0	1.0	0.0	0.0	0.0	0.0	0.0	1.0	0.0	1.0	1.0	0.0	0.0	1.0	0.0	0.0	1.0	0.0	0.0	0.0	0.0	2.0	0.0	0.0	0.0	0.0	0.0	0.0	0.0	0.0	1.0	0.0	1.0	0.0	1.0	0.0	0.0	2.0	0.0	0.0	0.0	3.0	1.0	2.0	0.0	0.0	0.0	1.0	0.0	1.0	0.0	0.0	0.0	0.0	1.02	0.0	7.58	101.91	-1.26	0.0	8.879999999999999	105.7	0.1272727272727272	-0.0909090909090909	8.754545454545454	102.19363636363636	5	5	11	5	5	11	sars_cov2
7xsc	A	HPYGDHA	YSGGS	GFTVSSN	0.0	0.0	1.0	0.0	0.0	0.0	0.0	1.0	0.0	0.0	0.0	0.0	0.0	1.0	0.0	2.0	1.0	0.0	0.0	1.0	0.0	0.0	0.0	0.0	0.0	0.0	0.0	2.0	0.0	0.0	0.0	0.0	0.0	0.0	0.0	2.0	0.0	0.0	1.0	0.0	1.0	0.0	0.0	1.0	0.0	0.0	0.0	1.0	2.0	0.0	0.0	0.0	0.0	0.0	1.0	0.0	0.0	0.0	1.0	0.0	0.1142857142857142	0.0	8.385714285714284	101.53428571428572	-0.74	0.0	8.52	97.488	-1.6285714285714286	0.1428571428571428	9.3	113.68571428571428	7	5	7	7	5	7	sars_cov2
8cwi	H	EATAGFDY	WYDGSD	GFTFSSY	0.0	0.0	0.0	0.0	0.0	0.0	0.0	1.0	0.0	0.0	0.0	0.0	0.0	2.0	0.0	2.0	1.0	0.0	1.0	0.0	0.0	0.0	0.0	2.0	0.0	0.0	0.0	1.0	0.0	0.0	0.0	0.0	0.0	0.0	0.0	1.0	0.0	1.0	1.0	0.0	2.0	0.0	0.0	1.0	0.0	0.0	1.0	1.0	0.0	0.0	0.0	0.0	0.0	1.0	0.0	0.0	1.0	0.0	1.0	0.0	0.2285714285714285	0.0	7.514285714285714	115.40857142857143	-1.7333333333333334	-0.3333333333333333	9.3	123.61833333333334	-0.375	-0.25	8.8125	109.11125	7	6	8	7	6	8	sars_cov2
8cwk	H	EATAGFDY	WYDGSD	GFTFSSY	0.0	0.0	0.0	0.0	0.0	0.0	0.0	1.0	0.0	0.0	0.0	0.0	0.0	2.0	0.0	2.0	1.0	0.0	1.0	0.0	0.0	0.0	0.0	2.0	0.0	0.0	0.0	1.0	0.0	0.0	0.0	0.0	0.0	0.0	0.0	1.0	0.0	1.0	1.0	0.0	2.0	0.0	0.0	1.0	0.0	0.0	1.0	1.0	0.0	0.0	0.0	0.0	0.0	1.0	0.0	0.0	1.0	0.0	1.0	0.0	0.2285714285714285	0.0	7.514285714285714	115.40857142857143	-1.7333333333333334	-0.3333333333333333	9.3	123.61833333333334	-0.375	-0.25	8.8125	109.11125	7	6	8	7	6	8	sars_cov2
8dnn	B	STRELPEVVDWYFDL	IPIFGT	GGTFNRY	0.0	1.0	1.0	0.0	0.0	0.0	0.0	2.0	0.0	0.0	0.0	0.0	0.0	1.0	0.0	0.0	1.0	0.0	1.0	0.0	0.0	0.0	0.0	0.0	0.0	0.0	0.0	1.0	0.0	2.0	0.0	0.0	0.0	1.0	1.0	0.0	1.0	0.0	0.0	0.0	0.0	1.0	0.0	2.0	0.0	0.0	2.0	0.0	0.0	0.0	2.0	0.0	0.0	1.0	1.0	1.0	1.0	1.0	1.0	2.0	-1.1428571428571428	0.1428571428571428	8.585714285714285	118.83857142857144	1.5166666666666666	0.0	6.866666666666667	107.79666666666668	-0.3333333333333333	-0.2	8.353333333333333	123.40533333333332	7	6	15	7	6	15	sars_cov2
8bse	H	EPYGDKA	YSGGS	GFTVSSN	0.0	0.0	1.0	0.0	0.0	0.0	0.0	1.0	0.0	0.0	0.0	0.0	0.0	1.0	0.0	2.0	1.0	0.0	0.0	1.0	0.0	0.0	0.0	0.0	0.0	0.0	0.0	2.0	0.0	0.0	0.0	0.0	0.0	0.0	0.0	2.0	0.0	0.0	1.0	0.0	1.0	0.0	0.0	1.0	0.0	0.0	1.0	1.0	0.0	0.0	0.0	1.0	0.0	0.0	1.0	0.0	0.0	0.0	1.0	0.0	0.1142857142857142	0.0	8.385714285714284	101.53428571428572	-0.74	0.0	8.52	97.488	-1.7714285714285716	-0.1428571428571428	9.7	111.26	7	5	7	7	5	7	sars_cov2
8bsf	H	HPIHGYGSGSLYNPDY	YPGDSD	GYSFANY	1.0	0.0	1.0	0.0	0.0	0.0	0.0	1.0	0.0	0.0	0.0	0.0	0.0	1.0	0.0	1.0	0.0	0.0	2.0	0.0	0.0	0.0	0.0	2.0	0.0	0.0	0.0	1.0	0.0	0.0	0.0	0.0	0.0	0.0	1.0	1.0	0.0	0.0	1.0	0.0	0.0	0.0	1.0	1.0	0.0	0.0	0.0	3.0	2.0	1.0	1.0	0.0	0.0	0.0	2.0	2.0	0.0	0.0	3.0	0.0	-0.3857142857142857	0.0	7.928571428571429	117.26571428571428	-1.85	-0.3333333333333333	9.733333333333333	108.76833333333332	-0.9375	0.0625	8.46875	113.305625	7	6	16	7	6	16	sars_cov2
8hn6	A	DLSYYGMDV	YAGGS	GLTVSSN	0.0	0.0	1.0	0.0	0.0	0.0	0.0	1.0	0.0	0.0	1.0	0.0	0.0	0.0	0.0	2.0	1.0	0.0	0.0	1.0	1.0	0.0	0.0	0.0	0.0	0.0	0.0	2.0	0.0	0.0	0.0	0.0	0.0	0.0	0.0	1.0	0.0	0.0	1.0	0.0	0.0	0.0	0.0	2.0	0.0	0.0	0.0	1.0	0.0	0.0	1.0	0.0	1.0	0.0	0.0	1.0	0.0	0.0	2.0	1.0	0.2571428571428571	0.0	8.342857142857143	96.67428571428572	-0.22	0.0	8.3	94.288	-0.1	-0.2222222222222222	8.122222222222222	118.01777777777778	7	5	9	7	5	9	sars_cov2
8hn7	B	ALRYSTSWYDY	HNSGNP	GFAFSTY	1.0	0.0	0.0	0.0	0.0	0.0	0.0	1.0	0.0	0.0	0.0	0.0	0.0	2.0	0.0	1.0	1.0	0.0	1.0	0.0	0.0	0.0	2.0	0.0	0.0	0.0	0.0	1.0	1.0	0.0	0.0	0.0	0.0	0.0	1.0	1.0	0.0	0.0	0.0	0.0	1.0	1.0	0.0	1.0	0.0	0.0	0.0	0.0	0.0	0.0	1.0	0.0	0.0	0.0	0.0	2.0	1.0	1.0	3.0	0.0	0.5999999999999999	0.0	7.357142857142857	113.12285714285714	-2.1666666666666665	0.1666666666666666	9.966666666666669	104.10166666666667	-0.8636363636363636	0.0	7.954545454545454	127.8681818181818	7	6	11	7	6	11	sars_cov2
7xsa	B	HRIGYIFDY	YWDDD	GFSLSTSGV	0.0	0.0	0.0	0.0	0.0	0.0	0.0	2.0	0.0	0.0	1.0	0.0	0.0	1.0	0.0	3.0	1.0	0.0	0.0	1.0	0.0	0.0	0.0	3.0	0.0	0.0	0.0	0.0	0.0	0.0	0.0	0.0	0.0	0.0	0.0	0.0	0.0	1.0	1.0	0.0	0.0	1.0	0.0	1.0	0.0	0.0	0.0	1.0	1.0	2.0	0.0	0.0	0.0	1.0	0.0	0.0	0.0	0.0	2.0	0.0	0.7666666666666666	0.0	7.800000000000001	96.88	-2.54	-0.6	10.12	138.93400000000003	-0.2666666666666667	0.1111111111111111	7.877777777777778	131.4811111111111	9	5	9	9	5	9	sars_cov2
7xsb	H	LRWLRGNFDH	KEDGSE	GLTFTGY	0.0	0.0	0.0	0.0	0.0	0.0	0.0	2.0	0.0	0.0	1.0	0.0	0.0	1.0	0.0	0.0	2.0	0.0	1.0	0.0	0.0	0.0	0.0	1.0	0.0	0.0	2.0	1.0	0.0	0.0	0.0	1.0	0.0	0.0	0.0	1.0	0.0	0.0	0.0	0.0	0.0	2.0	1.0	1.0	0.0	0.0	0.0	1.0	1.0	0.0	2.0	0.0	0.0	1.0	0.0	0.0	0.0	1.0	0.0	0.0	0.4428571428571428	0.0	7.357142857142857	110.83428571428573	-2.6	-0.3333333333333333	11.183333333333332	110.60666666666668	-1.0100000000000002	0.2	8.540000000000001	131.349	7	6	10	7	6	10	sars_cov2
8a99	R	SAYYSESSGYYLDY	IPMFGI	GGTFNTY	0.0	0.0	1.0	0.0	0.0	0.0	0.0	2.0	0.0	0.0	0.0	0.0	0.0	1.0	0.0	0.0	2.0	0.0	1.0	0.0	0.0	0.0	0.0	0.0	0.0	0.0	0.0	1.0	0.0	2.0	0.0	0.0	1.0	1.0	1.0	0.0	0.0	0.0	0.0	0.0	1.0	0.0	0.0	1.0	0.0	0.0	1.0	1.0	0.0	0.0	1.0	0.0	0.0	0.0	0.0	4.0	0.0	0.0	5.0	0.0	-0.6	0.0	8.314285714285715	110.97	1.95	0.0	6.383333333333333	112.81166666666668	-0.8214285714285714	-0.1428571428571428	8.221428571428572	119.12285714285714	7	6	14	7	6	14	sars_cov2
8f0h	B	DSGRKLLWGREDYYMGV	TWNSGT	GFTFDDY	0.0	0.0	0.0	2.0	0.0	0.0	0.0	1.0	0.0	0.0	0.0	0.0	0.0	2.0	0.0	0.0	1.0	0.0	1.0	0.0	0.0	0.0	1.0	0.0	0.0	0.0	0.0	1.0	0.0	0.0	0.0	0.0	0.0	0.0	0.0	1.0	2.0	1.0	0.0	0.0	0.0	2.0	0.0	2.0	0.0	0.0	1.0	3.0	0.0	0.0	2.0	1.0	1.0	0.0	0.0	1.0	0.0	1.0	2.0	1.0	-0.5428571428571429	-0.2857142857142857	8.6	123.41142857142856	-1.1666666666666667	0.0	8.733333333333333	110.78	-0.8941176470588236	0.0	8.588235294117647	122.43058823529412	7	6	17	7	6	17	sars_cov2
8gs9	H	SLGDRFDF	YAGGS	EIIVSRN	0.0	1.0	1.0	0.0	0.0	0.0	1.0	0.0	0.0	2.0	0.0	0.0	0.0	0.0	0.0	1.0	0.0	0.0	0.0	1.0	1.0	0.0	0.0	0.0	0.0	0.0	0.0	2.0	0.0	0.0	0.0	0.0	0.0	0.0	0.0	1.0	0.0	0.0	1.0	0.0	0.0	1.0	0.0	2.0	0.0	0.0	0.0	1.0	0.0	0.0	1.0	0.0	0.0	2.0	0.0	1.0	0.0	0.0	0.0	0.0	0.1285714285714286	0.0	8.557142857142857	115.99285714285716	-0.22	0.0	8.3	94.288	-0.4125000000000001	-0.125	8.75	119.5025	7	5	8	7	5	8	sars_cov2
7xik	H	EAYGMDV	YPGGS	GFIVGWN	0.0	0.0	1.0	0.0	0.0	0.0	0.0	2.0	0.0	1.0	0.0	0.0	0.0	1.0	0.0	0.0	0.0	1.0	0.0	1.0	0.0	0.0	0.0	0.0	0.0	0.0	0.0	2.0	0.0	0.0	0.0	0.0	0.0	0.0	1.0	1.0	0.0	0.0	1.0	0.0	1.0	0.0	0.0	1.0	0.0	0.0	1.0	1.0	0.0	0.0	0.0	0.0	1.0	0.0	0.0	0.0	0.0	0.0	1.0	1.0	0.9	0.0	7.328571428571428	115.7	-0.9	0.0	8.28	99.496	-0.1142857142857142	-0.2857142857142857	8.6	111.97857142857144	7	5	7	7	5	7	sars_cov2
7xil	H	EAYGMDV	YPGGS	GFIVGWN	0.0	0.0	1.0	0.0	0.0	0.0	0.0	2.0	0.0	1.0	0.0	0.0	0.0	1.0	0.0	0.0	0.0	1.0	0.0	1.0	0.0	0.0	0.0	0.0	0.0	0.0	0.0	2.0	0.0	0.0	0.0	0.0	0.0	0.0	1.0	1.0	0.0	0.0	1.0	0.0	1.0	0.0	0.0	1.0	0.0	0.0	1.0	1.0	0.0	0.0	0.0	0.0	1.0	0.0	0.0	0.0	0.0	0.0	1.0	1.0	0.9	0.0	7.328571428571428	115.7	-0.9	0.0	8.28	99.496	-0.1142857142857142	-0.2857142857142857	8.6	111.97857142857144	7	5	7	7	5	7	sars_cov2
7xs8	A	DLQVYGMDV	YSGGS	GITVSSN	0.0	0.0	1.0	0.0	0.0	0.0	0.0	1.0	0.0	1.0	0.0	0.0	0.0	0.0	0.0	2.0	1.0	0.0	0.0	1.0	0.0	0.0	0.0	0.0	0.0	0.0	0.0	2.0	0.0	0.0	0.0	0.0	0.0	0.0	0.0	2.0	0.0	0.0	1.0	0.0	0.0	0.0	0.0	2.0	0.0	1.0	0.0	1.0	0.0	0.0	1.0	0.0	1.0	0.0	0.0	0.0	0.0	0.0	1.0	2.0	0.3571428571428571	0.0	8.385714285714284	96.67428571428572	-0.74	0.0	8.52	97.488	0.2111111111111111	-0.2222222222222222	8.233333333333333	115.46222222222224	7	5	9	7	5	9	sars_cov2
7wn2	H	EFDLTKIIMVPPY	SSSGSS	GFTFSDY	0.0	0.0	0.0	1.0	0.0	0.0	0.0	1.0	0.0	0.0	0.0	0.0	0.0	2.0	0.0	1.0	1.0	0.0	1.0	0.0	0.0	0.0	0.0	0.0	0.0	0.0	0.0	1.0	0.0	0.0	0.0	0.0	0.0	0.0	0.0	5.0	0.0	0.0	0.0	0.0	0.0	0.0	0.0	1.0	0.0	0.0	1.0	0.0	0.0	2.0	1.0	1.0	1.0	1.0	2.0	0.0	1.0	0.0	1.0	1.0	-0.1571428571428572	-0.1428571428571428	8.057142857142857	119.41	-0.7333333333333334	0.0	9.166666666666666	85.075	0.4307692307692307	-0.0769230769230769	7.653846153846154	119.07	7	6	13	7	6	13	sars_cov2
7wnb	H	DLVVYGLDY	YSGGS	GFIVSRN	0.0	1.0	1.0	0.0	0.0	0.0	0.0	1.0	0.0	1.0	0.0	0.0	0.0	1.0	0.0	1.0	0.0	0.0	0.0	1.0	0.0	0.0	0.0	0.0	0.0	0.0	0.0	2.0	0.0	0.0	0.0	0.0	0.0	0.0	0.0	2.0	0.0	0.0	1.0	0.0	0.0	0.0	0.0	2.0	0.0	0.0	0.0	1.0	0.0	0.0	2.0	0.0	0.0	0.0	0.0	0.0	0.0	0.0	2.0	2.0	0.3285714285714285	0.1428571428571428	8.085714285714285	113.12857142857142	-0.74	0.0	8.52	97.488	0.6666666666666666	-0.2222222222222222	7.666666666666667	117.35222222222222	7	5	9	7	5	9	sars_cov2
7xj6	E	GTEYGDYDVSHD	IPILGI	GGTFSSY	0.0	0.0	0.0	0.0	0.0	0.0	0.0	2.0	0.0	0.0	0.0	0.0	0.0	1.0	0.0	2.0	1.0	0.0	1.0	0.0	0.0	0.0	0.0	0.0	0.0	0.0	0.0	1.0	0.0	3.0	1.0	0.0	0.0	0.0	1.0	0.0	0.0	0.0	0.0	0.0	0.0	0.0	0.0	3.0	0.0	0.0	1.0	2.0	1.0	0.0	0.0	0.0	0.0	0.0	0.0	1.0	1.0	0.0	2.0	1.0	-0.2285714285714286	0.0	8.057142857142857	105.10428571428572	2.55	0.0	6.25	104.135	-1.4916666666666665	-0.25	9.65	114.60916666666668	7	6	12	7	6	12	sars_cov2
7xj8	G	GTEYGDYDVSHD	IPILGI	GGTFSSY	0.0	0.0	0.0	0.0	0.0	0.0	0.0	2.0	0.0	0.0	0.0	0.0	0.0	1.0	0.0	2.0	1.0	0.0	1.0	0.0	0.0	0.0	0.0	0.0	0.0	0.0	0.0	1.0	0.0	3.0	1.0	0.0	0.0	0.0	1.0	0.0	0.0	0.0	0.0	0.0	0.0	0.0	0.0	3.0	0.0	0.0	1.0	2.0	1.0	0.0	0.0	0.0	0.0	0.0	0.0	1.0	1.0	0.0	2.0	1.0	-0.2285714285714286	0.0	8.057142857142857	105.10428571428572	2.55	0.0	6.25	104.135	-1.4916666666666665	-0.25	9.65	114.60916666666668	7	6	12	7	6	12	sars_cov2
7xj9	G	GTEYGDYDVSHD	IPILGI	GGTFSSY	0.0	0.0	0.0	0.0	0.0	0.0	0.0	2.0	0.0	0.0	0.0	0.0	0.0	1.0	0.0	2.0	1.0	0.0	1.0	0.0	0.0	0.0	0.0	0.0	0.0	0.0	0.0	1.0	0.0	3.0	1.0	0.0	0.0	0.0	1.0	0.0	0.0	0.0	0.0	0.0	0.0	0.0	0.0	3.0	0.0	0.0	1.0	2.0	1.0	0.0	0.0	0.0	0.0	0.0	0.0	1.0	1.0	0.0	2.0	1.0	-0.2285714285714286	0.0	8.057142857142857	105.10428571428572	2.55	0.0	6.25	104.135	-1.4916666666666665	-0.25	9.65	114.60916666666668	7	6	12	7	6	12	sars_cov2
7zjl	j	GSDYGDYLLVY	SYDGSN	GFTFSNY	0.0	0.0	1.0	0.0	0.0	0.0	0.0	1.0	0.0	0.0	0.0	0.0	0.0	2.0	0.0	1.0	1.0	0.0	1.0	0.0	0.0	0.0	1.0	1.0	0.0	0.0	0.0	1.0	0.0	0.0	0.0	0.0	0.0	0.0	0.0	2.0	0.0	0.0	1.0	0.0	0.0	0.0	0.0	2.0	0.0	0.0	0.0	2.0	0.0	0.0	2.0	0.0	0.0	0.0	0.0	1.0	0.0	0.0	3.0	1.0	-0.1571428571428572	0.0	7.857142857142857	119.27	-1.7166666666666668	-0.1666666666666666	9.7	106.93166666666669	-0.0636363636363636	-0.1818181818181818	7.954545454545454	116.57727272727271	7	6	11	7	6	11	sars_cov2
8i5h	H	DLVVYGLDY	YSGGS	GFIVSRN	0.0	1.0	1.0	0.0	0.0	0.0	0.0	1.0	0.0	1.0	0.0	0.0	0.0	1.0	0.0	1.0	0.0	0.0	0.0	1.0	0.0	0.0	0.0	0.0	0.0	0.0	0.0	2.0	0.0	0.0	0.0	0.0	0.0	0.0	0.0	2.0	0.0	0.0	1.0	0.0	0.0	0.0	0.0	2.0	0.0	0.0	0.0	1.0	0.0	0.0	2.0	0.0	0.0	0.0	0.0	0.0	0.0	0.0	2.0	2.0	0.3285714285714285	0.1428571428571428	8.085714285714285	113.12857142857142	-0.74	0.0	8.52	97.488	0.6666666666666666	-0.2222222222222222	7.666666666666667	117.35222222222222	7	5	9	7	5	9	sars_cov2
8i5i	H	EFDLTKIIMVPPY	SSSGSS	GFTFSDY	0.0	0.0	0.0	1.0	0.0	0.0	0.0	1.0	0.0	0.0	0.0	0.0	0.0	2.0	0.0	1.0	1.0	0.0	1.0	0.0	0.0	0.0	0.0	0.0	0.0	0.0	0.0	1.0	0.0	0.0	0.0	0.0	0.0	0.0	0.0	5.0	0.0	0.0	0.0	0.0	0.0	0.0	0.0	1.0	0.0	0.0	1.0	0.0	0.0	2.0	1.0	1.0	1.0	1.0	2.0	0.0	1.0	0.0	1.0	1.0	-0.1571428571428572	-0.1428571428571428	8.057142857142857	119.41	-0.7333333333333334	0.0	9.166666666666666	85.075	0.4307692307692307	-0.0769230769230769	7.653846153846154	119.07	7	6	13	7	6	13	sars_cov2
7x94	H	IPIRDYDYDGSGYYYFLDY	NTNTGN	GYTFINH	0.0	0.0	1.0	0.0	0.0	0.0	0.0	1.0	1.0	1.0	0.0	0.0	0.0	1.0	0.0	0.0	1.0	0.0	1.0	0.0	0.0	0.0	3.0	0.0	0.0	0.0	0.0	1.0	0.0	0.0	0.0	0.0	0.0	0.0	0.0	0.0	2.0	0.0	0.0	0.0	0.0	1.0	0.0	4.0	0.0	0.0	0.0	2.0	0.0	2.0	1.0	0.0	0.0	1.0	1.0	1.0	0.0	0.0	6.0	0.0	-0.2571428571428572	0.1428571428571428	8.028571428571428	121.56142857142856	-2.0500000000000003	0.0	10.166666666666666	103.26666666666668	-0.7315789473684211	-0.1578947368421052	8.178947368421053	127.18894736842104	7	6	19	7	6	19	sars_cov2
7x95	H	TQSLWFGQFYYIYGMDV	SPDGKN	GFTFSSY	0.0	0.0	0.0	0.0	0.0	0.0	0.0	1.0	0.0	0.0	0.0	0.0	0.0	2.0	0.0	2.0	1.0	0.0	1.0	0.0	0.0	0.0	1.0	1.0	0.0	0.0	0.0	1.0	0.0	0.0	0.0	1.0	0.0	0.0	1.0	1.0	0.0	0.0	0.0	0.0	0.0	0.0	0.0	1.0	0.0	2.0	0.0	2.0	0.0	1.0	1.0	0.0	1.0	2.0	0.0	1.0	1.0	1.0	3.0	1.0	0.2285714285714285	0.0	7.514285714285714	115.40857142857143	-2.283333333333333	0.0	10.35	102.77166666666666	0.1411764705882352	-0.0588235294117647	7.405882352941177	125.67117647058822	7	6	17	7	6	17	sars_cov2
7x96	H	HIVVLDRWFDP	DPSRGT	GYTFTSY	0.0	0.0	0.0	0.0	0.0	0.0	0.0	1.0	0.0	0.0	0.0	0.0	0.0	1.0	0.0	1.0	2.0	0.0	2.0	0.0	0.0	1.0	0.0	1.0	0.0	0.0	0.0	1.0	0.0	0.0	0.0	0.0	0.0	0.0	1.0	1.0	1.0	0.0	0.0	0.0	0.0	1.0	0.0	2.0	0.0	0.0	0.0	0.0	1.0	1.0	1.0	0.0	0.0	1.0	1.0	0.0	0.0	1.0	0.0	2.0	-0.3428571428571429	0.0	7.571428571428571	119.69857142857144	-1.9166666666666667	0.0	9.716666666666669	105.27333333333333	0.209090909090909	0.0	7.945454545454546	125.3281818181818	7	6	11	7	6	11	sars_cov2
8bbo	H	GGTDDYVDY	FTSGT	GDSINSGIN	0.0	0.0	2.0	1.0	0.0	0.0	0.0	2.0	0.0	2.0	0.0	0.0	0.0	0.0	0.0	2.0	0.0	0.0	0.0	0.0	0.0	0.0	0.0	0.0	0.0	0.0	0.0	1.0	0.0	0.0	0.0	0.0	0.0	1.0	0.0	1.0	2.0	0.0	0.0	0.0	0.0	0.0	0.0	3.0	0.0	0.0	0.0	2.0	0.0	0.0	0.0	0.0	0.0	0.0	0.0	0.0	1.0	0.0	2.0	1.0	-0.4333333333333333	-0.1111111111111111	9.22222222222222	99.32111111111112	0.0399999999999999	0.0	8.120000000000001	102.306	-1.1555555555555557	-0.3333333333333333	9.322222222222225	113.55222222222224	9	5	9	9	5	9	sars_cov2
8bcz	H	PIVGGIAGMDV	YSGGS	GFTVTVN	0.0	0.0	1.0	0.0	0.0	0.0	0.0	1.0	0.0	0.0	0.0	0.0	0.0	1.0	0.0	0.0	2.0	0.0	0.0	2.0	0.0	0.0	0.0	0.0	0.0	0.0	0.0	2.0	0.0	0.0	0.0	0.0	0.0	0.0	0.0	2.0	0.0	0.0	1.0	0.0	1.0	0.0	0.0	1.0	0.0	0.0	0.0	3.0	0.0	2.0	0.0	0.0	1.0	0.0	1.0	0.0	0.0	0.0	0.0	2.0	0.8428571428571429	0.0	7.828571428571428	105.26	-0.74	0.0	8.52	97.488	1.3454545454545457	-0.0909090909090909	7.636363636363637	96.74727272727272	7	5	11	7	5	11	sars_cov2
7u8e	H	SPIGYCSSTKCYIDKPFDS	HHSGK	GDSIGTY	0.0	0.0	0.0	1.0	0.0	0.0	0.0	2.0	0.0	1.0	0.0	0.0	0.0	0.0	0.0	1.0	1.0	0.0	1.0	0.0	0.0	0.0	0.0	0.0	0.0	0.0	0.0	1.0	2.0	0.0	0.0	1.0	0.0	0.0	0.0	1.0	0.0	0.0	0.0	0.0	0.0	0.0	0.0	2.0	2.0	0.0	0.0	1.0	0.0	2.0	0.0	2.0	0.0	1.0	2.0	4.0	1.0	0.0	2.0	0.0	-0.3714285714285714	-0.1428571428571428	8.6	104.24571428571429	-2.3	0.6	10.06	112.91799999999998	-0.4263157894736842	0.0	8.31578947368421	111.12736842105264	7	5	19	7	5	19	sars_cov2
7xdl	E	ELGHDY	NHSGN	GESFSGY	0.0	0.0	0.0	0.0	0.0	0.0	1.0	2.0	0.0	0.0	0.0	0.0	0.0	1.0	0.0	2.0	0.0	0.0	1.0	0.0	0.0	0.0	2.0	0.0	0.0	0.0	0.0	1.0	1.0	0.0	0.0	0.0	0.0	0.0	0.0	1.0	0.0	0.0	0.0	0.0	0.0	0.0	0.0	1.0	0.0	0.0	1.0	1.0	1.0	0.0	1.0	0.0	0.0	0.0	0.0	0.0	0.0	0.0	1.0	0.0	-0.6285714285714287	-0.1428571428571428	8.585714285714285	109.10571428571428	-2.28	0.2	10.36	105.498	-1.35	-0.1666666666666666	9.3	122.12333333333332	7	5	6	7	5	6	sars_cov2
7soe	B	VLVWFGEVLPDAFDV	YWNDD	GFSVNTGGV	0.0	0.0	1.0	0.0	0.0	0.0	0.0	3.0	0.0	0.0	0.0	0.0	0.0	1.0	0.0	1.0	1.0	0.0	0.0	2.0	0.0	0.0	1.0	2.0	0.0	0.0	0.0	0.0	0.0	0.0	0.0	0.0	0.0	0.0	0.0	0.0	0.0	1.0	1.0	0.0	1.0	0.0	0.0	2.0	0.0	0.0	1.0	1.0	0.0	0.0	2.0	0.0	0.0	2.0	1.0	0.0	0.0	1.0	0.0	4.0	0.5555555555555556	0.0	8.155555555555557	96.98777777777778	-2.54	-0.4	9.84	138.738	1.2266666666666666	-0.2	7.506666666666667	113.73133333333334	9	5	15	9	5	15	sars_cov2
7ru8	H	DFRYCSSTRCYFWFDP	IPIIGT	GGTFSIY	0.0	0.0	0.0	0.0	0.0	0.0	0.0	2.0	0.0	1.0	0.0	0.0	0.0	1.0	0.0	1.0	1.0	0.0	1.0	0.0	0.0	0.0	0.0	0.0	0.0	0.0	0.0	1.0	0.0	3.0	0.0	0.0	0.0	0.0	1.0	0.0	1.0	0.0	0.0	0.0	0.0	2.0	0.0	2.0	2.0	0.0	0.0	0.0	0.0	0.0	0.0	0.0	0.0	3.0	1.0	2.0	1.0	1.0	2.0	0.0	0.5285714285714286	0.0	7.485714285714286	108.83	1.8	0.0	6.866666666666667	102.12666666666668	-0.625	0.0	7.9	129.710625	7	6	16	7	6	16	sars_cov2
7s5q	B	PYCSGGTCHDGFDI	VVGSGN	GITFTSS	0.0	0.0	0.0	0.0	0.0	0.0	0.0	1.0	0.0	1.0	0.0	0.0	0.0	1.0	0.0	2.0	2.0	0.0	0.0	0.0	0.0	0.0	1.0	0.0	0.0	0.0	0.0	2.0	0.0	0.0	0.0	0.0	0.0	0.0	0.0	1.0	0.0	0.0	0.0	2.0	0.0	0.0	0.0	2.0	2.0	0.0	0.0	3.0	1.0	1.0	0.0	0.0	0.0	1.0	1.0	1.0	1.0	0.0	1.0	0.0	0.5571428571428572	0.0	7.857142857142857	101.68142857142855	0.55	0.0	8.433333333333334	91.59166666666664	-0.25	-0.0714285714285714	8.342857142857143	107.68571428571428	7	6	14	7	6	14	sars_cov2
7ru5	H	DFRYCSSTRCYFWFDP	IPIIGT	GGTFSIY	0.0	0.0	0.0	0.0	0.0	0.0	0.0	2.0	0.0	1.0	0.0	0.0	0.0	1.0	0.0	1.0	1.0	0.0	1.0	0.0	0.0	0.0	0.0	0.0	0.0	0.0	0.0	1.0	0.0	3.0	0.0	0.0	0.0	0.0	1.0	0.0	1.0	0.0	0.0	0.0	0.0	2.0	0.0	2.0	2.0	0.0	0.0	0.0	0.0	0.0	0.0	0.0	0.0	3.0	1.0	2.0	1.0	1.0	2.0	0.0	0.5285714285714286	0.0	7.485714285714286	108.83	1.8	0.0	6.866666666666667	102.12666666666668	-0.625	0.0	7.9	129.710625	7	6	16	7	6	16	sars_cov2
7e9o	H	AVEMVRGLGADPEYGMDV	SWNSGT	GFTFDDY	0.0	0.0	0.0	2.0	0.0	0.0	0.0	1.0	0.0	0.0	0.0	0.0	0.0	2.0	0.0	0.0	1.0	0.0	1.0	0.0	0.0	0.0	1.0	0.0	0.0	0.0	0.0	1.0	0.0	0.0	0.0	0.0	0.0	0.0	0.0	2.0	1.0	1.0	0.0	0.0	2.0	1.0	0.0	2.0	0.0	0.0	2.0	3.0	0.0	0.0	1.0	0.0	2.0	0.0	1.0	0.0	0.0	0.0	1.0	3.0	-0.5428571428571429	-0.2857142857142857	8.6	123.41142857142856	-1.1833333333333331	0.0	8.833333333333334	108.44166666666666	0.0666666666666666	-0.1666666666666666	8.472222222222221	108.065	7	6	18	7	6	18	sars_cov2
7ru4	H	RNQWDLLVY	IPILDI	GGTFSSS	0.0	0.0	0.0	0.0	0.0	0.0	0.0	2.0	0.0	0.0	0.0	0.0	0.0	1.0	0.0	3.0	1.0	0.0	0.0	0.0	0.0	0.0	0.0	1.0	0.0	0.0	0.0	0.0	0.0	3.0	1.0	0.0	0.0	0.0	1.0	0.0	0.0	0.0	0.0	0.0	0.0	1.0	1.0	1.0	0.0	1.0	0.0	0.0	0.0	0.0	2.0	0.0	0.0	0.0	0.0	0.0	0.0	1.0	1.0	1.0	-0.1571428571428572	0.0	8.485714285714286	94.23285714285714	2.033333333333333	-0.1666666666666666	6.916666666666667	110.80833333333334	-0.6000000000000001	0.0	8.100000000000001	132.0411111111111	7	6	9	7	6	9	sars_cov2
7s5p	H	GTAMAYGMDV	YSGGS	GFTVSSN	0.0	0.0	1.0	0.0	0.0	0.0	0.0	1.0	0.0	0.0	0.0	0.0	0.0	1.0	0.0	2.0	1.0	0.0	0.0	1.0	0.0	0.0	0.0	0.0	0.0	0.0	0.0	2.0	0.0	0.0	0.0	0.0	0.0	0.0	0.0	2.0	0.0	0.0	1.0	0.0	2.0	0.0	0.0	1.0	0.0	0.0	0.0	2.0	0.0	0.0	0.0	0.0	2.0	0.0	0.0	0.0	1.0	0.0	1.0	1.0	0.1142857142857142	0.0	8.385714285714284	101.53428571428572	-0.74	0.0	8.52	97.488	0.53	-0.1	7.93	103.317	7	5	10	7	5	10	sars_cov2
7ru3	H	RNQWDLLVY	IPILDI	GGTFSSS	0.0	0.0	0.0	0.0	0.0	0.0	0.0	2.0	0.0	0.0	0.0	0.0	0.0	1.0	0.0	3.0	1.0	0.0	0.0	0.0	0.0	0.0	0.0	1.0	0.0	0.0	0.0	0.0	0.0	3.0	1.0	0.0	0.0	0.0	1.0	0.0	0.0	0.0	0.0	0.0	0.0	1.0	1.0	1.0	0.0	1.0	0.0	0.0	0.0	0.0	2.0	0.0	0.0	0.0	0.0	0.0	0.0	1.0	1.0	1.0	-0.1571428571428572	0.0	8.485714285714286	94.23285714285714	2.033333333333333	-0.1666666666666666	6.916666666666667	110.80833333333334	-0.6000000000000001	0.0	8.100000000000001	132.0411111111111	7	6	9	7	6	9	sars_cov2
7s5r	H	PPRNYYDRSGYYQRAEYFQH	NSSGGS	GYTFTSY	0.0	0.0	0.0	0.0	0.0	0.0	0.0	1.0	0.0	0.0	0.0	0.0	0.0	1.0	0.0	1.0	2.0	0.0	2.0	0.0	0.0	0.0	1.0	0.0	0.0	0.0	0.0	2.0	0.0	0.0	0.0	0.0	0.0	0.0	0.0	3.0	0.0	0.0	0.0	0.0	1.0	3.0	1.0	1.0	0.0	2.0	1.0	1.0	1.0	0.0	0.0	0.0	0.0	1.0	2.0	1.0	0.0	0.0	5.0	0.0	-0.3428571428571429	0.0	7.571428571428571	119.69857142857144	-1.1166666666666667	0.0	9.533333333333331	87.575	-2.025	0.1	8.915000000000001	130.541	7	6	20	7	6	20	sars_cov2
7ul0	H	DLELGGGFDY	SPYNGN	GYTFSSY	0.0	0.0	0.0	0.0	0.0	0.0	0.0	1.0	0.0	0.0	0.0	0.0	0.0	1.0	0.0	2.0	1.0	0.0	2.0	0.0	0.0	0.0	2.0	0.0	0.0	0.0	0.0	1.0	0.0	0.0	0.0	0.0	0.0	0.0	1.0	1.0	0.0	0.0	1.0	0.0	0.0	0.0	0.0	2.0	0.0	0.0	1.0	3.0	0.0	0.0	2.0	0.0	0.0	1.0	0.0	0.0	0.0	0.0	1.0	0.0	-0.3571428571428572	0.0	7.6571428571428575	117.69428571428573	-1.85	0.0	9.266666666666667	108.44166666666666	-0.26	-0.3	8.65	112.113	7	6	10	7	6	10	sars_cov2
7x63	H	DLGEAGGMDV	YPGGS	GITVGWN	0.0	0.0	1.0	0.0	0.0	0.0	0.0	2.0	0.0	1.0	0.0	0.0	0.0	0.0	0.0	0.0	1.0	1.0	0.0	1.0	0.0	0.0	0.0	0.0	0.0	0.0	0.0	2.0	0.0	0.0	0.0	0.0	0.0	0.0	1.0	1.0	0.0	0.0	1.0	0.0	1.0	0.0	0.0	2.0	0.0	0.0	1.0	3.0	0.0	0.0	1.0	0.0	1.0	0.0	0.0	0.0	0.0	0.0	0.0	1.0	0.4	0.0	7.814285714285715	109.1185714285714	-0.9	0.0	8.28	99.496	-1.1102230246251566e-17	-0.3	8.99	99.902	7	5	10	7	5	10	sars_cov2
7x66	H	DLGEAGGMDV	YPGGS	GITVGWN	0.0	0.0	1.0	0.0	0.0	0.0	0.0	2.0	0.0	1.0	0.0	0.0	0.0	0.0	0.0	0.0	1.0	1.0	0.0	1.0	0.0	0.0	0.0	0.0	0.0	0.0	0.0	2.0	0.0	0.0	0.0	0.0	0.0	0.0	1.0	1.0	0.0	0.0	1.0	0.0	1.0	0.0	0.0	2.0	0.0	0.0	1.0	3.0	0.0	0.0	1.0	0.0	1.0	0.0	0.0	0.0	0.0	0.0	0.0	1.0	0.4	0.0	7.814285714285715	109.1185714285714	-0.9	0.0	8.28	99.496	-1.1102230246251566e-17	-0.3	8.99	99.902	7	5	10	7	5	10	sars_cov2
7u0q	G	DYGDFYFDY	YSGGS	EITVSRN	0.0	1.0	1.0	0.0	0.0	0.0	1.0	0.0	0.0	1.0	0.0	0.0	0.0	0.0	0.0	1.0	1.0	0.0	0.0	1.0	0.0	0.0	0.0	0.0	0.0	0.0	0.0	2.0	0.0	0.0	0.0	0.0	0.0	0.0	0.0	2.0	0.0	0.0	1.0	0.0	0.0	0.0	0.0	3.0	0.0	0.0	0.0	1.0	0.0	0.0	0.0	0.0	0.0	2.0	0.0	0.0	0.0	0.0	3.0	0.0	-0.6142857142857142	0.0	9.042857142857144	114.27142857142856	-0.74	0.0	8.52	97.488	-1.0222222222222224	-0.3333333333333333	8.555555555555555	133.8022222222222	7	5	9	7	5	9	sars_cov2
7u0x	F	DLSAGHCTGGVCYTAGGIDY	SYDGSD	GFTFRSY	0.0	1.0	0.0	0.0	0.0	0.0	0.0	1.0	0.0	0.0	0.0	0.0	0.0	2.0	0.0	1.0	1.0	0.0	1.0	0.0	0.0	0.0	0.0	2.0	0.0	0.0	0.0	1.0	0.0	0.0	0.0	0.0	0.0	0.0	0.0	2.0	0.0	0.0	1.0	0.0	2.0	0.0	0.0	2.0	2.0	0.0	0.0	5.0	1.0	1.0	1.0	0.0	0.0	0.0	0.0	1.0	2.0	0.0	2.0	1.0	-0.3000000000000001	0.1428571428571428	7.7	125.28142857142858	-1.7166666666666668	-0.3333333333333333	9.933333333333334	107.095	0.205	-0.05	8.17	101.607	7	6	20	7	6	20	sars_cov2
7x2h	A	DSSGWHWGVPFDY	SYDGSN	GFTFSTY	0.0	0.0	0.0	0.0	0.0	0.0	0.0	1.0	0.0	0.0	0.0	0.0	0.0	2.0	0.0	1.0	2.0	0.0	1.0	0.0	0.0	0.0	1.0	1.0	0.0	0.0	0.0	1.0	0.0	0.0	0.0	0.0	0.0	0.0	0.0	2.0	0.0	0.0	1.0	0.0	0.0	0.0	0.0	2.0	0.0	0.0	0.0	2.0	1.0	0.0	0.0	0.0	0.0	1.0	1.0	2.0	0.0	2.0	1.0	1.0	0.2428571428571428	0.0	7.428571428571429	117.41285714285712	-1.7166666666666668	-0.1666666666666666	9.7	106.93166666666669	-0.7923076923076924	-0.0769230769230769	8.376923076923077	120.81769230769233	7	6	13	7	6	13	sars_cov2
7xcz	D	ASITTTDDGMDV	SFDGSN	GFTFSSY	0.0	0.0	0.0	0.0	0.0	0.0	0.0	1.0	0.0	0.0	0.0	0.0	0.0	2.0	0.0	2.0	1.0	0.0	1.0	0.0	0.0	0.0	1.0	1.0	0.0	0.0	0.0	1.0	0.0	0.0	0.0	0.0	0.0	1.0	0.0	2.0	0.0	0.0	0.0	0.0	1.0	0.0	0.0	3.0	0.0	0.0	0.0	1.0	0.0	1.0	0.0	0.0	1.0	0.0	0.0	1.0	3.0	0.0	0.0	1.0	0.2285714285714285	0.0	7.514285714285714	115.40857142857143	-1.0333333333333334	-0.1666666666666666	9.533333333333331	104.265	-0.1166666666666666	-0.25	8.991666666666667	102.10833333333332	7	6	12	7	6	12	sars_cov2
7xda	B	ELGHDY	NHSGN	GESFSGY	0.0	0.0	0.0	0.0	0.0	0.0	1.0	2.0	0.0	0.0	0.0	0.0	0.0	1.0	0.0	2.0	0.0	0.0	1.0	0.0	0.0	0.0	2.0	0.0	0.0	0.0	0.0	1.0	1.0	0.0	0.0	0.0	0.0	0.0	0.0	1.0	0.0	0.0	0.0	0.0	0.0	0.0	0.0	1.0	0.0	0.0	1.0	1.0	1.0	0.0	1.0	0.0	0.0	0.0	0.0	0.0	0.0	0.0	1.0	0.0	-0.6285714285714287	-0.1428571428571428	8.585714285714285	109.10571428571428	-2.28	0.2	10.36	105.498	-1.35	-0.1666666666666666	9.3	122.12333333333332	7	5	6	7	5	6	sars_cov2
7xdb	D	HPGGGDWYFDL	YPDDSD	GYSFTSYY	0.0	0.0	0.0	0.0	0.0	0.0	0.0	1.0	0.0	0.0	0.0	0.0	0.0	1.0	0.0	2.0	1.0	0.0	3.0	0.0	0.0	0.0	0.0	3.0	0.0	0.0	0.0	0.0	0.0	0.0	0.0	0.0	0.0	0.0	1.0	1.0	0.0	0.0	1.0	0.0	0.0	0.0	0.0	2.0	0.0	0.0	0.0	3.0	1.0	0.0	1.0	0.0	0.0	1.0	1.0	0.0	0.0	1.0	1.0	0.0	-0.475	0.0	7.475	123.38	-2.3666666666666667	-0.5	10.4	115.44166666666666	-0.781818181818182	-0.0909090909090909	8.463636363636363	118.12090909090908	8	6	11	8	6	11	sars_cov2
7xdk	F	ELGHDY	NHSGN	GESFSGY	0.0	0.0	0.0	0.0	0.0	0.0	1.0	2.0	0.0	0.0	0.0	0.0	0.0	1.0	0.0	2.0	0.0	0.0	1.0	0.0	0.0	0.0	2.0	0.0	0.0	0.0	0.0	1.0	1.0	0.0	0.0	0.0	0.0	0.0	0.0	1.0	0.0	0.0	0.0	0.0	0.0	0.0	0.0	1.0	0.0	0.0	1.0	1.0	1.0	0.0	1.0	0.0	0.0	0.0	0.0	0.0	0.0	0.0	1.0	0.0	-0.6285714285714287	-0.1428571428571428	8.585714285714285	109.10571428571428	-2.28	0.2	10.36	105.498	-1.35	-0.1666666666666666	9.3	122.12333333333332	7	5	6	7	5	6	sars_cov2
7wwi	E	GTEYGDYDVSHD	IPILGI	GGTFSSY	0.0	0.0	0.0	0.0	0.0	0.0	0.0	2.0	0.0	0.0	0.0	0.0	0.0	1.0	0.0	2.0	1.0	0.0	1.0	0.0	0.0	0.0	0.0	0.0	0.0	0.0	0.0	1.0	0.0	3.0	1.0	0.0	0.0	0.0	1.0	0.0	0.0	0.0	0.0	0.0	0.0	0.0	0.0	3.0	0.0	0.0	1.0	2.0	1.0	0.0	0.0	0.0	0.0	0.0	0.0	1.0	1.0	0.0	2.0	1.0	-0.2285714285714286	0.0	8.057142857142857	105.10428571428572	2.55	0.0	6.25	104.135	-1.4916666666666665	-0.25	9.65	114.60916666666668	7	6	12	7	6	12	sars_cov2
7wwj	G	GTEYGDYDVSHD	IPILGI	GGTFSSY	0.0	0.0	0.0	0.0	0.0	0.0	0.0	2.0	0.0	0.0	0.0	0.0	0.0	1.0	0.0	2.0	1.0	0.0	1.0	0.0	0.0	0.0	0.0	0.0	0.0	0.0	0.0	1.0	0.0	3.0	1.0	0.0	0.0	0.0	1.0	0.0	0.0	0.0	0.0	0.0	0.0	0.0	0.0	3.0	0.0	0.0	1.0	2.0	1.0	0.0	0.0	0.0	0.0	0.0	0.0	1.0	1.0	0.0	2.0	1.0	-0.2285714285714286	0.0	8.057142857142857	105.10428571428572	2.55	0.0	6.25	104.135	-1.4916666666666665	-0.25	9.65	114.60916666666668	7	6	12	7	6	12	sars_cov2
7wwk	G	GTEYGDYDVSHD	IPILGI	GGTFSSY	0.0	0.0	0.0	0.0	0.0	0.0	0.0	2.0	0.0	0.0	0.0	0.0	0.0	1.0	0.0	2.0	1.0	0.0	1.0	0.0	0.0	0.0	0.0	0.0	0.0	0.0	0.0	1.0	0.0	3.0	1.0	0.0	0.0	0.0	1.0	0.0	0.0	0.0	0.0	0.0	0.0	0.0	0.0	3.0	0.0	0.0	1.0	2.0	1.0	0.0	0.0	0.0	0.0	0.0	0.0	1.0	1.0	0.0	2.0	1.0	-0.2285714285714286	0.0	8.057142857142857	105.10428571428572	2.55	0.0	6.25	104.135	-1.4916666666666665	-0.25	9.65	114.60916666666668	7	6	12	7	6	12	sars_cov2
7yck	C	GFGEYYYYAMDV	SYDGSN	GFTFSSY	0.0	0.0	0.0	0.0	0.0	0.0	0.0	1.0	0.0	0.0	0.0	0.0	0.0	2.0	0.0	2.0	1.0	0.0	1.0	0.0	0.0	0.0	1.0	1.0	0.0	0.0	0.0	1.0	0.0	0.0	0.0	0.0	0.0	0.0	0.0	2.0	0.0	0.0	1.0	0.0	1.0	0.0	0.0	1.0	0.0	0.0	1.0	2.0	0.0	0.0	0.0	0.0	1.0	1.0	0.0	0.0	0.0	0.0	4.0	1.0	0.2285714285714285	0.0	7.514285714285714	115.40857142857143	-1.7166666666666668	-0.1666666666666666	9.7	106.93166666666669	-0.1916666666666666	-0.1666666666666666	7.75	124.635	7	6	12	7	6	12	sars_cov2
7ycl	A	GRNYLDSRGRFDY	DPSDSY	GYSFTNY	0.0	0.0	1.0	0.0	0.0	0.0	0.0	1.0	0.0	0.0	0.0	0.0	0.0	1.0	0.0	1.0	1.0	0.0	2.0	0.0	0.0	0.0	0.0	2.0	0.0	0.0	0.0	0.0	0.0	0.0	0.0	0.0	0.0	0.0	1.0	2.0	0.0	0.0	1.0	0.0	0.0	3.0	1.0	2.0	0.0	0.0	0.0	2.0	0.0	0.0	1.0	0.0	0.0	1.0	0.0	1.0	0.0	0.0	2.0	0.0	-0.7428571428571429	0.0	8.0	121.55571428571427	-1.9166666666666667	-0.3333333333333333	9.766666666666667	110.77333333333333	-1.6615384615384616	0.0769230769230769	9.138461538461538	125.90307692307692	7	6	13	7	6	13	sars_cov2
7ycn	K	GLGIFGVVTLSDV	NHSGS	GGSFSGY	0.0	0.0	0.0	0.0	0.0	0.0	0.0	3.0	0.0	0.0	0.0	0.0	0.0	1.0	0.0	2.0	0.0	0.0	1.0	0.0	0.0	0.0	1.0	0.0	0.0	0.0	0.0	1.0	1.0	0.0	0.0	0.0	0.0	0.0	0.0	2.0	0.0	0.0	0.0	0.0	0.0	0.0	0.0	1.0	0.0	0.0	0.0	3.0	0.0	1.0	2.0	0.0	0.0	1.0	0.0	1.0	1.0	0.0	0.0	3.0	-0.1857142857142857	0.0	8.114285714285714	101.38142857142856	-1.7400000000000002	0.2	9.88	100.092	1.6384615384615384	-0.0769230769230769	7.361538461538462	100.96	7	5	13	7	5	13	sars_cov2
8hhx	F	GFGEYYYYAMDV	SYDGSN	GFTFSSY	0.0	0.0	0.0	0.0	0.0	0.0	0.0	1.0	0.0	0.0	0.0	0.0	0.0	2.0	0.0	2.0	1.0	0.0	1.0	0.0	0.0	0.0	1.0	1.0	0.0	0.0	0.0	1.0	0.0	0.0	0.0	0.0	0.0	0.0	0.0	2.0	0.0	0.0	1.0	0.0	1.0	0.0	0.0	1.0	0.0	0.0	1.0	2.0	0.0	0.0	0.0	0.0	1.0	1.0	0.0	0.0	0.0	0.0	4.0	1.0	0.2285714285714285	0.0	7.514285714285714	115.40857142857143	-1.7166666666666668	-0.1666666666666666	9.7	106.93166666666669	-0.1916666666666666	-0.1666666666666666	7.75	124.635	7	6	12	7	6	12	sars_cov2
8hhy	H	GRNYLDSRGRFDY	DPSDSY	GYSFTNY	0.0	0.0	1.0	0.0	0.0	0.0	0.0	1.0	0.0	0.0	0.0	0.0	0.0	1.0	0.0	1.0	1.0	0.0	2.0	0.0	0.0	0.0	0.0	2.0	0.0	0.0	0.0	0.0	0.0	0.0	0.0	0.0	0.0	0.0	1.0	2.0	0.0	0.0	1.0	0.0	0.0	3.0	1.0	2.0	0.0	0.0	0.0	2.0	0.0	0.0	1.0	0.0	0.0	1.0	0.0	1.0	0.0	0.0	2.0	0.0	-0.7428571428571429	0.0	8.0	121.55571428571427	-1.9166666666666667	-0.3333333333333333	9.766666666666667	110.77333333333333	-1.6615384615384616	0.0769230769230769	9.138461538461538	125.90307692307692	7	6	13	7	6	13	sars_cov2
8hhz	E	GLGIFGVVTLSDV	NHSGS	GGSFSGY	0.0	0.0	0.0	0.0	0.0	0.0	0.0	3.0	0.0	0.0	0.0	0.0	0.0	1.0	0.0	2.0	0.0	0.0	1.0	0.0	0.0	0.0	1.0	0.0	0.0	0.0	0.0	1.0	1.0	0.0	0.0	0.0	0.0	0.0	0.0	2.0	0.0	0.0	0.0	0.0	0.0	0.0	0.0	1.0	0.0	0.0	0.0	3.0	0.0	1.0	2.0	0.0	0.0	1.0	0.0	1.0	1.0	0.0	0.0	3.0	-0.1857142857142857	0.0	8.114285714285714	101.38142857142856	-1.7400000000000002	0.2	9.88	100.092	1.6384615384615384	-0.0769230769230769	7.361538461538462	100.96	7	5	13	7	5	13	sars_cov2
8d48	H	DGSAGDNSWFDP	DPSGGS	GYTFTSF	0.0	0.0	0.0	0.0	0.0	0.0	0.0	1.0	0.0	0.0	0.0	0.0	0.0	2.0	0.0	1.0	2.0	0.0	1.0	0.0	0.0	0.0	0.0	1.0	0.0	0.0	0.0	2.0	0.0	0.0	0.0	0.0	0.0	0.0	1.0	2.0	0.0	0.0	0.0	0.0	1.0	0.0	1.0	3.0	0.0	0.0	0.0	2.0	0.0	0.0	0.0	0.0	0.0	1.0	1.0	2.0	0.0	1.0	0.0	0.0	0.2428571428571428	0.0	7.428571428571429	117.41285714285712	-1.25	-0.1666666666666666	9.566666666666666	89.41166666666668	-1.1916666666666669	-0.25	9.475	107.10333333333334	7	6	12	7	6	12	sars_cov2
8dm3	H	STAVAGTPDLFDYYYGMDV	DPEDGE	GYTLTEL	0.0	0.0	0.0	0.0	0.0	0.0	1.0	1.0	0.0	0.0	2.0	0.0	0.0	0.0	0.0	0.0	2.0	0.0	1.0	0.0	0.0	0.0	0.0	2.0	0.0	0.0	2.0	1.0	0.0	0.0	0.0	0.0	0.0	0.0	1.0	0.0	0.0	0.0	0.0	0.0	2.0	0.0	0.0	3.0	0.0	0.0	0.0	2.0	0.0	0.0	1.0	0.0	1.0	1.0	1.0	1.0	2.0	0.0	3.0	2.0	0.1428571428571428	-0.1428571428571428	7.785714285714286	113.69857142857144	-2.6666666666666665	-0.6666666666666666	11.266666666666666	110.09833333333334	0.0789473684210526	-0.1578947368421052	8.094736842105263	110.69947368421052	7	6	19	7	6	19	sars_cov2
8dm4	H	STAVAGTPDLFDYYYGMDV	DPEDGE	GYTLTEL	0.0	0.0	0.0	0.0	0.0	0.0	1.0	1.0	0.0	0.0	2.0	0.0	0.0	0.0	0.0	0.0	2.0	0.0	1.0	0.0	0.0	0.0	0.0	2.0	0.0	0.0	2.0	1.0	0.0	0.0	0.0	0.0	0.0	0.0	1.0	0.0	0.0	0.0	0.0	0.0	2.0	0.0	0.0	3.0	0.0	0.0	0.0	2.0	0.0	0.0	1.0	0.0	1.0	1.0	1.0	1.0	2.0	0.0	3.0	2.0	0.1428571428571428	-0.1428571428571428	7.785714285714286	113.69857142857144	-2.6666666666666665	-0.6666666666666666	11.266666666666666	110.09833333333334	0.0789473684210526	-0.1578947368421052	8.094736842105263	110.69947368421052	7	6	19	7	6	19	sars_cov2
8hc2	H	GLGDYLDS	YAGGS	GLTVSSN	0.0	0.0	1.0	0.0	0.0	0.0	0.0	1.0	0.0	0.0	1.0	0.0	0.0	0.0	0.0	2.0	1.0	0.0	0.0	1.0	1.0	0.0	0.0	0.0	0.0	0.0	0.0	2.0	0.0	0.0	0.0	0.0	0.0	0.0	0.0	1.0	0.0	0.0	1.0	0.0	0.0	0.0	0.0	2.0	0.0	0.0	0.0	2.0	0.0	0.0	2.0	0.0	0.0	0.0	0.0	1.0	0.0	0.0	1.0	0.0	0.2571428571428571	0.0	8.342857142857143	96.67428571428572	-0.22	0.0	8.3	94.288	-0.2875000000000001	-0.25	8.65	107.1075	7	5	8	7	5	8	sars_cov2
8hc3	H	GLGDYLDS	YAGGS	GLTVSSN	0.0	0.0	1.0	0.0	0.0	0.0	0.0	1.0	0.0	0.0	1.0	0.0	0.0	0.0	0.0	2.0	1.0	0.0	0.0	1.0	1.0	0.0	0.0	0.0	0.0	0.0	0.0	2.0	0.0	0.0	0.0	0.0	0.0	0.0	0.0	1.0	0.0	0.0	1.0	0.0	0.0	0.0	0.0	2.0	0.0	0.0	0.0	2.0	0.0	0.0	2.0	0.0	0.0	0.0	0.0	1.0	0.0	0.0	1.0	0.0	0.2571428571428571	0.0	8.342857142857143	96.67428571428572	-0.22	0.0	8.3	94.288	-0.2875000000000001	-0.25	8.65	107.1075	7	5	8	7	5	8	sars_cov2
8hc4	D	ENGYSGYGAAANFDL	IPILGI	GGTFSSY	0.0	0.0	0.0	0.0	0.0	0.0	0.0	2.0	0.0	0.0	0.0	0.0	0.0	1.0	0.0	2.0	1.0	0.0	1.0	0.0	0.0	0.0	0.0	0.0	0.0	0.0	0.0	1.0	0.0	3.0	1.0	0.0	0.0	0.0	1.0	0.0	0.0	0.0	0.0	0.0	3.0	0.0	2.0	1.0	0.0	0.0	1.0	3.0	0.0	0.0	1.0	0.0	0.0	1.0	0.0	1.0	0.0	0.0	2.0	0.0	-0.2285714285714286	0.0	8.057142857142857	105.10428571428572	2.55	0.0	6.25	104.135	-0.44	-0.1333333333333333	8.766666666666667	105.64	7	6	15	7	6	15	sars_cov2
8hc5	H	GLGDYLDS	YAGGS	GLTVSSN	0.0	0.0	1.0	0.0	0.0	0.0	0.0	1.0	0.0	0.0	1.0	0.0	0.0	0.0	0.0	2.0	1.0	0.0	0.0	1.0	1.0	0.0	0.0	0.0	0.0	0.0	0.0	2.0	0.0	0.0	0.0	0.0	0.0	0.0	0.0	1.0	0.0	0.0	1.0	0.0	0.0	0.0	0.0	2.0	0.0	0.0	0.0	2.0	0.0	0.0	2.0	0.0	0.0	0.0	0.0	1.0	0.0	0.0	1.0	0.0	0.2571428571428571	0.0	8.342857142857143	96.67428571428572	-0.22	0.0	8.3	94.288	-0.2875000000000001	-0.25	8.65	107.1075	7	5	8	7	5	8	sars_cov2
8hc6	H	GLGDYLDS	YAGGS	GLTVSSN	0.0	0.0	1.0	0.0	0.0	0.0	0.0	1.0	0.0	0.0	1.0	0.0	0.0	0.0	0.0	2.0	1.0	0.0	0.0	1.0	1.0	0.0	0.0	0.0	0.0	0.0	0.0	2.0	0.0	0.0	0.0	0.0	0.0	0.0	0.0	1.0	0.0	0.0	1.0	0.0	0.0	0.0	0.0	2.0	0.0	0.0	0.0	2.0	0.0	0.0	2.0	0.0	0.0	0.0	0.0	1.0	0.0	0.0	1.0	0.0	0.2571428571428571	0.0	8.342857142857143	96.67428571428572	-0.22	0.0	8.3	94.288	-0.2875000000000001	-0.25	8.65	107.1075	7	5	8	7	5	8	sars_cov2
8hc7	H	GLGDYLDS	YAGGS	GLTVSSN	0.0	0.0	1.0	0.0	0.0	0.0	0.0	1.0	0.0	0.0	1.0	0.0	0.0	0.0	0.0	2.0	1.0	0.0	0.0	1.0	1.0	0.0	0.0	0.0	0.0	0.0	0.0	2.0	0.0	0.0	0.0	0.0	0.0	0.0	0.0	1.0	0.0	0.0	1.0	0.0	0.0	0.0	0.0	2.0	0.0	0.0	0.0	2.0	0.0	0.0	2.0	0.0	0.0	0.0	0.0	1.0	0.0	0.0	1.0	0.0	0.2571428571428571	0.0	8.342857142857143	96.67428571428572	-0.22	0.0	8.3	94.288	-0.2875000000000001	-0.25	8.65	107.1075	7	5	8	7	5	8	sars_cov2
8hc8	H	TRSRSVRNCTSATCPVDAFDL	SSNILSSTSY	GFSFITY	0.0	0.0	0.0	0.0	0.0	0.0	0.0	1.0	0.0	1.0	0.0	0.0	0.0	2.0	0.0	1.0	1.0	0.0	1.0	0.0	0.0	0.0	1.0	0.0	0.0	0.0	0.0	0.0	0.0	1.0	1.0	0.0	0.0	0.0	0.0	5.0	1.0	0.0	1.0	0.0	2.0	3.0	1.0	2.0	2.0	0.0	0.0	0.0	0.0	0.0	1.0	0.0	0.0	1.0	1.0	3.0	3.0	0.0	0.0	2.0	0.9857142857142857	0.0	6.942857142857143	119.13428571428572	-0.12	0.0	8.25	104.012	-0.3095238095238095	0.0476190476190476	8.552380952380952	108.64809523809524	7	10	21	7	10	21	sars_cov2
8hc9	D	TRSRSVRNCTSATCPVDAFDL	SSNILSSTSY	GFSFITY	0.0	0.0	0.0	0.0	0.0	0.0	0.0	1.0	0.0	1.0	0.0	0.0	0.0	2.0	0.0	1.0	1.0	0.0	1.0	0.0	0.0	0.0	1.0	0.0	0.0	0.0	0.0	0.0	0.0	1.0	1.0	0.0	0.0	0.0	0.0	5.0	1.0	0.0	1.0	0.0	2.0	3.0	1.0	2.0	2.0	0.0	0.0	0.0	0.0	0.0	1.0	0.0	0.0	1.0	1.0	3.0	3.0	0.0	0.0	2.0	0.9857142857142857	0.0	6.942857142857143	119.13428571428572	-0.12	0.0	8.25	104.012	-0.3095238095238095	0.0476190476190476	8.552380952380952	108.64809523809524	7	10	21	7	10	21	sars_cov2
8hca	D	TRSRSVRNCTSATCPVDAFDL	SSNILSSTSY	GFSFITY	0.0	0.0	0.0	0.0	0.0	0.0	0.0	1.0	0.0	1.0	0.0	0.0	0.0	2.0	0.0	1.0	1.0	0.0	1.0	0.0	0.0	0.0	1.0	0.0	0.0	0.0	0.0	0.0	0.0	1.0	1.0	0.0	0.0	0.0	0.0	5.0	1.0	0.0	1.0	0.0	2.0	3.0	1.0	2.0	2.0	0.0	0.0	0.0	0.0	0.0	1.0	0.0	0.0	1.0	1.0	3.0	3.0	0.0	0.0	2.0	0.9857142857142857	0.0	6.942857142857143	119.13428571428572	-0.12	0.0	8.25	104.012	-0.3095238095238095	0.0476190476190476	8.552380952380952	108.64809523809524	7	10	21	7	10	21	sars_cov2
8hcb	D	TRSRSVRNCTSATCPVDAFDL	SSNILSSTSY	GFSFITY	0.0	0.0	0.0	0.0	0.0	0.0	0.0	1.0	0.0	1.0	0.0	0.0	0.0	2.0	0.0	1.0	1.0	0.0	1.0	0.0	0.0	0.0	1.0	0.0	0.0	0.0	0.0	0.0	0.0	1.0	1.0	0.0	0.0	0.0	0.0	5.0	1.0	0.0	1.0	0.0	2.0	3.0	1.0	2.0	2.0	0.0	0.0	0.0	0.0	0.0	1.0	0.0	0.0	1.0	1.0	3.0	3.0	0.0	0.0	2.0	0.9857142857142857	0.0	6.942857142857143	119.13428571428572	-0.12	0.0	8.25	104.012	-0.3095238095238095	0.0476190476190476	8.552380952380952	108.64809523809524	7	10	21	7	10	21	sars_cov2
7wh8	B	EGLAFLGYGMDV	LPTFGT	GGTFSNY	0.0	0.0	1.0	0.0	0.0	0.0	0.0	2.0	0.0	0.0	0.0	0.0	0.0	1.0	0.0	1.0	1.0	0.0	1.0	0.0	0.0	0.0	0.0	0.0	0.0	0.0	0.0	1.0	0.0	0.0	1.0	0.0	0.0	1.0	1.0	0.0	2.0	0.0	0.0	0.0	1.0	0.0	0.0	1.0	0.0	0.0	1.0	3.0	0.0	0.0	2.0	0.0	1.0	1.0	0.0	0.0	0.0	0.0	1.0	1.0	-0.6142857142857144	0.0	8.4	108.96571428571428	0.5333333333333333	0.0	7.383333333333333	105.78833333333334	0.7333333333333333	-0.1666666666666666	7.766666666666667	108.95416666666668	7	6	12	7	6	12	sars_cov2
7whb	D	EGLAFLGYGMDV	LPTFGT	GGTFSNY	0.0	0.0	1.0	0.0	0.0	0.0	0.0	2.0	0.0	0.0	0.0	0.0	0.0	1.0	0.0	1.0	1.0	0.0	1.0	0.0	0.0	0.0	0.0	0.0	0.0	0.0	0.0	1.0	0.0	0.0	1.0	0.0	0.0	1.0	1.0	0.0	2.0	0.0	0.0	0.0	1.0	0.0	0.0	1.0	0.0	0.0	1.0	3.0	0.0	0.0	2.0	0.0	1.0	1.0	0.0	0.0	0.0	0.0	1.0	1.0	-0.6142857142857144	0.0	8.4	108.96571428571428	0.5333333333333333	0.0	7.383333333333333	105.78833333333334	0.7333333333333333	-0.1666666666666666	7.766666666666667	108.95416666666668	7	6	12	7	6	12	sars_cov2
7whd	D	EGLAFLGYGMDV	LPTFGT	GGTFSNY	0.0	0.0	1.0	0.0	0.0	0.0	0.0	2.0	0.0	0.0	0.0	0.0	0.0	1.0	0.0	1.0	1.0	0.0	1.0	0.0	0.0	0.0	0.0	0.0	0.0	0.0	0.0	1.0	0.0	0.0	1.0	0.0	0.0	1.0	1.0	0.0	2.0	0.0	0.0	0.0	1.0	0.0	0.0	1.0	0.0	0.0	1.0	3.0	0.0	0.0	2.0	0.0	1.0	1.0	0.0	0.0	0.0	0.0	1.0	1.0	-0.6142857142857144	0.0	8.4	108.96571428571428	0.5333333333333333	0.0	7.383333333333333	105.78833333333334	0.7333333333333333	-0.1666666666666666	7.766666666666667	108.95416666666668	7	6	12	7	6	12	sars_cov2
7x25	A	EGGSGYDFFDY	IPILGI	GGTFSSY	0.0	0.0	0.0	0.0	0.0	0.0	0.0	2.0	0.0	0.0	0.0	0.0	0.0	1.0	0.0	2.0	1.0	0.0	1.0	0.0	0.0	0.0	0.0	0.0	0.0	0.0	0.0	1.0	0.0	3.0	1.0	0.0	0.0	0.0	1.0	0.0	0.0	0.0	0.0	0.0	0.0	0.0	0.0	2.0	0.0	0.0	1.0	3.0	0.0	0.0	0.0	0.0	0.0	2.0	0.0	1.0	0.0	0.0	2.0	0.0	-0.2285714285714286	0.0	8.057142857142857	105.10428571428572	2.55	0.0	6.25	104.135	-0.8636363636363636	-0.2727272727272727	8.845454545454546	117.47727272727272	7	6	11	7	6	11	sars_cov2
8dxt	H	SGEQQLVQAEYFHH	SGSGGS	GFTFSSY	0.0	0.0	0.0	0.0	0.0	0.0	0.0	1.0	0.0	0.0	0.0	0.0	0.0	2.0	0.0	2.0	1.0	0.0	1.0	0.0	0.0	0.0	0.0	0.0	0.0	0.0	0.0	3.0	0.0	0.0	0.0	0.0	0.0	0.0	0.0	3.0	0.0	0.0	0.0	0.0	1.0	0.0	0.0	0.0	0.0	3.0	2.0	1.0	2.0	0.0	1.0	0.0	0.0	1.0	0.0	1.0	0.0	0.0	1.0	1.0	0.2285714285714285	0.0	7.514285714285714	115.40857142857143	-0.6	0.0	9.1	81.065	-0.9857142857142858	0.0	8.957142857142857	119.48357142857142	7	6	14	7	6	14	sars_cov2
8dxu	H	EATAGFDY	WYDGSD	GFTFSSY	0.0	0.0	0.0	0.0	0.0	0.0	0.0	1.0	0.0	0.0	0.0	0.0	0.0	2.0	0.0	2.0	1.0	0.0	1.0	0.0	0.0	0.0	0.0	2.0	0.0	0.0	0.0	1.0	0.0	0.0	0.0	0.0	0.0	0.0	0.0	1.0	0.0	1.0	1.0	0.0	2.0	0.0	0.0	1.0	0.0	0.0	1.0	1.0	0.0	0.0	0.0	0.0	0.0	1.0	0.0	0.0	1.0	0.0	1.0	0.0	0.2285714285714285	0.0	7.514285714285714	115.40857142857143	-1.7333333333333334	-0.3333333333333333	9.3	123.61833333333334	-0.375	-0.25	8.8125	109.11125	7	6	8	7	6	8	sars_cov2
7wch	D	NHCSNTTCLDGFDI	VVASGN	GFTFTNS	0.0	0.0	1.0	0.0	0.0	0.0	0.0	1.0	0.0	0.0	0.0	0.0	0.0	2.0	0.0	1.0	2.0	0.0	0.0	0.0	1.0	0.0	1.0	0.0	0.0	0.0	0.0	1.0	0.0	0.0	0.0	0.0	0.0	0.0	0.0	1.0	0.0	0.0	0.0	2.0	0.0	0.0	2.0	2.0	2.0	0.0	0.0	1.0	1.0	1.0	1.0	0.0	0.0	1.0	0.0	1.0	2.0	0.0	0.0	0.0	-0.0714285714285714	0.0	8.2	110.40285714285714	0.9166666666666666	0.0	8.283333333333333	90.93	-0.2642857142857143	-0.0714285714285714	8.664285714285715	109.97785714285716	7	6	14	7	6	14	sars_cov2
7wck	A	NHCSNTTCLDGFDI	VVASGN	GFTFTNS	0.0	0.0	1.0	0.0	0.0	0.0	0.0	1.0	0.0	0.0	0.0	0.0	0.0	2.0	0.0	1.0	2.0	0.0	0.0	0.0	1.0	0.0	1.0	0.0	0.0	0.0	0.0	1.0	0.0	0.0	0.0	0.0	0.0	0.0	0.0	1.0	0.0	0.0	0.0	2.0	0.0	0.0	2.0	2.0	2.0	0.0	0.0	1.0	1.0	1.0	1.0	0.0	0.0	1.0	0.0	1.0	2.0	0.0	0.0	0.0	-0.0714285714285714	0.0	8.2	110.40285714285714	0.9166666666666666	0.0	8.283333333333333	90.93	-0.2642857142857143	-0.0714285714285714	8.664285714285715	109.97785714285716	7	6	14	7	6	14	sars_cov2
7wcp	D	DYGDFYFDY	YPGGS	EFIVSRN	0.0	1.0	1.0	0.0	0.0	0.0	1.0	0.0	0.0	1.0	0.0	0.0	0.0	1.0	0.0	1.0	0.0	0.0	0.0	1.0	0.0	0.0	0.0	0.0	0.0	0.0	0.0	2.0	0.0	0.0	0.0	0.0	0.0	0.0	1.0	1.0	0.0	0.0	1.0	0.0	0.0	0.0	0.0	3.0	0.0	0.0	0.0	1.0	0.0	0.0	0.0	0.0	0.0	2.0	0.0	0.0	0.0	0.0	3.0	0.0	-0.1142857142857143	0.0	8.557142857142857	120.85285714285716	-0.9	0.0	8.28	99.496	-1.0222222222222224	-0.3333333333333333	8.555555555555555	133.8022222222222	7	5	9	7	5	9	sars_cov2
7wcu	A	DYGDFYFDY	YPGGS	EFIVSRN	0.0	1.0	1.0	0.0	0.0	0.0	1.0	0.0	0.0	1.0	0.0	0.0	0.0	1.0	0.0	1.0	0.0	0.0	0.0	1.0	0.0	0.0	0.0	0.0	0.0	0.0	0.0	2.0	0.0	0.0	0.0	0.0	0.0	0.0	1.0	1.0	0.0	0.0	1.0	0.0	0.0	0.0	0.0	3.0	0.0	0.0	0.0	1.0	0.0	0.0	0.0	0.0	0.0	2.0	0.0	0.0	0.0	0.0	3.0	0.0	-0.1142857142857143	0.0	8.557142857142857	120.85285714285716	-0.9	0.0	8.28	99.496	-1.0222222222222224	-0.3333333333333333	8.555555555555555	133.8022222222222	7	5	9	7	5	9	sars_cov2
7ykj	A	AISRYPWGCLDY	SGTGDD	GFTFSNY	0.0	0.0	1.0	0.0	0.0	0.0	0.0	1.0	0.0	0.0	0.0	0.0	0.0	2.0	0.0	1.0	1.0	0.0	1.0	0.0	0.0	0.0	0.0	2.0	0.0	0.0	0.0	2.0	0.0	0.0	0.0	0.0	0.0	0.0	0.0	1.0	1.0	0.0	0.0	0.0	1.0	1.0	0.0	1.0	1.0	0.0	0.0	1.0	0.0	1.0	1.0	0.0	0.0	0.0	1.0	1.0	0.0	1.0	2.0	0.0	-0.1571428571428572	0.0	7.857142857142857	119.27	-1.55	-0.3333333333333333	10.3	94.745	-0.1416666666666667	0.0	7.6	120.305	7	6	12	7	6	12	sars_cov2
7t72	H	DPVSTGHYHDSDY	YPGGS	GFTVSRN	0.0	1.0	1.0	0.0	0.0	0.0	0.0	1.0	0.0	0.0	0.0	0.0	0.0	1.0	0.0	1.0	1.0	0.0	0.0	1.0	0.0	0.0	0.0	0.0	0.0	0.0	0.0	2.0	0.0	0.0	0.0	0.0	0.0	0.0	1.0	1.0	0.0	0.0	1.0	0.0	0.0	0.0	0.0	3.0	0.0	0.0	0.0	1.0	2.0	0.0	0.0	0.0	0.0	0.0	1.0	2.0	1.0	0.0	2.0	1.0	-0.4142857142857142	0.1428571428571428	8.571428571428571	111.40714285714286	-0.9	0.0	8.28	99.496	-1.507692307692308	-0.0769230769230769	9.392307692307693	114.80615384615383	7	5	13	7	5	13	sars_cov2
7wti	H	HKIEYIFDY	YWDGD	GFSLNTGGA	1.0	0.0	1.0	0.0	0.0	0.0	0.0	3.0	0.0	0.0	1.0	0.0	0.0	1.0	0.0	1.0	1.0	0.0	0.0	0.0	0.0	0.0	0.0	2.0	0.0	0.0	0.0	1.0	0.0	0.0	0.0	0.0	0.0	0.0	0.0	0.0	0.0	1.0	1.0	0.0	0.0	0.0	0.0	1.0	0.0	0.0	1.0	0.0	1.0	2.0	0.0	1.0	0.0	1.0	0.0	0.0	0.0	0.0	2.0	0.0	0.2444444444444444	0.0	8.288888888888888	95.43	-1.92	-0.4	9.32	130.926	-0.5444444444444445	0.0	8.333333333333334	134.3766666666667	9	5	9	9	5	9	sars_cov2
7wtf	H	LDGYSFGHDRYYQDGMDD	IPIFGT	GGTFSNY	0.0	0.0	1.0	0.0	0.0	0.0	0.0	2.0	0.0	0.0	0.0	0.0	0.0	1.0	0.0	1.0	1.0	0.0	1.0	0.0	0.0	0.0	0.0	0.0	0.0	0.0	0.0	1.0	0.0	2.0	0.0	0.0	0.0	1.0	1.0	0.0	1.0	0.0	0.0	0.0	0.0	1.0	0.0	5.0	0.0	1.0	0.0	3.0	1.0	0.0	1.0	0.0	1.0	1.0	0.0	1.0	0.0	0.0	3.0	0.0	-0.6142857142857144	0.0	8.4	108.96571428571428	1.5166666666666666	0.0	6.866666666666667	107.79666666666668	-1.4500000000000002	-0.1666666666666666	9.27777777777778	121.67888888888888	7	6	18	7	6	18	sars_cov2
7wtg	H	LDGYSFGHDRYYQDGMDD	IPIFGT	GGTFSNY	0.0	0.0	1.0	0.0	0.0	0.0	0.0	2.0	0.0	0.0	0.0	0.0	0.0	1.0	0.0	1.0	1.0	0.0	1.0	0.0	0.0	0.0	0.0	0.0	0.0	0.0	0.0	1.0	0.0	2.0	0.0	0.0	0.0	1.0	1.0	0.0	1.0	0.0	0.0	0.0	0.0	1.0	0.0	5.0	0.0	1.0	0.0	3.0	1.0	0.0	1.0	0.0	1.0	1.0	0.0	1.0	0.0	0.0	3.0	0.0	-0.6142857142857144	0.0	8.4	108.96571428571428	1.5166666666666666	0.0	6.866666666666667	107.79666666666668	-1.4500000000000002	-0.1666666666666666	9.27777777777778	121.67888888888888	7	6	18	7	6	18	sars_cov2
7wth	H	HKIEYIFDY	YWDGD	GFSLNTGGA	1.0	0.0	1.0	0.0	0.0	0.0	0.0	3.0	0.0	0.0	1.0	0.0	0.0	1.0	0.0	1.0	1.0	0.0	0.0	0.0	0.0	0.0	0.0	2.0	0.0	0.0	0.0	1.0	0.0	0.0	0.0	0.0	0.0	0.0	0.0	0.0	0.0	1.0	1.0	0.0	0.0	0.0	0.0	1.0	0.0	0.0	1.0	0.0	1.0	2.0	0.0	1.0	0.0	1.0	0.0	0.0	0.0	0.0	2.0	0.0	0.2444444444444444	0.0	8.288888888888888	95.43	-1.92	-0.4	9.32	130.926	-0.5444444444444445	0.0	8.333333333333334	134.3766666666667	9	5	9	9	5	9	sars_cov2
7wtj	H	AEGSSWLGWFDP	NPGDGG	GYTFSSY	0.0	0.0	0.0	0.0	0.0	0.0	0.0	1.0	0.0	0.0	0.0	0.0	0.0	1.0	0.0	2.0	1.0	0.0	2.0	0.0	0.0	0.0	1.0	1.0	0.0	0.0	0.0	3.0	0.0	0.0	0.0	0.0	0.0	0.0	1.0	0.0	0.0	0.0	0.0	0.0	1.0	0.0	0.0	1.0	0.0	0.0	1.0	2.0	0.0	0.0	1.0	0.0	0.0	1.0	1.0	2.0	0.0	2.0	0.0	0.0	-0.3571428571428572	0.0	7.6571428571428575	117.69428571428573	-1.6333333333333335	-0.1666666666666666	9.933333333333334	91.91166666666668	-0.3666666666666667	-0.1666666666666666	8.225	114.12083333333334	7	6	12	7	6	12	sars_cov2
7wtk	H	AEGSSWLGWFDP	NPGDGG	GYTFSSY	0.0	0.0	0.0	0.0	0.0	0.0	0.0	1.0	0.0	0.0	0.0	0.0	0.0	1.0	0.0	2.0	1.0	0.0	2.0	0.0	0.0	0.0	1.0	1.0	0.0	0.0	0.0	3.0	0.0	0.0	0.0	0.0	0.0	0.0	1.0	0.0	0.0	0.0	0.0	0.0	1.0	0.0	0.0	1.0	0.0	0.0	1.0	2.0	0.0	0.0	1.0	0.0	0.0	1.0	1.0	2.0	0.0	2.0	0.0	0.0	-0.3571428571428572	0.0	7.6571428571428575	117.69428571428573	-1.6333333333333335	-0.1666666666666666	9.933333333333334	91.91166666666668	-0.3666666666666667	-0.1666666666666666	8.225	114.12083333333334	7	6	12	7	6	12	sars_cov2
7x8w	H	DLAFSMVRGALDY	NPNSGA	GFLFTGY	0.0	0.0	0.0	0.0	0.0	0.0	0.0	2.0	0.0	0.0	1.0	0.0	0.0	2.0	0.0	0.0	1.0	0.0	1.0	0.0	1.0	0.0	2.0	0.0	0.0	0.0	0.0	1.0	0.0	0.0	0.0	0.0	0.0	0.0	1.0	1.0	0.0	0.0	0.0	0.0	2.0	1.0	0.0	2.0	0.0	0.0	0.0	1.0	0.0	0.0	2.0	0.0	1.0	1.0	0.0	1.0	0.0	0.0	1.0	1.0	0.9428571428571428	0.0	6.871428571428572	117.41571428571427	-1.3333333333333333	0.0	9.583333333333334	93.09166666666664	0.4692307692307692	-0.0769230769230769	7.976923076923077	112.12846153846156	7	6	13	7	6	13	sars_cov2
7x8y	H	ADYDILTGTPASPY	KSKTDGGT	GFTFNNA	1.0	0.0	2.0	0.0	0.0	0.0	0.0	1.0	0.0	0.0	0.0	0.0	0.0	2.0	0.0	0.0	1.0	0.0	0.0	0.0	0.0	0.0	0.0	1.0	0.0	0.0	0.0	2.0	0.0	0.0	0.0	2.0	0.0	0.0	0.0	1.0	2.0	0.0	0.0	0.0	2.0	0.0	0.0	2.0	0.0	0.0	0.0	1.0	0.0	1.0	1.0	0.0	0.0	0.0	2.0	1.0	2.0	0.0	2.0	0.0	-0.1	0.0	8.471428571428572	109.97428571428571	-1.7875	0.125	10.0	101.35625	-0.25	-0.1428571428571428	8.292857142857143	105.97214285714288	7	8	14	7	8	14	sars_cov2
7x90	E	LITMIRGVPDY	SYDGSN	GFTFSHY	0.0	0.0	0.0	0.0	0.0	0.0	0.0	1.0	1.0	0.0	0.0	0.0	0.0	2.0	0.0	1.0	1.0	0.0	1.0	0.0	0.0	0.0	1.0	1.0	0.0	0.0	0.0	1.0	0.0	0.0	0.0	0.0	0.0	0.0	0.0	2.0	0.0	0.0	1.0	0.0	0.0	1.0	0.0	1.0	0.0	0.0	0.0	1.0	0.0	2.0	1.0	0.0	1.0	0.0	1.0	0.0	1.0	0.0	1.0	1.0	-0.1142857142857143	0.1428571428571428	7.685714285714285	122.56	-1.7166666666666668	-0.1666666666666666	9.7	106.93166666666669	0.6272727272727272	0.0	7.472727272727273	116.14090909090908	7	6	11	7	6	11	sars_cov2
7x91	H	FPYYYDNSGSGP	VVGSGN	GFIFTNS	0.0	0.0	1.0	0.0	0.0	0.0	0.0	1.0	0.0	1.0	0.0	0.0	0.0	2.0	0.0	1.0	1.0	0.0	0.0	0.0	0.0	0.0	1.0	0.0	0.0	0.0	0.0	2.0	0.0	0.0	0.0	0.0	0.0	0.0	0.0	1.0	0.0	0.0	0.0	2.0	0.0	0.0	1.0	1.0	0.0	0.0	0.0	2.0	0.0	0.0	0.0	0.0	0.0	1.0	2.0	2.0	0.0	0.0	3.0	0.0	0.6714285714285714	0.0	7.714285714285714	112.12428571428572	0.55	0.0	8.433333333333334	91.59166666666664	-1.1416666666666668	-0.0833333333333333	8.4	115.36833333333334	7	6	12	7	6	12	sars_cov2
7x92	H	DGTVAVRGVMNPFFDY	WYDGSK	GFTFSNS	0.0	0.0	1.0	0.0	0.0	0.0	0.0	1.0	0.0	0.0	0.0	0.0	0.0	2.0	0.0	2.0	1.0	0.0	0.0	0.0	0.0	0.0	0.0	1.0	0.0	0.0	0.0	1.0	0.0	0.0	0.0	1.0	0.0	0.0	0.0	1.0	0.0	1.0	1.0	0.0	1.0	1.0	1.0	2.0	0.0	0.0	0.0	2.0	0.0	0.0	0.0	0.0	1.0	2.0	1.0	0.0	1.0	0.0	1.0	3.0	-0.0857142857142857	0.0	8.285714285714286	108.39857142857144	-1.8	0.0	9.016666666666667	125.8	0.15625	-0.0625	8.175	112.87625	7	6	16	7	6	16	sars_cov2
8dw2	D	DYTRGAWFGESLIGGFDN	STYNGN	GYPFTSY	0.0	0.0	0.0	0.0	0.0	0.0	0.0	1.0	0.0	0.0	0.0	0.0	0.0	1.0	1.0	1.0	1.0	0.0	2.0	0.0	0.0	0.0	2.0	0.0	0.0	0.0	0.0	1.0	0.0	0.0	0.0	0.0	0.0	0.0	0.0	1.0	1.0	0.0	1.0	0.0	1.0	1.0	1.0	2.0	0.0	0.0	1.0	4.0	0.0	1.0	1.0	0.0	0.0	2.0	0.0	1.0	1.0	1.0	1.0	0.0	-0.4714285714285715	0.0	7.485714285714286	119.12857142857142	-1.7	0.0	9.366666666666664	109.10666666666668	-0.45	-0.1111111111111111	8.577777777777778	114.39722222222224	7	6	18	7	6	18	sars_cov2
8dw3	D	DYTRGAWFGESLIGGFDN	STYNGN	GYPFTSY	0.0	0.0	0.0	0.0	0.0	0.0	0.0	1.0	0.0	0.0	0.0	0.0	0.0	1.0	1.0	1.0	1.0	0.0	2.0	0.0	0.0	0.0	2.0	0.0	0.0	0.0	0.0	1.0	0.0	0.0	0.0	0.0	0.0	0.0	0.0	1.0	1.0	0.0	1.0	0.0	1.0	1.0	1.0	2.0	0.0	0.0	1.0	4.0	0.0	1.0	1.0	0.0	0.0	2.0	0.0	1.0	1.0	1.0	1.0	0.0	-0.4714285714285715	0.0	7.485714285714286	119.12857142857142	-1.7	0.0	9.366666666666664	109.10666666666668	-0.45	-0.1111111111111111	8.577777777777778	114.39722222222224	7	6	18	7	6	18	sars_cov2
8dwa	H	DTGWTLTAFDI	FPLIGK	GGTFGDD	0.0	0.0	0.0	2.0	0.0	0.0	0.0	3.0	0.0	0.0	0.0	0.0	0.0	1.0	0.0	0.0	1.0	0.0	0.0	0.0	0.0	0.0	0.0	0.0	0.0	0.0	0.0	1.0	0.0	1.0	1.0	1.0	0.0	1.0	1.0	0.0	0.0	0.0	0.0	0.0	1.0	0.0	0.0	2.0	0.0	0.0	0.0	1.0	0.0	1.0	1.0	0.0	0.0	1.0	0.0	0.0	3.0	1.0	0.0	0.0	-0.8714285714285716	-0.2857142857142857	9.542857142857144	100.51714285714286	0.8666666666666666	0.1666666666666666	7.266666666666667	112.30833333333334	0.2272727272727272	-0.1818181818181818	8.145454545454545	112.6690909090909	7	6	11	7	6	11	sars_cov2
7u9o	H	EETIVGATPPYGLDV	NPNSGV	GDGY	0.0	0.0	0.0	1.0	0.0	0.0	0.0	2.0	0.0	0.0	0.0	0.0	0.0	0.0	0.0	0.0	0.0	0.0	1.0	0.0	0.0	0.0	2.0	0.0	0.0	0.0	0.0	1.0	0.0	0.0	0.0	0.0	0.0	0.0	1.0	1.0	0.0	0.0	0.0	1.0	1.0	0.0	0.0	1.0	0.0	0.0	2.0	2.0	0.0	1.0	1.0	0.0	0.0	0.0	2.0	0.0	2.0	0.0	1.0	2.0	-1.4	-0.25	9.3	107.0925	-0.9333333333333332	0.0	9.216666666666669	97.76666666666668	0.0866666666666666	-0.2	8.333333333333334	105.24866666666668	4	6	15	4	6	15	sars_cov2
7u9p	H	DPHCTGGVCDAFDL	WYSGSD	GFSFNSY	0.0	0.0	1.0	0.0	0.0	0.0	0.0	1.0	0.0	0.0	0.0	0.0	0.0	2.0	0.0	2.0	0.0	0.0	1.0	0.0	0.0	0.0	0.0	1.0	0.0	0.0	0.0	1.0	0.0	0.0	0.0	0.0	0.0	0.0	0.0	2.0	0.0	1.0	1.0	0.0	1.0	0.0	0.0	3.0	2.0	0.0	0.0	2.0	1.0	0.0	1.0	0.0	0.0	1.0	1.0	0.0	1.0	0.0	0.0	1.0	-0.1714285714285715	0.0	7.942857142857143	117.26571428571428	-1.2833333333333334	-0.1666666666666666	8.666666666666666	118.95	0.0571428571428571	-0.1428571428571428	8.507142857142856	104.82785714285714	7	6	14	7	6	14	sars_cov2
7xmz	H	DVYSESGSGSYYDY	DWNSGV	GFTFEDY	0.0	0.0	0.0	1.0	0.0	0.0	1.0	1.0	0.0	0.0	0.0	0.0	0.0	2.0	0.0	0.0	1.0	0.0	1.0	0.0	0.0	0.0	1.0	1.0	0.0	0.0	0.0	1.0	0.0	0.0	0.0	0.0	0.0	0.0	0.0	1.0	0.0	1.0	0.0	1.0	0.0	0.0	0.0	2.0	0.0	0.0	1.0	2.0	0.0	0.0	0.0	0.0	0.0	0.0	0.0	4.0	0.0	0.0	4.0	1.0	-0.5428571428571429	-0.2857142857142857	8.5	125.4157142857143	-0.8166666666666668	-0.1666666666666666	9.016666666666667	112.78	-1.1071428571428572	-0.2142857142857142	8.842857142857143	114.9692857142857	7	6	14	7	6	14	sars_cov2
7xst	L	SYGDFYVDF	YPGGS	EIIVNRN	0.0	1.0	2.0	0.0	0.0	0.0	1.0	0.0	0.0	2.0	0.0	0.0	0.0	0.0	0.0	0.0	0.0	0.0	0.0	1.0	0.0	0.0	0.0	0.0	0.0	0.0	0.0	2.0	0.0	0.0	0.0	0.0	0.0	0.0	1.0	1.0	0.0	0.0	1.0	0.0	0.0	0.0	0.0	2.0	0.0	0.0	0.0	1.0	0.0	0.0	0.0	0.0	0.0	2.0	0.0	1.0	0.0	0.0	2.0	1.0	-0.2571428571428571	0.0	8.9	119.85428571428572	-0.9	0.0	8.28	99.496	-0.1111111111111111	-0.2222222222222222	8.100000000000001	123.57333333333334	7	5	9	7	5	9	sars_cov2
7sj0	B	GSPFDRTQNWFDP	DPEDGE	GYTLTEL	0.0	0.0	0.0	0.0	0.0	0.0	1.0	1.0	0.0	0.0	2.0	0.0	0.0	0.0	0.0	0.0	2.0	0.0	1.0	0.0	0.0	0.0	0.0	2.0	0.0	0.0	2.0	1.0	0.0	0.0	0.0	0.0	0.0	0.0	1.0	0.0	0.0	0.0	0.0	0.0	0.0	1.0	1.0	2.0	0.0	1.0	0.0	1.0	0.0	0.0	0.0	0.0	0.0	2.0	2.0	1.0	1.0	1.0	0.0	0.0	0.1428571428571428	-0.1428571428571428	7.785714285714286	113.69857142857144	-2.6666666666666665	-0.6666666666666666	11.266666666666666	110.09833333333334	-1.453846153846154	-0.0769230769230769	9.015384615384615	120.51307692307692	7	6	13	7	6	13	sars_cov2
8err	H	HTIPSIFDY	YWDDD	GFSVTTSGV	0.0	0.0	0.0	0.0	0.0	0.0	0.0	2.0	0.0	0.0	0.0	0.0	0.0	1.0	0.0	2.0	2.0	0.0	0.0	2.0	0.0	0.0	0.0	3.0	0.0	0.0	0.0	0.0	0.0	0.0	0.0	0.0	0.0	0.0	0.0	0.0	0.0	1.0	1.0	0.0	0.0	0.0	0.0	1.0	0.0	0.0	0.0	0.0	1.0	2.0	0.0	0.0	0.0	1.0	1.0	1.0	1.0	0.0	1.0	0.0	0.8222222222222223	0.0	7.844444444444444	96.88	-2.54	-0.6	10.12	138.93400000000003	0.0777777777777777	0.0	7.888888888888889	119.35777777777778	9	5	9	9	5	9	sars_cov2
7yr1	H	AQGGWELPGAGYYYFYGMDV	YRGGS	GLTVSSN	0.0	0.0	1.0	0.0	0.0	0.0	0.0	1.0	0.0	0.0	1.0	0.0	0.0	0.0	0.0	2.0	1.0	0.0	0.0	1.0	0.0	1.0	0.0	0.0	0.0	0.0	0.0	2.0	0.0	0.0	0.0	0.0	0.0	0.0	0.0	1.0	0.0	0.0	1.0	0.0	2.0	0.0	0.0	1.0	0.0	1.0	1.0	5.0	0.0	0.0	1.0	0.0	1.0	1.0	1.0	0.0	0.0	1.0	4.0	1.0	0.2571428571428571	0.0	8.342857142857143	96.67428571428572	-1.48	0.2	8.78	111.31	-0.195	-0.1	7.845000000000001	115.824	7	5	20	7	5	20	sars_cov2
7yr0	C	DYTRGAWFGESLIGGFDN	STYNGN	GYPFTSY	0.0	0.0	0.0	0.0	0.0	0.0	0.0	1.0	0.0	0.0	0.0	0.0	0.0	1.0	1.0	1.0	1.0	0.0	2.0	0.0	0.0	0.0	2.0	0.0	0.0	0.0	0.0	1.0	0.0	0.0	0.0	0.0	0.0	0.0	0.0	1.0	1.0	0.0	1.0	0.0	1.0	1.0	1.0	2.0	0.0	0.0	1.0	4.0	0.0	1.0	1.0	0.0	0.0	2.0	0.0	1.0	1.0	1.0	1.0	0.0	-0.4714285714285715	0.0	7.485714285714286	119.12857142857142	-1.7	0.0	9.366666666666664	109.10666666666668	-0.45	-0.1111111111111111	8.577777777777778	114.39722222222224	7	6	18	7	6	18	sars_cov2
7wrj	A	RPDLDSDLIVVDAFDM	YWDDS	GFSLKKNGV	0.0	0.0	1.0	0.0	0.0	0.0	0.0	2.0	0.0	0.0	1.0	2.0	0.0	1.0	0.0	1.0	0.0	0.0	0.0	1.0	0.0	0.0	0.0	2.0	0.0	0.0	0.0	0.0	0.0	0.0	0.0	0.0	0.0	0.0	0.0	1.0	0.0	1.0	1.0	0.0	1.0	1.0	0.0	5.0	0.0	0.0	0.0	0.0	0.0	1.0	2.0	0.0	1.0	1.0	1.0	1.0	0.0	0.0	0.0	2.0	-0.2333333333333333	0.2222222222222222	8.600000000000001	107.45777777777778	-2.0	-0.4	9.36	133.332	0.1624999999999999	-0.25	8.65625	112.69	9	5	16	9	5	16	sars_cov2
7y0c	A	VSQWELLVY	IPIFNT	GGTFSTY	0.0	0.0	0.0	0.0	0.0	0.0	0.0	2.0	0.0	0.0	0.0	0.0	0.0	1.0	0.0	1.0	2.0	0.0	1.0	0.0	0.0	0.0	1.0	0.0	0.0	0.0	0.0	0.0	0.0	2.0	0.0	0.0	0.0	1.0	1.0	0.0	1.0	0.0	0.0	0.0	0.0	0.0	0.0	0.0	0.0	1.0	1.0	0.0	0.0	0.0	2.0	0.0	0.0	0.0	0.0	1.0	0.0	1.0	1.0	2.0	-0.2142857142857143	0.0	7.971428571428571	107.10857142857142	1.0	0.0	7.3	114.30666666666669	0.6666666666666666	-0.1111111111111111	7.2444444444444445	124.25666666666666	7	6	9	7	6	9	sars_cov2
7y0v	H	GRGSPPHYYFYFGLDV	YYTGS	GASITSSDS	1.0	0.0	0.0	1.0	0.0	0.0	0.0	1.0	0.0	1.0	0.0	0.0	0.0	0.0	0.0	4.0	1.0	0.0	0.0	0.0	0.0	0.0	0.0	0.0	0.0	0.0	0.0	1.0	0.0	0.0	0.0	0.0	0.0	0.0	0.0	1.0	1.0	0.0	2.0	0.0	0.0	1.0	0.0	1.0	0.0	0.0	0.0	3.0	1.0	0.0	1.0	0.0	0.0	2.0	2.0	1.0	0.0	0.0	3.0	1.0	-0.1666666666666666	-0.1111111111111111	8.966666666666667	91.53444444444445	-0.9	0.0	7.840000000000001	117.92	-0.41875	0.0625	7.86875	119.4425	9	5	16	9	5	16	sars_cov2
7xco	H	DYTRGAWFGESLIGGFDN	STYNGN	GYPFTSY	0.0	0.0	0.0	0.0	0.0	0.0	0.0	1.0	0.0	0.0	0.0	0.0	0.0	1.0	1.0	1.0	1.0	0.0	2.0	0.0	0.0	0.0	2.0	0.0	0.0	0.0	0.0	1.0	0.0	0.0	0.0	0.0	0.0	0.0	0.0	1.0	1.0	0.0	1.0	0.0	1.0	1.0	1.0	2.0	0.0	0.0	1.0	4.0	0.0	1.0	1.0	0.0	0.0	2.0	0.0	1.0	1.0	1.0	1.0	0.0	-0.4714285714285715	0.0	7.485714285714286	119.12857142857142	-1.7	0.0	9.366666666666664	109.10666666666668	-0.45	-0.1111111111111111	8.577777777777778	114.39722222222224	7	6	18	7	6	18	sars_cov2
7xxl	A	EEQQLVHDYYYYGMDV	YYRSKWY	GDSVSSNSA	1.0	0.0	1.0	1.0	0.0	0.0	0.0	1.0	0.0	0.0	0.0	0.0	0.0	0.0	0.0	4.0	0.0	0.0	0.0	1.0	0.0	1.0	0.0	0.0	0.0	0.0	0.0	0.0	0.0	0.0	0.0	1.0	0.0	0.0	0.0	1.0	0.0	1.0	3.0	0.0	0.0	0.0	0.0	2.0	0.0	2.0	2.0	1.0	1.0	0.0	1.0	0.0	1.0	0.0	0.0	0.0	0.0	0.0	4.0	2.0	-0.5111111111111111	-0.1111111111111111	9.377777777777776	91.42	-2.0	0.2857142857142857	7.857142857142857	149.60142857142858	-0.98125	-0.1875	8.637500000000001	128.263125	9	7	16	9	7	16	sars_cov2
7wbz	H	DLAVYGMDV	YSGGS	GFTVRSN	0.0	1.0	1.0	0.0	0.0	0.0	0.0	1.0	0.0	0.0	0.0	0.0	0.0	1.0	0.0	1.0	1.0	0.0	0.0	1.0	0.0	0.0	0.0	0.0	0.0	0.0	0.0	2.0	0.0	0.0	0.0	0.0	0.0	0.0	0.0	2.0	0.0	0.0	1.0	0.0	1.0	0.0	0.0	2.0	0.0	0.0	0.0	1.0	0.0	0.0	1.0	0.0	1.0	0.0	0.0	0.0	0.0	0.0	1.0	2.0	-0.4142857142857142	0.1428571428571428	8.571428571428571	111.40714285714286	-0.74	0.0	8.52	97.488	0.8	-0.2222222222222222	7.966666666666667	109.12333333333332	7	5	9	7	5	9	sars_cov2
7xck	A	DYTRGAWFGESLIGGFDN	STYNGN	GYPFTSY	0.0	0.0	0.0	0.0	0.0	0.0	0.0	1.0	0.0	0.0	0.0	0.0	0.0	1.0	1.0	1.0	1.0	0.0	2.0	0.0	0.0	0.0	2.0	0.0	0.0	0.0	0.0	1.0	0.0	0.0	0.0	0.0	0.0	0.0	0.0	1.0	1.0	0.0	1.0	0.0	1.0	1.0	1.0	2.0	0.0	0.0	1.0	4.0	0.0	1.0	1.0	0.0	0.0	2.0	0.0	1.0	1.0	1.0	1.0	0.0	-0.4714285714285715	0.0	7.485714285714286	119.12857142857142	-1.7	0.0	9.366666666666664	109.10666666666668	-0.45	-0.1111111111111111	8.577777777777778	114.39722222222224	7	6	18	7	6	18	sars_cov2
7xcp	H	GDSSGYYYYFDY	GTAGD	GFTFSSY	0.0	0.0	0.0	0.0	0.0	0.0	0.0	1.0	0.0	0.0	0.0	0.0	0.0	2.0	0.0	2.0	1.0	0.0	1.0	0.0	1.0	0.0	0.0	1.0	0.0	0.0	0.0	2.0	0.0	0.0	0.0	0.0	0.0	0.0	0.0	0.0	1.0	0.0	0.0	0.0	0.0	0.0	0.0	2.0	0.0	0.0	0.0	2.0	0.0	0.0	0.0	0.0	0.0	1.0	0.0	2.0	0.0	0.0	5.0	0.0	0.2285714285714285	0.0	7.514285714285714	115.40857142857143	-0.64	-0.2	9.54	87.476	-1.0916666666666668	-0.1666666666666666	8.216666666666667	126.46	7	5	12	7	5	12	sars_cov2
7yad	A	DYTRGAWFGESLIGGFDN	STYNGN	GYPFTSY	0.0	0.0	0.0	0.0	0.0	0.0	0.0	1.0	0.0	0.0	0.0	0.0	0.0	1.0	1.0	1.0	1.0	0.0	2.0	0.0	0.0	0.0	2.0	0.0	0.0	0.0	0.0	1.0	0.0	0.0	0.0	0.0	0.0	0.0	0.0	1.0	1.0	0.0	1.0	0.0	1.0	1.0	1.0	2.0	0.0	0.0	1.0	4.0	0.0	1.0	1.0	0.0	0.0	2.0	0.0	1.0	1.0	1.0	1.0	0.0	-0.4714285714285715	0.0	7.485714285714286	119.12857142857142	-1.7	0.0	9.366666666666664	109.10666666666668	-0.45	-0.1111111111111111	8.577777777777778	114.39722222222224	7	6	18	7	6	18	sars_cov2
8dad	H	PYCNKTNCRDGFDM	VVGSGN	QFTFSIS	0.0	0.0	0.0	0.0	0.0	1.0	0.0	0.0	0.0	1.0	0.0	0.0	0.0	2.0	0.0	2.0	1.0	0.0	0.0	0.0	0.0	0.0	1.0	0.0	0.0	0.0	0.0	2.0	0.0	0.0	0.0	0.0	0.0	0.0	0.0	1.0	0.0	0.0	0.0	2.0	0.0	1.0	2.0	2.0	2.0	0.0	0.0	1.0	0.0	0.0	0.0	1.0	1.0	1.0	1.0	0.0	1.0	0.0	1.0	0.0	0.6142857142857142	0.0	7.585714285714286	115.84571428571428	0.55	0.0	8.433333333333334	91.59166666666664	-1.1928571428571428	0.0	8.907142857142857	118.85071428571428	7	6	14	7	6	14	sars_cov2
8dlr	H	LQTVDTAIEKYYGMDV	IPILGI	GGTFSSH	0.0	0.0	0.0	0.0	0.0	0.0	0.0	2.0	1.0	0.0	0.0	0.0	0.0	1.0	0.0	2.0	1.0	0.0	0.0	0.0	0.0	0.0	0.0	0.0	0.0	0.0	0.0	1.0	0.0	3.0	1.0	0.0	0.0	0.0	1.0	0.0	0.0	0.0	0.0	0.0	1.0	0.0	0.0	2.0	0.0	1.0	1.0	1.0	0.0	1.0	1.0	1.0	1.0	0.0	0.0	0.0	2.0	0.0	2.0	2.0	-0.5000000000000001	0.1428571428571428	8.657142857142857	101.38428571428572	2.55	0.0	6.25	104.135	-0.11875	-0.125	8.4	115.38125	7	6	16	7	6	16	sars_cov2
8dls	H	STAVAGTPDLFDYYYGMDV	DPEDGE	GYTLTEL	0.0	0.0	0.0	0.0	0.0	0.0	1.0	1.0	0.0	0.0	2.0	0.0	0.0	0.0	0.0	0.0	2.0	0.0	1.0	0.0	0.0	0.0	0.0	2.0	0.0	0.0	2.0	1.0	0.0	0.0	0.0	0.0	0.0	0.0	1.0	0.0	0.0	0.0	0.0	0.0	2.0	0.0	0.0	3.0	0.0	0.0	0.0	2.0	0.0	0.0	1.0	0.0	1.0	1.0	1.0	1.0	2.0	0.0	3.0	2.0	0.1428571428571428	-0.1428571428571428	7.785714285714286	113.69857142857144	-2.6666666666666665	-0.6666666666666666	11.266666666666666	110.09833333333334	0.0789473684210526	-0.1578947368421052	8.094736842105263	110.69947368421052	7	6	19	7	6	19	sars_cov2
8dlw	C	AAPFYDFWSGYSYFDY	NPISSG	GYTFTGY	0.0	0.0	0.0	0.0	0.0	0.0	0.0	2.0	0.0	0.0	0.0	0.0	0.0	1.0	0.0	0.0	2.0	0.0	2.0	0.0	0.0	0.0	1.0	0.0	0.0	0.0	0.0	1.0	0.0	1.0	0.0	0.0	0.0	0.0	1.0	2.0	0.0	0.0	0.0	0.0	2.0	0.0	0.0	2.0	0.0	0.0	0.0	1.0	0.0	0.0	0.0	0.0	0.0	3.0	1.0	2.0	0.0	1.0	4.0	0.0	-0.2857142857142857	0.0	7.542857142857143	117.98	-0.4333333333333333	0.0	8.7	95.6	-0.29375	-0.125	7.7125	124.946875	7	6	16	7	6	16	sars_cov2
8dzh	E	GGYEDVFDI	YPGDSD	GFSFTSY	0.0	0.0	0.0	0.0	0.0	0.0	0.0	1.0	0.0	0.0	0.0	0.0	0.0	2.0	0.0	2.0	1.0	0.0	1.0	0.0	0.0	0.0	0.0	2.0	0.0	0.0	0.0	1.0	0.0	0.0	0.0	0.0	0.0	0.0	1.0	1.0	0.0	0.0	1.0	0.0	0.0	0.0	0.0	2.0	0.0	0.0	1.0	2.0	0.0	1.0	0.0	0.0	0.0	1.0	0.0	0.0	0.0	0.0	1.0	1.0	0.2285714285714285	0.0	7.514285714285714	115.40857142857143	-1.85	-0.3333333333333333	9.733333333333333	108.76833333333332	-0.1222222222222222	-0.3333333333333333	8.755555555555555	114.67222222222222	7	6	9	7	6	9	sars_cov2
8dzi	H	GGYEDVFDI	YPGDSD	GFSFTSY	0.0	0.0	0.0	0.0	0.0	0.0	0.0	1.0	0.0	0.0	0.0	0.0	0.0	2.0	0.0	2.0	1.0	0.0	1.0	0.0	0.0	0.0	0.0	2.0	0.0	0.0	0.0	1.0	0.0	0.0	0.0	0.0	0.0	0.0	1.0	1.0	0.0	0.0	1.0	0.0	0.0	0.0	0.0	2.0	0.0	0.0	1.0	2.0	0.0	1.0	0.0	0.0	0.0	1.0	0.0	0.0	0.0	0.0	1.0	1.0	0.2285714285714285	0.0	7.514285714285714	115.40857142857143	-1.85	-0.3333333333333333	9.733333333333333	108.76833333333332	-0.1222222222222222	-0.3333333333333333	8.755555555555555	114.67222222222222	7	6	9	7	6	9	sars_cov2
7zbu	H	ADYYDFWSGYQKTYYYYMDV	SYDGSY	GFIFSSY	0.0	0.0	0.0	0.0	0.0	0.0	0.0	1.0	0.0	1.0	0.0	0.0	0.0	2.0	0.0	2.0	0.0	0.0	1.0	0.0	0.0	0.0	0.0	1.0	0.0	0.0	0.0	1.0	0.0	0.0	0.0	0.0	0.0	0.0	0.0	2.0	0.0	0.0	2.0	0.0	1.0	0.0	0.0	3.0	0.0	1.0	0.0	1.0	0.0	0.0	0.0	1.0	1.0	1.0	0.0	1.0	1.0	1.0	7.0	1.0	0.9714285714285714	0.0	7.028571428571429	117.13	-1.35	-0.1666666666666666	8.799999999999999	115.11	-0.955	-0.1	8.065000000000001	132.09449999999998	7	6	20	7	6	20	sars_cov2
7upl	E	GEMTAVFGDY	YPGDSD	GYNFAYY	1.0	0.0	1.0	0.0	0.0	0.0	0.0	1.0	0.0	0.0	0.0	0.0	0.0	1.0	0.0	0.0	0.0	0.0	3.0	0.0	0.0	0.0	0.0	2.0	0.0	0.0	0.0	1.0	0.0	0.0	0.0	0.0	0.0	0.0	1.0	1.0	0.0	0.0	1.0	0.0	1.0	0.0	0.0	1.0	0.0	0.0	1.0	2.0	0.0	0.0	0.0	0.0	1.0	1.0	0.0	0.0	1.0	0.0	1.0	1.0	-0.4571428571428572	0.0	7.5	128.13714285714286	-1.85	-0.3333333333333333	9.733333333333333	108.76833333333332	0.09	-0.2	8.3	110.719	7	6	10	7	6	10	sars_cov2
7u0p	E	GEMTAVFGDY	YPGDSD	GYNFAYY	1.0	0.0	1.0	0.0	0.0	0.0	0.0	1.0	0.0	0.0	0.0	0.0	0.0	1.0	0.0	0.0	0.0	0.0	3.0	0.0	0.0	0.0	0.0	2.0	0.0	0.0	0.0	1.0	0.0	0.0	0.0	0.0	0.0	0.0	1.0	1.0	0.0	0.0	1.0	0.0	1.0	0.0	0.0	1.0	0.0	0.0	1.0	2.0	0.0	0.0	0.0	0.0	1.0	1.0	0.0	0.0	1.0	0.0	1.0	1.0	-0.4571428571428572	0.0	7.5	128.13714285714286	-1.85	-0.3333333333333333	9.733333333333333	108.76833333333332	0.09	-0.2	8.3	110.719	7	6	10	7	6	10	sars_cov2
7fjc	H	GGGRRLQFDYFDY	NAGNGN	GYTFTTY	0.0	0.0	0.0	0.0	0.0	0.0	0.0	1.0	0.0	0.0	0.0	0.0	0.0	1.0	0.0	0.0	3.0	0.0	2.0	0.0	1.0	0.0	3.0	0.0	0.0	0.0	0.0	2.0	0.0	0.0	0.0	0.0	0.0	0.0	0.0	0.0	0.0	0.0	0.0	0.0	0.0	2.0	0.0	2.0	0.0	1.0	0.0	3.0	0.0	0.0	1.0	0.0	0.0	2.0	0.0	0.0	0.0	0.0	2.0	0.0	-0.3285714285714286	0.0	7.485714285714286	121.70285714285716	-1.5833333333333333	0.0	10.15	93.91833333333334	-1.0692307692307692	0.0	8.63076923076923	125.36307692307692	7	6	13	7	6	13	sars_cov2
7str	H	IYDSSGYYHPVFDY	YYSGS	GGSISSY	0.0	0.0	0.0	0.0	0.0	0.0	0.0	2.0	0.0	1.0	0.0	0.0	0.0	0.0	0.0	3.0	0.0	0.0	1.0	0.0	0.0	0.0	0.0	0.0	0.0	0.0	0.0	1.0	0.0	0.0	0.0	0.0	0.0	0.0	0.0	2.0	0.0	0.0	2.0	0.0	0.0	0.0	0.0	2.0	0.0	0.0	0.0	1.0	1.0	1.0	0.0	0.0	0.0	1.0	1.0	2.0	0.0	0.0	4.0	1.0	-3.1720657846433036e-17	0.0	8.142857142857142	98.24	-0.9200000000000002	0.0	7.959999999999999	115.114	-0.5357142857142858	-0.0714285714285714	8.064285714285715	123.27428571428572	7	5	14	7	5	14	sars_cov2
7sts	A	DYYQLPMDV	YYSGS	GGSISSY	0.0	0.0	0.0	0.0	0.0	0.0	0.0	2.0	0.0	1.0	0.0	0.0	0.0	0.0	0.0	3.0	0.0	0.0	1.0	0.0	0.0	0.0	0.0	0.0	0.0	0.0	0.0	1.0	0.0	0.0	0.0	0.0	0.0	0.0	0.0	2.0	0.0	0.0	2.0	0.0	0.0	0.0	0.0	2.0	0.0	1.0	0.0	0.0	0.0	0.0	1.0	0.0	1.0	0.0	1.0	0.0	0.0	0.0	2.0	1.0	-3.1720657846433036e-17	0.0	8.142857142857142	98.24	-0.9200000000000002	0.0	7.959999999999999	115.114	-0.5333333333333334	-0.2222222222222222	8.155555555555557	125.0311111111111	7	5	9	7	5	9	sars_cov2
7sue	H	GWEFGSGSYYRDYYYYAMDV	IPILGI	GGTFSSC	0.0	0.0	0.0	0.0	1.0	0.0	0.0	2.0	0.0	0.0	0.0	0.0	0.0	1.0	0.0	2.0	1.0	0.0	0.0	0.0	0.0	0.0	0.0	0.0	0.0	0.0	0.0	1.0	0.0	3.0	1.0	0.0	0.0	0.0	1.0	0.0	0.0	0.0	0.0	0.0	1.0	1.0	0.0	2.0	0.0	0.0	1.0	3.0	0.0	0.0	0.0	0.0	1.0	1.0	0.0	2.0	0.0	1.0	6.0	1.0	0.3142857142857142	0.0	7.957142857142856	96.52857142857144	2.55	0.0	6.25	104.135	-0.79	-0.1	8.084999999999999	126.4345	7	6	20	7	6	20	sars_cov2
7v23	O	NGGAHSSTWSFYGMDV	SSSGSQ	EFTFSSY	0.0	0.0	0.0	0.0	0.0	0.0	1.0	0.0	0.0	0.0	0.0	0.0	0.0	2.0	0.0	2.0	1.0	0.0	1.0	0.0	0.0	0.0	0.0	0.0	0.0	1.0	0.0	1.0	0.0	0.0	0.0	0.0	0.0	0.0	0.0	4.0	0.0	0.0	0.0	0.0	1.0	0.0	1.0	1.0	0.0	0.0	0.0	3.0	1.0	0.0	0.0	0.0	1.0	1.0	0.0	3.0	1.0	1.0	1.0	1.0	-0.2142857142857143	-0.1428571428571428	7.985714285714286	123.13285714285716	-1.1833333333333331	0.0	9.383333333333333	91.91666666666669	-0.375	0.0	8.41875	109.489375	7	6	16	7	6	16	sars_cov2
7v24	H	NGGAHSSTWSFYGMDV	SSSGSQ	EFTFSSY	0.0	0.0	0.0	0.0	0.0	0.0	1.0	0.0	0.0	0.0	0.0	0.0	0.0	2.0	0.0	2.0	1.0	0.0	1.0	0.0	0.0	0.0	0.0	0.0	0.0	1.0	0.0	1.0	0.0	0.0	0.0	0.0	0.0	0.0	0.0	4.0	0.0	0.0	0.0	0.0	1.0	0.0	1.0	1.0	0.0	0.0	0.0	3.0	1.0	0.0	0.0	0.0	1.0	1.0	0.0	3.0	1.0	1.0	1.0	1.0	-0.2142857142857143	-0.1428571428571428	7.985714285714286	123.13285714285716	-1.1833333333333331	0.0	9.383333333333333	91.91666666666669	-0.375	0.0	8.41875	109.489375	7	6	16	7	6	16	sars_cov2
7v27	B	LTAADTIFDC	YWDDD	GFSLSTPGG	0.0	0.0	0.0	0.0	0.0	0.0	0.0	3.0	0.0	0.0	1.0	0.0	0.0	1.0	1.0	2.0	1.0	0.0	0.0	0.0	0.0	0.0	0.0	3.0	0.0	0.0	0.0	0.0	0.0	0.0	0.0	0.0	0.0	0.0	0.0	0.0	0.0	1.0	1.0	0.0	2.0	0.0	0.0	2.0	1.0	0.0	0.0	0.0	0.0	1.0	1.0	0.0	0.0	1.0	0.0	0.0	2.0	0.0	0.0	0.0	0.1666666666666666	0.0	8.011111111111111	95.32	-2.54	-0.6	10.12	138.93400000000003	0.8800000000000001	-0.2	8.02	105.121	9	5	10	9	5	10	sars_cov2
7wcd	E	GWATYYDILTGYSLFDY	NPNSGG	GYTFTGY	0.0	0.0	0.0	0.0	0.0	0.0	0.0	2.0	0.0	0.0	0.0	0.0	0.0	1.0	0.0	0.0	2.0	0.0	2.0	0.0	0.0	0.0	2.0	0.0	0.0	0.0	0.0	2.0	0.0	0.0	0.0	0.0	0.0	0.0	1.0	1.0	0.0	0.0	0.0	0.0	1.0	0.0	0.0	2.0	0.0	0.0	0.0	2.0	0.0	1.0	2.0	0.0	0.0	1.0	0.0	1.0	2.0	1.0	4.0	0.0	-0.2857142857142857	0.0	7.542857142857143	117.98	-1.7	0.0	9.733333333333333	93.75333333333332	0.0352941176470587	-0.1176470588235294	7.582352941176471	121.54470588235296	7	6	17	7	6	17	sars_cov2
7qti	G	DRHYDSSGYFVNGFDI	SWNSNN	GFRFDDY	0.0	1.0	0.0	2.0	0.0	0.0	0.0	1.0	0.0	0.0	0.0	0.0	0.0	2.0	0.0	0.0	0.0	0.0	1.0	0.0	0.0	0.0	3.0	0.0	0.0	0.0	0.0	0.0	0.0	0.0	0.0	0.0	0.0	0.0	0.0	2.0	0.0	1.0	0.0	0.0	0.0	1.0	1.0	3.0	0.0	0.0	0.0	2.0	1.0	1.0	0.0	0.0	0.0	2.0	0.0	2.0	0.0	0.0	2.0	1.0	-1.085714285714286	-0.1428571428571428	8.871428571428572	131.28	-2.1666666666666665	0.0	9.766666666666666	117.11833333333334	-0.775	-0.0625	8.8625	119.37375	7	6	16	7	6	16	sars_cov2
7qtj	B	DRHYDSSGYFVNGFDI	SWNSNN	GFRFDDY	0.0	1.0	0.0	2.0	0.0	0.0	0.0	1.0	0.0	0.0	0.0	0.0	0.0	2.0	0.0	0.0	0.0	0.0	1.0	0.0	0.0	0.0	3.0	0.0	0.0	0.0	0.0	0.0	0.0	0.0	0.0	0.0	0.0	0.0	0.0	2.0	0.0	1.0	0.0	0.0	0.0	1.0	1.0	3.0	0.0	0.0	0.0	2.0	1.0	1.0	0.0	0.0	0.0	2.0	0.0	2.0	0.0	0.0	2.0	1.0	-1.085714285714286	-0.1428571428571428	8.871428571428572	131.28	-2.1666666666666665	0.0	9.766666666666666	117.11833333333334	-0.775	-0.0625	8.8625	119.37375	7	6	16	7	6	16	sars_cov2
7qtk	B	DRHYDSSGYFVNGFDI	SWNSNN	GFRFDDY	0.0	1.0	0.0	2.0	0.0	0.0	0.0	1.0	0.0	0.0	0.0	0.0	0.0	2.0	0.0	0.0	0.0	0.0	1.0	0.0	0.0	0.0	3.0	0.0	0.0	0.0	0.0	0.0	0.0	0.0	0.0	0.0	0.0	0.0	0.0	2.0	0.0	1.0	0.0	0.0	0.0	1.0	1.0	3.0	0.0	0.0	0.0	2.0	1.0	1.0	0.0	0.0	0.0	2.0	0.0	2.0	0.0	0.0	2.0	1.0	-1.085714285714286	-0.1428571428571428	8.871428571428572	131.28	-2.1666666666666665	0.0	9.766666666666666	117.11833333333334	-0.775	-0.0625	8.8625	119.37375	7	6	16	7	6	16	sars_cov2
7t7b	H	AARPYYDRRGYFFRADYFQH	NAGDGD	GYTFSVF	0.0	0.0	0.0	0.0	0.0	0.0	0.0	1.0	0.0	0.0	0.0	0.0	0.0	2.0	0.0	1.0	1.0	0.0	1.0	1.0	1.0	0.0	1.0	2.0	0.0	0.0	0.0	2.0	0.0	0.0	0.0	0.0	0.0	0.0	0.0	0.0	0.0	0.0	0.0	0.0	3.0	4.0	0.0	2.0	0.0	1.0	0.0	1.0	1.0	0.0	0.0	0.0	0.0	3.0	1.0	0.0	0.0	0.0	4.0	0.0	0.9428571428571428	0.0	7.042857142857143	117.13	-1.5833333333333333	-0.3333333333333333	10.616666666666667	94.245	-1.255	0.15	8.53	129.994	7	6	20	7	6	20	sars_cov2
8df5	A	DYTRGAWFGESLIGGFDN	STYNGN	GYPFTSY	0.0	0.0	0.0	0.0	0.0	0.0	0.0	1.0	0.0	0.0	0.0	0.0	0.0	1.0	1.0	1.0	1.0	0.0	2.0	0.0	0.0	0.0	2.0	0.0	0.0	0.0	0.0	1.0	0.0	0.0	0.0	0.0	0.0	0.0	0.0	1.0	1.0	0.0	1.0	0.0	1.0	1.0	1.0	2.0	0.0	0.0	1.0	4.0	0.0	1.0	1.0	0.0	0.0	2.0	0.0	1.0	1.0	1.0	1.0	0.0	-0.4714285714285715	0.0	7.485714285714286	119.12857142857142	-1.7	0.0	9.366666666666664	109.10666666666668	-0.45	-0.1111111111111111	8.577777777777778	114.39722222222224	7	6	18	7	6	18	sars_cov2
7wjy	B	HHQIAVAGDAEDYYFDY	TWNSGT	GFTFDDY	0.0	0.0	0.0	2.0	0.0	0.0	0.0	1.0	0.0	0.0	0.0	0.0	0.0	2.0	0.0	0.0	1.0	0.0	1.0	0.0	0.0	0.0	1.0	0.0	0.0	0.0	0.0	1.0	0.0	0.0	0.0	0.0	0.0	0.0	0.0	1.0	2.0	1.0	0.0	0.0	3.0	0.0	0.0	3.0	0.0	1.0	1.0	1.0	2.0	1.0	0.0	0.0	0.0	1.0	0.0	0.0	0.0	0.0	3.0	1.0	-0.5428571428571429	-0.2857142857142857	8.6	123.41142857142856	-1.1666666666666667	0.0	8.733333333333333	110.78	-0.6647058823529413	-0.1176470588235294	8.870588235294118	118.47647058823529	7	6	17	7	6	17	sars_cov2
7wo4	D	VWYYYGPRDY	NQDGGE	GFTFSSY	0.0	0.0	0.0	0.0	0.0	0.0	0.0	1.0	0.0	0.0	0.0	0.0	0.0	2.0	0.0	2.0	1.0	0.0	1.0	0.0	0.0	0.0	1.0	1.0	0.0	1.0	1.0	2.0	0.0	0.0	0.0	0.0	0.0	0.0	0.0	0.0	0.0	0.0	0.0	0.0	0.0	1.0	0.0	1.0	0.0	0.0	0.0	1.0	0.0	0.0	0.0	0.0	0.0	0.0	1.0	0.0	0.0	1.0	4.0	1.0	0.2285714285714285	0.0	7.514285714285714	115.40857142857143	-2.466666666666667	-0.3333333333333333	10.9	106.09166666666664	-1.19	0.0	7.659999999999999	138.152	7	6	10	7	6	10	sars_cov2
7wo5	D	VWYYYGPRDY	NQDGGE	GFTFSSY	0.0	0.0	0.0	0.0	0.0	0.0	0.0	1.0	0.0	0.0	0.0	0.0	0.0	2.0	0.0	2.0	1.0	0.0	1.0	0.0	0.0	0.0	1.0	1.0	0.0	1.0	1.0	2.0	0.0	0.0	0.0	0.0	0.0	0.0	0.0	0.0	0.0	0.0	0.0	0.0	0.0	1.0	0.0	1.0	0.0	0.0	0.0	1.0	0.0	0.0	0.0	0.0	0.0	0.0	1.0	0.0	0.0	1.0	4.0	1.0	0.2285714285714285	0.0	7.514285714285714	115.40857142857143	-2.466666666666667	-0.3333333333333333	10.9	106.09166666666664	-1.19	0.0	7.659999999999999	138.152	7	6	10	7	6	10	sars_cov2
7wo7	A	VWYYYGPRDY	NQDGGE	GFTFSSY	0.0	0.0	0.0	0.0	0.0	0.0	0.0	1.0	0.0	0.0	0.0	0.0	0.0	2.0	0.0	2.0	1.0	0.0	1.0	0.0	0.0	0.0	1.0	1.0	0.0	1.0	1.0	2.0	0.0	0.0	0.0	0.0	0.0	0.0	0.0	0.0	0.0	0.0	0.0	0.0	0.0	1.0	0.0	1.0	0.0	0.0	0.0	1.0	0.0	0.0	0.0	0.0	0.0	0.0	1.0	0.0	0.0	1.0	4.0	1.0	0.2285714285714285	0.0	7.514285714285714	115.40857142857143	-2.466666666666667	-0.3333333333333333	10.9	106.09166666666664	-1.19	0.0	7.659999999999999	138.152	7	6	10	7	6	10	sars_cov2
7woa	D	VFRGSQYWFDP	IPILDI	GDTFINY	0.0	0.0	1.0	1.0	0.0	0.0	0.0	1.0	0.0	1.0	0.0	0.0	0.0	1.0	0.0	0.0	1.0	0.0	1.0	0.0	0.0	0.0	0.0	1.0	0.0	0.0	0.0	0.0	0.0	3.0	1.0	0.0	0.0	0.0	1.0	0.0	0.0	0.0	0.0	0.0	0.0	1.0	0.0	1.0	0.0	1.0	0.0	1.0	0.0	0.0	0.0	0.0	0.0	2.0	1.0	1.0	0.0	1.0	1.0	1.0	-0.3	-0.1428571428571428	8.4	118.41142857142856	2.033333333333333	-0.1666666666666666	6.916666666666667	110.80833333333334	-0.6090909090909091	0.0	8.009090909090908	127.41363636363636	7	6	11	7	6	11	sars_cov2
7wob	D	VFRGSQYWFDP	IPILDI	GDTFINY	0.0	0.0	1.0	1.0	0.0	0.0	0.0	1.0	0.0	1.0	0.0	0.0	0.0	1.0	0.0	0.0	1.0	0.0	1.0	0.0	0.0	0.0	0.0	1.0	0.0	0.0	0.0	0.0	0.0	3.0	1.0	0.0	0.0	0.0	1.0	0.0	0.0	0.0	0.0	0.0	0.0	1.0	0.0	1.0	0.0	1.0	0.0	1.0	0.0	0.0	0.0	0.0	0.0	2.0	1.0	1.0	0.0	1.0	1.0	1.0	-0.3	-0.1428571428571428	8.4	118.41142857142856	2.033333333333333	-0.1666666666666666	6.916666666666667	110.80833333333334	-0.6090909090909091	0.0	8.009090909090908	127.41363636363636	7	6	11	7	6	11	sars_cov2
7woc	A	VFRGSQYWFDP	IPILDI	GDTFINY	0.0	0.0	1.0	1.0	0.0	0.0	0.0	1.0	0.0	1.0	0.0	0.0	0.0	1.0	0.0	0.0	1.0	0.0	1.0	0.0	0.0	0.0	0.0	1.0	0.0	0.0	0.0	0.0	0.0	3.0	1.0	0.0	0.0	0.0	1.0	0.0	0.0	0.0	0.0	0.0	0.0	1.0	0.0	1.0	0.0	1.0	0.0	1.0	0.0	0.0	0.0	0.0	0.0	2.0	1.0	1.0	0.0	1.0	1.0	1.0	-0.3	-0.1428571428571428	8.4	118.41142857142856	2.033333333333333	-0.1666666666666666	6.916666666666667	110.80833333333334	-0.6090909090909091	0.0	8.009090909090908	127.41363636363636	7	6	11	7	6	11	sars_cov2
7wog	A	DSSSWYNYYGMDV	SGSGGS	GFTFSSY	0.0	0.0	0.0	0.0	0.0	0.0	0.0	1.0	0.0	0.0	0.0	0.0	0.0	2.0	0.0	2.0	1.0	0.0	1.0	0.0	0.0	0.0	0.0	0.0	0.0	0.0	0.0	3.0	0.0	0.0	0.0	0.0	0.0	0.0	0.0	3.0	0.0	0.0	0.0	0.0	0.0	0.0	1.0	2.0	0.0	0.0	0.0	1.0	0.0	0.0	0.0	0.0	1.0	0.0	0.0	3.0	0.0	1.0	3.0	1.0	0.2285714285714285	0.0	7.514285714285714	115.40857142857143	-0.6	0.0	9.1	81.065	-0.9230769230769232	-0.1538461538461538	8.446153846153846	122.05153846153848	7	6	13	7	6	13	sars_cov2
7wp0	H	GVQGYYDRSGYYNLDYNYGMDV	SFDGSI	GFTFSSI	0.0	0.0	0.0	0.0	0.0	0.0	0.0	1.0	0.0	1.0	0.0	0.0	0.0	2.0	0.0	2.0	1.0	0.0	0.0	0.0	0.0	0.0	0.0	1.0	0.0	0.0	0.0	1.0	0.0	1.0	0.0	0.0	0.0	1.0	0.0	2.0	0.0	0.0	0.0	0.0	0.0	1.0	2.0	3.0	0.0	1.0	0.0	4.0	0.0	0.0	1.0	0.0	1.0	0.0	0.0	1.0	0.0	0.0	6.0	2.0	1.0571428571428572	0.0	7.371428571428572	108.26285714285714	0.3	-0.1666666666666666	8.466666666666667	104.10666666666668	-0.981818181818182	-0.0909090909090909	8.545454545454545	121.21772727272727	7	6	22	7	6	22	sars_cov2
7wjz	A	HHQIAVAGDAEDYYFDY	TWNSGT	GFTFDDY	0.0	0.0	0.0	2.0	0.0	0.0	0.0	1.0	0.0	0.0	0.0	0.0	0.0	2.0	0.0	0.0	1.0	0.0	1.0	0.0	0.0	0.0	1.0	0.0	0.0	0.0	0.0	1.0	0.0	0.0	0.0	0.0	0.0	0.0	0.0	1.0	2.0	1.0	0.0	0.0	3.0	0.0	0.0	3.0	0.0	1.0	1.0	1.0	2.0	1.0	0.0	0.0	0.0	1.0	0.0	0.0	0.0	0.0	3.0	1.0	-0.5428571428571429	-0.2857142857142857	8.6	123.41142857142856	-1.1666666666666667	0.0	8.733333333333333	110.78	-0.6647058823529413	-0.1176470588235294	8.870588235294118	118.47647058823529	7	6	17	7	6	17	sars_cov2
7wk0	A	HHQIAVAGDAEDYYFDY	TWNSGT	GFTFDDY	0.0	0.0	0.0	2.0	0.0	0.0	0.0	1.0	0.0	0.0	0.0	0.0	0.0	2.0	0.0	0.0	1.0	0.0	1.0	0.0	0.0	0.0	1.0	0.0	0.0	0.0	0.0	1.0	0.0	0.0	0.0	0.0	0.0	0.0	0.0	1.0	2.0	1.0	0.0	0.0	3.0	0.0	0.0	3.0	0.0	1.0	1.0	1.0	2.0	1.0	0.0	0.0	0.0	1.0	0.0	0.0	0.0	0.0	3.0	1.0	-0.5428571428571429	-0.2857142857142857	8.6	123.41142857142856	-1.1666666666666667	0.0	8.733333333333333	110.78	-0.6647058823529413	-0.1176470588235294	8.870588235294118	118.47647058823529	7	6	17	7	6	17	sars_cov2
7x6a	H	ERDYSDYFFDY	NTDTGT	GHSFTSN	0.0	0.0	1.0	0.0	0.0	0.0	0.0	1.0	1.0	0.0	0.0	0.0	0.0	1.0	0.0	2.0	1.0	0.0	0.0	0.0	0.0	0.0	1.0	1.0	0.0	0.0	0.0	1.0	0.0	0.0	0.0	0.0	0.0	0.0	0.0	0.0	3.0	0.0	0.0	0.0	0.0	1.0	0.0	3.0	0.0	0.0	1.0	0.0	0.0	0.0	0.0	0.0	0.0	2.0	0.0	1.0	0.0	0.0	3.0	0.0	-0.942857142857143	0.1428571428571428	9.028571428571428	106.96428571428572	-1.5833333333333333	-0.1666666666666666	9.9	101.26333333333334	-1.6	-0.2727272727272727	9.090909090909092	136.50545454545454	7	6	11	7	6	11	sars_cov2
8dcc	H	AVVGIVVVPAAGRRAFDI	YHSGS	GYSISSGY	0.0	0.0	0.0	0.0	0.0	0.0	0.0	2.0	0.0	1.0	0.0	0.0	0.0	0.0	0.0	3.0	0.0	0.0	2.0	0.0	0.0	0.0	0.0	0.0	0.0	0.0	0.0	1.0	1.0	0.0	0.0	0.0	0.0	0.0	0.0	2.0	0.0	0.0	1.0	0.0	4.0	2.0	0.0	1.0	0.0	0.0	0.0	2.0	0.0	2.0	0.0	0.0	0.0	1.0	1.0	0.0	0.0	0.0	0.0	5.0	-0.1625	0.0	7.9	106.3575	-1.3	0.2	8.8	109.906	1.3944444444444446	0.0555555555555555	7.638888888888889	101.56444444444443	8	5	18	8	5	18	sars_cov2
7x1m	A	DYTRGAWFGESLIGGFDN	STYNGN	GYPFTSY	0.0	0.0	0.0	0.0	0.0	0.0	0.0	1.0	0.0	0.0	0.0	0.0	0.0	1.0	1.0	1.0	1.0	0.0	2.0	0.0	0.0	0.0	2.0	0.0	0.0	0.0	0.0	1.0	0.0	0.0	0.0	0.0	0.0	0.0	0.0	1.0	1.0	0.0	1.0	0.0	1.0	1.0	1.0	2.0	0.0	0.0	1.0	4.0	0.0	1.0	1.0	0.0	0.0	2.0	0.0	1.0	1.0	1.0	1.0	0.0	-0.4714285714285715	0.0	7.485714285714286	119.12857142857142	-1.7	0.0	9.366666666666664	109.10666666666668	-0.45	-0.1111111111111111	8.577777777777778	114.39722222222224	7	6	18	7	6	18	sars_cov2
7jmo	H	DLERAGGMDV	YSGGS	GFTVSSN	0.0	0.0	1.0	0.0	0.0	0.0	0.0	1.0	0.0	0.0	0.0	0.0	0.0	1.0	0.0	2.0	1.0	0.0	0.0	1.0	0.0	0.0	0.0	0.0	0.0	0.0	0.0	2.0	0.0	0.0	0.0	0.0	0.0	0.0	0.0	2.0	0.0	0.0	1.0	0.0	1.0	1.0	0.0	2.0	0.0	0.0	1.0	2.0	0.0	0.0	1.0	0.0	1.0	0.0	0.0	0.0	0.0	0.0	0.0	1.0	0.1142857142857142	0.0	8.385714285714284	101.53428571428572	-0.74	0.0	8.52	97.488	-0.41	-0.2	9.14	108.016	7	5	10	7	5	10	sars_cov2
7orb	E	DVVVVVAARNHYYNGMDV	SQDGGN	GFTFNNY	0.0	0.0	2.0	0.0	0.0	0.0	0.0	1.0	0.0	0.0	0.0	0.0	0.0	2.0	0.0	0.0	1.0	0.0	1.0	0.0	0.0	0.0	1.0	1.0	0.0	1.0	0.0	2.0	0.0	0.0	0.0	0.0	0.0	0.0	0.0	1.0	0.0	0.0	0.0	0.0	2.0	1.0	2.0	2.0	0.0	0.0	0.0	1.0	1.0	0.0	0.0	0.0	1.0	0.0	0.0	0.0	0.0	0.0	2.0	6.0	-0.5428571428571429	0.0	8.2	123.1314285714286	-2.0166666666666666	-0.1666666666666666	10.383333333333333	99.085	0.3333333333333333	0.0	8.266666666666667	112.29333333333334	7	6	18	7	6	18	sars_cov2
7cwn	K	HATLMNNKDI	SYDGSN	GFTFSSY	0.0	0.0	0.0	0.0	0.0	0.0	0.0	1.0	0.0	0.0	0.0	0.0	0.0	2.0	0.0	2.0	1.0	0.0	1.0	0.0	0.0	0.0	1.0	1.0	0.0	0.0	0.0	1.0	0.0	0.0	0.0	0.0	0.0	0.0	0.0	2.0	0.0	0.0	1.0	0.0	1.0	0.0	2.0	1.0	0.0	0.0	0.0	0.0	1.0	1.0	1.0	1.0	1.0	0.0	0.0	0.0	1.0	0.0	0.0	0.0	0.2285714285714285	0.0	7.514285714285714	115.40857142857143	-1.7166666666666668	-0.1666666666666666	9.7	106.93166666666669	-0.6300000000000001	0.1	9.04	113.834	7	6	10	7	6	10	sars_cov2
7tn0	M	GDSSGYYYYFDY	GTAGD	GFTFSSY	0.0	0.0	0.0	0.0	0.0	0.0	0.0	1.0	0.0	0.0	0.0	0.0	0.0	2.0	0.0	2.0	1.0	0.0	1.0	0.0	1.0	0.0	0.0	1.0	0.0	0.0	0.0	2.0	0.0	0.0	0.0	0.0	0.0	0.0	0.0	0.0	1.0	0.0	0.0	0.0	0.0	0.0	0.0	2.0	0.0	0.0	0.0	2.0	0.0	0.0	0.0	0.0	0.0	1.0	0.0	2.0	0.0	0.0	5.0	0.0	0.2285714285714285	0.0	7.514285714285714	115.40857142857143	-0.64	-0.2	9.54	87.476	-1.0916666666666668	-0.1666666666666666	8.216666666666667	126.46	7	5	12	7	5	12	sars_cov2
7mw6	D	SRGDY	NPSTGG	GYSFTGY	0.0	0.0	0.0	0.0	0.0	0.0	0.0	2.0	0.0	0.0	0.0	0.0	0.0	1.0	0.0	1.0	1.0	0.0	2.0	0.0	0.0	0.0	1.0	0.0	0.0	0.0	0.0	2.0	0.0	0.0	0.0	0.0	0.0	0.0	1.0	1.0	1.0	0.0	0.0	0.0	0.0	1.0	0.0	1.0	0.0	0.0	0.0	1.0	0.0	0.0	0.0	0.0	0.0	0.0	0.0	1.0	0.0	0.0	1.0	0.0	-0.3000000000000001	0.0	7.628571428571428	115.97571428571428	-1.2333333333333334	0.0	9.233333333333333	91.58666666666666	-2.1	0.0	9.58	119.318	7	6	5	7	6	5	sars_cov2
7bel	C	GGSYAYYYYMDV	SYDGSN	GFTFSTY	0.0	0.0	0.0	0.0	0.0	0.0	0.0	1.0	0.0	0.0	0.0	0.0	0.0	2.0	0.0	1.0	2.0	0.0	1.0	0.0	0.0	0.0	1.0	1.0	0.0	0.0	0.0	1.0	0.0	0.0	0.0	0.0	0.0	0.0	0.0	2.0	0.0	0.0	1.0	0.0	1.0	0.0	0.0	1.0	0.0	0.0	0.0	2.0	0.0	0.0	0.0	0.0	1.0	0.0	0.0	1.0	0.0	0.0	5.0	1.0	0.2428571428571428	0.0	7.428571428571429	117.41285714285712	-1.7166666666666668	-0.1666666666666666	9.7	106.93166666666669	-0.3083333333333333	-0.0833333333333333	7.575	122.465	7	6	12	7	6	12	sars_cov2
7bej	H	DLGSGDMDV	YPGGS	GVTVSSN	0.0	0.0	1.0	0.0	0.0	0.0	0.0	1.0	0.0	0.0	0.0	0.0	0.0	0.0	0.0	2.0	1.0	0.0	0.0	2.0	0.0	0.0	0.0	0.0	0.0	0.0	0.0	2.0	0.0	0.0	0.0	0.0	0.0	0.0	1.0	1.0	0.0	0.0	1.0	0.0	0.0	0.0	0.0	3.0	0.0	0.0	0.0	2.0	0.0	0.0	1.0	0.0	1.0	0.0	0.0	1.0	0.0	0.0	0.0	1.0	0.3142857142857143	0.0	8.485714285714286	94.67	-0.9	0.0	8.28	99.496	-0.2444444444444444	-0.3333333333333333	9.18888888888889	102.8822222222222	7	5	9	7	5	9	sars_cov2
7l2e	H	DSGYNYGYSWFDP	SYDGSN	GFTFSSY	0.0	0.0	0.0	0.0	0.0	0.0	0.0	1.0	0.0	0.0	0.0	0.0	0.0	2.0	0.0	2.0	1.0	0.0	1.0	0.0	0.0	0.0	1.0	1.0	0.0	0.0	0.0	1.0	0.0	0.0	0.0	0.0	0.0	0.0	0.0	2.0	0.0	0.0	1.0	0.0	0.0	0.0	1.0	2.0	0.0	0.0	0.0	2.0	0.0	0.0	0.0	0.0	0.0	1.0	1.0	2.0	0.0	1.0	3.0	0.0	0.2285714285714285	0.0	7.514285714285714	115.40857142857143	-1.7166666666666668	-0.1666666666666666	9.7	106.93166666666669	-1.2692307692307692	-0.1538461538461538	8.553846153846154	122.20076923076924	7	6	13	7	6	13	sars_cov2
7tm0	E	LKDSRYSGSYYDY	RYDGGN	GFTFNSY	0.0	0.0	1.0	0.0	0.0	0.0	0.0	1.0	0.0	0.0	0.0	0.0	0.0	2.0	0.0	1.0	1.0	0.0	1.0	0.0	0.0	1.0	1.0	1.0	0.0	0.0	0.0	2.0	0.0	0.0	0.0	0.0	0.0	0.0	0.0	0.0	0.0	0.0	1.0	0.0	0.0	1.0	0.0	2.0	0.0	0.0	0.0	1.0	0.0	0.0	1.0	1.0	0.0	0.0	0.0	3.0	0.0	0.0	4.0	0.0	-0.1571428571428572	0.0	7.857142857142857	119.27	-2.2666666666666666	0.0	9.883333333333333	116.445	-1.507692307692308	0.0	8.776923076923076	124.36307692307692	7	6	13	7	6	13	sars_cov2
7ra8	C	GFNGNYYGWGDDDAFDI	ILMSGM	GGIFNTY	0.0	0.0	1.0	0.0	0.0	0.0	0.0	2.0	0.0	1.0	0.0	0.0	0.0	1.0	0.0	0.0	1.0	0.0	1.0	0.0	0.0	0.0	0.0	0.0	0.0	0.0	0.0	1.0	0.0	1.0	1.0	0.0	2.0	0.0	0.0	1.0	0.0	0.0	0.0	0.0	1.0	0.0	2.0	4.0	0.0	0.0	0.0	4.0	0.0	1.0	0.0	0.0	0.0	2.0	0.0	0.0	0.0	1.0	2.0	0.0	0.1428571428571428	0.0	7.828571428571428	112.69142857142856	1.8166666666666669	0.0	6.616666666666667	108.47499999999998	-0.8352941176470589	-0.2352941176470588	8.98235294117647	116.46823529411763	7	6	17	7	6	17	sars_cov2
7wwl	J	DRTDWELIRGYFGH	KQDGSE	GFSFSNY	0.0	0.0	1.0	0.0	0.0	0.0	0.0	1.0	0.0	0.0	0.0	0.0	0.0	2.0	0.0	2.0	0.0	0.0	1.0	0.0	0.0	0.0	0.0	1.0	0.0	1.0	1.0	1.0	0.0	0.0	0.0	1.0	0.0	0.0	0.0	1.0	0.0	0.0	0.0	0.0	0.0	2.0	0.0	2.0	0.0	0.0	1.0	2.0	1.0	1.0	1.0	0.0	0.0	1.0	0.0	0.0	1.0	1.0	1.0	0.0	-0.1714285714285715	0.0	7.942857142857143	117.26571428571428	-2.6	-0.1666666666666666	10.883333333333333	110.44166666666666	-1.092857142857143	0.0	8.8	127.35214285714288	7	6	14	7	6	14	sars_cov2
7mw3	H	EGHRVGPAY	NPTSGY	GYTFTSY	0.0	0.0	0.0	0.0	0.0	0.0	0.0	1.0	0.0	0.0	0.0	0.0	0.0	1.0	0.0	1.0	2.0	0.0	2.0	0.0	0.0	0.0	1.0	0.0	0.0	0.0	0.0	1.0	0.0	0.0	0.0	0.0	0.0	0.0	1.0	1.0	1.0	0.0	1.0	0.0	1.0	1.0	0.0	0.0	0.0	0.0	1.0	2.0	1.0	0.0	0.0	0.0	0.0	0.0	1.0	0.0	0.0	0.0	1.0	1.0	-0.3428571428571429	0.0	7.571428571428571	119.69857142857144	-1.3833333333333335	0.0	8.766666666666667	106.275	-0.9888888888888888	0.1111111111111111	8.822222222222223	111.4511111111111	7	6	9	7	6	9	sars_cov2
7mzk	H	DRVTIFWGNGMDV	NPSGGG	GYTFTSY	0.0	0.0	0.0	0.0	0.0	0.0	0.0	1.0	0.0	0.0	0.0	0.0	0.0	1.0	0.0	1.0	2.0	0.0	2.0	0.0	0.0	0.0	1.0	0.0	0.0	0.0	0.0	3.0	0.0	0.0	0.0	0.0	0.0	0.0	1.0	1.0	0.0	0.0	0.0	0.0	0.0	1.0	1.0	2.0	0.0	0.0	0.0	2.0	0.0	1.0	0.0	0.0	1.0	1.0	0.0	0.0	1.0	1.0	0.0	2.0	-0.3428571428571429	0.0	7.571428571428571	119.69857142857144	-1.1833333333333331	0.0	9.3	87.24333333333334	0.0153846153846153	-0.0769230769230769	8.307692307692308	117.51615384615386	7	6	13	7	6	13	sars_cov2
7czx	I	NGQYYDILTGQPPDYWYFDL	SYSGS	GGSISSY	0.0	0.0	0.0	0.0	0.0	0.0	0.0	2.0	0.0	1.0	0.0	0.0	0.0	0.0	0.0	3.0	0.0	0.0	1.0	0.0	0.0	0.0	0.0	0.0	0.0	0.0	0.0	1.0	0.0	0.0	0.0	0.0	0.0	0.0	0.0	3.0	0.0	0.0	1.0	0.0	0.0	0.0	1.0	3.0	0.0	2.0	0.0	2.0	0.0	1.0	2.0	0.0	0.0	1.0	2.0	0.0	1.0	1.0	4.0	0.0	-3.1720657846433036e-17	0.0	8.142857142857142	98.24	-0.8200000000000001	0.0	8.559999999999999	99.894	-0.8450000000000001	-0.15	8.23	124.3345	7	5	20	7	5	20	sars_cov2
7k43	C	AAPFYDFWSGYSYFDY	NPISSG	GYTFTGY	0.0	0.0	0.0	0.0	0.0	0.0	0.0	2.0	0.0	0.0	0.0	0.0	0.0	1.0	0.0	0.0	2.0	0.0	2.0	0.0	0.0	0.0	1.0	0.0	0.0	0.0	0.0	1.0	0.0	1.0	0.0	0.0	0.0	0.0	1.0	2.0	0.0	0.0	0.0	0.0	2.0	0.0	0.0	2.0	0.0	0.0	0.0	1.0	0.0	0.0	0.0	0.0	0.0	3.0	1.0	2.0	0.0	1.0	4.0	0.0	-0.2857142857142857	0.0	7.542857142857143	117.98	-0.4333333333333333	0.0	8.7	95.6	-0.29375	-0.125	7.7125	124.946875	7	6	16	7	6	16	sars_cov2
7ps0	H	LVVPSPKGSWFDP	YYTGS	DGSISSSDY	0.0	0.0	0.0	2.0	0.0	0.0	0.0	1.0	0.0	1.0	0.0	0.0	0.0	0.0	0.0	4.0	0.0	0.0	1.0	0.0	0.0	0.0	0.0	0.0	0.0	0.0	0.0	1.0	0.0	0.0	0.0	0.0	0.0	0.0	0.0	1.0	1.0	0.0	2.0	0.0	0.0	0.0	0.0	1.0	0.0	0.0	0.0	1.0	0.0	0.0	1.0	1.0	0.0	1.0	3.0	2.0	0.0	1.0	0.0	2.0	-0.8222222222222223	-0.2222222222222222	9.244444444444444	103.32111111111112	-0.9	0.0	7.840000000000001	117.92	-0.0076923076923077	0.0	7.923076923076923	109.89692307692307	9	5	13	9	5	13	sars_cov2
7nx7	H	DGGKLWVYYFDY	SYDGSN	AFTFSSY	1.0	0.0	0.0	0.0	0.0	0.0	0.0	0.0	0.0	0.0	0.0	0.0	0.0	2.0	0.0	2.0	1.0	0.0	1.0	0.0	0.0	0.0	1.0	1.0	0.0	0.0	0.0	1.0	0.0	0.0	0.0	0.0	0.0	0.0	0.0	2.0	0.0	0.0	1.0	0.0	0.0	0.0	0.0	2.0	0.0	0.0	0.0	2.0	0.0	0.0	1.0	1.0	0.0	1.0	0.0	0.0	0.0	1.0	3.0	1.0	0.5428571428571428	0.0	7.385714285714285	114.84142857142857	-1.7166666666666668	-0.1666666666666666	9.7	106.93166666666669	-0.475	-0.0833333333333333	7.941666666666666	128.64083333333335	7	6	12	7	6	12	sars_cov2
7dk2	D	DLGILWFGDYP	KQDASE	GFTFSSY	0.0	0.0	0.0	0.0	0.0	0.0	0.0	1.0	0.0	0.0	0.0	0.0	0.0	2.0	0.0	2.0	1.0	0.0	1.0	0.0	1.0	0.0	0.0	1.0	0.0	1.0	1.0	0.0	0.0	0.0	0.0	1.0	0.0	0.0	0.0	1.0	0.0	0.0	0.0	0.0	0.0	0.0	0.0	2.0	0.0	0.0	0.0	2.0	0.0	1.0	2.0	0.0	0.0	1.0	1.0	0.0	0.0	1.0	1.0	0.0	0.2285714285714285	0.0	7.514285714285714	115.40857142857143	-2.2333333333333334	-0.1666666666666666	10.733333333333334	109.78000000000002	0.2999999999999999	-0.1818181818181818	7.618181818181818	119.40545454545456	7	6	11	7	6	11	sars_cov2
7e8c	M	TRGRGLYDYVWGSKDY	SDGGGS	GFAFTTY	1.0	0.0	0.0	0.0	0.0	0.0	0.0	1.0	0.0	0.0	0.0	0.0	0.0	2.0	0.0	0.0	2.0	0.0	1.0	0.0	0.0	0.0	0.0	1.0	0.0	0.0	0.0	3.0	0.0	0.0	0.0	0.0	0.0	0.0	0.0	2.0	0.0	0.0	0.0	0.0	0.0	2.0	0.0	2.0	0.0	0.0	0.0	3.0	0.0	0.0	1.0	1.0	0.0	0.0	0.0	1.0	1.0	1.0	3.0	1.0	0.6142857142857142	0.0	7.271428571428571	115.12714285714286	-1.05	-0.1666666666666666	9.733333333333333	85.73333333333333	-1.2125	0.0625	8.61875	123.258125	7	6	16	7	6	16	sars_cov2
7ps2	H	HVVALTHLYPDY	DPSDSY	GHNSPSY	0.0	0.0	1.0	0.0	0.0	0.0	0.0	1.0	1.0	0.0	0.0	0.0	0.0	0.0	1.0	2.0	0.0	0.0	1.0	0.0	0.0	0.0	0.0	2.0	0.0	0.0	0.0	0.0	0.0	0.0	0.0	0.0	0.0	0.0	1.0	2.0	0.0	0.0	1.0	0.0	1.0	0.0	0.0	1.0	0.0	0.0	0.0	0.0	2.0	0.0	2.0	0.0	0.0	0.0	1.0	0.0	1.0	0.0	2.0	2.0	-1.657142857142857	0.1428571428571428	9.085714285714284	108.68	-1.9166666666666667	-0.3333333333333333	9.766666666666667	110.77333333333333	0.2499999999999999	0.0833333333333333	7.708333333333333	117.46833333333332	7	6	12	7	6	12	sars_cov2
7sc1	P	DLYVFGMDV	YAGGS	GLTVSSN	0.0	0.0	1.0	0.0	0.0	0.0	0.0	1.0	0.0	0.0	1.0	0.0	0.0	0.0	0.0	2.0	1.0	0.0	0.0	1.0	1.0	0.0	0.0	0.0	0.0	0.0	0.0	2.0	0.0	0.0	0.0	0.0	0.0	0.0	0.0	1.0	0.0	0.0	1.0	0.0	0.0	0.0	0.0	2.0	0.0	0.0	0.0	1.0	0.0	0.0	1.0	0.0	1.0	1.0	0.0	0.0	0.0	0.0	1.0	2.0	0.2571428571428571	0.0	8.342857142857143	96.67428571428572	-0.22	0.0	8.3	94.288	0.911111111111111	-0.2222222222222222	7.644444444444444	117.5788888888889	7	5	9	7	5	9	sars_cov2
6w41	H	GSGISTPMDV	YPGDSE	GYGFITY	0.0	0.0	0.0	0.0	0.0	0.0	0.0	2.0	0.0	1.0	0.0	0.0	0.0	1.0	0.0	0.0	1.0	0.0	2.0	0.0	0.0	0.0	0.0	1.0	0.0	0.0	1.0	1.0	0.0	0.0	0.0	0.0	0.0	0.0	1.0	1.0	0.0	0.0	1.0	0.0	0.0	0.0	0.0	1.0	0.0	0.0	0.0	2.0	0.0	1.0	0.0	0.0	1.0	0.0	1.0	2.0	1.0	0.0	0.0	1.0	0.4571428571428571	0.0	7.057142857142857	119.70142857142856	-1.85	-0.3333333333333333	9.616666666666667	111.10666666666668	0.24	-0.1	8.28	98.107	7	6	10	7	6	10	sars_cov2
7si2	G	DGEQLVPLFDY	SYDGSS	GFTFSSY	0.0	0.0	0.0	0.0	0.0	0.0	0.0	1.0	0.0	0.0	0.0	0.0	0.0	2.0	0.0	2.0	1.0	0.0	1.0	0.0	0.0	0.0	0.0	1.0	0.0	0.0	0.0	1.0	0.0	0.0	0.0	0.0	0.0	0.0	0.0	3.0	0.0	0.0	1.0	0.0	0.0	0.0	0.0	2.0	0.0	1.0	1.0	1.0	0.0	0.0	2.0	0.0	0.0	1.0	1.0	0.0	0.0	0.0	1.0	1.0	0.2285714285714285	0.0	7.514285714285714	115.40857142857143	-1.2666666666666668	-0.1666666666666666	9.3	102.42666666666666	-0.2454545454545455	-0.2727272727272727	8.445454545454545	117.76454545454546	7	6	11	7	6	11	sars_cov2
6xkq	H	SDNYGFPYNGMDV	SGYNGD	GYNFTNF	0.0	0.0	2.0	0.0	0.0	0.0	0.0	1.0	0.0	0.0	0.0	0.0	0.0	2.0	0.0	0.0	1.0	0.0	1.0	0.0	0.0	0.0	1.0	1.0	0.0	0.0	0.0	2.0	0.0	0.0	0.0	0.0	0.0	0.0	0.0	1.0	0.0	0.0	1.0	0.0	0.0	0.0	2.0	2.0	0.0	0.0	0.0	2.0	0.0	0.0	0.0	0.0	1.0	1.0	1.0	1.0	0.0	0.0	2.0	1.0	-0.5428571428571429	0.0	8.2	123.1314285714286	-1.65	-0.1666666666666666	9.666666666666666	104.92666666666666	-0.8384615384615385	-0.1538461538461538	8.738461538461538	115.12076923076924	7	6	13	7	6	13	sars_cov2
7ws0	G	DRGYEILTPASFDY	SWNSDS	GFTFDDY	0.0	0.0	0.0	2.0	0.0	0.0	0.0	1.0	0.0	0.0	0.0	0.0	0.0	2.0	0.0	0.0	1.0	0.0	1.0	0.0	0.0	0.0	1.0	1.0	0.0	0.0	0.0	0.0	0.0	0.0	0.0	0.0	0.0	0.0	0.0	3.0	0.0	1.0	0.0	0.0	1.0	1.0	0.0	2.0	0.0	0.0	1.0	1.0	0.0	1.0	1.0	0.0	0.0	1.0	1.0	1.0	1.0	0.0	2.0	0.0	-0.5428571428571429	-0.2857142857142857	8.6	123.41142857142856	-1.7166666666666668	-0.1666666666666666	9.6	112.77666666666666	-0.5857142857142857	-0.1428571428571428	8.528571428571428	117.62785714285714	7	6	14	7	6	14	sars_cov2
7nxa	A	GEGSPGNWFDP	YSGGS	GLTVSSN	0.0	0.0	1.0	0.0	0.0	0.0	0.0	1.0	0.0	0.0	1.0	0.0	0.0	0.0	0.0	2.0	1.0	0.0	0.0	1.0	0.0	0.0	0.0	0.0	0.0	0.0	0.0	2.0	0.0	0.0	0.0	0.0	0.0	0.0	0.0	2.0	0.0	0.0	1.0	0.0	0.0	0.0	1.0	1.0	0.0	0.0	1.0	3.0	0.0	0.0	0.0	0.0	0.0	1.0	2.0	1.0	0.0	1.0	0.0	0.0	0.2571428571428571	0.0	8.342857142857143	96.67428571428572	-0.74	0.0	8.52	97.488	-1.2545454545454546	-0.1818181818181818	9.063636363636364	108.92636363636365	7	5	11	7	5	11	sars_cov2
7c01	H	VLPMYGDYLDY	YSGGS	GFTVSSN	0.0	0.0	1.0	0.0	0.0	0.0	0.0	1.0	0.0	0.0	0.0	0.0	0.0	1.0	0.0	2.0	1.0	0.0	0.0	1.0	0.0	0.0	0.0	0.0	0.0	0.0	0.0	2.0	0.0	0.0	0.0	0.0	0.0	0.0	0.0	2.0	0.0	0.0	1.0	0.0	0.0	0.0	0.0	2.0	0.0	0.0	0.0	1.0	0.0	0.0	2.0	0.0	1.0	0.0	1.0	0.0	0.0	0.0	3.0	1.0	0.1142857142857142	0.0	8.385714285714284	101.53428571428572	-0.74	0.0	8.52	97.488	0.0727272727272726	-0.1818181818181818	7.545454545454546	122.59454545454544	7	5	11	7	5	11	sars_cov2
7qf1	C	LPYYYDSSGYYYFDY	IPILGI	GGTYSSY	0.0	0.0	0.0	0.0	0.0	0.0	0.0	2.0	0.0	0.0	0.0	0.0	0.0	0.0	0.0	2.0	1.0	0.0	2.0	0.0	0.0	0.0	0.0	0.0	0.0	0.0	0.0	1.0	0.0	3.0	1.0	0.0	0.0	0.0	1.0	0.0	0.0	0.0	0.0	0.0	0.0	0.0	0.0	2.0	0.0	0.0	0.0	1.0	0.0	0.0	1.0	0.0	0.0	1.0	1.0	2.0	0.0	0.0	7.0	0.0	-0.8142857142857143	0.0	8.2	107.39	2.55	0.0	6.25	104.135	-0.8733333333333334	-0.1333333333333333	7.66	131.9406666666667	7	6	15	7	6	15	sars_cov2
7dk0	A	SPLGGGSGYSVSWFDP	IPIFGS	GGTFSSY	0.0	0.0	0.0	0.0	0.0	0.0	0.0	2.0	0.0	0.0	0.0	0.0	0.0	1.0	0.0	2.0	1.0	0.0	1.0	0.0	0.0	0.0	0.0	0.0	0.0	0.0	0.0	1.0	0.0	2.0	0.0	0.0	0.0	1.0	1.0	1.0	0.0	0.0	0.0	0.0	0.0	0.0	0.0	1.0	0.0	0.0	0.0	4.0	0.0	0.0	1.0	0.0	0.0	1.0	2.0	4.0	0.0	1.0	1.0	1.0	-0.2285714285714286	0.0	8.057142857142857	105.10428571428572	1.5	0.0	6.966666666666666	105.45833333333331	-0.18125	-0.0625	8.0875	104.17	7	6	16	7	6	16	sars_cov2
7pqy	H	DHVRPGMNI	YSGGS	GFTVSSN	0.0	0.0	1.0	0.0	0.0	0.0	0.0	1.0	0.0	0.0	0.0	0.0	0.0	1.0	0.0	2.0	1.0	0.0	0.0	1.0	0.0	0.0	0.0	0.0	0.0	0.0	0.0	2.0	0.0	0.0	0.0	0.0	0.0	0.0	0.0	2.0	0.0	0.0	1.0	0.0	0.0	1.0	1.0	1.0	0.0	0.0	0.0	1.0	1.0	1.0	0.0	0.0	1.0	0.0	1.0	0.0	0.0	0.0	0.0	1.0	0.1142857142857142	0.0	8.385714285714284	101.53428571428572	-0.74	0.0	8.52	97.488	-0.6777777777777778	0.1111111111111111	8.81111111111111	115.35444444444444	7	5	9	7	5	9	sars_cov2
7qnw	A	PRPPDYYDNSGALLFDI	YYSGI	GDSISSSRY	0.0	1.0	0.0	1.0	0.0	0.0	0.0	1.0	0.0	1.0	0.0	0.0	0.0	0.0	0.0	4.0	0.0	0.0	1.0	0.0	0.0	0.0	0.0	0.0	0.0	0.0	0.0	1.0	0.0	1.0	0.0	0.0	0.0	0.0	0.0	1.0	0.0	0.0	2.0	0.0	1.0	1.0	1.0	3.0	0.0	0.0	0.0	1.0	0.0	1.0	2.0	0.0	0.0	1.0	3.0	1.0	0.0	0.0	2.0	0.0	-0.9333333333333332	0.0	8.966666666666667	107.8877777777778	0.1399999999999999	0.0	7.159999999999999	120.33	-0.611764705882353	-0.1176470588235294	8.470588235294118	114.89176470588237	9	5	17	9	5	17	sars_cov2
6yla	H	GSGISTPMDV	YPGDSE	GYGFITY	0.0	0.0	0.0	0.0	0.0	0.0	0.0	2.0	0.0	1.0	0.0	0.0	0.0	1.0	0.0	0.0	1.0	0.0	2.0	0.0	0.0	0.0	0.0	1.0	0.0	0.0	1.0	1.0	0.0	0.0	0.0	0.0	0.0	0.0	1.0	1.0	0.0	0.0	1.0	0.0	0.0	0.0	0.0	1.0	0.0	0.0	0.0	2.0	0.0	1.0	0.0	0.0	1.0	0.0	1.0	2.0	1.0	0.0	0.0	1.0	0.4571428571428571	0.0	7.057142857142857	119.70142857142856	-1.85	-0.3333333333333333	9.616666666666667	111.10666666666668	0.24	-0.1	8.28	98.107	7	6	10	7	6	10	sars_cov2
7kn4	M	PGAIMGALHI	YYSGS	SLSSVNY	0.0	0.0	1.0	0.0	0.0	0.0	0.0	0.0	0.0	0.0	1.0	0.0	0.0	0.0	0.0	3.0	0.0	0.0	1.0	1.0	0.0	0.0	0.0	0.0	0.0	0.0	0.0	1.0	0.0	0.0	0.0	0.0	0.0	0.0	0.0	2.0	0.0	0.0	2.0	0.0	2.0	0.0	0.0	0.0	0.0	0.0	0.0	2.0	1.0	2.0	1.0	0.0	1.0	0.0	1.0	0.0	0.0	0.0	0.0	0.0	0.1142857142857142	0.0	8.028571428571428	107.26	-0.9200000000000002	0.0	7.959999999999999	115.114	1.27	0.1	7.359999999999999	99.72	7	5	10	7	5	10	sars_cov2
6xc7	C	DFGDFYFDY	YSGGS	GFTVSSN	0.0	0.0	1.0	0.0	0.0	0.0	0.0	1.0	0.0	0.0	0.0	0.0	0.0	1.0	0.0	2.0	1.0	0.0	0.0	1.0	0.0	0.0	0.0	0.0	0.0	0.0	0.0	2.0	0.0	0.0	0.0	0.0	0.0	0.0	0.0	2.0	0.0	0.0	1.0	0.0	0.0	0.0	0.0	3.0	0.0	0.0	0.0	1.0	0.0	0.0	0.0	0.0	0.0	3.0	0.0	0.0	0.0	0.0	2.0	0.0	0.1142857142857142	0.0	8.385714285714284	101.53428571428572	-0.74	0.0	8.52	97.488	-0.5666666666666668	-0.3333333333333333	8.444444444444445	132.02444444444444	7	5	9	7	5	9	sars_cov2
7wwm	I	HGGTYYYDKNILA	SFDGSS	GFSFSHY	0.0	0.0	0.0	0.0	0.0	0.0	0.0	1.0	1.0	0.0	0.0	0.0	0.0	2.0	0.0	2.0	0.0	0.0	1.0	0.0	0.0	0.0	0.0	1.0	0.0	0.0	0.0	1.0	0.0	0.0	0.0	0.0	0.0	1.0	0.0	3.0	0.0	0.0	0.0	0.0	1.0	0.0	1.0	1.0	0.0	0.0	0.0	2.0	1.0	1.0	1.0	1.0	0.0	0.0	0.0	0.0	1.0	0.0	3.0	0.0	-0.1285714285714286	0.1428571428571428	7.771428571428571	120.55571428571427	-0.5833333333333334	-0.1666666666666666	9.133333333333333	99.76	-0.7230769230769231	0.0769230769230769	8.438461538461539	117.89769230769232	7	6	13	7	6	13	sars_cov2
7m7w	C	QWSHYTYDYYY	YPGDSD	GYSFTSY	0.0	0.0	0.0	0.0	0.0	0.0	0.0	1.0	0.0	0.0	0.0	0.0	0.0	1.0	0.0	2.0	1.0	0.0	2.0	0.0	0.0	0.0	0.0	2.0	0.0	0.0	0.0	1.0	0.0	0.0	0.0	0.0	0.0	0.0	1.0	1.0	0.0	0.0	1.0	0.0	0.0	0.0	0.0	1.0	0.0	1.0	0.0	0.0	1.0	0.0	0.0	0.0	0.0	0.0	0.0	1.0	1.0	1.0	5.0	0.0	-0.3571428571428572	0.0	7.6571428571428575	117.69428571428573	-1.85	-0.3333333333333333	9.733333333333333	108.76833333333332	-1.7363636363636366	0.0	8.009090909090908	142.7881818181818	7	6	11	7	6	11	sars_cov2
7lxz	H	DGNAYKWLLAENVRFDY	SSSSNY	GFTFSDY	0.0	0.0	0.0	1.0	0.0	0.0	0.0	1.0	0.0	0.0	0.0	0.0	0.0	2.0	0.0	1.0	1.0	0.0	1.0	0.0	0.0	0.0	1.0	0.0	0.0	0.0	0.0	0.0	0.0	0.0	0.0	0.0	0.0	0.0	0.0	4.0	0.0	0.0	1.0	0.0	2.0	1.0	2.0	2.0	0.0	0.0	1.0	1.0	0.0	0.0	2.0	1.0	0.0	1.0	0.0	0.0	0.0	1.0	2.0	1.0	-0.1571428571428572	-0.1428571428571428	8.057142857142857	119.41	-1.3333333333333333	0.0	9.1	104.26833333333332	-0.6823529411764706	-0.0588235294117647	8.658823529411764	122.01823529411764	7	6	17	7	6	17	sars_cov2
7kfv	F	GDVSGYRYGLDY	YSGGA	GFTVSSN	0.0	0.0	1.0	0.0	0.0	0.0	0.0	1.0	0.0	0.0	0.0	0.0	0.0	1.0	0.0	2.0	1.0	0.0	0.0	1.0	1.0	0.0	0.0	0.0	0.0	0.0	0.0	2.0	0.0	0.0	0.0	0.0	0.0	0.0	0.0	1.0	0.0	0.0	1.0	0.0	0.0	1.0	0.0	2.0	0.0	0.0	0.0	3.0	0.0	0.0	1.0	0.0	0.0	0.0	0.0	1.0	0.0	0.0	3.0	1.0	0.1142857142857142	0.0	8.385714285714284	101.53428571428572	-0.22	0.0	8.3	94.288	-0.7833333333333333	-0.0833333333333333	8.508333333333333	116.7025	7	5	12	7	5	12	sars_cov2
7chf	A	TRGRGLYDYVWGSKDY	SDGGGS	GFAFTTY	1.0	0.0	0.0	0.0	0.0	0.0	0.0	1.0	0.0	0.0	0.0	0.0	0.0	2.0	0.0	0.0	2.0	0.0	1.0	0.0	0.0	0.0	0.0	1.0	0.0	0.0	0.0	3.0	0.0	0.0	0.0	0.0	0.0	0.0	0.0	2.0	0.0	0.0	0.0	0.0	0.0	2.0	0.0	2.0	0.0	0.0	0.0	3.0	0.0	0.0	1.0	1.0	0.0	0.0	0.0	1.0	1.0	1.0	3.0	1.0	0.6142857142857142	0.0	7.271428571428571	115.12714285714286	-1.05	-0.1666666666666666	9.733333333333333	85.73333333333333	-1.2125	0.0625	8.61875	123.258125	7	6	16	7	6	16	sars_cov2
7r40	D	EGTYYYGSGSF	SGSGGN	GFTFSSY	0.0	0.0	0.0	0.0	0.0	0.0	0.0	1.0	0.0	0.0	0.0	0.0	0.0	2.0	0.0	2.0	1.0	0.0	1.0	0.0	0.0	0.0	1.0	0.0	0.0	0.0	0.0	3.0	0.0	0.0	0.0	0.0	0.0	0.0	0.0	2.0	0.0	0.0	0.0	0.0	0.0	0.0	0.0	0.0	0.0	0.0	1.0	3.0	0.0	0.0	0.0	0.0	0.0	1.0	0.0	2.0	1.0	0.0	3.0	0.0	0.2285714285714285	0.0	7.514285714285714	115.40857142857143	-1.05	0.0	9.5	85.57	-0.7363636363636363	-0.0909090909090909	8.19090909090909	115.11454545454544	7	6	11	7	6	11	sars_cov2
7lxx	H	DGNAYKWLLAENVRFDY	SSSSNY	GFTFSDY	0.0	0.0	0.0	1.0	0.0	0.0	0.0	1.0	0.0	0.0	0.0	0.0	0.0	2.0	0.0	1.0	1.0	0.0	1.0	0.0	0.0	0.0	1.0	0.0	0.0	0.0	0.0	0.0	0.0	0.0	0.0	0.0	0.0	0.0	0.0	4.0	0.0	0.0	1.0	0.0	2.0	1.0	2.0	2.0	0.0	0.0	1.0	1.0	0.0	0.0	2.0	1.0	0.0	1.0	0.0	0.0	0.0	1.0	2.0	1.0	-0.1571428571428572	-0.1428571428571428	8.057142857142857	119.41	-1.3333333333333333	0.0	9.1	104.26833333333332	-0.6823529411764706	-0.0588235294117647	8.658823529411764	122.01823529411764	7	6	17	7	6	17	sars_cov2
7cho	H	ALQVGATSDYFDY	YSGGS	GFIVSSN	0.0	0.0	1.0	0.0	0.0	0.0	0.0	1.0	0.0	1.0	0.0	0.0	0.0	1.0	0.0	2.0	0.0	0.0	0.0	1.0	0.0	0.0	0.0	0.0	0.0	0.0	0.0	2.0	0.0	0.0	0.0	0.0	0.0	0.0	0.0	2.0	0.0	0.0	1.0	0.0	2.0	0.0	0.0	2.0	0.0	1.0	0.0	1.0	0.0	0.0	1.0	0.0	0.0	1.0	0.0	1.0	1.0	0.0	2.0	1.0	0.8571428571428571	0.0	7.9	103.25571428571428	-0.74	0.0	8.52	97.488	-0.0461538461538461	-0.1538461538461538	8.3	111.50307692307692	7	5	13	7	5	13	sars_cov2
7l0n	M	GDSSGYYYYFDY	GTAGD	GFTFSSY	0.0	0.0	0.0	0.0	0.0	0.0	0.0	1.0	0.0	0.0	0.0	0.0	0.0	2.0	0.0	2.0	1.0	0.0	1.0	0.0	1.0	0.0	0.0	1.0	0.0	0.0	0.0	2.0	0.0	0.0	0.0	0.0	0.0	0.0	0.0	0.0	1.0	0.0	0.0	0.0	0.0	0.0	0.0	2.0	0.0	0.0	0.0	2.0	0.0	0.0	0.0	0.0	0.0	1.0	0.0	2.0	0.0	0.0	5.0	0.0	0.2285714285714285	0.0	7.514285714285714	115.40857142857143	-0.64	-0.2	9.54	87.476	-1.0916666666666668	-0.1666666666666666	8.216666666666667	126.46	7	5	12	7	5	12	sars_cov2
7mzg	H	DAVYYGMDV	YPGGS	GLTVSSN	0.0	0.0	1.0	0.0	0.0	0.0	0.0	1.0	0.0	0.0	1.0	0.0	0.0	0.0	0.0	2.0	1.0	0.0	0.0	1.0	0.0	0.0	0.0	0.0	0.0	0.0	0.0	2.0	0.0	0.0	0.0	0.0	0.0	0.0	1.0	1.0	0.0	0.0	1.0	0.0	1.0	0.0	0.0	2.0	0.0	0.0	0.0	1.0	0.0	0.0	0.0	0.0	1.0	0.0	0.0	0.0	0.0	0.0	2.0	2.0	0.2571428571428571	0.0	8.342857142857143	96.67428571428572	-0.9	0.0	8.28	99.496	0.2333333333333333	-0.2222222222222222	8.11111111111111	114.68111111111112	7	5	9	7	5	9	sars_cov2
7m6d	A	GSGISTPMDV	YPGDSE	GYGFITY	0.0	0.0	0.0	0.0	0.0	0.0	0.0	2.0	0.0	1.0	0.0	0.0	0.0	1.0	0.0	0.0	1.0	0.0	2.0	0.0	0.0	0.0	0.0	1.0	0.0	0.0	1.0	1.0	0.0	0.0	0.0	0.0	0.0	0.0	1.0	1.0	0.0	0.0	1.0	0.0	0.0	0.0	0.0	1.0	0.0	0.0	0.0	2.0	0.0	1.0	0.0	0.0	1.0	0.0	1.0	2.0	1.0	0.0	0.0	1.0	0.4571428571428571	0.0	7.057142857142857	119.70142857142856	-1.85	-0.3333333333333333	9.616666666666667	111.10666666666668	0.24	-0.1	8.28	98.107	7	6	10	7	6	10	sars_cov2
7kfw	C	GDVSGYRYGLDY	YSGGT	GFTVSSN	0.0	0.0	1.0	0.0	0.0	0.0	0.0	1.0	0.0	0.0	0.0	0.0	0.0	1.0	0.0	2.0	1.0	0.0	0.0	1.0	0.0	0.0	0.0	0.0	0.0	0.0	0.0	2.0	0.0	0.0	0.0	0.0	0.0	0.0	0.0	1.0	1.0	0.0	1.0	0.0	0.0	1.0	0.0	2.0	0.0	0.0	0.0	3.0	0.0	0.0	1.0	0.0	0.0	0.0	0.0	1.0	0.0	0.0	3.0	1.0	0.1142857142857142	0.0	8.385714285714284	101.53428571428572	-0.72	0.0	8.4	100.294	-0.7833333333333333	-0.0833333333333333	8.508333333333333	116.7025	7	5	12	7	5	12	sars_cov2
7lqv	H	LQTVDTAIEKYYGMDV	IPILGI	GGTFSSH	0.0	0.0	0.0	0.0	0.0	0.0	0.0	2.0	1.0	0.0	0.0	0.0	0.0	1.0	0.0	2.0	1.0	0.0	0.0	0.0	0.0	0.0	0.0	0.0	0.0	0.0	0.0	1.0	0.0	3.0	1.0	0.0	0.0	0.0	1.0	0.0	0.0	0.0	0.0	0.0	1.0	0.0	0.0	2.0	0.0	1.0	1.0	1.0	0.0	1.0	1.0	1.0	1.0	0.0	0.0	0.0	2.0	0.0	2.0	2.0	-0.5000000000000001	0.1428571428571428	8.657142857142857	101.38428571428572	2.55	0.0	6.25	104.135	-0.11875	-0.125	8.4	115.38125	7	6	16	7	6	16	sars_cov2
7tb8	J	DLAIAVAGTWHYYNGMDV	SYDGSN	GFTFSSY	0.0	0.0	0.0	0.0	0.0	0.0	0.0	1.0	0.0	0.0	0.0	0.0	0.0	2.0	0.0	2.0	1.0	0.0	1.0	0.0	0.0	0.0	1.0	1.0	0.0	0.0	0.0	1.0	0.0	0.0	0.0	0.0	0.0	0.0	0.0	2.0	0.0	0.0	1.0	0.0	3.0	0.0	1.0	2.0	0.0	0.0	0.0	2.0	1.0	1.0	1.0	0.0	1.0	0.0	0.0	0.0	1.0	1.0	2.0	2.0	0.2285714285714285	0.0	7.514285714285714	115.40857142857143	-1.7166666666666668	-0.1666666666666666	9.7	106.93166666666669	0.2944444444444444	-0.0555555555555555	8.016666666666667	111.90222222222222	7	6	18	7	6	18	sars_cov2
7neg	H	DFYEGSFDI	YSGGS	GLTVNRN	0.0	1.0	2.0	0.0	0.0	0.0	0.0	1.0	0.0	0.0	1.0	0.0	0.0	0.0	0.0	0.0	1.0	0.0	0.0	1.0	0.0	0.0	0.0	0.0	0.0	0.0	0.0	2.0	0.0	0.0	0.0	0.0	0.0	0.0	0.0	2.0	0.0	0.0	1.0	0.0	0.0	0.0	0.0	2.0	0.0	0.0	1.0	1.0	0.0	1.0	0.0	0.0	0.0	2.0	0.0	1.0	0.0	0.0	1.0	0.0	-0.6571428571428571	0.1428571428571428	8.871428571428572	110.40857142857143	-0.74	0.0	8.52	97.488	-0.3222222222222222	-0.3333333333333333	8.7	121.3477777777778	7	5	9	7	5	9	sars_cov2
7epx	H	DRSYGPPDVFNYEYGMDV	SGDGGS	GFRFDDH	0.0	1.0	0.0	2.0	0.0	0.0	0.0	1.0	1.0	0.0	0.0	0.0	0.0	2.0	0.0	0.0	0.0	0.0	0.0	0.0	0.0	0.0	0.0	1.0	0.0	0.0	0.0	3.0	0.0	0.0	0.0	0.0	0.0	0.0	0.0	2.0	0.0	0.0	0.0	0.0	0.0	1.0	1.0	3.0	0.0	0.0	1.0	2.0	0.0	0.0	0.0	0.0	1.0	1.0	2.0	1.0	0.0	0.0	3.0	2.0	-1.3571428571428572	0.0	9.471428571428572	127.56	-1.05	-0.1666666666666666	9.733333333333333	85.73333333333333	-0.977777777777778	-0.1666666666666666	8.772222222222222	119.01611111111112	7	6	18	7	6	18	sars_cov2
7czp	J	LERDWPLDAFDI	YYSGS	GGSISSY	0.0	0.0	0.0	0.0	0.0	0.0	0.0	2.0	0.0	1.0	0.0	0.0	0.0	0.0	0.0	3.0	0.0	0.0	1.0	0.0	0.0	0.0	0.0	0.0	0.0	0.0	0.0	1.0	0.0	0.0	0.0	0.0	0.0	0.0	0.0	2.0	0.0	0.0	2.0	0.0	1.0	1.0	0.0	3.0	0.0	0.0	1.0	0.0	0.0	1.0	2.0	0.0	0.0	1.0	1.0	0.0	0.0	1.0	0.0	0.0	-3.1720657846433036e-17	0.0	8.142857142857142	98.24	-0.9200000000000002	0.0	7.959999999999999	115.114	-0.3583333333333334	-0.25	8.625	122.63833333333334	7	5	12	7	5	12	sars_cov2
7l02	M	KGSDRLSDNDPFDA	STSSTY	NFRISAH	1.0	1.0	1.0	0.0	0.0	0.0	0.0	0.0	1.0	1.0	0.0	0.0	0.0	1.0	0.0	1.0	0.0	0.0	0.0	0.0	0.0	0.0	0.0	0.0	0.0	0.0	0.0	0.0	0.0	0.0	0.0	0.0	0.0	0.0	0.0	3.0	2.0	0.0	1.0	0.0	1.0	1.0	1.0	4.0	0.0	0.0	0.0	1.0	0.0	0.0	1.0	1.0	0.0	1.0	1.0	2.0	0.0	0.0	0.0	0.0	-0.4142857142857143	0.2857142857142857	8.6	117.99142857142856	-0.85	0.0	8.5	104.44	-1.5071428571428571	-0.1428571428571428	9.928571428571429	109.75642857142856	7	6	14	7	6	14	sars_cov2
7r8l	H	DLYSSGGTDI	YAGGS	GITVSSN	0.0	0.0	1.0	0.0	0.0	0.0	0.0	1.0	0.0	1.0	0.0	0.0	0.0	0.0	0.0	2.0	1.0	0.0	0.0	1.0	1.0	0.0	0.0	0.0	0.0	0.0	0.0	2.0	0.0	0.0	0.0	0.0	0.0	0.0	0.0	1.0	0.0	0.0	1.0	0.0	0.0	0.0	0.0	2.0	0.0	0.0	0.0	2.0	0.0	1.0	1.0	0.0	0.0	0.0	0.0	2.0	1.0	0.0	1.0	0.0	0.3571428571428571	0.0	8.385714285714284	96.67428571428572	-0.22	0.0	8.3	94.288	-0.31	-0.2	8.73	104.505	7	5	10	7	5	10	sars_cov2
7mmo	A	HSISTIFDH	YWDDD	GFSLSISGV	0.0	0.0	0.0	0.0	0.0	0.0	0.0	2.0	0.0	1.0	1.0	0.0	0.0	1.0	0.0	3.0	0.0	0.0	0.0	1.0	0.0	0.0	0.0	3.0	0.0	0.0	0.0	0.0	0.0	0.0	0.0	0.0	0.0	0.0	0.0	0.0	0.0	1.0	1.0	0.0	0.0	0.0	0.0	1.0	0.0	0.0	0.0	0.0	2.0	2.0	0.0	0.0	0.0	1.0	0.0	2.0	1.0	0.0	0.0	0.0	1.3444444444444443	0.0	7.422222222222222	98.2188888888889	-2.54	-0.6	10.12	138.93400000000003	-0.0444444444444445	0.1111111111111111	8.488888888888889	115.34888888888888	9	5	9	9	5	9	sars_cov2
7ora	H	PHCNSTSCYDAFDI	VVGSGN	GFTFTTS	0.0	0.0	0.0	0.0	0.0	0.0	0.0	1.0	0.0	0.0	0.0	0.0	0.0	2.0	0.0	1.0	3.0	0.0	0.0	0.0	0.0	0.0	1.0	0.0	0.0	0.0	0.0	2.0	0.0	0.0	0.0	0.0	0.0	0.0	0.0	1.0	0.0	0.0	0.0	2.0	1.0	0.0	1.0	2.0	2.0	0.0	0.0	0.0	1.0	1.0	0.0	0.0	0.0	1.0	1.0	2.0	1.0	0.0	1.0	0.0	0.3285714285714285	0.0	7.771428571428571	108.5457142857143	0.55	0.0	8.433333333333334	91.59166666666664	-0.3428571428571429	-0.0714285714285714	8.47857142857143	111.05142857142856	7	6	14	7	6	14	sars_cov2
7uaq	H	PQYHYYDTSTYHSYGFDI	TTSGHA	GFTFSIY	0.0	0.0	0.0	0.0	0.0	0.0	0.0	1.0	0.0	1.0	0.0	0.0	0.0	2.0	0.0	1.0	1.0	0.0	1.0	0.0	1.0	0.0	0.0	0.0	0.0	0.0	0.0	1.0	1.0	0.0	0.0	0.0	0.0	0.0	0.0	1.0	2.0	0.0	0.0	0.0	0.0	0.0	0.0	2.0	0.0	1.0	0.0	1.0	2.0	1.0	0.0	0.0	0.0	1.0	1.0	2.0	2.0	0.0	5.0	0.0	0.9857142857142857	0.0	6.942857142857143	119.13428571428572	-0.6666666666666666	0.1666666666666666	8.983333333333333	95.42833333333331	-1.1722222222222225	0.0	8.405555555555557	125.41	7	6	18	7	6	18	sars_cov2
7mzj	F	VGWGAFDI	SGSGGS	GFTFSRF	0.0	1.0	0.0	0.0	0.0	0.0	0.0	1.0	0.0	0.0	0.0	0.0	0.0	3.0	0.0	1.0	1.0	0.0	0.0	0.0	0.0	0.0	0.0	0.0	0.0	0.0	0.0	3.0	0.0	0.0	0.0	0.0	0.0	0.0	0.0	3.0	0.0	0.0	0.0	0.0	1.0	0.0	0.0	1.0	0.0	0.0	0.0	2.0	0.0	1.0	0.0	0.0	0.0	1.0	0.0	0.0	0.0	1.0	0.0	1.0	0.2857142857142856	0.1428571428571428	7.557142857142857	122.99571428571429	-0.6	0.0	9.1	81.065	1.0125	-0.125	7.6	110.245	7	6	8	7	6	8	sars_cov2
7qnx	A	PRPPDYYDNSGALLFDI	YYSGI	GDSISSSRY	0.0	1.0	0.0	1.0	0.0	0.0	0.0	1.0	0.0	1.0	0.0	0.0	0.0	0.0	0.0	4.0	0.0	0.0	1.0	0.0	0.0	0.0	0.0	0.0	0.0	0.0	0.0	1.0	0.0	1.0	0.0	0.0	0.0	0.0	0.0	1.0	0.0	0.0	2.0	0.0	1.0	1.0	1.0	3.0	0.0	0.0	0.0	1.0	0.0	1.0	2.0	0.0	0.0	1.0	3.0	1.0	0.0	0.0	2.0	0.0	-0.9333333333333332	0.0	8.966666666666667	107.8877777777778	0.1399999999999999	0.0	7.159999999999999	120.33	-0.611764705882353	-0.1176470588235294	8.470588235294118	114.89176470588237	9	5	17	9	5	17	sars_cov2
7beo	H	PHCNSTSCYDAFDI	VVGSGN	GFTFTTS	0.0	0.0	0.0	0.0	0.0	0.0	0.0	1.0	0.0	0.0	0.0	0.0	0.0	2.0	0.0	1.0	3.0	0.0	0.0	0.0	0.0	0.0	1.0	0.0	0.0	0.0	0.0	2.0	0.0	0.0	0.0	0.0	0.0	0.0	0.0	1.0	0.0	0.0	0.0	2.0	1.0	0.0	1.0	2.0	2.0	0.0	0.0	0.0	1.0	1.0	0.0	0.0	0.0	1.0	1.0	2.0	1.0	0.0	1.0	0.0	0.3285714285714285	0.0	7.771428571428571	108.5457142857143	0.55	0.0	8.433333333333334	91.59166666666664	-0.3428571428571429	-0.0714285714285714	8.47857142857143	111.05142857142856	7	6	14	7	6	14	sars_cov2
7jmp	H	AHVDTAMVESGAFDI	YTGGT	GFTVSSN	0.0	0.0	1.0	0.0	0.0	0.0	0.0	1.0	0.0	0.0	0.0	0.0	0.0	1.0	0.0	2.0	1.0	0.0	0.0	1.0	0.0	0.0	0.0	0.0	0.0	0.0	0.0	2.0	0.0	0.0	0.0	0.0	0.0	0.0	0.0	0.0	2.0	0.0	1.0	0.0	3.0	0.0	0.0	2.0	0.0	0.0	1.0	1.0	1.0	1.0	0.0	0.0	1.0	1.0	0.0	1.0	1.0	0.0	0.0	2.0	0.1142857142857142	0.0	8.385714285714284	101.53428571428572	-0.7	0.0	8.28	103.1	0.4933333333333333	-0.1333333333333333	8.513333333333334	104.18133333333334	7	5	15	7	5	15	sars_cov2
7mw2	F	EGHRVGPAY	NPTSGY	GYTFTSY	0.0	0.0	0.0	0.0	0.0	0.0	0.0	1.0	0.0	0.0	0.0	0.0	0.0	1.0	0.0	1.0	2.0	0.0	2.0	0.0	0.0	0.0	1.0	0.0	0.0	0.0	0.0	1.0	0.0	0.0	0.0	0.0	0.0	0.0	1.0	1.0	1.0	0.0	1.0	0.0	1.0	1.0	0.0	0.0	0.0	0.0	1.0	2.0	1.0	0.0	0.0	0.0	0.0	0.0	1.0	0.0	0.0	0.0	1.0	1.0	-0.3428571428571429	0.0	7.571428571428571	119.69857142857144	-1.3833333333333335	0.0	8.766666666666667	106.275	-0.9888888888888888	0.1111111111111111	8.822222222222223	111.4511111111111	7	6	9	7	6	9	sars_cov2
7k90	M	EGEVEGYNDFWSGYSRDRYYFDY	YSGGS	GFTVSNN	0.0	0.0	2.0	0.0	0.0	0.0	0.0	1.0	0.0	0.0	0.0	0.0	0.0	1.0	0.0	1.0	1.0	0.0	0.0	1.0	0.0	0.0	0.0	0.0	0.0	0.0	0.0	2.0	0.0	0.0	0.0	0.0	0.0	0.0	0.0	2.0	0.0	0.0	1.0	0.0	0.0	2.0	1.0	3.0	0.0	0.0	3.0	3.0	0.0	0.0	0.0	0.0	0.0	2.0	0.0	2.0	0.0	1.0	5.0	1.0	-0.2714285714285714	0.0	8.72857142857143	105.39571428571428	-0.74	0.0	8.52	97.488	-1.4739130434782608	-0.1739130434782608	8.982608695652173	128.43652173913043	7	5	23	7	5	23	sars_cov2
7mzh	B	SYYDY	NPNSGG	GYTFTGY	0.0	0.0	0.0	0.0	0.0	0.0	0.0	2.0	0.0	0.0	0.0	0.0	0.0	1.0	0.0	0.0	2.0	0.0	2.0	0.0	0.0	0.0	2.0	0.0	0.0	0.0	0.0	2.0	0.0	0.0	0.0	0.0	0.0	0.0	1.0	1.0	0.0	0.0	0.0	0.0	0.0	0.0	0.0	1.0	0.0	0.0	0.0	0.0	0.0	0.0	0.0	0.0	0.0	0.0	0.0	1.0	0.0	0.0	3.0	0.0	-0.2857142857142857	0.0	7.542857142857143	117.98	-1.7	0.0	9.733333333333333	93.75333333333332	-1.64	-0.2	8.16	138.342	7	6	5	7	6	5	sars_cov2
7e8f	C	TRGRGLYDYVWGSKDY	SDGGGS	GFAFTTY	1.0	0.0	0.0	0.0	0.0	0.0	0.0	1.0	0.0	0.0	0.0	0.0	0.0	2.0	0.0	0.0	2.0	0.0	1.0	0.0	0.0	0.0	0.0	1.0	0.0	0.0	0.0	3.0	0.0	0.0	0.0	0.0	0.0	0.0	0.0	2.0	0.0	0.0	0.0	0.0	0.0	2.0	0.0	2.0	0.0	0.0	0.0	3.0	0.0	0.0	1.0	1.0	0.0	0.0	0.0	1.0	1.0	1.0	3.0	1.0	0.6142857142857142	0.0	7.271428571428571	115.12714285714286	-1.05	-0.1666666666666666	9.733333333333333	85.73333333333333	-1.2125	0.0625	8.61875	123.258125	7	6	16	7	6	16	sars_cov2
6xkp	M	ARGSSGWYRIGTRWGNWFDP	SSSGST	GFTFSDY	0.0	0.0	0.0	1.0	0.0	0.0	0.0	1.0	0.0	0.0	0.0	0.0	0.0	2.0	0.0	1.0	1.0	0.0	1.0	0.0	0.0	0.0	0.0	0.0	0.0	0.0	0.0	1.0	0.0	0.0	0.0	0.0	0.0	0.0	0.0	4.0	1.0	0.0	0.0	0.0	1.0	3.0	1.0	1.0	0.0	0.0	0.0	4.0	0.0	1.0	0.0	0.0	0.0	1.0	1.0	2.0	1.0	3.0	1.0	0.0	-0.1571428571428572	-0.1428571428571428	8.057142857142857	119.41	-0.7166666666666667	0.0	9.066666666666666	87.41333333333334	-1.0450000000000002	0.1	8.4	121.181	7	6	20	7	6	20	sars_cov2
7jv6	F	SSGYSGYAGNY	KQDGSE	GFTFSSY	0.0	0.0	0.0	0.0	0.0	0.0	0.0	1.0	0.0	0.0	0.0	0.0	0.0	2.0	0.0	2.0	1.0	0.0	1.0	0.0	0.0	0.0	0.0	1.0	0.0	1.0	1.0	1.0	0.0	0.0	0.0	1.0	0.0	0.0	0.0	1.0	0.0	0.0	0.0	0.0	1.0	0.0	1.0	0.0	0.0	0.0	0.0	3.0	0.0	0.0	0.0	0.0	0.0	0.0	0.0	3.0	0.0	0.0	3.0	0.0	0.2285714285714285	0.0	7.514285714285714	115.40857142857143	-2.6	-0.1666666666666666	10.883333333333333	110.44166666666666	-0.8363636363636364	0.0	8.445454545454545	105.55636363636364	7	6	11	7	6	11	sars_cov2
7lxw	H	AFPDSSSWSGFTIDY	WYDGSN	GFTFSNY	0.0	0.0	1.0	0.0	0.0	0.0	0.0	1.0	0.0	0.0	0.0	0.0	0.0	2.0	0.0	1.0	1.0	0.0	1.0	0.0	0.0	0.0	1.0	1.0	0.0	0.0	0.0	1.0	0.0	0.0	0.0	0.0	0.0	0.0	0.0	1.0	0.0	1.0	1.0	0.0	1.0	0.0	0.0	2.0	0.0	0.0	0.0	1.0	0.0	1.0	0.0	0.0	0.0	2.0	1.0	4.0	1.0	1.0	1.0	0.0	-0.1571428571428572	0.0	7.857142857142857	119.27	-1.7333333333333334	-0.1666666666666666	9.066666666666666	123.455	-0.2133333333333333	-0.1333333333333333	8.246666666666666	111.98533333333332	7	6	15	7	6	15	sars_cov2
7l09	H	KGSDRLSDNDPFDA	STSSTY	NFRISAH	1.0	1.0	1.0	0.0	0.0	0.0	0.0	0.0	1.0	1.0	0.0	0.0	0.0	1.0	0.0	1.0	0.0	0.0	0.0	0.0	0.0	0.0	0.0	0.0	0.0	0.0	0.0	0.0	0.0	0.0	0.0	0.0	0.0	0.0	0.0	3.0	2.0	0.0	1.0	0.0	1.0	1.0	1.0	4.0	0.0	0.0	0.0	1.0	0.0	0.0	1.0	1.0	0.0	1.0	1.0	2.0	0.0	0.0	0.0	0.0	-0.4142857142857143	0.2857142857142857	8.6	117.99142857142856	-0.85	0.0	8.5	104.44	-1.5071428571428571	-0.1428571428571428	9.928571428571429	109.75642857142856	7	6	14	7	6	14	sars_cov2
7qez	E	GSGISTPMDV	YPGDSE	GYGFITY	0.0	0.0	0.0	0.0	0.0	0.0	0.0	2.0	0.0	1.0	0.0	0.0	0.0	1.0	0.0	0.0	1.0	0.0	2.0	0.0	0.0	0.0	0.0	1.0	0.0	0.0	1.0	1.0	0.0	0.0	0.0	0.0	0.0	0.0	1.0	1.0	0.0	0.0	1.0	0.0	0.0	0.0	0.0	1.0	0.0	0.0	0.0	2.0	0.0	1.0	0.0	0.0	1.0	0.0	1.0	2.0	1.0	0.0	0.0	1.0	0.4571428571428571	0.0	7.057142857142857	119.70142857142856	-1.85	-0.3333333333333333	9.616666666666667	111.10666666666668	0.24	-0.1	8.28	98.107	7	6	10	7	6	10	sars_cov2
7zf8	H	DLMVYGIDV	YSGGT	GVTVSSN	0.0	0.0	1.0	0.0	0.0	0.0	0.0	1.0	0.0	0.0	0.0	0.0	0.0	0.0	0.0	2.0	1.0	0.0	0.0	2.0	0.0	0.0	0.0	0.0	0.0	0.0	0.0	2.0	0.0	0.0	0.0	0.0	0.0	0.0	0.0	1.0	1.0	0.0	1.0	0.0	0.0	0.0	0.0	2.0	0.0	0.0	0.0	1.0	0.0	1.0	1.0	0.0	1.0	0.0	0.0	0.0	0.0	0.0	1.0	2.0	0.3142857142857143	0.0	8.485714285714286	94.67	-0.72	0.0	8.4	100.294	1.1	-0.2222222222222222	7.644444444444444	113.7988888888889	7	5	9	7	5	9	sars_cov2
7e86	A	DAQNYGMDV	YSGGS	GFIVSSN	0.0	0.0	1.0	0.0	0.0	0.0	0.0	1.0	0.0	1.0	0.0	0.0	0.0	1.0	0.0	2.0	0.0	0.0	0.0	1.0	0.0	0.0	0.0	0.0	0.0	0.0	0.0	2.0	0.0	0.0	0.0	0.0	0.0	0.0	0.0	2.0	0.0	0.0	1.0	0.0	1.0	0.0	1.0	2.0	0.0	1.0	0.0	1.0	0.0	0.0	0.0	0.0	1.0	0.0	0.0	0.0	0.0	0.0	1.0	1.0	0.8571428571428571	0.0	7.9	103.25571428571428	-0.74	0.0	8.52	97.488	-0.8666666666666667	-0.2222222222222222	9.22222222222222	112.4511111111111	7	5	9	7	5	9	sars_cov2
7l7e	T	PYCSSISCNDGFDI	VIGSGN	GFTFMSS	0.0	0.0	0.0	0.0	0.0	0.0	0.0	1.0	0.0	0.0	0.0	0.0	1.0	2.0	0.0	2.0	1.0	0.0	0.0	0.0	0.0	0.0	1.0	0.0	0.0	0.0	0.0	2.0	0.0	1.0	0.0	0.0	0.0	0.0	0.0	1.0	0.0	0.0	0.0	1.0	0.0	0.0	1.0	2.0	2.0	0.0	0.0	1.0	0.0	2.0	0.0	0.0	0.0	1.0	1.0	3.0	0.0	0.0	1.0	0.0	0.6857142857142857	0.0	7.442857142857143	110.84	0.6	0.0	8.316666666666666	93.93	0.0428571428571428	-0.1428571428571428	8.214285714285714	108.62	7	6	14	7	6	14	sars_cov2
7tat	D	DLGRGGWYLPSDA	TWNGGT	GFTFHDH	0.0	0.0	0.0	1.0	0.0	0.0	0.0	1.0	2.0	0.0	0.0	0.0	0.0	2.0	0.0	0.0	1.0	0.0	0.0	0.0	0.0	0.0	1.0	0.0	0.0	0.0	0.0	2.0	0.0	0.0	0.0	0.0	0.0	0.0	0.0	0.0	2.0	1.0	0.0	0.0	1.0	1.0	0.0	2.0	0.0	0.0	0.0	3.0	0.0	0.0	2.0	0.0	0.0	0.0	1.0	1.0	0.0	1.0	1.0	0.0	-0.7714285714285715	0.1428571428571428	8.828571428571427	122.84142857142857	-1.1	0.0	8.700000000000001	108.775	-0.6076923076923078	-0.0769230769230769	8.476923076923077	110.96307692307693	7	6	13	7	6	13	sars_cov2
7q0i	H	SYCSGGFCFGYYYGLDV	WYDGSN	GFTFSSY	0.0	0.0	0.0	0.0	0.0	0.0	0.0	1.0	0.0	0.0	0.0	0.0	0.0	2.0	0.0	2.0	1.0	0.0	1.0	0.0	0.0	0.0	1.0	1.0	0.0	0.0	0.0	1.0	0.0	0.0	0.0	0.0	0.0	0.0	0.0	1.0	0.0	1.0	1.0	0.0	0.0	0.0	0.0	1.0	2.0	0.0	0.0	4.0	0.0	0.0	1.0	0.0	0.0	2.0	0.0	2.0	0.0	0.0	4.0	1.0	0.2285714285714285	0.0	7.514285714285714	115.40857142857143	-1.7333333333333334	-0.1666666666666666	9.066666666666666	123.455	0.3941176470588234	-0.0588235294117647	7.31764705882353	115.00705882352942	7	6	17	7	6	17	sars_cov2
7jx3	H	GDSSGYYYYFDY	GTAGD	GFTFSSY	0.0	0.0	0.0	0.0	0.0	0.0	0.0	1.0	0.0	0.0	0.0	0.0	0.0	2.0	0.0	2.0	1.0	0.0	1.0	0.0	1.0	0.0	0.0	1.0	0.0	0.0	0.0	2.0	0.0	0.0	0.0	0.0	0.0	0.0	0.0	0.0	1.0	0.0	0.0	0.0	0.0	0.0	0.0	2.0	0.0	0.0	0.0	2.0	0.0	0.0	0.0	0.0	0.0	1.0	0.0	2.0	0.0	0.0	5.0	0.0	0.2285714285714285	0.0	7.514285714285714	115.40857142857143	-0.64	-0.2	9.54	87.476	-1.0916666666666668	-0.1666666666666666	8.216666666666667	126.46	7	5	12	7	5	12	sars_cov2
7n8h	E	AAPFYDFWSGYSYFDY	NPISSG	GYTFTGY	0.0	0.0	0.0	0.0	0.0	0.0	0.0	2.0	0.0	0.0	0.0	0.0	0.0	1.0	0.0	0.0	2.0	0.0	2.0	0.0	0.0	0.0	1.0	0.0	0.0	0.0	0.0	1.0	0.0	1.0	0.0	0.0	0.0	0.0	1.0	2.0	0.0	0.0	0.0	0.0	2.0	0.0	0.0	2.0	0.0	0.0	0.0	1.0	0.0	0.0	0.0	0.0	0.0	3.0	1.0	2.0	0.0	1.0	4.0	0.0	-0.2857142857142857	0.0	7.542857142857143	117.98	-0.4333333333333333	0.0	8.7	95.6	-0.29375	-0.125	7.7125	124.946875	7	6	16	7	6	16	sars_cov2
7cm4	H	IPGFLRYRNRYYYYGMDV	DWDDN	GFSLSTSGV	0.0	0.0	0.0	0.0	0.0	0.0	0.0	2.0	0.0	0.0	1.0	0.0	0.0	1.0	0.0	3.0	1.0	0.0	0.0	1.0	0.0	0.0	1.0	3.0	0.0	0.0	0.0	0.0	0.0	0.0	0.0	0.0	0.0	0.0	0.0	0.0	0.0	1.0	0.0	0.0	0.0	3.0	1.0	1.0	0.0	0.0	0.0	2.0	0.0	1.0	1.0	0.0	1.0	1.0	1.0	0.0	0.0	0.0	5.0	1.0	0.7666666666666666	0.0	7.800000000000001	96.88	-2.98	-0.6	11.2	129.12	-0.6777777777777778	0.1111111111111111	7.777777777777778	131.3733333333333	9	5	18	9	5	18	sars_cov2
7n3i	H	DLYSSGGTDI	YSGGS	GFTVSSN	0.0	0.0	1.0	0.0	0.0	0.0	0.0	1.0	0.0	0.0	0.0	0.0	0.0	1.0	0.0	2.0	1.0	0.0	0.0	1.0	0.0	0.0	0.0	0.0	0.0	0.0	0.0	2.0	0.0	0.0	0.0	0.0	0.0	0.0	0.0	2.0	0.0	0.0	1.0	0.0	0.0	0.0	0.0	2.0	0.0	0.0	0.0	2.0	0.0	1.0	1.0	0.0	0.0	0.0	0.0	2.0	1.0	0.0	1.0	0.0	0.1142857142857142	0.0	8.385714285714284	101.53428571428572	-0.74	0.0	8.52	97.488	-0.31	-0.2	8.73	104.505	7	5	10	7	5	10	sars_cov2
7pry	C	VTEPRWTSCYFDY	YYSES	GGSISSSSH	0.0	0.0	0.0	0.0	0.0	0.0	0.0	2.0	1.0	1.0	0.0	0.0	0.0	0.0	0.0	5.0	0.0	0.0	0.0	0.0	0.0	0.0	0.0	0.0	0.0	0.0	1.0	0.0	0.0	0.0	0.0	0.0	0.0	0.0	0.0	2.0	0.0	0.0	2.0	0.0	0.0	1.0	0.0	1.0	1.0	0.0	1.0	0.0	0.0	0.0	0.0	0.0	0.0	1.0	1.0	1.0	2.0	1.0	2.0	1.0	-0.3888888888888889	0.1111111111111111	8.844444444444443	92.86666666666666	-1.54	-0.2	8.620000000000001	125.928	-0.7153846153846154	-0.0769230769230769	8.046153846153846	126.83538461538464	9	5	13	9	5	13	sars_cov2
7nx8	H	DGGKLWVYYFDY	SYDGSN	AFTFSSY	1.0	0.0	0.0	0.0	0.0	0.0	0.0	0.0	0.0	0.0	0.0	0.0	0.0	2.0	0.0	2.0	1.0	0.0	1.0	0.0	0.0	0.0	1.0	1.0	0.0	0.0	0.0	1.0	0.0	0.0	0.0	0.0	0.0	0.0	0.0	2.0	0.0	0.0	1.0	0.0	0.0	0.0	0.0	2.0	0.0	0.0	0.0	2.0	0.0	0.0	1.0	1.0	0.0	1.0	0.0	0.0	0.0	1.0	3.0	1.0	0.5428571428571428	0.0	7.385714285714285	114.84142857142857	-1.7166666666666668	-0.1666666666666666	9.7	106.93166666666669	-0.475	-0.0833333333333333	7.941666666666666	128.64083333333335	7	6	12	7	6	12	sars_cov2
7uap	M	PQYHYYDTSTYHSYGFDI	TTSGHA	GFTFSIY	0.0	0.0	0.0	0.0	0.0	0.0	0.0	1.0	0.0	1.0	0.0	0.0	0.0	2.0	0.0	1.0	1.0	0.0	1.0	0.0	1.0	0.0	0.0	0.0	0.0	0.0	0.0	1.0	1.0	0.0	0.0	0.0	0.0	0.0	0.0	1.0	2.0	0.0	0.0	0.0	0.0	0.0	0.0	2.0	0.0	1.0	0.0	1.0	2.0	1.0	0.0	0.0	0.0	1.0	1.0	2.0	2.0	0.0	5.0	0.0	0.9857142857142857	0.0	6.942857142857143	119.13428571428572	-0.6666666666666666	0.1666666666666666	8.983333333333333	95.42833333333331	-1.1722222222222225	0.0	8.405555555555557	125.41	7	6	18	7	6	18	sars_cov2
7sod	H	LKDSRYSGSYYDY	RYDGGN	GFTFNSY	0.0	0.0	1.0	0.0	0.0	0.0	0.0	1.0	0.0	0.0	0.0	0.0	0.0	2.0	0.0	1.0	1.0	0.0	1.0	0.0	0.0	1.0	1.0	1.0	0.0	0.0	0.0	2.0	0.0	0.0	0.0	0.0	0.0	0.0	0.0	0.0	0.0	0.0	1.0	0.0	0.0	1.0	0.0	2.0	0.0	0.0	0.0	1.0	0.0	0.0	1.0	1.0	0.0	0.0	0.0	3.0	0.0	0.0	4.0	0.0	-0.1571428571428572	0.0	7.857142857142857	119.27	-2.2666666666666666	0.0	9.883333333333333	116.445	-1.507692307692308	0.0	8.776923076923076	124.36307692307692	7	6	13	7	6	13	sars_cov2
7fjn	I	DGENVLDY	FPENDD	GYRFTSY	0.0	1.0	0.0	0.0	0.0	0.0	0.0	1.0	0.0	0.0	0.0	0.0	0.0	1.0	0.0	1.0	1.0	0.0	2.0	0.0	0.0	0.0	1.0	2.0	0.0	0.0	1.0	0.0	0.0	0.0	0.0	0.0	0.0	1.0	1.0	0.0	0.0	0.0	0.0	0.0	0.0	0.0	1.0	2.0	0.0	0.0	1.0	1.0	0.0	0.0	1.0	0.0	0.0	0.0	0.0	0.0	0.0	0.0	1.0	1.0	-0.8857142857142858	0.1428571428571428	7.8428571428571425	127.56714285714284	-2.1333333333333333	-0.5	10.516666666666667	119.61833333333334	-0.9625	-0.375	9.4875	115.49125	7	6	8	7	6	8	sars_cov2
7sob	G	DYTRGAWFGESLIGGFDN	STYNGN	GYPFTSY	0.0	0.0	0.0	0.0	0.0	0.0	0.0	1.0	0.0	0.0	0.0	0.0	0.0	1.0	1.0	1.0	1.0	0.0	2.0	0.0	0.0	0.0	2.0	0.0	0.0	0.0	0.0	1.0	0.0	0.0	0.0	0.0	0.0	0.0	0.0	1.0	1.0	0.0	1.0	0.0	1.0	1.0	1.0	2.0	0.0	0.0	1.0	4.0	0.0	1.0	1.0	0.0	0.0	2.0	0.0	1.0	1.0	1.0	1.0	0.0	-0.4714285714285715	0.0	7.485714285714286	119.12857142857142	-1.7	0.0	9.366666666666664	109.10666666666668	-0.45	-0.1111111111111111	8.577777777777778	114.39722222222224	7	6	18	7	6	18	sars_cov2
7kzb	A	GSGISTPMDV	YPGDSE	FITY	0.0	0.0	0.0	0.0	0.0	0.0	0.0	0.0	0.0	1.0	0.0	0.0	0.0	1.0	0.0	0.0	1.0	0.0	1.0	0.0	0.0	0.0	0.0	1.0	0.0	0.0	1.0	1.0	0.0	0.0	0.0	0.0	0.0	0.0	1.0	1.0	0.0	0.0	1.0	0.0	0.0	0.0	0.0	1.0	0.0	0.0	0.0	2.0	0.0	1.0	0.0	0.0	1.0	0.0	1.0	2.0	1.0	0.0	0.0	1.0	1.325	0.0	6.3	131.1575	-1.85	-0.3333333333333333	9.616666666666667	111.10666666666668	0.24	-0.1	8.28	98.107	4	6	10	4	6	10	sars_cov2
7f6z	H	DAAVYGIDV	YAGGS	GLIVSSN	0.0	0.0	1.0	0.0	0.0	0.0	0.0	1.0	0.0	1.0	1.0	0.0	0.0	0.0	0.0	2.0	0.0	0.0	0.0	1.0	1.0	0.0	0.0	0.0	0.0	0.0	0.0	2.0	0.0	0.0	0.0	0.0	0.0	0.0	0.0	1.0	0.0	0.0	1.0	0.0	2.0	0.0	0.0	2.0	0.0	0.0	0.0	1.0	0.0	1.0	0.0	0.0	0.0	0.0	0.0	0.0	0.0	0.0	1.0	2.0	1.0	0.0	7.857142857142857	98.39571428571428	-0.22	0.0	8.3	94.288	0.8666666666666667	-0.2222222222222222	8.266666666666667	102.44333333333331	7	5	9	7	5	9	sars_cov2
6xc2	X	DLDVYGLDV	YSGGS	GLTVSSN	0.0	0.0	1.0	0.0	0.0	0.0	0.0	1.0	0.0	0.0	1.0	0.0	0.0	0.0	0.0	2.0	1.0	0.0	0.0	1.0	0.0	0.0	0.0	0.0	0.0	0.0	0.0	2.0	0.0	0.0	0.0	0.0	0.0	0.0	0.0	2.0	0.0	0.0	1.0	0.0	0.0	0.0	0.0	3.0	0.0	0.0	0.0	1.0	0.0	0.0	2.0	0.0	0.0	0.0	0.0	0.0	0.0	0.0	1.0	2.0	0.2571428571428571	0.0	8.342857142857143	96.67428571428572	-0.74	0.0	8.52	97.488	0.4222222222222222	-0.3333333333333333	8.422222222222222	112.00888888888888	7	5	9	7	5	9	sars_cov2
7z0x	H	LVGALTNIVVSGDGGAFDI	YSGDS	GFTVSSN	0.0	0.0	1.0	0.0	0.0	0.0	0.0	1.0	0.0	0.0	0.0	0.0	0.0	1.0	0.0	2.0	1.0	0.0	0.0	1.0	0.0	0.0	0.0	1.0	0.0	0.0	0.0	1.0	0.0	0.0	0.0	0.0	0.0	0.0	0.0	2.0	0.0	0.0	1.0	0.0	2.0	0.0	1.0	2.0	0.0	0.0	0.0	4.0	0.0	2.0	2.0	0.0	0.0	1.0	0.0	1.0	1.0	0.0	0.0	3.0	0.1142857142857142	0.0	8.385714285714284	101.53428571428572	-1.36	-0.2	9.32	105.496	1.1578947368421053	-0.1052631578947368	7.93157894736842	98.52894736842104	7	5	19	7	5	19	sars_cov2
7n5h	H	EVYYYDRSGYYASDGFDI	YYSGS	GGSVSSSNY	0.0	0.0	1.0	0.0	0.0	0.0	0.0	2.0	0.0	0.0	0.0	0.0	0.0	0.0	0.0	4.0	0.0	0.0	1.0	1.0	0.0	0.0	0.0	0.0	0.0	0.0	0.0	1.0	0.0	0.0	0.0	0.0	0.0	0.0	0.0	2.0	0.0	0.0	2.0	0.0	1.0	1.0	0.0	3.0	0.0	0.0	1.0	2.0	0.0	1.0	0.0	0.0	0.0	1.0	0.0	2.0	0.0	0.0	5.0	1.0	-0.5111111111111111	0.0	8.722222222222221	97.20444444444443	-0.9200000000000002	0.0	7.959999999999999	115.114	-0.7833333333333333	-0.1666666666666666	8.533333333333333	122.29388888888889	9	5	18	9	5	18	sars_cov2
7m7b	H	RWWLRGAFDI	NHSGS	GGSFSGY	0.0	0.0	0.0	0.0	0.0	0.0	0.0	3.0	0.0	0.0	0.0	0.0	0.0	1.0	0.0	2.0	0.0	0.0	1.0	0.0	0.0	0.0	1.0	0.0	0.0	0.0	0.0	1.0	1.0	0.0	0.0	0.0	0.0	0.0	0.0	2.0	0.0	0.0	0.0	0.0	1.0	2.0	0.0	1.0	0.0	0.0	0.0	1.0	0.0	1.0	1.0	0.0	0.0	1.0	0.0	0.0	0.0	2.0	0.0	0.0	-0.1857142857142857	0.0	8.114285714285714	101.38142857142856	-1.7400000000000002	0.2	9.88	100.092	-0.18	0.1	7.720000000000001	131.954	7	5	10	7	5	10	sars_cov2
7nx9	A	GEGSPGNWFDP	YSGGS	GLTVSSN	0.0	0.0	1.0	0.0	0.0	0.0	0.0	1.0	0.0	0.0	1.0	0.0	0.0	0.0	0.0	2.0	1.0	0.0	0.0	1.0	0.0	0.0	0.0	0.0	0.0	0.0	0.0	2.0	0.0	0.0	0.0	0.0	0.0	0.0	0.0	2.0	0.0	0.0	1.0	0.0	0.0	0.0	1.0	1.0	0.0	0.0	1.0	3.0	0.0	0.0	0.0	0.0	0.0	1.0	2.0	1.0	0.0	1.0	0.0	0.0	0.2571428571428571	0.0	8.342857142857143	96.67428571428572	-0.74	0.0	8.52	97.488	-1.2545454545454546	-0.1818181818181818	9.063636363636364	108.92636363636365	7	5	11	7	5	11	sars_cov2
7l5b	H	GGSRCSGGNCYGWAYDAFDI	NPISDG	GYTFTGY	0.0	0.0	0.0	0.0	0.0	0.0	0.0	2.0	0.0	0.0	0.0	0.0	0.0	1.0	0.0	0.0	2.0	0.0	2.0	0.0	0.0	0.0	1.0	1.0	0.0	0.0	0.0	1.0	0.0	1.0	0.0	0.0	0.0	0.0	1.0	1.0	0.0	0.0	0.0	0.0	2.0	1.0	1.0	2.0	2.0	0.0	0.0	5.0	0.0	1.0	0.0	0.0	0.0	1.0	0.0	2.0	0.0	1.0	2.0	0.0	-0.2857142857142857	0.0	7.542857142857143	117.98	-0.8833333333333333	-0.1666666666666666	9.333333333333334	100.26833333333332	-0.31	-0.05	8.345	108.5635	7	6	20	7	6	20	sars_cov2
6xc4	H	DFGDFYFDY	YSGGS	GFTVSSN	0.0	0.0	1.0	0.0	0.0	0.0	0.0	1.0	0.0	0.0	0.0	0.0	0.0	1.0	0.0	2.0	1.0	0.0	0.0	1.0	0.0	0.0	0.0	0.0	0.0	0.0	0.0	2.0	0.0	0.0	0.0	0.0	0.0	0.0	0.0	2.0	0.0	0.0	1.0	0.0	0.0	0.0	0.0	3.0	0.0	0.0	0.0	1.0	0.0	0.0	0.0	0.0	0.0	3.0	0.0	0.0	0.0	0.0	2.0	0.0	0.1142857142857142	0.0	8.385714285714284	101.53428571428572	-0.74	0.0	8.52	97.488	-0.5666666666666668	-0.3333333333333333	8.444444444444445	132.02444444444444	7	5	9	7	5	9	sars_cov2
7s4s	H	DLEVAGAIDY	YSGGS	GFIVSRN	0.0	1.0	1.0	0.0	0.0	0.0	0.0	1.0	0.0	1.0	0.0	0.0	0.0	1.0	0.0	1.0	0.0	0.0	0.0	1.0	0.0	0.0	0.0	0.0	0.0	0.0	0.0	2.0	0.0	0.0	0.0	0.0	0.0	0.0	0.0	2.0	0.0	0.0	1.0	0.0	2.0	0.0	0.0	2.0	0.0	0.0	1.0	1.0	0.0	1.0	1.0	0.0	0.0	0.0	0.0	0.0	0.0	0.0	1.0	1.0	0.3285714285714285	0.1428571428571428	8.085714285714285	113.12857142857142	-0.74	0.0	8.52	97.488	0.39	-0.3	8.57	106.514	7	5	10	7	5	10	sars_cov2
7ly3	F	AVAGEWYFDY	WYDGSN	GFTFSSY	0.0	0.0	0.0	0.0	0.0	0.0	0.0	1.0	0.0	0.0	0.0	0.0	0.0	2.0	0.0	2.0	1.0	0.0	1.0	0.0	0.0	0.0	1.0	1.0	0.0	0.0	0.0	1.0	0.0	0.0	0.0	0.0	0.0	0.0	0.0	1.0	0.0	1.0	1.0	0.0	2.0	0.0	0.0	1.0	0.0	0.0	1.0	1.0	0.0	0.0	0.0	0.0	0.0	1.0	0.0	0.0	0.0	1.0	2.0	1.0	0.2285714285714285	0.0	7.514285714285714	115.40857142857143	-1.7333333333333334	-0.1666666666666666	9.066666666666666	123.455	-0.03	-0.2	7.94	122.031	7	6	10	7	6	10	sars_cov2
7czz	I	YIVVVPAAKGFDP	NPNSGN	GYTFTSY	0.0	0.0	0.0	0.0	0.0	0.0	0.0	1.0	0.0	0.0	0.0	0.0	0.0	1.0	0.0	1.0	2.0	0.0	2.0	0.0	0.0	0.0	3.0	0.0	0.0	0.0	0.0	1.0	0.0	0.0	0.0	0.0	0.0	0.0	1.0	1.0	0.0	0.0	0.0	0.0	2.0	0.0	0.0	1.0	0.0	0.0	0.0	1.0	0.0	1.0	0.0	1.0	0.0	1.0	2.0	0.0	0.0	0.0	1.0	3.0	-0.3428571428571429	0.0	7.571428571428571	119.69857142857144	-2.216666666666667	0.0	10.166666666666666	100.26333333333334	0.8615384615384616	0.0	7.676923076923076	105.81769230769233	7	6	13	7	6	13	sars_cov2
7pqz	H	DHVRPGMNI	YSGGS	GFTVSSN	0.0	0.0	1.0	0.0	0.0	0.0	0.0	1.0	0.0	0.0	0.0	0.0	0.0	1.0	0.0	2.0	1.0	0.0	0.0	1.0	0.0	0.0	0.0	0.0	0.0	0.0	0.0	2.0	0.0	0.0	0.0	0.0	0.0	0.0	0.0	2.0	0.0	0.0	1.0	0.0	0.0	1.0	1.0	1.0	0.0	0.0	0.0	1.0	1.0	1.0	0.0	0.0	1.0	0.0	1.0	0.0	0.0	0.0	0.0	1.0	0.1142857142857142	0.0	8.385714285714284	101.53428571428572	-0.74	0.0	8.52	97.488	-0.6777777777777778	0.1111111111111111	8.81111111111111	115.35444444444444	7	5	9	7	5	9	sars_cov2
6wps	F	DYTRGAWFGESLIGGFDN	STYNGN	GYPFTSY	0.0	0.0	0.0	0.0	0.0	0.0	0.0	1.0	0.0	0.0	0.0	0.0	0.0	1.0	1.0	1.0	1.0	0.0	2.0	0.0	0.0	0.0	2.0	0.0	0.0	0.0	0.0	1.0	0.0	0.0	0.0	0.0	0.0	0.0	0.0	1.0	1.0	0.0	1.0	0.0	1.0	1.0	1.0	2.0	0.0	0.0	1.0	4.0	0.0	1.0	1.0	0.0	0.0	2.0	0.0	1.0	1.0	1.0	1.0	0.0	-0.4714285714285715	0.0	7.485714285714286	119.12857142857142	-1.7	0.0	9.366666666666664	109.10666666666668	-0.45	-0.1111111111111111	8.577777777777778	114.39722222222224	7	6	18	7	6	18	sars_cov2
7bep	D	GGVLRFLEWPLNAFDI	RSSGHT	GFTFSDY	0.0	0.0	0.0	1.0	0.0	0.0	0.0	1.0	0.0	0.0	0.0	0.0	0.0	2.0	0.0	1.0	1.0	0.0	1.0	0.0	0.0	1.0	0.0	0.0	0.0	0.0	0.0	1.0	1.0	0.0	0.0	0.0	0.0	0.0	0.0	2.0	1.0	0.0	0.0	0.0	1.0	1.0	1.0	1.0	0.0	0.0	1.0	2.0	0.0	1.0	3.0	0.0	0.0	2.0	1.0	0.0	0.0	1.0	0.0	1.0	-0.1571428571428572	-0.1428571428571428	8.057142857142857	119.41	-1.7333333333333334	0.3333333333333333	9.483333333333333	107.275	0.575	-0.0625	7.69375	116.5725	7	6	16	7	6	16	sars_cov2
7ben	G	DVVVVVAARNHYYNGMDV	SQDGGN	GFTFNNY	0.0	0.0	2.0	0.0	0.0	0.0	0.0	1.0	0.0	0.0	0.0	0.0	0.0	2.0	0.0	0.0	1.0	0.0	1.0	0.0	0.0	0.0	1.0	1.0	0.0	1.0	0.0	2.0	0.0	0.0	0.0	0.0	0.0	0.0	0.0	1.0	0.0	0.0	0.0	0.0	2.0	1.0	2.0	2.0	0.0	0.0	0.0	1.0	1.0	0.0	0.0	0.0	1.0	0.0	0.0	0.0	0.0	0.0	2.0	6.0	-0.5428571428571429	0.0	8.2	123.1314285714286	-2.0166666666666666	-0.1666666666666666	10.383333333333333	99.085	0.3333333333333333	0.0	8.266666666666667	112.29333333333334	7	6	18	7	6	18	sars_cov2
7ly2	F	AAPFYDFWSGYSYFDY	NPISSG	GYTFTGY	0.0	0.0	0.0	0.0	0.0	0.0	0.0	2.0	0.0	0.0	0.0	0.0	0.0	1.0	0.0	0.0	2.0	0.0	2.0	0.0	0.0	0.0	1.0	0.0	0.0	0.0	0.0	1.0	0.0	1.0	0.0	0.0	0.0	0.0	1.0	2.0	0.0	0.0	0.0	0.0	2.0	0.0	0.0	2.0	0.0	0.0	0.0	1.0	0.0	0.0	0.0	0.0	0.0	3.0	1.0	2.0	0.0	1.0	4.0	0.0	-0.2857142857142857	0.0	7.542857142857143	117.98	-0.4333333333333333	0.0	8.7	95.6	-0.29375	-0.125	7.7125	124.946875	7	6	16	7	6	16	sars_cov2
7msq	D	EMRRGYSGYDYWDLYAFDI	YYSGN	GGSISSY	0.0	0.0	0.0	0.0	0.0	0.0	0.0	2.0	0.0	1.0	0.0	0.0	0.0	0.0	0.0	3.0	0.0	0.0	1.0	0.0	0.0	0.0	1.0	0.0	0.0	0.0	0.0	1.0	0.0	0.0	0.0	0.0	0.0	0.0	0.0	1.0	0.0	0.0	2.0	0.0	1.0	2.0	0.0	3.0	0.0	0.0	1.0	2.0	0.0	1.0	1.0	0.0	1.0	1.0	0.0	1.0	0.0	1.0	4.0	0.0	-3.1720657846433036e-17	0.0	8.142857142857142	98.24	-1.46	0.0	8.440000000000001	120.52	-0.8368421052631579	-0.1052631578947368	8.357894736842105	128.35105263157894	7	5	19	7	5	19	sars_cov2
7k9z	H	DRGDTIDY	IPMFGT	GYTFTSY	0.0	0.0	0.0	0.0	0.0	0.0	0.0	1.0	0.0	0.0	0.0	0.0	0.0	1.0	0.0	1.0	2.0	0.0	2.0	0.0	0.0	0.0	0.0	0.0	0.0	0.0	0.0	1.0	0.0	1.0	0.0	0.0	1.0	1.0	1.0	0.0	1.0	0.0	0.0	0.0	0.0	1.0	0.0	3.0	0.0	0.0	0.0	1.0	0.0	1.0	0.0	0.0	0.0	0.0	0.0	0.0	1.0	0.0	1.0	0.0	-0.3428571428571429	0.0	7.571428571428571	119.69857142857144	1.0833333333333333	0.0	6.95	110.80333333333331	-1.6125	-0.25	9.8125	119.245	7	6	8	7	6	8	sars_cov2
7chc	H	DYGDYYFDY	YSGGS	EFIVSRN	0.0	1.0	1.0	0.0	0.0	0.0	1.0	0.0	0.0	1.0	0.0	0.0	0.0	1.0	0.0	1.0	0.0	0.0	0.0	1.0	0.0	0.0	0.0	0.0	0.0	0.0	0.0	2.0	0.0	0.0	0.0	0.0	0.0	0.0	0.0	2.0	0.0	0.0	1.0	0.0	0.0	0.0	0.0	3.0	0.0	0.0	0.0	1.0	0.0	0.0	0.0	0.0	0.0	1.0	0.0	0.0	0.0	0.0	4.0	0.0	-0.1142857142857143	0.0	8.557142857142857	120.85285714285716	-0.74	0.0	8.52	97.488	-1.477777777777778	-0.3333333333333333	8.666666666666666	135.58	7	5	9	7	5	9	sars_cov2
7e7x	H	GPAIAAAETNWFDL	DPEAGE	GYTLIEI	0.0	0.0	0.0	0.0	0.0	0.0	1.0	1.0	0.0	2.0	1.0	0.0	0.0	0.0	0.0	0.0	1.0	0.0	1.0	0.0	1.0	0.0	0.0	1.0	0.0	0.0	2.0	1.0	0.0	0.0	0.0	0.0	0.0	0.0	1.0	0.0	0.0	0.0	0.0	0.0	4.0	0.0	1.0	1.0	0.0	0.0	1.0	1.0	0.0	1.0	1.0	0.0	0.0	1.0	1.0	0.0	1.0	1.0	0.0	0.0	0.9857142857142857	-0.1428571428571428	7.3428571428571425	115.42	-1.7833333333333332	-0.5	10.45	102.76333333333334	0.2999999999999999	-0.1428571428571428	8.257142857142856	105.40285714285714	7	6	14	7	6	14	sars_cov2
7kqb	K	LITMVRGEDY	SYDGSN	GFTFSSY	0.0	0.0	0.0	0.0	0.0	0.0	0.0	1.0	0.0	0.0	0.0	0.0	0.0	2.0	0.0	2.0	1.0	0.0	1.0	0.0	0.0	0.0	1.0	1.0	0.0	0.0	0.0	1.0	0.0	0.0	0.0	0.0	0.0	0.0	0.0	2.0	0.0	0.0	1.0	0.0	0.0	1.0	0.0	1.0	0.0	0.0	1.0	1.0	0.0	1.0	1.0	0.0	1.0	0.0	0.0	0.0	1.0	0.0	1.0	1.0	0.2285714285714285	0.0	7.514285714285714	115.40857142857143	-1.7166666666666668	-0.1666666666666666	9.7	106.93166666666669	0.0499999999999999	-0.1	8.129999999999999	119.63899999999998	7	6	10	7	6	10	sars_cov2
7fcp	H	EARGYYDRSGYYHPGYFDY	KPSDDS	GYIFTSY	0.0	0.0	0.0	0.0	0.0	0.0	0.0	1.0	0.0	1.0	0.0	0.0	0.0	1.0	0.0	1.0	1.0	0.0	2.0	0.0	0.0	0.0	0.0	2.0	0.0	0.0	0.0	0.0	0.0	0.0	0.0	1.0	0.0	0.0	1.0	2.0	0.0	0.0	0.0	0.0	1.0	2.0	0.0	2.0	0.0	0.0	1.0	3.0	1.0	0.0	0.0	0.0	0.0	1.0	1.0	1.0	0.0	0.0	6.0	0.0	0.3999999999999999	0.0	7.085714285714286	121.42	-2.35	-0.1666666666666666	10.616666666666667	104.94	-1.5526315789473684	0.0	8.65263157894737	127.13210526315792	7	6	19	7	6	19	sars_cov2
7vyr	H	ETEQGGMDV	DPSRGE	GGTFGNW	0.0	0.0	1.0	0.0	0.0	0.0	0.0	3.0	0.0	0.0	0.0	0.0	0.0	1.0	0.0	0.0	1.0	1.0	0.0	0.0	0.0	1.0	0.0	1.0	0.0	0.0	1.0	1.0	0.0	0.0	0.0	0.0	0.0	0.0	1.0	1.0	0.0	0.0	0.0	0.0	0.0	0.0	0.0	1.0	0.0	1.0	2.0	2.0	0.0	0.0	0.0	0.0	1.0	0.0	0.0	0.0	1.0	0.0	0.0	1.0	-0.5	0.0	8.257142857142856	110.53857142857144	-2.3833333333333333	-0.1666666666666666	10.333333333333334	109.94166666666666	-1.0444444444444445	-0.3333333333333333	9.588888888888889	109.22222222222224	7	6	9	7	6	9	sars_cov2
7zf9	H	DLMVYGIDV	YSGGT	GVTVSSN	0.0	0.0	1.0	0.0	0.0	0.0	0.0	1.0	0.0	0.0	0.0	0.0	0.0	0.0	0.0	2.0	1.0	0.0	0.0	2.0	0.0	0.0	0.0	0.0	0.0	0.0	0.0	2.0	0.0	0.0	0.0	0.0	0.0	0.0	0.0	1.0	1.0	0.0	1.0	0.0	0.0	0.0	0.0	2.0	0.0	0.0	0.0	1.0	0.0	1.0	1.0	0.0	1.0	0.0	0.0	0.0	0.0	0.0	1.0	2.0	0.3142857142857143	0.0	8.485714285714286	94.67	-0.72	0.0	8.4	100.294	1.1	-0.2222222222222222	7.644444444444444	113.7988888888889	7	5	9	7	5	9	sars_cov2
7s0c	H	GRDLAAFTKTAFDV	WGSGSN	GFTFSSY	0.0	0.0	0.0	0.0	0.0	0.0	0.0	1.0	0.0	0.0	0.0	0.0	0.0	2.0	0.0	2.0	1.0	0.0	1.0	0.0	0.0	0.0	1.0	0.0	0.0	0.0	0.0	2.0	0.0	0.0	0.0	0.0	0.0	0.0	0.0	2.0	0.0	1.0	0.0	0.0	3.0	1.0	0.0	2.0	0.0	0.0	0.0	1.0	0.0	0.0	1.0	1.0	0.0	2.0	0.0	0.0	2.0	0.0	0.0	1.0	0.2285714285714285	0.0	7.514285714285714	115.40857142857143	-1.1333333333333333	0.0	8.9	104.09833333333334	0.1285714285714285	0.0	8.535714285714286	107.97928571428572	7	6	14	7	6	14	sars_cov2
7e7y	C	LINHYYDSGDGGAFDI	YSGGS	GVTVSSN	0.0	0.0	1.0	0.0	0.0	0.0	0.0	1.0	0.0	0.0	0.0	0.0	0.0	0.0	0.0	2.0	1.0	0.0	0.0	2.0	0.0	0.0	0.0	0.0	0.0	0.0	0.0	2.0	0.0	0.0	0.0	0.0	0.0	0.0	0.0	2.0	0.0	0.0	1.0	0.0	1.0	0.0	1.0	3.0	0.0	0.0	0.0	3.0	1.0	2.0	1.0	0.0	0.0	1.0	0.0	1.0	0.0	0.0	2.0	0.0	0.3142857142857143	0.0	8.485714285714286	94.67	-0.74	0.0	8.52	97.488	-0.275	-0.125	8.6375	112.053125	7	5	16	7	5	16	sars_cov2
7wr8	A	DRFPLSDPYVWGSPLGGLDV	DPSGRG	GYRFISH	0.0	1.0	0.0	0.0	0.0	0.0	0.0	1.0	1.0	1.0	0.0	0.0	0.0	1.0	0.0	1.0	0.0	0.0	1.0	0.0	0.0	1.0	0.0	1.0	0.0	0.0	0.0	2.0	0.0	0.0	0.0	0.0	0.0	0.0	1.0	1.0	0.0	0.0	0.0	0.0	0.0	1.0	0.0	3.0	0.0	0.0	0.0	3.0	0.0	0.0	3.0	0.0	0.0	1.0	3.0	2.0	0.0	1.0	1.0	2.0	-0.4142857142857143	0.2857142857142857	7.957142857142857	125.56857142857145	-1.8666666666666665	0.0	9.783333333333331	100.93	-0.11	-0.1	8.11	111.3225	7	6	20	7	6	20	sars_cov2
7ps5	H	PHCNRTSCHDGFDI	AVGSGN	GFTFITS	0.0	0.0	0.0	0.0	0.0	0.0	0.0	1.0	0.0	1.0	0.0	0.0	0.0	2.0	0.0	1.0	2.0	0.0	0.0	0.0	1.0	0.0	1.0	0.0	0.0	0.0	0.0	2.0	0.0	0.0	0.0	0.0	0.0	0.0	0.0	1.0	0.0	0.0	0.0	1.0	0.0	1.0	1.0	2.0	2.0	0.0	0.0	1.0	2.0	1.0	0.0	0.0	0.0	1.0	1.0	1.0	1.0	0.0	0.0	0.0	1.0714285714285714	0.0	7.285714285714286	110.26714285714286	0.15	0.0	8.799999999999999	86.91666666666667	-0.9000000000000001	0.0714285714285714	8.935714285714285	114.41142857142856	7	6	14	7	6	14	sars_cov2
7or9	H	DGGILTGYLDYFDH	SANNGY	GYIFIRY	0.0	1.0	0.0	0.0	0.0	0.0	0.0	1.0	0.0	2.0	0.0	0.0	0.0	1.0	0.0	0.0	0.0	0.0	2.0	0.0	1.0	0.0	2.0	0.0	0.0	0.0	0.0	1.0	0.0	0.0	0.0	0.0	0.0	0.0	0.0	1.0	0.0	0.0	1.0	0.0	0.0	0.0	0.0	3.0	0.0	0.0	0.0	3.0	1.0	1.0	2.0	0.0	0.0	1.0	0.0	0.0	1.0	0.0	2.0	0.0	0.6142857142857142	0.1428571428571428	6.785714285714286	133.0142857142857	-1.2833333333333334	0.0	9.283333333333331	104.10166666666667	-0.2357142857142857	-0.1428571428571428	8.4	115.835	7	6	14	7	6	14	sars_cov2
7kfy	H	GDVSGYRYGLDY	YSGGT	GFTVSSN	0.0	0.0	1.0	0.0	0.0	0.0	0.0	1.0	0.0	0.0	0.0	0.0	0.0	1.0	0.0	2.0	1.0	0.0	0.0	1.0	0.0	0.0	0.0	0.0	0.0	0.0	0.0	2.0	0.0	0.0	0.0	0.0	0.0	0.0	0.0	1.0	1.0	0.0	1.0	0.0	0.0	1.0	0.0	2.0	0.0	0.0	0.0	3.0	0.0	0.0	1.0	0.0	0.0	0.0	0.0	1.0	0.0	0.0	3.0	1.0	0.1142857142857142	0.0	8.385714285714284	101.53428571428572	-0.72	0.0	8.4	100.294	-0.7833333333333333	-0.0833333333333333	8.508333333333333	116.7025	7	5	12	7	5	12	sars_cov2
7bnv	H	HPSPYYYGSGSYSGGFDY	YPGDSD	GYSFTSY	0.0	0.0	0.0	0.0	0.0	0.0	0.0	1.0	0.0	0.0	0.0	0.0	0.0	1.0	0.0	2.0	1.0	0.0	2.0	0.0	0.0	0.0	0.0	2.0	0.0	0.0	0.0	1.0	0.0	0.0	0.0	0.0	0.0	0.0	1.0	1.0	0.0	0.0	1.0	0.0	0.0	0.0	0.0	1.0	0.0	0.0	0.0	4.0	1.0	0.0	0.0	0.0	0.0	1.0	2.0	4.0	0.0	0.0	5.0	0.0	-0.3571428571428572	0.0	7.6571428571428575	117.69428571428573	-1.85	-0.3333333333333333	9.733333333333333	108.76833333333332	-1.0222222222222224	0.0	8.244444444444445	114.33722222222224	7	6	18	7	6	18	sars_cov2
7r6w	A	DYTRGAWFGESLIGGFDN	STYNGN	GYPFTSY	0.0	0.0	0.0	0.0	0.0	0.0	0.0	1.0	0.0	0.0	0.0	0.0	0.0	1.0	1.0	1.0	1.0	0.0	2.0	0.0	0.0	0.0	2.0	0.0	0.0	0.0	0.0	1.0	0.0	0.0	0.0	0.0	0.0	0.0	0.0	1.0	1.0	0.0	1.0	0.0	1.0	1.0	1.0	2.0	0.0	0.0	1.0	4.0	0.0	1.0	1.0	0.0	0.0	2.0	0.0	1.0	1.0	1.0	1.0	0.0	-0.4714285714285715	0.0	7.485714285714286	119.12857142857142	-1.7	0.0	9.366666666666664	109.10666666666668	-0.45	-0.1111111111111111	8.577777777777778	114.39722222222224	7	6	18	7	6	18	sars_cov2
7qny	H	DLGSGDMDV	YPGGS	GVTVSSN	0.0	0.0	1.0	0.0	0.0	0.0	0.0	1.0	0.0	0.0	0.0	0.0	0.0	0.0	0.0	2.0	1.0	0.0	0.0	2.0	0.0	0.0	0.0	0.0	0.0	0.0	0.0	2.0	0.0	0.0	0.0	0.0	0.0	0.0	1.0	1.0	0.0	0.0	1.0	0.0	0.0	0.0	0.0	3.0	0.0	0.0	0.0	2.0	0.0	0.0	1.0	0.0	1.0	0.0	0.0	1.0	0.0	0.0	0.0	1.0	0.3142857142857143	0.0	8.485714285714286	94.67	-0.9	0.0	8.28	99.496	-0.2444444444444444	-0.3333333333333333	9.18888888888889	102.8822222222222	7	5	9	7	5	9	sars_cov2
7e88	D	DRGLVSDY	YSGGS	EFIVSRN	0.0	1.0	1.0	0.0	0.0	0.0	1.0	0.0	0.0	1.0	0.0	0.0	0.0	1.0	0.0	1.0	0.0	0.0	0.0	1.0	0.0	0.0	0.0	0.0	0.0	0.0	0.0	2.0	0.0	0.0	0.0	0.0	0.0	0.0	0.0	2.0	0.0	0.0	1.0	0.0	0.0	1.0	0.0	2.0	0.0	0.0	0.0	1.0	0.0	0.0	1.0	0.0	0.0	0.0	0.0	1.0	0.0	0.0	1.0	1.0	-0.1142857142857143	0.0	8.557142857142857	120.85285714285716	-0.74	0.0	8.52	97.488	-0.75	-0.125	8.9625	115.49625	7	5	8	7	5	8	sars_cov2
7f7e	C	SLIYGHYDILTGAYYFDY	VGSGGS	GFTFSSY	0.0	0.0	0.0	0.0	0.0	0.0	0.0	1.0	0.0	0.0	0.0	0.0	0.0	2.0	0.0	2.0	1.0	0.0	1.0	0.0	0.0	0.0	0.0	0.0	0.0	0.0	0.0	3.0	0.0	0.0	0.0	0.0	0.0	0.0	0.0	2.0	0.0	0.0	0.0	1.0	1.0	0.0	0.0	2.0	0.0	0.0	0.0	2.0	1.0	2.0	2.0	0.0	0.0	1.0	0.0	1.0	1.0	0.0	5.0	0.0	0.2285714285714285	0.0	7.514285714285714	115.40857142857143	0.2333333333333333	0.0	8.549999999999999	83.07333333333334	0.1222222222222221	-0.0555555555555555	7.594444444444444	121.80055555555556	7	6	18	7	6	18	sars_cov2
7np1	I	GEGGSIVGVTSDY	YSGGS	GITVSSN	0.0	0.0	1.0	0.0	0.0	0.0	0.0	1.0	0.0	1.0	0.0	0.0	0.0	0.0	0.0	2.0	1.0	0.0	0.0	1.0	0.0	0.0	0.0	0.0	0.0	0.0	0.0	2.0	0.0	0.0	0.0	0.0	0.0	0.0	0.0	2.0	0.0	0.0	1.0	0.0	0.0	0.0	0.0	1.0	0.0	0.0	1.0	4.0	0.0	1.0	0.0	0.0	0.0	0.0	0.0	2.0	1.0	0.0	1.0	2.0	0.3571428571428571	0.0	8.385714285714284	96.67428571428572	-0.74	0.0	8.52	97.488	0.0538461538461538	-0.1538461538461538	8.576923076923077	99.56	7	5	13	7	5	13	sars_cov2
7prz	H	DSSAAIPYYYYGMDV	SYDGSH	GFTFSNY	0.0	0.0	1.0	0.0	0.0	0.0	0.0	1.0	0.0	0.0	0.0	0.0	0.0	2.0	0.0	1.0	1.0	0.0	1.0	0.0	0.0	0.0	0.0	1.0	0.0	0.0	0.0	1.0	1.0	0.0	0.0	0.0	0.0	0.0	0.0	2.0	0.0	0.0	1.0	0.0	2.0	0.0	0.0	2.0	0.0	0.0	0.0	1.0	0.0	1.0	0.0	0.0	1.0	0.0	1.0	2.0	0.0	0.0	4.0	1.0	-0.1571428571428572	0.0	7.857142857142857	119.27	-1.6666666666666667	0.0	9.5	110.77	-0.1066666666666666	-0.1333333333333333	7.946666666666667	114.32533333333336	7	6	15	7	6	15	sars_cov2
6xey	J	DRSWAVVYYYMDV	NPNSGG	GYTFTGY	0.0	0.0	0.0	0.0	0.0	0.0	0.0	2.0	0.0	0.0	0.0	0.0	0.0	1.0	0.0	0.0	2.0	0.0	2.0	0.0	0.0	0.0	2.0	0.0	0.0	0.0	0.0	2.0	0.0	0.0	0.0	0.0	0.0	0.0	1.0	1.0	0.0	0.0	0.0	0.0	1.0	1.0	0.0	2.0	0.0	0.0	0.0	0.0	0.0	0.0	0.0	0.0	1.0	0.0	0.0	1.0	0.0	1.0	3.0	3.0	-0.2857142857142857	0.0	7.542857142857143	117.98	-1.7	0.0	9.733333333333333	93.75333333333332	-0.0615384615384615	-0.0769230769230769	7.784615384615384	126.83692307692309	7	6	13	7	6	13	sars_cov2
7czw	H	ERCYYGSGRAPRCVWFDP	YYSGS	GDSVSSGSY	0.0	0.0	0.0	1.0	0.0	0.0	0.0	2.0	0.0	0.0	0.0	0.0	0.0	0.0	0.0	4.0	0.0	0.0	1.0	1.0	0.0	0.0	0.0	0.0	0.0	0.0	0.0	1.0	0.0	0.0	0.0	0.0	0.0	0.0	0.0	2.0	0.0	0.0	2.0	0.0	1.0	3.0	0.0	1.0	2.0	0.0	1.0	2.0	0.0	0.0	0.0	0.0	0.0	1.0	2.0	1.0	0.0	1.0	2.0	1.0	-0.5111111111111111	-0.1111111111111111	8.877777777777776	97.31333333333332	-0.9200000000000002	0.0	7.959999999999999	115.114	-0.8333333333333334	0.0555555555555555	8.222222222222221	121.13722222222223	9	5	18	9	5	18	sars_cov2
7klg	I	SYYYGGFGMDY	YASGGA	GFDLGGY	0.0	0.0	0.0	1.0	0.0	0.0	0.0	3.0	0.0	0.0	1.0	0.0	0.0	1.0	0.0	0.0	0.0	0.0	1.0	0.0	2.0	0.0	0.0	0.0	0.0	0.0	0.0	2.0	0.0	0.0	0.0	0.0	0.0	0.0	0.0	1.0	0.0	0.0	1.0	0.0	0.0	0.0	0.0	1.0	0.0	0.0	0.0	3.0	0.0	0.0	0.0	0.0	1.0	1.0	0.0	1.0	0.0	0.0	4.0	0.0	0.0857142857142856	-0.1428571428571428	8.042857142857143	109.10857142857142	0.1166666666666666	0.0	8.266666666666667	90.42	-0.5454545454545455	-0.0909090909090909	7.718181818181819	123.49272727272728	7	6	11	7	6	11	sars_cov2
7m3i	H	SQRPDGNLYYFDY	YYSGS	GGSISSY	0.0	0.0	0.0	0.0	0.0	0.0	0.0	2.0	0.0	1.0	0.0	0.0	0.0	0.0	0.0	3.0	0.0	0.0	1.0	0.0	0.0	0.0	0.0	0.0	0.0	0.0	0.0	1.0	0.0	0.0	0.0	0.0	0.0	0.0	0.0	2.0	0.0	0.0	2.0	0.0	0.0	1.0	1.0	2.0	0.0	1.0	0.0	1.0	0.0	0.0	1.0	0.0	0.0	1.0	1.0	1.0	0.0	0.0	3.0	0.0	-3.1720657846433036e-17	0.0	8.142857142857142	98.24	-0.9200000000000002	0.0	7.959999999999999	115.114	-1.4307692307692308	-0.0769230769230769	8.73076923076923	125.98	7	5	13	7	5	13	sars_cov2
7u2e	H	DFSGHTAVAGTGFEY	SSDGYN	GFTFSSY	0.0	0.0	0.0	0.0	0.0	0.0	0.0	1.0	0.0	0.0	0.0	0.0	0.0	2.0	0.0	2.0	1.0	0.0	1.0	0.0	0.0	0.0	1.0	1.0	0.0	0.0	0.0	1.0	0.0	0.0	0.0	0.0	0.0	0.0	0.0	2.0	0.0	0.0	1.0	0.0	2.0	0.0	0.0	1.0	0.0	0.0	1.0	3.0	1.0	0.0	0.0	0.0	0.0	2.0	0.0	1.0	2.0	0.0	1.0	1.0	0.2285714285714285	0.0	7.514285714285714	115.40857142857143	-1.7166666666666668	-0.1666666666666666	9.7	106.93166666666669	-0.1	-0.0666666666666666	8.52	106.30866666666668	7	6	15	7	6	15	sars_cov2
7u2d	H	DFSGHTAWAGTGFEY	SEDGYS	GFTFSSY	0.0	0.0	0.0	0.0	0.0	0.0	0.0	1.0	0.0	0.0	0.0	0.0	0.0	2.0	0.0	2.0	1.0	0.0	1.0	0.0	0.0	0.0	0.0	1.0	0.0	0.0	1.0	1.0	0.0	0.0	0.0	0.0	0.0	0.0	0.0	2.0	0.0	0.0	1.0	0.0	2.0	0.0	0.0	1.0	0.0	0.0	1.0	3.0	1.0	0.0	0.0	0.0	0.0	2.0	0.0	1.0	2.0	1.0	1.0	0.0	0.2285714285714285	0.0	7.514285714285714	115.40857142857143	-1.7166666666666668	-0.3333333333333333	9.816666666666666	109.43333333333334	-0.44	-0.0666666666666666	8.486666666666666	112.11466666666666	7	6	15	7	6	15	sars_cov2
7cjf	A	DLQELGSLDY	YSGGS	GFIVSSN	0.0	0.0	1.0	0.0	0.0	0.0	0.0	1.0	0.0	1.0	0.0	0.0	0.0	1.0	0.0	2.0	0.0	0.0	0.0	1.0	0.0	0.0	0.0	0.0	0.0	0.0	0.0	2.0	0.0	0.0	0.0	0.0	0.0	0.0	0.0	2.0	0.0	0.0	1.0	0.0	0.0	0.0	0.0	2.0	0.0	1.0	1.0	1.0	0.0	0.0	3.0	0.0	0.0	0.0	0.0	1.0	0.0	0.0	1.0	0.0	0.8571428571428571	0.0	7.9	103.25571428571428	-0.74	0.0	8.52	97.488	-0.51	-0.3	8.790000000000001	115.222	7	5	10	7	5	10	sars_cov2
7tbf	H	PYCSGGSCFDGFDI	VVGSGN	GFTFTSS	0.0	0.0	0.0	0.0	0.0	0.0	0.0	1.0	0.0	0.0	0.0	0.0	0.0	2.0	0.0	2.0	2.0	0.0	0.0	0.0	0.0	0.0	1.0	0.0	0.0	0.0	0.0	2.0	0.0	0.0	0.0	0.0	0.0	0.0	0.0	1.0	0.0	0.0	0.0	2.0	0.0	0.0	0.0	2.0	2.0	0.0	0.0	3.0	0.0	1.0	0.0	0.0	0.0	2.0	1.0	2.0	0.0	0.0	1.0	0.0	0.3142857142857142	0.0	7.857142857142857	106.54142857142855	0.55	0.0	8.433333333333334	91.59166666666664	0.1714285714285714	-0.1428571428571428	8.014285714285714	107.4007142857143	7	6	14	7	6	14	sars_cov2
7mzf	H	DRGDYLFDY	YSGGT	EFIVSRN	0.0	1.0	1.0	0.0	0.0	0.0	1.0	0.0	0.0	1.0	0.0	0.0	0.0	1.0	0.0	1.0	0.0	0.0	0.0	1.0	0.0	0.0	0.0	0.0	0.0	0.0	0.0	2.0	0.0	0.0	0.0	0.0	0.0	0.0	0.0	1.0	1.0	0.0	1.0	0.0	0.0	1.0	0.0	3.0	0.0	0.0	0.0	1.0	0.0	0.0	1.0	0.0	0.0	1.0	0.0	0.0	0.0	0.0	2.0	0.0	-0.1142857142857143	0.0	8.557142857142857	120.85285714285716	-0.72	0.0	8.4	100.294	-1.2666666666666666	-0.2222222222222222	9.0	129.24555555555557	7	5	9	7	5	9	sars_cov2
7lm8	H	PPRNYYDRSGYYQRAEYFQH	NSSGGS	GYTFTSY	0.0	0.0	0.0	0.0	0.0	0.0	0.0	1.0	0.0	0.0	0.0	0.0	0.0	1.0	0.0	1.0	2.0	0.0	2.0	0.0	0.0	0.0	1.0	0.0	0.0	0.0	0.0	2.0	0.0	0.0	0.0	0.0	0.0	0.0	0.0	3.0	0.0	0.0	0.0	0.0	1.0	3.0	1.0	1.0	0.0	2.0	1.0	1.0	1.0	0.0	0.0	0.0	0.0	1.0	2.0	1.0	0.0	0.0	5.0	0.0	-0.3428571428571429	0.0	7.571428571428571	119.69857142857144	-1.1166666666666667	0.0	9.533333333333331	87.575	-2.025	0.1	8.915000000000001	130.541	7	6	20	7	6	20	sars_cov2
7lxy	F	AAPFYDFWSGYSYFDY	NPISSG	GYTFTGY	0.0	0.0	0.0	0.0	0.0	0.0	0.0	2.0	0.0	0.0	0.0	0.0	0.0	1.0	0.0	0.0	2.0	0.0	2.0	0.0	0.0	0.0	1.0	0.0	0.0	0.0	0.0	1.0	0.0	1.0	0.0	0.0	0.0	0.0	1.0	2.0	0.0	0.0	0.0	0.0	2.0	0.0	0.0	2.0	0.0	0.0	0.0	1.0	0.0	0.0	0.0	0.0	0.0	3.0	1.0	2.0	0.0	1.0	4.0	0.0	-0.2857142857142857	0.0	7.542857142857143	117.98	-0.4333333333333333	0.0	8.7	95.6	-0.29375	-0.125	7.7125	124.946875	7	6	16	7	6	16	sars_cov2
7wph	E	DRAGGTYSGFDF	HHSGG	GGSISSNN	0.0	0.0	2.0	0.0	0.0	0.0	0.0	2.0	0.0	1.0	0.0	0.0	0.0	0.0	0.0	3.0	0.0	0.0	0.0	0.0	0.0	0.0	0.0	0.0	0.0	0.0	0.0	2.0	2.0	0.0	0.0	0.0	0.0	0.0	0.0	1.0	0.0	0.0	0.0	0.0	1.0	1.0	0.0	2.0	0.0	0.0	0.0	3.0	0.0	0.0	0.0	0.0	0.0	2.0	0.0	1.0	1.0	0.0	1.0	0.0	-0.7125	0.0	9.25	94.09	-1.6	0.4	9.6	102.292	-0.6749999999999999	-0.0833333333333333	8.833333333333334	110.69416666666666	8	5	12	8	5	12	sars_cov2
7urq	H	DLEVAGAIDY	YSGGS	GFIVSRN	0.0	1.0	1.0	0.0	0.0	0.0	0.0	1.0	0.0	1.0	0.0	0.0	0.0	1.0	0.0	1.0	0.0	0.0	0.0	1.0	0.0	0.0	0.0	0.0	0.0	0.0	0.0	2.0	0.0	0.0	0.0	0.0	0.0	0.0	0.0	2.0	0.0	0.0	1.0	0.0	2.0	0.0	0.0	2.0	0.0	0.0	1.0	1.0	0.0	1.0	1.0	0.0	0.0	0.0	0.0	0.0	0.0	0.0	1.0	1.0	0.3285714285714285	0.1428571428571428	8.085714285714285	113.12857142857142	-0.74	0.0	8.52	97.488	0.39	-0.3	8.57	106.514	7	5	10	7	5	10	sars_cov2
7n8i	H	LKDSRYSGSYYDY	RYDGGN	GFTFNSY	0.0	0.0	1.0	0.0	0.0	0.0	0.0	1.0	0.0	0.0	0.0	0.0	0.0	2.0	0.0	1.0	1.0	0.0	1.0	0.0	0.0	1.0	1.0	1.0	0.0	0.0	0.0	2.0	0.0	0.0	0.0	0.0	0.0	0.0	0.0	0.0	0.0	0.0	1.0	0.0	0.0	1.0	0.0	2.0	0.0	0.0	0.0	1.0	0.0	0.0	1.0	1.0	0.0	0.0	0.0	3.0	0.0	0.0	4.0	0.0	-0.1571428571428572	0.0	7.857142857142857	119.27	-2.2666666666666666	0.0	9.883333333333333	116.445	-1.507692307692308	0.0	8.776923076923076	124.36307692307692	7	6	13	7	6	13	sars_cov2
7czt	I	WFHTGGYFDY	WYDGSN	GFTFSSY	0.0	0.0	0.0	0.0	0.0	0.0	0.0	1.0	0.0	0.0	0.0	0.0	0.0	2.0	0.0	2.0	1.0	0.0	1.0	0.0	0.0	0.0	1.0	1.0	0.0	0.0	0.0	1.0	0.0	0.0	0.0	0.0	0.0	0.0	0.0	1.0	0.0	1.0	1.0	0.0	0.0	0.0	0.0	1.0	0.0	0.0	0.0	2.0	1.0	0.0	0.0	0.0	0.0	2.0	0.0	0.0	1.0	1.0	2.0	0.0	0.2285714285714285	0.0	7.514285714285714	115.40857142857143	-1.7333333333333334	-0.1666666666666666	9.066666666666666	123.455	-0.6100000000000001	0.0	7.82	131.038	7	6	10	7	6	10	sars_cov2
7k8m	A	DYGDYYFDY	YSGGS	GFIVSSN	0.0	0.0	1.0	0.0	0.0	0.0	0.0	1.0	0.0	1.0	0.0	0.0	0.0	1.0	0.0	2.0	0.0	0.0	0.0	1.0	0.0	0.0	0.0	0.0	0.0	0.0	0.0	2.0	0.0	0.0	0.0	0.0	0.0	0.0	0.0	2.0	0.0	0.0	1.0	0.0	0.0	0.0	0.0	3.0	0.0	0.0	0.0	1.0	0.0	0.0	0.0	0.0	0.0	1.0	0.0	0.0	0.0	0.0	4.0	0.0	0.8571428571428571	0.0	7.9	103.25571428571428	-0.74	0.0	8.52	97.488	-1.477777777777778	-0.3333333333333333	8.666666666666666	135.58	7	5	9	7	5	9	sars_cov2
7bz5	H	EAYGMDV	YSGGS	GFIVSSN	0.0	0.0	1.0	0.0	0.0	0.0	0.0	1.0	0.0	1.0	0.0	0.0	0.0	1.0	0.0	2.0	0.0	0.0	0.0	1.0	0.0	0.0	0.0	0.0	0.0	0.0	0.0	2.0	0.0	0.0	0.0	0.0	0.0	0.0	0.0	2.0	0.0	0.0	1.0	0.0	1.0	0.0	0.0	1.0	0.0	0.0	1.0	1.0	0.0	0.0	0.0	0.0	1.0	0.0	0.0	0.0	0.0	0.0	1.0	1.0	0.8571428571428571	0.0	7.9	103.25571428571428	-0.74	0.0	8.52	97.488	-0.1142857142857142	-0.2857142857142857	8.6	111.97857142857144	7	5	7	7	5	7	sars_cov2
7r6x	H	GDSSGYYYYFDY	GTAGD	GFTFSSY	0.0	0.0	0.0	0.0	0.0	0.0	0.0	1.0	0.0	0.0	0.0	0.0	0.0	2.0	0.0	2.0	1.0	0.0	1.0	0.0	1.0	0.0	0.0	1.0	0.0	0.0	0.0	2.0	0.0	0.0	0.0	0.0	0.0	0.0	0.0	0.0	1.0	0.0	0.0	0.0	0.0	0.0	0.0	2.0	0.0	0.0	0.0	2.0	0.0	0.0	0.0	0.0	0.0	1.0	0.0	2.0	0.0	0.0	5.0	0.0	0.2285714285714285	0.0	7.514285714285714	115.40857142857143	-0.64	-0.2	9.54	87.476	-1.0916666666666668	-0.1666666666666666	8.216666666666667	126.46	7	5	12	7	5	12	sars_cov2
7c2l	J	STAVAGTPDLFDYYYGMDV	DPEDGE	GYTLTEL	0.0	0.0	0.0	0.0	0.0	0.0	1.0	1.0	0.0	0.0	2.0	0.0	0.0	0.0	0.0	0.0	2.0	0.0	1.0	0.0	0.0	0.0	0.0	2.0	0.0	0.0	2.0	1.0	0.0	0.0	0.0	0.0	0.0	0.0	1.0	0.0	0.0	0.0	0.0	0.0	2.0	0.0	0.0	3.0	0.0	0.0	0.0	2.0	0.0	0.0	1.0	0.0	1.0	1.0	1.0	1.0	2.0	0.0	3.0	2.0	0.1428571428571428	-0.1428571428571428	7.785714285714286	113.69857142857144	-2.6666666666666665	-0.6666666666666666	11.266666666666666	110.09833333333334	0.0789473684210526	-0.1578947368421052	8.094736842105263	110.69947368421052	7	6	19	7	6	19	sars_cov2
7lop	W	GSGISTPMDV	YPGDSE	GYGFITY	0.0	0.0	0.0	0.0	0.0	0.0	0.0	2.0	0.0	1.0	0.0	0.0	0.0	1.0	0.0	0.0	1.0	0.0	2.0	0.0	0.0	0.0	0.0	1.0	0.0	0.0	1.0	1.0	0.0	0.0	0.0	0.0	0.0	0.0	1.0	1.0	0.0	0.0	1.0	0.0	0.0	0.0	0.0	1.0	0.0	0.0	0.0	2.0	0.0	1.0	0.0	0.0	1.0	0.0	1.0	2.0	1.0	0.0	0.0	1.0	0.4571428571428571	0.0	7.057142857142857	119.70142857142856	-1.85	-0.3333333333333333	9.616666666666667	111.10666666666668	0.24	-0.1	8.28	98.107	7	6	10	7	6	10	sars_cov2
7chs	H	DRDYYGMDV	YSGGS	GFTVSSN	0.0	0.0	1.0	0.0	0.0	0.0	0.0	1.0	0.0	0.0	0.0	0.0	0.0	1.0	0.0	2.0	1.0	0.0	0.0	1.0	0.0	0.0	0.0	0.0	0.0	0.0	0.0	2.0	0.0	0.0	0.0	0.0	0.0	0.0	0.0	2.0	0.0	0.0	1.0	0.0	0.0	1.0	0.0	3.0	0.0	0.0	0.0	1.0	0.0	0.0	0.0	0.0	1.0	0.0	0.0	0.0	0.0	0.0	2.0	1.0	0.1142857142857142	0.0	8.385714285714284	101.53428571428572	-0.74	0.0	8.52	97.488	-1.3222222222222222	-0.2222222222222222	9.166666666666666	125.91111111111113	7	5	9	7	5	9	sars_cov2
7cdi	H	DLVVYGMDV	YSGGS	GITVSSN	0.0	0.0	1.0	0.0	0.0	0.0	0.0	1.0	0.0	1.0	0.0	0.0	0.0	0.0	0.0	2.0	1.0	0.0	0.0	1.0	0.0	0.0	0.0	0.0	0.0	0.0	0.0	2.0	0.0	0.0	0.0	0.0	0.0	0.0	0.0	2.0	0.0	0.0	1.0	0.0	0.0	0.0	0.0	2.0	0.0	0.0	0.0	1.0	0.0	0.0	1.0	0.0	1.0	0.0	0.0	0.0	0.0	0.0	1.0	3.0	0.3571428571428571	0.0	8.385714285714284	96.67428571428572	-0.74	0.0	8.52	97.488	1.0666666666666669	-0.2222222222222222	7.722222222222222	112.24	7	5	9	7	5	9	sars_cov2
7kqe	J	RWWLRGAFDI	NHSGS	GGSFSGY	0.0	0.0	0.0	0.0	0.0	0.0	0.0	3.0	0.0	0.0	0.0	0.0	0.0	1.0	0.0	2.0	0.0	0.0	1.0	0.0	0.0	0.0	1.0	0.0	0.0	0.0	0.0	1.0	1.0	0.0	0.0	0.0	0.0	0.0	0.0	2.0	0.0	0.0	0.0	0.0	1.0	2.0	0.0	1.0	0.0	0.0	0.0	1.0	0.0	1.0	1.0	0.0	0.0	1.0	0.0	0.0	0.0	2.0	0.0	0.0	-0.1857142857142857	0.0	8.114285714285714	101.38142857142856	-1.7400000000000002	0.2	9.88	100.092	-0.18	0.1	7.720000000000001	131.954	7	5	10	7	5	10	sars_cov2
7nd9	H	PHCNSTSCYDAFDI	VVGSGN	GFTFTTS	0.0	0.0	0.0	0.0	0.0	0.0	0.0	1.0	0.0	0.0	0.0	0.0	0.0	2.0	0.0	1.0	3.0	0.0	0.0	0.0	0.0	0.0	1.0	0.0	0.0	0.0	0.0	2.0	0.0	0.0	0.0	0.0	0.0	0.0	0.0	1.0	0.0	0.0	0.0	2.0	1.0	0.0	1.0	2.0	2.0	0.0	0.0	0.0	1.0	1.0	0.0	0.0	0.0	1.0	1.0	2.0	1.0	0.0	1.0	0.0	0.3285714285714285	0.0	7.771428571428571	108.5457142857143	0.55	0.0	8.433333333333334	91.59166666666664	-0.3428571428571429	-0.0714285714285714	8.47857142857143	111.05142857142856	7	6	14	7	6	14	sars_cov2
7fjs	C	DGENVLDY	FPENDD	GYRFTSY	0.0	1.0	0.0	0.0	0.0	0.0	0.0	1.0	0.0	0.0	0.0	0.0	0.0	1.0	0.0	1.0	1.0	0.0	2.0	0.0	0.0	0.0	1.0	2.0	0.0	0.0	1.0	0.0	0.0	0.0	0.0	0.0	0.0	1.0	1.0	0.0	0.0	0.0	0.0	0.0	0.0	0.0	1.0	2.0	0.0	0.0	1.0	1.0	0.0	0.0	1.0	0.0	0.0	0.0	0.0	0.0	0.0	0.0	1.0	1.0	-0.8857142857142858	0.1428571428571428	7.8428571428571425	127.56714285714284	-2.1333333333333333	-0.5	10.516666666666667	119.61833333333334	-0.9625	-0.375	9.4875	115.49125	7	6	8	7	6	8	sars_cov2
7bwj	H	AVVGIVVVPAAGRRAFDI	YHSGS	GYSISSGY	0.0	0.0	0.0	0.0	0.0	0.0	0.0	2.0	0.0	1.0	0.0	0.0	0.0	0.0	0.0	3.0	0.0	0.0	2.0	0.0	0.0	0.0	0.0	0.0	0.0	0.0	0.0	1.0	1.0	0.0	0.0	0.0	0.0	0.0	0.0	2.0	0.0	0.0	1.0	0.0	4.0	2.0	0.0	1.0	0.0	0.0	0.0	2.0	0.0	2.0	0.0	0.0	0.0	1.0	1.0	0.0	0.0	0.0	0.0	5.0	-0.1625	0.0	7.9	106.3575	-1.3	0.2	8.8	109.906	1.3944444444444446	0.0555555555555555	7.638888888888889	101.56444444444443	8	5	18	8	5	18	sars_cov2
7xh8	B	PSCSRTICSDGFDI	VLASGN	GFTFITPV	0.0	0.0	0.0	0.0	0.0	0.0	0.0	1.0	0.0	1.0	0.0	0.0	0.0	2.0	1.0	0.0	2.0	0.0	0.0	1.0	1.0	0.0	1.0	0.0	0.0	0.0	0.0	1.0	0.0	0.0	1.0	0.0	0.0	0.0	0.0	1.0	0.0	0.0	0.0	1.0	0.0	1.0	0.0	2.0	2.0	0.0	0.0	1.0	0.0	2.0	0.0	0.0	0.0	1.0	1.0	3.0	1.0	0.0	0.0	0.0	1.3625	0.0	6.9625	110.13	0.85	0.0	8.116666666666667	93.26833333333332	0.0142857142857142	-0.0714285714285714	8.307142857142857	107.19214285714284	8	6	14	8	6	14	sars_cov2
7urs	H	DLEVAGAIDY	YSGGS	GFIVSRN	0.0	1.0	1.0	0.0	0.0	0.0	0.0	1.0	0.0	1.0	0.0	0.0	0.0	1.0	0.0	1.0	0.0	0.0	0.0	1.0	0.0	0.0	0.0	0.0	0.0	0.0	0.0	2.0	0.0	0.0	0.0	0.0	0.0	0.0	0.0	2.0	0.0	0.0	1.0	0.0	2.0	0.0	0.0	2.0	0.0	0.0	1.0	1.0	0.0	1.0	1.0	0.0	0.0	0.0	0.0	0.0	0.0	0.0	1.0	1.0	0.3285714285714285	0.1428571428571428	8.085714285714285	113.12857142857142	-0.74	0.0	8.52	97.488	0.39	-0.3	8.57	106.514	7	5	10	7	5	10	sars_cov2
7ey0	A	DFSRDGDAFDI	SWNSGT	GFTFDDY	0.0	0.0	0.0	2.0	0.0	0.0	0.0	1.0	0.0	0.0	0.0	0.0	0.0	2.0	0.0	0.0	1.0	0.0	1.0	0.0	0.0	0.0	1.0	0.0	0.0	0.0	0.0	1.0	0.0	0.0	0.0	0.0	0.0	0.0	0.0	2.0	1.0	1.0	0.0	0.0	1.0	1.0	0.0	4.0	0.0	0.0	0.0	1.0	0.0	1.0	0.0	0.0	0.0	2.0	0.0	1.0	0.0	0.0	0.0	0.0	-0.5428571428571429	-0.2857142857142857	8.6	123.41142857142856	-1.1833333333333331	0.0	8.833333333333334	108.44166666666666	-0.7090909090909091	-0.2727272727272727	9.490909090909092	114.29818181818182	7	6	11	7	6	11	sars_cov2
7kmh	A	SPYGGNS	YSGGS	GLTVSSN	0.0	0.0	1.0	0.0	0.0	0.0	0.0	1.0	0.0	0.0	1.0	0.0	0.0	0.0	0.0	2.0	1.0	0.0	0.0	1.0	0.0	0.0	0.0	0.0	0.0	0.0	0.0	2.0	0.0	0.0	0.0	0.0	0.0	0.0	0.0	2.0	0.0	0.0	1.0	0.0	0.0	0.0	1.0	0.0	0.0	0.0	0.0	2.0	0.0	0.0	0.0	0.0	0.0	0.0	1.0	2.0	0.0	0.0	1.0	0.0	0.2571428571428571	0.0	8.342857142857143	96.67428571428572	-0.74	0.0	8.52	97.488	-1.2571428571428571	0.0	8.885714285714284	99.81	7	5	7	7	5	7	sars_cov2
7nx6	H	DGGKLWVYYFDY	SYDGSN	AFTFSSY	1.0	0.0	0.0	0.0	0.0	0.0	0.0	0.0	0.0	0.0	0.0	0.0	0.0	2.0	0.0	2.0	1.0	0.0	1.0	0.0	0.0	0.0	1.0	1.0	0.0	0.0	0.0	1.0	0.0	0.0	0.0	0.0	0.0	0.0	0.0	2.0	0.0	0.0	1.0	0.0	0.0	0.0	0.0	2.0	0.0	0.0	0.0	2.0	0.0	0.0	1.0	1.0	0.0	1.0	0.0	0.0	0.0	1.0	3.0	1.0	0.5428571428571428	0.0	7.385714285714285	114.84142857142857	-1.7166666666666668	-0.1666666666666666	9.7	106.93166666666669	-0.475	-0.0833333333333333	7.941666666666666	128.64083333333335	7	6	12	7	6	12	sars_cov2
7cr5	H	ETGDYSSSWYDS	SYDGSN	GFTFSSY	0.0	0.0	0.0	0.0	0.0	0.0	0.0	1.0	0.0	0.0	0.0	0.0	0.0	2.0	0.0	2.0	1.0	0.0	1.0	0.0	0.0	0.0	1.0	1.0	0.0	0.0	0.0	1.0	0.0	0.0	0.0	0.0	0.0	0.0	0.0	2.0	0.0	0.0	1.0	0.0	0.0	0.0	0.0	2.0	0.0	0.0	1.0	1.0	0.0	0.0	0.0	0.0	0.0	0.0	0.0	4.0	1.0	1.0	2.0	0.0	0.2285714285714285	0.0	7.514285714285714	115.40857142857143	-1.7166666666666668	-0.1666666666666666	9.7	106.93166666666669	-1.525	-0.25	9.208333333333334	116.36333333333334	7	6	12	7	6	12	sars_cov2
7f6y	H	DAAVYGIDV	YAGGS	GLIVSSN	0.0	0.0	1.0	0.0	0.0	0.0	0.0	1.0	0.0	1.0	1.0	0.0	0.0	0.0	0.0	2.0	0.0	0.0	0.0	1.0	1.0	0.0	0.0	0.0	0.0	0.0	0.0	2.0	0.0	0.0	0.0	0.0	0.0	0.0	0.0	1.0	0.0	0.0	1.0	0.0	2.0	0.0	0.0	2.0	0.0	0.0	0.0	1.0	0.0	1.0	0.0	0.0	0.0	0.0	0.0	0.0	0.0	0.0	1.0	2.0	1.0	0.0	7.857142857142857	98.39571428571428	-0.22	0.0	8.3	94.288	0.8666666666666667	-0.2222222222222222	8.266666666666667	102.44333333333331	7	5	9	7	5	9	sars_cov2
7q6e	H	VSQWALILF	IPLFGS	GGTFSSS	0.0	0.0	0.0	0.0	0.0	0.0	0.0	2.0	0.0	0.0	0.0	0.0	0.0	1.0	0.0	3.0	1.0	0.0	0.0	0.0	0.0	0.0	0.0	0.0	0.0	0.0	0.0	1.0	0.0	1.0	1.0	0.0	0.0	1.0	1.0	1.0	0.0	0.0	0.0	0.0	1.0	0.0	0.0	0.0	0.0	1.0	0.0	0.0	0.0	1.0	2.0	0.0	0.0	1.0	0.0	1.0	0.0	1.0	0.0	1.0	-0.1571428571428572	0.0	8.485714285714286	94.23285714285714	1.383333333333333	0.0	6.916666666666667	105.45833333333331	1.7444444444444445	0.0	6.588888888888889	117.58888888888887	7	6	9	7	6	9	sars_cov2
7q0g	H	DHVRPGMNI	YSGGS	GFTVSSN	0.0	0.0	1.0	0.0	0.0	0.0	0.0	1.0	0.0	0.0	0.0	0.0	0.0	1.0	0.0	2.0	1.0	0.0	0.0	1.0	0.0	0.0	0.0	0.0	0.0	0.0	0.0	2.0	0.0	0.0	0.0	0.0	0.0	0.0	0.0	2.0	0.0	0.0	1.0	0.0	0.0	1.0	1.0	1.0	0.0	0.0	0.0	1.0	1.0	1.0	0.0	0.0	1.0	0.0	1.0	0.0	0.0	0.0	0.0	1.0	0.1142857142857142	0.0	8.385714285714284	101.53428571428572	-0.74	0.0	8.52	97.488	-0.6777777777777778	0.1111111111111111	8.81111111111111	115.35444444444444	7	5	9	7	5	9	sars_cov2
6xc3	H	GSGISTPMDV	YPGDSE	GYGFITY	0.0	0.0	0.0	0.0	0.0	0.0	0.0	2.0	0.0	1.0	0.0	0.0	0.0	1.0	0.0	0.0	1.0	0.0	2.0	0.0	0.0	0.0	0.0	1.0	0.0	0.0	1.0	1.0	0.0	0.0	0.0	0.0	0.0	0.0	1.0	1.0	0.0	0.0	1.0	0.0	0.0	0.0	0.0	1.0	0.0	0.0	0.0	2.0	0.0	1.0	0.0	0.0	1.0	0.0	1.0	2.0	1.0	0.0	0.0	1.0	0.4571428571428571	0.0	7.057142857142857	119.70142857142856	-1.85	-0.3333333333333333	9.616666666666667	111.10666666666668	0.24	-0.1	8.28	98.107	7	6	10	7	6	10	sars_cov2
7ch4	H	DLGPYGMDV	YSGGS	GIIVSSN	0.0	0.0	1.0	0.0	0.0	0.0	0.0	1.0	0.0	2.0	0.0	0.0	0.0	0.0	0.0	2.0	0.0	0.0	0.0	1.0	0.0	0.0	0.0	0.0	0.0	0.0	0.0	2.0	0.0	0.0	0.0	0.0	0.0	0.0	0.0	2.0	0.0	0.0	1.0	0.0	0.0	0.0	0.0	2.0	0.0	0.0	0.0	2.0	0.0	0.0	1.0	0.0	1.0	0.0	1.0	0.0	0.0	0.0	1.0	1.0	1.1	0.0	7.9	98.39571428571428	-0.74	0.0	8.52	97.488	-0.0888888888888889	-0.2222222222222222	8.3	109.3411111111111	7	5	9	7	5	9	sars_cov2
7neh	H	DFYEGSFDI	YSGGS	GLTVNRN	0.0	1.0	2.0	0.0	0.0	0.0	0.0	1.0	0.0	0.0	1.0	0.0	0.0	0.0	0.0	0.0	1.0	0.0	0.0	1.0	0.0	0.0	0.0	0.0	0.0	0.0	0.0	2.0	0.0	0.0	0.0	0.0	0.0	0.0	0.0	2.0	0.0	0.0	1.0	0.0	0.0	0.0	0.0	2.0	0.0	0.0	1.0	1.0	0.0	1.0	0.0	0.0	0.0	2.0	0.0	1.0	0.0	0.0	1.0	0.0	-0.6571428571428571	0.1428571428571428	8.871428571428572	110.40857142857143	-0.74	0.0	8.52	97.488	-0.3222222222222222	-0.3333333333333333	8.7	121.3477777777778	7	5	9	7	5	9	sars_cov2
7z0y	H	VADTAMVPEWYFDL	SYDGSN	GFTFSNY	0.0	0.0	1.0	0.0	0.0	0.0	0.0	1.0	0.0	0.0	0.0	0.0	0.0	2.0	0.0	1.0	1.0	0.0	1.0	0.0	0.0	0.0	1.0	1.0	0.0	0.0	0.0	1.0	0.0	0.0	0.0	0.0	0.0	0.0	0.0	2.0	0.0	0.0	1.0	0.0	2.0	0.0	0.0	2.0	0.0	0.0	1.0	0.0	0.0	0.0	1.0	0.0	1.0	1.0	1.0	0.0	1.0	1.0	1.0	2.0	-0.1571428571428572	0.0	7.857142857142857	119.27	-1.7166666666666668	-0.1666666666666666	9.7	106.93166666666669	0.3928571428571428	-0.2142857142857142	7.878571428571428	117.06357142857144	7	6	14	7	6	14	sars_cov2
7d00	J	ETLAFDY	YPGGS	GFTVSSN	0.0	0.0	1.0	0.0	0.0	0.0	0.0	1.0	0.0	0.0	0.0	0.0	0.0	1.0	0.0	2.0	1.0	0.0	0.0	1.0	0.0	0.0	0.0	0.0	0.0	0.0	0.0	2.0	0.0	0.0	0.0	0.0	0.0	0.0	1.0	1.0	0.0	0.0	1.0	0.0	1.0	0.0	0.0	1.0	0.0	0.0	1.0	0.0	0.0	0.0	1.0	0.0	0.0	1.0	0.0	0.0	1.0	0.0	1.0	0.0	0.1142857142857142	0.0	8.385714285714284	101.53428571428572	-0.9	0.0	8.28	99.496	-0.0857142857142857	-0.2857142857142857	8.328571428571427	119.98857142857145	7	5	7	7	5	7	sars_cov2
7kmg	A	GYYEARHYYYYYAMDV	IPILGI	GGTFSNY	0.0	0.0	1.0	0.0	0.0	0.0	0.0	2.0	0.0	0.0	0.0	0.0	0.0	1.0	0.0	1.0	1.0	0.0	1.0	0.0	0.0	0.0	0.0	0.0	0.0	0.0	0.0	1.0	0.0	3.0	1.0	0.0	0.0	0.0	1.0	0.0	0.0	0.0	0.0	0.0	2.0	1.0	0.0	1.0	0.0	0.0	1.0	1.0	1.0	0.0	0.0	0.0	1.0	0.0	0.0	0.0	0.0	0.0	7.0	1.0	-0.6142857142857144	0.0	8.4	108.96571428571428	2.55	0.0	6.25	104.135	-0.90625	0.0	7.9	132.95875	7	6	16	7	6	16	sars_cov2
7klh	H	SYYYGGFGMDY	YASGGA	GFDLGGY	0.0	0.0	0.0	1.0	0.0	0.0	0.0	3.0	0.0	0.0	1.0	0.0	0.0	1.0	0.0	0.0	0.0	0.0	1.0	0.0	2.0	0.0	0.0	0.0	0.0	0.0	0.0	2.0	0.0	0.0	0.0	0.0	0.0	0.0	0.0	1.0	0.0	0.0	1.0	0.0	0.0	0.0	0.0	1.0	0.0	0.0	0.0	3.0	0.0	0.0	0.0	0.0	1.0	1.0	0.0	1.0	0.0	0.0	4.0	0.0	0.0857142857142856	-0.1428571428571428	8.042857142857143	109.10857142857142	0.1166666666666666	0.0	8.266666666666667	90.42	-0.5454545454545455	-0.0909090909090909	7.718181818181819	123.49272727272728	7	6	11	7	6	11	sars_cov2
7jmw	H	PPRNYYDRSGYYQRAEYFQH	NSSGGS	GYTFTSY	0.0	0.0	0.0	0.0	0.0	0.0	0.0	1.0	0.0	0.0	0.0	0.0	0.0	1.0	0.0	1.0	2.0	0.0	2.0	0.0	0.0	0.0	1.0	0.0	0.0	0.0	0.0	2.0	0.0	0.0	0.0	0.0	0.0	0.0	0.0	3.0	0.0	0.0	0.0	0.0	1.0	3.0	1.0	1.0	0.0	2.0	1.0	1.0	1.0	0.0	0.0	0.0	0.0	1.0	2.0	1.0	0.0	0.0	5.0	0.0	-0.3428571428571429	0.0	7.571428571428571	119.69857142857144	-1.1166666666666667	0.0	9.533333333333331	87.575	-2.025	0.1	8.915000000000001	130.541	7	6	20	7	6	20	sars_cov2
7mzn	H	VGGYCSSANCVSDV	YSGGS	GLTVSSN	0.0	0.0	1.0	0.0	0.0	0.0	0.0	1.0	0.0	0.0	1.0	0.0	0.0	0.0	0.0	2.0	1.0	0.0	0.0	1.0	0.0	0.0	0.0	0.0	0.0	0.0	0.0	2.0	0.0	0.0	0.0	0.0	0.0	0.0	0.0	2.0	0.0	0.0	1.0	0.0	1.0	0.0	1.0	1.0	2.0	0.0	0.0	2.0	0.0	0.0	0.0	0.0	0.0	0.0	0.0	3.0	0.0	0.0	1.0	3.0	0.2571428571428571	0.0	8.342857142857143	96.67428571428572	-0.74	0.0	8.52	97.488	0.5642857142857143	-0.0714285714285714	8.085714285714285	98.46357142857144	7	5	14	7	5	14	sars_cov2
7djz	A	DRFVEPATGPFFDY	IPVLGI	GGTFSSF	0.0	0.0	0.0	0.0	0.0	0.0	0.0	2.0	0.0	0.0	0.0	0.0	0.0	2.0	0.0	2.0	1.0	0.0	0.0	0.0	0.0	0.0	0.0	0.0	0.0	0.0	0.0	1.0	0.0	2.0	1.0	0.0	0.0	0.0	1.0	0.0	0.0	0.0	0.0	1.0	1.0	1.0	0.0	2.0	0.0	0.0	1.0	1.0	0.0	0.0	0.0	0.0	0.0	3.0	2.0	0.0	1.0	0.0	1.0	1.0	0.3571428571428571	0.0	7.914285714285714	102.81857142857145	2.5	0.0	6.366666666666667	101.79666666666668	-0.4428571428571429	-0.1428571428571428	8.442857142857143	118.63	7	6	14	7	6	14	sars_cov2
7sbu	H	RAIDSDTYVEQSHFDY	IPILDR	GGTFSSY	0.0	0.0	0.0	0.0	0.0	0.0	0.0	2.0	0.0	0.0	0.0	0.0	0.0	1.0	0.0	2.0	1.0	0.0	1.0	0.0	0.0	1.0	0.0	1.0	0.0	0.0	0.0	0.0	0.0	2.0	1.0	0.0	0.0	0.0	1.0	0.0	0.0	0.0	0.0	0.0	1.0	1.0	0.0	3.0	0.0	1.0	1.0	0.0	1.0	1.0	0.0	0.0	0.0	1.0	0.0	2.0	1.0	0.0	2.0	1.0	-0.2285714285714286	0.0	8.057142857142857	105.10428571428572	0.5333333333333333	0.0	7.8	117.98	-1.05	-0.125	9.15625	120.501875	7	6	16	7	6	16	sars_cov2
7lab	Y	SSGPSRLCGGGSCYHSFDY	DPEDGE	GYTFTDY	0.0	0.0	0.0	1.0	0.0	0.0	0.0	1.0	0.0	0.0	0.0	0.0	0.0	1.0	0.0	0.0	2.0	0.0	2.0	0.0	0.0	0.0	0.0	2.0	0.0	0.0	2.0	1.0	0.0	0.0	0.0	0.0	0.0	0.0	1.0	0.0	0.0	0.0	0.0	0.0	0.0	1.0	0.0	1.0	2.0	0.0	0.0	4.0	1.0	0.0	1.0	0.0	0.0	1.0	1.0	5.0	0.0	0.0	2.0	0.0	-0.7285714285714286	-0.1428571428571428	8.114285714285714	123.7	-2.6666666666666665	-0.6666666666666666	11.266666666666666	110.09833333333334	-0.4947368421052632	0.0526315789473684	8.284210526315789	107.06	7	6	19	7	6	19	sars_cov2
7ps1	A	DLVVYGMDV	YSGGS	GLTVRSN	0.0	1.0	1.0	0.0	0.0	0.0	0.0	1.0	0.0	0.0	1.0	0.0	0.0	0.0	0.0	1.0	1.0	0.0	0.0	1.0	0.0	0.0	0.0	0.0	0.0	0.0	0.0	2.0	0.0	0.0	0.0	0.0	0.0	0.0	0.0	2.0	0.0	0.0	1.0	0.0	0.0	0.0	0.0	2.0	0.0	0.0	0.0	1.0	0.0	0.0	1.0	0.0	1.0	0.0	0.0	0.0	0.0	0.0	1.0	3.0	-0.2714285714285714	0.1428571428571428	8.528571428571428	106.54714285714284	-0.74	0.0	8.52	97.488	1.0666666666666669	-0.2222222222222222	7.722222222222222	112.24	7	5	9	7	5	9	sars_cov2
7s0b	C	DLWGSGFFAFDV	SGSGGS	GFTFSSY	0.0	0.0	0.0	0.0	0.0	0.0	0.0	1.0	0.0	0.0	0.0	0.0	0.0	2.0	0.0	2.0	1.0	0.0	1.0	0.0	0.0	0.0	0.0	0.0	0.0	0.0	0.0	3.0	0.0	0.0	0.0	0.0	0.0	0.0	0.0	3.0	0.0	0.0	0.0	0.0	1.0	0.0	0.0	2.0	0.0	0.0	0.0	2.0	0.0	0.0	1.0	0.0	0.0	3.0	0.0	1.0	0.0	1.0	0.0	1.0	0.2285714285714285	0.0	7.514285714285714	115.40857142857143	-0.6	0.0	9.1	81.065	0.725	-0.1666666666666666	7.758333333333333	114.87416666666668	7	6	12	7	6	12	sars_cov2
7ps4	B	SRVGATGGYYDYYMDV	YPGDSG	GYSFTNY	0.0	0.0	1.0	0.0	0.0	0.0	0.0	1.0	0.0	0.0	0.0	0.0	0.0	1.0	0.0	1.0	1.0	0.0	2.0	0.0	0.0	0.0	0.0	1.0	0.0	0.0	0.0	2.0	0.0	0.0	0.0	0.0	0.0	0.0	1.0	1.0	0.0	0.0	1.0	0.0	1.0	1.0	0.0	2.0	0.0	0.0	0.0	3.0	0.0	0.0	0.0	0.0	1.0	0.0	0.0	1.0	1.0	0.0	4.0	2.0	-0.7428571428571429	0.0	8.0	121.55571428571427	-1.3333333333333333	-0.1666666666666666	9.066666666666666	102.095	-0.45625	-0.0625	8.23125	115.810625	7	6	16	7	6	16	sars_cov2
7pr0	C	PGGITAAGTSVLFGYYGMDV	SSSSST	GFTFSSY	0.0	0.0	0.0	0.0	0.0	0.0	0.0	1.0	0.0	0.0	0.0	0.0	0.0	2.0	0.0	2.0	1.0	0.0	1.0	0.0	0.0	0.0	0.0	0.0	0.0	0.0	0.0	0.0	0.0	0.0	0.0	0.0	0.0	0.0	0.0	5.0	1.0	0.0	0.0	0.0	2.0	0.0	0.0	1.0	0.0	0.0	0.0	5.0	0.0	1.0	1.0	0.0	1.0	1.0	1.0	1.0	2.0	0.0	2.0	2.0	0.2285714285714285	0.0	7.514285714285714	115.40857142857143	-0.7833333333333333	0.0	9.1	89.41833333333334	0.655	-0.05	7.69	102.412	7	6	20	7	6	20	sars_cov2
7so9	E	AAPFYDFWSGYSYFDY	NPISSG	GYTFTGY	0.0	0.0	0.0	0.0	0.0	0.0	0.0	2.0	0.0	0.0	0.0	0.0	0.0	1.0	0.0	0.0	2.0	0.0	2.0	0.0	0.0	0.0	1.0	0.0	0.0	0.0	0.0	1.0	0.0	1.0	0.0	0.0	0.0	0.0	1.0	2.0	0.0	0.0	0.0	0.0	2.0	0.0	0.0	2.0	0.0	0.0	0.0	1.0	0.0	0.0	0.0	0.0	0.0	3.0	1.0	2.0	0.0	1.0	4.0	0.0	-0.2857142857142857	0.0	7.542857142857143	117.98	-0.4333333333333333	0.0	8.7	95.6	-0.29375	-0.125	7.7125	124.946875	7	6	16	7	6	16	sars_cov2
7kfx	H	GDVSGYRYGLDY	YSGGT	GFTVSNN	0.0	0.0	2.0	0.0	0.0	0.0	0.0	1.0	0.0	0.0	0.0	0.0	0.0	1.0	0.0	1.0	1.0	0.0	0.0	1.0	0.0	0.0	0.0	0.0	0.0	0.0	0.0	2.0	0.0	0.0	0.0	0.0	0.0	0.0	0.0	1.0	1.0	0.0	1.0	0.0	0.0	1.0	0.0	2.0	0.0	0.0	0.0	3.0	0.0	0.0	1.0	0.0	0.0	0.0	0.0	1.0	0.0	0.0	3.0	1.0	-0.2714285714285714	0.0	8.72857142857143	105.39571428571428	-0.72	0.0	8.4	100.294	-0.7833333333333333	-0.0833333333333333	8.508333333333333	116.7025	7	5	12	7	5	12	sars_cov2
7zf3	A	DLDVVGGTDY	YSGGS	EIIVSRN	0.0	1.0	1.0	0.0	0.0	0.0	1.0	0.0	0.0	2.0	0.0	0.0	0.0	0.0	0.0	1.0	0.0	0.0	0.0	1.0	0.0	0.0	0.0	0.0	0.0	0.0	0.0	2.0	0.0	0.0	0.0	0.0	0.0	0.0	0.0	2.0	0.0	0.0	1.0	0.0	0.0	0.0	0.0	3.0	0.0	0.0	0.0	2.0	0.0	0.0	1.0	0.0	0.0	0.0	0.0	0.0	1.0	0.0	1.0	2.0	0.1285714285714286	0.0	8.557142857142857	115.99285714285716	-0.74	0.0	8.52	97.488	-0.1099999999999999	-0.3	8.85	107.108	7	5	10	7	5	10	sars_cov2
7bem	H	DFYEGSFDI	YSGGS	GLTVNRN	0.0	1.0	2.0	0.0	0.0	0.0	0.0	1.0	0.0	0.0	1.0	0.0	0.0	0.0	0.0	0.0	1.0	0.0	0.0	1.0	0.0	0.0	0.0	0.0	0.0	0.0	0.0	2.0	0.0	0.0	0.0	0.0	0.0	0.0	0.0	2.0	0.0	0.0	1.0	0.0	0.0	0.0	0.0	2.0	0.0	0.0	1.0	1.0	0.0	1.0	0.0	0.0	0.0	2.0	0.0	1.0	0.0	0.0	1.0	0.0	-0.6571428571428571	0.1428571428571428	8.871428571428572	110.40857142857143	-0.74	0.0	8.52	97.488	-0.3222222222222222	-0.3333333333333333	8.7	121.3477777777778	7	5	9	7	5	9	sars_cov2
7chb	H	DLGEAGGMDV	YSGGS	GITVSSN	0.0	0.0	1.0	0.0	0.0	0.0	0.0	1.0	0.0	1.0	0.0	0.0	0.0	0.0	0.0	2.0	1.0	0.0	0.0	1.0	0.0	0.0	0.0	0.0	0.0	0.0	0.0	2.0	0.0	0.0	0.0	0.0	0.0	0.0	0.0	2.0	0.0	0.0	1.0	0.0	1.0	0.0	0.0	2.0	0.0	0.0	1.0	3.0	0.0	0.0	1.0	0.0	1.0	0.0	0.0	0.0	0.0	0.0	0.0	1.0	0.3571428571428571	0.0	8.385714285714284	96.67428571428572	-0.74	0.0	8.52	97.488	-1.1102230246251566e-17	-0.3	8.99	99.902	7	5	10	7	5	10	sars_cov2
7mzm	H	SPPTSDWYDSPAYNNYYMDV	SGGSSF	GFTFSDY	0.0	0.0	0.0	1.0	0.0	0.0	0.0	1.0	0.0	0.0	0.0	0.0	0.0	2.0	0.0	1.0	1.0	0.0	1.0	0.0	0.0	0.0	0.0	0.0	0.0	0.0	0.0	2.0	0.0	0.0	0.0	0.0	0.0	1.0	0.0	3.0	0.0	0.0	0.0	0.0	1.0	0.0	2.0	3.0	0.0	0.0	0.0	0.0	0.0	0.0	0.0	0.0	1.0	0.0	3.0	3.0	1.0	1.0	4.0	1.0	-0.1571428571428572	-0.1428571428571428	8.057142857142857	119.41	-0.0666666666666667	0.0	8.466666666666667	93.08666666666666	-1.1800000000000002	-0.15	8.615	118.3775	7	6	20	7	6	20	sars_cov2
7b0b	H	PHCSSTICYDGFDI	VVGSGN	GFTFTSS	0.0	0.0	0.0	0.0	0.0	0.0	0.0	1.0	0.0	0.0	0.0	0.0	0.0	2.0	0.0	2.0	2.0	0.0	0.0	0.0	0.0	0.0	1.0	0.0	0.0	0.0	0.0	2.0	0.0	0.0	0.0	0.0	0.0	0.0	0.0	1.0	0.0	0.0	0.0	2.0	0.0	0.0	0.0	2.0	2.0	0.0	0.0	1.0	1.0	2.0	0.0	0.0	0.0	1.0	1.0	2.0	1.0	0.0	1.0	0.0	0.3142857142857142	0.0	7.857142857142857	106.54142857142855	0.55	0.0	8.433333333333334	91.59166666666664	0.0714285714285713	-0.0714285714285714	8.085714285714285	111.26714285714286	7	6	14	7	6	14	sars_cov2
7b3o	H	DVADAFDI	YSGGS	GLTVSSN	0.0	0.0	1.0	0.0	0.0	0.0	0.0	1.0	0.0	0.0	1.0	0.0	0.0	0.0	0.0	2.0	1.0	0.0	0.0	1.0	0.0	0.0	0.0	0.0	0.0	0.0	0.0	2.0	0.0	0.0	0.0	0.0	0.0	0.0	0.0	2.0	0.0	0.0	1.0	0.0	2.0	0.0	0.0	3.0	0.0	0.0	0.0	0.0	0.0	1.0	0.0	0.0	0.0	1.0	0.0	0.0	0.0	0.0	0.0	1.0	0.2571428571428571	0.0	8.342857142857143	96.67428571428572	-0.74	0.0	8.52	97.488	0.575	-0.375	8.9375	105.8625	7	5	8	7	5	8	sars_cov2
7mzi	H	VGWGAFDI	SGSGGS	GFTFSRF	0.0	1.0	0.0	0.0	0.0	0.0	0.0	1.0	0.0	0.0	0.0	0.0	0.0	3.0	0.0	1.0	1.0	0.0	0.0	0.0	0.0	0.0	0.0	0.0	0.0	0.0	0.0	3.0	0.0	0.0	0.0	0.0	0.0	0.0	0.0	3.0	0.0	0.0	0.0	0.0	1.0	0.0	0.0	1.0	0.0	0.0	0.0	2.0	0.0	1.0	0.0	0.0	0.0	1.0	0.0	0.0	0.0	1.0	0.0	1.0	0.2857142857142856	0.1428571428571428	7.557142857142857	122.99571428571429	-0.6	0.0	9.1	81.065	1.0125	-0.125	7.6	110.245	7	6	8	7	6	8	sars_cov2
7ly0	H	AVAGEWYFDY	WYDGSN	GFTFSSY	0.0	0.0	0.0	0.0	0.0	0.0	0.0	1.0	0.0	0.0	0.0	0.0	0.0	2.0	0.0	2.0	1.0	0.0	1.0	0.0	0.0	0.0	1.0	1.0	0.0	0.0	0.0	1.0	0.0	0.0	0.0	0.0	0.0	0.0	0.0	1.0	0.0	1.0	1.0	0.0	2.0	0.0	0.0	1.0	0.0	0.0	1.0	1.0	0.0	0.0	0.0	0.0	0.0	1.0	0.0	0.0	0.0	1.0	2.0	1.0	0.2285714285714285	0.0	7.514285714285714	115.40857142857143	-1.7333333333333334	-0.1666666666666666	9.066666666666666	123.455	-0.03	-0.2	7.94	122.031	7	6	10	7	6	10	sars_cov2
7d03	H	ERCYYGSGRAPRCVWFDP	YYSGS	GDSVSSGSY	0.0	0.0	0.0	1.0	0.0	0.0	0.0	2.0	0.0	0.0	0.0	0.0	0.0	0.0	0.0	4.0	0.0	0.0	1.0	1.0	0.0	0.0	0.0	0.0	0.0	0.0	0.0	1.0	0.0	0.0	0.0	0.0	0.0	0.0	0.0	2.0	0.0	0.0	2.0	0.0	1.0	3.0	0.0	1.0	2.0	0.0	1.0	2.0	0.0	0.0	0.0	0.0	0.0	1.0	2.0	1.0	0.0	1.0	2.0	1.0	-0.5111111111111111	-0.1111111111111111	8.877777777777776	97.31333333333332	-0.9200000000000002	0.0	7.959999999999999	115.114	-0.8333333333333334	0.0555555555555555	8.222222222222221	121.13722222222223	9	5	18	9	5	18	sars_cov2
7sd5	H	TFPSYYDRSGYHYLNYGMDV	TYSGR	GGSISSSNF	0.0	0.0	1.0	0.0	0.0	0.0	0.0	2.0	0.0	1.0	0.0	0.0	0.0	1.0	0.0	4.0	0.0	0.0	0.0	0.0	0.0	1.0	0.0	0.0	0.0	0.0	0.0	1.0	0.0	0.0	0.0	0.0	0.0	0.0	0.0	1.0	1.0	0.0	1.0	0.0	0.0	1.0	1.0	2.0	0.0	0.0	0.0	2.0	1.0	0.0	1.0	0.0	1.0	1.0	1.0	2.0	1.0	0.0	5.0	1.0	-0.0222222222222222	0.0	8.533333333333333	96.98555555555556	-1.54	0.2	8.7	116.522	-0.835	0.0	8.209999999999999	123.334	9	5	20	9	5	20	sars_cov2
7ejy	H	DAAVYGIDV	YAGGS	GLIVSSN	0.0	0.0	1.0	0.0	0.0	0.0	0.0	1.0	0.0	1.0	1.0	0.0	0.0	0.0	0.0	2.0	0.0	0.0	0.0	1.0	1.0	0.0	0.0	0.0	0.0	0.0	0.0	2.0	0.0	0.0	0.0	0.0	0.0	0.0	0.0	1.0	0.0	0.0	1.0	0.0	2.0	0.0	0.0	2.0	0.0	0.0	0.0	1.0	0.0	1.0	0.0	0.0	0.0	0.0	0.0	0.0	0.0	0.0	1.0	2.0	1.0	0.0	7.857142857142857	98.39571428571428	-0.22	0.0	8.3	94.288	0.8666666666666667	-0.2222222222222222	8.266666666666667	102.44333333333331	7	5	9	7	5	9	sars_cov2
7nxb	A	GEGSPGNWFDP	YSGGS	GLTVSSN	0.0	0.0	1.0	0.0	0.0	0.0	0.0	1.0	0.0	0.0	1.0	0.0	0.0	0.0	0.0	2.0	1.0	0.0	0.0	1.0	0.0	0.0	0.0	0.0	0.0	0.0	0.0	2.0	0.0	0.0	0.0	0.0	0.0	0.0	0.0	2.0	0.0	0.0	1.0	0.0	0.0	0.0	1.0	1.0	0.0	0.0	1.0	3.0	0.0	0.0	0.0	0.0	0.0	1.0	2.0	1.0	0.0	1.0	0.0	0.0	0.2571428571428571	0.0	8.342857142857143	96.67428571428572	-0.74	0.0	8.52	97.488	-1.2545454545454546	-0.1818181818181818	9.063636363636364	108.92636363636365	7	5	11	7	5	11	sars_cov2
7qf0	H	DGDYYGMDV	YSGGS	GFTVSRN	0.0	1.0	1.0	0.0	0.0	0.0	0.0	1.0	0.0	0.0	0.0	0.0	0.0	1.0	0.0	1.0	1.0	0.0	0.0	1.0	0.0	0.0	0.0	0.0	0.0	0.0	0.0	2.0	0.0	0.0	0.0	0.0	0.0	0.0	0.0	2.0	0.0	0.0	1.0	0.0	0.0	0.0	0.0	3.0	0.0	0.0	0.0	2.0	0.0	0.0	0.0	0.0	1.0	0.0	0.0	0.0	0.0	0.0	2.0	1.0	-0.4142857142857142	0.1428571428571428	8.571428571428571	111.40714285714286	-0.74	0.0	8.52	97.488	-0.8666666666666667	-0.3333333333333333	9.0	116.89555555555556	7	5	9	7	5	9	sars_cov2
7rr0	B	PNCSRTLCYDGFNM	VVGSGN	GFTFSSS	0.0	0.0	0.0	0.0	0.0	0.0	0.0	1.0	0.0	0.0	0.0	0.0	0.0	2.0	0.0	3.0	1.0	0.0	0.0	0.0	0.0	0.0	1.0	0.0	0.0	0.0	0.0	2.0	0.0	0.0	0.0	0.0	0.0	0.0	0.0	1.0	0.0	0.0	0.0	2.0	0.0	1.0	2.0	1.0	2.0	0.0	0.0	1.0	0.0	0.0	1.0	0.0	1.0	1.0	1.0	1.0	1.0	0.0	1.0	0.0	0.2999999999999999	0.0	7.942857142857142	104.53714285714284	0.55	0.0	8.433333333333334	91.59166666666664	-0.45	0.0	8.178571428571429	115.77714285714286	7	6	14	7	6	14	sars_cov2
7e3o	H	GLGLRFLEWPISSY	SYDGS	GFTFSSY	0.0	0.0	0.0	0.0	0.0	0.0	0.0	1.0	0.0	0.0	0.0	0.0	0.0	2.0	0.0	2.0	1.0	0.0	1.0	0.0	0.0	0.0	0.0	1.0	0.0	0.0	0.0	1.0	0.0	0.0	0.0	0.0	0.0	0.0	0.0	2.0	0.0	0.0	1.0	0.0	0.0	1.0	0.0	0.0	0.0	0.0	1.0	2.0	0.0	1.0	3.0	0.0	0.0	1.0	1.0	2.0	0.0	1.0	1.0	0.0	0.2285714285714285	0.0	7.514285714285714	115.40857142857143	-1.36	-0.2	9.32	105.496	0.3214285714285713	0.0	7.421428571428572	118.27928571428572	7	5	14	7	5	14	sars_cov2
7ch5	H	DYGDYYFDY	YSGGS	EFIVSRN	0.0	1.0	1.0	0.0	0.0	0.0	1.0	0.0	0.0	1.0	0.0	0.0	0.0	1.0	0.0	1.0	0.0	0.0	0.0	1.0	0.0	0.0	0.0	0.0	0.0	0.0	0.0	2.0	0.0	0.0	0.0	0.0	0.0	0.0	0.0	2.0	0.0	0.0	1.0	0.0	0.0	0.0	0.0	3.0	0.0	0.0	0.0	1.0	0.0	0.0	0.0	0.0	0.0	1.0	0.0	0.0	0.0	0.0	4.0	0.0	-0.1142857142857143	0.0	8.557142857142857	120.85285714285716	-0.74	0.0	8.52	97.488	-1.477777777777778	-0.3333333333333333	8.666666666666666	135.58	7	5	9	7	5	9	sars_cov2
7t01	H	GLFSSSDWGGLDV	YWDDD	GFSLSTIGV	0.0	0.0	0.0	0.0	0.0	0.0	0.0	2.0	0.0	1.0	1.0	0.0	0.0	1.0	0.0	2.0	1.0	0.0	0.0	1.0	0.0	0.0	0.0	3.0	0.0	0.0	0.0	0.0	0.0	0.0	0.0	0.0	0.0	0.0	0.0	0.0	0.0	1.0	1.0	0.0	0.0	0.0	0.0	2.0	0.0	0.0	0.0	3.0	0.0	0.0	2.0	0.0	0.0	1.0	0.0	3.0	0.0	1.0	0.0	1.0	1.3555555555555554	0.0	7.355555555555556	99.77777777777776	-2.54	-0.6	10.12	138.93400000000003	0.2384615384615384	-0.1538461538461538	8.223076923076924	105.80153846153848	9	5	13	9	5	13	sars_cov2
7mm0	H	PYCSGGSCFDGFDI	VVGSGN	GFTFTSS	0.0	0.0	0.0	0.0	0.0	0.0	0.0	1.0	0.0	0.0	0.0	0.0	0.0	2.0	0.0	2.0	2.0	0.0	0.0	0.0	0.0	0.0	1.0	0.0	0.0	0.0	0.0	2.0	0.0	0.0	0.0	0.0	0.0	0.0	0.0	1.0	0.0	0.0	0.0	2.0	0.0	0.0	0.0	2.0	2.0	0.0	0.0	3.0	0.0	1.0	0.0	0.0	0.0	2.0	1.0	2.0	0.0	0.0	1.0	0.0	0.3142857142857142	0.0	7.857142857142857	106.54142857142855	0.55	0.0	8.433333333333334	91.59166666666664	0.1714285714285714	-0.1428571428571428	8.014285714285714	107.4007142857143	7	6	14	7	6	14	sars_cov2
7kn3	M	EYYYGMDV	YGDGN	GFTVSLS	0.0	0.0	0.0	0.0	0.0	0.0	0.0	1.0	0.0	0.0	1.0	0.0	0.0	1.0	0.0	2.0	1.0	0.0	0.0	1.0	0.0	0.0	1.0	1.0	0.0	0.0	0.0	2.0	0.0	0.0	0.0	0.0	0.0	0.0	0.0	0.0	0.0	0.0	1.0	0.0	0.0	0.0	0.0	1.0	0.0	0.0	1.0	1.0	0.0	0.0	0.0	0.0	1.0	0.0	0.0	0.0	0.0	0.0	3.0	1.0	1.157142857142857	0.0	7.428571428571429	101.39857142857144	-1.82	-0.2	9.76	108.496	-0.65	-0.25	8.0625	129.89125	7	5	8	7	5	8	sars_cov2
7czq	J	EGPKSITGTAFDI	YSGGS	GFTVSSN	0.0	0.0	1.0	0.0	0.0	0.0	0.0	1.0	0.0	0.0	0.0	0.0	0.0	1.0	0.0	2.0	1.0	0.0	0.0	1.0	0.0	0.0	0.0	0.0	0.0	0.0	0.0	2.0	0.0	0.0	0.0	0.0	0.0	0.0	0.0	2.0	0.0	0.0	1.0	0.0	1.0	0.0	0.0	1.0	0.0	0.0	1.0	2.0	0.0	2.0	0.0	1.0	0.0	1.0	1.0	1.0	2.0	0.0	0.0	0.0	0.1142857142857142	0.0	8.385714285714284	101.53428571428572	-0.74	0.0	8.52	97.488	-0.1461538461538461	-0.0769230769230769	8.669230769230769	104.1146153846154	7	5	13	7	5	13	sars_cov2
7e5o	H	GWDLDYYYGMDV	NHSGS	GGSFSGY	0.0	0.0	0.0	0.0	0.0	0.0	0.0	3.0	0.0	0.0	0.0	0.0	0.0	1.0	0.0	2.0	0.0	0.0	1.0	0.0	0.0	0.0	1.0	0.0	0.0	0.0	0.0	1.0	1.0	0.0	0.0	0.0	0.0	0.0	0.0	2.0	0.0	0.0	0.0	0.0	0.0	0.0	0.0	3.0	0.0	0.0	0.0	2.0	0.0	0.0	1.0	0.0	1.0	0.0	0.0	0.0	0.0	1.0	3.0	1.0	-0.1857142857142857	0.0	8.114285714285714	101.38142857142856	-1.7400000000000002	0.2	9.88	100.092	-0.5166666666666667	-0.25	8.125	126.21833333333332	7	5	12	7	5	12	sars_cov2
7enf	P	DTEDCSSTTCYVDY	SYDGSN	GFTFSSY	0.0	0.0	0.0	0.0	0.0	0.0	0.0	1.0	0.0	0.0	0.0	0.0	0.0	2.0	0.0	2.0	1.0	0.0	1.0	0.0	0.0	0.0	1.0	1.0	0.0	0.0	0.0	1.0	0.0	0.0	0.0	0.0	0.0	0.0	0.0	2.0	0.0	0.0	1.0	0.0	0.0	0.0	0.0	3.0	2.0	0.0	1.0	0.0	0.0	0.0	0.0	0.0	0.0	0.0	0.0	2.0	3.0	0.0	2.0	1.0	0.2285714285714285	0.0	7.514285714285714	115.40857142857143	-1.7166666666666668	-0.1666666666666666	9.7	106.93166666666669	-0.7928571428571428	-0.2857142857142857	8.914285714285715	113.11928571428572	7	6	14	7	6	14	sars_cov2
6xe1	H	DLDVSGGMDV	YSGGS	GVIVSSN	0.0	0.0	1.0	0.0	0.0	0.0	0.0	1.0	0.0	1.0	0.0	0.0	0.0	0.0	0.0	2.0	0.0	0.0	0.0	2.0	0.0	0.0	0.0	0.0	0.0	0.0	0.0	2.0	0.0	0.0	0.0	0.0	0.0	0.0	0.0	2.0	0.0	0.0	1.0	0.0	0.0	0.0	0.0	3.0	0.0	0.0	0.0	2.0	0.0	0.0	1.0	0.0	1.0	0.0	0.0	1.0	0.0	0.0	0.0	2.0	1.0571428571428572	0.0	8.0	96.39142857142858	-0.74	0.0	8.52	97.488	0.2	-0.3	8.86	102.507	7	5	10	7	5	10	sars_cov2
7f7h	C	DLVVYGMDV	YSGGS	GLTVSSN	0.0	0.0	1.0	0.0	0.0	0.0	0.0	1.0	0.0	0.0	1.0	0.0	0.0	0.0	0.0	2.0	1.0	0.0	0.0	1.0	0.0	0.0	0.0	0.0	0.0	0.0	0.0	2.0	0.0	0.0	0.0	0.0	0.0	0.0	0.0	2.0	0.0	0.0	1.0	0.0	0.0	0.0	0.0	2.0	0.0	0.0	0.0	1.0	0.0	0.0	1.0	0.0	1.0	0.0	0.0	0.0	0.0	0.0	1.0	3.0	0.2571428571428571	0.0	8.342857142857143	96.67428571428572	-0.74	0.0	8.52	97.488	1.0666666666666669	-0.2222222222222222	7.722222222222222	112.24	7	5	9	7	5	9	sars_cov2
7kmi	A	EVAGTYDY	YPGGS	GFTVSSN	0.0	0.0	1.0	0.0	0.0	0.0	0.0	1.0	0.0	0.0	0.0	0.0	0.0	1.0	0.0	2.0	1.0	0.0	0.0	1.0	0.0	0.0	0.0	0.0	0.0	0.0	0.0	2.0	0.0	0.0	0.0	0.0	0.0	0.0	1.0	1.0	0.0	0.0	1.0	0.0	1.0	0.0	0.0	1.0	0.0	0.0	1.0	1.0	0.0	0.0	0.0	0.0	0.0	0.0	0.0	0.0	1.0	0.0	2.0	1.0	0.1142857142857142	0.0	8.385714285714284	101.53428571428572	-0.9	0.0	8.28	99.496	-0.5875	-0.25	8.6625	114.6175	7	5	8	7	5	8	sars_cov2
7n3c	H	LSVRVWFGELPHYGMDV	DPSDSN	GYSFSSY	0.0	0.0	0.0	0.0	0.0	0.0	0.0	1.0	0.0	0.0	0.0	0.0	0.0	1.0	0.0	3.0	0.0	0.0	2.0	0.0	0.0	0.0	1.0	2.0	0.0	0.0	0.0	0.0	0.0	0.0	0.0	0.0	0.0	0.0	1.0	2.0	0.0	0.0	0.0	0.0	0.0	1.0	0.0	1.0	0.0	0.0	1.0	2.0	1.0	0.0	2.0	0.0	1.0	1.0	1.0	1.0	0.0	1.0	1.0	3.0	-0.3714285714285715	0.0	7.742857142857142	115.69	-2.283333333333333	-0.3333333333333333	10.666666666666666	102.595	0.2823529411764706	0.0	7.729411764705882	119.01941176470588	7	6	17	7	6	17	sars_cov2
7soa	H	LKDSRYSGSYYDY	RYDGGN	GFTFNSY	0.0	0.0	1.0	0.0	0.0	0.0	0.0	1.0	0.0	0.0	0.0	0.0	0.0	2.0	0.0	1.0	1.0	0.0	1.0	0.0	0.0	1.0	1.0	1.0	0.0	0.0	0.0	2.0	0.0	0.0	0.0	0.0	0.0	0.0	0.0	0.0	0.0	0.0	1.0	0.0	0.0	1.0	0.0	2.0	0.0	0.0	0.0	1.0	0.0	0.0	1.0	1.0	0.0	0.0	0.0	3.0	0.0	0.0	4.0	0.0	-0.1571428571428572	0.0	7.857142857142857	119.27	-2.2666666666666666	0.0	9.883333333333333	116.445	-1.507692307692308	0.0	8.776923076923076	124.36307692307692	7	6	13	7	6	13	sars_cov2
7mf1	H	EGRRYGSGWYISTGYFDY	IPIFGT	GGTFSTY	0.0	0.0	0.0	0.0	0.0	0.0	0.0	2.0	0.0	0.0	0.0	0.0	0.0	1.0	0.0	1.0	2.0	0.0	1.0	0.0	0.0	0.0	0.0	0.0	0.0	0.0	0.0	1.0	0.0	2.0	0.0	0.0	0.0	1.0	1.0	0.0	1.0	0.0	0.0	0.0	0.0	2.0	0.0	1.0	0.0	0.0	1.0	4.0	0.0	1.0	0.0	0.0	0.0	1.0	0.0	2.0	1.0	1.0	4.0	0.0	-0.2142857142857143	0.0	7.971428571428571	107.10857142857142	1.5166666666666666	0.0	6.866666666666667	107.79666666666668	-1.0388888888888888	0.0	8.327777777777778	123.96333333333334	7	6	18	7	6	18	sars_cov2
7fcq	H	EARGYYDRSGYYHPGYFDY	KPSDDS	GYIFTSY	0.0	0.0	0.0	0.0	0.0	0.0	0.0	1.0	0.0	1.0	0.0	0.0	0.0	1.0	0.0	1.0	1.0	0.0	2.0	0.0	0.0	0.0	0.0	2.0	0.0	0.0	0.0	0.0	0.0	0.0	0.0	1.0	0.0	0.0	1.0	2.0	0.0	0.0	0.0	0.0	1.0	2.0	0.0	2.0	0.0	0.0	1.0	3.0	1.0	0.0	0.0	0.0	0.0	1.0	1.0	1.0	0.0	0.0	6.0	0.0	0.3999999999999999	0.0	7.085714285714286	121.42	-2.35	-0.1666666666666666	10.616666666666667	104.94	-1.5526315789473684	0.0	8.65263157894737	127.13210526315792	7	6	19	7	6	19	sars_cov2
7ek0	H	DAAVYGIDV	YAGGS	GLIVSSN	0.0	0.0	1.0	0.0	0.0	0.0	0.0	1.0	0.0	1.0	1.0	0.0	0.0	0.0	0.0	2.0	0.0	0.0	0.0	1.0	1.0	0.0	0.0	0.0	0.0	0.0	0.0	2.0	0.0	0.0	0.0	0.0	0.0	0.0	0.0	1.0	0.0	0.0	1.0	0.0	2.0	0.0	0.0	2.0	0.0	0.0	0.0	1.0	0.0	1.0	0.0	0.0	0.0	0.0	0.0	0.0	0.0	0.0	1.0	2.0	1.0	0.0	7.857142857142857	98.39571428571428	-0.22	0.0	8.3	94.288	0.8666666666666667	-0.2222222222222222	8.266666666666667	102.44333333333331	7	5	9	7	5	9	sars_cov2
7e8m	H	DLVVYGMDV	YSGGS	GITVSSN	0.0	0.0	1.0	0.0	0.0	0.0	0.0	1.0	0.0	1.0	0.0	0.0	0.0	0.0	0.0	2.0	1.0	0.0	0.0	1.0	0.0	0.0	0.0	0.0	0.0	0.0	0.0	2.0	0.0	0.0	0.0	0.0	0.0	0.0	0.0	2.0	0.0	0.0	1.0	0.0	0.0	0.0	0.0	2.0	0.0	0.0	0.0	1.0	0.0	0.0	1.0	0.0	1.0	0.0	0.0	0.0	0.0	0.0	1.0	3.0	0.3571428571428571	0.0	8.385714285714284	96.67428571428572	-0.74	0.0	8.52	97.488	1.0666666666666669	-0.2222222222222222	7.722222222222222	112.24	7	5	9	7	5	9	sars_cov2
7n4j	H	ERPPFDVVVVPAARPYNWFDP	YYIKN	GDSISSSDY	0.0	0.0	0.0	2.0	0.0	0.0	0.0	1.0	0.0	1.0	0.0	0.0	0.0	0.0	0.0	4.0	0.0	0.0	1.0	0.0	0.0	0.0	1.0	0.0	0.0	0.0	0.0	0.0	0.0	1.0	0.0	1.0	0.0	0.0	0.0	0.0	0.0	0.0	2.0	0.0	2.0	2.0	1.0	2.0	0.0	0.0	1.0	0.0	0.0	0.0	0.0	0.0	0.0	2.0	5.0	0.0	0.0	1.0	1.0	4.0	-0.8222222222222223	-0.2222222222222222	9.244444444444444	103.32111111111112	-1.1	0.2	8.1	136.36200000000002	-0.3428571428571428	-0.0476190476190476	8.223809523809523	116.8490476190476	9	5	21	9	5	21	sars_cov2
7beh	H	DMAFSMVRGSFDY	NPNSGG	GYTFTGY	0.0	0.0	0.0	0.0	0.0	0.0	0.0	2.0	0.0	0.0	0.0	0.0	0.0	1.0	0.0	0.0	2.0	0.0	2.0	0.0	0.0	0.0	2.0	0.0	0.0	0.0	0.0	2.0	0.0	0.0	0.0	0.0	0.0	0.0	1.0	1.0	0.0	0.0	0.0	0.0	1.0	1.0	0.0	2.0	0.0	0.0	0.0	1.0	0.0	0.0	0.0	0.0	2.0	2.0	0.0	2.0	0.0	0.0	1.0	1.0	-0.2857142857142857	0.0	7.542857142857143	117.98	-1.7	0.0	9.733333333333333	93.75333333333332	0.0461538461538461	-0.0769230769230769	8.146153846153847	117.36384615384615	7	6	13	7	6	13	sars_cov2
7ps6	H	QIGPKRPSQVADWFDP	YYSGS	GGSITSSNH	0.0	0.0	1.0	0.0	0.0	0.0	0.0	2.0	1.0	1.0	0.0	0.0	0.0	0.0	0.0	3.0	1.0	0.0	0.0	0.0	0.0	0.0	0.0	0.0	0.0	0.0	0.0	1.0	0.0	0.0	0.0	0.0	0.0	0.0	0.0	2.0	0.0	0.0	2.0	0.0	1.0	1.0	0.0	2.0	0.0	2.0	0.0	1.0	0.0	1.0	0.0	1.0	0.0	1.0	3.0	1.0	0.0	1.0	0.0	1.0	-0.6777777777777778	0.1111111111111111	9.044444444444444	97.42888888888888	-0.9200000000000002	0.0	7.959999999999999	115.114	-1.0	0.0	8.8	115.066875	9	5	16	9	5	16	sars_cov2
7bek	H	DLGSGDMDV	YPGGS	GVTVSSN	0.0	0.0	1.0	0.0	0.0	0.0	0.0	1.0	0.0	0.0	0.0	0.0	0.0	0.0	0.0	2.0	1.0	0.0	0.0	2.0	0.0	0.0	0.0	0.0	0.0	0.0	0.0	2.0	0.0	0.0	0.0	0.0	0.0	0.0	1.0	1.0	0.0	0.0	1.0	0.0	0.0	0.0	0.0	3.0	0.0	0.0	0.0	2.0	0.0	0.0	1.0	0.0	1.0	0.0	0.0	1.0	0.0	0.0	0.0	1.0	0.3142857142857143	0.0	8.485714285714286	94.67	-0.9	0.0	8.28	99.496	-0.2444444444444444	-0.3333333333333333	9.18888888888889	102.8822222222222	7	5	9	7	5	9	sars_cov2
7bei	H	DLMVYGIDV	YSGGT	GVTVSSN	0.0	0.0	1.0	0.0	0.0	0.0	0.0	1.0	0.0	0.0	0.0	0.0	0.0	0.0	0.0	2.0	1.0	0.0	0.0	2.0	0.0	0.0	0.0	0.0	0.0	0.0	0.0	2.0	0.0	0.0	0.0	0.0	0.0	0.0	0.0	1.0	1.0	0.0	1.0	0.0	0.0	0.0	0.0	2.0	0.0	0.0	0.0	1.0	0.0	1.0	1.0	0.0	1.0	0.0	0.0	0.0	0.0	0.0	1.0	2.0	0.3142857142857143	0.0	8.485714285714286	94.67	-0.72	0.0	8.4	100.294	1.1	-0.2222222222222222	7.644444444444444	113.7988888888889	7	5	9	7	5	9	sars_cov2
7tly	A	DYTRGAWFGESLIGGFDN	STYNGN	GYPFTSY	0.0	0.0	0.0	0.0	0.0	0.0	0.0	1.0	0.0	0.0	0.0	0.0	0.0	1.0	1.0	1.0	1.0	0.0	2.0	0.0	0.0	0.0	2.0	0.0	0.0	0.0	0.0	1.0	0.0	0.0	0.0	0.0	0.0	0.0	0.0	1.0	1.0	0.0	1.0	0.0	1.0	1.0	1.0	2.0	0.0	0.0	1.0	4.0	0.0	1.0	1.0	0.0	0.0	2.0	0.0	1.0	1.0	1.0	1.0	0.0	-0.4714285714285715	0.0	7.485714285714286	119.12857142857142	-1.7	0.0	9.366666666666664	109.10666666666668	-0.45	-0.1111111111111111	8.577777777777778	114.39722222222224	7	6	18	7	6	18	sars_cov2
7chp	H	DLQEHGMDV	YSGGS	GFTVSSN	0.0	0.0	1.0	0.0	0.0	0.0	0.0	1.0	0.0	0.0	0.0	0.0	0.0	1.0	0.0	2.0	1.0	0.0	0.0	1.0	0.0	0.0	0.0	0.0	0.0	0.0	0.0	2.0	0.0	0.0	0.0	0.0	0.0	0.0	0.0	2.0	0.0	0.0	1.0	0.0	0.0	0.0	0.0	2.0	0.0	1.0	1.0	1.0	1.0	0.0	1.0	0.0	1.0	0.0	0.0	0.0	0.0	0.0	0.0	1.0	0.1142857142857142	0.0	8.385714285714284	101.53428571428572	-0.74	0.0	8.52	97.488	-0.8555555555555556	-0.2222222222222222	9.411111111111111	115.9011111111111	7	5	9	7	5	9	sars_cov2
7n4i	H	LLYYSDSSPLDS	YPGDSD	GYSFISY	0.0	0.0	0.0	0.0	0.0	0.0	0.0	1.0	0.0	1.0	0.0	0.0	0.0	1.0	0.0	2.0	0.0	0.0	2.0	0.0	0.0	0.0	0.0	2.0	0.0	0.0	0.0	1.0	0.0	0.0	0.0	0.0	0.0	0.0	1.0	1.0	0.0	0.0	1.0	0.0	0.0	0.0	0.0	2.0	0.0	0.0	0.0	0.0	0.0	0.0	3.0	0.0	0.0	0.0	1.0	4.0	0.0	0.0	2.0	0.0	0.3857142857142857	0.0	7.171428571428572	119.41571428571427	-1.85	-0.3333333333333333	9.733333333333333	108.76833333333332	-0.25	-0.1666666666666666	8.158333333333333	111.78833333333334	7	6	12	7	6	12	sars_cov2
7l7d	H	PYCSSISCNDGFDI	VIGSGN	GFTFMSS	0.0	0.0	0.0	0.0	0.0	0.0	0.0	1.0	0.0	0.0	0.0	0.0	1.0	2.0	0.0	2.0	1.0	0.0	0.0	0.0	0.0	0.0	1.0	0.0	0.0	0.0	0.0	2.0	0.0	1.0	0.0	0.0	0.0	0.0	0.0	1.0	0.0	0.0	0.0	1.0	0.0	0.0	1.0	2.0	2.0	0.0	0.0	1.0	0.0	2.0	0.0	0.0	0.0	1.0	1.0	3.0	0.0	0.0	1.0	0.0	0.6857142857142857	0.0	7.442857142857143	110.84	0.6	0.0	8.316666666666666	93.93	0.0428571428571428	-0.1428571428571428	8.214285714285714	108.62	7	6	14	7	6	14	sars_cov2
7n3d	H	HSRIEVAGTLDFDY	YYSGN	GGSISSY	0.0	0.0	0.0	0.0	0.0	0.0	0.0	2.0	0.0	1.0	0.0	0.0	0.0	0.0	0.0	3.0	0.0	0.0	1.0	0.0	0.0	0.0	1.0	0.0	0.0	0.0	0.0	1.0	0.0	0.0	0.0	0.0	0.0	0.0	0.0	1.0	0.0	0.0	2.0	0.0	1.0	1.0	0.0	2.0	0.0	0.0	1.0	1.0	1.0	1.0	1.0	0.0	0.0	1.0	0.0	1.0	1.0	0.0	1.0	1.0	-3.1720657846433036e-17	0.0	8.142857142857142	98.24	-1.46	0.0	8.440000000000001	120.52	-0.3071428571428572	-0.0714285714285714	8.678571428571429	115.91142857142856	7	5	14	7	5	14	sars_cov2
7tas	H	DLGRGGWYLPSDA	TWNGGT	GFTFHDH	0.0	0.0	0.0	1.0	0.0	0.0	0.0	1.0	2.0	0.0	0.0	0.0	0.0	2.0	0.0	0.0	1.0	0.0	0.0	0.0	0.0	0.0	1.0	0.0	0.0	0.0	0.0	2.0	0.0	0.0	0.0	0.0	0.0	0.0	0.0	0.0	2.0	1.0	0.0	0.0	1.0	1.0	0.0	2.0	0.0	0.0	0.0	3.0	0.0	0.0	2.0	0.0	0.0	0.0	1.0	1.0	0.0	1.0	1.0	0.0	-0.7714285714285715	0.1428571428571428	8.828571428571427	122.84142857142857	-1.1	0.0	8.700000000000001	108.775	-0.6076923076923078	-0.0769230769230769	8.476923076923077	110.96307692307693	7	6	13	7	6	13	sars_cov2
