pdb	heavy_chain	CDR_H3	CDR_H2	CDR_H1	CDR_H1_count_A	CDR_H1_count_R	CDR_H1_count_N	CDR_H1_count_D	CDR_H1_count_C	CDR_H1_count_Q	CDR_H1_count_E	CDR_H1_count_G	CDR_H1_count_H	CDR_H1_count_I	CDR_H1_count_L	CDR_H1_count_K	CDR_H1_count_M	CDR_H1_count_F	CDR_H1_count_P	CDR_H1_count_S	CDR_H1_count_T	CDR_H1_count_W	CDR_H1_count_Y	CDR_H1_count_V	CDR_H2_count_A	CDR_H2_count_R	CDR_H2_count_N	CDR_H2_count_D	CDR_H2_count_C	CDR_H2_count_Q	CDR_H2_count_E	CDR_H2_count_G	CDR_H2_count_H	CDR_H2_count_I	CDR_H2_count_L	CDR_H2_count_K	CDR_H2_count_M	CDR_H2_count_F	CDR_H2_count_P	CDR_H2_count_S	CDR_H2_count_T	CDR_H2_count_W	CDR_H2_count_Y	CDR_H2_count_V	CDR_H3_count_A	CDR_H3_count_R	CDR_H3_count_N	CDR_H3_count_D	CDR_H3_count_C	CDR_H3_count_Q	CDR_H3_count_E	CDR_H3_count_G	CDR_H3_count_H	CDR_H3_count_I	CDR_H3_count_L	CDR_H3_count_K	CDR_H3_count_M	CDR_H3_count_F	CDR_H3_count_P	CDR_H3_count_S	CDR_H3_count_T	CDR_H3_count_W	CDR_H3_count_Y	CDR_H3_count_V	CDR_H1_mean_hydrophobicity	CDR_H1_mean_charge	CDR_H1_mean_polarity	CDR_H1_mean_mass	CDR_H2_mean_hydrophobicity	CDR_H2_mean_charge	CDR_H2_mean_polarity	CDR_H2_mean_mass	CDR_H3_mean_hydrophobicity	CDR_H3_mean_charge	CDR_H3_mean_polarity	CDR_H3_mean_mass	cdr_h1_length	cdr_h2_length	cdr_h3_length	CDR_H1_length	CDR_H2_length	CDR_H3_length
9cci	B	TFGTYYDNTEDWFFDF	YGGDSD	GYSFSSF	0.0	0.0	0.0	0.0	0.0	0.0	0.0	1.0	0.0	0.0	0.0	0.0	0.0	2.0	0.0	3.0	0.0	0.0	1.0	0.0	0.0	0.0	0.0	2.0	0.0	0.0	0.0	2.0	0.0	0.0	0.0	0.0	0.0	0.0	0.0	1.0	0.0	0.0	1.0	0.0	0.0	0.0	1.0	3.0	0.0	0.0	1.0	1.0	0.0	0.0	0.0	0.0	0.0	4.0	0.0	0.0	3.0	1.0	2.0	0.0	0.2142857142857142	0.0	7.6	113.40428571428572	-1.65	-0.3333333333333333	9.9	105.09	-0.76875	-0.25	8.51875	129.26125	7	6	16	7	6	16
9ccj	H	LPLGERIDY	YYSGT	GGSINTNMY	0.0	0.0	2.0	0.0	0.0	0.0	0.0	2.0	0.0	1.0	0.0	0.0	1.0	0.0	0.0	1.0	1.0	0.0	1.0	0.0	0.0	0.0	0.0	0.0	0.0	0.0	0.0	1.0	0.0	0.0	0.0	0.0	0.0	0.0	0.0	1.0	1.0	0.0	2.0	0.0	0.0	1.0	0.0	1.0	0.0	0.0	1.0	1.0	0.0	1.0	2.0	0.0	0.0	0.0	1.0	0.0	0.0	0.0	1.0	0.0	-0.4666666666666667	0.0	8.455555555555556	108.22777777777776	-0.9	0.0	7.840000000000001	117.92	-0.3	-0.1111111111111111	8.222222222222221	119.47	9	5	9	9	5	9
9bj2	H	HNGDPYDFWSGYNTWAGGLDV	IPFLDV	GVIFSRN	0.0	1.0	1.0	0.0	0.0	0.0	0.0	1.0	0.0	1.0	0.0	0.0	0.0	1.0	0.0	1.0	0.0	0.0	0.0	1.0	0.0	0.0	0.0	1.0	0.0	0.0	0.0	0.0	0.0	1.0	1.0	0.0	0.0	1.0	1.0	0.0	0.0	0.0	0.0	1.0	1.0	0.0	2.0	3.0	0.0	0.0	0.0	4.0	1.0	0.0	1.0	0.0	0.0	1.0	1.0	1.0	1.0	2.0	2.0	1.0	0.3285714285714285	0.1428571428571428	8.085714285714285	113.12857142857142	1.7	-0.1666666666666666	7.033333333333334	114.14	-0.819047619047619	-0.0952380952380952	8.652380952380952	115.4995238095238	7	6	21	7	6	21
9bj3	C	VPQAGAAQGHYYYYYGMDV	IPILGI	GGTFINY	0.0	0.0	1.0	0.0	0.0	0.0	0.0	2.0	0.0	1.0	0.0	0.0	0.0	1.0	0.0	0.0	1.0	0.0	1.0	0.0	0.0	0.0	0.0	0.0	0.0	0.0	0.0	1.0	0.0	3.0	1.0	0.0	0.0	0.0	1.0	0.0	0.0	0.0	0.0	0.0	3.0	0.0	0.0	1.0	0.0	2.0	0.0	3.0	1.0	0.0	0.0	0.0	1.0	0.0	1.0	0.0	0.0	0.0	5.0	2.0	0.1428571428571428	0.0	7.828571428571428	112.69142857142856	2.55	0.0	6.25	104.135	-0.3842105263157894	0.0	8.010526315789473	115.22947368421052	7	6	19	7	6	19
8z6r	E	QGDLGDWILLGY	YPGDSD	GYTFSYY	0.0	0.0	0.0	0.0	0.0	0.0	0.0	1.0	0.0	0.0	0.0	0.0	0.0	1.0	0.0	1.0	1.0	0.0	3.0	0.0	0.0	0.0	0.0	2.0	0.0	0.0	0.0	1.0	0.0	0.0	0.0	0.0	0.0	0.0	1.0	1.0	0.0	0.0	1.0	0.0	0.0	0.0	0.0	2.0	0.0	1.0	0.0	3.0	0.0	1.0	3.0	0.0	0.0	0.0	0.0	0.0	0.0	1.0	1.0	0.0	-0.4285714285714286	0.0	7.228571428571429	128.56571428571428	-1.85	-0.3333333333333333	9.733333333333333	108.76833333333332	0.1666666666666666	-0.1666666666666666	7.916666666666667	115.45833333333331	7	6	12	7	6	12
8z6s	E	QGDLGDWILLGY	YPGDSD	GYTFSYY	0.0	0.0	0.0	0.0	0.0	0.0	0.0	1.0	0.0	0.0	0.0	0.0	0.0	1.0	0.0	1.0	1.0	0.0	3.0	0.0	0.0	0.0	0.0	2.0	0.0	0.0	0.0	1.0	0.0	0.0	0.0	0.0	0.0	0.0	1.0	1.0	0.0	0.0	1.0	0.0	0.0	0.0	0.0	2.0	0.0	1.0	0.0	3.0	0.0	1.0	3.0	0.0	0.0	0.0	0.0	0.0	0.0	1.0	1.0	0.0	-0.4285714285714286	0.0	7.228571428571429	128.56571428571428	-1.85	-0.3333333333333333	9.733333333333333	108.76833333333332	0.1666666666666666	-0.1666666666666666	7.916666666666667	115.45833333333331	7	6	12	7	6	12
8z6t	B	QGDLGDWILLGY	YPGDSD	GYTFSYY	0.0	0.0	0.0	0.0	0.0	0.0	0.0	1.0	0.0	0.0	0.0	0.0	0.0	1.0	0.0	1.0	1.0	0.0	3.0	0.0	0.0	0.0	0.0	2.0	0.0	0.0	0.0	1.0	0.0	0.0	0.0	0.0	0.0	0.0	1.0	1.0	0.0	0.0	1.0	0.0	0.0	0.0	0.0	2.0	0.0	1.0	0.0	3.0	0.0	1.0	3.0	0.0	0.0	0.0	0.0	0.0	0.0	1.0	1.0	0.0	-0.4285714285714286	0.0	7.228571428571429	128.56571428571428	-1.85	-0.3333333333333333	9.733333333333333	108.76833333333332	0.1666666666666666	-0.1666666666666666	7.916666666666667	115.45833333333331	7	6	12	7	6	12
8z6w	G	QGDLGDWILLGY	YPGDSD	GYTFSYY	0.0	0.0	0.0	0.0	0.0	0.0	0.0	1.0	0.0	0.0	0.0	0.0	0.0	1.0	0.0	1.0	1.0	0.0	3.0	0.0	0.0	0.0	0.0	2.0	0.0	0.0	0.0	1.0	0.0	0.0	0.0	0.0	0.0	0.0	1.0	1.0	0.0	0.0	1.0	0.0	0.0	0.0	0.0	2.0	0.0	1.0	0.0	3.0	0.0	1.0	3.0	0.0	0.0	0.0	0.0	0.0	0.0	1.0	1.0	0.0	-0.4285714285714286	0.0	7.228571428571429	128.56571428571428	-1.85	-0.3333333333333333	9.733333333333333	108.76833333333332	0.1666666666666666	-0.1666666666666666	7.916666666666667	115.45833333333331	7	6	12	7	6	12
8z6x	B	QGDLGDWILLGY	YPGDSD	GYTFSYY	0.0	0.0	0.0	0.0	0.0	0.0	0.0	1.0	0.0	0.0	0.0	0.0	0.0	1.0	0.0	1.0	1.0	0.0	3.0	0.0	0.0	0.0	0.0	2.0	0.0	0.0	0.0	1.0	0.0	0.0	0.0	0.0	0.0	0.0	1.0	1.0	0.0	0.0	1.0	0.0	0.0	0.0	0.0	2.0	0.0	1.0	0.0	3.0	0.0	1.0	3.0	0.0	0.0	0.0	0.0	0.0	0.0	1.0	1.0	0.0	-0.4285714285714286	0.0	7.228571428571429	128.56571428571428	-1.85	-0.3333333333333333	9.733333333333333	108.76833333333332	0.1666666666666666	-0.1666666666666666	7.916666666666667	115.45833333333331	7	6	12	7	6	12
8v5v	b	CGARSYYYDSGDYCAFDI	NPNSGG	GYTFTGY	0.0	0.0	0.0	0.0	0.0	0.0	0.0	2.0	0.0	0.0	0.0	0.0	0.0	1.0	0.0	0.0	2.0	0.0	2.0	0.0	0.0	0.0	2.0	0.0	0.0	0.0	0.0	2.0	0.0	0.0	0.0	0.0	0.0	0.0	1.0	1.0	0.0	0.0	0.0	0.0	2.0	1.0	0.0	3.0	2.0	0.0	0.0	2.0	0.0	1.0	0.0	0.0	0.0	1.0	0.0	2.0	0.0	0.0	4.0	0.0	-0.2857142857142857	0.0	7.542857142857143	117.98	-1.7	0.0	9.733333333333333	93.75333333333332	-0.3722222222222222	-0.1111111111111111	8.238888888888889	115.9577777777778	7	6	18	7	6	18
9c44	H	LKDSRYSGSYYDY	RYDGGN	GFTFNSY	0.0	0.0	1.0	0.0	0.0	0.0	0.0	1.0	0.0	0.0	0.0	0.0	0.0	2.0	0.0	1.0	1.0	0.0	1.0	0.0	0.0	1.0	1.0	1.0	0.0	0.0	0.0	2.0	0.0	0.0	0.0	0.0	0.0	0.0	0.0	0.0	0.0	0.0	1.0	0.0	0.0	1.0	0.0	2.0	0.0	0.0	0.0	1.0	0.0	0.0	1.0	1.0	0.0	0.0	0.0	3.0	0.0	0.0	4.0	0.0	-0.1571428571428572	0.0	7.857142857142857	119.27	-2.2666666666666666	0.0	9.883333333333333	116.445	-1.507692307692308	0.0	8.776923076923076	124.36307692307692	7	6	13	7	6	13
9c45	H	LKDSRYSGSYYDY	RYDGGN	GFTFNSY	0.0	0.0	1.0	0.0	0.0	0.0	0.0	1.0	0.0	0.0	0.0	0.0	0.0	2.0	0.0	1.0	1.0	0.0	1.0	0.0	0.0	1.0	1.0	1.0	0.0	0.0	0.0	2.0	0.0	0.0	0.0	0.0	0.0	0.0	0.0	0.0	0.0	0.0	1.0	0.0	0.0	1.0	0.0	2.0	0.0	0.0	0.0	1.0	0.0	0.0	1.0	1.0	0.0	0.0	0.0	3.0	0.0	0.0	4.0	0.0	-0.1571428571428572	0.0	7.857142857142857	119.27	-2.2666666666666666	0.0	9.883333333333333	116.445	-1.507692307692308	0.0	8.776923076923076	124.36307692307692	7	6	13	7	6	13
8wyj	Q	LFPNGDPNSPEDGFDI	IPLFGT	GGTFRSH	0.0	1.0	0.0	0.0	0.0	0.0	0.0	2.0	1.0	0.0	0.0	0.0	0.0	1.0	0.0	1.0	1.0	0.0	0.0	0.0	0.0	0.0	0.0	0.0	0.0	0.0	0.0	1.0	0.0	1.0	1.0	0.0	0.0	1.0	1.0	0.0	1.0	0.0	0.0	0.0	0.0	0.0	2.0	3.0	0.0	0.0	1.0	2.0	0.0	1.0	1.0	0.0	0.0	2.0	3.0	1.0	0.0	0.0	0.0	0.0	-1.0285714285714287	0.2857142857142857	8.842857142857143	111.25714285714284	1.4	0.0	6.816666666666666	107.79666666666668	-0.84375	-0.25	9.1375	109.489375	7	6	16	7	6	16
8s6m	H	DYYPLLSYYYGLDV	AYDGSN	GITFSSF	0.0	0.0	0.0	0.0	0.0	0.0	0.0	1.0	0.0	1.0	0.0	0.0	0.0	2.0	0.0	2.0	1.0	0.0	0.0	0.0	1.0	0.0	1.0	1.0	0.0	0.0	0.0	1.0	0.0	0.0	0.0	0.0	0.0	0.0	0.0	1.0	0.0	0.0	1.0	0.0	0.0	0.0	0.0	2.0	0.0	0.0	0.0	1.0	0.0	0.0	3.0	0.0	0.0	0.0	1.0	1.0	0.0	0.0	5.0	1.0	1.0571428571428572	0.0	7.371428571428572	108.26285714285714	-1.2833333333333334	-0.1666666666666666	9.516666666666667	104.265	-0.05	-0.1428571428571428	7.414285714285714	124.56714285714284	7	6	14	7	6	14
9au2	D	DYYPLLSYYYGLDV	AYDGSD	GITFSSF	0.0	0.0	0.0	0.0	0.0	0.0	0.0	1.0	0.0	1.0	0.0	0.0	0.0	2.0	0.0	2.0	1.0	0.0	0.0	0.0	1.0	0.0	0.0	2.0	0.0	0.0	0.0	1.0	0.0	0.0	0.0	0.0	0.0	0.0	0.0	1.0	0.0	0.0	1.0	0.0	0.0	0.0	0.0	2.0	0.0	0.0	0.0	1.0	0.0	0.0	3.0	0.0	0.0	0.0	1.0	1.0	0.0	0.0	5.0	1.0	1.0571428571428572	0.0	7.371428571428572	108.26285714285714	-1.2833333333333334	-0.3333333333333333	9.75	104.42833333333334	-0.05	-0.1428571428571428	7.414285714285714	124.56714285714284	7	6	14	7	6	14
8wpw	A	DYTRGAWFGESLIGGFDN	STYNGN	GYPFTSY	0.0	0.0	0.0	0.0	0.0	0.0	0.0	1.0	0.0	0.0	0.0	0.0	0.0	1.0	1.0	1.0	1.0	0.0	2.0	0.0	0.0	0.0	2.0	0.0	0.0	0.0	0.0	1.0	0.0	0.0	0.0	0.0	0.0	0.0	0.0	1.0	1.0	0.0	1.0	0.0	1.0	1.0	1.0	2.0	0.0	0.0	1.0	4.0	0.0	1.0	1.0	0.0	0.0	2.0	0.0	1.0	1.0	1.0	1.0	0.0	-0.4714285714285715	0.0	7.485714285714286	119.12857142857142	-1.7	0.0	9.366666666666664	109.10666666666668	-0.45	-0.1111111111111111	8.577777777777778	114.39722222222224	7	6	18	7	6	18
8wpy	A	DYTRGAWFGESLIGGFDN	STYNGN	GYPFTSY	0.0	0.0	0.0	0.0	0.0	0.0	0.0	1.0	0.0	0.0	0.0	0.0	0.0	1.0	1.0	1.0	1.0	0.0	2.0	0.0	0.0	0.0	2.0	0.0	0.0	0.0	0.0	1.0	0.0	0.0	0.0	0.0	0.0	0.0	0.0	1.0	1.0	0.0	1.0	0.0	1.0	1.0	1.0	2.0	0.0	0.0	1.0	4.0	0.0	1.0	1.0	0.0	0.0	2.0	0.0	1.0	1.0	1.0	1.0	0.0	-0.4714285714285715	0.0	7.485714285714286	119.12857142857142	-1.7	0.0	9.366666666666664	109.10666666666668	-0.45	-0.1111111111111111	8.577777777777778	114.39722222222224	7	6	18	7	6	18
9atm	H	DYYPLLSYYYGLDV	AYDGSD	GITFSSF	0.0	0.0	0.0	0.0	0.0	0.0	0.0	1.0	0.0	1.0	0.0	0.0	0.0	2.0	0.0	2.0	1.0	0.0	0.0	0.0	1.0	0.0	0.0	2.0	0.0	0.0	0.0	1.0	0.0	0.0	0.0	0.0	0.0	0.0	0.0	1.0	0.0	0.0	1.0	0.0	0.0	0.0	0.0	2.0	0.0	0.0	0.0	1.0	0.0	0.0	3.0	0.0	0.0	0.0	1.0	1.0	0.0	0.0	5.0	1.0	1.0571428571428572	0.0	7.371428571428572	108.26285714285714	-1.2833333333333334	-0.3333333333333333	9.75	104.42833333333334	-0.05	-0.1428571428571428	7.414285714285714	124.56714285714284	7	6	14	7	6	14
9au1	M	DYTRGAWFGESLIGGFDN	STYNGN	GYPFTSY	0.0	0.0	0.0	0.0	0.0	0.0	0.0	1.0	0.0	0.0	0.0	0.0	0.0	1.0	1.0	1.0	1.0	0.0	2.0	0.0	0.0	0.0	2.0	0.0	0.0	0.0	0.0	1.0	0.0	0.0	0.0	0.0	0.0	0.0	0.0	1.0	1.0	0.0	1.0	0.0	1.0	1.0	1.0	2.0	0.0	0.0	1.0	4.0	0.0	1.0	1.0	0.0	0.0	2.0	0.0	1.0	1.0	1.0	1.0	0.0	-0.4714285714285715	0.0	7.485714285714286	119.12857142857142	-1.7	0.0	9.366666666666664	109.10666666666668	-0.45	-0.1111111111111111	8.577777777777778	114.39722222222224	7	6	18	7	6	18
8keh	G	DLFFIPAANSFDY	NPDAGS	GYTFTDH	0.0	0.0	0.0	1.0	0.0	0.0	0.0	1.0	1.0	0.0	0.0	0.0	0.0	1.0	0.0	0.0	2.0	0.0	1.0	0.0	1.0	0.0	1.0	1.0	0.0	0.0	0.0	1.0	0.0	0.0	0.0	0.0	0.0	0.0	1.0	1.0	0.0	0.0	0.0	0.0	2.0	0.0	1.0	2.0	0.0	0.0	0.0	0.0	0.0	1.0	1.0	0.0	0.0	3.0	1.0	1.0	0.0	0.0	1.0	0.0	-1.0	0.0	8.714285714285714	119.98	-1.3333333333333333	-0.1666666666666666	9.816666666666666	93.255	0.4692307692307692	-0.1538461538461538	7.915384615384616	115.51461538461538	7	6	13	7	6	13
8zhe	H	GQLGPWVGVDY	KQDGSE	GFTFSSY	0.0	0.0	0.0	0.0	0.0	0.0	0.0	1.0	0.0	0.0	0.0	0.0	0.0	2.0	0.0	2.0	1.0	0.0	1.0	0.0	0.0	0.0	0.0	1.0	0.0	1.0	1.0	1.0	0.0	0.0	0.0	1.0	0.0	0.0	0.0	1.0	0.0	0.0	0.0	0.0	0.0	0.0	0.0	1.0	0.0	1.0	0.0	3.0	0.0	0.0	1.0	0.0	0.0	0.0	1.0	0.0	0.0	1.0	1.0	2.0	0.2285714285714285	0.0	7.514285714285714	115.40857142857143	-2.6	-0.1666666666666666	10.883333333333333	110.44166666666666	0.0181818181818181	-0.0909090909090909	7.890909090909091	111.48272727272727	7	6	11	7	6	11
8kdm	E	DLFFIPAANSFDY	NPDAGS	GYTFTDH	0.0	0.0	0.0	1.0	0.0	0.0	0.0	1.0	1.0	0.0	0.0	0.0	0.0	1.0	0.0	0.0	2.0	0.0	1.0	0.0	1.0	0.0	1.0	1.0	0.0	0.0	0.0	1.0	0.0	0.0	0.0	0.0	0.0	0.0	1.0	1.0	0.0	0.0	0.0	0.0	2.0	0.0	1.0	2.0	0.0	0.0	0.0	0.0	0.0	1.0	1.0	0.0	0.0	3.0	1.0	1.0	0.0	0.0	1.0	0.0	-1.0	0.0	8.714285714285714	119.98	-1.3333333333333333	-0.1666666666666666	9.816666666666666	93.255	0.4692307692307692	-0.1538461538461538	7.915384615384616	115.51461538461538	7	6	13	7	6	13
8kds	E	GDASPDNIYYYMDV	GTSGD	GFTFRNY	0.0	1.0	1.0	0.0	0.0	0.0	0.0	1.0	0.0	0.0	0.0	0.0	0.0	2.0	0.0	0.0	1.0	0.0	1.0	0.0	0.0	0.0	0.0	1.0	0.0	0.0	0.0	2.0	0.0	0.0	0.0	0.0	0.0	0.0	0.0	1.0	1.0	0.0	0.0	0.0	1.0	0.0	1.0	3.0	0.0	0.0	0.0	1.0	0.0	1.0	0.0	0.0	1.0	0.0	1.0	1.0	0.0	0.0	3.0	1.0	-0.6857142857142858	0.1428571428571428	8.042857142857143	129.14285714285714	-1.16	-0.2	9.76	90.676	-0.5928571428571429	-0.2142857142857142	8.592857142857143	115.91	7	5	14	7	5	14
8kdt	H	DLFFIPAANSFDY	NPDAGS	GYTFTDH	0.0	0.0	0.0	1.0	0.0	0.0	0.0	1.0	1.0	0.0	0.0	0.0	0.0	1.0	0.0	0.0	2.0	0.0	1.0	0.0	1.0	0.0	1.0	1.0	0.0	0.0	0.0	1.0	0.0	0.0	0.0	0.0	0.0	0.0	1.0	1.0	0.0	0.0	0.0	0.0	2.0	0.0	1.0	2.0	0.0	0.0	0.0	0.0	0.0	1.0	1.0	0.0	0.0	3.0	1.0	1.0	0.0	0.0	1.0	0.0	-1.0	0.0	8.714285714285714	119.98	-1.3333333333333333	-0.1666666666666666	9.816666666666666	93.255	0.4692307692307692	-0.1538461538461538	7.915384615384616	115.51461538461538	7	6	13	7	6	13
8keo	E	PHCNRTNCHDGFDI	VFGSSN	VFSFDTS	0.0	0.0	0.0	1.0	0.0	0.0	0.0	0.0	0.0	0.0	0.0	0.0	0.0	2.0	0.0	2.0	1.0	0.0	0.0	1.0	0.0	0.0	1.0	0.0	0.0	0.0	0.0	1.0	0.0	0.0	0.0	0.0	0.0	1.0	0.0	2.0	0.0	0.0	0.0	1.0	0.0	1.0	2.0	2.0	2.0	0.0	0.0	1.0	2.0	1.0	0.0	0.0	0.0	1.0	1.0	0.0	1.0	0.0	0.0	0.0	0.5714285714285714	-0.1428571428571428	8.042857142857143	111.97857142857144	0.25	0.0	8.35	101.605	-1.092857142857143	0.0714285714285714	9.107142857142858	116.34214285714286	7	6	14	7	6	14
8kep	H	PHCNRTNCHDGFDI	VFGSSN	VFSFDTS	0.0	0.0	0.0	1.0	0.0	0.0	0.0	0.0	0.0	0.0	0.0	0.0	0.0	2.0	0.0	2.0	1.0	0.0	0.0	1.0	0.0	0.0	1.0	0.0	0.0	0.0	0.0	1.0	0.0	0.0	0.0	0.0	0.0	1.0	0.0	2.0	0.0	0.0	0.0	1.0	0.0	1.0	2.0	2.0	2.0	0.0	0.0	1.0	2.0	1.0	0.0	0.0	0.0	1.0	1.0	0.0	1.0	0.0	0.0	0.0	0.5714285714285714	-0.1428571428571428	8.042857142857143	111.97857142857144	0.25	0.0	8.35	101.605	-1.092857142857143	0.0714285714285714	9.107142857142858	116.34214285714286	7	6	14	7	6	14
8keq	E	DLFFIPAANSFDY	NPDAGS	GYTFTDH	0.0	0.0	0.0	1.0	0.0	0.0	0.0	1.0	1.0	0.0	0.0	0.0	0.0	1.0	0.0	0.0	2.0	0.0	1.0	0.0	1.0	0.0	1.0	1.0	0.0	0.0	0.0	1.0	0.0	0.0	0.0	0.0	0.0	0.0	1.0	1.0	0.0	0.0	0.0	0.0	2.0	0.0	1.0	2.0	0.0	0.0	0.0	0.0	0.0	1.0	1.0	0.0	0.0	3.0	1.0	1.0	0.0	0.0	1.0	0.0	-1.0	0.0	8.714285714285714	119.98	-1.3333333333333333	-0.1666666666666666	9.816666666666666	93.255	0.4692307692307692	-0.1538461538461538	7.915384615384616	115.51461538461538	7	6	13	7	6	13
8ker	I	GDASPDNIYYYMDV	GTSGD	GFTFRNY	0.0	1.0	1.0	0.0	0.0	0.0	0.0	1.0	0.0	0.0	0.0	0.0	0.0	2.0	0.0	0.0	1.0	0.0	1.0	0.0	0.0	0.0	0.0	1.0	0.0	0.0	0.0	2.0	0.0	0.0	0.0	0.0	0.0	0.0	0.0	1.0	1.0	0.0	0.0	0.0	1.0	0.0	1.0	3.0	0.0	0.0	0.0	1.0	0.0	1.0	0.0	0.0	1.0	0.0	1.0	1.0	0.0	0.0	3.0	1.0	-0.6857142857142858	0.1428571428571428	8.042857142857143	129.14285714285714	-1.16	-0.2	9.76	90.676	-0.5928571428571429	-0.2142857142857142	8.592857142857143	115.91	7	5	14	7	5	14
8sdh	H	GGIAVASGAFDI	YPGDSD	GYTFTRH	0.0	1.0	0.0	0.0	0.0	0.0	0.0	1.0	1.0	0.0	0.0	0.0	0.0	1.0	0.0	0.0	2.0	0.0	1.0	0.0	0.0	0.0	0.0	2.0	0.0	0.0	0.0	1.0	0.0	0.0	0.0	0.0	0.0	0.0	1.0	1.0	0.0	0.0	1.0	0.0	3.0	0.0	0.0	1.0	0.0	0.0	0.0	3.0	0.0	2.0	0.0	0.0	0.0	1.0	0.0	1.0	0.0	0.0	0.0	1.0	-1.1428571428571428	0.2857142857142857	8.357142857142858	125.85142857142856	-1.85	-0.3333333333333333	9.733333333333333	108.76833333333332	1.325	-0.0833333333333333	7.916666666666667	92.76583333333332	7	6	12	7	6	12
8vcr	D	GFLGYCAGGSCFLNWLDP	YYNGR	GDSISNSSY	0.0	0.0	1.0	1.0	0.0	0.0	0.0	1.0	0.0	1.0	0.0	0.0	0.0	0.0	0.0	4.0	0.0	0.0	1.0	0.0	0.0	1.0	1.0	0.0	0.0	0.0	0.0	1.0	0.0	0.0	0.0	0.0	0.0	0.0	0.0	0.0	0.0	0.0	2.0	0.0	1.0	0.0	1.0	1.0	2.0	0.0	0.0	4.0	0.0	0.0	3.0	0.0	0.0	2.0	1.0	1.0	0.0	1.0	1.0	0.0	-0.8222222222222223	-0.1111111111111111	9.088888888888889	103.21222222222222	-2.2	0.2	8.7	134.342	0.5888888888888889	-0.0555555555555555	7.422222222222222	109.67888888888888	9	5	18	9	5	18
8yww	H	DSYYDILTGYSGAFDM	NWNGDN	GLKFDDF	0.0	0.0	0.0	2.0	0.0	0.0	0.0	1.0	0.0	0.0	1.0	1.0	0.0	2.0	0.0	0.0	0.0	0.0	0.0	0.0	0.0	0.0	3.0	1.0	0.0	0.0	0.0	1.0	0.0	0.0	0.0	0.0	0.0	0.0	0.0	0.0	0.0	1.0	0.0	0.0	1.0	0.0	0.0	3.0	0.0	0.0	0.0	2.0	0.0	1.0	1.0	0.0	1.0	1.0	0.0	2.0	1.0	0.0	3.0	0.0	-0.2714285714285714	-0.1428571428571428	8.8	120.13285714285716	-2.5500000000000003	-0.1666666666666666	10.366666666666667	119.78166666666668	-0.16875	-0.1875	8.23125	114.7475	7	6	16	7	6	16
8vif	H	LANYDFWSGYSRFSAQFDN	FSNDE	GFSLSNVGM	0.0	0.0	1.0	0.0	0.0	0.0	0.0	2.0	0.0	0.0	1.0	0.0	1.0	1.0	0.0	2.0	0.0	0.0	0.0	1.0	0.0	0.0	1.0	1.0	0.0	0.0	1.0	0.0	0.0	0.0	0.0	0.0	0.0	1.0	0.0	1.0	0.0	0.0	0.0	0.0	2.0	1.0	2.0	2.0	0.0	1.0	0.0	1.0	0.0	0.0	1.0	0.0	0.0	3.0	0.0	3.0	0.0	1.0	2.0	0.0	0.7555555555555555	0.0	7.7444444444444445	103.22666666666666	-1.7	-0.4	10.26	118.516	-0.6578947368421053	-0.0526315789473684	8.489473684210527	120.44473684210526	9	5	19	9	5	19
8vke	H	LANYDFWSGYSRFSAQFDN	FSNDE	GFSLSNVGM	0.0	0.0	1.0	0.0	0.0	0.0	0.0	2.0	0.0	0.0	1.0	0.0	1.0	1.0	0.0	2.0	0.0	0.0	0.0	1.0	0.0	0.0	1.0	1.0	0.0	0.0	1.0	0.0	0.0	0.0	0.0	0.0	0.0	1.0	0.0	1.0	0.0	0.0	0.0	0.0	2.0	1.0	2.0	2.0	0.0	1.0	0.0	1.0	0.0	0.0	1.0	0.0	0.0	3.0	0.0	3.0	0.0	1.0	2.0	0.0	0.7555555555555555	0.0	7.7444444444444445	103.22666666666666	-1.7	-0.4	10.26	118.516	-0.6578947368421053	-0.0526315789473684	8.489473684210527	120.44473684210526	9	5	19	9	5	19
8q5y	R	DLGTYDDS	SYDGIT	GFTFSNY	0.0	0.0	1.0	0.0	0.0	0.0	0.0	1.0	0.0	0.0	0.0	0.0	0.0	2.0	0.0	1.0	1.0	0.0	1.0	0.0	0.0	0.0	0.0	1.0	0.0	0.0	0.0	1.0	0.0	1.0	0.0	0.0	0.0	0.0	0.0	1.0	1.0	0.0	1.0	0.0	0.0	0.0	0.0	3.0	0.0	0.0	0.0	1.0	0.0	0.0	1.0	0.0	0.0	0.0	0.0	1.0	1.0	0.0	1.0	0.0	-0.1571428571428572	0.0	7.857142857142857	119.27	-0.3666666666666667	-0.1666666666666666	8.533333333333333	109.11166666666666	-1.2375	-0.375	9.6125	110.60625	7	6	8	7	6	8
8xse	H	DHLITMVQPEYFHH	SGSGGS	GFTFSSY	0.0	0.0	0.0	0.0	0.0	0.0	0.0	1.0	0.0	0.0	0.0	0.0	0.0	2.0	0.0	2.0	1.0	0.0	1.0	0.0	0.0	0.0	0.0	0.0	0.0	0.0	0.0	3.0	0.0	0.0	0.0	0.0	0.0	0.0	0.0	3.0	0.0	0.0	0.0	0.0	0.0	0.0	0.0	1.0	0.0	1.0	1.0	0.0	3.0	1.0	1.0	0.0	1.0	1.0	1.0	0.0	1.0	0.0	1.0	1.0	0.2285714285714285	0.0	7.514285714285714	115.40857142857143	-0.6	0.0	9.1	81.065	-0.4642857142857143	0.0714285714285714	8.335714285714285	124.92857142857144	7	6	14	7	6	14
8xsf	H	QEGTYCSGGSCYSGLDY	WYDGSN	GFTFSRY	0.0	1.0	0.0	0.0	0.0	0.0	0.0	1.0	0.0	0.0	0.0	0.0	0.0	2.0	0.0	1.0	1.0	0.0	1.0	0.0	0.0	0.0	1.0	1.0	0.0	0.0	0.0	1.0	0.0	0.0	0.0	0.0	0.0	0.0	0.0	1.0	0.0	1.0	1.0	0.0	0.0	0.0	0.0	1.0	2.0	1.0	1.0	4.0	0.0	0.0	1.0	0.0	0.0	0.0	0.0	3.0	1.0	0.0	3.0	0.0	-0.3000000000000001	0.1428571428571428	7.7	125.28142857142858	-1.7333333333333334	-0.1666666666666666	9.066666666666666	123.455	-0.6058823529411765	-0.1176470588235294	8.382352941176471	108.46411764705884	7	6	17	7	6	17
8xsi	H	QEGTYCSGGSCYSGLDY	WYDGSN	GFTFSRY	0.0	1.0	0.0	0.0	0.0	0.0	0.0	1.0	0.0	0.0	0.0	0.0	0.0	2.0	0.0	1.0	1.0	0.0	1.0	0.0	0.0	0.0	1.0	1.0	0.0	0.0	0.0	1.0	0.0	0.0	0.0	0.0	0.0	0.0	0.0	1.0	0.0	1.0	1.0	0.0	0.0	0.0	0.0	1.0	2.0	1.0	1.0	4.0	0.0	0.0	1.0	0.0	0.0	0.0	0.0	3.0	1.0	0.0	3.0	0.0	-0.3000000000000001	0.1428571428571428	7.7	125.28142857142858	-1.7333333333333334	-0.1666666666666666	9.066666666666666	123.455	-0.6058823529411765	-0.1176470588235294	8.382352941176471	108.46411764705884	7	6	17	7	6	17
8xsj	H	GGGYSYVVDMGPY	SHDASN	GFTFSNY	0.0	0.0	1.0	0.0	0.0	0.0	0.0	1.0	0.0	0.0	0.0	0.0	0.0	2.0	0.0	1.0	1.0	0.0	1.0	0.0	1.0	0.0	1.0	1.0	0.0	0.0	0.0	0.0	1.0	0.0	0.0	0.0	0.0	0.0	0.0	2.0	0.0	0.0	0.0	0.0	0.0	0.0	0.0	1.0	0.0	0.0	0.0	4.0	0.0	0.0	0.0	0.0	1.0	0.0	1.0	1.0	0.0	0.0	3.0	2.0	-0.1571428571428572	0.0	7.857142857142857	119.27	-1.6666666666666667	0.0	10.25	101.93	-0.0846153846153846	-0.0769230769230769	7.869230769230769	109.1146153846154	7	6	13	7	6	13
8xsl	H	DHLITMVQPEYFHH	SGSGGS	GFTFSSY	0.0	0.0	0.0	0.0	0.0	0.0	0.0	1.0	0.0	0.0	0.0	0.0	0.0	2.0	0.0	2.0	1.0	0.0	1.0	0.0	0.0	0.0	0.0	0.0	0.0	0.0	0.0	3.0	0.0	0.0	0.0	0.0	0.0	0.0	0.0	3.0	0.0	0.0	0.0	0.0	0.0	0.0	0.0	1.0	0.0	1.0	1.0	0.0	3.0	1.0	1.0	0.0	1.0	1.0	1.0	0.0	1.0	0.0	1.0	1.0	0.2285714285714285	0.0	7.514285714285714	115.40857142857143	-0.6	0.0	9.1	81.065	-0.4642857142857143	0.0714285714285714	8.335714285714285	124.92857142857144	7	6	14	7	6	14
8y6a	C	DYTRGAWFGESLIGGFDN	STYNGN	GYPFTSY	0.0	0.0	0.0	0.0	0.0	0.0	0.0	1.0	0.0	0.0	0.0	0.0	0.0	1.0	1.0	1.0	1.0	0.0	2.0	0.0	0.0	0.0	2.0	0.0	0.0	0.0	0.0	1.0	0.0	0.0	0.0	0.0	0.0	0.0	0.0	1.0	1.0	0.0	1.0	0.0	1.0	1.0	1.0	2.0	0.0	0.0	1.0	4.0	0.0	1.0	1.0	0.0	0.0	2.0	0.0	1.0	1.0	1.0	1.0	0.0	-0.4714285714285715	0.0	7.485714285714286	119.12857142857142	-1.7	0.0	9.366666666666664	109.10666666666668	-0.45	-0.1111111111111111	8.577777777777778	114.39722222222224	7	6	18	7	6	18
8c0y	B	DYGDFYFDY	YPGGS	EFIVSAN	1.0	0.0	1.0	0.0	0.0	0.0	1.0	0.0	0.0	1.0	0.0	0.0	0.0	1.0	0.0	1.0	0.0	0.0	0.0	1.0	0.0	0.0	0.0	0.0	0.0	0.0	0.0	2.0	0.0	0.0	0.0	0.0	0.0	0.0	1.0	1.0	0.0	0.0	1.0	0.0	0.0	0.0	0.0	3.0	0.0	0.0	0.0	1.0	0.0	0.0	0.0	0.0	0.0	2.0	0.0	0.0	0.0	0.0	3.0	0.0	0.7857142857142857	-0.1428571428571428	8.214285714285714	108.69428571428573	-0.9	0.0	8.28	99.496	-1.0222222222222224	-0.3333333333333333	8.555555555555555	133.8022222222222	7	5	9	7	5	9
8qh0	H	DLVVYGMDV	YPGGS	GITVTSN	0.0	0.0	1.0	0.0	0.0	0.0	0.0	1.0	0.0	1.0	0.0	0.0	0.0	0.0	0.0	1.0	2.0	0.0	0.0	1.0	0.0	0.0	0.0	0.0	0.0	0.0	0.0	2.0	0.0	0.0	0.0	0.0	0.0	0.0	1.0	1.0	0.0	0.0	1.0	0.0	0.0	0.0	0.0	2.0	0.0	0.0	0.0	1.0	0.0	0.0	1.0	0.0	1.0	0.0	0.0	0.0	0.0	0.0	1.0	3.0	0.3714285714285714	0.0	8.3	98.67857142857144	-0.9	0.0	8.28	99.496	1.0666666666666669	-0.2222222222222222	7.722222222222222	112.24	7	5	9	7	5	9
8qh1	H	DLVVYGMDV	YPGGS	GITVTSN	0.0	0.0	1.0	0.0	0.0	0.0	0.0	1.0	0.0	1.0	0.0	0.0	0.0	0.0	0.0	1.0	2.0	0.0	0.0	1.0	0.0	0.0	0.0	0.0	0.0	0.0	0.0	2.0	0.0	0.0	0.0	0.0	0.0	0.0	1.0	1.0	0.0	0.0	1.0	0.0	0.0	0.0	0.0	2.0	0.0	0.0	0.0	1.0	0.0	0.0	1.0	0.0	1.0	0.0	0.0	0.0	0.0	0.0	1.0	3.0	0.3714285714285714	0.0	8.3	98.67857142857144	-0.9	0.0	8.28	99.496	1.0666666666666669	-0.2222222222222222	7.722222222222222	112.24	7	5	9	7	5	9
8hlc	H	GGWELRSLAGGYYGMDV	SSSGST	GFTFSDY	0.0	0.0	0.0	1.0	0.0	0.0	0.0	1.0	0.0	0.0	0.0	0.0	0.0	2.0	0.0	1.0	1.0	0.0	1.0	0.0	0.0	0.0	0.0	0.0	0.0	0.0	0.0	1.0	0.0	0.0	0.0	0.0	0.0	0.0	0.0	4.0	1.0	0.0	0.0	0.0	1.0	1.0	0.0	1.0	0.0	0.0	1.0	5.0	0.0	0.0	2.0	0.0	1.0	0.0	0.0	1.0	0.0	1.0	2.0	1.0	-0.1571428571428572	-0.1428571428571428	8.057142857142857	119.41	-0.7166666666666667	0.0	9.066666666666666	87.41333333333334	-0.1352941176470588	-0.0588235294117647	8.076470588235296	111.9435294117647	7	6	17	7	6	17
8hld	H	SPPDFLGWFDP	SAYKGN	GYTFSRY	0.0	1.0	0.0	0.0	0.0	0.0	0.0	1.0	0.0	0.0	0.0	0.0	0.0	1.0	0.0	1.0	1.0	0.0	2.0	0.0	1.0	0.0	1.0	0.0	0.0	0.0	0.0	1.0	0.0	0.0	0.0	1.0	0.0	0.0	0.0	1.0	0.0	0.0	1.0	0.0	0.0	0.0	0.0	2.0	0.0	0.0	0.0	1.0	0.0	0.0	1.0	0.0	0.0	2.0	3.0	1.0	0.0	1.0	0.0	0.0	-0.8857142857142858	0.1428571428571428	7.8428571428571425	127.56714285714284	-1.35	0.1666666666666666	9.233333333333333	106.44666666666669	-0.4090909090909091	-0.1818181818181818	8.081818181818182	116.12818181818184	7	6	11	7	6	11
8p5m	G	DLGTYDDS	SYDGIT	GFTFSNY	0.0	0.0	1.0	0.0	0.0	0.0	0.0	1.0	0.0	0.0	0.0	0.0	0.0	2.0	0.0	1.0	1.0	0.0	1.0	0.0	0.0	0.0	0.0	1.0	0.0	0.0	0.0	1.0	0.0	1.0	0.0	0.0	0.0	0.0	0.0	1.0	1.0	0.0	1.0	0.0	0.0	0.0	0.0	3.0	0.0	0.0	0.0	1.0	0.0	0.0	1.0	0.0	0.0	0.0	0.0	1.0	1.0	0.0	1.0	0.0	-0.1571428571428572	0.0	7.857142857142857	119.27	-0.3666666666666667	-0.1666666666666666	8.533333333333333	109.11166666666666	-1.2375	-0.375	9.6125	110.60625	7	6	8	7	6	8
8v4f	B	DYGDFYFDY	YPGGS	EFIVSAN	1.0	0.0	1.0	0.0	0.0	0.0	1.0	0.0	0.0	1.0	0.0	0.0	0.0	1.0	0.0	1.0	0.0	0.0	0.0	1.0	0.0	0.0	0.0	0.0	0.0	0.0	0.0	2.0	0.0	0.0	0.0	0.0	0.0	0.0	1.0	1.0	0.0	0.0	1.0	0.0	0.0	0.0	0.0	3.0	0.0	0.0	0.0	1.0	0.0	0.0	0.0	0.0	0.0	2.0	0.0	0.0	0.0	0.0	3.0	0.0	0.7857142857142857	-0.1428571428571428	8.214285714285714	108.69428571428573	-0.9	0.0	8.28	99.496	-1.0222222222222224	-0.3333333333333333	8.555555555555555	133.8022222222222	7	5	9	7	5	9
8x0y	E	MRGIFDY	FHSGT	GASISSGD	1.0	0.0	0.0	1.0	0.0	0.0	0.0	2.0	0.0	1.0	0.0	0.0	0.0	0.0	0.0	3.0	0.0	0.0	0.0	0.0	0.0	0.0	0.0	0.0	0.0	0.0	0.0	1.0	1.0	0.0	0.0	0.0	0.0	1.0	0.0	1.0	1.0	0.0	0.0	0.0	0.0	1.0	0.0	1.0	0.0	0.0	0.0	1.0	0.0	1.0	0.0	0.0	1.0	1.0	0.0	0.0	0.0	0.0	1.0	0.0	-0.05	-0.125	8.987499999999999	88.83375	-0.4600000000000001	0.2	8.48	109.512	-0.0714285714285714	0.0	7.828571428571428	128.72142857142856	8	5	7	8	5	7
8c2r	F	DYGDFYFDY	YPGGS	EFIVSAN	1.0	0.0	1.0	0.0	0.0	0.0	1.0	0.0	0.0	1.0	0.0	0.0	0.0	1.0	0.0	1.0	0.0	0.0	0.0	1.0	0.0	0.0	0.0	0.0	0.0	0.0	0.0	2.0	0.0	0.0	0.0	0.0	0.0	0.0	1.0	1.0	0.0	0.0	1.0	0.0	0.0	0.0	0.0	3.0	0.0	0.0	0.0	1.0	0.0	0.0	0.0	0.0	0.0	2.0	0.0	0.0	0.0	0.0	3.0	0.0	0.7857142857142857	-0.1428571428571428	8.214285714285714	108.69428571428573	-0.9	0.0	8.28	99.496	-1.0222222222222224	-0.3333333333333333	8.555555555555555	133.8022222222222	7	5	9	7	5	9
8xi6	D	PPLGSNLFAVGYHFDY	SGSADS	GFSFSGY	0.0	0.0	0.0	0.0	0.0	0.0	0.0	2.0	0.0	0.0	0.0	0.0	0.0	2.0	0.0	2.0	0.0	0.0	1.0	0.0	1.0	0.0	0.0	1.0	0.0	0.0	0.0	1.0	0.0	0.0	0.0	0.0	0.0	0.0	0.0	3.0	0.0	0.0	0.0	0.0	1.0	0.0	1.0	1.0	0.0	0.0	0.0	2.0	1.0	0.0	2.0	0.0	0.0	2.0	2.0	1.0	0.0	0.0	2.0	1.0	0.2714285714285713	0.0	7.571428571428571	111.68571428571428	-0.75	-0.1666666666666666	9.616666666666664	87.07666666666667	0.0999999999999999	0.0	7.8	113.438125	7	6	16	7	6	16
8khc	F	GVDIVVMMYADDAFDI	SSEIGGGT	GFSFSDA	1.0	0.0	0.0	1.0	0.0	0.0	0.0	1.0	0.0	0.0	0.0	0.0	0.0	2.0	0.0	2.0	0.0	0.0	0.0	0.0	0.0	0.0	0.0	0.0	0.0	0.0	1.0	3.0	0.0	1.0	0.0	0.0	0.0	0.0	0.0	2.0	1.0	0.0	0.0	0.0	2.0	0.0	0.0	4.0	0.0	0.0	0.0	1.0	0.0	2.0	0.0	0.0	2.0	1.0	0.0	0.0	0.0	0.0	1.0	3.0	0.2714285714285713	-0.1428571428571428	8.414285714285715	104.24857142857142	-0.3125	-0.125	8.9375	92.8375	1.00625	-0.25	8.00625	110.8775	7	8	16	7	8	16
8vye	B	LKDSRYSGSYYDY	RYDGGN	GFTFNSY	0.0	0.0	1.0	0.0	0.0	0.0	0.0	1.0	0.0	0.0	0.0	0.0	0.0	2.0	0.0	1.0	1.0	0.0	1.0	0.0	0.0	1.0	1.0	1.0	0.0	0.0	0.0	2.0	0.0	0.0	0.0	0.0	0.0	0.0	0.0	0.0	0.0	0.0	1.0	0.0	0.0	1.0	0.0	2.0	0.0	0.0	0.0	1.0	0.0	0.0	1.0	1.0	0.0	0.0	0.0	3.0	0.0	0.0	4.0	0.0	-0.1571428571428572	0.0	7.857142857142857	119.27	-2.2666666666666666	0.0	9.883333333333333	116.445	-1.507692307692308	0.0	8.776923076923076	124.36307692307692	7	6	13	7	6	13
8vyf	B	LKDSRYSGSYYDY	RYDGGN	GFTFNSY	0.0	0.0	1.0	0.0	0.0	0.0	0.0	1.0	0.0	0.0	0.0	0.0	0.0	2.0	0.0	1.0	1.0	0.0	1.0	0.0	0.0	1.0	1.0	1.0	0.0	0.0	0.0	2.0	0.0	0.0	0.0	0.0	0.0	0.0	0.0	0.0	0.0	0.0	1.0	0.0	0.0	1.0	0.0	2.0	0.0	0.0	0.0	1.0	0.0	0.0	1.0	1.0	0.0	0.0	0.0	3.0	0.0	0.0	4.0	0.0	-0.1571428571428572	0.0	7.857142857142857	119.27	-2.2666666666666666	0.0	9.883333333333333	116.445	-1.507692307692308	0.0	8.776923076923076	124.36307692307692	7	6	13	7	6	13
8vyg	A	DYTRGAWFGESLIGGFDN	STYNGN	GYPFTSY	0.0	0.0	0.0	0.0	0.0	0.0	0.0	1.0	0.0	0.0	0.0	0.0	0.0	1.0	1.0	1.0	1.0	0.0	2.0	0.0	0.0	0.0	2.0	0.0	0.0	0.0	0.0	1.0	0.0	0.0	0.0	0.0	0.0	0.0	0.0	1.0	1.0	0.0	1.0	0.0	1.0	1.0	1.0	2.0	0.0	0.0	1.0	4.0	0.0	1.0	1.0	0.0	0.0	2.0	0.0	1.0	1.0	1.0	1.0	0.0	-0.4714285714285715	0.0	7.485714285714286	119.12857142857142	-1.7	0.0	9.366666666666664	109.10666666666668	-0.45	-0.1111111111111111	8.577777777777778	114.39722222222224	7	6	18	7	6	18
8r1c	H	LDNCSAGYCHAFDI	HSSGS	GDSISSGTY	0.0	0.0	0.0	1.0	0.0	0.0	0.0	2.0	0.0	1.0	0.0	0.0	0.0	0.0	0.0	3.0	1.0	0.0	1.0	0.0	0.0	0.0	0.0	0.0	0.0	0.0	0.0	1.0	1.0	0.0	0.0	0.0	0.0	0.0	0.0	3.0	0.0	0.0	0.0	0.0	2.0	0.0	1.0	2.0	2.0	0.0	0.0	1.0	1.0	1.0	1.0	0.0	0.0	1.0	0.0	1.0	0.0	0.0	1.0	0.0	-0.4666666666666667	-0.1111111111111111	8.733333333333333	100.43111111111112	-1.2	0.2	9.4	94.686	0.2499999999999999	-0.0714285714285714	8.207142857142857	109.19285714285716	9	5	14	9	5	14
8sdf	H	DNERYQMQNYYHYYGMDV	NPDSGG	GYTFTDY	0.0	0.0	0.0	1.0	0.0	0.0	0.0	1.0	0.0	0.0	0.0	0.0	0.0	1.0	0.0	0.0	2.0	0.0	2.0	0.0	0.0	0.0	1.0	1.0	0.0	0.0	0.0	2.0	0.0	0.0	0.0	0.0	0.0	0.0	1.0	1.0	0.0	0.0	0.0	0.0	0.0	1.0	2.0	2.0	0.0	2.0	1.0	1.0	1.0	0.0	0.0	0.0	2.0	0.0	0.0	0.0	0.0	0.0	5.0	1.0	-0.7285714285714286	-0.1428571428571428	8.114285714285714	123.7	-1.7	-0.1666666666666666	9.966666666666669	93.91666666666669	-1.727777777777778	-0.0555555555555555	8.927777777777777	132.755	7	6	18	7	6	18
8sdg	G	VPVLEYYQYGMDV	SSNVNNDA	GFTLSDS	0.0	0.0	0.0	1.0	0.0	0.0	0.0	1.0	0.0	0.0	1.0	0.0	0.0	1.0	0.0	2.0	1.0	0.0	0.0	0.0	1.0	0.0	3.0	1.0	0.0	0.0	0.0	0.0	0.0	0.0	0.0	0.0	0.0	0.0	0.0	2.0	0.0	0.0	0.0	1.0	0.0	0.0	0.0	1.0	0.0	1.0	1.0	1.0	0.0	0.0	1.0	0.0	1.0	0.0	1.0	0.0	0.0	0.0	3.0	3.0	0.057142857142857	-0.1428571428571428	8.442857142857143	103.67857142857144	-1.2	-0.125	10.025	100.22375	0.1461538461538461	-0.1538461538461538	7.6692307692307695	121.2153846153846	7	8	13	7	8	13
8siq	H	GVVGYYDMLTGPPDNWLDA	SSSGS	GFTFSSR	0.0	1.0	0.0	0.0	0.0	0.0	0.0	1.0	0.0	0.0	0.0	0.0	0.0	2.0	0.0	2.0	1.0	0.0	0.0	0.0	0.0	0.0	0.0	0.0	0.0	0.0	0.0	1.0	0.0	0.0	0.0	0.0	0.0	0.0	0.0	4.0	0.0	0.0	0.0	0.0	1.0	0.0	1.0	3.0	0.0	0.0	0.0	3.0	0.0	0.0	2.0	0.0	1.0	0.0	2.0	0.0	1.0	1.0	2.0	2.0	-0.2285714285714286	0.1428571428571428	8.128571428571428	114.41	-0.72	0.0	9.16	84.674	-0.1526315789473684	-0.1578947368421052	8.178947368421053	111.54315789473684	7	5	19	7	5	19
8sis	H	DLYYYDSSGYQHINYQLDY	NAGNGN	GYTFTRY	0.0	1.0	0.0	0.0	0.0	0.0	0.0	1.0	0.0	0.0	0.0	0.0	0.0	1.0	0.0	0.0	2.0	0.0	2.0	0.0	1.0	0.0	3.0	0.0	0.0	0.0	0.0	2.0	0.0	0.0	0.0	0.0	0.0	0.0	0.0	0.0	0.0	0.0	0.0	0.0	0.0	0.0	1.0	3.0	0.0	2.0	0.0	1.0	1.0	1.0	2.0	0.0	0.0	0.0	0.0	2.0	0.0	0.0	6.0	0.0	-0.8714285714285716	0.1428571428571428	7.757142857142857	129.57142857142858	-1.5833333333333333	0.0	10.15	93.91833333333334	-1.1526315789473685	-0.1052631578947368	8.505263157894737	127.39736842105263	7	6	19	7	6	19
8sit	H	AGRDYYDRSGYQRFPGFDY	RSSGNY	GFTFSPY	0.0	0.0	0.0	0.0	0.0	0.0	0.0	1.0	0.0	0.0	0.0	0.0	0.0	2.0	1.0	1.0	1.0	0.0	1.0	0.0	0.0	1.0	1.0	0.0	0.0	0.0	0.0	1.0	0.0	0.0	0.0	0.0	0.0	0.0	0.0	2.0	0.0	0.0	1.0	0.0	1.0	3.0	0.0	3.0	0.0	1.0	0.0	3.0	0.0	0.0	0.0	0.0	0.0	2.0	1.0	1.0	0.0	0.0	4.0	0.0	0.1142857142857142	0.0	7.3428571428571425	116.84285714285714	-1.8833333333333335	0.1666666666666666	9.283333333333331	113.78166666666668	-1.5210526315789474	0.0	8.868421052631579	124.70947368421052	7	6	19	7	6	19
8cin	E	DSVWYTGSYGLIY	YYGGS	GGSIDNF	0.0	0.0	1.0	1.0	0.0	0.0	0.0	2.0	0.0	1.0	0.0	0.0	0.0	1.0	0.0	1.0	0.0	0.0	0.0	0.0	0.0	0.0	0.0	0.0	0.0	0.0	0.0	2.0	0.0	0.0	0.0	0.0	0.0	0.0	0.0	1.0	0.0	0.0	2.0	0.0	0.0	0.0	0.0	1.0	0.0	0.0	0.0	2.0	0.0	1.0	1.0	0.0	0.0	0.0	0.0	2.0	1.0	1.0	3.0	1.0	-0.1857142857142857	-0.1428571428571428	8.885714285714286	103.81714285714284	-0.8400000000000001	0.0	7.92	112.708	0.0846153846153845	-0.0769230769230769	7.538461538461538	118.59	7	5	13	7	5	13
8cbe	H	DLLPLLALYYGMDV	SYDGSN	GFTLRSF	0.0	1.0	0.0	0.0	0.0	0.0	0.0	1.0	0.0	0.0	1.0	0.0	0.0	2.0	0.0	1.0	1.0	0.0	0.0	0.0	0.0	0.0	1.0	1.0	0.0	0.0	0.0	1.0	0.0	0.0	0.0	0.0	0.0	0.0	0.0	2.0	0.0	0.0	1.0	0.0	1.0	0.0	0.0	2.0	0.0	0.0	0.0	1.0	0.0	0.0	5.0	0.0	1.0	0.0	1.0	0.0	0.0	0.0	2.0	1.0	0.4285714285714285	0.1428571428571428	7.514285714285714	118.13571428571429	-1.7166666666666668	-0.1666666666666666	9.7	106.93166666666669	1.0928571428571427	-0.1428571428571428	7.114285714285715	113.99428571428572	7	6	14	7	6	14
8cbf	A	VSQWALILF	IPLFGS	GGTFSSS	0.0	0.0	0.0	0.0	0.0	0.0	0.0	2.0	0.0	0.0	0.0	0.0	0.0	1.0	0.0	3.0	1.0	0.0	0.0	0.0	0.0	0.0	0.0	0.0	0.0	0.0	0.0	1.0	0.0	1.0	1.0	0.0	0.0	1.0	1.0	1.0	0.0	0.0	0.0	0.0	1.0	0.0	0.0	0.0	0.0	1.0	0.0	0.0	0.0	1.0	2.0	0.0	0.0	1.0	0.0	1.0	0.0	1.0	0.0	1.0	-0.1571428571428572	0.0	8.485714285714286	94.23285714285714	1.383333333333333	0.0	6.916666666666667	105.45833333333331	1.7444444444444445	0.0	6.588888888888889	117.58888888888887	7	6	9	7	6	9
8hp9	H	FFSHYDSSNYYYGSWFDP	YWDND	GFSLSTSGV	0.0	0.0	0.0	0.0	0.0	0.0	0.0	2.0	0.0	0.0	1.0	0.0	0.0	1.0	0.0	3.0	1.0	0.0	0.0	1.0	0.0	0.0	1.0	2.0	0.0	0.0	0.0	0.0	0.0	0.0	0.0	0.0	0.0	0.0	0.0	0.0	0.0	1.0	1.0	0.0	0.0	0.0	1.0	2.0	0.0	0.0	0.0	1.0	1.0	0.0	0.0	0.0	0.0	3.0	1.0	4.0	0.0	1.0	4.0	0.0	0.7666666666666666	0.0	7.800000000000001	96.88	-2.54	-0.4	9.84	138.738	-0.9222222222222224	-0.0555555555555555	8.2	126.8	9	5	18	9	5	18
8hpq	H	FFSHYDSSNYYYGSWFDP	YWDND	GFSLSTSGV	0.0	0.0	0.0	0.0	0.0	0.0	0.0	2.0	0.0	0.0	1.0	0.0	0.0	1.0	0.0	3.0	1.0	0.0	0.0	1.0	0.0	0.0	1.0	2.0	0.0	0.0	0.0	0.0	0.0	0.0	0.0	0.0	0.0	0.0	0.0	0.0	0.0	1.0	1.0	0.0	0.0	0.0	1.0	2.0	0.0	0.0	0.0	1.0	1.0	0.0	0.0	0.0	0.0	3.0	1.0	4.0	0.0	1.0	4.0	0.0	0.7666666666666666	0.0	7.800000000000001	96.88	-2.54	-0.4	9.84	138.738	-0.9222222222222224	-0.0555555555555555	8.2	126.8	9	5	18	9	5	18
8hpv	M	ESGGFPLAEGAFDI	YPGGS	EITVSSN	0.0	0.0	1.0	0.0	0.0	0.0	1.0	0.0	0.0	1.0	0.0	0.0	0.0	0.0	0.0	2.0	1.0	0.0	0.0	1.0	0.0	0.0	0.0	0.0	0.0	0.0	0.0	2.0	0.0	0.0	0.0	0.0	0.0	0.0	1.0	1.0	0.0	0.0	1.0	0.0	2.0	0.0	0.0	1.0	0.0	0.0	2.0	3.0	0.0	1.0	1.0	0.0	0.0	2.0	1.0	1.0	0.0	0.0	0.0	0.0	-0.0857142857142857	-0.1428571428571428	8.857142857142858	104.39857142857144	-0.9	0.0	8.28	99.496	0.2428571428571428	-0.2142857142857142	8.464285714285714	103.25142857142858	7	5	14	7	5	14
8tma	H	GTIYFDRSGYRRVDPFHI	YFSGN	GGSFATENY	1.0	0.0	1.0	0.0	0.0	0.0	1.0	2.0	0.0	0.0	0.0	0.0	0.0	1.0	0.0	1.0	1.0	0.0	1.0	0.0	0.0	0.0	1.0	0.0	0.0	0.0	0.0	1.0	0.0	0.0	0.0	0.0	0.0	1.0	0.0	1.0	0.0	0.0	1.0	0.0	0.0	3.0	0.0	2.0	0.0	0.0	0.0	2.0	1.0	2.0	0.0	0.0	0.0	2.0	1.0	1.0	1.0	0.0	2.0	1.0	-0.6666666666666666	-0.1111111111111111	8.8	106.99555555555555	-0.64	0.0	8.24	117.32	-0.6333333333333333	0.1111111111111111	8.377777777777778	123.19277777777776	9	5	18	9	5	18
7y3o	H	AQTPTLWWLQDAFDI	SGDGSY	GFTFDDY	0.0	0.0	0.0	2.0	0.0	0.0	0.0	1.0	0.0	0.0	0.0	0.0	0.0	2.0	0.0	0.0	1.0	0.0	1.0	0.0	0.0	0.0	0.0	1.0	0.0	0.0	0.0	2.0	0.0	0.0	0.0	0.0	0.0	0.0	0.0	2.0	0.0	0.0	1.0	0.0	2.0	0.0	0.0	2.0	0.0	2.0	0.0	0.0	0.0	1.0	2.0	0.0	0.0	1.0	1.0	0.0	2.0	2.0	0.0	0.0	-0.5428571428571429	-0.2857142857142857	8.6	123.41142857142856	-1.2	-0.1666666666666666	9.266666666666667	100.42166666666668	-0.02	-0.1333333333333333	7.96	119.136	7	6	15	7	6	15
8hpf	H	FFSHYDSSNYYYGSWFDP	YWDND	GFSLSTSGV	0.0	0.0	0.0	0.0	0.0	0.0	0.0	2.0	0.0	0.0	1.0	0.0	0.0	1.0	0.0	3.0	1.0	0.0	0.0	1.0	0.0	0.0	1.0	2.0	0.0	0.0	0.0	0.0	0.0	0.0	0.0	0.0	0.0	0.0	0.0	0.0	0.0	1.0	1.0	0.0	0.0	0.0	1.0	2.0	0.0	0.0	0.0	1.0	1.0	0.0	0.0	0.0	0.0	3.0	1.0	4.0	0.0	1.0	4.0	0.0	0.7666666666666666	0.0	7.800000000000001	96.88	-2.54	-0.4	9.84	138.738	-0.9222222222222224	-0.0555555555555555	8.2	126.8	9	5	18	9	5	18
8hpu	H	FFSHYDSSNYYYGSWFDP	YWDND	GFSLSTSGV	0.0	0.0	0.0	0.0	0.0	0.0	0.0	2.0	0.0	0.0	1.0	0.0	0.0	1.0	0.0	3.0	1.0	0.0	0.0	1.0	0.0	0.0	1.0	2.0	0.0	0.0	0.0	0.0	0.0	0.0	0.0	0.0	0.0	0.0	0.0	0.0	0.0	1.0	1.0	0.0	0.0	0.0	1.0	2.0	0.0	0.0	0.0	1.0	1.0	0.0	0.0	0.0	0.0	3.0	1.0	4.0	0.0	1.0	4.0	0.0	0.7666666666666666	0.0	7.800000000000001	96.88	-2.54	-0.4	9.84	138.738	-0.9222222222222224	-0.0555555555555555	8.2	126.8	9	5	18	9	5	18
8hq7	M	ESGGFPLAEGAFDI	YPGGS	EITVSSN	0.0	0.0	1.0	0.0	0.0	0.0	1.0	0.0	0.0	1.0	0.0	0.0	0.0	0.0	0.0	2.0	1.0	0.0	0.0	1.0	0.0	0.0	0.0	0.0	0.0	0.0	0.0	2.0	0.0	0.0	0.0	0.0	0.0	0.0	1.0	1.0	0.0	0.0	1.0	0.0	2.0	0.0	0.0	1.0	0.0	0.0	2.0	3.0	0.0	1.0	1.0	0.0	0.0	2.0	1.0	1.0	0.0	0.0	0.0	0.0	-0.0857142857142857	-0.1428571428571428	8.857142857142858	104.39857142857144	-0.9	0.0	8.28	99.496	0.2428571428571428	-0.2142857142857142	8.464285714285714	103.25142857142858	7	5	14	7	5	14
8hrd	O	FGAGMTGMPRYFDTTRWFDP	YPDDSD	GYNFSRY	0.0	1.0	1.0	0.0	0.0	0.0	0.0	1.0	0.0	0.0	0.0	0.0	0.0	1.0	0.0	1.0	0.0	0.0	2.0	0.0	0.0	0.0	0.0	3.0	0.0	0.0	0.0	0.0	0.0	0.0	0.0	0.0	0.0	0.0	1.0	1.0	0.0	0.0	1.0	0.0	1.0	2.0	0.0	2.0	0.0	0.0	0.0	3.0	0.0	0.0	0.0	0.0	2.0	3.0	2.0	0.0	3.0	1.0	1.0	0.0	-1.2857142857142858	0.1428571428571428	8.27142857142857	129.42428571428573	-2.3666666666666667	-0.5	10.4	115.44166666666666	-0.535	0.0	8.125	119.485	7	6	20	7	6	20
8f2j	A	DLSSSSGWDDYYYYYGMDV	WYDGSN	GFIFSSY	0.0	0.0	0.0	0.0	0.0	0.0	0.0	1.0	0.0	1.0	0.0	0.0	0.0	2.0	0.0	2.0	0.0	0.0	1.0	0.0	0.0	0.0	1.0	1.0	0.0	0.0	0.0	1.0	0.0	0.0	0.0	0.0	0.0	0.0	0.0	1.0	0.0	1.0	1.0	0.0	0.0	0.0	0.0	4.0	0.0	0.0	0.0	2.0	0.0	0.0	1.0	0.0	1.0	0.0	0.0	4.0	0.0	1.0	5.0	1.0	0.9714285714285714	0.0	7.028571428571429	117.13	-1.7333333333333334	-0.1666666666666666	9.066666666666666	123.455	-0.8157894736842105	-0.2105263157894736	8.405263157894737	121.2836842105263	7	6	19	7	6	19
8hws	H	DLGPYGMDV	YSGGS	GIIVSSN	0.0	0.0	1.0	0.0	0.0	0.0	0.0	1.0	0.0	2.0	0.0	0.0	0.0	0.0	0.0	2.0	0.0	0.0	0.0	1.0	0.0	0.0	0.0	0.0	0.0	0.0	0.0	2.0	0.0	0.0	0.0	0.0	0.0	0.0	0.0	2.0	0.0	0.0	1.0	0.0	0.0	0.0	0.0	2.0	0.0	0.0	0.0	2.0	0.0	0.0	1.0	0.0	1.0	0.0	1.0	0.0	0.0	0.0	1.0	1.0	1.1	0.0	7.9	98.39571428571428	-0.74	0.0	8.52	97.488	-0.0888888888888889	-0.2222222222222222	8.3	109.3411111111111	7	5	9	7	5	9
8hwt	H	DLGPYGMDV	YSGGS	GIIVSSN	0.0	0.0	1.0	0.0	0.0	0.0	0.0	1.0	0.0	2.0	0.0	0.0	0.0	0.0	0.0	2.0	0.0	0.0	0.0	1.0	0.0	0.0	0.0	0.0	0.0	0.0	0.0	2.0	0.0	0.0	0.0	0.0	0.0	0.0	0.0	2.0	0.0	0.0	1.0	0.0	0.0	0.0	0.0	2.0	0.0	0.0	0.0	2.0	0.0	0.0	1.0	0.0	1.0	0.0	1.0	0.0	0.0	0.0	1.0	1.0	1.1	0.0	7.9	98.39571428571428	-0.74	0.0	8.52	97.488	-0.0888888888888889	-0.2222222222222222	8.3	109.3411111111111	7	5	9	7	5	9
8j1v	H	DHSGHALDI	YPGGS	GLTVSSN	0.0	0.0	1.0	0.0	0.0	0.0	0.0	1.0	0.0	0.0	1.0	0.0	0.0	0.0	0.0	2.0	1.0	0.0	0.0	1.0	0.0	0.0	0.0	0.0	0.0	0.0	0.0	2.0	0.0	0.0	0.0	0.0	0.0	0.0	1.0	1.0	0.0	0.0	1.0	0.0	1.0	0.0	0.0	2.0	0.0	0.0	0.0	1.0	2.0	1.0	1.0	0.0	0.0	0.0	0.0	1.0	0.0	0.0	0.0	0.0	0.2571428571428571	0.0	8.342857142857143	96.67428571428572	-0.9	0.0	8.28	99.496	-0.5000000000000001	0.0	9.244444444444444	107.11	7	5	9	7	5	9
8hes	H	DGGYNILTAYYHAPSY	KHDESE	GFTFYSY	0.0	0.0	0.0	0.0	0.0	0.0	0.0	1.0	0.0	0.0	0.0	0.0	0.0	2.0	0.0	1.0	1.0	0.0	2.0	0.0	0.0	0.0	0.0	1.0	0.0	0.0	2.0	0.0	1.0	0.0	0.0	1.0	0.0	0.0	0.0	1.0	0.0	0.0	0.0	0.0	2.0	0.0	1.0	1.0	0.0	0.0	0.0	2.0	1.0	1.0	1.0	0.0	0.0	0.0	1.0	1.0	1.0	0.0	4.0	0.0	0.157142857142857	0.0	7.085714285714286	126.28	-3.0666666666666664	-0.1666666666666666	11.416666666666666	120.955	-0.4625	0.0	8.11875	113.934375	7	6	16	7	6	16
8hgl	H	PNCTGGSCYDGFNL	AVGSGK	GFTFYYS	0.0	0.0	0.0	0.0	0.0	0.0	0.0	1.0	0.0	0.0	0.0	0.0	0.0	2.0	0.0	1.0	1.0	0.0	2.0	0.0	1.0	0.0	0.0	0.0	0.0	0.0	0.0	2.0	0.0	0.0	0.0	1.0	0.0	0.0	0.0	1.0	0.0	0.0	0.0	1.0	0.0	0.0	2.0	1.0	2.0	0.0	0.0	3.0	0.0	0.0	1.0	0.0	0.0	1.0	1.0	1.0	1.0	0.0	1.0	0.0	0.157142857142857	0.0	7.085714285714286	126.28	0.0833333333333333	0.1666666666666666	8.75	89.26166666666666	-0.3214285714285715	-0.0714285714285714	8.307142857142857	105.97071428571428	7	6	14	7	6	14
8eqf	H	KDYSKTYYGYYFDY	WYDGNN	GFTFSSY	0.0	0.0	0.0	0.0	0.0	0.0	0.0	1.0	0.0	0.0	0.0	0.0	0.0	2.0	0.0	2.0	1.0	0.0	1.0	0.0	0.0	0.0	2.0	1.0	0.0	0.0	0.0	1.0	0.0	0.0	0.0	0.0	0.0	0.0	0.0	0.0	0.0	1.0	1.0	0.0	0.0	0.0	0.0	2.0	0.0	0.0	0.0	1.0	0.0	0.0	0.0	2.0	0.0	1.0	0.0	1.0	1.0	0.0	6.0	0.0	0.2285714285714285	0.0	7.514285714285714	115.40857142857143	-2.183333333333333	-0.1666666666666666	9.466666666666669	127.96	-1.55	0.0	8.414285714285715	134.00285714285715	7	6	14	7	6	14
7ukl	X	DLSFYYDISTGYYPQSYNSGTDV	SFDGSN	GFTFSNY	0.0	0.0	1.0	0.0	0.0	0.0	0.0	1.0	0.0	0.0	0.0	0.0	0.0	2.0	0.0	1.0	1.0	0.0	1.0	0.0	0.0	0.0	1.0	1.0	0.0	0.0	0.0	1.0	0.0	0.0	0.0	0.0	0.0	1.0	0.0	2.0	0.0	0.0	0.0	0.0	0.0	0.0	1.0	3.0	0.0	1.0	0.0	2.0	0.0	1.0	1.0	0.0	0.0	1.0	1.0	4.0	2.0	0.0	5.0	1.0	-0.1571428571428572	0.0	7.857142857142857	119.27	-1.0333333333333334	-0.1666666666666666	9.533333333333331	104.265	-0.682608695652174	-0.1304347826086956	8.404347826086957	116.25217391304348	7	6	23	7	6	23
7ukm	X	DRTPVYDILTGYYWPPPRVDGMDV	WYDGSN	GFTFNTY	0.0	0.0	1.0	0.0	0.0	0.0	0.0	1.0	0.0	0.0	0.0	0.0	0.0	2.0	0.0	0.0	2.0	0.0	1.0	0.0	0.0	0.0	1.0	1.0	0.0	0.0	0.0	1.0	0.0	0.0	0.0	0.0	0.0	0.0	0.0	1.0	0.0	1.0	1.0	0.0	0.0	2.0	0.0	4.0	0.0	0.0	0.0	2.0	0.0	1.0	1.0	0.0	1.0	0.0	4.0	0.0	2.0	1.0	3.0	3.0	-0.1428571428571429	0.0	7.771428571428571	121.27428571428572	-1.7333333333333334	-0.1666666666666666	9.066666666666666	123.455	-0.5666666666666667	-0.0833333333333333	8.237499999999999	118.50875	7	6	24	7	6	24
8fxc	H	DYTRGAWFGESLIGGFDN	STYNGN	GYPFTSY	0.0	0.0	0.0	0.0	0.0	0.0	0.0	1.0	0.0	0.0	0.0	0.0	0.0	1.0	1.0	1.0	1.0	0.0	2.0	0.0	0.0	0.0	2.0	0.0	0.0	0.0	0.0	1.0	0.0	0.0	0.0	0.0	0.0	0.0	0.0	1.0	1.0	0.0	1.0	0.0	1.0	1.0	1.0	2.0	0.0	0.0	1.0	4.0	0.0	1.0	1.0	0.0	0.0	2.0	0.0	1.0	1.0	1.0	1.0	0.0	-0.4714285714285715	0.0	7.485714285714286	119.12857142857142	-1.7	0.0	9.366666666666664	109.10666666666668	-0.45	-0.1111111111111111	8.577777777777778	114.39722222222224	7	6	18	7	6	18
8h7l	D	VSYPLTKYYYGMDV	SYDGSN	EFTFSSF	0.0	0.0	0.0	0.0	0.0	0.0	1.0	0.0	0.0	0.0	0.0	0.0	0.0	3.0	0.0	2.0	1.0	0.0	0.0	0.0	0.0	0.0	1.0	1.0	0.0	0.0	0.0	1.0	0.0	0.0	0.0	0.0	0.0	0.0	0.0	2.0	0.0	0.0	1.0	0.0	0.0	0.0	0.0	1.0	0.0	0.0	0.0	1.0	0.0	0.0	1.0	1.0	1.0	0.0	1.0	1.0	1.0	0.0	4.0	2.0	0.3714285714285714	-0.1428571428571428	7.8428571428571425	120.84714285714288	-1.7166666666666668	-0.1666666666666666	9.7	106.93166666666669	-0.1428571428571428	0.0	7.5928571428571425	121.355	7	6	14	7	6	14
8h7z	F	VSYPLTKYYYGMDV	SYDGSN	EFTFSSF	0.0	0.0	0.0	0.0	0.0	0.0	1.0	0.0	0.0	0.0	0.0	0.0	0.0	3.0	0.0	2.0	1.0	0.0	0.0	0.0	0.0	0.0	1.0	1.0	0.0	0.0	0.0	1.0	0.0	0.0	0.0	0.0	0.0	0.0	0.0	2.0	0.0	0.0	1.0	0.0	0.0	0.0	0.0	1.0	0.0	0.0	0.0	1.0	0.0	0.0	1.0	1.0	1.0	0.0	1.0	1.0	1.0	0.0	4.0	2.0	0.3714285714285714	-0.1428571428571428	7.8428571428571425	120.84714285714288	-1.7166666666666668	-0.1666666666666666	9.7	106.93166666666669	-0.1428571428571428	0.0	7.5928571428571425	121.355	7	6	14	7	6	14
8gf2	C	DFGDFYFDY	YSGGS	GFTVSSN	0.0	0.0	1.0	0.0	0.0	0.0	0.0	1.0	0.0	0.0	0.0	0.0	0.0	1.0	0.0	2.0	1.0	0.0	0.0	1.0	0.0	0.0	0.0	0.0	0.0	0.0	0.0	2.0	0.0	0.0	0.0	0.0	0.0	0.0	0.0	2.0	0.0	0.0	1.0	0.0	0.0	0.0	0.0	3.0	0.0	0.0	0.0	1.0	0.0	0.0	0.0	0.0	0.0	3.0	0.0	0.0	0.0	0.0	2.0	0.0	0.1142857142857142	0.0	8.385714285714284	101.53428571428572	-0.74	0.0	8.52	97.488	-0.5666666666666668	-0.3333333333333333	8.444444444444445	132.02444444444444	7	5	9	7	5	9
8el2	H	GHTYNWNYAYCDY	NPISGG	GYTFTGY	0.0	0.0	0.0	0.0	0.0	0.0	0.0	2.0	0.0	0.0	0.0	0.0	0.0	1.0	0.0	0.0	2.0	0.0	2.0	0.0	0.0	0.0	1.0	0.0	0.0	0.0	0.0	2.0	0.0	1.0	0.0	0.0	0.0	0.0	1.0	1.0	0.0	0.0	0.0	0.0	1.0	0.0	2.0	1.0	1.0	0.0	0.0	1.0	1.0	0.0	0.0	0.0	0.0	0.0	0.0	0.0	1.0	1.0	4.0	0.0	-0.2857142857142857	0.0	7.542857142857143	117.98	-0.3666666666666667	0.0	8.666666666666666	93.59499999999998	-1.276923076923077	0.0	8.307692307692308	128.4446153846154	7	6	13	7	6	13
7yd1	A	LTAADTIFDC	YWDDD	GFSLSTPGG	0.0	0.0	0.0	0.0	0.0	0.0	0.0	3.0	0.0	0.0	1.0	0.0	0.0	1.0	1.0	2.0	1.0	0.0	0.0	0.0	0.0	0.0	0.0	3.0	0.0	0.0	0.0	0.0	0.0	0.0	0.0	0.0	0.0	0.0	0.0	0.0	0.0	1.0	1.0	0.0	2.0	0.0	0.0	2.0	1.0	0.0	0.0	0.0	0.0	1.0	1.0	0.0	0.0	1.0	0.0	0.0	2.0	0.0	0.0	0.0	0.1666666666666666	0.0	8.011111111111111	95.32	-2.54	-0.6	10.12	138.93400000000003	0.8800000000000001	-0.2	8.02	105.121	9	5	10	9	5	10
8gto	H	DQSGFDFFYYDH	IPIVGK	GDTFSSY	0.0	0.0	0.0	1.0	0.0	0.0	0.0	1.0	0.0	0.0	0.0	0.0	0.0	1.0	0.0	2.0	1.0	0.0	1.0	0.0	0.0	0.0	0.0	0.0	0.0	0.0	0.0	1.0	0.0	2.0	0.0	1.0	0.0	0.0	1.0	0.0	0.0	0.0	0.0	1.0	0.0	0.0	0.0	3.0	0.0	1.0	0.0	1.0	1.0	0.0	0.0	0.0	0.0	3.0	0.0	1.0	0.0	0.0	2.0	0.0	-0.6714285714285715	-0.1428571428571428	8.628571428571428	110.82428571428572	1.2166666666666666	0.1666666666666666	7.433333333333334	104.3	-1.05	-0.1666666666666666	8.841666666666667	128.38083333333333	7	6	12	7	6	12
8gtp	H	AEGSSWLGWFDP	NPSGG	GYTFTSH	0.0	0.0	0.0	0.0	0.0	0.0	0.0	1.0	1.0	0.0	0.0	0.0	0.0	1.0	0.0	1.0	2.0	0.0	1.0	0.0	0.0	0.0	1.0	0.0	0.0	0.0	0.0	2.0	0.0	0.0	0.0	0.0	0.0	0.0	1.0	1.0	0.0	0.0	0.0	0.0	1.0	0.0	0.0	1.0	0.0	0.0	1.0	2.0	0.0	0.0	1.0	0.0	0.0	1.0	1.0	2.0	0.0	2.0	0.0	0.0	-0.6142857142857144	0.1428571428571428	8.171428571428573	115.97857142857144	-1.34	0.0	9.36	89.68199999999999	-0.3666666666666667	-0.1666666666666666	8.225	114.12083333333334	7	5	12	7	5	12
8gtq	H	LKDSRYSGSYYDY	RYDGGN	GFTFNSY	0.0	0.0	1.0	0.0	0.0	0.0	0.0	1.0	0.0	0.0	0.0	0.0	0.0	2.0	0.0	1.0	1.0	0.0	1.0	0.0	0.0	1.0	1.0	1.0	0.0	0.0	0.0	2.0	0.0	0.0	0.0	0.0	0.0	0.0	0.0	0.0	0.0	0.0	1.0	0.0	0.0	1.0	0.0	2.0	0.0	0.0	0.0	1.0	0.0	0.0	1.0	1.0	0.0	0.0	0.0	3.0	0.0	0.0	4.0	0.0	-0.1571428571428572	0.0	7.857142857142857	119.27	-2.2666666666666666	0.0	9.883333333333333	116.445	-1.507692307692308	0.0	8.776923076923076	124.36307692307692	7	6	13	7	6	13
8cim	D	DQHIYDSSGHGGLWFDP	IPIQGT	GGSFSTS	0.0	0.0	0.0	0.0	0.0	0.0	0.0	2.0	0.0	0.0	0.0	0.0	0.0	1.0	0.0	3.0	1.0	0.0	0.0	0.0	0.0	0.0	0.0	0.0	0.0	1.0	0.0	1.0	0.0	2.0	0.0	0.0	0.0	0.0	1.0	0.0	1.0	0.0	0.0	0.0	0.0	0.0	0.0	3.0	0.0	1.0	0.0	3.0	2.0	1.0	1.0	0.0	0.0	1.0	1.0	2.0	0.0	1.0	1.0	0.0	-0.1571428571428572	0.0	8.485714285714286	94.23285714285714	0.4666666666666666	0.0	7.75	104.62166666666668	-0.9352941176470588	-0.0588235294117647	8.858823529411765	115.70647058823528	7	6	17	7	6	17
8e1g	H	DRGPWLHDY	YSGGT	EFIVSSN	0.0	0.0	1.0	0.0	0.0	0.0	1.0	0.0	0.0	1.0	0.0	0.0	0.0	1.0	0.0	2.0	0.0	0.0	0.0	1.0	0.0	0.0	0.0	0.0	0.0	0.0	0.0	2.0	0.0	0.0	0.0	0.0	0.0	0.0	0.0	1.0	1.0	0.0	1.0	0.0	0.0	1.0	0.0	2.0	0.0	0.0	0.0	1.0	1.0	0.0	1.0	0.0	0.0	0.0	1.0	0.0	0.0	1.0	1.0	0.0	0.4142857142857142	-0.1428571428571428	8.371428571428572	110.98	-0.72	0.0	8.4	100.294	-1.677777777777778	0.0	8.933333333333334	128.69333333333333	7	5	9	7	5	9
8smt	A	DLSSSSGWDDYYYYYGMDV	WYDGSN	GFIFSSY	0.0	0.0	0.0	0.0	0.0	0.0	0.0	1.0	0.0	1.0	0.0	0.0	0.0	2.0	0.0	2.0	0.0	0.0	1.0	0.0	0.0	0.0	1.0	1.0	0.0	0.0	0.0	1.0	0.0	0.0	0.0	0.0	0.0	0.0	0.0	1.0	0.0	1.0	1.0	0.0	0.0	0.0	0.0	4.0	0.0	0.0	0.0	2.0	0.0	0.0	1.0	0.0	1.0	0.0	0.0	4.0	0.0	1.0	5.0	1.0	0.9714285714285714	0.0	7.028571428571429	117.13	-1.7333333333333334	-0.1666666666666666	9.066666666666666	123.455	-0.8157894736842105	-0.2105263157894736	8.405263157894737	121.2836842105263	7	6	19	7	6	19
7yvk	H	KTIPTIFDY	YWDDD	GFSLSTGGV	0.0	0.0	0.0	0.0	0.0	0.0	0.0	3.0	0.0	0.0	1.0	0.0	0.0	1.0	0.0	2.0	1.0	0.0	0.0	1.0	0.0	0.0	0.0	3.0	0.0	0.0	0.0	0.0	0.0	0.0	0.0	0.0	0.0	0.0	0.0	0.0	0.0	1.0	1.0	0.0	0.0	0.0	0.0	1.0	0.0	0.0	0.0	0.0	0.0	2.0	0.0	1.0	0.0	1.0	1.0	0.0	2.0	0.0	1.0	0.0	0.8111111111111111	0.0	7.777777777777778	95.54333333333334	-2.54	-0.6	10.12	138.93400000000003	0.011111111111111	0.0	7.922222222222222	119.9211111111111	9	5	9	9	5	9
8eoo	A	LAWLRGYFDY	YYGGS	GGSISGSNY	0.0	0.0	1.0	0.0	0.0	0.0	0.0	3.0	0.0	1.0	0.0	0.0	0.0	0.0	0.0	3.0	0.0	0.0	1.0	0.0	0.0	0.0	0.0	0.0	0.0	0.0	0.0	2.0	0.0	0.0	0.0	0.0	0.0	0.0	0.0	1.0	0.0	0.0	2.0	0.0	1.0	1.0	0.0	1.0	0.0	0.0	0.0	1.0	0.0	0.0	2.0	0.0	0.0	1.0	0.0	0.0	0.0	1.0	2.0	0.0	-0.4333333333333333	0.0	8.622222222222222	97.42666666666668	-0.8400000000000001	0.0	7.92	112.708	0.0299999999999999	0.0	7.340000000000001	130.349	9	5	10	9	5	10
7xeg	C	VLPMYGDYLDY	YPGGT	GFTVGWN	0.0	0.0	1.0	0.0	0.0	0.0	0.0	2.0	0.0	0.0	0.0	0.0	0.0	1.0	0.0	0.0	1.0	1.0	0.0	1.0	0.0	0.0	0.0	0.0	0.0	0.0	0.0	2.0	0.0	0.0	0.0	0.0	0.0	0.0	1.0	0.0	1.0	0.0	1.0	0.0	0.0	0.0	0.0	2.0	0.0	0.0	0.0	1.0	0.0	0.0	2.0	0.0	1.0	0.0	1.0	0.0	0.0	0.0	3.0	1.0	0.1571428571428571	0.0	7.814285714285715	113.97857142857144	-0.8800000000000001	0.0	8.16	102.302	0.0727272727272726	-0.1818181818181818	7.545454545454546	122.59454545454544	7	5	11	7	5	11
7xei	C	VLPMYGDYLDY	YPGGT	GFTVGWN	0.0	0.0	1.0	0.0	0.0	0.0	0.0	2.0	0.0	0.0	0.0	0.0	0.0	1.0	0.0	0.0	1.0	1.0	0.0	1.0	0.0	0.0	0.0	0.0	0.0	0.0	0.0	2.0	0.0	0.0	0.0	0.0	0.0	0.0	1.0	0.0	1.0	0.0	1.0	0.0	0.0	0.0	0.0	2.0	0.0	0.0	0.0	1.0	0.0	0.0	2.0	0.0	1.0	0.0	1.0	0.0	0.0	0.0	3.0	1.0	0.1571428571428571	0.0	7.814285714285715	113.97857142857144	-0.8800000000000001	0.0	8.16	102.302	0.0727272727272726	-0.1818181818181818	7.545454545454546	122.59454545454544	7	5	11	7	5	11
8h07	E	GSGGIHDAFDI	YTGGN	GFTVS	0.0	0.0	0.0	0.0	0.0	0.0	0.0	1.0	0.0	0.0	0.0	0.0	0.0	1.0	0.0	1.0	1.0	0.0	0.0	1.0	0.0	0.0	1.0	0.0	0.0	0.0	0.0	2.0	0.0	0.0	0.0	0.0	0.0	0.0	0.0	0.0	1.0	0.0	1.0	0.0	1.0	0.0	0.0	2.0	0.0	0.0	0.0	3.0	1.0	2.0	0.0	0.0	0.0	1.0	0.0	1.0	0.0	0.0	0.0	0.0	1.02	0.0	7.58	101.91	-1.26	0.0	8.879999999999999	105.7	0.1272727272727272	-0.0909090909090909	8.754545454545454	102.19363636363636	5	5	11	5	5	11
8h08	D	GSGGIHDAFDI	YTGGN	GFTVS	0.0	0.0	0.0	0.0	0.0	0.0	0.0	1.0	0.0	0.0	0.0	0.0	0.0	1.0	0.0	1.0	1.0	0.0	0.0	1.0	0.0	0.0	1.0	0.0	0.0	0.0	0.0	2.0	0.0	0.0	0.0	0.0	0.0	0.0	0.0	0.0	1.0	0.0	1.0	0.0	1.0	0.0	0.0	2.0	0.0	0.0	0.0	3.0	1.0	2.0	0.0	0.0	0.0	1.0	0.0	1.0	0.0	0.0	0.0	0.0	1.02	0.0	7.58	101.91	-1.26	0.0	8.879999999999999	105.7	0.1272727272727272	-0.0909090909090909	8.754545454545454	102.19363636363636	5	5	11	5	5	11
7xsc	A	HPYGDHA	YSGGS	GFTVSSN	0.0	0.0	1.0	0.0	0.0	0.0	0.0	1.0	0.0	0.0	0.0	0.0	0.0	1.0	0.0	2.0	1.0	0.0	0.0	1.0	0.0	0.0	0.0	0.0	0.0	0.0	0.0	2.0	0.0	0.0	0.0	0.0	0.0	0.0	0.0	2.0	0.0	0.0	1.0	0.0	1.0	0.0	0.0	1.0	0.0	0.0	0.0	1.0	2.0	0.0	0.0	0.0	0.0	0.0	1.0	0.0	0.0	0.0	1.0	0.0	0.1142857142857142	0.0	8.385714285714284	101.53428571428572	-0.74	0.0	8.52	97.488	-1.6285714285714286	0.1428571428571428	9.3	113.68571428571428	7	5	7	7	5	7
8cwi	H	EATAGFDY	WYDGSD	GFTFSSY	0.0	0.0	0.0	0.0	0.0	0.0	0.0	1.0	0.0	0.0	0.0	0.0	0.0	2.0	0.0	2.0	1.0	0.0	1.0	0.0	0.0	0.0	0.0	2.0	0.0	0.0	0.0	1.0	0.0	0.0	0.0	0.0	0.0	0.0	0.0	1.0	0.0	1.0	1.0	0.0	2.0	0.0	0.0	1.0	0.0	0.0	1.0	1.0	0.0	0.0	0.0	0.0	0.0	1.0	0.0	0.0	1.0	0.0	1.0	0.0	0.2285714285714285	0.0	7.514285714285714	115.40857142857143	-1.7333333333333334	-0.3333333333333333	9.3	123.61833333333334	-0.375	-0.25	8.8125	109.11125	7	6	8	7	6	8
8cwk	H	EATAGFDY	WYDGSD	GFTFSSY	0.0	0.0	0.0	0.0	0.0	0.0	0.0	1.0	0.0	0.0	0.0	0.0	0.0	2.0	0.0	2.0	1.0	0.0	1.0	0.0	0.0	0.0	0.0	2.0	0.0	0.0	0.0	1.0	0.0	0.0	0.0	0.0	0.0	0.0	0.0	1.0	0.0	1.0	1.0	0.0	2.0	0.0	0.0	1.0	0.0	0.0	1.0	1.0	0.0	0.0	0.0	0.0	0.0	1.0	0.0	0.0	1.0	0.0	1.0	0.0	0.2285714285714285	0.0	7.514285714285714	115.40857142857143	-1.7333333333333334	-0.3333333333333333	9.3	123.61833333333334	-0.375	-0.25	8.8125	109.11125	7	6	8	7	6	8
8dnn	B	STRELPEVVDWYFDL	IPIFGT	GGTFNRY	0.0	1.0	1.0	0.0	0.0	0.0	0.0	2.0	0.0	0.0	0.0	0.0	0.0	1.0	0.0	0.0	1.0	0.0	1.0	0.0	0.0	0.0	0.0	0.0	0.0	0.0	0.0	1.0	0.0	2.0	0.0	0.0	0.0	1.0	1.0	0.0	1.0	0.0	0.0	0.0	0.0	1.0	0.0	2.0	0.0	0.0	2.0	0.0	0.0	0.0	2.0	0.0	0.0	1.0	1.0	1.0	1.0	1.0	1.0	2.0	-1.1428571428571428	0.1428571428571428	8.585714285714285	118.83857142857144	1.5166666666666666	0.0	6.866666666666667	107.79666666666668	-0.3333333333333333	-0.2	8.353333333333333	123.40533333333332	7	6	15	7	6	15
8bse	H	EPYGDKA	YSGGS	GFTVSSN	0.0	0.0	1.0	0.0	0.0	0.0	0.0	1.0	0.0	0.0	0.0	0.0	0.0	1.0	0.0	2.0	1.0	0.0	0.0	1.0	0.0	0.0	0.0	0.0	0.0	0.0	0.0	2.0	0.0	0.0	0.0	0.0	0.0	0.0	0.0	2.0	0.0	0.0	1.0	0.0	1.0	0.0	0.0	1.0	0.0	0.0	1.0	1.0	0.0	0.0	0.0	1.0	0.0	0.0	1.0	0.0	0.0	0.0	1.0	0.0	0.1142857142857142	0.0	8.385714285714284	101.53428571428572	-0.74	0.0	8.52	97.488	-1.7714285714285716	-0.1428571428571428	9.7	111.26	7	5	7	7	5	7
8bsf	H	HPIHGYGSGSLYNPDY	YPGDSD	GYSFANY	1.0	0.0	1.0	0.0	0.0	0.0	0.0	1.0	0.0	0.0	0.0	0.0	0.0	1.0	0.0	1.0	0.0	0.0	2.0	0.0	0.0	0.0	0.0	2.0	0.0	0.0	0.0	1.0	0.0	0.0	0.0	0.0	0.0	0.0	1.0	1.0	0.0	0.0	1.0	0.0	0.0	0.0	1.0	1.0	0.0	0.0	0.0	3.0	2.0	1.0	1.0	0.0	0.0	0.0	2.0	2.0	0.0	0.0	3.0	0.0	-0.3857142857142857	0.0	7.928571428571429	117.26571428571428	-1.85	-0.3333333333333333	9.733333333333333	108.76833333333332	-0.9375	0.0625	8.46875	113.305625	7	6	16	7	6	16
8hn6	A	DLSYYGMDV	YAGGS	GLTVSSN	0.0	0.0	1.0	0.0	0.0	0.0	0.0	1.0	0.0	0.0	1.0	0.0	0.0	0.0	0.0	2.0	1.0	0.0	0.0	1.0	1.0	0.0	0.0	0.0	0.0	0.0	0.0	2.0	0.0	0.0	0.0	0.0	0.0	0.0	0.0	1.0	0.0	0.0	1.0	0.0	0.0	0.0	0.0	2.0	0.0	0.0	0.0	1.0	0.0	0.0	1.0	0.0	1.0	0.0	0.0	1.0	0.0	0.0	2.0	1.0	0.2571428571428571	0.0	8.342857142857143	96.67428571428572	-0.22	0.0	8.3	94.288	-0.1	-0.2222222222222222	8.122222222222222	118.01777777777778	7	5	9	7	5	9
8hn7	B	ALRYSTSWYDY	HNSGNP	GFAFSTY	1.0	0.0	0.0	0.0	0.0	0.0	0.0	1.0	0.0	0.0	0.0	0.0	0.0	2.0	0.0	1.0	1.0	0.0	1.0	0.0	0.0	0.0	2.0	0.0	0.0	0.0	0.0	1.0	1.0	0.0	0.0	0.0	0.0	0.0	1.0	1.0	0.0	0.0	0.0	0.0	1.0	1.0	0.0	1.0	0.0	0.0	0.0	0.0	0.0	0.0	1.0	0.0	0.0	0.0	0.0	2.0	1.0	1.0	3.0	0.0	0.5999999999999999	0.0	7.357142857142857	113.12285714285714	-2.1666666666666665	0.1666666666666666	9.966666666666669	104.10166666666667	-0.8636363636363636	0.0	7.954545454545454	127.8681818181818	7	6	11	7	6	11
7xsa	B	HRIGYIFDY	YWDDD	GFSLSTSGV	0.0	0.0	0.0	0.0	0.0	0.0	0.0	2.0	0.0	0.0	1.0	0.0	0.0	1.0	0.0	3.0	1.0	0.0	0.0	1.0	0.0	0.0	0.0	3.0	0.0	0.0	0.0	0.0	0.0	0.0	0.0	0.0	0.0	0.0	0.0	0.0	0.0	1.0	1.0	0.0	0.0	1.0	0.0	1.0	0.0	0.0	0.0	1.0	1.0	2.0	0.0	0.0	0.0	1.0	0.0	0.0	0.0	0.0	2.0	0.0	0.7666666666666666	0.0	7.800000000000001	96.88	-2.54	-0.6	10.12	138.93400000000003	-0.2666666666666667	0.1111111111111111	7.877777777777778	131.4811111111111	9	5	9	9	5	9
7xsb	H	LRWLRGNFDH	KEDGSE	GLTFTGY	0.0	0.0	0.0	0.0	0.0	0.0	0.0	2.0	0.0	0.0	1.0	0.0	0.0	1.0	0.0	0.0	2.0	0.0	1.0	0.0	0.0	0.0	0.0	1.0	0.0	0.0	2.0	1.0	0.0	0.0	0.0	1.0	0.0	0.0	0.0	1.0	0.0	0.0	0.0	0.0	0.0	2.0	1.0	1.0	0.0	0.0	0.0	1.0	1.0	0.0	2.0	0.0	0.0	1.0	0.0	0.0	0.0	1.0	0.0	0.0	0.4428571428571428	0.0	7.357142857142857	110.83428571428573	-2.6	-0.3333333333333333	11.183333333333332	110.60666666666668	-1.0100000000000002	0.2	8.540000000000001	131.349	7	6	10	7	6	10
8a99	R	SAYYSESSGYYLDY	IPMFGI	GGTFNTY	0.0	0.0	1.0	0.0	0.0	0.0	0.0	2.0	0.0	0.0	0.0	0.0	0.0	1.0	0.0	0.0	2.0	0.0	1.0	0.0	0.0	0.0	0.0	0.0	0.0	0.0	0.0	1.0	0.0	2.0	0.0	0.0	1.0	1.0	1.0	0.0	0.0	0.0	0.0	0.0	1.0	0.0	0.0	1.0	0.0	0.0	1.0	1.0	0.0	0.0	1.0	0.0	0.0	0.0	0.0	4.0	0.0	0.0	5.0	0.0	-0.6	0.0	8.314285714285715	110.97	1.95	0.0	6.383333333333333	112.81166666666668	-0.8214285714285714	-0.1428571428571428	8.221428571428572	119.12285714285714	7	6	14	7	6	14
8f0h	B	DSGRKLLWGREDYYMGV	TWNSGT	GFTFDDY	0.0	0.0	0.0	2.0	0.0	0.0	0.0	1.0	0.0	0.0	0.0	0.0	0.0	2.0	0.0	0.0	1.0	0.0	1.0	0.0	0.0	0.0	1.0	0.0	0.0	0.0	0.0	1.0	0.0	0.0	0.0	0.0	0.0	0.0	0.0	1.0	2.0	1.0	0.0	0.0	0.0	2.0	0.0	2.0	0.0	0.0	1.0	3.0	0.0	0.0	2.0	1.0	1.0	0.0	0.0	1.0	0.0	1.0	2.0	1.0	-0.5428571428571429	-0.2857142857142857	8.6	123.41142857142856	-1.1666666666666667	0.0	8.733333333333333	110.78	-0.8941176470588236	0.0	8.588235294117647	122.43058823529412	7	6	17	7	6	17
8gs9	H	SLGDRFDF	YAGGS	EIIVSRN	0.0	1.0	1.0	0.0	0.0	0.0	1.0	0.0	0.0	2.0	0.0	0.0	0.0	0.0	0.0	1.0	0.0	0.0	0.0	1.0	1.0	0.0	0.0	0.0	0.0	0.0	0.0	2.0	0.0	0.0	0.0	0.0	0.0	0.0	0.0	1.0	0.0	0.0	1.0	0.0	0.0	1.0	0.0	2.0	0.0	0.0	0.0	1.0	0.0	0.0	1.0	0.0	0.0	2.0	0.0	1.0	0.0	0.0	0.0	0.0	0.1285714285714286	0.0	8.557142857142857	115.99285714285716	-0.22	0.0	8.3	94.288	-0.4125000000000001	-0.125	8.75	119.5025	7	5	8	7	5	8
7xik	H	EAYGMDV	YPGGS	GFIVGWN	0.0	0.0	1.0	0.0	0.0	0.0	0.0	2.0	0.0	1.0	0.0	0.0	0.0	1.0	0.0	0.0	0.0	1.0	0.0	1.0	0.0	0.0	0.0	0.0	0.0	0.0	0.0	2.0	0.0	0.0	0.0	0.0	0.0	0.0	1.0	1.0	0.0	0.0	1.0	0.0	1.0	0.0	0.0	1.0	0.0	0.0	1.0	1.0	0.0	0.0	0.0	0.0	1.0	0.0	0.0	0.0	0.0	0.0	1.0	1.0	0.9	0.0	7.328571428571428	115.7	-0.9	0.0	8.28	99.496	-0.1142857142857142	-0.2857142857142857	8.6	111.97857142857144	7	5	7	7	5	7
7xil	H	EAYGMDV	YPGGS	GFIVGWN	0.0	0.0	1.0	0.0	0.0	0.0	0.0	2.0	0.0	1.0	0.0	0.0	0.0	1.0	0.0	0.0	0.0	1.0	0.0	1.0	0.0	0.0	0.0	0.0	0.0	0.0	0.0	2.0	0.0	0.0	0.0	0.0	0.0	0.0	1.0	1.0	0.0	0.0	1.0	0.0	1.0	0.0	0.0	1.0	0.0	0.0	1.0	1.0	0.0	0.0	0.0	0.0	1.0	0.0	0.0	0.0	0.0	0.0	1.0	1.0	0.9	0.0	7.328571428571428	115.7	-0.9	0.0	8.28	99.496	-0.1142857142857142	-0.2857142857142857	8.6	111.97857142857144	7	5	7	7	5	7
7xs8	A	DLQVYGMDV	YSGGS	GITVSSN	0.0	0.0	1.0	0.0	0.0	0.0	0.0	1.0	0.0	1.0	0.0	0.0	0.0	0.0	0.0	2.0	1.0	0.0	0.0	1.0	0.0	0.0	0.0	0.0	0.0	0.0	0.0	2.0	0.0	0.0	0.0	0.0	0.0	0.0	0.0	2.0	0.0	0.0	1.0	0.0	0.0	0.0	0.0	2.0	0.0	1.0	0.0	1.0	0.0	0.0	1.0	0.0	1.0	0.0	0.0	0.0	0.0	0.0	1.0	2.0	0.3571428571428571	0.0	8.385714285714284	96.67428571428572	-0.74	0.0	8.52	97.488	0.2111111111111111	-0.2222222222222222	8.233333333333333	115.46222222222224	7	5	9	7	5	9
7wn2	H	EFDLTKIIMVPPY	SSSGSS	GFTFSDY	0.0	0.0	0.0	1.0	0.0	0.0	0.0	1.0	0.0	0.0	0.0	0.0	0.0	2.0	0.0	1.0	1.0	0.0	1.0	0.0	0.0	0.0	0.0	0.0	0.0	0.0	0.0	1.0	0.0	0.0	0.0	0.0	0.0	0.0	0.0	5.0	0.0	0.0	0.0	0.0	0.0	0.0	0.0	1.0	0.0	0.0	1.0	0.0	0.0	2.0	1.0	1.0	1.0	1.0	2.0	0.0	1.0	0.0	1.0	1.0	-0.1571428571428572	-0.1428571428571428	8.057142857142857	119.41	-0.7333333333333334	0.0	9.166666666666666	85.075	0.4307692307692307	-0.0769230769230769	7.653846153846154	119.07	7	6	13	7	6	13
7wnb	H	DLVVYGLDY	YSGGS	GFIVSRN	0.0	1.0	1.0	0.0	0.0	0.0	0.0	1.0	0.0	1.0	0.0	0.0	0.0	1.0	0.0	1.0	0.0	0.0	0.0	1.0	0.0	0.0	0.0	0.0	0.0	0.0	0.0	2.0	0.0	0.0	0.0	0.0	0.0	0.0	0.0	2.0	0.0	0.0	1.0	0.0	0.0	0.0	0.0	2.0	0.0	0.0	0.0	1.0	0.0	0.0	2.0	0.0	0.0	0.0	0.0	0.0	0.0	0.0	2.0	2.0	0.3285714285714285	0.1428571428571428	8.085714285714285	113.12857142857142	-0.74	0.0	8.52	97.488	0.6666666666666666	-0.2222222222222222	7.666666666666667	117.35222222222222	7	5	9	7	5	9
7xj6	E	GTEYGDYDVSHD	IPILGI	GGTFSSY	0.0	0.0	0.0	0.0	0.0	0.0	0.0	2.0	0.0	0.0	0.0	0.0	0.0	1.0	0.0	2.0	1.0	0.0	1.0	0.0	0.0	0.0	0.0	0.0	0.0	0.0	0.0	1.0	0.0	3.0	1.0	0.0	0.0	0.0	1.0	0.0	0.0	0.0	0.0	0.0	0.0	0.0	0.0	3.0	0.0	0.0	1.0	2.0	1.0	0.0	0.0	0.0	0.0	0.0	0.0	1.0	1.0	0.0	2.0	1.0	-0.2285714285714286	0.0	8.057142857142857	105.10428571428572	2.55	0.0	6.25	104.135	-1.4916666666666665	-0.25	9.65	114.60916666666668	7	6	12	7	6	12
7xj8	G	GTEYGDYDVSHD	IPILGI	GGTFSSY	0.0	0.0	0.0	0.0	0.0	0.0	0.0	2.0	0.0	0.0	0.0	0.0	0.0	1.0	0.0	2.0	1.0	0.0	1.0	0.0	0.0	0.0	0.0	0.0	0.0	0.0	0.0	1.0	0.0	3.0	1.0	0.0	0.0	0.0	1.0	0.0	0.0	0.0	0.0	0.0	0.0	0.0	0.0	3.0	0.0	0.0	1.0	2.0	1.0	0.0	0.0	0.0	0.0	0.0	0.0	1.0	1.0	0.0	2.0	1.0	-0.2285714285714286	0.0	8.057142857142857	105.10428571428572	2.55	0.0	6.25	104.135	-1.4916666666666665	-0.25	9.65	114.60916666666668	7	6	12	7	6	12
7xj9	G	GTEYGDYDVSHD	IPILGI	GGTFSSY	0.0	0.0	0.0	0.0	0.0	0.0	0.0	2.0	0.0	0.0	0.0	0.0	0.0	1.0	0.0	2.0	1.0	0.0	1.0	0.0	0.0	0.0	0.0	0.0	0.0	0.0	0.0	1.0	0.0	3.0	1.0	0.0	0.0	0.0	1.0	0.0	0.0	0.0	0.0	0.0	0.0	0.0	0.0	3.0	0.0	0.0	1.0	2.0	1.0	0.0	0.0	0.0	0.0	0.0	0.0	1.0	1.0	0.0	2.0	1.0	-0.2285714285714286	0.0	8.057142857142857	105.10428571428572	2.55	0.0	6.25	104.135	-1.4916666666666665	-0.25	9.65	114.60916666666668	7	6	12	7	6	12
7zjl	j	GSDYGDYLLVY	SYDGSN	GFTFSNY	0.0	0.0	1.0	0.0	0.0	0.0	0.0	1.0	0.0	0.0	0.0	0.0	0.0	2.0	0.0	1.0	1.0	0.0	1.0	0.0	0.0	0.0	1.0	1.0	0.0	0.0	0.0	1.0	0.0	0.0	0.0	0.0	0.0	0.0	0.0	2.0	0.0	0.0	1.0	0.0	0.0	0.0	0.0	2.0	0.0	0.0	0.0	2.0	0.0	0.0	2.0	0.0	0.0	0.0	0.0	1.0	0.0	0.0	3.0	1.0	-0.1571428571428572	0.0	7.857142857142857	119.27	-1.7166666666666668	-0.1666666666666666	9.7	106.93166666666669	-0.0636363636363636	-0.1818181818181818	7.954545454545454	116.57727272727271	7	6	11	7	6	11
8i5h	H	DLVVYGLDY	YSGGS	GFIVSRN	0.0	1.0	1.0	0.0	0.0	0.0	0.0	1.0	0.0	1.0	0.0	0.0	0.0	1.0	0.0	1.0	0.0	0.0	0.0	1.0	0.0	0.0	0.0	0.0	0.0	0.0	0.0	2.0	0.0	0.0	0.0	0.0	0.0	0.0	0.0	2.0	0.0	0.0	1.0	0.0	0.0	0.0	0.0	2.0	0.0	0.0	0.0	1.0	0.0	0.0	2.0	0.0	0.0	0.0	0.0	0.0	0.0	0.0	2.0	2.0	0.3285714285714285	0.1428571428571428	8.085714285714285	113.12857142857142	-0.74	0.0	8.52	97.488	0.6666666666666666	-0.2222222222222222	7.666666666666667	117.35222222222222	7	5	9	7	5	9
8i5i	H	EFDLTKIIMVPPY	SSSGSS	GFTFSDY	0.0	0.0	0.0	1.0	0.0	0.0	0.0	1.0	0.0	0.0	0.0	0.0	0.0	2.0	0.0	1.0	1.0	0.0	1.0	0.0	0.0	0.0	0.0	0.0	0.0	0.0	0.0	1.0	0.0	0.0	0.0	0.0	0.0	0.0	0.0	5.0	0.0	0.0	0.0	0.0	0.0	0.0	0.0	1.0	0.0	0.0	1.0	0.0	0.0	2.0	1.0	1.0	1.0	1.0	2.0	0.0	1.0	0.0	1.0	1.0	-0.1571428571428572	-0.1428571428571428	8.057142857142857	119.41	-0.7333333333333334	0.0	9.166666666666666	85.075	0.4307692307692307	-0.0769230769230769	7.653846153846154	119.07	7	6	13	7	6	13
7x94	H	IPIRDYDYDGSGYYYFLDY	NTNTGN	GYTFINH	0.0	0.0	1.0	0.0	0.0	0.0	0.0	1.0	1.0	1.0	0.0	0.0	0.0	1.0	0.0	0.0	1.0	0.0	1.0	0.0	0.0	0.0	3.0	0.0	0.0	0.0	0.0	1.0	0.0	0.0	0.0	0.0	0.0	0.0	0.0	0.0	2.0	0.0	0.0	0.0	0.0	1.0	0.0	4.0	0.0	0.0	0.0	2.0	0.0	2.0	1.0	0.0	0.0	1.0	1.0	1.0	0.0	0.0	6.0	0.0	-0.2571428571428572	0.1428571428571428	8.028571428571428	121.56142857142856	-2.0500000000000003	0.0	10.166666666666666	103.26666666666668	-0.7315789473684211	-0.1578947368421052	8.178947368421053	127.18894736842104	7	6	19	7	6	19
7x95	H	TQSLWFGQFYYIYGMDV	SPDGKN	GFTFSSY	0.0	0.0	0.0	0.0	0.0	0.0	0.0	1.0	0.0	0.0	0.0	0.0	0.0	2.0	0.0	2.0	1.0	0.0	1.0	0.0	0.0	0.0	1.0	1.0	0.0	0.0	0.0	1.0	0.0	0.0	0.0	1.0	0.0	0.0	1.0	1.0	0.0	0.0	0.0	0.0	0.0	0.0	0.0	1.0	0.0	2.0	0.0	2.0	0.0	1.0	1.0	0.0	1.0	2.0	0.0	1.0	1.0	1.0	3.0	1.0	0.2285714285714285	0.0	7.514285714285714	115.40857142857143	-2.283333333333333	0.0	10.35	102.77166666666666	0.1411764705882352	-0.0588235294117647	7.405882352941177	125.67117647058822	7	6	17	7	6	17
7x96	H	HIVVLDRWFDP	DPSRGT	GYTFTSY	0.0	0.0	0.0	0.0	0.0	0.0	0.0	1.0	0.0	0.0	0.0	0.0	0.0	1.0	0.0	1.0	2.0	0.0	2.0	0.0	0.0	1.0	0.0	1.0	0.0	0.0	0.0	1.0	0.0	0.0	0.0	0.0	0.0	0.0	1.0	1.0	1.0	0.0	0.0	0.0	0.0	1.0	0.0	2.0	0.0	0.0	0.0	0.0	1.0	1.0	1.0	0.0	0.0	1.0	1.0	0.0	0.0	1.0	0.0	2.0	-0.3428571428571429	0.0	7.571428571428571	119.69857142857144	-1.9166666666666667	0.0	9.716666666666669	105.27333333333333	0.209090909090909	0.0	7.945454545454546	125.3281818181818	7	6	11	7	6	11
8bbo	H	GGTDDYVDY	FTSGT	GDSINSGIN	0.0	0.0	2.0	1.0	0.0	0.0	0.0	2.0	0.0	2.0	0.0	0.0	0.0	0.0	0.0	2.0	0.0	0.0	0.0	0.0	0.0	0.0	0.0	0.0	0.0	0.0	0.0	1.0	0.0	0.0	0.0	0.0	0.0	1.0	0.0	1.0	2.0	0.0	0.0	0.0	0.0	0.0	0.0	3.0	0.0	0.0	0.0	2.0	0.0	0.0	0.0	0.0	0.0	0.0	0.0	0.0	1.0	0.0	2.0	1.0	-0.4333333333333333	-0.1111111111111111	9.22222222222222	99.32111111111112	0.0399999999999999	0.0	8.120000000000001	102.306	-1.1555555555555557	-0.3333333333333333	9.322222222222225	113.55222222222224	9	5	9	9	5	9
8bcz	H	PIVGGIAGMDV	YSGGS	GFTVTVN	0.0	0.0	1.0	0.0	0.0	0.0	0.0	1.0	0.0	0.0	0.0	0.0	0.0	1.0	0.0	0.0	2.0	0.0	0.0	2.0	0.0	0.0	0.0	0.0	0.0	0.0	0.0	2.0	0.0	0.0	0.0	0.0	0.0	0.0	0.0	2.0	0.0	0.0	1.0	0.0	1.0	0.0	0.0	1.0	0.0	0.0	0.0	3.0	0.0	2.0	0.0	0.0	1.0	0.0	1.0	0.0	0.0	0.0	0.0	2.0	0.8428571428571429	0.0	7.828571428571428	105.26	-0.74	0.0	8.52	97.488	1.3454545454545457	-0.0909090909090909	7.636363636363637	96.74727272727272	7	5	11	7	5	11
7u8e	H	SPIGYCSSTKCYIDKPFDS	HHSGK	GDSIGTY	0.0	0.0	0.0	1.0	0.0	0.0	0.0	2.0	0.0	1.0	0.0	0.0	0.0	0.0	0.0	1.0	1.0	0.0	1.0	0.0	0.0	0.0	0.0	0.0	0.0	0.0	0.0	1.0	2.0	0.0	0.0	1.0	0.0	0.0	0.0	1.0	0.0	0.0	0.0	0.0	0.0	0.0	0.0	2.0	2.0	0.0	0.0	1.0	0.0	2.0	0.0	2.0	0.0	1.0	2.0	4.0	1.0	0.0	2.0	0.0	-0.3714285714285714	-0.1428571428571428	8.6	104.24571428571429	-2.3	0.6	10.06	112.91799999999998	-0.4263157894736842	0.0	8.31578947368421	111.12736842105264	7	5	19	7	5	19
7xdl	E	ELGHDY	NHSGN	GESFSGY	0.0	0.0	0.0	0.0	0.0	0.0	1.0	2.0	0.0	0.0	0.0	0.0	0.0	1.0	0.0	2.0	0.0	0.0	1.0	0.0	0.0	0.0	2.0	0.0	0.0	0.0	0.0	1.0	1.0	0.0	0.0	0.0	0.0	0.0	0.0	1.0	0.0	0.0	0.0	0.0	0.0	0.0	0.0	1.0	0.0	0.0	1.0	1.0	1.0	0.0	1.0	0.0	0.0	0.0	0.0	0.0	0.0	0.0	1.0	0.0	-0.6285714285714287	-0.1428571428571428	8.585714285714285	109.10571428571428	-2.28	0.2	10.36	105.498	-1.35	-0.1666666666666666	9.3	122.12333333333332	7	5	6	7	5	6
7soe	B	VLVWFGEVLPDAFDV	YWNDD	GFSVNTGGV	0.0	0.0	1.0	0.0	0.0	0.0	0.0	3.0	0.0	0.0	0.0	0.0	0.0	1.0	0.0	1.0	1.0	0.0	0.0	2.0	0.0	0.0	1.0	2.0	0.0	0.0	0.0	0.0	0.0	0.0	0.0	0.0	0.0	0.0	0.0	0.0	0.0	1.0	1.0	0.0	1.0	0.0	0.0	2.0	0.0	0.0	1.0	1.0	0.0	0.0	2.0	0.0	0.0	2.0	1.0	0.0	0.0	1.0	0.0	4.0	0.5555555555555556	0.0	8.155555555555557	96.98777777777778	-2.54	-0.4	9.84	138.738	1.2266666666666666	-0.2	7.506666666666667	113.73133333333334	9	5	15	9	5	15
7ru8	H	DFRYCSSTRCYFWFDP	IPIIGT	GGTFSIY	0.0	0.0	0.0	0.0	0.0	0.0	0.0	2.0	0.0	1.0	0.0	0.0	0.0	1.0	0.0	1.0	1.0	0.0	1.0	0.0	0.0	0.0	0.0	0.0	0.0	0.0	0.0	1.0	0.0	3.0	0.0	0.0	0.0	0.0	1.0	0.0	1.0	0.0	0.0	0.0	0.0	2.0	0.0	2.0	2.0	0.0	0.0	0.0	0.0	0.0	0.0	0.0	0.0	3.0	1.0	2.0	1.0	1.0	2.0	0.0	0.5285714285714286	0.0	7.485714285714286	108.83	1.8	0.0	6.866666666666667	102.12666666666668	-0.625	0.0	7.9	129.710625	7	6	16	7	6	16
7s5q	B	PYCSGGTCHDGFDI	VVGSGN	GITFTSS	0.0	0.0	0.0	0.0	0.0	0.0	0.0	1.0	0.0	1.0	0.0	0.0	0.0	1.0	0.0	2.0	2.0	0.0	0.0	0.0	0.0	0.0	1.0	0.0	0.0	0.0	0.0	2.0	0.0	0.0	0.0	0.0	0.0	0.0	0.0	1.0	0.0	0.0	0.0	2.0	0.0	0.0	0.0	2.0	2.0	0.0	0.0	3.0	1.0	1.0	0.0	0.0	0.0	1.0	1.0	1.0	1.0	0.0	1.0	0.0	0.5571428571428572	0.0	7.857142857142857	101.68142857142855	0.55	0.0	8.433333333333334	91.59166666666664	-0.25	-0.0714285714285714	8.342857142857143	107.68571428571428	7	6	14	7	6	14
7ru5	H	DFRYCSSTRCYFWFDP	IPIIGT	GGTFSIY	0.0	0.0	0.0	0.0	0.0	0.0	0.0	2.0	0.0	1.0	0.0	0.0	0.0	1.0	0.0	1.0	1.0	0.0	1.0	0.0	0.0	0.0	0.0	0.0	0.0	0.0	0.0	1.0	0.0	3.0	0.0	0.0	0.0	0.0	1.0	0.0	1.0	0.0	0.0	0.0	0.0	2.0	0.0	2.0	2.0	0.0	0.0	0.0	0.0	0.0	0.0	0.0	0.0	3.0	1.0	2.0	1.0	1.0	2.0	0.0	0.5285714285714286	0.0	7.485714285714286	108.83	1.8	0.0	6.866666666666667	102.12666666666668	-0.625	0.0	7.9	129.710625	7	6	16	7	6	16
7e9o	H	AVEMVRGLGADPEYGMDV	SWNSGT	GFTFDDY	0.0	0.0	0.0	2.0	0.0	0.0	0.0	1.0	0.0	0.0	0.0	0.0	0.0	2.0	0.0	0.0	1.0	0.0	1.0	0.0	0.0	0.0	1.0	0.0	0.0	0.0	0.0	1.0	0.0	0.0	0.0	0.0	0.0	0.0	0.0	2.0	1.0	1.0	0.0	0.0	2.0	1.0	0.0	2.0	0.0	0.0	2.0	3.0	0.0	0.0	1.0	0.0	2.0	0.0	1.0	0.0	0.0	0.0	1.0	3.0	-0.5428571428571429	-0.2857142857142857	8.6	123.41142857142856	-1.1833333333333331	0.0	8.833333333333334	108.44166666666666	0.0666666666666666	-0.1666666666666666	8.472222222222221	108.065	7	6	18	7	6	18
7ru4	H	RNQWDLLVY	IPILDI	GGTFSSS	0.0	0.0	0.0	0.0	0.0	0.0	0.0	2.0	0.0	0.0	0.0	0.0	0.0	1.0	0.0	3.0	1.0	0.0	0.0	0.0	0.0	0.0	0.0	1.0	0.0	0.0	0.0	0.0	0.0	3.0	1.0	0.0	0.0	0.0	1.0	0.0	0.0	0.0	0.0	0.0	0.0	1.0	1.0	1.0	0.0	1.0	0.0	0.0	0.0	0.0	2.0	0.0	0.0	0.0	0.0	0.0	0.0	1.0	1.0	1.0	-0.1571428571428572	0.0	8.485714285714286	94.23285714285714	2.033333333333333	-0.1666666666666666	6.916666666666667	110.80833333333334	-0.6000000000000001	0.0	8.100000000000001	132.0411111111111	7	6	9	7	6	9
7s5p	H	GTAMAYGMDV	YSGGS	GFTVSSN	0.0	0.0	1.0	0.0	0.0	0.0	0.0	1.0	0.0	0.0	0.0	0.0	0.0	1.0	0.0	2.0	1.0	0.0	0.0	1.0	0.0	0.0	0.0	0.0	0.0	0.0	0.0	2.0	0.0	0.0	0.0	0.0	0.0	0.0	0.0	2.0	0.0	0.0	1.0	0.0	2.0	0.0	0.0	1.0	0.0	0.0	0.0	2.0	0.0	0.0	0.0	0.0	2.0	0.0	0.0	0.0	1.0	0.0	1.0	1.0	0.1142857142857142	0.0	8.385714285714284	101.53428571428572	-0.74	0.0	8.52	97.488	0.53	-0.1	7.93	103.317	7	5	10	7	5	10
7ru3	H	RNQWDLLVY	IPILDI	GGTFSSS	0.0	0.0	0.0	0.0	0.0	0.0	0.0	2.0	0.0	0.0	0.0	0.0	0.0	1.0	0.0	3.0	1.0	0.0	0.0	0.0	0.0	0.0	0.0	1.0	0.0	0.0	0.0	0.0	0.0	3.0	1.0	0.0	0.0	0.0	1.0	0.0	0.0	0.0	0.0	0.0	0.0	1.0	1.0	1.0	0.0	1.0	0.0	0.0	0.0	0.0	2.0	0.0	0.0	0.0	0.0	0.0	0.0	1.0	1.0	1.0	-0.1571428571428572	0.0	8.485714285714286	94.23285714285714	2.033333333333333	-0.1666666666666666	6.916666666666667	110.80833333333334	-0.6000000000000001	0.0	8.100000000000001	132.0411111111111	7	6	9	7	6	9
7s5r	H	PPRNYYDRSGYYQRAEYFQH	NSSGGS	GYTFTSY	0.0	0.0	0.0	0.0	0.0	0.0	0.0	1.0	0.0	0.0	0.0	0.0	0.0	1.0	0.0	1.0	2.0	0.0	2.0	0.0	0.0	0.0	1.0	0.0	0.0	0.0	0.0	2.0	0.0	0.0	0.0	0.0	0.0	0.0	0.0	3.0	0.0	0.0	0.0	0.0	1.0	3.0	1.0	1.0	0.0	2.0	1.0	1.0	1.0	0.0	0.0	0.0	0.0	1.0	2.0	1.0	0.0	0.0	5.0	0.0	-0.3428571428571429	0.0	7.571428571428571	119.69857142857144	-1.1166666666666667	0.0	9.533333333333331	87.575	-2.025	0.1	8.915000000000001	130.541	7	6	20	7	6	20
7ul0	H	DLELGGGFDY	SPYNGN	GYTFSSY	0.0	0.0	0.0	0.0	0.0	0.0	0.0	1.0	0.0	0.0	0.0	0.0	0.0	1.0	0.0	2.0	1.0	0.0	2.0	0.0	0.0	0.0	2.0	0.0	0.0	0.0	0.0	1.0	0.0	0.0	0.0	0.0	0.0	0.0	1.0	1.0	0.0	0.0	1.0	0.0	0.0	0.0	0.0	2.0	0.0	0.0	1.0	3.0	0.0	0.0	2.0	0.0	0.0	1.0	0.0	0.0	0.0	0.0	1.0	0.0	-0.3571428571428572	0.0	7.6571428571428575	117.69428571428573	-1.85	0.0	9.266666666666667	108.44166666666666	-0.26	-0.3	8.65	112.113	7	6	10	7	6	10
7x63	H	DLGEAGGMDV	YPGGS	GITVGWN	0.0	0.0	1.0	0.0	0.0	0.0	0.0	2.0	0.0	1.0	0.0	0.0	0.0	0.0	0.0	0.0	1.0	1.0	0.0	1.0	0.0	0.0	0.0	0.0	0.0	0.0	0.0	2.0	0.0	0.0	0.0	0.0	0.0	0.0	1.0	1.0	0.0	0.0	1.0	0.0	1.0	0.0	0.0	2.0	0.0	0.0	1.0	3.0	0.0	0.0	1.0	0.0	1.0	0.0	0.0	0.0	0.0	0.0	0.0	1.0	0.4	0.0	7.814285714285715	109.1185714285714	-0.9	0.0	8.28	99.496	-1.1102230246251566e-17	-0.3	8.99	99.902	7	5	10	7	5	10
7x66	H	DLGEAGGMDV	YPGGS	GITVGWN	0.0	0.0	1.0	0.0	0.0	0.0	0.0	2.0	0.0	1.0	0.0	0.0	0.0	0.0	0.0	0.0	1.0	1.0	0.0	1.0	0.0	0.0	0.0	0.0	0.0	0.0	0.0	2.0	0.0	0.0	0.0	0.0	0.0	0.0	1.0	1.0	0.0	0.0	1.0	0.0	1.0	0.0	0.0	2.0	0.0	0.0	1.0	3.0	0.0	0.0	1.0	0.0	1.0	0.0	0.0	0.0	0.0	0.0	0.0	1.0	0.4	0.0	7.814285714285715	109.1185714285714	-0.9	0.0	8.28	99.496	-1.1102230246251566e-17	-0.3	8.99	99.902	7	5	10	7	5	10
7u0q	G	DYGDFYFDY	YSGGS	EITVSRN	0.0	1.0	1.0	0.0	0.0	0.0	1.0	0.0	0.0	1.0	0.0	0.0	0.0	0.0	0.0	1.0	1.0	0.0	0.0	1.0	0.0	0.0	0.0	0.0	0.0	0.0	0.0	2.0	0.0	0.0	0.0	0.0	0.0	0.0	0.0	2.0	0.0	0.0	1.0	0.0	0.0	0.0	0.0	3.0	0.0	0.0	0.0	1.0	0.0	0.0	0.0	0.0	0.0	2.0	0.0	0.0	0.0	0.0	3.0	0.0	-0.6142857142857142	0.0	9.042857142857144	114.27142857142856	-0.74	0.0	8.52	97.488	-1.0222222222222224	-0.3333333333333333	8.555555555555555	133.8022222222222	7	5	9	7	5	9
7u0x	F	DLSAGHCTGGVCYTAGGIDY	SYDGSD	GFTFRSY	0.0	1.0	0.0	0.0	0.0	0.0	0.0	1.0	0.0	0.0	0.0	0.0	0.0	2.0	0.0	1.0	1.0	0.0	1.0	0.0	0.0	0.0	0.0	2.0	0.0	0.0	0.0	1.0	0.0	0.0	0.0	0.0	0.0	0.0	0.0	2.0	0.0	0.0	1.0	0.0	2.0	0.0	0.0	2.0	2.0	0.0	0.0	5.0	1.0	1.0	1.0	0.0	0.0	0.0	0.0	1.0	2.0	0.0	2.0	1.0	-0.3000000000000001	0.1428571428571428	7.7	125.28142857142858	-1.7166666666666668	-0.3333333333333333	9.933333333333334	107.095	0.205	-0.05	8.17	101.607	7	6	20	7	6	20
7x2h	A	DSSGWHWGVPFDY	SYDGSN	GFTFSTY	0.0	0.0	0.0	0.0	0.0	0.0	0.0	1.0	0.0	0.0	0.0	0.0	0.0	2.0	0.0	1.0	2.0	0.0	1.0	0.0	0.0	0.0	1.0	1.0	0.0	0.0	0.0	1.0	0.0	0.0	0.0	0.0	0.0	0.0	0.0	2.0	0.0	0.0	1.0	0.0	0.0	0.0	0.0	2.0	0.0	0.0	0.0	2.0	1.0	0.0	0.0	0.0	0.0	1.0	1.0	2.0	0.0	2.0	1.0	1.0	0.2428571428571428	0.0	7.428571428571429	117.41285714285712	-1.7166666666666668	-0.1666666666666666	9.7	106.93166666666669	-0.7923076923076924	-0.0769230769230769	8.376923076923077	120.81769230769233	7	6	13	7	6	13
7xcz	D	ASITTTDDGMDV	SFDGSN	GFTFSSY	0.0	0.0	0.0	0.0	0.0	0.0	0.0	1.0	0.0	0.0	0.0	0.0	0.0	2.0	0.0	2.0	1.0	0.0	1.0	0.0	0.0	0.0	1.0	1.0	0.0	0.0	0.0	1.0	0.0	0.0	0.0	0.0	0.0	1.0	0.0	2.0	0.0	0.0	0.0	0.0	1.0	0.0	0.0	3.0	0.0	0.0	0.0	1.0	0.0	1.0	0.0	0.0	1.0	0.0	0.0	1.0	3.0	0.0	0.0	1.0	0.2285714285714285	0.0	7.514285714285714	115.40857142857143	-1.0333333333333334	-0.1666666666666666	9.533333333333331	104.265	-0.1166666666666666	-0.25	8.991666666666667	102.10833333333332	7	6	12	7	6	12
7xda	B	ELGHDY	NHSGN	GESFSGY	0.0	0.0	0.0	0.0	0.0	0.0	1.0	2.0	0.0	0.0	0.0	0.0	0.0	1.0	0.0	2.0	0.0	0.0	1.0	0.0	0.0	0.0	2.0	0.0	0.0	0.0	0.0	1.0	1.0	0.0	0.0	0.0	0.0	0.0	0.0	1.0	0.0	0.0	0.0	0.0	0.0	0.0	0.0	1.0	0.0	0.0	1.0	1.0	1.0	0.0	1.0	0.0	0.0	0.0	0.0	0.0	0.0	0.0	1.0	0.0	-0.6285714285714287	-0.1428571428571428	8.585714285714285	109.10571428571428	-2.28	0.2	10.36	105.498	-1.35	-0.1666666666666666	9.3	122.12333333333332	7	5	6	7	5	6
7xdb	D	HPGGGDWYFDL	YPDDSD	GYSFTSYY	0.0	0.0	0.0	0.0	0.0	0.0	0.0	1.0	0.0	0.0	0.0	0.0	0.0	1.0	0.0	2.0	1.0	0.0	3.0	0.0	0.0	0.0	0.0	3.0	0.0	0.0	0.0	0.0	0.0	0.0	0.0	0.0	0.0	0.0	1.0	1.0	0.0	0.0	1.0	0.0	0.0	0.0	0.0	2.0	0.0	0.0	0.0	3.0	1.0	0.0	1.0	0.0	0.0	1.0	1.0	0.0	0.0	1.0	1.0	0.0	-0.475	0.0	7.475	123.38	-2.3666666666666667	-0.5	10.4	115.44166666666666	-0.781818181818182	-0.0909090909090909	8.463636363636363	118.12090909090908	8	6	11	8	6	11
7xdk	F	ELGHDY	NHSGN	GESFSGY	0.0	0.0	0.0	0.0	0.0	0.0	1.0	2.0	0.0	0.0	0.0	0.0	0.0	1.0	0.0	2.0	0.0	0.0	1.0	0.0	0.0	0.0	2.0	0.0	0.0	0.0	0.0	1.0	1.0	0.0	0.0	0.0	0.0	0.0	0.0	1.0	0.0	0.0	0.0	0.0	0.0	0.0	0.0	1.0	0.0	0.0	1.0	1.0	1.0	0.0	1.0	0.0	0.0	0.0	0.0	0.0	0.0	0.0	1.0	0.0	-0.6285714285714287	-0.1428571428571428	8.585714285714285	109.10571428571428	-2.28	0.2	10.36	105.498	-1.35	-0.1666666666666666	9.3	122.12333333333332	7	5	6	7	5	6
7wwi	E	GTEYGDYDVSHD	IPILGI	GGTFSSY	0.0	0.0	0.0	0.0	0.0	0.0	0.0	2.0	0.0	0.0	0.0	0.0	0.0	1.0	0.0	2.0	1.0	0.0	1.0	0.0	0.0	0.0	0.0	0.0	0.0	0.0	0.0	1.0	0.0	3.0	1.0	0.0	0.0	0.0	1.0	0.0	0.0	0.0	0.0	0.0	0.0	0.0	0.0	3.0	0.0	0.0	1.0	2.0	1.0	0.0	0.0	0.0	0.0	0.0	0.0	1.0	1.0	0.0	2.0	1.0	-0.2285714285714286	0.0	8.057142857142857	105.10428571428572	2.55	0.0	6.25	104.135	-1.4916666666666665	-0.25	9.65	114.60916666666668	7	6	12	7	6	12
7wwj	G	GTEYGDYDVSHD	IPILGI	GGTFSSY	0.0	0.0	0.0	0.0	0.0	0.0	0.0	2.0	0.0	0.0	0.0	0.0	0.0	1.0	0.0	2.0	1.0	0.0	1.0	0.0	0.0	0.0	0.0	0.0	0.0	0.0	0.0	1.0	0.0	3.0	1.0	0.0	0.0	0.0	1.0	0.0	0.0	0.0	0.0	0.0	0.0	0.0	0.0	3.0	0.0	0.0	1.0	2.0	1.0	0.0	0.0	0.0	0.0	0.0	0.0	1.0	1.0	0.0	2.0	1.0	-0.2285714285714286	0.0	8.057142857142857	105.10428571428572	2.55	0.0	6.25	104.135	-1.4916666666666665	-0.25	9.65	114.60916666666668	7	6	12	7	6	12
7wwk	G	GTEYGDYDVSHD	IPILGI	GGTFSSY	0.0	0.0	0.0	0.0	0.0	0.0	0.0	2.0	0.0	0.0	0.0	0.0	0.0	1.0	0.0	2.0	1.0	0.0	1.0	0.0	0.0	0.0	0.0	0.0	0.0	0.0	0.0	1.0	0.0	3.0	1.0	0.0	0.0	0.0	1.0	0.0	0.0	0.0	0.0	0.0	0.0	0.0	0.0	3.0	0.0	0.0	1.0	2.0	1.0	0.0	0.0	0.0	0.0	0.0	0.0	1.0	1.0	0.0	2.0	1.0	-0.2285714285714286	0.0	8.057142857142857	105.10428571428572	2.55	0.0	6.25	104.135	-1.4916666666666665	-0.25	9.65	114.60916666666668	7	6	12	7	6	12
7yck	C	GFGEYYYYAMDV	SYDGSN	GFTFSSY	0.0	0.0	0.0	0.0	0.0	0.0	0.0	1.0	0.0	0.0	0.0	0.0	0.0	2.0	0.0	2.0	1.0	0.0	1.0	0.0	0.0	0.0	1.0	1.0	0.0	0.0	0.0	1.0	0.0	0.0	0.0	0.0	0.0	0.0	0.0	2.0	0.0	0.0	1.0	0.0	1.0	0.0	0.0	1.0	0.0	0.0	1.0	2.0	0.0	0.0	0.0	0.0	1.0	1.0	0.0	0.0	0.0	0.0	4.0	1.0	0.2285714285714285	0.0	7.514285714285714	115.40857142857143	-1.7166666666666668	-0.1666666666666666	9.7	106.93166666666669	-0.1916666666666666	-0.1666666666666666	7.75	124.635	7	6	12	7	6	12
7ycl	A	GRNYLDSRGRFDY	DPSDSY	GYSFTNY	0.0	0.0	1.0	0.0	0.0	0.0	0.0	1.0	0.0	0.0	0.0	0.0	0.0	1.0	0.0	1.0	1.0	0.0	2.0	0.0	0.0	0.0	0.0	2.0	0.0	0.0	0.0	0.0	0.0	0.0	0.0	0.0	0.0	0.0	1.0	2.0	0.0	0.0	1.0	0.0	0.0	3.0	1.0	2.0	0.0	0.0	0.0	2.0	0.0	0.0	1.0	0.0	0.0	1.0	0.0	1.0	0.0	0.0	2.0	0.0	-0.7428571428571429	0.0	8.0	121.55571428571427	-1.9166666666666667	-0.3333333333333333	9.766666666666667	110.77333333333333	-1.6615384615384616	0.0769230769230769	9.138461538461538	125.90307692307692	7	6	13	7	6	13
7ycn	K	GLGIFGVVTLSDV	NHSGS	GGSFSGY	0.0	0.0	0.0	0.0	0.0	0.0	0.0	3.0	0.0	0.0	0.0	0.0	0.0	1.0	0.0	2.0	0.0	0.0	1.0	0.0	0.0	0.0	1.0	0.0	0.0	0.0	0.0	1.0	1.0	0.0	0.0	0.0	0.0	0.0	0.0	2.0	0.0	0.0	0.0	0.0	0.0	0.0	0.0	1.0	0.0	0.0	0.0	3.0	0.0	1.0	2.0	0.0	0.0	1.0	0.0	1.0	1.0	0.0	0.0	3.0	-0.1857142857142857	0.0	8.114285714285714	101.38142857142856	-1.7400000000000002	0.2	9.88	100.092	1.6384615384615384	-0.0769230769230769	7.361538461538462	100.96	7	5	13	7	5	13
8hhx	F	GFGEYYYYAMDV	SYDGSN	GFTFSSY	0.0	0.0	0.0	0.0	0.0	0.0	0.0	1.0	0.0	0.0	0.0	0.0	0.0	2.0	0.0	2.0	1.0	0.0	1.0	0.0	0.0	0.0	1.0	1.0	0.0	0.0	0.0	1.0	0.0	0.0	0.0	0.0	0.0	0.0	0.0	2.0	0.0	0.0	1.0	0.0	1.0	0.0	0.0	1.0	0.0	0.0	1.0	2.0	0.0	0.0	0.0	0.0	1.0	1.0	0.0	0.0	0.0	0.0	4.0	1.0	0.2285714285714285	0.0	7.514285714285714	115.40857142857143	-1.7166666666666668	-0.1666666666666666	9.7	106.93166666666669	-0.1916666666666666	-0.1666666666666666	7.75	124.635	7	6	12	7	6	12
8hhy	H	GRNYLDSRGRFDY	DPSDSY	GYSFTNY	0.0	0.0	1.0	0.0	0.0	0.0	0.0	1.0	0.0	0.0	0.0	0.0	0.0	1.0	0.0	1.0	1.0	0.0	2.0	0.0	0.0	0.0	0.0	2.0	0.0	0.0	0.0	0.0	0.0	0.0	0.0	0.0	0.0	0.0	1.0	2.0	0.0	0.0	1.0	0.0	0.0	3.0	1.0	2.0	0.0	0.0	0.0	2.0	0.0	0.0	1.0	0.0	0.0	1.0	0.0	1.0	0.0	0.0	2.0	0.0	-0.7428571428571429	0.0	8.0	121.55571428571427	-1.9166666666666667	-0.3333333333333333	9.766666666666667	110.77333333333333	-1.6615384615384616	0.0769230769230769	9.138461538461538	125.90307692307692	7	6	13	7	6	13
8hhz	E	GLGIFGVVTLSDV	NHSGS	GGSFSGY	0.0	0.0	0.0	0.0	0.0	0.0	0.0	3.0	0.0	0.0	0.0	0.0	0.0	1.0	0.0	2.0	0.0	0.0	1.0	0.0	0.0	0.0	1.0	0.0	0.0	0.0	0.0	1.0	1.0	0.0	0.0	0.0	0.0	0.0	0.0	2.0	0.0	0.0	0.0	0.0	0.0	0.0	0.0	1.0	0.0	0.0	0.0	3.0	0.0	1.0	2.0	0.0	0.0	1.0	0.0	1.0	1.0	0.0	0.0	3.0	-0.1857142857142857	0.0	8.114285714285714	101.38142857142856	-1.7400000000000002	0.2	9.88	100.092	1.6384615384615384	-0.0769230769230769	7.361538461538462	100.96	7	5	13	7	5	13
8d48	H	DGSAGDNSWFDP	DPSGGS	GYTFTSF	0.0	0.0	0.0	0.0	0.0	0.0	0.0	1.0	0.0	0.0	0.0	0.0	0.0	2.0	0.0	1.0	2.0	0.0	1.0	0.0	0.0	0.0	0.0	1.0	0.0	0.0	0.0	2.0	0.0	0.0	0.0	0.0	0.0	0.0	1.0	2.0	0.0	0.0	0.0	0.0	1.0	0.0	1.0	3.0	0.0	0.0	0.0	2.0	0.0	0.0	0.0	0.0	0.0	1.0	1.0	2.0	0.0	1.0	0.0	0.0	0.2428571428571428	0.0	7.428571428571429	117.41285714285712	-1.25	-0.1666666666666666	9.566666666666666	89.41166666666668	-1.1916666666666669	-0.25	9.475	107.10333333333334	7	6	12	7	6	12
8dm3	H	STAVAGTPDLFDYYYGMDV	DPEDGE	GYTLTEL	0.0	0.0	0.0	0.0	0.0	0.0	1.0	1.0	0.0	0.0	2.0	0.0	0.0	0.0	0.0	0.0	2.0	0.0	1.0	0.0	0.0	0.0	0.0	2.0	0.0	0.0	2.0	1.0	0.0	0.0	0.0	0.0	0.0	0.0	1.0	0.0	0.0	0.0	0.0	0.0	2.0	0.0	0.0	3.0	0.0	0.0	0.0	2.0	0.0	0.0	1.0	0.0	1.0	1.0	1.0	1.0	2.0	0.0	3.0	2.0	0.1428571428571428	-0.1428571428571428	7.785714285714286	113.69857142857144	-2.6666666666666665	-0.6666666666666666	11.266666666666666	110.09833333333334	0.0789473684210526	-0.1578947368421052	8.094736842105263	110.69947368421052	7	6	19	7	6	19
8dm4	H	STAVAGTPDLFDYYYGMDV	DPEDGE	GYTLTEL	0.0	0.0	0.0	0.0	0.0	0.0	1.0	1.0	0.0	0.0	2.0	0.0	0.0	0.0	0.0	0.0	2.0	0.0	1.0	0.0	0.0	0.0	0.0	2.0	0.0	0.0	2.0	1.0	0.0	0.0	0.0	0.0	0.0	0.0	1.0	0.0	0.0	0.0	0.0	0.0	2.0	0.0	0.0	3.0	0.0	0.0	0.0	2.0	0.0	0.0	1.0	0.0	1.0	1.0	1.0	1.0	2.0	0.0	3.0	2.0	0.1428571428571428	-0.1428571428571428	7.785714285714286	113.69857142857144	-2.6666666666666665	-0.6666666666666666	11.266666666666666	110.09833333333334	0.0789473684210526	-0.1578947368421052	8.094736842105263	110.69947368421052	7	6	19	7	6	19
8hc2	H	GLGDYLDS	YAGGS	GLTVSSN	0.0	0.0	1.0	0.0	0.0	0.0	0.0	1.0	0.0	0.0	1.0	0.0	0.0	0.0	0.0	2.0	1.0	0.0	0.0	1.0	1.0	0.0	0.0	0.0	0.0	0.0	0.0	2.0	0.0	0.0	0.0	0.0	0.0	0.0	0.0	1.0	0.0	0.0	1.0	0.0	0.0	0.0	0.0	2.0	0.0	0.0	0.0	2.0	0.0	0.0	2.0	0.0	0.0	0.0	0.0	1.0	0.0	0.0	1.0	0.0	0.2571428571428571	0.0	8.342857142857143	96.67428571428572	-0.22	0.0	8.3	94.288	-0.2875000000000001	-0.25	8.65	107.1075	7	5	8	7	5	8
8hc3	H	GLGDYLDS	YAGGS	GLTVSSN	0.0	0.0	1.0	0.0	0.0	0.0	0.0	1.0	0.0	0.0	1.0	0.0	0.0	0.0	0.0	2.0	1.0	0.0	0.0	1.0	1.0	0.0	0.0	0.0	0.0	0.0	0.0	2.0	0.0	0.0	0.0	0.0	0.0	0.0	0.0	1.0	0.0	0.0	1.0	0.0	0.0	0.0	0.0	2.0	0.0	0.0	0.0	2.0	0.0	0.0	2.0	0.0	0.0	0.0	0.0	1.0	0.0	0.0	1.0	0.0	0.2571428571428571	0.0	8.342857142857143	96.67428571428572	-0.22	0.0	8.3	94.288	-0.2875000000000001	-0.25	8.65	107.1075	7	5	8	7	5	8
8hc4	D	ENGYSGYGAAANFDL	IPILGI	GGTFSSY	0.0	0.0	0.0	0.0	0.0	0.0	0.0	2.0	0.0	0.0	0.0	0.0	0.0	1.0	0.0	2.0	1.0	0.0	1.0	0.0	0.0	0.0	0.0	0.0	0.0	0.0	0.0	1.0	0.0	3.0	1.0	0.0	0.0	0.0	1.0	0.0	0.0	0.0	0.0	0.0	3.0	0.0	2.0	1.0	0.0	0.0	1.0	3.0	0.0	0.0	1.0	0.0	0.0	1.0	0.0	1.0	0.0	0.0	2.0	0.0	-0.2285714285714286	0.0	8.057142857142857	105.10428571428572	2.55	0.0	6.25	104.135	-0.44	-0.1333333333333333	8.766666666666667	105.64	7	6	15	7	6	15
8hc5	H	GLGDYLDS	YAGGS	GLTVSSN	0.0	0.0	1.0	0.0	0.0	0.0	0.0	1.0	0.0	0.0	1.0	0.0	0.0	0.0	0.0	2.0	1.0	0.0	0.0	1.0	1.0	0.0	0.0	0.0	0.0	0.0	0.0	2.0	0.0	0.0	0.0	0.0	0.0	0.0	0.0	1.0	0.0	0.0	1.0	0.0	0.0	0.0	0.0	2.0	0.0	0.0	0.0	2.0	0.0	0.0	2.0	0.0	0.0	0.0	0.0	1.0	0.0	0.0	1.0	0.0	0.2571428571428571	0.0	8.342857142857143	96.67428571428572	-0.22	0.0	8.3	94.288	-0.2875000000000001	-0.25	8.65	107.1075	7	5	8	7	5	8
8hc6	H	GLGDYLDS	YAGGS	GLTVSSN	0.0	0.0	1.0	0.0	0.0	0.0	0.0	1.0	0.0	0.0	1.0	0.0	0.0	0.0	0.0	2.0	1.0	0.0	0.0	1.0	1.0	0.0	0.0	0.0	0.0	0.0	0.0	2.0	0.0	0.0	0.0	0.0	0.0	0.0	0.0	1.0	0.0	0.0	1.0	0.0	0.0	0.0	0.0	2.0	0.0	0.0	0.0	2.0	0.0	0.0	2.0	0.0	0.0	0.0	0.0	1.0	0.0	0.0	1.0	0.0	0.2571428571428571	0.0	8.342857142857143	96.67428571428572	-0.22	0.0	8.3	94.288	-0.2875000000000001	-0.25	8.65	107.1075	7	5	8	7	5	8
8hc7	H	GLGDYLDS	YAGGS	GLTVSSN	0.0	0.0	1.0	0.0	0.0	0.0	0.0	1.0	0.0	0.0	1.0	0.0	0.0	0.0	0.0	2.0	1.0	0.0	0.0	1.0	1.0	0.0	0.0	0.0	0.0	0.0	0.0	2.0	0.0	0.0	0.0	0.0	0.0	0.0	0.0	1.0	0.0	0.0	1.0	0.0	0.0	0.0	0.0	2.0	0.0	0.0	0.0	2.0	0.0	0.0	2.0	0.0	0.0	0.0	0.0	1.0	0.0	0.0	1.0	0.0	0.2571428571428571	0.0	8.342857142857143	96.67428571428572	-0.22	0.0	8.3	94.288	-0.2875000000000001	-0.25	8.65	107.1075	7	5	8	7	5	8
8hc8	H	TRSRSVRNCTSATCPVDAFDL	SSNILSSTSY	GFSFITY	0.0	0.0	0.0	0.0	0.0	0.0	0.0	1.0	0.0	1.0	0.0	0.0	0.0	2.0	0.0	1.0	1.0	0.0	1.0	0.0	0.0	0.0	1.0	0.0	0.0	0.0	0.0	0.0	0.0	1.0	1.0	0.0	0.0	0.0	0.0	5.0	1.0	0.0	1.0	0.0	2.0	3.0	1.0	2.0	2.0	0.0	0.0	0.0	0.0	0.0	1.0	0.0	0.0	1.0	1.0	3.0	3.0	0.0	0.0	2.0	0.9857142857142857	0.0	6.942857142857143	119.13428571428572	-0.12	0.0	8.25	104.012	-0.3095238095238095	0.0476190476190476	8.552380952380952	108.64809523809524	7	10	21	7	10	21
8hc9	D	TRSRSVRNCTSATCPVDAFDL	SSNILSSTSY	GFSFITY	0.0	0.0	0.0	0.0	0.0	0.0	0.0	1.0	0.0	1.0	0.0	0.0	0.0	2.0	0.0	1.0	1.0	0.0	1.0	0.0	0.0	0.0	1.0	0.0	0.0	0.0	0.0	0.0	0.0	1.0	1.0	0.0	0.0	0.0	0.0	5.0	1.0	0.0	1.0	0.0	2.0	3.0	1.0	2.0	2.0	0.0	0.0	0.0	0.0	0.0	1.0	0.0	0.0	1.0	1.0	3.0	3.0	0.0	0.0	2.0	0.9857142857142857	0.0	6.942857142857143	119.13428571428572	-0.12	0.0	8.25	104.012	-0.3095238095238095	0.0476190476190476	8.552380952380952	108.64809523809524	7	10	21	7	10	21
8hca	D	TRSRSVRNCTSATCPVDAFDL	SSNILSSTSY	GFSFITY	0.0	0.0	0.0	0.0	0.0	0.0	0.0	1.0	0.0	1.0	0.0	0.0	0.0	2.0	0.0	1.0	1.0	0.0	1.0	0.0	0.0	0.0	1.0	0.0	0.0	0.0	0.0	0.0	0.0	1.0	1.0	0.0	0.0	0.0	0.0	5.0	1.0	0.0	1.0	0.0	2.0	3.0	1.0	2.0	2.0	0.0	0.0	0.0	0.0	0.0	1.0	0.0	0.0	1.0	1.0	3.0	3.0	0.0	0.0	2.0	0.9857142857142857	0.0	6.942857142857143	119.13428571428572	-0.12	0.0	8.25	104.012	-0.3095238095238095	0.0476190476190476	8.552380952380952	108.64809523809524	7	10	21	7	10	21
8hcb	D	TRSRSVRNCTSATCPVDAFDL	SSNILSSTSY	GFSFITY	0.0	0.0	0.0	0.0	0.0	0.0	0.0	1.0	0.0	1.0	0.0	0.0	0.0	2.0	0.0	1.0	1.0	0.0	1.0	0.0	0.0	0.0	1.0	0.0	0.0	0.0	0.0	0.0	0.0	1.0	1.0	0.0	0.0	0.0	0.0	5.0	1.0	0.0	1.0	0.0	2.0	3.0	1.0	2.0	2.0	0.0	0.0	0.0	0.0	0.0	1.0	0.0	0.0	1.0	1.0	3.0	3.0	0.0	0.0	2.0	0.9857142857142857	0.0	6.942857142857143	119.13428571428572	-0.12	0.0	8.25	104.012	-0.3095238095238095	0.0476190476190476	8.552380952380952	108.64809523809524	7	10	21	7	10	21
7wh8	B	EGLAFLGYGMDV	LPTFGT	GGTFSNY	0.0	0.0	1.0	0.0	0.0	0.0	0.0	2.0	0.0	0.0	0.0	0.0	0.0	1.0	0.0	1.0	1.0	0.0	1.0	0.0	0.0	0.0	0.0	0.0	0.0	0.0	0.0	1.0	0.0	0.0	1.0	0.0	0.0	1.0	1.0	0.0	2.0	0.0	0.0	0.0	1.0	0.0	0.0	1.0	0.0	0.0	1.0	3.0	0.0	0.0	2.0	0.0	1.0	1.0	0.0	0.0	0.0	0.0	1.0	1.0	-0.6142857142857144	0.0	8.4	108.96571428571428	0.5333333333333333	0.0	7.383333333333333	105.78833333333334	0.7333333333333333	-0.1666666666666666	7.766666666666667	108.95416666666668	7	6	12	7	6	12
7whb	D	EGLAFLGYGMDV	LPTFGT	GGTFSNY	0.0	0.0	1.0	0.0	0.0	0.0	0.0	2.0	0.0	0.0	0.0	0.0	0.0	1.0	0.0	1.0	1.0	0.0	1.0	0.0	0.0	0.0	0.0	0.0	0.0	0.0	0.0	1.0	0.0	0.0	1.0	0.0	0.0	1.0	1.0	0.0	2.0	0.0	0.0	0.0	1.0	0.0	0.0	1.0	0.0	0.0	1.0	3.0	0.0	0.0	2.0	0.0	1.0	1.0	0.0	0.0	0.0	0.0	1.0	1.0	-0.6142857142857144	0.0	8.4	108.96571428571428	0.5333333333333333	0.0	7.383333333333333	105.78833333333334	0.7333333333333333	-0.1666666666666666	7.766666666666667	108.95416666666668	7	6	12	7	6	12
7whd	D	EGLAFLGYGMDV	LPTFGT	GGTFSNY	0.0	0.0	1.0	0.0	0.0	0.0	0.0	2.0	0.0	0.0	0.0	0.0	0.0	1.0	0.0	1.0	1.0	0.0	1.0	0.0	0.0	0.0	0.0	0.0	0.0	0.0	0.0	1.0	0.0	0.0	1.0	0.0	0.0	1.0	1.0	0.0	2.0	0.0	0.0	0.0	1.0	0.0	0.0	1.0	0.0	0.0	1.0	3.0	0.0	0.0	2.0	0.0	1.0	1.0	0.0	0.0	0.0	0.0	1.0	1.0	-0.6142857142857144	0.0	8.4	108.96571428571428	0.5333333333333333	0.0	7.383333333333333	105.78833333333334	0.7333333333333333	-0.1666666666666666	7.766666666666667	108.95416666666668	7	6	12	7	6	12
7x25	A	EGGSGYDFFDY	IPILGI	GGTFSSY	0.0	0.0	0.0	0.0	0.0	0.0	0.0	2.0	0.0	0.0	0.0	0.0	0.0	1.0	0.0	2.0	1.0	0.0	1.0	0.0	0.0	0.0	0.0	0.0	0.0	0.0	0.0	1.0	0.0	3.0	1.0	0.0	0.0	0.0	1.0	0.0	0.0	0.0	0.0	0.0	0.0	0.0	0.0	2.0	0.0	0.0	1.0	3.0	0.0	0.0	0.0	0.0	0.0	2.0	0.0	1.0	0.0	0.0	2.0	0.0	-0.2285714285714286	0.0	8.057142857142857	105.10428571428572	2.55	0.0	6.25	104.135	-0.8636363636363636	-0.2727272727272727	8.845454545454546	117.47727272727272	7	6	11	7	6	11
8dxt	H	SGEQQLVQAEYFHH	SGSGGS	GFTFSSY	0.0	0.0	0.0	0.0	0.0	0.0	0.0	1.0	0.0	0.0	0.0	0.0	0.0	2.0	0.0	2.0	1.0	0.0	1.0	0.0	0.0	0.0	0.0	0.0	0.0	0.0	0.0	3.0	0.0	0.0	0.0	0.0	0.0	0.0	0.0	3.0	0.0	0.0	0.0	0.0	1.0	0.0	0.0	0.0	0.0	3.0	2.0	1.0	2.0	0.0	1.0	0.0	0.0	1.0	0.0	1.0	0.0	0.0	1.0	1.0	0.2285714285714285	0.0	7.514285714285714	115.40857142857143	-0.6	0.0	9.1	81.065	-0.9857142857142858	0.0	8.957142857142857	119.48357142857142	7	6	14	7	6	14
8dxu	H	EATAGFDY	WYDGSD	GFTFSSY	0.0	0.0	0.0	0.0	0.0	0.0	0.0	1.0	0.0	0.0	0.0	0.0	0.0	2.0	0.0	2.0	1.0	0.0	1.0	0.0	0.0	0.0	0.0	2.0	0.0	0.0	0.0	1.0	0.0	0.0	0.0	0.0	0.0	0.0	0.0	1.0	0.0	1.0	1.0	0.0	2.0	0.0	0.0	1.0	0.0	0.0	1.0	1.0	0.0	0.0	0.0	0.0	0.0	1.0	0.0	0.0	1.0	0.0	1.0	0.0	0.2285714285714285	0.0	7.514285714285714	115.40857142857143	-1.7333333333333334	-0.3333333333333333	9.3	123.61833333333334	-0.375	-0.25	8.8125	109.11125	7	6	8	7	6	8
7wch	D	NHCSNTTCLDGFDI	VVASGN	GFTFTNS	0.0	0.0	1.0	0.0	0.0	0.0	0.0	1.0	0.0	0.0	0.0	0.0	0.0	2.0	0.0	1.0	2.0	0.0	0.0	0.0	1.0	0.0	1.0	0.0	0.0	0.0	0.0	1.0	0.0	0.0	0.0	0.0	0.0	0.0	0.0	1.0	0.0	0.0	0.0	2.0	0.0	0.0	2.0	2.0	2.0	0.0	0.0	1.0	1.0	1.0	1.0	0.0	0.0	1.0	0.0	1.0	2.0	0.0	0.0	0.0	-0.0714285714285714	0.0	8.2	110.40285714285714	0.9166666666666666	0.0	8.283333333333333	90.93	-0.2642857142857143	-0.0714285714285714	8.664285714285715	109.97785714285716	7	6	14	7	6	14
7wck	A	NHCSNTTCLDGFDI	VVASGN	GFTFTNS	0.0	0.0	1.0	0.0	0.0	0.0	0.0	1.0	0.0	0.0	0.0	0.0	0.0	2.0	0.0	1.0	2.0	0.0	0.0	0.0	1.0	0.0	1.0	0.0	0.0	0.0	0.0	1.0	0.0	0.0	0.0	0.0	0.0	0.0	0.0	1.0	0.0	0.0	0.0	2.0	0.0	0.0	2.0	2.0	2.0	0.0	0.0	1.0	1.0	1.0	1.0	0.0	0.0	1.0	0.0	1.0	2.0	0.0	0.0	0.0	-0.0714285714285714	0.0	8.2	110.40285714285714	0.9166666666666666	0.0	8.283333333333333	90.93	-0.2642857142857143	-0.0714285714285714	8.664285714285715	109.97785714285716	7	6	14	7	6	14
7wcp	D	DYGDFYFDY	YPGGS	EFIVSRN	0.0	1.0	1.0	0.0	0.0	0.0	1.0	0.0	0.0	1.0	0.0	0.0	0.0	1.0	0.0	1.0	0.0	0.0	0.0	1.0	0.0	0.0	0.0	0.0	0.0	0.0	0.0	2.0	0.0	0.0	0.0	0.0	0.0	0.0	1.0	1.0	0.0	0.0	1.0	0.0	0.0	0.0	0.0	3.0	0.0	0.0	0.0	1.0	0.0	0.0	0.0	0.0	0.0	2.0	0.0	0.0	0.0	0.0	3.0	0.0	-0.1142857142857143	0.0	8.557142857142857	120.85285714285716	-0.9	0.0	8.28	99.496	-1.0222222222222224	-0.3333333333333333	8.555555555555555	133.8022222222222	7	5	9	7	5	9
7wcu	A	DYGDFYFDY	YPGGS	EFIVSRN	0.0	1.0	1.0	0.0	0.0	0.0	1.0	0.0	0.0	1.0	0.0	0.0	0.0	1.0	0.0	1.0	0.0	0.0	0.0	1.0	0.0	0.0	0.0	0.0	0.0	0.0	0.0	2.0	0.0	0.0	0.0	0.0	0.0	0.0	1.0	1.0	0.0	0.0	1.0	0.0	0.0	0.0	0.0	3.0	0.0	0.0	0.0	1.0	0.0	0.0	0.0	0.0	0.0	2.0	0.0	0.0	0.0	0.0	3.0	0.0	-0.1142857142857143	0.0	8.557142857142857	120.85285714285716	-0.9	0.0	8.28	99.496	-1.0222222222222224	-0.3333333333333333	8.555555555555555	133.8022222222222	7	5	9	7	5	9
7ykj	A	AISRYPWGCLDY	SGTGDD	GFTFSNY	0.0	0.0	1.0	0.0	0.0	0.0	0.0	1.0	0.0	0.0	0.0	0.0	0.0	2.0	0.0	1.0	1.0	0.0	1.0	0.0	0.0	0.0	0.0	2.0	0.0	0.0	0.0	2.0	0.0	0.0	0.0	0.0	0.0	0.0	0.0	1.0	1.0	0.0	0.0	0.0	1.0	1.0	0.0	1.0	1.0	0.0	0.0	1.0	0.0	1.0	1.0	0.0	0.0	0.0	1.0	1.0	0.0	1.0	2.0	0.0	-0.1571428571428572	0.0	7.857142857142857	119.27	-1.55	-0.3333333333333333	10.3	94.745	-0.1416666666666667	0.0	7.6	120.305	7	6	12	7	6	12
7t72	H	DPVSTGHYHDSDY	YPGGS	GFTVSRN	0.0	1.0	1.0	0.0	0.0	0.0	0.0	1.0	0.0	0.0	0.0	0.0	0.0	1.0	0.0	1.0	1.0	0.0	0.0	1.0	0.0	0.0	0.0	0.0	0.0	0.0	0.0	2.0	0.0	0.0	0.0	0.0	0.0	0.0	1.0	1.0	0.0	0.0	1.0	0.0	0.0	0.0	0.0	3.0	0.0	0.0	0.0	1.0	2.0	0.0	0.0	0.0	0.0	0.0	1.0	2.0	1.0	0.0	2.0	1.0	-0.4142857142857142	0.1428571428571428	8.571428571428571	111.40714285714286	-0.9	0.0	8.28	99.496	-1.507692307692308	-0.0769230769230769	9.392307692307693	114.80615384615383	7	5	13	7	5	13
7wti	H	HKIEYIFDY	YWDGD	GFSLNTGGA	1.0	0.0	1.0	0.0	0.0	0.0	0.0	3.0	0.0	0.0	1.0	0.0	0.0	1.0	0.0	1.0	1.0	0.0	0.0	0.0	0.0	0.0	0.0	2.0	0.0	0.0	0.0	1.0	0.0	0.0	0.0	0.0	0.0	0.0	0.0	0.0	0.0	1.0	1.0	0.0	0.0	0.0	0.0	1.0	0.0	0.0	1.0	0.0	1.0	2.0	0.0	1.0	0.0	1.0	0.0	0.0	0.0	0.0	2.0	0.0	0.2444444444444444	0.0	8.288888888888888	95.43	-1.92	-0.4	9.32	130.926	-0.5444444444444445	0.0	8.333333333333334	134.3766666666667	9	5	9	9	5	9
7wtf	H	LDGYSFGHDRYYQDGMDD	IPIFGT	GGTFSNY	0.0	0.0	1.0	0.0	0.0	0.0	0.0	2.0	0.0	0.0	0.0	0.0	0.0	1.0	0.0	1.0	1.0	0.0	1.0	0.0	0.0	0.0	0.0	0.0	0.0	0.0	0.0	1.0	0.0	2.0	0.0	0.0	0.0	1.0	1.0	0.0	1.0	0.0	0.0	0.0	0.0	1.0	0.0	5.0	0.0	1.0	0.0	3.0	1.0	0.0	1.0	0.0	1.0	1.0	0.0	1.0	0.0	0.0	3.0	0.0	-0.6142857142857144	0.0	8.4	108.96571428571428	1.5166666666666666	0.0	6.866666666666667	107.79666666666668	-1.4500000000000002	-0.1666666666666666	9.27777777777778	121.67888888888888	7	6	18	7	6	18
7wtg	H	LDGYSFGHDRYYQDGMDD	IPIFGT	GGTFSNY	0.0	0.0	1.0	0.0	0.0	0.0	0.0	2.0	0.0	0.0	0.0	0.0	0.0	1.0	0.0	1.0	1.0	0.0	1.0	0.0	0.0	0.0	0.0	0.0	0.0	0.0	0.0	1.0	0.0	2.0	0.0	0.0	0.0	1.0	1.0	0.0	1.0	0.0	0.0	0.0	0.0	1.0	0.0	5.0	0.0	1.0	0.0	3.0	1.0	0.0	1.0	0.0	1.0	1.0	0.0	1.0	0.0	0.0	3.0	0.0	-0.6142857142857144	0.0	8.4	108.96571428571428	1.5166666666666666	0.0	6.866666666666667	107.79666666666668	-1.4500000000000002	-0.1666666666666666	9.27777777777778	121.67888888888888	7	6	18	7	6	18
7wth	H	HKIEYIFDY	YWDGD	GFSLNTGGA	1.0	0.0	1.0	0.0	0.0	0.0	0.0	3.0	0.0	0.0	1.0	0.0	0.0	1.0	0.0	1.0	1.0	0.0	0.0	0.0	0.0	0.0	0.0	2.0	0.0	0.0	0.0	1.0	0.0	0.0	0.0	0.0	0.0	0.0	0.0	0.0	0.0	1.0	1.0	0.0	0.0	0.0	0.0	1.0	0.0	0.0	1.0	0.0	1.0	2.0	0.0	1.0	0.0	1.0	0.0	0.0	0.0	0.0	2.0	0.0	0.2444444444444444	0.0	8.288888888888888	95.43	-1.92	-0.4	9.32	130.926	-0.5444444444444445	0.0	8.333333333333334	134.3766666666667	9	5	9	9	5	9
7wtj	H	AEGSSWLGWFDP	NPGDGG	GYTFSSY	0.0	0.0	0.0	0.0	0.0	0.0	0.0	1.0	0.0	0.0	0.0	0.0	0.0	1.0	0.0	2.0	1.0	0.0	2.0	0.0	0.0	0.0	1.0	1.0	0.0	0.0	0.0	3.0	0.0	0.0	0.0	0.0	0.0	0.0	1.0	0.0	0.0	0.0	0.0	0.0	1.0	0.0	0.0	1.0	0.0	0.0	1.0	2.0	0.0	0.0	1.0	0.0	0.0	1.0	1.0	2.0	0.0	2.0	0.0	0.0	-0.3571428571428572	0.0	7.6571428571428575	117.69428571428573	-1.6333333333333335	-0.1666666666666666	9.933333333333334	91.91166666666668	-0.3666666666666667	-0.1666666666666666	8.225	114.12083333333334	7	6	12	7	6	12
7wtk	H	AEGSSWLGWFDP	NPGDGG	GYTFSSY	0.0	0.0	0.0	0.0	0.0	0.0	0.0	1.0	0.0	0.0	0.0	0.0	0.0	1.0	0.0	2.0	1.0	0.0	2.0	0.0	0.0	0.0	1.0	1.0	0.0	0.0	0.0	3.0	0.0	0.0	0.0	0.0	0.0	0.0	1.0	0.0	0.0	0.0	0.0	0.0	1.0	0.0	0.0	1.0	0.0	0.0	1.0	2.0	0.0	0.0	1.0	0.0	0.0	1.0	1.0	2.0	0.0	2.0	0.0	0.0	-0.3571428571428572	0.0	7.6571428571428575	117.69428571428573	-1.6333333333333335	-0.1666666666666666	9.933333333333334	91.91166666666668	-0.3666666666666667	-0.1666666666666666	8.225	114.12083333333334	7	6	12	7	6	12
7x8w	H	DLAFSMVRGALDY	NPNSGA	GFLFTGY	0.0	0.0	0.0	0.0	0.0	0.0	0.0	2.0	0.0	0.0	1.0	0.0	0.0	2.0	0.0	0.0	1.0	0.0	1.0	0.0	1.0	0.0	2.0	0.0	0.0	0.0	0.0	1.0	0.0	0.0	0.0	0.0	0.0	0.0	1.0	1.0	0.0	0.0	0.0	0.0	2.0	1.0	0.0	2.0	0.0	0.0	0.0	1.0	0.0	0.0	2.0	0.0	1.0	1.0	0.0	1.0	0.0	0.0	1.0	1.0	0.9428571428571428	0.0	6.871428571428572	117.41571428571427	-1.3333333333333333	0.0	9.583333333333334	93.09166666666664	0.4692307692307692	-0.0769230769230769	7.976923076923077	112.12846153846156	7	6	13	7	6	13
7x8y	H	ADYDILTGTPASPY	KSKTDGGT	GFTFNNA	1.0	0.0	2.0	0.0	0.0	0.0	0.0	1.0	0.0	0.0	0.0	0.0	0.0	2.0	0.0	0.0	1.0	0.0	0.0	0.0	0.0	0.0	0.0	1.0	0.0	0.0	0.0	2.0	0.0	0.0	0.0	2.0	0.0	0.0	0.0	1.0	2.0	0.0	0.0	0.0	2.0	0.0	0.0	2.0	0.0	0.0	0.0	1.0	0.0	1.0	1.0	0.0	0.0	0.0	2.0	1.0	2.0	0.0	2.0	0.0	-0.1	0.0	8.471428571428572	109.97428571428571	-1.7875	0.125	10.0	101.35625	-0.25	-0.1428571428571428	8.292857142857143	105.97214285714288	7	8	14	7	8	14
7x90	E	LITMIRGVPDY	SYDGSN	GFTFSHY	0.0	0.0	0.0	0.0	0.0	0.0	0.0	1.0	1.0	0.0	0.0	0.0	0.0	2.0	0.0	1.0	1.0	0.0	1.0	0.0	0.0	0.0	1.0	1.0	0.0	0.0	0.0	1.0	0.0	0.0	0.0	0.0	0.0	0.0	0.0	2.0	0.0	0.0	1.0	0.0	0.0	1.0	0.0	1.0	0.0	0.0	0.0	1.0	0.0	2.0	1.0	0.0	1.0	0.0	1.0	0.0	1.0	0.0	1.0	1.0	-0.1142857142857143	0.1428571428571428	7.685714285714285	122.56	-1.7166666666666668	-0.1666666666666666	9.7	106.93166666666669	0.6272727272727272	0.0	7.472727272727273	116.14090909090908	7	6	11	7	6	11
7x91	H	FPYYYDNSGSGP	VVGSGN	GFIFTNS	0.0	0.0	1.0	0.0	0.0	0.0	0.0	1.0	0.0	1.0	0.0	0.0	0.0	2.0	0.0	1.0	1.0	0.0	0.0	0.0	0.0	0.0	1.0	0.0	0.0	0.0	0.0	2.0	0.0	0.0	0.0	0.0	0.0	0.0	0.0	1.0	0.0	0.0	0.0	2.0	0.0	0.0	1.0	1.0	0.0	0.0	0.0	2.0	0.0	0.0	0.0	0.0	0.0	1.0	2.0	2.0	0.0	0.0	3.0	0.0	0.6714285714285714	0.0	7.714285714285714	112.12428571428572	0.55	0.0	8.433333333333334	91.59166666666664	-1.1416666666666668	-0.0833333333333333	8.4	115.36833333333334	7	6	12	7	6	12
7x92	H	DGTVAVRGVMNPFFDY	WYDGSK	GFTFSNS	0.0	0.0	1.0	0.0	0.0	0.0	0.0	1.0	0.0	0.0	0.0	0.0	0.0	2.0	0.0	2.0	1.0	0.0	0.0	0.0	0.0	0.0	0.0	1.0	0.0	0.0	0.0	1.0	0.0	0.0	0.0	1.0	0.0	0.0	0.0	1.0	0.0	1.0	1.0	0.0	1.0	1.0	1.0	2.0	0.0	0.0	0.0	2.0	0.0	0.0	0.0	0.0	1.0	2.0	1.0	0.0	1.0	0.0	1.0	3.0	-0.0857142857142857	0.0	8.285714285714286	108.39857142857144	-1.8	0.0	9.016666666666667	125.8	0.15625	-0.0625	8.175	112.87625	7	6	16	7	6	16
8dw2	D	DYTRGAWFGESLIGGFDN	STYNGN	GYPFTSY	0.0	0.0	0.0	0.0	0.0	0.0	0.0	1.0	0.0	0.0	0.0	0.0	0.0	1.0	1.0	1.0	1.0	0.0	2.0	0.0	0.0	0.0	2.0	0.0	0.0	0.0	0.0	1.0	0.0	0.0	0.0	0.0	0.0	0.0	0.0	1.0	1.0	0.0	1.0	0.0	1.0	1.0	1.0	2.0	0.0	0.0	1.0	4.0	0.0	1.0	1.0	0.0	0.0	2.0	0.0	1.0	1.0	1.0	1.0	0.0	-0.4714285714285715	0.0	7.485714285714286	119.12857142857142	-1.7	0.0	9.366666666666664	109.10666666666668	-0.45	-0.1111111111111111	8.577777777777778	114.39722222222224	7	6	18	7	6	18
8dw3	D	DYTRGAWFGESLIGGFDN	STYNGN	GYPFTSY	0.0	0.0	0.0	0.0	0.0	0.0	0.0	1.0	0.0	0.0	0.0	0.0	0.0	1.0	1.0	1.0	1.0	0.0	2.0	0.0	0.0	0.0	2.0	0.0	0.0	0.0	0.0	1.0	0.0	0.0	0.0	0.0	0.0	0.0	0.0	1.0	1.0	0.0	1.0	0.0	1.0	1.0	1.0	2.0	0.0	0.0	1.0	4.0	0.0	1.0	1.0	0.0	0.0	2.0	0.0	1.0	1.0	1.0	1.0	0.0	-0.4714285714285715	0.0	7.485714285714286	119.12857142857142	-1.7	0.0	9.366666666666664	109.10666666666668	-0.45	-0.1111111111111111	8.577777777777778	114.39722222222224	7	6	18	7	6	18
8dwa	H	DTGWTLTAFDI	FPLIGK	GGTFGDD	0.0	0.0	0.0	2.0	0.0	0.0	0.0	3.0	0.0	0.0	0.0	0.0	0.0	1.0	0.0	0.0	1.0	0.0	0.0	0.0	0.0	0.0	0.0	0.0	0.0	0.0	0.0	1.0	0.0	1.0	1.0	1.0	0.0	1.0	1.0	0.0	0.0	0.0	0.0	0.0	1.0	0.0	0.0	2.0	0.0	0.0	0.0	1.0	0.0	1.0	1.0	0.0	0.0	1.0	0.0	0.0	3.0	1.0	0.0	0.0	-0.8714285714285716	-0.2857142857142857	9.542857142857144	100.51714285714286	0.8666666666666666	0.1666666666666666	7.266666666666667	112.30833333333334	0.2272727272727272	-0.1818181818181818	8.145454545454545	112.6690909090909	7	6	11	7	6	11
7u9o	H	EETIVGATPPYGLDV	NPNSGV	GDGY	0.0	0.0	0.0	1.0	0.0	0.0	0.0	2.0	0.0	0.0	0.0	0.0	0.0	0.0	0.0	0.0	0.0	0.0	1.0	0.0	0.0	0.0	2.0	0.0	0.0	0.0	0.0	1.0	0.0	0.0	0.0	0.0	0.0	0.0	1.0	1.0	0.0	0.0	0.0	1.0	1.0	0.0	0.0	1.0	0.0	0.0	2.0	2.0	0.0	1.0	1.0	0.0	0.0	0.0	2.0	0.0	2.0	0.0	1.0	2.0	-1.4	-0.25	9.3	107.0925	-0.9333333333333332	0.0	9.216666666666669	97.76666666666668	0.0866666666666666	-0.2	8.333333333333334	105.24866666666668	4	6	15	4	6	15
7u9p	H	DPHCTGGVCDAFDL	WYSGSD	GFSFNSY	0.0	0.0	1.0	0.0	0.0	0.0	0.0	1.0	0.0	0.0	0.0	0.0	0.0	2.0	0.0	2.0	0.0	0.0	1.0	0.0	0.0	0.0	0.0	1.0	0.0	0.0	0.0	1.0	0.0	0.0	0.0	0.0	0.0	0.0	0.0	2.0	0.0	1.0	1.0	0.0	1.0	0.0	0.0	3.0	2.0	0.0	0.0	2.0	1.0	0.0	1.0	0.0	0.0	1.0	1.0	0.0	1.0	0.0	0.0	1.0	-0.1714285714285715	0.0	7.942857142857143	117.26571428571428	-1.2833333333333334	-0.1666666666666666	8.666666666666666	118.95	0.0571428571428571	-0.1428571428571428	8.507142857142856	104.82785714285714	7	6	14	7	6	14
7xmz	H	DVYSESGSGSYYDY	DWNSGV	GFTFEDY	0.0	0.0	0.0	1.0	0.0	0.0	1.0	1.0	0.0	0.0	0.0	0.0	0.0	2.0	0.0	0.0	1.0	0.0	1.0	0.0	0.0	0.0	1.0	1.0	0.0	0.0	0.0	1.0	0.0	0.0	0.0	0.0	0.0	0.0	0.0	1.0	0.0	1.0	0.0	1.0	0.0	0.0	0.0	2.0	0.0	0.0	1.0	2.0	0.0	0.0	0.0	0.0	0.0	0.0	0.0	4.0	0.0	0.0	4.0	1.0	-0.5428571428571429	-0.2857142857142857	8.5	125.4157142857143	-0.8166666666666668	-0.1666666666666666	9.016666666666667	112.78	-1.1071428571428572	-0.2142857142857142	8.842857142857143	114.9692857142857	7	6	14	7	6	14
7xst	L	SYGDFYVDF	YPGGS	EIIVNRN	0.0	1.0	2.0	0.0	0.0	0.0	1.0	0.0	0.0	2.0	0.0	0.0	0.0	0.0	0.0	0.0	0.0	0.0	0.0	1.0	0.0	0.0	0.0	0.0	0.0	0.0	0.0	2.0	0.0	0.0	0.0	0.0	0.0	0.0	1.0	1.0	0.0	0.0	1.0	0.0	0.0	0.0	0.0	2.0	0.0	0.0	0.0	1.0	0.0	0.0	0.0	0.0	0.0	2.0	0.0	1.0	0.0	0.0	2.0	1.0	-0.2571428571428571	0.0	8.9	119.85428571428572	-0.9	0.0	8.28	99.496	-0.1111111111111111	-0.2222222222222222	8.100000000000001	123.57333333333334	7	5	9	7	5	9
7sj0	B	GSPFDRTQNWFDP	DPEDGE	GYTLTEL	0.0	0.0	0.0	0.0	0.0	0.0	1.0	1.0	0.0	0.0	2.0	0.0	0.0	0.0	0.0	0.0	2.0	0.0	1.0	0.0	0.0	0.0	0.0	2.0	0.0	0.0	2.0	1.0	0.0	0.0	0.0	0.0	0.0	0.0	1.0	0.0	0.0	0.0	0.0	0.0	0.0	1.0	1.0	2.0	0.0	1.0	0.0	1.0	0.0	0.0	0.0	0.0	0.0	2.0	2.0	1.0	1.0	1.0	0.0	0.0	0.1428571428571428	-0.1428571428571428	7.785714285714286	113.69857142857144	-2.6666666666666665	-0.6666666666666666	11.266666666666666	110.09833333333334	-1.453846153846154	-0.0769230769230769	9.015384615384615	120.51307692307692	7	6	13	7	6	13
8err	H	HTIPSIFDY	YWDDD	GFSVTTSGV	0.0	0.0	0.0	0.0	0.0	0.0	0.0	2.0	0.0	0.0	0.0	0.0	0.0	1.0	0.0	2.0	2.0	0.0	0.0	2.0	0.0	0.0	0.0	3.0	0.0	0.0	0.0	0.0	0.0	0.0	0.0	0.0	0.0	0.0	0.0	0.0	0.0	1.0	1.0	0.0	0.0	0.0	0.0	1.0	0.0	0.0	0.0	0.0	1.0	2.0	0.0	0.0	0.0	1.0	1.0	1.0	1.0	0.0	1.0	0.0	0.8222222222222223	0.0	7.844444444444444	96.88	-2.54	-0.6	10.12	138.93400000000003	0.0777777777777777	0.0	7.888888888888889	119.35777777777778	9	5	9	9	5	9
7yr1	H	AQGGWELPGAGYYYFYGMDV	YRGGS	GLTVSSN	0.0	0.0	1.0	0.0	0.0	0.0	0.0	1.0	0.0	0.0	1.0	0.0	0.0	0.0	0.0	2.0	1.0	0.0	0.0	1.0	0.0	1.0	0.0	0.0	0.0	0.0	0.0	2.0	0.0	0.0	0.0	0.0	0.0	0.0	0.0	1.0	0.0	0.0	1.0	0.0	2.0	0.0	0.0	1.0	0.0	1.0	1.0	5.0	0.0	0.0	1.0	0.0	1.0	1.0	1.0	0.0	0.0	1.0	4.0	1.0	0.2571428571428571	0.0	8.342857142857143	96.67428571428572	-1.48	0.2	8.78	111.31	-0.195	-0.1	7.845000000000001	115.824	7	5	20	7	5	20
7yr0	C	DYTRGAWFGESLIGGFDN	STYNGN	GYPFTSY	0.0	0.0	0.0	0.0	0.0	0.0	0.0	1.0	0.0	0.0	0.0	0.0	0.0	1.0	1.0	1.0	1.0	0.0	2.0	0.0	0.0	0.0	2.0	0.0	0.0	0.0	0.0	1.0	0.0	0.0	0.0	0.0	0.0	0.0	0.0	1.0	1.0	0.0	1.0	0.0	1.0	1.0	1.0	2.0	0.0	0.0	1.0	4.0	0.0	1.0	1.0	0.0	0.0	2.0	0.0	1.0	1.0	1.0	1.0	0.0	-0.4714285714285715	0.0	7.485714285714286	119.12857142857142	-1.7	0.0	9.366666666666664	109.10666666666668	-0.45	-0.1111111111111111	8.577777777777778	114.39722222222224	7	6	18	7	6	18
7wrj	A	RPDLDSDLIVVDAFDM	YWDDS	GFSLKKNGV	0.0	0.0	1.0	0.0	0.0	0.0	0.0	2.0	0.0	0.0	1.0	2.0	0.0	1.0	0.0	1.0	0.0	0.0	0.0	1.0	0.0	0.0	0.0	2.0	0.0	0.0	0.0	0.0	0.0	0.0	0.0	0.0	0.0	0.0	0.0	1.0	0.0	1.0	1.0	0.0	1.0	1.0	0.0	5.0	0.0	0.0	0.0	0.0	0.0	1.0	2.0	0.0	1.0	1.0	1.0	1.0	0.0	0.0	0.0	2.0	-0.2333333333333333	0.2222222222222222	8.600000000000001	107.45777777777778	-2.0	-0.4	9.36	133.332	0.1624999999999999	-0.25	8.65625	112.69	9	5	16	9	5	16
7y0c	A	VSQWELLVY	IPIFNT	GGTFSTY	0.0	0.0	0.0	0.0	0.0	0.0	0.0	2.0	0.0	0.0	0.0	0.0	0.0	1.0	0.0	1.0	2.0	0.0	1.0	0.0	0.0	0.0	1.0	0.0	0.0	0.0	0.0	0.0	0.0	2.0	0.0	0.0	0.0	1.0	1.0	0.0	1.0	0.0	0.0	0.0	0.0	0.0	0.0	0.0	0.0	1.0	1.0	0.0	0.0	0.0	2.0	0.0	0.0	0.0	0.0	1.0	0.0	1.0	1.0	2.0	-0.2142857142857143	0.0	7.971428571428571	107.10857142857142	1.0	0.0	7.3	114.30666666666669	0.6666666666666666	-0.1111111111111111	7.2444444444444445	124.25666666666666	7	6	9	7	6	9
7y0v	H	GRGSPPHYYFYFGLDV	YYTGS	GASITSSDS	1.0	0.0	0.0	1.0	0.0	0.0	0.0	1.0	0.0	1.0	0.0	0.0	0.0	0.0	0.0	4.0	1.0	0.0	0.0	0.0	0.0	0.0	0.0	0.0	0.0	0.0	0.0	1.0	0.0	0.0	0.0	0.0	0.0	0.0	0.0	1.0	1.0	0.0	2.0	0.0	0.0	1.0	0.0	1.0	0.0	0.0	0.0	3.0	1.0	0.0	1.0	0.0	0.0	2.0	2.0	1.0	0.0	0.0	3.0	1.0	-0.1666666666666666	-0.1111111111111111	8.966666666666667	91.53444444444445	-0.9	0.0	7.840000000000001	117.92	-0.41875	0.0625	7.86875	119.4425	9	5	16	9	5	16
7xco	H	DYTRGAWFGESLIGGFDN	STYNGN	GYPFTSY	0.0	0.0	0.0	0.0	0.0	0.0	0.0	1.0	0.0	0.0	0.0	0.0	0.0	1.0	1.0	1.0	1.0	0.0	2.0	0.0	0.0	0.0	2.0	0.0	0.0	0.0	0.0	1.0	0.0	0.0	0.0	0.0	0.0	0.0	0.0	1.0	1.0	0.0	1.0	0.0	1.0	1.0	1.0	2.0	0.0	0.0	1.0	4.0	0.0	1.0	1.0	0.0	0.0	2.0	0.0	1.0	1.0	1.0	1.0	0.0	-0.4714285714285715	0.0	7.485714285714286	119.12857142857142	-1.7	0.0	9.366666666666664	109.10666666666668	-0.45	-0.1111111111111111	8.577777777777778	114.39722222222224	7	6	18	7	6	18
7xxl	A	EEQQLVHDYYYYGMDV	YYRSKWY	GDSVSSNSA	1.0	0.0	1.0	1.0	0.0	0.0	0.0	1.0	0.0	0.0	0.0	0.0	0.0	0.0	0.0	4.0	0.0	0.0	0.0	1.0	0.0	1.0	0.0	0.0	0.0	0.0	0.0	0.0	0.0	0.0	0.0	1.0	0.0	0.0	0.0	1.0	0.0	1.0	3.0	0.0	0.0	0.0	0.0	2.0	0.0	2.0	2.0	1.0	1.0	0.0	1.0	0.0	1.0	0.0	0.0	0.0	0.0	0.0	4.0	2.0	-0.5111111111111111	-0.1111111111111111	9.377777777777776	91.42	-2.0	0.2857142857142857	7.857142857142857	149.60142857142858	-0.98125	-0.1875	8.637500000000001	128.263125	9	7	16	9	7	16
7wbz	H	DLAVYGMDV	YSGGS	GFTVRSN	0.0	1.0	1.0	0.0	0.0	0.0	0.0	1.0	0.0	0.0	0.0	0.0	0.0	1.0	0.0	1.0	1.0	0.0	0.0	1.0	0.0	0.0	0.0	0.0	0.0	0.0	0.0	2.0	0.0	0.0	0.0	0.0	0.0	0.0	0.0	2.0	0.0	0.0	1.0	0.0	1.0	0.0	0.0	2.0	0.0	0.0	0.0	1.0	0.0	0.0	1.0	0.0	1.0	0.0	0.0	0.0	0.0	0.0	1.0	2.0	-0.4142857142857142	0.1428571428571428	8.571428571428571	111.40714285714286	-0.74	0.0	8.52	97.488	0.8	-0.2222222222222222	7.966666666666667	109.12333333333332	7	5	9	7	5	9
7xck	A	DYTRGAWFGESLIGGFDN	STYNGN	GYPFTSY	0.0	0.0	0.0	0.0	0.0	0.0	0.0	1.0	0.0	0.0	0.0	0.0	0.0	1.0	1.0	1.0	1.0	0.0	2.0	0.0	0.0	0.0	2.0	0.0	0.0	0.0	0.0	1.0	0.0	0.0	0.0	0.0	0.0	0.0	0.0	1.0	1.0	0.0	1.0	0.0	1.0	1.0	1.0	2.0	0.0	0.0	1.0	4.0	0.0	1.0	1.0	0.0	0.0	2.0	0.0	1.0	1.0	1.0	1.0	0.0	-0.4714285714285715	0.0	7.485714285714286	119.12857142857142	-1.7	0.0	9.366666666666664	109.10666666666668	-0.45	-0.1111111111111111	8.577777777777778	114.39722222222224	7	6	18	7	6	18
7xcp	H	GDSSGYYYYFDY	GTAGD	GFTFSSY	0.0	0.0	0.0	0.0	0.0	0.0	0.0	1.0	0.0	0.0	0.0	0.0	0.0	2.0	0.0	2.0	1.0	0.0	1.0	0.0	1.0	0.0	0.0	1.0	0.0	0.0	0.0	2.0	0.0	0.0	0.0	0.0	0.0	0.0	0.0	0.0	1.0	0.0	0.0	0.0	0.0	0.0	0.0	2.0	0.0	0.0	0.0	2.0	0.0	0.0	0.0	0.0	0.0	1.0	0.0	2.0	0.0	0.0	5.0	0.0	0.2285714285714285	0.0	7.514285714285714	115.40857142857143	-0.64	-0.2	9.54	87.476	-1.0916666666666668	-0.1666666666666666	8.216666666666667	126.46	7	5	12	7	5	12
7yad	A	DYTRGAWFGESLIGGFDN	STYNGN	GYPFTSY	0.0	0.0	0.0	0.0	0.0	0.0	0.0	1.0	0.0	0.0	0.0	0.0	0.0	1.0	1.0	1.0	1.0	0.0	2.0	0.0	0.0	0.0	2.0	0.0	0.0	0.0	0.0	1.0	0.0	0.0	0.0	0.0	0.0	0.0	0.0	1.0	1.0	0.0	1.0	0.0	1.0	1.0	1.0	2.0	0.0	0.0	1.0	4.0	0.0	1.0	1.0	0.0	0.0	2.0	0.0	1.0	1.0	1.0	1.0	0.0	-0.4714285714285715	0.0	7.485714285714286	119.12857142857142	-1.7	0.0	9.366666666666664	109.10666666666668	-0.45	-0.1111111111111111	8.577777777777778	114.39722222222224	7	6	18	7	6	18
8dad	H	PYCNKTNCRDGFDM	VVGSGN	QFTFSIS	0.0	0.0	0.0	0.0	0.0	1.0	0.0	0.0	0.0	1.0	0.0	0.0	0.0	2.0	0.0	2.0	1.0	0.0	0.0	0.0	0.0	0.0	1.0	0.0	0.0	0.0	0.0	2.0	0.0	0.0	0.0	0.0	0.0	0.0	0.0	1.0	0.0	0.0	0.0	2.0	0.0	1.0	2.0	2.0	2.0	0.0	0.0	1.0	0.0	0.0	0.0	1.0	1.0	1.0	1.0	0.0	1.0	0.0	1.0	0.0	0.6142857142857142	0.0	7.585714285714286	115.84571428571428	0.55	0.0	8.433333333333334	91.59166666666664	-1.1928571428571428	0.0	8.907142857142857	118.85071428571428	7	6	14	7	6	14
8dlr	H	LQTVDTAIEKYYGMDV	IPILGI	GGTFSSH	0.0	0.0	0.0	0.0	0.0	0.0	0.0	2.0	1.0	0.0	0.0	0.0	0.0	1.0	0.0	2.0	1.0	0.0	0.0	0.0	0.0	0.0	0.0	0.0	0.0	0.0	0.0	1.0	0.0	3.0	1.0	0.0	0.0	0.0	1.0	0.0	0.0	0.0	0.0	0.0	1.0	0.0	0.0	2.0	0.0	1.0	1.0	1.0	0.0	1.0	1.0	1.0	1.0	0.0	0.0	0.0	2.0	0.0	2.0	2.0	-0.5000000000000001	0.1428571428571428	8.657142857142857	101.38428571428572	2.55	0.0	6.25	104.135	-0.11875	-0.125	8.4	115.38125	7	6	16	7	6	16
8dls	H	STAVAGTPDLFDYYYGMDV	DPEDGE	GYTLTEL	0.0	0.0	0.0	0.0	0.0	0.0	1.0	1.0	0.0	0.0	2.0	0.0	0.0	0.0	0.0	0.0	2.0	0.0	1.0	0.0	0.0	0.0	0.0	2.0	0.0	0.0	2.0	1.0	0.0	0.0	0.0	0.0	0.0	0.0	1.0	0.0	0.0	0.0	0.0	0.0	2.0	0.0	0.0	3.0	0.0	0.0	0.0	2.0	0.0	0.0	1.0	0.0	1.0	1.0	1.0	1.0	2.0	0.0	3.0	2.0	0.1428571428571428	-0.1428571428571428	7.785714285714286	113.69857142857144	-2.6666666666666665	-0.6666666666666666	11.266666666666666	110.09833333333334	0.0789473684210526	-0.1578947368421052	8.094736842105263	110.69947368421052	7	6	19	7	6	19
8dlw	C	AAPFYDFWSGYSYFDY	NPISSG	GYTFTGY	0.0	0.0	0.0	0.0	0.0	0.0	0.0	2.0	0.0	0.0	0.0	0.0	0.0	1.0	0.0	0.0	2.0	0.0	2.0	0.0	0.0	0.0	1.0	0.0	0.0	0.0	0.0	1.0	0.0	1.0	0.0	0.0	0.0	0.0	1.0	2.0	0.0	0.0	0.0	0.0	2.0	0.0	0.0	2.0	0.0	0.0	0.0	1.0	0.0	0.0	0.0	0.0	0.0	3.0	1.0	2.0	0.0	1.0	4.0	0.0	-0.2857142857142857	0.0	7.542857142857143	117.98	-0.4333333333333333	0.0	8.7	95.6	-0.29375	-0.125	7.7125	124.946875	7	6	16	7	6	16
8dzh	E	GGYEDVFDI	YPGDSD	GFSFTSY	0.0	0.0	0.0	0.0	0.0	0.0	0.0	1.0	0.0	0.0	0.0	0.0	0.0	2.0	0.0	2.0	1.0	0.0	1.0	0.0	0.0	0.0	0.0	2.0	0.0	0.0	0.0	1.0	0.0	0.0	0.0	0.0	0.0	0.0	1.0	1.0	0.0	0.0	1.0	0.0	0.0	0.0	0.0	2.0	0.0	0.0	1.0	2.0	0.0	1.0	0.0	0.0	0.0	1.0	0.0	0.0	0.0	0.0	1.0	1.0	0.2285714285714285	0.0	7.514285714285714	115.40857142857143	-1.85	-0.3333333333333333	9.733333333333333	108.76833333333332	-0.1222222222222222	-0.3333333333333333	8.755555555555555	114.67222222222222	7	6	9	7	6	9
8dzi	H	GGYEDVFDI	YPGDSD	GFSFTSY	0.0	0.0	0.0	0.0	0.0	0.0	0.0	1.0	0.0	0.0	0.0	0.0	0.0	2.0	0.0	2.0	1.0	0.0	1.0	0.0	0.0	0.0	0.0	2.0	0.0	0.0	0.0	1.0	0.0	0.0	0.0	0.0	0.0	0.0	1.0	1.0	0.0	0.0	1.0	0.0	0.0	0.0	0.0	2.0	0.0	0.0	1.0	2.0	0.0	1.0	0.0	0.0	0.0	1.0	0.0	0.0	0.0	0.0	1.0	1.0	0.2285714285714285	0.0	7.514285714285714	115.40857142857143	-1.85	-0.3333333333333333	9.733333333333333	108.76833333333332	-0.1222222222222222	-0.3333333333333333	8.755555555555555	114.67222222222222	7	6	9	7	6	9
7zbu	H	ADYYDFWSGYQKTYYYYMDV	SYDGSY	GFIFSSY	0.0	0.0	0.0	0.0	0.0	0.0	0.0	1.0	0.0	1.0	0.0	0.0	0.0	2.0	0.0	2.0	0.0	0.0	1.0	0.0	0.0	0.0	0.0	1.0	0.0	0.0	0.0	1.0	0.0	0.0	0.0	0.0	0.0	0.0	0.0	2.0	0.0	0.0	2.0	0.0	1.0	0.0	0.0	3.0	0.0	1.0	0.0	1.0	0.0	0.0	0.0	1.0	1.0	1.0	0.0	1.0	1.0	1.0	7.0	1.0	0.9714285714285714	0.0	7.028571428571429	117.13	-1.35	-0.1666666666666666	8.799999999999999	115.11	-0.955	-0.1	8.065000000000001	132.09449999999998	7	6	20	7	6	20
7upl	E	GEMTAVFGDY	YPGDSD	GYNFAYY	1.0	0.0	1.0	0.0	0.0	0.0	0.0	1.0	0.0	0.0	0.0	0.0	0.0	1.0	0.0	0.0	0.0	0.0	3.0	0.0	0.0	0.0	0.0	2.0	0.0	0.0	0.0	1.0	0.0	0.0	0.0	0.0	0.0	0.0	1.0	1.0	0.0	0.0	1.0	0.0	1.0	0.0	0.0	1.0	0.0	0.0	1.0	2.0	0.0	0.0	0.0	0.0	1.0	1.0	0.0	0.0	1.0	0.0	1.0	1.0	-0.4571428571428572	0.0	7.5	128.13714285714286	-1.85	-0.3333333333333333	9.733333333333333	108.76833333333332	0.09	-0.2	8.3	110.719	7	6	10	7	6	10
7u0p	E	GEMTAVFGDY	YPGDSD	GYNFAYY	1.0	0.0	1.0	0.0	0.0	0.0	0.0	1.0	0.0	0.0	0.0	0.0	0.0	1.0	0.0	0.0	0.0	0.0	3.0	0.0	0.0	0.0	0.0	2.0	0.0	0.0	0.0	1.0	0.0	0.0	0.0	0.0	0.0	0.0	1.0	1.0	0.0	0.0	1.0	0.0	1.0	0.0	0.0	1.0	0.0	0.0	1.0	2.0	0.0	0.0	0.0	0.0	1.0	1.0	0.0	0.0	1.0	0.0	1.0	1.0	-0.4571428571428572	0.0	7.5	128.13714285714286	-1.85	-0.3333333333333333	9.733333333333333	108.76833333333332	0.09	-0.2	8.3	110.719	7	6	10	7	6	10
7fjc	H	GGGRRLQFDYFDY	NAGNGN	GYTFTTY	0.0	0.0	0.0	0.0	0.0	0.0	0.0	1.0	0.0	0.0	0.0	0.0	0.0	1.0	0.0	0.0	3.0	0.0	2.0	0.0	1.0	0.0	3.0	0.0	0.0	0.0	0.0	2.0	0.0	0.0	0.0	0.0	0.0	0.0	0.0	0.0	0.0	0.0	0.0	0.0	0.0	2.0	0.0	2.0	0.0	1.0	0.0	3.0	0.0	0.0	1.0	0.0	0.0	2.0	0.0	0.0	0.0	0.0	2.0	0.0	-0.3285714285714286	0.0	7.485714285714286	121.70285714285716	-1.5833333333333333	0.0	10.15	93.91833333333334	-1.0692307692307692	0.0	8.63076923076923	125.36307692307692	7	6	13	7	6	13
7str	H	IYDSSGYYHPVFDY	YYSGS	GGSISSY	0.0	0.0	0.0	0.0	0.0	0.0	0.0	2.0	0.0	1.0	0.0	0.0	0.0	0.0	0.0	3.0	0.0	0.0	1.0	0.0	0.0	0.0	0.0	0.0	0.0	0.0	0.0	1.0	0.0	0.0	0.0	0.0	0.0	0.0	0.0	2.0	0.0	0.0	2.0	0.0	0.0	0.0	0.0	2.0	0.0	0.0	0.0	1.0	1.0	1.0	0.0	0.0	0.0	1.0	1.0	2.0	0.0	0.0	4.0	1.0	-3.1720657846433036e-17	0.0	8.142857142857142	98.24	-0.9200000000000002	0.0	7.959999999999999	115.114	-0.5357142857142858	-0.0714285714285714	8.064285714285715	123.27428571428572	7	5	14	7	5	14
7sts	A	DYYQLPMDV	YYSGS	GGSISSY	0.0	0.0	0.0	0.0	0.0	0.0	0.0	2.0	0.0	1.0	0.0	0.0	0.0	0.0	0.0	3.0	0.0	0.0	1.0	0.0	0.0	0.0	0.0	0.0	0.0	0.0	0.0	1.0	0.0	0.0	0.0	0.0	0.0	0.0	0.0	2.0	0.0	0.0	2.0	0.0	0.0	0.0	0.0	2.0	0.0	1.0	0.0	0.0	0.0	0.0	1.0	0.0	1.0	0.0	1.0	0.0	0.0	0.0	2.0	1.0	-3.1720657846433036e-17	0.0	8.142857142857142	98.24	-0.9200000000000002	0.0	7.959999999999999	115.114	-0.5333333333333334	-0.2222222222222222	8.155555555555557	125.0311111111111	7	5	9	7	5	9
7sue	H	GWEFGSGSYYRDYYYYAMDV	IPILGI	GGTFSSC	0.0	0.0	0.0	0.0	1.0	0.0	0.0	2.0	0.0	0.0	0.0	0.0	0.0	1.0	0.0	2.0	1.0	0.0	0.0	0.0	0.0	0.0	0.0	0.0	0.0	0.0	0.0	1.0	0.0	3.0	1.0	0.0	0.0	0.0	1.0	0.0	0.0	0.0	0.0	0.0	1.0	1.0	0.0	2.0	0.0	0.0	1.0	3.0	0.0	0.0	0.0	0.0	1.0	1.0	0.0	2.0	0.0	1.0	6.0	1.0	0.3142857142857142	0.0	7.957142857142856	96.52857142857144	2.55	0.0	6.25	104.135	-0.79	-0.1	8.084999999999999	126.4345	7	6	20	7	6	20
7v23	O	NGGAHSSTWSFYGMDV	SSSGSQ	EFTFSSY	0.0	0.0	0.0	0.0	0.0	0.0	1.0	0.0	0.0	0.0	0.0	0.0	0.0	2.0	0.0	2.0	1.0	0.0	1.0	0.0	0.0	0.0	0.0	0.0	0.0	1.0	0.0	1.0	0.0	0.0	0.0	0.0	0.0	0.0	0.0	4.0	0.0	0.0	0.0	0.0	1.0	0.0	1.0	1.0	0.0	0.0	0.0	3.0	1.0	0.0	0.0	0.0	1.0	1.0	0.0	3.0	1.0	1.0	1.0	1.0	-0.2142857142857143	-0.1428571428571428	7.985714285714286	123.13285714285716	-1.1833333333333331	0.0	9.383333333333333	91.91666666666669	-0.375	0.0	8.41875	109.489375	7	6	16	7	6	16
7v24	H	NGGAHSSTWSFYGMDV	SSSGSQ	EFTFSSY	0.0	0.0	0.0	0.0	0.0	0.0	1.0	0.0	0.0	0.0	0.0	0.0	0.0	2.0	0.0	2.0	1.0	0.0	1.0	0.0	0.0	0.0	0.0	0.0	0.0	1.0	0.0	1.0	0.0	0.0	0.0	0.0	0.0	0.0	0.0	4.0	0.0	0.0	0.0	0.0	1.0	0.0	1.0	1.0	0.0	0.0	0.0	3.0	1.0	0.0	0.0	0.0	1.0	1.0	0.0	3.0	1.0	1.0	1.0	1.0	-0.2142857142857143	-0.1428571428571428	7.985714285714286	123.13285714285716	-1.1833333333333331	0.0	9.383333333333333	91.91666666666669	-0.375	0.0	8.41875	109.489375	7	6	16	7	6	16
7v27	B	LTAADTIFDC	YWDDD	GFSLSTPGG	0.0	0.0	0.0	0.0	0.0	0.0	0.0	3.0	0.0	0.0	1.0	0.0	0.0	1.0	1.0	2.0	1.0	0.0	0.0	0.0	0.0	0.0	0.0	3.0	0.0	0.0	0.0	0.0	0.0	0.0	0.0	0.0	0.0	0.0	0.0	0.0	0.0	1.0	1.0	0.0	2.0	0.0	0.0	2.0	1.0	0.0	0.0	0.0	0.0	1.0	1.0	0.0	0.0	1.0	0.0	0.0	2.0	0.0	0.0	0.0	0.1666666666666666	0.0	8.011111111111111	95.32	-2.54	-0.6	10.12	138.93400000000003	0.8800000000000001	-0.2	8.02	105.121	9	5	10	9	5	10
7wcd	E	GWATYYDILTGYSLFDY	NPNSGG	GYTFTGY	0.0	0.0	0.0	0.0	0.0	0.0	0.0	2.0	0.0	0.0	0.0	0.0	0.0	1.0	0.0	0.0	2.0	0.0	2.0	0.0	0.0	0.0	2.0	0.0	0.0	0.0	0.0	2.0	0.0	0.0	0.0	0.0	0.0	0.0	1.0	1.0	0.0	0.0	0.0	0.0	1.0	0.0	0.0	2.0	0.0	0.0	0.0	2.0	0.0	1.0	2.0	0.0	0.0	1.0	0.0	1.0	2.0	1.0	4.0	0.0	-0.2857142857142857	0.0	7.542857142857143	117.98	-1.7	0.0	9.733333333333333	93.75333333333332	0.0352941176470587	-0.1176470588235294	7.582352941176471	121.54470588235296	7	6	17	7	6	17
7qti	G	DRHYDSSGYFVNGFDI	SWNSNN	GFRFDDY	0.0	1.0	0.0	2.0	0.0	0.0	0.0	1.0	0.0	0.0	0.0	0.0	0.0	2.0	0.0	0.0	0.0	0.0	1.0	0.0	0.0	0.0	3.0	0.0	0.0	0.0	0.0	0.0	0.0	0.0	0.0	0.0	0.0	0.0	0.0	2.0	0.0	1.0	0.0	0.0	0.0	1.0	1.0	3.0	0.0	0.0	0.0	2.0	1.0	1.0	0.0	0.0	0.0	2.0	0.0	2.0	0.0	0.0	2.0	1.0	-1.085714285714286	-0.1428571428571428	8.871428571428572	131.28	-2.1666666666666665	0.0	9.766666666666666	117.11833333333334	-0.775	-0.0625	8.8625	119.37375	7	6	16	7	6	16
7qtj	B	DRHYDSSGYFVNGFDI	SWNSNN	GFRFDDY	0.0	1.0	0.0	2.0	0.0	0.0	0.0	1.0	0.0	0.0	0.0	0.0	0.0	2.0	0.0	0.0	0.0	0.0	1.0	0.0	0.0	0.0	3.0	0.0	0.0	0.0	0.0	0.0	0.0	0.0	0.0	0.0	0.0	0.0	0.0	2.0	0.0	1.0	0.0	0.0	0.0	1.0	1.0	3.0	0.0	0.0	0.0	2.0	1.0	1.0	0.0	0.0	0.0	2.0	0.0	2.0	0.0	0.0	2.0	1.0	-1.085714285714286	-0.1428571428571428	8.871428571428572	131.28	-2.1666666666666665	0.0	9.766666666666666	117.11833333333334	-0.775	-0.0625	8.8625	119.37375	7	6	16	7	6	16
7qtk	B	DRHYDSSGYFVNGFDI	SWNSNN	GFRFDDY	0.0	1.0	0.0	2.0	0.0	0.0	0.0	1.0	0.0	0.0	0.0	0.0	0.0	2.0	0.0	0.0	0.0	0.0	1.0	0.0	0.0	0.0	3.0	0.0	0.0	0.0	0.0	0.0	0.0	0.0	0.0	0.0	0.0	0.0	0.0	2.0	0.0	1.0	0.0	0.0	0.0	1.0	1.0	3.0	0.0	0.0	0.0	2.0	1.0	1.0	0.0	0.0	0.0	2.0	0.0	2.0	0.0	0.0	2.0	1.0	-1.085714285714286	-0.1428571428571428	8.871428571428572	131.28	-2.1666666666666665	0.0	9.766666666666666	117.11833333333334	-0.775	-0.0625	8.8625	119.37375	7	6	16	7	6	16
7t7b	H	AARPYYDRRGYFFRADYFQH	NAGDGD	GYTFSVF	0.0	0.0	0.0	0.0	0.0	0.0	0.0	1.0	0.0	0.0	0.0	0.0	0.0	2.0	0.0	1.0	1.0	0.0	1.0	1.0	1.0	0.0	1.0	2.0	0.0	0.0	0.0	2.0	0.0	0.0	0.0	0.0	0.0	0.0	0.0	0.0	0.0	0.0	0.0	0.0	3.0	4.0	0.0	2.0	0.0	1.0	0.0	1.0	1.0	0.0	0.0	0.0	0.0	3.0	1.0	0.0	0.0	0.0	4.0	0.0	0.9428571428571428	0.0	7.042857142857143	117.13	-1.5833333333333333	-0.3333333333333333	10.616666666666667	94.245	-1.255	0.15	8.53	129.994	7	6	20	7	6	20
8df5	A	DYTRGAWFGESLIGGFDN	STYNGN	GYPFTSY	0.0	0.0	0.0	0.0	0.0	0.0	0.0	1.0	0.0	0.0	0.0	0.0	0.0	1.0	1.0	1.0	1.0	0.0	2.0	0.0	0.0	0.0	2.0	0.0	0.0	0.0	0.0	1.0	0.0	0.0	0.0	0.0	0.0	0.0	0.0	1.0	1.0	0.0	1.0	0.0	1.0	1.0	1.0	2.0	0.0	0.0	1.0	4.0	0.0	1.0	1.0	0.0	0.0	2.0	0.0	1.0	1.0	1.0	1.0	0.0	-0.4714285714285715	0.0	7.485714285714286	119.12857142857142	-1.7	0.0	9.366666666666664	109.10666666666668	-0.45	-0.1111111111111111	8.577777777777778	114.39722222222224	7	6	18	7	6	18
7wjy	B	HHQIAVAGDAEDYYFDY	TWNSGT	GFTFDDY	0.0	0.0	0.0	2.0	0.0	0.0	0.0	1.0	0.0	0.0	0.0	0.0	0.0	2.0	0.0	0.0	1.0	0.0	1.0	0.0	0.0	0.0	1.0	0.0	0.0	0.0	0.0	1.0	0.0	0.0	0.0	0.0	0.0	0.0	0.0	1.0	2.0	1.0	0.0	0.0	3.0	0.0	0.0	3.0	0.0	1.0	1.0	1.0	2.0	1.0	0.0	0.0	0.0	1.0	0.0	0.0	0.0	0.0	3.0	1.0	-0.5428571428571429	-0.2857142857142857	8.6	123.41142857142856	-1.1666666666666667	0.0	8.733333333333333	110.78	-0.6647058823529413	-0.1176470588235294	8.870588235294118	118.47647058823529	7	6	17	7	6	17
7wo4	D	VWYYYGPRDY	NQDGGE	GFTFSSY	0.0	0.0	0.0	0.0	0.0	0.0	0.0	1.0	0.0	0.0	0.0	0.0	0.0	2.0	0.0	2.0	1.0	0.0	1.0	0.0	0.0	0.0	1.0	1.0	0.0	1.0	1.0	2.0	0.0	0.0	0.0	0.0	0.0	0.0	0.0	0.0	0.0	0.0	0.0	0.0	0.0	1.0	0.0	1.0	0.0	0.0	0.0	1.0	0.0	0.0	0.0	0.0	0.0	0.0	1.0	0.0	0.0	1.0	4.0	1.0	0.2285714285714285	0.0	7.514285714285714	115.40857142857143	-2.466666666666667	-0.3333333333333333	10.9	106.09166666666664	-1.19	0.0	7.659999999999999	138.152	7	6	10	7	6	10
7wo5	D	VWYYYGPRDY	NQDGGE	GFTFSSY	0.0	0.0	0.0	0.0	0.0	0.0	0.0	1.0	0.0	0.0	0.0	0.0	0.0	2.0	0.0	2.0	1.0	0.0	1.0	0.0	0.0	0.0	1.0	1.0	0.0	1.0	1.0	2.0	0.0	0.0	0.0	0.0	0.0	0.0	0.0	0.0	0.0	0.0	0.0	0.0	0.0	1.0	0.0	1.0	0.0	0.0	0.0	1.0	0.0	0.0	0.0	0.0	0.0	0.0	1.0	0.0	0.0	1.0	4.0	1.0	0.2285714285714285	0.0	7.514285714285714	115.40857142857143	-2.466666666666667	-0.3333333333333333	10.9	106.09166666666664	-1.19	0.0	7.659999999999999	138.152	7	6	10	7	6	10
7wo7	A	VWYYYGPRDY	NQDGGE	GFTFSSY	0.0	0.0	0.0	0.0	0.0	0.0	0.0	1.0	0.0	0.0	0.0	0.0	0.0	2.0	0.0	2.0	1.0	0.0	1.0	0.0	0.0	0.0	1.0	1.0	0.0	1.0	1.0	2.0	0.0	0.0	0.0	0.0	0.0	0.0	0.0	0.0	0.0	0.0	0.0	0.0	0.0	1.0	0.0	1.0	0.0	0.0	0.0	1.0	0.0	0.0	0.0	0.0	0.0	0.0	1.0	0.0	0.0	1.0	4.0	1.0	0.2285714285714285	0.0	7.514285714285714	115.40857142857143	-2.466666666666667	-0.3333333333333333	10.9	106.09166666666664	-1.19	0.0	7.659999999999999	138.152	7	6	10	7	6	10
7woa	D	VFRGSQYWFDP	IPILDI	GDTFINY	0.0	0.0	1.0	1.0	0.0	0.0	0.0	1.0	0.0	1.0	0.0	0.0	0.0	1.0	0.0	0.0	1.0	0.0	1.0	0.0	0.0	0.0	0.0	1.0	0.0	0.0	0.0	0.0	0.0	3.0	1.0	0.0	0.0	0.0	1.0	0.0	0.0	0.0	0.0	0.0	0.0	1.0	0.0	1.0	0.0	1.0	0.0	1.0	0.0	0.0	0.0	0.0	0.0	2.0	1.0	1.0	0.0	1.0	1.0	1.0	-0.3	-0.1428571428571428	8.4	118.41142857142856	2.033333333333333	-0.1666666666666666	6.916666666666667	110.80833333333334	-0.6090909090909091	0.0	8.009090909090908	127.41363636363636	7	6	11	7	6	11
7wob	D	VFRGSQYWFDP	IPILDI	GDTFINY	0.0	0.0	1.0	1.0	0.0	0.0	0.0	1.0	0.0	1.0	0.0	0.0	0.0	1.0	0.0	0.0	1.0	0.0	1.0	0.0	0.0	0.0	0.0	1.0	0.0	0.0	0.0	0.0	0.0	3.0	1.0	0.0	0.0	0.0	1.0	0.0	0.0	0.0	0.0	0.0	0.0	1.0	0.0	1.0	0.0	1.0	0.0	1.0	0.0	0.0	0.0	0.0	0.0	2.0	1.0	1.0	0.0	1.0	1.0	1.0	-0.3	-0.1428571428571428	8.4	118.41142857142856	2.033333333333333	-0.1666666666666666	6.916666666666667	110.80833333333334	-0.6090909090909091	0.0	8.009090909090908	127.41363636363636	7	6	11	7	6	11
7woc	A	VFRGSQYWFDP	IPILDI	GDTFINY	0.0	0.0	1.0	1.0	0.0	0.0	0.0	1.0	0.0	1.0	0.0	0.0	0.0	1.0	0.0	0.0	1.0	0.0	1.0	0.0	0.0	0.0	0.0	1.0	0.0	0.0	0.0	0.0	0.0	3.0	1.0	0.0	0.0	0.0	1.0	0.0	0.0	0.0	0.0	0.0	0.0	1.0	0.0	1.0	0.0	1.0	0.0	1.0	0.0	0.0	0.0	0.0	0.0	2.0	1.0	1.0	0.0	1.0	1.0	1.0	-0.3	-0.1428571428571428	8.4	118.41142857142856	2.033333333333333	-0.1666666666666666	6.916666666666667	110.80833333333334	-0.6090909090909091	0.0	8.009090909090908	127.41363636363636	7	6	11	7	6	11
7wog	A	DSSSWYNYYGMDV	SGSGGS	GFTFSSY	0.0	0.0	0.0	0.0	0.0	0.0	0.0	1.0	0.0	0.0	0.0	0.0	0.0	2.0	0.0	2.0	1.0	0.0	1.0	0.0	0.0	0.0	0.0	0.0	0.0	0.0	0.0	3.0	0.0	0.0	0.0	0.0	0.0	0.0	0.0	3.0	0.0	0.0	0.0	0.0	0.0	0.0	1.0	2.0	0.0	0.0	0.0	1.0	0.0	0.0	0.0	0.0	1.0	0.0	0.0	3.0	0.0	1.0	3.0	1.0	0.2285714285714285	0.0	7.514285714285714	115.40857142857143	-0.6	0.0	9.1	81.065	-0.9230769230769232	-0.1538461538461538	8.446153846153846	122.05153846153848	7	6	13	7	6	13
7wp0	H	GVQGYYDRSGYYNLDYNYGMDV	SFDGSI	GFTFSSI	0.0	0.0	0.0	0.0	0.0	0.0	0.0	1.0	0.0	1.0	0.0	0.0	0.0	2.0	0.0	2.0	1.0	0.0	0.0	0.0	0.0	0.0	0.0	1.0	0.0	0.0	0.0	1.0	0.0	1.0	0.0	0.0	0.0	1.0	0.0	2.0	0.0	0.0	0.0	0.0	0.0	1.0	2.0	3.0	0.0	1.0	0.0	4.0	0.0	0.0	1.0	0.0	1.0	0.0	0.0	1.0	0.0	0.0	6.0	2.0	1.0571428571428572	0.0	7.371428571428572	108.26285714285714	0.3	-0.1666666666666666	8.466666666666667	104.10666666666668	-0.981818181818182	-0.0909090909090909	8.545454545454545	121.21772727272727	7	6	22	7	6	22
7wjz	A	HHQIAVAGDAEDYYFDY	TWNSGT	GFTFDDY	0.0	0.0	0.0	2.0	0.0	0.0	0.0	1.0	0.0	0.0	0.0	0.0	0.0	2.0	0.0	0.0	1.0	0.0	1.0	0.0	0.0	0.0	1.0	0.0	0.0	0.0	0.0	1.0	0.0	0.0	0.0	0.0	0.0	0.0	0.0	1.0	2.0	1.0	0.0	0.0	3.0	0.0	0.0	3.0	0.0	1.0	1.0	1.0	2.0	1.0	0.0	0.0	0.0	1.0	0.0	0.0	0.0	0.0	3.0	1.0	-0.5428571428571429	-0.2857142857142857	8.6	123.41142857142856	-1.1666666666666667	0.0	8.733333333333333	110.78	-0.6647058823529413	-0.1176470588235294	8.870588235294118	118.47647058823529	7	6	17	7	6	17
7wk0	A	HHQIAVAGDAEDYYFDY	TWNSGT	GFTFDDY	0.0	0.0	0.0	2.0	0.0	0.0	0.0	1.0	0.0	0.0	0.0	0.0	0.0	2.0	0.0	0.0	1.0	0.0	1.0	0.0	0.0	0.0	1.0	0.0	0.0	0.0	0.0	1.0	0.0	0.0	0.0	0.0	0.0	0.0	0.0	1.0	2.0	1.0	0.0	0.0	3.0	0.0	0.0	3.0	0.0	1.0	1.0	1.0	2.0	1.0	0.0	0.0	0.0	1.0	0.0	0.0	0.0	0.0	3.0	1.0	-0.5428571428571429	-0.2857142857142857	8.6	123.41142857142856	-1.1666666666666667	0.0	8.733333333333333	110.78	-0.6647058823529413	-0.1176470588235294	8.870588235294118	118.47647058823529	7	6	17	7	6	17
7x6a	H	ERDYSDYFFDY	NTDTGT	GHSFTSN	0.0	0.0	1.0	0.0	0.0	0.0	0.0	1.0	1.0	0.0	0.0	0.0	0.0	1.0	0.0	2.0	1.0	0.0	0.0	0.0	0.0	0.0	1.0	1.0	0.0	0.0	0.0	1.0	0.0	0.0	0.0	0.0	0.0	0.0	0.0	0.0	3.0	0.0	0.0	0.0	0.0	1.0	0.0	3.0	0.0	0.0	1.0	0.0	0.0	0.0	0.0	0.0	0.0	2.0	0.0	1.0	0.0	0.0	3.0	0.0	-0.942857142857143	0.1428571428571428	9.028571428571428	106.96428571428572	-1.5833333333333333	-0.1666666666666666	9.9	101.26333333333334	-1.6	-0.2727272727272727	9.090909090909092	136.50545454545454	7	6	11	7	6	11
8dcc	H	AVVGIVVVPAAGRRAFDI	YHSGS	GYSISSGY	0.0	0.0	0.0	0.0	0.0	0.0	0.0	2.0	0.0	1.0	0.0	0.0	0.0	0.0	0.0	3.0	0.0	0.0	2.0	0.0	0.0	0.0	0.0	0.0	0.0	0.0	0.0	1.0	1.0	0.0	0.0	0.0	0.0	0.0	0.0	2.0	0.0	0.0	1.0	0.0	4.0	2.0	0.0	1.0	0.0	0.0	0.0	2.0	0.0	2.0	0.0	0.0	0.0	1.0	1.0	0.0	0.0	0.0	0.0	5.0	-0.1625	0.0	7.9	106.3575	-1.3	0.2	8.8	109.906	1.3944444444444446	0.0555555555555555	7.638888888888889	101.56444444444443	8	5	18	8	5	18
7x1m	A	DYTRGAWFGESLIGGFDN	STYNGN	GYPFTSY	0.0	0.0	0.0	0.0	0.0	0.0	0.0	1.0	0.0	0.0	0.0	0.0	0.0	1.0	1.0	1.0	1.0	0.0	2.0	0.0	0.0	0.0	2.0	0.0	0.0	0.0	0.0	1.0	0.0	0.0	0.0	0.0	0.0	0.0	0.0	1.0	1.0	0.0	1.0	0.0	1.0	1.0	1.0	2.0	0.0	0.0	1.0	4.0	0.0	1.0	1.0	0.0	0.0	2.0	0.0	1.0	1.0	1.0	1.0	0.0	-0.4714285714285715	0.0	7.485714285714286	119.12857142857142	-1.7	0.0	9.366666666666664	109.10666666666668	-0.45	-0.1111111111111111	8.577777777777778	114.39722222222224	7	6	18	7	6	18
7jmo	H	DLERAGGMDV	YSGGS	GFTVSSN	0.0	0.0	1.0	0.0	0.0	0.0	0.0	1.0	0.0	0.0	0.0	0.0	0.0	1.0	0.0	2.0	1.0	0.0	0.0	1.0	0.0	0.0	0.0	0.0	0.0	0.0	0.0	2.0	0.0	0.0	0.0	0.0	0.0	0.0	0.0	2.0	0.0	0.0	1.0	0.0	1.0	1.0	0.0	2.0	0.0	0.0	1.0	2.0	0.0	0.0	1.0	0.0	1.0	0.0	0.0	0.0	0.0	0.0	0.0	1.0	0.1142857142857142	0.0	8.385714285714284	101.53428571428572	-0.74	0.0	8.52	97.488	-0.41	-0.2	9.14	108.016	7	5	10	7	5	10
7orb	E	DVVVVVAARNHYYNGMDV	SQDGGN	GFTFNNY	0.0	0.0	2.0	0.0	0.0	0.0	0.0	1.0	0.0	0.0	0.0	0.0	0.0	2.0	0.0	0.0	1.0	0.0	1.0	0.0	0.0	0.0	1.0	1.0	0.0	1.0	0.0	2.0	0.0	0.0	0.0	0.0	0.0	0.0	0.0	1.0	0.0	0.0	0.0	0.0	2.0	1.0	2.0	2.0	0.0	0.0	0.0	1.0	1.0	0.0	0.0	0.0	1.0	0.0	0.0	0.0	0.0	0.0	2.0	6.0	-0.5428571428571429	0.0	8.2	123.1314285714286	-2.0166666666666666	-0.1666666666666666	10.383333333333333	99.085	0.3333333333333333	0.0	8.266666666666667	112.29333333333334	7	6	18	7	6	18
7cwn	K	HATLMNNKDI	SYDGSN	GFTFSSY	0.0	0.0	0.0	0.0	0.0	0.0	0.0	1.0	0.0	0.0	0.0	0.0	0.0	2.0	0.0	2.0	1.0	0.0	1.0	0.0	0.0	0.0	1.0	1.0	0.0	0.0	0.0	1.0	0.0	0.0	0.0	0.0	0.0	0.0	0.0	2.0	0.0	0.0	1.0	0.0	1.0	0.0	2.0	1.0	0.0	0.0	0.0	0.0	1.0	1.0	1.0	1.0	1.0	0.0	0.0	0.0	1.0	0.0	0.0	0.0	0.2285714285714285	0.0	7.514285714285714	115.40857142857143	-1.7166666666666668	-0.1666666666666666	9.7	106.93166666666669	-0.6300000000000001	0.1	9.04	113.834	7	6	10	7	6	10
7tn0	M	GDSSGYYYYFDY	GTAGD	GFTFSSY	0.0	0.0	0.0	0.0	0.0	0.0	0.0	1.0	0.0	0.0	0.0	0.0	0.0	2.0	0.0	2.0	1.0	0.0	1.0	0.0	1.0	0.0	0.0	1.0	0.0	0.0	0.0	2.0	0.0	0.0	0.0	0.0	0.0	0.0	0.0	0.0	1.0	0.0	0.0	0.0	0.0	0.0	0.0	2.0	0.0	0.0	0.0	2.0	0.0	0.0	0.0	0.0	0.0	1.0	0.0	2.0	0.0	0.0	5.0	0.0	0.2285714285714285	0.0	7.514285714285714	115.40857142857143	-0.64	-0.2	9.54	87.476	-1.0916666666666668	-0.1666666666666666	8.216666666666667	126.46	7	5	12	7	5	12
7mw6	D	SRGDY	NPSTGG	GYSFTGY	0.0	0.0	0.0	0.0	0.0	0.0	0.0	2.0	0.0	0.0	0.0	0.0	0.0	1.0	0.0	1.0	1.0	0.0	2.0	0.0	0.0	0.0	1.0	0.0	0.0	0.0	0.0	2.0	0.0	0.0	0.0	0.0	0.0	0.0	1.0	1.0	1.0	0.0	0.0	0.0	0.0	1.0	0.0	1.0	0.0	0.0	0.0	1.0	0.0	0.0	0.0	0.0	0.0	0.0	0.0	1.0	0.0	0.0	1.0	0.0	-0.3000000000000001	0.0	7.628571428571428	115.97571428571428	-1.2333333333333334	0.0	9.233333333333333	91.58666666666666	-2.1	0.0	9.58	119.318	7	6	5	7	6	5
7bel	C	GGSYAYYYYMDV	SYDGSN	GFTFSTY	0.0	0.0	0.0	0.0	0.0	0.0	0.0	1.0	0.0	0.0	0.0	0.0	0.0	2.0	0.0	1.0	2.0	0.0	1.0	0.0	0.0	0.0	1.0	1.0	0.0	0.0	0.0	1.0	0.0	0.0	0.0	0.0	0.0	0.0	0.0	2.0	0.0	0.0	1.0	0.0	1.0	0.0	0.0	1.0	0.0	0.0	0.0	2.0	0.0	0.0	0.0	0.0	1.0	0.0	0.0	1.0	0.0	0.0	5.0	1.0	0.2428571428571428	0.0	7.428571428571429	117.41285714285712	-1.7166666666666668	-0.1666666666666666	9.7	106.93166666666669	-0.3083333333333333	-0.0833333333333333	7.575	122.465	7	6	12	7	6	12
7bej	H	DLGSGDMDV	YPGGS	GVTVSSN	0.0	0.0	1.0	0.0	0.0	0.0	0.0	1.0	0.0	0.0	0.0	0.0	0.0	0.0	0.0	2.0	1.0	0.0	0.0	2.0	0.0	0.0	0.0	0.0	0.0	0.0	0.0	2.0	0.0	0.0	0.0	0.0	0.0	0.0	1.0	1.0	0.0	0.0	1.0	0.0	0.0	0.0	0.0	3.0	0.0	0.0	0.0	2.0	0.0	0.0	1.0	0.0	1.0	0.0	0.0	1.0	0.0	0.0	0.0	1.0	0.3142857142857143	0.0	8.485714285714286	94.67	-0.9	0.0	8.28	99.496	-0.2444444444444444	-0.3333333333333333	9.18888888888889	102.8822222222222	7	5	9	7	5	9
7l2e	H	DSGYNYGYSWFDP	SYDGSN	GFTFSSY	0.0	0.0	0.0	0.0	0.0	0.0	0.0	1.0	0.0	0.0	0.0	0.0	0.0	2.0	0.0	2.0	1.0	0.0	1.0	0.0	0.0	0.0	1.0	1.0	0.0	0.0	0.0	1.0	0.0	0.0	0.0	0.0	0.0	0.0	0.0	2.0	0.0	0.0	1.0	0.0	0.0	0.0	1.0	2.0	0.0	0.0	0.0	2.0	0.0	0.0	0.0	0.0	0.0	1.0	1.0	2.0	0.0	1.0	3.0	0.0	0.2285714285714285	0.0	7.514285714285714	115.40857142857143	-1.7166666666666668	-0.1666666666666666	9.7	106.93166666666669	-1.2692307692307692	-0.1538461538461538	8.553846153846154	122.20076923076924	7	6	13	7	6	13
7tm0	E	LKDSRYSGSYYDY	RYDGGN	GFTFNSY	0.0	0.0	1.0	0.0	0.0	0.0	0.0	1.0	0.0	0.0	0.0	0.0	0.0	2.0	0.0	1.0	1.0	0.0	1.0	0.0	0.0	1.0	1.0	1.0	0.0	0.0	0.0	2.0	0.0	0.0	0.0	0.0	0.0	0.0	0.0	0.0	0.0	0.0	1.0	0.0	0.0	1.0	0.0	2.0	0.0	0.0	0.0	1.0	0.0	0.0	1.0	1.0	0.0	0.0	0.0	3.0	0.0	0.0	4.0	0.0	-0.1571428571428572	0.0	7.857142857142857	119.27	-2.2666666666666666	0.0	9.883333333333333	116.445	-1.507692307692308	0.0	8.776923076923076	124.36307692307692	7	6	13	7	6	13
7ra8	C	GFNGNYYGWGDDDAFDI	ILMSGM	GGIFNTY	0.0	0.0	1.0	0.0	0.0	0.0	0.0	2.0	0.0	1.0	0.0	0.0	0.0	1.0	0.0	0.0	1.0	0.0	1.0	0.0	0.0	0.0	0.0	0.0	0.0	0.0	0.0	1.0	0.0	1.0	1.0	0.0	2.0	0.0	0.0	1.0	0.0	0.0	0.0	0.0	1.0	0.0	2.0	4.0	0.0	0.0	0.0	4.0	0.0	1.0	0.0	0.0	0.0	2.0	0.0	0.0	0.0	1.0	2.0	0.0	0.1428571428571428	0.0	7.828571428571428	112.69142857142856	1.8166666666666669	0.0	6.616666666666667	108.47499999999998	-0.8352941176470589	-0.2352941176470588	8.98235294117647	116.46823529411763	7	6	17	7	6	17
7wwl	J	DRTDWELIRGYFGH	KQDGSE	GFSFSNY	0.0	0.0	1.0	0.0	0.0	0.0	0.0	1.0	0.0	0.0	0.0	0.0	0.0	2.0	0.0	2.0	0.0	0.0	1.0	0.0	0.0	0.0	0.0	1.0	0.0	1.0	1.0	1.0	0.0	0.0	0.0	1.0	0.0	0.0	0.0	1.0	0.0	0.0	0.0	0.0	0.0	2.0	0.0	2.0	0.0	0.0	1.0	2.0	1.0	1.0	1.0	0.0	0.0	1.0	0.0	0.0	1.0	1.0	1.0	0.0	-0.1714285714285715	0.0	7.942857142857143	117.26571428571428	-2.6	-0.1666666666666666	10.883333333333333	110.44166666666666	-1.092857142857143	0.0	8.8	127.35214285714288	7	6	14	7	6	14
7mw3	H	EGHRVGPAY	NPTSGY	GYTFTSY	0.0	0.0	0.0	0.0	0.0	0.0	0.0	1.0	0.0	0.0	0.0	0.0	0.0	1.0	0.0	1.0	2.0	0.0	2.0	0.0	0.0	0.0	1.0	0.0	0.0	0.0	0.0	1.0	0.0	0.0	0.0	0.0	0.0	0.0	1.0	1.0	1.0	0.0	1.0	0.0	1.0	1.0	0.0	0.0	0.0	0.0	1.0	2.0	1.0	0.0	0.0	0.0	0.0	0.0	1.0	0.0	0.0	0.0	1.0	1.0	-0.3428571428571429	0.0	7.571428571428571	119.69857142857144	-1.3833333333333335	0.0	8.766666666666667	106.275	-0.9888888888888888	0.1111111111111111	8.822222222222223	111.4511111111111	7	6	9	7	6	9
7mzk	H	DRVTIFWGNGMDV	NPSGGG	GYTFTSY	0.0	0.0	0.0	0.0	0.0	0.0	0.0	1.0	0.0	0.0	0.0	0.0	0.0	1.0	0.0	1.0	2.0	0.0	2.0	0.0	0.0	0.0	1.0	0.0	0.0	0.0	0.0	3.0	0.0	0.0	0.0	0.0	0.0	0.0	1.0	1.0	0.0	0.0	0.0	0.0	0.0	1.0	1.0	2.0	0.0	0.0	0.0	2.0	0.0	1.0	0.0	0.0	1.0	1.0	0.0	0.0	1.0	1.0	0.0	2.0	-0.3428571428571429	0.0	7.571428571428571	119.69857142857144	-1.1833333333333331	0.0	9.3	87.24333333333334	0.0153846153846153	-0.0769230769230769	8.307692307692308	117.51615384615386	7	6	13	7	6	13
7czx	I	NGQYYDILTGQPPDYWYFDL	SYSGS	GGSISSY	0.0	0.0	0.0	0.0	0.0	0.0	0.0	2.0	0.0	1.0	0.0	0.0	0.0	0.0	0.0	3.0	0.0	0.0	1.0	0.0	0.0	0.0	0.0	0.0	0.0	0.0	0.0	1.0	0.0	0.0	0.0	0.0	0.0	0.0	0.0	3.0	0.0	0.0	1.0	0.0	0.0	0.0	1.0	3.0	0.0	2.0	0.0	2.0	0.0	1.0	2.0	0.0	0.0	1.0	2.0	0.0	1.0	1.0	4.0	0.0	-3.1720657846433036e-17	0.0	8.142857142857142	98.24	-0.8200000000000001	0.0	8.559999999999999	99.894	-0.8450000000000001	-0.15	8.23	124.3345	7	5	20	7	5	20
7k43	C	AAPFYDFWSGYSYFDY	NPISSG	GYTFTGY	0.0	0.0	0.0	0.0	0.0	0.0	0.0	2.0	0.0	0.0	0.0	0.0	0.0	1.0	0.0	0.0	2.0	0.0	2.0	0.0	0.0	0.0	1.0	0.0	0.0	0.0	0.0	1.0	0.0	1.0	0.0	0.0	0.0	0.0	1.0	2.0	0.0	0.0	0.0	0.0	2.0	0.0	0.0	2.0	0.0	0.0	0.0	1.0	0.0	0.0	0.0	0.0	0.0	3.0	1.0	2.0	0.0	1.0	4.0	0.0	-0.2857142857142857	0.0	7.542857142857143	117.98	-0.4333333333333333	0.0	8.7	95.6	-0.29375	-0.125	7.7125	124.946875	7	6	16	7	6	16
7ps0	H	LVVPSPKGSWFDP	YYTGS	DGSISSSDY	0.0	0.0	0.0	2.0	0.0	0.0	0.0	1.0	0.0	1.0	0.0	0.0	0.0	0.0	0.0	4.0	0.0	0.0	1.0	0.0	0.0	0.0	0.0	0.0	0.0	0.0	0.0	1.0	0.0	0.0	0.0	0.0	0.0	0.0	0.0	1.0	1.0	0.0	2.0	0.0	0.0	0.0	0.0	1.0	0.0	0.0	0.0	1.0	0.0	0.0	1.0	1.0	0.0	1.0	3.0	2.0	0.0	1.0	0.0	2.0	-0.8222222222222223	-0.2222222222222222	9.244444444444444	103.32111111111112	-0.9	0.0	7.840000000000001	117.92	-0.0076923076923077	0.0	7.923076923076923	109.89692307692307	9	5	13	9	5	13
7nx7	H	DGGKLWVYYFDY	SYDGSN	AFTFSSY	1.0	0.0	0.0	0.0	0.0	0.0	0.0	0.0	0.0	0.0	0.0	0.0	0.0	2.0	0.0	2.0	1.0	0.0	1.0	0.0	0.0	0.0	1.0	1.0	0.0	0.0	0.0	1.0	0.0	0.0	0.0	0.0	0.0	0.0	0.0	2.0	0.0	0.0	1.0	0.0	0.0	0.0	0.0	2.0	0.0	0.0	0.0	2.0	0.0	0.0	1.0	1.0	0.0	1.0	0.0	0.0	0.0	1.0	3.0	1.0	0.5428571428571428	0.0	7.385714285714285	114.84142857142857	-1.7166666666666668	-0.1666666666666666	9.7	106.93166666666669	-0.475	-0.0833333333333333	7.941666666666666	128.64083333333335	7	6	12	7	6	12
7dk2	D	DLGILWFGDYP	KQDASE	GFTFSSY	0.0	0.0	0.0	0.0	0.0	0.0	0.0	1.0	0.0	0.0	0.0	0.0	0.0	2.0	0.0	2.0	1.0	0.0	1.0	0.0	1.0	0.0	0.0	1.0	0.0	1.0	1.0	0.0	0.0	0.0	0.0	1.0	0.0	0.0	0.0	1.0	0.0	0.0	0.0	0.0	0.0	0.0	0.0	2.0	0.0	0.0	0.0	2.0	0.0	1.0	2.0	0.0	0.0	1.0	1.0	0.0	0.0	1.0	1.0	0.0	0.2285714285714285	0.0	7.514285714285714	115.40857142857143	-2.2333333333333334	-0.1666666666666666	10.733333333333334	109.78000000000002	0.2999999999999999	-0.1818181818181818	7.618181818181818	119.40545454545456	7	6	11	7	6	11
7e8c	M	TRGRGLYDYVWGSKDY	SDGGGS	GFAFTTY	1.0	0.0	0.0	0.0	0.0	0.0	0.0	1.0	0.0	0.0	0.0	0.0	0.0	2.0	0.0	0.0	2.0	0.0	1.0	0.0	0.0	0.0	0.0	1.0	0.0	0.0	0.0	3.0	0.0	0.0	0.0	0.0	0.0	0.0	0.0	2.0	0.0	0.0	0.0	0.0	0.0	2.0	0.0	2.0	0.0	0.0	0.0	3.0	0.0	0.0	1.0	1.0	0.0	0.0	0.0	1.0	1.0	1.0	3.0	1.0	0.6142857142857142	0.0	7.271428571428571	115.12714285714286	-1.05	-0.1666666666666666	9.733333333333333	85.73333333333333	-1.2125	0.0625	8.61875	123.258125	7	6	16	7	6	16
7ps2	H	HVVALTHLYPDY	DPSDSY	GHNSPSY	0.0	0.0	1.0	0.0	0.0	0.0	0.0	1.0	1.0	0.0	0.0	0.0	0.0	0.0	1.0	2.0	0.0	0.0	1.0	0.0	0.0	0.0	0.0	2.0	0.0	0.0	0.0	0.0	0.0	0.0	0.0	0.0	0.0	0.0	1.0	2.0	0.0	0.0	1.0	0.0	1.0	0.0	0.0	1.0	0.0	0.0	0.0	0.0	2.0	0.0	2.0	0.0	0.0	0.0	1.0	0.0	1.0	0.0	2.0	2.0	-1.657142857142857	0.1428571428571428	9.085714285714284	108.68	-1.9166666666666667	-0.3333333333333333	9.766666666666667	110.77333333333333	0.2499999999999999	0.0833333333333333	7.708333333333333	117.46833333333332	7	6	12	7	6	12
7sc1	P	DLYVFGMDV	YAGGS	GLTVSSN	0.0	0.0	1.0	0.0	0.0	0.0	0.0	1.0	0.0	0.0	1.0	0.0	0.0	0.0	0.0	2.0	1.0	0.0	0.0	1.0	1.0	0.0	0.0	0.0	0.0	0.0	0.0	2.0	0.0	0.0	0.0	0.0	0.0	0.0	0.0	1.0	0.0	0.0	1.0	0.0	0.0	0.0	0.0	2.0	0.0	0.0	0.0	1.0	0.0	0.0	1.0	0.0	1.0	1.0	0.0	0.0	0.0	0.0	1.0	2.0	0.2571428571428571	0.0	8.342857142857143	96.67428571428572	-0.22	0.0	8.3	94.288	0.911111111111111	-0.2222222222222222	7.644444444444444	117.5788888888889	7	5	9	7	5	9
6w41	H	GSGISTPMDV	YPGDSE	GYGFITY	0.0	0.0	0.0	0.0	0.0	0.0	0.0	2.0	0.0	1.0	0.0	0.0	0.0	1.0	0.0	0.0	1.0	0.0	2.0	0.0	0.0	0.0	0.0	1.0	0.0	0.0	1.0	1.0	0.0	0.0	0.0	0.0	0.0	0.0	1.0	1.0	0.0	0.0	1.0	0.0	0.0	0.0	0.0	1.0	0.0	0.0	0.0	2.0	0.0	1.0	0.0	0.0	1.0	0.0	1.0	2.0	1.0	0.0	0.0	1.0	0.4571428571428571	0.0	7.057142857142857	119.70142857142856	-1.85	-0.3333333333333333	9.616666666666667	111.10666666666668	0.24	-0.1	8.28	98.107	7	6	10	7	6	10
7si2	G	DGEQLVPLFDY	SYDGSS	GFTFSSY	0.0	0.0	0.0	0.0	0.0	0.0	0.0	1.0	0.0	0.0	0.0	0.0	0.0	2.0	0.0	2.0	1.0	0.0	1.0	0.0	0.0	0.0	0.0	1.0	0.0	0.0	0.0	1.0	0.0	0.0	0.0	0.0	0.0	0.0	0.0	3.0	0.0	0.0	1.0	0.0	0.0	0.0	0.0	2.0	0.0	1.0	1.0	1.0	0.0	0.0	2.0	0.0	0.0	1.0	1.0	0.0	0.0	0.0	1.0	1.0	0.2285714285714285	0.0	7.514285714285714	115.40857142857143	-1.2666666666666668	-0.1666666666666666	9.3	102.42666666666666	-0.2454545454545455	-0.2727272727272727	8.445454545454545	117.76454545454546	7	6	11	7	6	11
6xkq	H	SDNYGFPYNGMDV	SGYNGD	GYNFTNF	0.0	0.0	2.0	0.0	0.0	0.0	0.0	1.0	0.0	0.0	0.0	0.0	0.0	2.0	0.0	0.0	1.0	0.0	1.0	0.0	0.0	0.0	1.0	1.0	0.0	0.0	0.0	2.0	0.0	0.0	0.0	0.0	0.0	0.0	0.0	1.0	0.0	0.0	1.0	0.0	0.0	0.0	2.0	2.0	0.0	0.0	0.0	2.0	0.0	0.0	0.0	0.0	1.0	1.0	1.0	1.0	0.0	0.0	2.0	1.0	-0.5428571428571429	0.0	8.2	123.1314285714286	-1.65	-0.1666666666666666	9.666666666666666	104.92666666666666	-0.8384615384615385	-0.1538461538461538	8.738461538461538	115.12076923076924	7	6	13	7	6	13
7ws0	G	DRGYEILTPASFDY	SWNSDS	GFTFDDY	0.0	0.0	0.0	2.0	0.0	0.0	0.0	1.0	0.0	0.0	0.0	0.0	0.0	2.0	0.0	0.0	1.0	0.0	1.0	0.0	0.0	0.0	1.0	1.0	0.0	0.0	0.0	0.0	0.0	0.0	0.0	0.0	0.0	0.0	0.0	3.0	0.0	1.0	0.0	0.0	1.0	1.0	0.0	2.0	0.0	0.0	1.0	1.0	0.0	1.0	1.0	0.0	0.0	1.0	1.0	1.0	1.0	0.0	2.0	0.0	-0.5428571428571429	-0.2857142857142857	8.6	123.41142857142856	-1.7166666666666668	-0.1666666666666666	9.6	112.77666666666666	-0.5857142857142857	-0.1428571428571428	8.528571428571428	117.62785714285714	7	6	14	7	6	14
7nxa	A	GEGSPGNWFDP	YSGGS	GLTVSSN	0.0	0.0	1.0	0.0	0.0	0.0	0.0	1.0	0.0	0.0	1.0	0.0	0.0	0.0	0.0	2.0	1.0	0.0	0.0	1.0	0.0	0.0	0.0	0.0	0.0	0.0	0.0	2.0	0.0	0.0	0.0	0.0	0.0	0.0	0.0	2.0	0.0	0.0	1.0	0.0	0.0	0.0	1.0	1.0	0.0	0.0	1.0	3.0	0.0	0.0	0.0	0.0	0.0	1.0	2.0	1.0	0.0	1.0	0.0	0.0	0.2571428571428571	0.0	8.342857142857143	96.67428571428572	-0.74	0.0	8.52	97.488	-1.2545454545454546	-0.1818181818181818	9.063636363636364	108.92636363636365	7	5	11	7	5	11
7c01	H	VLPMYGDYLDY	YSGGS	GFTVSSN	0.0	0.0	1.0	0.0	0.0	0.0	0.0	1.0	0.0	0.0	0.0	0.0	0.0	1.0	0.0	2.0	1.0	0.0	0.0	1.0	0.0	0.0	0.0	0.0	0.0	0.0	0.0	2.0	0.0	0.0	0.0	0.0	0.0	0.0	0.0	2.0	0.0	0.0	1.0	0.0	0.0	0.0	0.0	2.0	0.0	0.0	0.0	1.0	0.0	0.0	2.0	0.0	1.0	0.0	1.0	0.0	0.0	0.0	3.0	1.0	0.1142857142857142	0.0	8.385714285714284	101.53428571428572	-0.74	0.0	8.52	97.488	0.0727272727272726	-0.1818181818181818	7.545454545454546	122.59454545454544	7	5	11	7	5	11
7qf1	C	LPYYYDSSGYYYFDY	IPILGI	GGTYSSY	0.0	0.0	0.0	0.0	0.0	0.0	0.0	2.0	0.0	0.0	0.0	0.0	0.0	0.0	0.0	2.0	1.0	0.0	2.0	0.0	0.0	0.0	0.0	0.0	0.0	0.0	0.0	1.0	0.0	3.0	1.0	0.0	0.0	0.0	1.0	0.0	0.0	0.0	0.0	0.0	0.0	0.0	0.0	2.0	0.0	0.0	0.0	1.0	0.0	0.0	1.0	0.0	0.0	1.0	1.0	2.0	0.0	0.0	7.0	0.0	-0.8142857142857143	0.0	8.2	107.39	2.55	0.0	6.25	104.135	-0.8733333333333334	-0.1333333333333333	7.66	131.9406666666667	7	6	15	7	6	15
7dk0	A	SPLGGGSGYSVSWFDP	IPIFGS	GGTFSSY	0.0	0.0	0.0	0.0	0.0	0.0	0.0	2.0	0.0	0.0	0.0	0.0	0.0	1.0	0.0	2.0	1.0	0.0	1.0	0.0	0.0	0.0	0.0	0.0	0.0	0.0	0.0	1.0	0.0	2.0	0.0	0.0	0.0	1.0	1.0	1.0	0.0	0.0	0.0	0.0	0.0	0.0	0.0	1.0	0.0	0.0	0.0	4.0	0.0	0.0	1.0	0.0	0.0	1.0	2.0	4.0	0.0	1.0	1.0	1.0	-0.2285714285714286	0.0	8.057142857142857	105.10428571428572	1.5	0.0	6.966666666666666	105.45833333333331	-0.18125	-0.0625	8.0875	104.17	7	6	16	7	6	16
7pqy	H	DHVRPGMNI	YSGGS	GFTVSSN	0.0	0.0	1.0	0.0	0.0	0.0	0.0	1.0	0.0	0.0	0.0	0.0	0.0	1.0	0.0	2.0	1.0	0.0	0.0	1.0	0.0	0.0	0.0	0.0	0.0	0.0	0.0	2.0	0.0	0.0	0.0	0.0	0.0	0.0	0.0	2.0	0.0	0.0	1.0	0.0	0.0	1.0	1.0	1.0	0.0	0.0	0.0	1.0	1.0	1.0	0.0	0.0	1.0	0.0	1.0	0.0	0.0	0.0	0.0	1.0	0.1142857142857142	0.0	8.385714285714284	101.53428571428572	-0.74	0.0	8.52	97.488	-0.6777777777777778	0.1111111111111111	8.81111111111111	115.35444444444444	7	5	9	7	5	9
7qnw	A	PRPPDYYDNSGALLFDI	YYSGI	GDSISSSRY	0.0	1.0	0.0	1.0	0.0	0.0	0.0	1.0	0.0	1.0	0.0	0.0	0.0	0.0	0.0	4.0	0.0	0.0	1.0	0.0	0.0	0.0	0.0	0.0	0.0	0.0	0.0	1.0	0.0	1.0	0.0	0.0	0.0	0.0	0.0	1.0	0.0	0.0	2.0	0.0	1.0	1.0	1.0	3.0	0.0	0.0	0.0	1.0	0.0	1.0	2.0	0.0	0.0	1.0	3.0	1.0	0.0	0.0	2.0	0.0	-0.9333333333333332	0.0	8.966666666666667	107.8877777777778	0.1399999999999999	0.0	7.159999999999999	120.33	-0.611764705882353	-0.1176470588235294	8.470588235294118	114.89176470588237	9	5	17	9	5	17
6yla	H	GSGISTPMDV	YPGDSE	GYGFITY	0.0	0.0	0.0	0.0	0.0	0.0	0.0	2.0	0.0	1.0	0.0	0.0	0.0	1.0	0.0	0.0	1.0	0.0	2.0	0.0	0.0	0.0	0.0	1.0	0.0	0.0	1.0	1.0	0.0	0.0	0.0	0.0	0.0	0.0	1.0	1.0	0.0	0.0	1.0	0.0	0.0	0.0	0.0	1.0	0.0	0.0	0.0	2.0	0.0	1.0	0.0	0.0	1.0	0.0	1.0	2.0	1.0	0.0	0.0	1.0	0.4571428571428571	0.0	7.057142857142857	119.70142857142856	-1.85	-0.3333333333333333	9.616666666666667	111.10666666666668	0.24	-0.1	8.28	98.107	7	6	10	7	6	10
7kn4	M	PGAIMGALHI	YYSGS	SLSSVNY	0.0	0.0	1.0	0.0	0.0	0.0	0.0	0.0	0.0	0.0	1.0	0.0	0.0	0.0	0.0	3.0	0.0	0.0	1.0	1.0	0.0	0.0	0.0	0.0	0.0	0.0	0.0	1.0	0.0	0.0	0.0	0.0	0.0	0.0	0.0	2.0	0.0	0.0	2.0	0.0	2.0	0.0	0.0	0.0	0.0	0.0	0.0	2.0	1.0	2.0	1.0	0.0	1.0	0.0	1.0	0.0	0.0	0.0	0.0	0.0	0.1142857142857142	0.0	8.028571428571428	107.26	-0.9200000000000002	0.0	7.959999999999999	115.114	1.27	0.1	7.359999999999999	99.72	7	5	10	7	5	10
6xc7	C	DFGDFYFDY	YSGGS	GFTVSSN	0.0	0.0	1.0	0.0	0.0	0.0	0.0	1.0	0.0	0.0	0.0	0.0	0.0	1.0	0.0	2.0	1.0	0.0	0.0	1.0	0.0	0.0	0.0	0.0	0.0	0.0	0.0	2.0	0.0	0.0	0.0	0.0	0.0	0.0	0.0	2.0	0.0	0.0	1.0	0.0	0.0	0.0	0.0	3.0	0.0	0.0	0.0	1.0	0.0	0.0	0.0	0.0	0.0	3.0	0.0	0.0	0.0	0.0	2.0	0.0	0.1142857142857142	0.0	8.385714285714284	101.53428571428572	-0.74	0.0	8.52	97.488	-0.5666666666666668	-0.3333333333333333	8.444444444444445	132.02444444444444	7	5	9	7	5	9
7wwm	I	HGGTYYYDKNILA	SFDGSS	GFSFSHY	0.0	0.0	0.0	0.0	0.0	0.0	0.0	1.0	1.0	0.0	0.0	0.0	0.0	2.0	0.0	2.0	0.0	0.0	1.0	0.0	0.0	0.0	0.0	1.0	0.0	0.0	0.0	1.0	0.0	0.0	0.0	0.0	0.0	1.0	0.0	3.0	0.0	0.0	0.0	0.0	1.0	0.0	1.0	1.0	0.0	0.0	0.0	2.0	1.0	1.0	1.0	1.0	0.0	0.0	0.0	0.0	1.0	0.0	3.0	0.0	-0.1285714285714286	0.1428571428571428	7.771428571428571	120.55571428571427	-0.5833333333333334	-0.1666666666666666	9.133333333333333	99.76	-0.7230769230769231	0.0769230769230769	8.438461538461539	117.89769230769232	7	6	13	7	6	13
7m7w	C	QWSHYTYDYYY	YPGDSD	GYSFTSY	0.0	0.0	0.0	0.0	0.0	0.0	0.0	1.0	0.0	0.0	0.0	0.0	0.0	1.0	0.0	2.0	1.0	0.0	2.0	0.0	0.0	0.0	0.0	2.0	0.0	0.0	0.0	1.0	0.0	0.0	0.0	0.0	0.0	0.0	1.0	1.0	0.0	0.0	1.0	0.0	0.0	0.0	0.0	1.0	0.0	1.0	0.0	0.0	1.0	0.0	0.0	0.0	0.0	0.0	0.0	1.0	1.0	1.0	5.0	0.0	-0.3571428571428572	0.0	7.6571428571428575	117.69428571428573	-1.85	-0.3333333333333333	9.733333333333333	108.76833333333332	-1.7363636363636366	0.0	8.009090909090908	142.7881818181818	7	6	11	7	6	11
7lxz	H	DGNAYKWLLAENVRFDY	SSSSNY	GFTFSDY	0.0	0.0	0.0	1.0	0.0	0.0	0.0	1.0	0.0	0.0	0.0	0.0	0.0	2.0	0.0	1.0	1.0	0.0	1.0	0.0	0.0	0.0	1.0	0.0	0.0	0.0	0.0	0.0	0.0	0.0	0.0	0.0	0.0	0.0	0.0	4.0	0.0	0.0	1.0	0.0	2.0	1.0	2.0	2.0	0.0	0.0	1.0	1.0	0.0	0.0	2.0	1.0	0.0	1.0	0.0	0.0	0.0	1.0	2.0	1.0	-0.1571428571428572	-0.1428571428571428	8.057142857142857	119.41	-1.3333333333333333	0.0	9.1	104.26833333333332	-0.6823529411764706	-0.0588235294117647	8.658823529411764	122.01823529411764	7	6	17	7	6	17
7kfv	F	GDVSGYRYGLDY	YSGGA	GFTVSSN	0.0	0.0	1.0	0.0	0.0	0.0	0.0	1.0	0.0	0.0	0.0	0.0	0.0	1.0	0.0	2.0	1.0	0.0	0.0	1.0	1.0	0.0	0.0	0.0	0.0	0.0	0.0	2.0	0.0	0.0	0.0	0.0	0.0	0.0	0.0	1.0	0.0	0.0	1.0	0.0	0.0	1.0	0.0	2.0	0.0	0.0	0.0	3.0	0.0	0.0	1.0	0.0	0.0	0.0	0.0	1.0	0.0	0.0	3.0	1.0	0.1142857142857142	0.0	8.385714285714284	101.53428571428572	-0.22	0.0	8.3	94.288	-0.7833333333333333	-0.0833333333333333	8.508333333333333	116.7025	7	5	12	7	5	12
7chf	A	TRGRGLYDYVWGSKDY	SDGGGS	GFAFTTY	1.0	0.0	0.0	0.0	0.0	0.0	0.0	1.0	0.0	0.0	0.0	0.0	0.0	2.0	0.0	0.0	2.0	0.0	1.0	0.0	0.0	0.0	0.0	1.0	0.0	0.0	0.0	3.0	0.0	0.0	0.0	0.0	0.0	0.0	0.0	2.0	0.0	0.0	0.0	0.0	0.0	2.0	0.0	2.0	0.0	0.0	0.0	3.0	0.0	0.0	1.0	1.0	0.0	0.0	0.0	1.0	1.0	1.0	3.0	1.0	0.6142857142857142	0.0	7.271428571428571	115.12714285714286	-1.05	-0.1666666666666666	9.733333333333333	85.73333333333333	-1.2125	0.0625	8.61875	123.258125	7	6	16	7	6	16
7r40	D	EGTYYYGSGSF	SGSGGN	GFTFSSY	0.0	0.0	0.0	0.0	0.0	0.0	0.0	1.0	0.0	0.0	0.0	0.0	0.0	2.0	0.0	2.0	1.0	0.0	1.0	0.0	0.0	0.0	1.0	0.0	0.0	0.0	0.0	3.0	0.0	0.0	0.0	0.0	0.0	0.0	0.0	2.0	0.0	0.0	0.0	0.0	0.0	0.0	0.0	0.0	0.0	0.0	1.0	3.0	0.0	0.0	0.0	0.0	0.0	1.0	0.0	2.0	1.0	0.0	3.0	0.0	0.2285714285714285	0.0	7.514285714285714	115.40857142857143	-1.05	0.0	9.5	85.57	-0.7363636363636363	-0.0909090909090909	8.19090909090909	115.11454545454544	7	6	11	7	6	11
7lxx	H	DGNAYKWLLAENVRFDY	SSSSNY	GFTFSDY	0.0	0.0	0.0	1.0	0.0	0.0	0.0	1.0	0.0	0.0	0.0	0.0	0.0	2.0	0.0	1.0	1.0	0.0	1.0	0.0	0.0	0.0	1.0	0.0	0.0	0.0	0.0	0.0	0.0	0.0	0.0	0.0	0.0	0.0	0.0	4.0	0.0	0.0	1.0	0.0	2.0	1.0	2.0	2.0	0.0	0.0	1.0	1.0	0.0	0.0	2.0	1.0	0.0	1.0	0.0	0.0	0.0	1.0	2.0	1.0	-0.1571428571428572	-0.1428571428571428	8.057142857142857	119.41	-1.3333333333333333	0.0	9.1	104.26833333333332	-0.6823529411764706	-0.0588235294117647	8.658823529411764	122.01823529411764	7	6	17	7	6	17
7cho	H	ALQVGATSDYFDY	YSGGS	GFIVSSN	0.0	0.0	1.0	0.0	0.0	0.0	0.0	1.0	0.0	1.0	0.0	0.0	0.0	1.0	0.0	2.0	0.0	0.0	0.0	1.0	0.0	0.0	0.0	0.0	0.0	0.0	0.0	2.0	0.0	0.0	0.0	0.0	0.0	0.0	0.0	2.0	0.0	0.0	1.0	0.0	2.0	0.0	0.0	2.0	0.0	1.0	0.0	1.0	0.0	0.0	1.0	0.0	0.0	1.0	0.0	1.0	1.0	0.0	2.0	1.0	0.8571428571428571	0.0	7.9	103.25571428571428	-0.74	0.0	8.52	97.488	-0.0461538461538461	-0.1538461538461538	8.3	111.50307692307692	7	5	13	7	5	13
7l0n	M	GDSSGYYYYFDY	GTAGD	GFTFSSY	0.0	0.0	0.0	0.0	0.0	0.0	0.0	1.0	0.0	0.0	0.0	0.0	0.0	2.0	0.0	2.0	1.0	0.0	1.0	0.0	1.0	0.0	0.0	1.0	0.0	0.0	0.0	2.0	0.0	0.0	0.0	0.0	0.0	0.0	0.0	0.0	1.0	0.0	0.0	0.0	0.0	0.0	0.0	2.0	0.0	0.0	0.0	2.0	0.0	0.0	0.0	0.0	0.0	1.0	0.0	2.0	0.0	0.0	5.0	0.0	0.2285714285714285	0.0	7.514285714285714	115.40857142857143	-0.64	-0.2	9.54	87.476	-1.0916666666666668	-0.1666666666666666	8.216666666666667	126.46	7	5	12	7	5	12
7mzg	H	DAVYYGMDV	YPGGS	GLTVSSN	0.0	0.0	1.0	0.0	0.0	0.0	0.0	1.0	0.0	0.0	1.0	0.0	0.0	0.0	0.0	2.0	1.0	0.0	0.0	1.0	0.0	0.0	0.0	0.0	0.0	0.0	0.0	2.0	0.0	0.0	0.0	0.0	0.0	0.0	1.0	1.0	0.0	0.0	1.0	0.0	1.0	0.0	0.0	2.0	0.0	0.0	0.0	1.0	0.0	0.0	0.0	0.0	1.0	0.0	0.0	0.0	0.0	0.0	2.0	2.0	0.2571428571428571	0.0	8.342857142857143	96.67428571428572	-0.9	0.0	8.28	99.496	0.2333333333333333	-0.2222222222222222	8.11111111111111	114.68111111111112	7	5	9	7	5	9
7m6d	A	GSGISTPMDV	YPGDSE	GYGFITY	0.0	0.0	0.0	0.0	0.0	0.0	0.0	2.0	0.0	1.0	0.0	0.0	0.0	1.0	0.0	0.0	1.0	0.0	2.0	0.0	0.0	0.0	0.0	1.0	0.0	0.0	1.0	1.0	0.0	0.0	0.0	0.0	0.0	0.0	1.0	1.0	0.0	0.0	1.0	0.0	0.0	0.0	0.0	1.0	0.0	0.0	0.0	2.0	0.0	1.0	0.0	0.0	1.0	0.0	1.0	2.0	1.0	0.0	0.0	1.0	0.4571428571428571	0.0	7.057142857142857	119.70142857142856	-1.85	-0.3333333333333333	9.616666666666667	111.10666666666668	0.24	-0.1	8.28	98.107	7	6	10	7	6	10
7kfw	C	GDVSGYRYGLDY	YSGGT	GFTVSSN	0.0	0.0	1.0	0.0	0.0	0.0	0.0	1.0	0.0	0.0	0.0	0.0	0.0	1.0	0.0	2.0	1.0	0.0	0.0	1.0	0.0	0.0	0.0	0.0	0.0	0.0	0.0	2.0	0.0	0.0	0.0	0.0	0.0	0.0	0.0	1.0	1.0	0.0	1.0	0.0	0.0	1.0	0.0	2.0	0.0	0.0	0.0	3.0	0.0	0.0	1.0	0.0	0.0	0.0	0.0	1.0	0.0	0.0	3.0	1.0	0.1142857142857142	0.0	8.385714285714284	101.53428571428572	-0.72	0.0	8.4	100.294	-0.7833333333333333	-0.0833333333333333	8.508333333333333	116.7025	7	5	12	7	5	12
7lqv	H	LQTVDTAIEKYYGMDV	IPILGI	GGTFSSH	0.0	0.0	0.0	0.0	0.0	0.0	0.0	2.0	1.0	0.0	0.0	0.0	0.0	1.0	0.0	2.0	1.0	0.0	0.0	0.0	0.0	0.0	0.0	0.0	0.0	0.0	0.0	1.0	0.0	3.0	1.0	0.0	0.0	0.0	1.0	0.0	0.0	0.0	0.0	0.0	1.0	0.0	0.0	2.0	0.0	1.0	1.0	1.0	0.0	1.0	1.0	1.0	1.0	0.0	0.0	0.0	2.0	0.0	2.0	2.0	-0.5000000000000001	0.1428571428571428	8.657142857142857	101.38428571428572	2.55	0.0	6.25	104.135	-0.11875	-0.125	8.4	115.38125	7	6	16	7	6	16
7tb8	J	DLAIAVAGTWHYYNGMDV	SYDGSN	GFTFSSY	0.0	0.0	0.0	0.0	0.0	0.0	0.0	1.0	0.0	0.0	0.0	0.0	0.0	2.0	0.0	2.0	1.0	0.0	1.0	0.0	0.0	0.0	1.0	1.0	0.0	0.0	0.0	1.0	0.0	0.0	0.0	0.0	0.0	0.0	0.0	2.0	0.0	0.0	1.0	0.0	3.0	0.0	1.0	2.0	0.0	0.0	0.0	2.0	1.0	1.0	1.0	0.0	1.0	0.0	0.0	0.0	1.0	1.0	2.0	2.0	0.2285714285714285	0.0	7.514285714285714	115.40857142857143	-1.7166666666666668	-0.1666666666666666	9.7	106.93166666666669	0.2944444444444444	-0.0555555555555555	8.016666666666667	111.90222222222222	7	6	18	7	6	18
7neg	H	DFYEGSFDI	YSGGS	GLTVNRN	0.0	1.0	2.0	0.0	0.0	0.0	0.0	1.0	0.0	0.0	1.0	0.0	0.0	0.0	0.0	0.0	1.0	0.0	0.0	1.0	0.0	0.0	0.0	0.0	0.0	0.0	0.0	2.0	0.0	0.0	0.0	0.0	0.0	0.0	0.0	2.0	0.0	0.0	1.0	0.0	0.0	0.0	0.0	2.0	0.0	0.0	1.0	1.0	0.0	1.0	0.0	0.0	0.0	2.0	0.0	1.0	0.0	0.0	1.0	0.0	-0.6571428571428571	0.1428571428571428	8.871428571428572	110.40857142857143	-0.74	0.0	8.52	97.488	-0.3222222222222222	-0.3333333333333333	8.7	121.3477777777778	7	5	9	7	5	9
7epx	H	DRSYGPPDVFNYEYGMDV	SGDGGS	GFRFDDH	0.0	1.0	0.0	2.0	0.0	0.0	0.0	1.0	1.0	0.0	0.0	0.0	0.0	2.0	0.0	0.0	0.0	0.0	0.0	0.0	0.0	0.0	0.0	1.0	0.0	0.0	0.0	3.0	0.0	0.0	0.0	0.0	0.0	0.0	0.0	2.0	0.0	0.0	0.0	0.0	0.0	1.0	1.0	3.0	0.0	0.0	1.0	2.0	0.0	0.0	0.0	0.0	1.0	1.0	2.0	1.0	0.0	0.0	3.0	2.0	-1.3571428571428572	0.0	9.471428571428572	127.56	-1.05	-0.1666666666666666	9.733333333333333	85.73333333333333	-0.977777777777778	-0.1666666666666666	8.772222222222222	119.01611111111112	7	6	18	7	6	18
7czp	J	LERDWPLDAFDI	YYSGS	GGSISSY	0.0	0.0	0.0	0.0	0.0	0.0	0.0	2.0	0.0	1.0	0.0	0.0	0.0	0.0	0.0	3.0	0.0	0.0	1.0	0.0	0.0	0.0	0.0	0.0	0.0	0.0	0.0	1.0	0.0	0.0	0.0	0.0	0.0	0.0	0.0	2.0	0.0	0.0	2.0	0.0	1.0	1.0	0.0	3.0	0.0	0.0	1.0	0.0	0.0	1.0	2.0	0.0	0.0	1.0	1.0	0.0	0.0	1.0	0.0	0.0	-3.1720657846433036e-17	0.0	8.142857142857142	98.24	-0.9200000000000002	0.0	7.959999999999999	115.114	-0.3583333333333334	-0.25	8.625	122.63833333333334	7	5	12	7	5	12
7l02	M	KGSDRLSDNDPFDA	STSSTY	NFRISAH	1.0	1.0	1.0	0.0	0.0	0.0	0.0	0.0	1.0	1.0	0.0	0.0	0.0	1.0	0.0	1.0	0.0	0.0	0.0	0.0	0.0	0.0	0.0	0.0	0.0	0.0	0.0	0.0	0.0	0.0	0.0	0.0	0.0	0.0	0.0	3.0	2.0	0.0	1.0	0.0	1.0	1.0	1.0	4.0	0.0	0.0	0.0	1.0	0.0	0.0	1.0	1.0	0.0	1.0	1.0	2.0	0.0	0.0	0.0	0.0	-0.4142857142857143	0.2857142857142857	8.6	117.99142857142856	-0.85	0.0	8.5	104.44	-1.5071428571428571	-0.1428571428571428	9.928571428571429	109.75642857142856	7	6	14	7	6	14
7r8l	H	DLYSSGGTDI	YAGGS	GITVSSN	0.0	0.0	1.0	0.0	0.0	0.0	0.0	1.0	0.0	1.0	0.0	0.0	0.0	0.0	0.0	2.0	1.0	0.0	0.0	1.0	1.0	0.0	0.0	0.0	0.0	0.0	0.0	2.0	0.0	0.0	0.0	0.0	0.0	0.0	0.0	1.0	0.0	0.0	1.0	0.0	0.0	0.0	0.0	2.0	0.0	0.0	0.0	2.0	0.0	1.0	1.0	0.0	0.0	0.0	0.0	2.0	1.0	0.0	1.0	0.0	0.3571428571428571	0.0	8.385714285714284	96.67428571428572	-0.22	0.0	8.3	94.288	-0.31	-0.2	8.73	104.505	7	5	10	7	5	10
7mmo	A	HSISTIFDH	YWDDD	GFSLSISGV	0.0	0.0	0.0	0.0	0.0	0.0	0.0	2.0	0.0	1.0	1.0	0.0	0.0	1.0	0.0	3.0	0.0	0.0	0.0	1.0	0.0	0.0	0.0	3.0	0.0	0.0	0.0	0.0	0.0	0.0	0.0	0.0	0.0	0.0	0.0	0.0	0.0	1.0	1.0	0.0	0.0	0.0	0.0	1.0	0.0	0.0	0.0	0.0	2.0	2.0	0.0	0.0	0.0	1.0	0.0	2.0	1.0	0.0	0.0	0.0	1.3444444444444443	0.0	7.422222222222222	98.2188888888889	-2.54	-0.6	10.12	138.93400000000003	-0.0444444444444445	0.1111111111111111	8.488888888888889	115.34888888888888	9	5	9	9	5	9
7ora	H	PHCNSTSCYDAFDI	VVGSGN	GFTFTTS	0.0	0.0	0.0	0.0	0.0	0.0	0.0	1.0	0.0	0.0	0.0	0.0	0.0	2.0	0.0	1.0	3.0	0.0	0.0	0.0	0.0	0.0	1.0	0.0	0.0	0.0	0.0	2.0	0.0	0.0	0.0	0.0	0.0	0.0	0.0	1.0	0.0	0.0	0.0	2.0	1.0	0.0	1.0	2.0	2.0	0.0	0.0	0.0	1.0	1.0	0.0	0.0	0.0	1.0	1.0	2.0	1.0	0.0	1.0	0.0	0.3285714285714285	0.0	7.771428571428571	108.5457142857143	0.55	0.0	8.433333333333334	91.59166666666664	-0.3428571428571429	-0.0714285714285714	8.47857142857143	111.05142857142856	7	6	14	7	6	14
7uaq	H	PQYHYYDTSTYHSYGFDI	TTSGHA	GFTFSIY	0.0	0.0	0.0	0.0	0.0	0.0	0.0	1.0	0.0	1.0	0.0	0.0	0.0	2.0	0.0	1.0	1.0	0.0	1.0	0.0	1.0	0.0	0.0	0.0	0.0	0.0	0.0	1.0	1.0	0.0	0.0	0.0	0.0	0.0	0.0	1.0	2.0	0.0	0.0	0.0	0.0	0.0	0.0	2.0	0.0	1.0	0.0	1.0	2.0	1.0	0.0	0.0	0.0	1.0	1.0	2.0	2.0	0.0	5.0	0.0	0.9857142857142857	0.0	6.942857142857143	119.13428571428572	-0.6666666666666666	0.1666666666666666	8.983333333333333	95.42833333333331	-1.1722222222222225	0.0	8.405555555555557	125.41	7	6	18	7	6	18
7mzj	F	VGWGAFDI	SGSGGS	GFTFSRF	0.0	1.0	0.0	0.0	0.0	0.0	0.0	1.0	0.0	0.0	0.0	0.0	0.0	3.0	0.0	1.0	1.0	0.0	0.0	0.0	0.0	0.0	0.0	0.0	0.0	0.0	0.0	3.0	0.0	0.0	0.0	0.0	0.0	0.0	0.0	3.0	0.0	0.0	0.0	0.0	1.0	0.0	0.0	1.0	0.0	0.0	0.0	2.0	0.0	1.0	0.0	0.0	0.0	1.0	0.0	0.0	0.0	1.0	0.0	1.0	0.2857142857142856	0.1428571428571428	7.557142857142857	122.99571428571429	-0.6	0.0	9.1	81.065	1.0125	-0.125	7.6	110.245	7	6	8	7	6	8
7qnx	A	PRPPDYYDNSGALLFDI	YYSGI	GDSISSSRY	0.0	1.0	0.0	1.0	0.0	0.0	0.0	1.0	0.0	1.0	0.0	0.0	0.0	0.0	0.0	4.0	0.0	0.0	1.0	0.0	0.0	0.0	0.0	0.0	0.0	0.0	0.0	1.0	0.0	1.0	0.0	0.0	0.0	0.0	0.0	1.0	0.0	0.0	2.0	0.0	1.0	1.0	1.0	3.0	0.0	0.0	0.0	1.0	0.0	1.0	2.0	0.0	0.0	1.0	3.0	1.0	0.0	0.0	2.0	0.0	-0.9333333333333332	0.0	8.966666666666667	107.8877777777778	0.1399999999999999	0.0	7.159999999999999	120.33	-0.611764705882353	-0.1176470588235294	8.470588235294118	114.89176470588237	9	5	17	9	5	17
7beo	H	PHCNSTSCYDAFDI	VVGSGN	GFTFTTS	0.0	0.0	0.0	0.0	0.0	0.0	0.0	1.0	0.0	0.0	0.0	0.0	0.0	2.0	0.0	1.0	3.0	0.0	0.0	0.0	0.0	0.0	1.0	0.0	0.0	0.0	0.0	2.0	0.0	0.0	0.0	0.0	0.0	0.0	0.0	1.0	0.0	0.0	0.0	2.0	1.0	0.0	1.0	2.0	2.0	0.0	0.0	0.0	1.0	1.0	0.0	0.0	0.0	1.0	1.0	2.0	1.0	0.0	1.0	0.0	0.3285714285714285	0.0	7.771428571428571	108.5457142857143	0.55	0.0	8.433333333333334	91.59166666666664	-0.3428571428571429	-0.0714285714285714	8.47857142857143	111.05142857142856	7	6	14	7	6	14
7jmp	H	AHVDTAMVESGAFDI	YTGGT	GFTVSSN	0.0	0.0	1.0	0.0	0.0	0.0	0.0	1.0	0.0	0.0	0.0	0.0	0.0	1.0	0.0	2.0	1.0	0.0	0.0	1.0	0.0	0.0	0.0	0.0	0.0	0.0	0.0	2.0	0.0	0.0	0.0	0.0	0.0	0.0	0.0	0.0	2.0	0.0	1.0	0.0	3.0	0.0	0.0	2.0	0.0	0.0	1.0	1.0	1.0	1.0	0.0	0.0	1.0	1.0	0.0	1.0	1.0	0.0	0.0	2.0	0.1142857142857142	0.0	8.385714285714284	101.53428571428572	-0.7	0.0	8.28	103.1	0.4933333333333333	-0.1333333333333333	8.513333333333334	104.18133333333334	7	5	15	7	5	15
7mw2	F	EGHRVGPAY	NPTSGY	GYTFTSY	0.0	0.0	0.0	0.0	0.0	0.0	0.0	1.0	0.0	0.0	0.0	0.0	0.0	1.0	0.0	1.0	2.0	0.0	2.0	0.0	0.0	0.0	1.0	0.0	0.0	0.0	0.0	1.0	0.0	0.0	0.0	0.0	0.0	0.0	1.0	1.0	1.0	0.0	1.0	0.0	1.0	1.0	0.0	0.0	0.0	0.0	1.0	2.0	1.0	0.0	0.0	0.0	0.0	0.0	1.0	0.0	0.0	0.0	1.0	1.0	-0.3428571428571429	0.0	7.571428571428571	119.69857142857144	-1.3833333333333335	0.0	8.766666666666667	106.275	-0.9888888888888888	0.1111111111111111	8.822222222222223	111.4511111111111	7	6	9	7	6	9
7k90	M	EGEVEGYNDFWSGYSRDRYYFDY	YSGGS	GFTVSNN	0.0	0.0	2.0	0.0	0.0	0.0	0.0	1.0	0.0	0.0	0.0	0.0	0.0	1.0	0.0	1.0	1.0	0.0	0.0	1.0	0.0	0.0	0.0	0.0	0.0	0.0	0.0	2.0	0.0	0.0	0.0	0.0	0.0	0.0	0.0	2.0	0.0	0.0	1.0	0.0	0.0	2.0	1.0	3.0	0.0	0.0	3.0	3.0	0.0	0.0	0.0	0.0	0.0	2.0	0.0	2.0	0.0	1.0	5.0	1.0	-0.2714285714285714	0.0	8.72857142857143	105.39571428571428	-0.74	0.0	8.52	97.488	-1.4739130434782608	-0.1739130434782608	8.982608695652173	128.43652173913043	7	5	23	7	5	23
7mzh	B	SYYDY	NPNSGG	GYTFTGY	0.0	0.0	0.0	0.0	0.0	0.0	0.0	2.0	0.0	0.0	0.0	0.0	0.0	1.0	0.0	0.0	2.0	0.0	2.0	0.0	0.0	0.0	2.0	0.0	0.0	0.0	0.0	2.0	0.0	0.0	0.0	0.0	0.0	0.0	1.0	1.0	0.0	0.0	0.0	0.0	0.0	0.0	0.0	1.0	0.0	0.0	0.0	0.0	0.0	0.0	0.0	0.0	0.0	0.0	0.0	1.0	0.0	0.0	3.0	0.0	-0.2857142857142857	0.0	7.542857142857143	117.98	-1.7	0.0	9.733333333333333	93.75333333333332	-1.64	-0.2	8.16	138.342	7	6	5	7	6	5
7e8f	C	TRGRGLYDYVWGSKDY	SDGGGS	GFAFTTY	1.0	0.0	0.0	0.0	0.0	0.0	0.0	1.0	0.0	0.0	0.0	0.0	0.0	2.0	0.0	0.0	2.0	0.0	1.0	0.0	0.0	0.0	0.0	1.0	0.0	0.0	0.0	3.0	0.0	0.0	0.0	0.0	0.0	0.0	0.0	2.0	0.0	0.0	0.0	0.0	0.0	2.0	0.0	2.0	0.0	0.0	0.0	3.0	0.0	0.0	1.0	1.0	0.0	0.0	0.0	1.0	1.0	1.0	3.0	1.0	0.6142857142857142	0.0	7.271428571428571	115.12714285714286	-1.05	-0.1666666666666666	9.733333333333333	85.73333333333333	-1.2125	0.0625	8.61875	123.258125	7	6	16	7	6	16
6xkp	M	ARGSSGWYRIGTRWGNWFDP	SSSGST	GFTFSDY	0.0	0.0	0.0	1.0	0.0	0.0	0.0	1.0	0.0	0.0	0.0	0.0	0.0	2.0	0.0	1.0	1.0	0.0	1.0	0.0	0.0	0.0	0.0	0.0	0.0	0.0	0.0	1.0	0.0	0.0	0.0	0.0	0.0	0.0	0.0	4.0	1.0	0.0	0.0	0.0	1.0	3.0	1.0	1.0	0.0	0.0	0.0	4.0	0.0	1.0	0.0	0.0	0.0	1.0	1.0	2.0	1.0	3.0	1.0	0.0	-0.1571428571428572	-0.1428571428571428	8.057142857142857	119.41	-0.7166666666666667	0.0	9.066666666666666	87.41333333333334	-1.0450000000000002	0.1	8.4	121.181	7	6	20	7	6	20
7jv6	F	SSGYSGYAGNY	KQDGSE	GFTFSSY	0.0	0.0	0.0	0.0	0.0	0.0	0.0	1.0	0.0	0.0	0.0	0.0	0.0	2.0	0.0	2.0	1.0	0.0	1.0	0.0	0.0	0.0	0.0	1.0	0.0	1.0	1.0	1.0	0.0	0.0	0.0	1.0	0.0	0.0	0.0	1.0	0.0	0.0	0.0	0.0	1.0	0.0	1.0	0.0	0.0	0.0	0.0	3.0	0.0	0.0	0.0	0.0	0.0	0.0	0.0	3.0	0.0	0.0	3.0	0.0	0.2285714285714285	0.0	7.514285714285714	115.40857142857143	-2.6	-0.1666666666666666	10.883333333333333	110.44166666666666	-0.8363636363636364	0.0	8.445454545454545	105.55636363636364	7	6	11	7	6	11
7lxw	H	AFPDSSSWSGFTIDY	WYDGSN	GFTFSNY	0.0	0.0	1.0	0.0	0.0	0.0	0.0	1.0	0.0	0.0	0.0	0.0	0.0	2.0	0.0	1.0	1.0	0.0	1.0	0.0	0.0	0.0	1.0	1.0	0.0	0.0	0.0	1.0	0.0	0.0	0.0	0.0	0.0	0.0	0.0	1.0	0.0	1.0	1.0	0.0	1.0	0.0	0.0	2.0	0.0	0.0	0.0	1.0	0.0	1.0	0.0	0.0	0.0	2.0	1.0	4.0	1.0	1.0	1.0	0.0	-0.1571428571428572	0.0	7.857142857142857	119.27	-1.7333333333333334	-0.1666666666666666	9.066666666666666	123.455	-0.2133333333333333	-0.1333333333333333	8.246666666666666	111.98533333333332	7	6	15	7	6	15
7l09	H	KGSDRLSDNDPFDA	STSSTY	NFRISAH	1.0	1.0	1.0	0.0	0.0	0.0	0.0	0.0	1.0	1.0	0.0	0.0	0.0	1.0	0.0	1.0	0.0	0.0	0.0	0.0	0.0	0.0	0.0	0.0	0.0	0.0	0.0	0.0	0.0	0.0	0.0	0.0	0.0	0.0	0.0	3.0	2.0	0.0	1.0	0.0	1.0	1.0	1.0	4.0	0.0	0.0	0.0	1.0	0.0	0.0	1.0	1.0	0.0	1.0	1.0	2.0	0.0	0.0	0.0	0.0	-0.4142857142857143	0.2857142857142857	8.6	117.99142857142856	-0.85	0.0	8.5	104.44	-1.5071428571428571	-0.1428571428571428	9.928571428571429	109.75642857142856	7	6	14	7	6	14
7qez	E	GSGISTPMDV	YPGDSE	GYGFITY	0.0	0.0	0.0	0.0	0.0	0.0	0.0	2.0	0.0	1.0	0.0	0.0	0.0	1.0	0.0	0.0	1.0	0.0	2.0	0.0	0.0	0.0	0.0	1.0	0.0	0.0	1.0	1.0	0.0	0.0	0.0	0.0	0.0	0.0	1.0	1.0	0.0	0.0	1.0	0.0	0.0	0.0	0.0	1.0	0.0	0.0	0.0	2.0	0.0	1.0	0.0	0.0	1.0	0.0	1.0	2.0	1.0	0.0	0.0	1.0	0.4571428571428571	0.0	7.057142857142857	119.70142857142856	-1.85	-0.3333333333333333	9.616666666666667	111.10666666666668	0.24	-0.1	8.28	98.107	7	6	10	7	6	10
7zf8	H	DLMVYGIDV	YSGGT	GVTVSSN	0.0	0.0	1.0	0.0	0.0	0.0	0.0	1.0	0.0	0.0	0.0	0.0	0.0	0.0	0.0	2.0	1.0	0.0	0.0	2.0	0.0	0.0	0.0	0.0	0.0	0.0	0.0	2.0	0.0	0.0	0.0	0.0	0.0	0.0	0.0	1.0	1.0	0.0	1.0	0.0	0.0	0.0	0.0	2.0	0.0	0.0	0.0	1.0	0.0	1.0	1.0	0.0	1.0	0.0	0.0	0.0	0.0	0.0	1.0	2.0	0.3142857142857143	0.0	8.485714285714286	94.67	-0.72	0.0	8.4	100.294	1.1	-0.2222222222222222	7.644444444444444	113.7988888888889	7	5	9	7	5	9
7e86	A	DAQNYGMDV	YSGGS	GFIVSSN	0.0	0.0	1.0	0.0	0.0	0.0	0.0	1.0	0.0	1.0	0.0	0.0	0.0	1.0	0.0	2.0	0.0	0.0	0.0	1.0	0.0	0.0	0.0	0.0	0.0	0.0	0.0	2.0	0.0	0.0	0.0	0.0	0.0	0.0	0.0	2.0	0.0	0.0	1.0	0.0	1.0	0.0	1.0	2.0	0.0	1.0	0.0	1.0	0.0	0.0	0.0	0.0	1.0	0.0	0.0	0.0	0.0	0.0	1.0	1.0	0.8571428571428571	0.0	7.9	103.25571428571428	-0.74	0.0	8.52	97.488	-0.8666666666666667	-0.2222222222222222	9.22222222222222	112.4511111111111	7	5	9	7	5	9
7l7e	T	PYCSSISCNDGFDI	VIGSGN	GFTFMSS	0.0	0.0	0.0	0.0	0.0	0.0	0.0	1.0	0.0	0.0	0.0	0.0	1.0	2.0	0.0	2.0	1.0	0.0	0.0	0.0	0.0	0.0	1.0	0.0	0.0	0.0	0.0	2.0	0.0	1.0	0.0	0.0	0.0	0.0	0.0	1.0	0.0	0.0	0.0	1.0	0.0	0.0	1.0	2.0	2.0	0.0	0.0	1.0	0.0	2.0	0.0	0.0	0.0	1.0	1.0	3.0	0.0	0.0	1.0	0.0	0.6857142857142857	0.0	7.442857142857143	110.84	0.6	0.0	8.316666666666666	93.93	0.0428571428571428	-0.1428571428571428	8.214285714285714	108.62	7	6	14	7	6	14
7tat	D	DLGRGGWYLPSDA	TWNGGT	GFTFHDH	0.0	0.0	0.0	1.0	0.0	0.0	0.0	1.0	2.0	0.0	0.0	0.0	0.0	2.0	0.0	0.0	1.0	0.0	0.0	0.0	0.0	0.0	1.0	0.0	0.0	0.0	0.0	2.0	0.0	0.0	0.0	0.0	0.0	0.0	0.0	0.0	2.0	1.0	0.0	0.0	1.0	1.0	0.0	2.0	0.0	0.0	0.0	3.0	0.0	0.0	2.0	0.0	0.0	0.0	1.0	1.0	0.0	1.0	1.0	0.0	-0.7714285714285715	0.1428571428571428	8.828571428571427	122.84142857142857	-1.1	0.0	8.700000000000001	108.775	-0.6076923076923078	-0.0769230769230769	8.476923076923077	110.96307692307693	7	6	13	7	6	13
7q0i	H	SYCSGGFCFGYYYGLDV	WYDGSN	GFTFSSY	0.0	0.0	0.0	0.0	0.0	0.0	0.0	1.0	0.0	0.0	0.0	0.0	0.0	2.0	0.0	2.0	1.0	0.0	1.0	0.0	0.0	0.0	1.0	1.0	0.0	0.0	0.0	1.0	0.0	0.0	0.0	0.0	0.0	0.0	0.0	1.0	0.0	1.0	1.0	0.0	0.0	0.0	0.0	1.0	2.0	0.0	0.0	4.0	0.0	0.0	1.0	0.0	0.0	2.0	0.0	2.0	0.0	0.0	4.0	1.0	0.2285714285714285	0.0	7.514285714285714	115.40857142857143	-1.7333333333333334	-0.1666666666666666	9.066666666666666	123.455	0.3941176470588234	-0.0588235294117647	7.31764705882353	115.00705882352942	7	6	17	7	6	17
7jx3	H	GDSSGYYYYFDY	GTAGD	GFTFSSY	0.0	0.0	0.0	0.0	0.0	0.0	0.0	1.0	0.0	0.0	0.0	0.0	0.0	2.0	0.0	2.0	1.0	0.0	1.0	0.0	1.0	0.0	0.0	1.0	0.0	0.0	0.0	2.0	0.0	0.0	0.0	0.0	0.0	0.0	0.0	0.0	1.0	0.0	0.0	0.0	0.0	0.0	0.0	2.0	0.0	0.0	0.0	2.0	0.0	0.0	0.0	0.0	0.0	1.0	0.0	2.0	0.0	0.0	5.0	0.0	0.2285714285714285	0.0	7.514285714285714	115.40857142857143	-0.64	-0.2	9.54	87.476	-1.0916666666666668	-0.1666666666666666	8.216666666666667	126.46	7	5	12	7	5	12
7n8h	E	AAPFYDFWSGYSYFDY	NPISSG	GYTFTGY	0.0	0.0	0.0	0.0	0.0	0.0	0.0	2.0	0.0	0.0	0.0	0.0	0.0	1.0	0.0	0.0	2.0	0.0	2.0	0.0	0.0	0.0	1.0	0.0	0.0	0.0	0.0	1.0	0.0	1.0	0.0	0.0	0.0	0.0	1.0	2.0	0.0	0.0	0.0	0.0	2.0	0.0	0.0	2.0	0.0	0.0	0.0	1.0	0.0	0.0	0.0	0.0	0.0	3.0	1.0	2.0	0.0	1.0	4.0	0.0	-0.2857142857142857	0.0	7.542857142857143	117.98	-0.4333333333333333	0.0	8.7	95.6	-0.29375	-0.125	7.7125	124.946875	7	6	16	7	6	16
7cm4	H	IPGFLRYRNRYYYYGMDV	DWDDN	GFSLSTSGV	0.0	0.0	0.0	0.0	0.0	0.0	0.0	2.0	0.0	0.0	1.0	0.0	0.0	1.0	0.0	3.0	1.0	0.0	0.0	1.0	0.0	0.0	1.0	3.0	0.0	0.0	0.0	0.0	0.0	0.0	0.0	0.0	0.0	0.0	0.0	0.0	0.0	1.0	0.0	0.0	0.0	3.0	1.0	1.0	0.0	0.0	0.0	2.0	0.0	1.0	1.0	0.0	1.0	1.0	1.0	0.0	0.0	0.0	5.0	1.0	0.7666666666666666	0.0	7.800000000000001	96.88	-2.98	-0.6	11.2	129.12	-0.6777777777777778	0.1111111111111111	7.777777777777778	131.3733333333333	9	5	18	9	5	18
7n3i	H	DLYSSGGTDI	YSGGS	GFTVSSN	0.0	0.0	1.0	0.0	0.0	0.0	0.0	1.0	0.0	0.0	0.0	0.0	0.0	1.0	0.0	2.0	1.0	0.0	0.0	1.0	0.0	0.0	0.0	0.0	0.0	0.0	0.0	2.0	0.0	0.0	0.0	0.0	0.0	0.0	0.0	2.0	0.0	0.0	1.0	0.0	0.0	0.0	0.0	2.0	0.0	0.0	0.0	2.0	0.0	1.0	1.0	0.0	0.0	0.0	0.0	2.0	1.0	0.0	1.0	0.0	0.1142857142857142	0.0	8.385714285714284	101.53428571428572	-0.74	0.0	8.52	97.488	-0.31	-0.2	8.73	104.505	7	5	10	7	5	10
7pry	C	VTEPRWTSCYFDY	YYSES	GGSISSSSH	0.0	0.0	0.0	0.0	0.0	0.0	0.0	2.0	1.0	1.0	0.0	0.0	0.0	0.0	0.0	5.0	0.0	0.0	0.0	0.0	0.0	0.0	0.0	0.0	0.0	0.0	1.0	0.0	0.0	0.0	0.0	0.0	0.0	0.0	0.0	2.0	0.0	0.0	2.0	0.0	0.0	1.0	0.0	1.0	1.0	0.0	1.0	0.0	0.0	0.0	0.0	0.0	0.0	1.0	1.0	1.0	2.0	1.0	2.0	1.0	-0.3888888888888889	0.1111111111111111	8.844444444444443	92.86666666666666	-1.54	-0.2	8.620000000000001	125.928	-0.7153846153846154	-0.0769230769230769	8.046153846153846	126.83538461538464	9	5	13	9	5	13
7nx8	H	DGGKLWVYYFDY	SYDGSN	AFTFSSY	1.0	0.0	0.0	0.0	0.0	0.0	0.0	0.0	0.0	0.0	0.0	0.0	0.0	2.0	0.0	2.0	1.0	0.0	1.0	0.0	0.0	0.0	1.0	1.0	0.0	0.0	0.0	1.0	0.0	0.0	0.0	0.0	0.0	0.0	0.0	2.0	0.0	0.0	1.0	0.0	0.0	0.0	0.0	2.0	0.0	0.0	0.0	2.0	0.0	0.0	1.0	1.0	0.0	1.0	0.0	0.0	0.0	1.0	3.0	1.0	0.5428571428571428	0.0	7.385714285714285	114.84142857142857	-1.7166666666666668	-0.1666666666666666	9.7	106.93166666666669	-0.475	-0.0833333333333333	7.941666666666666	128.64083333333335	7	6	12	7	6	12
7uap	M	PQYHYYDTSTYHSYGFDI	TTSGHA	GFTFSIY	0.0	0.0	0.0	0.0	0.0	0.0	0.0	1.0	0.0	1.0	0.0	0.0	0.0	2.0	0.0	1.0	1.0	0.0	1.0	0.0	1.0	0.0	0.0	0.0	0.0	0.0	0.0	1.0	1.0	0.0	0.0	0.0	0.0	0.0	0.0	1.0	2.0	0.0	0.0	0.0	0.0	0.0	0.0	2.0	0.0	1.0	0.0	1.0	2.0	1.0	0.0	0.0	0.0	1.0	1.0	2.0	2.0	0.0	5.0	0.0	0.9857142857142857	0.0	6.942857142857143	119.13428571428572	-0.6666666666666666	0.1666666666666666	8.983333333333333	95.42833333333331	-1.1722222222222225	0.0	8.405555555555557	125.41	7	6	18	7	6	18
7sod	H	LKDSRYSGSYYDY	RYDGGN	GFTFNSY	0.0	0.0	1.0	0.0	0.0	0.0	0.0	1.0	0.0	0.0	0.0	0.0	0.0	2.0	0.0	1.0	1.0	0.0	1.0	0.0	0.0	1.0	1.0	1.0	0.0	0.0	0.0	2.0	0.0	0.0	0.0	0.0	0.0	0.0	0.0	0.0	0.0	0.0	1.0	0.0	0.0	1.0	0.0	2.0	0.0	0.0	0.0	1.0	0.0	0.0	1.0	1.0	0.0	0.0	0.0	3.0	0.0	0.0	4.0	0.0	-0.1571428571428572	0.0	7.857142857142857	119.27	-2.2666666666666666	0.0	9.883333333333333	116.445	-1.507692307692308	0.0	8.776923076923076	124.36307692307692	7	6	13	7	6	13
7fjn	I	DGENVLDY	FPENDD	GYRFTSY	0.0	1.0	0.0	0.0	0.0	0.0	0.0	1.0	0.0	0.0	0.0	0.0	0.0	1.0	0.0	1.0	1.0	0.0	2.0	0.0	0.0	0.0	1.0	2.0	0.0	0.0	1.0	0.0	0.0	0.0	0.0	0.0	0.0	1.0	1.0	0.0	0.0	0.0	0.0	0.0	0.0	0.0	1.0	2.0	0.0	0.0	1.0	1.0	0.0	0.0	1.0	0.0	0.0	0.0	0.0	0.0	0.0	0.0	1.0	1.0	-0.8857142857142858	0.1428571428571428	7.8428571428571425	127.56714285714284	-2.1333333333333333	-0.5	10.516666666666667	119.61833333333334	-0.9625	-0.375	9.4875	115.49125	7	6	8	7	6	8
7sob	G	DYTRGAWFGESLIGGFDN	STYNGN	GYPFTSY	0.0	0.0	0.0	0.0	0.0	0.0	0.0	1.0	0.0	0.0	0.0	0.0	0.0	1.0	1.0	1.0	1.0	0.0	2.0	0.0	0.0	0.0	2.0	0.0	0.0	0.0	0.0	1.0	0.0	0.0	0.0	0.0	0.0	0.0	0.0	1.0	1.0	0.0	1.0	0.0	1.0	1.0	1.0	2.0	0.0	0.0	1.0	4.0	0.0	1.0	1.0	0.0	0.0	2.0	0.0	1.0	1.0	1.0	1.0	0.0	-0.4714285714285715	0.0	7.485714285714286	119.12857142857142	-1.7	0.0	9.366666666666664	109.10666666666668	-0.45	-0.1111111111111111	8.577777777777778	114.39722222222224	7	6	18	7	6	18
7kzb	A	GSGISTPMDV	YPGDSE	FITY	0.0	0.0	0.0	0.0	0.0	0.0	0.0	0.0	0.0	1.0	0.0	0.0	0.0	1.0	0.0	0.0	1.0	0.0	1.0	0.0	0.0	0.0	0.0	1.0	0.0	0.0	1.0	1.0	0.0	0.0	0.0	0.0	0.0	0.0	1.0	1.0	0.0	0.0	1.0	0.0	0.0	0.0	0.0	1.0	0.0	0.0	0.0	2.0	0.0	1.0	0.0	0.0	1.0	0.0	1.0	2.0	1.0	0.0	0.0	1.0	1.325	0.0	6.3	131.1575	-1.85	-0.3333333333333333	9.616666666666667	111.10666666666668	0.24	-0.1	8.28	98.107	4	6	10	4	6	10
7f6z	H	DAAVYGIDV	YAGGS	GLIVSSN	0.0	0.0	1.0	0.0	0.0	0.0	0.0	1.0	0.0	1.0	1.0	0.0	0.0	0.0	0.0	2.0	0.0	0.0	0.0	1.0	1.0	0.0	0.0	0.0	0.0	0.0	0.0	2.0	0.0	0.0	0.0	0.0	0.0	0.0	0.0	1.0	0.0	0.0	1.0	0.0	2.0	0.0	0.0	2.0	0.0	0.0	0.0	1.0	0.0	1.0	0.0	0.0	0.0	0.0	0.0	0.0	0.0	0.0	1.0	2.0	1.0	0.0	7.857142857142857	98.39571428571428	-0.22	0.0	8.3	94.288	0.8666666666666667	-0.2222222222222222	8.266666666666667	102.44333333333331	7	5	9	7	5	9
6xc2	X	DLDVYGLDV	YSGGS	GLTVSSN	0.0	0.0	1.0	0.0	0.0	0.0	0.0	1.0	0.0	0.0	1.0	0.0	0.0	0.0	0.0	2.0	1.0	0.0	0.0	1.0	0.0	0.0	0.0	0.0	0.0	0.0	0.0	2.0	0.0	0.0	0.0	0.0	0.0	0.0	0.0	2.0	0.0	0.0	1.0	0.0	0.0	0.0	0.0	3.0	0.0	0.0	0.0	1.0	0.0	0.0	2.0	0.0	0.0	0.0	0.0	0.0	0.0	0.0	1.0	2.0	0.2571428571428571	0.0	8.342857142857143	96.67428571428572	-0.74	0.0	8.52	97.488	0.4222222222222222	-0.3333333333333333	8.422222222222222	112.00888888888888	7	5	9	7	5	9
7z0x	H	LVGALTNIVVSGDGGAFDI	YSGDS	GFTVSSN	0.0	0.0	1.0	0.0	0.0	0.0	0.0	1.0	0.0	0.0	0.0	0.0	0.0	1.0	0.0	2.0	1.0	0.0	0.0	1.0	0.0	0.0	0.0	1.0	0.0	0.0	0.0	1.0	0.0	0.0	0.0	0.0	0.0	0.0	0.0	2.0	0.0	0.0	1.0	0.0	2.0	0.0	1.0	2.0	0.0	0.0	0.0	4.0	0.0	2.0	2.0	0.0	0.0	1.0	0.0	1.0	1.0	0.0	0.0	3.0	0.1142857142857142	0.0	8.385714285714284	101.53428571428572	-1.36	-0.2	9.32	105.496	1.1578947368421053	-0.1052631578947368	7.93157894736842	98.52894736842104	7	5	19	7	5	19
7n5h	H	EVYYYDRSGYYASDGFDI	YYSGS	GGSVSSSNY	0.0	0.0	1.0	0.0	0.0	0.0	0.0	2.0	0.0	0.0	0.0	0.0	0.0	0.0	0.0	4.0	0.0	0.0	1.0	1.0	0.0	0.0	0.0	0.0	0.0	0.0	0.0	1.0	0.0	0.0	0.0	0.0	0.0	0.0	0.0	2.0	0.0	0.0	2.0	0.0	1.0	1.0	0.0	3.0	0.0	0.0	1.0	2.0	0.0	1.0	0.0	0.0	0.0	1.0	0.0	2.0	0.0	0.0	5.0	1.0	-0.5111111111111111	0.0	8.722222222222221	97.20444444444443	-0.9200000000000002	0.0	7.959999999999999	115.114	-0.7833333333333333	-0.1666666666666666	8.533333333333333	122.29388888888889	9	5	18	9	5	18
7m7b	H	RWWLRGAFDI	NHSGS	GGSFSGY	0.0	0.0	0.0	0.0	0.0	0.0	0.0	3.0	0.0	0.0	0.0	0.0	0.0	1.0	0.0	2.0	0.0	0.0	1.0	0.0	0.0	0.0	1.0	0.0	0.0	0.0	0.0	1.0	1.0	0.0	0.0	0.0	0.0	0.0	0.0	2.0	0.0	0.0	0.0	0.0	1.0	2.0	0.0	1.0	0.0	0.0	0.0	1.0	0.0	1.0	1.0	0.0	0.0	1.0	0.0	0.0	0.0	2.0	0.0	0.0	-0.1857142857142857	0.0	8.114285714285714	101.38142857142856	-1.7400000000000002	0.2	9.88	100.092	-0.18	0.1	7.720000000000001	131.954	7	5	10	7	5	10
7nx9	A	GEGSPGNWFDP	YSGGS	GLTVSSN	0.0	0.0	1.0	0.0	0.0	0.0	0.0	1.0	0.0	0.0	1.0	0.0	0.0	0.0	0.0	2.0	1.0	0.0	0.0	1.0	0.0	0.0	0.0	0.0	0.0	0.0	0.0	2.0	0.0	0.0	0.0	0.0	0.0	0.0	0.0	2.0	0.0	0.0	1.0	0.0	0.0	0.0	1.0	1.0	0.0	0.0	1.0	3.0	0.0	0.0	0.0	0.0	0.0	1.0	2.0	1.0	0.0	1.0	0.0	0.0	0.2571428571428571	0.0	8.342857142857143	96.67428571428572	-0.74	0.0	8.52	97.488	-1.2545454545454546	-0.1818181818181818	9.063636363636364	108.92636363636365	7	5	11	7	5	11
7l5b	H	GGSRCSGGNCYGWAYDAFDI	NPISDG	GYTFTGY	0.0	0.0	0.0	0.0	0.0	0.0	0.0	2.0	0.0	0.0	0.0	0.0	0.0	1.0	0.0	0.0	2.0	0.0	2.0	0.0	0.0	0.0	1.0	1.0	0.0	0.0	0.0	1.0	0.0	1.0	0.0	0.0	0.0	0.0	1.0	1.0	0.0	0.0	0.0	0.0	2.0	1.0	1.0	2.0	2.0	0.0	0.0	5.0	0.0	1.0	0.0	0.0	0.0	1.0	0.0	2.0	0.0	1.0	2.0	0.0	-0.2857142857142857	0.0	7.542857142857143	117.98	-0.8833333333333333	-0.1666666666666666	9.333333333333334	100.26833333333332	-0.31	-0.05	8.345	108.5635	7	6	20	7	6	20
6xc4	H	DFGDFYFDY	YSGGS	GFTVSSN	0.0	0.0	1.0	0.0	0.0	0.0	0.0	1.0	0.0	0.0	0.0	0.0	0.0	1.0	0.0	2.0	1.0	0.0	0.0	1.0	0.0	0.0	0.0	0.0	0.0	0.0	0.0	2.0	0.0	0.0	0.0	0.0	0.0	0.0	0.0	2.0	0.0	0.0	1.0	0.0	0.0	0.0	0.0	3.0	0.0	0.0	0.0	1.0	0.0	0.0	0.0	0.0	0.0	3.0	0.0	0.0	0.0	0.0	2.0	0.0	0.1142857142857142	0.0	8.385714285714284	101.53428571428572	-0.74	0.0	8.52	97.488	-0.5666666666666668	-0.3333333333333333	8.444444444444445	132.02444444444444	7	5	9	7	5	9
7s4s	H	DLEVAGAIDY	YSGGS	GFIVSRN	0.0	1.0	1.0	0.0	0.0	0.0	0.0	1.0	0.0	1.0	0.0	0.0	0.0	1.0	0.0	1.0	0.0	0.0	0.0	1.0	0.0	0.0	0.0	0.0	0.0	0.0	0.0	2.0	0.0	0.0	0.0	0.0	0.0	0.0	0.0	2.0	0.0	0.0	1.0	0.0	2.0	0.0	0.0	2.0	0.0	0.0	1.0	1.0	0.0	1.0	1.0	0.0	0.0	0.0	0.0	0.0	0.0	0.0	1.0	1.0	0.3285714285714285	0.1428571428571428	8.085714285714285	113.12857142857142	-0.74	0.0	8.52	97.488	0.39	-0.3	8.57	106.514	7	5	10	7	5	10
7ly3	F	AVAGEWYFDY	WYDGSN	GFTFSSY	0.0	0.0	0.0	0.0	0.0	0.0	0.0	1.0	0.0	0.0	0.0	0.0	0.0	2.0	0.0	2.0	1.0	0.0	1.0	0.0	0.0	0.0	1.0	1.0	0.0	0.0	0.0	1.0	0.0	0.0	0.0	0.0	0.0	0.0	0.0	1.0	0.0	1.0	1.0	0.0	2.0	0.0	0.0	1.0	0.0	0.0	1.0	1.0	0.0	0.0	0.0	0.0	0.0	1.0	0.0	0.0	0.0	1.0	2.0	1.0	0.2285714285714285	0.0	7.514285714285714	115.40857142857143	-1.7333333333333334	-0.1666666666666666	9.066666666666666	123.455	-0.03	-0.2	7.94	122.031	7	6	10	7	6	10
7czz	I	YIVVVPAAKGFDP	NPNSGN	GYTFTSY	0.0	0.0	0.0	0.0	0.0	0.0	0.0	1.0	0.0	0.0	0.0	0.0	0.0	1.0	0.0	1.0	2.0	0.0	2.0	0.0	0.0	0.0	3.0	0.0	0.0	0.0	0.0	1.0	0.0	0.0	0.0	0.0	0.0	0.0	1.0	1.0	0.0	0.0	0.0	0.0	2.0	0.0	0.0	1.0	0.0	0.0	0.0	1.0	0.0	1.0	0.0	1.0	0.0	1.0	2.0	0.0	0.0	0.0	1.0	3.0	-0.3428571428571429	0.0	7.571428571428571	119.69857142857144	-2.216666666666667	0.0	10.166666666666666	100.26333333333334	0.8615384615384616	0.0	7.676923076923076	105.81769230769233	7	6	13	7	6	13
7pqz	H	DHVRPGMNI	YSGGS	GFTVSSN	0.0	0.0	1.0	0.0	0.0	0.0	0.0	1.0	0.0	0.0	0.0	0.0	0.0	1.0	0.0	2.0	1.0	0.0	0.0	1.0	0.0	0.0	0.0	0.0	0.0	0.0	0.0	2.0	0.0	0.0	0.0	0.0	0.0	0.0	0.0	2.0	0.0	0.0	1.0	0.0	0.0	1.0	1.0	1.0	0.0	0.0	0.0	1.0	1.0	1.0	0.0	0.0	1.0	0.0	1.0	0.0	0.0	0.0	0.0	1.0	0.1142857142857142	0.0	8.385714285714284	101.53428571428572	-0.74	0.0	8.52	97.488	-0.6777777777777778	0.1111111111111111	8.81111111111111	115.35444444444444	7	5	9	7	5	9
6wps	F	DYTRGAWFGESLIGGFDN	STYNGN	GYPFTSY	0.0	0.0	0.0	0.0	0.0	0.0	0.0	1.0	0.0	0.0	0.0	0.0	0.0	1.0	1.0	1.0	1.0	0.0	2.0	0.0	0.0	0.0	2.0	0.0	0.0	0.0	0.0	1.0	0.0	0.0	0.0	0.0	0.0	0.0	0.0	1.0	1.0	0.0	1.0	0.0	1.0	1.0	1.0	2.0	0.0	0.0	1.0	4.0	0.0	1.0	1.0	0.0	0.0	2.0	0.0	1.0	1.0	1.0	1.0	0.0	-0.4714285714285715	0.0	7.485714285714286	119.12857142857142	-1.7	0.0	9.366666666666664	109.10666666666668	-0.45	-0.1111111111111111	8.577777777777778	114.39722222222224	7	6	18	7	6	18
7bep	D	GGVLRFLEWPLNAFDI	RSSGHT	GFTFSDY	0.0	0.0	0.0	1.0	0.0	0.0	0.0	1.0	0.0	0.0	0.0	0.0	0.0	2.0	0.0	1.0	1.0	0.0	1.0	0.0	0.0	1.0	0.0	0.0	0.0	0.0	0.0	1.0	1.0	0.0	0.0	0.0	0.0	0.0	0.0	2.0	1.0	0.0	0.0	0.0	1.0	1.0	1.0	1.0	0.0	0.0	1.0	2.0	0.0	1.0	3.0	0.0	0.0	2.0	1.0	0.0	0.0	1.0	0.0	1.0	-0.1571428571428572	-0.1428571428571428	8.057142857142857	119.41	-1.7333333333333334	0.3333333333333333	9.483333333333333	107.275	0.575	-0.0625	7.69375	116.5725	7	6	16	7	6	16
7ben	G	DVVVVVAARNHYYNGMDV	SQDGGN	GFTFNNY	0.0	0.0	2.0	0.0	0.0	0.0	0.0	1.0	0.0	0.0	0.0	0.0	0.0	2.0	0.0	0.0	1.0	0.0	1.0	0.0	0.0	0.0	1.0	1.0	0.0	1.0	0.0	2.0	0.0	0.0	0.0	0.0	0.0	0.0	0.0	1.0	0.0	0.0	0.0	0.0	2.0	1.0	2.0	2.0	0.0	0.0	0.0	1.0	1.0	0.0	0.0	0.0	1.0	0.0	0.0	0.0	0.0	0.0	2.0	6.0	-0.5428571428571429	0.0	8.2	123.1314285714286	-2.0166666666666666	-0.1666666666666666	10.383333333333333	99.085	0.3333333333333333	0.0	8.266666666666667	112.29333333333334	7	6	18	7	6	18
7ly2	F	AAPFYDFWSGYSYFDY	NPISSG	GYTFTGY	0.0	0.0	0.0	0.0	0.0	0.0	0.0	2.0	0.0	0.0	0.0	0.0	0.0	1.0	0.0	0.0	2.0	0.0	2.0	0.0	0.0	0.0	1.0	0.0	0.0	0.0	0.0	1.0	0.0	1.0	0.0	0.0	0.0	0.0	1.0	2.0	0.0	0.0	0.0	0.0	2.0	0.0	0.0	2.0	0.0	0.0	0.0	1.0	0.0	0.0	0.0	0.0	0.0	3.0	1.0	2.0	0.0	1.0	4.0	0.0	-0.2857142857142857	0.0	7.542857142857143	117.98	-0.4333333333333333	0.0	8.7	95.6	-0.29375	-0.125	7.7125	124.946875	7	6	16	7	6	16
7msq	D	EMRRGYSGYDYWDLYAFDI	YYSGN	GGSISSY	0.0	0.0	0.0	0.0	0.0	0.0	0.0	2.0	0.0	1.0	0.0	0.0	0.0	0.0	0.0	3.0	0.0	0.0	1.0	0.0	0.0	0.0	1.0	0.0	0.0	0.0	0.0	1.0	0.0	0.0	0.0	0.0	0.0	0.0	0.0	1.0	0.0	0.0	2.0	0.0	1.0	2.0	0.0	3.0	0.0	0.0	1.0	2.0	0.0	1.0	1.0	0.0	1.0	1.0	0.0	1.0	0.0	1.0	4.0	0.0	-3.1720657846433036e-17	0.0	8.142857142857142	98.24	-1.46	0.0	8.440000000000001	120.52	-0.8368421052631579	-0.1052631578947368	8.357894736842105	128.35105263157894	7	5	19	7	5	19
7k9z	H	DRGDTIDY	IPMFGT	GYTFTSY	0.0	0.0	0.0	0.0	0.0	0.0	0.0	1.0	0.0	0.0	0.0	0.0	0.0	1.0	0.0	1.0	2.0	0.0	2.0	0.0	0.0	0.0	0.0	0.0	0.0	0.0	0.0	1.0	0.0	1.0	0.0	0.0	1.0	1.0	1.0	0.0	1.0	0.0	0.0	0.0	0.0	1.0	0.0	3.0	0.0	0.0	0.0	1.0	0.0	1.0	0.0	0.0	0.0	0.0	0.0	0.0	1.0	0.0	1.0	0.0	-0.3428571428571429	0.0	7.571428571428571	119.69857142857144	1.0833333333333333	0.0	6.95	110.80333333333331	-1.6125	-0.25	9.8125	119.245	7	6	8	7	6	8
7chc	H	DYGDYYFDY	YSGGS	EFIVSRN	0.0	1.0	1.0	0.0	0.0	0.0	1.0	0.0	0.0	1.0	0.0	0.0	0.0	1.0	0.0	1.0	0.0	0.0	0.0	1.0	0.0	0.0	0.0	0.0	0.0	0.0	0.0	2.0	0.0	0.0	0.0	0.0	0.0	0.0	0.0	2.0	0.0	0.0	1.0	0.0	0.0	0.0	0.0	3.0	0.0	0.0	0.0	1.0	0.0	0.0	0.0	0.0	0.0	1.0	0.0	0.0	0.0	0.0	4.0	0.0	-0.1142857142857143	0.0	8.557142857142857	120.85285714285716	-0.74	0.0	8.52	97.488	-1.477777777777778	-0.3333333333333333	8.666666666666666	135.58	7	5	9	7	5	9
7e7x	H	GPAIAAAETNWFDL	DPEAGE	GYTLIEI	0.0	0.0	0.0	0.0	0.0	0.0	1.0	1.0	0.0	2.0	1.0	0.0	0.0	0.0	0.0	0.0	1.0	0.0	1.0	0.0	1.0	0.0	0.0	1.0	0.0	0.0	2.0	1.0	0.0	0.0	0.0	0.0	0.0	0.0	1.0	0.0	0.0	0.0	0.0	0.0	4.0	0.0	1.0	1.0	0.0	0.0	1.0	1.0	0.0	1.0	1.0	0.0	0.0	1.0	1.0	0.0	1.0	1.0	0.0	0.0	0.9857142857142857	-0.1428571428571428	7.3428571428571425	115.42	-1.7833333333333332	-0.5	10.45	102.76333333333334	0.2999999999999999	-0.1428571428571428	8.257142857142856	105.40285714285714	7	6	14	7	6	14
7kqb	K	LITMVRGEDY	SYDGSN	GFTFSSY	0.0	0.0	0.0	0.0	0.0	0.0	0.0	1.0	0.0	0.0	0.0	0.0	0.0	2.0	0.0	2.0	1.0	0.0	1.0	0.0	0.0	0.0	1.0	1.0	0.0	0.0	0.0	1.0	0.0	0.0	0.0	0.0	0.0	0.0	0.0	2.0	0.0	0.0	1.0	0.0	0.0	1.0	0.0	1.0	0.0	0.0	1.0	1.0	0.0	1.0	1.0	0.0	1.0	0.0	0.0	0.0	1.0	0.0	1.0	1.0	0.2285714285714285	0.0	7.514285714285714	115.40857142857143	-1.7166666666666668	-0.1666666666666666	9.7	106.93166666666669	0.0499999999999999	-0.1	8.129999999999999	119.63899999999998	7	6	10	7	6	10
7fcp	H	EARGYYDRSGYYHPGYFDY	KPSDDS	GYIFTSY	0.0	0.0	0.0	0.0	0.0	0.0	0.0	1.0	0.0	1.0	0.0	0.0	0.0	1.0	0.0	1.0	1.0	0.0	2.0	0.0	0.0	0.0	0.0	2.0	0.0	0.0	0.0	0.0	0.0	0.0	0.0	1.0	0.0	0.0	1.0	2.0	0.0	0.0	0.0	0.0	1.0	2.0	0.0	2.0	0.0	0.0	1.0	3.0	1.0	0.0	0.0	0.0	0.0	1.0	1.0	1.0	0.0	0.0	6.0	0.0	0.3999999999999999	0.0	7.085714285714286	121.42	-2.35	-0.1666666666666666	10.616666666666667	104.94	-1.5526315789473684	0.0	8.65263157894737	127.13210526315792	7	6	19	7	6	19
7vyr	H	ETEQGGMDV	DPSRGE	GGTFGNW	0.0	0.0	1.0	0.0	0.0	0.0	0.0	3.0	0.0	0.0	0.0	0.0	0.0	1.0	0.0	0.0	1.0	1.0	0.0	0.0	0.0	1.0	0.0	1.0	0.0	0.0	1.0	1.0	0.0	0.0	0.0	0.0	0.0	0.0	1.0	1.0	0.0	0.0	0.0	0.0	0.0	0.0	0.0	1.0	0.0	1.0	2.0	2.0	0.0	0.0	0.0	0.0	1.0	0.0	0.0	0.0	1.0	0.0	0.0	1.0	-0.5	0.0	8.257142857142856	110.53857142857144	-2.3833333333333333	-0.1666666666666666	10.333333333333334	109.94166666666666	-1.0444444444444445	-0.3333333333333333	9.588888888888889	109.22222222222224	7	6	9	7	6	9
7zf9	H	DLMVYGIDV	YSGGT	GVTVSSN	0.0	0.0	1.0	0.0	0.0	0.0	0.0	1.0	0.0	0.0	0.0	0.0	0.0	0.0	0.0	2.0	1.0	0.0	0.0	2.0	0.0	0.0	0.0	0.0	0.0	0.0	0.0	2.0	0.0	0.0	0.0	0.0	0.0	0.0	0.0	1.0	1.0	0.0	1.0	0.0	0.0	0.0	0.0	2.0	0.0	0.0	0.0	1.0	0.0	1.0	1.0	0.0	1.0	0.0	0.0	0.0	0.0	0.0	1.0	2.0	0.3142857142857143	0.0	8.485714285714286	94.67	-0.72	0.0	8.4	100.294	1.1	-0.2222222222222222	7.644444444444444	113.7988888888889	7	5	9	7	5	9
7s0c	H	GRDLAAFTKTAFDV	WGSGSN	GFTFSSY	0.0	0.0	0.0	0.0	0.0	0.0	0.0	1.0	0.0	0.0	0.0	0.0	0.0	2.0	0.0	2.0	1.0	0.0	1.0	0.0	0.0	0.0	1.0	0.0	0.0	0.0	0.0	2.0	0.0	0.0	0.0	0.0	0.0	0.0	0.0	2.0	0.0	1.0	0.0	0.0	3.0	1.0	0.0	2.0	0.0	0.0	0.0	1.0	0.0	0.0	1.0	1.0	0.0	2.0	0.0	0.0	2.0	0.0	0.0	1.0	0.2285714285714285	0.0	7.514285714285714	115.40857142857143	-1.1333333333333333	0.0	8.9	104.09833333333334	0.1285714285714285	0.0	8.535714285714286	107.97928571428572	7	6	14	7	6	14
7e7y	C	LINHYYDSGDGGAFDI	YSGGS	GVTVSSN	0.0	0.0	1.0	0.0	0.0	0.0	0.0	1.0	0.0	0.0	0.0	0.0	0.0	0.0	0.0	2.0	1.0	0.0	0.0	2.0	0.0	0.0	0.0	0.0	0.0	0.0	0.0	2.0	0.0	0.0	0.0	0.0	0.0	0.0	0.0	2.0	0.0	0.0	1.0	0.0	1.0	0.0	1.0	3.0	0.0	0.0	0.0	3.0	1.0	2.0	1.0	0.0	0.0	1.0	0.0	1.0	0.0	0.0	2.0	0.0	0.3142857142857143	0.0	8.485714285714286	94.67	-0.74	0.0	8.52	97.488	-0.275	-0.125	8.6375	112.053125	7	5	16	7	5	16
7wr8	A	DRFPLSDPYVWGSPLGGLDV	DPSGRG	GYRFISH	0.0	1.0	0.0	0.0	0.0	0.0	0.0	1.0	1.0	1.0	0.0	0.0	0.0	1.0	0.0	1.0	0.0	0.0	1.0	0.0	0.0	1.0	0.0	1.0	0.0	0.0	0.0	2.0	0.0	0.0	0.0	0.0	0.0	0.0	1.0	1.0	0.0	0.0	0.0	0.0	0.0	1.0	0.0	3.0	0.0	0.0	0.0	3.0	0.0	0.0	3.0	0.0	0.0	1.0	3.0	2.0	0.0	1.0	1.0	2.0	-0.4142857142857143	0.2857142857142857	7.957142857142857	125.56857142857145	-1.8666666666666665	0.0	9.783333333333331	100.93	-0.11	-0.1	8.11	111.3225	7	6	20	7	6	20
7ps5	H	PHCNRTSCHDGFDI	AVGSGN	GFTFITS	0.0	0.0	0.0	0.0	0.0	0.0	0.0	1.0	0.0	1.0	0.0	0.0	0.0	2.0	0.0	1.0	2.0	0.0	0.0	0.0	1.0	0.0	1.0	0.0	0.0	0.0	0.0	2.0	0.0	0.0	0.0	0.0	0.0	0.0	0.0	1.0	0.0	0.0	0.0	1.0	0.0	1.0	1.0	2.0	2.0	0.0	0.0	1.0	2.0	1.0	0.0	0.0	0.0	1.0	1.0	1.0	1.0	0.0	0.0	0.0	1.0714285714285714	0.0	7.285714285714286	110.26714285714286	0.15	0.0	8.799999999999999	86.91666666666667	-0.9000000000000001	0.0714285714285714	8.935714285714285	114.41142857142856	7	6	14	7	6	14
7or9	H	DGGILTGYLDYFDH	SANNGY	GYIFIRY	0.0	1.0	0.0	0.0	0.0	0.0	0.0	1.0	0.0	2.0	0.0	0.0	0.0	1.0	0.0	0.0	0.0	0.0	2.0	0.0	1.0	0.0	2.0	0.0	0.0	0.0	0.0	1.0	0.0	0.0	0.0	0.0	0.0	0.0	0.0	1.0	0.0	0.0	1.0	0.0	0.0	0.0	0.0	3.0	0.0	0.0	0.0	3.0	1.0	1.0	2.0	0.0	0.0	1.0	0.0	0.0	1.0	0.0	2.0	0.0	0.6142857142857142	0.1428571428571428	6.785714285714286	133.0142857142857	-1.2833333333333334	0.0	9.283333333333331	104.10166666666667	-0.2357142857142857	-0.1428571428571428	8.4	115.835	7	6	14	7	6	14
7kfy	H	GDVSGYRYGLDY	YSGGT	GFTVSSN	0.0	0.0	1.0	0.0	0.0	0.0	0.0	1.0	0.0	0.0	0.0	0.0	0.0	1.0	0.0	2.0	1.0	0.0	0.0	1.0	0.0	0.0	0.0	0.0	0.0	0.0	0.0	2.0	0.0	0.0	0.0	0.0	0.0	0.0	0.0	1.0	1.0	0.0	1.0	0.0	0.0	1.0	0.0	2.0	0.0	0.0	0.0	3.0	0.0	0.0	1.0	0.0	0.0	0.0	0.0	1.0	0.0	0.0	3.0	1.0	0.1142857142857142	0.0	8.385714285714284	101.53428571428572	-0.72	0.0	8.4	100.294	-0.7833333333333333	-0.0833333333333333	8.508333333333333	116.7025	7	5	12	7	5	12
7bnv	H	HPSPYYYGSGSYSGGFDY	YPGDSD	GYSFTSY	0.0	0.0	0.0	0.0	0.0	0.0	0.0	1.0	0.0	0.0	0.0	0.0	0.0	1.0	0.0	2.0	1.0	0.0	2.0	0.0	0.0	0.0	0.0	2.0	0.0	0.0	0.0	1.0	0.0	0.0	0.0	0.0	0.0	0.0	1.0	1.0	0.0	0.0	1.0	0.0	0.0	0.0	0.0	1.0	0.0	0.0	0.0	4.0	1.0	0.0	0.0	0.0	0.0	1.0	2.0	4.0	0.0	0.0	5.0	0.0	-0.3571428571428572	0.0	7.6571428571428575	117.69428571428573	-1.85	-0.3333333333333333	9.733333333333333	108.76833333333332	-1.0222222222222224	0.0	8.244444444444445	114.33722222222224	7	6	18	7	6	18
7r6w	A	DYTRGAWFGESLIGGFDN	STYNGN	GYPFTSY	0.0	0.0	0.0	0.0	0.0	0.0	0.0	1.0	0.0	0.0	0.0	0.0	0.0	1.0	1.0	1.0	1.0	0.0	2.0	0.0	0.0	0.0	2.0	0.0	0.0	0.0	0.0	1.0	0.0	0.0	0.0	0.0	0.0	0.0	0.0	1.0	1.0	0.0	1.0	0.0	1.0	1.0	1.0	2.0	0.0	0.0	1.0	4.0	0.0	1.0	1.0	0.0	0.0	2.0	0.0	1.0	1.0	1.0	1.0	0.0	-0.4714285714285715	0.0	7.485714285714286	119.12857142857142	-1.7	0.0	9.366666666666664	109.10666666666668	-0.45	-0.1111111111111111	8.577777777777778	114.39722222222224	7	6	18	7	6	18
7qny	H	DLGSGDMDV	YPGGS	GVTVSSN	0.0	0.0	1.0	0.0	0.0	0.0	0.0	1.0	0.0	0.0	0.0	0.0	0.0	0.0	0.0	2.0	1.0	0.0	0.0	2.0	0.0	0.0	0.0	0.0	0.0	0.0	0.0	2.0	0.0	0.0	0.0	0.0	0.0	0.0	1.0	1.0	0.0	0.0	1.0	0.0	0.0	0.0	0.0	3.0	0.0	0.0	0.0	2.0	0.0	0.0	1.0	0.0	1.0	0.0	0.0	1.0	0.0	0.0	0.0	1.0	0.3142857142857143	0.0	8.485714285714286	94.67	-0.9	0.0	8.28	99.496	-0.2444444444444444	-0.3333333333333333	9.18888888888889	102.8822222222222	7	5	9	7	5	9
7e88	D	DRGLVSDY	YSGGS	EFIVSRN	0.0	1.0	1.0	0.0	0.0	0.0	1.0	0.0	0.0	1.0	0.0	0.0	0.0	1.0	0.0	1.0	0.0	0.0	0.0	1.0	0.0	0.0	0.0	0.0	0.0	0.0	0.0	2.0	0.0	0.0	0.0	0.0	0.0	0.0	0.0	2.0	0.0	0.0	1.0	0.0	0.0	1.0	0.0	2.0	0.0	0.0	0.0	1.0	0.0	0.0	1.0	0.0	0.0	0.0	0.0	1.0	0.0	0.0	1.0	1.0	-0.1142857142857143	0.0	8.557142857142857	120.85285714285716	-0.74	0.0	8.52	97.488	-0.75	-0.125	8.9625	115.49625	7	5	8	7	5	8
7f7e	C	SLIYGHYDILTGAYYFDY	VGSGGS	GFTFSSY	0.0	0.0	0.0	0.0	0.0	0.0	0.0	1.0	0.0	0.0	0.0	0.0	0.0	2.0	0.0	2.0	1.0	0.0	1.0	0.0	0.0	0.0	0.0	0.0	0.0	0.0	0.0	3.0	0.0	0.0	0.0	0.0	0.0	0.0	0.0	2.0	0.0	0.0	0.0	1.0	1.0	0.0	0.0	2.0	0.0	0.0	0.0	2.0	1.0	2.0	2.0	0.0	0.0	1.0	0.0	1.0	1.0	0.0	5.0	0.0	0.2285714285714285	0.0	7.514285714285714	115.40857142857143	0.2333333333333333	0.0	8.549999999999999	83.07333333333334	0.1222222222222221	-0.0555555555555555	7.594444444444444	121.80055555555556	7	6	18	7	6	18
7np1	I	GEGGSIVGVTSDY	YSGGS	GITVSSN	0.0	0.0	1.0	0.0	0.0	0.0	0.0	1.0	0.0	1.0	0.0	0.0	0.0	0.0	0.0	2.0	1.0	0.0	0.0	1.0	0.0	0.0	0.0	0.0	0.0	0.0	0.0	2.0	0.0	0.0	0.0	0.0	0.0	0.0	0.0	2.0	0.0	0.0	1.0	0.0	0.0	0.0	0.0	1.0	0.0	0.0	1.0	4.0	0.0	1.0	0.0	0.0	0.0	0.0	0.0	2.0	1.0	0.0	1.0	2.0	0.3571428571428571	0.0	8.385714285714284	96.67428571428572	-0.74	0.0	8.52	97.488	0.0538461538461538	-0.1538461538461538	8.576923076923077	99.56	7	5	13	7	5	13
7prz	H	DSSAAIPYYYYGMDV	SYDGSH	GFTFSNY	0.0	0.0	1.0	0.0	0.0	0.0	0.0	1.0	0.0	0.0	0.0	0.0	0.0	2.0	0.0	1.0	1.0	0.0	1.0	0.0	0.0	0.0	0.0	1.0	0.0	0.0	0.0	1.0	1.0	0.0	0.0	0.0	0.0	0.0	0.0	2.0	0.0	0.0	1.0	0.0	2.0	0.0	0.0	2.0	0.0	0.0	0.0	1.0	0.0	1.0	0.0	0.0	1.0	0.0	1.0	2.0	0.0	0.0	4.0	1.0	-0.1571428571428572	0.0	7.857142857142857	119.27	-1.6666666666666667	0.0	9.5	110.77	-0.1066666666666666	-0.1333333333333333	7.946666666666667	114.32533333333336	7	6	15	7	6	15
6xey	J	DRSWAVVYYYMDV	NPNSGG	GYTFTGY	0.0	0.0	0.0	0.0	0.0	0.0	0.0	2.0	0.0	0.0	0.0	0.0	0.0	1.0	0.0	0.0	2.0	0.0	2.0	0.0	0.0	0.0	2.0	0.0	0.0	0.0	0.0	2.0	0.0	0.0	0.0	0.0	0.0	0.0	1.0	1.0	0.0	0.0	0.0	0.0	1.0	1.0	0.0	2.0	0.0	0.0	0.0	0.0	0.0	0.0	0.0	0.0	1.0	0.0	0.0	1.0	0.0	1.0	3.0	3.0	-0.2857142857142857	0.0	7.542857142857143	117.98	-1.7	0.0	9.733333333333333	93.75333333333332	-0.0615384615384615	-0.0769230769230769	7.784615384615384	126.83692307692309	7	6	13	7	6	13
7czw	H	ERCYYGSGRAPRCVWFDP	YYSGS	GDSVSSGSY	0.0	0.0	0.0	1.0	0.0	0.0	0.0	2.0	0.0	0.0	0.0	0.0	0.0	0.0	0.0	4.0	0.0	0.0	1.0	1.0	0.0	0.0	0.0	0.0	0.0	0.0	0.0	1.0	0.0	0.0	0.0	0.0	0.0	0.0	0.0	2.0	0.0	0.0	2.0	0.0	1.0	3.0	0.0	1.0	2.0	0.0	1.0	2.0	0.0	0.0	0.0	0.0	0.0	1.0	2.0	1.0	0.0	1.0	2.0	1.0	-0.5111111111111111	-0.1111111111111111	8.877777777777776	97.31333333333332	-0.9200000000000002	0.0	7.959999999999999	115.114	-0.8333333333333334	0.0555555555555555	8.222222222222221	121.13722222222223	9	5	18	9	5	18
7klg	I	SYYYGGFGMDY	YASGGA	GFDLGGY	0.0	0.0	0.0	1.0	0.0	0.0	0.0	3.0	0.0	0.0	1.0	0.0	0.0	1.0	0.0	0.0	0.0	0.0	1.0	0.0	2.0	0.0	0.0	0.0	0.0	0.0	0.0	2.0	0.0	0.0	0.0	0.0	0.0	0.0	0.0	1.0	0.0	0.0	1.0	0.0	0.0	0.0	0.0	1.0	0.0	0.0	0.0	3.0	0.0	0.0	0.0	0.0	1.0	1.0	0.0	1.0	0.0	0.0	4.0	0.0	0.0857142857142856	-0.1428571428571428	8.042857142857143	109.10857142857142	0.1166666666666666	0.0	8.266666666666667	90.42	-0.5454545454545455	-0.0909090909090909	7.718181818181819	123.49272727272728	7	6	11	7	6	11
7m3i	H	SQRPDGNLYYFDY	YYSGS	GGSISSY	0.0	0.0	0.0	0.0	0.0	0.0	0.0	2.0	0.0	1.0	0.0	0.0	0.0	0.0	0.0	3.0	0.0	0.0	1.0	0.0	0.0	0.0	0.0	0.0	0.0	0.0	0.0	1.0	0.0	0.0	0.0	0.0	0.0	0.0	0.0	2.0	0.0	0.0	2.0	0.0	0.0	1.0	1.0	2.0	0.0	1.0	0.0	1.0	0.0	0.0	1.0	0.0	0.0	1.0	1.0	1.0	0.0	0.0	3.0	0.0	-3.1720657846433036e-17	0.0	8.142857142857142	98.24	-0.9200000000000002	0.0	7.959999999999999	115.114	-1.4307692307692308	-0.0769230769230769	8.73076923076923	125.98	7	5	13	7	5	13
7u2e	H	DFSGHTAVAGTGFEY	SSDGYN	GFTFSSY	0.0	0.0	0.0	0.0	0.0	0.0	0.0	1.0	0.0	0.0	0.0	0.0	0.0	2.0	0.0	2.0	1.0	0.0	1.0	0.0	0.0	0.0	1.0	1.0	0.0	0.0	0.0	1.0	0.0	0.0	0.0	0.0	0.0	0.0	0.0	2.0	0.0	0.0	1.0	0.0	2.0	0.0	0.0	1.0	0.0	0.0	1.0	3.0	1.0	0.0	0.0	0.0	0.0	2.0	0.0	1.0	2.0	0.0	1.0	1.0	0.2285714285714285	0.0	7.514285714285714	115.40857142857143	-1.7166666666666668	-0.1666666666666666	9.7	106.93166666666669	-0.1	-0.0666666666666666	8.52	106.30866666666668	7	6	15	7	6	15
7u2d	H	DFSGHTAWAGTGFEY	SEDGYS	GFTFSSY	0.0	0.0	0.0	0.0	0.0	0.0	0.0	1.0	0.0	0.0	0.0	0.0	0.0	2.0	0.0	2.0	1.0	0.0	1.0	0.0	0.0	0.0	0.0	1.0	0.0	0.0	1.0	1.0	0.0	0.0	0.0	0.0	0.0	0.0	0.0	2.0	0.0	0.0	1.0	0.0	2.0	0.0	0.0	1.0	0.0	0.0	1.0	3.0	1.0	0.0	0.0	0.0	0.0	2.0	0.0	1.0	2.0	1.0	1.0	0.0	0.2285714285714285	0.0	7.514285714285714	115.40857142857143	-1.7166666666666668	-0.3333333333333333	9.816666666666666	109.43333333333334	-0.44	-0.0666666666666666	8.486666666666666	112.11466666666666	7	6	15	7	6	15
7cjf	A	DLQELGSLDY	YSGGS	GFIVSSN	0.0	0.0	1.0	0.0	0.0	0.0	0.0	1.0	0.0	1.0	0.0	0.0	0.0	1.0	0.0	2.0	0.0	0.0	0.0	1.0	0.0	0.0	0.0	0.0	0.0	0.0	0.0	2.0	0.0	0.0	0.0	0.0	0.0	0.0	0.0	2.0	0.0	0.0	1.0	0.0	0.0	0.0	0.0	2.0	0.0	1.0	1.0	1.0	0.0	0.0	3.0	0.0	0.0	0.0	0.0	1.0	0.0	0.0	1.0	0.0	0.8571428571428571	0.0	7.9	103.25571428571428	-0.74	0.0	8.52	97.488	-0.51	-0.3	8.790000000000001	115.222	7	5	10	7	5	10
7tbf	H	PYCSGGSCFDGFDI	VVGSGN	GFTFTSS	0.0	0.0	0.0	0.0	0.0	0.0	0.0	1.0	0.0	0.0	0.0	0.0	0.0	2.0	0.0	2.0	2.0	0.0	0.0	0.0	0.0	0.0	1.0	0.0	0.0	0.0	0.0	2.0	0.0	0.0	0.0	0.0	0.0	0.0	0.0	1.0	0.0	0.0	0.0	2.0	0.0	0.0	0.0	2.0	2.0	0.0	0.0	3.0	0.0	1.0	0.0	0.0	0.0	2.0	1.0	2.0	0.0	0.0	1.0	0.0	0.3142857142857142	0.0	7.857142857142857	106.54142857142855	0.55	0.0	8.433333333333334	91.59166666666664	0.1714285714285714	-0.1428571428571428	8.014285714285714	107.4007142857143	7	6	14	7	6	14
7mzf	H	DRGDYLFDY	YSGGT	EFIVSRN	0.0	1.0	1.0	0.0	0.0	0.0	1.0	0.0	0.0	1.0	0.0	0.0	0.0	1.0	0.0	1.0	0.0	0.0	0.0	1.0	0.0	0.0	0.0	0.0	0.0	0.0	0.0	2.0	0.0	0.0	0.0	0.0	0.0	0.0	0.0	1.0	1.0	0.0	1.0	0.0	0.0	1.0	0.0	3.0	0.0	0.0	0.0	1.0	0.0	0.0	1.0	0.0	0.0	1.0	0.0	0.0	0.0	0.0	2.0	0.0	-0.1142857142857143	0.0	8.557142857142857	120.85285714285716	-0.72	0.0	8.4	100.294	-1.2666666666666666	-0.2222222222222222	9.0	129.24555555555557	7	5	9	7	5	9
7lm8	H	PPRNYYDRSGYYQRAEYFQH	NSSGGS	GYTFTSY	0.0	0.0	0.0	0.0	0.0	0.0	0.0	1.0	0.0	0.0	0.0	0.0	0.0	1.0	0.0	1.0	2.0	0.0	2.0	0.0	0.0	0.0	1.0	0.0	0.0	0.0	0.0	2.0	0.0	0.0	0.0	0.0	0.0	0.0	0.0	3.0	0.0	0.0	0.0	0.0	1.0	3.0	1.0	1.0	0.0	2.0	1.0	1.0	1.0	0.0	0.0	0.0	0.0	1.0	2.0	1.0	0.0	0.0	5.0	0.0	-0.3428571428571429	0.0	7.571428571428571	119.69857142857144	-1.1166666666666667	0.0	9.533333333333331	87.575	-2.025	0.1	8.915000000000001	130.541	7	6	20	7	6	20
7lxy	F	AAPFYDFWSGYSYFDY	NPISSG	GYTFTGY	0.0	0.0	0.0	0.0	0.0	0.0	0.0	2.0	0.0	0.0	0.0	0.0	0.0	1.0	0.0	0.0	2.0	0.0	2.0	0.0	0.0	0.0	1.0	0.0	0.0	0.0	0.0	1.0	0.0	1.0	0.0	0.0	0.0	0.0	1.0	2.0	0.0	0.0	0.0	0.0	2.0	0.0	0.0	2.0	0.0	0.0	0.0	1.0	0.0	0.0	0.0	0.0	0.0	3.0	1.0	2.0	0.0	1.0	4.0	0.0	-0.2857142857142857	0.0	7.542857142857143	117.98	-0.4333333333333333	0.0	8.7	95.6	-0.29375	-0.125	7.7125	124.946875	7	6	16	7	6	16
7wph	E	DRAGGTYSGFDF	HHSGG	GGSISSNN	0.0	0.0	2.0	0.0	0.0	0.0	0.0	2.0	0.0	1.0	0.0	0.0	0.0	0.0	0.0	3.0	0.0	0.0	0.0	0.0	0.0	0.0	0.0	0.0	0.0	0.0	0.0	2.0	2.0	0.0	0.0	0.0	0.0	0.0	0.0	1.0	0.0	0.0	0.0	0.0	1.0	1.0	0.0	2.0	0.0	0.0	0.0	3.0	0.0	0.0	0.0	0.0	0.0	2.0	0.0	1.0	1.0	0.0	1.0	0.0	-0.7125	0.0	9.25	94.09	-1.6	0.4	9.6	102.292	-0.6749999999999999	-0.0833333333333333	8.833333333333334	110.69416666666666	8	5	12	8	5	12
7urq	H	DLEVAGAIDY	YSGGS	GFIVSRN	0.0	1.0	1.0	0.0	0.0	0.0	0.0	1.0	0.0	1.0	0.0	0.0	0.0	1.0	0.0	1.0	0.0	0.0	0.0	1.0	0.0	0.0	0.0	0.0	0.0	0.0	0.0	2.0	0.0	0.0	0.0	0.0	0.0	0.0	0.0	2.0	0.0	0.0	1.0	0.0	2.0	0.0	0.0	2.0	0.0	0.0	1.0	1.0	0.0	1.0	1.0	0.0	0.0	0.0	0.0	0.0	0.0	0.0	1.0	1.0	0.3285714285714285	0.1428571428571428	8.085714285714285	113.12857142857142	-0.74	0.0	8.52	97.488	0.39	-0.3	8.57	106.514	7	5	10	7	5	10
7n8i	H	LKDSRYSGSYYDY	RYDGGN	GFTFNSY	0.0	0.0	1.0	0.0	0.0	0.0	0.0	1.0	0.0	0.0	0.0	0.0	0.0	2.0	0.0	1.0	1.0	0.0	1.0	0.0	0.0	1.0	1.0	1.0	0.0	0.0	0.0	2.0	0.0	0.0	0.0	0.0	0.0	0.0	0.0	0.0	0.0	0.0	1.0	0.0	0.0	1.0	0.0	2.0	0.0	0.0	0.0	1.0	0.0	0.0	1.0	1.0	0.0	0.0	0.0	3.0	0.0	0.0	4.0	0.0	-0.1571428571428572	0.0	7.857142857142857	119.27	-2.2666666666666666	0.0	9.883333333333333	116.445	-1.507692307692308	0.0	8.776923076923076	124.36307692307692	7	6	13	7	6	13
7czt	I	WFHTGGYFDY	WYDGSN	GFTFSSY	0.0	0.0	0.0	0.0	0.0	0.0	0.0	1.0	0.0	0.0	0.0	0.0	0.0	2.0	0.0	2.0	1.0	0.0	1.0	0.0	0.0	0.0	1.0	1.0	0.0	0.0	0.0	1.0	0.0	0.0	0.0	0.0	0.0	0.0	0.0	1.0	0.0	1.0	1.0	0.0	0.0	0.0	0.0	1.0	0.0	0.0	0.0	2.0	1.0	0.0	0.0	0.0	0.0	2.0	0.0	0.0	1.0	1.0	2.0	0.0	0.2285714285714285	0.0	7.514285714285714	115.40857142857143	-1.7333333333333334	-0.1666666666666666	9.066666666666666	123.455	-0.6100000000000001	0.0	7.82	131.038	7	6	10	7	6	10
7k8m	A	DYGDYYFDY	YSGGS	GFIVSSN	0.0	0.0	1.0	0.0	0.0	0.0	0.0	1.0	0.0	1.0	0.0	0.0	0.0	1.0	0.0	2.0	0.0	0.0	0.0	1.0	0.0	0.0	0.0	0.0	0.0	0.0	0.0	2.0	0.0	0.0	0.0	0.0	0.0	0.0	0.0	2.0	0.0	0.0	1.0	0.0	0.0	0.0	0.0	3.0	0.0	0.0	0.0	1.0	0.0	0.0	0.0	0.0	0.0	1.0	0.0	0.0	0.0	0.0	4.0	0.0	0.8571428571428571	0.0	7.9	103.25571428571428	-0.74	0.0	8.52	97.488	-1.477777777777778	-0.3333333333333333	8.666666666666666	135.58	7	5	9	7	5	9
7bz5	H	EAYGMDV	YSGGS	GFIVSSN	0.0	0.0	1.0	0.0	0.0	0.0	0.0	1.0	0.0	1.0	0.0	0.0	0.0	1.0	0.0	2.0	0.0	0.0	0.0	1.0	0.0	0.0	0.0	0.0	0.0	0.0	0.0	2.0	0.0	0.0	0.0	0.0	0.0	0.0	0.0	2.0	0.0	0.0	1.0	0.0	1.0	0.0	0.0	1.0	0.0	0.0	1.0	1.0	0.0	0.0	0.0	0.0	1.0	0.0	0.0	0.0	0.0	0.0	1.0	1.0	0.8571428571428571	0.0	7.9	103.25571428571428	-0.74	0.0	8.52	97.488	-0.1142857142857142	-0.2857142857142857	8.6	111.97857142857144	7	5	7	7	5	7
7r6x	H	GDSSGYYYYFDY	GTAGD	GFTFSSY	0.0	0.0	0.0	0.0	0.0	0.0	0.0	1.0	0.0	0.0	0.0	0.0	0.0	2.0	0.0	2.0	1.0	0.0	1.0	0.0	1.0	0.0	0.0	1.0	0.0	0.0	0.0	2.0	0.0	0.0	0.0	0.0	0.0	0.0	0.0	0.0	1.0	0.0	0.0	0.0	0.0	0.0	0.0	2.0	0.0	0.0	0.0	2.0	0.0	0.0	0.0	0.0	0.0	1.0	0.0	2.0	0.0	0.0	5.0	0.0	0.2285714285714285	0.0	7.514285714285714	115.40857142857143	-0.64	-0.2	9.54	87.476	-1.0916666666666668	-0.1666666666666666	8.216666666666667	126.46	7	5	12	7	5	12
7c2l	J	STAVAGTPDLFDYYYGMDV	DPEDGE	GYTLTEL	0.0	0.0	0.0	0.0	0.0	0.0	1.0	1.0	0.0	0.0	2.0	0.0	0.0	0.0	0.0	0.0	2.0	0.0	1.0	0.0	0.0	0.0	0.0	2.0	0.0	0.0	2.0	1.0	0.0	0.0	0.0	0.0	0.0	0.0	1.0	0.0	0.0	0.0	0.0	0.0	2.0	0.0	0.0	3.0	0.0	0.0	0.0	2.0	0.0	0.0	1.0	0.0	1.0	1.0	1.0	1.0	2.0	0.0	3.0	2.0	0.1428571428571428	-0.1428571428571428	7.785714285714286	113.69857142857144	-2.6666666666666665	-0.6666666666666666	11.266666666666666	110.09833333333334	0.0789473684210526	-0.1578947368421052	8.094736842105263	110.69947368421052	7	6	19	7	6	19
7lop	W	GSGISTPMDV	YPGDSE	GYGFITY	0.0	0.0	0.0	0.0	0.0	0.0	0.0	2.0	0.0	1.0	0.0	0.0	0.0	1.0	0.0	0.0	1.0	0.0	2.0	0.0	0.0	0.0	0.0	1.0	0.0	0.0	1.0	1.0	0.0	0.0	0.0	0.0	0.0	0.0	1.0	1.0	0.0	0.0	1.0	0.0	0.0	0.0	0.0	1.0	0.0	0.0	0.0	2.0	0.0	1.0	0.0	0.0	1.0	0.0	1.0	2.0	1.0	0.0	0.0	1.0	0.4571428571428571	0.0	7.057142857142857	119.70142857142856	-1.85	-0.3333333333333333	9.616666666666667	111.10666666666668	0.24	-0.1	8.28	98.107	7	6	10	7	6	10
7chs	H	DRDYYGMDV	YSGGS	GFTVSSN	0.0	0.0	1.0	0.0	0.0	0.0	0.0	1.0	0.0	0.0	0.0	0.0	0.0	1.0	0.0	2.0	1.0	0.0	0.0	1.0	0.0	0.0	0.0	0.0	0.0	0.0	0.0	2.0	0.0	0.0	0.0	0.0	0.0	0.0	0.0	2.0	0.0	0.0	1.0	0.0	0.0	1.0	0.0	3.0	0.0	0.0	0.0	1.0	0.0	0.0	0.0	0.0	1.0	0.0	0.0	0.0	0.0	0.0	2.0	1.0	0.1142857142857142	0.0	8.385714285714284	101.53428571428572	-0.74	0.0	8.52	97.488	-1.3222222222222222	-0.2222222222222222	9.166666666666666	125.91111111111113	7	5	9	7	5	9
7cdi	H	DLVVYGMDV	YSGGS	GITVSSN	0.0	0.0	1.0	0.0	0.0	0.0	0.0	1.0	0.0	1.0	0.0	0.0	0.0	0.0	0.0	2.0	1.0	0.0	0.0	1.0	0.0	0.0	0.0	0.0	0.0	0.0	0.0	2.0	0.0	0.0	0.0	0.0	0.0	0.0	0.0	2.0	0.0	0.0	1.0	0.0	0.0	0.0	0.0	2.0	0.0	0.0	0.0	1.0	0.0	0.0	1.0	0.0	1.0	0.0	0.0	0.0	0.0	0.0	1.0	3.0	0.3571428571428571	0.0	8.385714285714284	96.67428571428572	-0.74	0.0	8.52	97.488	1.0666666666666669	-0.2222222222222222	7.722222222222222	112.24	7	5	9	7	5	9
7kqe	J	RWWLRGAFDI	NHSGS	GGSFSGY	0.0	0.0	0.0	0.0	0.0	0.0	0.0	3.0	0.0	0.0	0.0	0.0	0.0	1.0	0.0	2.0	0.0	0.0	1.0	0.0	0.0	0.0	1.0	0.0	0.0	0.0	0.0	1.0	1.0	0.0	0.0	0.0	0.0	0.0	0.0	2.0	0.0	0.0	0.0	0.0	1.0	2.0	0.0	1.0	0.0	0.0	0.0	1.0	0.0	1.0	1.0	0.0	0.0	1.0	0.0	0.0	0.0	2.0	0.0	0.0	-0.1857142857142857	0.0	8.114285714285714	101.38142857142856	-1.7400000000000002	0.2	9.88	100.092	-0.18	0.1	7.720000000000001	131.954	7	5	10	7	5	10
7nd9	H	PHCNSTSCYDAFDI	VVGSGN	GFTFTTS	0.0	0.0	0.0	0.0	0.0	0.0	0.0	1.0	0.0	0.0	0.0	0.0	0.0	2.0	0.0	1.0	3.0	0.0	0.0	0.0	0.0	0.0	1.0	0.0	0.0	0.0	0.0	2.0	0.0	0.0	0.0	0.0	0.0	0.0	0.0	1.0	0.0	0.0	0.0	2.0	1.0	0.0	1.0	2.0	2.0	0.0	0.0	0.0	1.0	1.0	0.0	0.0	0.0	1.0	1.0	2.0	1.0	0.0	1.0	0.0	0.3285714285714285	0.0	7.771428571428571	108.5457142857143	0.55	0.0	8.433333333333334	91.59166666666664	-0.3428571428571429	-0.0714285714285714	8.47857142857143	111.05142857142856	7	6	14	7	6	14
7fjs	C	DGENVLDY	FPENDD	GYRFTSY	0.0	1.0	0.0	0.0	0.0	0.0	0.0	1.0	0.0	0.0	0.0	0.0	0.0	1.0	0.0	1.0	1.0	0.0	2.0	0.0	0.0	0.0	1.0	2.0	0.0	0.0	1.0	0.0	0.0	0.0	0.0	0.0	0.0	1.0	1.0	0.0	0.0	0.0	0.0	0.0	0.0	0.0	1.0	2.0	0.0	0.0	1.0	1.0	0.0	0.0	1.0	0.0	0.0	0.0	0.0	0.0	0.0	0.0	1.0	1.0	-0.8857142857142858	0.1428571428571428	7.8428571428571425	127.56714285714284	-2.1333333333333333	-0.5	10.516666666666667	119.61833333333334	-0.9625	-0.375	9.4875	115.49125	7	6	8	7	6	8
7bwj	H	AVVGIVVVPAAGRRAFDI	YHSGS	GYSISSGY	0.0	0.0	0.0	0.0	0.0	0.0	0.0	2.0	0.0	1.0	0.0	0.0	0.0	0.0	0.0	3.0	0.0	0.0	2.0	0.0	0.0	0.0	0.0	0.0	0.0	0.0	0.0	1.0	1.0	0.0	0.0	0.0	0.0	0.0	0.0	2.0	0.0	0.0	1.0	0.0	4.0	2.0	0.0	1.0	0.0	0.0	0.0	2.0	0.0	2.0	0.0	0.0	0.0	1.0	1.0	0.0	0.0	0.0	0.0	5.0	-0.1625	0.0	7.9	106.3575	-1.3	0.2	8.8	109.906	1.3944444444444446	0.0555555555555555	7.638888888888889	101.56444444444443	8	5	18	8	5	18
7xh8	B	PSCSRTICSDGFDI	VLASGN	GFTFITPV	0.0	0.0	0.0	0.0	0.0	0.0	0.0	1.0	0.0	1.0	0.0	0.0	0.0	2.0	1.0	0.0	2.0	0.0	0.0	1.0	1.0	0.0	1.0	0.0	0.0	0.0	0.0	1.0	0.0	0.0	1.0	0.0	0.0	0.0	0.0	1.0	0.0	0.0	0.0	1.0	0.0	1.0	0.0	2.0	2.0	0.0	0.0	1.0	0.0	2.0	0.0	0.0	0.0	1.0	1.0	3.0	1.0	0.0	0.0	0.0	1.3625	0.0	6.9625	110.13	0.85	0.0	8.116666666666667	93.26833333333332	0.0142857142857142	-0.0714285714285714	8.307142857142857	107.19214285714284	8	6	14	8	6	14
7urs	H	DLEVAGAIDY	YSGGS	GFIVSRN	0.0	1.0	1.0	0.0	0.0	0.0	0.0	1.0	0.0	1.0	0.0	0.0	0.0	1.0	0.0	1.0	0.0	0.0	0.0	1.0	0.0	0.0	0.0	0.0	0.0	0.0	0.0	2.0	0.0	0.0	0.0	0.0	0.0	0.0	0.0	2.0	0.0	0.0	1.0	0.0	2.0	0.0	0.0	2.0	0.0	0.0	1.0	1.0	0.0	1.0	1.0	0.0	0.0	0.0	0.0	0.0	0.0	0.0	1.0	1.0	0.3285714285714285	0.1428571428571428	8.085714285714285	113.12857142857142	-0.74	0.0	8.52	97.488	0.39	-0.3	8.57	106.514	7	5	10	7	5	10
7ey0	A	DFSRDGDAFDI	SWNSGT	GFTFDDY	0.0	0.0	0.0	2.0	0.0	0.0	0.0	1.0	0.0	0.0	0.0	0.0	0.0	2.0	0.0	0.0	1.0	0.0	1.0	0.0	0.0	0.0	1.0	0.0	0.0	0.0	0.0	1.0	0.0	0.0	0.0	0.0	0.0	0.0	0.0	2.0	1.0	1.0	0.0	0.0	1.0	1.0	0.0	4.0	0.0	0.0	0.0	1.0	0.0	1.0	0.0	0.0	0.0	2.0	0.0	1.0	0.0	0.0	0.0	0.0	-0.5428571428571429	-0.2857142857142857	8.6	123.41142857142856	-1.1833333333333331	0.0	8.833333333333334	108.44166666666666	-0.7090909090909091	-0.2727272727272727	9.490909090909092	114.29818181818182	7	6	11	7	6	11
7kmh	A	SPYGGNS	YSGGS	GLTVSSN	0.0	0.0	1.0	0.0	0.0	0.0	0.0	1.0	0.0	0.0	1.0	0.0	0.0	0.0	0.0	2.0	1.0	0.0	0.0	1.0	0.0	0.0	0.0	0.0	0.0	0.0	0.0	2.0	0.0	0.0	0.0	0.0	0.0	0.0	0.0	2.0	0.0	0.0	1.0	0.0	0.0	0.0	1.0	0.0	0.0	0.0	0.0	2.0	0.0	0.0	0.0	0.0	0.0	0.0	1.0	2.0	0.0	0.0	1.0	0.0	0.2571428571428571	0.0	8.342857142857143	96.67428571428572	-0.74	0.0	8.52	97.488	-1.2571428571428571	0.0	8.885714285714284	99.81	7	5	7	7	5	7
7nx6	H	DGGKLWVYYFDY	SYDGSN	AFTFSSY	1.0	0.0	0.0	0.0	0.0	0.0	0.0	0.0	0.0	0.0	0.0	0.0	0.0	2.0	0.0	2.0	1.0	0.0	1.0	0.0	0.0	0.0	1.0	1.0	0.0	0.0	0.0	1.0	0.0	0.0	0.0	0.0	0.0	0.0	0.0	2.0	0.0	0.0	1.0	0.0	0.0	0.0	0.0	2.0	0.0	0.0	0.0	2.0	0.0	0.0	1.0	1.0	0.0	1.0	0.0	0.0	0.0	1.0	3.0	1.0	0.5428571428571428	0.0	7.385714285714285	114.84142857142857	-1.7166666666666668	-0.1666666666666666	9.7	106.93166666666669	-0.475	-0.0833333333333333	7.941666666666666	128.64083333333335	7	6	12	7	6	12
7cr5	H	ETGDYSSSWYDS	SYDGSN	GFTFSSY	0.0	0.0	0.0	0.0	0.0	0.0	0.0	1.0	0.0	0.0	0.0	0.0	0.0	2.0	0.0	2.0	1.0	0.0	1.0	0.0	0.0	0.0	1.0	1.0	0.0	0.0	0.0	1.0	0.0	0.0	0.0	0.0	0.0	0.0	0.0	2.0	0.0	0.0	1.0	0.0	0.0	0.0	0.0	2.0	0.0	0.0	1.0	1.0	0.0	0.0	0.0	0.0	0.0	0.0	0.0	4.0	1.0	1.0	2.0	0.0	0.2285714285714285	0.0	7.514285714285714	115.40857142857143	-1.7166666666666668	-0.1666666666666666	9.7	106.93166666666669	-1.525	-0.25	9.208333333333334	116.36333333333334	7	6	12	7	6	12
7f6y	H	DAAVYGIDV	YAGGS	GLIVSSN	0.0	0.0	1.0	0.0	0.0	0.0	0.0	1.0	0.0	1.0	1.0	0.0	0.0	0.0	0.0	2.0	0.0	0.0	0.0	1.0	1.0	0.0	0.0	0.0	0.0	0.0	0.0	2.0	0.0	0.0	0.0	0.0	0.0	0.0	0.0	1.0	0.0	0.0	1.0	0.0	2.0	0.0	0.0	2.0	0.0	0.0	0.0	1.0	0.0	1.0	0.0	0.0	0.0	0.0	0.0	0.0	0.0	0.0	1.0	2.0	1.0	0.0	7.857142857142857	98.39571428571428	-0.22	0.0	8.3	94.288	0.8666666666666667	-0.2222222222222222	8.266666666666667	102.44333333333331	7	5	9	7	5	9
7q6e	H	VSQWALILF	IPLFGS	GGTFSSS	0.0	0.0	0.0	0.0	0.0	0.0	0.0	2.0	0.0	0.0	0.0	0.0	0.0	1.0	0.0	3.0	1.0	0.0	0.0	0.0	0.0	0.0	0.0	0.0	0.0	0.0	0.0	1.0	0.0	1.0	1.0	0.0	0.0	1.0	1.0	1.0	0.0	0.0	0.0	0.0	1.0	0.0	0.0	0.0	0.0	1.0	0.0	0.0	0.0	1.0	2.0	0.0	0.0	1.0	0.0	1.0	0.0	1.0	0.0	1.0	-0.1571428571428572	0.0	8.485714285714286	94.23285714285714	1.383333333333333	0.0	6.916666666666667	105.45833333333331	1.7444444444444445	0.0	6.588888888888889	117.58888888888887	7	6	9	7	6	9
7q0g	H	DHVRPGMNI	YSGGS	GFTVSSN	0.0	0.0	1.0	0.0	0.0	0.0	0.0	1.0	0.0	0.0	0.0	0.0	0.0	1.0	0.0	2.0	1.0	0.0	0.0	1.0	0.0	0.0	0.0	0.0	0.0	0.0	0.0	2.0	0.0	0.0	0.0	0.0	0.0	0.0	0.0	2.0	0.0	0.0	1.0	0.0	0.0	1.0	1.0	1.0	0.0	0.0	0.0	1.0	1.0	1.0	0.0	0.0	1.0	0.0	1.0	0.0	0.0	0.0	0.0	1.0	0.1142857142857142	0.0	8.385714285714284	101.53428571428572	-0.74	0.0	8.52	97.488	-0.6777777777777778	0.1111111111111111	8.81111111111111	115.35444444444444	7	5	9	7	5	9
6xc3	H	GSGISTPMDV	YPGDSE	GYGFITY	0.0	0.0	0.0	0.0	0.0	0.0	0.0	2.0	0.0	1.0	0.0	0.0	0.0	1.0	0.0	0.0	1.0	0.0	2.0	0.0	0.0	0.0	0.0	1.0	0.0	0.0	1.0	1.0	0.0	0.0	0.0	0.0	0.0	0.0	1.0	1.0	0.0	0.0	1.0	0.0	0.0	0.0	0.0	1.0	0.0	0.0	0.0	2.0	0.0	1.0	0.0	0.0	1.0	0.0	1.0	2.0	1.0	0.0	0.0	1.0	0.4571428571428571	0.0	7.057142857142857	119.70142857142856	-1.85	-0.3333333333333333	9.616666666666667	111.10666666666668	0.24	-0.1	8.28	98.107	7	6	10	7	6	10
7ch4	H	DLGPYGMDV	YSGGS	GIIVSSN	0.0	0.0	1.0	0.0	0.0	0.0	0.0	1.0	0.0	2.0	0.0	0.0	0.0	0.0	0.0	2.0	0.0	0.0	0.0	1.0	0.0	0.0	0.0	0.0	0.0	0.0	0.0	2.0	0.0	0.0	0.0	0.0	0.0	0.0	0.0	2.0	0.0	0.0	1.0	0.0	0.0	0.0	0.0	2.0	0.0	0.0	0.0	2.0	0.0	0.0	1.0	0.0	1.0	0.0	1.0	0.0	0.0	0.0	1.0	1.0	1.1	0.0	7.9	98.39571428571428	-0.74	0.0	8.52	97.488	-0.0888888888888889	-0.2222222222222222	8.3	109.3411111111111	7	5	9	7	5	9
7neh	H	DFYEGSFDI	YSGGS	GLTVNRN	0.0	1.0	2.0	0.0	0.0	0.0	0.0	1.0	0.0	0.0	1.0	0.0	0.0	0.0	0.0	0.0	1.0	0.0	0.0	1.0	0.0	0.0	0.0	0.0	0.0	0.0	0.0	2.0	0.0	0.0	0.0	0.0	0.0	0.0	0.0	2.0	0.0	0.0	1.0	0.0	0.0	0.0	0.0	2.0	0.0	0.0	1.0	1.0	0.0	1.0	0.0	0.0	0.0	2.0	0.0	1.0	0.0	0.0	1.0	0.0	-0.6571428571428571	0.1428571428571428	8.871428571428572	110.40857142857143	-0.74	0.0	8.52	97.488	-0.3222222222222222	-0.3333333333333333	8.7	121.3477777777778	7	5	9	7	5	9
7z0y	H	VADTAMVPEWYFDL	SYDGSN	GFTFSNY	0.0	0.0	1.0	0.0	0.0	0.0	0.0	1.0	0.0	0.0	0.0	0.0	0.0	2.0	0.0	1.0	1.0	0.0	1.0	0.0	0.0	0.0	1.0	1.0	0.0	0.0	0.0	1.0	0.0	0.0	0.0	0.0	0.0	0.0	0.0	2.0	0.0	0.0	1.0	0.0	2.0	0.0	0.0	2.0	0.0	0.0	1.0	0.0	0.0	0.0	1.0	0.0	1.0	1.0	1.0	0.0	1.0	1.0	1.0	2.0	-0.1571428571428572	0.0	7.857142857142857	119.27	-1.7166666666666668	-0.1666666666666666	9.7	106.93166666666669	0.3928571428571428	-0.2142857142857142	7.878571428571428	117.06357142857144	7	6	14	7	6	14
7d00	J	ETLAFDY	YPGGS	GFTVSSN	0.0	0.0	1.0	0.0	0.0	0.0	0.0	1.0	0.0	0.0	0.0	0.0	0.0	1.0	0.0	2.0	1.0	0.0	0.0	1.0	0.0	0.0	0.0	0.0	0.0	0.0	0.0	2.0	0.0	0.0	0.0	0.0	0.0	0.0	1.0	1.0	0.0	0.0	1.0	0.0	1.0	0.0	0.0	1.0	0.0	0.0	1.0	0.0	0.0	0.0	1.0	0.0	0.0	1.0	0.0	0.0	1.0	0.0	1.0	0.0	0.1142857142857142	0.0	8.385714285714284	101.53428571428572	-0.9	0.0	8.28	99.496	-0.0857142857142857	-0.2857142857142857	8.328571428571427	119.98857142857145	7	5	7	7	5	7
7kmg	A	GYYEARHYYYYYAMDV	IPILGI	GGTFSNY	0.0	0.0	1.0	0.0	0.0	0.0	0.0	2.0	0.0	0.0	0.0	0.0	0.0	1.0	0.0	1.0	1.0	0.0	1.0	0.0	0.0	0.0	0.0	0.0	0.0	0.0	0.0	1.0	0.0	3.0	1.0	0.0	0.0	0.0	1.0	0.0	0.0	0.0	0.0	0.0	2.0	1.0	0.0	1.0	0.0	0.0	1.0	1.0	1.0	0.0	0.0	0.0	1.0	0.0	0.0	0.0	0.0	0.0	7.0	1.0	-0.6142857142857144	0.0	8.4	108.96571428571428	2.55	0.0	6.25	104.135	-0.90625	0.0	7.9	132.95875	7	6	16	7	6	16
7klh	H	SYYYGGFGMDY	YASGGA	GFDLGGY	0.0	0.0	0.0	1.0	0.0	0.0	0.0	3.0	0.0	0.0	1.0	0.0	0.0	1.0	0.0	0.0	0.0	0.0	1.0	0.0	2.0	0.0	0.0	0.0	0.0	0.0	0.0	2.0	0.0	0.0	0.0	0.0	0.0	0.0	0.0	1.0	0.0	0.0	1.0	0.0	0.0	0.0	0.0	1.0	0.0	0.0	0.0	3.0	0.0	0.0	0.0	0.0	1.0	1.0	0.0	1.0	0.0	0.0	4.0	0.0	0.0857142857142856	-0.1428571428571428	8.042857142857143	109.10857142857142	0.1166666666666666	0.0	8.266666666666667	90.42	-0.5454545454545455	-0.0909090909090909	7.718181818181819	123.49272727272728	7	6	11	7	6	11
7jmw	H	PPRNYYDRSGYYQRAEYFQH	NSSGGS	GYTFTSY	0.0	0.0	0.0	0.0	0.0	0.0	0.0	1.0	0.0	0.0	0.0	0.0	0.0	1.0	0.0	1.0	2.0	0.0	2.0	0.0	0.0	0.0	1.0	0.0	0.0	0.0	0.0	2.0	0.0	0.0	0.0	0.0	0.0	0.0	0.0	3.0	0.0	0.0	0.0	0.0	1.0	3.0	1.0	1.0	0.0	2.0	1.0	1.0	1.0	0.0	0.0	0.0	0.0	1.0	2.0	1.0	0.0	0.0	5.0	0.0	-0.3428571428571429	0.0	7.571428571428571	119.69857142857144	-1.1166666666666667	0.0	9.533333333333331	87.575	-2.025	0.1	8.915000000000001	130.541	7	6	20	7	6	20
7mzn	H	VGGYCSSANCVSDV	YSGGS	GLTVSSN	0.0	0.0	1.0	0.0	0.0	0.0	0.0	1.0	0.0	0.0	1.0	0.0	0.0	0.0	0.0	2.0	1.0	0.0	0.0	1.0	0.0	0.0	0.0	0.0	0.0	0.0	0.0	2.0	0.0	0.0	0.0	0.0	0.0	0.0	0.0	2.0	0.0	0.0	1.0	0.0	1.0	0.0	1.0	1.0	2.0	0.0	0.0	2.0	0.0	0.0	0.0	0.0	0.0	0.0	0.0	3.0	0.0	0.0	1.0	3.0	0.2571428571428571	0.0	8.342857142857143	96.67428571428572	-0.74	0.0	8.52	97.488	0.5642857142857143	-0.0714285714285714	8.085714285714285	98.46357142857144	7	5	14	7	5	14
7djz	A	DRFVEPATGPFFDY	IPVLGI	GGTFSSF	0.0	0.0	0.0	0.0	0.0	0.0	0.0	2.0	0.0	0.0	0.0	0.0	0.0	2.0	0.0	2.0	1.0	0.0	0.0	0.0	0.0	0.0	0.0	0.0	0.0	0.0	0.0	1.0	0.0	2.0	1.0	0.0	0.0	0.0	1.0	0.0	0.0	0.0	0.0	1.0	1.0	1.0	0.0	2.0	0.0	0.0	1.0	1.0	0.0	0.0	0.0	0.0	0.0	3.0	2.0	0.0	1.0	0.0	1.0	1.0	0.3571428571428571	0.0	7.914285714285714	102.81857142857145	2.5	0.0	6.366666666666667	101.79666666666668	-0.4428571428571429	-0.1428571428571428	8.442857142857143	118.63	7	6	14	7	6	14
7sbu	H	RAIDSDTYVEQSHFDY	IPILDR	GGTFSSY	0.0	0.0	0.0	0.0	0.0	0.0	0.0	2.0	0.0	0.0	0.0	0.0	0.0	1.0	0.0	2.0	1.0	0.0	1.0	0.0	0.0	1.0	0.0	1.0	0.0	0.0	0.0	0.0	0.0	2.0	1.0	0.0	0.0	0.0	1.0	0.0	0.0	0.0	0.0	0.0	1.0	1.0	0.0	3.0	0.0	1.0	1.0	0.0	1.0	1.0	0.0	0.0	0.0	1.0	0.0	2.0	1.0	0.0	2.0	1.0	-0.2285714285714286	0.0	8.057142857142857	105.10428571428572	0.5333333333333333	0.0	7.8	117.98	-1.05	-0.125	9.15625	120.501875	7	6	16	7	6	16
7lab	Y	SSGPSRLCGGGSCYHSFDY	DPEDGE	GYTFTDY	0.0	0.0	0.0	1.0	0.0	0.0	0.0	1.0	0.0	0.0	0.0	0.0	0.0	1.0	0.0	0.0	2.0	0.0	2.0	0.0	0.0	0.0	0.0	2.0	0.0	0.0	2.0	1.0	0.0	0.0	0.0	0.0	0.0	0.0	1.0	0.0	0.0	0.0	0.0	0.0	0.0	1.0	0.0	1.0	2.0	0.0	0.0	4.0	1.0	0.0	1.0	0.0	0.0	1.0	1.0	5.0	0.0	0.0	2.0	0.0	-0.7285714285714286	-0.1428571428571428	8.114285714285714	123.7	-2.6666666666666665	-0.6666666666666666	11.266666666666666	110.09833333333334	-0.4947368421052632	0.0526315789473684	8.284210526315789	107.06	7	6	19	7	6	19
7ps1	A	DLVVYGMDV	YSGGS	GLTVRSN	0.0	1.0	1.0	0.0	0.0	0.0	0.0	1.0	0.0	0.0	1.0	0.0	0.0	0.0	0.0	1.0	1.0	0.0	0.0	1.0	0.0	0.0	0.0	0.0	0.0	0.0	0.0	2.0	0.0	0.0	0.0	0.0	0.0	0.0	0.0	2.0	0.0	0.0	1.0	0.0	0.0	0.0	0.0	2.0	0.0	0.0	0.0	1.0	0.0	0.0	1.0	0.0	1.0	0.0	0.0	0.0	0.0	0.0	1.0	3.0	-0.2714285714285714	0.1428571428571428	8.528571428571428	106.54714285714284	-0.74	0.0	8.52	97.488	1.0666666666666669	-0.2222222222222222	7.722222222222222	112.24	7	5	9	7	5	9
7s0b	C	DLWGSGFFAFDV	SGSGGS	GFTFSSY	0.0	0.0	0.0	0.0	0.0	0.0	0.0	1.0	0.0	0.0	0.0	0.0	0.0	2.0	0.0	2.0	1.0	0.0	1.0	0.0	0.0	0.0	0.0	0.0	0.0	0.0	0.0	3.0	0.0	0.0	0.0	0.0	0.0	0.0	0.0	3.0	0.0	0.0	0.0	0.0	1.0	0.0	0.0	2.0	0.0	0.0	0.0	2.0	0.0	0.0	1.0	0.0	0.0	3.0	0.0	1.0	0.0	1.0	0.0	1.0	0.2285714285714285	0.0	7.514285714285714	115.40857142857143	-0.6	0.0	9.1	81.065	0.725	-0.1666666666666666	7.758333333333333	114.87416666666668	7	6	12	7	6	12
7ps4	B	SRVGATGGYYDYYMDV	YPGDSG	GYSFTNY	0.0	0.0	1.0	0.0	0.0	0.0	0.0	1.0	0.0	0.0	0.0	0.0	0.0	1.0	0.0	1.0	1.0	0.0	2.0	0.0	0.0	0.0	0.0	1.0	0.0	0.0	0.0	2.0	0.0	0.0	0.0	0.0	0.0	0.0	1.0	1.0	0.0	0.0	1.0	0.0	1.0	1.0	0.0	2.0	0.0	0.0	0.0	3.0	0.0	0.0	0.0	0.0	1.0	0.0	0.0	1.0	1.0	0.0	4.0	2.0	-0.7428571428571429	0.0	8.0	121.55571428571427	-1.3333333333333333	-0.1666666666666666	9.066666666666666	102.095	-0.45625	-0.0625	8.23125	115.810625	7	6	16	7	6	16
7pr0	C	PGGITAAGTSVLFGYYGMDV	SSSSST	GFTFSSY	0.0	0.0	0.0	0.0	0.0	0.0	0.0	1.0	0.0	0.0	0.0	0.0	0.0	2.0	0.0	2.0	1.0	0.0	1.0	0.0	0.0	0.0	0.0	0.0	0.0	0.0	0.0	0.0	0.0	0.0	0.0	0.0	0.0	0.0	0.0	5.0	1.0	0.0	0.0	0.0	2.0	0.0	0.0	1.0	0.0	0.0	0.0	5.0	0.0	1.0	1.0	0.0	1.0	1.0	1.0	1.0	2.0	0.0	2.0	2.0	0.2285714285714285	0.0	7.514285714285714	115.40857142857143	-0.7833333333333333	0.0	9.1	89.41833333333334	0.655	-0.05	7.69	102.412	7	6	20	7	6	20
7so9	E	AAPFYDFWSGYSYFDY	NPISSG	GYTFTGY	0.0	0.0	0.0	0.0	0.0	0.0	0.0	2.0	0.0	0.0	0.0	0.0	0.0	1.0	0.0	0.0	2.0	0.0	2.0	0.0	0.0	0.0	1.0	0.0	0.0	0.0	0.0	1.0	0.0	1.0	0.0	0.0	0.0	0.0	1.0	2.0	0.0	0.0	0.0	0.0	2.0	0.0	0.0	2.0	0.0	0.0	0.0	1.0	0.0	0.0	0.0	0.0	0.0	3.0	1.0	2.0	0.0	1.0	4.0	0.0	-0.2857142857142857	0.0	7.542857142857143	117.98	-0.4333333333333333	0.0	8.7	95.6	-0.29375	-0.125	7.7125	124.946875	7	6	16	7	6	16
7kfx	H	GDVSGYRYGLDY	YSGGT	GFTVSNN	0.0	0.0	2.0	0.0	0.0	0.0	0.0	1.0	0.0	0.0	0.0	0.0	0.0	1.0	0.0	1.0	1.0	0.0	0.0	1.0	0.0	0.0	0.0	0.0	0.0	0.0	0.0	2.0	0.0	0.0	0.0	0.0	0.0	0.0	0.0	1.0	1.0	0.0	1.0	0.0	0.0	1.0	0.0	2.0	0.0	0.0	0.0	3.0	0.0	0.0	1.0	0.0	0.0	0.0	0.0	1.0	0.0	0.0	3.0	1.0	-0.2714285714285714	0.0	8.72857142857143	105.39571428571428	-0.72	0.0	8.4	100.294	-0.7833333333333333	-0.0833333333333333	8.508333333333333	116.7025	7	5	12	7	5	12
7zf3	A	DLDVVGGTDY	YSGGS	EIIVSRN	0.0	1.0	1.0	0.0	0.0	0.0	1.0	0.0	0.0	2.0	0.0	0.0	0.0	0.0	0.0	1.0	0.0	0.0	0.0	1.0	0.0	0.0	0.0	0.0	0.0	0.0	0.0	2.0	0.0	0.0	0.0	0.0	0.0	0.0	0.0	2.0	0.0	0.0	1.0	0.0	0.0	0.0	0.0	3.0	0.0	0.0	0.0	2.0	0.0	0.0	1.0	0.0	0.0	0.0	0.0	0.0	1.0	0.0	1.0	2.0	0.1285714285714286	0.0	8.557142857142857	115.99285714285716	-0.74	0.0	8.52	97.488	-0.1099999999999999	-0.3	8.85	107.108	7	5	10	7	5	10
7bem	H	DFYEGSFDI	YSGGS	GLTVNRN	0.0	1.0	2.0	0.0	0.0	0.0	0.0	1.0	0.0	0.0	1.0	0.0	0.0	0.0	0.0	0.0	1.0	0.0	0.0	1.0	0.0	0.0	0.0	0.0	0.0	0.0	0.0	2.0	0.0	0.0	0.0	0.0	0.0	0.0	0.0	2.0	0.0	0.0	1.0	0.0	0.0	0.0	0.0	2.0	0.0	0.0	1.0	1.0	0.0	1.0	0.0	0.0	0.0	2.0	0.0	1.0	0.0	0.0	1.0	0.0	-0.6571428571428571	0.1428571428571428	8.871428571428572	110.40857142857143	-0.74	0.0	8.52	97.488	-0.3222222222222222	-0.3333333333333333	8.7	121.3477777777778	7	5	9	7	5	9
7chb	H	DLGEAGGMDV	YSGGS	GITVSSN	0.0	0.0	1.0	0.0	0.0	0.0	0.0	1.0	0.0	1.0	0.0	0.0	0.0	0.0	0.0	2.0	1.0	0.0	0.0	1.0	0.0	0.0	0.0	0.0	0.0	0.0	0.0	2.0	0.0	0.0	0.0	0.0	0.0	0.0	0.0	2.0	0.0	0.0	1.0	0.0	1.0	0.0	0.0	2.0	0.0	0.0	1.0	3.0	0.0	0.0	1.0	0.0	1.0	0.0	0.0	0.0	0.0	0.0	0.0	1.0	0.3571428571428571	0.0	8.385714285714284	96.67428571428572	-0.74	0.0	8.52	97.488	-1.1102230246251566e-17	-0.3	8.99	99.902	7	5	10	7	5	10
7mzm	H	SPPTSDWYDSPAYNNYYMDV	SGGSSF	GFTFSDY	0.0	0.0	0.0	1.0	0.0	0.0	0.0	1.0	0.0	0.0	0.0	0.0	0.0	2.0	0.0	1.0	1.0	0.0	1.0	0.0	0.0	0.0	0.0	0.0	0.0	0.0	0.0	2.0	0.0	0.0	0.0	0.0	0.0	1.0	0.0	3.0	0.0	0.0	0.0	0.0	1.0	0.0	2.0	3.0	0.0	0.0	0.0	0.0	0.0	0.0	0.0	0.0	1.0	0.0	3.0	3.0	1.0	1.0	4.0	1.0	-0.1571428571428572	-0.1428571428571428	8.057142857142857	119.41	-0.0666666666666667	0.0	8.466666666666667	93.08666666666666	-1.1800000000000002	-0.15	8.615	118.3775	7	6	20	7	6	20
7b0b	H	PHCSSTICYDGFDI	VVGSGN	GFTFTSS	0.0	0.0	0.0	0.0	0.0	0.0	0.0	1.0	0.0	0.0	0.0	0.0	0.0	2.0	0.0	2.0	2.0	0.0	0.0	0.0	0.0	0.0	1.0	0.0	0.0	0.0	0.0	2.0	0.0	0.0	0.0	0.0	0.0	0.0	0.0	1.0	0.0	0.0	0.0	2.0	0.0	0.0	0.0	2.0	2.0	0.0	0.0	1.0	1.0	2.0	0.0	0.0	0.0	1.0	1.0	2.0	1.0	0.0	1.0	0.0	0.3142857142857142	0.0	7.857142857142857	106.54142857142855	0.55	0.0	8.433333333333334	91.59166666666664	0.0714285714285713	-0.0714285714285714	8.085714285714285	111.26714285714286	7	6	14	7	6	14
7b3o	H	DVADAFDI	YSGGS	GLTVSSN	0.0	0.0	1.0	0.0	0.0	0.0	0.0	1.0	0.0	0.0	1.0	0.0	0.0	0.0	0.0	2.0	1.0	0.0	0.0	1.0	0.0	0.0	0.0	0.0	0.0	0.0	0.0	2.0	0.0	0.0	0.0	0.0	0.0	0.0	0.0	2.0	0.0	0.0	1.0	0.0	2.0	0.0	0.0	3.0	0.0	0.0	0.0	0.0	0.0	1.0	0.0	0.0	0.0	1.0	0.0	0.0	0.0	0.0	0.0	1.0	0.2571428571428571	0.0	8.342857142857143	96.67428571428572	-0.74	0.0	8.52	97.488	0.575	-0.375	8.9375	105.8625	7	5	8	7	5	8
7mzi	H	VGWGAFDI	SGSGGS	GFTFSRF	0.0	1.0	0.0	0.0	0.0	0.0	0.0	1.0	0.0	0.0	0.0	0.0	0.0	3.0	0.0	1.0	1.0	0.0	0.0	0.0	0.0	0.0	0.0	0.0	0.0	0.0	0.0	3.0	0.0	0.0	0.0	0.0	0.0	0.0	0.0	3.0	0.0	0.0	0.0	0.0	1.0	0.0	0.0	1.0	0.0	0.0	0.0	2.0	0.0	1.0	0.0	0.0	0.0	1.0	0.0	0.0	0.0	1.0	0.0	1.0	0.2857142857142856	0.1428571428571428	7.557142857142857	122.99571428571429	-0.6	0.0	9.1	81.065	1.0125	-0.125	7.6	110.245	7	6	8	7	6	8
7ly0	H	AVAGEWYFDY	WYDGSN	GFTFSSY	0.0	0.0	0.0	0.0	0.0	0.0	0.0	1.0	0.0	0.0	0.0	0.0	0.0	2.0	0.0	2.0	1.0	0.0	1.0	0.0	0.0	0.0	1.0	1.0	0.0	0.0	0.0	1.0	0.0	0.0	0.0	0.0	0.0	0.0	0.0	1.0	0.0	1.0	1.0	0.0	2.0	0.0	0.0	1.0	0.0	0.0	1.0	1.0	0.0	0.0	0.0	0.0	0.0	1.0	0.0	0.0	0.0	1.0	2.0	1.0	0.2285714285714285	0.0	7.514285714285714	115.40857142857143	-1.7333333333333334	-0.1666666666666666	9.066666666666666	123.455	-0.03	-0.2	7.94	122.031	7	6	10	7	6	10
7d03	H	ERCYYGSGRAPRCVWFDP	YYSGS	GDSVSSGSY	0.0	0.0	0.0	1.0	0.0	0.0	0.0	2.0	0.0	0.0	0.0	0.0	0.0	0.0	0.0	4.0	0.0	0.0	1.0	1.0	0.0	0.0	0.0	0.0	0.0	0.0	0.0	1.0	0.0	0.0	0.0	0.0	0.0	0.0	0.0	2.0	0.0	0.0	2.0	0.0	1.0	3.0	0.0	1.0	2.0	0.0	1.0	2.0	0.0	0.0	0.0	0.0	0.0	1.0	2.0	1.0	0.0	1.0	2.0	1.0	-0.5111111111111111	-0.1111111111111111	8.877777777777776	97.31333333333332	-0.9200000000000002	0.0	7.959999999999999	115.114	-0.8333333333333334	0.0555555555555555	8.222222222222221	121.13722222222223	9	5	18	9	5	18
7sd5	H	TFPSYYDRSGYHYLNYGMDV	TYSGR	GGSISSSNF	0.0	0.0	1.0	0.0	0.0	0.0	0.0	2.0	0.0	1.0	0.0	0.0	0.0	1.0	0.0	4.0	0.0	0.0	0.0	0.0	0.0	1.0	0.0	0.0	0.0	0.0	0.0	1.0	0.0	0.0	0.0	0.0	0.0	0.0	0.0	1.0	1.0	0.0	1.0	0.0	0.0	1.0	1.0	2.0	0.0	0.0	0.0	2.0	1.0	0.0	1.0	0.0	1.0	1.0	1.0	2.0	1.0	0.0	5.0	1.0	-0.0222222222222222	0.0	8.533333333333333	96.98555555555556	-1.54	0.2	8.7	116.522	-0.835	0.0	8.209999999999999	123.334	9	5	20	9	5	20
7ejy	H	DAAVYGIDV	YAGGS	GLIVSSN	0.0	0.0	1.0	0.0	0.0	0.0	0.0	1.0	0.0	1.0	1.0	0.0	0.0	0.0	0.0	2.0	0.0	0.0	0.0	1.0	1.0	0.0	0.0	0.0	0.0	0.0	0.0	2.0	0.0	0.0	0.0	0.0	0.0	0.0	0.0	1.0	0.0	0.0	1.0	0.0	2.0	0.0	0.0	2.0	0.0	0.0	0.0	1.0	0.0	1.0	0.0	0.0	0.0	0.0	0.0	0.0	0.0	0.0	1.0	2.0	1.0	0.0	7.857142857142857	98.39571428571428	-0.22	0.0	8.3	94.288	0.8666666666666667	-0.2222222222222222	8.266666666666667	102.44333333333331	7	5	9	7	5	9
7nxb	A	GEGSPGNWFDP	YSGGS	GLTVSSN	0.0	0.0	1.0	0.0	0.0	0.0	0.0	1.0	0.0	0.0	1.0	0.0	0.0	0.0	0.0	2.0	1.0	0.0	0.0	1.0	0.0	0.0	0.0	0.0	0.0	0.0	0.0	2.0	0.0	0.0	0.0	0.0	0.0	0.0	0.0	2.0	0.0	0.0	1.0	0.0	0.0	0.0	1.0	1.0	0.0	0.0	1.0	3.0	0.0	0.0	0.0	0.0	0.0	1.0	2.0	1.0	0.0	1.0	0.0	0.0	0.2571428571428571	0.0	8.342857142857143	96.67428571428572	-0.74	0.0	8.52	97.488	-1.2545454545454546	-0.1818181818181818	9.063636363636364	108.92636363636365	7	5	11	7	5	11
7qf0	H	DGDYYGMDV	YSGGS	GFTVSRN	0.0	1.0	1.0	0.0	0.0	0.0	0.0	1.0	0.0	0.0	0.0	0.0	0.0	1.0	0.0	1.0	1.0	0.0	0.0	1.0	0.0	0.0	0.0	0.0	0.0	0.0	0.0	2.0	0.0	0.0	0.0	0.0	0.0	0.0	0.0	2.0	0.0	0.0	1.0	0.0	0.0	0.0	0.0	3.0	0.0	0.0	0.0	2.0	0.0	0.0	0.0	0.0	1.0	0.0	0.0	0.0	0.0	0.0	2.0	1.0	-0.4142857142857142	0.1428571428571428	8.571428571428571	111.40714285714286	-0.74	0.0	8.52	97.488	-0.8666666666666667	-0.3333333333333333	9.0	116.89555555555556	7	5	9	7	5	9
7rr0	B	PNCSRTLCYDGFNM	VVGSGN	GFTFSSS	0.0	0.0	0.0	0.0	0.0	0.0	0.0	1.0	0.0	0.0	0.0	0.0	0.0	2.0	0.0	3.0	1.0	0.0	0.0	0.0	0.0	0.0	1.0	0.0	0.0	0.0	0.0	2.0	0.0	0.0	0.0	0.0	0.0	0.0	0.0	1.0	0.0	0.0	0.0	2.0	0.0	1.0	2.0	1.0	2.0	0.0	0.0	1.0	0.0	0.0	1.0	0.0	1.0	1.0	1.0	1.0	1.0	0.0	1.0	0.0	0.2999999999999999	0.0	7.942857142857142	104.53714285714284	0.55	0.0	8.433333333333334	91.59166666666664	-0.45	0.0	8.178571428571429	115.77714285714286	7	6	14	7	6	14
7e3o	H	GLGLRFLEWPISSY	SYDGS	GFTFSSY	0.0	0.0	0.0	0.0	0.0	0.0	0.0	1.0	0.0	0.0	0.0	0.0	0.0	2.0	0.0	2.0	1.0	0.0	1.0	0.0	0.0	0.0	0.0	1.0	0.0	0.0	0.0	1.0	0.0	0.0	0.0	0.0	0.0	0.0	0.0	2.0	0.0	0.0	1.0	0.0	0.0	1.0	0.0	0.0	0.0	0.0	1.0	2.0	0.0	1.0	3.0	0.0	0.0	1.0	1.0	2.0	0.0	1.0	1.0	0.0	0.2285714285714285	0.0	7.514285714285714	115.40857142857143	-1.36	-0.2	9.32	105.496	0.3214285714285713	0.0	7.421428571428572	118.27928571428572	7	5	14	7	5	14
7ch5	H	DYGDYYFDY	YSGGS	EFIVSRN	0.0	1.0	1.0	0.0	0.0	0.0	1.0	0.0	0.0	1.0	0.0	0.0	0.0	1.0	0.0	1.0	0.0	0.0	0.0	1.0	0.0	0.0	0.0	0.0	0.0	0.0	0.0	2.0	0.0	0.0	0.0	0.0	0.0	0.0	0.0	2.0	0.0	0.0	1.0	0.0	0.0	0.0	0.0	3.0	0.0	0.0	0.0	1.0	0.0	0.0	0.0	0.0	0.0	1.0	0.0	0.0	0.0	0.0	4.0	0.0	-0.1142857142857143	0.0	8.557142857142857	120.85285714285716	-0.74	0.0	8.52	97.488	-1.477777777777778	-0.3333333333333333	8.666666666666666	135.58	7	5	9	7	5	9
7t01	H	GLFSSSDWGGLDV	YWDDD	GFSLSTIGV	0.0	0.0	0.0	0.0	0.0	0.0	0.0	2.0	0.0	1.0	1.0	0.0	0.0	1.0	0.0	2.0	1.0	0.0	0.0	1.0	0.0	0.0	0.0	3.0	0.0	0.0	0.0	0.0	0.0	0.0	0.0	0.0	0.0	0.0	0.0	0.0	0.0	1.0	1.0	0.0	0.0	0.0	0.0	2.0	0.0	0.0	0.0	3.0	0.0	0.0	2.0	0.0	0.0	1.0	0.0	3.0	0.0	1.0	0.0	1.0	1.3555555555555554	0.0	7.355555555555556	99.77777777777776	-2.54	-0.6	10.12	138.93400000000003	0.2384615384615384	-0.1538461538461538	8.223076923076924	105.80153846153848	9	5	13	9	5	13
7mm0	H	PYCSGGSCFDGFDI	VVGSGN	GFTFTSS	0.0	0.0	0.0	0.0	0.0	0.0	0.0	1.0	0.0	0.0	0.0	0.0	0.0	2.0	0.0	2.0	2.0	0.0	0.0	0.0	0.0	0.0	1.0	0.0	0.0	0.0	0.0	2.0	0.0	0.0	0.0	0.0	0.0	0.0	0.0	1.0	0.0	0.0	0.0	2.0	0.0	0.0	0.0	2.0	2.0	0.0	0.0	3.0	0.0	1.0	0.0	0.0	0.0	2.0	1.0	2.0	0.0	0.0	1.0	0.0	0.3142857142857142	0.0	7.857142857142857	106.54142857142855	0.55	0.0	8.433333333333334	91.59166666666664	0.1714285714285714	-0.1428571428571428	8.014285714285714	107.4007142857143	7	6	14	7	6	14
7kn3	M	EYYYGMDV	YGDGN	GFTVSLS	0.0	0.0	0.0	0.0	0.0	0.0	0.0	1.0	0.0	0.0	1.0	0.0	0.0	1.0	0.0	2.0	1.0	0.0	0.0	1.0	0.0	0.0	1.0	1.0	0.0	0.0	0.0	2.0	0.0	0.0	0.0	0.0	0.0	0.0	0.0	0.0	0.0	0.0	1.0	0.0	0.0	0.0	0.0	1.0	0.0	0.0	1.0	1.0	0.0	0.0	0.0	0.0	1.0	0.0	0.0	0.0	0.0	0.0	3.0	1.0	1.157142857142857	0.0	7.428571428571429	101.39857142857144	-1.82	-0.2	9.76	108.496	-0.65	-0.25	8.0625	129.89125	7	5	8	7	5	8
7czq	J	EGPKSITGTAFDI	YSGGS	GFTVSSN	0.0	0.0	1.0	0.0	0.0	0.0	0.0	1.0	0.0	0.0	0.0	0.0	0.0	1.0	0.0	2.0	1.0	0.0	0.0	1.0	0.0	0.0	0.0	0.0	0.0	0.0	0.0	2.0	0.0	0.0	0.0	0.0	0.0	0.0	0.0	2.0	0.0	0.0	1.0	0.0	1.0	0.0	0.0	1.0	0.0	0.0	1.0	2.0	0.0	2.0	0.0	1.0	0.0	1.0	1.0	1.0	2.0	0.0	0.0	0.0	0.1142857142857142	0.0	8.385714285714284	101.53428571428572	-0.74	0.0	8.52	97.488	-0.1461538461538461	-0.0769230769230769	8.669230769230769	104.1146153846154	7	5	13	7	5	13
7e5o	H	GWDLDYYYGMDV	NHSGS	GGSFSGY	0.0	0.0	0.0	0.0	0.0	0.0	0.0	3.0	0.0	0.0	0.0	0.0	0.0	1.0	0.0	2.0	0.0	0.0	1.0	0.0	0.0	0.0	1.0	0.0	0.0	0.0	0.0	1.0	1.0	0.0	0.0	0.0	0.0	0.0	0.0	2.0	0.0	0.0	0.0	0.0	0.0	0.0	0.0	3.0	0.0	0.0	0.0	2.0	0.0	0.0	1.0	0.0	1.0	0.0	0.0	0.0	0.0	1.0	3.0	1.0	-0.1857142857142857	0.0	8.114285714285714	101.38142857142856	-1.7400000000000002	0.2	9.88	100.092	-0.5166666666666667	-0.25	8.125	126.21833333333332	7	5	12	7	5	12
7enf	P	DTEDCSSTTCYVDY	SYDGSN	GFTFSSY	0.0	0.0	0.0	0.0	0.0	0.0	0.0	1.0	0.0	0.0	0.0	0.0	0.0	2.0	0.0	2.0	1.0	0.0	1.0	0.0	0.0	0.0	1.0	1.0	0.0	0.0	0.0	1.0	0.0	0.0	0.0	0.0	0.0	0.0	0.0	2.0	0.0	0.0	1.0	0.0	0.0	0.0	0.0	3.0	2.0	0.0	1.0	0.0	0.0	0.0	0.0	0.0	0.0	0.0	0.0	2.0	3.0	0.0	2.0	1.0	0.2285714285714285	0.0	7.514285714285714	115.40857142857143	-1.7166666666666668	-0.1666666666666666	9.7	106.93166666666669	-0.7928571428571428	-0.2857142857142857	8.914285714285715	113.11928571428572	7	6	14	7	6	14
6xe1	H	DLDVSGGMDV	YSGGS	GVIVSSN	0.0	0.0	1.0	0.0	0.0	0.0	0.0	1.0	0.0	1.0	0.0	0.0	0.0	0.0	0.0	2.0	0.0	0.0	0.0	2.0	0.0	0.0	0.0	0.0	0.0	0.0	0.0	2.0	0.0	0.0	0.0	0.0	0.0	0.0	0.0	2.0	0.0	0.0	1.0	0.0	0.0	0.0	0.0	3.0	0.0	0.0	0.0	2.0	0.0	0.0	1.0	0.0	1.0	0.0	0.0	1.0	0.0	0.0	0.0	2.0	1.0571428571428572	0.0	8.0	96.39142857142858	-0.74	0.0	8.52	97.488	0.2	-0.3	8.86	102.507	7	5	10	7	5	10
7f7h	C	DLVVYGMDV	YSGGS	GLTVSSN	0.0	0.0	1.0	0.0	0.0	0.0	0.0	1.0	0.0	0.0	1.0	0.0	0.0	0.0	0.0	2.0	1.0	0.0	0.0	1.0	0.0	0.0	0.0	0.0	0.0	0.0	0.0	2.0	0.0	0.0	0.0	0.0	0.0	0.0	0.0	2.0	0.0	0.0	1.0	0.0	0.0	0.0	0.0	2.0	0.0	0.0	0.0	1.0	0.0	0.0	1.0	0.0	1.0	0.0	0.0	0.0	0.0	0.0	1.0	3.0	0.2571428571428571	0.0	8.342857142857143	96.67428571428572	-0.74	0.0	8.52	97.488	1.0666666666666669	-0.2222222222222222	7.722222222222222	112.24	7	5	9	7	5	9
7kmi	A	EVAGTYDY	YPGGS	GFTVSSN	0.0	0.0	1.0	0.0	0.0	0.0	0.0	1.0	0.0	0.0	0.0	0.0	0.0	1.0	0.0	2.0	1.0	0.0	0.0	1.0	0.0	0.0	0.0	0.0	0.0	0.0	0.0	2.0	0.0	0.0	0.0	0.0	0.0	0.0	1.0	1.0	0.0	0.0	1.0	0.0	1.0	0.0	0.0	1.0	0.0	0.0	1.0	1.0	0.0	0.0	0.0	0.0	0.0	0.0	0.0	0.0	1.0	0.0	2.0	1.0	0.1142857142857142	0.0	8.385714285714284	101.53428571428572	-0.9	0.0	8.28	99.496	-0.5875	-0.25	8.6625	114.6175	7	5	8	7	5	8
7n3c	H	LSVRVWFGELPHYGMDV	DPSDSN	GYSFSSY	0.0	0.0	0.0	0.0	0.0	0.0	0.0	1.0	0.0	0.0	0.0	0.0	0.0	1.0	0.0	3.0	0.0	0.0	2.0	0.0	0.0	0.0	1.0	2.0	0.0	0.0	0.0	0.0	0.0	0.0	0.0	0.0	0.0	0.0	1.0	2.0	0.0	0.0	0.0	0.0	0.0	1.0	0.0	1.0	0.0	0.0	1.0	2.0	1.0	0.0	2.0	0.0	1.0	1.0	1.0	1.0	0.0	1.0	1.0	3.0	-0.3714285714285715	0.0	7.742857142857142	115.69	-2.283333333333333	-0.3333333333333333	10.666666666666666	102.595	0.2823529411764706	0.0	7.729411764705882	119.01941176470588	7	6	17	7	6	17
7soa	H	LKDSRYSGSYYDY	RYDGGN	GFTFNSY	0.0	0.0	1.0	0.0	0.0	0.0	0.0	1.0	0.0	0.0	0.0	0.0	0.0	2.0	0.0	1.0	1.0	0.0	1.0	0.0	0.0	1.0	1.0	1.0	0.0	0.0	0.0	2.0	0.0	0.0	0.0	0.0	0.0	0.0	0.0	0.0	0.0	0.0	1.0	0.0	0.0	1.0	0.0	2.0	0.0	0.0	0.0	1.0	0.0	0.0	1.0	1.0	0.0	0.0	0.0	3.0	0.0	0.0	4.0	0.0	-0.1571428571428572	0.0	7.857142857142857	119.27	-2.2666666666666666	0.0	9.883333333333333	116.445	-1.507692307692308	0.0	8.776923076923076	124.36307692307692	7	6	13	7	6	13
7mf1	H	EGRRYGSGWYISTGYFDY	IPIFGT	GGTFSTY	0.0	0.0	0.0	0.0	0.0	0.0	0.0	2.0	0.0	0.0	0.0	0.0	0.0	1.0	0.0	1.0	2.0	0.0	1.0	0.0	0.0	0.0	0.0	0.0	0.0	0.0	0.0	1.0	0.0	2.0	0.0	0.0	0.0	1.0	1.0	0.0	1.0	0.0	0.0	0.0	0.0	2.0	0.0	1.0	0.0	0.0	1.0	4.0	0.0	1.0	0.0	0.0	0.0	1.0	0.0	2.0	1.0	1.0	4.0	0.0	-0.2142857142857143	0.0	7.971428571428571	107.10857142857142	1.5166666666666666	0.0	6.866666666666667	107.79666666666668	-1.0388888888888888	0.0	8.327777777777778	123.96333333333334	7	6	18	7	6	18
7fcq	H	EARGYYDRSGYYHPGYFDY	KPSDDS	GYIFTSY	0.0	0.0	0.0	0.0	0.0	0.0	0.0	1.0	0.0	1.0	0.0	0.0	0.0	1.0	0.0	1.0	1.0	0.0	2.0	0.0	0.0	0.0	0.0	2.0	0.0	0.0	0.0	0.0	0.0	0.0	0.0	1.0	0.0	0.0	1.0	2.0	0.0	0.0	0.0	0.0	1.0	2.0	0.0	2.0	0.0	0.0	1.0	3.0	1.0	0.0	0.0	0.0	0.0	1.0	1.0	1.0	0.0	0.0	6.0	0.0	0.3999999999999999	0.0	7.085714285714286	121.42	-2.35	-0.1666666666666666	10.616666666666667	104.94	-1.5526315789473684	0.0	8.65263157894737	127.13210526315792	7	6	19	7	6	19
7ek0	H	DAAVYGIDV	YAGGS	GLIVSSN	0.0	0.0	1.0	0.0	0.0	0.0	0.0	1.0	0.0	1.0	1.0	0.0	0.0	0.0	0.0	2.0	0.0	0.0	0.0	1.0	1.0	0.0	0.0	0.0	0.0	0.0	0.0	2.0	0.0	0.0	0.0	0.0	0.0	0.0	0.0	1.0	0.0	0.0	1.0	0.0	2.0	0.0	0.0	2.0	0.0	0.0	0.0	1.0	0.0	1.0	0.0	0.0	0.0	0.0	0.0	0.0	0.0	0.0	1.0	2.0	1.0	0.0	7.857142857142857	98.39571428571428	-0.22	0.0	8.3	94.288	0.8666666666666667	-0.2222222222222222	8.266666666666667	102.44333333333331	7	5	9	7	5	9
7e8m	H	DLVVYGMDV	YSGGS	GITVSSN	0.0	0.0	1.0	0.0	0.0	0.0	0.0	1.0	0.0	1.0	0.0	0.0	0.0	0.0	0.0	2.0	1.0	0.0	0.0	1.0	0.0	0.0	0.0	0.0	0.0	0.0	0.0	2.0	0.0	0.0	0.0	0.0	0.0	0.0	0.0	2.0	0.0	0.0	1.0	0.0	0.0	0.0	0.0	2.0	0.0	0.0	0.0	1.0	0.0	0.0	1.0	0.0	1.0	0.0	0.0	0.0	0.0	0.0	1.0	3.0	0.3571428571428571	0.0	8.385714285714284	96.67428571428572	-0.74	0.0	8.52	97.488	1.0666666666666669	-0.2222222222222222	7.722222222222222	112.24	7	5	9	7	5	9
7n4j	H	ERPPFDVVVVPAARPYNWFDP	YYIKN	GDSISSSDY	0.0	0.0	0.0	2.0	0.0	0.0	0.0	1.0	0.0	1.0	0.0	0.0	0.0	0.0	0.0	4.0	0.0	0.0	1.0	0.0	0.0	0.0	1.0	0.0	0.0	0.0	0.0	0.0	0.0	1.0	0.0	1.0	0.0	0.0	0.0	0.0	0.0	0.0	2.0	0.0	2.0	2.0	1.0	2.0	0.0	0.0	1.0	0.0	0.0	0.0	0.0	0.0	0.0	2.0	5.0	0.0	0.0	1.0	1.0	4.0	-0.8222222222222223	-0.2222222222222222	9.244444444444444	103.32111111111112	-1.1	0.2	8.1	136.36200000000002	-0.3428571428571428	-0.0476190476190476	8.223809523809523	116.8490476190476	9	5	21	9	5	21
7beh	H	DMAFSMVRGSFDY	NPNSGG	GYTFTGY	0.0	0.0	0.0	0.0	0.0	0.0	0.0	2.0	0.0	0.0	0.0	0.0	0.0	1.0	0.0	0.0	2.0	0.0	2.0	0.0	0.0	0.0	2.0	0.0	0.0	0.0	0.0	2.0	0.0	0.0	0.0	0.0	0.0	0.0	1.0	1.0	0.0	0.0	0.0	0.0	1.0	1.0	0.0	2.0	0.0	0.0	0.0	1.0	0.0	0.0	0.0	0.0	2.0	2.0	0.0	2.0	0.0	0.0	1.0	1.0	-0.2857142857142857	0.0	7.542857142857143	117.98	-1.7	0.0	9.733333333333333	93.75333333333332	0.0461538461538461	-0.0769230769230769	8.146153846153847	117.36384615384615	7	6	13	7	6	13
7ps6	H	QIGPKRPSQVADWFDP	YYSGS	GGSITSSNH	0.0	0.0	1.0	0.0	0.0	0.0	0.0	2.0	1.0	1.0	0.0	0.0	0.0	0.0	0.0	3.0	1.0	0.0	0.0	0.0	0.0	0.0	0.0	0.0	0.0	0.0	0.0	1.0	0.0	0.0	0.0	0.0	0.0	0.0	0.0	2.0	0.0	0.0	2.0	0.0	1.0	1.0	0.0	2.0	0.0	2.0	0.0	1.0	0.0	1.0	0.0	1.0	0.0	1.0	3.0	1.0	0.0	1.0	0.0	1.0	-0.6777777777777778	0.1111111111111111	9.044444444444444	97.42888888888888	-0.9200000000000002	0.0	7.959999999999999	115.114	-1.0	0.0	8.8	115.066875	9	5	16	9	5	16
7bek	H	DLGSGDMDV	YPGGS	GVTVSSN	0.0	0.0	1.0	0.0	0.0	0.0	0.0	1.0	0.0	0.0	0.0	0.0	0.0	0.0	0.0	2.0	1.0	0.0	0.0	2.0	0.0	0.0	0.0	0.0	0.0	0.0	0.0	2.0	0.0	0.0	0.0	0.0	0.0	0.0	1.0	1.0	0.0	0.0	1.0	0.0	0.0	0.0	0.0	3.0	0.0	0.0	0.0	2.0	0.0	0.0	1.0	0.0	1.0	0.0	0.0	1.0	0.0	0.0	0.0	1.0	0.3142857142857143	0.0	8.485714285714286	94.67	-0.9	0.0	8.28	99.496	-0.2444444444444444	-0.3333333333333333	9.18888888888889	102.8822222222222	7	5	9	7	5	9
7bei	H	DLMVYGIDV	YSGGT	GVTVSSN	0.0	0.0	1.0	0.0	0.0	0.0	0.0	1.0	0.0	0.0	0.0	0.0	0.0	0.0	0.0	2.0	1.0	0.0	0.0	2.0	0.0	0.0	0.0	0.0	0.0	0.0	0.0	2.0	0.0	0.0	0.0	0.0	0.0	0.0	0.0	1.0	1.0	0.0	1.0	0.0	0.0	0.0	0.0	2.0	0.0	0.0	0.0	1.0	0.0	1.0	1.0	0.0	1.0	0.0	0.0	0.0	0.0	0.0	1.0	2.0	0.3142857142857143	0.0	8.485714285714286	94.67	-0.72	0.0	8.4	100.294	1.1	-0.2222222222222222	7.644444444444444	113.7988888888889	7	5	9	7	5	9
7tly	A	DYTRGAWFGESLIGGFDN	STYNGN	GYPFTSY	0.0	0.0	0.0	0.0	0.0	0.0	0.0	1.0	0.0	0.0	0.0	0.0	0.0	1.0	1.0	1.0	1.0	0.0	2.0	0.0	0.0	0.0	2.0	0.0	0.0	0.0	0.0	1.0	0.0	0.0	0.0	0.0	0.0	0.0	0.0	1.0	1.0	0.0	1.0	0.0	1.0	1.0	1.0	2.0	0.0	0.0	1.0	4.0	0.0	1.0	1.0	0.0	0.0	2.0	0.0	1.0	1.0	1.0	1.0	0.0	-0.4714285714285715	0.0	7.485714285714286	119.12857142857142	-1.7	0.0	9.366666666666664	109.10666666666668	-0.45	-0.1111111111111111	8.577777777777778	114.39722222222224	7	6	18	7	6	18
7chp	H	DLQEHGMDV	YSGGS	GFTVSSN	0.0	0.0	1.0	0.0	0.0	0.0	0.0	1.0	0.0	0.0	0.0	0.0	0.0	1.0	0.0	2.0	1.0	0.0	0.0	1.0	0.0	0.0	0.0	0.0	0.0	0.0	0.0	2.0	0.0	0.0	0.0	0.0	0.0	0.0	0.0	2.0	0.0	0.0	1.0	0.0	0.0	0.0	0.0	2.0	0.0	1.0	1.0	1.0	1.0	0.0	1.0	0.0	1.0	0.0	0.0	0.0	0.0	0.0	0.0	1.0	0.1142857142857142	0.0	8.385714285714284	101.53428571428572	-0.74	0.0	8.52	97.488	-0.8555555555555556	-0.2222222222222222	9.411111111111111	115.9011111111111	7	5	9	7	5	9
7n4i	H	LLYYSDSSPLDS	YPGDSD	GYSFISY	0.0	0.0	0.0	0.0	0.0	0.0	0.0	1.0	0.0	1.0	0.0	0.0	0.0	1.0	0.0	2.0	0.0	0.0	2.0	0.0	0.0	0.0	0.0	2.0	0.0	0.0	0.0	1.0	0.0	0.0	0.0	0.0	0.0	0.0	1.0	1.0	0.0	0.0	1.0	0.0	0.0	0.0	0.0	2.0	0.0	0.0	0.0	0.0	0.0	0.0	3.0	0.0	0.0	0.0	1.0	4.0	0.0	0.0	2.0	0.0	0.3857142857142857	0.0	7.171428571428572	119.41571428571427	-1.85	-0.3333333333333333	9.733333333333333	108.76833333333332	-0.25	-0.1666666666666666	8.158333333333333	111.78833333333334	7	6	12	7	6	12
7l7d	H	PYCSSISCNDGFDI	VIGSGN	GFTFMSS	0.0	0.0	0.0	0.0	0.0	0.0	0.0	1.0	0.0	0.0	0.0	0.0	1.0	2.0	0.0	2.0	1.0	0.0	0.0	0.0	0.0	0.0	1.0	0.0	0.0	0.0	0.0	2.0	0.0	1.0	0.0	0.0	0.0	0.0	0.0	1.0	0.0	0.0	0.0	1.0	0.0	0.0	1.0	2.0	2.0	0.0	0.0	1.0	0.0	2.0	0.0	0.0	0.0	1.0	1.0	3.0	0.0	0.0	1.0	0.0	0.6857142857142857	0.0	7.442857142857143	110.84	0.6	0.0	8.316666666666666	93.93	0.0428571428571428	-0.1428571428571428	8.214285714285714	108.62	7	6	14	7	6	14
7n3d	H	HSRIEVAGTLDFDY	YYSGN	GGSISSY	0.0	0.0	0.0	0.0	0.0	0.0	0.0	2.0	0.0	1.0	0.0	0.0	0.0	0.0	0.0	3.0	0.0	0.0	1.0	0.0	0.0	0.0	1.0	0.0	0.0	0.0	0.0	1.0	0.0	0.0	0.0	0.0	0.0	0.0	0.0	1.0	0.0	0.0	2.0	0.0	1.0	1.0	0.0	2.0	0.0	0.0	1.0	1.0	1.0	1.0	1.0	0.0	0.0	1.0	0.0	1.0	1.0	0.0	1.0	1.0	-3.1720657846433036e-17	0.0	8.142857142857142	98.24	-1.46	0.0	8.440000000000001	120.52	-0.3071428571428572	-0.0714285714285714	8.678571428571429	115.91142857142856	7	5	14	7	5	14
7tas	H	DLGRGGWYLPSDA	TWNGGT	GFTFHDH	0.0	0.0	0.0	1.0	0.0	0.0	0.0	1.0	2.0	0.0	0.0	0.0	0.0	2.0	0.0	0.0	1.0	0.0	0.0	0.0	0.0	0.0	1.0	0.0	0.0	0.0	0.0	2.0	0.0	0.0	0.0	0.0	0.0	0.0	0.0	0.0	2.0	1.0	0.0	0.0	1.0	1.0	0.0	2.0	0.0	0.0	0.0	3.0	0.0	0.0	2.0	0.0	0.0	0.0	1.0	1.0	0.0	1.0	1.0	0.0	-0.7714285714285715	0.1428571428571428	8.828571428571427	122.84142857142857	-1.1	0.0	8.700000000000001	108.775	-0.6076923076923078	-0.0769230769230769	8.476923076923077	110.96307692307693	7	6	13	7	6	13
