pdb	heavy_chain	CDR_H3	CDR_H2	CDR_H1	CDR_H1_count_A	CDR_H1_count_R	CDR_H1_count_N	CDR_H1_count_D	CDR_H1_count_C	CDR_H1_count_Q	CDR_H1_count_E	CDR_H1_count_G	CDR_H1_count_H	CDR_H1_count_I	CDR_H1_count_L	CDR_H1_count_K	CDR_H1_count_M	CDR_H1_count_F	CDR_H1_count_P	CDR_H1_count_S	CDR_H1_count_T	CDR_H1_count_W	CDR_H1_count_Y	CDR_H1_count_V	CDR_H2_count_A	CDR_H2_count_R	CDR_H2_count_N	CDR_H2_count_D	CDR_H2_count_C	CDR_H2_count_Q	CDR_H2_count_E	CDR_H2_count_G	CDR_H2_count_H	CDR_H2_count_I	CDR_H2_count_L	CDR_H2_count_K	CDR_H2_count_M	CDR_H2_count_F	CDR_H2_count_P	CDR_H2_count_S	CDR_H2_count_T	CDR_H2_count_W	CDR_H2_count_Y	CDR_H2_count_V	CDR_H3_count_A	CDR_H3_count_R	CDR_H3_count_N	CDR_H3_count_D	CDR_H3_count_C	CDR_H3_count_Q	CDR_H3_count_E	CDR_H3_count_G	CDR_H3_count_H	CDR_H3_count_I	CDR_H3_count_L	CDR_H3_count_K	CDR_H3_count_M	CDR_H3_count_F	CDR_H3_count_P	CDR_H3_count_S	CDR_H3_count_T	CDR_H3_count_W	CDR_H3_count_Y	CDR_H3_count_V	CDR_H1_mean_hydrophobicity	CDR_H1_mean_charge	CDR_H1_mean_polarity	CDR_H1_mean_mass	CDR_H2_mean_hydrophobicity	CDR_H2_mean_charge	CDR_H2_mean_polarity	CDR_H2_mean_mass	CDR_H3_mean_hydrophobicity	CDR_H3_mean_charge	CDR_H3_mean_polarity	CDR_H3_mean_mass	cdr_h1_length	cdr_h2_length	cdr_h3_length	CDR_H1_length	CDR_H2_length	CDR_H3_length
8rmx	E	RFVGTLDV	FWDDD	GFSLDTSGV	0.0	0.0	0.0	1.0	0.0	0.0	0.0	2.0	0.0	0.0	1.0	0.0	0.0	1.0	0.0	2.0	1.0	0.0	0.0	1.0	0.0	0.0	0.0	3.0	0.0	0.0	0.0	0.0	0.0	0.0	0.0	0.0	0.0	1.0	0.0	0.0	0.0	1.0	0.0	0.0	0.0	1.0	0.0	1.0	0.0	0.0	0.0	1.0	0.0	0.0	1.0	0.0	0.0	1.0	0.0	0.0	1.0	0.0	0.0	2.0	0.4666666666666665	-0.1111111111111111	8.222222222222221	99.9922222222222	-1.72	-0.6	9.92	135.734	0.7375	0.0	7.875	113.255	9	5	8	9	5	8
8rmy	E	RFVGTLDV	FWDDD	GFSLDTSGV	0.0	0.0	0.0	1.0	0.0	0.0	0.0	2.0	0.0	0.0	1.0	0.0	0.0	1.0	0.0	2.0	1.0	0.0	0.0	1.0	0.0	0.0	0.0	3.0	0.0	0.0	0.0	0.0	0.0	0.0	0.0	0.0	0.0	1.0	0.0	0.0	0.0	1.0	0.0	0.0	0.0	1.0	0.0	1.0	0.0	0.0	0.0	1.0	0.0	0.0	1.0	0.0	0.0	1.0	0.0	0.0	1.0	0.0	0.0	2.0	0.4666666666666665	-0.1111111111111111	8.222222222222221	99.9922222222222	-1.72	-0.6	9.92	135.734	0.7375	0.0	7.875	113.255	9	5	8	9	5	8
8znz	F	AIYYYGSSYNYYAMDY	SSGGGY	GFTFSKY	0.0	0.0	0.0	0.0	0.0	0.0	0.0	1.0	0.0	0.0	0.0	1.0	0.0	2.0	0.0	1.0	1.0	0.0	1.0	0.0	0.0	0.0	0.0	0.0	0.0	0.0	0.0	3.0	0.0	0.0	0.0	0.0	0.0	0.0	0.0	2.0	0.0	0.0	1.0	0.0	2.0	0.0	1.0	1.0	0.0	0.0	0.0	1.0	0.0	1.0	0.0	0.0	1.0	0.0	0.0	2.0	0.0	0.0	7.0	0.0	-0.2142857142857143	0.1428571428571428	7.814285714285715	121.28	-0.6833333333333335	0.0	8.6	93.74833333333332	-0.50625	-0.0625	7.65625	125.449375	7	6	16	7	6	16
9avo	B	GYGWALDY	YPYYGS	GFNVSYY	0.0	0.0	1.0	0.0	0.0	0.0	0.0	1.0	0.0	0.0	0.0	0.0	0.0	1.0	0.0	1.0	0.0	0.0	2.0	1.0	0.0	0.0	0.0	0.0	0.0	0.0	0.0	1.0	0.0	0.0	0.0	0.0	0.0	0.0	1.0	1.0	0.0	0.0	3.0	0.0	1.0	0.0	0.0	1.0	0.0	0.0	0.0	2.0	0.0	0.0	1.0	0.0	0.0	0.0	0.0	0.0	0.0	1.0	2.0	0.0	-0.0428571428571428	0.0	7.614285714285714	121.27285714285712	-1.1166666666666667	0.0	7.466666666666666	124.79833333333332	-0.275	-0.125	7.725	120.25125	7	6	8	7	6	8
9awe	B	GYGWALDY	YPYYGS	GFNVSYY	0.0	0.0	1.0	0.0	0.0	0.0	0.0	1.0	0.0	0.0	0.0	0.0	0.0	1.0	0.0	1.0	0.0	0.0	2.0	1.0	0.0	0.0	0.0	0.0	0.0	0.0	0.0	1.0	0.0	0.0	0.0	0.0	0.0	0.0	1.0	1.0	0.0	0.0	3.0	0.0	1.0	0.0	0.0	1.0	0.0	0.0	0.0	2.0	0.0	0.0	1.0	0.0	0.0	0.0	0.0	0.0	0.0	1.0	2.0	0.0	-0.0428571428571428	0.0	7.614285714285714	121.27285714285712	-1.1166666666666667	0.0	7.466666666666666	124.79833333333332	-0.275	-0.125	7.725	120.25125	7	6	8	7	6	8
9dq3	H	TGWLGPFDY	SYDGRH	GFTFSKY	0.0	0.0	0.0	0.0	0.0	0.0	0.0	1.0	0.0	0.0	0.0	1.0	0.0	2.0	0.0	1.0	1.0	0.0	1.0	0.0	0.0	1.0	0.0	1.0	0.0	0.0	0.0	1.0	1.0	0.0	0.0	0.0	0.0	0.0	0.0	1.0	0.0	0.0	1.0	0.0	0.0	0.0	0.0	1.0	0.0	0.0	0.0	2.0	0.0	0.0	1.0	0.0	0.0	1.0	1.0	0.0	1.0	1.0	1.0	0.0	-0.2142857142857143	0.1428571428571428	7.814285714285715	121.28	-2.2833333333333337	0.1666666666666666	9.716666666666669	122.28833333333334	-0.2444444444444445	-0.1111111111111111	7.699999999999999	119.24	7	6	9	7	6	9
9gox	H	SRGYYGSFYFDI	IPVIDD	GGFFSHY	0.0	0.0	0.0	0.0	0.0	0.0	0.0	2.0	1.0	0.0	0.0	0.0	0.0	2.0	0.0	1.0	0.0	0.0	1.0	0.0	0.0	0.0	0.0	2.0	0.0	0.0	0.0	0.0	0.0	2.0	0.0	0.0	0.0	0.0	1.0	0.0	0.0	0.0	0.0	1.0	0.0	1.0	0.0	1.0	0.0	0.0	0.0	2.0	0.0	1.0	0.0	0.0	0.0	2.0	0.0	2.0	0.0	0.0	3.0	0.0	-0.0714285714285715	0.1428571428571428	7.742857142857143	118.83714285714288	0.7666666666666666	-0.3333333333333333	8.383333333333333	108.79166666666669	-0.3500000000000001	0.0	7.841666666666666	124.38333333333333	7	6	12	7	6	12
9goy	H	GLGYYLYSSYYFDI	IPRLDA	GLPDATY	1.0	0.0	0.0	1.0	0.0	0.0	0.0	1.0	0.0	0.0	1.0	0.0	0.0	0.0	1.0	0.0	1.0	0.0	1.0	0.0	1.0	1.0	0.0	1.0	0.0	0.0	0.0	0.0	0.0	1.0	1.0	0.0	0.0	0.0	1.0	0.0	0.0	0.0	0.0	0.0	0.0	0.0	0.0	1.0	0.0	0.0	0.0	2.0	0.0	1.0	2.0	0.0	0.0	1.0	0.0	2.0	0.0	0.0	5.0	0.0	-0.2714285714285714	-0.1428571428571428	8.257142857142856	105.11285714285714	0.0833333333333333	0.0	8.283333333333333	110.96666666666664	0.1785714285714285	-0.0714285714285714	7.185714285714285	124.42214285714286	7	6	14	7	6	14
9l1s	C	NLGPSFYFDY	NPNSGG	GFTFSAY	1.0	0.0	0.0	0.0	0.0	0.0	0.0	1.0	0.0	0.0	0.0	0.0	0.0	2.0	0.0	1.0	1.0	0.0	1.0	0.0	0.0	0.0	2.0	0.0	0.0	0.0	0.0	2.0	0.0	0.0	0.0	0.0	0.0	0.0	1.0	1.0	0.0	0.0	0.0	0.0	0.0	0.0	1.0	1.0	0.0	0.0	0.0	1.0	0.0	0.0	1.0	0.0	0.0	2.0	1.0	1.0	0.0	0.0	2.0	0.0	0.5999999999999999	0.0	7.357142857142857	113.12285714285714	-1.7	0.0	9.733333333333333	93.75333333333332	-0.3000000000000001	-0.1	7.85	122.233	7	6	10	7	6	10
8t6m	B	TTGYCSGGSCYSGWFDP	YWDHN	GFSVNTSGV	0.0	0.0	1.0	0.0	0.0	0.0	0.0	2.0	0.0	0.0	0.0	0.0	0.0	1.0	0.0	2.0	1.0	0.0	0.0	2.0	0.0	0.0	1.0	1.0	0.0	0.0	0.0	0.0	1.0	0.0	0.0	0.0	0.0	0.0	0.0	0.0	0.0	1.0	1.0	0.0	0.0	0.0	0.0	1.0	2.0	0.0	0.0	4.0	0.0	0.0	0.0	0.0	0.0	1.0	1.0	3.0	2.0	1.0	2.0	0.0	0.5111111111111111	0.0	8.177777777777777	98.32444444444444	-2.48	0.0	9.32	143.148	-0.3647058823529412	-0.0588235294117647	7.988235294117648	108.34882352941176	9	5	17	9	5	17
8s6z	A	SYGAFDY	SGSGGS	GFTFSSY	0.0	0.0	0.0	0.0	0.0	0.0	0.0	1.0	0.0	0.0	0.0	0.0	0.0	2.0	0.0	2.0	1.0	0.0	1.0	0.0	0.0	0.0	0.0	0.0	0.0	0.0	0.0	3.0	0.0	0.0	0.0	0.0	0.0	0.0	0.0	3.0	0.0	0.0	0.0	0.0	1.0	0.0	0.0	1.0	0.0	0.0	0.0	1.0	0.0	0.0	0.0	0.0	0.0	1.0	0.0	1.0	0.0	0.0	2.0	0.0	0.2285714285714285	0.0	7.514285714285714	115.40857142857143	-0.6	0.0	9.1	81.065	-0.3857142857142857	-0.1428571428571428	8.128571428571428	117.4057142857143	7	6	7	7	6	7
8v9d	I	VNYDLLTGRANFFDP	YTSGS	GGYISSGSH	0.0	0.0	0.0	0.0	0.0	0.0	0.0	3.0	1.0	1.0	0.0	0.0	0.0	0.0	0.0	3.0	0.0	0.0	1.0	0.0	0.0	0.0	0.0	0.0	0.0	0.0	0.0	1.0	0.0	0.0	0.0	0.0	0.0	0.0	0.0	2.0	1.0	0.0	1.0	0.0	1.0	1.0	2.0	2.0	0.0	0.0	0.0	1.0	0.0	0.0	2.0	0.0	0.0	2.0	1.0	0.0	1.0	0.0	1.0	1.0	-0.4000000000000001	0.1111111111111111	8.488888888888889	99.98555555555556	-0.8	0.0	8.44	102.7	-0.22	-0.0666666666666666	8.38	116.12933333333334	9	5	15	9	5	15
8vc7	J	YYYTRGYPDGMDY	YPSSGY	GFNLYSS	0.0	0.0	1.0	0.0	0.0	0.0	0.0	1.0	0.0	0.0	1.0	0.0	0.0	1.0	0.0	2.0	0.0	0.0	1.0	0.0	0.0	0.0	0.0	0.0	0.0	0.0	0.0	1.0	0.0	0.0	0.0	0.0	0.0	0.0	1.0	2.0	0.0	0.0	2.0	0.0	0.0	1.0	0.0	2.0	0.0	0.0	0.0	2.0	0.0	0.0	0.0	0.0	1.0	0.0	1.0	0.0	1.0	0.0	5.0	0.0	-0.0285714285714286	0.0	7.9	112.4057142857143	-1.0333333333333334	0.0	7.966666666666666	112.115	-1.4769230769230768	-0.0769230769230769	8.292307692307691	129.36923076923077	7	6	13	7	6	13
8y31	B	EDVAVYMAIDL	NVYGG	GFSLSSY	0.0	0.0	0.0	0.0	0.0	0.0	0.0	1.0	0.0	0.0	1.0	0.0	0.0	1.0	0.0	3.0	0.0	0.0	1.0	0.0	0.0	0.0	1.0	0.0	0.0	0.0	0.0	2.0	0.0	0.0	0.0	0.0	0.0	0.0	0.0	0.0	0.0	0.0	1.0	1.0	2.0	0.0	0.0	2.0	0.0	0.0	1.0	0.0	0.0	1.0	1.0	0.0	1.0	0.0	0.0	0.0	0.0	0.0	1.0	2.0	0.3571428571428571	0.0	7.557142857142857	108.5442857142857	-0.2799999999999999	0.0	8.34	105.304	0.9454545454545454	-0.2727272727272727	8.027272727272727	110.94727272727272	7	5	11	7	5	11
9dh2	A	MGEFYFDY	DLSDSE	GYTFTSY	0.0	0.0	0.0	0.0	0.0	0.0	0.0	1.0	0.0	0.0	0.0	0.0	0.0	1.0	0.0	1.0	2.0	0.0	2.0	0.0	0.0	0.0	0.0	2.0	0.0	0.0	1.0	0.0	0.0	0.0	1.0	0.0	0.0	0.0	0.0	2.0	0.0	0.0	0.0	0.0	0.0	0.0	0.0	1.0	0.0	0.0	1.0	1.0	0.0	0.0	0.0	0.0	1.0	2.0	0.0	0.0	0.0	0.0	2.0	0.0	-0.3428571428571429	0.0	7.571428571428571	119.69857142857144	-1.3833333333333335	-0.5	10.266666666666667	107.77	-0.3125	-0.25	7.85	133.8975	7	6	8	7	6	8
9e6k	H	GWLDV	TYNGT	GFTFSGY	0.0	0.0	0.0	0.0	0.0	0.0	0.0	2.0	0.0	0.0	0.0	0.0	0.0	2.0	0.0	1.0	1.0	0.0	1.0	0.0	0.0	0.0	1.0	0.0	0.0	0.0	0.0	1.0	0.0	0.0	0.0	0.0	0.0	0.0	0.0	0.0	2.0	0.0	1.0	0.0	0.0	0.0	0.0	1.0	0.0	0.0	0.0	1.0	0.0	0.0	1.0	0.0	0.0	0.0	0.0	0.0	0.0	1.0	0.0	1.0	0.2857142857142856	0.0	7.485714285714286	113.69	-1.3199999999999998	0.0	8.8	110.912	0.64	-0.2	7.640000000000001	117.73	7	5	5	7	5	5
8vgn	A	STYYGGDWYFNV	YPGNGD	GYTFTSY	0.0	0.0	0.0	0.0	0.0	0.0	0.0	1.0	0.0	0.0	0.0	0.0	0.0	1.0	0.0	1.0	2.0	0.0	2.0	0.0	0.0	0.0	1.0	1.0	0.0	0.0	0.0	2.0	0.0	0.0	0.0	0.0	0.0	0.0	1.0	0.0	0.0	0.0	1.0	0.0	0.0	0.0	1.0	1.0	0.0	0.0	0.0	2.0	0.0	0.0	0.0	0.0	0.0	1.0	0.0	1.0	1.0	1.0	3.0	1.0	-0.3428571428571429	0.0	7.571428571428571	119.69857142857144	-1.7833333333333332	-0.1666666666666666	9.466666666666669	106.6	-0.5916666666666667	-0.0833333333333333	7.958333333333333	124.13	7	6	12	7	6	12
8vgo	A	STYYGGDWYFNV	YPGNGD	GYTFTSY	0.0	0.0	0.0	0.0	0.0	0.0	0.0	1.0	0.0	0.0	0.0	0.0	0.0	1.0	0.0	1.0	2.0	0.0	2.0	0.0	0.0	0.0	1.0	1.0	0.0	0.0	0.0	2.0	0.0	0.0	0.0	0.0	0.0	0.0	1.0	0.0	0.0	0.0	1.0	0.0	0.0	0.0	1.0	1.0	0.0	0.0	0.0	2.0	0.0	0.0	0.0	0.0	0.0	1.0	0.0	1.0	1.0	1.0	3.0	1.0	-0.3428571428571429	0.0	7.571428571428571	119.69857142857144	-1.7833333333333332	-0.1666666666666666	9.466666666666669	106.6	-0.5916666666666667	-0.0833333333333333	7.958333333333333	124.13	7	6	12	7	6	12
8ywq	H	RANYGTSYDYGMDY	WWDDD	GFSLSTSGM	0.0	0.0	0.0	0.0	0.0	0.0	0.0	2.0	0.0	0.0	1.0	0.0	1.0	1.0	0.0	3.0	1.0	0.0	0.0	0.0	0.0	0.0	0.0	3.0	0.0	0.0	0.0	0.0	0.0	0.0	0.0	0.0	0.0	0.0	0.0	0.0	0.0	2.0	0.0	0.0	1.0	1.0	1.0	2.0	0.0	0.0	0.0	2.0	0.0	0.0	0.0	0.0	1.0	0.0	0.0	1.0	1.0	0.0	4.0	0.0	0.5111111111111111	0.0	7.777777777777778	100.44333333333331	-2.46	-0.6	9.96	143.542	-1.342857142857143	-0.0714285714285714	8.75	120.98357142857142	9	5	14	9	5	14
8vgh	H	DPRGYGAALDRLDL	SSAAT	RFSLIGY	0.0	1.0	0.0	0.0	0.0	0.0	0.0	1.0	0.0	1.0	1.0	0.0	0.0	1.0	0.0	1.0	0.0	0.0	1.0	0.0	2.0	0.0	0.0	0.0	0.0	0.0	0.0	0.0	0.0	0.0	0.0	0.0	0.0	0.0	0.0	2.0	1.0	0.0	0.0	0.0	2.0	2.0	0.0	3.0	0.0	0.0	0.0	2.0	0.0	0.0	3.0	0.0	0.0	0.0	1.0	0.0	0.0	0.0	1.0	0.0	0.5857142857142856	0.1428571428571428	7.171428571428572	122.14285714285714	0.26	0.0	8.639999999999999	83.486	-0.5857142857142857	-0.0714285714285714	8.792857142857143	110.69214285714284	7	5	14	7	5	14
8vgi	F	DPRGYGAALDRLDL	SSAAT	RFSLIGY	0.0	1.0	0.0	0.0	0.0	0.0	0.0	1.0	0.0	1.0	1.0	0.0	0.0	1.0	0.0	1.0	0.0	0.0	1.0	0.0	2.0	0.0	0.0	0.0	0.0	0.0	0.0	0.0	0.0	0.0	0.0	0.0	0.0	0.0	0.0	2.0	1.0	0.0	0.0	0.0	2.0	2.0	0.0	3.0	0.0	0.0	0.0	2.0	0.0	0.0	3.0	0.0	0.0	0.0	1.0	0.0	0.0	0.0	1.0	0.0	0.5857142857142856	0.1428571428571428	7.171428571428572	122.14285714285714	0.26	0.0	8.639999999999999	83.486	-0.5857142857142857	-0.0714285714285714	8.792857142857143	110.69214285714284	7	5	14	7	5	14
8vgj	F	DPRGYGAALDRLDL	SSAAT	RFSLIGY	0.0	1.0	0.0	0.0	0.0	0.0	0.0	1.0	0.0	1.0	1.0	0.0	0.0	1.0	0.0	1.0	0.0	0.0	1.0	0.0	2.0	0.0	0.0	0.0	0.0	0.0	0.0	0.0	0.0	0.0	0.0	0.0	0.0	0.0	0.0	2.0	1.0	0.0	0.0	0.0	2.0	2.0	0.0	3.0	0.0	0.0	0.0	2.0	0.0	0.0	3.0	0.0	0.0	0.0	1.0	0.0	0.0	0.0	1.0	0.0	0.5857142857142856	0.1428571428571428	7.171428571428572	122.14285714285714	0.26	0.0	8.639999999999999	83.486	-0.5857142857142857	-0.0714285714285714	8.792857142857143	110.69214285714284	7	5	14	7	5	14
8vgk	F	DPRGYGAALDRLDL	SSAAT	RFSLIGY	0.0	1.0	0.0	0.0	0.0	0.0	0.0	1.0	0.0	1.0	1.0	0.0	0.0	1.0	0.0	1.0	0.0	0.0	1.0	0.0	2.0	0.0	0.0	0.0	0.0	0.0	0.0	0.0	0.0	0.0	0.0	0.0	0.0	0.0	0.0	2.0	1.0	0.0	0.0	0.0	2.0	2.0	0.0	3.0	0.0	0.0	0.0	2.0	0.0	0.0	3.0	0.0	0.0	0.0	1.0	0.0	0.0	0.0	1.0	0.0	0.5857142857142856	0.1428571428571428	7.171428571428572	122.14285714285714	0.26	0.0	8.639999999999999	83.486	-0.5857142857142857	-0.0714285714285714	8.792857142857143	110.69214285714284	7	5	14	7	5	14
8vgp	H	FVFFLPYAMDY	TPAGGY	GFTISDY	0.0	0.0	0.0	1.0	0.0	0.0	0.0	1.0	0.0	1.0	0.0	0.0	0.0	1.0	0.0	1.0	1.0	0.0	1.0	0.0	1.0	0.0	0.0	0.0	0.0	0.0	0.0	2.0	0.0	0.0	0.0	0.0	0.0	0.0	1.0	0.0	1.0	0.0	1.0	0.0	1.0	0.0	0.0	1.0	0.0	0.0	0.0	0.0	0.0	0.0	1.0	0.0	1.0	3.0	1.0	0.0	0.0	0.0	2.0	1.0	0.0857142857142856	-0.1428571428571428	8.057142857142857	114.55	-0.4333333333333333	0.0	8.15	97.09833333333334	1.1272727272727272	-0.0909090909090909	6.6909090909090905	126.78909090909092	7	6	11	7	6	11
9gwt	H	ERPLTGVMDY	WAGGG	GFSLTNY	0.0	0.0	1.0	0.0	0.0	0.0	0.0	1.0	0.0	0.0	1.0	0.0	0.0	1.0	0.0	1.0	1.0	0.0	1.0	0.0	1.0	0.0	0.0	0.0	0.0	0.0	0.0	3.0	0.0	0.0	0.0	0.0	0.0	0.0	0.0	0.0	0.0	1.0	0.0	0.0	0.0	1.0	0.0	1.0	0.0	0.0	1.0	1.0	0.0	0.0	1.0	0.0	1.0	0.0	1.0	0.0	1.0	0.0	1.0	1.0	-0.0142857142857143	0.0	7.814285714285715	114.41	-0.06	0.0	8.1	96.49	-0.56	-0.1	8.41	118.035	7	5	10	7	5	10
8vqd	C	YGTYELKSYGSWESLPAFDY	YSAGGY	GFTWSGA	1.0	0.0	0.0	0.0	0.0	0.0	0.0	2.0	0.0	0.0	0.0	0.0	0.0	1.0	0.0	1.0	1.0	1.0	0.0	0.0	1.0	0.0	0.0	0.0	0.0	0.0	0.0	2.0	0.0	0.0	0.0	0.0	0.0	0.0	0.0	1.0	0.0	0.0	2.0	0.0	1.0	0.0	0.0	1.0	0.0	0.0	2.0	2.0	0.0	0.0	2.0	1.0	0.0	1.0	1.0	3.0	1.0	1.0	4.0	0.0	0.1999999999999999	0.0	7.785714285714286	106.11	-0.4000000000000001	0.0	7.95	105.77	-0.6900000000000001	-0.1	8.22	119.73	7	6	20	7	6	20
8tbb	H	SWETARILPGAFDI	SGSGRS	GFTFSSY	0.0	0.0	0.0	0.0	0.0	0.0	0.0	1.0	0.0	0.0	0.0	0.0	0.0	2.0	0.0	2.0	1.0	0.0	1.0	0.0	0.0	1.0	0.0	0.0	0.0	0.0	0.0	2.0	0.0	0.0	0.0	0.0	0.0	0.0	0.0	3.0	0.0	0.0	0.0	0.0	2.0	1.0	0.0	1.0	0.0	0.0	1.0	1.0	0.0	2.0	1.0	0.0	0.0	1.0	1.0	1.0	1.0	1.0	0.0	0.0	0.2285714285714285	0.0	7.514285714285714	115.40857142857143	-1.2833333333333334	0.1666666666666666	9.35	94.58833333333332	0.2357142857142857	-0.0714285714285714	8.05	112.55714285714284	7	6	14	7	6	14
8tft	I	GSYGTYYGNYFEY	SGSGGS	GFTFSSY	0.0	0.0	0.0	0.0	0.0	0.0	0.0	1.0	0.0	0.0	0.0	0.0	0.0	2.0	0.0	2.0	1.0	0.0	1.0	0.0	0.0	0.0	0.0	0.0	0.0	0.0	0.0	3.0	0.0	0.0	0.0	0.0	0.0	0.0	0.0	3.0	0.0	0.0	0.0	0.0	0.0	0.0	1.0	0.0	0.0	0.0	1.0	3.0	0.0	0.0	0.0	0.0	0.0	1.0	0.0	1.0	1.0	0.0	5.0	0.0	0.2285714285714285	0.0	7.514285714285714	115.40857142857143	-0.6	0.0	9.1	81.065	-1.0307692307692309	-0.0769230769230769	8.069230769230769	124.58846153846154	7	6	13	7	6	13
8tnj	D	LIFYMWSSAMDY	SPYSGY	GFNVSSY	0.0	0.0	1.0	0.0	0.0	0.0	0.0	1.0	0.0	0.0	0.0	0.0	0.0	1.0	0.0	2.0	0.0	0.0	1.0	1.0	0.0	0.0	0.0	0.0	0.0	0.0	0.0	1.0	0.0	0.0	0.0	0.0	0.0	0.0	1.0	2.0	0.0	0.0	2.0	0.0	1.0	0.0	0.0	1.0	0.0	0.0	0.0	0.0	0.0	1.0	1.0	0.0	2.0	1.0	0.0	2.0	0.0	1.0	2.0	0.0	0.0285714285714285	0.0	8.042857142857143	110.40142857142855	-1.0333333333333334	0.0	7.966666666666666	112.115	0.6749999999999999	-0.0833333333333333	7.0	125.73416666666668	7	6	12	7	6	12
8udz	C	PRIAARRGGFGY	SHEGSL	GFTFRSY	0.0	1.0	0.0	0.0	0.0	0.0	0.0	1.0	0.0	0.0	0.0	0.0	0.0	2.0	0.0	1.0	1.0	0.0	1.0	0.0	0.0	0.0	0.0	0.0	0.0	0.0	1.0	1.0	1.0	0.0	1.0	0.0	0.0	0.0	0.0	2.0	0.0	0.0	0.0	0.0	2.0	3.0	0.0	0.0	0.0	0.0	0.0	3.0	0.0	1.0	0.0	0.0	0.0	1.0	1.0	0.0	0.0	0.0	1.0	0.0	-0.3000000000000001	0.1428571428571428	7.7	125.28142857142858	-0.8166666666666668	0.0	9.166666666666666	104.77166666666666	-0.5583333333333333	0.25	8.275	113.04333333333334	7	6	12	7	6	12
8trv	C	YYAMDY	SSYYGY	GFTIYYS	0.0	0.0	0.0	0.0	0.0	0.0	0.0	1.0	0.0	1.0	0.0	0.0	0.0	1.0	0.0	1.0	1.0	0.0	2.0	0.0	0.0	0.0	0.0	0.0	0.0	0.0	0.0	1.0	0.0	0.0	0.0	0.0	0.0	0.0	0.0	2.0	0.0	0.0	3.0	0.0	1.0	0.0	0.0	1.0	0.0	0.0	0.0	0.0	0.0	0.0	0.0	0.0	1.0	0.0	0.0	0.0	0.0	0.0	3.0	0.0	0.3999999999999999	0.0	7.085714285714286	121.42	-0.9833333333333334	0.0	7.666666666666667	123.125	-0.6166666666666667	-0.1666666666666666	7.566666666666666	134.485	7	6	6	7	6	6
8vui	A	HGYGAMDY	SPYYSY	GFNLRSY	0.0	1.0	1.0	0.0	0.0	0.0	0.0	1.0	0.0	0.0	1.0	0.0	0.0	1.0	0.0	1.0	0.0	0.0	1.0	0.0	0.0	0.0	0.0	0.0	0.0	0.0	0.0	0.0	0.0	0.0	0.0	0.0	0.0	0.0	1.0	2.0	0.0	0.0	3.0	0.0	1.0	0.0	0.0	1.0	0.0	0.0	0.0	2.0	1.0	0.0	0.0	0.0	1.0	0.0	0.0	0.0	0.0	0.0	2.0	0.0	-0.5571428571428572	0.1428571428571428	8.085714285714285	122.27857142857144	-1.1833333333333331	0.0	7.5	126.80333333333334	-0.8	0.0	8.45	116.37125	7	6	8	7	6	8
8vvm	A	HGYGAMDY	SPYYSY	GFNLRSY	0.0	1.0	1.0	0.0	0.0	0.0	0.0	1.0	0.0	0.0	1.0	0.0	0.0	1.0	0.0	1.0	0.0	0.0	1.0	0.0	0.0	0.0	0.0	0.0	0.0	0.0	0.0	0.0	0.0	0.0	0.0	0.0	0.0	0.0	1.0	2.0	0.0	0.0	3.0	0.0	1.0	0.0	0.0	1.0	0.0	0.0	0.0	2.0	1.0	0.0	0.0	0.0	1.0	0.0	0.0	0.0	0.0	0.0	2.0	0.0	-0.5571428571428572	0.1428571428571428	8.085714285714285	122.27857142857144	-1.1833333333333331	0.0	7.5	126.80333333333334	-0.8	0.0	8.45	116.37125	7	6	8	7	6	8
8vvo	A	HGYGAMDY	SPYYSY	GFNLRSY	0.0	1.0	1.0	0.0	0.0	0.0	0.0	1.0	0.0	0.0	1.0	0.0	0.0	1.0	0.0	1.0	0.0	0.0	1.0	0.0	0.0	0.0	0.0	0.0	0.0	0.0	0.0	0.0	0.0	0.0	0.0	0.0	0.0	0.0	1.0	2.0	0.0	0.0	3.0	0.0	1.0	0.0	0.0	1.0	0.0	0.0	0.0	2.0	1.0	0.0	0.0	0.0	1.0	0.0	0.0	0.0	0.0	0.0	2.0	0.0	-0.5571428571428572	0.1428571428571428	8.085714285714285	122.27857142857144	-1.1833333333333331	0.0	7.5	126.80333333333334	-0.8	0.0	8.45	116.37125	7	6	8	7	6	8
8tv1	D	SHYSVWWGWHSVSYYAAFDY	SSYYGS	GFTISSS	0.0	0.0	0.0	0.0	0.0	0.0	0.0	1.0	0.0	1.0	0.0	0.0	0.0	1.0	0.0	3.0	1.0	0.0	0.0	0.0	0.0	0.0	0.0	0.0	0.0	0.0	0.0	1.0	0.0	0.0	0.0	0.0	0.0	0.0	0.0	3.0	0.0	0.0	2.0	0.0	2.0	0.0	0.0	1.0	0.0	0.0	0.0	1.0	2.0	0.0	0.0	0.0	0.0	1.0	0.0	4.0	0.0	3.0	4.0	2.0	0.5428571428571428	0.0	7.942857142857142	99.67714285714284	-0.9	0.0	8.166666666666666	110.44166666666666	-0.33	0.05	7.69	125.58599999999998	7	6	20	7	6	20
8rp8	A	SYGAFDY	SGSGGS	GFTFSSY	0.0	0.0	0.0	0.0	0.0	0.0	0.0	1.0	0.0	0.0	0.0	0.0	0.0	2.0	0.0	2.0	1.0	0.0	1.0	0.0	0.0	0.0	0.0	0.0	0.0	0.0	0.0	3.0	0.0	0.0	0.0	0.0	0.0	0.0	0.0	3.0	0.0	0.0	0.0	0.0	1.0	0.0	0.0	1.0	0.0	0.0	0.0	1.0	0.0	0.0	0.0	0.0	0.0	1.0	0.0	1.0	0.0	0.0	2.0	0.0	0.2285714285714285	0.0	7.514285714285714	115.40857142857143	-0.6	0.0	9.1	81.065	-0.3857142857142857	-0.1428571428571428	8.128571428571428	117.4057142857143	7	6	7	7	6	7
8rpb	H	SYGAFDY	SGSGGS	GFTFSSY	0.0	0.0	0.0	0.0	0.0	0.0	0.0	1.0	0.0	0.0	0.0	0.0	0.0	2.0	0.0	2.0	1.0	0.0	1.0	0.0	0.0	0.0	0.0	0.0	0.0	0.0	0.0	3.0	0.0	0.0	0.0	0.0	0.0	0.0	0.0	3.0	0.0	0.0	0.0	0.0	1.0	0.0	0.0	1.0	0.0	0.0	0.0	1.0	0.0	0.0	0.0	0.0	0.0	1.0	0.0	1.0	0.0	0.0	2.0	0.0	0.2285714285714285	0.0	7.514285714285714	115.40857142857143	-0.6	0.0	9.1	81.065	-0.3857142857142857	-0.1428571428571428	8.128571428571428	117.4057142857143	7	6	7	7	6	7
8ts0	H	KGRDYGTSHYFDY	FPRSDN	GYTFTNY	0.0	0.0	1.0	0.0	0.0	0.0	0.0	1.0	0.0	0.0	0.0	0.0	0.0	1.0	0.0	0.0	2.0	0.0	2.0	0.0	0.0	1.0	1.0	1.0	0.0	0.0	0.0	0.0	0.0	0.0	0.0	0.0	0.0	1.0	1.0	1.0	0.0	0.0	0.0	0.0	0.0	1.0	0.0	2.0	0.0	0.0	0.0	2.0	1.0	0.0	0.0	1.0	0.0	1.0	0.0	1.0	1.0	0.0	3.0	0.0	-0.7285714285714286	0.0	7.914285714285714	123.56000000000002	-1.85	0.0	9.583333333333334	119.46166666666666	-1.6923076923076923	0.0769230769230769	9.06153846153846	125.13076923076925	7	6	13	7	6	13
8u31	C	AGGAGGGVYTLTRLDL	YAGSSGN	GFSFSSTY	0.0	0.0	0.0	0.0	0.0	0.0	0.0	1.0	0.0	0.0	0.0	0.0	0.0	2.0	0.0	3.0	1.0	0.0	1.0	0.0	1.0	0.0	1.0	0.0	0.0	0.0	0.0	2.0	0.0	0.0	0.0	0.0	0.0	0.0	0.0	2.0	0.0	0.0	1.0	0.0	2.0	1.0	0.0	1.0	0.0	0.0	0.0	5.0	0.0	0.0	3.0	0.0	0.0	0.0	0.0	0.0	2.0	0.0	1.0	1.0	0.0999999999999999	0.0	7.725	111.8675	-0.7714285714285715	0.0	8.9	96.09	0.40625	0.0	8.04375	99.54375	8	7	16	8	7	16
8u32	C	AGGAGGGVYTLTRLDL	YVGSSGN	GFSFSSTY	0.0	0.0	0.0	0.0	0.0	0.0	0.0	1.0	0.0	0.0	0.0	0.0	0.0	2.0	0.0	3.0	1.0	0.0	1.0	0.0	0.0	0.0	1.0	0.0	0.0	0.0	0.0	2.0	0.0	0.0	0.0	0.0	0.0	0.0	0.0	2.0	0.0	0.0	1.0	1.0	2.0	1.0	0.0	1.0	0.0	0.0	0.0	5.0	0.0	0.0	3.0	0.0	0.0	0.0	0.0	0.0	2.0	0.0	1.0	1.0	0.0999999999999999	0.0	7.725	111.8675	-0.4285714285714285	0.0	8.585714285714285	100.09714285714286	0.40625	0.0	8.04375	99.54375	8	7	16	8	7	16
8urf	H	SRYRNGLDY	FPATGS	GYTFLTY	0.0	0.0	0.0	0.0	0.0	0.0	0.0	1.0	0.0	0.0	1.0	0.0	0.0	1.0	0.0	0.0	2.0	0.0	2.0	0.0	1.0	0.0	0.0	0.0	0.0	0.0	0.0	1.0	0.0	0.0	0.0	0.0	0.0	1.0	1.0	1.0	1.0	0.0	0.0	0.0	0.0	2.0	1.0	1.0	0.0	0.0	0.0	1.0	0.0	0.0	1.0	0.0	0.0	0.0	0.0	1.0	0.0	0.0	2.0	0.0	0.3142857142857142	0.0	6.957142857142857	123.42428571428572	0.1833333333333332	0.0	8.016666666666667	96.43666666666668	-1.7777777777777777	0.1111111111111111	9.011111111111113	127.02555555555556	7	6	9	7	6	9
8r9x	H	VGFCYSSTCPFDY	TDSGGG	GFTFSSY	0.0	0.0	0.0	0.0	0.0	0.0	0.0	1.0	0.0	0.0	0.0	0.0	0.0	2.0	0.0	2.0	1.0	0.0	1.0	0.0	0.0	0.0	0.0	1.0	0.0	0.0	0.0	3.0	0.0	0.0	0.0	0.0	0.0	0.0	0.0	1.0	1.0	0.0	0.0	0.0	0.0	0.0	0.0	1.0	2.0	0.0	0.0	1.0	0.0	0.0	0.0	0.0	0.0	2.0	1.0	2.0	1.0	0.0	2.0	1.0	0.2285714285714285	0.0	7.514285714285714	115.40857142857143	-1.0333333333333334	-0.1666666666666666	9.633333333333333	88.07166666666666	0.3384615384615384	-0.0769230769230769	7.438461538461539	114.51384615384616	7	6	13	7	6	13
8tzw	H	TGKYYDFWSGYPPGEEYFQD	KSKTDGGT	GFTFSNA	1.0	0.0	1.0	0.0	0.0	0.0	0.0	1.0	0.0	0.0	0.0	0.0	0.0	2.0	0.0	1.0	1.0	0.0	0.0	0.0	0.0	0.0	0.0	1.0	0.0	0.0	0.0	2.0	0.0	0.0	0.0	2.0	0.0	0.0	0.0	1.0	2.0	0.0	0.0	0.0	0.0	0.0	0.0	2.0	0.0	1.0	2.0	3.0	0.0	0.0	0.0	1.0	0.0	2.0	2.0	1.0	1.0	1.0	4.0	0.0	0.2857142857142856	0.0	8.128571428571428	106.11285714285714	-1.7875	0.125	10.0	101.35625	-1.39	-0.15	8.690000000000001	124.2805	7	8	20	7	8	20
8u03	H	VQTYYDFWSGYYQQHYYFDY	KSKTDGGT	GFTFSNA	1.0	0.0	1.0	0.0	0.0	0.0	0.0	1.0	0.0	0.0	0.0	0.0	0.0	2.0	0.0	1.0	1.0	0.0	0.0	0.0	0.0	0.0	0.0	1.0	0.0	0.0	0.0	2.0	0.0	0.0	0.0	2.0	0.0	0.0	0.0	1.0	2.0	0.0	0.0	0.0	0.0	0.0	0.0	2.0	0.0	3.0	0.0	1.0	1.0	0.0	0.0	0.0	0.0	2.0	0.0	1.0	1.0	1.0	7.0	1.0	0.2857142857142856	0.0	8.128571428571428	106.11285714285714	-1.7875	0.125	10.0	101.35625	-1.14	-0.05	7.99	136.846	7	8	20	7	8	20
8u08	H	TGKYYDFWSGYPPGEEYFQD	KSKTEGGT	GFTFSNA	1.0	0.0	1.0	0.0	0.0	0.0	0.0	1.0	0.0	0.0	0.0	0.0	0.0	2.0	0.0	1.0	1.0	0.0	0.0	0.0	0.0	0.0	0.0	0.0	0.0	0.0	1.0	2.0	0.0	0.0	0.0	2.0	0.0	0.0	0.0	1.0	2.0	0.0	0.0	0.0	0.0	0.0	0.0	2.0	0.0	1.0	2.0	3.0	0.0	0.0	0.0	1.0	0.0	2.0	2.0	1.0	1.0	1.0	4.0	0.0	0.2857142857142856	0.0	8.128571428571428	106.11285714285714	-1.7875	0.125	9.9125	103.11	-1.39	-0.15	8.690000000000001	124.2805	7	8	20	7	8	20
8yx1	H	PVVRYFGWFDP	YKSGS	GGSISSPGY	0.0	0.0	0.0	0.0	0.0	0.0	0.0	3.0	0.0	1.0	0.0	0.0	0.0	0.0	1.0	3.0	0.0	0.0	1.0	0.0	0.0	0.0	0.0	0.0	0.0	0.0	0.0	1.0	0.0	0.0	0.0	1.0	0.0	0.0	0.0	2.0	0.0	0.0	1.0	0.0	0.0	1.0	0.0	1.0	0.0	0.0	0.0	1.0	0.0	0.0	0.0	0.0	0.0	2.0	2.0	0.0	0.0	1.0	1.0	2.0	-0.2222222222222222	0.0	8.222222222222221	95.53888888888888	-1.44	0.2	8.98	108.114	0.0181818181818181	0.0	7.481818181818181	125.69	9	5	11	9	5	11
8yx9	H	EGIYW	IPNAGG	GYSFTGY	0.0	0.0	0.0	0.0	0.0	0.0	0.0	2.0	0.0	0.0	0.0	0.0	0.0	1.0	0.0	1.0	1.0	0.0	2.0	0.0	1.0	0.0	1.0	0.0	0.0	0.0	0.0	2.0	0.0	1.0	0.0	0.0	0.0	0.0	1.0	0.0	0.0	0.0	0.0	0.0	0.0	0.0	0.0	0.0	0.0	0.0	1.0	1.0	0.0	1.0	0.0	0.0	0.0	0.0	0.0	0.0	0.0	1.0	1.0	0.0	-0.3000000000000001	0.0	7.628571428571428	115.97571428571428	0.0666666666666666	0.0	8.483333333333333	90.92833333333331	-0.32	-0.2	7.62	133.346	7	6	5	7	6	5
8ruu	B	PPQYYEGSIYRLWFAH	TYEGRN	GFTFSDY	0.0	0.0	0.0	1.0	0.0	0.0	0.0	1.0	0.0	0.0	0.0	0.0	0.0	2.0	0.0	1.0	1.0	0.0	1.0	0.0	0.0	1.0	1.0	0.0	0.0	0.0	1.0	1.0	0.0	0.0	0.0	0.0	0.0	0.0	0.0	0.0	1.0	0.0	1.0	0.0	1.0	1.0	0.0	0.0	0.0	1.0	1.0	1.0	1.0	1.0	1.0	0.0	0.0	1.0	2.0	1.0	0.0	1.0	3.0	0.0	-0.1571428571428572	-0.1428571428571428	8.057142857142857	119.41	-2.316666666666667	0.0	9.7	123.12666666666668	-0.6875	0.0625	7.83125	126.705625	7	6	16	7	6	16
8uky	H	PSLYGSFDY	NPGSGG	GYAFTNY	1.0	0.0	1.0	0.0	0.0	0.0	0.0	1.0	0.0	0.0	0.0	0.0	0.0	1.0	0.0	0.0	1.0	0.0	2.0	0.0	0.0	0.0	1.0	0.0	0.0	0.0	0.0	3.0	0.0	0.0	0.0	0.0	0.0	0.0	1.0	1.0	0.0	0.0	0.0	0.0	0.0	0.0	0.0	1.0	0.0	0.0	0.0	1.0	0.0	0.0	1.0	0.0	0.0	1.0	1.0	2.0	0.0	0.0	2.0	0.0	-0.3714285714285714	0.0	7.8428571428571425	119.27	-1.1833333333333331	0.0	9.3	87.24333333333334	-0.3444444444444445	-0.1111111111111111	7.877777777777778	116.4577777777778	7	6	9	7	6	9
8v52	D	APGGSFDY	VSKTYNYA	GFDFNSY	0.0	0.0	1.0	1.0	0.0	0.0	0.0	1.0	0.0	0.0	0.0	0.0	0.0	2.0	0.0	1.0	0.0	0.0	1.0	0.0	1.0	0.0	1.0	0.0	0.0	0.0	0.0	0.0	0.0	0.0	0.0	1.0	0.0	0.0	0.0	1.0	1.0	0.0	2.0	1.0	1.0	0.0	0.0	1.0	0.0	0.0	0.0	2.0	0.0	0.0	0.0	0.0	0.0	1.0	1.0	1.0	0.0	0.0	1.0	0.0	-0.5571428571428572	-0.1428571428571428	8.485714285714286	121.26714285714286	-0.6875	0.125	8.3875	115.88125	-0.425	-0.125	8.4625	103.85375	7	8	8	7	8	8
8iow	H	GRDSFDI	SWNSGR	RFTFDDY	0.0	1.0	0.0	2.0	0.0	0.0	0.0	0.0	0.0	0.0	0.0	0.0	0.0	2.0	0.0	0.0	1.0	0.0	1.0	0.0	0.0	1.0	1.0	0.0	0.0	0.0	0.0	1.0	0.0	0.0	0.0	0.0	0.0	0.0	0.0	2.0	0.0	1.0	0.0	0.0	0.0	1.0	0.0	2.0	0.0	0.0	0.0	1.0	0.0	1.0	0.0	0.0	0.0	1.0	0.0	1.0	0.0	0.0	0.0	0.0	-1.1285714285714286	-0.1428571428571428	8.814285714285715	135.00285714285715	-1.8166666666666669	0.1666666666666666	9.15	117.62166666666668	-0.7714285714285715	-0.1428571428571428	9.3	115.54857142857144	7	6	7	7	6	7
8tbq	H	EAGGVLGRVDFQH	SSDADT	GFTFDDY	0.0	0.0	0.0	2.0	0.0	0.0	0.0	1.0	0.0	0.0	0.0	0.0	0.0	2.0	0.0	0.0	1.0	0.0	1.0	0.0	1.0	0.0	0.0	2.0	0.0	0.0	0.0	0.0	0.0	0.0	0.0	0.0	0.0	0.0	0.0	2.0	1.0	0.0	0.0	0.0	1.0	1.0	0.0	1.0	0.0	1.0	1.0	3.0	1.0	0.0	1.0	0.0	0.0	1.0	0.0	0.0	0.0	0.0	0.0	2.0	-0.5428571428571429	-0.2857142857142857	8.6	123.41142857142856	-1.25	-0.3333333333333333	10.183333333333332	96.08833333333332	-0.2	0.0	8.746153846153847	109.26923076923076	7	6	13	7	6	13
8r1d	F	HYCSGGSCPFDY	SGSGDS	GVTFSSY	0.0	0.0	0.0	0.0	0.0	0.0	0.0	1.0	0.0	0.0	0.0	0.0	0.0	1.0	0.0	2.0	1.0	0.0	1.0	1.0	0.0	0.0	0.0	1.0	0.0	0.0	0.0	2.0	0.0	0.0	0.0	0.0	0.0	0.0	0.0	3.0	0.0	0.0	0.0	0.0	0.0	0.0	0.0	1.0	2.0	0.0	0.0	2.0	1.0	0.0	0.0	0.0	0.0	1.0	1.0	2.0	0.0	0.0	2.0	0.0	0.4285714285714285	0.0	7.614285714285714	108.5442857142857	-1.1166666666666667	-0.1666666666666666	9.766666666666666	87.73833333333333	-0.4583333333333334	0.0	8.033333333333333	112.7875	7	6	12	7	6	12
8u4r	H	HGITGARNYYYHYGMDV	STYNGN	GYTFTSY	0.0	0.0	0.0	0.0	0.0	0.0	0.0	1.0	0.0	0.0	0.0	0.0	0.0	1.0	0.0	1.0	2.0	0.0	2.0	0.0	0.0	0.0	2.0	0.0	0.0	0.0	0.0	1.0	0.0	0.0	0.0	0.0	0.0	0.0	0.0	1.0	1.0	0.0	1.0	0.0	1.0	1.0	1.0	1.0	0.0	0.0	0.0	3.0	2.0	1.0	0.0	0.0	1.0	0.0	0.0	0.0	1.0	0.0	4.0	1.0	-0.3428571428571429	0.0	7.571428571428571	119.69857142857144	-1.7	0.0	9.366666666666664	109.10666666666668	-0.7411764705882353	0.1176470588235294	8.305882352941175	120.77764705882352	7	6	17	7	6	17
8jel	C	QTNYDFTMDY	TKGGGS	GFTFSDY	0.0	0.0	0.0	1.0	0.0	0.0	0.0	1.0	0.0	0.0	0.0	0.0	0.0	2.0	0.0	1.0	1.0	0.0	1.0	0.0	0.0	0.0	0.0	0.0	0.0	0.0	0.0	3.0	0.0	0.0	0.0	1.0	0.0	0.0	0.0	1.0	1.0	0.0	0.0	0.0	0.0	0.0	1.0	2.0	0.0	1.0	0.0	0.0	0.0	0.0	0.0	0.0	1.0	1.0	0.0	0.0	2.0	0.0	2.0	0.0	-0.1571428571428572	-0.1428571428571428	8.057142857142857	119.41	-1.1	0.1666666666666666	9.35	90.25333333333332	-1.33	-0.2	8.86	127.93800000000002	7	6	10	7	6	10
8jen	A	QTNYDFTMDY	TKGGGS	GFTFSDY	0.0	0.0	0.0	1.0	0.0	0.0	0.0	1.0	0.0	0.0	0.0	0.0	0.0	2.0	0.0	1.0	1.0	0.0	1.0	0.0	0.0	0.0	0.0	0.0	0.0	0.0	0.0	3.0	0.0	0.0	0.0	1.0	0.0	0.0	0.0	1.0	1.0	0.0	0.0	0.0	0.0	0.0	1.0	2.0	0.0	1.0	0.0	0.0	0.0	0.0	0.0	0.0	1.0	1.0	0.0	0.0	2.0	0.0	2.0	0.0	-0.1571428571428572	-0.1428571428571428	8.057142857142857	119.41	-1.1	0.1666666666666666	9.35	90.25333333333332	-1.33	-0.2	8.86	127.93800000000002	7	6	10	7	6	10
8jeo	B	ESTTYDLLAGPFDY	YYRFKWY	GDSVSSNSA	1.0	0.0	1.0	1.0	0.0	0.0	0.0	1.0	0.0	0.0	0.0	0.0	0.0	0.0	0.0	4.0	0.0	0.0	0.0	1.0	0.0	1.0	0.0	0.0	0.0	0.0	0.0	0.0	0.0	0.0	0.0	1.0	0.0	1.0	0.0	0.0	0.0	1.0	3.0	0.0	1.0	0.0	0.0	2.0	0.0	0.0	1.0	1.0	0.0	0.0	2.0	0.0	0.0	1.0	1.0	1.0	2.0	0.0	2.0	0.0	-0.5111111111111111	-0.1111111111111111	9.377777777777776	91.42	-1.4857142857142858	0.2857142857142857	7.285714285714286	158.18714285714285	-0.3642857142857143	-0.2142857142857142	8.371428571428572	113.69357142857145	9	7	14	9	7	14
8pwh	B	WGGDGFYAMDY	YPTNGY	GFNIKDT	0.0	0.0	1.0	1.0	0.0	0.0	0.0	1.0	0.0	1.0	0.0	1.0	0.0	1.0	0.0	0.0	1.0	0.0	0.0	0.0	0.0	0.0	1.0	0.0	0.0	0.0	0.0	1.0	0.0	0.0	0.0	0.0	0.0	0.0	1.0	0.0	1.0	0.0	2.0	0.0	1.0	0.0	0.0	2.0	0.0	0.0	0.0	3.0	0.0	0.0	0.0	0.0	1.0	1.0	0.0	0.0	0.0	1.0	2.0	0.0	-0.6714285714285715	0.0	9.128571428571428	113.41142857142856	-1.4666666666666668	0.0	8.266666666666667	118.95833333333331	-0.4727272727272727	-0.1818181818181818	8.163636363636364	119.76090909090908	7	6	11	7	6	11
8jnk	I	GDSWYAMDY	YSSSGY	GFNFSYS	0.0	0.0	1.0	0.0	0.0	0.0	0.0	1.0	0.0	0.0	0.0	0.0	0.0	2.0	0.0	2.0	0.0	0.0	1.0	0.0	0.0	0.0	0.0	0.0	0.0	0.0	0.0	1.0	0.0	0.0	0.0	0.0	0.0	0.0	0.0	3.0	0.0	0.0	2.0	0.0	1.0	0.0	0.0	2.0	0.0	0.0	0.0	1.0	0.0	0.0	0.0	0.0	1.0	0.0	0.0	1.0	0.0	1.0	2.0	0.0	-0.1714285714285715	0.0	7.942857142857143	117.26571428571428	-0.9	0.0	8.166666666666666	110.44166666666666	-0.8888888888888888	-0.2222222222222222	8.422222222222222	123.0188888888889	7	6	9	7	6	9
8b7h	H	DARGSGSYYPNHFDY	DPEDGE	GYTFTDY	0.0	0.0	0.0	1.0	0.0	0.0	0.0	1.0	0.0	0.0	0.0	0.0	0.0	1.0	0.0	0.0	2.0	0.0	2.0	0.0	0.0	0.0	0.0	2.0	0.0	0.0	2.0	1.0	0.0	0.0	0.0	0.0	0.0	0.0	1.0	0.0	0.0	0.0	0.0	0.0	1.0	1.0	1.0	2.0	0.0	0.0	0.0	2.0	1.0	0.0	0.0	0.0	0.0	1.0	1.0	2.0	0.0	0.0	3.0	0.0	-0.7285714285714286	-0.1428571428571428	8.114285714285714	123.7	-2.6666666666666665	-0.6666666666666666	11.266666666666666	110.09833333333334	-1.4333333333333331	0.0	8.986666666666668	117.78666666666666	7	6	15	7	6	15
8r8d	E	ALPRSGYLISPHYYYYALDV	DIPTKG	GFTFSKY	0.0	0.0	0.0	0.0	0.0	0.0	0.0	1.0	0.0	0.0	0.0	1.0	0.0	2.0	0.0	1.0	1.0	0.0	1.0	0.0	0.0	0.0	0.0	1.0	0.0	0.0	0.0	1.0	0.0	1.0	0.0	1.0	0.0	0.0	1.0	0.0	1.0	0.0	0.0	0.0	2.0	1.0	0.0	1.0	0.0	0.0	0.0	1.0	1.0	1.0	3.0	0.0	0.0	0.0	2.0	2.0	0.0	0.0	5.0	1.0	-0.2142857142857143	0.1428571428571428	7.814285714285715	121.28	-0.9333333333333332	0.0	9.183333333333334	104.95166666666668	0.0399999999999999	0.05	7.515000000000001	118.085	7	6	20	7	6	20
8tui	H	IPSGSYYYDYDMDV	IPIFGA	GGTFSFY	0.0	0.0	0.0	0.0	0.0	0.0	0.0	2.0	0.0	0.0	0.0	0.0	0.0	2.0	0.0	1.0	1.0	0.0	1.0	0.0	1.0	0.0	0.0	0.0	0.0	0.0	0.0	1.0	0.0	2.0	0.0	0.0	0.0	1.0	1.0	0.0	0.0	0.0	0.0	0.0	0.0	0.0	0.0	3.0	0.0	0.0	0.0	1.0	0.0	1.0	0.0	0.0	1.0	0.0	1.0	2.0	0.0	0.0	4.0	1.0	0.2857142857142856	0.0	7.485714285714286	113.69	1.9333333333333331	0.0	6.783333333333334	102.79166666666669	-0.6214285714285716	-0.2142857142857142	8.285714285714286	120.55785714285716	7	6	14	7	6	14
8trs	A	YYAMDY	SSYYGY	GFTIYYS	0.0	0.0	0.0	0.0	0.0	0.0	0.0	1.0	0.0	1.0	0.0	0.0	0.0	1.0	0.0	1.0	1.0	0.0	2.0	0.0	0.0	0.0	0.0	0.0	0.0	0.0	0.0	1.0	0.0	0.0	0.0	0.0	0.0	0.0	0.0	2.0	0.0	0.0	3.0	0.0	1.0	0.0	0.0	1.0	0.0	0.0	0.0	0.0	0.0	0.0	0.0	0.0	1.0	0.0	0.0	0.0	0.0	0.0	3.0	0.0	0.3999999999999999	0.0	7.085714285714286	121.42	-0.9833333333333334	0.0	7.666666666666667	123.125	-0.6166666666666667	-0.1666666666666666	7.566666666666666	134.485	7	6	6	7	6	6
8trt	A	YYAMDY	SSYYGY	GFTIYYS	0.0	0.0	0.0	0.0	0.0	0.0	0.0	1.0	0.0	1.0	0.0	0.0	0.0	1.0	0.0	1.0	1.0	0.0	2.0	0.0	0.0	0.0	0.0	0.0	0.0	0.0	0.0	1.0	0.0	0.0	0.0	0.0	0.0	0.0	0.0	2.0	0.0	0.0	3.0	0.0	1.0	0.0	0.0	1.0	0.0	0.0	0.0	0.0	0.0	0.0	0.0	0.0	1.0	0.0	0.0	0.0	0.0	0.0	3.0	0.0	0.3999999999999999	0.0	7.085714285714286	121.42	-0.9833333333333334	0.0	7.666666666666667	123.125	-0.6166666666666667	-0.1666666666666666	7.566666666666666	134.485	7	6	6	7	6	6
8oxv	B	DHYLGSDSYGMDV	SWNSRS	GFTFDDY	0.0	0.0	0.0	2.0	0.0	0.0	0.0	1.0	0.0	0.0	0.0	0.0	0.0	2.0	0.0	0.0	1.0	0.0	1.0	0.0	0.0	1.0	1.0	0.0	0.0	0.0	0.0	0.0	0.0	0.0	0.0	0.0	0.0	0.0	0.0	3.0	0.0	1.0	0.0	0.0	0.0	0.0	0.0	3.0	0.0	0.0	0.0	2.0	1.0	0.0	1.0	0.0	1.0	0.0	0.0	2.0	0.0	0.0	2.0	1.0	-0.5428571428571429	-0.2857142857142857	8.6	123.41142857142856	-1.8833333333333335	0.1666666666666666	9.183333333333332	119.62666666666668	-0.676923076923077	-0.1538461538461538	8.823076923076924	113.57846153846154	7	6	13	7	6	13
8oxw	B	DHYLGSDSYGMDV	SWNSRS	GFTFDDY	0.0	0.0	0.0	2.0	0.0	0.0	0.0	1.0	0.0	0.0	0.0	0.0	0.0	2.0	0.0	0.0	1.0	0.0	1.0	0.0	0.0	1.0	1.0	0.0	0.0	0.0	0.0	0.0	0.0	0.0	0.0	0.0	0.0	0.0	0.0	3.0	0.0	1.0	0.0	0.0	0.0	0.0	0.0	3.0	0.0	0.0	0.0	2.0	1.0	0.0	1.0	0.0	1.0	0.0	0.0	2.0	0.0	0.0	2.0	1.0	-0.5428571428571429	-0.2857142857142857	8.6	123.41142857142856	-1.8833333333333335	0.1666666666666666	9.183333333333332	119.62666666666668	-0.676923076923077	-0.1538461538461538	8.823076923076924	113.57846153846154	7	6	13	7	6	13
8oxx	B	DHYLGSDSYGMDV	SWNSRS	GFTFDDY	0.0	0.0	0.0	2.0	0.0	0.0	0.0	1.0	0.0	0.0	0.0	0.0	0.0	2.0	0.0	0.0	1.0	0.0	1.0	0.0	0.0	1.0	1.0	0.0	0.0	0.0	0.0	0.0	0.0	0.0	0.0	0.0	0.0	0.0	0.0	3.0	0.0	1.0	0.0	0.0	0.0	0.0	0.0	3.0	0.0	0.0	0.0	2.0	1.0	0.0	1.0	0.0	1.0	0.0	0.0	2.0	0.0	0.0	2.0	1.0	-0.5428571428571429	-0.2857142857142857	8.6	123.41142857142856	-1.8833333333333335	0.1666666666666666	9.183333333333332	119.62666666666668	-0.676923076923077	-0.1538461538461538	8.823076923076924	113.57846153846154	7	6	13	7	6	13
8oxy	B	DHYLGSDSYGMDV	SWNSRS	GFTFDDY	0.0	0.0	0.0	2.0	0.0	0.0	0.0	1.0	0.0	0.0	0.0	0.0	0.0	2.0	0.0	0.0	1.0	0.0	1.0	0.0	0.0	1.0	1.0	0.0	0.0	0.0	0.0	0.0	0.0	0.0	0.0	0.0	0.0	0.0	0.0	3.0	0.0	1.0	0.0	0.0	0.0	0.0	0.0	3.0	0.0	0.0	0.0	2.0	1.0	0.0	1.0	0.0	1.0	0.0	0.0	2.0	0.0	0.0	2.0	1.0	-0.5428571428571429	-0.2857142857142857	8.6	123.41142857142856	-1.8833333333333335	0.1666666666666666	9.183333333333332	119.62666666666668	-0.676923076923077	-0.1538461538461538	8.823076923076924	113.57846153846154	7	6	13	7	6	13
8tp2	H	DAPYSDFLSGVETGWFDP	HYSGS	GGSLSTH	0.0	0.0	0.0	0.0	0.0	0.0	0.0	2.0	1.0	0.0	1.0	0.0	0.0	0.0	0.0	2.0	1.0	0.0	0.0	0.0	0.0	0.0	0.0	0.0	0.0	0.0	0.0	1.0	1.0	0.0	0.0	0.0	0.0	0.0	0.0	2.0	0.0	0.0	1.0	0.0	1.0	0.0	0.0	3.0	0.0	0.0	1.0	2.0	0.0	0.0	1.0	0.0	0.0	2.0	2.0	2.0	1.0	1.0	1.0	1.0	-0.3571428571428572	0.1428571428571428	8.614285714285714	96.52428571428572	-1.3	0.2	8.8	109.906	-0.3944444444444445	-0.2222222222222222	8.511111111111111	112.285	7	5	18	7	5	18
8gy5	A	WGNIYFDY	SGGGRD	GFTFSNF	0.0	0.0	1.0	0.0	0.0	0.0	0.0	1.0	0.0	0.0	0.0	0.0	0.0	3.0	0.0	1.0	1.0	0.0	0.0	0.0	0.0	1.0	0.0	1.0	0.0	0.0	0.0	3.0	0.0	0.0	0.0	0.0	0.0	0.0	0.0	1.0	0.0	0.0	0.0	0.0	0.0	0.0	1.0	1.0	0.0	0.0	0.0	1.0	0.0	1.0	0.0	0.0	0.0	1.0	0.0	0.0	0.0	1.0	2.0	0.0	0.4285714285714285	0.0	7.714285714285714	116.98428571428572	-1.6666666666666667	0.0	9.95	97.25166666666668	-0.45	-0.125	7.725	134.64625	7	6	8	7	6	8
8gye	B	VTGTWYFDV	WPGGS	GSSLTSY	0.0	0.0	0.0	0.0	0.0	0.0	0.0	1.0	0.0	0.0	1.0	0.0	0.0	0.0	0.0	3.0	1.0	0.0	1.0	0.0	0.0	0.0	0.0	0.0	0.0	0.0	0.0	2.0	0.0	0.0	0.0	0.0	0.0	0.0	1.0	1.0	0.0	1.0	0.0	0.0	0.0	0.0	0.0	1.0	0.0	0.0	0.0	1.0	0.0	0.0	0.0	0.0	0.0	1.0	0.0	0.0	2.0	1.0	1.0	2.0	-0.1428571428571429	0.0	8.042857142857143	101.96285714285716	-0.8200000000000001	0.0	8.120000000000001	104.104	0.4111111111111111	-0.1111111111111111	7.533333333333333	120.8	7	5	9	7	5	9
8pg0	H	YYIKRWWLMSWEDYSMGLDY	SSSSGS	GFNFSSS	0.0	0.0	1.0	0.0	0.0	0.0	0.0	1.0	0.0	0.0	0.0	0.0	0.0	2.0	0.0	3.0	0.0	0.0	0.0	0.0	0.0	0.0	0.0	0.0	0.0	0.0	0.0	1.0	0.0	0.0	0.0	0.0	0.0	0.0	0.0	5.0	0.0	0.0	0.0	0.0	0.0	1.0	0.0	2.0	0.0	0.0	1.0	1.0	0.0	1.0	2.0	1.0	2.0	0.0	0.0	2.0	0.0	3.0	4.0	0.0	-0.1	0.0	8.37142857142857	106.39428571428572	-0.7333333333333334	0.0	9.166666666666666	85.075	-0.645	-0.05	7.745	135.307	7	6	20	7	6	20
8szy	A	GVRFALDY	FPYNGG	GYSFTGY	0.0	0.0	0.0	0.0	0.0	0.0	0.0	2.0	0.0	0.0	0.0	0.0	0.0	1.0	0.0	1.0	1.0	0.0	2.0	0.0	0.0	0.0	1.0	0.0	0.0	0.0	0.0	2.0	0.0	0.0	0.0	0.0	0.0	1.0	1.0	0.0	0.0	0.0	1.0	0.0	1.0	1.0	0.0	1.0	0.0	0.0	0.0	1.0	0.0	0.0	1.0	0.0	0.0	1.0	0.0	0.0	0.0	0.0	1.0	1.0	-0.3000000000000001	0.0	7.628571428571428	115.97571428571428	-0.7333333333333334	0.0	8.166666666666666	111.94833333333334	0.3625	0.0	7.85	117.5075	7	6	8	7	6	8
8fgx	B	SLMVTTGAPFDY	YPGDDD	GYAFSSY	1.0	0.0	0.0	0.0	0.0	0.0	0.0	1.0	0.0	0.0	0.0	0.0	0.0	1.0	0.0	2.0	0.0	0.0	2.0	0.0	0.0	0.0	0.0	3.0	0.0	0.0	0.0	1.0	0.0	0.0	0.0	0.0	0.0	0.0	1.0	0.0	0.0	0.0	1.0	0.0	1.0	0.0	0.0	1.0	0.0	0.0	0.0	1.0	0.0	0.0	1.0	0.0	1.0	1.0	1.0	1.0	2.0	0.0	1.0	1.0	-4.7580986769649563e-17	0.0	7.585714285714286	113.40428571428572	-2.3000000000000003	-0.5	10.366666666666667	113.43666666666668	0.4583333333333333	-0.0833333333333333	7.7	108.4575	7	6	12	7	6	12
7yk4	H	APRWYFSV	YPDNGD	GYTFTDS	0.0	0.0	0.0	1.0	0.0	0.0	0.0	1.0	0.0	0.0	0.0	0.0	0.0	1.0	0.0	1.0	2.0	0.0	1.0	0.0	0.0	0.0	1.0	2.0	0.0	0.0	0.0	1.0	0.0	0.0	0.0	0.0	0.0	0.0	1.0	0.0	0.0	0.0	1.0	0.0	1.0	1.0	0.0	0.0	0.0	0.0	0.0	0.0	0.0	0.0	0.0	0.0	0.0	1.0	1.0	1.0	0.0	1.0	1.0	1.0	-0.6571428571428573	-0.1428571428571428	8.542857142857143	112.82857142857142	-2.3000000000000003	-0.3333333333333333	10.133333333333333	113.27333333333333	-0.0375	0.125	7.3125	125.8975	7	6	8	7	6	8
7yv1	H	QRYWSKSYFRP	YHSGS	GYSISSGY	0.0	0.0	0.0	0.0	0.0	0.0	0.0	2.0	0.0	1.0	0.0	0.0	0.0	0.0	0.0	3.0	0.0	0.0	2.0	0.0	0.0	0.0	0.0	0.0	0.0	0.0	0.0	1.0	1.0	0.0	0.0	0.0	0.0	0.0	0.0	2.0	0.0	0.0	1.0	0.0	0.0	2.0	0.0	0.0	0.0	1.0	0.0	0.0	0.0	0.0	0.0	1.0	0.0	1.0	1.0	2.0	0.0	1.0	2.0	0.0	-0.1625	0.0	7.9	106.3575	-1.3	0.2	8.8	109.906	-1.8454545454545457	0.2727272727272727	8.381818181818183	136.3390909090909	8	5	11	8	5	11
7yds	B	DRPDGAATNL	SYVSR	GIDLSSY	0.0	0.0	0.0	1.0	0.0	0.0	0.0	1.0	0.0	1.0	1.0	0.0	0.0	0.0	0.0	2.0	0.0	0.0	1.0	0.0	0.0	1.0	0.0	0.0	0.0	0.0	0.0	0.0	0.0	0.0	0.0	0.0	0.0	0.0	0.0	2.0	0.0	0.0	1.0	1.0	2.0	1.0	1.0	2.0	0.0	0.0	0.0	1.0	0.0	0.0	1.0	0.0	0.0	0.0	1.0	0.0	1.0	0.0	0.0	0.0	0.2142857142857142	-0.1428571428571428	8.1	107.68571428571428	-0.64	0.2	8.2	118.532	-1.03	-0.1	9.48	102.908	7	5	10	7	5	10
8ol9	B	AFGSGSYYNGFDY	SWNSDN	GFIFDDY	0.0	0.0	0.0	2.0	0.0	0.0	0.0	1.0	0.0	1.0	0.0	0.0	0.0	2.0	0.0	0.0	0.0	0.0	1.0	0.0	0.0	0.0	2.0	1.0	0.0	0.0	0.0	0.0	0.0	0.0	0.0	0.0	0.0	0.0	0.0	2.0	0.0	1.0	0.0	0.0	1.0	0.0	1.0	1.0	0.0	0.0	0.0	3.0	0.0	0.0	0.0	0.0	0.0	2.0	0.0	2.0	0.0	0.0	3.0	0.0	0.1999999999999999	-0.2857142857142857	8.114285714285714	125.13285714285716	-2.1666666666666665	-0.1666666666666666	10.0	117.28166666666668	-0.4846153846153846	-0.0769230769230769	8.238461538461538	114.1146153846154	7	6	13	7	6	13
8byu	H	EPGERDPDAVDI	IRFLGI	GGTFSSY	0.0	0.0	0.0	0.0	0.0	0.0	0.0	2.0	0.0	0.0	0.0	0.0	0.0	1.0	0.0	2.0	1.0	0.0	1.0	0.0	0.0	1.0	0.0	0.0	0.0	0.0	0.0	1.0	0.0	2.0	1.0	0.0	0.0	1.0	0.0	0.0	0.0	0.0	0.0	0.0	1.0	1.0	0.0	3.0	0.0	0.0	2.0	1.0	0.0	1.0	0.0	0.0	0.0	0.0	2.0	0.0	0.0	0.0	0.0	1.0	-0.2285714285714286	0.0	8.057142857142857	105.10428571428572	1.7833333333333332	0.1666666666666666	6.666666666666667	119.65	-1.2583333333333333	-0.3333333333333333	9.858333333333333	109.36333333333334	7	6	12	7	6	12
8ivw	B	PIYGSREAWFAY	DVEDDE	GFNIKDY	0.0	0.0	1.0	1.0	0.0	0.0	0.0	1.0	0.0	1.0	0.0	1.0	0.0	1.0	0.0	0.0	0.0	0.0	1.0	0.0	0.0	0.0	0.0	3.0	0.0	0.0	2.0	0.0	0.0	0.0	0.0	0.0	0.0	0.0	0.0	0.0	0.0	0.0	0.0	1.0	2.0	1.0	0.0	0.0	0.0	0.0	1.0	1.0	0.0	1.0	0.0	0.0	0.0	1.0	1.0	1.0	0.0	1.0	2.0	0.0	-0.7571428571428571	0.0	8.785714285714286	122.27857142857144	-2.216666666666667	-0.8333333333333334	11.583333333333334	117.10666666666668	-0.2833333333333334	0.0	7.783333333333334	121.63666666666668	7	6	12	7	6	12
8ivx	H	NSYSSGYYAMDY	WSGGS	GFSLTSY	0.0	0.0	0.0	0.0	0.0	0.0	0.0	1.0	0.0	0.0	1.0	0.0	0.0	1.0	0.0	2.0	1.0	0.0	1.0	0.0	0.0	0.0	0.0	0.0	0.0	0.0	0.0	2.0	0.0	0.0	0.0	0.0	0.0	0.0	0.0	2.0	0.0	1.0	0.0	0.0	1.0	0.0	1.0	1.0	0.0	0.0	0.0	1.0	0.0	0.0	0.0	0.0	1.0	0.0	0.0	3.0	0.0	0.0	4.0	0.0	0.3714285714285714	0.0	7.471428571428571	110.54857142857144	-0.66	0.0	8.36	102.096	-0.9416666666666668	-0.0833333333333333	8.316666666666666	118.37416666666668	7	5	12	7	5	12
7zoz	H	WWDYGSSYDYFDY	YCGSDT	GYTFTSY	0.0	0.0	0.0	0.0	0.0	0.0	0.0	1.0	0.0	0.0	0.0	0.0	0.0	1.0	0.0	1.0	2.0	0.0	2.0	0.0	0.0	0.0	0.0	1.0	1.0	0.0	0.0	1.0	0.0	0.0	0.0	0.0	0.0	0.0	0.0	1.0	1.0	0.0	1.0	0.0	0.0	0.0	0.0	3.0	0.0	0.0	0.0	1.0	0.0	0.0	0.0	0.0	0.0	1.0	0.0	2.0	0.0	2.0	4.0	0.0	-0.3428571428571429	0.0	7.571428571428571	119.69857142857144	-0.7000000000000001	-0.1666666666666666	8.583333333333334	107.44333333333331	-1.2846153846153845	-0.2307692307692307	8.246153846153847	135.90923076923076	7	6	13	7	6	13
8pe9	H	ADTGDNGYLGLQL	SYGDT	GNRY	0.0	1.0	1.0	0.0	0.0	0.0	0.0	1.0	0.0	0.0	0.0	0.0	0.0	0.0	0.0	0.0	0.0	0.0	1.0	0.0	0.0	0.0	0.0	1.0	0.0	0.0	0.0	1.0	0.0	0.0	0.0	0.0	0.0	0.0	0.0	1.0	1.0	0.0	1.0	0.0	1.0	0.0	1.0	2.0	0.0	1.0	0.0	3.0	0.0	0.0	3.0	0.0	0.0	0.0	0.0	0.0	1.0	0.0	1.0	0.0	-2.425	0.25	9.325	127.1325	-1.34	-0.2	9.2	108.302	-0.3076923076923077	-0.1538461538461538	8.669230769230769	105.57076923076924	4	5	13	4	5	13
7quh	H	DGSSPYYYSMEY	WAGGS	GFSLTIY	0.0	0.0	0.0	0.0	0.0	0.0	0.0	1.0	0.0	1.0	1.0	0.0	0.0	1.0	0.0	1.0	1.0	0.0	1.0	0.0	1.0	0.0	0.0	0.0	0.0	0.0	0.0	2.0	0.0	0.0	0.0	0.0	0.0	0.0	0.0	1.0	0.0	1.0	0.0	0.0	0.0	0.0	0.0	1.0	0.0	0.0	1.0	1.0	0.0	0.0	0.0	0.0	1.0	0.0	1.0	3.0	0.0	0.0	4.0	0.0	1.1285714285714286	0.0	6.8999999999999995	114.27428571428572	-0.14	0.0	8.14	98.896	-1.225	-0.1666666666666666	8.366666666666667	121.795	7	5	12	7	5	12
7xjf	A	EGDFYANYGRLGFAY	NPYNDA	GYKFTNY	0.0	0.0	1.0	0.0	0.0	0.0	0.0	1.0	0.0	0.0	0.0	1.0	0.0	1.0	0.0	0.0	1.0	0.0	2.0	0.0	1.0	0.0	2.0	1.0	0.0	0.0	0.0	0.0	0.0	0.0	0.0	0.0	0.0	0.0	1.0	0.0	0.0	0.0	1.0	0.0	2.0	1.0	1.0	1.0	0.0	0.0	1.0	3.0	0.0	0.0	1.0	0.0	0.0	2.0	0.0	0.0	0.0	0.0	3.0	0.0	-1.1857142857142855	0.1428571428571428	8.3	127.42714285714284	-1.9333333333333331	-0.1666666666666666	9.75	112.44833333333334	-0.4733333333333334	-0.0666666666666666	8.3	118.592	7	6	15	7	6	15
8f6l	A	DAGAGGVQDYLTL	SDDGT	GFSLWTY	0.0	0.0	0.0	0.0	0.0	0.0	0.0	1.0	0.0	0.0	1.0	0.0	0.0	1.0	0.0	1.0	1.0	1.0	1.0	0.0	0.0	0.0	0.0	2.0	0.0	0.0	0.0	1.0	0.0	0.0	0.0	0.0	0.0	0.0	0.0	1.0	1.0	0.0	0.0	0.0	2.0	0.0	0.0	2.0	0.0	1.0	0.0	3.0	0.0	0.0	2.0	0.0	0.0	0.0	0.0	0.0	1.0	0.0	1.0	1.0	0.3571428571428571	0.0	6.928571428571429	124.71142857142856	-1.78	-0.4	10.56	98.684	0.1307692307692307	-0.1538461538461538	8.476923076923077	101.18153846153844	7	5	13	7	5	13
8f6o	A	GDYYDDYVYVYALDI	SYDGI	GFSLSSY	0.0	0.0	0.0	0.0	0.0	0.0	0.0	1.0	0.0	0.0	1.0	0.0	0.0	1.0	0.0	3.0	0.0	0.0	1.0	0.0	0.0	0.0	0.0	1.0	0.0	0.0	0.0	1.0	0.0	1.0	0.0	0.0	0.0	0.0	0.0	1.0	0.0	0.0	1.0	0.0	1.0	0.0	0.0	4.0	0.0	0.0	0.0	1.0	0.0	1.0	1.0	0.0	0.0	0.0	0.0	0.0	0.0	0.0	5.0	2.0	0.3571428571428571	0.0	7.557142857142857	108.5442857142857	-0.3	-0.2	8.52	110.712	-0.16	-0.2666666666666666	8.133333333333333	123.13133333333332	7	5	15	7	5	15
7st5	H	EAGSSWYDFDL	SAYGGE	GYTFRGY	0.0	1.0	0.0	0.0	0.0	0.0	0.0	2.0	0.0	0.0	0.0	0.0	0.0	1.0	0.0	0.0	1.0	0.0	2.0	0.0	1.0	0.0	0.0	0.0	0.0	0.0	1.0	2.0	0.0	0.0	0.0	0.0	0.0	0.0	0.0	1.0	0.0	0.0	1.0	0.0	1.0	0.0	0.0	2.0	0.0	0.0	1.0	1.0	0.0	0.0	1.0	0.0	0.0	1.0	0.0	2.0	0.0	1.0	1.0	0.0	-0.8285714285714286	0.1428571428571428	7.814285714285715	125.84857142857145	-0.7666666666666666	-0.1666666666666666	8.966666666666667	100.09333333333332	-0.5727272727272728	-0.2727272727272727	8.681818181818182	117.21181818181816	7	6	11	7	6	11
4edw	H	GGYWYATSYYFDY	WGDGT	GFSLIGY	0.0	0.0	0.0	0.0	0.0	0.0	0.0	2.0	0.0	1.0	1.0	0.0	0.0	1.0	0.0	1.0	0.0	0.0	1.0	0.0	0.0	0.0	0.0	1.0	0.0	0.0	0.0	2.0	0.0	0.0	0.0	0.0	0.0	0.0	0.0	0.0	1.0	1.0	0.0	0.0	1.0	0.0	0.0	1.0	0.0	0.0	0.0	2.0	0.0	0.0	0.0	0.0	0.0	1.0	0.0	1.0	1.0	1.0	5.0	0.0	1.1714285714285713	0.0	6.957142857142857	110.55142857142856	-1.1800000000000002	-0.2	9.0	110.504	-0.6615384615384615	-0.0769230769230769	7.576923076923077	128.75076923076924	7	5	13	7	5	13
8d7e	F	EFWSAFDL	WYDGIN	GFTFSTS	0.0	0.0	0.0	0.0	0.0	0.0	0.0	1.0	0.0	0.0	0.0	0.0	0.0	2.0	0.0	2.0	2.0	0.0	0.0	0.0	0.0	0.0	1.0	1.0	0.0	0.0	0.0	1.0	0.0	1.0	0.0	0.0	0.0	0.0	0.0	0.0	0.0	1.0	1.0	0.0	1.0	0.0	0.0	1.0	0.0	0.0	1.0	0.0	0.0	0.0	1.0	0.0	0.0	2.0	0.0	1.0	0.0	1.0	0.0	0.0	0.3142857142857142	0.0	7.857142857142857	106.54142857142855	-0.85	-0.1666666666666666	8.4	127.80166666666666	0.3124999999999999	-0.25	7.9125	124.51375	7	6	8	7	6	8
8il3	B	GETPGTFPY	YPRNGA	GYTFTDY	0.0	0.0	0.0	1.0	0.0	0.0	0.0	1.0	0.0	0.0	0.0	0.0	0.0	1.0	0.0	0.0	2.0	0.0	2.0	0.0	1.0	1.0	1.0	0.0	0.0	0.0	0.0	1.0	0.0	0.0	0.0	0.0	0.0	0.0	1.0	0.0	0.0	0.0	1.0	0.0	0.0	0.0	0.0	0.0	0.0	0.0	1.0	2.0	0.0	0.0	0.0	0.0	0.0	1.0	2.0	0.0	2.0	0.0	1.0	0.0	-0.7285714285714286	-0.1428571428571428	8.114285714285714	123.7	-1.5833333333333333	0.1666666666666666	8.9	112.78833333333334	-0.8222222222222223	-0.1111111111111111	8.322222222222223	109.56	7	6	9	7	6	9
7wsl	H	PYYAMDY	SGGGSY	GFTFSSY	0.0	0.0	0.0	0.0	0.0	0.0	0.0	1.0	0.0	0.0	0.0	0.0	0.0	2.0	0.0	2.0	1.0	0.0	1.0	0.0	0.0	0.0	0.0	0.0	0.0	0.0	0.0	3.0	0.0	0.0	0.0	0.0	0.0	0.0	0.0	2.0	0.0	0.0	1.0	0.0	1.0	0.0	0.0	1.0	0.0	0.0	0.0	0.0	0.0	0.0	0.0	0.0	1.0	0.0	1.0	0.0	0.0	0.0	3.0	0.0	0.2285714285714285	0.0	7.514285714285714	115.40857142857143	-0.6833333333333335	0.0	8.6	93.74833333333332	-0.7571428571428572	-0.1428571428571428	7.628571428571428	129.14714285714285	7	6	7	7	6	7
8ffe	H	GSGHVNAVKNYGYVMDY	TPYGGY	GFTFTNS	0.0	0.0	1.0	0.0	0.0	0.0	0.0	1.0	0.0	0.0	0.0	0.0	0.0	2.0	0.0	1.0	2.0	0.0	0.0	0.0	0.0	0.0	0.0	0.0	0.0	0.0	0.0	2.0	0.0	0.0	0.0	0.0	0.0	0.0	1.0	0.0	1.0	0.0	2.0	0.0	1.0	0.0	2.0	1.0	0.0	0.0	0.0	3.0	1.0	0.0	0.0	1.0	1.0	0.0	0.0	1.0	0.0	0.0	3.0	3.0	-0.0714285714285714	0.0	8.2	110.40285714285714	-0.95	0.0	7.833333333333333	112.44833333333334	-0.4235294117647059	0.0588235294117647	8.48235294117647	112.3570588235294	7	6	17	7	6	17
8ath	E	ANWDVAFAY	YPGNGD	GYIFTNY	0.0	0.0	1.0	0.0	0.0	0.0	0.0	1.0	0.0	1.0	0.0	0.0	0.0	1.0	0.0	0.0	1.0	0.0	2.0	0.0	0.0	0.0	1.0	1.0	0.0	0.0	0.0	2.0	0.0	0.0	0.0	0.0	0.0	0.0	1.0	0.0	0.0	0.0	1.0	0.0	3.0	0.0	1.0	1.0	0.0	0.0	0.0	0.0	0.0	0.0	0.0	0.0	0.0	1.0	0.0	0.0	0.0	1.0	1.0	1.0	0.0142857142857142	0.0	7.428571428571429	125.28142857142858	-1.7833333333333332	-0.1666666666666666	9.466666666666669	106.6	0.3555555555555555	-0.1111111111111111	7.955555555555555	115.35	7	6	9	7	6	9
7z2m	B	YPNYGAFDI	YPSDSD	GYSFTSY	0.0	0.0	0.0	0.0	0.0	0.0	0.0	1.0	0.0	0.0	0.0	0.0	0.0	1.0	0.0	2.0	1.0	0.0	2.0	0.0	0.0	0.0	0.0	2.0	0.0	0.0	0.0	0.0	0.0	0.0	0.0	0.0	0.0	0.0	1.0	2.0	0.0	0.0	1.0	0.0	1.0	0.0	1.0	1.0	0.0	0.0	0.0	1.0	0.0	1.0	0.0	0.0	0.0	1.0	1.0	0.0	0.0	0.0	2.0	0.0	-0.3571428571428572	0.0	7.6571428571428575	117.69428571428573	-1.9166666666666667	-0.3333333333333333	9.766666666666667	110.77333333333333	-0.2777777777777778	-0.1111111111111111	8.055555555555555	117.68333333333334	7	6	9	7	6	9
7x8t	C	SGYGGSWGGYIADDIDA	DDDGSY	GFTFSSF	0.0	0.0	0.0	0.0	0.0	0.0	0.0	1.0	0.0	0.0	0.0	0.0	0.0	3.0	0.0	2.0	1.0	0.0	0.0	0.0	0.0	0.0	0.0	3.0	0.0	0.0	0.0	1.0	0.0	0.0	0.0	0.0	0.0	0.0	0.0	1.0	0.0	0.0	1.0	0.0	2.0	0.0	0.0	3.0	0.0	0.0	0.0	5.0	0.0	2.0	0.0	0.0	0.0	0.0	0.0	2.0	0.0	1.0	2.0	0.0	0.8142857142857142	0.0	7.371428571428572	113.12285714285714	-2.1666666666666665	-0.5	10.566666666666666	111.76333333333334	-0.2941176470588235	-0.1764705882352941	8.63529411764706	104.45529411764706	7	6	17	7	6	17
7yxu	H	SSYYGSYYSIDY	SSGSGS	GFTFSYG	0.0	0.0	0.0	0.0	0.0	0.0	0.0	2.0	0.0	0.0	0.0	0.0	0.0	2.0	0.0	1.0	1.0	0.0	1.0	0.0	0.0	0.0	0.0	0.0	0.0	0.0	0.0	2.0	0.0	0.0	0.0	0.0	0.0	0.0	0.0	4.0	0.0	0.0	0.0	0.0	0.0	0.0	0.0	1.0	0.0	0.0	0.0	1.0	0.0	1.0	0.0	0.0	0.0	0.0	0.0	4.0	0.0	0.0	5.0	0.0	0.2857142857142856	0.0	7.485714285714286	113.69	-0.6666666666666666	0.0	9.133333333333333	83.07	-0.7583333333333333	-0.0833333333333333	7.916666666666667	122.29333333333334	7	6	12	7	6	12
7wn8	H	GTVYFDY	SAYNGN	GYTFTSY	0.0	0.0	0.0	0.0	0.0	0.0	0.0	1.0	0.0	0.0	0.0	0.0	0.0	1.0	0.0	1.0	2.0	0.0	2.0	0.0	1.0	0.0	2.0	0.0	0.0	0.0	0.0	1.0	0.0	0.0	0.0	0.0	0.0	0.0	0.0	1.0	0.0	0.0	1.0	0.0	0.0	0.0	0.0	1.0	0.0	0.0	0.0	1.0	0.0	0.0	0.0	0.0	0.0	1.0	0.0	0.0	1.0	0.0	2.0	1.0	-0.3428571428571429	0.0	7.571428571428571	119.69857142857144	-1.2833333333333334	0.0	9.283333333333331	104.10166666666667	-0.0285714285714285	-0.1428571428571428	7.728571428571429	123.41714285714286	7	6	7	7	6	7
7ox1	A	AGEGRSWYPGYYYGMDY	ARDGS	GGSITTGYY	0.0	0.0	0.0	0.0	0.0	0.0	0.0	3.0	0.0	1.0	0.0	0.0	0.0	0.0	0.0	1.0	2.0	0.0	2.0	0.0	1.0	1.0	0.0	1.0	0.0	0.0	0.0	1.0	0.0	0.0	0.0	0.0	0.0	0.0	0.0	1.0	0.0	0.0	0.0	0.0	1.0	1.0	0.0	1.0	0.0	0.0	1.0	4.0	0.0	0.0	0.0	0.0	1.0	0.0	1.0	1.0	0.0	1.0	5.0	0.0	-0.1666666666666666	0.0	7.888888888888889	105.99666666666668	-1.48	0.0	9.96	100.898	-1.1294117647058823	-0.0588235294117647	8.188235294117646	122.8941176470588	9	5	17	9	5	17
7ox3	A	VSAATLFLDY	DYDGS	GGPITTRYY	0.0	1.0	0.0	0.0	0.0	0.0	0.0	2.0	0.0	1.0	0.0	0.0	0.0	0.0	1.0	0.0	2.0	0.0	2.0	0.0	0.0	0.0	0.0	2.0	0.0	0.0	0.0	1.0	0.0	0.0	0.0	0.0	0.0	0.0	0.0	1.0	0.0	0.0	1.0	0.0	2.0	0.0	0.0	1.0	0.0	0.0	0.0	0.0	0.0	0.0	2.0	0.0	0.0	1.0	0.0	1.0	1.0	0.0	1.0	1.0	-0.7111111111111111	0.1111111111111111	7.922222222222222	116.1277777777778	-1.9	-0.4	10.08	111.098	1.19	-0.1	7.409999999999999	108.125	9	5	10	9	5	10
7df1	H	GYYDILTGSRPIFFDI	NPSGGS	GYTFTSY	0.0	0.0	0.0	0.0	0.0	0.0	0.0	1.0	0.0	0.0	0.0	0.0	0.0	1.0	0.0	1.0	2.0	0.0	2.0	0.0	0.0	0.0	1.0	0.0	0.0	0.0	0.0	2.0	0.0	0.0	0.0	0.0	0.0	0.0	1.0	2.0	0.0	0.0	0.0	0.0	0.0	1.0	0.0	2.0	0.0	0.0	0.0	2.0	0.0	3.0	1.0	0.0	0.0	2.0	1.0	1.0	1.0	0.0	2.0	0.0	-0.3428571428571429	0.0	7.571428571428571	119.69857142857144	-1.25	0.0	9.333333333333334	89.24833333333333	0.3062499999999999	-0.0625	7.725	118.44625	7	6	16	7	6	16
8eb2	J	EEITYAMDY	YPGNVN	GYTFTSY	0.0	0.0	0.0	0.0	0.0	0.0	0.0	1.0	0.0	0.0	0.0	0.0	0.0	1.0	0.0	1.0	2.0	0.0	2.0	0.0	0.0	0.0	2.0	0.0	0.0	0.0	0.0	1.0	0.0	0.0	0.0	0.0	0.0	0.0	1.0	0.0	0.0	0.0	1.0	1.0	1.0	0.0	0.0	1.0	0.0	0.0	2.0	0.0	0.0	1.0	0.0	0.0	1.0	0.0	0.0	0.0	1.0	0.0	2.0	0.0	-0.3428571428571429	0.0	7.571428571428571	119.69857142857144	-1.0166666666666666	0.0	8.716666666666667	110.45	-0.6222222222222222	-0.3333333333333333	8.622222222222222	124.02666666666669	7	6	9	7	6	9
7zxk	H	DGGRTSYTATAHNWFDP	SSSGSY	GFTFRSY	0.0	1.0	0.0	0.0	0.0	0.0	0.0	1.0	0.0	0.0	0.0	0.0	0.0	2.0	0.0	1.0	1.0	0.0	1.0	0.0	0.0	0.0	0.0	0.0	0.0	0.0	0.0	1.0	0.0	0.0	0.0	0.0	0.0	0.0	0.0	4.0	0.0	0.0	1.0	0.0	2.0	1.0	1.0	2.0	0.0	0.0	0.0	2.0	1.0	0.0	0.0	0.0	0.0	1.0	1.0	1.0	3.0	1.0	1.0	0.0	-0.3000000000000001	0.1428571428571428	7.7	125.28142857142858	-0.8166666666666668	0.0	8.666666666666666	97.75833333333333	-1.1352941176470588	0.0	8.970588235294118	112.58764705882352	7	6	17	7	6	17
7uvf	H	GYGYYVFDH	DPANDN	GFNIKDT	0.0	0.0	1.0	1.0	0.0	0.0	0.0	1.0	0.0	1.0	0.0	1.0	0.0	1.0	0.0	0.0	1.0	0.0	0.0	0.0	1.0	0.0	2.0	2.0	0.0	0.0	0.0	0.0	0.0	0.0	0.0	0.0	0.0	0.0	1.0	0.0	0.0	0.0	0.0	0.0	0.0	0.0	0.0	1.0	0.0	0.0	0.0	2.0	1.0	0.0	0.0	0.0	0.0	1.0	0.0	0.0	0.0	0.0	3.0	1.0	-0.6714285714285715	0.0	9.128571428571428	113.41142857142856	-2.3000000000000003	-0.3333333333333333	10.883333333333333	104.43333333333334	-0.4888888888888889	0.0	7.9	126.46444444444444	7	6	9	7	6	9
7s7i	H	WGYGSGGFDY	SYRSRT	GFTFSTY	0.0	0.0	0.0	0.0	0.0	0.0	0.0	1.0	0.0	0.0	0.0	0.0	0.0	2.0	0.0	1.0	2.0	0.0	1.0	0.0	0.0	2.0	0.0	0.0	0.0	0.0	0.0	0.0	0.0	0.0	0.0	0.0	0.0	0.0	0.0	2.0	1.0	0.0	1.0	0.0	0.0	0.0	0.0	1.0	0.0	0.0	0.0	4.0	0.0	0.0	0.0	0.0	0.0	1.0	0.0	1.0	0.0	1.0	2.0	0.0	0.2428571428571428	0.0	7.428571428571429	117.41285714285712	-2.1	0.3333333333333333	9.033333333333331	125.13833333333334	-0.66	-0.1	8.120000000000001	116.213	7	6	10	7	6	10
8e7m	H	DWAMVGADAFDI	SGSGDR	GFTFSSY	0.0	0.0	0.0	0.0	0.0	0.0	0.0	1.0	0.0	0.0	0.0	0.0	0.0	2.0	0.0	2.0	1.0	0.0	1.0	0.0	0.0	1.0	0.0	1.0	0.0	0.0	0.0	2.0	0.0	0.0	0.0	0.0	0.0	0.0	0.0	2.0	0.0	0.0	0.0	0.0	3.0	0.0	0.0	3.0	0.0	0.0	0.0	1.0	0.0	1.0	0.0	0.0	1.0	1.0	0.0	0.0	0.0	1.0	0.0	1.0	0.2285714285714285	0.0	7.514285714285714	115.40857142857143	-1.7333333333333334	0.0	9.983333333333333	99.25666666666666	0.5833333333333334	-0.25	8.308333333333334	109.20416666666668	7	6	12	7	6	12
7sjn	D	GYDYDYALDY	DPETEG	GYKFTDS	0.0	0.0	0.0	1.0	0.0	0.0	0.0	1.0	0.0	0.0	0.0	1.0	0.0	1.0	0.0	1.0	1.0	0.0	1.0	0.0	0.0	0.0	0.0	1.0	0.0	0.0	2.0	1.0	0.0	0.0	0.0	0.0	0.0	0.0	1.0	0.0	1.0	0.0	0.0	0.0	1.0	0.0	0.0	3.0	0.0	0.0	0.0	1.0	0.0	0.0	1.0	0.0	0.0	0.0	0.0	0.0	0.0	0.0	4.0	0.0	-1.1142857142857143	0.0	8.928571428571429	116.69571428571427	-2.1999999999999997	-0.5	10.533333333333331	107.76833333333332	-1.05	-0.3	8.58	125.728	7	6	10	7	6	10
7sjo	E	GYDYDYALDY	DPETEG	GYKFTDS	0.0	0.0	0.0	1.0	0.0	0.0	0.0	1.0	0.0	0.0	0.0	1.0	0.0	1.0	0.0	1.0	1.0	0.0	1.0	0.0	0.0	0.0	0.0	1.0	0.0	0.0	2.0	1.0	0.0	0.0	0.0	0.0	0.0	0.0	1.0	0.0	1.0	0.0	0.0	0.0	1.0	0.0	0.0	3.0	0.0	0.0	0.0	1.0	0.0	0.0	1.0	0.0	0.0	0.0	0.0	0.0	0.0	0.0	4.0	0.0	-1.1142857142857143	0.0	8.928571428571429	116.69571428571427	-2.1999999999999997	-0.5	10.533333333333331	107.76833333333332	-1.05	-0.3	8.58	125.728	7	6	10	7	6	10
7ubr	E	PLYDYYAMDY	DPANGY	GFNIKDT	0.0	0.0	1.0	1.0	0.0	0.0	0.0	1.0	0.0	1.0	0.0	1.0	0.0	1.0	0.0	0.0	1.0	0.0	0.0	0.0	1.0	0.0	1.0	1.0	0.0	0.0	0.0	1.0	0.0	0.0	0.0	0.0	0.0	0.0	1.0	0.0	0.0	0.0	1.0	0.0	1.0	0.0	0.0	2.0	0.0	0.0	0.0	0.0	0.0	0.0	1.0	0.0	1.0	0.0	1.0	0.0	0.0	0.0	4.0	0.0	-0.6714285714285715	0.0	9.128571428571428	113.41142857142856	-1.4166666666666667	-0.1666666666666666	9.316666666666666	105.93833333333332	-0.6300000000000001	-0.2	7.75	129.546	7	6	10	7	6	10
7xw7	A	LDWNYNPLRY	YPGDSD	GYSLTDN	0.0	0.0	1.0	1.0	0.0	0.0	0.0	1.0	0.0	0.0	1.0	0.0	0.0	0.0	0.0	1.0	1.0	0.0	1.0	0.0	0.0	0.0	0.0	2.0	0.0	0.0	0.0	1.0	0.0	0.0	0.0	0.0	0.0	0.0	1.0	1.0	0.0	0.0	1.0	0.0	0.0	1.0	2.0	1.0	0.0	0.0	0.0	0.0	0.0	0.0	2.0	0.0	0.0	0.0	1.0	0.0	0.0	1.0	2.0	0.0	-0.9142857142857144	-0.1428571428571428	8.928571428571429	109.82571428571428	-1.85	-0.3333333333333333	9.733333333333333	108.76833333333332	-1.25	0.0	8.23	133.552	7	6	10	7	6	10
7t9n	H	LEPGYSSTWSVN	DPTDSY	GYRFTSY	0.0	1.0	0.0	0.0	0.0	0.0	0.0	1.0	0.0	0.0	0.0	0.0	0.0	1.0	0.0	1.0	1.0	0.0	2.0	0.0	0.0	0.0	0.0	2.0	0.0	0.0	0.0	0.0	0.0	0.0	0.0	0.0	0.0	0.0	1.0	1.0	1.0	0.0	1.0	0.0	0.0	0.0	1.0	0.0	0.0	0.0	1.0	1.0	0.0	0.0	1.0	0.0	0.0	0.0	1.0	3.0	1.0	1.0	1.0	1.0	-0.8857142857142858	0.1428571428571428	7.8428571428571425	127.56714285714284	-1.9	-0.3333333333333333	9.666666666666666	113.11166666666668	-0.525	-0.0833333333333333	8.291666666666666	111.62	7	6	12	7	6	12
7sk3	D	VYPWWYYKYYHGALDY	YSSYGY	GFNFSYS	0.0	0.0	1.0	0.0	0.0	0.0	0.0	1.0	0.0	0.0	0.0	0.0	0.0	2.0	0.0	2.0	0.0	0.0	1.0	0.0	0.0	0.0	0.0	0.0	0.0	0.0	0.0	1.0	0.0	0.0	0.0	0.0	0.0	0.0	0.0	2.0	0.0	0.0	3.0	0.0	1.0	0.0	0.0	1.0	0.0	0.0	0.0	1.0	1.0	0.0	1.0	1.0	0.0	0.0	1.0	0.0	0.0	2.0	6.0	1.0	-0.1714285714285715	0.0	7.942857142857143	117.26571428571428	-0.9833333333333334	0.0	7.666666666666667	123.125	-0.775	0.0625	7.4125	136.71687500000002	7	6	16	7	6	16
7sk4	D	VYPWWYYKYYHGALDY	YSSYGY	GFNFSYS	0.0	0.0	1.0	0.0	0.0	0.0	0.0	1.0	0.0	0.0	0.0	0.0	0.0	2.0	0.0	2.0	0.0	0.0	1.0	0.0	0.0	0.0	0.0	0.0	0.0	0.0	0.0	1.0	0.0	0.0	0.0	0.0	0.0	0.0	0.0	2.0	0.0	0.0	3.0	0.0	1.0	0.0	0.0	1.0	0.0	0.0	0.0	1.0	1.0	0.0	1.0	1.0	0.0	0.0	1.0	0.0	0.0	2.0	6.0	1.0	-0.1714285714285715	0.0	7.942857142857143	117.26571428571428	-0.9833333333333334	0.0	7.666666666666667	123.125	-0.775	0.0625	7.4125	136.71687500000002	7	6	16	7	6	16
7sk8	D	VYPWWYYKYYHGALDY	YSSYGY	GFNFSYS	0.0	0.0	1.0	0.0	0.0	0.0	0.0	1.0	0.0	0.0	0.0	0.0	0.0	2.0	0.0	2.0	0.0	0.0	1.0	0.0	0.0	0.0	0.0	0.0	0.0	0.0	0.0	1.0	0.0	0.0	0.0	0.0	0.0	0.0	0.0	2.0	0.0	0.0	3.0	0.0	1.0	0.0	0.0	1.0	0.0	0.0	0.0	1.0	1.0	0.0	1.0	1.0	0.0	0.0	1.0	0.0	0.0	2.0	6.0	1.0	-0.1714285714285715	0.0	7.942857142857143	117.26571428571428	-0.9833333333333334	0.0	7.666666666666667	123.125	-0.775	0.0625	7.4125	136.71687500000002	7	6	16	7	6	16
7sk9	F	VSYWDWTWGWSKYEGMDY	SPSYGY	GFNISSS	0.0	0.0	1.0	0.0	0.0	0.0	0.0	1.0	0.0	1.0	0.0	0.0	0.0	1.0	0.0	3.0	0.0	0.0	0.0	0.0	0.0	0.0	0.0	0.0	0.0	0.0	0.0	1.0	0.0	0.0	0.0	0.0	0.0	0.0	1.0	2.0	0.0	0.0	2.0	0.0	0.0	0.0	0.0	2.0	0.0	0.0	1.0	2.0	0.0	0.0	0.0	1.0	1.0	0.0	0.0	2.0	1.0	4.0	3.0	1.0	0.1428571428571428	0.0	8.37142857142857	101.53428571428572	-1.0333333333333334	0.0	7.966666666666666	112.115	-1.0499999999999998	-0.1111111111111111	8.133333333333333	132.08888888888887	7	6	18	7	6	18
4ypg	H	DPIAAGY	SVYNGN	GYTFTSY	0.0	0.0	0.0	0.0	0.0	0.0	0.0	1.0	0.0	0.0	0.0	0.0	0.0	1.0	0.0	1.0	2.0	0.0	2.0	0.0	0.0	0.0	2.0	0.0	0.0	0.0	0.0	1.0	0.0	0.0	0.0	0.0	0.0	0.0	0.0	1.0	0.0	0.0	1.0	1.0	2.0	0.0	0.0	1.0	0.0	0.0	0.0	1.0	0.0	1.0	0.0	0.0	0.0	0.0	1.0	0.0	0.0	0.0	1.0	0.0	-0.3428571428571429	0.0	7.571428571428571	119.69857142857144	-0.8833333333333333	0.0	8.916666666666666	108.77666666666666	0.1857142857142857	-0.1428571428571428	8.22857142857143	100.82285714285716	7	6	7	7	6	7
2vxs	J	DLIHGVTRN	SGSGGS	GFTFSSY	0.0	0.0	0.0	0.0	0.0	0.0	0.0	1.0	0.0	0.0	0.0	0.0	0.0	2.0	0.0	2.0	1.0	0.0	1.0	0.0	0.0	0.0	0.0	0.0	0.0	0.0	0.0	3.0	0.0	0.0	0.0	0.0	0.0	0.0	0.0	3.0	0.0	0.0	0.0	0.0	0.0	1.0	1.0	1.0	0.0	0.0	0.0	1.0	1.0	1.0	1.0	0.0	0.0	0.0	0.0	0.0	1.0	0.0	0.0	1.0	0.2285714285714285	0.0	7.514285714285714	115.40857142857143	-0.6	0.0	9.1	81.065	-0.3666666666666667	0.1111111111111111	8.788888888888888	113.79333333333332	7	6	9	7	6	9
7dc8	B	YGKLYSLNWVFDY	SSQSYH	GFTFSSY	0.0	0.0	0.0	0.0	0.0	0.0	0.0	1.0	0.0	0.0	0.0	0.0	0.0	2.0	0.0	2.0	1.0	0.0	1.0	0.0	0.0	0.0	0.0	0.0	0.0	1.0	0.0	0.0	1.0	0.0	0.0	0.0	0.0	0.0	0.0	3.0	0.0	0.0	1.0	0.0	0.0	0.0	1.0	1.0	0.0	0.0	0.0	1.0	0.0	0.0	2.0	1.0	0.0	1.0	0.0	1.0	0.0	1.0	3.0	1.0	0.2285714285714285	0.0	7.514285714285714	115.40857142857143	-1.7333333333333334	0.1666666666666666	9.116666666666664	114.94833333333332	-0.176923076923077	0.0	7.615384615384615	128.3	7	6	13	7	6	13
3x3f	H	SYGSGSYYRDYYYGMDV	NPDTDS	GYTFTNY	0.0	0.0	1.0	0.0	0.0	0.0	0.0	1.0	0.0	0.0	0.0	0.0	0.0	1.0	0.0	0.0	2.0	0.0	2.0	0.0	0.0	0.0	1.0	2.0	0.0	0.0	0.0	0.0	0.0	0.0	0.0	0.0	0.0	0.0	1.0	1.0	1.0	0.0	0.0	0.0	0.0	1.0	0.0	2.0	0.0	0.0	0.0	3.0	0.0	0.0	0.0	0.0	1.0	0.0	0.0	3.0	0.0	0.0	6.0	1.0	-0.7285714285714286	0.0	7.914285714285714	123.56000000000002	-2.2666666666666666	-0.3333333333333333	10.566666666666666	104.93333333333334	-0.9882352941176472	-0.0588235294117647	8.229411764705883	122.48058823529412	7	6	17	7	6	17
6okm	H	DRLDY	NPGSGD	GYAFTNY	1.0	0.0	1.0	0.0	0.0	0.0	0.0	1.0	0.0	0.0	0.0	0.0	0.0	1.0	0.0	0.0	1.0	0.0	2.0	0.0	0.0	0.0	1.0	1.0	0.0	0.0	0.0	2.0	0.0	0.0	0.0	0.0	0.0	0.0	1.0	1.0	0.0	0.0	0.0	0.0	0.0	1.0	0.0	2.0	0.0	0.0	0.0	0.0	0.0	0.0	1.0	0.0	0.0	0.0	0.0	0.0	0.0	0.0	1.0	0.0	-0.3714285714285714	0.0	7.8428571428571425	119.27	-1.7	-0.1666666666666666	9.966666666666669	93.91666666666669	-1.8	-0.2	9.52	132.542	7	6	5	7	6	5
6rp8	h	TGWLGPFDY	SYDGNN	GFTFSSY	0.0	0.0	0.0	0.0	0.0	0.0	0.0	1.0	0.0	0.0	0.0	0.0	0.0	2.0	0.0	2.0	1.0	0.0	1.0	0.0	0.0	0.0	2.0	1.0	0.0	0.0	0.0	1.0	0.0	0.0	0.0	0.0	0.0	0.0	0.0	1.0	0.0	0.0	1.0	0.0	0.0	0.0	0.0	1.0	0.0	0.0	0.0	2.0	0.0	0.0	1.0	0.0	0.0	1.0	1.0	0.0	1.0	1.0	1.0	0.0	0.2285714285714285	0.0	7.514285714285714	115.40857142857143	-2.1666666666666665	-0.1666666666666666	10.1	111.43666666666668	-0.2444444444444445	-0.1111111111111111	7.699999999999999	119.24	7	6	9	7	6	9
3hi6	H	SYDFWSNAFDI	WPSGGN	GFTFSRY	0.0	1.0	0.0	0.0	0.0	0.0	0.0	1.0	0.0	0.0	0.0	0.0	0.0	2.0	0.0	1.0	1.0	0.0	1.0	0.0	0.0	0.0	1.0	0.0	0.0	0.0	0.0	2.0	0.0	0.0	0.0	0.0	0.0	0.0	1.0	1.0	0.0	1.0	0.0	0.0	1.0	0.0	1.0	2.0	0.0	0.0	0.0	0.0	0.0	1.0	0.0	0.0	0.0	2.0	0.0	2.0	0.0	1.0	1.0	0.0	-0.3000000000000001	0.1428571428571428	7.7	125.28142857142858	-1.2666666666666668	0.0	8.700000000000001	105.77166666666666	-0.2181818181818182	-0.1818181818181818	8.299999999999999	122.40454545454546	7	6	11	7	6	11
4qhu	B	QLTLDV	SLTSGF	GFTFSSY	0.0	0.0	0.0	0.0	0.0	0.0	0.0	1.0	0.0	0.0	0.0	0.0	0.0	2.0	0.0	2.0	1.0	0.0	1.0	0.0	0.0	0.0	0.0	0.0	0.0	0.0	0.0	1.0	0.0	0.0	1.0	0.0	0.0	1.0	0.0	2.0	1.0	0.0	0.0	0.0	0.0	0.0	0.0	1.0	0.0	1.0	0.0	0.0	0.0	0.0	2.0	0.0	0.0	0.0	0.0	0.0	1.0	0.0	0.0	1.0	0.2285714285714285	0.0	7.514285714285714	115.40857142857143	0.6499999999999999	0.0	7.683333333333334	101.77666666666666	0.6833333333333332	-0.1666666666666666	7.966666666666666	111.63	7	6	6	7	6	6
6nms	B	ENNRYRFFDD	SGSGEI	GFTFSSY	0.0	0.0	0.0	0.0	0.0	0.0	0.0	1.0	0.0	0.0	0.0	0.0	0.0	2.0	0.0	2.0	1.0	0.0	1.0	0.0	0.0	0.0	0.0	0.0	0.0	0.0	1.0	2.0	0.0	1.0	0.0	0.0	0.0	0.0	0.0	2.0	0.0	0.0	0.0	0.0	0.0	2.0	2.0	2.0	0.0	0.0	1.0	0.0	0.0	0.0	0.0	0.0	0.0	2.0	0.0	0.0	0.0	0.0	1.0	0.0	0.2285714285714285	0.0	7.514285714285714	115.40857142857143	-0.2333333333333333	-0.1666666666666666	8.983333333333333	94.42333333333332	-2.22	-0.1	9.91	135.744	7	6	10	7	6	10
6vmj	F	EGGFAY	NPTSGG	GYTFTSY	0.0	0.0	0.0	0.0	0.0	0.0	0.0	1.0	0.0	0.0	0.0	0.0	0.0	1.0	0.0	1.0	2.0	0.0	2.0	0.0	0.0	0.0	1.0	0.0	0.0	0.0	0.0	2.0	0.0	0.0	0.0	0.0	0.0	0.0	1.0	1.0	1.0	0.0	0.0	0.0	1.0	0.0	0.0	0.0	0.0	0.0	1.0	2.0	0.0	0.0	0.0	0.0	0.0	1.0	0.0	0.0	0.0	0.0	1.0	0.0	-0.3428571428571429	0.0	7.571428571428571	119.69857142857144	-1.2333333333333334	0.0	9.233333333333333	91.58666666666666	-0.1666666666666667	-0.1666666666666666	8.299999999999999	110.11	7	6	6	7	6	6
4ers	H	EKDHYDILTGYNYYYGLDV	YYDGSN	GFTFSSY	0.0	0.0	0.0	0.0	0.0	0.0	0.0	1.0	0.0	0.0	0.0	0.0	0.0	2.0	0.0	2.0	1.0	0.0	1.0	0.0	0.0	0.0	1.0	1.0	0.0	0.0	0.0	1.0	0.0	0.0	0.0	0.0	0.0	0.0	0.0	1.0	0.0	0.0	2.0	0.0	0.0	0.0	1.0	3.0	0.0	0.0	1.0	2.0	1.0	1.0	2.0	1.0	0.0	0.0	0.0	0.0	1.0	0.0	5.0	1.0	0.2285714285714285	0.0	7.514285714285714	115.40857142857143	-1.8	-0.1666666666666666	9.2	119.615	-0.8578947368421053	-0.1052631578947368	8.58421052631579	124.18631578947368	7	6	19	7	6	19
6r0x	C	SYGSSYGIDY	DPADVY	GFNIKET	0.0	0.0	1.0	0.0	0.0	0.0	1.0	1.0	0.0	1.0	0.0	1.0	0.0	1.0	0.0	0.0	1.0	0.0	0.0	0.0	1.0	0.0	0.0	2.0	0.0	0.0	0.0	0.0	0.0	0.0	0.0	0.0	0.0	0.0	1.0	0.0	0.0	0.0	1.0	1.0	0.0	0.0	0.0	1.0	0.0	0.0	0.0	2.0	0.0	1.0	0.0	0.0	0.0	0.0	0.0	3.0	0.0	0.0	3.0	0.0	-0.6714285714285715	0.0	9.028571428571428	115.41571428571427	-0.65	-0.3333333333333333	9.033333333333331	110.115	-0.6100000000000001	-0.1	8.24	112.913	7	6	10	7	6	10
5cus	J	VGLGDAFDI	GSSGGV	GFTFSYY	0.0	0.0	0.0	0.0	0.0	0.0	0.0	1.0	0.0	0.0	0.0	0.0	0.0	2.0	0.0	1.0	1.0	0.0	2.0	0.0	0.0	0.0	0.0	0.0	0.0	0.0	0.0	3.0	0.0	0.0	0.0	0.0	0.0	0.0	0.0	2.0	0.0	0.0	0.0	1.0	1.0	0.0	0.0	2.0	0.0	0.0	0.0	2.0	0.0	1.0	1.0	0.0	0.0	1.0	0.0	0.0	0.0	0.0	0.0	1.0	0.157142857142857	0.0	7.085714285714286	126.28	0.2333333333333333	0.0	8.549999999999999	83.07333333333334	1.0333333333333334	-0.2222222222222222	8.144444444444444	102.66555555555556	7	6	9	7	6	9
4kxz	Q	TLGLVLDAMDY	IPIVDI	GYTFSSN	0.0	0.0	1.0	0.0	0.0	0.0	0.0	1.0	0.0	0.0	0.0	0.0	0.0	1.0	0.0	2.0	1.0	0.0	1.0	0.0	0.0	0.0	0.0	1.0	0.0	0.0	0.0	0.0	0.0	3.0	0.0	0.0	0.0	0.0	1.0	0.0	0.0	0.0	0.0	1.0	1.0	0.0	0.0	2.0	0.0	0.0	0.0	1.0	0.0	0.0	3.0	0.0	1.0	0.0	0.0	0.0	1.0	0.0	1.0	1.0	-0.6714285714285715	0.0	8.428571428571429	110.6842857142857	2.1	-0.1666666666666666	7.083333333333333	108.46999999999998	0.9	-0.1818181818181818	7.654545454545455	110.03727272727274	7	6	11	7	6	11
5xmh	H	GIASAGTPDYFFY	IPLFGT	GGTFSSY	0.0	0.0	0.0	0.0	0.0	0.0	0.0	2.0	0.0	0.0	0.0	0.0	0.0	1.0	0.0	2.0	1.0	0.0	1.0	0.0	0.0	0.0	0.0	0.0	0.0	0.0	0.0	1.0	0.0	1.0	1.0	0.0	0.0	1.0	1.0	0.0	1.0	0.0	0.0	0.0	2.0	0.0	0.0	1.0	0.0	0.0	0.0	2.0	0.0	1.0	0.0	0.0	0.0	2.0	1.0	1.0	1.0	0.0	2.0	0.0	-0.2285714285714286	0.0	8.057142857142857	105.10428571428572	1.4	0.0	6.816666666666666	107.79666666666668	0.2846153846153845	-0.0769230769230769	7.769230769230769	109.73384615384614	7	6	13	7	6	13
6rlo	C	AVSGYFPYFDY	SWNSGS	GFTFDDY	0.0	0.0	0.0	2.0	0.0	0.0	0.0	1.0	0.0	0.0	0.0	0.0	0.0	2.0	0.0	0.0	1.0	0.0	1.0	0.0	0.0	0.0	1.0	0.0	0.0	0.0	0.0	1.0	0.0	0.0	0.0	0.0	0.0	0.0	0.0	3.0	0.0	1.0	0.0	0.0	1.0	0.0	0.0	1.0	0.0	0.0	0.0	1.0	0.0	0.0	0.0	0.0	0.0	2.0	1.0	1.0	0.0	0.0	3.0	1.0	-0.5428571428571429	-0.2857142857142857	8.6	123.41142857142856	-1.2	0.0	8.933333333333332	106.10333333333334	0.1272727272727272	-0.0909090909090909	7.472727272727273	120.76818181818182	7	6	11	7	6	11
6wir	A	DYYDILTDYYIHYWYFDL	NQDGSE	GFTFSNY	0.0	0.0	1.0	0.0	0.0	0.0	0.0	1.0	0.0	0.0	0.0	0.0	0.0	2.0	0.0	1.0	1.0	0.0	1.0	0.0	0.0	0.0	1.0	1.0	0.0	1.0	1.0	1.0	0.0	0.0	0.0	0.0	0.0	0.0	0.0	1.0	0.0	0.0	0.0	0.0	0.0	0.0	0.0	4.0	0.0	0.0	0.0	0.0	1.0	2.0	2.0	0.0	0.0	1.0	0.0	0.0	1.0	1.0	6.0	0.0	-0.1571428571428572	0.0	7.857142857142857	119.27	-2.533333333333333	-0.3333333333333333	10.933333333333332	108.09666666666668	-0.4000000000000001	-0.1666666666666666	7.722222222222222	136.8738888888889	7	6	18	7	6	18
7vux	H	PYGGYFDV	SGGGRY	GFAFSSY	1.0	0.0	0.0	0.0	0.0	0.0	0.0	1.0	0.0	0.0	0.0	0.0	0.0	2.0	0.0	2.0	0.0	0.0	1.0	0.0	0.0	1.0	0.0	0.0	0.0	0.0	0.0	3.0	0.0	0.0	0.0	0.0	0.0	0.0	0.0	1.0	0.0	0.0	1.0	0.0	0.0	0.0	0.0	1.0	0.0	0.0	0.0	2.0	0.0	0.0	0.0	0.0	0.0	1.0	1.0	0.0	0.0	0.0	2.0	1.0	0.5857142857142856	0.0	7.442857142857143	111.11857142857144	-1.3	0.1666666666666666	8.816666666666666	105.26666666666668	-0.1875	-0.125	7.8125	116.8725	7	6	8	7	6	8
4dn4	H	YDGIYGELDF	IPIFGT	GGTFSSY	0.0	0.0	0.0	0.0	0.0	0.0	0.0	2.0	0.0	0.0	0.0	0.0	0.0	1.0	0.0	2.0	1.0	0.0	1.0	0.0	0.0	0.0	0.0	0.0	0.0	0.0	0.0	1.0	0.0	2.0	0.0	0.0	0.0	1.0	1.0	0.0	1.0	0.0	0.0	0.0	0.0	0.0	0.0	2.0	0.0	0.0	1.0	2.0	0.0	1.0	1.0	0.0	0.0	1.0	0.0	0.0	0.0	0.0	2.0	0.0	-0.2285714285714286	0.0	8.057142857142857	105.10428571428572	1.5166666666666666	0.0	6.866666666666667	107.79666666666668	-0.2800000000000001	-0.3	8.4	120.926	7	6	10	7	6	10
7amr	H	GNGYNFDGAYRFFDF	NPYNDD	GYKFTGF	0.0	0.0	0.0	0.0	0.0	0.0	0.0	2.0	0.0	0.0	0.0	1.0	0.0	2.0	0.0	0.0	1.0	0.0	1.0	0.0	0.0	0.0	2.0	2.0	0.0	0.0	0.0	0.0	0.0	0.0	0.0	0.0	0.0	0.0	1.0	0.0	0.0	0.0	1.0	0.0	1.0	1.0	2.0	2.0	0.0	0.0	0.0	3.0	0.0	0.0	0.0	0.0	0.0	4.0	0.0	0.0	0.0	0.0	2.0	0.0	-0.1571428571428572	0.1428571428571428	7.785714285714286	119.56142857142858	-2.8166666666666664	-0.3333333333333333	10.566666666666666	119.78333333333336	-0.62	-0.0666666666666666	8.533333333333333	121.72666666666667	7	6	15	7	6	15
1jps	H	DTAAYFDY	DPEQGN	GFNIKEY	0.0	0.0	1.0	0.0	0.0	0.0	1.0	1.0	0.0	1.0	0.0	1.0	0.0	1.0	0.0	0.0	0.0	0.0	1.0	0.0	0.0	0.0	1.0	1.0	0.0	1.0	1.0	1.0	0.0	0.0	0.0	0.0	0.0	0.0	1.0	0.0	0.0	0.0	0.0	0.0	2.0	0.0	0.0	2.0	0.0	0.0	0.0	0.0	0.0	0.0	0.0	0.0	0.0	1.0	0.0	0.0	1.0	0.0	2.0	0.0	-0.7571428571428571	0.0	8.685714285714287	124.28285714285714	-2.6666666666666665	-0.3333333333333333	10.733333333333334	109.77	-0.4875	-0.25	8.55	118.37375	7	6	8	7	6	8
4hj0	C	GPIVGAPTDY	IPTFGT	GGTFSSY	0.0	0.0	0.0	0.0	0.0	0.0	0.0	2.0	0.0	0.0	0.0	0.0	0.0	1.0	0.0	2.0	1.0	0.0	1.0	0.0	0.0	0.0	0.0	0.0	0.0	0.0	0.0	1.0	0.0	1.0	0.0	0.0	0.0	1.0	1.0	0.0	2.0	0.0	0.0	0.0	1.0	0.0	0.0	1.0	0.0	0.0	0.0	2.0	0.0	1.0	0.0	0.0	0.0	0.0	2.0	0.0	1.0	0.0	1.0	1.0	-0.2285714285714286	0.0	8.057142857142857	105.10428571428572	0.65	0.0	7.433333333333334	105.78833333333334	0.1	-0.1	8.1	100.709	7	6	10	7	6	10
5nh3	I	GGWFDY	NPVSGS	GYTFTSS	0.0	0.0	0.0	0.0	0.0	0.0	0.0	1.0	0.0	0.0	0.0	0.0	0.0	1.0	0.0	2.0	2.0	0.0	1.0	0.0	0.0	0.0	1.0	0.0	0.0	0.0	0.0	1.0	0.0	0.0	0.0	0.0	0.0	0.0	1.0	2.0	0.0	0.0	0.0	1.0	0.0	0.0	0.0	1.0	0.0	0.0	0.0	2.0	0.0	0.0	0.0	0.0	0.0	1.0	0.0	0.0	0.0	1.0	1.0	0.0	-0.2714285714285714	0.0	8.0	108.82714285714285	-0.4833333333333333	0.0	8.816666666666666	93.26166666666666	-0.6166666666666667	-0.1666666666666666	7.966666666666666	126.96166666666666	7	6	6	7	6	6
6mvl	H	VPGYSGGWIDAEDD	DWNSEN	GFTLEDY	0.0	0.0	0.0	1.0	0.0	0.0	1.0	1.0	0.0	0.0	1.0	0.0	0.0	1.0	0.0	0.0	1.0	0.0	1.0	0.0	0.0	0.0	2.0	1.0	0.0	0.0	1.0	0.0	0.0	0.0	0.0	0.0	0.0	0.0	0.0	1.0	0.0	1.0	0.0	0.0	1.0	0.0	0.0	3.0	0.0	0.0	1.0	3.0	0.0	1.0	0.0	0.0	0.0	0.0	1.0	1.0	0.0	1.0	1.0	1.0	-0.4	-0.2857142857142857	8.457142857142857	120.55571428571427	-2.6166666666666667	-0.3333333333333333	10.516666666666667	124.28833333333334	-0.6642857142857144	-0.2857142857142857	9.02142857142857	108.32214285714284	7	6	14	7	6	14
4z5r	W	WISDFFDY	NPDYDI	GYTFTEY	0.0	0.0	0.0	0.0	0.0	0.0	1.0	1.0	0.0	0.0	0.0	0.0	0.0	1.0	0.0	0.0	2.0	0.0	2.0	0.0	0.0	0.0	1.0	2.0	0.0	0.0	0.0	0.0	0.0	1.0	0.0	0.0	0.0	0.0	1.0	0.0	0.0	0.0	1.0	0.0	0.0	0.0	0.0	2.0	0.0	0.0	0.0	0.0	0.0	1.0	0.0	0.0	0.0	2.0	0.0	1.0	0.0	1.0	1.0	0.0	-0.7285714285714286	-0.1428571428571428	8.014285714285714	125.70428571428572	-1.4833333333333334	-0.3333333333333333	9.5	119.625	0.0124999999999999	-0.25	7.8	134.2725	7	6	8	7	6	8
3so3	C	DLGIAARRFVSGAFDI	SGSGGS	GFTFSSY	0.0	0.0	0.0	0.0	0.0	0.0	0.0	1.0	0.0	0.0	0.0	0.0	0.0	2.0	0.0	2.0	1.0	0.0	1.0	0.0	0.0	0.0	0.0	0.0	0.0	0.0	0.0	3.0	0.0	0.0	0.0	0.0	0.0	0.0	0.0	3.0	0.0	0.0	0.0	0.0	3.0	2.0	0.0	2.0	0.0	0.0	0.0	2.0	0.0	2.0	1.0	0.0	0.0	2.0	0.0	1.0	0.0	0.0	0.0	1.0	0.2285714285714285	0.0	7.514285714285714	115.40857142857143	-0.6	0.0	9.1	81.065	0.65	0.0	8.13125	107.871875	7	6	16	7	6	16
5mvz	H	FVSLDAFDI	YPGDSD	GYTFTSY	0.0	0.0	0.0	0.0	0.0	0.0	0.0	1.0	0.0	0.0	0.0	0.0	0.0	1.0	0.0	1.0	2.0	0.0	2.0	0.0	0.0	0.0	0.0	2.0	0.0	0.0	0.0	1.0	0.0	0.0	0.0	0.0	0.0	0.0	1.0	1.0	0.0	0.0	1.0	0.0	1.0	0.0	0.0	2.0	0.0	0.0	0.0	0.0	0.0	1.0	1.0	0.0	0.0	2.0	0.0	1.0	0.0	0.0	0.0	1.0	-0.3428571428571429	0.0	7.571428571428571	119.69857142857144	-1.85	-0.3333333333333333	9.733333333333333	108.76833333333332	1.3444444444444443	-0.2222222222222222	7.7444444444444445	112.01666666666668	7	6	9	7	6	9
5bo1	I	AGTLFAY	TPDGGY	GFTFSNY	0.0	0.0	1.0	0.0	0.0	0.0	0.0	1.0	0.0	0.0	0.0	0.0	0.0	2.0	0.0	1.0	1.0	0.0	1.0	0.0	0.0	0.0	0.0	1.0	0.0	0.0	0.0	2.0	0.0	0.0	0.0	0.0	0.0	0.0	1.0	0.0	1.0	0.0	1.0	0.0	2.0	0.0	0.0	0.0	0.0	0.0	0.0	1.0	0.0	0.0	1.0	0.0	0.0	1.0	0.0	0.0	1.0	0.0	1.0	0.0	-0.1571428571428572	0.0	7.857142857142857	119.27	-1.3166666666666669	-0.1666666666666666	8.966666666666667	104.43333333333334	1.1142857142857143	0.0	7.1571428571428575	105.97714285714288	7	6	7	7	6	7
6ye3	D	HMGYNDYLAWFAY	SGGGSY	GFSFSNY	0.0	0.0	1.0	0.0	0.0	0.0	0.0	1.0	0.0	0.0	0.0	0.0	0.0	2.0	0.0	2.0	0.0	0.0	1.0	0.0	0.0	0.0	0.0	0.0	0.0	0.0	0.0	3.0	0.0	0.0	0.0	0.0	0.0	0.0	0.0	2.0	0.0	0.0	1.0	0.0	2.0	0.0	1.0	1.0	0.0	0.0	0.0	1.0	1.0	0.0	1.0	0.0	1.0	1.0	0.0	0.0	0.0	1.0	3.0	0.0	-0.1714285714285715	0.0	7.942857142857143	117.26571428571428	-0.6833333333333335	0.0	8.6	93.74833333333332	-0.2538461538461539	0.0	7.6923076923076925	126.98846153846154	7	6	13	7	6	13
6svl	O	GGFDTNHYAMDY	DPENSN	GFNIKDY	0.0	0.0	1.0	1.0	0.0	0.0	0.0	1.0	0.0	1.0	0.0	1.0	0.0	1.0	0.0	0.0	0.0	0.0	1.0	0.0	0.0	0.0	2.0	1.0	0.0	0.0	1.0	0.0	0.0	0.0	0.0	0.0	0.0	0.0	1.0	1.0	0.0	0.0	0.0	0.0	1.0	0.0	1.0	2.0	0.0	0.0	0.0	2.0	1.0	0.0	0.0	0.0	1.0	1.0	0.0	0.0	1.0	0.0	2.0	0.0	-0.7571428571428571	0.0	8.785714285714286	122.27857142857144	-2.733333333333333	-0.3333333333333333	10.95	109.43833333333332	-0.9416666666666668	-0.0833333333333333	8.833333333333334	117.37166666666668	7	6	12	7	6	12
5y9j	H	SRDLLLFPHHALSP	IPMFGT	GGTFNNN	0.0	0.0	3.0	0.0	0.0	0.0	0.0	2.0	0.0	0.0	0.0	0.0	0.0	1.0	0.0	0.0	1.0	0.0	0.0	0.0	0.0	0.0	0.0	0.0	0.0	0.0	0.0	1.0	0.0	1.0	0.0	0.0	1.0	1.0	1.0	0.0	1.0	0.0	0.0	0.0	1.0	1.0	0.0	1.0	0.0	0.0	0.0	0.0	2.0	0.0	4.0	0.0	0.0	1.0	2.0	2.0	0.0	0.0	0.0	0.0	-1.3142857142857145	0.0	9.514285714285714	105.81714285714284	1.0833333333333333	0.0	6.95	110.80333333333331	0.0428571428571427	0.1428571428571428	7.971428571428571	113.2042857142857	7	6	14	7	6	14
6vvu	J	DPRGYGAALDRLDL	SSAAT	RFSLIGY	0.0	1.0	0.0	0.0	0.0	0.0	0.0	1.0	0.0	1.0	1.0	0.0	0.0	1.0	0.0	1.0	0.0	0.0	1.0	0.0	2.0	0.0	0.0	0.0	0.0	0.0	0.0	0.0	0.0	0.0	0.0	0.0	0.0	0.0	0.0	2.0	1.0	0.0	0.0	0.0	2.0	2.0	0.0	3.0	0.0	0.0	0.0	2.0	0.0	0.0	3.0	0.0	0.0	0.0	1.0	0.0	0.0	0.0	1.0	0.0	0.5857142857142856	0.1428571428571428	7.171428571428572	122.14285714285714	0.26	0.0	8.639999999999999	83.486	-0.5857142857142857	-0.0714285714285714	8.792857142857143	110.69214285714284	7	5	14	7	5	14
7ley	D	DRRRGSYGSDAFDI	NWNGGS	GFTFDDY	0.0	0.0	0.0	2.0	0.0	0.0	0.0	1.0	0.0	0.0	0.0	0.0	0.0	2.0	0.0	0.0	1.0	0.0	1.0	0.0	0.0	0.0	2.0	0.0	0.0	0.0	0.0	2.0	0.0	0.0	0.0	0.0	0.0	0.0	0.0	1.0	0.0	1.0	0.0	0.0	1.0	3.0	0.0	3.0	0.0	0.0	0.0	2.0	0.0	1.0	0.0	0.0	0.0	1.0	0.0	2.0	0.0	0.0	1.0	0.0	-0.5428571428571429	-0.2857142857142857	8.6	123.41142857142856	-1.5833333333333333	0.0	9.3	108.60333333333334	-1.3285714285714287	0.0	9.4	116.62142857142858	7	6	14	7	6	14
6xlq	E	RHSDMIGYYYGMDV	NPNSGG	GYTFTGY	0.0	0.0	0.0	0.0	0.0	0.0	0.0	2.0	0.0	0.0	0.0	0.0	0.0	1.0	0.0	0.0	2.0	0.0	2.0	0.0	0.0	0.0	2.0	0.0	0.0	0.0	0.0	2.0	0.0	0.0	0.0	0.0	0.0	0.0	1.0	1.0	0.0	0.0	0.0	0.0	0.0	1.0	0.0	2.0	0.0	0.0	0.0	2.0	1.0	1.0	0.0	0.0	2.0	0.0	0.0	1.0	0.0	0.0	3.0	1.0	-0.2857142857142857	0.0	7.542857142857143	117.98	-1.7	0.0	9.733333333333333	93.75333333333332	-0.55	0.0	8.22857142857143	123.20857142857145	7	6	14	7	6	14
5ggv	H	DPRGATLYYYYYGMDV	WYDGSN	GFTFSSY	0.0	0.0	0.0	0.0	0.0	0.0	0.0	1.0	0.0	0.0	0.0	0.0	0.0	2.0	0.0	2.0	1.0	0.0	1.0	0.0	0.0	0.0	1.0	1.0	0.0	0.0	0.0	1.0	0.0	0.0	0.0	0.0	0.0	0.0	0.0	1.0	0.0	1.0	1.0	0.0	1.0	1.0	0.0	2.0	0.0	0.0	0.0	2.0	0.0	0.0	1.0	0.0	1.0	0.0	1.0	0.0	1.0	0.0	5.0	1.0	0.2285714285714285	0.0	7.514285714285714	115.40857142857143	-1.7333333333333334	-0.1666666666666666	9.066666666666666	123.455	-0.5875	-0.0625	7.91875	122.823125	7	6	16	7	6	16
2vh5	H	GRFFDY	SRTSKT	GFTFSTF	0.0	0.0	0.0	0.0	0.0	0.0	0.0	1.0	0.0	0.0	0.0	0.0	0.0	3.0	0.0	1.0	2.0	0.0	0.0	0.0	0.0	1.0	0.0	0.0	0.0	0.0	0.0	0.0	0.0	0.0	0.0	1.0	0.0	0.0	0.0	2.0	2.0	0.0	0.0	0.0	0.0	1.0	0.0	1.0	0.0	0.0	0.0	1.0	0.0	0.0	0.0	0.0	0.0	2.0	0.0	0.0	0.0	0.0	1.0	0.0	0.8285714285714285	0.0	7.285714285714286	115.12714285714286	-1.9	0.3333333333333333	9.566666666666666	110.125	-0.6833333333333335	0.0	8.183333333333334	133.97833333333332	7	6	6	7	6	6
7ams	H	GNGYNFDGAYRFFDF	NPYNDD	GYKFTGF	0.0	0.0	0.0	0.0	0.0	0.0	0.0	2.0	0.0	0.0	0.0	1.0	0.0	2.0	0.0	0.0	1.0	0.0	1.0	0.0	0.0	0.0	2.0	2.0	0.0	0.0	0.0	0.0	0.0	0.0	0.0	0.0	0.0	0.0	1.0	0.0	0.0	0.0	1.0	0.0	1.0	1.0	2.0	2.0	0.0	0.0	0.0	3.0	0.0	0.0	0.0	0.0	0.0	4.0	0.0	0.0	0.0	0.0	2.0	0.0	-0.1571428571428572	0.1428571428571428	7.785714285714286	119.56142857142858	-2.8166666666666664	-0.3333333333333333	10.566666666666666	119.78333333333336	-0.62	-0.0666666666666666	8.533333333333333	121.72666666666667	7	6	15	7	6	15
5xez	H	EKDHYDILTGYNYYYGLDV	YYDGSN	GFTFSSY	0.0	0.0	0.0	0.0	0.0	0.0	0.0	1.0	0.0	0.0	0.0	0.0	0.0	2.0	0.0	2.0	1.0	0.0	1.0	0.0	0.0	0.0	1.0	1.0	0.0	0.0	0.0	1.0	0.0	0.0	0.0	0.0	0.0	0.0	0.0	1.0	0.0	0.0	2.0	0.0	0.0	0.0	1.0	3.0	0.0	0.0	1.0	2.0	1.0	1.0	2.0	1.0	0.0	0.0	0.0	0.0	1.0	0.0	5.0	1.0	0.2285714285714285	0.0	7.514285714285714	115.40857142857143	-1.8	-0.1666666666666666	9.2	119.615	-0.8578947368421053	-0.1052631578947368	8.58421052631579	124.18631578947368	7	6	19	7	6	19
7chz	H	FNGYWNYIMDY	WPREGF	GFTIKDM	0.0	0.0	0.0	1.0	0.0	0.0	0.0	1.0	0.0	1.0	0.0	1.0	1.0	1.0	0.0	0.0	1.0	0.0	0.0	0.0	0.0	1.0	0.0	0.0	0.0	0.0	1.0	1.0	0.0	0.0	0.0	0.0	0.0	1.0	1.0	0.0	0.0	1.0	0.0	0.0	0.0	0.0	2.0	1.0	0.0	0.0	0.0	1.0	0.0	1.0	0.0	0.0	1.0	1.0	0.0	0.0	0.0	1.0	3.0	0.0	0.0999999999999999	0.0	8.285714285714286	115.85285714285716	-1.35	0.0	8.4	131.81333333333333	-0.5909090909090909	-0.0909090909090909	7.754545454545454	135.06	7	6	11	7	6	11
5lsp	H	DATTPYWGMMW	DPEDGE	GYTFTDY	0.0	0.0	0.0	1.0	0.0	0.0	0.0	1.0	0.0	0.0	0.0	0.0	0.0	1.0	0.0	0.0	2.0	0.0	2.0	0.0	0.0	0.0	0.0	2.0	0.0	0.0	2.0	1.0	0.0	0.0	0.0	0.0	0.0	0.0	1.0	0.0	0.0	0.0	0.0	0.0	1.0	0.0	0.0	1.0	0.0	0.0	0.0	1.0	0.0	0.0	0.0	0.0	2.0	0.0	1.0	0.0	2.0	2.0	1.0	0.0	-0.7285714285714286	-0.1428571428571428	8.114285714285714	123.7	-2.6666666666666665	-0.6666666666666666	11.266666666666666	110.09833333333334	-0.4	-0.0909090909090909	7.609090909090909	123.50727272727272	7	6	11	7	6	11
3g04	B	LEPGYSSTWSVN	DPTDSY	GYRFTSY	0.0	1.0	0.0	0.0	0.0	0.0	0.0	1.0	0.0	0.0	0.0	0.0	0.0	1.0	0.0	1.0	1.0	0.0	2.0	0.0	0.0	0.0	0.0	2.0	0.0	0.0	0.0	0.0	0.0	0.0	0.0	0.0	0.0	0.0	1.0	1.0	1.0	0.0	1.0	0.0	0.0	0.0	1.0	0.0	0.0	0.0	1.0	1.0	0.0	0.0	1.0	0.0	0.0	0.0	1.0	3.0	1.0	1.0	1.0	1.0	-0.8857142857142858	0.1428571428571428	7.8428571428571425	127.56714285714284	-1.9	-0.3333333333333333	9.666666666666666	113.11166666666668	-0.525	-0.0833333333333333	8.291666666666666	111.62	7	6	12	7	6	12
3sob	H	GSGHVNAVKNYGYVMDY	TPYGGY	GFTFTNS	0.0	0.0	1.0	0.0	0.0	0.0	0.0	1.0	0.0	0.0	0.0	0.0	0.0	2.0	0.0	1.0	2.0	0.0	0.0	0.0	0.0	0.0	0.0	0.0	0.0	0.0	0.0	2.0	0.0	0.0	0.0	0.0	0.0	0.0	1.0	0.0	1.0	0.0	2.0	0.0	1.0	0.0	2.0	1.0	0.0	0.0	0.0	3.0	1.0	0.0	0.0	1.0	1.0	0.0	0.0	1.0	0.0	0.0	3.0	3.0	-0.0714285714285714	0.0	8.2	110.40285714285714	-0.95	0.0	7.833333333333333	112.44833333333334	-0.4235294117647059	0.0588235294117647	8.48235294117647	112.3570588235294	7	6	17	7	6	17
3eoa	H	GIYFYGTTYFDY	HPSDSE	GYSFTGH	0.0	0.0	0.0	0.0	0.0	0.0	0.0	2.0	1.0	0.0	0.0	0.0	0.0	1.0	0.0	1.0	1.0	0.0	1.0	0.0	0.0	0.0	0.0	1.0	0.0	0.0	1.0	0.0	1.0	0.0	0.0	0.0	0.0	0.0	1.0	2.0	0.0	0.0	0.0	0.0	0.0	0.0	0.0	1.0	0.0	0.0	0.0	2.0	0.0	1.0	0.0	0.0	0.0	2.0	0.0	0.0	2.0	0.0	4.0	0.0	-0.5714285714285714	0.1428571428571428	8.22857142857143	112.25571428571428	-2.2333333333333334	-0.1666666666666666	10.35	108.77166666666666	-0.0666666666666667	-0.0833333333333333	7.383333333333333	127.30416666666667	7	6	12	7	6	12
3nps	B	TFHIRRYRSGYYDKMDH	IPIFGT	GGTFSSY	0.0	0.0	0.0	0.0	0.0	0.0	0.0	2.0	0.0	0.0	0.0	0.0	0.0	1.0	0.0	2.0	1.0	0.0	1.0	0.0	0.0	0.0	0.0	0.0	0.0	0.0	0.0	1.0	0.0	2.0	0.0	0.0	0.0	1.0	1.0	0.0	1.0	0.0	0.0	0.0	0.0	3.0	0.0	2.0	0.0	0.0	0.0	1.0	2.0	1.0	0.0	1.0	1.0	1.0	0.0	1.0	1.0	0.0	3.0	0.0	-0.2285714285714286	0.0	8.057142857142857	105.10428571428572	1.5166666666666666	0.0	6.866666666666667	107.79666666666668	-1.611764705882353	0.2352941176470588	8.888235294117647	132.09	7	6	17	7	6	17
3n85	H	WWSSAMDY	SPSSGW	GFSIWWS	0.0	0.0	0.0	0.0	0.0	0.0	0.0	1.0	0.0	1.0	0.0	0.0	0.0	1.0	0.0	2.0	0.0	2.0	0.0	0.0	0.0	0.0	0.0	0.0	0.0	0.0	0.0	1.0	0.0	0.0	0.0	0.0	0.0	0.0	1.0	3.0	0.0	1.0	0.0	0.0	1.0	0.0	0.0	1.0	0.0	0.0	0.0	0.0	0.0	0.0	0.0	0.0	1.0	0.0	0.0	2.0	0.0	2.0	1.0	0.0	0.4999999999999999	0.0	6.942857142857143	125.99857142857142	-0.8833333333333334	0.0	8.333333333333334	103.27166666666666	-0.5625	-0.125	7.775	128.39375	7	6	8	7	6	8
7shy	C	GSHYFGHWHFAV	TYDGS	GYSITSGY	0.0	0.0	0.0	0.0	0.0	0.0	0.0	2.0	0.0	1.0	0.0	0.0	0.0	0.0	0.0	2.0	1.0	0.0	2.0	0.0	0.0	0.0	0.0	1.0	0.0	0.0	0.0	1.0	0.0	0.0	0.0	0.0	0.0	0.0	0.0	1.0	1.0	0.0	1.0	0.0	1.0	0.0	0.0	0.0	0.0	0.0	0.0	2.0	3.0	0.0	0.0	0.0	0.0	2.0	0.0	1.0	0.0	1.0	1.0	1.0	-0.15	0.0	7.825	108.11125	-1.34	-0.2	9.2	108.302	-0.15	0.25	7.866666666666667	121.88083333333331	8	5	12	8	5	12
7amq	H	GAGYNFDGAYRFFDF	NPYNDD	GYTFTGY	0.0	0.0	0.0	0.0	0.0	0.0	0.0	2.0	0.0	0.0	0.0	0.0	0.0	1.0	0.0	0.0	2.0	0.0	2.0	0.0	0.0	0.0	2.0	2.0	0.0	0.0	0.0	0.0	0.0	0.0	0.0	0.0	0.0	0.0	1.0	0.0	0.0	0.0	1.0	0.0	2.0	1.0	1.0	2.0	0.0	0.0	0.0	3.0	0.0	0.0	0.0	0.0	0.0	4.0	0.0	0.0	0.0	0.0	2.0	0.0	-0.2857142857142857	0.0	7.542857142857143	117.98	-2.8166666666666664	-0.3333333333333333	10.566666666666666	119.78333333333336	-0.2666666666666667	-0.0666666666666666	8.3	118.858	7	6	15	7	6	15
6pe9	H	SWGYFDV	SSGRSN	GFTFSDY	0.0	0.0	0.0	1.0	0.0	0.0	0.0	1.0	0.0	0.0	0.0	0.0	0.0	2.0	0.0	1.0	1.0	0.0	1.0	0.0	0.0	1.0	1.0	0.0	0.0	0.0	0.0	1.0	0.0	0.0	0.0	0.0	0.0	0.0	0.0	3.0	0.0	0.0	0.0	0.0	0.0	0.0	0.0	1.0	0.0	0.0	0.0	1.0	0.0	0.0	0.0	0.0	0.0	1.0	0.0	1.0	0.0	1.0	1.0	1.0	-0.1571428571428572	-0.1428571428571428	8.057142857142857	119.41	-1.8	0.1666666666666666	9.783333333333331	101.09833333333334	0.0142857142857142	-0.1428571428571428	7.7	124.70428571428572	7	6	7	7	6	7
6u36	H	ERYGYYFDY	DPGSGG	GYTFSSY	0.0	0.0	0.0	0.0	0.0	0.0	0.0	1.0	0.0	0.0	0.0	0.0	0.0	1.0	0.0	2.0	1.0	0.0	2.0	0.0	0.0	0.0	0.0	1.0	0.0	0.0	0.0	3.0	0.0	0.0	0.0	0.0	0.0	0.0	1.0	1.0	0.0	0.0	0.0	0.0	0.0	1.0	0.0	1.0	0.0	0.0	1.0	1.0	0.0	0.0	0.0	0.0	0.0	1.0	0.0	0.0	0.0	0.0	4.0	0.0	-0.3571428571428572	0.0	7.6571428571428575	117.69428571428573	-1.1833333333333331	-0.1666666666666666	9.533333333333331	87.40666666666668	-1.588888888888889	-0.1111111111111111	8.31111111111111	141.70555555555558	7	6	9	7	6	9
5hi4	C	DLIHGVTRN	SGSGGS	GFTFSSY	0.0	0.0	0.0	0.0	0.0	0.0	0.0	1.0	0.0	0.0	0.0	0.0	0.0	2.0	0.0	2.0	1.0	0.0	1.0	0.0	0.0	0.0	0.0	0.0	0.0	0.0	0.0	3.0	0.0	0.0	0.0	0.0	0.0	0.0	0.0	3.0	0.0	0.0	0.0	0.0	0.0	1.0	1.0	1.0	0.0	0.0	0.0	1.0	1.0	1.0	1.0	0.0	0.0	0.0	0.0	0.0	1.0	0.0	0.0	1.0	0.2285714285714285	0.0	7.514285714285714	115.40857142857143	-0.6	0.0	9.1	81.065	-0.3666666666666667	0.1111111111111111	8.788888888888888	113.79333333333332	7	6	9	7	6	9
7kql	H	GGPYGDYAHWFEP	YYSGF	GGSISSRSY	0.0	1.0	0.0	0.0	0.0	0.0	0.0	2.0	0.0	1.0	0.0	0.0	0.0	0.0	0.0	4.0	0.0	0.0	1.0	0.0	0.0	0.0	0.0	0.0	0.0	0.0	0.0	1.0	0.0	0.0	0.0	0.0	0.0	1.0	0.0	1.0	0.0	0.0	2.0	0.0	1.0	0.0	0.0	1.0	0.0	0.0	1.0	3.0	1.0	0.0	0.0	0.0	0.0	1.0	2.0	0.0	0.0	1.0	2.0	0.0	-0.588888888888889	0.1111111111111111	8.522222222222222	103.4388888888889	-0.2000000000000001	0.0	7.159999999999999	127.134	-1.0384615384615383	-0.0769230769230769	8.446153846153846	117.81384615384614	9	5	13	9	5	13
6aru	C	ALTYYDYEFAY	WSGGN	GFDLTDY	0.0	0.0	0.0	2.0	0.0	0.0	0.0	1.0	0.0	0.0	1.0	0.0	0.0	1.0	0.0	0.0	1.0	0.0	1.0	0.0	0.0	0.0	1.0	0.0	0.0	0.0	0.0	2.0	0.0	0.0	0.0	0.0	0.0	0.0	0.0	1.0	0.0	1.0	0.0	0.0	2.0	0.0	0.0	1.0	0.0	0.0	1.0	0.0	0.0	0.0	1.0	0.0	0.0	1.0	0.0	0.0	1.0	0.0	4.0	0.0	-0.4	-0.2857142857142857	8.557142857142857	118.55142857142856	-1.2	0.0	8.84	107.502	-0.2454545454545454	-0.1818181818181818	7.727272727272728	127.32181818181816	7	5	11	7	5	11
5hys	A	GSHYFGHWHFAV	TYDGS	GYSITSGY	0.0	0.0	0.0	0.0	0.0	0.0	0.0	2.0	0.0	1.0	0.0	0.0	0.0	0.0	0.0	2.0	1.0	0.0	2.0	0.0	0.0	0.0	0.0	1.0	0.0	0.0	0.0	1.0	0.0	0.0	0.0	0.0	0.0	0.0	0.0	1.0	1.0	0.0	1.0	0.0	1.0	0.0	0.0	0.0	0.0	0.0	0.0	2.0	3.0	0.0	0.0	0.0	0.0	2.0	0.0	1.0	0.0	1.0	1.0	1.0	-0.15	0.0	7.825	108.11125	-1.34	-0.2	9.2	108.302	-0.15	0.25	7.866666666666667	121.88083333333331	8	5	12	8	5	12
5mes	H	QVGATWAFDI	SSSSSY	GFTFSSY	0.0	0.0	0.0	0.0	0.0	0.0	0.0	1.0	0.0	0.0	0.0	0.0	0.0	2.0	0.0	2.0	1.0	0.0	1.0	0.0	0.0	0.0	0.0	0.0	0.0	0.0	0.0	0.0	0.0	0.0	0.0	0.0	0.0	0.0	0.0	5.0	0.0	0.0	1.0	0.0	2.0	0.0	0.0	1.0	0.0	1.0	0.0	1.0	0.0	1.0	0.0	0.0	0.0	1.0	0.0	0.0	1.0	1.0	0.0	1.0	0.2285714285714285	0.0	7.514285714285714	115.40857142857143	-0.8833333333333334	0.0	8.7	99.76333333333334	0.61	-0.1	7.9	110.723	7	6	10	7	6	10
3nfp	H	GGGVFDY	NPSTGY	GYTFTSY	0.0	0.0	0.0	0.0	0.0	0.0	0.0	1.0	0.0	0.0	0.0	0.0	0.0	1.0	0.0	1.0	2.0	0.0	2.0	0.0	0.0	0.0	1.0	0.0	0.0	0.0	0.0	1.0	0.0	0.0	0.0	0.0	0.0	0.0	1.0	1.0	1.0	0.0	1.0	0.0	0.0	0.0	0.0	1.0	0.0	0.0	0.0	3.0	0.0	0.0	0.0	0.0	0.0	1.0	0.0	0.0	0.0	0.0	1.0	1.0	-0.3428571428571429	0.0	7.571428571428571	119.69857142857144	-1.3833333333333335	0.0	8.766666666666667	106.275	0.1428571428571428	-0.1428571428571428	8.185714285714285	107.10428571428572	7	6	7	7	6	7
5bv7	C	EGAAVRSFYYSYYGMDV	WYDGSN	GFTFSSY	0.0	0.0	0.0	0.0	0.0	0.0	0.0	1.0	0.0	0.0	0.0	0.0	0.0	2.0	0.0	2.0	1.0	0.0	1.0	0.0	0.0	0.0	1.0	1.0	0.0	0.0	0.0	1.0	0.0	0.0	0.0	0.0	0.0	0.0	0.0	1.0	0.0	1.0	1.0	0.0	2.0	1.0	0.0	1.0	0.0	0.0	1.0	2.0	0.0	0.0	0.0	0.0	1.0	1.0	0.0	2.0	0.0	0.0	4.0	2.0	0.2285714285714285	0.0	7.514285714285714	115.40857142857143	-1.7333333333333334	-0.1666666666666666	9.066666666666666	123.455	-0.1411764705882353	-0.0588235294117647	7.994117647058824	117.42235294117648	7	6	17	7	6	17
6yxd	H	ETGTAWFAY	NPNSGG	GYTFTDF	0.0	0.0	0.0	1.0	0.0	0.0	0.0	1.0	0.0	0.0	0.0	0.0	0.0	2.0	0.0	0.0	2.0	0.0	1.0	0.0	0.0	0.0	2.0	0.0	0.0	0.0	0.0	2.0	0.0	0.0	0.0	0.0	0.0	0.0	1.0	1.0	0.0	0.0	0.0	0.0	2.0	0.0	0.0	0.0	0.0	0.0	1.0	1.0	0.0	0.0	0.0	0.0	0.0	1.0	0.0	0.0	2.0	1.0	1.0	0.0	-0.1428571428571429	-0.1428571428571428	7.971428571428571	121.41428571428573	-1.7	0.0	9.733333333333333	93.75333333333332	-0.1222222222222222	-0.1111111111111111	7.944444444444445	116.12555555555556	7	6	9	7	6	9
5mev	H	QVGATWAFDI	SSSSSY	GFTFSSY	0.0	0.0	0.0	0.0	0.0	0.0	0.0	1.0	0.0	0.0	0.0	0.0	0.0	2.0	0.0	2.0	1.0	0.0	1.0	0.0	0.0	0.0	0.0	0.0	0.0	0.0	0.0	0.0	0.0	0.0	0.0	0.0	0.0	0.0	0.0	5.0	0.0	0.0	1.0	0.0	2.0	0.0	0.0	1.0	0.0	1.0	0.0	1.0	0.0	1.0	0.0	0.0	0.0	1.0	0.0	0.0	1.0	1.0	0.0	1.0	0.2285714285714285	0.0	7.514285714285714	115.40857142857143	-0.8833333333333334	0.0	8.7	99.76333333333334	0.61	-0.1	7.9	110.723	7	6	10	7	6	10
7si0	I	GSHYFGHWHFAV	TYDGS	GYSITSGY	0.0	0.0	0.0	0.0	0.0	0.0	0.0	2.0	0.0	1.0	0.0	0.0	0.0	0.0	0.0	2.0	1.0	0.0	2.0	0.0	0.0	0.0	0.0	1.0	0.0	0.0	0.0	1.0	0.0	0.0	0.0	0.0	0.0	0.0	0.0	1.0	1.0	0.0	1.0	0.0	1.0	0.0	0.0	0.0	0.0	0.0	0.0	2.0	3.0	0.0	0.0	0.0	0.0	2.0	0.0	1.0	0.0	1.0	1.0	1.0	-0.15	0.0	7.825	108.11125	-1.34	-0.2	9.2	108.302	-0.15	0.25	7.866666666666667	121.88083333333331	8	5	12	8	5	12
5ggs	C	RDYRFDMGFDY	NPSNGG	GYTFTNY	0.0	0.0	1.0	0.0	0.0	0.0	0.0	1.0	0.0	0.0	0.0	0.0	0.0	1.0	0.0	0.0	2.0	0.0	2.0	0.0	0.0	0.0	2.0	0.0	0.0	0.0	0.0	2.0	0.0	0.0	0.0	0.0	0.0	0.0	1.0	1.0	0.0	0.0	0.0	0.0	0.0	2.0	0.0	3.0	0.0	0.0	0.0	1.0	0.0	0.0	0.0	0.0	1.0	2.0	0.0	0.0	0.0	0.0	2.0	0.0	-0.7285714285714286	0.0	7.914285714285714	123.56000000000002	-1.7	0.0	9.733333333333333	93.75333333333332	-1.3636363636363635	-0.0909090909090909	8.863636363636363	134.96545454545455	7	6	11	7	6	11
4d9r	H	EGGVNN	NTYTGE	GYTFTNY	0.0	0.0	1.0	0.0	0.0	0.0	0.0	1.0	0.0	0.0	0.0	0.0	0.0	1.0	0.0	0.0	2.0	0.0	2.0	0.0	0.0	0.0	1.0	0.0	0.0	0.0	1.0	1.0	0.0	0.0	0.0	0.0	0.0	0.0	0.0	0.0	2.0	0.0	1.0	0.0	0.0	0.0	2.0	0.0	0.0	0.0	1.0	2.0	0.0	0.0	0.0	0.0	0.0	0.0	0.0	0.0	0.0	0.0	0.0	1.0	-0.7285714285714286	0.0	7.914285714285714	123.56000000000002	-1.6833333333333331	-0.1666666666666666	9.383333333333333	113.94666666666669	-1.1833333333333331	-0.1666666666666666	9.9	101.09499999999998	7	6	6	7	6	6
4lmq	E	DQGLNYGSLFDY	WGSGG	GFSLTVY	0.0	0.0	0.0	0.0	0.0	0.0	0.0	1.0	0.0	0.0	1.0	0.0	0.0	1.0	0.0	1.0	1.0	0.0	1.0	1.0	0.0	0.0	0.0	0.0	0.0	0.0	0.0	3.0	0.0	0.0	0.0	0.0	0.0	0.0	0.0	1.0	0.0	1.0	0.0	0.0	0.0	0.0	1.0	2.0	0.0	1.0	0.0	2.0	0.0	0.0	2.0	0.0	0.0	1.0	0.0	1.0	0.0	0.0	2.0	0.0	1.0857142857142856	0.0	7.0	112.27	-0.5800000000000001	0.0	8.32	99.69	-0.65	-0.1666666666666666	8.558333333333334	117.455	7	5	12	7	5	12
5xwd	H	LPMVTMSFDY	YYSGS	GGSISSSSY	0.0	0.0	0.0	0.0	0.0	0.0	0.0	2.0	0.0	1.0	0.0	0.0	0.0	0.0	0.0	5.0	0.0	0.0	1.0	0.0	0.0	0.0	0.0	0.0	0.0	0.0	0.0	1.0	0.0	0.0	0.0	0.0	0.0	0.0	0.0	2.0	0.0	0.0	2.0	0.0	0.0	0.0	0.0	1.0	0.0	0.0	0.0	0.0	0.0	0.0	1.0	0.0	2.0	1.0	1.0	1.0	1.0	0.0	1.0	1.0	-0.1777777777777778	0.0	8.377777777777776	95.76	-0.9200000000000002	0.0	7.959999999999999	115.114	0.6699999999999999	-0.1	7.24	118.545	9	5	10	9	5	10
3b2u	F	VSIFGVGTFDY	YYSGS	GGSISSGDY	0.0	0.0	0.0	1.0	0.0	0.0	0.0	3.0	0.0	1.0	0.0	0.0	0.0	0.0	0.0	3.0	0.0	0.0	1.0	0.0	0.0	0.0	0.0	0.0	0.0	0.0	0.0	1.0	0.0	0.0	0.0	0.0	0.0	0.0	0.0	2.0	0.0	0.0	2.0	0.0	0.0	0.0	0.0	1.0	0.0	0.0	0.0	2.0	0.0	1.0	0.0	0.0	0.0	2.0	0.0	1.0	1.0	0.0	1.0	2.0	-0.4333333333333333	-0.1111111111111111	8.777777777777779	97.53555555555556	-0.9200000000000002	0.0	7.959999999999999	115.114	1.0363636363636364	-0.0909090909090909	7.490909090909091	111.12181818181816	9	5	11	9	5	11
6fxn	D	SRDLLLFPHHALSP	IPMFGT	GGTFNNN	0.0	0.0	3.0	0.0	0.0	0.0	0.0	2.0	0.0	0.0	0.0	0.0	0.0	1.0	0.0	0.0	1.0	0.0	0.0	0.0	0.0	0.0	0.0	0.0	0.0	0.0	0.0	1.0	0.0	1.0	0.0	0.0	1.0	1.0	1.0	0.0	1.0	0.0	0.0	0.0	1.0	1.0	0.0	1.0	0.0	0.0	0.0	0.0	2.0	0.0	4.0	0.0	0.0	1.0	2.0	2.0	0.0	0.0	0.0	0.0	-1.3142857142857145	0.0	9.514285714285714	105.81714285714284	1.0833333333333333	0.0	6.95	110.80333333333331	0.0428571428571427	0.1428571428571428	7.971428571428571	113.2042857142857	7	6	14	7	6	14
3nh7	K	ERWHVRGYFDH	SSSGSL	GFTFSNY	0.0	0.0	1.0	0.0	0.0	0.0	0.0	1.0	0.0	0.0	0.0	0.0	0.0	2.0	0.0	1.0	1.0	0.0	1.0	0.0	0.0	0.0	0.0	0.0	0.0	0.0	0.0	1.0	0.0	0.0	1.0	0.0	0.0	0.0	0.0	4.0	0.0	0.0	0.0	0.0	0.0	2.0	0.0	1.0	0.0	0.0	1.0	1.0	2.0	0.0	0.0	0.0	0.0	1.0	0.0	0.0	0.0	1.0	1.0	1.0	-0.1571428571428572	0.0	7.857142857142857	119.27	0.0333333333333332	0.0	8.45	89.42166666666667	-1.6363636363636365	0.1818181818181818	8.981818181818182	136.51181818181817	7	6	11	7	6	11
6k7o	F	GMSTNDWASDL	FSGDSAS	GIDFSNHY	0.0	0.0	1.0	1.0	0.0	0.0	0.0	1.0	1.0	1.0	0.0	0.0	0.0	1.0	0.0	1.0	0.0	0.0	1.0	0.0	1.0	0.0	0.0	1.0	0.0	0.0	0.0	1.0	0.0	0.0	0.0	0.0	0.0	1.0	0.0	3.0	0.0	0.0	0.0	0.0	1.0	0.0	1.0	2.0	0.0	0.0	0.0	1.0	0.0	0.0	1.0	0.0	1.0	0.0	0.0	2.0	1.0	1.0	0.0	0.0	-0.675	0.0	8.725	118.99875	-0.2428571428571428	-0.1428571428571428	8.985714285714286	95.66285714285712	-0.6000000000000001	-0.1818181818181818	8.881818181818183	108.75181818181818	8	7	11	8	7	11
5tz2	H	VGRFASHQLDY	YPGDSD	GYSFTDY	0.0	0.0	0.0	1.0	0.0	0.0	0.0	1.0	0.0	0.0	0.0	0.0	0.0	1.0	0.0	1.0	1.0	0.0	2.0	0.0	0.0	0.0	0.0	2.0	0.0	0.0	0.0	1.0	0.0	0.0	0.0	0.0	0.0	0.0	1.0	1.0	0.0	0.0	1.0	0.0	1.0	1.0	0.0	1.0	0.0	1.0	0.0	1.0	1.0	0.0	1.0	0.0	0.0	1.0	0.0	1.0	0.0	0.0	1.0	1.0	-0.7428571428571429	-0.1428571428571428	8.2	121.69571428571427	-1.85	-0.3333333333333333	9.733333333333333	108.76833333333332	-0.4181818181818182	0.0909090909090909	8.445454545454545	117.4918181818182	7	6	11	7	6	11
5yoy	P	DRGIAAGGNYYYYGMDV	SYDGSN	GFIFSSY	0.0	0.0	0.0	0.0	0.0	0.0	0.0	1.0	0.0	1.0	0.0	0.0	0.0	2.0	0.0	2.0	0.0	0.0	1.0	0.0	0.0	0.0	1.0	1.0	0.0	0.0	0.0	1.0	0.0	0.0	0.0	0.0	0.0	0.0	0.0	2.0	0.0	0.0	1.0	0.0	2.0	1.0	1.0	2.0	0.0	0.0	0.0	4.0	0.0	1.0	0.0	0.0	1.0	0.0	0.0	0.0	0.0	0.0	4.0	1.0	0.9714285714285714	0.0	7.028571428571429	117.13	-1.7166666666666668	-0.1666666666666666	9.7	106.93166666666669	-0.4470588235294117	-0.0588235294117647	8.347058823529412	114.06176470588235	7	6	17	7	6	17
7cgw	A	AYGNYWYIDV	YADGS	GFSLTSY	0.0	0.0	0.0	0.0	0.0	0.0	0.0	1.0	0.0	0.0	1.0	0.0	0.0	1.0	0.0	2.0	1.0	0.0	1.0	0.0	1.0	0.0	0.0	1.0	0.0	0.0	0.0	1.0	0.0	0.0	0.0	0.0	0.0	0.0	0.0	1.0	0.0	0.0	1.0	0.0	1.0	0.0	1.0	1.0	0.0	0.0	0.0	1.0	0.0	1.0	0.0	0.0	0.0	0.0	0.0	0.0	0.0	1.0	3.0	1.0	0.3714285714285714	0.0	7.471428571428571	110.54857142857144	-0.8400000000000001	-0.2	9.1	102.296	-0.1699999999999999	-0.1	7.68	126.338	7	5	10	7	5	10
6t3j	C	WGTNVYFAY	DPANGN	GFNIKDT	0.0	0.0	1.0	1.0	0.0	0.0	0.0	1.0	0.0	1.0	0.0	1.0	0.0	1.0	0.0	0.0	1.0	0.0	0.0	0.0	1.0	0.0	2.0	1.0	0.0	0.0	0.0	1.0	0.0	0.0	0.0	0.0	0.0	0.0	1.0	0.0	0.0	0.0	0.0	0.0	1.0	0.0	1.0	0.0	0.0	0.0	0.0	1.0	0.0	0.0	0.0	0.0	0.0	1.0	0.0	0.0	1.0	1.0	2.0	1.0	-0.6714285714285715	0.0	9.128571428571428	113.41142857142856	-1.7833333333333332	-0.1666666666666666	10.216666666666669	97.76	0.0777777777777777	0.0	7.355555555555556	124.47111111111111	7	6	9	7	6	9
4ogx	H	RRIGVPRRDEFDI	YSSGGI	GFTFSHY	0.0	0.0	0.0	0.0	0.0	0.0	0.0	1.0	1.0	0.0	0.0	0.0	0.0	2.0	0.0	1.0	1.0	0.0	1.0	0.0	0.0	0.0	0.0	0.0	0.0	0.0	0.0	2.0	0.0	1.0	0.0	0.0	0.0	0.0	0.0	2.0	0.0	0.0	1.0	0.0	0.0	4.0	0.0	2.0	0.0	0.0	1.0	1.0	0.0	2.0	0.0	0.0	0.0	1.0	1.0	0.0	0.0	0.0	0.0	1.0	-0.1142857142857143	0.1428571428571428	7.685714285714285	122.56	0.1333333333333333	0.0	7.966666666666666	100.1	-1.1153846153846154	0.0769230769230769	9.138461538461538	125.29692307692306	7	6	13	7	6	13
6pe8	H	SWGYFDV	SSGRGN	GFTFSDY	0.0	0.0	0.0	1.0	0.0	0.0	0.0	1.0	0.0	0.0	0.0	0.0	0.0	2.0	0.0	1.0	1.0	0.0	1.0	0.0	0.0	1.0	1.0	0.0	0.0	0.0	0.0	2.0	0.0	0.0	0.0	0.0	0.0	0.0	0.0	2.0	0.0	0.0	0.0	0.0	0.0	0.0	0.0	1.0	0.0	0.0	0.0	1.0	0.0	0.0	0.0	0.0	0.0	1.0	0.0	1.0	0.0	1.0	1.0	1.0	-0.1571428571428572	-0.1428571428571428	8.057142857142857	119.41	-1.7333333333333334	0.1666666666666666	9.75	99.09333333333332	0.0142857142857142	-0.1428571428571428	7.7	124.70428571428572	7	6	7	7	6	7
5ggt	H	KFHFVSGSPFGMDV	IPIFGK	GDTFSTY	0.0	0.0	0.0	1.0	0.0	0.0	0.0	1.0	0.0	0.0	0.0	0.0	0.0	1.0	0.0	1.0	2.0	0.0	1.0	0.0	0.0	0.0	0.0	0.0	0.0	0.0	0.0	1.0	0.0	2.0	0.0	1.0	0.0	1.0	1.0	0.0	0.0	0.0	0.0	0.0	0.0	0.0	0.0	1.0	0.0	0.0	0.0	2.0	1.0	0.0	0.0	1.0	1.0	3.0	1.0	2.0	0.0	0.0	0.0	2.0	-0.6571428571428573	-0.1428571428571428	8.542857142857143	112.82857142857142	0.9833333333333332	0.1666666666666666	7.316666666666666	112.30833333333334	0.2928571428571428	0.0714285714285714	8.014285714285714	112.34214285714286	7	6	14	7	6	14
6mhr	A	DYGPGNYDWYFDL	NHGGY	GGSFSGY	0.0	0.0	0.0	0.0	0.0	0.0	0.0	3.0	0.0	0.0	0.0	0.0	0.0	1.0	0.0	2.0	0.0	0.0	1.0	0.0	0.0	0.0	1.0	0.0	0.0	0.0	0.0	2.0	1.0	0.0	0.0	0.0	0.0	0.0	0.0	0.0	0.0	0.0	1.0	0.0	0.0	0.0	1.0	3.0	0.0	0.0	0.0	2.0	0.0	0.0	1.0	0.0	0.0	1.0	1.0	0.0	0.0	1.0	3.0	0.0	-0.1857142857142857	0.0	8.114285714285714	101.38142857142856	-1.7600000000000002	0.2	9.24	112.906	-1.123076923076923	-0.2307692307692307	8.515384615384615	126.36153846153846	7	5	13	7	5	13
6o3b	G	SSPGADYGLDY	YSSYSY	GFNIYYY	0.0	0.0	1.0	0.0	0.0	0.0	0.0	1.0	0.0	1.0	0.0	0.0	0.0	1.0	0.0	0.0	0.0	0.0	3.0	0.0	0.0	0.0	0.0	0.0	0.0	0.0	0.0	0.0	0.0	0.0	0.0	0.0	0.0	0.0	0.0	3.0	0.0	0.0	3.0	0.0	1.0	0.0	0.0	2.0	0.0	0.0	0.0	2.0	0.0	0.0	1.0	0.0	0.0	0.0	1.0	2.0	0.0	0.0	2.0	0.0	-0.0714285714285714	0.0	7.085714285714286	134.14857142857142	-1.05	0.0	7.699999999999999	125.13	-0.7272727272727273	-0.1818181818181818	8.709090909090909	105.6509090909091	7	6	11	7	6	11
6vmk	l	EGGFAY	NPTSGG	GYTFTSY	0.0	0.0	0.0	0.0	0.0	0.0	0.0	1.0	0.0	0.0	0.0	0.0	0.0	1.0	0.0	1.0	2.0	0.0	2.0	0.0	0.0	0.0	1.0	0.0	0.0	0.0	0.0	2.0	0.0	0.0	0.0	0.0	0.0	0.0	1.0	1.0	1.0	0.0	0.0	0.0	1.0	0.0	0.0	0.0	0.0	0.0	1.0	2.0	0.0	0.0	0.0	0.0	0.0	1.0	0.0	0.0	0.0	0.0	1.0	0.0	-0.3428571428571429	0.0	7.571428571428571	119.69857142857144	-1.2333333333333334	0.0	9.233333333333333	91.58666666666666	-0.1666666666666667	-0.1666666666666666	8.299999999999999	110.11	7	6	6	7	6	6
4i2x	D	GNYDRAWFAY	FPGSGN	GYSFTSY	0.0	0.0	0.0	0.0	0.0	0.0	0.0	1.0	0.0	0.0	0.0	0.0	0.0	1.0	0.0	2.0	1.0	0.0	2.0	0.0	0.0	0.0	1.0	0.0	0.0	0.0	0.0	2.0	0.0	0.0	0.0	0.0	0.0	1.0	1.0	1.0	0.0	0.0	0.0	0.0	2.0	1.0	1.0	1.0	0.0	0.0	0.0	1.0	0.0	0.0	0.0	0.0	0.0	1.0	0.0	0.0	0.0	1.0	2.0	0.0	-0.3571428571428572	0.0	7.6571428571428575	117.69428571428573	-0.65	0.0	8.666666666666666	99.265	-0.9	0.0	8.33	126.23600000000002	7	6	10	7	6	10
3t2n	H	GFAY	NTETGS	GYTFTDY	0.0	0.0	0.0	1.0	0.0	0.0	0.0	1.0	0.0	0.0	0.0	0.0	0.0	1.0	0.0	0.0	2.0	0.0	2.0	0.0	0.0	0.0	1.0	0.0	0.0	0.0	1.0	1.0	0.0	0.0	0.0	0.0	0.0	0.0	0.0	1.0	2.0	0.0	0.0	0.0	1.0	0.0	0.0	0.0	0.0	0.0	0.0	1.0	0.0	0.0	0.0	0.0	0.0	1.0	0.0	0.0	0.0	0.0	1.0	0.0	-0.7285714285714286	-0.1428571428571428	8.114285714285714	123.7	-1.6	-0.1666666666666666	9.883333333333333	101.26333333333334	0.725	0.0	7.125	114.1225	7	6	4	7	6	4
5jxe	D	RDYRFDMGFDY	NPSNGG	GYTFTNY	0.0	0.0	1.0	0.0	0.0	0.0	0.0	1.0	0.0	0.0	0.0	0.0	0.0	1.0	0.0	0.0	2.0	0.0	2.0	0.0	0.0	0.0	2.0	0.0	0.0	0.0	0.0	2.0	0.0	0.0	0.0	0.0	0.0	0.0	1.0	1.0	0.0	0.0	0.0	0.0	0.0	2.0	0.0	3.0	0.0	0.0	0.0	1.0	0.0	0.0	0.0	0.0	1.0	2.0	0.0	0.0	0.0	0.0	2.0	0.0	-0.7285714285714286	0.0	7.914285714285714	123.56000000000002	-1.7	0.0	9.733333333333333	93.75333333333332	-1.3636363636363635	-0.0909090909090909	8.863636363636363	134.96545454545455	7	6	11	7	6	11
3p0y	H	ESRVSFEAAMDY	SAAGGY	GFTLSGD	0.0	0.0	0.0	1.0	0.0	0.0	0.0	2.0	0.0	0.0	1.0	0.0	0.0	1.0	0.0	1.0	1.0	0.0	0.0	0.0	2.0	0.0	0.0	0.0	0.0	0.0	0.0	2.0	0.0	0.0	0.0	0.0	0.0	0.0	0.0	1.0	0.0	0.0	1.0	0.0	2.0	1.0	0.0	1.0	0.0	0.0	2.0	0.0	0.0	0.0	0.0	0.0	1.0	1.0	0.0	2.0	0.0	0.0	1.0	1.0	0.1142857142857142	-0.1428571428571428	8.414285714285715	101.96	0.1166666666666666	0.0	8.266666666666667	90.42	-0.45	-0.1666666666666666	8.808333333333334	115.54416666666668	7	6	12	7	6	12
5tzt	H	GGWHAMDS	YPYNGG	GYTFTDY	0.0	0.0	0.0	1.0	0.0	0.0	0.0	1.0	0.0	0.0	0.0	0.0	0.0	1.0	0.0	0.0	2.0	0.0	2.0	0.0	0.0	0.0	1.0	0.0	0.0	0.0	0.0	2.0	0.0	0.0	0.0	0.0	0.0	0.0	1.0	0.0	0.0	0.0	2.0	0.0	1.0	0.0	0.0	1.0	0.0	0.0	0.0	2.0	1.0	0.0	0.0	0.0	1.0	0.0	0.0	1.0	0.0	1.0	0.0	0.0	-0.7285714285714286	-0.1428571428571428	8.114285714285714	123.7	-1.4166666666666667	0.0	8.333333333333334	114.615	-0.6875	0.0	8.725	109.73875	7	6	8	7	6	8
6b3s	C	VSIFGVGTFDY	YYSGS	GGSISSGDY	0.0	0.0	0.0	1.0	0.0	0.0	0.0	3.0	0.0	1.0	0.0	0.0	0.0	0.0	0.0	3.0	0.0	0.0	1.0	0.0	0.0	0.0	0.0	0.0	0.0	0.0	0.0	1.0	0.0	0.0	0.0	0.0	0.0	0.0	0.0	2.0	0.0	0.0	2.0	0.0	0.0	0.0	0.0	1.0	0.0	0.0	0.0	2.0	0.0	1.0	0.0	0.0	0.0	2.0	0.0	1.0	1.0	0.0	1.0	2.0	-0.4333333333333333	-0.1111111111111111	8.777777777777779	97.53555555555556	-0.9200000000000002	0.0	7.959999999999999	115.114	1.0363636363636364	-0.0909090909090909	7.490909090909091	111.12181818181816	9	5	11	9	5	11
4wv1	B	TYGIYDLYVDYTEYVMDY	HLGDGS	GFTFTST	0.0	0.0	0.0	0.0	0.0	0.0	0.0	1.0	0.0	0.0	0.0	0.0	0.0	2.0	0.0	1.0	3.0	0.0	0.0	0.0	0.0	0.0	0.0	1.0	0.0	0.0	0.0	2.0	1.0	0.0	1.0	0.0	0.0	0.0	0.0	1.0	0.0	0.0	0.0	0.0	0.0	0.0	0.0	3.0	0.0	0.0	1.0	1.0	0.0	1.0	1.0	0.0	1.0	0.0	0.0	0.0	2.0	0.0	6.0	2.0	0.3285714285714285	0.0	7.771428571428571	108.5457142857143	-0.75	0.0	9.25	100.42833333333331	-0.2777777777777778	-0.2222222222222222	7.905555555555556	127.02888888888889	7	6	18	7	6	18
5wi9	H	DRAAAGLHYYYGMDV	WYDGSI	GFTFSNY	0.0	0.0	1.0	0.0	0.0	0.0	0.0	1.0	0.0	0.0	0.0	0.0	0.0	2.0	0.0	1.0	1.0	0.0	1.0	0.0	0.0	0.0	0.0	1.0	0.0	0.0	0.0	1.0	0.0	1.0	0.0	0.0	0.0	0.0	0.0	1.0	0.0	1.0	1.0	0.0	3.0	1.0	0.0	2.0	0.0	0.0	0.0	2.0	1.0	0.0	1.0	0.0	1.0	0.0	0.0	0.0	0.0	0.0	3.0	1.0	-0.1571428571428572	0.0	7.857142857142857	119.27	-0.4000000000000001	-0.1666666666666666	8.0	123.29666666666668	-0.2733333333333334	0.0	8.286666666666667	114.65866666666666	7	6	15	7	6	15
7seg	H	GSAYYYDFADY	EPMYGS	GYTFTSY	0.0	0.0	0.0	0.0	0.0	0.0	0.0	1.0	0.0	0.0	0.0	0.0	0.0	1.0	0.0	1.0	2.0	0.0	2.0	0.0	0.0	0.0	0.0	0.0	0.0	0.0	1.0	1.0	0.0	0.0	0.0	0.0	1.0	0.0	1.0	1.0	0.0	0.0	1.0	0.0	2.0	0.0	0.0	2.0	0.0	0.0	0.0	1.0	0.0	0.0	0.0	0.0	0.0	1.0	0.0	1.0	0.0	0.0	4.0	0.0	-0.3428571428571429	0.0	7.571428571428571	119.69857142857144	-0.95	-0.1666666666666666	8.4	113.79166666666669	-0.6363636363636364	-0.1818181818181818	8.218181818181819	121.30636363636364	7	6	11	7	6	11
6m58	C	ETVMAGKALDY	SSSGRY	GFMFRAY	1.0	1.0	0.0	0.0	0.0	0.0	0.0	1.0	0.0	0.0	0.0	0.0	1.0	2.0	0.0	0.0	0.0	0.0	1.0	0.0	0.0	1.0	0.0	0.0	0.0	0.0	0.0	1.0	0.0	0.0	0.0	0.0	0.0	0.0	0.0	3.0	0.0	0.0	1.0	0.0	2.0	0.0	0.0	1.0	0.0	0.0	1.0	1.0	0.0	0.0	1.0	1.0	1.0	0.0	0.0	0.0	1.0	0.0	1.0	1.0	0.4428571428571428	0.1428571428571428	7.128571428571428	127.2942857142857	-1.4333333333333331	0.1666666666666666	8.883333333333333	109.27666666666666	0.0181818181818181	-0.0909090909090909	8.463636363636363	108.85272727272728	7	6	11	7	6	11
6pi7	C	SHYRPWYKWAYGLDY	YPYYGS	GFNVSYY	0.0	0.0	1.0	0.0	0.0	0.0	0.0	1.0	0.0	0.0	0.0	0.0	0.0	1.0	0.0	1.0	0.0	0.0	2.0	1.0	0.0	0.0	0.0	0.0	0.0	0.0	0.0	1.0	0.0	0.0	0.0	0.0	0.0	0.0	1.0	1.0	0.0	0.0	3.0	0.0	1.0	1.0	0.0	1.0	0.0	0.0	0.0	1.0	1.0	0.0	1.0	1.0	0.0	0.0	1.0	1.0	0.0	2.0	4.0	0.0	-0.0428571428571428	0.0	7.614285714285714	121.27285714285712	-1.1166666666666667	0.0	7.466666666666666	124.79833333333332	-1.2866666666666666	0.1333333333333333	8.0	133.68333333333334	7	6	15	7	6	15
7mdp	H	GSSSWYDLGPFDY	YHSGS	GGSISSSN	0.0	0.0	1.0	0.0	0.0	0.0	0.0	2.0	0.0	1.0	0.0	0.0	0.0	0.0	0.0	4.0	0.0	0.0	0.0	0.0	0.0	0.0	0.0	0.0	0.0	0.0	0.0	1.0	1.0	0.0	0.0	0.0	0.0	0.0	0.0	2.0	0.0	0.0	1.0	0.0	0.0	0.0	0.0	2.0	0.0	0.0	0.0	2.0	0.0	0.0	1.0	0.0	0.0	1.0	1.0	3.0	0.0	1.0	2.0	0.0	-0.375	0.0	8.95	90.71125	-1.3	0.2	8.8	109.906	-0.6692307692307693	-0.1538461538461538	8.26923076923077	116.27384615384616	8	5	13	8	5	13
4s1q	H	KGPSCPHCGDFHWQH	KGMWGA	GYNFREY	0.0	1.0	1.0	0.0	0.0	0.0	1.0	1.0	0.0	0.0	0.0	0.0	0.0	1.0	0.0	0.0	0.0	0.0	2.0	0.0	1.0	0.0	0.0	0.0	0.0	0.0	0.0	2.0	0.0	0.0	0.0	1.0	1.0	0.0	0.0	0.0	0.0	1.0	0.0	0.0	0.0	0.0	0.0	1.0	2.0	1.0	0.0	2.0	3.0	0.0	0.0	1.0	0.0	1.0	2.0	1.0	0.0	1.0	0.0	0.0	-1.6714285714285717	0.0	8.714285714285714	135.43	-0.3166666666666666	0.1666666666666666	8.083333333333334	111.13	-1.2266666666666668	0.2	8.72	116.92933333333332	7	6	15	7	6	15
6ktr	A	DNWQELLFDY	SGSGGS	GFTFSSY	0.0	0.0	0.0	0.0	0.0	0.0	0.0	1.0	0.0	0.0	0.0	0.0	0.0	2.0	0.0	2.0	1.0	0.0	1.0	0.0	0.0	0.0	0.0	0.0	0.0	0.0	0.0	3.0	0.0	0.0	0.0	0.0	0.0	0.0	0.0	3.0	0.0	0.0	0.0	0.0	0.0	0.0	1.0	2.0	0.0	1.0	1.0	0.0	0.0	0.0	2.0	0.0	0.0	1.0	0.0	0.0	0.0	1.0	1.0	0.0	0.2285714285714285	0.0	7.514285714285714	115.40857142857143	-0.6	0.0	9.1	81.065	-0.93	-0.3	8.7	132.44400000000002	7	6	10	7	6	10
7su0	I	TGWLGPFDY	SYDGHN	GFTFSHY	0.0	0.0	0.0	0.0	0.0	0.0	0.0	1.0	1.0	0.0	0.0	0.0	0.0	2.0	0.0	1.0	1.0	0.0	1.0	0.0	0.0	0.0	1.0	1.0	0.0	0.0	0.0	1.0	1.0	0.0	0.0	0.0	0.0	0.0	0.0	1.0	0.0	0.0	1.0	0.0	0.0	0.0	0.0	1.0	0.0	0.0	0.0	2.0	0.0	0.0	1.0	0.0	0.0	1.0	1.0	0.0	1.0	1.0	1.0	0.0	-0.1142857142857143	0.1428571428571428	7.685714285714285	122.56	-2.1166666666666667	0.0	9.9	115.275	-0.2444444444444445	-0.1111111111111111	7.699999999999999	119.24	7	6	9	7	6	9
5anm	H	VMGGGYDY	DPDNGE	GYIFTDY	0.0	0.0	0.0	1.0	0.0	0.0	0.0	1.0	0.0	1.0	0.0	0.0	0.0	1.0	0.0	0.0	1.0	0.0	2.0	0.0	0.0	0.0	1.0	2.0	0.0	0.0	1.0	1.0	0.0	0.0	0.0	0.0	0.0	0.0	1.0	0.0	0.0	0.0	0.0	0.0	0.0	0.0	0.0	1.0	0.0	0.0	0.0	3.0	0.0	0.0	0.0	0.0	1.0	0.0	0.0	0.0	0.0	0.0	2.0	1.0	0.0142857142857142	-0.1428571428571428	7.628571428571428	125.42142857142858	-2.6666666666666665	-0.5	11.15	107.59666666666668	-0.15	-0.125	8.0	112.11625	7	6	8	7	6	8
6o3a	B	GYFYTWGGMDY	YPSYDY	GFNFSSS	0.0	0.0	1.0	0.0	0.0	0.0	0.0	1.0	0.0	0.0	0.0	0.0	0.0	2.0	0.0	3.0	0.0	0.0	0.0	0.0	0.0	0.0	0.0	1.0	0.0	0.0	0.0	0.0	0.0	0.0	0.0	0.0	0.0	0.0	1.0	1.0	0.0	0.0	3.0	0.0	0.0	0.0	0.0	1.0	0.0	0.0	0.0	3.0	0.0	0.0	0.0	0.0	1.0	1.0	0.0	0.0	1.0	1.0	3.0	0.0	-0.1	0.0	8.37142857142857	106.39428571428572	-1.6333333333333335	-0.1666666666666666	8.133333333333333	131.47166666666666	-0.5	-0.0909090909090909	7.590909090909091	126.86272727272728	7	6	11	7	6	11
1i9r	K	SDGRNDMDS	NPSNGD	GYIFTSY	0.0	0.0	0.0	0.0	0.0	0.0	0.0	1.0	0.0	1.0	0.0	0.0	0.0	1.0	0.0	1.0	1.0	0.0	2.0	0.0	0.0	0.0	2.0	1.0	0.0	0.0	0.0	1.0	0.0	0.0	0.0	0.0	0.0	0.0	1.0	1.0	0.0	0.0	0.0	0.0	0.0	1.0	1.0	3.0	0.0	0.0	0.0	1.0	0.0	0.0	0.0	0.0	1.0	0.0	0.0	2.0	0.0	0.0	0.0	0.0	0.3999999999999999	0.0	7.085714285714286	121.42	-2.216666666666667	-0.1666666666666666	10.4	100.42666666666666	-2.066666666666667	-0.2222222222222222	10.466666666666669	110.66444444444444	7	6	9	7	6	9
5b8c	B	RDYRFDMGFDY	NPSNGG	GYTFTNY	0.0	0.0	1.0	0.0	0.0	0.0	0.0	1.0	0.0	0.0	0.0	0.0	0.0	1.0	0.0	0.0	2.0	0.0	2.0	0.0	0.0	0.0	2.0	0.0	0.0	0.0	0.0	2.0	0.0	0.0	0.0	0.0	0.0	0.0	1.0	1.0	0.0	0.0	0.0	0.0	0.0	2.0	0.0	3.0	0.0	0.0	0.0	1.0	0.0	0.0	0.0	0.0	1.0	2.0	0.0	0.0	0.0	0.0	2.0	0.0	-0.7285714285714286	0.0	7.914285714285714	123.56000000000002	-1.7	0.0	9.733333333333333	93.75333333333332	-1.3636363636363635	-0.0909090909090909	8.863636363636363	134.96545454545455	7	6	11	7	6	11
7chy	H	FNGYWNYIMDY	WPYGGF	GFTINGY	0.0	0.0	1.0	0.0	0.0	0.0	0.0	2.0	0.0	1.0	0.0	0.0	0.0	1.0	0.0	0.0	1.0	0.0	1.0	0.0	0.0	0.0	0.0	0.0	0.0	0.0	0.0	2.0	0.0	0.0	0.0	0.0	0.0	1.0	1.0	0.0	0.0	1.0	1.0	0.0	0.0	0.0	2.0	1.0	0.0	0.0	0.0	1.0	0.0	1.0	0.0	0.0	1.0	1.0	0.0	0.0	0.0	1.0	3.0	0.0	0.1428571428571428	0.0	7.828571428571428	112.69142857142856	-0.3	0.0	7.133333333333333	123.96666666666664	-0.5909090909090909	-0.0909090909090909	7.754545454545454	135.06	7	6	11	7	6	11
7lf8	H	QIDDYYVDALDY	SRDSY	GFTFSRC	0.0	1.0	0.0	0.0	1.0	0.0	0.0	1.0	0.0	0.0	0.0	0.0	0.0	2.0	0.0	1.0	1.0	0.0	0.0	0.0	0.0	1.0	0.0	1.0	0.0	0.0	0.0	0.0	0.0	0.0	0.0	0.0	0.0	0.0	0.0	2.0	0.0	0.0	1.0	0.0	1.0	0.0	0.0	4.0	0.0	1.0	0.0	0.0	0.0	1.0	1.0	0.0	0.0	0.0	0.0	0.0	0.0	0.0	3.0	1.0	0.2428571428571428	0.1428571428571428	7.6	116.7057142857143	-2.18	0.0	9.62	121.724	-0.5916666666666667	-0.3333333333333333	8.766666666666667	122.88	7	5	12	7	5	12
6umx	H	DLLVRFLYWSHYYGMDV	SYDGSR	GFTFSSY	0.0	0.0	0.0	0.0	0.0	0.0	0.0	1.0	0.0	0.0	0.0	0.0	0.0	2.0	0.0	2.0	1.0	0.0	1.0	0.0	0.0	1.0	0.0	1.0	0.0	0.0	0.0	1.0	0.0	0.0	0.0	0.0	0.0	0.0	0.0	2.0	0.0	0.0	1.0	0.0	0.0	1.0	0.0	2.0	0.0	0.0	0.0	1.0	1.0	0.0	3.0	0.0	1.0	1.0	0.0	1.0	0.0	1.0	3.0	2.0	0.2285714285714285	0.0	7.514285714285714	115.40857142857143	-1.8833333333333335	0.0	9.516666666666667	113.945	0.2235294117647058	0.0	7.4411764705882355	128.0894117647059	7	6	17	7	6	17
3kr3	H	DNGDYVGEKGFDI	SSSGGM	GFTFSNY	0.0	0.0	1.0	0.0	0.0	0.0	0.0	1.0	0.0	0.0	0.0	0.0	0.0	2.0	0.0	1.0	1.0	0.0	1.0	0.0	0.0	0.0	0.0	0.0	0.0	0.0	0.0	2.0	0.0	0.0	0.0	0.0	1.0	0.0	0.0	3.0	0.0	0.0	0.0	0.0	0.0	0.0	1.0	3.0	0.0	0.0	1.0	3.0	0.0	1.0	0.0	1.0	0.0	1.0	0.0	0.0	0.0	0.0	1.0	1.0	-0.1571428571428572	0.0	7.857142857142857	119.27	-0.2166666666666667	0.0	8.549999999999999	90.42333333333332	-0.953846153846154	-0.2307692307692307	9.515384615384615	112.65230769230767	7	6	13	7	6	13
3hmx	H	RRPGQGYFDF	SPVDSD	GYSFTTY	0.0	0.0	0.0	0.0	0.0	0.0	0.0	1.0	0.0	0.0	0.0	0.0	0.0	1.0	0.0	1.0	2.0	0.0	2.0	0.0	0.0	0.0	0.0	2.0	0.0	0.0	0.0	0.0	0.0	0.0	0.0	0.0	0.0	0.0	1.0	2.0	0.0	0.0	0.0	1.0	0.0	2.0	0.0	1.0	0.0	1.0	0.0	2.0	0.0	0.0	0.0	0.0	0.0	2.0	1.0	0.0	0.0	0.0	1.0	0.0	-0.3428571428571429	0.0	7.571428571428571	119.69857142857144	-1.0	-0.3333333333333333	9.716666666666669	100.09833333333334	-1.41	0.1	8.709999999999999	126.03600000000002	7	6	10	7	6	10
3bn9	D	PYLTYPQRRGPQNVSPFDN	SGSGGS	GFTFSSY	0.0	0.0	0.0	0.0	0.0	0.0	0.0	1.0	0.0	0.0	0.0	0.0	0.0	2.0	0.0	2.0	1.0	0.0	1.0	0.0	0.0	0.0	0.0	0.0	0.0	0.0	0.0	3.0	0.0	0.0	0.0	0.0	0.0	0.0	0.0	3.0	0.0	0.0	0.0	0.0	0.0	2.0	2.0	1.0	0.0	2.0	0.0	1.0	0.0	0.0	1.0	0.0	0.0	1.0	4.0	1.0	1.0	0.0	2.0	1.0	0.2285714285714285	0.0	7.514285714285714	115.40857142857143	-0.6	0.0	9.1	81.065	-1.4	0.0526315789473684	8.705263157894738	118.39473684210526	7	6	19	7	6	19
4y5x	G	DRVAVAGKGSYYFDS	SGSGGS	GFTFSSY	0.0	0.0	0.0	0.0	0.0	0.0	0.0	1.0	0.0	0.0	0.0	0.0	0.0	2.0	0.0	2.0	1.0	0.0	1.0	0.0	0.0	0.0	0.0	0.0	0.0	0.0	0.0	3.0	0.0	0.0	0.0	0.0	0.0	0.0	0.0	3.0	0.0	0.0	0.0	0.0	2.0	1.0	0.0	2.0	0.0	0.0	0.0	2.0	0.0	0.0	0.0	1.0	0.0	1.0	0.0	2.0	0.0	0.0	2.0	2.0	0.2285714285714285	0.0	7.514285714285714	115.40857142857143	-0.6	0.0	9.1	81.065	-0.3733333333333333	0.0	8.653333333333334	110.18466666666669	7	6	15	7	6	15
6nmr	A	DSTVSWSGDFFDY	GSGD	GFSFSNF	0.0	0.0	1.0	0.0	0.0	0.0	0.0	1.0	0.0	0.0	0.0	0.0	0.0	3.0	0.0	2.0	0.0	0.0	0.0	0.0	0.0	0.0	0.0	1.0	0.0	0.0	0.0	2.0	0.0	0.0	0.0	0.0	0.0	0.0	0.0	1.0	0.0	0.0	0.0	0.0	0.0	0.0	0.0	3.0	0.0	0.0	0.0	1.0	0.0	0.0	0.0	0.0	0.0	2.0	0.0	3.0	1.0	1.0	1.0	1.0	0.4142857142857142	0.0	7.8	114.98	-1.275	-0.25	10.05	88.0675	-0.4923076923076923	-0.2307692307692307	8.623076923076923	117.35076923076925	7	4	13	7	4	13
4dkf	H	GGPDYAMDV	DWYGGD	GFSFTSY	0.0	0.0	0.0	0.0	0.0	0.0	0.0	1.0	0.0	0.0	0.0	0.0	0.0	2.0	0.0	2.0	1.0	0.0	1.0	0.0	0.0	0.0	0.0	2.0	0.0	0.0	0.0	2.0	0.0	0.0	0.0	0.0	0.0	0.0	0.0	0.0	0.0	1.0	1.0	0.0	1.0	0.0	0.0	2.0	0.0	0.0	0.0	2.0	0.0	0.0	0.0	0.0	1.0	0.0	1.0	0.0	0.0	0.0	1.0	1.0	0.2285714285714285	0.0	7.514285714285714	115.40857142857143	-1.6666666666666667	-0.3333333333333333	9.266666666666667	121.61333333333334	-0.3111111111111111	-0.2222222222222222	8.655555555555557	104.66555555555556	7	6	9	7	6	9
5xf1	H	EKDHYDILTGYNYYYGLDV	YYDGSN	GFTFSSY	0.0	0.0	0.0	0.0	0.0	0.0	0.0	1.0	0.0	0.0	0.0	0.0	0.0	2.0	0.0	2.0	1.0	0.0	1.0	0.0	0.0	0.0	1.0	1.0	0.0	0.0	0.0	1.0	0.0	0.0	0.0	0.0	0.0	0.0	0.0	1.0	0.0	0.0	2.0	0.0	0.0	0.0	1.0	3.0	0.0	0.0	1.0	2.0	1.0	1.0	2.0	1.0	0.0	0.0	0.0	0.0	1.0	0.0	5.0	1.0	0.2285714285714285	0.0	7.514285714285714	115.40857142857143	-1.8	-0.1666666666666666	9.2	119.615	-0.8578947368421053	-0.1052631578947368	8.58421052631579	124.18631578947368	7	6	19	7	6	19
5sx4	H	DRVTGAFDI	YYSGN	GGSVSSGDY	0.0	0.0	0.0	1.0	0.0	0.0	0.0	3.0	0.0	0.0	0.0	0.0	0.0	0.0	0.0	3.0	0.0	0.0	1.0	1.0	0.0	0.0	1.0	0.0	0.0	0.0	0.0	1.0	0.0	0.0	0.0	0.0	0.0	0.0	0.0	1.0	0.0	0.0	2.0	0.0	1.0	1.0	0.0	2.0	0.0	0.0	0.0	1.0	0.0	1.0	0.0	0.0	0.0	1.0	0.0	0.0	1.0	0.0	0.0	1.0	-0.4666666666666667	-0.1111111111111111	8.855555555555556	95.97666666666666	-1.46	0.0	8.440000000000001	120.52	0.0777777777777777	-0.1111111111111111	8.722222222222221	110.34222222222223	9	5	9	9	5	9
6wvz	H	DLRGTNYFDY	SAYNGY	GYTFTSY	0.0	0.0	0.0	0.0	0.0	0.0	0.0	1.0	0.0	0.0	0.0	0.0	0.0	1.0	0.0	1.0	2.0	0.0	2.0	0.0	1.0	0.0	1.0	0.0	0.0	0.0	0.0	1.0	0.0	0.0	0.0	0.0	0.0	0.0	0.0	1.0	0.0	0.0	2.0	0.0	0.0	1.0	1.0	2.0	0.0	0.0	0.0	1.0	0.0	0.0	1.0	0.0	0.0	1.0	0.0	0.0	1.0	0.0	2.0	0.0	-0.3428571428571429	0.0	7.571428571428571	119.69857142857144	-0.9166666666666666	0.0	8.383333333333333	112.28000000000002	-1.21	-0.1	8.82	126.334	7	6	10	7	6	10
6xm2	F	HMQVGGAPTGSMAAFDP	SYGGS	GFSLSSY	0.0	0.0	0.0	0.0	0.0	0.0	0.0	1.0	0.0	0.0	1.0	0.0	0.0	1.0	0.0	3.0	0.0	0.0	1.0	0.0	0.0	0.0	0.0	0.0	0.0	0.0	0.0	2.0	0.0	0.0	0.0	0.0	0.0	0.0	0.0	2.0	0.0	0.0	1.0	0.0	3.0	0.0	0.0	1.0	0.0	1.0	0.0	3.0	1.0	0.0	0.0	0.0	2.0	1.0	2.0	1.0	1.0	0.0	0.0	1.0	0.3571428571428571	0.0	7.557142857142857	108.5442857142857	-0.74	0.0	8.52	97.488	0.0058823529411764	0.0	8.323529411764707	100.58176470588236	7	5	17	7	5	17
5czx	H	DDYSTYAFAY	VPYHGI	GGTFRTY	0.0	1.0	0.0	0.0	0.0	0.0	0.0	2.0	0.0	0.0	0.0	0.0	0.0	1.0	0.0	0.0	2.0	0.0	1.0	0.0	0.0	0.0	0.0	0.0	0.0	0.0	0.0	1.0	1.0	1.0	0.0	0.0	0.0	0.0	1.0	0.0	0.0	0.0	1.0	1.0	2.0	0.0	0.0	2.0	0.0	0.0	0.0	0.0	0.0	0.0	0.0	0.0	0.0	1.0	0.0	1.0	1.0	0.0	3.0	0.0	-0.7428571428571429	0.1428571428571428	8.157142857142857	116.98142857142857	0.3666666666666666	0.1666666666666666	7.45	114.13	-0.6	-0.2	8.379999999999999	119.725	7	6	10	7	6	10
7kf1	D	LGIGYYYYGMDV	YPTNGY	GFNIKDT	0.0	0.0	1.0	1.0	0.0	0.0	0.0	1.0	0.0	1.0	0.0	1.0	0.0	1.0	0.0	0.0	1.0	0.0	0.0	0.0	0.0	0.0	1.0	0.0	0.0	0.0	0.0	1.0	0.0	0.0	0.0	0.0	0.0	0.0	1.0	0.0	1.0	0.0	2.0	0.0	0.0	0.0	0.0	1.0	0.0	0.0	0.0	3.0	0.0	1.0	1.0	0.0	1.0	0.0	0.0	0.0	0.0	0.0	4.0	1.0	-0.6714285714285715	0.0	9.128571428571428	113.41142857142856	-1.4666666666666668	0.0	8.266666666666667	118.95833333333331	0.375	-0.0833333333333333	7.208333333333333	120.80083333333332	7	6	12	7	6	12
4g3y	H	NYYGSTYDY	RSKSINSA	GFIFSNH	0.0	0.0	1.0	0.0	0.0	0.0	0.0	1.0	1.0	1.0	0.0	0.0	0.0	2.0	0.0	1.0	0.0	0.0	0.0	0.0	1.0	1.0	1.0	0.0	0.0	0.0	0.0	0.0	0.0	1.0	0.0	1.0	0.0	0.0	0.0	3.0	0.0	0.0	0.0	0.0	0.0	0.0	1.0	1.0	0.0	0.0	0.0	1.0	0.0	0.0	0.0	0.0	0.0	0.0	0.0	1.0	1.0	0.0	4.0	0.0	0.3142857142857141	0.1428571428571428	7.971428571428571	117.27142857142856	-1.0	0.25	9.2875	105.495	-1.5666666666666669	-0.1111111111111111	8.466666666666667	127.24	7	8	9	7	8	9
7shu	E	GNNYFGHWHFAV	TYDGS	GYNITSGY	0.0	0.0	1.0	0.0	0.0	0.0	0.0	2.0	0.0	1.0	0.0	0.0	0.0	0.0	0.0	1.0	1.0	0.0	2.0	0.0	0.0	0.0	0.0	1.0	0.0	0.0	0.0	1.0	0.0	0.0	0.0	0.0	0.0	0.0	0.0	1.0	1.0	0.0	1.0	0.0	1.0	0.0	2.0	0.0	0.0	0.0	0.0	2.0	2.0	0.0	0.0	0.0	0.0	2.0	0.0	0.0	0.0	1.0	1.0	1.0	-0.4875	0.0	8.125	111.49	-1.34	-0.2	9.2	108.302	-0.4000000000000001	0.1666666666666666	8.166666666666666	122.21416666666666	8	5	12	8	5	12
6d2p	H	SLGRDWFDP	NPNSGG	GYTFTGY	0.0	0.0	0.0	0.0	0.0	0.0	0.0	2.0	0.0	0.0	0.0	0.0	0.0	1.0	0.0	0.0	2.0	0.0	2.0	0.0	0.0	0.0	2.0	0.0	0.0	0.0	0.0	2.0	0.0	0.0	0.0	0.0	0.0	0.0	1.0	1.0	0.0	0.0	0.0	0.0	0.0	1.0	0.0	2.0	0.0	0.0	0.0	1.0	0.0	0.0	1.0	0.0	0.0	1.0	1.0	1.0	0.0	1.0	0.0	0.0	-0.2857142857142857	0.0	7.542857142857143	117.98	-1.7	0.0	9.733333333333333	93.75333333333332	-0.9555555555555556	-0.1111111111111111	8.68888888888889	121.35333333333334	7	6	9	7	6	9
5wux	C	GYRSYAMDY	NTYIGE	GYVFTDY	0.0	0.0	0.0	1.0	0.0	0.0	0.0	1.0	0.0	0.0	0.0	0.0	0.0	1.0	0.0	0.0	1.0	0.0	2.0	1.0	0.0	0.0	1.0	0.0	0.0	0.0	1.0	1.0	0.0	1.0	0.0	0.0	0.0	0.0	0.0	0.0	1.0	0.0	1.0	0.0	1.0	1.0	0.0	1.0	0.0	0.0	0.0	1.0	0.0	0.0	0.0	0.0	1.0	0.0	0.0	1.0	0.0	0.0	3.0	0.0	-0.0285714285714285	-0.1428571428571428	7.728571428571429	123.41714285714286	-0.8166666666666668	-0.1666666666666666	8.816666666666666	115.955	-1.0444444444444445	0.0	8.233333333333333	125.02555555555556	7	6	9	7	6	9
2wub	R	WAWPAFDY	YPAGGA	GFTINGT	0.0	0.0	1.0	0.0	0.0	0.0	0.0	2.0	0.0	1.0	0.0	0.0	0.0	1.0	0.0	0.0	2.0	0.0	0.0	0.0	2.0	0.0	0.0	0.0	0.0	0.0	0.0	2.0	0.0	0.0	0.0	0.0	0.0	0.0	1.0	0.0	0.0	0.0	1.0	0.0	2.0	0.0	0.0	1.0	0.0	0.0	0.0	0.0	0.0	0.0	0.0	0.0	0.0	1.0	1.0	0.0	0.0	2.0	1.0	0.0	0.2285714285714285	0.0	8.171428571428573	103.82428571428572	-0.0166666666666666	0.0	8.066666666666666	92.09333333333332	-0.225	-0.125	7.425	129.64625	7	6	8	7	6	8
6ba5	F	GYSTYYGDFNI	NSGGS	GSDINDY	0.0	0.0	1.0	2.0	0.0	0.0	0.0	1.0	0.0	1.0	0.0	0.0	0.0	0.0	0.0	1.0	0.0	0.0	1.0	0.0	0.0	0.0	1.0	0.0	0.0	0.0	0.0	2.0	0.0	0.0	0.0	0.0	0.0	0.0	0.0	2.0	0.0	0.0	0.0	0.0	0.0	0.0	1.0	1.0	0.0	0.0	0.0	2.0	0.0	1.0	0.0	0.0	0.0	1.0	0.0	1.0	1.0	0.0	3.0	0.0	-1.2142857142857142	-0.2857142857142857	9.6	111.82285714285716	-1.1800000000000002	0.0	9.6	87.674	-0.5363636363636364	-0.0909090909090909	8.127272727272727	119.7609090909091	7	5	11	7	5	11
6jjp	D	PDSSGVAY	SGGGSY	GFTFSSY	0.0	0.0	0.0	0.0	0.0	0.0	0.0	1.0	0.0	0.0	0.0	0.0	0.0	2.0	0.0	2.0	1.0	0.0	1.0	0.0	0.0	0.0	0.0	0.0	0.0	0.0	0.0	3.0	0.0	0.0	0.0	0.0	0.0	0.0	0.0	2.0	0.0	0.0	1.0	0.0	1.0	0.0	0.0	1.0	0.0	0.0	0.0	1.0	0.0	0.0	0.0	0.0	0.0	0.0	1.0	2.0	0.0	0.0	1.0	1.0	0.2285714285714285	0.0	7.514285714285714	115.40857142857143	-0.6833333333333335	0.0	8.6	93.74833333333332	-0.3	-0.125	8.575	99.35125	7	6	8	7	6	8
4y5v	D	VSRGGSYSD	KPDGSE	GFTFSSY	0.0	0.0	0.0	0.0	0.0	0.0	0.0	1.0	0.0	0.0	0.0	0.0	0.0	2.0	0.0	2.0	1.0	0.0	1.0	0.0	0.0	0.0	0.0	1.0	0.0	0.0	1.0	1.0	0.0	0.0	0.0	1.0	0.0	0.0	1.0	1.0	0.0	0.0	0.0	0.0	0.0	1.0	0.0	1.0	0.0	0.0	0.0	2.0	0.0	0.0	0.0	0.0	0.0	0.0	0.0	3.0	0.0	0.0	1.0	1.0	0.2285714285714285	0.0	7.514285714285714	115.40857142857143	-2.283333333333333	-0.1666666666666666	10.466666666666669	105.27333333333333	-0.9222222222222224	0.0	9.022222222222222	104.9922222222222	7	6	9	7	6	9
6bfq	H	ITGTTDL	YASGS	DSAIRKY	1.0	1.0	0.0	1.0	0.0	0.0	0.0	0.0	0.0	1.0	0.0	1.0	0.0	0.0	0.0	1.0	0.0	0.0	1.0	0.0	1.0	0.0	0.0	0.0	0.0	0.0	0.0	1.0	0.0	0.0	0.0	0.0	0.0	0.0	0.0	2.0	0.0	0.0	1.0	0.0	0.0	0.0	0.0	1.0	0.0	0.0	0.0	1.0	0.0	1.0	1.0	0.0	0.0	0.0	0.0	0.0	3.0	0.0	0.0	0.0	-1.1	0.1428571428571428	9.071428571428571	119.13714285714286	-0.3	0.0	8.34	96.694	0.3285714285714285	-0.1428571428571428	8.27142857142857	102.82714285714285	7	5	7	7	5	7
5grj	H	IKLGTVTTVDY	YPSGGI	GFTFSSY	0.0	0.0	0.0	0.0	0.0	0.0	0.0	1.0	0.0	0.0	0.0	0.0	0.0	2.0	0.0	2.0	1.0	0.0	1.0	0.0	0.0	0.0	0.0	0.0	0.0	0.0	0.0	2.0	0.0	1.0	0.0	0.0	0.0	0.0	1.0	1.0	0.0	0.0	1.0	0.0	0.0	0.0	0.0	1.0	0.0	0.0	0.0	1.0	0.0	1.0	1.0	1.0	0.0	0.0	0.0	0.0	3.0	0.0	1.0	2.0	0.2285714285714285	0.0	7.514285714285714	115.40857142857143	-3.7007434154171876e-17	0.0	7.766666666666667	101.77333333333333	0.5	0.0	7.927272727272728	109.94636363636364	7	6	11	7	6	11
7kpg	H	ETWNHLFDY	SSGSD	GFTFSSN	0.0	0.0	1.0	0.0	0.0	0.0	0.0	1.0	0.0	0.0	0.0	0.0	0.0	2.0	0.0	2.0	1.0	0.0	0.0	0.0	0.0	0.0	0.0	1.0	0.0	0.0	0.0	1.0	0.0	0.0	0.0	0.0	0.0	0.0	0.0	3.0	0.0	0.0	0.0	0.0	0.0	0.0	1.0	1.0	0.0	0.0	1.0	0.0	1.0	0.0	1.0	0.0	0.0	1.0	0.0	0.0	1.0	1.0	1.0	0.0	-0.0857142857142857	0.0	8.285714285714286	108.39857142857144	-1.26	-0.2	9.919999999999998	90.276	-1.1111111111111112	-0.1111111111111111	8.622222222222222	134.03444444444443	7	5	9	7	5	9
5wk3	W	VGPADVWDSFDY	DPSDSD	GYSFTSY	0.0	0.0	0.0	0.0	0.0	0.0	0.0	1.0	0.0	0.0	0.0	0.0	0.0	1.0	0.0	2.0	1.0	0.0	2.0	0.0	0.0	0.0	0.0	3.0	0.0	0.0	0.0	0.0	0.0	0.0	0.0	0.0	0.0	0.0	1.0	2.0	0.0	0.0	0.0	0.0	1.0	0.0	0.0	3.0	0.0	0.0	0.0	1.0	0.0	0.0	0.0	0.0	0.0	1.0	1.0	1.0	0.0	1.0	1.0	2.0	-0.3571428571428572	0.0	7.6571428571428575	117.69428571428573	-2.283333333333333	-0.5	10.9	102.75833333333333	-0.2083333333333333	-0.25	8.491666666666667	114.20333333333332	7	6	12	7	6	12
5x8l	G	RHWPGGFDY	SPYGGS	GFTFSDS	0.0	0.0	0.0	1.0	0.0	0.0	0.0	1.0	0.0	0.0	0.0	0.0	0.0	2.0	0.0	2.0	1.0	0.0	0.0	0.0	0.0	0.0	0.0	0.0	0.0	0.0	0.0	2.0	0.0	0.0	0.0	0.0	0.0	0.0	1.0	2.0	0.0	0.0	1.0	0.0	0.0	1.0	0.0	1.0	0.0	0.0	0.0	2.0	1.0	0.0	0.0	0.0	0.0	1.0	1.0	0.0	0.0	1.0	1.0	0.0	-0.0857142857142857	-0.1428571428571428	8.485714285714286	108.53857142857144	-0.8833333333333334	0.0	8.433333333333334	97.42666666666666	-1.4444444444444444	0.1111111111111111	8.522222222222222	128.02444444444444	7	6	9	7	6	9
7amp	H	GAGYNFDGAYRFFDF	NPYNDD	GYTFTGY	0.0	0.0	0.0	0.0	0.0	0.0	0.0	2.0	0.0	0.0	0.0	0.0	0.0	1.0	0.0	0.0	2.0	0.0	2.0	0.0	0.0	0.0	2.0	2.0	0.0	0.0	0.0	0.0	0.0	0.0	0.0	0.0	0.0	0.0	1.0	0.0	0.0	0.0	1.0	0.0	2.0	1.0	1.0	2.0	0.0	0.0	0.0	3.0	0.0	0.0	0.0	0.0	0.0	4.0	0.0	0.0	0.0	0.0	2.0	0.0	-0.2857142857142857	0.0	7.542857142857143	117.98	-2.8166666666666664	-0.3333333333333333	10.566666666666666	119.78333333333336	-0.2666666666666667	-0.0666666666666666	8.3	118.858	7	6	15	7	6	15
3u30	F	TWLLRWVMDL	TPSSGQ	GFTFSNT	0.0	0.0	1.0	0.0	0.0	0.0	0.0	1.0	0.0	0.0	0.0	0.0	0.0	2.0	0.0	1.0	2.0	0.0	0.0	0.0	0.0	0.0	0.0	0.0	0.0	1.0	0.0	1.0	0.0	0.0	0.0	0.0	0.0	0.0	1.0	2.0	1.0	0.0	0.0	0.0	0.0	1.0	0.0	1.0	0.0	0.0	0.0	0.0	0.0	0.0	3.0	0.0	1.0	0.0	0.0	0.0	1.0	2.0	0.0	1.0	-0.0714285714285714	0.0	8.2	110.40285714285714	-1.3	0.0	9.083333333333334	95.92833333333331	0.7	0.0	6.92	131.464	7	6	10	7	6	10
6xxv	A	DRTYYSGVYYTEDGLDS	NSGGGI	GFTFSPY	0.0	0.0	0.0	0.0	0.0	0.0	0.0	1.0	0.0	0.0	0.0	0.0	0.0	2.0	1.0	1.0	1.0	0.0	1.0	0.0	0.0	0.0	1.0	0.0	0.0	0.0	0.0	3.0	0.0	1.0	0.0	0.0	0.0	0.0	0.0	1.0	0.0	0.0	0.0	0.0	0.0	1.0	0.0	3.0	0.0	0.0	1.0	2.0	0.0	0.0	1.0	0.0	0.0	0.0	0.0	2.0	2.0	0.0	4.0	1.0	0.1142857142857142	0.0	7.3428571428571425	116.84285714285714	-0.1666666666666666	0.0	8.833333333333334	89.91666666666667	-1.1470588235294117	-0.1764705882352941	8.882352941176471	118.94529411764704	7	6	17	7	6	17
6txz	J	ANWGFFDY	SVSGGS	GFTFSSY	0.0	0.0	0.0	0.0	0.0	0.0	0.0	1.0	0.0	0.0	0.0	0.0	0.0	2.0	0.0	2.0	1.0	0.0	1.0	0.0	0.0	0.0	0.0	0.0	0.0	0.0	0.0	2.0	0.0	0.0	0.0	0.0	0.0	0.0	0.0	3.0	0.0	0.0	0.0	1.0	1.0	0.0	1.0	1.0	0.0	0.0	0.0	1.0	0.0	0.0	0.0	0.0	0.0	2.0	0.0	0.0	0.0	1.0	1.0	0.0	0.2285714285714285	0.0	7.514285714285714	115.40857142857143	0.1666666666666666	0.0	8.583333333333334	85.07833333333333	-0.275	-0.125	7.9625	127.38625	7	6	8	7	6	8
7wkx	A	YGWGYFDY	DTNTGE	EYIFTNY	0.0	0.0	1.0	0.0	0.0	0.0	1.0	0.0	0.0	1.0	0.0	0.0	0.0	1.0	0.0	0.0	1.0	0.0	2.0	0.0	0.0	0.0	1.0	1.0	0.0	0.0	1.0	1.0	0.0	0.0	0.0	0.0	0.0	0.0	0.0	0.0	2.0	0.0	0.0	0.0	0.0	0.0	0.0	1.0	0.0	0.0	0.0	2.0	0.0	0.0	0.0	0.0	0.0	1.0	0.0	0.0	0.0	1.0	3.0	0.0	-0.4285714285714285	-0.1428571428571428	7.9	133.00571428571428	-2.0500000000000003	-0.3333333333333333	10.516666666666667	105.93166666666669	-0.7875000000000001	-0.125	7.525	136.01625	7	6	8	7	6	8
6bft	A	YPHYYGSSHWYFDV	NTYTGE	GYDFDNY	0.0	0.0	1.0	2.0	0.0	0.0	0.0	1.0	0.0	0.0	0.0	0.0	0.0	1.0	0.0	0.0	0.0	0.0	2.0	0.0	0.0	0.0	1.0	0.0	0.0	0.0	1.0	1.0	0.0	0.0	0.0	0.0	0.0	0.0	0.0	0.0	2.0	0.0	1.0	0.0	0.0	0.0	0.0	1.0	0.0	0.0	0.0	1.0	2.0	0.0	0.0	0.0	0.0	1.0	1.0	2.0	0.0	1.0	4.0	1.0	-1.5285714285714287	-0.2857142857142857	9.171428571428573	127.55428571428573	-1.6833333333333331	-0.1666666666666666	9.383333333333333	113.94666666666669	-0.9000000000000001	0.0714285714285714	7.892857142857143	130.06785714285715	7	6	14	7	6	14
6nmu	B	QYDWNSFFDY	NSGGGG	GFSFSSY	0.0	0.0	0.0	0.0	0.0	0.0	0.0	1.0	0.0	0.0	0.0	0.0	0.0	2.0	0.0	3.0	0.0	0.0	1.0	0.0	0.0	0.0	1.0	0.0	0.0	0.0	0.0	4.0	0.0	0.0	0.0	0.0	0.0	0.0	0.0	1.0	0.0	0.0	0.0	0.0	0.0	0.0	1.0	2.0	0.0	1.0	0.0	0.0	0.0	0.0	0.0	0.0	0.0	2.0	0.0	1.0	0.0	1.0	2.0	0.0	0.2142857142857142	0.0	7.6	113.40428571428572	-0.9833333333333334	0.0	9.466666666666669	83.565	-1.27	-0.2	8.55	136.644	7	6	10	7	6	10
1n8z	B	WGGDGFYAMDY	YPTNGY	GFNIKDT	0.0	0.0	1.0	1.0	0.0	0.0	0.0	1.0	0.0	1.0	0.0	1.0	0.0	1.0	0.0	0.0	1.0	0.0	0.0	0.0	0.0	0.0	1.0	0.0	0.0	0.0	0.0	1.0	0.0	0.0	0.0	0.0	0.0	0.0	1.0	0.0	1.0	0.0	2.0	0.0	1.0	0.0	0.0	2.0	0.0	0.0	0.0	3.0	0.0	0.0	0.0	0.0	1.0	1.0	0.0	0.0	0.0	1.0	2.0	0.0	-0.6714285714285715	0.0	9.128571428571428	113.41142857142856	-1.4666666666666668	0.0	8.266666666666667	118.95833333333331	-0.4727272727272727	-0.1818181818181818	8.163636363636364	119.76090909090908	7	6	11	7	6	11
5hhx	H	DLIHGVTRN	SGSGGS	GFTFSSY	0.0	0.0	0.0	0.0	0.0	0.0	0.0	1.0	0.0	0.0	0.0	0.0	0.0	2.0	0.0	2.0	1.0	0.0	1.0	0.0	0.0	0.0	0.0	0.0	0.0	0.0	0.0	3.0	0.0	0.0	0.0	0.0	0.0	0.0	0.0	3.0	0.0	0.0	0.0	0.0	0.0	1.0	1.0	1.0	0.0	0.0	0.0	1.0	1.0	1.0	1.0	0.0	0.0	0.0	0.0	0.0	1.0	0.0	0.0	1.0	0.2285714285714285	0.0	7.514285714285714	115.40857142857143	-0.6	0.0	9.1	81.065	-0.3666666666666667	0.1111111111111111	8.788888888888888	113.79333333333332	7	6	9	7	6	9
2xqb	H	DPAAWPLQQSLAWFDP	SAFNGY	GYSFSSF	0.0	0.0	0.0	0.0	0.0	0.0	0.0	1.0	0.0	0.0	0.0	0.0	0.0	2.0	0.0	3.0	0.0	0.0	1.0	0.0	1.0	0.0	1.0	0.0	0.0	0.0	0.0	1.0	0.0	0.0	0.0	0.0	0.0	1.0	0.0	1.0	0.0	0.0	1.0	0.0	3.0	0.0	0.0	2.0	0.0	2.0	0.0	0.0	0.0	0.0	2.0	0.0	0.0	1.0	3.0	1.0	0.0	2.0	0.0	0.0	0.2142857142857142	0.0	7.6	113.40428571428572	-0.2333333333333334	0.0	8.216666666666667	109.61333333333334	-0.35	-0.125	8.14375	114.00375	7	6	16	7	6	16
5wt9	H	NDDY	WYDGSK	GITFSNS	0.0	0.0	1.0	0.0	0.0	0.0	0.0	1.0	0.0	1.0	0.0	0.0	0.0	1.0	0.0	2.0	1.0	0.0	0.0	0.0	0.0	0.0	0.0	1.0	0.0	0.0	0.0	1.0	0.0	0.0	0.0	1.0	0.0	0.0	0.0	1.0	0.0	1.0	1.0	0.0	0.0	0.0	1.0	2.0	0.0	0.0	0.0	0.0	0.0	0.0	0.0	0.0	0.0	0.0	0.0	0.0	0.0	0.0	1.0	0.0	0.157142857142857	0.0	8.285714285714286	103.53857142857144	-1.8	0.0	9.016666666666667	125.8	-2.95	-0.5	10.95	126.8675	7	6	4	7	6	4
6i04	H	TIYDLFDI	YPSGN	GGSISSSVY	0.0	0.0	0.0	0.0	0.0	0.0	0.0	2.0	0.0	1.0	0.0	0.0	0.0	0.0	0.0	4.0	0.0	0.0	1.0	1.0	0.0	0.0	1.0	0.0	0.0	0.0	0.0	1.0	0.0	0.0	0.0	0.0	0.0	0.0	1.0	1.0	0.0	0.0	1.0	0.0	0.0	0.0	0.0	2.0	0.0	0.0	0.0	0.0	0.0	2.0	1.0	0.0	0.0	1.0	0.0	0.0	1.0	0.0	1.0	0.0	0.3777777777777777	0.0	8.011111111111111	97.0988888888889	-1.52	0.0	8.8	107.308	0.825	-0.25	7.6625	122.64125	9	5	8	9	5	8
7rco	F	HMQVGGAPTGSMAAFDP	SYGGS	GFSLSSY	0.0	0.0	0.0	0.0	0.0	0.0	0.0	1.0	0.0	0.0	1.0	0.0	0.0	1.0	0.0	3.0	0.0	0.0	1.0	0.0	0.0	0.0	0.0	0.0	0.0	0.0	0.0	2.0	0.0	0.0	0.0	0.0	0.0	0.0	0.0	2.0	0.0	0.0	1.0	0.0	3.0	0.0	0.0	1.0	0.0	1.0	0.0	3.0	1.0	0.0	0.0	0.0	2.0	1.0	2.0	1.0	1.0	0.0	0.0	1.0	0.3571428571428571	0.0	7.557142857142857	108.5442857142857	-0.74	0.0	8.52	97.488	0.0058823529411764	0.0	8.323529411764707	100.58176470588236	7	5	17	7	5	17
6ogx	C	APRWYFSV	YPDNGD	GYTFTDS	0.0	0.0	0.0	1.0	0.0	0.0	0.0	1.0	0.0	0.0	0.0	0.0	0.0	1.0	0.0	1.0	2.0	0.0	1.0	0.0	0.0	0.0	1.0	2.0	0.0	0.0	0.0	1.0	0.0	0.0	0.0	0.0	0.0	0.0	1.0	0.0	0.0	0.0	1.0	0.0	1.0	1.0	0.0	0.0	0.0	0.0	0.0	0.0	0.0	0.0	0.0	0.0	0.0	1.0	1.0	1.0	0.0	1.0	1.0	1.0	-0.6571428571428573	-0.1428571428571428	8.542857142857143	112.82857142857142	-2.3000000000000003	-0.3333333333333333	10.133333333333333	113.27333333333333	-0.0375	0.125	7.3125	125.8975	7	6	8	7	6	8
5hi3	C	DLIHGVTRN	SGSGGS	GFTFSSY	0.0	0.0	0.0	0.0	0.0	0.0	0.0	1.0	0.0	0.0	0.0	0.0	0.0	2.0	0.0	2.0	1.0	0.0	1.0	0.0	0.0	0.0	0.0	0.0	0.0	0.0	0.0	3.0	0.0	0.0	0.0	0.0	0.0	0.0	0.0	3.0	0.0	0.0	0.0	0.0	0.0	1.0	1.0	1.0	0.0	0.0	0.0	1.0	1.0	1.0	1.0	0.0	0.0	0.0	0.0	0.0	1.0	0.0	0.0	1.0	0.2285714285714285	0.0	7.514285714285714	115.40857142857143	-0.6	0.0	9.1	81.065	-0.3666666666666667	0.1111111111111111	8.788888888888888	113.79333333333332	7	6	9	7	6	9
4g6j	H	DLRTGPFDY	WYDGDN	GFTFSVY	0.0	0.0	0.0	0.0	0.0	0.0	0.0	1.0	0.0	0.0	0.0	0.0	0.0	2.0	0.0	1.0	1.0	0.0	1.0	1.0	0.0	0.0	1.0	2.0	0.0	0.0	0.0	1.0	0.0	0.0	0.0	0.0	0.0	0.0	0.0	0.0	0.0	1.0	1.0	0.0	0.0	1.0	0.0	2.0	0.0	0.0	0.0	1.0	0.0	0.0	1.0	0.0	0.0	1.0	1.0	0.0	1.0	0.0	1.0	0.0	0.9428571428571428	0.0	7.042857142857143	117.13	-2.183333333333333	-0.3333333333333333	9.7	128.1233333333333	-0.9888888888888888	-0.1111111111111111	8.711111111111112	120.35222222222222	7	6	9	7	6	9
5hi5	C	DLIHGVTRN	SGSGGS	GFTFSSY	0.0	0.0	0.0	0.0	0.0	0.0	0.0	1.0	0.0	0.0	0.0	0.0	0.0	2.0	0.0	2.0	1.0	0.0	1.0	0.0	0.0	0.0	0.0	0.0	0.0	0.0	0.0	3.0	0.0	0.0	0.0	0.0	0.0	0.0	0.0	3.0	0.0	0.0	0.0	0.0	0.0	1.0	1.0	1.0	0.0	0.0	0.0	1.0	1.0	1.0	1.0	0.0	0.0	0.0	0.0	0.0	1.0	0.0	0.0	1.0	0.2285714285714285	0.0	7.514285714285714	115.40857142857143	-0.6	0.0	9.1	81.065	-0.3666666666666667	0.1111111111111111	8.788888888888888	113.79333333333332	7	6	9	7	6	9
2fjh	B	WGHSTSPWAMDY	YPYSGY	GFTINAS	1.0	0.0	1.0	0.0	0.0	0.0	0.0	1.0	0.0	1.0	0.0	0.0	0.0	1.0	0.0	1.0	1.0	0.0	0.0	0.0	0.0	0.0	0.0	0.0	0.0	0.0	0.0	1.0	0.0	0.0	0.0	0.0	0.0	0.0	1.0	1.0	0.0	0.0	3.0	0.0	1.0	0.0	0.0	1.0	0.0	0.0	0.0	1.0	1.0	0.0	0.0	0.0	1.0	0.0	1.0	2.0	1.0	2.0	1.0	0.0	0.5285714285714286	0.0	8.128571428571428	101.25285714285714	-1.1166666666666667	0.0	7.466666666666666	124.79833333333332	-0.8666666666666667	0.0	8.183333333333334	119.7975	7	6	12	7	6	12
4zso	D	EGLGALLRDLYY	YPGNGD	GYTFTSY	0.0	0.0	0.0	0.0	0.0	0.0	0.0	1.0	0.0	0.0	0.0	0.0	0.0	1.0	0.0	1.0	2.0	0.0	2.0	0.0	0.0	0.0	1.0	1.0	0.0	0.0	0.0	2.0	0.0	0.0	0.0	0.0	0.0	0.0	1.0	0.0	0.0	0.0	1.0	0.0	1.0	1.0	0.0	1.0	0.0	0.0	1.0	2.0	0.0	0.0	4.0	0.0	0.0	0.0	0.0	0.0	0.0	0.0	2.0	0.0	-0.3428571428571429	0.0	7.571428571428571	119.69857142857144	-1.7833333333333332	-0.1666666666666666	9.466666666666669	106.6	0.1749999999999999	-0.0833333333333333	7.825	116.715	7	6	12	7	6	12
5utz	F	TPTVTGDWFDP	YYSGS	GGSISSGGY	0.0	0.0	0.0	0.0	0.0	0.0	0.0	4.0	0.0	1.0	0.0	0.0	0.0	0.0	0.0	3.0	0.0	0.0	1.0	0.0	0.0	0.0	0.0	0.0	0.0	0.0	0.0	1.0	0.0	0.0	0.0	0.0	0.0	0.0	0.0	2.0	0.0	0.0	2.0	0.0	0.0	0.0	0.0	2.0	0.0	0.0	0.0	1.0	0.0	0.0	0.0	0.0	0.0	1.0	2.0	0.0	3.0	1.0	0.0	1.0	-0.0888888888888889	0.0	8.333333333333334	93.08666666666666	-0.9200000000000002	0.0	7.959999999999999	115.114	-0.6	-0.1818181818181818	8.481818181818182	112.30272727272728	9	5	11	9	5	11
4dke	I	GLGKGSKRGAMDY	SPYYYY	GFTFSST	0.0	0.0	0.0	0.0	0.0	0.0	0.0	1.0	0.0	0.0	0.0	0.0	0.0	2.0	0.0	2.0	2.0	0.0	0.0	0.0	0.0	0.0	0.0	0.0	0.0	0.0	0.0	0.0	0.0	0.0	0.0	0.0	0.0	0.0	1.0	1.0	0.0	0.0	4.0	0.0	1.0	1.0	0.0	1.0	0.0	0.0	0.0	4.0	0.0	0.0	1.0	2.0	1.0	0.0	0.0	1.0	0.0	0.0	1.0	0.0	0.3142857142857142	0.0	7.857142857142857	106.54142857142855	-1.2666666666666668	0.0	7.0	139.48666666666668	-0.9230769230769232	0.1538461538461538	8.938461538461539	107.1953846153846	7	6	13	7	6	13
3mxw	H	DWERGDFFDY	RPYSGE	GYTFIDE	0.0	0.0	0.0	1.0	0.0	0.0	1.0	1.0	0.0	1.0	0.0	0.0	0.0	1.0	0.0	0.0	1.0	0.0	1.0	0.0	0.0	1.0	0.0	0.0	0.0	0.0	1.0	1.0	0.0	0.0	0.0	0.0	0.0	0.0	1.0	1.0	0.0	0.0	1.0	0.0	0.0	1.0	0.0	3.0	0.0	0.0	1.0	1.0	0.0	0.0	0.0	0.0	0.0	2.0	0.0	0.0	0.0	1.0	1.0	0.0	-0.3	-0.2857142857142857	8.5	120.55571428571427	-2.0166666666666666	0.0	9.2	117.95666666666666	-1.55	-0.3	9.28	134.93900000000002	7	6	10	7	6	10
7e9b	H	YYYGIDF	SGGGSN	GFTFSNY	0.0	0.0	1.0	0.0	0.0	0.0	0.0	1.0	0.0	0.0	0.0	0.0	0.0	2.0	0.0	1.0	1.0	0.0	1.0	0.0	0.0	0.0	1.0	0.0	0.0	0.0	0.0	3.0	0.0	0.0	0.0	0.0	0.0	0.0	0.0	2.0	0.0	0.0	0.0	0.0	0.0	0.0	0.0	1.0	0.0	0.0	0.0	1.0	0.0	1.0	0.0	0.0	0.0	1.0	0.0	0.0	0.0	0.0	3.0	0.0	-0.1571428571428572	0.0	7.857142857142857	119.27	-1.05	0.0	9.5	85.57	-0.0714285714285714	-0.1428571428571428	7.285714285714286	134.28857142857143	7	6	7	7	6	7
6ban	B	GYSTYYGDFNI	NSGGS	GSDINDY	0.0	0.0	1.0	2.0	0.0	0.0	0.0	1.0	0.0	1.0	0.0	0.0	0.0	0.0	0.0	1.0	0.0	0.0	1.0	0.0	0.0	0.0	1.0	0.0	0.0	0.0	0.0	2.0	0.0	0.0	0.0	0.0	0.0	0.0	0.0	2.0	0.0	0.0	0.0	0.0	0.0	0.0	1.0	1.0	0.0	0.0	0.0	2.0	0.0	1.0	0.0	0.0	0.0	1.0	0.0	1.0	1.0	0.0	3.0	0.0	-1.2142857142857142	-0.2857142857142857	9.6	111.82285714285716	-1.1800000000000002	0.0	9.6	87.674	-0.5363636363636364	-0.0909090909090909	8.127272727272727	119.7609090909091	7	5	11	7	5	11
2h9g	H	RLALVRMWMDY	YPHDGN	GFSIGKS	0.0	0.0	0.0	0.0	0.0	0.0	0.0	2.0	0.0	1.0	0.0	1.0	0.0	1.0	0.0	2.0	0.0	0.0	0.0	0.0	0.0	0.0	1.0	1.0	0.0	0.0	0.0	1.0	1.0	0.0	0.0	0.0	0.0	0.0	1.0	0.0	0.0	0.0	1.0	0.0	1.0	2.0	0.0	1.0	0.0	0.0	0.0	0.0	0.0	0.0	2.0	0.0	2.0	0.0	0.0	0.0	0.0	1.0	1.0	1.0	0.1428571428571428	0.1428571428571428	8.3	101.82571428571428	-2.25	0.0	9.7	116.94833333333334	0.2454545454545454	0.0909090909090909	7.345454545454545	130.52727272727273	7	6	11	7	6	11
6mi2	D	GYGIFDY	YPGDSY	GYSFSTY	0.0	0.0	0.0	0.0	0.0	0.0	0.0	1.0	0.0	0.0	0.0	0.0	0.0	1.0	0.0	2.0	1.0	0.0	2.0	0.0	0.0	0.0	0.0	1.0	0.0	0.0	0.0	1.0	0.0	0.0	0.0	0.0	0.0	0.0	1.0	1.0	0.0	0.0	2.0	0.0	0.0	0.0	0.0	1.0	0.0	0.0	0.0	2.0	0.0	1.0	0.0	0.0	0.0	1.0	0.0	0.0	0.0	0.0	2.0	0.0	-0.3571428571428572	0.0	7.6571428571428575	117.69428571428573	-1.4833333333333334	-0.1666666666666666	8.6	116.78333333333336	0.0571428571428571	-0.1428571428571428	7.685714285714285	121.69857142857144	7	6	7	7	6	7
2fjg	H	FVFFLPYAMDY	TPAGGY	GFTISDY	0.0	0.0	0.0	1.0	0.0	0.0	0.0	1.0	0.0	1.0	0.0	0.0	0.0	1.0	0.0	1.0	1.0	0.0	1.0	0.0	1.0	0.0	0.0	0.0	0.0	0.0	0.0	2.0	0.0	0.0	0.0	0.0	0.0	0.0	1.0	0.0	1.0	0.0	1.0	0.0	1.0	0.0	0.0	1.0	0.0	0.0	0.0	0.0	0.0	0.0	1.0	0.0	1.0	3.0	1.0	0.0	0.0	0.0	2.0	1.0	0.0857142857142856	-0.1428571428571428	8.057142857142857	114.55	-0.4333333333333333	0.0	8.15	97.09833333333334	1.1272727272727272	-0.0909090909090909	6.6909090909090905	126.78909090909092	7	6	11	7	6	11
5x8m	B	EGGWFGELAFDY	KQDGSE	GFTFSRY	0.0	1.0	0.0	0.0	0.0	0.0	0.0	1.0	0.0	0.0	0.0	0.0	0.0	2.0	0.0	1.0	1.0	0.0	1.0	0.0	0.0	0.0	0.0	1.0	0.0	1.0	1.0	1.0	0.0	0.0	0.0	1.0	0.0	0.0	0.0	1.0	0.0	0.0	0.0	0.0	1.0	0.0	0.0	1.0	0.0	0.0	2.0	3.0	0.0	0.0	1.0	0.0	0.0	2.0	0.0	0.0	0.0	1.0	1.0	0.0	-0.3000000000000001	0.1428571428571428	7.7	125.28142857142858	-2.6	-0.1666666666666666	10.883333333333333	110.44166666666666	-0.225	-0.25	8.3	118.87333333333332	7	6	12	7	6	12
5xxy	H	RHWPGGFDY	SPYGGS	GFTFSDS	0.0	0.0	0.0	1.0	0.0	0.0	0.0	1.0	0.0	0.0	0.0	0.0	0.0	2.0	0.0	2.0	1.0	0.0	0.0	0.0	0.0	0.0	0.0	0.0	0.0	0.0	0.0	2.0	0.0	0.0	0.0	0.0	0.0	0.0	1.0	2.0	0.0	0.0	1.0	0.0	0.0	1.0	0.0	1.0	0.0	0.0	0.0	2.0	1.0	0.0	0.0	0.0	0.0	1.0	1.0	0.0	0.0	1.0	1.0	0.0	-0.0857142857142857	-0.1428571428571428	8.485714285714286	108.53857142857144	-0.8833333333333334	0.0	8.433333333333334	97.42666666666666	-1.4444444444444444	0.1111111111111111	8.522222222222222	128.02444444444444	7	6	9	7	6	9
4j4p	H	DGEISYDYYYYGMDV	YYRSKWY	GDSVSSNSA	1.0	0.0	1.0	1.0	0.0	0.0	0.0	1.0	0.0	0.0	0.0	0.0	0.0	0.0	0.0	4.0	0.0	0.0	0.0	1.0	0.0	1.0	0.0	0.0	0.0	0.0	0.0	0.0	0.0	0.0	0.0	1.0	0.0	0.0	0.0	1.0	0.0	1.0	3.0	0.0	0.0	0.0	0.0	3.0	0.0	0.0	1.0	2.0	0.0	1.0	0.0	0.0	1.0	0.0	0.0	1.0	0.0	0.0	5.0	1.0	-0.5111111111111111	-0.1111111111111111	9.377777777777776	91.42	-2.0	0.2857142857142857	7.857142857142857	149.60142857142858	-0.7666666666666667	-0.2666666666666666	8.42	124.73066666666666	9	7	15	9	7	15
6wmw	H	RYGPEDIDY	NTYTGE	GYTFTDY	0.0	0.0	0.0	1.0	0.0	0.0	0.0	1.0	0.0	0.0	0.0	0.0	0.0	1.0	0.0	0.0	2.0	0.0	2.0	0.0	0.0	0.0	1.0	0.0	0.0	0.0	1.0	1.0	0.0	0.0	0.0	0.0	0.0	0.0	0.0	0.0	2.0	0.0	1.0	0.0	0.0	1.0	0.0	2.0	0.0	0.0	1.0	1.0	0.0	1.0	0.0	0.0	0.0	0.0	1.0	0.0	0.0	0.0	2.0	0.0	-0.7285714285714286	-0.1428571428571428	8.114285714285714	123.7	-1.6833333333333331	-0.1666666666666666	9.383333333333333	113.94666666666669	-1.6777777777777778	-0.2222222222222222	9.266666666666667	125.24222222222222	7	6	9	7	6	9
7lfa	H	ENLYGYYFDY	YPGDGD	GYTFTSH	0.0	0.0	0.0	0.0	0.0	0.0	0.0	1.0	1.0	0.0	0.0	0.0	0.0	1.0	0.0	1.0	2.0	0.0	1.0	0.0	0.0	0.0	0.0	2.0	0.0	0.0	0.0	2.0	0.0	0.0	0.0	0.0	0.0	0.0	1.0	0.0	0.0	0.0	1.0	0.0	0.0	0.0	1.0	1.0	0.0	0.0	1.0	1.0	0.0	0.0	1.0	0.0	0.0	1.0	0.0	0.0	0.0	0.0	4.0	0.0	-0.6142857142857144	0.1428571428571428	8.171428571428573	115.97857142857144	-1.7833333333333332	-0.3333333333333333	9.7	106.76333333333334	-0.95	-0.2	8.08	134.643	7	6	10	7	6	10
3wlw	C	EGDGAFDY	SAYNGN	GYSFTSY	0.0	0.0	0.0	0.0	0.0	0.0	0.0	1.0	0.0	0.0	0.0	0.0	0.0	1.0	0.0	2.0	1.0	0.0	2.0	0.0	1.0	0.0	2.0	0.0	0.0	0.0	0.0	1.0	0.0	0.0	0.0	0.0	0.0	0.0	0.0	1.0	0.0	0.0	1.0	0.0	1.0	0.0	0.0	2.0	0.0	0.0	1.0	2.0	0.0	0.0	0.0	0.0	0.0	1.0	0.0	0.0	0.0	0.0	1.0	0.0	-0.3571428571428572	0.0	7.6571428571428575	117.69428571428573	-1.2833333333333334	0.0	9.283333333333331	104.10166666666667	-1.0	-0.375	9.475	111.355	7	6	8	7	6	8
5veb	H	QWGSYAFDS	SGSGSN	GFTFSSH	0.0	0.0	0.0	0.0	0.0	0.0	0.0	1.0	1.0	0.0	0.0	0.0	0.0	2.0	0.0	2.0	1.0	0.0	0.0	0.0	0.0	0.0	1.0	0.0	0.0	0.0	0.0	2.0	0.0	0.0	0.0	0.0	0.0	0.0	0.0	3.0	0.0	0.0	0.0	0.0	1.0	0.0	0.0	1.0	0.0	1.0	0.0	1.0	0.0	0.0	0.0	0.0	0.0	1.0	0.0	2.0	0.0	1.0	1.0	0.0	-0.0428571428571429	0.1428571428571428	8.114285714285714	111.68857142857142	-1.1166666666666667	0.0	9.533333333333331	87.575	-0.7333333333333334	-0.1111111111111111	8.422222222222222	117.78777777777776	7	6	9	7	6	9
3thm	H	RQLLDDGTGYQWAAFDV	AYRGNSNSGS	GASISANSY	2.0	0.0	1.0	0.0	0.0	0.0	0.0	1.0	0.0	1.0	0.0	0.0	0.0	0.0	0.0	3.0	0.0	0.0	1.0	0.0	1.0	1.0	2.0	0.0	0.0	0.0	0.0	2.0	0.0	0.0	0.0	0.0	0.0	0.0	0.0	3.0	0.0	0.0	1.0	0.0	2.0	1.0	0.0	3.0	0.0	2.0	0.0	2.0	0.0	0.0	2.0	0.0	0.0	1.0	0.0	0.0	1.0	1.0	1.0	1.0	0.0555555555555555	0.0	8.422222222222222	96.54444444444444	-1.42	0.1	9.36	103.001	-0.4411764705882353	-0.1176470588235294	8.576470588235296	116.06588235294116	9	10	17	9	10	17
5occ	H	SVGAYANDAFDI	SGSGGN	GFTLSSY	0.0	0.0	0.0	0.0	0.0	0.0	0.0	1.0	0.0	0.0	1.0	0.0	0.0	1.0	0.0	2.0	1.0	0.0	1.0	0.0	0.0	0.0	1.0	0.0	0.0	0.0	0.0	3.0	0.0	0.0	0.0	0.0	0.0	0.0	0.0	2.0	0.0	0.0	0.0	0.0	3.0	0.0	1.0	2.0	0.0	0.0	0.0	1.0	0.0	1.0	0.0	0.0	0.0	1.0	0.0	1.0	0.0	0.0	1.0	1.0	0.3714285714285714	0.0	7.471428571428571	110.54857142857144	-1.05	0.0	9.5	85.57	0.325	-0.1666666666666666	8.549999999999999	103.52583333333332	7	6	12	7	6	12
7shz	E	GSHYFGHWHFAV	KYSGE	GYSITSGY	0.0	0.0	0.0	0.0	0.0	0.0	0.0	2.0	0.0	1.0	0.0	0.0	0.0	0.0	0.0	2.0	1.0	0.0	2.0	0.0	0.0	0.0	0.0	0.0	0.0	0.0	1.0	1.0	0.0	0.0	0.0	1.0	0.0	0.0	0.0	1.0	0.0	0.0	1.0	0.0	1.0	0.0	0.0	0.0	0.0	0.0	0.0	2.0	3.0	0.0	0.0	0.0	0.0	2.0	0.0	1.0	0.0	1.0	1.0	1.0	-0.15	0.0	7.825	108.11125	-1.98	0.0	9.6	116.522	-0.15	0.25	7.866666666666667	121.88083333333331	8	5	12	8	5	12
2j6e	I	LGPDDYTLDGMDV	YYSGN	GGSISRGSH	0.0	1.0	0.0	0.0	0.0	0.0	0.0	3.0	1.0	1.0	0.0	0.0	0.0	0.0	0.0	3.0	0.0	0.0	0.0	0.0	0.0	0.0	1.0	0.0	0.0	0.0	0.0	1.0	0.0	0.0	0.0	0.0	0.0	0.0	0.0	1.0	0.0	0.0	2.0	0.0	0.0	0.0	0.0	4.0	0.0	0.0	0.0	2.0	0.0	0.0	2.0	0.0	1.0	0.0	1.0	0.0	1.0	0.0	1.0	1.0	-0.7555555555555556	0.2222222222222222	8.966666666666667	99.2088888888889	-1.46	0.0	8.440000000000001	120.52	-0.3615384615384615	-0.3076923076923077	8.784615384615385	109.88615384615385	9	5	13	9	5	13
7dha	C	DKILWFGEPVFDY	SGSGGG	GFTFNSF	0.0	0.0	1.0	0.0	0.0	0.0	0.0	1.0	0.0	0.0	0.0	0.0	0.0	3.0	0.0	1.0	1.0	0.0	0.0	0.0	0.0	0.0	0.0	0.0	0.0	0.0	0.0	4.0	0.0	0.0	0.0	0.0	0.0	0.0	0.0	2.0	0.0	0.0	0.0	0.0	0.0	0.0	0.0	2.0	0.0	0.0	1.0	1.0	0.0	1.0	1.0	1.0	0.0	2.0	1.0	0.0	0.0	1.0	1.0	1.0	0.4285714285714285	0.0	7.714285714285714	116.98428571428572	-0.5333333333333333	0.0	9.066666666666666	79.06	-0.0384615384615385	-0.1538461538461538	8.046153846153846	125.2969230769231	7	6	13	7	6	13
4hcr	M	EGSSSSGDYYYGMDV	SVYSGN	GYTFTSY	0.0	0.0	0.0	0.0	0.0	0.0	0.0	1.0	0.0	0.0	0.0	0.0	0.0	1.0	0.0	1.0	2.0	0.0	2.0	0.0	0.0	0.0	1.0	0.0	0.0	0.0	0.0	1.0	0.0	0.0	0.0	0.0	0.0	0.0	0.0	2.0	0.0	0.0	1.0	1.0	0.0	0.0	0.0	2.0	0.0	0.0	1.0	3.0	0.0	0.0	0.0	0.0	1.0	0.0	0.0	4.0	0.0	0.0	3.0	1.0	-0.3428571428571429	0.0	7.571428571428571	119.69857142857144	-0.4333333333333333	0.0	8.516666666666667	104.27166666666666	-0.8466666666666668	-0.2	8.82	110.176	7	6	15	7	6	15
3l5x	H	MGSDYDVWFDY	WWDDV	GFSLSTYGM	0.0	0.0	0.0	0.0	0.0	0.0	0.0	2.0	0.0	0.0	1.0	0.0	1.0	1.0	0.0	2.0	1.0	0.0	1.0	0.0	0.0	0.0	0.0	2.0	0.0	0.0	0.0	0.0	0.0	0.0	0.0	0.0	0.0	0.0	0.0	0.0	0.0	2.0	0.0	1.0	0.0	0.0	0.0	3.0	0.0	0.0	0.0	1.0	0.0	0.0	0.0	0.0	1.0	1.0	0.0	1.0	0.0	1.0	2.0	1.0	0.4555555555555555	0.0	7.444444444444445	108.89888888888888	-0.92	-0.4	8.540000000000001	140.35	-0.5727272727272728	-0.2727272727272727	8.345454545454546	127.04454545454546	9	5	11	9	5	11
5tzu	H	SLAGNAMDY	TSGGTY	GFTFSGY	0.0	0.0	0.0	0.0	0.0	0.0	0.0	2.0	0.0	0.0	0.0	0.0	0.0	2.0	0.0	1.0	1.0	0.0	1.0	0.0	0.0	0.0	0.0	0.0	0.0	0.0	0.0	2.0	0.0	0.0	0.0	0.0	0.0	0.0	0.0	1.0	2.0	0.0	1.0	0.0	2.0	0.0	1.0	1.0	0.0	0.0	0.0	1.0	0.0	0.0	1.0	0.0	1.0	0.0	0.0	1.0	0.0	0.0	1.0	0.0	0.2857142857142856	0.0	7.485714285714286	113.69	-0.7166666666666667	0.0	8.433333333333334	100.43	-0.0222222222222222	-0.1111111111111111	8.422222222222222	104.55888888888887	7	6	9	7	6	9
4zff	A	FVFFLPYAMDY	TPAGGY	GFTISDY	0.0	0.0	0.0	1.0	0.0	0.0	0.0	1.0	0.0	1.0	0.0	0.0	0.0	1.0	0.0	1.0	1.0	0.0	1.0	0.0	1.0	0.0	0.0	0.0	0.0	0.0	0.0	2.0	0.0	0.0	0.0	0.0	0.0	0.0	1.0	0.0	1.0	0.0	1.0	0.0	1.0	0.0	0.0	1.0	0.0	0.0	0.0	0.0	0.0	0.0	1.0	0.0	1.0	3.0	1.0	0.0	0.0	0.0	2.0	1.0	0.0857142857142856	-0.1428571428571428	8.057142857142857	114.55	-0.4333333333333333	0.0	8.15	97.09833333333334	1.1272727272727272	-0.0909090909090909	6.6909090909090905	126.78909090909092	7	6	11	7	6	11
4k8r	D	EGTYYHDSGSDNYYSYGMDV	GTAGD	GFTFSSY	0.0	0.0	0.0	0.0	0.0	0.0	0.0	1.0	0.0	0.0	0.0	0.0	0.0	2.0	0.0	2.0	1.0	0.0	1.0	0.0	1.0	0.0	0.0	1.0	0.0	0.0	0.0	2.0	0.0	0.0	0.0	0.0	0.0	0.0	0.0	0.0	1.0	0.0	0.0	0.0	0.0	0.0	1.0	3.0	0.0	0.0	1.0	3.0	1.0	0.0	0.0	0.0	1.0	0.0	0.0	3.0	1.0	0.0	5.0	1.0	0.2285714285714285	0.0	7.514285714285714	115.40857142857143	-0.64	-0.2	9.54	87.476	-1.27	-0.15	8.955	117.9685	7	5	20	7	5	20
7vyt	B	RSGSGWFGALDY	NPSGGS	GYTFTSY	0.0	0.0	0.0	0.0	0.0	0.0	0.0	1.0	0.0	0.0	0.0	0.0	0.0	1.0	0.0	1.0	2.0	0.0	2.0	0.0	0.0	0.0	1.0	0.0	0.0	0.0	0.0	2.0	0.0	0.0	0.0	0.0	0.0	0.0	1.0	2.0	0.0	0.0	0.0	0.0	1.0	1.0	0.0	1.0	0.0	0.0	0.0	3.0	0.0	0.0	1.0	0.0	0.0	1.0	0.0	2.0	0.0	1.0	1.0	0.0	-0.3428571428571429	0.0	7.571428571428571	119.69857142857144	-1.25	0.0	9.333333333333334	89.24833333333333	-0.3833333333333333	0.0	8.225	112.6175	7	6	12	7	6	12
5czv	H	GSFWFGY	KPRWGA	GGTFSSY	0.0	0.0	0.0	0.0	0.0	0.0	0.0	2.0	0.0	0.0	0.0	0.0	0.0	1.0	0.0	2.0	1.0	0.0	1.0	0.0	1.0	1.0	0.0	0.0	0.0	0.0	0.0	1.0	0.0	0.0	0.0	1.0	0.0	0.0	1.0	0.0	0.0	1.0	0.0	0.0	0.0	0.0	0.0	0.0	0.0	0.0	0.0	2.0	0.0	0.0	0.0	0.0	0.0	2.0	0.0	1.0	0.0	1.0	1.0	0.0	-0.2285714285714286	0.0	8.057142857142857	105.10428571428572	-1.5833333333333333	0.3333333333333333	8.716666666666667	118.97333333333334	0.257142857142857	0.0	7.028571428571429	125.84857142857145	7	6	7	7	6	7
7lfb	H	LIYDGDYISSDF	NTNTGQ	GYAFTNY	1.0	0.0	1.0	0.0	0.0	0.0	0.0	1.0	0.0	0.0	0.0	0.0	0.0	1.0	0.0	0.0	1.0	0.0	2.0	0.0	0.0	0.0	2.0	0.0	0.0	1.0	0.0	1.0	0.0	0.0	0.0	0.0	0.0	0.0	0.0	0.0	2.0	0.0	0.0	0.0	0.0	0.0	0.0	3.0	0.0	0.0	0.0	1.0	0.0	2.0	1.0	0.0	0.0	1.0	0.0	2.0	0.0	0.0	2.0	0.0	-0.3714285714285714	0.0	7.8428571428571425	119.27	-2.0500000000000003	0.0	9.983333333333333	105.60333333333334	0.0416666666666666	-0.25	8.275	117.29166666666669	7	6	12	7	6	12
6o9h	A	GKYPTWIAY	SSGSST	GFTFSSF	0.0	0.0	0.0	0.0	0.0	0.0	0.0	1.0	0.0	0.0	0.0	0.0	0.0	3.0	0.0	2.0	1.0	0.0	0.0	0.0	0.0	0.0	0.0	0.0	0.0	0.0	0.0	1.0	0.0	0.0	0.0	0.0	0.0	0.0	0.0	4.0	1.0	0.0	0.0	0.0	1.0	0.0	0.0	0.0	0.0	0.0	0.0	1.0	0.0	1.0	0.0	1.0	0.0	0.0	1.0	0.0	1.0	1.0	2.0	0.0	0.8142857142857142	0.0	7.371428571428572	113.12285714285714	-0.7166666666666667	0.0	9.066666666666666	87.41333333333334	-0.4222222222222222	0.1111111111111111	7.555555555555555	122.0311111111111	7	6	9	7	6	9
6ztr	H	GEGYGREGFAI	YYRSKWY	GDSVSSQSA	1.0	0.0	0.0	1.0	0.0	1.0	0.0	1.0	0.0	0.0	0.0	0.0	0.0	0.0	0.0	4.0	0.0	0.0	0.0	1.0	0.0	1.0	0.0	0.0	0.0	0.0	0.0	0.0	0.0	0.0	0.0	1.0	0.0	0.0	0.0	1.0	0.0	1.0	3.0	0.0	1.0	1.0	0.0	0.0	0.0	0.0	2.0	4.0	0.0	1.0	0.0	0.0	0.0	1.0	0.0	0.0	0.0	0.0	1.0	0.0	-0.5111111111111111	-0.1111111111111111	9.255555555555556	92.97777777777776	-2.0	0.2857142857142857	7.857142857142857	149.60142857142858	-0.4818181818181818	-0.0909090909090909	8.709090909090909	109.93	9	7	11	9	7	11
5ob5	H	SGYDRTWFAH	YSGGGY	GYTFTNY	0.0	0.0	1.0	0.0	0.0	0.0	0.0	1.0	0.0	0.0	0.0	0.0	0.0	1.0	0.0	0.0	2.0	0.0	2.0	0.0	0.0	0.0	0.0	0.0	0.0	0.0	0.0	3.0	0.0	0.0	0.0	0.0	0.0	0.0	0.0	1.0	0.0	0.0	2.0	0.0	1.0	1.0	0.0	1.0	0.0	0.0	0.0	1.0	1.0	0.0	0.0	0.0	0.0	1.0	0.0	1.0	1.0	1.0	1.0	0.0	-0.7285714285714286	0.0	7.914285714285714	123.56000000000002	-0.7666666666666667	0.0	8.1	106.43166666666669	-1.07	0.1	8.559999999999999	123.932	7	6	10	7	6	10
4oqt	H	EGDNDAFDI	GPSGGF	GFTFSAY	1.0	0.0	0.0	0.0	0.0	0.0	0.0	1.0	0.0	0.0	0.0	0.0	0.0	2.0	0.0	1.0	1.0	0.0	1.0	0.0	0.0	0.0	0.0	0.0	0.0	0.0	0.0	3.0	0.0	0.0	0.0	0.0	0.0	1.0	1.0	1.0	0.0	0.0	0.0	0.0	1.0	0.0	1.0	3.0	0.0	0.0	1.0	1.0	0.0	1.0	0.0	0.0	0.0	1.0	0.0	0.0	0.0	0.0	0.0	0.0	0.5999999999999999	0.0	7.357142857142857	113.12285714285714	-0.1333333333333334	0.0	8.233333333333333	92.755	-0.977777777777778	-0.4444444444444444	10.044444444444444	110.55222222222224	7	6	9	7	6	9
5sx5	J	DRVTGAFDI	YYSGN	GGSVSSGDY	0.0	0.0	0.0	1.0	0.0	0.0	0.0	3.0	0.0	0.0	0.0	0.0	0.0	0.0	0.0	3.0	0.0	0.0	1.0	1.0	0.0	0.0	1.0	0.0	0.0	0.0	0.0	1.0	0.0	0.0	0.0	0.0	0.0	0.0	0.0	1.0	0.0	0.0	2.0	0.0	1.0	1.0	0.0	2.0	0.0	0.0	0.0	1.0	0.0	1.0	0.0	0.0	0.0	1.0	0.0	0.0	1.0	0.0	0.0	1.0	-0.4666666666666667	-0.1111111111111111	8.855555555555556	95.97666666666666	-1.46	0.0	8.440000000000001	120.52	0.0777777777777777	-0.1111111111111111	8.722222222222221	110.34222222222223	9	5	9	9	5	9
6mft	A	GKNSDYNWDFQH	NPNSGG	GYTFTGY	0.0	0.0	0.0	0.0	0.0	0.0	0.0	2.0	0.0	0.0	0.0	0.0	0.0	1.0	0.0	0.0	2.0	0.0	2.0	0.0	0.0	0.0	2.0	0.0	0.0	0.0	0.0	2.0	0.0	0.0	0.0	0.0	0.0	0.0	1.0	1.0	0.0	0.0	0.0	0.0	0.0	0.0	2.0	2.0	0.0	1.0	0.0	1.0	1.0	0.0	0.0	1.0	0.0	1.0	0.0	1.0	0.0	1.0	1.0	0.0	-0.2857142857142857	0.0	7.542857142857143	117.98	-1.7	0.0	9.733333333333333	93.75333333333332	-2.1	0.0	9.7	125.88	7	6	12	7	6	12
1uj3	B	DSGYAMDY	DPANGH	GFNIKDY	0.0	0.0	1.0	1.0	0.0	0.0	0.0	1.0	0.0	1.0	0.0	1.0	0.0	1.0	0.0	0.0	0.0	0.0	1.0	0.0	1.0	0.0	1.0	1.0	0.0	0.0	0.0	1.0	1.0	0.0	0.0	0.0	0.0	0.0	1.0	0.0	0.0	0.0	0.0	0.0	1.0	0.0	0.0	2.0	0.0	0.0	0.0	1.0	0.0	0.0	0.0	0.0	1.0	0.0	0.0	1.0	0.0	0.0	2.0	0.0	-0.7571428571428571	0.0	8.785714285714286	122.27857142857144	-1.7333333333333334	0.0	10.016666666666667	101.59833333333334	-0.8875000000000001	-0.25	8.8	115.11875	7	6	8	7	6	8
6aod	B	LASGFRDY	DPDEGD	GYTFTGY	0.0	0.0	0.0	0.0	0.0	0.0	0.0	2.0	0.0	0.0	0.0	0.0	0.0	1.0	0.0	0.0	2.0	0.0	2.0	0.0	0.0	0.0	0.0	3.0	0.0	0.0	1.0	1.0	0.0	0.0	0.0	0.0	0.0	0.0	1.0	0.0	0.0	0.0	0.0	0.0	1.0	1.0	0.0	1.0	0.0	0.0	0.0	1.0	0.0	0.0	1.0	0.0	0.0	1.0	0.0	1.0	0.0	0.0	1.0	0.0	-0.2857142857142857	0.0	7.542857142857143	117.98	-2.6666666666666665	-0.6666666666666666	11.383333333333333	107.76	-0.2625	0.0	8.2625	116.00125	7	6	8	7	6	8
6was	H	APVWTGYTSLDV	SYDSDN	GITFSED	0.0	0.0	0.0	1.0	0.0	0.0	1.0	1.0	0.0	1.0	0.0	0.0	0.0	1.0	0.0	1.0	1.0	0.0	0.0	0.0	0.0	0.0	1.0	2.0	0.0	0.0	0.0	0.0	0.0	0.0	0.0	0.0	0.0	0.0	0.0	2.0	0.0	0.0	1.0	0.0	1.0	0.0	0.0	1.0	0.0	0.0	0.0	1.0	0.0	0.0	1.0	0.0	0.0	0.0	1.0	1.0	2.0	1.0	1.0	2.0	-0.2285714285714286	-0.2857142857142857	8.928571428571429	109.6842857142857	-2.2333333333333334	-0.3333333333333333	10.366666666666664	113.605	0.3416666666666666	-0.0833333333333333	7.733333333333333	109.03833333333334	7	6	12	7	6	12
5d72	M	GFGTDF	ENKYAGGA	GFTFSSY	0.0	0.0	0.0	0.0	0.0	0.0	0.0	1.0	0.0	0.0	0.0	0.0	0.0	2.0	0.0	2.0	1.0	0.0	1.0	0.0	2.0	0.0	1.0	0.0	0.0	0.0	1.0	2.0	0.0	0.0	0.0	1.0	0.0	0.0	0.0	0.0	0.0	0.0	1.0	0.0	0.0	0.0	0.0	1.0	0.0	0.0	0.0	2.0	0.0	0.0	0.0	0.0	0.0	2.0	0.0	0.0	1.0	0.0	0.0	0.0	0.2285714285714285	0.0	7.514285714285714	115.40857142857143	-1.175	0.0	9.45	103.35625	0.0999999999999999	-0.1666666666666666	8.333333333333334	110.11	7	8	6	7	8	6
2xtj	D	HYEIQIGRYGMNVYYLMYRFAS	NPILGI	GGTFNSH	0.0	0.0	1.0	0.0	0.0	0.0	0.0	2.0	1.0	0.0	0.0	0.0	0.0	1.0	0.0	1.0	1.0	0.0	0.0	0.0	0.0	0.0	1.0	0.0	0.0	0.0	0.0	1.0	0.0	2.0	1.0	0.0	0.0	0.0	1.0	0.0	0.0	0.0	0.0	0.0	1.0	2.0	1.0	0.0	0.0	1.0	1.0	2.0	1.0	2.0	1.0	0.0	2.0	1.0	0.0	1.0	0.0	0.0	5.0	1.0	-0.8857142857142858	0.1428571428571428	9.0	105.24571428571429	1.2166666666666666	0.0	7.316666666666666	104.29333333333334	-0.2454545454545454	0.0909090909090909	7.722727272727273	126.965	7	6	22	7	6	22
2wuc	H	WAWPAFDY	YPAGGA	GFTINGT	0.0	0.0	1.0	0.0	0.0	0.0	0.0	2.0	0.0	1.0	0.0	0.0	0.0	1.0	0.0	0.0	2.0	0.0	0.0	0.0	2.0	0.0	0.0	0.0	0.0	0.0	0.0	2.0	0.0	0.0	0.0	0.0	0.0	0.0	1.0	0.0	0.0	0.0	1.0	0.0	2.0	0.0	0.0	1.0	0.0	0.0	0.0	0.0	0.0	0.0	0.0	0.0	0.0	1.0	1.0	0.0	0.0	2.0	1.0	0.0	0.2285714285714285	0.0	8.171428571428573	103.82428571428572	-0.0166666666666666	0.0	8.066666666666666	92.09333333333332	-0.225	-0.125	7.425	129.64625	7	6	8	7	6	8
4mxv	H	PTMLPWFAY	NPYNAG	GYTFTSY	0.0	0.0	0.0	0.0	0.0	0.0	0.0	1.0	0.0	0.0	0.0	0.0	0.0	1.0	0.0	1.0	2.0	0.0	2.0	0.0	1.0	0.0	2.0	0.0	0.0	0.0	0.0	1.0	0.0	0.0	0.0	0.0	0.0	0.0	1.0	0.0	0.0	0.0	1.0	0.0	1.0	0.0	0.0	0.0	0.0	0.0	0.0	0.0	0.0	0.0	1.0	0.0	1.0	1.0	2.0	0.0	1.0	1.0	1.0	0.0	-0.3428571428571429	0.0	7.571428571428571	119.69857142857144	-1.4166666666666667	0.0	9.083333333333334	105.775	0.4666666666666665	0.0	6.677777777777778	123.04111111111108	7	6	9	7	6	9
2qqk	H	EDFRNRRRLWYVMDY	YPDSGY	GFTISGY	0.0	0.0	0.0	0.0	0.0	0.0	0.0	2.0	0.0	1.0	0.0	0.0	0.0	1.0	0.0	1.0	1.0	0.0	1.0	0.0	0.0	0.0	0.0	1.0	0.0	0.0	0.0	1.0	0.0	0.0	0.0	0.0	0.0	0.0	1.0	1.0	0.0	0.0	2.0	0.0	0.0	4.0	1.0	2.0	0.0	0.0	1.0	0.0	0.0	0.0	1.0	0.0	1.0	1.0	0.0	0.0	0.0	1.0	2.0	1.0	0.5285714285714286	0.0	7.485714285714286	108.83	-1.4833333333333334	-0.1666666666666666	8.6	116.78333333333336	-1.52	0.0666666666666666	8.76	140.09466666666668	7	6	15	7	6	15
3be1	H	WGGDGFYAMDY	YPTNGY	GFNIKDT	0.0	0.0	1.0	1.0	0.0	0.0	0.0	1.0	0.0	1.0	0.0	1.0	0.0	1.0	0.0	0.0	1.0	0.0	0.0	0.0	0.0	0.0	1.0	0.0	0.0	0.0	0.0	1.0	0.0	0.0	0.0	0.0	0.0	0.0	1.0	0.0	1.0	0.0	2.0	0.0	1.0	0.0	0.0	2.0	0.0	0.0	0.0	3.0	0.0	0.0	0.0	0.0	1.0	1.0	0.0	0.0	0.0	1.0	2.0	0.0	-0.6714285714285715	0.0	9.128571428571428	113.41142857142856	-1.4666666666666668	0.0	8.266666666666667	118.95833333333331	-0.4727272727272727	-0.1818181818181818	8.163636363636364	119.76090909090908	7	6	11	7	6	11
7lf7	H	QIDDYYVDALDY	SRDSTY	GFTFSR	0.0	1.0	0.0	0.0	0.0	0.0	0.0	1.0	0.0	0.0	0.0	0.0	0.0	2.0	0.0	1.0	1.0	0.0	0.0	0.0	0.0	1.0	0.0	1.0	0.0	0.0	0.0	0.0	0.0	0.0	0.0	0.0	0.0	0.0	0.0	2.0	1.0	0.0	1.0	0.0	1.0	0.0	0.0	4.0	0.0	1.0	0.0	0.0	0.0	1.0	1.0	0.0	0.0	0.0	0.0	0.0	0.0	0.0	3.0	1.0	-0.1333333333333334	0.1666666666666666	7.95	118.965	-1.9333333333333331	0.0	9.45	118.28833333333334	-0.5916666666666667	-0.3333333333333333	8.766666666666667	122.88	6	6	12	6	6	12
3sqo	H	ERPLYASDL	SPFGGR	GYTFTSY	0.0	0.0	0.0	0.0	0.0	0.0	0.0	1.0	0.0	0.0	0.0	0.0	0.0	1.0	0.0	1.0	2.0	0.0	2.0	0.0	0.0	1.0	0.0	0.0	0.0	0.0	0.0	2.0	0.0	0.0	0.0	0.0	0.0	1.0	1.0	1.0	0.0	0.0	0.0	0.0	1.0	1.0	0.0	1.0	0.0	0.0	1.0	0.0	0.0	0.0	2.0	0.0	0.0	0.0	1.0	1.0	0.0	0.0	1.0	0.0	-0.3428571428571429	0.0	7.571428571428571	119.69857142857144	-0.8166666666666668	0.1666666666666666	8.483333333333333	106.27833333333332	-0.6444444444444445	-0.1111111111111111	8.566666666666666	116.13111111111112	7	6	9	7	6	9
5if0	A	ISGSYSFDY	NPNSGG	GYTFTGY	0.0	0.0	0.0	0.0	0.0	0.0	0.0	2.0	0.0	0.0	0.0	0.0	0.0	1.0	0.0	0.0	2.0	0.0	2.0	0.0	0.0	0.0	2.0	0.0	0.0	0.0	0.0	2.0	0.0	0.0	0.0	0.0	0.0	0.0	1.0	1.0	0.0	0.0	0.0	0.0	0.0	0.0	0.0	1.0	0.0	0.0	0.0	1.0	0.0	1.0	0.0	0.0	0.0	1.0	0.0	3.0	0.0	0.0	2.0	0.0	-0.2857142857142857	0.0	7.542857142857143	117.98	-1.7	0.0	9.733333333333333	93.75333333333332	-0.1777777777777778	-0.1111111111111111	8.044444444444444	115.34222222222222	7	6	9	7	6	9
6ppg	H	DIGGFGEFYWNFGL	NWSSGG	GFTFDDY	0.0	0.0	0.0	2.0	0.0	0.0	0.0	1.0	0.0	0.0	0.0	0.0	0.0	2.0	0.0	0.0	1.0	0.0	1.0	0.0	0.0	0.0	1.0	0.0	0.0	0.0	0.0	2.0	0.0	0.0	0.0	0.0	0.0	0.0	0.0	2.0	0.0	1.0	0.0	0.0	0.0	0.0	1.0	1.0	0.0	0.0	1.0	4.0	0.0	1.0	1.0	0.0	0.0	3.0	0.0	0.0	0.0	1.0	1.0	0.0	-0.5428571428571429	-0.2857142857142857	8.6	123.41142857142856	-1.1333333333333333	0.0	8.9	104.09833333333334	0.1714285714285713	-0.1428571428571428	7.871428571428572	119.69857142857144	7	6	14	7	6	14
6fax	H	REVYGRNYYALDY	IPNNGG	GYTFTEY	0.0	0.0	0.0	0.0	0.0	0.0	1.0	1.0	0.0	0.0	0.0	0.0	0.0	1.0	0.0	0.0	2.0	0.0	2.0	0.0	0.0	0.0	2.0	0.0	0.0	0.0	0.0	2.0	0.0	1.0	0.0	0.0	0.0	0.0	1.0	0.0	0.0	0.0	0.0	0.0	1.0	2.0	1.0	1.0	0.0	0.0	1.0	1.0	0.0	0.0	1.0	0.0	0.0	0.0	0.0	0.0	0.0	0.0	4.0	1.0	-0.7285714285714286	-0.1428571428571428	8.014285714285714	125.70428571428572	-0.8166666666666668	0.0	9.066666666666666	98.1	-1.176923076923077	0.0	8.507692307692308	129.3723076923077	7	6	13	7	6	13
6hhc	H	GGPYYYYGMDV	GPSGGS	GFTFSQY	0.0	0.0	0.0	0.0	0.0	1.0	0.0	1.0	0.0	0.0	0.0	0.0	0.0	2.0	0.0	1.0	1.0	0.0	1.0	0.0	0.0	0.0	0.0	0.0	0.0	0.0	0.0	3.0	0.0	0.0	0.0	0.0	0.0	0.0	1.0	2.0	0.0	0.0	0.0	0.0	0.0	0.0	0.0	1.0	0.0	0.0	0.0	3.0	0.0	0.0	0.0	0.0	1.0	0.0	1.0	0.0	0.0	0.0	4.0	1.0	-0.1571428571428572	0.0	7.7	121.27285714285712	-0.7333333333333334	0.0	8.9	82.73833333333333	-0.4909090909090909	-0.0909090909090909	7.672727272727273	120.03727272727274	7	6	11	7	6	11
4ogy	H	RRIGVPRRDEFDI	YSSGGI	GFTFSHY	0.0	0.0	0.0	0.0	0.0	0.0	0.0	1.0	1.0	0.0	0.0	0.0	0.0	2.0	0.0	1.0	1.0	0.0	1.0	0.0	0.0	0.0	0.0	0.0	0.0	0.0	0.0	2.0	0.0	1.0	0.0	0.0	0.0	0.0	0.0	2.0	0.0	0.0	1.0	0.0	0.0	4.0	0.0	2.0	0.0	0.0	1.0	1.0	0.0	2.0	0.0	0.0	0.0	1.0	1.0	0.0	0.0	0.0	0.0	1.0	-0.1142857142857143	0.1428571428571428	7.685714285714285	122.56	0.1333333333333333	0.0	7.966666666666666	100.1	-1.1153846153846154	0.0769230769230769	9.138461538461538	125.29692307692306	7	6	13	7	6	13
6qb6	H	QVGATWAFDI	SSSSSY	GFTFSSY	0.0	0.0	0.0	0.0	0.0	0.0	0.0	1.0	0.0	0.0	0.0	0.0	0.0	2.0	0.0	2.0	1.0	0.0	1.0	0.0	0.0	0.0	0.0	0.0	0.0	0.0	0.0	0.0	0.0	0.0	0.0	0.0	0.0	0.0	0.0	5.0	0.0	0.0	1.0	0.0	2.0	0.0	0.0	1.0	0.0	1.0	0.0	1.0	0.0	1.0	0.0	0.0	0.0	1.0	0.0	0.0	1.0	1.0	0.0	1.0	0.2285714285714285	0.0	7.514285714285714	115.40857142857143	-0.8833333333333334	0.0	8.7	99.76333333333334	0.61	-0.1	7.9	110.723	7	6	10	7	6	10
4h8w	H	DLRLGGGSDY	NNSGRN	GFTFSTY	0.0	0.0	0.0	0.0	0.0	0.0	0.0	1.0	0.0	0.0	0.0	0.0	0.0	2.0	0.0	1.0	2.0	0.0	1.0	0.0	0.0	1.0	3.0	0.0	0.0	0.0	0.0	1.0	0.0	0.0	0.0	0.0	0.0	0.0	0.0	1.0	0.0	0.0	0.0	0.0	0.0	1.0	0.0	2.0	0.0	0.0	0.0	3.0	0.0	0.0	2.0	0.0	0.0	0.0	0.0	1.0	0.0	0.0	1.0	0.0	0.2428571428571428	0.0	7.428571428571429	117.41285714285712	-2.6999999999999997	0.1666666666666666	10.583333333333334	110.10833333333332	-0.72	-0.1	8.870000000000001	108.81	7	6	10	7	6	10
5b71	D	DAGYDYPTHAMHY	FTGSGA	GFTVHSSY	0.0	0.0	0.0	0.0	0.0	0.0	0.0	1.0	1.0	0.0	0.0	0.0	0.0	1.0	0.0	2.0	1.0	0.0	1.0	1.0	1.0	0.0	0.0	0.0	0.0	0.0	0.0	2.0	0.0	0.0	0.0	0.0	0.0	1.0	0.0	1.0	1.0	0.0	0.0	0.0	2.0	0.0	0.0	2.0	0.0	0.0	0.0	1.0	2.0	0.0	0.0	0.0	1.0	0.0	1.0	0.0	1.0	0.0	3.0	0.0	-0.025	0.125	7.9625	112.11875	0.3833333333333333	0.0	8.183333333333334	92.75833333333333	-1.1153846153846154	0.0	8.684615384615386	118.51076923076924	8	6	13	8	6	13
6vc9	H	EHYVSGTSLDN	YISGT	GGSIRNN	0.0	1.0	2.0	0.0	0.0	0.0	0.0	2.0	0.0	1.0	0.0	0.0	0.0	0.0	0.0	1.0	0.0	0.0	0.0	0.0	0.0	0.0	0.0	0.0	0.0	0.0	0.0	1.0	0.0	1.0	0.0	0.0	0.0	0.0	0.0	1.0	1.0	0.0	1.0	0.0	0.0	0.0	1.0	1.0	0.0	0.0	1.0	1.0	1.0	0.0	1.0	0.0	0.0	0.0	0.0	2.0	1.0	0.0	1.0	1.0	-1.2285714285714284	0.1428571428571428	9.44285714285714	104.96428571428572	0.2599999999999999	0.0	7.640000000000001	107.916	-0.881818181818182	-0.0909090909090909	9.118181818181816	111.02272727272728	7	5	11	7	5	11
3d85	B	NWDVAY	NPYNDG	GYTFTSN	0.0	0.0	1.0	0.0	0.0	0.0	0.0	1.0	0.0	0.0	0.0	0.0	0.0	1.0	0.0	1.0	2.0	0.0	1.0	0.0	0.0	0.0	2.0	1.0	0.0	0.0	0.0	1.0	0.0	0.0	0.0	0.0	0.0	0.0	1.0	0.0	0.0	0.0	1.0	0.0	1.0	0.0	1.0	1.0	0.0	0.0	0.0	0.0	0.0	0.0	0.0	0.0	0.0	0.0	0.0	0.0	0.0	1.0	1.0	1.0	-0.6571428571428573	0.0	8.342857142857143	112.68857142857144	-2.3000000000000003	-0.1666666666666666	9.9	113.11	-0.5333333333333333	-0.1666666666666666	8.366666666666667	124.80166666666666	7	6	6	7	6	6
5tru	H	TGWLGPFDY	SYDGNN	GFTFSSY	0.0	0.0	0.0	0.0	0.0	0.0	0.0	1.0	0.0	0.0	0.0	0.0	0.0	2.0	0.0	2.0	1.0	0.0	1.0	0.0	0.0	0.0	2.0	1.0	0.0	0.0	0.0	1.0	0.0	0.0	0.0	0.0	0.0	0.0	0.0	1.0	0.0	0.0	1.0	0.0	0.0	0.0	0.0	1.0	0.0	0.0	0.0	2.0	0.0	0.0	1.0	0.0	0.0	1.0	1.0	0.0	1.0	1.0	1.0	0.0	0.2285714285714285	0.0	7.514285714285714	115.40857142857143	-2.1666666666666665	-0.1666666666666666	10.1	111.43666666666668	-0.2444444444444445	-0.1111111111111111	7.699999999999999	119.24	7	6	9	7	6	9
6nmt	B	DFGSGVGSIDA	TSGSR	GFIFSDY	0.0	0.0	0.0	1.0	0.0	0.0	0.0	1.0	0.0	1.0	0.0	0.0	0.0	2.0	0.0	1.0	0.0	0.0	1.0	0.0	0.0	1.0	0.0	0.0	0.0	0.0	0.0	1.0	0.0	0.0	0.0	0.0	0.0	0.0	0.0	2.0	1.0	0.0	0.0	0.0	1.0	0.0	0.0	2.0	0.0	0.0	0.0	3.0	0.0	1.0	0.0	0.0	0.0	1.0	0.0	2.0	0.0	0.0	0.0	1.0	0.5857142857142856	-0.1428571428571428	7.571428571428571	121.1314285714286	-1.44	0.2	9.3	101.302	0.3181818181818182	-0.1818181818181818	8.709090909090909	96.36727272727272	7	5	11	7	5	11
5hhv	H	DLIHGVTRN	SGSGGS	GFTFSSY	0.0	0.0	0.0	0.0	0.0	0.0	0.0	1.0	0.0	0.0	0.0	0.0	0.0	2.0	0.0	2.0	1.0	0.0	1.0	0.0	0.0	0.0	0.0	0.0	0.0	0.0	0.0	3.0	0.0	0.0	0.0	0.0	0.0	0.0	0.0	3.0	0.0	0.0	0.0	0.0	0.0	1.0	1.0	1.0	0.0	0.0	0.0	1.0	1.0	1.0	1.0	0.0	0.0	0.0	0.0	0.0	1.0	0.0	0.0	1.0	0.2285714285714285	0.0	7.514285714285714	115.40857142857143	-0.6	0.0	9.1	81.065	-0.3666666666666667	0.1111111111111111	8.788888888888888	113.79333333333332	7	6	9	7	6	9
6k0y	A	DLDIATTRDY	YHSGS	GHSIRGSY	0.0	1.0	0.0	0.0	0.0	0.0	0.0	2.0	1.0	1.0	0.0	0.0	0.0	0.0	0.0	2.0	0.0	0.0	1.0	0.0	0.0	0.0	0.0	0.0	0.0	0.0	0.0	1.0	1.0	0.0	0.0	0.0	0.0	0.0	0.0	2.0	0.0	0.0	1.0	0.0	1.0	1.0	0.0	3.0	0.0	0.0	0.0	0.0	0.0	1.0	1.0	0.0	0.0	0.0	0.0	0.0	2.0	0.0	1.0	0.0	-0.8625	0.25	8.5875	111.74125	-1.3	0.2	8.8	109.906	-0.76	-0.2	9.11	116.426	8	5	10	8	5	10
6rps	N	DFGYFDGSSPFDY	WYDGD	GFSLTTY	0.0	0.0	0.0	0.0	0.0	0.0	0.0	1.0	0.0	0.0	1.0	0.0	0.0	1.0	0.0	1.0	2.0	0.0	1.0	0.0	0.0	0.0	0.0	2.0	0.0	0.0	0.0	1.0	0.0	0.0	0.0	0.0	0.0	0.0	0.0	0.0	0.0	1.0	1.0	0.0	0.0	0.0	0.0	3.0	0.0	0.0	0.0	2.0	0.0	0.0	0.0	0.0	0.0	3.0	1.0	2.0	0.0	0.0	2.0	0.0	0.3857142857142857	0.0	7.385714285714286	112.55285714285716	-1.92	-0.4	9.32	130.926	-0.6692307692307693	-0.2307692307692307	8.569230769230769	118.04230769230767	7	5	13	7	5	13
6xkr	H	LSTGTFAY	YPGSSL	GYTFTSY	0.0	0.0	0.0	0.0	0.0	0.0	0.0	1.0	0.0	0.0	0.0	0.0	0.0	1.0	0.0	1.0	2.0	0.0	2.0	0.0	0.0	0.0	0.0	0.0	0.0	0.0	0.0	1.0	0.0	0.0	1.0	0.0	0.0	0.0	1.0	2.0	0.0	0.0	1.0	0.0	1.0	0.0	0.0	0.0	0.0	0.0	0.0	1.0	0.0	0.0	1.0	0.0	0.0	1.0	0.0	1.0	2.0	0.0	1.0	0.0	-0.3428571428571429	0.0	7.571428571428571	119.69857142857144	-0.1833333333333334	0.0	7.75	103.77833333333332	0.5625	0.0	7.475	107.36875	7	6	8	7	6	8
7e72	A	GLYGNS	HPSDSE	GYSFTSY	0.0	0.0	0.0	0.0	0.0	0.0	0.0	1.0	0.0	0.0	0.0	0.0	0.0	1.0	0.0	2.0	1.0	0.0	2.0	0.0	0.0	0.0	0.0	1.0	0.0	0.0	1.0	0.0	1.0	0.0	0.0	0.0	0.0	0.0	1.0	2.0	0.0	0.0	0.0	0.0	0.0	0.0	1.0	0.0	0.0	0.0	0.0	2.0	0.0	0.0	1.0	0.0	0.0	0.0	0.0	1.0	0.0	0.0	1.0	0.0	-0.3571428571428572	0.0	7.6571428571428575	117.69428571428573	-2.2333333333333334	-0.1666666666666666	10.35	108.77166666666666	-0.4333333333333334	0.0	8.316666666666666	104.605	7	6	6	7	6	6
6a3w	A	GYGIFDY	YPGDSY	GYSFSTY	0.0	0.0	0.0	0.0	0.0	0.0	0.0	1.0	0.0	0.0	0.0	0.0	0.0	1.0	0.0	2.0	1.0	0.0	2.0	0.0	0.0	0.0	0.0	1.0	0.0	0.0	0.0	1.0	0.0	0.0	0.0	0.0	0.0	0.0	1.0	1.0	0.0	0.0	2.0	0.0	0.0	0.0	0.0	1.0	0.0	0.0	0.0	2.0	0.0	1.0	0.0	0.0	0.0	1.0	0.0	0.0	0.0	0.0	2.0	0.0	-0.3571428571428572	0.0	7.6571428571428575	117.69428571428573	-1.4833333333333334	-0.1666666666666666	8.6	116.78333333333336	0.0571428571428571	-0.1428571428571428	7.685714285714285	121.69857142857144	7	6	7	7	6	7
4qci	H	HPYWYGGQLDL	SDDGSL	GFTFSSY	0.0	0.0	0.0	0.0	0.0	0.0	0.0	1.0	0.0	0.0	0.0	0.0	0.0	2.0	0.0	2.0	1.0	0.0	1.0	0.0	0.0	0.0	0.0	2.0	0.0	0.0	0.0	1.0	0.0	0.0	1.0	0.0	0.0	0.0	0.0	2.0	0.0	0.0	0.0	0.0	0.0	0.0	0.0	1.0	0.0	1.0	0.0	2.0	1.0	0.0	2.0	0.0	0.0	0.0	1.0	0.0	0.0	1.0	2.0	0.0	0.2285714285714285	0.0	7.514285714285714	115.40857142857143	-0.8666666666666667	-0.3333333333333333	9.716666666666669	98.75833333333333	-0.7727272727272727	0.0	7.954545454545454	124.22545454545455	7	6	11	7	6	11
6nmv	H	DTFDH	STSGVI	GFTFTSS	0.0	0.0	0.0	0.0	0.0	0.0	0.0	1.0	0.0	0.0	0.0	0.0	0.0	2.0	0.0	2.0	2.0	0.0	0.0	0.0	0.0	0.0	0.0	0.0	0.0	0.0	0.0	1.0	0.0	1.0	0.0	0.0	0.0	0.0	0.0	2.0	1.0	0.0	0.0	1.0	0.0	0.0	0.0	2.0	0.0	0.0	0.0	0.0	1.0	0.0	0.0	0.0	0.0	1.0	0.0	0.0	1.0	0.0	0.0	0.0	0.3142857142857142	0.0	7.857142857142857	106.54142857142855	1.0	0.0	7.85	93.76833333333332	-1.62	-0.2	10.04	123.122	7	6	5	7	6	5
7cj2	C	VGTFDV	SGSGGT	GFTFSNY	0.0	0.0	1.0	0.0	0.0	0.0	0.0	1.0	0.0	0.0	0.0	0.0	0.0	2.0	0.0	1.0	1.0	0.0	1.0	0.0	0.0	0.0	0.0	0.0	0.0	0.0	0.0	3.0	0.0	0.0	0.0	0.0	0.0	0.0	0.0	2.0	1.0	0.0	0.0	0.0	0.0	0.0	0.0	1.0	0.0	0.0	0.0	1.0	0.0	0.0	0.0	0.0	0.0	1.0	0.0	0.0	1.0	0.0	0.0	2.0	-0.1571428571428572	0.0	7.857142857142857	119.27	-0.5833333333333334	0.0	9.0	83.40333333333332	1.1	-0.1666666666666666	7.933333333333334	106.115	7	6	6	7	6	6
3wd5	H	VSYLSTASSLDY	TWNSGH	GFTFDDY	0.0	0.0	0.0	2.0	0.0	0.0	0.0	1.0	0.0	0.0	0.0	0.0	0.0	2.0	0.0	0.0	1.0	0.0	1.0	0.0	0.0	0.0	1.0	0.0	0.0	0.0	0.0	1.0	1.0	0.0	0.0	0.0	0.0	0.0	0.0	1.0	1.0	1.0	0.0	0.0	1.0	0.0	0.0	1.0	0.0	0.0	0.0	0.0	0.0	0.0	2.0	0.0	0.0	0.0	0.0	4.0	1.0	0.0	2.0	1.0	-0.5428571428571429	-0.2857142857142857	8.6	123.41142857142856	-1.5833333333333333	0.1666666666666666	9.033333333333331	116.785	0.3	-0.0833333333333333	7.883333333333333	107.28416666666668	7	6	12	7	6	12
6xy2	H	TEGHYYGSNYGYYALDY	WYDGN	GFSLTSY	0.0	0.0	0.0	0.0	0.0	0.0	0.0	1.0	0.0	0.0	1.0	0.0	0.0	1.0	0.0	2.0	1.0	0.0	1.0	0.0	0.0	0.0	1.0	1.0	0.0	0.0	0.0	1.0	0.0	0.0	0.0	0.0	0.0	0.0	0.0	0.0	0.0	1.0	1.0	0.0	1.0	0.0	1.0	1.0	0.0	0.0	1.0	3.0	1.0	0.0	1.0	0.0	0.0	0.0	0.0	1.0	1.0	0.0	6.0	0.0	0.3714285714285714	0.0	7.471428571428571	110.54857142857144	-1.92	-0.2	9.04	130.73	-1.0941176470588236	-0.0588235294117647	8.370588235294118	121.88941176470588	7	5	17	7	5	17
6okn	A	APRWYFSV	YPDNGD	GYTFTDS	0.0	0.0	0.0	1.0	0.0	0.0	0.0	1.0	0.0	0.0	0.0	0.0	0.0	1.0	0.0	1.0	2.0	0.0	1.0	0.0	0.0	0.0	1.0	2.0	0.0	0.0	0.0	1.0	0.0	0.0	0.0	0.0	0.0	0.0	1.0	0.0	0.0	0.0	1.0	0.0	1.0	1.0	0.0	0.0	0.0	0.0	0.0	0.0	0.0	0.0	0.0	0.0	0.0	1.0	1.0	1.0	0.0	1.0	1.0	1.0	-0.6571428571428573	-0.1428571428571428	8.542857142857143	112.82857142857142	-2.3000000000000003	-0.3333333333333333	10.133333333333333	113.27333333333333	-0.0375	0.125	7.3125	125.8975	7	6	8	7	6	8
4hwb	H	MPNWGSFDY	YPGDSY	GYSFTSY	0.0	0.0	0.0	0.0	0.0	0.0	0.0	1.0	0.0	0.0	0.0	0.0	0.0	1.0	0.0	2.0	1.0	0.0	2.0	0.0	0.0	0.0	0.0	1.0	0.0	0.0	0.0	1.0	0.0	0.0	0.0	0.0	0.0	0.0	1.0	1.0	0.0	0.0	2.0	0.0	0.0	0.0	1.0	1.0	0.0	0.0	0.0	1.0	0.0	0.0	0.0	0.0	1.0	1.0	1.0	1.0	0.0	1.0	1.0	0.0	-0.3571428571428572	0.0	7.6571428571428575	117.69428571428573	-1.4833333333333334	-0.1666666666666666	8.6	116.78333333333336	-0.8111111111111112	-0.1111111111111111	8.144444444444444	124.02555555555556	7	6	9	7	6	9
4xwg	H	EGAAVRSFYYSYYGMDV	WYDGSN	GFTFSSY	0.0	0.0	0.0	0.0	0.0	0.0	0.0	1.0	0.0	0.0	0.0	0.0	0.0	2.0	0.0	2.0	1.0	0.0	1.0	0.0	0.0	0.0	1.0	1.0	0.0	0.0	0.0	1.0	0.0	0.0	0.0	0.0	0.0	0.0	0.0	1.0	0.0	1.0	1.0	0.0	2.0	1.0	0.0	1.0	0.0	0.0	1.0	2.0	0.0	0.0	0.0	0.0	1.0	1.0	0.0	2.0	0.0	0.0	4.0	2.0	0.2285714285714285	0.0	7.514285714285714	115.40857142857143	-1.7333333333333334	-0.1666666666666666	9.066666666666666	123.455	-0.1411764705882353	-0.0588235294117647	7.994117647058824	117.42235294117648	7	6	17	7	6	17
6dkj	H	DQAIFGVVPDY	WFDASD	GFTFSNY	0.0	0.0	1.0	0.0	0.0	0.0	0.0	1.0	0.0	0.0	0.0	0.0	0.0	2.0	0.0	1.0	1.0	0.0	1.0	0.0	1.0	0.0	0.0	2.0	0.0	0.0	0.0	0.0	0.0	0.0	0.0	0.0	0.0	1.0	0.0	1.0	0.0	1.0	0.0	0.0	1.0	0.0	0.0	2.0	0.0	1.0	0.0	1.0	0.0	1.0	0.0	0.0	0.0	1.0	1.0	0.0	0.0	0.0	1.0	2.0	-0.1571428571428572	0.0	7.857142857142857	119.27	-0.6833333333333335	-0.3333333333333333	8.983333333333333	120.29	0.3363636363636363	-0.1818181818181818	8.181818181818182	111.21272727272726	7	6	11	7	6	11
6m3b	C	TGRSGWMRFPNWFDP	SWNGSR	GFTFSSY	0.0	0.0	0.0	0.0	0.0	0.0	0.0	1.0	0.0	0.0	0.0	0.0	0.0	2.0	0.0	2.0	1.0	0.0	1.0	0.0	0.0	1.0	1.0	0.0	0.0	0.0	0.0	1.0	0.0	0.0	0.0	0.0	0.0	0.0	0.0	2.0	0.0	1.0	0.0	0.0	0.0	2.0	1.0	1.0	0.0	0.0	0.0	2.0	0.0	0.0	0.0	0.0	1.0	2.0	2.0	1.0	1.0	2.0	0.0	0.0	0.2285714285714285	0.0	7.514285714285714	115.40857142857143	-1.8166666666666669	0.1666666666666666	9.15	117.62166666666668	-1.0533333333333337	0.0666666666666666	8.286666666666667	124.80733333333332	7	6	15	7	6	15
3r1g	H	GPFSPWVMDY	SPAGGS	GFTFLGY	0.0	0.0	0.0	0.0	0.0	0.0	0.0	2.0	0.0	0.0	1.0	0.0	0.0	2.0	0.0	0.0	1.0	0.0	1.0	0.0	1.0	0.0	0.0	0.0	0.0	0.0	0.0	2.0	0.0	0.0	0.0	0.0	0.0	0.0	1.0	2.0	0.0	0.0	0.0	0.0	0.0	0.0	0.0	1.0	0.0	0.0	0.0	1.0	0.0	0.0	0.0	0.0	1.0	1.0	2.0	1.0	0.0	1.0	1.0	1.0	0.9428571428571428	0.0	6.871428571428572	117.41571428571427	-0.3666666666666667	0.0	8.75	82.07666666666667	-0.12	-0.1	7.56	119.837	7	6	10	7	6	10
7kez	H	GGAVAGTGVYYFDY	YPTNGY	GFNIKDT	0.0	0.0	1.0	1.0	0.0	0.0	0.0	1.0	0.0	1.0	0.0	1.0	0.0	1.0	0.0	0.0	1.0	0.0	0.0	0.0	0.0	0.0	1.0	0.0	0.0	0.0	0.0	1.0	0.0	0.0	0.0	0.0	0.0	0.0	1.0	0.0	1.0	0.0	2.0	0.0	2.0	0.0	0.0	1.0	0.0	0.0	0.0	4.0	0.0	0.0	0.0	0.0	0.0	1.0	0.0	0.0	1.0	0.0	3.0	2.0	-0.6714285714285715	0.0	9.128571428571428	113.41142857142856	-1.4666666666666668	0.0	8.266666666666667	118.95833333333331	0.3642857142857142	-0.0714285714285714	7.814285714285715	106.68142857142855	7	6	14	7	6	14
7kf0	A	GGSFYYYYMDV	YPTNGY	GFNIKDT	0.0	0.0	1.0	1.0	0.0	0.0	0.0	1.0	0.0	1.0	0.0	1.0	0.0	1.0	0.0	0.0	1.0	0.0	0.0	0.0	0.0	0.0	1.0	0.0	0.0	0.0	0.0	1.0	0.0	0.0	0.0	0.0	0.0	0.0	1.0	0.0	1.0	0.0	2.0	0.0	0.0	0.0	0.0	1.0	0.0	0.0	0.0	2.0	0.0	0.0	0.0	0.0	1.0	1.0	0.0	1.0	0.0	0.0	4.0	1.0	-0.6714285714285715	0.0	9.128571428571428	113.41142857142856	-1.4666666666666668	0.0	8.266666666666667	118.95833333333331	-0.1272727272727273	-0.0909090909090909	7.4363636363636365	125.6818181818182	7	6	11	7	6	11
1iqd	B	PDPDAFDI	DPESGE	GYTLTEL	0.0	0.0	0.0	0.0	0.0	0.0	1.0	1.0	0.0	0.0	2.0	0.0	0.0	0.0	0.0	0.0	2.0	0.0	1.0	0.0	0.0	0.0	0.0	1.0	0.0	0.0	2.0	1.0	0.0	0.0	0.0	0.0	0.0	0.0	1.0	1.0	0.0	0.0	0.0	0.0	1.0	0.0	0.0	3.0	0.0	0.0	0.0	0.0	0.0	1.0	0.0	0.0	0.0	1.0	2.0	0.0	0.0	0.0	0.0	0.0	0.1428571428571428	-0.1428571428571428	7.785714285714286	113.69857142857144	-2.216666666666667	-0.5	10.633333333333333	105.43	-0.5750000000000001	-0.375	9.1875	108.86625	7	6	8	7	6	8
4g6m	H	NRYDPPWFVD	WWDGD	GFSLSTSGM	0.0	0.0	0.0	0.0	0.0	0.0	0.0	2.0	0.0	0.0	1.0	0.0	1.0	1.0	0.0	3.0	1.0	0.0	0.0	0.0	0.0	0.0	0.0	2.0	0.0	0.0	0.0	1.0	0.0	0.0	0.0	0.0	0.0	0.0	0.0	0.0	0.0	2.0	0.0	0.0	0.0	1.0	1.0	2.0	0.0	0.0	0.0	0.0	0.0	0.0	0.0	0.0	0.0	1.0	2.0	0.0	0.0	1.0	1.0	1.0	0.5111111111111111	0.0	7.777777777777778	100.44333333333331	-1.84	-0.4	9.16	135.534	-1.34	-0.1	8.68	129.043	9	5	10	9	5	10
6wgl	A	DRLSITIRPRYYGLDV	SGSGGN	GFTFRDY	0.0	1.0	0.0	1.0	0.0	0.0	0.0	1.0	0.0	0.0	0.0	0.0	0.0	2.0	0.0	0.0	1.0	0.0	1.0	0.0	0.0	0.0	1.0	0.0	0.0	0.0	0.0	3.0	0.0	0.0	0.0	0.0	0.0	0.0	0.0	2.0	0.0	0.0	0.0	0.0	0.0	3.0	0.0	2.0	0.0	0.0	0.0	1.0	0.0	2.0	2.0	0.0	0.0	0.0	1.0	1.0	1.0	0.0	2.0	1.0	-0.6857142857142858	0.0	8.242857142857144	129.28285714285715	-1.05	0.0	9.5	85.57	-0.3625	0.0625	8.175	121.0775	7	6	16	7	6	16
5c7x	M	GFGTDF	ENKYAGGA	GFTFSSY	0.0	0.0	0.0	0.0	0.0	0.0	0.0	1.0	0.0	0.0	0.0	0.0	0.0	2.0	0.0	2.0	1.0	0.0	1.0	0.0	2.0	0.0	1.0	0.0	0.0	0.0	1.0	2.0	0.0	0.0	0.0	1.0	0.0	0.0	0.0	0.0	0.0	0.0	1.0	0.0	0.0	0.0	0.0	1.0	0.0	0.0	0.0	2.0	0.0	0.0	0.0	0.0	0.0	2.0	0.0	0.0	1.0	0.0	0.0	0.0	0.2285714285714285	0.0	7.514285714285714	115.40857142857143	-1.175	0.0	9.45	103.35625	0.0999999999999999	-0.1666666666666666	8.333333333333334	110.11	7	8	6	7	8	6
6al5	H	RETTTVGRYYYAMDY	WPGDSD	GYAFSSY	1.0	0.0	0.0	0.0	0.0	0.0	0.0	1.0	0.0	0.0	0.0	0.0	0.0	1.0	0.0	2.0	0.0	0.0	2.0	0.0	0.0	0.0	0.0	2.0	0.0	0.0	0.0	1.0	0.0	0.0	0.0	0.0	0.0	0.0	1.0	1.0	0.0	1.0	0.0	0.0	1.0	2.0	0.0	1.0	0.0	0.0	1.0	1.0	0.0	0.0	0.0	0.0	1.0	0.0	0.0	0.0	3.0	0.0	4.0	1.0	-4.7580986769649563e-17	0.0	7.585714285714286	113.40428571428572	-1.7833333333333332	-0.3333333333333333	9.6	112.60833333333332	-1.0533333333333337	0.0	8.373333333333333	125.94	7	6	15	7	6	15
6yx9	H	ETGTAWFAY	NPNSGG	GYTFTDF	0.0	0.0	0.0	1.0	0.0	0.0	0.0	1.0	0.0	0.0	0.0	0.0	0.0	2.0	0.0	0.0	2.0	0.0	1.0	0.0	0.0	0.0	2.0	0.0	0.0	0.0	0.0	2.0	0.0	0.0	0.0	0.0	0.0	0.0	1.0	1.0	0.0	0.0	0.0	0.0	2.0	0.0	0.0	0.0	0.0	0.0	1.0	1.0	0.0	0.0	0.0	0.0	0.0	1.0	0.0	0.0	2.0	1.0	1.0	0.0	-0.1428571428571429	-0.1428571428571428	7.971428571428571	121.41428571428573	-1.7	0.0	9.733333333333333	93.75333333333332	-0.1222222222222222	-0.1111111111111111	7.944444444444445	116.12555555555556	7	6	9	7	6	9
5kzc	B	GKNCDYNWDFEH	KPRGGA	GYEFIDC	0.0	0.0	0.0	1.0	1.0	0.0	1.0	1.0	0.0	1.0	0.0	0.0	0.0	1.0	0.0	0.0	0.0	0.0	1.0	0.0	1.0	1.0	0.0	0.0	0.0	0.0	0.0	2.0	0.0	0.0	0.0	1.0	0.0	0.0	1.0	0.0	0.0	0.0	0.0	0.0	0.0	0.0	2.0	2.0	1.0	0.0	1.0	1.0	1.0	0.0	0.0	1.0	0.0	1.0	0.0	0.0	0.0	1.0	1.0	0.0	0.157142857142857	-0.2857142857142857	8.057142857142857	120.84714285714288	-1.5	0.3333333333333333	9.316666666666666	100.445	-1.825	-0.0833333333333333	9.541666666666666	127.30166666666668	7	6	12	7	6	12
5e8e	B	GDFSEFEPFSMDYFHF	DPQDGE	GYTLTEA	1.0	0.0	0.0	0.0	0.0	0.0	1.0	1.0	0.0	0.0	1.0	0.0	0.0	0.0	0.0	0.0	2.0	0.0	1.0	0.0	0.0	0.0	0.0	2.0	0.0	1.0	1.0	1.0	0.0	0.0	0.0	0.0	0.0	0.0	1.0	0.0	0.0	0.0	0.0	0.0	0.0	0.0	0.0	2.0	0.0	0.0	2.0	1.0	1.0	0.0	0.0	0.0	1.0	5.0	1.0	2.0	0.0	0.0	1.0	0.0	-0.1428571428571428	-0.1428571428571428	8.242857142857144	107.68714285714285	-2.6666666666666665	-0.5	10.966666666666669	109.93333333333334	-0.3875	-0.1875	8.39375	125.135625	7	6	16	7	6	16
5j13	C	APQWELVHEAFDI	WYDGSN	GFTFRTY	0.0	1.0	0.0	0.0	0.0	0.0	0.0	1.0	0.0	0.0	0.0	0.0	0.0	2.0	0.0	0.0	2.0	0.0	1.0	0.0	0.0	0.0	1.0	1.0	0.0	0.0	0.0	1.0	0.0	0.0	0.0	0.0	0.0	0.0	0.0	1.0	0.0	1.0	1.0	0.0	2.0	0.0	0.0	1.0	0.0	1.0	2.0	0.0	1.0	1.0	1.0	0.0	0.0	1.0	1.0	0.0	0.0	1.0	0.0	1.0	-0.2857142857142857	0.1428571428571428	7.614285714285714	127.28571428571428	-1.7333333333333334	-0.1666666666666666	9.066666666666666	123.455	-0.0615384615384615	-0.1538461538461538	8.407692307692308	118.21	7	6	13	7	6	13
5n7w	H	FPYYYGNWDV	LPGSGS	GYTFSSY	0.0	0.0	0.0	0.0	0.0	0.0	0.0	1.0	0.0	0.0	0.0	0.0	0.0	1.0	0.0	2.0	1.0	0.0	2.0	0.0	0.0	0.0	0.0	0.0	0.0	0.0	0.0	2.0	0.0	0.0	1.0	0.0	0.0	0.0	1.0	2.0	0.0	0.0	0.0	0.0	0.0	0.0	1.0	1.0	0.0	0.0	0.0	1.0	0.0	0.0	0.0	0.0	0.0	1.0	1.0	0.0	0.0	1.0	3.0	1.0	-0.3571428571428572	0.0	7.6571428571428575	117.69428571428573	-0.0333333333333334	0.0	8.216666666666667	89.08999999999999	-0.68	-0.1	7.67	132.344	7	6	10	7	6	10
2h32	H	HYYYYYGMDV	YPGDSD	GYSFTSY	0.0	0.0	0.0	0.0	0.0	0.0	0.0	1.0	0.0	0.0	0.0	0.0	0.0	1.0	0.0	2.0	1.0	0.0	2.0	0.0	0.0	0.0	0.0	2.0	0.0	0.0	0.0	1.0	0.0	0.0	0.0	0.0	0.0	0.0	1.0	1.0	0.0	0.0	1.0	0.0	0.0	0.0	0.0	1.0	0.0	0.0	0.0	1.0	1.0	0.0	0.0	0.0	1.0	0.0	0.0	0.0	0.0	0.0	5.0	1.0	-0.3571428571428572	0.0	7.6571428571428575	117.69428571428573	-1.85	-0.3333333333333333	9.733333333333333	108.76833333333332	-0.75	0.0	7.5	137.351	7	6	10	7	6	10
5l6y	H	DSSSSWARWFFDL	SANNGD	GYTFTNY	0.0	0.0	1.0	0.0	0.0	0.0	0.0	1.0	0.0	0.0	0.0	0.0	0.0	1.0	0.0	0.0	2.0	0.0	2.0	0.0	1.0	0.0	2.0	1.0	0.0	0.0	0.0	1.0	0.0	0.0	0.0	0.0	0.0	0.0	0.0	1.0	0.0	0.0	0.0	0.0	1.0	1.0	0.0	2.0	0.0	0.0	0.0	0.0	0.0	0.0	1.0	0.0	0.0	2.0	0.0	4.0	0.0	2.0	0.0	0.0	-0.7285714285714286	0.0	7.914285714285714	123.56000000000002	-1.65	-0.1666666666666666	10.416666666666666	96.08666666666666	-0.4076923076923077	-0.0769230769230769	8.26923076923077	121.97923076923075	7	6	13	7	6	13
6wio	A	DYYDILTDYYIHYWYFDL	NQDGSE	GFTFSNY	0.0	0.0	1.0	0.0	0.0	0.0	0.0	1.0	0.0	0.0	0.0	0.0	0.0	2.0	0.0	1.0	1.0	0.0	1.0	0.0	0.0	0.0	1.0	1.0	0.0	1.0	1.0	1.0	0.0	0.0	0.0	0.0	0.0	0.0	0.0	1.0	0.0	0.0	0.0	0.0	0.0	0.0	0.0	4.0	0.0	0.0	0.0	0.0	1.0	2.0	2.0	0.0	0.0	1.0	0.0	0.0	1.0	1.0	6.0	0.0	-0.1571428571428572	0.0	7.857142857142857	119.27	-2.533333333333333	-0.3333333333333333	10.933333333333332	108.09666666666668	-0.4000000000000001	-0.1666666666666666	7.722222222222222	136.8738888888889	7	6	18	7	6	18
4cni	H	ESYYGFTSY	RNKNYQYG	GFNFNDY	0.0	0.0	2.0	1.0	0.0	0.0	0.0	1.0	0.0	0.0	0.0	0.0	0.0	2.0	0.0	0.0	0.0	0.0	1.0	0.0	0.0	1.0	2.0	0.0	0.0	1.0	0.0	1.0	0.0	0.0	0.0	1.0	0.0	0.0	0.0	0.0	0.0	0.0	2.0	0.0	0.0	0.0	0.0	0.0	0.0	0.0	1.0	1.0	0.0	0.0	0.0	0.0	0.0	1.0	0.0	2.0	1.0	0.0	3.0	0.0	-0.942857142857143	-0.1428571428571428	8.828571428571427	125.12857142857142	-2.7375	0.25	9.6125	130.26625	-0.8111111111111112	-0.1111111111111111	8.011111111111111	124.01777777777778	7	8	9	7	8	9
5ngv	H	GGWFDY	NPVSGS	GYTFTSS	0.0	0.0	0.0	0.0	0.0	0.0	0.0	1.0	0.0	0.0	0.0	0.0	0.0	1.0	0.0	2.0	2.0	0.0	1.0	0.0	0.0	0.0	1.0	0.0	0.0	0.0	0.0	1.0	0.0	0.0	0.0	0.0	0.0	0.0	1.0	2.0	0.0	0.0	0.0	1.0	0.0	0.0	0.0	1.0	0.0	0.0	0.0	2.0	0.0	0.0	0.0	0.0	0.0	1.0	0.0	0.0	0.0	1.0	1.0	0.0	-0.2714285714285714	0.0	8.0	108.82714285714285	-0.4833333333333333	0.0	8.816666666666666	93.26166666666666	-0.6166666666666667	-0.1666666666666666	7.966666666666666	126.96166666666666	7	6	6	7	6	6
7ahv	A	SYGSGSFYNAFDS	SWRGDI	GFTFHDY	0.0	0.0	0.0	1.0	0.0	0.0	0.0	1.0	1.0	0.0	0.0	0.0	0.0	2.0	0.0	0.0	1.0	0.0	1.0	0.0	0.0	1.0	0.0	1.0	0.0	0.0	0.0	1.0	0.0	1.0	0.0	0.0	0.0	0.0	0.0	1.0	0.0	1.0	0.0	0.0	1.0	0.0	1.0	1.0	0.0	0.0	0.0	2.0	0.0	0.0	0.0	0.0	0.0	2.0	0.0	4.0	0.0	0.0	2.0	0.0	-0.5000000000000001	0.0	8.22857142857143	126.56142857142858	-0.9333333333333332	0.0	8.716666666666667	122.13166666666666	-0.476923076923077	-0.0769230769230769	8.484615384615385	109.18615384615386	7	6	13	7	6	13
3skj	H	YDSGYDYVAVAGPAEYFQH	GPSGGP	GFTFSHY	0.0	0.0	0.0	0.0	0.0	0.0	0.0	1.0	1.0	0.0	0.0	0.0	0.0	2.0	0.0	1.0	1.0	0.0	1.0	0.0	0.0	0.0	0.0	0.0	0.0	0.0	0.0	3.0	0.0	0.0	0.0	0.0	0.0	0.0	2.0	1.0	0.0	0.0	0.0	0.0	3.0	0.0	0.0	2.0	0.0	1.0	1.0	2.0	1.0	0.0	0.0	0.0	0.0	1.0	1.0	1.0	0.0	0.0	4.0	2.0	-0.1142857142857143	0.1428571428571428	7.685714285714285	122.56	-0.8666666666666667	0.0	8.700000000000001	84.41166666666668	-0.4736842105263157	-0.1052631578947368	8.447368421052632	114.22473684210526	7	6	19	7	6	19
6vgr	C	RAAAYYSNPEWFAY	LPGSGN	GGTFSSY	0.0	0.0	0.0	0.0	0.0	0.0	0.0	2.0	0.0	0.0	0.0	0.0	0.0	1.0	0.0	2.0	1.0	0.0	1.0	0.0	0.0	0.0	1.0	0.0	0.0	0.0	0.0	2.0	0.0	0.0	1.0	0.0	0.0	0.0	1.0	1.0	0.0	0.0	0.0	0.0	4.0	1.0	1.0	0.0	0.0	0.0	1.0	0.0	0.0	0.0	0.0	0.0	0.0	1.0	1.0	1.0	0.0	1.0	3.0	0.0	-0.2285714285714286	0.0	8.057142857142857	105.10428571428572	-0.4833333333333334	0.0	8.616666666666667	93.59499999999998	-0.6214285714285716	0.0	8.085714285714285	120.77714285714286	7	6	14	7	6	14
2uzi	H	GRFFDY	SRTSKT	GFTFSTF	0.0	0.0	0.0	0.0	0.0	0.0	0.0	1.0	0.0	0.0	0.0	0.0	0.0	3.0	0.0	1.0	2.0	0.0	0.0	0.0	0.0	1.0	0.0	0.0	0.0	0.0	0.0	0.0	0.0	0.0	0.0	1.0	0.0	0.0	0.0	2.0	2.0	0.0	0.0	0.0	0.0	1.0	0.0	1.0	0.0	0.0	0.0	1.0	0.0	0.0	0.0	0.0	0.0	2.0	0.0	0.0	0.0	0.0	1.0	0.0	0.8285714285714285	0.0	7.285714285714286	115.12714285714286	-1.9	0.3333333333333333	9.566666666666666	110.125	-0.6833333333333335	0.0	8.183333333333334	133.97833333333332	7	6	6	7	6	6
2xwt	A	LDWNYNPLRY	YPGDSD	GYSLTDN	0.0	0.0	1.0	1.0	0.0	0.0	0.0	1.0	0.0	0.0	1.0	0.0	0.0	0.0	0.0	1.0	1.0	0.0	1.0	0.0	0.0	0.0	0.0	2.0	0.0	0.0	0.0	1.0	0.0	0.0	0.0	0.0	0.0	0.0	1.0	1.0	0.0	0.0	1.0	0.0	0.0	1.0	2.0	1.0	0.0	0.0	0.0	0.0	0.0	0.0	2.0	0.0	0.0	0.0	1.0	0.0	0.0	1.0	2.0	0.0	-0.9142857142857144	-0.1428571428571428	8.928571428571429	109.82571428571428	-1.85	-0.3333333333333333	9.733333333333333	108.76833333333332	-1.25	0.0	8.23	133.552	7	6	10	7	6	10
6yio	H	GGSVSGTLVDFDI	IPIFGT	GGTFSSL	0.0	0.0	0.0	0.0	0.0	0.0	0.0	2.0	0.0	0.0	1.0	0.0	0.0	1.0	0.0	2.0	1.0	0.0	0.0	0.0	0.0	0.0	0.0	0.0	0.0	0.0	0.0	1.0	0.0	2.0	0.0	0.0	0.0	1.0	1.0	0.0	1.0	0.0	0.0	0.0	0.0	0.0	0.0	2.0	0.0	0.0	0.0	3.0	0.0	1.0	1.0	0.0	0.0	1.0	0.0	2.0	1.0	0.0	0.0	2.0	0.4999999999999999	0.0	7.871428571428572	97.95857142857145	1.5166666666666666	0.0	6.866666666666667	107.79666666666668	0.6923076923076923	-0.1538461538461538	8.238461538461538	100.18153846153844	7	6	13	7	6	13
5d71	H	GFGTDF	SYSGSE	GFTFSSY	0.0	0.0	0.0	0.0	0.0	0.0	0.0	1.0	0.0	0.0	0.0	0.0	0.0	2.0	0.0	2.0	1.0	0.0	1.0	0.0	0.0	0.0	0.0	0.0	0.0	0.0	1.0	1.0	0.0	0.0	0.0	0.0	0.0	0.0	0.0	3.0	0.0	0.0	1.0	0.0	0.0	0.0	0.0	1.0	0.0	0.0	0.0	2.0	0.0	0.0	0.0	0.0	0.0	2.0	0.0	0.0	1.0	0.0	0.0	0.0	0.2285714285714285	0.0	7.514285714285714	115.40857142857143	-1.2666666666666668	-0.1666666666666666	9.183333333333334	104.765	0.0999999999999999	-0.1666666666666666	8.333333333333334	110.11	7	6	6	7	6	6
6wzm	C	EGPYSYYPSREYYGSDL	SPNSGS	GYEFTSY	0.0	0.0	0.0	0.0	0.0	0.0	1.0	1.0	0.0	0.0	0.0	0.0	0.0	1.0	0.0	1.0	1.0	0.0	2.0	0.0	0.0	0.0	1.0	0.0	0.0	0.0	0.0	1.0	0.0	0.0	0.0	0.0	0.0	0.0	1.0	3.0	0.0	0.0	0.0	0.0	0.0	1.0	0.0	1.0	0.0	0.0	2.0	2.0	0.0	0.0	1.0	0.0	0.0	0.0	2.0	3.0	0.0	0.0	5.0	0.0	-0.7428571428571429	-0.1428571428571428	8.1	123.7	-1.3166666666666669	0.0	9.366666666666664	91.25333333333332	-1.4176470588235297	-0.1176470588235294	8.564705882352941	121.42117647058822	7	6	17	7	6	17
3k2u	H	WWAWPAFDY	YPAGGA	GFTINGT	0.0	0.0	1.0	0.0	0.0	0.0	0.0	2.0	0.0	1.0	0.0	0.0	0.0	1.0	0.0	0.0	2.0	0.0	0.0	0.0	2.0	0.0	0.0	0.0	0.0	0.0	0.0	2.0	0.0	0.0	0.0	0.0	0.0	0.0	1.0	0.0	0.0	0.0	1.0	0.0	2.0	0.0	0.0	1.0	0.0	0.0	0.0	0.0	0.0	0.0	0.0	0.0	0.0	1.0	1.0	0.0	0.0	3.0	1.0	0.0	0.2285714285714285	0.0	8.171428571428573	103.82428571428572	-0.0166666666666666	0.0	8.066666666666666	92.09333333333332	-0.3	-0.1111111111111111	7.199999999999999	135.93222222222224	7	6	9	7	6	9
6x4t	D	EGILWFGDLPTF	KQDGNE	GFTFSSY	0.0	0.0	0.0	0.0	0.0	0.0	0.0	1.0	0.0	0.0	0.0	0.0	0.0	2.0	0.0	2.0	1.0	0.0	1.0	0.0	0.0	0.0	1.0	1.0	0.0	1.0	1.0	1.0	0.0	0.0	0.0	1.0	0.0	0.0	0.0	0.0	0.0	0.0	0.0	0.0	0.0	0.0	0.0	1.0	0.0	0.0	1.0	2.0	0.0	1.0	2.0	0.0	0.0	2.0	1.0	0.0	1.0	1.0	0.0	0.0	0.2285714285714285	0.0	7.514285714285714	115.40857142857143	-3.0500000000000003	-0.1666666666666666	11.283333333333331	114.94666666666669	0.5583333333333332	-0.1666666666666666	7.558333333333334	117.71666666666664	7	6	12	7	6	12
3g6d	H	GLGAFHWDMQPDY	AYDSSN	GFTFNSY	0.0	0.0	1.0	0.0	0.0	0.0	0.0	1.0	0.0	0.0	0.0	0.0	0.0	2.0	0.0	1.0	1.0	0.0	1.0	0.0	1.0	0.0	1.0	1.0	0.0	0.0	0.0	0.0	0.0	0.0	0.0	0.0	0.0	0.0	0.0	2.0	0.0	0.0	1.0	0.0	1.0	0.0	0.0	2.0	0.0	1.0	0.0	2.0	1.0	0.0	1.0	0.0	1.0	1.0	1.0	0.0	0.0	1.0	1.0	0.0	-0.1571428571428572	0.0	7.857142857142857	119.27	-1.35	-0.1666666666666666	9.55	106.27	-0.6153846153846154	-0.0769230769230769	8.338461538461539	119.59153846153846	7	6	13	7	6	13
6o9i	D	FYYGTSWFAY	NPSNGR	GYTFTSN	0.0	0.0	1.0	0.0	0.0	0.0	0.0	1.0	0.0	0.0	0.0	0.0	0.0	1.0	0.0	1.0	2.0	0.0	1.0	0.0	0.0	1.0	2.0	0.0	0.0	0.0	0.0	1.0	0.0	0.0	0.0	0.0	0.0	0.0	1.0	1.0	0.0	0.0	0.0	0.0	1.0	0.0	0.0	0.0	0.0	0.0	0.0	1.0	0.0	0.0	0.0	0.0	0.0	2.0	0.0	1.0	1.0	1.0	3.0	0.0	-0.6571428571428573	0.0	8.342857142857143	112.68857142857144	-2.3833333333333333	0.1666666666666666	9.983333333333333	107.27666666666666	0.0699999999999999	0.0	6.93	130.44400000000002	7	6	10	7	6	10
7d85	B	DLHMGPEGPFDY	DLDSGS	GFTFSDY	0.0	0.0	0.0	1.0	0.0	0.0	0.0	1.0	0.0	0.0	0.0	0.0	0.0	2.0	0.0	1.0	1.0	0.0	1.0	0.0	0.0	0.0	0.0	2.0	0.0	0.0	0.0	1.0	0.0	0.0	1.0	0.0	0.0	0.0	0.0	2.0	0.0	0.0	0.0	0.0	0.0	0.0	0.0	2.0	0.0	0.0	1.0	2.0	1.0	0.0	1.0	0.0	1.0	1.0	2.0	0.0	0.0	0.0	1.0	0.0	-0.1571428571428572	-0.1428571428571428	8.057142857142857	119.41	-0.8666666666666667	-0.3333333333333333	9.716666666666669	98.75833333333333	-0.875	-0.1666666666666666	8.725	116.29166666666669	7	6	12	7	6	12
4y5y	D	VSRGGSFSD	PDGSE	GFTFSY	0.0	0.0	0.0	0.0	0.0	0.0	0.0	1.0	0.0	0.0	0.0	0.0	0.0	2.0	0.0	1.0	1.0	0.0	1.0	0.0	0.0	0.0	0.0	1.0	0.0	0.0	1.0	1.0	0.0	0.0	0.0	0.0	0.0	0.0	1.0	1.0	0.0	0.0	0.0	0.0	0.0	1.0	0.0	1.0	0.0	0.0	0.0	2.0	0.0	0.0	0.0	0.0	0.0	1.0	0.0	3.0	0.0	0.0	0.0	1.0	0.3999999999999999	0.0	7.233333333333333	120.13	-1.96	-0.4	10.3	100.692	-0.4666666666666667	0.0	8.911111111111111	103.21444444444444	6	5	9	6	5	9
6o39	B	YHHPFGYALDY	YSSFGS	GFNIHSS	0.0	0.0	1.0	0.0	0.0	0.0	0.0	1.0	1.0	1.0	0.0	0.0	0.0	1.0	0.0	2.0	0.0	0.0	0.0	0.0	0.0	0.0	0.0	0.0	0.0	0.0	0.0	1.0	0.0	0.0	0.0	0.0	0.0	1.0	0.0	3.0	0.0	0.0	1.0	0.0	1.0	0.0	0.0	1.0	0.0	0.0	0.0	1.0	2.0	0.0	1.0	0.0	0.0	1.0	1.0	0.0	0.0	0.0	3.0	0.0	-0.2	0.1428571428571428	8.542857142857143	108.68571428571428	-0.2166666666666667	0.0	8.0	107.775	-0.6727272727272728	0.0909090909090909	7.963636363636363	125.6818181818182	7	6	11	7	6	11
7mrz	X	DSLRYGMDV	SYSGS	GGSISSSSY	0.0	0.0	0.0	0.0	0.0	0.0	0.0	2.0	0.0	1.0	0.0	0.0	0.0	0.0	0.0	5.0	0.0	0.0	1.0	0.0	0.0	0.0	0.0	0.0	0.0	0.0	0.0	1.0	0.0	0.0	0.0	0.0	0.0	0.0	0.0	3.0	0.0	0.0	1.0	0.0	0.0	1.0	0.0	2.0	0.0	0.0	0.0	1.0	0.0	0.0	1.0	0.0	1.0	0.0	0.0	1.0	0.0	0.0	1.0	1.0	-0.1777777777777778	0.0	8.377777777777776	95.76	-0.8200000000000001	0.0	8.559999999999999	99.894	-0.4555555555555556	-0.1111111111111111	8.600000000000001	117.24111111111112	9	5	9	9	5	9
7su1	H	HGWLGPFDY	SYDGHN	GFTFSHY	0.0	0.0	0.0	0.0	0.0	0.0	0.0	1.0	1.0	0.0	0.0	0.0	0.0	2.0	0.0	1.0	1.0	0.0	1.0	0.0	0.0	0.0	1.0	1.0	0.0	0.0	0.0	1.0	1.0	0.0	0.0	0.0	0.0	0.0	0.0	1.0	0.0	0.0	1.0	0.0	0.0	0.0	0.0	1.0	0.0	0.0	0.0	2.0	1.0	0.0	1.0	0.0	0.0	1.0	1.0	0.0	0.0	1.0	1.0	0.0	-0.1142857142857143	0.1428571428571428	7.685714285714285	122.56	-2.1166666666666667	0.0	9.9	115.275	-0.5222222222222224	0.0	7.9	123.24333333333334	7	6	9	7	6	9
4uu9	H	DDDYEEWPWYYGMDV	SGSGGS	GFTFSSY	0.0	0.0	0.0	0.0	0.0	0.0	0.0	1.0	0.0	0.0	0.0	0.0	0.0	2.0	0.0	2.0	1.0	0.0	1.0	0.0	0.0	0.0	0.0	0.0	0.0	0.0	0.0	3.0	0.0	0.0	0.0	0.0	0.0	0.0	0.0	3.0	0.0	0.0	0.0	0.0	0.0	0.0	0.0	4.0	0.0	0.0	2.0	1.0	0.0	0.0	0.0	0.0	1.0	0.0	1.0	0.0	0.0	2.0	3.0	1.0	0.2285714285714285	0.0	7.514285714285714	115.40857142857143	-0.6	0.0	9.1	81.065	-1.5066666666666668	-0.4	8.973333333333333	132.20533333333333	7	6	15	7	6	15
4uv7	H	HGSPGYTLYAWDY	LGGSER	GFTFSDY	0.0	0.0	0.0	1.0	0.0	0.0	0.0	1.0	0.0	0.0	0.0	0.0	0.0	2.0	0.0	1.0	1.0	0.0	1.0	0.0	0.0	1.0	0.0	0.0	0.0	0.0	1.0	2.0	0.0	0.0	1.0	0.0	0.0	0.0	0.0	1.0	0.0	0.0	0.0	0.0	1.0	0.0	0.0	1.0	0.0	0.0	0.0	2.0	1.0	0.0	1.0	0.0	0.0	0.0	1.0	1.0	1.0	1.0	3.0	0.0	-0.1571428571428572	-0.1428571428571428	8.057142857142857	119.41	-0.9666666666666668	0.0	9.15	105.94166666666666	-0.7538461538461539	0.0	8.015384615384615	119.04923076923076	7	6	13	7	6	13
4dtg	H	LGGYDEGDAMDS	SRSGSY	GFTFSNY	0.0	0.0	1.0	0.0	0.0	0.0	0.0	1.0	0.0	0.0	0.0	0.0	0.0	2.0	0.0	1.0	1.0	0.0	1.0	0.0	0.0	1.0	0.0	0.0	0.0	0.0	0.0	1.0	0.0	0.0	0.0	0.0	0.0	0.0	0.0	3.0	0.0	0.0	1.0	0.0	1.0	0.0	0.0	3.0	0.0	0.0	1.0	3.0	0.0	0.0	1.0	0.0	1.0	0.0	0.0	1.0	0.0	0.0	1.0	0.0	-0.1571428571428572	0.0	7.857142857142857	119.27	-1.4333333333333331	0.1666666666666666	8.883333333333333	109.27666666666666	-0.8166666666666668	-0.3333333333333333	9.366666666666667	105.43666666666668	7	6	12	7	6	12
7elx	H	TGWLGPFDY	SYDGNN	GFTFSSY	0.0	0.0	0.0	0.0	0.0	0.0	0.0	1.0	0.0	0.0	0.0	0.0	0.0	2.0	0.0	2.0	1.0	0.0	1.0	0.0	0.0	0.0	2.0	1.0	0.0	0.0	0.0	1.0	0.0	0.0	0.0	0.0	0.0	0.0	0.0	1.0	0.0	0.0	1.0	0.0	0.0	0.0	0.0	1.0	0.0	0.0	0.0	2.0	0.0	0.0	1.0	0.0	0.0	1.0	1.0	0.0	1.0	1.0	1.0	0.0	0.2285714285714285	0.0	7.514285714285714	115.40857142857143	-2.1666666666666665	-0.1666666666666666	10.1	111.43666666666668	-0.2444444444444445	-0.1111111111111111	7.699999999999999	119.24	7	6	9	7	6	9
4i77	H	DGYYPYAMDN	WGDGK	GFSLSAY	1.0	0.0	0.0	0.0	0.0	0.0	0.0	1.0	0.0	0.0	1.0	0.0	0.0	1.0	0.0	2.0	0.0	0.0	1.0	0.0	0.0	0.0	0.0	1.0	0.0	0.0	0.0	2.0	0.0	0.0	0.0	1.0	0.0	0.0	0.0	0.0	0.0	1.0	0.0	0.0	1.0	0.0	1.0	2.0	0.0	0.0	0.0	1.0	0.0	0.0	0.0	0.0	1.0	0.0	1.0	0.0	0.0	0.0	3.0	0.0	0.7285714285714285	0.0	7.4	106.2585714285714	-1.82	0.0	9.54	115.918	-1.27	-0.2	8.7	120.828	7	5	10	7	5	10
3bdy	H	WGGDGFYAMDY	YPTNGY	GFNIKDT	0.0	0.0	1.0	1.0	0.0	0.0	0.0	1.0	0.0	1.0	0.0	1.0	0.0	1.0	0.0	0.0	1.0	0.0	0.0	0.0	0.0	0.0	1.0	0.0	0.0	0.0	0.0	1.0	0.0	0.0	0.0	0.0	0.0	0.0	1.0	0.0	1.0	0.0	2.0	0.0	1.0	0.0	0.0	2.0	0.0	0.0	0.0	3.0	0.0	0.0	0.0	0.0	1.0	1.0	0.0	0.0	0.0	1.0	2.0	0.0	-0.6714285714285715	0.0	9.128571428571428	113.41142857142856	-1.4666666666666668	0.0	8.266666666666667	118.95833333333331	-0.4727272727272727	-0.1818181818181818	8.163636363636364	119.76090909090908	7	6	11	7	6	11
7n0a	B	WEWDLDF	KAKSDDYA	GFTFSHA	1.0	0.0	0.0	0.0	0.0	0.0	0.0	1.0	1.0	0.0	0.0	0.0	0.0	2.0	0.0	1.0	1.0	0.0	0.0	0.0	2.0	0.0	0.0	2.0	0.0	0.0	0.0	0.0	0.0	0.0	0.0	2.0	0.0	0.0	0.0	1.0	0.0	0.0	1.0	0.0	0.0	0.0	0.0	2.0	0.0	0.0	1.0	0.0	0.0	0.0	1.0	0.0	0.0	1.0	0.0	0.0	0.0	2.0	0.0	0.0	0.3285714285714284	0.1428571428571428	7.957142857142857	109.40285714285712	-1.6625	0.0	10.025	109.87	-0.8142857142857143	-0.4285714285714285	8.457142857142857	141.7257142857143	7	8	7	7	8	7
1h0d	B	LGDYGYAYTMDY	SSGGGN	GFTFSSY	0.0	0.0	0.0	0.0	0.0	0.0	0.0	1.0	0.0	0.0	0.0	0.0	0.0	2.0	0.0	2.0	1.0	0.0	1.0	0.0	0.0	0.0	1.0	0.0	0.0	0.0	0.0	3.0	0.0	0.0	0.0	0.0	0.0	0.0	0.0	2.0	0.0	0.0	0.0	0.0	1.0	0.0	0.0	2.0	0.0	0.0	0.0	2.0	0.0	0.0	1.0	0.0	1.0	0.0	0.0	0.0	1.0	0.0	4.0	0.0	0.2285714285714285	0.0	7.514285714285714	115.40857142857143	-1.05	0.0	9.5	85.57	-0.5166666666666667	-0.1666666666666666	8.008333333333333	120.79583333333332	7	6	12	7	6	12
3grw	H	TYGIYDLYVDYTEYVMDY	YPTNGS	GFTFTST	0.0	0.0	0.0	0.0	0.0	0.0	0.0	1.0	0.0	0.0	0.0	0.0	0.0	2.0	0.0	1.0	3.0	0.0	0.0	0.0	0.0	0.0	1.0	0.0	0.0	0.0	0.0	1.0	0.0	0.0	0.0	0.0	0.0	0.0	1.0	1.0	1.0	0.0	1.0	0.0	0.0	0.0	0.0	3.0	0.0	0.0	1.0	1.0	0.0	1.0	1.0	0.0	1.0	0.0	0.0	0.0	2.0	0.0	6.0	2.0	0.3285714285714285	0.0	7.771428571428571	108.5457142857143	-1.3833333333333335	0.0	8.766666666666667	106.275	-0.2777777777777778	-0.2222222222222222	7.905555555555556	127.02888888888889	7	6	18	7	6	18
2qqn	H	GELPYYRMSKVMDV	SPAGGY	GFTFSSY	0.0	0.0	0.0	0.0	0.0	0.0	0.0	1.0	0.0	0.0	0.0	0.0	0.0	2.0	0.0	2.0	1.0	0.0	1.0	0.0	1.0	0.0	0.0	0.0	0.0	0.0	0.0	2.0	0.0	0.0	0.0	0.0	0.0	0.0	1.0	1.0	0.0	0.0	1.0	0.0	0.0	1.0	0.0	1.0	0.0	0.0	1.0	1.0	0.0	0.0	1.0	1.0	2.0	0.0	1.0	1.0	0.0	0.0	2.0	2.0	0.2285714285714285	0.0	7.514285714285714	115.40857142857143	-0.45	0.0	8.25	94.76	-0.3428571428571428	0.0	8.128571428571428	120.57214285714284	7	6	14	7	6	14
6bgt	B	WGGDGFYAMDY	YPTNGY	GFNIDDT	0.0	0.0	1.0	2.0	0.0	0.0	0.0	1.0	0.0	1.0	0.0	0.0	0.0	1.0	0.0	0.0	1.0	0.0	0.0	0.0	0.0	0.0	1.0	0.0	0.0	0.0	0.0	1.0	0.0	0.0	0.0	0.0	0.0	0.0	1.0	0.0	1.0	0.0	2.0	0.0	1.0	0.0	0.0	2.0	0.0	0.0	0.0	3.0	0.0	0.0	0.0	0.0	1.0	1.0	0.0	0.0	0.0	1.0	2.0	0.0	-0.6142857142857142	-0.2857142857142857	9.37142857142857	111.54142857142855	-1.4666666666666668	0.0	8.266666666666667	118.95833333333331	-0.4727272727272727	-0.1818181818181818	8.163636363636364	119.76090909090908	7	6	11	7	6	11
3tje	H	RQLLDDGTGYQWAAFDV	AYRGNSNSGS	GASISANSY	2.0	0.0	1.0	0.0	0.0	0.0	0.0	1.0	0.0	1.0	0.0	0.0	0.0	0.0	0.0	3.0	0.0	0.0	1.0	0.0	1.0	1.0	2.0	0.0	0.0	0.0	0.0	2.0	0.0	0.0	0.0	0.0	0.0	0.0	0.0	3.0	0.0	0.0	1.0	0.0	2.0	1.0	0.0	3.0	0.0	2.0	0.0	2.0	0.0	0.0	2.0	0.0	0.0	1.0	0.0	0.0	1.0	1.0	1.0	1.0	0.0555555555555555	0.0	8.422222222222222	96.54444444444444	-1.42	0.1	9.36	103.001	-0.4411764705882353	-0.1176470588235294	8.576470588235296	116.06588235294116	9	10	17	9	10	17
5ies	H	ISGSYSFDY	NPNSGG	GYTFTGY	0.0	0.0	0.0	0.0	0.0	0.0	0.0	2.0	0.0	0.0	0.0	0.0	0.0	1.0	0.0	0.0	2.0	0.0	2.0	0.0	0.0	0.0	2.0	0.0	0.0	0.0	0.0	2.0	0.0	0.0	0.0	0.0	0.0	0.0	1.0	1.0	0.0	0.0	0.0	0.0	0.0	0.0	0.0	1.0	0.0	0.0	0.0	1.0	0.0	1.0	0.0	0.0	0.0	1.0	0.0	3.0	0.0	0.0	2.0	0.0	-0.2857142857142857	0.0	7.542857142857143	117.98	-1.7	0.0	9.733333333333333	93.75333333333332	-0.1777777777777778	-0.1111111111111111	8.044444444444444	115.34222222222222	7	6	9	7	6	9
7o52	H	EVTGDLEDAFDI	YYRSKWY	GDSVSSNSA	1.0	0.0	1.0	1.0	0.0	0.0	0.0	1.0	0.0	0.0	0.0	0.0	0.0	0.0	0.0	4.0	0.0	0.0	0.0	1.0	0.0	1.0	0.0	0.0	0.0	0.0	0.0	0.0	0.0	0.0	0.0	1.0	0.0	0.0	0.0	1.0	0.0	1.0	3.0	0.0	1.0	0.0	0.0	3.0	0.0	0.0	2.0	1.0	0.0	1.0	1.0	0.0	0.0	1.0	0.0	0.0	1.0	0.0	0.0	1.0	-0.5111111111111111	-0.1111111111111111	9.377777777777776	91.42	-2.0	0.2857142857142857	7.857142857142857	149.60142857142858	-0.125	-0.4166666666666667	9.208333333333334	110.28166666666668	9	7	12	9	7	12
7daa	H	YYAGSDI	YASGS	GFSLSDY	0.0	0.0	0.0	1.0	0.0	0.0	0.0	1.0	0.0	0.0	1.0	0.0	0.0	1.0	0.0	2.0	0.0	0.0	1.0	0.0	1.0	0.0	0.0	0.0	0.0	0.0	0.0	1.0	0.0	0.0	0.0	0.0	0.0	0.0	0.0	2.0	0.0	0.0	1.0	0.0	1.0	0.0	0.0	1.0	0.0	0.0	0.0	1.0	0.0	1.0	0.0	0.0	0.0	0.0	0.0	1.0	0.0	0.0	2.0	0.0	-0.0285714285714286	-0.1428571428571428	8.1	112.5457142857143	-0.3	0.0	8.34	96.694	-0.1428571428571428	-0.1428571428571428	8.128571428571428	112.5457142857143	7	5	7	7	5	7
6u6u	H	VFYGEPYFPY	NPGNVR	GYSFTSS	0.0	0.0	0.0	0.0	0.0	0.0	0.0	1.0	0.0	0.0	0.0	0.0	0.0	1.0	0.0	3.0	1.0	0.0	1.0	0.0	0.0	1.0	2.0	0.0	0.0	0.0	0.0	1.0	0.0	0.0	0.0	0.0	0.0	0.0	1.0	0.0	0.0	0.0	0.0	1.0	0.0	0.0	0.0	0.0	0.0	0.0	1.0	1.0	0.0	0.0	0.0	0.0	0.0	2.0	2.0	0.0	0.0	0.0	3.0	1.0	-0.2857142857142857	0.0	8.085714285714285	106.82285714285716	-1.55	0.1666666666666666	9.433333333333334	109.285	-0.12	-0.1	7.220000000000001	128.144	7	6	10	7	6	10
5bvp	H	DLRTGPFDY	WYDGDN	GFTFSVY	0.0	0.0	0.0	0.0	0.0	0.0	0.0	1.0	0.0	0.0	0.0	0.0	0.0	2.0	0.0	1.0	1.0	0.0	1.0	1.0	0.0	0.0	1.0	2.0	0.0	0.0	0.0	1.0	0.0	0.0	0.0	0.0	0.0	0.0	0.0	0.0	0.0	1.0	1.0	0.0	0.0	1.0	0.0	2.0	0.0	0.0	0.0	1.0	0.0	0.0	1.0	0.0	0.0	1.0	1.0	0.0	1.0	0.0	1.0	0.0	0.9428571428571428	0.0	7.042857142857143	117.13	-2.183333333333333	-0.3333333333333333	9.7	128.1233333333333	-0.9888888888888888	-0.1111111111111111	8.711111111111112	120.35222222222222	7	6	9	7	6	9
1adq	H	TRSYVVAAEYYFHY	SWNTGT	GFTFDDY	0.0	0.0	0.0	2.0	0.0	0.0	0.0	1.0	0.0	0.0	0.0	0.0	0.0	2.0	0.0	0.0	1.0	0.0	1.0	0.0	0.0	0.0	1.0	0.0	0.0	0.0	0.0	1.0	0.0	0.0	0.0	0.0	0.0	0.0	0.0	1.0	2.0	1.0	0.0	0.0	2.0	1.0	0.0	0.0	0.0	0.0	1.0	0.0	1.0	0.0	0.0	0.0	0.0	1.0	0.0	1.0	1.0	0.0	4.0	2.0	-0.5428571428571429	-0.2857142857142857	8.6	123.41142857142856	-1.1666666666666667	0.0	8.733333333333333	110.78	-0.2214285714285714	0.0714285714285714	7.785714285714286	125.06857142857145	7	6	14	7	6	14
7rp2	H	GSSSWYDLGPFDY	YHSGS	GGSISSSN	0.0	0.0	1.0	0.0	0.0	0.0	0.0	2.0	0.0	1.0	0.0	0.0	0.0	0.0	0.0	4.0	0.0	0.0	0.0	0.0	0.0	0.0	0.0	0.0	0.0	0.0	0.0	1.0	1.0	0.0	0.0	0.0	0.0	0.0	0.0	2.0	0.0	0.0	1.0	0.0	0.0	0.0	0.0	2.0	0.0	0.0	0.0	2.0	0.0	0.0	1.0	0.0	0.0	1.0	1.0	3.0	0.0	1.0	2.0	0.0	-0.375	0.0	8.95	90.71125	-1.3	0.2	8.8	109.906	-0.6692307692307693	-0.1538461538461538	8.26923076923077	116.27384615384616	8	5	13	8	5	13
7duo	H	DKILWFGEPVFDY	SGSGGG	GFTFNSF	0.0	0.0	1.0	0.0	0.0	0.0	0.0	1.0	0.0	0.0	0.0	0.0	0.0	3.0	0.0	1.0	1.0	0.0	0.0	0.0	0.0	0.0	0.0	0.0	0.0	0.0	0.0	4.0	0.0	0.0	0.0	0.0	0.0	0.0	0.0	2.0	0.0	0.0	0.0	0.0	0.0	0.0	0.0	2.0	0.0	0.0	1.0	1.0	0.0	1.0	1.0	1.0	0.0	2.0	1.0	0.0	0.0	1.0	1.0	1.0	0.4285714285714285	0.0	7.714285714285714	116.98428571428572	-0.5333333333333333	0.0	9.066666666666666	79.06	-0.0384615384615385	-0.1538461538461538	8.046153846153846	125.2969230769231	7	6	13	7	6	13
6u38	H	ERYGYYFDY	DPGSGG	GYTFSSY	0.0	0.0	0.0	0.0	0.0	0.0	0.0	1.0	0.0	0.0	0.0	0.0	0.0	1.0	0.0	2.0	1.0	0.0	2.0	0.0	0.0	0.0	0.0	1.0	0.0	0.0	0.0	3.0	0.0	0.0	0.0	0.0	0.0	0.0	1.0	1.0	0.0	0.0	0.0	0.0	0.0	1.0	0.0	1.0	0.0	0.0	1.0	1.0	0.0	0.0	0.0	0.0	0.0	1.0	0.0	0.0	0.0	0.0	4.0	0.0	-0.3571428571428572	0.0	7.6571428571428575	117.69428571428573	-1.1833333333333331	-0.1666666666666666	9.533333333333331	87.40666666666668	-1.588888888888889	-0.1111111111111111	8.31111111111111	141.70555555555558	7	6	9	7	6	9
2qql	H	EDFRNRRRLWYVMDY	YPDSGY	GFTISGY	0.0	0.0	0.0	0.0	0.0	0.0	0.0	2.0	0.0	1.0	0.0	0.0	0.0	1.0	0.0	1.0	1.0	0.0	1.0	0.0	0.0	0.0	0.0	1.0	0.0	0.0	0.0	1.0	0.0	0.0	0.0	0.0	0.0	0.0	1.0	1.0	0.0	0.0	2.0	0.0	0.0	4.0	1.0	2.0	0.0	0.0	1.0	0.0	0.0	0.0	1.0	0.0	1.0	1.0	0.0	0.0	0.0	1.0	2.0	1.0	0.5285714285714286	0.0	7.485714285714286	108.83	-1.4833333333333334	-0.1666666666666666	8.6	116.78333333333336	-1.52	0.0666666666666666	8.76	140.09466666666668	7	6	15	7	6	15
7f9w	B	ERGDYSNFWYFDL	IPIFGV	GGTFSSD	0.0	0.0	0.0	1.0	0.0	0.0	0.0	2.0	0.0	0.0	0.0	0.0	0.0	1.0	0.0	2.0	1.0	0.0	0.0	0.0	0.0	0.0	0.0	0.0	0.0	0.0	0.0	1.0	0.0	2.0	0.0	0.0	0.0	1.0	1.0	0.0	0.0	0.0	0.0	1.0	0.0	1.0	1.0	2.0	0.0	0.0	1.0	1.0	0.0	0.0	1.0	0.0	0.0	2.0	0.0	1.0	0.0	1.0	2.0	0.0	-0.5428571428571429	-0.1428571428571428	9.028571428571428	98.23428571428572	2.3333333333333335	0.0	6.416666666666667	107.46666666666664	-1.0615384615384615	-0.1538461538461538	8.592307692307692	131.67923076923077	7	6	13	7	6	13
5d70	H	GFGTDF	SYSGSE	GFTFSSY	0.0	0.0	0.0	0.0	0.0	0.0	0.0	1.0	0.0	0.0	0.0	0.0	0.0	2.0	0.0	2.0	1.0	0.0	1.0	0.0	0.0	0.0	0.0	0.0	0.0	0.0	1.0	1.0	0.0	0.0	0.0	0.0	0.0	0.0	0.0	3.0	0.0	0.0	1.0	0.0	0.0	0.0	0.0	1.0	0.0	0.0	0.0	2.0	0.0	0.0	0.0	0.0	0.0	2.0	0.0	0.0	1.0	0.0	0.0	0.0	0.2285714285714285	0.0	7.514285714285714	115.40857142857143	-1.2666666666666668	-0.1666666666666666	9.183333333333334	104.765	0.0999999999999999	-0.1666666666666666	8.333333333333334	110.11	7	6	6	7	6	6
5o4g	B	PPVYYDSAWFAY	YPGSGY	GYTFTAY	1.0	0.0	0.0	0.0	0.0	0.0	0.0	1.0	0.0	0.0	0.0	0.0	0.0	1.0	0.0	0.0	2.0	0.0	2.0	0.0	0.0	0.0	0.0	0.0	0.0	0.0	0.0	2.0	0.0	0.0	0.0	0.0	0.0	0.0	1.0	1.0	0.0	0.0	2.0	0.0	2.0	0.0	0.0	1.0	0.0	0.0	0.0	0.0	0.0	0.0	0.0	0.0	0.0	1.0	2.0	1.0	0.0	1.0	3.0	1.0	0.0285714285714285	0.0	7.414285714285714	117.41285714285712	-0.9666666666666668	0.0	7.933333333333334	110.11	-0.1416666666666667	-0.0833333333333333	7.458333333333333	121.72	7	6	12	7	6	12
4od2	B	ILGAGRGWYFDY	NWQGGS	GFTFDDY	0.0	0.0	0.0	2.0	0.0	0.0	0.0	1.0	0.0	0.0	0.0	0.0	0.0	2.0	0.0	0.0	1.0	0.0	1.0	0.0	0.0	0.0	1.0	0.0	0.0	1.0	0.0	2.0	0.0	0.0	0.0	0.0	0.0	0.0	0.0	1.0	0.0	1.0	0.0	0.0	1.0	1.0	0.0	1.0	0.0	0.0	0.0	3.0	0.0	1.0	1.0	0.0	0.0	1.0	0.0	0.0	0.0	1.0	2.0	0.0	-0.5428571428571429	-0.2857142857142857	8.6	123.41142857142856	-1.5833333333333333	0.0	9.116666666666667	110.94	0.0166666666666666	0.0	7.641666666666667	121.1325	7	6	12	7	6	12
7rp3	H	GSSSWYDLGPFDY	YHSGS	GGSISSSN	0.0	0.0	1.0	0.0	0.0	0.0	0.0	2.0	0.0	1.0	0.0	0.0	0.0	0.0	0.0	4.0	0.0	0.0	0.0	0.0	0.0	0.0	0.0	0.0	0.0	0.0	0.0	1.0	1.0	0.0	0.0	0.0	0.0	0.0	0.0	2.0	0.0	0.0	1.0	0.0	0.0	0.0	0.0	2.0	0.0	0.0	0.0	2.0	0.0	0.0	1.0	0.0	0.0	1.0	1.0	3.0	0.0	1.0	2.0	0.0	-0.375	0.0	8.95	90.71125	-1.3	0.2	8.8	109.906	-0.6692307692307693	-0.1538461538461538	8.26923076923077	116.27384615384616	8	5	13	8	5	13
3q1s	H	VAIGVSGFLNYYYYMDV	IYGGT	GGSMINY	0.0	0.0	1.0	0.0	0.0	0.0	0.0	2.0	0.0	1.0	0.0	0.0	1.0	0.0	0.0	1.0	0.0	0.0	1.0	0.0	0.0	0.0	0.0	0.0	0.0	0.0	0.0	2.0	0.0	1.0	0.0	0.0	0.0	0.0	0.0	0.0	1.0	0.0	1.0	0.0	1.0	0.0	1.0	1.0	0.0	0.0	0.0	2.0	0.0	1.0	1.0	0.0	1.0	1.0	0.0	1.0	0.0	0.0	4.0	3.0	-3.1720657846433036e-17	0.0	7.985714285714286	108.4042857142857	0.3399999999999999	0.0	7.6	105.51	0.7999999999999999	-0.0588235294117647	7.258823529411765	117.19235294117648	7	5	17	7	5	17
4zfg	H	FVFFLPYAMDY	TPAGGY	GFTISDY	0.0	0.0	0.0	1.0	0.0	0.0	0.0	1.0	0.0	1.0	0.0	0.0	0.0	1.0	0.0	1.0	1.0	0.0	1.0	0.0	1.0	0.0	0.0	0.0	0.0	0.0	0.0	2.0	0.0	0.0	0.0	0.0	0.0	0.0	1.0	0.0	1.0	0.0	1.0	0.0	1.0	0.0	0.0	1.0	0.0	0.0	0.0	0.0	0.0	0.0	1.0	0.0	1.0	3.0	1.0	0.0	0.0	0.0	2.0	1.0	0.0857142857142856	-0.1428571428571428	8.057142857142857	114.55	-0.4333333333333333	0.0	8.15	97.09833333333334	1.1272727272727272	-0.0909090909090909	6.6909090909090905	126.78909090909092	7	6	11	7	6	11
4ps4	H	LGSDYDVWFDY	WWDDV	GFSLSTYGV	0.0	0.0	0.0	0.0	0.0	0.0	0.0	2.0	0.0	0.0	1.0	0.0	0.0	1.0	0.0	2.0	1.0	0.0	1.0	1.0	0.0	0.0	0.0	2.0	0.0	0.0	0.0	0.0	0.0	0.0	0.0	0.0	0.0	0.0	0.0	0.0	0.0	2.0	0.0	1.0	0.0	0.0	0.0	3.0	0.0	0.0	0.0	1.0	0.0	0.0	1.0	0.0	0.0	1.0	0.0	1.0	0.0	1.0	2.0	1.0	0.711111111111111	0.0	7.466666666666667	105.33555555555556	-0.92	-0.4	8.540000000000001	140.35	-0.4	-0.2727272727272727	8.272727272727273	125.40454545454546	9	5	11	9	5	11
